payment_sk,paid_date_sk,customer_sk,channel_sk,store_sk,bill_addr_sk,amount,status,method,transaction_ref
1,332,356,1,,1914,63636.0,PAID,CARD,TX-1HW3GM7Q6LFJ
2,,601,1,,2807,78146.4,PENDING,GATEWAY,
3,425,1234,1,,130,32064.6,PAID,CARD,TX-8PBOWVHD7B4I
4,427,156,1,,2669,30855.0,PAID,CARD,TX-SQ97NPWQ6YK8
5,92,616,2,4,297,53451.75,PAID,CARD,TX-F7761XS1CXDC
6,73,614,2,2,727,29040.0,PAID,CASH,TX-RNWJHS1F8G0Y
7,564,188,1,,436,18442.5,REFUNDED,CARD,TX-X2AJGZ36N3FR
8,319,17,1,,,17535.0,PAID,CARD,TX-ZRHVYPGQTDRK
9,238,1148,1,,1022,109011.0,PAID,CARD,TX-CHL80ZD8IP5O
10,91,1037,1,,101,16718.25,PAID,GATEWAY,TX-J2VP8C6ROCZQ
11,74,1336,2,1,,17787.0,REFUNDED,TRANSFER,TX-1UN1COQAVK65
12,534,1239,2,4,1163,41309.4,PAID,CASH,TX-U5CXUHGK42O6
13,225,1426,2,3,2393,42688.8,PAID,CARD,TX-GS664FN80M9E
14,448,862,2,1,346,123283.88,PAID,CASH,TX-BZOPSO6JPRZD
15,598,181,1,,1242,15129.6,PAID,CARD,TX-AD0J2NGELHNC
16,,700,1,,2272,29659.2,FAILED,CARD,
17,607,475,1,,589,28642.8,PAID,GATEWAY,TX-Y2BIADVO9F18
18,417,753,2,2,2056,80912.7,PAID,CARD,TX-O7MTCOYJ61AJ
19,,1151,1,,1716,100107.9,FAILED,GATEWAY,
20,479,793,1,,1527,46023.24,PAID,CARD,TX-EMS8E80975XQ
21,127,866,1,,2937,59895.0,PAID,CARD,TX-EZKXQ80I4527
22,634,1110,1,,2250,29659.2,PAID,CARD,TX-BE5NW8R3MU50
23,93,854,2,1,1466,29040.0,REFUNDED,TRANSFER,TX-I1Q2G15R83Y7
24,555,379,2,3,2102,82764.0,PAID,CASH,TX-3TFFR8COO0FP
25,428,441,2,2,532,14229.6,PAID,CARD,TX-91AAY0A1V9Q3
26,605,125,1,,1985,86005.88,PAID,CARD,TX-SVYYRKPOYWM4
27,350,1201,1,,3168,17535.0,PAID,CARD,TX-9O9IH4O8JG78
28,337,1055,1,,2325,28488.0,PAID,CARD,TX-C245O7O7GRI9
29,139,382,1,,342,14520.0,PAID,CARD,TX-J6HQJG5HEW5S
30,623,1456,1,,414,79235.4,PAID,CARD,TX-DRZ2QYPBHF3H
31,528,1377,2,4,2585,41382.0,PAID,CARD,TX-13PMNCYBLOP6
32,499,1375,2,4,928,28459.2,PAID,CASH,TX-PFV0D0IML4NF
33,441,821,1,,2185,33870.0,PAID,CARD,TX-UM2KN2XHQSHB
34,160,1475,2,4,2316,17787.0,PAID,CASH,TX-PO2UBATPZ00H
35,324,634,2,2,1160,103318.88,PAID,CASH,TX-922WAHDO61XN
36,13,585,2,1,2440,26136.0,PAID,CARD,TX-Y8T15028LSUX
37,270,180,1,,3142,61158.0,PAID,CARD,TX-WSO0CISUVYK2
38,27,482,1,,1548,31082.16,PAID,CARD,TX-VCRJJP6E0CCG
39,33,620,2,1,307,14229.6,PAID,CARD,TX-DIL01AV2R2A9
40,144,603,2,1,3134,71583.6,PAID,CARD,TX-GO2N5MUY0V3U
41,,1028,1,,2288,14994.0,FAILED,CARD,
42,15,1005,2,3,,29657.1,PAID,CASH,TX-B543BB9H5C7R
43,272,790,1,,742,13914.6,PAID,GATEWAY,TX-X79V37PRDDTB
44,143,665,1,,2230,48816.0,PAID,CARD,TX-3MPXSV4DAUND
45,614,562,1,,,90435.0,PAID,GATEWAY,TX-4JUJUM3AY4L6
46,34,998,1,,2030,44460.0,PAID,GATEWAY,TX-6G4YWKOODVMB
47,15,276,1,,,39930.0,PAID,CARD,TX-OAGVE3OT79YR
48,68,1469,2,2,,13068.0,PAID,CASH,TX-AL44LOCGN4MF
49,,408,2,2,2369,28459.2,PENDING,CARD,
50,226,1360,2,2,178,49005.0,PAID,TRANSFER,TX-66ID36XC53T2
51,207,1423,1,,1107,35685.0,PAID,GATEWAY,TX-7PTIHWUY0CDA
52,262,741,1,,1344,38252.7,PAID,CARD,TX-F093FL0ELLCQ
53,311,969,1,,,85377.6,PAID,CARD,TX-LC4H6TVD1ZOD
54,,729,1,,2599,33570.0,FAILED,CARD,
55,78,251,2,4,2469,14941.08,PAID,CASH,TX-BABHWIKVNZZ3
56,571,1087,2,1,2309,51727.5,PAID,CARD,TX-RJQ9HE6VB7HF
57,471,659,1,,2450,87140.25,PAID,CARD,TX-0RAAOO91OA8N
58,420,338,2,4,630,34394.25,PAID,CASH,TX-UXBOXO5T9DHX
59,,1068,1,,3,53953.5,FAILED,CARD,
60,185,958,1,,1977,77682.0,PAID,CARD,TX-7033ZUJCIUHD
61,,428,2,4,337,35283.6,FAILED,CARD,
62,428,1337,1,,298,15720.0,PAID,CARD,TX-5BCIDL8LGH8R
63,359,1442,2,3,696,54450.0,PAID,TRANSFER,TX-T7NWUQIQ9VOB
64,153,939,1,,3172,46323.24,PAID,GATEWAY,TX-D4XNYWF5QEYL
65,432,1409,1,,3175,19168.5,PAID,GATEWAY,TX-N8533KHZH4J5
66,262,1062,1,,2637,43888.8,PAID,GATEWAY,TX-JPJLBWJ1IRVA
67,,988,1,,1191,43888.8,FAILED,GATEWAY,
68,468,778,1,,1602,18687.0,REFUNDED,GATEWAY,TX-MZNG9JBD25OS
69,339,77,1,,1747,102166.35,PAID,CARD,TX-PRTYVEKSVQUQ
70,166,700,1,,1472,53361.0,PAID,CARD,TX-4QPQRW6T77VI
71,575,425,1,,2747,15420.0,PAID,CARD,TX-4N53JR8S1YKT
72,206,1271,2,3,1522,14229.6,PAID,CARD,TX-222J0CRS0SJJ
73,35,1129,1,,2125,17018.25,PAID,GATEWAY,TX-P43FW2ENH6BE
74,344,1224,1,,485,19576.35,PAID,CARD,TX-HU7AKHXTZ1YN
75,349,446,1,,3072,69071.4,PAID,CARD,TX-TR4GSE74V5DM
76,449,867,1,,1944,36474.0,PAID,CARD,TX-SK0540SEJOKI
77,62,127,1,,423,29659.2,PAID,CARD,TX-N5EHQ403IVWA
78,341,874,2,1,208,28459.2,PAID,CASH,TX-MBGQQW2NEF1F
79,378,814,1,,374,49186.5,PAID,CARD,TX-IKM85NPGE98X
80,627,1189,1,,2306,40404.0,PAID,GATEWAY,TX-UIU52W85YPS8
81,316,584,1,,2170,18687.0,PAID,CARD,TX-X6TWS79CTHK8
82,399,1433,1,,2160,64788.0,PAID,CARD,TX-1VPIVXSYTP4J
83,630,670,1,,2091,42582.0,PAID,CARD,TX-472J8NP9S8E9
84,44,464,1,,2869,47301.0,REFUNDED,GATEWAY,TX-SBJLVY6L1XXX
85,332,535,1,,,19050.0,PAID,GATEWAY,TX-GJJBKDYPJZ5E
86,427,655,1,,2539,16441.08,PAID,GATEWAY,TX-4YYBKHTAB92W
87,598,833,1,,855,14268.0,PAID,GATEWAY,TX-H6SGL5WR6ZEB
88,,490,1,,1319,14994.0,FAILED,CARD,
89,34,360,1,,104,69144.0,PAID,GATEWAY,TX-YO60F0EA8647
90,537,1227,1,,2146,18442.5,PAID,CARD,TX-JKULC5L36UG4
91,29,624,1,,2890,45458.25,PAID,CARD,TX-IO1AR1ZGZBUT
92,50,228,1,,1743,110342.92,PAID,GATEWAY,TX-NDNQBVR081I1
93,167,770,1,,530,37200.0,PAID,GATEWAY,TX-7539MH4QX495
94,320,54,2,2,2329,102456.75,PAID,CASH,TX-V4AUXB59ROGA
95,364,1006,2,4,2237,90387.0,PAID,CASH,TX-LBRHLVO2Y93F
96,635,247,1,,1236,59897.1,PAID,GATEWAY,TX-MBMP050ORNEE
97,510,1127,2,3,1319,42688.8,PAID,CASH,TX-14WCNJXENRUU
98,166,757,2,2,2453,18676.35,PAID,CASH,TX-TS02NI4GYBVJ
99,383,520,1,,3135,44351.1,PAID,CARD,TX-2EHPQP6AIXY3
100,59,258,1,,1515,14520.0,PAID,CARD,TX-6QBJB2NZNX9G
101,,467,1,,1636,28909.08,FAILED,CARD,
102,91,3,1,,2640,44460.0,PAID,GATEWAY,TX-N8LT25CDZBGQ
103,325,334,1,,2620,43888.8,PAID,CARD,TX-UA4DQXIN6727
104,,802,2,3,553,37243.8,PENDING,CASH,
105,84,999,1,,255,37500.0,REFUNDED,CARD,TX-GYPM2FM72C6Z
106,133,176,1,,462,27336.0,PAID,CARD,TX-HSNZ6UUKGLAE
107,407,801,1,,607,19050.0,PAID,GATEWAY,TX-886LJXE6L2ZU
108,143,1113,1,,751,42064.2,PAID,CARD,TX-W9F9L785FTPB
109,551,810,2,4,,56029.05,PAID,CASH,TX-QM24BIHB24AY
110,115,581,2,4,704,39930.0,PAID,CARD,TX-18ZITZHX2G7U
111,,1284,2,2,3026,82364.7,FAILED,TRANSFER,
112,356,1333,1,,2902,19876.35,PAID,GATEWAY,TX-LLQCAQ4XRN0T
113,427,24,2,2,806,92891.7,PAID,CASH,TX-MH4GBLCKUHYD
114,,1222,2,1,1895,15652.56,FAILED,CARD,
115,263,63,2,1,2180,11761.2,PAID,TRANSFER,TX-42Q8BZ53GWTF
116,50,1078,1,,2864,27636.0,REFUNDED,CARD,TX-PLUI46HDV8I9
117,186,1091,1,,2787,49116.0,PAID,CARD,TX-FCJTQEJPPTTX
118,386,524,1,,3173,30240.0,PAID,CARD,TX-AKHIN8QKBR9F
119,596,1229,1,,1458,47857.68,PAID,CARD,TX-5HRXEHTTUWX2
120,563,458,2,4,2845,17787.0,PAID,CARD,TX-IWD52SW6D9WI
121,112,68,1,,1466,14229.6,PAID,CARD,TX-ILPQFBQW1HUK
122,355,959,2,4,2706,45520.2,PAID,TRANSFER,TX-921BB2YAJ1WR
123,608,356,2,1,3167,43560.0,PAID,CASH,TX-89TOCP8FP1K8
124,,530,1,,1284,18987.0,FAILED,CARD,
125,37,1420,1,,1268,67367.64,PAID,GATEWAY,TX-1XC2I92PV07U
126,193,279,2,3,954,62073.0,PAID,TRANSFER,TX-CII1J0F53QB3
127,164,779,2,3,206,18150.0,PAID,CASH,TX-E46XAAD0XH2M
128,60,1383,1,,3141,69988.5,PAID,CARD,TX-3DYYWZL0OZT4
129,,1189,1,,885,101470.2,FAILED,CARD,
130,629,1016,1,,1995,76858.8,PAID,CARD,TX-RRK6UJVBP3BA
131,509,595,2,3,164,14701.5,PAID,CASH,TX-J90VB1C4W9I4
132,25,902,2,4,2020,47916.0,PAID,CASH,TX-Y1HNXIYYVIWS
133,210,317,1,,2601,33216.6,PAID,CARD,TX-M2V0MW405G00
134,168,1229,2,2,,18150.0,PAID,TRANSFER,TX-Z1JB0OXDFNS8
135,8,279,2,3,63,75358.8,PAID,CASH,TX-98P7PRJHHZH1
136,153,1498,2,4,2609,39930.0,PAID,CASH,TX-1CGWJ9S8U287
137,388,140,1,,2026,34485.0,PAID,CARD,TX-BW4Q46DERG87
138,323,1115,1,,462,14229.6,PAID,GATEWAY,TX-V1KGVXLOBICL
139,6,1240,1,,1477,42882.0,PAID,CARD,TX-PXS2LYM9VUDM
140,99,590,1,,1328,17535.0,PAID,CARD,TX-6FRNX7VHUKP5
141,417,645,2,3,1878,16008.3,PAID,CASH,TX-KDQIUT6HRCFU
142,338,545,2,1,2477,14374.8,REFUNDED,TRANSFER,TX-TJABWHM24N2G
143,543,1208,1,,3064,62854.26,REFUNDED,CARD,TX-ATMX5MVNFKMN
144,160,551,2,1,1113,80586.0,PAID,CARD,TX-523ARBBR7DKI
145,,569,2,1,214,35937.0,FAILED,CARD,
146,568,1305,1,,,37800.0,PAID,GATEWAY,TX-30JNSPSKTRCG
147,126,280,1,,194,100951.88,PAID,CARD,TX-XAZ8J2P7RN3J
148,343,1338,1,,,72701.4,PAID,CARD,TX-AY74FPLLGRCU
149,541,84,1,,592,43888.8,PAID,CARD,TX-FO8HBF5JCDZ9
150,389,655,1,,81,17235.0,PAID,GATEWAY,TX-Q8HCQUTXQ7XL
151,517,513,2,4,3049,39131.4,PAID,CARD,TX-16PJPVWP8VO5
152,108,884,2,3,849,42688.8,PAID,CARD,TX-D5E93RC1Y9LZ
153,9,385,2,2,1553,11761.2,PAID,CARD,TX-60N330PGBOPH
154,,723,2,2,752,13068.0,FAILED,CARD,
155,184,110,2,1,2113,51455.25,PAID,CASH,TX-C5TG8BKA8V0I
156,43,1197,1,,2708,15420.0,PAID,CARD,TX-QDUILY7E5RXR
157,303,833,2,2,1194,51727.5,PAID,CASH,TX-38M7D53IIBFW
158,,371,2,3,1185,71692.5,FAILED,TRANSFER,
159,116,905,2,1,1807,36300.0,PAID,CARD,TX-2D7GG3Z4ZLDA
160,196,389,1,,3180,16141.08,PAID,CARD,TX-WQF78OSLQBW6
161,166,1299,2,4,,35574.0,PAID,TRANSFER,TX-OTEFX8XIJPHG
162,296,725,1,,,55350.0,PAID,GATEWAY,TX-ELH913SD09OY
163,579,645,2,4,161,27588.0,PAID,CARD,TX-8EDJM7W4HXIO
164,58,584,1,,984,27036.0,PAID,CARD,TX-FA2N1L9GFVND
165,420,436,1,,3083,77130.0,PAID,CARD,TX-YH73YULSS506
166,606,293,1,,2895,29959.2,PAID,GATEWAY,TX-RBYQGYIW59OD
167,576,1065,1,,,53744.25,PAID,GATEWAY,TX-D8WL2IKBUTZI
168,,1234,1,,1645,58172.85,FAILED,CARD,
169,,400,1,,2133,50205.0,FAILED,CARD,
170,191,251,1,,,14268.0,PAID,GATEWAY,TX-XQWOUYAADU90
171,89,764,2,4,,36300.0,PAID,TRANSFER,TX-6YQEF864BWX0
172,,1490,1,,2733,15429.6,PENDING,CARD,
173,128,181,1,,607,28488.0,PAID,GATEWAY,TX-0DQD29Q3T08A
174,535,693,1,,1849,39315.0,PAID,CARD,TX-ALLSSFK7QIRJ
175,252,672,2,2,2475,14229.6,PAID,TRANSFER,TX-7EGA4TIAD1CG
176,154,786,1,,1699,15420.0,PAID,GATEWAY,TX-4RCDBOT74U6U
177,424,1347,2,2,1260,17968.5,PAID,CASH,TX-RZQOC4EU0DBF
178,330,628,1,,,16718.25,PAID,CARD,TX-8KSFQE50C7WX
179,490,1485,2,2,3036,16335.0,PAID,CARD,TX-UOPZ2LNTJYIU
180,591,805,1,,1866,88746.0,PAID,GATEWAY,TX-3467WCDPI2EY
181,143,445,1,,2685,31692.0,PAID,GATEWAY,TX-JKFCQJUKURK1
182,318,560,1,,2249,29359.2,PAID,CARD,TX-XWTR1UEIAQ3J
183,254,403,1,,1525,31546.8,PAID,GATEWAY,TX-7L09W7WAP0O0
184,302,693,2,1,1838,32670.0,PAID,TRANSFER,TX-A0GOAJB6RU3T
185,499,274,2,2,2613,16335.0,PAID,CASH,TX-W1W31Q5F7XKK
186,202,804,1,,600,73611.24,PAID,CARD,TX-QLQP66ZVGIMR
187,213,1495,1,,2585,14694.0,PAID,GATEWAY,TX-T1WW8PAWHLQ7
188,411,48,2,1,2002,39204.0,REFUNDED,CARD,TX-LNM2XQQ0VBQ6
189,603,661,2,3,2869,32670.0,PAID,CARD,TX-CGL3TKQVXCRL
190,125,984,1,,3020,45723.24,PAID,GATEWAY,TX-RYV7WF3XMBAU
191,158,1384,1,,1811,14229.6,PAID,CARD,TX-ACMA2H5CSRRQ
192,,788,1,,1179,106896.24,FAILED,CARD,
193,70,456,2,2,1133,14520.0,PAID,CASH,TX-R97RQQIO1QLM
194,46,427,1,,,40404.0,PAID,CARD,TX-FWUNIBW1GIX5
195,624,866,1,,913,54450.0,PAID,GATEWAY,TX-UI9XQ56QBUBU
196,426,371,1,,352,56666.4,PAID,CARD,TX-L3XKKJLIVBCN
197,595,1000,1,,1481,37500.0,PAID,GATEWAY,TX-R18606ZCYXQ6
198,101,1404,1,,2536,14268.0,PAID,GATEWAY,TX-511R6MDMB6O7
199,34,1159,1,,,36183.6,PAID,CARD,TX-HVOGE67SNVCE
200,445,1040,1,,,59280.0,PAID,GATEWAY,TX-GMUCJI7EKVZA
201,271,464,1,,2887,27036.0,PAID,GATEWAY,TX-FVLC254ZH0QA
202,322,166,1,,1631,50749.5,REFUNDED,GATEWAY,TX-UHXXCDXF1Q2B
203,454,1056,2,3,1262,43560.0,PAID,CARD,TX-9BINMYXDHZ0E
204,323,925,2,3,2299,39204.0,PAID,CARD,TX-QCZ1LK4KTCM2
205,,488,1,,678,50205.0,FAILED,GATEWAY,
206,275,903,1,,459,17787.0,PAID,CARD,TX-ZU368UUJ2G43
207,575,70,1,,1448,29659.2,PAID,CARD,TX-811NAE2DWBNU
208,495,1459,1,,,15841.08,PAID,GATEWAY,TX-FAXI1S9NPAXU
209,470,500,2,2,1838,53905.5,PAID,CASH,TX-XR8ZBM8PE4L9
210,460,361,1,,370,31692.0,PAID,CARD,TX-ADKEL21AA6Y8
211,446,476,1,,683,17835.0,PAID,CARD,TX-FHAK7TJ2GWD8
212,567,1400,2,1,1780,80803.8,REFUNDED,CASH,TX-4S764623AHW9
213,416,945,1,,106,15129.6,PAID,CARD,TX-W53ZG1IGAE7U
214,109,1443,1,,1390,20557.5,PAID,GATEWAY,TX-LPBS1GYAPNRR
215,204,1430,1,,2114,28342.8,PAID,GATEWAY,TX-T9LZX8UBES81
216,32,1330,1,,613,62628.15,PAID,CARD,TX-L8B7K0MHIHTF
217,498,274,1,,3105,19866.75,PAID,GATEWAY,TX-1ZY6N78JP289
218,98,1251,2,2,455,72554.62,PAID,CARD,TX-GIU5DSJNCTFT
219,189,176,1,,299,39750.6,PAID,CARD,TX-U18MD3SZXDF0
220,164,42,2,2,1205,54450.0,PAID,CASH,TX-4KBQ08F1IH6L
221,630,582,1,,1139,14694.0,PAID,CARD,TX-IDZYNING1FJ4
222,493,4,2,1,73,28459.2,PAID,CARD,TX-GOAPADJXH3W6
223,244,569,2,2,2286,26136.0,PAID,CARD,TX-4FCM56J61UM0
224,359,157,2,1,708,27442.8,PAID,CASH,TX-9W04PDTIIHE1
225,448,649,1,,230,50205.0,PAID,CARD,TX-SYTMXBV9MDPO
226,585,1230,1,,55,41164.2,PAID,CARD,TX-32II8K179YIX
227,200,197,1,,3115,36483.6,PAID,CARD,TX-7SRDV4EEHRDW
228,202,731,1,,1940,43888.8,PAID,GATEWAY,TX-O8PHNCK5QDAD
229,455,506,1,,2901,43588.8,PAID,CARD,TX-KUBXDHQCLJXC
230,,751,2,2,3016,16335.0,FAILED,CARD,
231,365,485,1,,201,40104.0,PAID,GATEWAY,TX-YX4B18B9QCL3
232,162,823,1,,2287,58072.5,PAID,GATEWAY,TX-PX6B4626S2QQ
233,419,680,1,,2906,45892.56,PAID,GATEWAY,TX-FRUXTNXJ8UWO
234,327,417,1,,531,19050.0,PAID,CARD,TX-Z4JKA0J2NBI5
235,516,677,1,,1685,29659.2,PAID,CARD,TX-E47RHOW59Q7S
236,,1327,2,2,2411,26136.0,FAILED,CASH,
237,372,593,2,1,,29040.0,PAID,CASH,TX-QF1ADFQ90QPH
238,322,606,2,1,1048,43560.0,PAID,CASH,TX-WRZQE54PFMIC
239,449,137,2,2,2139,25613.28,PAID,CASH,TX-9S9BHWO6L2MX
240,52,487,1,,1298,63408.6,PAID,GATEWAY,TX-XL0GF8E59JMZ
241,296,909,1,,179,48090.0,REFUNDED,CARD,TX-9A8F8BOR2KEG
242,286,179,2,1,2962,71874.0,PAID,CASH,TX-QH1J5TAC9PFH
243,,183,1,,1611,46023.24,FAILED,GATEWAY,
244,527,536,1,,2922,19965.0,PAID,CARD,TX-CUJ1U5XI18T1
245,258,1341,2,1,,24829.2,PAID,CARD,TX-9T0Z6M9ZMXZX
246,495,378,2,1,,48823.5,REFUNDED,CASH,TX-6831FEZ0MSG1
247,,548,1,,476,74596.5,FAILED,GATEWAY,
248,337,757,1,,116,19576.35,PAID,GATEWAY,TX-HKUMCISYOXOM
249,302,522,2,4,2139,13068.0,PAID,TRANSFER,TX-RLOSALSUL8SN
250,112,1384,2,3,290,47916.0,PAID,CASH,TX-NWGXV38PFITC
251,268,473,1,,1994,52955.25,PAID,CARD,TX-32B62346A4RY
252,77,1316,2,3,1075,41382.0,PAID,CASH,TX-PXPQUBPX8JRW
253,62,1356,2,1,1674,53361.0,PAID,CASH,TX-2XQZ21XG77FL
254,482,266,1,,597,56018.16,REFUNDED,GATEWAY,TX-SMD7KL9INTUO
255,288,1359,2,2,1810,25613.28,PAID,TRANSFER,TX-YGMEXF9LO4ZZ
256,227,843,1,,1968,18687.0,PAID,GATEWAY,TX-5LZ2L2E9EU0G
257,275,599,1,,83,29659.2,PAID,GATEWAY,TX-ATXAB0G3YVOL
258,518,1048,2,1,723,70059.0,PAID,CARD,TX-5ZVOMXW3HB9E
259,364,319,1,,1480,35385.0,PAID,CARD,TX-YRH62E21TRBX
260,616,846,1,,661,32805.12,REFUNDED,GATEWAY,TX-3JF46DE7KIOS
261,348,1491,1,,3128,41130.0,PAID,CARD,TX-XKQN8OY7GNJZ
262,593,79,1,,1306,29040.0,PAID,CARD,TX-2BYNCS5834BK
263,325,748,1,,862,43588.8,PAID,CARD,TX-KVZBDGVVVVDK
264,367,537,1,,987,49905.0,PAID,CARD,TX-SGWN0MODP9NU
265,598,303,2,2,2401,69750.45,PAID,CARD,TX-M6XK7OX4ROYL
266,120,1065,1,,1988,64468.56,PAID,GATEWAY,TX-10MEATDUX63R
267,494,606,1,,2324,48325.95,PAID,GATEWAY,TX-SWCAHKTWI9B8
268,61,553,1,,1948,33870.0,PAID,CARD,TX-RZNNWXSS3SVY
269,,656,1,,1668,13794.0,FAILED,CARD,
270,,786,1,,54,83617.05,FAILED,CARD,
271,47,663,2,1,1839,14229.6,PAID,CASH,TX-LUUJ7KEX5DEV
272,44,833,1,,1046,87448.8,REFUNDED,CARD,TX-0EOARRWWS4FZ
273,301,844,1,,2889,33144.0,PAID,GATEWAY,TX-JNBZVFV991AC
274,62,720,1,,1437,43588.8,PAID,CARD,TX-ZV4TY9YKRZ1Y
275,272,169,2,1,2353,77064.9,PAID,CARD,TX-3G5SMQ5UFK8U
276,176,969,1,,95,27336.0,PAID,GATEWAY,TX-217PFTPYBOR9
277,514,268,2,4,2908,29040.0,PAID,CARD,TX-3TFMS12WBAKE
278,288,122,2,1,3023,50820.0,PAID,CARD,TX-DWW8DXAJXMB5
279,431,617,1,,164,27636.0,PAID,GATEWAY,TX-WLX04XSBY2OU
280,,608,1,,1523,54261.0,FAILED,GATEWAY,
281,204,732,2,1,1458,33033.0,PAID,CARD,TX-DPUSQC38SEOO
282,437,211,1,,600,54101.28,PAID,CARD,TX-NIFMPEOSO1F1
283,364,475,1,,432,24422.4,PAID,GATEWAY,TX-41Q6L4JDGJ8Y
284,570,949,1,,1549,16718.25,PAID,CARD,TX-70LGRPZRXEP4
285,70,426,2,2,2971,70785.0,PAID,CARD,TX-5MN6SC6XSGAF
286,,386,1,,1037,19350.0,FAILED,CARD,
287,195,500,1,,1798,37074.0,PAID,CARD,TX-4U41TQZ1VFUJ
288,535,677,2,1,1764,51727.5,PAID,CASH,TX-6ZHDQAIBHYHH
289,399,33,2,1,2085,14229.6,PAID,CASH,TX-5HTY6XNGDJ56
290,,194,1,,1296,90389.1,FAILED,CARD,
291,310,78,1,,3031,105354.3,PAID,GATEWAY,TX-71M8ECKC546R
292,294,102,1,,825,56900.25,PAID,GATEWAY,TX-9BYQ71UHA6F6
293,486,1072,2,4,2657,32270.7,PAID,CARD,TX-GUYG1JEV4IY4
294,600,754,1,,3164,27036.0,PAID,CARD,TX-0JPO94I4MWNA
295,,195,1,,46,44460.0,FAILED,CARD,
296,453,862,2,4,433,24829.2,REFUNDED,TRANSFER,TX-G4P93NYH90EN
297,182,240,2,2,491,18150.0,PAID,CASH,TX-E2KQ0B1VWNTV
298,591,682,2,1,761,53361.0,REFUNDED,CASH,TX-D2IGDXBZ392N
299,311,849,2,1,536,41382.0,PAID,CASH,TX-KXUNDMFZ5WW4
300,129,807,2,3,,43560.0,PAID,CARD,TX-D8L8DJ0EK3LN
301,324,901,1,,,54633.6,PAID,GATEWAY,TX-TR3GAE9DR5DB
302,128,61,1,,,29040.0,PAID,GATEWAY,TX-KEOC6P3FKE5H
303,,1082,1,,1246,69507.0,FAILED,GATEWAY,
304,79,1286,2,3,3149,39204.0,PAID,CARD,TX-KJG7DP5ULP2X
305,78,1416,1,,1586,119873.77,PAID,CARD,TX-TUYL0BU1IADY
306,471,979,1,,2941,31692.0,PAID,CARD,TX-B92HA6ELOUQX
307,122,800,1,,959,83671.5,PAID,CARD,TX-GRX6A990BSH1
308,257,800,1,,920,17835.0,PAID,CARD,TX-YZ8JG2RZGHXI
309,89,757,1,,802,17835.0,PAID,GATEWAY,TX-I5X65UM4YRV8
310,,1194,2,1,2964,45738.0,FAILED,CASH,
311,370,673,1,,,27636.0,PAID,GATEWAY,TX-GF0G46U2SLZ2
312,376,1266,2,2,2233,36209.25,PAID,CARD,TX-A9VQNWCQTJVU
313,421,7,2,2,2850,36209.25,PAID,CASH,TX-QYUOLNLPR9A6
314,508,1040,2,3,148,71692.5,PAID,CARD,TX-9C70TRVTFMRM
315,291,873,1,,1127,33579.6,PAID,GATEWAY,TX-H6DU9ZZ99VMH
316,492,1336,1,,386,54351.75,PAID,CARD,TX-QYEPJRF57CPL
317,485,708,2,1,1521,71601.75,PAID,CARD,TX-T27JLLZ90Z23
318,231,380,1,,4,37437.0,PAID,CARD,TX-A2B0X2VVI7AI
319,281,634,2,4,2997,15246.0,PAID,CARD,TX-4JQTH0TPGOK6
320,113,578,1,,2574,15429.6,PAID,CARD,TX-EYD3MYNUEUVL
321,598,1479,1,,2062,36592.5,PAID,CARD,TX-LNOJKNPN8S6G
322,583,1399,1,,1855,94491.0,PAID,GATEWAY,TX-6UL6ULM1T6I8
323,326,522,2,4,2659,37243.8,PAID,CASH,TX-U4QP4ULPQP81
324,460,247,2,1,752,54711.36,PAID,CARD,TX-2P4LEW4P220X
325,379,96,2,4,193,69812.16,PAID,CASH,TX-90ZM8JKX2Y5L
326,291,798,2,2,,28749.6,PAID,CARD,TX-O41OIMJGZ9AU
327,170,21,1,,2288,84070.8,PAID,CARD,TX-450XPOI73T2G
328,375,1236,1,,1582,31082.16,PAID,CARD,TX-PK9VO8PM4Y2M
329,408,130,1,,1458,82239.75,PAID,GATEWAY,TX-1KKTDNUMVEXG
330,77,169,1,,2389,44324.4,PAID,CARD,TX-XJH8KGYZM509
331,351,973,2,2,2436,29040.0,PAID,CASH,TX-MFPVK4WYZIQO
332,362,1449,1,,2195,68581.35,PAID,CARD,TX-2NWBAN52V58N
333,627,210,1,,3168,62547.0,PAID,GATEWAY,TX-2LCHHCC5ZSNP
334,,737,1,,2218,16552.56,FAILED,GATEWAY,
335,494,1350,1,,1764,71341.2,PAID,GATEWAY,TX-AACSM4V7B6LD
336,44,170,1,,1984,73691.1,PAID,CARD,TX-9VP4JS6NLM4G
337,203,217,1,,2687,47964.0,PAID,GATEWAY,TX-MRUO0N85J0DK
338,257,254,1,,2749,17835.0,PAID,CARD,TX-FC0XEF6A9XCX
339,85,1400,1,,722,47146.2,REFUNDED,GATEWAY,TX-5AQRJS9NPTPR
340,,1213,1,,1905,54561.0,FAILED,GATEWAY,
341,220,1410,1,,167,14268.0,PAID,GATEWAY,TX-V49TDYF12CHD
342,358,128,2,2,2350,30492.0,PAID,CASH,TX-1PO9O2M470N9
343,283,499,1,,1440,18142.5,PAID,CARD,TX-96NJWU73365R
344,226,494,1,,2641,27989.4,PAID,CARD,TX-V4W5NU4IN2KQ
345,206,755,1,,561,41430.0,PAID,GATEWAY,TX-6LR6SAKRAFFL
346,123,518,1,,359,41164.2,PAID,CARD,TX-5WDA03DAZ3RW
347,439,1171,2,4,261,41382.0,PAID,TRANSFER,TX-GHB9NH3PF34H
348,233,1261,1,,2085,54261.0,PAID,CARD,TX-HPYHX68YV2NP
349,321,468,2,4,2981,12414.6,PAID,CASH,TX-YS1DUAFA0XRJ
350,242,503,1,,803,44760.0,PAID,CARD,TX-QRSPPOBH9GCT
351,80,1073,2,3,863,42688.8,PAID,CASH,TX-7YSX5TUAN5O2
352,125,997,2,1,1525,32670.0,PAID,CARD,TX-P1YVFKXVQVAE
353,413,435,1,,1597,35203.5,PAID,CARD,TX-72J7IJ6LNY6W
354,496,1401,2,4,74,41382.0,PAID,CASH,TX-Z4PE05SA9C2L
355,496,202,1,,2684,17172.0,PAID,CARD,TX-JVJ0I4RTQ0BX
356,346,920,1,,,50205.0,PAID,CARD,TX-XKJUPQVUBQEZ
357,524,1101,1,,,53361.0,PAID,GATEWAY,TX-X0GOPDIORXB6
358,61,305,1,,1282,14229.6,PAID,CARD,TX-AVPMX5L77IBR
359,556,268,1,,2452,34485.0,PAID,CARD,TX-OO36UD0CTY1C
360,191,636,2,3,3010,35574.0,PAID,TRANSFER,TX-49K5YJCOFNUM
361,270,736,2,4,3148,62871.6,PAID,CASH,TX-04FI3D7JI6I8
362,385,938,1,,1982,72783.6,PAID,GATEWAY,TX-K4RQJWOJWF50
363,229,356,1,,2344,43560.0,PAID,CARD,TX-8Q185GSCMNUU
364,161,544,1,,874,13794.0,PAID,CARD,TX-I7T264W0HY3F
365,597,952,2,2,3061,29882.16,PAID,CASH,TX-W7NHPGJX19EM
366,600,1016,1,,2287,81486.0,REFUNDED,CARD,TX-4HUDSNJ53TIS
367,564,1183,1,,1945,57529.05,PAID,CARD,TX-GH9Q7I2HKR65
368,476,1154,1,,2955,33570.0,PAID,GATEWAY,TX-SX52GWA654NV
369,,1056,1,,1505,27336.0,FAILED,CARD,
370,348,666,2,1,1635,39204.0,PAID,CARD,TX-XLY81XGJHK88
371,598,1010,2,2,325,36209.25,PAID,CASH,TX-AQLDTMXEBGXP
372,17,977,1,,1694,37500.0,PAID,GATEWAY,TX-28ZBJJAC9ONQ
373,236,172,1,,683,15383.7,PAID,GATEWAY,TX-1GLRAPDN3H4Q
374,50,1179,1,,1331,16146.0,PAID,GATEWAY,TX-P5CUJEXU4QVY
375,473,1048,2,2,3000,53361.0,PAID,CARD,TX-6F1QW90TPG97
376,541,480,1,,2379,18051.75,PAID,GATEWAY,TX-E942HQFXCLQ0
377,352,164,2,2,833,51727.5,PAID,CASH,TX-WQT2EXWNSCI3
378,218,902,2,1,1027,36300.0,PAID,CARD,TX-CD1W6RUD5WC9
379,615,1096,1,,254,49224.9,PAID,GATEWAY,TX-LC6P0DRQFVFA
380,535,1208,1,,1379,13968.0,PAID,GATEWAY,TX-5DMUP1YVWQJ8
381,166,538,2,2,,68534.4,PAID,TRANSFER,TX-PGW00JYJ2DSA
382,505,695,1,,1944,80779.2,PAID,CARD,TX-QA1VIQ63F9HK
383,175,766,1,,1019,37800.0,PAID,CARD,TX-B4TSG0S0U50A
384,328,295,2,2,236,51455.25,PAID,CARD,TX-09HKD6K7RMNZ
385,527,864,1,,1406,42688.8,PAID,GATEWAY,TX-IG7T92ZX195O
386,134,314,2,2,796,91294.5,PAID,TRANSFER,TX-B0U2HVMBN4HZ
387,299,299,2,1,,17242.5,PAID,CASH,TX-2DCPGANL816L
388,455,786,1,,2754,44760.0,PAID,GATEWAY,TX-71SD6QK06HOI
389,156,356,1,,2023,53835.0,PAID,GATEWAY,TX-SKI19UR8NZJE
390,127,792,1,,413,12414.6,PAID,CARD,TX-2AGIF4ST5TVG
391,77,88,1,,770,19957.5,PAID,CARD,TX-TAHQBBU55DVA
392,39,1426,1,,,17235.0,REFUNDED,CARD,TX-8ZPLCL4J7RB6
393,229,1,2,2,1229,35574.0,PAID,CASH,TX-INXS8RHVV5AA
394,81,803,2,3,1971,14229.6,PAID,CARD,TX-OA3AU16N4SYZ
395,578,589,1,,1438,47454.75,PAID,GATEWAY,TX-VTVOAV41B8E9
396,154,1238,2,3,2722,44823.24,PAID,CASH,TX-5J8UR63NYIR1
397,227,293,1,,1973,58045.8,PAID,GATEWAY,TX-BW69ZMQ9P7EQ
398,553,882,1,,2425,15420.0,PAID,CARD,TX-NM6HXG0QGGBU
399,89,913,1,,400,80188.8,REFUNDED,CARD,TX-EC4NNZ49NQ3N
400,278,960,2,2,1347,57354.0,PAID,CASH,TX-T4LMAG75TO3E
401,438,1084,2,1,2362,15246.0,PAID,CASH,TX-8R60T3I6KDPR
402,544,1411,2,2,3100,49005.0,PAID,TRANSFER,TX-BMR81MZAP796
403,355,889,1,,2167,44324.4,PAID,CARD,TX-VQFN0IZH88RB
404,351,814,1,,2030,55650.0,PAID,CARD,TX-3WUQAYGI0P0H
405,438,293,1,,582,46076.4,PAID,GATEWAY,TX-E3LM75Q7GX2S
406,233,1121,1,,1877,80198.4,PAID,GATEWAY,TX-K83GSGCHYB7T
407,238,696,2,1,1508,51727.5,PAID,CASH,TX-ORJGRU9TD57R
408,,331,1,,1707,31036.5,FAILED,CARD,
409,318,106,1,,1657,38252.7,PAID,CARD,TX-QOYJSAZIDRCT
410,,918,2,2,2640,39204.0,FAILED,CARD,
411,568,305,1,,,42688.8,PAID,CARD,TX-IBZRBYKR9J94
412,315,381,1,,649,47754.75,PAID,CARD,TX-AO1WXLCIU4BM
413,326,176,2,3,,28459.2,PAID,TRANSFER,TX-UYJMIC97SZPL
414,,1269,2,2,2017,29040.0,FAILED,CARD,
415,500,128,1,,,48634.5,PAID,GATEWAY,TX-A4S38KRDFV37
416,487,424,2,2,2976,17787.0,PAID,CARD,TX-MB5OQNRSHFCA
417,,7,2,4,788,39131.4,FAILED,CARD,
418,91,105,2,3,2636,31944.0,PAID,TRANSFER,TX-XGCNAYKYNQVS
419,181,1415,1,,2354,47364.0,REFUNDED,CARD,TX-G5T3LZ8VNBZ4
420,84,283,1,,2507,79436.1,PAID,GATEWAY,TX-H7YDH9ZLPVBB
421,346,1430,2,2,176,13794.0,PAID,CARD,TX-9V2XX0ZE5NHC
422,246,673,1,,140,40404.0,PAID,CARD,TX-6H7TNVOKEYNJ
423,421,1419,1,,1921,68055.0,PAID,CARD,TX-MFUCVJ3FR6Q9
424,527,39,2,1,1882,28459.2,PAID,CASH,TX-4VGL8QW99YKY
425,193,189,1,,2762,15429.6,PAID,CARD,TX-621O2EAH0OK3
426,638,526,2,2,,12806.64,PAID,CASH,TX-X4Z5W67FAAYF
427,193,790,1,,246,43560.0,PAID,CARD,TX-G2L3AJ87WLYZ
428,189,464,1,,2446,43160.7,PAID,GATEWAY,TX-5461BOCHTCX5
429,,262,1,,764,36474.0,FAILED,CARD,
430,469,1051,2,1,266,71220.6,PAID,CARD,TX-MZ3E9YP0AYS4
431,396,582,1,,1138,46638.0,PAID,CARD,TX-AZT8YBM71PME
432,616,3,1,,2662,42664.2,PAID,CARD,TX-JAVF61DM78UI
433,22,678,1,,1624,47020.2,PAID,CARD,TX-20PY43VV1HBY
434,378,369,1,,1779,14268.0,PAID,GATEWAY,TX-K1W031MPYYNQ
435,103,71,1,,2242,30540.0,REFUNDED,CARD,TX-W37J9GGFWJ6J
436,140,1251,1,,2395,72193.2,PAID,CARD,TX-RUMPPEZAI861
437,231,143,2,4,784,43560.0,PAID,CASH,TX-F4IOFE9N09RB
438,306,126,1,,,51727.5,PAID,CARD,TX-Q3AXQ33Z0XQ0
439,489,945,2,4,1053,58697.1,PAID,TRANSFER,TX-31ZVW07TT4LH
440,4,592,1,,332,27588.0,PAID,CARD,TX-F8QMQHZW22DP
441,304,462,2,2,1334,73616.4,PAID,CARD,TX-5CFNAK5C9Y27
442,80,274,1,,1286,46323.24,PAID,GATEWAY,TX-EM7R3QCQAOOX
443,146,703,2,3,955,53361.0,PAID,CARD,TX-YUDWNIFYIR3D
444,,723,2,1,526,120969.75,FAILED,CARD,
445,385,310,1,,632,44324.4,PAID,CARD,TX-1DE1YU96AG0S
446,207,410,2,2,698,29040.0,PAID,TRANSFER,TX-PW17KF6JZQF2
447,226,495,1,,2611,43888.8,PAID,CARD,TX-V8G4DYUVUMSF
448,314,457,1,,3154,43588.8,PAID,GATEWAY,TX-K4O27EVCNQIY
449,377,852,2,1,2187,13794.0,PAID,CARD,TX-R1HVTW5EJE32
450,93,793,1,,1947,69516.6,PAID,GATEWAY,TX-BDYQIXYCGU3I
451,252,789,1,,,20257.5,PAID,CARD,TX-ASXB25T0FW5J
452,101,1075,2,4,2354,34485.0,REFUNDED,CASH,TX-TNTYESTAZALH
453,427,814,1,,2625,54313.88,PAID,CARD,TX-C9T6P07HZQ8O
454,106,1270,1,,830,15129.6,PAID,GATEWAY,TX-VZOU1WTXJLVB
455,510,442,1,,84,40104.0,PAID,CARD,TX-AWVDZV19547K
456,,1109,1,,2916,102694.8,FAILED,CARD,
457,271,1107,2,4,1550,81783.9,PAID,CASH,TX-QYXWL9615PAY
458,637,1229,1,,251,16418.25,PAID,GATEWAY,TX-W9KRBE6EYOX6
459,302,498,1,,,48097.5,PAID,CARD,TX-XL1CAJ1BFHL5
460,351,738,1,,1255,28749.6,REFUNDED,GATEWAY,TX-9SSXL9RIBGMO
461,93,1412,1,,2191,18676.35,PAID,CARD,TX-4SVXHX4NWLKG
462,86,1462,1,,1267,27989.4,PAID,GATEWAY,TX-YUJJV8LRZSUZ
463,148,167,1,,1158,55650.0,PAID,CARD,TX-EPNZRC69T77W
464,609,1066,1,,545,13968.0,PAID,CARD,TX-YC0KLR7193Q1
465,,1075,2,1,75,44823.24,FAILED,CASH,
466,,1393,1,,1078,120334.5,FAILED,CARD,
467,563,181,1,,187,67447.5,PAID,CARD,TX-GB5F0IKQ5J67
468,369,746,2,2,66,39204.0,PAID,CARD,TX-HNMINTSFJHUP
469,,1188,1,,1497,47020.2,PENDING,GATEWAY,
470,531,803,1,,3128,48924.9,PAID,GATEWAY,TX-50ZFGGJAOYU5
471,40,316,2,2,1278,17787.0,PAID,TRANSFER,TX-JZEKLEJVGIFY
472,13,56,2,1,317,41382.0,PAID,CASH,TX-X4UZIIFLNWRO
473,573,1427,1,,2585,15841.08,PAID,CARD,TX-6AGXBBI7NE86
474,426,1172,1,,2875,40104.0,PAID,CARD,TX-FFGFTIS2H7LZ
475,219,613,2,1,1694,17242.5,PAID,CASH,TX-YS3UUI5XBOF8
476,,941,2,2,1578,27588.0,FAILED,CARD,
477,454,748,1,,264,72411.0,PAID,CARD,TX-M6EGZGAAP5UV
478,503,780,1,,2102,14694.0,PAID,GATEWAY,TX-0LEY2WZ6DDY6
479,,642,2,3,295,13068.0,FAILED,CASH,
480,557,320,2,2,1194,53361.0,PAID,CASH,TX-KCX613RM6ZGE
481,527,843,2,3,837,43560.0,PAID,CASH,TX-F4OVKTCPWNKS
482,31,956,2,2,,29221.5,PAID,CASH,TX-VKEESLVAKV3X
483,343,348,2,1,2903,37933.5,REFUNDED,CASH,TX-A8K5DCQYJ8C2
484,8,445,1,,673,15720.0,PAID,GATEWAY,TX-JJI7LAMJEQBF
485,585,758,1,,2493,33144.0,REFUNDED,GATEWAY,TX-8MEZRRCFPLBX
486,180,481,1,,509,52927.5,PAID,CARD,TX-7ZJC3WSFZW7D
487,208,1303,2,3,264,51909.0,PAID,TRANSFER,TX-6T5BC1U0ZQ3G
488,367,1020,2,4,2828,29040.0,PAID,CARD,TX-JBVIMZ5H0DMU
489,142,1376,1,,2641,55350.0,REFUNDED,CARD,TX-0YN4O5U58PDD
490,604,1083,2,1,1345,67663.2,PAID,CARD,TX-MSAB3BVTBWGB
491,274,760,2,1,387,30855.0,PAID,CASH,TX-ZV1V8PDEWD6L
492,322,1011,2,2,1742,13068.0,PAID,TRANSFER,TX-91PLAYYBGRXH
493,637,913,2,3,1837,36826.35,PAID,CASH,TX-HRTPMO841LCL
494,544,1012,1,,3151,15429.6,PAID,GATEWAY,TX-RDAAW2AFI63O
495,208,1228,1,,3141,57229.05,PAID,GATEWAY,TX-Y9Y5EDM228GN
496,,1180,2,3,1379,83853.0,FAILED,CARD,
497,320,173,1,,1421,19287.0,PAID,GATEWAY,TX-W4SPI0VP1DZX
498,,143,2,1,355,83490.0,PENDING,TRANSFER,
499,250,1036,1,,978,18687.0,PAID,CARD,TX-3JWBXZWAIUOS
500,,829,1,,,18351.75,FAILED,CARD,
501,,214,1,,688,69744.0,FAILED,GATEWAY,
502,142,1242,2,1,2468,36300.0,PAID,CASH,TX-UDX1ZFMQ6I4B
503,278,1379,1,,910,27036.0,PAID,CARD,TX-R6W6NCH4H9CG
504,601,1415,1,,696,43888.8,PAID,GATEWAY,TX-RCNJ6BRJDNA0
505,405,511,1,,,28488.0,PAID,CARD,TX-KEGJ52T2PM31
506,,920,2,2,1987,41382.0,FAILED,CASH,
507,341,69,1,,42,44651.1,REFUNDED,GATEWAY,TX-CUXNYV4C4SL0
508,559,492,2,4,1304,19057.5,PAID,TRANSFER,TX-3TAZSN0WZUWT
509,158,523,1,,1405,24422.4,PAID,CARD,TX-D6E5F0H74ISR
510,581,1382,1,,2882,54861.0,PAID,GATEWAY,TX-SGQ9WERX6TP9
511,247,310,1,,993,74826.0,PAID,CARD,TX-48U3LQ28QAQX
512,9,457,1,,2567,59895.0,PAID,GATEWAY,TX-Q1VKVV411QIZ
513,627,396,1,,2141,15129.6,PAID,GATEWAY,TX-Z6SEX7GEOQGF
514,349,538,2,3,,32016.6,PAID,CASH,TX-SEEEAS0WG185
515,287,6,2,1,2658,93291.0,PAID,CARD,TX-A9YZ5SCZH36H
516,2,733,1,,1648,18868.5,PAID,GATEWAY,TX-U1R0DN952B5I
517,444,56,2,1,2423,108028.8,PAID,CARD,TX-X6REAVBEHHW9
518,172,367,1,,993,30540.0,PAID,CARD,TX-JJ5LM9YUHZBL
519,541,812,2,1,2117,13068.0,PAID,TRANSFER,TX-Y4N5BZGJVB2Y
520,114,669,1,,2944,60867.6,PAID,CARD,TX-2OXLMYQS8CG9
521,30,566,1,,2110,98638.8,PAID,GATEWAY,TX-L5ZNLNCJ7XZY
522,241,1055,1,,2923,63797.25,PAID,CARD,TX-S74CCFH9APUN
523,241,577,1,,643,44460.0,PAID,CARD,TX-FXPIF8RDZRQ8
524,265,689,2,3,2667,28459.2,PAID,CARD,TX-EREKJS7YUCF6
525,137,787,2,4,1856,54450.0,PAID,CASH,TX-SE9DN1NZIH5K
526,13,32,1,,2150,27036.0,PAID,CARD,TX-8NXW068AXP0U
527,51,434,1,,1429,54261.0,PAID,CARD,TX-US8P6WKLX2WE
528,505,1470,2,2,,36300.0,PAID,TRANSFER,TX-PO55QY6ORRE9
529,55,226,2,3,630,18150.0,PAID,CARD,TX-X7SAOEOG4MSZ
530,295,1190,1,,515,58989.6,PAID,GATEWAY,TX-TWKC031VGLIV
531,132,1004,1,,2377,29959.2,PAID,CARD,TX-QI9XXX36DOLK
532,345,1315,2,4,2705,39930.0,REFUNDED,CASH,TX-D7DQ8VDGWMQE
533,287,701,1,,,17535.0,PAID,CARD,TX-LF5JPF02AEJA
534,485,843,1,,3012,42882.0,PAID,CARD,TX-2C0PMOU6EZ96
535,421,1167,1,,1327,24829.2,PAID,GATEWAY,TX-LVR26OMPI8YH
536,467,681,1,,2280,59541.36,PAID,GATEWAY,TX-1SECHXG7FHI7
537,429,513,2,4,1158,43560.0,PAID,CARD,TX-WEVHVQE5KN0W
538,243,970,2,1,2541,41164.2,PAID,CASH,TX-1JR5GXQ5LHO3
539,353,383,1,,70,30903.0,PAID,CARD,TX-LOI5YRCE3SEM
540,428,527,1,,2111,53249.28,PAID,GATEWAY,TX-95PAVH9KS02Q
541,,757,1,,2526,13068.0,FAILED,CARD,
542,367,12,2,3,2594,14520.0,PAID,CARD,TX-2K3RUUWY9ZW5
543,124,1022,1,,273,46023.24,PAID,CARD,TX-1BQ2S2WMSWY7
544,212,619,1,,91,18442.5,PAID,GATEWAY,TX-G6DLMFBDWU1G
545,84,461,2,3,1001,17968.5,PAID,CASH,TX-XO06R9DD6EAF
546,456,1454,2,1,2781,29882.16,PAID,CASH,TX-M6CN55XMW7U7
547,321,1199,1,,389,29949.6,PAID,CARD,TX-0HY9KDPPEQ1Z
548,521,1398,1,,,30240.0,PAID,CARD,TX-0LSHGDKH8DHX
549,628,401,1,,139,37109.25,PAID,CARD,TX-LD2T8YFOTUX6
550,441,1360,1,,,27588.0,PAID,CARD,TX-MH78DIQKNPPA
551,473,768,1,,530,42664.2,PAID,CARD,TX-FVQFBDPWC1DN
552,639,295,1,,744,43308.0,PAID,GATEWAY,TX-BVQ4RKP3WUDE
553,482,1270,2,2,,26136.0,PAID,CARD,TX-WDV5QIN7ZXFM
554,179,999,2,3,1498,43560.0,PAID,CASH,TX-NHWVL9V73PUW
555,513,264,1,,3152,54561.0,PAID,CARD,TX-EUZ1KHLUEFCJ
556,580,1372,1,,606,17835.0,PAID,GATEWAY,TX-BQ85UVLYABZM
557,388,103,2,1,3058,35283.6,PAID,CARD,TX-AVMC0KJY4GUZ
558,100,493,2,3,1527,35574.0,PAID,CARD,TX-L7KENH3I6WTL
559,268,136,2,4,2658,54450.0,PAID,CASH,TX-BPBX2X02BN0I
560,378,1399,2,1,2782,70603.5,PAID,CARD,TX-3D4F2Y5XU8C7
561,497,1364,1,,2353,58072.5,PAID,GATEWAY,TX-IOURAY2YMVL2
562,440,1437,1,,2114,41382.0,PAID,GATEWAY,TX-JABXXWNRSNIM
563,523,108,1,,957,42282.0,PAID,CARD,TX-0AA79Z67YYKL
564,83,1480,2,2,1548,14701.5,PAID,CARD,TX-IC8HAJ0IRSC9
565,136,1220,2,4,2752,45012.0,PAID,CARD,TX-HAGMQP4WG6RP
566,,439,1,,1764,86505.0,FAILED,GATEWAY,
567,468,68,1,,850,28788.0,PAID,CARD,TX-169G871MPLRP
568,220,691,2,4,3002,32670.0,PAID,CARD,TX-5PNVWB0B1YOA
569,,1039,2,4,1729,37243.8,PENDING,CARD,
570,499,1259,2,1,100,13794.0,PAID,CARD,TX-J395ERI8D5SJ
571,246,1373,2,1,2421,34485.0,PAID,CARD,TX-69ISXUWVW1PM
572,115,274,2,3,3147,16335.0,PAID,CASH,TX-DY1Q1EKVIPAT
573,246,1372,2,1,2706,57172.5,PAID,CARD,TX-C4NR1H69M0GA
574,16,1385,1,,32,43588.8,PAID,GATEWAY,TX-PLBNE9EBHNQQ
575,90,433,1,,1009,40704.0,PAID,CARD,TX-TFQCOWEEVX3N
576,,531,2,1,16,48024.9,FAILED,CASH,
577,154,1152,1,,65,27336.0,PAID,GATEWAY,TX-6T5ESWX4YEI2
578,382,1031,2,2,302,43560.0,PAID,CARD,TX-YG037GBKK3IL
579,323,524,2,1,165,18104.62,PAID,CASH,TX-A2WSFJDBE2X8
580,488,196,1,,1257,17172.0,PAID,CARD,TX-L3DIIMEOFFC5
581,,90,1,,,70286.16,FAILED,CARD,
582,93,1426,1,,1639,17835.0,PAID,GATEWAY,TX-AEU4SSVVMYZK
583,283,844,1,,1892,27036.0,PAID,GATEWAY,TX-RS20FE51T2KL
584,342,1440,1,,,43588.8,REFUNDED,GATEWAY,TX-09JFJFL12Z4Y
585,172,978,1,,1620,31464.6,REFUNDED,CARD,TX-GXNYT2GOI8SK
586,142,1150,2,3,177,31218.0,PAID,CARD,TX-GUQDVEAB7U7G
587,603,402,1,,,50994.0,PAID,GATEWAY,TX-XXX1GJS407EE
588,367,334,2,2,,19565.7,PAID,CARD,TX-M3TD7URUDO4C
589,,99,1,,1280,81069.6,PENDING,CARD,
590,580,1420,2,1,1984,30818.7,PAID,CASH,TX-9RE3DVSB58ZB
591,183,903,1,,18,71032.12,PAID,GATEWAY,TX-M3ZKN3PDN68B
592,300,258,1,,,29940.0,PAID,GATEWAY,TX-1K1YM2J9NVTN
593,,223,2,2,2682,26136.0,FAILED,CASH,
594,221,376,2,3,2620,42688.8,PAID,CARD,TX-OTTSMZNMS8IJ
595,437,919,1,,499,52627.5,PAID,CARD,TX-04HT2LSVRYL3
596,315,900,1,,87,31990.95,PAID,GATEWAY,TX-QGPD500W25XG
597,226,639,2,1,1839,56900.25,PAID,CARD,TX-CCPL8N2HZ106
598,57,188,1,,2098,83020.2,PAID,CARD,TX-R8DOUFMGL7DA
599,297,147,2,4,24,29882.16,PAID,CARD,TX-D71EEZUH9WL4
600,63,1119,1,,1336,55650.0,PAID,CARD,TX-64B9KKC21P4U
601,378,41,1,,1608,49005.0,PAID,CARD,TX-6DS8FL2WBZ8W
602,250,589,1,,1107,17242.5,PAID,CARD,TX-ADSQ32QL5G0T
603,340,358,1,,2520,52655.25,PAID,GATEWAY,TX-JZEO3V598W40
604,496,358,1,,141,41077.08,PAID,GATEWAY,TX-9YMJC6BBX4IO
605,303,855,1,,2610,59897.1,PAID,GATEWAY,TX-VWX994WAH3QO
606,167,142,2,2,2961,12806.64,PAID,TRANSFER,TX-B1N6QWA53V2E
607,51,79,2,3,1544,14701.5,PAID,CASH,TX-QI1YMUFXWT4S
608,155,338,1,,1300,36183.6,PAID,CARD,TX-4S459JJ9GZKV
609,324,1019,2,1,293,65340.0,PAID,CASH,TX-2K5ESV2FK3QU
610,147,590,2,2,283,45520.2,PAID,CASH,TX-WVE14QLKH0XZ
611,484,1120,1,,,87557.7,PAID,GATEWAY,TX-4GXOH4R0D3FN
612,229,1154,1,,222,29959.2,PAID,CARD,TX-I85H6YYDCM3T
613,501,1228,1,,,40104.0,PAID,CARD,TX-LOPEYP78BNWD
614,596,172,1,,2427,31246.8,PAID,CARD,TX-OY2Z1OGY0T5F
615,400,593,2,3,1519,90089.34,PAID,CASH,TX-3025SDI15H25
616,33,681,2,2,2320,36300.0,PAID,CASH,TX-AZNP7UYA7ZP8
617,482,840,1,,1283,58443.0,PAID,CARD,TX-SSHU1BACXF6R
618,172,1145,1,,1493,39319.92,PAID,CARD,TX-QNPAS8PP40EE
619,383,412,1,,2752,37200.0,PAID,GATEWAY,TX-YPG2MIRXC55L
620,576,400,1,,1965,29359.2,PAID,GATEWAY,TX-PQXKZKJFS59H
621,53,698,1,,586,43588.8,PAID,CARD,TX-YHRJRRIDMI24
622,299,751,1,,2846,84753.0,PAID,CARD,TX-4B09UHQE1EGZ
623,537,1495,1,,606,68659.92,PAID,CARD,TX-2R6WSSK4W0W5
624,294,1207,1,,,104192.7,PAID,GATEWAY,TX-O4TXVSFAGN3C
625,171,691,2,2,1900,34485.0,PAID,CARD,TX-5CBJ9WU1VB1H
626,311,144,2,4,1762,45375.0,PAID,CASH,TX-Z9E076WYK3X5
627,192,136,2,3,1089,100841.4,PAID,CASH,TX-20HH3FC5P2UR
628,60,984,2,2,2217,51455.25,PAID,TRANSFER,TX-D3RRJ1CMDRMA
629,186,165,2,4,267,46957.68,PAID,CARD,TX-Z9LVORJR9LY6
630,396,893,1,,811,73282.44,PAID,CARD,TX-4XVDN0A59WAG
631,474,1117,1,,1067,33870.0,PAID,CARD,TX-OX3KXRJZZAZF
632,256,992,2,3,1521,44558.25,PAID,CASH,TX-FMQACFO1YN1U
633,289,1325,2,3,2107,42688.8,PAID,CASH,TX-RPHT28C8CFL1
634,214,232,2,4,972,44823.24,PAID,CARD,TX-1WHS0S3THZOU
635,269,1051,1,,2106,48924.9,PAID,CARD,TX-R3VZWR9IWEUS
636,422,809,2,1,2069,85493.76,REFUNDED,CARD,TX-ZRTCVMUJP8UU
637,,442,1,,2912,26136.0,FAILED,CARD,
638,388,385,2,4,2432,38419.92,PAID,CASH,TX-UAINRJOHTRFO
639,27,24,2,3,1142,34303.5,PAID,TRANSFER,TX-AWVSPYZFZJ29
640,52,548,2,3,1264,53361.0,PAID,CASH,TX-8L94WOZRZUWQ
641,,1429,1,,2455,39433.5,PENDING,CARD,
642,419,1417,2,2,2164,14941.08,PAID,CARD,TX-7S5F8BMAAW1W
643,271,750,1,,,77621.1,PAID,CARD,TX-D0TWKDW1UX6O
644,288,1451,1,,2249,65975.25,PAID,GATEWAY,TX-QGAN2ITCLT62
645,42,1147,1,,272,24722.4,PAID,CARD,TX-WTTJ8VI73MLC
646,613,1489,1,,634,113195.1,PAID,CARD,TX-4PB9M9W44XZP
647,444,1216,1,,3112,60838.8,PAID,GATEWAY,TX-C15GYICCWBPO
648,,758,1,,170,18687.0,FAILED,GATEWAY,
649,206,1297,1,,3069,55650.0,REFUNDED,GATEWAY,TX-BZ6UM51TL35B
650,554,561,1,,2878,48816.0,PAID,GATEWAY,TX-8JO5XMDDA47O
651,625,1017,1,,1181,38143.8,PAID,GATEWAY,TX-6U4GN9SLXSOL
652,528,404,1,,3026,13968.0,PAID,CARD,TX-Q0IW3D1CZ5U5
653,238,31,2,4,2139,28459.2,PAID,CARD,TX-0MMRU4NSIKFE
654,466,648,1,,1900,17835.0,PAID,CARD,TX-TA84DQ6XNVEL
655,233,157,1,,2161,44460.0,PAID,CARD,TX-AAENXXKMLMK4
656,417,527,2,1,1942,34303.5,PAID,TRANSFER,TX-9XAVB720NJAA
657,524,6,1,,323,18687.0,PAID,CARD,TX-I93QF2HP4C3F
658,162,108,1,,119,42582.0,PAID,CARD,TX-3VKPW3ZVWQQ5
659,244,1469,1,,884,50903.25,PAID,CARD,TX-VWTV7K5UGLXK
660,,414,2,3,2021,30492.0,FAILED,CARD,
661,101,1285,1,,2452,106041.38,PAID,CARD,TX-K1L2KSZIPSHY
662,154,1394,1,,1185,39433.5,PAID,CARD,TX-RL6AB6BHAGDF
663,319,473,2,2,2952,14701.5,PAID,TRANSFER,TX-MBL4OTPT318Y
664,,366,2,1,2240,14229.6,FAILED,CASH,
665,477,1394,1,,195,55950.0,PAID,CARD,TX-IHTMME870P2W
666,467,1484,2,1,331,39131.4,PAID,CARD,TX-Y899E6UU3YJE
667,514,171,1,,2489,29659.2,PAID,GATEWAY,TX-67HHFRE1VO8S
668,547,1262,2,3,2760,32670.0,PAID,CASH,TX-MRX7Y91QUB7T
669,,1123,1,,1263,40704.0,FAILED,CARD,
670,260,343,1,,468,69807.0,PAID,CARD,TX-L2KDA2UACIJW
671,173,1433,1,,1046,39204.0,PAID,GATEWAY,TX-KWEY7Z32OX1G
672,125,1100,1,,516,30240.0,PAID,CARD,TX-3YWCMHEBYMHR
673,110,73,1,,1291,16073.4,PAID,GATEWAY,TX-J16C7I7MVSV9
674,540,1165,2,3,2484,53361.0,PAID,CASH,TX-L5ZL0KGSXH5Y
675,566,383,2,3,3033,49005.0,PAID,CASH,TX-QT9HGYR9NAPD
676,539,1313,1,,1304,30540.0,PAID,CARD,TX-OFW8XUJ5YE8W
677,302,997,2,2,597,58697.1,PAID,CASH,TX-NSZA2YHEWU2Z
678,353,3,2,1,3125,75576.6,PAID,CASH,TX-0M8902TULYO3
679,145,323,1,,2061,31692.0,PAID,CARD,TX-WWG08QV6S2BU
680,108,961,1,,3056,50205.0,PAID,GATEWAY,TX-YFW9BFH2I0FI
681,343,1130,2,2,,43451.1,PAID,CARD,TX-GVN54ODJJSMJ
682,314,318,1,,1452,55650.0,PAID,CARD,TX-4SCAAJ7HEKDZ
683,43,579,2,3,288,71383.95,PAID,CASH,TX-1E2DNHYOG3SS
684,91,1341,1,,1090,24422.4,PAID,CARD,TX-R7G4MJZE72HM
685,151,350,1,,2236,67901.25,PAID,CARD,TX-CE8DNE1N6WVO
686,300,810,1,,1913,34170.0,PAID,GATEWAY,TX-8T4H8IR60MDX
687,245,1289,2,2,2691,49005.0,PAID,CASH,TX-TVFLOK7117VP
688,,567,2,2,933,26136.0,FAILED,CASH,
689,606,797,1,,651,18987.0,PAID,CARD,TX-YEXBVRT175ST
690,174,1169,1,,847,127025.4,PAID,GATEWAY,TX-PZO9SN3EZ22U
691,628,326,1,,387,87700.8,PAID,CARD,TX-YAMSU1URVG8O
692,418,97,2,3,2519,43451.1,PAID,CARD,TX-KFV54TH3EYCI
693,8,1158,2,2,1500,26136.0,PAID,TRANSFER,TX-DK5P0FMTB02B
694,47,293,1,,2906,30240.0,PAID,GATEWAY,TX-11PJ1GEV8CZN
695,536,788,2,2,718,42688.8,PAID,CARD,TX-YJYJ321RN22R
696,253,881,2,1,788,17787.0,PAID,TRANSFER,TX-5D5EUSC74C5A
697,486,1345,1,,2750,55950.0,PAID,CARD,TX-LTYHMP1HXRIB
698,462,660,2,1,1548,17242.5,PAID,TRANSFER,TX-UC5UX8X4S27K
699,56,954,1,,2577,17235.0,REFUNDED,CARD,TX-EC9WBSM149MA
700,291,889,2,4,2948,59169.0,PAID,CASH,TX-QEIRO08XGYH6
701,475,396,1,,141,40031.4,PAID,CARD,TX-NTHGE1SFXUST
702,72,1425,2,3,2607,13794.0,PAID,CARD,TX-8DMGS9HDTROJ
703,222,1147,2,3,,30346.8,PAID,CARD,TX-89GSP193R588
704,343,1368,2,4,1978,18150.0,PAID,CARD,TX-TKG3OJODZ41M
705,52,601,1,,617,43888.8,PAID,GATEWAY,TX-XP27J432DA1M
706,,767,1,,1711,74226.0,FAILED,CARD,
707,623,949,2,2,798,46554.75,PAID,CASH,TX-BZ9J9L4MYIYH
708,180,1242,1,,3037,55213.88,PAID,GATEWAY,TX-WIVXSOS1HU26
709,439,1110,1,,507,15429.6,REFUNDED,GATEWAY,TX-7PO9STUTGJ1N
710,536,164,2,1,1691,18150.0,REFUNDED,CARD,TX-MHSBKDNL9RAT
711,373,762,2,4,1597,14229.6,PAID,CASH,TX-SKFQJTP9H139
712,182,1116,1,,23,83092.8,PAID,CARD,TX-1VWTEH6Y5F8N
713,48,937,1,,2693,55513.88,PAID,GATEWAY,TX-K3QX8CID3YOS
714,291,1052,2,3,924,35283.6,PAID,CASH,TX-EGG2M4RCFLDA
715,609,899,1,,,19287.0,PAID,GATEWAY,TX-URNWLZA0WUOW
716,6,1406,2,4,3132,14520.0,PAID,CASH,TX-BVUM9BUBPCQ4
717,72,586,1,,963,31692.0,PAID,CARD,TX-2PCOT0NZ2G8H
718,50,1415,1,,1957,49433.1,PAID,CARD,TX-Q170JW7KZKA7
719,140,391,1,,2150,81894.9,PAID,GATEWAY,TX-JBMERNTP3CZB
720,235,1041,2,2,973,31305.12,REFUNDED,TRANSFER,TX-88MMSXSN1QDY
721,593,458,1,,2108,65340.0,PAID,GATEWAY,TX-IN9Y4TLWFOKL
722,272,604,1,,715,44760.0,PAID,CARD,TX-QP10VWAZKSWN
723,,624,1,,2019,35685.0,FAILED,GATEWAY,
724,106,1028,1,,2353,26513.28,PAID,CARD,TX-6X287YGB316U
725,490,504,1,,2247,17535.0,PAID,CARD,TX-IDV1G0FQ76SH
726,520,193,2,4,204,15652.56,PAID,CASH,TX-LQ9DWCJTAC15
727,187,121,1,,2454,40704.0,PAID,GATEWAY,TX-41UDXU0CF17J
728,536,1302,1,,2924,29359.2,PAID,GATEWAY,TX-KQ9EGY152ISE
729,301,1495,1,,2148,95344.05,PAID,CARD,TX-70NVP8V6RRY2
730,219,958,1,,2218,67810.5,PAID,GATEWAY,TX-4A0MCQ5HCHWS
731,604,1024,2,3,2912,60838.8,PAID,CARD,TX-PGXC0ILWUR6Q
732,422,814,2,3,1710,13068.0,PAID,CASH,TX-HN20BWD7W218
733,9,1036,1,,1357,44460.0,PAID,CARD,TX-C5CQQA2ZUVZB
734,151,640,1,,2704,27113.28,PAID,CARD,TX-4MKD9847MVO9
735,44,915,1,,2972,38115.0,PAID,CARD,TX-OQ3XW4WYRW3H
736,521,544,2,1,2583,53361.0,PAID,CARD,TX-WOD6FQBKXDG1
737,585,483,2,3,,14520.0,PAID,CASH,TX-N7DNHU0FI8OL
738,431,878,2,2,422,95178.6,PAID,CARD,TX-AAGITS69WJER
739,351,820,1,,1619,13614.6,PAID,CARD,TX-8ZUIHH6IPZTQ
740,71,879,2,4,1612,15518.25,PAID,CASH,TX-3DHERHPXXZ9X
741,112,1468,2,2,2392,78262.8,PAID,CASH,TX-JK9727TRVJQZ
742,,440,1,,1504,54561.0,FAILED,CARD,
743,192,1295,1,,2842,13068.0,REFUNDED,CARD,TX-1XVR7JETELQ6
744,223,1123,1,,3126,17235.0,PAID,GATEWAY,TX-A1T04UBG0X4V
745,203,1006,1,,1495,52518.6,PAID,GATEWAY,TX-44U236I2Y0JH
746,385,217,1,,3053,27336.0,PAID,GATEWAY,TX-L8DGXS68AUWQ
747,369,258,1,,1521,56412.3,PAID,GATEWAY,TX-TXWCL7XG33Y6
748,182,751,2,1,1921,29040.0,PAID,CARD,TX-J81DL87XPI79
749,424,955,2,2,719,15246.0,PAID,TRANSFER,TX-1WMJZEFZLUEH
750,306,867,1,,13,33444.0,PAID,GATEWAY,TX-CED6IFJJFMJ7
751,271,584,1,,1235,52355.25,PAID,CARD,TX-B9WBB5BAVOTV
752,550,99,2,2,1279,53361.0,PAID,CARD,TX-NDUPND29V3AN
753,390,593,1,,472,40704.0,PAID,CARD,TX-JUI78DF9SSEQ
754,575,868,1,,,44760.0,PAID,GATEWAY,TX-FPP54TQSJEOP
755,620,903,2,3,274,142659.0,PAID,CARD,TX-M7K4PX7FDMT3
756,605,445,1,,,74816.4,PAID,CARD,TX-D9LVRO62C9J1
757,594,857,1,,1333,67779.12,PAID,CARD,TX-4H2PGXJEQ4AY
758,,633,2,4,581,43451.1,FAILED,CARD,
759,231,1428,1,,333,54261.0,PAID,GATEWAY,TX-T7INUDFZ7ONS
760,4,196,1,,1511,34170.0,PAID,CARD,TX-81DDT8YK4CUC
761,353,212,1,,3044,29659.2,PAID,GATEWAY,TX-MM5W7HA7G9E8
762,483,925,1,,871,16073.4,PAID,GATEWAY,TX-0PQWEWZ20D74
763,456,698,1,,2322,26029.2,PAID,CARD,TX-E12IUGVF2GJT
764,128,1135,1,,2826,42364.2,PAID,CARD,TX-8O0J3T8UFHZY
765,256,165,1,,1851,44460.0,PAID,CARD,TX-H2DITP2XE1HV
766,323,960,1,,1052,55350.0,PAID,GATEWAY,TX-OOBR88U3DXX8
767,253,696,1,,785,38419.92,REFUNDED,CARD,TX-FQ717Y5GISE6
768,302,436,1,,914,12414.6,PAID,GATEWAY,TX-XSUHEBMVCUWI
769,638,1393,1,,1158,15129.6,PAID,GATEWAY,TX-V9RHYKXGXVV0
770,364,127,1,,2971,30240.0,PAID,GATEWAY,TX-G6MLID37062T
771,363,326,1,,1987,20166.75,PAID,GATEWAY,TX-0Z5STDOY760T
772,509,912,2,2,1039,29040.0,PAID,TRANSFER,TX-BXK25PWI6RU4
773,207,1041,1,,334,49905.0,PAID,CARD,TX-SWL1RDAS12Q3
774,490,130,1,,3192,29867.4,PAID,GATEWAY,TX-QXDDL9U16KQ8
775,328,422,1,,2742,47916.0,PAID,CARD,TX-9ECRPRRFOI0H
776,61,110,2,3,1641,52272.0,PAID,CARD,TX-95JE2C0GLYF4
777,9,1043,1,,951,40104.0,PAID,CARD,TX-FJYYCGWDL2KO
778,398,841,2,1,,34303.5,PAID,CARD,TX-5BG6AHS9O4S8
779,218,4,1,,1329,14268.0,PAID,GATEWAY,TX-3QBKLM6WG6A1
780,329,1307,1,,349,27588.0,PAID,CARD,TX-ESDWH83316ZF
781,,1113,2,3,369,41382.0,FAILED,TRANSFER,
782,391,1490,1,,2310,96673.92,PAID,CARD,TX-CJX3JERZ5967
783,408,435,2,1,1623,13068.0,PAID,TRANSFER,TX-OAXTA8R80N18
784,404,905,1,,,65731.8,REFUNDED,GATEWAY,TX-I09V82CP0YQ1
785,477,724,1,,1634,26813.28,PAID,CARD,TX-C4Y7CQWLOQKI
786,98,1436,1,,1107,51727.5,PAID,CARD,TX-HYA7UIET2ELL
787,197,904,1,,2438,99754.5,PAID,GATEWAY,TX-IYXE4SWFS5ZU
788,304,1186,2,1,1624,28459.2,PAID,CARD,TX-043JJCTCDJF2
789,261,941,1,,2605,106533.0,PAID,CARD,TX-Y4G207YI5ZHC
790,547,564,1,,103,66249.6,PAID,CARD,TX-82VRPK92WU1R
791,549,965,1,,,18142.5,PAID,CARD,TX-YB6GCSWIYF9J
792,138,595,1,,2523,19050.0,PAID,CARD,TX-EA1ERVTFQDUL
793,317,445,1,,,63636.0,PAID,GATEWAY,TX-LE8SKIY2G6J0
794,228,987,1,,135,51727.5,REFUNDED,CARD,TX-BV5RCR5Y8JE0
795,484,874,2,3,740,88209.0,PAID,TRANSFER,TX-YB5BQ5TZ9WF5
796,611,1493,2,4,1580,13794.0,PAID,CARD,TX-5GRN5YUNLAYQ
797,,677,1,,1609,96528.72,FAILED,GATEWAY,
798,13,1247,2,3,1074,72904.92,PAID,CASH,TX-CW1KAZV6WNA3
799,437,616,2,3,3109,16335.0,PAID,CASH,TX-EV96CRK7SOOI
800,37,718,1,,2155,29940.0,PAID,CARD,TX-P55BYJO7C5QV
801,470,1366,1,,834,44760.0,PAID,CARD,TX-86TKKR2DX91K
802,421,765,1,,56,27689.4,PAID,CARD,TX-7M7NO5WTT3E9
803,495,633,2,4,469,27588.0,PAID,CASH,TX-IDUXMKLUF28G
804,628,807,1,,2308,58372.5,PAID,GATEWAY,TX-AA60O4QAZ32L
805,52,175,1,,3023,15129.6,PAID,GATEWAY,TX-CV506NKV2HA3
806,,544,1,,1821,13914.6,FAILED,GATEWAY,
807,214,1226,2,2,1724,32670.0,PAID,TRANSFER,TX-QDDK0ONYU7GZ
808,,268,2,2,147,42688.8,FAILED,CASH,
809,55,290,2,1,3115,16335.0,PAID,CASH,TX-UIA1NJ0C2WKJ
810,205,642,2,1,3023,56482.8,PAID,CARD,TX-AKEF72AKTVMC
811,429,884,2,3,2654,35574.0,PAID,CASH,TX-8X3KDDM5RVFH
812,589,1175,2,4,1362,28459.2,PAID,CASH,TX-891GU6YXMQNE
813,377,48,1,,805,37074.0,PAID,CARD,TX-TQ0HIZO25MP2
814,285,62,1,,631,31692.0,PAID,CARD,TX-DB6YA1HB1VBU
815,292,671,1,,546,27036.0,PAID,CARD,TX-LFGRAVFMZ3LK
816,537,590,1,,419,40220.4,PAID,CARD,TX-N197MMHQW69X
817,486,1202,2,4,,51727.5,PAID,CARD,TX-17977YY5L57S
818,416,958,2,4,128,14520.0,PAID,CARD,TX-NDRKVTUO155D
819,476,57,1,,2969,55650.0,PAID,GATEWAY,TX-HE1G5GON5CDW
820,555,917,2,3,1275,72926.7,PAID,CASH,TX-N3EG33HKW1WL
821,64,907,2,2,2406,68302.08,PAID,CARD,TX-XUR7HAL7NGTI
822,282,599,1,,3135,65388.0,PAID,CARD,TX-J5DUYYWJOYGK
823,195,1494,1,,1058,25729.2,PAID,GATEWAY,TX-ETB15EGV10K6
824,14,852,1,,2548,15601.5,PAID,GATEWAY,TX-9GI9MYUQ99PW
825,453,16,1,,2367,28642.8,PAID,GATEWAY,TX-0FGCYWF0B0AF
826,28,112,1,,635,71758.65,PAID,GATEWAY,TX-WVRZLY4Z6KLL
827,310,858,2,1,1348,45738.0,PAID,CASH,TX-NGVQAM9YE77J
828,335,761,1,,,16552.56,PAID,GATEWAY,TX-96Q2MHI7O3HK
829,268,1163,1,,968,76449.9,PAID,CARD,TX-RUN01SFY4DKV
830,349,1413,2,4,2085,71874.0,PAID,CARD,TX-OJ4X9OV7YS1Y
831,179,1475,2,3,101,13068.0,PAID,CASH,TX-ZZTL246KOLFP
832,280,168,1,,513,42582.0,PAID,CARD,TX-MYIDUEBXUGO4
833,79,1336,2,2,1926,29040.0,PAID,CARD,TX-0MYV9LY3NFXF
834,631,1092,2,3,1226,48024.9,PAID,CARD,TX-YK9CIUBVX1BO
835,176,685,1,,3096,85154.64,PAID,CARD,TX-0BPOJUKI2S6M
836,353,689,1,,1287,18104.62,PAID,CARD,TX-7YOENPX99540
837,314,239,1,,3143,70741.2,REFUNDED,CARD,TX-HW235HCK1DIV
838,349,1437,1,,,27336.0,PAID,GATEWAY,TX-W5CHAK55ZX6B
839,426,303,2,2,2936,39204.0,PAID,CASH,TX-U37004HZCZCR
840,473,591,1,,1969,55650.0,PAID,CARD,TX-XF82G7CW0U6M
841,567,291,1,,535,40331.4,PAID,CARD,TX-JA8H1JFIKJ1D
842,,1224,1,,3063,37709.25,FAILED,CARD,
843,524,313,1,,3110,43560.0,PAID,CARD,TX-K68Q2247VDQP
844,75,1411,1,,551,44624.4,PAID,CARD,TX-MEOF46LF2SAB
845,582,30,1,,232,16141.08,PAID,CARD,TX-NF5SJEIGTBG7
846,243,1371,1,,85,41926.5,PAID,CARD,TX-HZVE1ZU43XQK
847,607,167,1,,1804,25613.28,PAID,GATEWAY,TX-X0VVW8X11PHH
848,123,281,1,,1809,29867.4,PAID,CARD,TX-80OCGN7DPWB0
849,573,64,1,,2875,28642.8,PAID,CARD,TX-DMXIWQ7HRL37
850,423,172,2,3,189,16008.3,REFUNDED,CASH,TX-VNX9SJEICUYZ
851,,637,1,,3128,55350.0,FAILED,GATEWAY,
852,224,1006,1,,2272,35685.0,PAID,CARD,TX-NC9NXAJMZ0IK
853,87,539,2,2,2737,19965.0,PAID,CARD,TX-HDEKRNUTPCOH
854,576,590,1,,577,55405.5,PAID,CARD,TX-TTTDOIQD5YT1
855,593,1294,2,2,2704,26898.3,PAID,CASH,TX-I5RYBNMLGN7F
856,95,60,2,2,909,54450.0,PAID,CARD,TX-JXSGIW46BUXR
857,500,136,1,,1625,33870.0,REFUNDED,CARD,TX-MP2IC5LM3YGW
858,584,1356,1,,,33870.0,PAID,CARD,TX-S4G9KXJO4U1F
859,91,371,1,,1105,14268.0,PAID,CARD,TX-7OFCGML9KJKH
860,596,1406,2,2,2623,56029.05,PAID,CARD,TX-NW3MO20KZP3Q
861,411,1104,1,,710,25729.2,PAID,CARD,TX-H2E0Q1QMJCJR
862,359,817,1,,3033,14483.7,REFUNDED,CARD,TX-HH10UCS1XNPW
863,523,240,1,,2786,49905.0,PAID,CARD,TX-BKWJ11VV4O94
864,,476,1,,378,54188.4,PENDING,GATEWAY,
865,117,1115,1,,2131,138871.38,PAID,CARD,TX-TA6UF6GK4P9O
866,414,412,1,,333,55650.0,PAID,CARD,TX-6COJUQ9KP4U8
867,535,671,2,4,2983,39204.0,PAID,CASH,TX-ZOBIZ0B77UQN
868,,328,2,1,2337,41382.0,FAILED,CASH,
869,249,371,1,,1869,36474.0,PAID,CARD,TX-GJ33UD5UOJFZ
870,115,1048,1,,1048,16718.25,PAID,GATEWAY,TX-OK3S87UKBX3A
871,422,1259,1,,,50306.64,PAID,GATEWAY,TX-GY0LZS3M0JG4
872,520,397,2,3,346,49821.75,PAID,TRANSFER,TX-7B85TNTG6GIU
873,479,470,1,,1344,36474.0,PAID,CARD,TX-ZDWD5C75GIEU
874,406,555,2,4,2465,25613.28,PAID,CASH,TX-9GGZ6472476T
875,104,1257,2,2,1245,14483.7,PAID,CASH,TX-2BXS8RWGOSGJ
876,447,757,1,,886,50205.0,PAID,GATEWAY,TX-N5XFSH0K732N
877,98,216,1,,3172,54778.8,PAID,CARD,TX-E8EFT4CJ4TYW
878,303,1176,2,1,1297,32670.0,PAID,CARD,TX-14OFN1BWVBYE
879,147,2,2,1,2760,14520.0,PAID,CASH,TX-H82QCFREILZF
880,459,1295,2,4,2318,11761.2,PAID,CARD,TX-12YKCGJEE3D4
881,234,1335,2,3,2539,23522.4,PAID,CARD,TX-YC3DAD6RU0I7
882,75,1445,2,3,998,53288.4,PAID,CARD,TX-K7DCU8895HXL
883,216,691,1,,2273,13614.6,PAID,GATEWAY,TX-QMK6831HI1FU
884,238,780,1,,1258,61693.42,PAID,CARD,TX-D82KMB30I1WW
885,558,338,1,,1016,17172.0,PAID,GATEWAY,TX-AO3FQ7ANZWXG
886,38,380,1,,2570,27336.0,PAID,CARD,TX-KYONP5BOI5AF
887,360,582,1,,3138,54316.5,PAID,CARD,TX-GTRO72E0F9F4
888,359,711,1,,1243,51727.5,PAID,GATEWAY,TX-8SB4JC7MOG4Z
889,,991,1,,2720,19304.62,FAILED,CARD,
890,291,500,2,4,2463,53361.0,PAID,TRANSFER,TX-KIXCVAM23HT4
891,228,99,2,2,2066,30492.0,PAID,CARD,TX-AUBLFJU8SMSS
892,293,1002,1,,1274,40830.0,PAID,GATEWAY,TX-S4JSOMPXXDZT
893,595,1310,1,,2539,44460.0,PAID,CARD,TX-T132P8C17OX6
894,,1276,2,2,1107,51727.5,PENDING,CASH,
895,23,307,1,,874,78945.0,PAID,GATEWAY,TX-DKNOU6TJ2PKK
896,155,1133,2,4,1253,28459.2,PAID,CARD,TX-7DXE2IFR8H6O
897,607,1234,2,3,2958,97284.0,PAID,CARD,TX-JUDW6W14E2L8
898,641,573,2,3,2048,38419.92,PAID,TRANSFER,TX-WWPR1Q9Z3IG3
899,164,1008,1,,2146,31728.3,PAID,CARD,TX-ENPDKZ3AF3T8
900,130,1124,1,,3189,29659.2,PAID,GATEWAY,TX-FE0B17MY6XLE
901,135,139,1,,1772,106288.5,PAID,CARD,TX-8RFBOMI53VT0
902,424,771,2,1,42,13721.4,PAID,CARD,TX-3VJT6TCJAY1F
903,15,960,2,3,1383,73652.7,PAID,CASH,TX-GI9I7WA78V3C
904,625,210,2,2,1722,59212.56,PAID,CASH,TX-0W4T7CAMSO64
905,468,498,2,1,2747,17968.5,PAID,CARD,TX-RD1PO5RGJFOM
906,196,1058,1,,3118,83936.25,PAID,CARD,TX-P6DMWYE5RNY3
907,378,350,1,,1308,44760.0,PAID,GATEWAY,TX-ARDM8ZPH9FC6
908,469,4,2,2,214,71692.5,PAID,CARD,TX-RGPCRNYGRF0C
909,127,200,2,4,1347,13068.0,PAID,CASH,TX-4I36422IDC5V
910,375,474,1,,2595,31382.16,PAID,GATEWAY,TX-K4SYSAVA730W
911,150,1073,2,1,2494,14941.08,PAID,CASH,TX-YMZ2MKGIJBNU
912,284,679,1,,321,16020.0,PAID,CARD,TX-IM425VK3ZUQE
913,102,564,1,,1235,90546.48,REFUNDED,CARD,TX-DUD85ZYCKEWR
914,92,981,2,1,1596,62552.16,PAID,CASH,TX-Z823RHU1RGTU
915,,560,1,,1790,40830.0,FAILED,GATEWAY,
916,212,403,2,3,2658,14520.0,PAID,CARD,TX-2XR3RFBIURES
917,363,228,2,2,610,40619.7,PAID,CASH,TX-7R7O0Y7LPSV0
918,169,331,1,,2053,50205.0,PAID,CARD,TX-XU007BBMPXQ3
919,528,555,2,4,,44104.5,PAID,CASH,TX-BX6IB3STV3CI
920,410,641,1,,1748,36892.5,PAID,CARD,TX-9D4GTCAZCFDA
921,577,1450,1,,3066,29659.2,PAID,CARD,TX-VJ484HHAIAQN
922,462,591,2,1,2591,43560.0,PAID,CARD,TX-T0KKM3XQRW1I
923,596,934,2,2,965,13721.4,PAID,CASH,TX-EY5K1OBWL61A
924,505,316,2,1,1974,13068.0,PAID,CARD,TX-W7CLSVOPTNNY
925,244,774,1,,,63636.0,PAID,CARD,TX-5ADAPV3GD0Q1
926,566,1049,1,,2164,27336.0,PAID,CARD,TX-WOCQJR6VH5Y6
927,44,592,1,,2930,82303.8,PAID,GATEWAY,TX-05B5NG2LRYD8
928,469,797,1,,3050,76631.4,PAID,CARD,TX-3ILBQNWYEJ5V
929,,1287,1,,,27336.0,FAILED,GATEWAY,
930,341,405,1,,709,44188.8,PAID,CARD,TX-MWG92GVW2CFC
931,348,1023,1,,1749,102885.9,PAID,CARD,TX-37PBTITXR2VB
932,462,649,1,,1442,36483.6,PAID,CARD,TX-UFAH4BA6VNT6
933,,772,2,4,,23522.4,FAILED,CARD,
934,202,1290,2,1,1530,12414.6,PAID,CASH,TX-WHLVJ8SMOFFM
935,347,1001,1,,,33570.0,PAID,GATEWAY,TX-HJ4TVWA317GG
936,231,611,1,,1488,13914.6,PAID,GATEWAY,TX-CZJX59R04YHR
937,185,1414,1,,1574,16335.0,PAID,GATEWAY,TX-HB7RH7FJGVMF
938,446,888,1,,1895,14374.8,PAID,CARD,TX-D5V7TFP9UOBX
939,352,40,1,,2179,16373.4,PAID,CARD,TX-GSKJ8PPJMJ3N
940,414,186,1,,1939,30240.0,PAID,CARD,TX-F1P6RD76F83E
941,9,58,2,3,1805,31744.35,PAID,CASH,TX-ZV4WV2P0ZID5
942,518,1072,1,,674,55350.0,PAID,CARD,TX-PBU6P3TL0TA8
943,17,818,1,,539,44460.0,PAID,GATEWAY,TX-RJ9ULZWOONXZ
944,459,1267,2,4,540,39204.0,PAID,CASH,TX-TKCF057GSQ7W
945,160,1101,2,1,1929,14229.6,PAID,TRANSFER,TX-FUFM82ZHPEAU
946,141,1466,2,2,2667,14229.6,PAID,CASH,TX-NUHAQXRJ9368
947,4,1471,2,2,1389,65811.9,PAID,CARD,TX-QWDVC65HYS7B
948,,4,2,4,2568,110424.6,PENDING,CARD,
949,32,142,2,4,3127,49005.0,PAID,CASH,TX-WHFAHOXJBV9M
950,116,1018,2,3,623,45738.0,PAID,CASH,TX-G6D32X570LA5
951,386,1305,1,,257,55650.0,PAID,CARD,TX-OPTFG2O9FMKK
952,340,174,2,4,,14520.0,PAID,CASH,TX-Z94DYBO0A7OX
953,572,371,2,4,1470,39204.0,PAID,CASH,TX-CBVKHV09AMPT
954,116,1174,1,,1832,47986.78,PAID,CARD,TX-PBJFHKKMCWYY
955,640,640,2,4,964,50094.0,PAID,CASH,TX-FRO6XUEEZ21P
956,618,58,2,1,2349,51727.5,PAID,CASH,TX-26ZNL6HR3BD0
957,163,494,1,,,50205.0,PAID,CARD,TX-PNPN728ZHZD7
958,225,1416,1,,80,28488.0,PAID,GATEWAY,TX-4DWUPCKULXTI
959,461,680,1,,,27113.28,PAID,GATEWAY,TX-G0YBYLL79D2Z
960,,693,1,,1955,39619.92,FAILED,CARD,
961,540,728,2,2,1980,29040.0,PAID,CASH,TX-XML4T5D8K9T8
962,95,1011,1,,607,28488.0,PAID,CARD,TX-IHDE23C04LJX
963,596,787,2,1,997,80368.2,PAID,CASH,TX-NWPCRS74GI8I
964,485,564,1,,3165,13968.0,PAID,CARD,TX-J0SU863DH9MS
965,619,509,1,,466,19876.35,PAID,CARD,TX-TQLAYGK4M306
966,578,1280,2,3,2399,14229.6,PAID,CARD,TX-NTHMS7WVF5KE
967,318,1119,2,1,786,56029.05,PAID,CARD,TX-HZIDEK70YQMJ
968,558,1393,1,,779,46023.24,PAID,CARD,TX-R357EWVOL6S9
969,241,1392,1,,804,31692.0,PAID,CARD,TX-U8DVNQFSTYSY
970,93,331,2,3,3048,72237.0,PAID,CASH,TX-H1AQZGQEYNNS
971,109,16,1,,2304,70591.08,PAID,GATEWAY,TX-WZNJNSQI1V2U
972,629,655,1,,1116,37074.0,PAID,GATEWAY,TX-GSYYOIXYYQ4P
973,105,1220,1,,3197,15901.5,PAID,GATEWAY,TX-20HKRIAOI4PZ
974,429,833,1,,314,29940.0,PAID,GATEWAY,TX-A5D157U2Q4NR
975,625,1418,1,,,18676.35,PAID,GATEWAY,TX-G5W28UYGETE7
976,206,671,2,2,2852,53361.0,PAID,TRANSFER,TX-R8N3A55NABM5
977,22,727,2,3,183,43560.0,PAID,CARD,TX-QAHSU1GIQ05P
978,522,734,1,,1492,69018.0,PAID,CARD,TX-LWQT408OSLA7
979,,1158,1,,,35503.5,PENDING,GATEWAY,
980,610,635,2,1,2890,36300.0,PAID,CASH,TX-BC6TVDXHTEBQ
981,501,549,1,,1364,19004.62,PAID,CARD,TX-U2C5AJ0YEM1X
982,500,863,2,4,1212,71656.2,PAID,TRANSFER,TX-C1UMTCB7HQ57
983,187,917,2,1,,13721.4,PAID,CASH,TX-9L6HLTE9YWUB
984,206,884,1,,2988,45738.0,REFUNDED,CARD,TX-P41BX176TWY9
985,306,783,1,,384,42882.0,PAID,GATEWAY,TX-TMEFO486PVYN
986,,1080,2,4,563,71556.38,FAILED,CASH,
987,100,195,1,,1465,56929.05,PAID,CARD,TX-OJ4L17K6OHPX
988,104,81,2,1,1213,86521.05,PAID,CASH,TX-0XDRSSA3J8RI
989,361,299,2,4,2818,60228.96,REFUNDED,CASH,TX-ZBNT1UZYMPR4
990,89,293,1,,373,94438.08,PAID,CARD,TX-JXLJCHXTZZHT
991,583,1318,2,2,2010,63525.0,PAID,CASH,TX-NACPY7CMSCNT
992,119,1176,1,,916,28342.8,PAID,CARD,TX-RNCIQ1HXGCFX
993,617,435,2,2,504,24829.2,PAID,CARD,TX-VV8MQQ8N8077
994,428,1209,2,1,173,14374.8,PAID,CASH,TX-GNVYGIAV590M
995,292,664,2,2,842,33577.5,PAID,CARD,TX-ML14I07HMD66
996,98,1375,1,,2287,30240.0,PAID,CARD,TX-0NW0F3CSBUH0
997,632,866,1,,2776,54561.0,PAID,CARD,TX-TJHL936P9I7S
998,218,582,1,,2913,79390.2,PAID,GATEWAY,TX-36JF3F6JUBKN
999,,505,2,3,2709,28749.6,FAILED,CARD,
1000,509,353,2,2,,43560.0,PAID,CARD,TX-ODZLPNY7CY2Z
1001,41,990,1,,2031,14994.0,PAID,GATEWAY,TX-A7S4G5V2NVKH
1002,345,648,1,,43,37500.0,PAID,CARD,TX-78XBP8Z1QJP8
1003,635,596,1,,,92474.25,REFUNDED,CARD,TX-AF63BLSL5N6H
1004,229,276,1,,1369,42282.0,PAID,CARD,TX-TKPZ0D63YECM
1005,339,478,1,,2795,52627.5,PAID,GATEWAY,TX-KQLY2GJYQ7EY
1006,194,1207,2,4,1324,18150.0,PAID,CARD,TX-TOHJFN17BI6Q
1007,267,533,1,,1624,14568.0,PAID,CARD,TX-VSMOAYOPXOPH
1008,573,1393,2,4,,71692.5,PAID,CASH,TX-OEA0CMYZZJOK
1009,252,843,1,,3179,72783.6,PAID,GATEWAY,TX-SU4A3NLRGBTU
1010,616,252,2,1,654,47124.66,PAID,CASH,TX-IYMWL7GFRD42
1011,257,787,2,1,2373,64831.8,PAID,TRANSFER,TX-CTAYJ9UI8NNP
1012,137,16,1,,723,37200.0,PAID,GATEWAY,TX-SL3BEGJ35JD4
1013,576,324,1,,1968,50505.0,PAID,GATEWAY,TX-9RLGDJ7WODYD
1014,621,601,2,1,,34122.0,PAID,CARD,TX-RIXVX41DJ703
1015,62,1368,2,1,721,60258.0,PAID,CASH,TX-WWGGRPNXY9VE
1016,41,1306,2,2,2389,36300.0,PAID,CASH,TX-6F38W2ZDA9QL
1017,507,339,1,,733,43888.8,PAID,CARD,TX-43U73Z8EZTMB
1018,269,1108,2,2,2569,29403.0,PAID,CARD,TX-GPC69M0K1Y4F
1019,314,1154,1,,341,27336.0,PAID,GATEWAY,TX-VSXHBZ67SYBN
1020,367,527,1,,2584,86442.0,PAID,GATEWAY,TX-1ANLJVGSCDQZ
1021,233,319,1,,,87755.25,REFUNDED,GATEWAY,TX-TYZCPT3S7AZM
1022,289,756,2,4,1283,29911.2,PAID,CASH,TX-AXW41ZU4JO0P
1023,483,299,1,,1498,19287.0,PAID,CARD,TX-E3P3OOLQLOIM
1024,,317,1,,3120,60795.0,FAILED,CARD,
1025,346,917,2,3,2078,17787.0,PAID,CASH,TX-887R1BH0MH74
1026,336,1378,2,1,1855,29040.0,PAID,CASH,TX-4NT4N8YNQOP4
1027,293,416,1,,879,35574.0,PAID,GATEWAY,TX-QO0MPQ9C61BR
1028,540,962,1,,1609,26029.2,PAID,GATEWAY,TX-3MQJJ9QJZGD2
1029,10,453,1,,1763,32236.5,PAID,GATEWAY,TX-TLVHYCUYLW8N
1030,,113,1,,3040,29940.0,PENDING,CARD,
1031,6,645,1,,1370,54261.0,PAID,CARD,TX-G1IQ3TVFUIY1
1032,,1212,1,,715,54561.0,FAILED,CARD,
1033,,468,2,4,1533,46957.68,FAILED,CASH,
1034,178,183,1,,1222,62058.24,PAID,GATEWAY,TX-2LBZJE4FG0OE
1035,499,1096,1,,109,18676.35,REFUNDED,CARD,TX-2L16YBOVCB1Y
1036,,1436,2,1,2622,68824.8,PENDING,CARD,
1037,189,1404,1,,2798,29659.2,PAID,GATEWAY,TX-TO9HB0JEOSV0
1038,59,134,1,,400,28488.0,PAID,GATEWAY,TX-N78P0TWBARQI
1039,,691,1,,748,43888.8,FAILED,CARD,
1040,423,92,1,,561,104955.0,PAID,GATEWAY,TX-6BZNZHUX0TMN
1041,411,1288,1,,,20557.5,PAID,GATEWAY,TX-IP6C9NSJ37PX
1042,437,918,1,,2026,13968.0,PAID,CARD,TX-OVJNTKCLRJX6
1043,25,370,1,,2027,50703.6,PAID,CARD,TX-HFDWZJUC5RUS
1044,417,1206,1,,832,29649.6,PAID,CARD,TX-2GJZ1780ZDEU
1045,410,104,2,2,1670,35574.0,PAID,CASH,TX-0CFIZ17YBEX3
1046,260,1356,2,2,2731,58007.4,PAID,CARD,TX-4K1W7GR7YPL1
1047,438,1059,1,,,74547.78,PAID,CARD,TX-LU81FSFQMUUE
1048,615,642,1,,1768,38743.8,PAID,GATEWAY,TX-6CXEFOJHOFVF
1049,38,138,1,,561,65025.0,PAID,CARD,TX-YQ9R14Y8M7XW
1050,110,484,2,4,2730,43560.0,PAID,CARD,TX-4951ABA6ZCUK
1051,257,888,1,,1642,32805.12,PAID,GATEWAY,TX-PHCF4WGQ8G9P
1052,486,264,2,2,2254,32670.0,REFUNDED,CASH,TX-5JSRIFVOESCA
1053,,1409,1,,1431,42582.0,FAILED,GATEWAY,
1054,409,1072,2,4,1414,29040.0,PAID,CARD,TX-0HERHESXIGZQ
1055,605,417,1,,1904,24722.4,PAID,CARD,TX-KEH9W3B40KWE
1056,217,642,1,,287,29867.4,PAID,CARD,TX-4Y5HFLUR8FF6
1057,627,1047,1,,1266,86248.8,PAID,CARD,TX-H5JU3UE46NEO
1058,31,1412,1,,2087,37709.25,PAID,GATEWAY,TX-QANANC1D39WN
1059,,1394,1,,2262,50277.6,FAILED,GATEWAY,
1060,33,1215,2,1,322,107756.55,PAID,CARD,TX-V9T3WYBPYMRT
1061,296,649,2,1,2847,19057.5,PAID,CARD,TX-FOOAXRWSPDWZ
1062,,1031,2,1,2078,29040.0,FAILED,CASH,
1063,512,315,1,,210,14694.0,PAID,GATEWAY,TX-D2QUXGQHIODI
1064,168,1076,2,4,1370,34666.5,PAID,CARD,TX-ME3CB2JG50ZB
1065,53,1245,2,1,2233,13068.0,PAID,CASH,TX-445AZD30M4EF
1066,,679,1,,1484,18687.0,PENDING,GATEWAY,
1067,,248,1,,2157,27336.0,FAILED,GATEWAY,
1068,126,958,1,,794,29940.0,PAID,GATEWAY,TX-RA1346TMP7N4
1069,,740,2,4,1742,73442.16,FAILED,CARD,
1070,440,800,1,,2012,37500.0,PAID,GATEWAY,TX-NE5VCSIZLCP8
1071,456,1427,2,1,3,51001.5,PAID,CARD,TX-QQYDNW8XE3AC
1072,190,1379,1,,2859,36774.0,PAID,GATEWAY,TX-UIU7QQ3TB2VA
1073,,54,1,,923,97821.0,PENDING,GATEWAY,
1074,,66,1,,2350,37744.5,PENDING,CARD,
1075,42,447,2,3,619,59895.0,PAID,CARD,TX-6FT3CBZ2DLF7
1076,379,1351,1,,238,52655.25,PAID,GATEWAY,TX-52QN3PVIM2QZ
1077,157,161,1,,1501,18442.5,PAID,GATEWAY,TX-9M9D253249PX
1078,328,545,1,,978,91403.4,PAID,CARD,TX-3NYLU43ST1HC
1079,410,1248,1,,2803,31936.5,PAID,CARD,TX-BHAW7ENCELRT
1080,,513,2,3,2402,49005.0,FAILED,CASH,
1081,353,397,1,,1817,14268.0,PAID,CARD,TX-CM363EY89ZWI
1082,16,1015,1,,680,52165.2,PAID,CARD,TX-HRKRGKQ8UL4J
1083,,1200,1,,859,46720.2,FAILED,GATEWAY,
1084,32,23,1,,924,30249.6,PAID,CARD,TX-BI8NBB2GFWVW
1085,283,1029,1,,,52627.5,PAID,GATEWAY,TX-CTAIJQZP1VTJ
1086,53,819,1,,2449,49116.0,PAID,GATEWAY,TX-C9CNAVIQED87
1087,122,494,1,,3054,64788.0,PAID,GATEWAY,TX-H8XN8WHN8VJF
1088,603,1406,2,1,26,29040.0,PAID,TRANSFER,TX-SKJ63HW22Z0S
1089,,1177,1,,,50205.0,FAILED,CARD,
1090,630,1234,1,,883,13614.6,PAID,GATEWAY,TX-33VVOPNC7M1V
1091,624,520,1,,1056,42282.0,PAID,CARD,TX-9C59LE4PMN0N
1092,285,810,2,2,1427,31036.5,PAID,CARD,TX-1B00C6P3E7WE
1093,357,468,1,,2855,31992.0,PAID,CARD,TX-ZXPARW83TT27
1094,455,1331,2,3,2831,56918.4,PAID,CARD,TX-GYEZCI7AOLHG
1095,476,145,2,4,319,30492.0,REFUNDED,CASH,TX-KZYJOL5GON7R
1096,458,39,1,,1857,15720.0,PAID,CARD,TX-L7GUH9WI538H
1097,26,175,1,,,57717.0,REFUNDED,GATEWAY,TX-694V3KRA7XZU
1098,110,276,2,3,,18150.0,PAID,TRANSFER,TX-XMRNFIE16NUJ
1099,204,1054,1,,866,76857.75,PAID,CARD,TX-IBRQF5LNJIHE
1100,527,690,2,2,2645,13794.0,PAID,TRANSFER,TX-FKAJJ2GANOMP
1101,569,828,1,,1471,27588.0,PAID,CARD,TX-375ZUIDVJPS1
1102,90,302,2,4,2012,117757.2,PAID,CARD,TX-G8R7ZO9JZGZ2
1103,190,604,1,,401,14006.64,PAID,CARD,TX-80SIEJ5BK0I5
1104,38,298,1,,242,16552.56,PAID,GATEWAY,TX-EDMHITCUMM7P
1105,549,887,2,3,3173,17787.0,PAID,CASH,TX-EO5JRHBFX2EF
1106,343,1083,1,,1934,32670.0,PAID,CARD,TX-WOYSXG53888X
1107,310,859,1,,1730,55350.0,PAID,CARD,TX-XAMVICUUGJWV
1108,237,220,2,4,2993,47916.0,PAID,TRANSFER,TX-PAOJUD15COHI
1109,,774,2,2,1900,46554.75,FAILED,CARD,
1110,218,547,1,,1666,30240.0,PAID,GATEWAY,TX-TL7DOK1WYVUP
1111,207,1127,2,2,1542,64817.28,PAID,CARD,TX-1XGEUQQ1YKXA
1112,434,839,1,,1340,28488.0,REFUNDED,CARD,TX-4C25SWG623J7
1113,571,771,2,3,1256,18104.62,PAID,CARD,TX-VQJDDGB9S7SC
1114,494,1296,2,4,2895,51727.5,REFUNDED,CASH,TX-PQCSW77DVI8F
1115,481,447,1,,1698,59161.5,PAID,GATEWAY,TX-X79C57AXLIM2
1116,160,158,2,3,368,39131.4,PAID,CASH,TX-H5VB1T5C2WVW
1117,586,1169,1,,1797,49116.0,PAID,CARD,TX-IGS3QNXZQFS3
1118,533,1010,2,4,1191,27588.0,PAID,TRANSFER,TX-JHDWXDCOS516
1119,396,758,2,1,1366,13721.4,PAID,CASH,TX-O5WOD31ENBB3
1120,49,974,2,2,564,35574.0,PAID,CARD,TX-RUGCIPLQ996X
1121,506,978,2,2,2329,45738.0,PAID,CASH,TX-E1ZC7BVVG5S9
1122,74,447,2,4,846,31944.0,PAID,TRANSFER,TX-CVF7JMYIRM6N
1123,237,660,1,,3184,29475.6,PAID,CARD,TX-Q59M73SLZ3Z7
1124,286,918,2,3,2552,15652.56,PAID,TRANSFER,TX-L7RQCS8GNEDO
1125,475,1015,1,,2125,46023.24,PAID,GATEWAY,TX-73QFJ4GT403J
1126,581,641,1,,2014,19050.0,PAID,GATEWAY,TX-CUBPR0W6U7HK
1127,324,1184,1,,288,45723.24,PAID,CARD,TX-PHA6F70RTCVY
1128,286,1355,1,,2883,43560.0,PAID,CARD,TX-LNJO8K9EFT5N
1129,303,1399,2,3,,26136.0,PAID,CASH,TX-WVD777TJC79R
1130,281,333,2,1,1456,60025.68,PAID,TRANSFER,TX-414GGSD40U3U
1131,624,214,2,1,103,28459.2,PAID,CASH,TX-V82VSNOR1C2G
1132,452,1010,2,3,1167,18966.75,PAID,CARD,TX-DM1268VOFH2R
1133,,531,2,2,778,13721.4,PENDING,CASH,
1134,508,232,1,,1078,29882.16,PAID,GATEWAY,TX-QDZNX80E88R2
1135,638,545,1,,1374,58672.5,PAID,CARD,TX-SFRN6GUUHRZW
1136,105,414,1,,2389,17787.0,PAID,GATEWAY,TX-1RPRZZSBLJ8I
1137,321,14,1,,8,18150.0,PAID,CARD,TX-Y8X4YFGILM0W
1138,535,1059,1,,2460,36774.0,PAID,CARD,TX-Q2BLL0O7DSRL
1139,259,1008,1,,1793,50205.0,PAID,CARD,TX-4ZCKHN0C9Z4B
1140,219,1470,1,,1342,36483.6,PAID,CARD,TX-M07NKWX86Y4I
1141,372,146,1,,1553,40404.0,PAID,CARD,TX-1ZLZWDGBHDCG
1142,543,365,1,,2707,31692.0,PAID,CARD,TX-SLKCCEEDB255
1143,407,1098,2,2,1523,39204.0,PAID,CASH,TX-FAZD0SNK0JDH
1144,597,1146,1,,367,42282.0,PAID,CARD,TX-N7M9U59WVL3G
1145,554,1109,2,1,3009,45520.2,PAID,CASH,TX-05WDNLD6ARW4
1146,623,308,2,1,,57172.5,PAID,CARD,TX-4L7N2LEYUKO6
1147,576,578,2,1,1887,57172.5,PAID,CASH,TX-7BLW9MAHE441
1148,,697,1,,1856,19050.0,PENDING,GATEWAY,
1149,395,110,1,,729,56656.8,PAID,GATEWAY,TX-7J92D3CBIWMR
1150,335,427,1,,2337,59897.1,PAID,CARD,TX-JY83EP2XMB8K
1151,111,695,1,,,33668.25,PAID,CARD,TX-PRERKFCMDZ47
1152,,493,1,,1606,26136.0,FAILED,GATEWAY,
1153,278,776,1,,1736,32916.6,PAID,CARD,TX-SNP8DCWCJ0TC
1154,61,1278,1,,2251,39319.92,PAID,GATEWAY,TX-49W5LS1106P3
1155,366,297,1,,981,57529.05,PAID,GATEWAY,TX-CJ9X9YEZPUGF
1156,145,1455,2,3,2119,39204.0,PAID,CASH,TX-1CKJ1EMKYEBM
1157,283,728,1,,992,126135.0,PAID,GATEWAY,TX-E54IBTH076D4
1158,499,62,2,1,755,54313.88,REFUNDED,CASH,TX-7FSABQ21VTXR
1159,201,1071,2,3,140,45738.0,PAID,CASH,TX-L8C4W8NF5179
1160,603,880,1,,2798,27588.0,PAID,CARD,TX-B6FQDGXY56FV
1161,107,77,1,,2567,41382.0,PAID,CARD,TX-VICSMQ37HBMT
1162,111,1138,1,,1689,44324.4,PAID,GATEWAY,TX-G9RFGXJ6077H
1163,446,1500,2,3,2393,29040.0,PAID,CARD,TX-60VGAVK01C38
1164,103,688,1,,1392,91342.5,REFUNDED,CARD,TX-BG8R88I5EX5S
1165,20,598,2,4,1945,14520.0,PAID,CASH,TX-A7BVZQ8TSAYY
1166,59,477,2,3,12,17787.0,REFUNDED,CARD,TX-J2TOH9K4C8QY
1167,352,936,1,,1238,31246.8,PAID,CARD,TX-RKD8E72OEIH4
1168,198,244,1,,,112578.0,PAID,GATEWAY,TX-4HY3FI07HR4I
1169,417,1360,1,,529,15720.0,PAID,GATEWAY,TX-YYO6CD640M99
1170,105,449,1,,2598,44760.0,PAID,CARD,TX-GEJFOXM3RFY5
1171,222,659,2,4,2848,43560.0,PAID,CARD,TX-MN9LOIQWHSQ3
1172,,457,2,2,1312,80310.12,FAILED,CASH,
1173,540,136,1,,2931,73700.7,PAID,CARD,TX-45SEADDU8L73
1174,566,1171,2,2,7,29882.16,PAID,CASH,TX-UGPIVH4TNPUT
1175,381,171,1,,462,40104.0,PAID,CARD,TX-VI37D7VPVH9W
1176,,425,1,,2848,35685.0,FAILED,GATEWAY,
1177,516,333,1,,,99391.5,PAID,CARD,TX-N5JQ2KCA7YMQ
1178,259,1466,1,,1262,55650.0,PAID,GATEWAY,TX-R53F55ZZOTS1
1179,64,336,1,,1764,88209.0,PAID,CARD,TX-GNG9O25RJ6QA
1180,540,1296,1,,484,47754.75,PAID,CARD,TX-PLL7BXA2KWVT
1181,234,514,1,,,38419.92,PAID,CARD,TX-Y8TSVIHY401G
1182,413,951,1,,1335,19350.0,PAID,CARD,TX-LULW8GIJY80U
1183,255,1126,2,1,967,49005.0,PAID,CARD,TX-8TLWCMROE9GH
1184,188,802,1,,749,86142.0,PAID,GATEWAY,TX-PHWQ1UIAJQBI
1185,452,1382,1,,2005,35985.0,PAID,GATEWAY,TX-NSCUIECHZSW6
1186,323,1142,2,1,2055,34485.0,PAID,CARD,TX-9CB7H5AHRKG3
1187,35,1408,2,2,2953,68970.0,PAID,CASH,TX-8GQKXLIINLUU
1188,430,61,1,,,15729.6,PAID,GATEWAY,TX-H1TP7QNC1TGS
1189,587,239,1,,2573,83301.0,PAID,CARD,TX-KCMFZWDYKM7O
1190,125,304,2,3,1245,32670.0,PAID,CASH,TX-HRKAWFBAL0T3
1191,114,133,1,,1369,41382.0,PAID,CARD,TX-ARX7HMEZ8QSP
1192,394,1280,1,,2842,26136.0,PAID,GATEWAY,TX-EQPLA90UEAHA
1193,391,687,1,,834,40704.0,PAID,CARD,TX-UVOZKF3TITHG
1194,269,577,2,1,875,83490.0,PAID,CARD,TX-B6ZJGUB6XJJE
1195,104,1414,1,,225,57174.6,PAID,GATEWAY,TX-S9VRCGYPCMC4
1196,149,286,1,,1683,14374.8,PAID,CARD,TX-FGZ73JZOD8K3
1197,,675,2,3,3128,94380.0,FAILED,CASH,
1198,440,775,2,2,242,38419.92,PAID,CASH,TX-VYCIZ6PJAIZQ
1199,406,1224,1,,372,17535.0,REFUNDED,CARD,TX-11KRAHTZRRJK
1200,349,822,1,,,36774.0,PAID,CARD,TX-Z21GZDSFHMOU
1201,125,839,1,,,19350.0,REFUNDED,CARD,TX-VAVWR5T9L1OT
1202,,353,1,,425,27588.0,PENDING,CARD,
1203,578,779,2,4,2093,51727.5,PAID,TRANSFER,TX-E8AJMWRO4X2C
1204,310,1317,2,1,1186,47916.0,PAID,CARD,TX-M28WFYEGFYAZ
1205,367,1247,1,,821,39619.92,REFUNDED,GATEWAY,TX-HYD6I0BYVS4C
1206,599,1315,1,,,27336.0,PAID,CARD,TX-SKAE3MFGA6PO
1207,,820,2,3,1966,26136.0,FAILED,CARD,
1208,210,633,1,,2343,56874.6,PAID,CARD,TX-8T9ML0RZARYQ
1209,30,187,1,,2609,44188.8,PAID,GATEWAY,TX-OBTGUXKVN5LD
1210,326,1443,1,,789,18442.5,PAID,CARD,TX-6TITUGSWUNS0
1211,537,1225,1,,2979,30467.4,PAID,CARD,TX-T3097SELEDK7
1212,544,1092,2,1,2350,56900.25,REFUNDED,CARD,TX-GO3PZBF97CY0
1213,78,193,2,4,3137,64359.9,PAID,CARD,TX-I0PYIZYZ8CU0
1214,55,184,1,,559,33507.0,PAID,GATEWAY,TX-XI96AZTIKVIF
1215,103,1356,1,,2436,18150.0,PAID,GATEWAY,TX-W3Y5A292HKQI
1216,639,167,2,3,1350,13721.4,PAID,CASH,TX-A26QCF51Q70A
1217,187,215,1,,,49905.0,PAID,CARD,TX-U47Y3PBWE9CL
1218,508,416,2,1,262,44823.24,PAID,CASH,TX-YRLEOGKBPTZR
1219,264,1312,1,,72,48924.9,PAID,GATEWAY,TX-D6A1W5D7VE52
1220,279,352,2,2,2038,14520.0,PAID,CARD,TX-2OAAJPWA0D7D
1221,485,700,1,,2922,32916.6,PAID,CARD,TX-794MJNRFUJJQ
1222,,608,1,,1136,20257.5,FAILED,CARD,
1223,460,529,1,,,53361.0,PAID,GATEWAY,TX-ET5SYT4DGXZX
1224,422,980,2,1,2654,63343.5,PAID,CARD,TX-NIX7QSX3ZYWP
1225,331,825,1,,2131,69289.2,PAID,CARD,TX-U1LVN03Y3PAW
1226,59,470,2,2,3200,80803.8,PAID,CASH,TX-ACRPQNYMP795
1227,331,590,1,,1772,55405.5,PAID,GATEWAY,TX-SGR9W26WC47P
1228,,449,1,,2414,18442.5,FAILED,CARD,
1229,90,814,1,,2702,44651.1,PAID,CARD,TX-OBEQUMWGLKGR
1230,107,638,2,4,1052,42688.8,PAID,CASH,TX-T4YZO5HU599L
1231,91,747,1,,245,42664.2,PAID,GATEWAY,TX-CBW4QL7K3FN3
1232,611,932,2,3,1432,42688.8,PAID,CASH,TX-Q3UHZKXFZVD2
1233,613,541,1,,310,60369.0,PAID,CARD,TX-XIOJ1QFTFDX0
1234,384,517,1,,1578,21065.7,PAID,CARD,TX-FSEQH11K53GR
1235,259,1119,1,,2281,13968.0,PAID,GATEWAY,TX-TT6MZBXWHTKN
1236,442,549,1,,1756,31246.8,PAID,CARD,TX-S4MUYOWSHY61
1237,,774,2,2,686,18966.75,FAILED,CASH,
1238,530,1293,1,,451,44651.1,PAID,GATEWAY,TX-3BFPDBX52NI0
1239,509,1301,1,,1048,45304.5,REFUNDED,GATEWAY,TX-YEL7S4AXDWXD
1240,610,460,2,4,1554,28459.2,PAID,CARD,TX-OMLNGY4KAMPO
1241,81,658,1,,307,37200.0,PAID,GATEWAY,TX-EFG0K2RTJCPF
1242,,1370,2,3,1750,41164.2,FAILED,CARD,
1243,,299,1,,,50195.4,FAILED,CARD,
1244,417,122,1,,36,33371.4,PAID,CARD,TX-GCOB80LQ1Q18
1245,161,1413,2,4,2652,82872.9,PAID,CASH,TX-4DIMV1PQQT3E
1246,527,235,2,3,2611,67082.4,PAID,CARD,TX-YD05KSJPJXUD
1247,174,880,1,,1456,43888.8,PAID,GATEWAY,TX-HKF37P6T7NMW
1248,183,1116,1,,,39315.0,PAID,CARD,TX-15BDP4REC8TU
1249,289,920,1,,1269,146494.38,PAID,CARD,TX-V6QGGY2CVJNM
1250,431,934,1,,252,18442.5,REFUNDED,CARD,TX-LKTDUJIZTLKW
1251,29,184,1,,,18987.0,PAID,CARD,TX-T8LNA4DMS7MC
1252,331,1401,1,,2563,14229.6,PAID,CARD,TX-T76PIV6RE8IV
1253,514,1257,1,,808,15129.6,PAID,CARD,TX-AHS5RCGB077N
1254,271,1360,1,,2728,14694.0,PAID,GATEWAY,TX-HALX6IAOCE96
1255,96,63,1,,1101,56929.05,PAID,CARD,TX-H7KX0M1SHBCC
1256,563,767,1,,,79825.8,PAID,GATEWAY,TX-3G5IIXEP5G4G
1257,383,677,1,,404,14568.0,PAID,GATEWAY,TX-MQ4UMN6M97X1
1258,160,446,1,,743,29475.6,PAID,CARD,TX-YU5RGG1MB4GM
1259,193,15,1,,,29040.0,PAID,GATEWAY,TX-17WLQIPN9JTI
1260,184,1207,1,,1258,42582.0,PAID,CARD,TX-51TK2ZT15NYS
1261,287,721,2,1,2428,28967.4,PAID,CASH,TX-SAW00T5TK2YN
1262,106,142,1,,1786,15129.6,PAID,CARD,TX-FYPGPNEXXE3I
1263,209,570,1,,585,27636.0,PAID,GATEWAY,TX-0RA0YNFS7B06
1264,,1111,2,1,1222,68244.0,FAILED,TRANSFER,
1265,114,1226,1,,,19304.62,PAID,GATEWAY,TX-3YUPSF2XOLZO
1266,634,165,1,,2621,44760.0,PAID,GATEWAY,TX-HW4JQZ1PH40D
1267,,60,2,2,130,35574.0,FAILED,CARD,
1268,193,293,1,,3136,55393.8,PAID,CARD,TX-8M22JLTFCS08
1269,423,385,1,,1693,14229.6,PAID,GATEWAY,TX-J3OFOWR4B2EG
1270,31,748,1,,2478,14306.64,PAID,GATEWAY,TX-KAQB6J9ME1V1
1271,,559,1,,2760,38552.7,PENDING,GATEWAY,
1272,,151,2,4,2037,16335.0,FAILED,CASH,
1273,93,189,1,,3009,42064.2,PAID,CARD,TX-6UX4KUVDI0IR
1274,24,1438,1,,2612,19050.0,PAID,CARD,TX-MFOMRBU5MPJK
1275,,503,1,,1853,52320.0,PENDING,CARD,
1276,514,889,1,,1714,31218.0,PAID,CARD,TX-ENMA88SVQGSX
1277,532,430,2,2,2955,57441.12,PAID,CASH,TX-1LX84WTFOO53
1278,319,998,1,,2955,53227.5,PAID,CARD,TX-HRABZHWPU9ML
1279,,612,1,,2343,26755.2,FAILED,GATEWAY,
1280,423,658,1,,2645,62973.0,REFUNDED,GATEWAY,TX-B10H2RU88NMY
1281,455,44,1,,1266,44324.4,PAID,CARD,TX-0IG3L2RLIXLM
1282,41,892,1,,618,76563.72,PAID,CARD,TX-A1K42SF12A5W
1283,108,1360,1,,1248,47754.75,PAID,GATEWAY,TX-82O4QFACPRU2
1284,73,252,1,,1195,19350.0,PAID,CARD,TX-C8MLSSLQ99AF
1285,626,197,2,1,460,156816.0,PAID,CARD,TX-SLAZZ8C0OJ6U
1286,136,342,2,2,1784,16335.0,PAID,CASH,TX-PVSPL4KXB4OF
1287,61,925,2,1,1130,43560.0,REFUNDED,TRANSFER,TX-42H5ZXRQ0WPB
1288,482,779,1,,1753,55650.0,PAID,GATEWAY,TX-5F3SVQAPFKJM
1289,37,285,1,,3117,17472.0,PAID,GATEWAY,TX-JV7AEULE1WSW
1290,,1121,1,,160,52927.5,FAILED,CARD,
1291,638,916,1,,2540,36300.0,PAID,CARD,TX-2BE2LI51VOGK
1292,86,818,2,2,1217,32670.0,PAID,CARD,TX-JJUPK5S3VKXS
1293,333,826,1,,972,31392.0,PAID,GATEWAY,TX-ADB56EN6Q2G9
1294,356,1082,1,,517,29359.2,PAID,GATEWAY,TX-5E7SRKFF2920
1295,79,999,1,,740,12806.64,PAID,CARD,TX-VILXVXHIDU50
1296,138,488,1,,38,16441.08,PAID,CARD,TX-S31JOYK0KRNL
1297,55,1155,1,,3139,43588.8,REFUNDED,CARD,TX-OS8U3PFZR0K0
1298,230,1092,2,2,2514,14520.0,PAID,TRANSFER,TX-MJJQGFJ2DZKW
1299,,221,1,,1221,51110.4,FAILED,CARD,
1300,,865,1,,3073,43888.8,FAILED,CARD,
1301,468,715,2,1,2178,17242.5,PAID,CASH,TX-DT2MD6T5Y7FE
1302,169,180,1,,1900,25022.4,PAID,CARD,TX-05D3NIOWPXS8
1303,430,650,2,4,2872,43124.4,PAID,CARD,TX-3FZKXBXI4OBS
1304,84,208,1,,2913,54261.0,PAID,CARD,TX-EY0ERI41CCY8
1305,55,1406,2,3,257,76273.56,PAID,CASH,TX-P90LGLG6P87I
1306,288,353,1,,3184,19965.0,PAID,CARD,TX-TSA9HL8YPYRR
1307,,1263,1,,796,13068.0,FAILED,CARD,
1308,,1094,2,2,,11761.2,PENDING,CARD,
1309,202,318,2,4,1304,31036.5,PAID,CARD,TX-QQG6GBPEXWIT
1310,124,1257,1,,854,74190.75,PAID,GATEWAY,TX-IU8XLCK8O8SE
1311,,551,2,3,742,34485.0,FAILED,CARD,
1312,75,918,1,,2728,71859.24,PAID,GATEWAY,TX-FA5RQ8K98Y27
1313,91,800,2,2,1117,13068.0,PAID,CARD,TX-JUXE06XE3N52
1314,193,1152,1,,,54861.0,PAID,GATEWAY,TX-QANXYLIHCEWN
1315,244,1471,1,,1715,35985.0,PAID,GATEWAY,TX-A2OC8I0PLKB0
1316,618,696,1,,2001,33570.0,PAID,CARD,TX-XPJNC06N6MPY
1317,188,945,2,1,1885,35574.0,PAID,TRANSFER,TX-NVGJTVIRO3NH
1318,,214,1,,1122,49551.6,FAILED,CARD,
1319,,465,1,,2404,30240.0,PENDING,GATEWAY,
1320,80,998,1,,,71704.2,PAID,GATEWAY,TX-EICFARYULYWL
1321,223,144,1,,1728,19650.0,PAID,GATEWAY,TX-JN375BMGUHQU
1322,364,683,1,,,52627.5,PAID,CARD,TX-LBHWG5742LO6
1323,467,937,1,,1216,74293.68,PAID,GATEWAY,TX-PHK0VX3GEHLE
1324,178,500,1,,44,35685.0,PAID,GATEWAY,TX-0VR2BKQG7746
1325,101,237,2,4,84,91693.8,PAID,CARD,TX-VUEAF87CLAYP
1326,228,1371,1,,1971,33570.0,PAID,CARD,TX-JCIGHDVV6SFF
1327,463,479,1,,1443,62031.54,PAID,GATEWAY,TX-OS6AYXM9KPJ5
1328,,786,2,2,130,13794.0,PENDING,CASH,
1329,171,1148,2,1,839,57717.0,PAID,CASH,TX-V4XNUT7KWAOO
1330,318,756,2,3,964,41382.0,REFUNDED,CASH,TX-SH2UX6JKL9BL
1331,636,1266,2,2,3123,13068.0,PAID,TRANSFER,TX-C5LT67RB7036
1332,237,276,2,3,,34485.0,PAID,CASH,TX-VQ3IK5LP54RE
1333,564,174,2,2,153,65811.9,PAID,CASH,TX-B0LQCJNIYZJ3
1334,626,9,2,2,1089,54450.0,PAID,CARD,TX-ZR012X3NCZ2Z
1335,182,326,1,,2861,12661.2,PAID,GATEWAY,TX-S8G6W3CJHTXX
1336,514,1213,2,2,1056,25613.28,PAID,CASH,TX-WE0BS3RA7GEV
1337,623,550,2,4,1214,29882.16,PAID,CARD,TX-9NCDOJMUDKNR
1338,398,837,2,2,2361,29040.0,PAID,CASH,TX-H9HLV0HQA5ZZ
1339,3,1303,2,1,1855,46899.6,PAID,CASH,TX-Q66BZAD1ZWAE
1340,520,327,1,,1318,54805.5,PAID,GATEWAY,TX-BERLDG4HSJVN
1341,,1206,2,1,989,14520.0,PENDING,TRANSFER,
1342,26,942,1,,920,40404.0,PAID,CARD,TX-WFZGINJXXLZL
1343,528,379,2,2,1310,105088.5,PAID,CASH,TX-NZGBLQK6GKJF
1344,421,186,1,,2370,15420.0,PAID,GATEWAY,TX-V5EPYUPGEOCM
1345,525,1264,1,,2655,43588.8,PAID,GATEWAY,TX-3FX8POK0PNVJ
1346,504,1327,2,1,2686,15972.0,PAID,TRANSFER,TX-65GGA23S8W6R
1347,413,498,1,,1694,14994.0,PAID,GATEWAY,TX-FEHER45VGED9
1348,316,1439,1,,1789,16446.0,PAID,CARD,TX-7HLRI0TT5IQN
1349,504,545,2,2,1409,49821.75,PAID,CASH,TX-WF6RD6RT3OJL
1350,500,833,1,,425,40404.0,PAID,CARD,TX-0DZPO8I87R2X
1351,239,646,1,,2986,17535.0,PAID,GATEWAY,TX-W9YUMX00YDKL
1352,215,732,1,,138,27636.0,PAID,CARD,TX-EBBYNAFSYPQR
1353,184,213,1,,1844,65703.0,PAID,CARD,TX-O5UCRV50YQVI
1354,372,1365,2,3,2998,42688.8,PAID,TRANSFER,TX-WJD85KOG3LNO
1355,311,545,2,1,3047,38419.92,PAID,CASH,TX-AN0JR4Y6ER0U
1356,,821,2,3,2641,13068.0,FAILED,CARD,
1357,484,641,2,1,1661,38115.0,PAID,CASH,TX-YSWE7MDXAUJ8
1358,419,468,1,,3,71148.0,PAID,GATEWAY,TX-HB3QGDFJX09T
1359,354,609,2,2,1684,95915.49,PAID,CARD,TX-EBF4TQEYBFUM
1360,,880,1,,181,44460.0,FAILED,CARD,
1361,,237,1,,1644,28488.0,PENDING,GATEWAY,
1362,341,506,1,,,40704.0,PAID,GATEWAY,TX-GPUIXKSORQ6G
1363,,716,1,,,15720.0,PENDING,CARD,
1364,591,1141,1,,2076,39619.92,PAID,GATEWAY,TX-G5RGLYT4W0XG
1365,463,1492,1,,289,46638.0,PAID,CARD,TX-TN9SFO8IPC5G
1366,,1465,1,,378,47454.75,FAILED,CARD,
1367,336,1133,1,,2359,50006.64,PAID,CARD,TX-N02KBQ44C9LI
1368,560,1120,1,,1930,40404.0,REFUNDED,CARD,TX-SYF2Q99427IT
1369,18,692,1,,1950,58672.5,PAID,GATEWAY,TX-8D8JYPAKXASO
1370,428,1176,1,,,41382.0,PAID,GATEWAY,TX-CCVNLDCKY5KT
1371,477,188,1,,,40104.0,PAID,CARD,TX-KECGXHUDRZFP
1372,467,700,1,,2075,38443.8,PAID,CARD,TX-SR14GRHDLSGB
1373,458,194,2,2,2110,16335.0,PAID,CASH,TX-HDLZX5G6JZ0G
1374,364,1054,1,,2619,32771.4,REFUNDED,CARD,TX-OID7QSC3HWNR
1375,,993,2,1,,55974.6,FAILED,CARD,
1376,449,337,1,,614,70324.8,PAID,CARD,TX-ZLQUBWLNF1AI
1377,220,218,2,2,1406,12414.6,PAID,CARD,TX-CBT3ZTMBON24
1378,74,1456,1,,2237,42688.8,PAID,CARD,TX-RLRARV0GK7JV
1379,273,259,2,1,,32670.0,PAID,CARD,TX-P9LAKN16MU79
1380,190,279,2,4,2523,25874.64,PAID,CARD,TX-NP2TG7MXAYU0
1381,503,132,1,,785,19866.75,PAID,CARD,TX-PO3W9OTHU52A
1382,53,1250,2,2,1400,49005.0,PAID,CASH,TX-7NEBR49BMOI3
1383,537,1354,2,1,1829,119245.5,PAID,TRANSFER,TX-SF3SDVEF23NR
1384,599,1447,1,,2423,13721.4,REFUNDED,GATEWAY,TX-S3SBGTSVLUOP
1385,280,995,2,2,583,56337.6,PAID,CASH,TX-VVMFT5I599IL
1386,297,755,1,,1931,15720.0,PAID,CARD,TX-SXW0XN6R31X5
1387,215,964,1,,94,19350.0,PAID,CARD,TX-BAR2ZSIN4SCZ
1388,206,147,1,,,14994.0,PAID,CARD,TX-EFNCY2S70RPP
1389,411,1340,2,1,1871,54754.92,PAID,CARD,TX-0VU2FFOWOZML
1390,488,544,1,,330,13794.0,PAID,GATEWAY,TX-2A3685MHN77S
1391,545,667,1,,746,40104.0,PAID,GATEWAY,TX-P0RLTG4O4C1Y
1392,,1200,2,4,,43560.0,FAILED,CARD,
1393,165,1251,1,,1588,24722.4,PAID,CARD,TX-LENQWF3NWV6X
1394,240,1187,1,,2293,30564.6,PAID,CARD,TX-UWMKVCB2ITPV
1395,25,1158,2,3,280,42688.8,REFUNDED,CASH,TX-9FRFFM97N5QT
1396,278,250,1,,3141,55213.88,PAID,CARD,TX-JSGNINS0S62T
1397,357,618,1,,1233,16852.56,PAID,CARD,TX-AH6IX4R8QGOE
1398,560,1319,2,3,2417,19057.5,PAID,CASH,TX-Q8G4BUESR9EY
1399,315,5,2,2,1007,51455.25,PAID,CARD,TX-VDG7EOG9TQFQ
1400,398,1390,1,,2855,71057.25,REFUNDED,GATEWAY,TX-AK33MUH4ZMH4
1401,368,761,1,,2592,48054.75,PAID,CARD,TX-CH1DVUGFHYZ3
1402,336,16,2,4,,59604.6,PAID,TRANSFER,TX-YWZ6DTVLD008
1403,211,261,1,,89,15129.6,PAID,CARD,TX-OZKZMNLCJJMS
1404,582,18,1,,1533,98764.8,PAID,GATEWAY,TX-1ALVY5TYHHMB
1405,560,1320,1,,1011,50205.0,PAID,GATEWAY,TX-XFJOTWU2MYD1
1406,101,1010,1,,2611,18687.0,PAID,GATEWAY,TX-A6STMZXGV254
1407,89,614,2,1,3142,102583.8,PAID,CASH,TX-G45AUCAO5DRM
1408,482,1264,1,,1993,13068.0,PAID,GATEWAY,TX-LM8MQ1F6YSV7
1409,241,1134,1,,1819,31936.5,PAID,CARD,TX-O02MFRG63LHL
1410,407,385,1,,2909,52852.56,PAID,CARD,TX-GHFW96UEJFJ6
1411,201,235,1,,2038,17835.0,PAID,CARD,TX-AAR4Z99JSEH3
1412,313,1388,1,,16,15841.08,PAID,GATEWAY,TX-IOVTNVHE45I0
1413,541,398,1,,34,43888.8,PAID,GATEWAY,TX-Q6THYG195XYA
1414,560,774,1,,2010,17472.0,PAID,GATEWAY,TX-5SEDGPGT33RX
1415,524,833,1,,1733,18987.0,PAID,CARD,TX-PGACQK4THVYX
1416,19,195,2,2,2698,34485.0,PAID,TRANSFER,TX-XHPFR5CXAJR0
1417,366,355,2,2,,29040.0,PAID,CARD,TX-2C4X8VOE9TPI
1418,488,1095,2,2,2577,13794.0,REFUNDED,TRANSFER,TX-59UB9ZO5NQR8
1419,,1374,2,2,82,132259.05,FAILED,CASH,
1420,394,1426,1,,,38252.7,PAID,CARD,TX-B3NYMV2H7ZX6
1421,195,1226,1,,3040,15294.0,PAID,GATEWAY,TX-XCESRTB8CQYO
1422,351,561,1,,,58100.25,PAID,CARD,TX-G45OK930E3O7
1423,121,756,1,,2847,49053.0,REFUNDED,CARD,TX-GBIEOWUF75WG
1424,121,418,2,1,2513,14520.0,PAID,CASH,TX-D80OAJ4YSFQP
1425,133,1213,1,,1381,50505.0,PAID,GATEWAY,TX-AWG8P5WQFYR5
1426,327,600,2,3,2364,30346.8,PAID,TRANSFER,TX-I16GQBWL11MI
1427,215,242,2,3,739,60984.0,PAID,CARD,TX-CYH09WWL1J1K
1428,276,341,2,1,2034,43560.0,PAID,CARD,TX-IWTRNXXVKB36
1429,550,325,2,1,3053,76847.1,PAID,CARD,TX-RW19SG6BYHAD
1430,39,104,1,,1602,15429.6,PAID,GATEWAY,TX-QUFN9256GKFM
1431,281,1125,2,1,1871,49005.0,PAID,CASH,TX-JFK6OLGJJGAW
1432,581,598,1,,,101785.2,REFUNDED,GATEWAY,TX-7BZAJGHMKM81
1433,448,20,1,,3130,86414.25,PAID,CARD,TX-SDETN3HOJWXU
1434,567,656,1,,2147,43560.0,PAID,GATEWAY,TX-P4DB71KQ8X8V
1435,639,319,2,3,2443,61129.2,PAID,CASH,TX-Z2H02C0CMEKS
1436,60,922,2,3,690,101549.25,PAID,CASH,TX-PNG7X0AEY908
1437,97,868,2,1,2109,27588.0,PAID,CARD,TX-7OX402L7NDBW
1438,152,31,2,1,3127,11761.2,PAID,CARD,TX-IQHD6VX67QBH
1439,9,890,2,4,525,54450.0,PAID,CARD,TX-P8CU58XZUDG5
1440,540,643,1,,1310,18687.0,PAID,GATEWAY,TX-FAAIBY1G9SFL
1441,318,1110,1,,665,17235.0,PAID,CARD,TX-WR9L6OAFAZHU
1442,262,1210,1,,1094,73618.5,PAID,CARD,TX-IG5VZLLLWK6Z
1443,,1041,2,1,1248,29040.0,FAILED,CASH,
1444,152,561,1,,2600,72200.7,PAID,GATEWAY,TX-KDUDPE0CTF72
1445,,812,1,,750,14921.4,FAILED,CARD,
1446,321,1219,2,3,3095,45520.2,PAID,CARD,TX-1XS9QSZ4A1XF
1447,72,1246,2,3,2928,44286.0,PAID,CASH,TX-6DFRZHXKA7UA
1448,,116,1,,2356,43451.1,FAILED,CARD,
1449,355,204,2,2,1630,28459.2,PAID,CASH,TX-F4ZKRWAYE537
1450,487,116,2,3,2438,15246.0,PAID,CARD,TX-4O724M9RABPK
1451,191,491,1,,1420,16746.0,PAID,GATEWAY,TX-SY4YSLCJNIO8
1452,601,1281,1,,1012,99384.24,PAID,CARD,TX-R0NZSPA2RZ6B
1453,487,384,2,2,1588,100914.0,PAID,CASH,TX-UOJDY08VM4KC
1454,582,595,2,3,2635,13794.0,PAID,CARD,TX-0MUVV7WAO58J
1455,421,185,1,,1616,30748.2,PAID,CARD,TX-4NLGV1OF6BCW
1456,566,1329,1,,1914,50205.0,PAID,GATEWAY,TX-21ZWS4NG692U
1457,21,458,2,4,1145,64817.28,PAID,CARD,TX-501EVGVTN77R
1458,83,711,1,,845,14568.0,PAID,CARD,TX-T9UK3J916JCM
1459,43,1169,1,,23,55350.0,PAID,GATEWAY,TX-T9RYWWC8PH9M
1460,165,1185,1,,472,67329.0,PAID,GATEWAY,TX-GVVY0BQJW3E1
1461,,1042,2,1,1539,73507.5,FAILED,CASH,
1462,50,941,2,1,1277,29882.16,PAID,CASH,TX-VO5CQPOWJW66
1463,192,963,2,3,229,76484.1,PAID,CARD,TX-LQWUY6BIB8PO
1464,406,642,1,,3154,59851.2,PAID,CARD,TX-Q77IC7EBKM7Q
1465,108,948,2,1,873,81791.16,PAID,CASH,TX-GMMTFHSFS34S
1466,133,1356,1,,2311,38743.8,PAID,CARD,TX-TX73762G9SQY
1467,,708,1,,356,38253.75,FAILED,GATEWAY,
1468,48,841,2,1,1931,31036.5,PAID,TRANSFER,TX-G51M922RFS3S
1469,593,1325,2,2,2800,32307.0,PAID,CARD,TX-HZG3KC1AVEE1
1470,5,703,1,,1020,14268.0,PAID,GATEWAY,TX-ZK2HACI167DV
1471,274,748,1,,161,42064.2,PAID,GATEWAY,TX-G7YKOVFZKIJN
1472,126,1219,2,4,,17787.0,PAID,CARD,TX-LABEUL52E63Z
1473,86,1358,2,1,769,54722.25,PAID,CASH,TX-OH90EMIU2DG7
1474,200,395,1,,2463,43308.0,PAID,GATEWAY,TX-1JECCOAVBMWB
1475,336,536,1,,,69018.0,PAID,GATEWAY,TX-UZ6MRXLC88DI
1476,534,31,2,1,,108900.0,PAID,CARD,TX-ZBYIBIVR1X0D
1477,3,1414,1,,1766,50505.0,PAID,CARD,TX-EGVP6U3T78H9
1478,84,963,1,,,29659.2,PAID,CARD,TX-0SKOXTPI98ME
1479,585,780,1,,2458,41188.08,PAID,CARD,TX-OP23BQG3E3AE
1480,,489,1,,2316,45738.0,FAILED,GATEWAY,
1481,477,42,2,3,97,44921.25,REFUNDED,CASH,TX-H1IMBNC41J6R
1482,104,228,2,1,2357,67881.0,PAID,CASH,TX-BNCZPJDJK0X3
1483,412,670,1,,1043,29040.0,PAID,CARD,TX-XQIB8I0CP6SF
1484,204,652,2,2,2811,48024.9,PAID,CASH,TX-HF1FF1NMT3ZW
1485,261,308,2,1,,78843.6,PAID,CARD,TX-NMOKBKS65T2V
1486,365,1094,1,,2085,82401.0,REFUNDED,GATEWAY,TX-LFAPMODOXGYL
1487,191,76,2,3,804,52272.0,PAID,CARD,TX-MD7JITKHBBLB
1488,231,1435,1,,95,13068.0,REFUNDED,GATEWAY,TX-3ZRSRDQVVR2D
1489,277,703,1,,2743,16852.56,PAID,CARD,TX-B3TT23MCGVTZ
1490,578,792,2,1,491,15972.0,PAID,CARD,TX-82CRG7A1Z6OF
1491,138,332,1,,2284,13314.6,PAID,GATEWAY,TX-9UDJJP19B4GM
1492,397,69,1,,1391,92429.16,PAID,CARD,TX-9XM98LNX8IGN
1493,184,311,2,4,413,17242.5,PAID,CASH,TX-LZN3X1OSG1QB
1494,507,724,1,,,35203.5,PAID,GATEWAY,TX-9G19TQGCHGRG
1495,565,1238,1,,339,29867.4,PAID,GATEWAY,TX-5TZK8RN2W3MN
1496,84,488,2,3,,56029.05,PAID,CASH,TX-MVDU1SYJ4645
1497,311,1435,2,3,2939,41382.0,PAID,CARD,TX-K0C60UE1QIZ4
1498,488,612,2,3,979,16335.0,PAID,CASH,TX-7N5MWCSLVMAF
1499,55,1116,2,3,2196,39930.0,PAID,CARD,TX-A6SEV4PVENK1
1500,235,1496,1,,,37137.0,PAID,CARD,TX-0V9L1R6QSQGS
1501,30,559,2,2,2428,14483.7,PAID,CARD,TX-YGUSOSN3MOBA
1502,367,745,2,3,850,101277.0,PAID,CASH,TX-S4OMG7ZT9MBT
1503,348,790,1,,2312,66392.7,PAID,GATEWAY,TX-KN0JZYU3LNPC
1504,103,67,2,4,1105,14520.0,PAID,CASH,TX-S76YKXAXLW8B
1505,423,1029,1,,1247,39204.0,PAID,CARD,TX-U1U57JGD5622
1506,601,1360,2,1,80,49005.0,PAID,TRANSFER,TX-UPX7WN10WCXY
1507,542,1366,1,,1652,30240.0,PAID,GATEWAY,TX-34QT3KSK4DPG
1508,,404,1,,2336,45723.24,FAILED,CARD,
1509,351,102,2,2,,13068.0,PAID,CASH,TX-JFA3LVFZR4XX
1510,642,1386,1,,1502,37137.0,PAID,CARD,TX-L8VLSHY7AI60
1511,131,1026,1,,1906,92385.6,PAID,CARD,TX-2SGAAQEYE3V7
1512,213,185,1,,,30303.0,REFUNDED,CARD,TX-QPCPHEN6X2W6
1513,89,875,1,,803,44760.0,PAID,GATEWAY,TX-8KYW2P0ZR514
1514,,1054,2,4,1976,27951.0,PENDING,TRANSFER,
1515,580,351,1,,1002,18142.5,PAID,CARD,TX-982VHFMUGH9V
1516,611,1162,1,,1691,44760.0,PAID,CARD,TX-VMBBS4WD9EBO
1517,366,1237,1,,1895,55650.0,PAID,CARD,TX-UIU30Y7CJOA9
1518,616,633,2,1,1653,51455.25,PAID,CASH,TX-7KADC5R25ECR
1519,252,405,1,,2089,50205.0,PAID,CARD,TX-TVETN3GUJS4O
1520,332,244,1,,,45912.0,PAID,CARD,TX-8F16EK79HB82
1521,523,1048,2,1,2525,45865.05,REFUNDED,CASH,TX-JBS6E9QYRKO0
1522,160,324,2,1,1929,56628.0,PAID,CASH,TX-710Q6FCE11V7
1523,327,179,1,,982,43451.1,PAID,CARD,TX-049RRJW2JY56
1524,359,518,2,4,3026,45701.7,PAID,TRANSFER,TX-LGD2KZC3XJ6M
1525,473,222,1,,140,35574.0,PAID,CARD,TX-IETCPS99ILIJ
1526,438,1301,1,,2286,18051.75,PAID,GATEWAY,TX-KI0B5DJAKCQA
1527,,884,1,,619,27636.0,PENDING,CARD,
1528,,865,2,3,2863,41382.0,PENDING,CASH,
1529,1,576,1,,736,80515.5,PAID,CARD,TX-LAJAZUCX0305
1530,247,642,2,1,2602,13794.0,PAID,CARD,TX-A9WSL4IRBO2V
1531,,1318,1,,1634,42664.2,FAILED,CARD,
1532,465,1392,1,,2702,50558.4,PAID,GATEWAY,TX-U74N72YK938B
1533,90,22,2,3,942,36209.25,PAID,CARD,TX-62QHGENYPV1Y
1534,506,1086,2,1,2131,41382.0,PAID,CARD,TX-1W3WRRDU2PLC
1535,318,995,1,,547,48233.91,PAID,CARD,TX-YD5WF9BSTY01
1536,318,1362,1,,678,83490.0,REFUNDED,GATEWAY,TX-YOV03RK3MZGH
1537,104,1176,2,3,313,17787.0,PAID,TRANSFER,TX-MJ0ESPVXWAYJ
1538,241,991,2,3,268,13068.0,PAID,CARD,TX-GS7I05PK4BLR
1539,,461,2,4,2910,30129.0,PENDING,CARD,
1540,415,656,2,4,2714,39131.4,PAID,CASH,TX-6CCEESF78EFN
1541,100,1327,1,,2853,67329.0,PAID,CARD,TX-OBQQOJ8CGNM3
1542,151,974,2,3,61,43560.0,PAID,CARD,TX-ZLI8WR7YJZO4
1543,429,305,1,,1168,52627.5,REFUNDED,GATEWAY,TX-XIC5JXJ9W48U
1544,550,858,1,,1449,50205.0,REFUNDED,GATEWAY,TX-X8UQTTWR2RAU
1545,536,1078,1,,341,67447.5,PAID,CARD,TX-ZIAO56EKZSBH
1546,165,1382,1,,1505,18442.5,PAID,GATEWAY,TX-B2BB1PMNONZP
1547,11,739,2,3,2501,26136.0,PAID,CARD,TX-F4HA28LXTJMT
1548,534,878,1,,2454,46901.7,PAID,CARD,TX-BKI13Y6YF36N
1549,467,863,1,,1026,50505.0,PAID,GATEWAY,TX-XI3KHMH50GK5
1550,83,504,2,3,876,17242.5,PAID,CASH,TX-OZM18IOERUW3
1551,,810,1,,493,33870.0,FAILED,CARD,
1552,401,1339,1,,2550,42688.8,PAID,GATEWAY,TX-PQ7RTHQRH822
1553,389,769,1,,665,44460.0,PAID,GATEWAY,TX-3CX99Q75TJVE
1554,234,952,1,,3038,20557.5,PAID,CARD,TX-S02WRSHKWTNK
1555,139,389,1,,,87294.0,REFUNDED,CARD,TX-V6MI3GLB04QM
1556,602,1039,1,,707,20257.5,PAID,CARD,TX-VZCXSRKNV6NZ
1557,185,91,1,,2751,40104.0,PAID,CARD,TX-5ZG83RX5LFZF
1558,174,1190,1,,2598,43888.8,PAID,CARD,TX-FUHB73FGTI1B
1559,574,762,2,1,1518,57470.16,PAID,CARD,TX-QLY3IBDYCIBB
1560,86,520,2,1,2118,80586.0,PAID,CASH,TX-53NUP3QPYE3U
1561,475,604,2,2,670,65703.0,PAID,CASH,TX-5QICJKTZO8MR
1562,,1133,1,,1413,54861.0,FAILED,CARD,
1563,337,1401,1,,983,64628.28,PAID,GATEWAY,TX-PH26MGLDEWSV
1564,138,298,2,1,,29040.0,PAID,CARD,TX-9IF4XJ5K6DXQ
1565,424,1104,1,,923,17208.3,PAID,GATEWAY,TX-LI8ZSFH42FDH
1566,311,1309,1,,,28788.0,PAID,CARD,TX-8R4LG2R6HY94
1567,501,483,2,4,1160,42688.8,PAID,CARD,TX-AHGN2PMUVANX
1568,173,208,1,,2835,13068.0,PAID,GATEWAY,TX-EUM9DDU0LJD9
1569,622,1493,2,4,408,42688.8,PAID,CARD,TX-4QC54YIH0F8Q
1570,143,746,1,,1208,16020.0,REFUNDED,CARD,TX-X2WAA2PQLTWG
1571,406,1263,1,,2900,33870.0,PAID,CARD,TX-NKLI2ZF6JDJV
1572,472,878,1,,1253,46901.7,PAID,CARD,TX-YUAC06ISAG8U
1573,583,625,2,4,2315,18104.62,PAID,CASH,TX-O04JBCLLHHEI
1574,474,1236,1,,508,34394.25,PAID,CARD,TX-T03IN5NAUZKZ
1575,,700,1,,1183,28488.0,FAILED,CARD,
1576,466,777,1,,334,18104.62,PAID,GATEWAY,TX-1RPM8UH17JD3
1577,45,1341,1,,2622,30240.0,PAID,CARD,TX-98EEZDMSRQCO
1578,297,1168,1,,1193,26029.2,PAID,CARD,TX-QIOOOYAUWOY3
1579,75,715,2,2,1545,27588.0,PAID,CASH,TX-PHALJ8HO18UR
1580,451,26,2,4,2977,41382.0,PAID,TRANSFER,TX-4DUENZOZFUVU
1581,,1469,1,,1812,82003.8,FAILED,GATEWAY,
1582,354,783,1,,2539,19350.0,PAID,CARD,TX-825LC1E74L9A
1583,251,1323,2,1,1308,16008.3,PAID,CASH,TX-KH67MJGO7YE5
1584,548,8,2,4,,84942.0,PAID,CARD,TX-DNK6S6S5CG01
1585,364,336,2,2,748,91693.8,PAID,CASH,TX-5ITDNUJEOREV
1586,154,386,1,,2851,55650.0,PAID,GATEWAY,TX-AWLFB6EDRMBN
1587,630,1375,2,4,716,39204.0,PAID,CASH,TX-SIPEC45JYE3I
1588,532,162,1,,273,42688.8,PAID,GATEWAY,TX-93FBR1YVFNF6
1589,66,1203,2,3,1531,42688.8,PAID,CASH,TX-SKGXCLAOLHZ5
1590,257,835,1,,707,44324.4,PAID,GATEWAY,TX-P6K5ASZ6E3TF
1591,78,566,2,1,1495,59459.4,PAID,CARD,TX-Z3UC8BXD14Y0
1592,409,383,1,,1606,33870.0,PAID,CARD,TX-A0W03BKFD47L
1593,166,746,1,,,39542.4,PAID,GATEWAY,TX-ZLUABWHN8KDH
1594,,383,2,1,573,27588.0,PENDING,CARD,
1595,635,1419,1,,2663,85416.0,PAID,CARD,TX-TEMTYB2DQLOB
1596,327,1037,2,3,678,17242.5,REFUNDED,CASH,TX-P4KGLVRSP2EC
1597,26,775,2,3,832,13068.0,REFUNDED,CASH,TX-VVV8S5E8YRRZ
1598,,1015,1,,,55513.88,FAILED,GATEWAY,
1599,,1197,2,1,,43923.0,FAILED,CASH,
1600,456,773,2,3,676,79860.0,PAID,TRANSFER,TX-D4PXRJAIJQW4
1601,557,413,1,,1163,40031.4,PAID,CARD,TX-VZ8Z8H6CA4NU
1602,606,681,1,,3013,67447.5,PAID,CARD,TX-U1YV3VECO9DC
1603,526,1425,2,4,3001,14941.08,PAID,CASH,TX-4IDNE1G3PEUO
1604,592,394,1,,1158,52927.5,PAID,CARD,TX-NKTT7MUX7DP4
1605,535,942,2,2,1767,82455.45,PAID,TRANSFER,TX-T9FXL6KPL0NB
1606,524,1238,2,2,450,85305.0,PAID,CARD,TX-47V5KN4NMMPX
1607,440,1045,1,,2995,40104.0,PAID,GATEWAY,TX-A375JF82H97H
1608,505,594,2,4,1361,85377.6,PAID,CARD,TX-KOPOK6EDLV9R
1609,507,58,1,,1104,18351.75,PAID,CARD,TX-PMFS99BKTPYH
1610,392,1008,2,4,776,109771.2,PAID,TRANSFER,TX-ZSR87R9HN42K
1611,138,1028,2,3,884,45534.72,PAID,CARD,TX-ZXLFUBBCRO2O
1612,491,1024,2,4,2312,43560.0,PAID,CASH,TX-UMQWQ7NU1217
1613,351,426,1,,2136,31992.0,REFUNDED,CARD,TX-QU56I8B3DV7C
1614,519,90,1,,1766,38552.7,PAID,GATEWAY,TX-D0YZR0Q2SOU5
1615,622,728,1,,2604,46554.75,PAID,CARD,TX-V63YD6O8DCR8
1616,96,294,1,,2182,52627.5,PAID,CARD,TX-T40D9NVYYAPK
1617,446,200,1,,566,17208.3,PAID,GATEWAY,TX-WKJCUHTST8OI
1618,64,676,2,2,448,49005.0,PAID,CASH,TX-X0F3DLENV6KD
1619,425,694,1,,3106,61095.0,PAID,GATEWAY,TX-24ZVSFJSHI84
1620,,800,2,4,310,34303.5,FAILED,CARD,
1621,497,1418,1,,1243,14268.0,PAID,GATEWAY,TX-AW7Y7PHMPCG6
1622,104,245,1,,2528,42364.2,PAID,GATEWAY,TX-KHI3EYJWG6U5
1623,506,441,1,,1563,40404.0,PAID,CARD,TX-YONG7FGROQTI
1624,437,393,1,,186,101932.5,PAID,CARD,TX-ODU64DS187FW
1625,628,1428,1,,1201,53227.5,PAID,GATEWAY,TX-FHEAX4J4BTII
1626,187,852,1,,1942,53361.0,REFUNDED,GATEWAY,TX-FSM9U5T0J2YR
1627,39,379,1,,47,29088.0,PAID,CARD,TX-AD8VWGTFGMUM
1628,264,653,1,,2828,29659.2,PAID,CARD,TX-4MSS8ABAX7H8
1629,560,230,1,,3050,46638.0,PAID,GATEWAY,TX-MQ7DFRAE77P1
1630,599,310,1,,56,44760.0,PAID,GATEWAY,TX-5AX16X7D1D2H
1631,,689,1,,1954,16335.0,FAILED,CARD,
1632,188,715,2,2,1547,27588.0,PAID,CASH,TX-WZ7FN3HK2ZHD
1633,592,520,1,,342,51294.0,PAID,CARD,TX-YYBWFRSMQGXW
1634,578,896,1,,971,53227.5,PAID,CARD,TX-JEPBVSH4FFHR
1635,561,703,1,,3080,55350.0,PAID,CARD,TX-VO805AN7PT0I
1636,325,1365,2,3,1739,15246.0,PAID,CARD,TX-RTRKOFVEKOL6
1637,364,746,2,2,,18150.0,REFUNDED,CASH,TX-W3E9K5PZRUJ2
1638,440,789,2,2,1178,45520.2,PAID,CARD,TX-TESN9DUUPJ53
1639,552,77,1,,2207,28788.0,PAID,GATEWAY,TX-21W7UWQUYZ33
1640,,953,1,,1520,82875.0,PENDING,GATEWAY,
1641,271,515,1,,548,15420.0,REFUNDED,GATEWAY,TX-DSNGMQOR7VQG
1642,242,1066,1,,2218,30240.0,PAID,GATEWAY,TX-6K9M1D0RIEIS
1643,122,1081,1,,1087,93774.6,PAID,CARD,TX-RWWRTETOL4FE
1644,306,1232,1,,868,44351.1,PAID,GATEWAY,TX-WEGFLKQIW9VZ
1645,196,585,2,4,2349,34485.0,PAID,CASH,TX-UCQ07BCEGDE8
1646,452,624,2,1,2020,39930.0,PAID,CASH,TX-CR2W1PLBRP89
1647,79,931,2,1,2911,36300.0,PAID,CARD,TX-HW45GMQ0RDBJ
1648,206,932,1,,859,37437.0,PAID,GATEWAY,TX-Y1YE668DH2J9
1649,42,930,1,,1166,14994.0,PAID,GATEWAY,TX-QESXUVYGA6XB
1650,436,1114,2,3,407,14229.6,PAID,TRANSFER,TX-5E7LA6SDP71T
1651,13,746,1,,2635,46720.2,PAID,CARD,TX-JHA6DZBYHSOB
1652,596,1306,1,,2976,27588.0,PAID,GATEWAY,TX-1EF5ZUUMCNJY
1653,11,741,1,,498,27636.0,PAID,CARD,TX-Y8F3R8UD6CGF
1654,489,1305,2,4,2707,48024.9,REFUNDED,CASH,TX-WE9IFP9GI67F
1655,,435,1,,1683,42427.2,FAILED,CARD,
1656,365,217,2,2,,35937.0,PAID,CASH,TX-CPXBF9XF3YWQ
1657,514,944,2,3,2224,70422.0,PAID,CASH,TX-3T721YDO80N5
1658,339,595,2,1,412,28314.0,PAID,CARD,TX-98RGT82MY5LR
1659,10,156,2,2,2981,26136.0,PAID,CASH,TX-61GVCVRTCFJV
1660,533,1323,2,2,2183,76230.0,PAID,CASH,TX-LL1R25NBS1QX
1661,,1345,1,,261,18687.0,PENDING,GATEWAY,
1662,28,860,1,,2629,27636.0,PAID,CARD,TX-OC1RL00M27JK
1663,206,136,2,1,5,26136.0,PAID,CARD,TX-98T09YLI6B5H
1664,277,1460,2,1,405,58806.0,REFUNDED,CARD,TX-9RD7U8LSI6L5
1665,322,23,1,,2925,13968.0,PAID,GATEWAY,TX-3YMQL4XWOH6G
1666,101,258,1,,1226,14994.0,PAID,GATEWAY,TX-QLNUV5LNGC6D
1667,50,1343,2,4,1159,53215.8,PAID,CARD,TX-2PUV0T0A50LT
1668,106,311,1,,40,74008.2,PAID,CARD,TX-CCA8WM9LICYA
1669,278,662,1,,1776,14568.0,PAID,GATEWAY,TX-PKRSGL2OATD7
1670,137,538,2,1,173,13068.0,PAID,CASH,TX-Z2S5231KMVOS
1671,286,1212,1,,2220,15652.56,PAID,CARD,TX-AINWNY5TNWFM
1672,,282,2,1,197,35574.0,FAILED,CARD,
1673,,1248,1,,3064,49905.0,PENDING,GATEWAY,
1674,312,294,2,3,,30346.8,PAID,CARD,TX-QC3RSHUY14FS
1675,88,1148,1,,825,55350.0,PAID,CARD,TX-RXJKB49UGD4Q
1676,439,475,1,,1422,52927.5,PAID,GATEWAY,TX-1A5TVVSR9F72
1677,608,1492,1,,1614,50268.0,PAID,GATEWAY,TX-G7P3X6A3E2WM
1678,321,1004,1,,704,44881.08,PAID,CARD,TX-9LZFAYVB9DR3
1679,509,427,1,,,71503.5,PAID,CARD,TX-3QE6H9ZY309R
1680,397,1490,1,,26,45004.5,PAID,GATEWAY,TX-GKAT8XDVE0DR
1681,332,1403,1,,,30167.4,PAID,GATEWAY,TX-RSHNXAIDBSLD
1682,103,142,1,,3146,29940.0,PAID,CARD,TX-KG8EO047C8N3
1683,567,890,2,3,,43451.1,PAID,CASH,TX-U87QOKIZLRNA
1684,353,1265,1,,2925,33144.0,PAID,GATEWAY,TX-LRTLPZ1IA2GA
1685,65,612,1,,2153,57229.05,PAID,GATEWAY,TX-Z1HCFJN647B3
1686,,166,1,,2332,15518.25,FAILED,CARD,
1687,154,330,2,2,2141,76484.1,PAID,CASH,TX-1EOVDIFKRMFM
1688,178,1467,2,3,987,19965.0,REFUNDED,TRANSFER,TX-8B8QTJ3XVC1J
1689,409,899,1,,1987,69502.08,PAID,GATEWAY,TX-DJ64ED16YD6M
1690,260,728,1,,1922,29959.2,PAID,GATEWAY,TX-XCTQRA3JKP79
1691,148,1097,2,3,1262,65267.4,PAID,CARD,TX-0BOCHVESY2Y1
1692,424,1003,1,,1493,18651.75,PAID,CARD,TX-B2UD2B68XC98
1693,198,1147,2,3,2541,15246.0,PAID,CARD,TX-YJBSJGY8I7LG
1694,252,747,2,4,85,123619.65,PAID,CASH,TX-XJFFL5Z9H980
1695,377,956,2,4,1785,18104.62,REFUNDED,CARD,TX-TCPYCK5O4WAZ
1696,30,379,2,4,2297,34303.5,PAID,TRANSFER,TX-0WF2X1UEJLZL
1697,351,115,1,,3058,38852.7,PAID,CARD,TX-60QW1ESIBG26
1698,440,293,1,,1450,38552.7,PAID,GATEWAY,TX-J8JFS4ZOSAHG
1699,459,1002,2,2,1190,132930.6,PAID,CASH,TX-KL5YO9G89ZC3
1700,591,1015,2,1,1208,37933.5,PAID,CARD,TX-1PN1AH9M78WW
1701,392,126,1,,,67147.5,PAID,CARD,TX-W9H6BBHBOYM1
1702,232,946,1,,595,15294.0,PAID,CARD,TX-WPDW8O83BEHP
1703,578,1005,1,,2314,16335.0,PAID,CARD,TX-DTPLIWHVBBGV
1704,307,1018,1,,74,27036.0,PAID,CARD,TX-SP9QOC8UMFXH
1705,178,333,2,4,352,28459.2,REFUNDED,CASH,TX-34P64Z5H2ZXG
1706,411,77,2,3,1573,19565.7,REFUNDED,TRANSFER,TX-Z0WF5LKM5QPF
1707,459,493,1,,1814,56029.05,PAID,GATEWAY,TX-W438771VBTX8
1708,230,793,2,4,,85359.45,PAID,CASH,TX-AIHV67YD9PUQ
1709,236,864,2,3,,13794.0,PAID,TRANSFER,TX-B1TFQITUW190
1710,178,982,2,3,2663,49005.0,PAID,CARD,TX-3BN5HTL8SB85
1711,282,146,1,,1700,44460.0,PAID,CARD,TX-XX91V7DCWZ66
1712,174,10,2,4,2204,70422.0,PAID,CASH,TX-DAD7VOF72HGT
1713,283,174,1,,1879,31546.8,PAID,GATEWAY,TX-9PLILM8Q8161
1714,615,210,1,,3019,36774.0,PAID,CARD,TX-L3RJ4AN9H4NW
1715,,1326,2,3,891,14229.6,FAILED,CASH,
1716,379,1032,2,3,997,71583.6,PAID,CARD,TX-N1N23K4RUQH1
1717,344,708,1,,794,40104.0,PAID,GATEWAY,TX-685RDC947OFO
1718,260,956,1,,825,15420.0,PAID,CARD,TX-YLMWI5N6YVP3
1719,67,1468,1,,1988,86442.0,PAID,CARD,TX-935YI2ZX0DVK
1720,277,182,1,,3055,42688.8,PAID,CARD,TX-E9651JS7A5YO
1721,,295,2,2,1930,53542.5,FAILED,TRANSFER,
1722,494,1388,2,4,1695,66973.5,PAID,CASH,TX-SUHN15G9LRTS
1723,580,282,1,,2640,27442.8,PAID,CARD,TX-NXJUS1BJHVEK
1724,591,1365,1,,1646,41382.0,PAID,CARD,TX-Z143C6N6HSXP
1725,570,505,2,2,820,31305.12,PAID,CARD,TX-3UT9AA5KXSKN
1726,474,774,1,,616,57402.0,PAID,CARD,TX-FHDK4YM68V10
1727,513,504,1,,2686,29359.2,PAID,CARD,TX-DPOK8GY75MYC
1728,107,748,1,,,42582.0,PAID,GATEWAY,TX-286FCS5ROT58
1729,,479,2,1,3199,28459.2,PENDING,TRANSFER,
1730,619,975,1,,2828,97675.8,PAID,CARD,TX-89LGZPJC57Q2
1731,550,156,1,,2220,15429.6,PAID,GATEWAY,TX-3ZHX384S4MXO
1732,561,380,2,4,,34485.0,PAID,TRANSFER,TX-FYPW2KZDJKSP
1733,574,823,1,,2941,15429.6,PAID,GATEWAY,TX-BYDTTUJZ3QUF
1734,203,561,2,1,1220,83853.0,PAID,TRANSFER,TX-NNS3GL9QSDXL
1735,54,40,1,,2572,98677.68,PAID,CARD,TX-YWZTHA459QZ3
1736,502,270,2,1,,14483.7,PAID,TRANSFER,TX-040Q722J34BE
1737,209,557,1,,,16446.0,PAID,GATEWAY,TX-WA6RWUT8VOMT
1738,168,303,2,1,2483,49985.1,PAID,CARD,TX-VHMCSH75UUI1
1739,248,345,1,,481,15429.6,PAID,CARD,TX-ZTURB4R5EES7
1740,111,676,2,2,2793,30492.0,PAID,CASH,TX-2EBV2UT9FX6F
1741,347,1373,2,3,653,35574.0,PAID,TRANSFER,TX-SO8N0AMEK6KK
1742,120,564,2,3,2954,51001.5,PAID,CASH,TX-N92TGWXLXKM6
1743,146,182,2,3,94,53361.0,PAID,CASH,TX-11K4C6KGB0JS
1744,128,216,2,4,429,54450.0,PAID,CARD,TX-NU1U7779RT3U
1745,598,752,1,,885,43888.8,PAID,GATEWAY,TX-YDF4Y1NUVLMN
1746,370,413,1,,,27551.7,PAID,GATEWAY,TX-9PT3QAXXT5NE
1747,277,1384,1,,3034,28488.0,PAID,GATEWAY,TX-JDJ7NTYC6E2U
1748,15,478,2,4,1393,14229.6,PAID,CASH,TX-33IJVD4BZ0Y2
1749,64,1049,1,,598,73800.0,PAID,CARD,TX-1Y5S5C3P5F3V
1750,123,1271,1,,1739,40104.0,PAID,CARD,TX-4N5J8MS2DBBF
1751,,471,2,1,1852,121350.9,FAILED,CASH,
1752,418,650,2,4,,25613.28,PAID,CARD,TX-N5AVJ7ES9N21
1753,211,685,2,4,169,88935.0,PAID,CARD,TX-GMV8AUS6LYMM
1754,517,936,1,,1844,28788.0,PAID,CARD,TX-TSU1S60J0D1B
1755,584,1189,1,,2320,19350.0,PAID,GATEWAY,TX-TN1YLPKT0CYX
1756,278,1130,1,,2341,89298.0,PAID,GATEWAY,TX-BXXOWWRYKGZ6
1757,500,233,1,,,25022.4,PAID,GATEWAY,TX-KVA65I5FGPH5
1758,424,626,1,,622,14621.4,PAID,CARD,TX-OQV8CGPA0KGI
1759,6,545,2,4,2645,75867.0,PAID,CARD,TX-90OAOD5SCZM0
1760,186,147,2,4,,43560.0,PAID,TRANSFER,TX-ZBTK3MS0TPS7
1761,354,946,1,,2400,29867.4,PAID,CARD,TX-XHFMM8X143RO
1762,553,267,2,1,,31944.0,PAID,CARD,TX-RL7F590YUP1E
1763,337,1200,2,1,97,29403.0,REFUNDED,CASH,TX-PA4RLUCDRUFD
1764,634,106,2,2,2314,85377.6,PAID,CARD,TX-PB8ZF234N36F
1765,401,656,1,,2216,44760.0,PAID,CARD,TX-1T3ZA2EDY6CQ
1766,418,1324,2,4,974,14229.6,PAID,CASH,TX-H0SI33CL2HZE
1767,218,1133,2,2,820,34485.0,PAID,CASH,TX-KV5AA7UAKTBW
1768,183,921,2,4,,43451.1,PAID,CASH,TX-E09LG3U57V38
1769,149,16,1,,2350,44188.8,PAID,GATEWAY,TX-9PUDO2NJ3GLX
1770,233,1099,1,,,14694.0,PAID,CARD,TX-68HJGWBWKRHQ
1771,59,920,2,3,983,49005.0,PAID,TRANSFER,TX-NTN37FPHEKD3
1772,269,503,1,,,37200.0,PAID,CARD,TX-IN1XWXBNZBVH
1773,533,1057,2,4,851,18150.0,PAID,CARD,TX-DD0HTJH7ZOC3
1774,540,1044,1,,2063,36774.0,PAID,GATEWAY,TX-3Y2W1V2CETU4
1775,375,1012,1,,1965,35385.0,PAID,GATEWAY,TX-G8IBHBHU6DBF
1776,514,163,2,1,1002,29040.0,PAID,CASH,TX-HBIWG7PG5FAB
1777,218,347,2,4,238,34485.0,PAID,TRANSFER,TX-O6QF8SY1VU2A
1778,639,634,1,,912,31944.0,PAID,CARD,TX-UTOTYT9EKB8K
1779,,1463,1,,1147,87712.5,FAILED,GATEWAY,
1780,296,123,1,,2739,43008.0,PAID,GATEWAY,TX-W5H87ZNUVNUH
1781,634,638,1,,2406,73074.0,PAID,GATEWAY,TX-VSVBCLX0CHX4
1782,587,1230,1,,2603,15720.0,PAID,GATEWAY,TX-LNCOQT2CRQ51
1783,308,689,2,1,2951,14520.0,PAID,CARD,TX-MNPVNU0VNHFO
1784,221,1069,1,,319,74889.0,PAID,GATEWAY,TX-JX3VPOMJYNRX
1785,119,1335,1,,1418,26029.2,PAID,CARD,TX-BJHC552AOL5T
1786,,1312,2,4,2228,16008.3,FAILED,CARD,
1787,25,992,2,4,1244,32670.0,REFUNDED,CARD,TX-WZVJVPQURCSN
1788,307,713,2,4,548,49803.6,PAID,CASH,TX-IGK96US74H5B
1789,565,1477,2,2,1752,13068.0,PAID,CASH,TX-ZUB9DVTN4MC5
1790,486,1333,1,,,30240.0,PAID,GATEWAY,TX-EHQYLSV0Z3OL
1791,382,980,1,,,72892.5,PAID,GATEWAY,TX-M8VZ5WIWRGP4
1792,474,977,2,4,2954,53361.0,PAID,CASH,TX-UWEHLOOMFSQM
1793,196,1254,1,,500,13914.6,PAID,GATEWAY,TX-GVPP8VPDP6TO
1794,205,1126,1,,534,77793.0,PAID,CARD,TX-90S77FDZL5L3
1795,307,436,1,,1637,14520.0,PAID,CARD,TX-GXB3DIEBYFZV
1796,191,1117,1,,3131,33570.0,PAID,CARD,TX-6WSNAEG7W1RA
1797,289,276,2,1,170,34485.0,PAID,CARD,TX-GR30VICV801D
1798,399,551,1,,1164,40104.0,PAID,GATEWAY,TX-T49O7D2JIGCO
1799,449,1479,2,1,2538,39204.0,REFUNDED,CARD,TX-6F37YH2ENAOZ
1800,15,274,2,2,2243,16335.0,PAID,CASH,TX-F7U8KEBXUKXM
1801,183,361,2,3,285,30492.0,PAID,CASH,TX-J7KOHGQTZ0K2
1802,255,17,1,,2086,40104.0,PAID,GATEWAY,TX-1USP91BZUJWE
1803,37,713,1,,102,39131.4,PAID,GATEWAY,TX-8QNOBVDWP1I1
1804,,1142,2,4,1481,13794.0,FAILED,CASH,
1805,262,1094,1,,4,33570.0,PAID,CARD,TX-05PEWMRJCDCI
1806,607,637,1,,113,16908.3,PAID,GATEWAY,TX-OHKJ6FFZ5UM8
1807,289,1416,1,,,44760.0,PAID,CARD,TX-CY47C1GFMGLH
1808,269,949,1,,2519,85570.8,PAID,GATEWAY,TX-Q7QPAFV2RKQK
1809,,1146,1,,1708,80987.4,FAILED,GATEWAY,
1810,75,1482,1,,2122,16746.0,PAID,CARD,TX-SWNQ7I11RUSU
1811,258,496,1,,1992,44188.8,PAID,GATEWAY,TX-8LN27241MDHG
1812,583,991,1,,2899,58370.16,PAID,GATEWAY,TX-CUVAJSCWO5BN
1813,,915,2,2,1459,39204.0,PENDING,CASH,
1814,455,970,2,3,2420,26136.0,PAID,CASH,TX-H20FEP4B6AR3
1815,326,1166,2,3,,17787.0,PAID,CARD,TX-RJHCAKZZES0L
1816,338,1038,2,3,1733,45476.64,PAID,TRANSFER,TX-Q6LPWLFNBS1M
1817,,1103,2,4,1210,70893.9,FAILED,CARD,
1818,,1326,1,,2405,50858.4,FAILED,CARD,
1819,374,1066,2,4,492,35937.0,PAID,TRANSFER,TX-3XBWR92N94FT
1820,156,1067,1,,353,42582.0,PAID,GATEWAY,TX-GWOUF00EHPJL
1821,,202,2,1,1059,50166.6,PENDING,CASH,
1822,272,1456,1,,882,33870.0,PAID,CARD,TX-2XZHWXSONGDI
1823,509,101,2,4,1853,18150.0,PAID,CARD,TX-DVT9U6N0RGGP
1824,207,312,2,1,738,13794.0,PAID,CARD,TX-DR4XLFET3K2N
1825,,982,2,2,,51455.25,FAILED,CASH,
1826,129,650,2,3,2105,35574.0,PAID,CASH,TX-V8WXSQGU5GEB
1827,212,645,2,2,2289,53361.0,PAID,CASH,TX-IT6KXPXSGG24
1828,13,852,2,3,2978,27442.8,PAID,CARD,TX-8NIHJUPEVMY2
1829,293,1291,1,,579,38252.7,PAID,CARD,TX-9NM3RP7EYDR1
1830,435,916,1,,,13706.64,PAID,CARD,TX-XBP7FCZ7SH63
1831,327,680,1,,466,14483.7,REFUNDED,GATEWAY,TX-T2MJXI5W1VHQ
1832,228,1001,2,3,1446,39204.0,PAID,TRANSFER,TX-4P3WMRDO89LA
1833,551,1301,2,3,1647,43560.0,PAID,CASH,TX-A6Q8MGLJ9E6I
1834,614,1065,1,,2237,59132.7,PAID,GATEWAY,TX-XQL9T274OO1H
1835,231,1045,1,,1584,69589.2,PAID,CARD,TX-GCVKD5AUB8D0
1836,397,849,2,2,579,41382.0,PAID,TRANSFER,TX-33SE4WHCH292
1837,48,1307,2,1,1501,42761.4,PAID,CARD,TX-GDNT5VDWIB79
1838,535,731,1,,2558,13968.0,PAID,CARD,TX-ZR9M682LW1XY
1839,213,221,1,,3099,35385.0,REFUNDED,GATEWAY,TX-Z9T33SBFOIXH
1840,21,1115,2,1,2987,36300.0,PAID,CARD,TX-FIA793VOPWC3
1841,404,388,1,,1985,16852.56,PAID,CARD,TX-VVAYFCTCV812
1842,36,789,1,,1951,58980.0,PAID,GATEWAY,TX-3CT96E9SS7DC
1843,,1390,1,,2985,44760.0,FAILED,CARD,
1844,78,93,2,1,3180,116160.0,PAID,CASH,TX-L0JX3PHJCPI5
1845,164,452,1,,2996,52627.5,PAID,CARD,TX-SH4JC5N1D5P6
1846,381,103,1,,874,51003.6,PAID,CARD,TX-MX8N2IAD32Y0
1847,446,204,1,,2335,30167.4,PAID,CARD,TX-JIWKCJWQ3PXR
1848,529,1126,1,,1360,57172.5,PAID,CARD,TX-Z9HHM5WKAUXG
1849,402,1496,2,4,3037,34485.0,PAID,TRANSFER,TX-2758WOSX7FQG
1850,356,1192,1,,1545,49905.0,PAID,GATEWAY,TX-KTNU3SWNHGNH
1851,,797,1,,2338,30240.0,FAILED,CARD,
1852,155,391,2,4,3103,45375.0,REFUNDED,TRANSFER,TX-INTHWI2LLQJK
1853,275,1336,2,2,3076,42035.4,REFUNDED,CASH,TX-WNUOTSQEIMBY
1854,209,434,2,3,1137,59895.0,PAID,CASH,TX-VP6GDGY87QTH
1855,436,724,1,,,15129.6,PAID,CARD,TX-SY0OCULIEACP
1856,522,1157,1,,480,69877.5,PAID,CARD,TX-75XMD2WFHKIU
1857,211,450,2,2,301,34485.0,PAID,CASH,TX-PM5231D2A8JW
1858,528,655,1,,,37800.0,PAID,CARD,TX-93HLCXJPO95A
1859,284,688,1,,1275,40404.0,PAID,CARD,TX-N4US8GUE4TQN
1860,267,274,2,2,1958,37352.7,REFUNDED,CARD,TX-N30EDJQ38LV0
1861,365,815,1,,1726,68055.0,PAID,CARD,TX-JEIX1W2G8RAX
1862,273,1202,2,1,1541,34485.0,PAID,CASH,TX-25A76SHI5SH7
1863,127,208,1,,2742,44460.0,PAID,GATEWAY,TX-2C9J2SMNP574
1864,441,1119,1,,1268,47454.75,PAID,GATEWAY,TX-Q7QNAPARBU7H
1865,344,871,2,4,430,27588.0,PAID,TRANSFER,TX-MYSJJEFSRDKD
1866,403,1089,1,,2984,43371.0,PAID,GATEWAY,TX-KBNA6WSDPNL1
1867,246,1313,1,,888,42364.2,PAID,CARD,TX-AAO8X881PD5T
1868,232,1169,2,1,2416,42688.8,PAID,CARD,TX-XU48BOKNJWBA
1869,383,497,2,1,330,60984.0,REFUNDED,CARD,TX-S3AAAEBVG0BY
1870,191,274,1,,2811,19004.62,PAID,CARD,TX-4P8ZC5VX7OG0
1871,,1391,1,,2121,52927.5,FAILED,CARD,
1872,442,682,1,,2393,37500.0,PAID,CARD,TX-VZ8AE2JOKF38
1873,546,1063,2,2,44,35574.0,PAID,CASH,TX-NHEM42158JYS
1874,222,535,1,,2714,20765.7,PAID,GATEWAY,TX-YOLD3ZRY7SHP
1875,465,1140,2,3,1148,76121.1,PAID,TRANSFER,TX-80VWUIH1ZRAV
1876,122,712,1,,1851,14306.64,PAID,GATEWAY,TX-BXPOPPO7Q1AZ
1877,100,771,2,3,2960,42688.8,PAID,CASH,TX-CO77A086ALYJ
1878,,1234,2,3,3145,81820.2,FAILED,CASH,
1879,558,193,1,,1165,18142.5,PAID,CARD,TX-1SO4CXLC3JGV
1880,142,1481,2,3,3054,32670.0,PAID,CASH,TX-URLYDARSS11J
1881,258,1420,1,,2038,17208.3,PAID,CARD,TX-ELMGBWKEYARZ
1882,308,866,1,,2063,55176.0,PAID,CARD,TX-4TFUWP1862MR
1883,218,1360,1,,1646,31247.85,PAID,GATEWAY,TX-8UXIMIX0HIG1
1884,95,26,2,2,2084,37243.8,PAID,CASH,TX-X755MCT30JHN
1885,315,890,2,1,260,28459.2,PAID,CASH,TX-RR0AMQGMNYG7
1886,434,1466,2,2,1510,38419.92,PAID,CASH,TX-2YFUGOM0M1TE
1887,24,1114,1,,449,30303.0,PAID,GATEWAY,TX-JLARN901X3YX
1888,68,952,2,2,,30346.8,PAID,CARD,TX-PKPGIMULQD7G
1889,309,235,1,,2523,18742.5,PAID,CARD,TX-AD1EXTI3TWAO
1890,,264,1,,1657,14229.6,FAILED,GATEWAY,
1891,,649,1,,,31392.0,FAILED,CARD,
1892,361,1220,1,,1725,58100.25,PAID,CARD,TX-28Q9NNDIOMYI
1893,262,868,1,,1861,12661.2,PAID,CARD,TX-5QS6Y9H2XOZD
1894,499,298,1,,,15720.0,PAID,GATEWAY,TX-DDPACD8LB612
1895,400,447,1,,2748,28788.0,PAID,CARD,TX-66D931MB74L3
1896,356,464,2,3,2478,43560.0,PAID,CASH,TX-XL6P43S87SOL
1897,103,49,1,,,39619.92,PAID,CARD,TX-DKPSKO8TIT7X
1898,210,454,1,,1466,16020.0,PAID,GATEWAY,TX-QWHA1NQSY9GK
1899,564,1185,2,4,2140,39204.0,PAID,CARD,TX-BURV8TJ0NKZ0
1900,404,226,1,,1091,57800.25,PAID,CARD,TX-QP2X5R3TQ8MD
1901,116,147,2,2,2376,35574.0,PAID,CASH,TX-T7V9P79ZWNMW
1902,260,899,1,,1461,36209.25,PAID,CARD,TX-IKSGBP21S50G
1903,530,1306,2,3,400,23522.4,PAID,CASH,TX-PQCT2FZTHLQ1
1904,,768,2,1,1818,42688.8,PENDING,CARD,
1905,586,59,2,3,1025,32670.0,PAID,CASH,TX-ZSMAYNQPOU01
1906,211,772,2,4,2316,38419.92,PAID,CARD,TX-C1FF6CATJQB4
1907,625,656,1,,1805,33570.0,PAID,CARD,TX-MO2695CFH5IQ
1908,17,903,2,4,768,51727.5,PAID,CASH,TX-T96696JA5TXW
1909,528,30,2,1,2620,27442.8,PAID,CASH,TX-CHPDDEBW0IGQ
1910,618,301,2,1,2374,27951.0,PAID,TRANSFER,TX-AT8NDPVPHHO6
1911,534,779,2,4,2484,85755.12,REFUNDED,CASH,TX-1JSL14O1DIRL
1912,415,883,1,,789,35985.0,PAID,GATEWAY,TX-GGUP3134QV96
1913,22,737,1,,,14568.0,PAID,CARD,TX-EGYSIKZAYAG2
1914,632,1160,1,,2371,28788.0,PAID,GATEWAY,TX-9G2C2350534N
1915,337,140,1,,760,42582.0,REFUNDED,CARD,TX-0C3VJ0POJKKC
1916,495,218,1,,1270,49905.0,PAID,GATEWAY,TX-7CCOJAGQYJ9C
1917,187,562,2,3,,54450.0,REFUNDED,CASH,TX-BUVMZ35EQO97
1918,518,294,1,,2922,12661.2,REFUNDED,GATEWAY,TX-FORCBFZWWCP8
1919,,1053,2,1,280,18966.75,FAILED,CASH,
1920,141,733,2,1,361,152460.0,PAID,TRANSFER,TX-GULNULVTU96P
1921,,548,2,1,1600,18150.0,FAILED,CARD,
1922,317,370,2,1,3070,18104.62,PAID,CARD,TX-20R5PCZEKF82
1923,92,1293,2,2,617,28459.2,PAID,CASH,TX-QCKIZCZ9SZRV
1924,374,1458,1,,1828,61821.0,PAID,CARD,TX-4WPJMDECDDKS
1925,386,233,2,2,2972,47313.42,PAID,CASH,TX-9K0BYZOX30PA
1926,334,820,1,,421,14229.6,PAID,CARD,TX-VPXE3F0SZRDY
1927,43,1300,1,,1153,18442.5,PAID,CARD,TX-7UOVM7VSP0OR
1928,439,1468,2,1,987,60258.0,PAID,CASH,TX-I8UVXG0RUHMB
1929,437,503,1,,802,29659.2,PAID,CARD,TX-TPQZZ0IB8FY7
1930,517,734,1,,558,14006.64,PAID,GATEWAY,TX-PVYA3ZQYPY3J
1931,140,1479,1,,840,60831.3,PAID,CARD,TX-VIV2EOE57VMZ
1932,281,494,2,4,,28459.2,PAID,CARD,TX-PO3JI69Q2SMJ
1933,297,296,2,2,1962,13794.0,PAID,CASH,TX-PB15MCHUZX1L
1934,511,957,2,4,935,32670.0,PAID,CARD,TX-ESEKXY9DWZY0
1935,588,851,2,3,3018,23522.4,PAID,CASH,TX-85HK6OJ244E6
1936,587,1068,1,,312,32916.6,PAID,CARD,TX-HPY92IDF5C5A
1937,273,387,2,3,737,77863.5,PAID,CARD,TX-BFOSORNJOA8U
1938,365,634,1,,3200,62358.24,PAID,CARD,TX-B8IIGX5JT6GT
1939,258,533,1,,344,38143.8,PAID,GATEWAY,TX-DBXUFXNNMF9G
1940,308,851,2,2,2031,61710.0,PAID,CARD,TX-G3HH0XIPRZQD
1941,398,1393,1,,1009,17535.0,PAID,GATEWAY,TX-GHZC1HTGNLE7
1942,475,27,2,1,1735,75340.65,PAID,CASH,TX-FISHURPWDD5D
1943,179,782,2,2,1578,18104.62,PAID,CASH,TX-MQPJUZDIKG7R
1944,388,195,1,,467,45931.2,PAID,CARD,TX-PDJJISLJA1UW
1945,71,278,2,1,1207,41382.0,PAID,CARD,TX-T3REI5I8JIUM
1946,458,904,2,2,2322,15972.0,PAID,CASH,TX-SS8ODZHROHYY
1947,462,555,1,,433,44760.0,PAID,CARD,TX-HH3G0P6BI0MJ
1948,,131,1,,948,97249.8,FAILED,CARD,
1949,,1309,1,,69,16073.4,FAILED,GATEWAY,
1950,591,1496,1,,1326,18987.0,PAID,GATEWAY,TX-WT46E91JQ2VH
1951,294,1260,1,,1119,27036.0,PAID,GATEWAY,TX-A953UDSX31FB
1952,53,9,1,,1043,36474.0,PAID,GATEWAY,TX-3D5VOVK12G4H
1953,248,129,1,,2807,14483.7,PAID,GATEWAY,TX-IJIKOXSKO7LO
1954,195,349,1,,2151,40704.0,PAID,CARD,TX-RH2XP3GUFCCH
1955,479,1399,2,2,99,28459.2,PAID,CASH,TX-A2MQRBNY0QEH
1956,441,197,2,4,,19057.5,PAID,CASH,TX-KEJHYV5POUIZ
1957,,729,2,1,659,14941.08,FAILED,CARD,
1958,215,414,1,,2714,40104.0,PAID,CARD,TX-L270HOK02QFY
1959,,1394,1,,2187,38833.5,FAILED,CARD,
1960,471,1380,1,,2900,39619.92,PAID,CARD,TX-VOG7FQE8M520
1961,428,1087,2,4,,70102.56,PAID,CASH,TX-PS8B53CZJY2J
1962,462,1218,1,,749,92593.8,PAID,CARD,TX-E835ORDA6SSJ
1963,60,650,2,4,2051,45738.0,PAID,CARD,TX-W6GL56IXRXE3
1964,475,114,1,,1491,30249.6,PAID,CARD,TX-ST343BZBWF5N
1965,245,1004,1,,296,45004.5,PAID,GATEWAY,TX-A165E6G1SHI7
1966,304,567,1,,1581,77348.85,PAID,CARD,TX-JNDRH8B1NNGH
1967,248,967,1,,2688,49905.0,PAID,GATEWAY,TX-2VQLKJNQ2RIC
1968,494,944,1,,440,31082.16,PAID,CARD,TX-PB05EJAJ88AS
1969,269,1150,1,,3040,40404.0,PAID,GATEWAY,TX-CZPLEHKAA8RC
1970,301,1301,1,,848,78408.0,PAID,CARD,TX-5OII4XDLPG2T
1971,,415,2,3,1687,49005.0,FAILED,CARD,
1972,,197,2,2,674,16335.0,FAILED,CARD,
1973,534,1280,2,3,900,81529.8,PAID,CARD,TX-WM6DZTN6Q741
1974,143,707,1,,526,76956.0,PAID,CARD,TX-60TNIASSN8VI
1975,266,750,1,,1061,40404.0,PAID,CARD,TX-6383F7N8S0WI
1976,149,420,1,,329,16073.4,PAID,CARD,TX-2XJC3PEK2113
1977,99,264,1,,2315,14229.6,PAID,GATEWAY,TX-H6PRAXKSBRS2
1978,189,451,2,3,795,57172.5,PAID,CARD,TX-2IQPZ502XUUA
1979,84,554,2,2,1472,50275.5,PAID,CASH,TX-790IGX7LHB3E
1980,166,863,2,2,902,75141.0,PAID,CASH,TX-4JDF00BJU3DF
1981,184,1469,1,,1244,15429.6,PAID,GATEWAY,TX-8XVU19MK4VFF
1982,575,530,2,4,230,43560.0,PAID,CARD,TX-W8MW5G4620BQ
1983,587,1191,2,2,358,53361.0,PAID,TRANSFER,TX-0PBW2HYS2A2G
1984,94,258,2,3,2052,42471.0,PAID,CASH,TX-NK4MI0UI02KL
1985,429,82,1,,2,32916.6,PAID,GATEWAY,TX-XETAYL91NZZU
1986,351,18,1,,441,13968.0,PAID,GATEWAY,TX-47ZYNMXC1IPN
1987,75,282,2,2,654,34485.0,PAID,CASH,TX-XJYS66R6LPNE
1988,129,1322,1,,3093,48157.68,PAID,GATEWAY,TX-IDC4FJTIGOWD
1989,320,1459,2,4,717,14941.08,PAID,CARD,TX-GM8J8YX7NQAC
1990,579,186,2,2,705,32670.0,PAID,TRANSFER,TX-H6NHIP1UQKTZ
1991,369,405,1,,3067,18051.75,PAID,CARD,TX-1GMF9L373H3C
1992,137,1056,1,,2732,15129.6,PAID,GATEWAY,TX-P17X8KZCZ22F
1993,544,1134,1,,645,16852.56,PAID,GATEWAY,TX-Y2MR53WFOBPD
1994,363,407,1,,2925,29359.2,PAID,CARD,TX-F8M8XYEF9SH1
1995,89,280,1,,2330,13314.6,PAID,CARD,TX-61VOB9AU0O2U
1996,639,1401,2,4,2047,48024.9,REFUNDED,CARD,TX-9FCOG7GVMX9C
1997,335,586,1,,230,38443.8,PAID,GATEWAY,TX-DQXKKEID4QUE
1998,319,359,1,,,29940.0,PAID,CARD,TX-BMC7NSZ2FMDF
1999,315,498,1,,1434,33216.6,REFUNDED,CARD,TX-6E93JXQKQLGO
2000,618,952,2,4,1301,97411.05,PAID,CARD,TX-4RWHCRG7ZSIA
2001,490,763,1,,817,29359.2,PAID,CARD,TX-QR2GXLIL69SR
2002,223,1454,2,2,607,35574.0,PAID,CASH,TX-D0W646AW8FW8
2003,479,388,1,,5,42582.0,PAID,CARD,TX-APW80I4OUI7J
2004,554,1047,1,,85,19350.0,PAID,CARD,TX-VE2BDRCC0XTR
2005,157,574,2,4,1092,28459.2,PAID,CARD,TX-KKBNUBSWLCEF
2006,571,1108,2,2,450,90005.85,PAID,TRANSFER,TX-KN0D600681IB
2007,307,791,2,2,3120,26136.0,PAID,CASH,TX-KCVYJIQFAD0U
2008,267,353,1,,298,43888.8,PAID,GATEWAY,TX-ZY29V4U4CA8O
2009,542,1162,1,,1922,25022.4,PAID,CARD,TX-IK2C1S90NX72
2010,236,1062,1,,802,46720.2,PAID,CARD,TX-EW6XCZ40EQUU
2011,394,895,2,2,2625,24829.2,PAID,CARD,TX-7O0XW7D6K0J9
2012,601,731,1,,493,34477.5,PAID,CARD,TX-HAY14ZQ2LLGL
2013,318,16,1,,182,53716.5,PAID,CARD,TX-IICXEDFK03GO
2014,339,1390,2,2,2205,14520.0,PAID,CARD,TX-YTSZWREBLLJH
2015,490,1166,1,,449,27636.0,PAID,CARD,TX-I3M9TR52H4BT
2016,255,884,2,4,879,82110.6,PAID,CARD,TX-ZKZPITLFA3LV
2017,217,322,1,,,52627.5,PAID,GATEWAY,TX-ADG2AKKTGM4S
2018,17,177,1,,1858,15720.0,PAID,CARD,TX-CGW5QZDO025D
2019,278,283,2,1,1146,37243.8,PAID,CARD,TX-T2COHKFTVZCF
2020,377,346,1,,3198,19350.0,PAID,CARD,TX-E0J2OI3DC8L7
2021,171,1170,1,,923,33870.0,PAID,GATEWAY,TX-A25BHC7Y617B
2022,142,471,1,,2320,41130.0,PAID,CARD,TX-1IJ3Q7I2ZF1H
2023,232,1493,1,,1580,15129.6,PAID,GATEWAY,TX-EIOIUJVBET0J
2024,282,825,2,3,508,13068.0,PAID,CARD,TX-TPYRDIP3IAJ4
2025,124,324,1,,432,38833.5,PAID,GATEWAY,TX-S9C1XN4CIM8P
2026,247,1393,1,,3014,29949.6,PAID,CARD,TX-ANWPYT3ZOJJY
2027,602,645,2,1,2916,19057.5,PAID,CASH,TX-QXV05ZVY7EDE
2028,470,107,1,,2663,66948.9,PAID,GATEWAY,TX-W0USP5FL5GYB
2029,435,1335,1,,975,43588.8,PAID,GATEWAY,TX-XV1G7MJ8JD2T
2030,506,549,1,,2681,29088.0,PAID,CARD,TX-W9VAIK00V5KU
2031,452,1235,1,,,54558.9,REFUNDED,CARD,TX-FBHLXJNTRS2X
2032,88,1281,1,,2153,55650.0,PAID,CARD,TX-QOWAPFM0LJH3
2033,117,307,1,,2564,37709.25,PAID,CARD,TX-5T11K7OIKWX1
2034,99,619,1,,379,28788.0,PAID,CARD,TX-LE6MRC8T4C2N
2035,271,828,1,,23,27636.0,PAID,CARD,TX-OVOT6IZSAPWI
2036,179,477,2,1,703,15652.56,PAID,CASH,TX-5OXT7SRNGDPX
2037,343,516,1,,192,95045.1,PAID,CARD,TX-VI3EYGZ8S0LJ
2038,,1324,1,,2840,14694.0,PENDING,GATEWAY,
2039,20,321,1,,1512,58100.25,REFUNDED,CARD,TX-LPY2X0J9Q57Z
2040,456,902,2,4,1852,36300.0,PAID,TRANSFER,TX-B9KS1G4KT089
2041,482,82,1,,2956,34170.0,PAID,CARD,TX-PLO8OIB8A7JQ
2042,545,809,1,,3199,28788.0,PAID,GATEWAY,TX-MPOGKTWR7AG1
2043,109,246,1,,1989,55650.0,PAID,GATEWAY,TX-MEZ7ISRGR995
2044,64,1235,1,,78,19057.5,PAID,CARD,TX-SAZD896I5NXF
2045,192,196,1,,2238,13794.0,PAID,CARD,TX-98WS5137AIQZ
2046,154,1163,1,,1246,40104.0,PAID,GATEWAY,TX-2PZ0A14QKDFG
2047,507,709,2,1,72,36300.0,PAID,CASH,TX-V6M8U60KSCAO
2048,306,382,1,,,83281.28,PAID,GATEWAY,TX-DBNFGS5FZ161
2049,190,202,1,,,90120.48,PAID,GATEWAY,TX-ETUP4C3GPT6M
2050,26,304,1,,3026,40331.4,PAID,CARD,TX-BVNABHCMEUHM
2051,12,560,1,,2995,16746.0,PAID,GATEWAY,TX-HNNM7GFDQOAF
2052,352,571,2,1,1460,14374.8,PAID,CARD,TX-K333EJN3G2X8
2053,366,131,2,1,474,41382.0,PAID,CARD,TX-T7U2MWNL00FJ
2054,48,1484,2,4,,26136.0,PAID,CASH,TX-VVXNI7GN0AJQ
2055,347,241,1,,1188,27036.0,PAID,CARD,TX-VU2YSLNQBQD3
2056,242,1098,2,2,671,76556.7,PAID,CARD,TX-CUZ1RDN2YIR2
2057,92,835,2,1,1044,35937.0,PAID,CASH,TX-9ONHG2S6UOQN
2058,145,1246,2,4,913,26136.0,PAID,CARD,TX-TYPD672SF2Y9
2059,,1499,1,,1145,29882.16,FAILED,GATEWAY,
2060,560,919,1,,2173,15129.6,PAID,CARD,TX-4BZENKRTAEA3
2061,212,1120,2,2,868,59840.55,PAID,CASH,TX-CEQR8F1MHHQV
2062,64,1364,1,,576,43888.8,PAID,CARD,TX-IS7LST2JQWSO
2063,454,85,1,,1240,35685.0,PAID,CARD,TX-DO7HOKMV0QRS
2064,145,971,2,1,2946,67699.5,PAID,CARD,TX-UU12I73T8DVR
2065,,431,2,4,59,66211.2,FAILED,CASH,
2066,49,927,2,4,2137,16335.0,PAID,CARD,TX-2M5X8NQO72DM
2067,,27,1,,192,55105.5,FAILED,CARD,
2068,626,120,1,,2460,29659.2,PAID,CARD,TX-BLI8KY3QUZNU
2069,453,917,1,,2238,36774.0,PAID,GATEWAY,TX-KFMF0WU6L0KZ
2070,88,1138,1,,2698,28459.2,REFUNDED,GATEWAY,TX-136KSRL2F7K3
2071,147,1139,1,,,44651.1,PAID,GATEWAY,TX-3B0ALY28YH8Y
2072,478,588,1,,2223,50994.0,PAID,GATEWAY,TX-6VO2PM09DKYD
2073,,1336,1,,2025,15729.6,FAILED,CARD,
2074,144,702,1,,2712,16335.0,PAID,GATEWAY,TX-KTIE4JA8JZNL
2075,274,779,2,2,3196,43560.0,PAID,CASH,TX-3ZUVFG9FLJQ1
2076,363,483,1,,1019,77197.68,PAID,CARD,TX-KY2KI3SC6BHQ
2077,480,757,2,4,1885,41382.0,PAID,TRANSFER,TX-QEEF9MKOT4D4
2078,,927,2,4,1369,54313.88,FAILED,CARD,
2079,,560,1,,175,31392.0,FAILED,GATEWAY,
2080,308,832,1,,3161,78945.0,PAID,CARD,TX-8515D4MU1N01
2081,120,301,1,,334,13914.6,PAID,CARD,TX-3R3SXD8WG118
2082,126,425,1,,156,30167.4,PAID,CARD,TX-0Z8EY95RBNSR
2083,,1453,1,,2641,15652.56,FAILED,GATEWAY,
2084,455,1135,1,,873,13614.6,PAID,CARD,TX-7GUN7YHUFHCG
2085,585,149,1,,2164,30467.4,PAID,GATEWAY,TX-87AR4I8IHTZJ
2086,,12,1,,1774,96804.6,FAILED,GATEWAY,
2087,440,1328,1,,1575,18150.0,PAID,CARD,TX-U7O6KG74KMVX
2088,158,492,2,2,2127,36300.0,PAID,TRANSFER,TX-RI84TF4X6LMB
2089,508,343,1,,866,54624.0,PAID,CARD,TX-VYMGFK9XCKFJ
2090,206,729,2,1,1792,29040.0,PAID,CARD,TX-GEKFJPTPC1CB
2091,9,1261,2,3,1856,92565.0,PAID,CASH,TX-5QDZ1RS1J71Z
2092,534,829,2,4,2535,15246.0,PAID,CARD,TX-HNXSGOT73AWS
2093,38,342,1,,2985,35985.0,PAID,CARD,TX-RNPKSB64SUL4
2094,177,944,2,4,1318,89679.15,PAID,CASH,TX-JJZ8F3U1Y90B
2095,,1499,2,4,2148,86248.8,FAILED,CASH,
2096,566,852,2,4,,86321.4,PAID,CARD,TX-C64B5U8WBTD8
2097,312,52,2,1,,15518.25,REFUNDED,CASH,TX-BIW4NTHLKQ3E
2098,85,397,1,,2511,92739.0,PAID,CARD,TX-3JOG14EFMQML
2099,44,1111,1,,340,48924.9,PAID,GATEWAY,TX-QPTIP87J73PD
2100,506,1380,1,,2491,104146.8,REFUNDED,CARD,TX-PVSC41IASWVX
2101,28,1359,1,,371,107295.3,PAID,CARD,TX-RSO7GQT5ZT6Q
2102,136,332,1,,1599,16146.0,PAID,CARD,TX-UUCM5Q5PZO0B
2103,4,631,1,,2779,31936.5,PAID,GATEWAY,TX-0OPUHKGMZXOB
2104,460,1055,2,1,2044,62508.6,PAID,CASH,TX-RI8MN6DKGL30
2105,503,1478,1,,370,15420.0,PAID,CARD,TX-J5E7PUMTHQWB
2106,14,831,2,2,1252,53361.0,PAID,CASH,TX-NIXUX8FFVPVO
2107,598,1108,2,2,,67663.2,REFUNDED,CASH,TX-JS32O4D2L7LL
2108,529,1227,2,3,2630,71692.5,PAID,CARD,TX-NFBIDSMHGOLN
2109,567,1049,2,4,1668,82854.75,PAID,CARD,TX-KJUN96SMSX0J
2110,141,582,2,3,2276,62617.5,PAID,CARD,TX-IAFSYM1WX0S9
2111,483,119,1,,2288,49905.0,PAID,CARD,TX-TMY3V737XX0G
2112,105,6,1,,1204,21065.7,REFUNDED,CARD,TX-JA56N5WG0V7N
2113,,736,2,2,3008,51455.25,FAILED,CASH,
2114,420,611,2,2,1352,35574.0,PAID,TRANSFER,TX-MZ9NTLF91GDR
2115,237,921,2,1,2589,56628.0,PAID,CASH,TX-DHKBG8MBO4U7
2116,,259,1,,1446,18987.0,FAILED,CARD,
2117,79,795,1,,1977,16718.25,PAID,GATEWAY,TX-T5HL9XKLWUNI
2118,187,5,1,,2992,15429.6,PAID,CARD,TX-4O0J7ZTBLI6I
2119,441,178,2,2,2542,71148.0,REFUNDED,TRANSFER,TX-S03DRK2X1RZ4
2120,432,708,1,,2039,43588.8,PAID,GATEWAY,TX-EXEHK7G9ZMYH
2121,187,1062,1,,2640,14306.64,PAID,GATEWAY,TX-2QEEF5TKKK5N
2122,413,463,1,,2068,46420.2,PAID,GATEWAY,TX-5GFJ1892ADVU
2123,522,819,2,1,2943,41382.0,PAID,CASH,TX-ZMMY7CJMC2XX
2124,587,106,1,,1010,83446.2,PAID,CARD,TX-03OG6AYOVVRM
2125,180,353,1,,169,39133.5,PAID,CARD,TX-Z8T2Y7MQ7P2I
2126,454,1270,1,,1549,61095.0,PAID,CARD,TX-M1KH069KUGKG
2127,482,320,1,,295,55350.0,PAID,CARD,TX-QPIXQVLE1NT2
2128,,1053,2,3,1497,12414.6,PENDING,CASH,
2129,538,474,1,,,103092.0,PAID,GATEWAY,TX-FJ32T34NW19B
2130,470,991,2,3,1537,13068.0,PAID,CASH,TX-PW3R3AYQVK2L
2131,,161,1,,702,13721.4,FAILED,GATEWAY,
2132,544,1395,1,,1280,113147.1,PAID,CARD,TX-AI5VTVT4NFME
2133,,937,2,4,,28459.2,FAILED,CASH,
2134,9,373,1,,2607,33870.0,PAID,GATEWAY,TX-YD3115H6B80S
2135,590,1001,2,2,1206,24829.2,PAID,CARD,TX-RZOSP5R7NHQI
2136,156,399,2,4,35,68607.0,PAID,CARD,TX-8YO0W1NE4N2L
2137,187,663,1,,1330,44300.28,PAID,GATEWAY,TX-1WHJO69QQ41Z
2138,120,240,1,,1166,40404.0,PAID,CARD,TX-8TYT2PTA9N7Y
2139,377,255,1,,325,48924.9,PAID,CARD,TX-BUGWXC2HF3CU
2140,252,1061,2,1,811,136560.6,PAID,CASH,TX-WUEWP9ZGGDH8
2141,,216,1,,1026,28642.8,FAILED,GATEWAY,
2142,409,526,1,,2111,42282.0,PAID,CARD,TX-U8QPPXZYZCE4
2143,,1030,2,1,2234,82655.1,FAILED,CARD,
2144,327,802,1,,3098,18142.5,PAID,GATEWAY,TX-YPY9FJU6H2L8
2145,436,1337,1,,3201,48024.66,PAID,CARD,TX-4OFRYDFBRIE8
2146,593,690,1,,397,80543.25,PAID,GATEWAY,TX-XEUF70VZUXBC
2147,227,1323,2,3,2194,28459.2,PAID,CASH,TX-1KIIYUBPN2LE
2148,501,204,1,,156,19050.0,PAID,GATEWAY,TX-BEKIDUKQW2W8
2149,,155,1,,2287,44760.0,FAILED,CARD,
2150,347,559,2,2,2127,39204.0,PAID,TRANSFER,TX-7YXMRASY6JOL
2151,311,1137,1,,724,28459.2,PAID,CARD,TX-SIASRXKJ3YQQ
2152,143,132,1,,1962,29659.2,PAID,GATEWAY,TX-LNLXWZVCLNLC
2153,607,674,2,3,1748,23522.4,PAID,CASH,TX-VN7SXVI9RG5B
2154,187,747,1,,230,17152.56,PAID,CARD,TX-5C4RTWAZ1CU1
2155,309,503,2,2,,53361.0,PAID,TRANSFER,TX-VXRYXDHL00TE
2156,96,55,1,,2249,87439.2,PAID,GATEWAY,TX-1AX1TV38790P
2157,621,146,1,,2709,78882.0,PAID,GATEWAY,TX-DTA5ZDD23QRX
2158,598,978,2,3,671,71656.2,PAID,CARD,TX-DXCMICGIYH3J
2159,470,1414,1,,3009,98121.0,PAID,GATEWAY,TX-YDM1VPSACUC6
2160,,1406,2,1,2037,30492.0,FAILED,CASH,
2161,422,1188,1,,2689,31692.0,PAID,CARD,TX-XDOBD0V60OVK
2162,328,212,1,,2341,83419.5,REFUNDED,CARD,TX-0IPYKZXBF293
2163,39,1075,2,1,,39930.0,PAID,CARD,TX-O2UYT21XJSNK
2164,611,974,1,,3177,28488.0,PAID,CARD,TX-6E2P52NZ86VM
2165,174,1476,2,2,,43451.1,PAID,CARD,TX-RK0ET6X1S53Y
2166,394,1438,1,,2754,17787.0,PAID,GATEWAY,TX-9S1TV4IR1G3M
2167,36,1012,2,4,3087,17242.5,PAID,TRANSFER,TX-JW1T7NHU392R
2168,491,27,2,1,939,15246.0,REFUNDED,CASH,TX-WHVT07IJIEXV
2169,,723,2,4,640,32670.0,FAILED,CASH,
2170,622,247,1,,2677,43888.8,REFUNDED,CARD,TX-LLXIBY4Z3K1I
2171,460,304,1,,,55650.0,PAID,GATEWAY,TX-672CBC1NG2FV
2172,59,394,1,,1088,45140.62,PAID,GATEWAY,TX-IPLDBPYBP225
2173,378,1485,2,2,780,16335.0,PAID,CASH,TX-4Y3JSX5H28N0
2174,111,1210,1,,364,36300.0,PAID,GATEWAY,TX-CU16DC4UVUW3
2175,8,381,1,,1913,15129.6,PAID,GATEWAY,TX-I250O8G7DPI5
2176,72,1108,2,3,3014,15518.25,PAID,CARD,TX-TC1A2F1JEUZ5
2177,565,1171,2,2,2440,14483.7,PAID,CARD,TX-XEG2YIDPZIDC
2178,36,834,2,1,2163,83490.0,PAID,CASH,TX-QA7V9W96OWDD
2179,458,746,1,,1885,17235.0,PAID,GATEWAY,TX-HMO1I4T2812T
2180,175,796,1,,2870,29659.2,PAID,GATEWAY,TX-ECYFRSMZXD4X
2181,579,814,2,2,,43451.1,PAID,CARD,TX-D5HRG0D74GUC
2182,599,843,1,,2946,55650.0,PAID,GATEWAY,TX-P03KM8WZ98GO
2183,541,218,1,,377,18351.75,PAID,CARD,TX-PC269LJRHRXL
2184,48,209,2,4,2685,27588.0,PAID,CARD,TX-3PEBQLR13MWP
2185,536,367,2,1,893,13794.0,REFUNDED,CARD,TX-72VDX4WLNSFD
2186,116,902,1,,3110,19468.5,PAID,CARD,TX-EVKPITYWO4MR
2187,149,1484,2,4,2621,30201.6,PAID,TRANSFER,TX-D6HQJVXB68G7
2188,391,1094,1,,227,48054.75,PAID,GATEWAY,TX-QA6DEP926AC1
2189,21,1113,2,3,1815,27442.8,PAID,CARD,TX-NOHFPST8UNDI
2190,127,930,1,,1738,70930.2,PAID,CARD,TX-AIB9QNVB5QZH
2191,471,1135,2,1,767,13794.0,PAID,CASH,TX-OV8ZPZLLC45E
2192,568,476,1,,848,47482.5,PAID,GATEWAY,TX-9QXUQ9YYR1Q7
2193,,972,2,2,1458,28314.0,FAILED,CARD,
2194,147,872,2,4,1896,41164.2,PAID,CASH,TX-XFHGMXFVPAJ0
2195,272,1396,2,2,960,67590.6,PAID,CARD,TX-VU66N6XBMVYB
2196,194,998,2,2,2695,57172.5,PAID,CARD,TX-73WTH62ZO1GB
2197,,69,1,,964,50205.0,FAILED,GATEWAY,
2198,625,873,1,,3085,49905.0,PAID,CARD,TX-N2S3ZJ1EYKMR
2199,341,862,2,3,1276,53451.75,PAID,CASH,TX-UNF3OBDUP23B
2200,458,1029,1,,1589,38552.7,PAID,CARD,TX-VQLE5KT6RQ0U
2201,502,721,2,3,221,43560.0,PAID,CASH,TX-X3H8N4YT02C7
2202,446,150,2,4,578,57426.6,PAID,CASH,TX-MOVGY1Y66M8I
2203,391,1004,1,,1999,34485.0,PAID,GATEWAY,TX-S7ULRGH1MYL5
2204,482,450,2,1,1404,79337.28,PAID,CASH,TX-S8P7RRB3ORIB
2205,89,172,2,1,959,36209.25,PAID,CARD,TX-UIU03H8M6MTC
2206,419,1376,2,3,814,34485.0,PAID,CARD,TX-SHKC5PXFJ811
2207,639,234,2,4,535,13721.4,PAID,CARD,TX-UWFSFSPET6H2
2208,513,234,1,,1107,13721.4,PAID,GATEWAY,TX-Z0N8DWLRHGVE
2209,426,117,1,,1545,50386.5,PAID,CARD,TX-W3PQROFPS00R
2210,5,37,1,,70,15720.0,PAID,CARD,TX-PTJ8RLA49FD3
2211,32,1116,2,4,,18150.0,PAID,CARD,TX-3061WBX6D9T1
2212,470,235,1,,1248,38443.8,PAID,GATEWAY,TX-ZDH0WC48LREH
2213,502,285,1,,512,15720.0,PAID,GATEWAY,TX-PB6YWOKL2TPG
2214,62,1188,1,,3055,14268.0,PAID,GATEWAY,TX-IDPBH8QUY19Y
2215,640,230,2,1,2244,107811.0,PAID,TRANSFER,TX-1ZFGGM3512F3
2216,499,1399,2,4,1513,19565.7,PAID,CASH,TX-84NBBL1PDBZD
2217,383,1363,1,,,19350.0,PAID,CARD,TX-6NFVUINUWWJG
2218,309,855,2,3,1596,75663.72,PAID,TRANSFER,TX-GKEX41YNGMJN
2219,304,498,1,,1305,13968.0,PAID,CARD,TX-5I08Q6HKETP4
2220,159,140,1,,1860,14994.0,PAID,CARD,TX-4YE78ERHVTIM
2221,366,956,2,1,2450,50529.6,REFUNDED,CASH,TX-22JQ2I7HQNIO
2222,264,235,2,1,1953,14520.0,PAID,CARD,TX-6MYLX40O6Y7I
2223,486,1268,1,,1390,14994.0,PAID,CARD,TX-F762HG2TXA7B
2224,104,1322,1,,3180,91277.16,PAID,GATEWAY,TX-GOE0NEDHNNYD
2225,399,194,1,,140,40104.0,PAID,GATEWAY,TX-6J4J48HWXV4A
2226,373,1446,1,,1917,42064.2,PAID,CARD,TX-ADDX83JIXYU4
2227,187,502,2,1,2551,14520.0,PAID,CARD,TX-GGYH2BV8BTVE
2228,397,1410,2,3,2590,43560.0,PAID,TRANSFER,TX-QFURC6GR53WU
2229,516,951,1,,107,29940.0,PAID,GATEWAY,TX-4E5XOLCK43SD
2230,599,1124,1,,1105,69371.4,PAID,GATEWAY,TX-85IURJPGZV1F
2231,138,1005,2,2,2706,68879.25,PAID,TRANSFER,TX-9KYLDPVECNDK
2232,100,578,2,4,2186,14229.6,PAID,CASH,TX-GPQWKINEPFDJ
2233,500,881,1,,2029,50457.0,PAID,GATEWAY,TX-SYB25J77OR7H
2234,373,865,2,3,2520,28459.2,PAID,CARD,TX-X2EKROMX3WW2
2235,231,411,2,3,1298,45520.2,PAID,CARD,TX-FN515CKT16AG
2236,412,1412,2,4,2402,13721.4,PAID,CASH,TX-2XMJU5C157GT
2237,15,167,1,,332,14994.0,PAID,CARD,TX-C8QTTEEFROEV
2238,52,623,1,,1146,120036.6,PAID,GATEWAY,TX-BSR3CK7QGLZI
2239,443,1245,1,,1221,59860.8,PAID,GATEWAY,TX-O2FY72J2JVHC
2240,165,1389,1,,689,17835.0,PAID,CARD,TX-KMBOTY8TNFVA
2241,295,354,1,,,42064.2,REFUNDED,CARD,TX-GIT0XXB6QPWA
2242,345,217,1,,151,50205.0,REFUNDED,GATEWAY,TX-R6972E4XTS56
2243,65,502,2,2,545,17787.0,PAID,CARD,TX-U19TKRYZ67VO
2244,,320,1,,2919,129593.1,FAILED,GATEWAY,
2245,395,590,1,,1886,17172.0,PAID,GATEWAY,TX-HUEQ5U62JIXP
2246,288,1358,1,,2964,14374.8,PAID,GATEWAY,TX-KT8V3NRO003M
2247,360,1413,2,3,2140,31036.5,REFUNDED,CASH,TX-Z9S12NHNHM45
2248,442,1183,1,,1621,19350.0,REFUNDED,CARD,TX-3T5BIWDM32CP
2249,255,1270,1,,724,55813.88,PAID,CARD,TX-23TVKVM53M21
2250,469,991,1,,863,60112.8,PAID,CARD,TX-V9WUXJ32CPNM
2251,100,748,1,,2577,36209.25,PAID,GATEWAY,TX-XK6R7IJZ0ZNF
2252,306,1315,1,,3130,50505.0,PAID,GATEWAY,TX-EOTA2R14XFYC
2253,624,529,2,1,1880,26136.0,PAID,CARD,TX-MIOU60KIF32B
2254,,1186,1,,87,58871.1,FAILED,GATEWAY,
2255,216,826,1,,2689,79608.0,PAID,CARD,TX-E6OVRP19KC26
2256,171,53,1,,2004,19050.0,PAID,CARD,TX-VXNLKG0TYZDR
2257,231,810,2,3,376,53361.0,PAID,CASH,TX-7FY3FMD6XKHR
2258,419,1442,2,1,1109,49005.0,PAID,CASH,TX-KM9DU1UTPEC4
2259,202,397,2,3,2438,50094.0,PAID,CARD,TX-FL15392FJD8Y
2260,174,292,1,,,15720.0,PAID,GATEWAY,TX-KKM8M0CP5S0M
2261,,73,1,,,15420.0,FAILED,CARD,
2262,640,462,1,,1473,71685.0,PAID,CARD,TX-YYAHU8YJ50QF
2263,579,1441,1,,3028,15420.0,PAID,GATEWAY,TX-FJU17I0502EO
2264,72,696,1,,1520,58072.5,PAID,CARD,TX-VJ7ZX6O1YD3O
2265,621,568,2,2,1368,14229.6,PAID,CASH,TX-5FFV0LK4G8PA
2266,529,888,1,,2429,44760.0,PAID,GATEWAY,TX-FGTCJ8LVATGW
2267,105,1065,2,4,637,105633.0,PAID,CARD,TX-VYWH6LNJSO3Z
2268,143,667,1,,3193,98038.8,PAID,CARD,TX-EM8QRX85RF0D
2269,,156,1,,15,15720.0,PENDING,GATEWAY,
2270,20,272,1,,573,43588.8,PAID,GATEWAY,TX-7RZWNEKANZHG
2271,271,515,1,,1971,79943.25,PAID,CARD,TX-5NFOG6YH0808
2272,,1109,2,1,2433,110969.1,FAILED,CARD,
2273,307,4,2,1,151,32670.0,PAID,CARD,TX-SR5BVUBXCJT8
2274,582,1406,2,3,2010,14520.0,PAID,CARD,TX-AJLHA6J5XH0N
2275,451,701,2,4,2710,15518.25,PAID,CARD,TX-EFVBREVRSJRN
2276,264,438,2,1,730,36300.0,PAID,CASH,TX-RWDOTD88ZB9W
2277,166,275,1,,2967,64362.0,PAID,CARD,TX-62Z10I4LYCEK
2278,96,1054,1,,1626,92980.92,PAID,CARD,TX-HMMR7LV1HHVP
2279,234,831,2,2,2585,29040.0,PAID,CARD,TX-X113O5CJE9EP
2280,63,161,2,3,236,45520.2,REFUNDED,CASH,TX-R5ZFJYI7O8IH
2281,13,1379,1,,1019,33570.0,REFUNDED,CARD,TX-NF21USLOUA2H
2282,280,1004,1,,1158,14374.8,PAID,GATEWAY,TX-YUG28A7HTZWR
2283,291,7,1,,643,32236.5,PAID,GATEWAY,TX-D2Q6OP3MJYGQ
2284,140,728,1,,393,86868.0,PAID,CARD,TX-DCBBP1ZPMA1L
2285,401,832,1,,2863,17535.0,PAID,GATEWAY,TX-WQ63NGLKB1ZN
2286,508,177,1,,3100,28488.0,PAID,GATEWAY,TX-QRYMDT6YZ7QP
2287,377,526,2,2,2711,28314.0,PAID,CARD,TX-PCIEM1OQQC7I
2288,,312,2,1,1002,54313.88,FAILED,CASH,
2289,289,297,1,,1059,85597.5,PAID,CARD,TX-NPE6EMNYCUBF
2290,245,472,2,4,2979,36209.25,PAID,CARD,TX-PSKYAXD7HH7N
2291,507,133,1,,1994,73209.6,PAID,CARD,TX-CTO5POBBSK71
2292,77,718,2,4,214,67082.4,PAID,CARD,TX-DBAV1LICNCW6
2293,,378,1,,972,29088.0,FAILED,CARD,
2294,89,1390,1,,1616,36774.0,REFUNDED,GATEWAY,TX-D3SE2BP4SIMR
2295,92,1114,2,3,2530,17242.5,PAID,CARD,TX-9HDR239MPNHJ
2296,197,102,2,3,2268,25613.28,PAID,CASH,TX-OCIGWHVRGVA7
2297,519,484,1,,1908,14229.6,PAID,CARD,TX-FOA4TZMZV0NS
2298,359,1297,2,2,518,41382.0,PAID,CARD,TX-TOEU6KECO2A4
2299,142,716,1,,1140,29359.2,PAID,GATEWAY,TX-1I6XMH1TP9WN
2300,,1009,1,,984,36483.6,FAILED,GATEWAY,
2301,,860,1,,2191,61095.0,FAILED,CARD,
2302,173,118,1,,1916,16418.25,PAID,CARD,TX-RX8TF164G1U8
2303,224,891,1,,2937,39204.0,PAID,CARD,TX-QUV19IT4MTMA
2304,,1091,2,2,2132,92347.2,PENDING,TRANSFER,
2305,450,1373,1,,,33870.0,PAID,CARD,TX-0LGFDW6GUDAG
2306,405,557,2,4,1510,35211.0,PAID,CASH,TX-C3VWHBXHIMKO
2307,328,757,1,,1469,49905.0,PAID,CARD,TX-BFT5HL9PLMWE
2308,20,1015,1,,42,43671.0,REFUNDED,CARD,TX-F5K2ERTBKP6X
2309,,635,1,,2007,61312.8,FAILED,CARD,
2310,427,498,1,,1501,19168.5,PAID,CARD,TX-1QCKQ487QGGZ
2311,227,886,2,4,2097,29040.0,PAID,CARD,TX-GI8E0QEE0GVC
2312,488,1127,2,4,,74215.35,PAID,CARD,TX-R18DPJMJPG8X
2313,108,1220,1,,883,16020.0,PAID,CARD,TX-3S3HDZ9HQKY9
2314,321,16,1,,2518,71168.25,PAID,GATEWAY,TX-EUULO17CKNM7
2315,80,350,1,,,18687.0,PAID,GATEWAY,TX-CNOGJE2EN9WV
2316,114,37,1,,989,27036.0,PAID,CARD,TX-IL5GY2GNJXD6
2317,,1445,1,,1095,16441.08,FAILED,CARD,
2318,18,18,1,,2772,16446.0,PAID,GATEWAY,TX-E3WJ1Z3LDBMY
2319,99,975,1,,2218,17787.0,REFUNDED,CARD,TX-D8K0YLL5M5MC
2320,410,304,2,3,341,17787.0,PAID,CASH,TX-ZEVUW8PMY9PH
2321,376,1199,1,,,39204.0,PAID,CARD,TX-P8I7JTR29TEI
2322,116,437,2,2,486,13794.0,PAID,TRANSFER,TX-2IR5V2O0VF6R
2323,174,424,1,,373,46638.0,PAID,GATEWAY,TX-NG55P3DJWXFA
2324,248,1364,1,,2612,37800.0,PAID,CARD,TX-KSDQ0Q15EJEA
2325,452,979,1,,1388,13968.0,PAID,CARD,TX-2LW8D6QODYZ8
2326,549,110,1,,3119,70694.25,PAID,GATEWAY,TX-4KCH3Z221B1R
2327,321,751,1,,2627,75619.92,PAID,CARD,TX-WZJ001TL6M5D
2328,183,1427,1,,89,40104.0,PAID,CARD,TX-M3TZX2UGHIQJ
2329,442,252,1,,3175,32236.5,PAID,CARD,TX-M7Q2B7I5YBOJ
2330,,846,2,2,,28749.6,FAILED,CARD,
2331,433,1183,1,,40,17152.56,PAID,CARD,TX-2EB5FA7KC6Z1
2332,543,874,1,,631,73536.3,PAID,CARD,TX-VGKPIQ0OVU9R
2333,581,469,1,,245,29940.0,PAID,CARD,TX-XP2W8KD19RBP
2334,497,637,1,,1557,37800.0,PAID,CARD,TX-3TVZ29SC848B
2335,527,1068,2,3,202,80186.7,PAID,TRANSFER,TX-SZJ2BS7KGT7G
2336,588,1230,2,3,2703,16008.3,PAID,CASH,TX-C3HB9YTA87VV
2337,456,249,1,,1027,63155.55,PAID,CARD,TX-P0379O25WIET
2338,338,390,1,,225,18442.5,PAID,CARD,TX-5DE2HE58GX7E
2339,43,162,2,2,1711,35574.0,PAID,TRANSFER,TX-9KAYDWKHOSMC
2340,438,493,2,1,2562,32670.0,PAID,CASH,TX-Y5OJSQXWO1EZ
2341,284,1231,1,,2385,31246.8,PAID,GATEWAY,TX-9E8IEUNHZJ7J
2342,,382,1,,2160,27336.0,PENDING,CARD,
2343,442,887,1,,2396,28488.0,PAID,CARD,TX-E9RPOGCBPSSH
2344,369,949,1,,,93765.0,PAID,CARD,TX-TZDJT4FDUADI
2345,290,78,1,,3162,83020.2,PAID,GATEWAY,TX-U0TMPB7P94TY
2346,259,747,1,,978,14994.0,PAID,GATEWAY,TX-XFDFJSLSPGF1
2347,151,138,1,,1109,31246.8,PAID,CARD,TX-OX5PJTIU0HDP
2348,605,1058,1,,1025,54261.0,PAID,GATEWAY,TX-PWUWO13JC9FQ
2349,533,189,2,2,1586,43124.4,PAID,CASH,TX-OSGPRSRUEYT8
2350,,507,1,,2556,55313.7,FAILED,GATEWAY,
2351,134,1374,2,4,1453,13068.0,PAID,CARD,TX-ER4ZQ1D207TE
2352,366,85,1,,,47238.0,PAID,GATEWAY,TX-4A3MLWU1LRZH
2353,220,239,1,,1193,27036.0,PAID,CARD,TX-PQG7XRU3JLHJ
2354,184,17,1,,2192,32205.12,PAID,CARD,TX-BLSDMTUP8J5K
2355,90,351,1,,1175,40970.28,PAID,CARD,TX-FEPFCLPZUY2H
2356,161,1421,1,,1140,35385.0,PAID,GATEWAY,TX-L1D5VF3NNDC3
2357,151,719,2,2,135,28459.2,PAID,TRANSFER,TX-Q4HRLJPYVJMX
2358,,58,1,,1016,29940.0,FAILED,CARD,
2359,259,245,1,,354,45723.24,PAID,CARD,TX-L4P4A3DNQGS5
2360,598,1320,2,2,1015,48279.0,PAID,CARD,TX-3X1KMX5ZL9WW
2361,338,947,2,1,1428,39930.0,PAID,TRANSFER,TX-THJHYKG38S30
2362,279,29,1,,1948,43888.8,PAID,CARD,TX-PRNJCZOEFZ6G
2363,200,375,1,,347,18987.0,PAID,GATEWAY,TX-EDGS6FAXC6Y5
2364,44,314,1,,2448,17235.0,PAID,CARD,TX-R8NNZBIOTYWX
2365,480,974,1,,1879,32672.1,PAID,GATEWAY,TX-REXSC05J6I7Q
2366,249,345,1,,1840,55150.35,REFUNDED,GATEWAY,TX-X87N6C0KWVA6
2367,463,1331,1,,2730,15720.0,PAID,GATEWAY,TX-SIM4DZ0ECOJB
2368,237,1008,2,1,,17787.0,PAID,CARD,TX-FI7MCU7WHZFQ
2369,571,588,2,4,2540,14520.0,PAID,CASH,TX-UXDLTH6S5VTB
2370,446,274,1,,1720,35685.0,PAID,CARD,TX-3G9O4WM8VRB2
2371,237,1488,2,2,2164,17242.5,PAID,CARD,TX-YY3SYAJ8S9HK
2372,202,1089,1,,608,46720.2,PAID,GATEWAY,TX-EG6JSD02S1J6
2373,198,1472,1,,1032,26813.28,PAID,CARD,TX-C755UGM2BLIB
2374,397,1294,1,,1441,52927.5,PAID,CARD,TX-JEE0N3WQCNB6
2375,452,10,2,2,1541,41527.2,PAID,CARD,TX-PPJ32HRBFMRA
2376,,905,1,,991,33870.0,FAILED,CARD,
2377,333,392,1,,691,71863.92,PAID,CARD,TX-SX9LJK10JMFX
2378,294,872,1,,501,29477.7,PAID,GATEWAY,TX-0ZH4890QKK1X
2379,114,825,1,,2418,41817.6,PAID,CARD,TX-19U7TJQ2JUPQ
2380,134,625,2,3,343,51727.5,PAID,CARD,TX-FU3663XRO8YU
2381,58,1389,1,,221,40704.0,PAID,GATEWAY,TX-FMKXBCBNGIAC
2382,141,5,1,,1036,27036.0,PAID,CARD,TX-90KEXFU4J3EB
2383,154,74,2,1,2594,15652.56,PAID,CARD,TX-5OWQ9112DFIM
2384,621,805,1,,2407,108900.0,PAID,GATEWAY,TX-SLXNLPTQ950F
2385,265,893,1,,1864,27336.0,PAID,CARD,TX-XLPA7S76TJIL
2386,477,347,1,,,91476.0,PAID,GATEWAY,TX-RERELJ62ZFAQ
2387,102,705,2,4,906,69696.0,PAID,CASH,TX-ZCPJ5TABT7VE
2388,76,1342,1,,1927,78523.92,PAID,GATEWAY,TX-QOUHPDQ4FWDM
2389,522,97,1,,974,52927.5,PAID,GATEWAY,TX-VKWBA16ZU2EL
2390,136,1308,2,1,432,68970.0,PAID,CARD,TX-37QT5ECEWVTI
2391,171,714,2,1,2778,69841.2,PAID,CARD,TX-B8KKJWWE4P29
2392,590,1357,1,,441,43588.8,PAID,CARD,TX-CANXBK9FK9QF
2393,611,1092,1,,78,63273.0,PAID,CARD,TX-6HACH45BYK5Z
2394,505,513,2,1,,32670.0,PAID,TRANSFER,TX-GOCQ5S6Q9GAX
2395,494,263,2,2,3085,12806.64,PAID,CARD,TX-HXQYUS1SQIGS
2396,627,437,2,4,854,43560.0,PAID,CARD,TX-P466Q6IE8MS0
2397,11,1216,1,,232,48816.0,PAID,CARD,TX-CQ1VC911MSH8
2398,168,1391,2,3,1743,42688.8,PAID,CASH,TX-1VDBV2NU2MU3
2399,105,348,1,,388,55650.0,PAID,GATEWAY,TX-R3NEK993WYW9
2400,356,429,1,,2703,35685.0,PAID,CARD,TX-W0JM0TPUD4TX
2401,608,388,2,3,176,31305.12,PAID,CARD,TX-85SADOYSYQBB
2402,234,1062,1,,2538,27113.28,PAID,GATEWAY,TX-KE7705ZIUCDK
2403,11,536,1,,1544,40104.0,PAID,GATEWAY,TX-VCIRQEZL20M3
2404,322,516,1,,2264,72418.5,PAID,CARD,TX-4OKYPGGNXI47
2405,426,1025,2,3,862,18150.0,PAID,CARD,TX-BTRUSGBETDM1
2406,18,1405,2,1,2751,54450.0,PAID,CASH,TX-58S1KYJ4V7KR
2407,523,1317,1,,2245,54450.0,PAID,CARD,TX-2VGKBFI84M2E
2408,20,1200,2,4,1464,39204.0,PAID,CASH,TX-QU663O2FFUSS
2409,453,984,2,4,1860,69696.0,PAID,TRANSFER,TX-M16LUCMUSX2A
2410,50,1465,2,4,171,43124.4,PAID,CASH,TX-773GQX4G7BO8
2411,623,831,1,,2637,66017.28,PAID,CARD,TX-6MUQLEUC5CS9
2412,347,1206,1,,115,46638.0,PAID,CARD,TX-JNGG79EC9KQ6
2413,278,1431,2,4,1860,107411.7,PAID,CARD,TX-FTLFDCNPVBEO
2414,618,1288,1,,2614,34170.0,PAID,CARD,TX-4DL2ITERG4PW
2415,146,812,1,,2630,36474.0,PAID,GATEWAY,TX-VB6P325NH1XK
2416,447,587,1,,3181,55259.25,PAID,GATEWAY,TX-DXZSF2HZ4ZOC
2417,239,709,2,2,2943,13794.0,PAID,CARD,TX-FJYI2YIR9AZD
2418,117,544,2,2,3127,15518.25,PAID,TRANSFER,TX-Q9H6VRTH0VT8
2419,505,1174,2,3,2670,29403.0,REFUNDED,CASH,TX-UMACWPKP8I1P
2420,435,249,1,,3063,43879.2,PAID,GATEWAY,TX-HON55WPOCIN4
2421,356,709,1,,1348,25022.4,PAID,CARD,TX-JDC2TH06X6H8
2422,363,368,2,4,453,29403.0,PAID,CARD,TX-1QCFB4IJQULU
2423,574,991,1,,1932,40104.0,REFUNDED,GATEWAY,TX-J3JO9O16872L
2424,243,217,2,1,2795,37933.5,PAID,TRANSFER,TX-W20OL3FDF9K8
2425,560,146,1,,332,52927.5,PAID,GATEWAY,TX-N1D83142PUJ0
2426,68,1376,1,,3061,27762.0,PAID,GATEWAY,TX-3OLOBMC14ORK
2427,184,583,1,,1365,79801.92,PAID,CARD,TX-4C66FHTX85FC
2428,47,779,1,,1660,68790.6,PAID,CARD,TX-1HVBOOV8MI19
2429,375,216,1,,1692,52836.75,PAID,CARD,TX-SOGSOB6MMBN3
2430,566,1266,2,4,2260,46554.75,PAID,CASH,TX-PV85A73SFJVJ
2431,552,629,1,,441,43779.9,PAID,GATEWAY,TX-GULKO4XC1CLO
2432,375,245,2,4,2180,26136.0,PAID,TRANSFER,TX-2MX1XQZEE0XP
2433,607,1256,2,4,242,13068.0,PAID,TRANSFER,TX-RGP9FDAUV9LV
2434,283,1195,1,,518,43588.8,PAID,CARD,TX-LKU9EMYH5YRY
2435,29,191,2,3,1443,16335.0,PAID,TRANSFER,TX-WPHX22SXDQ69
2436,604,1477,1,,3059,29649.6,PAID,CARD,TX-EF4VQ41HERCY
2437,95,464,2,4,414,29040.0,PAID,CASH,TX-TDMEHZHCPP6J
2438,201,667,2,2,78,42688.8,PAID,CASH,TX-5CK4J1GWL2IX
2439,483,622,1,,2917,29882.16,PAID,CARD,TX-V5FP7VMRF45E
2440,,866,1,,1104,33991.08,FAILED,CARD,
2441,126,308,1,,23,18442.5,PAID,CARD,TX-ZTOCI5WDJVFY
2442,162,304,2,1,434,66792.0,PAID,CASH,TX-ID7Z0C5TGAXM
2443,84,1405,1,,1784,45723.24,PAID,CARD,TX-75EN82IOO8B6
2444,392,1369,2,3,2678,54450.0,PAID,CARD,TX-XJO62PJTJRKL
2445,,849,1,,1011,32781.0,FAILED,GATEWAY,
2446,542,658,1,,1304,15429.6,PAID,CARD,TX-NVAMQPKIJLEJ
2447,126,1400,2,4,1532,15246.0,PAID,CASH,TX-ESCLZ6QNH2KC
2448,96,345,1,,2183,55350.0,PAID,GATEWAY,TX-3XGTKCTTALDI
2449,264,617,1,,2094,42282.0,PAID,CARD,TX-ZE4H6Q64J0YL
2450,272,219,2,4,2531,14374.8,PAID,CASH,TX-T1OHK2RXQ4E3
2451,277,1253,1,,104,63127.8,PAID,GATEWAY,TX-2XAHQIGOPWN1
2452,10,377,2,4,2748,68244.0,PAID,CASH,TX-Z56PR8LS614M
2453,338,577,2,2,1567,54450.0,PAID,TRANSFER,TX-16ISBB9A3MI8
2454,453,769,1,,1100,35283.6,PAID,GATEWAY,TX-1LPO3ZCBGZDV
2455,569,209,1,,2144,52627.5,PAID,CARD,TX-JR805GESWT8L
2456,3,449,1,,1241,108285.0,PAID,GATEWAY,TX-O8U5797BU1BO
2457,170,859,2,1,,12806.64,PAID,CASH,TX-NXAXDKYSF7FA
2458,486,960,1,,855,91161.0,PAID,CARD,TX-BLGB2ZGUOVTQ
2459,,1120,1,,3203,17835.0,FAILED,GATEWAY,
2460,459,993,1,,323,29659.2,PAID,CARD,TX-9KD79YTJ9XVG
2461,211,375,2,3,2964,43560.0,PAID,CASH,TX-3MW8BEAV0G9B
2462,333,421,2,2,123,17787.0,PAID,CARD,TX-VIEIBUB8Z8ND
2463,294,1219,2,4,274,14520.0,PAID,CARD,TX-EDLNK2ZRL8Y5
2464,404,1418,2,1,2697,30038.25,PAID,CASH,TX-N5URN9H5A7HA
2465,399,1034,1,,631,55650.0,PAID,GATEWAY,TX-3HUPSICYZN9R
2466,333,801,1,,3160,36474.0,PAID,CARD,TX-003WZ10AGWVL
2467,391,89,2,3,,73180.8,PAID,CARD,TX-3DQ0E7E2AWBB
2468,574,436,2,1,971,23522.4,PAID,TRANSFER,TX-X31HYK0NPI89
2469,637,281,1,,1527,42282.0,PAID,CARD,TX-A174PHQ2SAGK
2470,212,593,1,,3063,152498.12,PAID,GATEWAY,TX-4553TC3O6L8Q
2471,180,996,2,2,2552,49005.0,PAID,CARD,TX-5MTQ1A2WBNVM
2472,575,205,1,,,15683.7,PAID,CARD,TX-ZY11CLR9C0LQ
2473,11,520,1,,867,50205.0,PAID,GATEWAY,TX-Y7JFACRTLGHI
2474,601,12,1,,720,14994.0,PAID,CARD,TX-D1KIJMYQY5HZ
2475,290,126,1,,902,57229.05,PAID,CARD,TX-5ZP6CA0X4DH0
2476,176,826,2,1,1604,54313.88,PAID,CARD,TX-9Z9DBE7JAZ52
2477,453,1062,1,,,15294.0,PAID,GATEWAY,TX-DZ7VX1YWLKIE
2478,,382,2,3,2975,37897.2,PENDING,CASH,
2479,,668,1,,2457,13314.6,PENDING,GATEWAY,
2480,382,1049,1,,,77974.5,PAID,CARD,TX-S3XIR66ARAYQ
2481,188,1479,1,,1340,16020.0,PAID,CARD,TX-10O4LIVFHVWY
2482,635,586,2,1,2567,15652.56,PAID,CASH,TX-J5WOWKNXZPW2
2483,389,983,1,,1854,40404.0,PAID,CARD,TX-UGXRCQQ2QQSK
2484,173,921,1,,2241,30240.0,PAID,GATEWAY,TX-TCN84IVGDGHC
2485,273,837,1,,3060,55650.0,PAID,GATEWAY,TX-OPRKVPYNKS2V
2486,616,1404,2,4,,50094.0,PAID,CASH,TX-SS0U61SBHFW7
2487,,605,2,4,1120,41382.0,FAILED,TRANSFER,
2488,99,836,1,,1291,44760.0,PAID,GATEWAY,TX-AF9D51JXU3TO
2489,493,30,1,,160,36300.0,PAID,CARD,TX-CYROHOX590AR
2490,208,1358,1,,2838,13261.2,PAID,CARD,TX-SV1CYLILLNBU
2491,295,569,1,,2246,17235.0,PAID,CARD,TX-QIBKI8MEJEII
2492,250,459,2,1,2059,14941.08,PAID,TRANSFER,TX-A8HH0T5IY394
2493,596,870,1,,2661,39919.92,PAID,GATEWAY,TX-35WKNXNXBC53
2494,,1123,1,,,19957.5,FAILED,GATEWAY,
2495,373,146,2,3,2728,37243.8,PAID,CARD,TX-C9PZTRV5JWL3
2496,68,826,2,1,2224,66066.0,PAID,CARD,TX-VK3DOJHLH3J5
2497,32,1228,1,,574,13614.6,PAID,GATEWAY,TX-QEMZ0FY706Q2
2498,109,495,1,,958,58072.5,PAID,CARD,TX-2PL99QXNETBH
2499,128,1159,2,1,2595,54450.0,PAID,CARD,TX-XV9YZW1GBOGC
2500,531,1344,1,,1708,14268.0,PAID,GATEWAY,TX-61JV7ET9EJNS
2501,271,847,1,,1551,27036.0,PAID,GATEWAY,TX-AD2GUY2Z1DGM
2502,272,690,1,,1910,31305.12,PAID,GATEWAY,TX-5ER5Q42PKDPK
2503,532,985,1,,1983,18987.0,PAID,CARD,TX-C3VNQP95TR8P
2504,443,1413,2,2,1923,34303.5,PAID,CARD,TX-IQ5DZ5B3SF2R
2505,99,1280,2,3,1846,17151.75,PAID,TRANSFER,TX-5UUR7IOQZJOZ
2506,446,1130,1,,1628,160438.5,PAID,CARD,TX-IIAU7WMG4P3K
2507,550,247,1,,1731,36483.6,PAID,CARD,TX-C9A5R2JMABTD
2508,611,666,2,1,1724,13794.0,PAID,CARD,TX-44UR1IGYL7U7
2509,218,995,1,,657,77892.3,PAID,CARD,TX-IXOZ836GF7QS
2510,,1081,1,,3055,29040.0,FAILED,CARD,
2511,289,723,1,,2234,14694.0,PAID,CARD,TX-S2NV5IOZL7S5
2512,81,1284,2,1,577,14229.6,PAID,CARD,TX-3MXT6EKIF5X9
2513,352,1372,2,4,2773,51727.5,PAID,CASH,TX-4MBJDM81V0HG
2514,303,397,1,,1348,14568.0,PAID,GATEWAY,TX-1HE4N78KFAMY
2515,195,508,1,,,57172.5,PAID,GATEWAY,TX-EGQK507F0ISG
2516,512,1212,2,1,1920,43560.0,PAID,CASH,TX-3IPEZJOTFHTT
2517,60,765,1,,1701,27636.0,PAID,GATEWAY,TX-QO8FC17C3IIV
2518,414,444,1,,1627,31305.12,PAID,GATEWAY,TX-S0I38FBP3TJN
2519,234,798,1,,1515,15429.6,PAID,CARD,TX-Q1S3FU4G78RH
2520,218,1380,2,2,153,14520.0,PAID,CASH,TX-SN3P2PBTU2T2
2521,177,260,1,,553,49116.0,PAID,CARD,TX-7TS0N5VIB316
2522,564,25,1,,504,55350.0,PAID,CARD,TX-OAHGDGE1HQR2
2523,560,1301,2,2,2677,16335.0,PAID,CARD,TX-4KAAYNM0ND5V
2524,103,600,2,4,1793,37352.7,PAID,CASH,TX-DDG864J9HGVZ
2525,62,678,1,,625,86250.38,PAID,CARD,TX-AJ6N7A9GHAGQ
2526,578,1500,1,,3037,97249.8,PAID,CARD,TX-2E6Z05RJ16QE
2527,459,1414,1,,2711,36837.0,PAID,GATEWAY,TX-TTW7AYCEVXZW
2528,533,490,1,,643,33234.22,PAID,CARD,TX-Q9O20XNCA6DP
2529,457,932,1,,2508,36183.6,PAID,GATEWAY,TX-G8U03EZ2FAXQ
2530,49,812,2,1,14,81529.8,PAID,CARD,TX-ARIBELNAQHX4
2531,254,1160,1,,2215,29867.4,PAID,CARD,TX-ET55M37BZ4J1
2532,375,290,1,,2109,26813.28,PAID,GATEWAY,TX-SABQDKNN3S1N
2533,531,891,1,,,18351.75,PAID,CARD,TX-E3NV0K1DRE6I
2534,162,870,1,,1756,42064.2,PAID,CARD,TX-XKY9EQMBEUE9
2535,11,991,2,2,1887,29475.6,PAID,TRANSFER,TX-LC0B406C7WPP
2536,124,793,1,,346,52987.92,PAID,GATEWAY,TX-OKHKNN75JFM6
2537,170,741,1,,403,16418.25,PAID,GATEWAY,TX-ST0QBT34YBGV
2538,490,229,1,,92,29359.2,PAID,CARD,TX-THL5FTGLN1UR
2539,,177,2,2,2241,28967.4,FAILED,TRANSFER,
2540,72,706,1,,2837,19168.5,PAID,CARD,TX-AQXHIJHP6E30
2541,66,665,1,,2483,48191.64,PAID,CARD,TX-E09AWWEQJXRZ
2542,364,510,2,2,803,39204.0,REFUNDED,CASH,TX-KJBAJGFMNIL5
2543,259,1172,1,,1603,26136.0,PAID,GATEWAY,TX-YR1UE1YD0KHV
2544,328,392,2,2,1725,54450.0,PAID,CARD,TX-VH8QHUA8STDY
2545,508,163,1,,2862,15720.0,PAID,GATEWAY,TX-DNMEPV0QR15S
2546,381,918,1,,1831,29403.0,PAID,GATEWAY,TX-HMDV47IQRPIC
2547,41,788,2,2,170,28495.5,PAID,CARD,TX-K17DB20H2KPS
2548,202,1008,1,,3128,35685.0,PAID,GATEWAY,TX-9YZ3I3E3X1B2
2549,623,157,1,,3075,80070.3,PAID,CARD,TX-LN5KW77EOBT3
2550,128,1387,1,,1061,62946.3,PAID,CARD,TX-FJ6B370GUNIX
2551,,448,1,,80,47857.68,FAILED,GATEWAY,
2552,212,180,1,,1630,16141.08,PAID,GATEWAY,TX-PQJE03GRFJVC
2553,264,988,1,,,19004.62,PAID,CARD,TX-E3Z19C575DI7
2554,628,1133,1,,1898,43888.8,PAID,GATEWAY,TX-ZH7DUCK8JR3O
2555,190,441,1,,,50205.0,PAID,GATEWAY,TX-L2OFWVRTD888
2556,217,44,1,,169,27336.0,PAID,CARD,TX-2L8WN103FRBW
2557,510,194,1,,1279,11761.2,PAID,CARD,TX-TT097OQ3Q962
2558,136,622,1,,3179,65904.75,PAID,GATEWAY,TX-N83DO9KL0NQ4
2559,415,81,1,,1641,42064.2,PAID,CARD,TX-1XWKZ2IEUJKA
2560,,525,1,,,31082.16,PENDING,GATEWAY,
2561,492,204,2,2,,54450.0,PAID,CARD,TX-Q9YVAM8IGHZ8
2562,338,1393,2,2,621,32670.0,PAID,TRANSFER,TX-VDAG0IYVAM0E
2563,174,1057,1,,866,42664.2,PAID,CARD,TX-UJNH46RLF4XG
2564,356,310,1,,3028,129139.35,PAID,GATEWAY,TX-70HQTN7F4GIF
2565,17,358,1,,2400,44624.4,PAID,GATEWAY,TX-GQWXQ825X87K
2566,196,1271,1,,1505,58399.2,PAID,CARD,TX-JNWKBP9AN2ZG
2567,505,1158,1,,1995,30303.0,PAID,CARD,TX-Q6VXN9HSF97K
2568,550,492,2,4,518,35574.0,PAID,TRANSFER,TX-G6P61VDSUNTT
2569,389,1207,1,,532,28488.0,PAID,CARD,TX-K94W7U8BUE0O
2570,496,1015,2,3,2074,15246.0,PAID,CASH,TX-M5WAK2WINN44
2571,355,698,2,2,592,56918.4,PAID,CARD,TX-MUVK2HZP0CD4
2572,409,860,2,4,2377,45099.12,PAID,CASH,TX-HQBQLPF5GR8G
2573,370,1258,1,,1676,70977.15,PAID,GATEWAY,TX-0RZLNSO0NEQG
2574,323,1032,1,,869,52927.5,PAID,GATEWAY,TX-DGC5AM98C363
2575,625,26,1,,1220,29659.2,PAID,GATEWAY,TX-7OP8NRPTJ66J
2576,210,268,1,,2174,81486.0,PAID,CARD,TX-ES2RI2B62GWY
2577,125,1242,1,,1100,42364.2,PAID,CARD,TX-0GIY4XQGNE4R
2578,97,393,1,,344,72600.0,PAID,CARD,TX-0TTRM56B0HX8
2579,,99,2,4,2866,13068.0,PENDING,CASH,
2580,631,518,1,,1398,29403.0,PAID,CARD,TX-YL5R5IZWJR4R
2581,250,420,1,,2707,70673.28,PAID,GATEWAY,TX-RGVEL3F0HBSK
2582,65,323,2,3,1939,45229.8,PAID,CARD,TX-Z1XEYRPZ9R36
2583,54,1359,1,,1081,61956.6,PAID,GATEWAY,TX-XC3CQY125D0E
2584,399,988,1,,334,56076.0,PAID,CARD,TX-6HXLX0FQ68J9
2585,405,687,2,3,1125,16335.0,PAID,CARD,TX-MLTKA726ZXI9
2586,,395,1,,1502,30240.0,FAILED,CARD,
2587,356,35,2,3,1851,31944.0,PAID,CASH,TX-FK9IA6O015O8
2588,432,264,2,2,537,89298.0,PAID,CARD,TX-HAF8UFEX5V0J
2589,288,1085,1,,2031,27036.0,PAID,CARD,TX-W5VJV5LE8INJ
2590,318,1023,1,,2156,49905.0,PAID,GATEWAY,TX-LORXHYDUZYR9
2591,,789,1,,18,100725.0,FAILED,CARD,
2592,569,524,2,2,1093,82764.0,PAID,CARD,TX-5WPOGZTJVWXU
2593,168,189,1,,1360,55103.4,PAID,GATEWAY,TX-KB3LSZXQS5XK
2594,,806,2,4,139,59895.0,FAILED,CARD,
2595,270,1241,1,,,55950.0,PAID,GATEWAY,TX-QNT4MYLOFV6C
2596,41,1210,1,,1647,33870.0,PAID,GATEWAY,TX-Y1O8S2AXVHIU
2597,,1034,1,,89,49234.5,FAILED,CARD,
2598,,653,2,1,2046,34485.0,FAILED,CASH,
2599,111,662,2,1,1943,14520.0,PAID,CARD,TX-RUQUWLT15PPN
2600,283,726,2,3,3189,36300.0,PAID,CARD,TX-RYWNYUVW9NR9
2601,415,1306,1,,3168,56029.05,PAID,CARD,TX-PRJ27931ODC8
2602,,1383,2,3,997,79497.0,FAILED,CARD,
2603,,489,1,,649,18142.5,FAILED,GATEWAY,
2604,553,1476,1,,2328,91831.5,PAID,CARD,TX-2APLZ6CPC6EG
2605,147,90,2,3,760,27588.0,PAID,CASH,TX-RLUC01G40IR0
2606,18,938,1,,1551,37500.0,PAID,GATEWAY,TX-007I14HBHTPA
2607,15,1239,1,,1139,16872.0,PAID,CARD,TX-AY7U5EOS86QF
2608,219,594,2,4,2576,35574.0,PAID,CARD,TX-D7WU6S60I2NT
2609,169,1277,2,4,2463,43124.4,PAID,CASH,TX-KXK8BGEKY0RX
2610,599,1386,1,,1027,42882.0,PAID,GATEWAY,TX-3LCGPNMITHVW
2611,312,88,1,,748,27636.0,PAID,GATEWAY,TX-IEFJ7511X0LP
2612,303,1274,1,,2420,133399.68,PAID,CARD,TX-2ES17WLJ5JGV
2613,566,1083,2,2,1341,28459.2,PAID,CARD,TX-ZFVCZ72B5TN1
2614,232,405,1,,2278,14268.0,PAID,CARD,TX-8GDU9V6QT21N
2615,415,1206,2,1,780,43981.08,PAID,TRANSFER,TX-HXU3ACODWVL7
2616,270,427,1,,411,41382.0,PAID,GATEWAY,TX-ULF1BSGDYEL0
2617,626,1230,1,,1365,66240.0,PAID,CARD,TX-L4KSVTL6M7H8
2618,508,119,2,3,1233,66429.0,PAID,CARD,TX-6L7LUJLR0TZK
2619,173,1305,1,,3147,30540.0,PAID,GATEWAY,TX-IVCEM2MMXFKD
2620,629,1274,2,3,1362,12414.6,PAID,CASH,TX-Y9ZQD7QDB78P
2621,,77,1,,2128,36837.0,FAILED,GATEWAY,
2622,469,136,1,,1918,33628.08,PAID,CARD,TX-2RW3Q46M6SYV
2623,75,782,2,2,2236,46554.75,PAID,CASH,TX-7HUWXGHS2W75
2624,203,293,1,,1641,48457.68,PAID,GATEWAY,TX-TT95C1AI0WJ3
2625,310,481,2,3,1085,39204.0,PAID,CARD,TX-VE2JWWD947WK
2626,401,593,1,,860,17172.0,PAID,CARD,TX-4PX5JLFR38MI
2627,144,617,1,,1716,84390.0,PAID,CARD,TX-GW8VTDJ91HFH
2628,312,1021,2,1,1844,36300.0,PAID,CASH,TX-1ZS4ES9Y4BYM
2629,104,382,2,2,2543,43124.4,PAID,CASH,TX-6ASJGLSV0FI2
2630,309,1356,2,4,2266,15972.0,PAID,TRANSFER,TX-VNROPEORFZ88
2631,501,464,1,,,58191.0,PAID,CARD,TX-OUV7EVJUB9S5
2632,29,618,1,,1920,39433.5,PAID,CARD,TX-IMIFMZXH9FPT
2633,297,950,2,3,2726,57281.4,PAID,CASH,TX-XE0KV868W6NP
2634,160,1371,2,1,1117,42688.8,PAID,CASH,TX-2JOIYS2845CC
2635,55,1007,2,2,1447,63234.6,PAID,CASH,TX-IN0BX89DMP79
2636,483,48,1,,110,46957.68,PAID,CARD,TX-VEVC7IC1377L
2637,346,1231,2,2,1786,54450.0,PAID,CASH,TX-MIHWRL1DSQH3
2638,,1143,2,2,2504,65340.0,PENDING,TRANSFER,
2639,424,1374,2,3,1020,26136.0,PAID,CASH,TX-9Q3GY28B63M6
2640,314,1014,1,,,52655.25,PAID,CARD,TX-6YA3IV2XFRYZ
2641,346,1161,1,,2844,15294.0,PAID,GATEWAY,TX-0H3YV9SVLP8P
2642,155,423,1,,2352,40104.0,PAID,GATEWAY,TX-IX6APJA5IQTR
2643,10,52,1,,,39615.0,PAID,GATEWAY,TX-S2DG3DM525FA
2644,575,1112,1,,1827,44600.28,PAID,CARD,TX-8KH5B66IVH23
2645,247,1046,1,,1472,36474.0,PAID,CARD,TX-U47XG19N7EBY
2646,362,555,2,3,2451,96049.8,PAID,TRANSFER,TX-J4GW3FWCZKH1
2647,421,24,1,,1095,35385.0,PAID,CARD,TX-2TIR743A7KEJ
2648,132,506,2,2,600,27588.0,PAID,CARD,TX-PKYA2I37FJ72
2649,338,1211,1,,2722,41894.64,PAID,CARD,TX-KIMMMWECW6RG
2650,200,859,1,,2911,57891.0,PAID,GATEWAY,TX-I2OFUNLLCRZ5
2651,316,1376,1,,226,15901.5,PAID,GATEWAY,TX-1OKP92ARWKUW
2652,524,83,2,1,,76738.2,PAID,CASH,TX-OQBTQE08D0SR
2653,610,284,1,,2039,40704.0,PAID,CARD,TX-FNSGXLQYZ4A9
2654,401,517,2,1,880,13794.0,PAID,CARD,TX-R9HP0TU7X7FV
2655,97,521,2,1,855,51727.5,PAID,CASH,TX-XGUY2EFSW5M7
2656,27,585,1,,416,81849.0,PAID,CARD,TX-25M5K9QSUUSN
2657,226,282,2,3,1981,53361.0,PAID,CASH,TX-MAUQHK9K3WUK
2658,497,1234,2,1,1727,30346.8,PAID,TRANSFER,TX-5HWD7VUOPJWU
2659,154,1350,2,4,3077,102583.8,PAID,CASH,TX-7QKKCJ0FFEGK
2660,490,31,1,,2971,97794.3,PAID,CARD,TX-TRFK7GWLWVG7
2661,,1356,1,,2367,33570.0,PENDING,CARD,
2662,440,1392,1,,2436,26513.28,PAID,GATEWAY,TX-VTHUWDHD8MLA
2663,477,702,2,4,,32016.6,PAID,CASH,TX-7J5L3Q4TF6PA
2664,21,1414,1,,2232,15720.0,PAID,GATEWAY,TX-4F1OMDT7TFFG
2665,205,216,1,,44,35203.5,PAID,GATEWAY,TX-G4W85CM97D6G
2666,423,87,1,,1356,17968.5,PAID,GATEWAY,TX-V8ALOJU6B73L
2667,218,173,2,2,2333,36300.0,PAID,CASH,TX-T2SCEWL6ZYNR
2668,35,767,2,2,2503,16008.3,PAID,CASH,TX-6D73MP2JS5G1
2669,636,49,1,,3076,94672.5,PAID,CARD,TX-GKS873PZ181A
2670,371,706,1,,,61095.0,PAID,CARD,TX-BIR89UB9SU4D
2671,,1456,1,,468,48453.0,FAILED,GATEWAY,
2672,,87,2,1,,25613.28,FAILED,CASH,
2673,429,1066,2,3,2229,37243.8,PAID,CARD,TX-60HDB8ZJ2G75
2674,127,1398,2,3,1771,13068.0,PAID,CASH,TX-VE9U35QITHKA
2675,255,544,1,,2103,79134.0,REFUNDED,CARD,TX-KMZO990UCYK3
2676,133,135,1,,1604,35385.0,PAID,GATEWAY,TX-GDV44CM63Z4S
2677,373,806,1,,2596,36774.0,PAID,CARD,TX-5BNV9O1ANF4I
2678,492,1230,1,,2950,43734.0,PAID,CARD,TX-MKTY2L6V8KZY
2679,65,995,1,,2428,79932.6,PAID,CARD,TX-7T3AOABWZWHD
2680,484,629,2,1,1465,42688.8,PAID,CARD,TX-U6BHDX3GCVR5
2681,185,1312,1,,2403,18142.5,PAID,CARD,TX-I15WK5U0IWHV
2682,399,1339,1,,2365,48090.0,PAID,GATEWAY,TX-AC8OQH3N6P68
2683,329,1172,2,3,457,18104.62,PAID,CARD,TX-6SADLZQPWIEI
2684,15,1064,2,3,2515,13068.0,PAID,CARD,TX-79VIMOFMAQ73
2685,,913,2,2,,16335.0,FAILED,TRANSFER,
2686,553,295,1,,606,54450.0,PAID,CARD,TX-BENJ8QKKC9G4
2687,,461,1,,2298,53361.0,FAILED,GATEWAY,
2688,545,326,1,,249,104935.8,REFUNDED,GATEWAY,TX-M09OP9KUAZ48
2689,96,971,1,,3158,76631.4,PAID,CARD,TX-IPGIK9UAC06X
2690,170,70,2,4,2936,39131.4,REFUNDED,TRANSFER,TX-SNLKE4LC6XZQ
2691,64,415,1,,809,17242.5,PAID,CARD,TX-OVPFE2ATFAMW
2692,66,292,2,3,870,17242.5,PAID,CASH,TX-WKBMSZZGNG6I
2693,627,717,1,,718,57818.4,PAID,CARD,TX-2JX2B8ELV3PY
2694,611,904,1,,310,84109.2,PAID,GATEWAY,TX-FSW2R1XAZVPU
2695,,437,1,,1778,82466.1,FAILED,GATEWAY,
2696,601,1396,2,3,1607,31036.5,PAID,CARD,TX-BN3OP0Q49RQ9
2697,526,393,1,,595,37200.0,PAID,CARD,TX-3KTGYVYUXISL
2698,,1289,1,,,86386.5,FAILED,CARD,
2699,189,394,2,3,1839,13068.0,PAID,CASH,TX-6K94J2CQ0XN0
2700,345,1413,2,2,125,71148.0,PAID,CARD,TX-HTJMY4YWLZVM
2701,230,1157,2,1,813,55902.0,PAID,CARD,TX-VEUHHCTKSKTN
2702,624,1308,1,,3126,77647.8,PAID,CARD,TX-6JNHB48OK1FQ
2703,283,628,1,,,13314.6,PAID,CARD,TX-FT2E26I1XT6P
2704,344,317,1,,152,55513.88,PAID,GATEWAY,TX-GKEKMDEQJWWN
2705,191,55,2,1,1955,58697.1,PAID,CARD,TX-7FCBC2RHX5J7
2706,568,339,2,1,2289,51618.6,PAID,CASH,TX-VZ10ZK2EDZUI
2707,358,1277,1,,2019,49624.2,PAID,GATEWAY,TX-ROYMM7SEL248
2708,98,823,1,,1249,43588.8,PAID,CARD,TX-V2M08HGLJ0H8
2709,78,272,1,,1149,43560.0,PAID,CARD,TX-GHLZZX0TGW1Q
2710,188,1147,1,,2543,61303.2,REFUNDED,GATEWAY,TX-6189H3KFDIS3
2711,378,594,2,1,2923,26136.0,PAID,TRANSFER,TX-QKMTWGBE23NH
2712,352,639,1,,2534,29649.6,PAID,GATEWAY,TX-0FZPTRB14QCR
2713,616,172,1,,877,18676.35,PAID,CARD,TX-ILX2NHG0QFNU
2714,611,1182,1,,1818,19057.5,PAID,GATEWAY,TX-DIBU5E3JW0EN
2715,401,35,1,,2445,21165.0,PAID,CARD,TX-5EP7N2HKIEIX
2716,50,572,2,1,820,43287.75,PAID,CASH,TX-JF68SYVD0CUV
2717,391,816,1,,549,43753.2,PAID,GATEWAY,TX-T5IP7AEQRW4F
2718,163,359,1,,,67881.0,PAID,CARD,TX-8QCYO6U2UU02
2719,509,272,1,,1691,52163.1,PAID,GATEWAY,TX-7XLX0AN96AY3
2720,542,402,2,4,2875,12806.64,PAID,CASH,TX-YSKFG2MHSP0W
2721,,1137,1,,446,27442.8,FAILED,CARD,
2722,166,1267,2,3,1797,106359.0,REFUNDED,CASH,TX-3YB1ORQI6OSD
2723,323,603,1,,1035,44760.0,PAID,CARD,TX-RY6SZB6UUZI1
2724,260,606,2,4,2773,26136.0,PAID,CARD,TX-H4NDFSQCZGH9
2725,349,1268,1,,4,37500.0,REFUNDED,CARD,TX-R0BVJ0VNGPVI
2726,595,1393,1,,593,15246.0,PAID,CARD,TX-TDVUX5PMWTPO
2727,,1486,1,,,58697.1,FAILED,CARD,
2728,,1453,1,,,16335.0,FAILED,CARD,
2729,331,1352,1,,950,28488.0,PAID,CARD,TX-O1TAINOHT9JX
2730,97,1357,2,1,257,41382.0,PAID,CASH,TX-ZBAKF2YXG9AW
2731,388,725,2,1,2200,13794.0,REFUNDED,CASH,TX-TOTEQAIW54AK
2732,619,260,2,3,2396,39131.4,PAID,CASH,TX-2H3FIZ5ME1T3
2733,401,378,2,3,2065,76230.0,PAID,CARD,TX-U4H6P3PNX1OW
2734,384,1425,1,,2015,101315.4,PAID,CARD,TX-JDOVR6ZBAXMZ
2735,188,85,1,,1839,97465.5,PAID,GATEWAY,TX-7Y0QNBEWQ73F
2736,621,1313,2,3,2604,53905.5,PAID,CASH,TX-IEH5RJB36K79
2737,386,704,2,4,1268,69696.0,PAID,CARD,TX-V0E25W6XNAA0
2738,290,1133,2,2,2045,50965.2,PAID,CARD,TX-YEZYZ3FW127X
2739,420,176,1,,2738,83036.25,PAID,CARD,TX-T7WYV5JVFVP2
2740,193,264,1,,1171,41594.64,PAID,CARD,TX-V76OIZQYZNAX
2741,142,882,2,1,,55030.8,PAID,CARD,TX-YSZVNWR9D2J6
2742,618,529,1,,174,74498.25,PAID,GATEWAY,TX-O4DFCLELY0XQ
2743,186,511,2,1,2207,44104.5,PAID,TRANSFER,TX-HN2AGYDUVOIW
2744,301,1192,2,4,,49005.0,PAID,CASH,TX-WW582Z95S8KN
2745,528,866,2,2,996,37352.7,PAID,CASH,TX-IQ157J91G2G0
2746,454,147,1,,1569,42882.0,PAID,GATEWAY,TX-ASK2LZHWRGU6
2747,16,846,2,2,972,45738.0,PAID,CASH,TX-I20UNQKTXS36
2748,481,487,1,,2664,79525.8,PAID,GATEWAY,TX-TVL162P2ERZG
2749,315,1252,2,4,2493,43269.6,PAID,TRANSFER,TX-43ZYKHRV7X4F
2750,,746,2,1,2929,115782.48,FAILED,CARD,
2751,581,760,1,,1869,38443.8,PAID,GATEWAY,TX-19S8EEU47DB3
2752,586,414,2,1,,45287.88,PAID,CASH,TX-KGMRMSNT0KTE
2753,160,180,2,3,3030,92565.0,PAID,CASH,TX-X924WTFK0V3A
2754,,369,1,,2873,99628.74,FAILED,GATEWAY,
2755,346,1391,1,,1029,51262.62,PAID,CARD,TX-GX0ML6F15USI
2756,176,1181,1,,3177,16146.0,PAID,GATEWAY,TX-F1AILKTGFTCZ
2757,211,841,1,,300,18142.5,PAID,CARD,TX-4XKZOZOE3JUY
2758,453,282,1,,225,40404.0,PAID,GATEWAY,TX-4E69G4VO4C23
2759,178,1491,1,,1998,55894.5,PAID,GATEWAY,TX-4J55HDL7OEUY
2760,,787,2,2,921,53361.0,FAILED,CARD,
2761,539,484,2,2,68,36300.0,PAID,CARD,TX-PTI4ME0IPCT6
2762,578,559,1,,123,77321.1,PAID,GATEWAY,TX-WOIO65XBMCO1
2763,515,872,1,,875,43588.8,PAID,CARD,TX-VM704EFFCIJ4
2764,469,568,1,,,19350.0,PAID,GATEWAY,TX-LX9CAAGTIFO4
2765,612,578,2,1,2314,29040.0,PAID,CARD,TX-UWS087DG8N37
2766,71,291,2,1,2467,26136.0,PAID,CARD,TX-M4SA6NXMEW6Y
2767,419,549,1,,3143,39619.92,PAID,CARD,TX-D4254RT9NH0A
2768,169,511,1,,749,40704.0,PAID,CARD,TX-YZUIT943FHPN
2769,468,185,1,,817,40404.0,PAID,CARD,TX-082RU5U84FNK
2770,432,575,2,3,43,51727.5,REFUNDED,CASH,TX-WYA85SBYPV1T
2771,,798,1,,1861,48924.9,FAILED,GATEWAY,
2772,323,1108,1,,3044,55650.0,PAID,GATEWAY,TX-M6U1SUUPJPG0
2773,97,1145,2,3,,78988.8,PAID,CARD,TX-DHEKXV5N6HMF
2774,,1421,1,,1322,30603.0,FAILED,CARD,
2775,393,613,1,,1827,53678.62,PAID,CARD,TX-YI8SGJL73YWZ
2776,468,67,2,1,2983,53361.0,PAID,CARD,TX-FQ59MSNO52A2
2777,542,415,1,,579,58100.25,PAID,CARD,TX-GZ87MSNRDOPZ
2778,80,1101,2,2,900,26136.0,PAID,CARD,TX-RFFQ85CG7A74
2779,465,939,1,,1007,48024.9,PAID,CARD,TX-GDUYLYNS49XD
2780,,700,1,,2301,46938.0,FAILED,GATEWAY,
2781,423,258,1,,1293,27036.0,PAID,CARD,TX-9LX00YJ3LJE3
2782,534,623,1,,96,65378.4,PAID,GATEWAY,TX-4BHOZ4S9Z368
2783,501,164,1,,256,52272.0,PAID,GATEWAY,TX-0LD985301P6R
2784,,684,2,2,1431,14520.0,PENDING,TRANSFER,
2785,466,271,2,4,2199,43451.1,PAID,CASH,TX-TVH2H63HNKCA
2786,293,816,2,4,3139,14483.7,PAID,CASH,TX-1A5672TSOMI0
2787,231,1449,2,3,,17787.0,PAID,CASH,TX-NRMNN94R5SF6
2788,517,1293,1,,,18442.5,PAID,CARD,TX-KKO7I2QTG33J
2789,561,1097,1,,182,18987.0,PAID,CARD,TX-G1YFYC8NA0PG
2790,16,1184,2,1,2827,14374.8,PAID,CASH,TX-R72QXJJR4KTT
2791,197,877,2,4,529,82038.0,PAID,CARD,TX-FCWSIHQ6BWLZ
2792,153,475,2,3,2072,18150.0,PAID,CARD,TX-V5AC4HYCXPTC
2793,498,1287,2,2,323,70694.25,REFUNDED,CASH,TX-0Y8GO1HG32PU
2794,,1113,1,,582,32055.0,FAILED,GATEWAY,
2795,626,1048,1,,980,31846.8,PAID,GATEWAY,TX-ED6C040X2CRG
2796,604,300,1,,2574,37200.0,PAID,GATEWAY,TX-SAHJQUR4EBZ3
2797,377,175,1,,1160,33870.0,PAID,GATEWAY,TX-AH4OCCB46MS1
2798,442,514,1,,1066,42862.8,PAID,GATEWAY,TX-GG30JSEP8OFY
2799,120,1448,1,,,29359.2,PAID,GATEWAY,TX-QIURE46AKL6W
2800,613,1361,2,1,954,19565.7,PAID,CASH,TX-2CNI1RK9E2IJ
2801,155,883,2,4,268,26136.0,PAID,CASH,TX-ABMDSSBWOVUF
2802,345,302,2,1,3111,27588.0,PAID,CASH,TX-O02BCCHBFXJZ
2803,,638,1,,2972,45465.75,FAILED,CARD,
2804,584,537,1,,166,16020.0,PAID,CARD,TX-A6SAW1V9R2U4
2805,279,922,1,,,18966.75,PAID,GATEWAY,TX-67FMTT1BEXD2
2806,343,740,2,3,1028,13794.0,PAID,CARD,TX-JMIUYYI4TG87
2807,217,1474,1,,2689,43560.0,PAID,CARD,TX-XNRFO90UQTA9
2808,379,1234,1,,512,45912.0,REFUNDED,GATEWAY,TX-M5BCQ4PA8D5Z
2809,361,1095,1,,980,86822.1,REFUNDED,GATEWAY,TX-1ZF35YPEGP1F
2810,169,610,1,,166,91804.8,REFUNDED,CARD,TX-ZA7QKAUW224H
2811,498,1326,2,1,,13068.0,PAID,CARD,TX-7RXD4CD1QCB6
2812,437,1267,1,,152,40104.0,REFUNDED,GATEWAY,TX-SCLDCDMKCULK
2813,413,694,2,2,682,32670.0,PAID,CASH,TX-FJZOD4PLO66V
2814,86,373,2,3,,45738.0,PAID,CASH,TX-I4Y0G6EW3EAR
2815,,1068,1,,3158,85297.5,PENDING,CARD,
2816,110,1209,1,,3061,56222.25,PAID,GATEWAY,TX-QR0OZS6G9JI8
2817,222,1370,1,,1802,26513.28,PAID,GATEWAY,TX-VN0TM4PGWD7Q
2818,320,357,2,2,1310,13068.0,REFUNDED,TRANSFER,TX-LUAFJHG5HI11
2819,616,1071,1,,131,17235.0,REFUNDED,CARD,TX-YSO0WP8X31PJ
2820,57,1110,1,,847,28749.6,PAID,GATEWAY,TX-4SRTRBM47F3H
2821,575,896,2,2,1638,42688.8,PAID,CARD,TX-ZHN6MH3LR1U6
2822,543,1084,2,4,2875,89646.48,REFUNDED,CARD,TX-TFJUM1Q9DVOJ
2823,353,463,1,,1275,44188.8,PAID,CARD,TX-DTH2Y1RRNNG5
2824,87,1090,1,,1976,72774.0,PAID,CARD,TX-KEQOBB3B6TF9
2825,351,462,2,2,,86394.0,PAID,CASH,TX-21PJOS6DXDXF
2826,198,918,2,3,2558,17242.5,PAID,TRANSFER,TX-T5A5UQ45AY5L
2827,,717,1,,2002,18687.0,FAILED,CARD,
2828,279,1418,2,4,,54450.0,PAID,CARD,TX-RLFGV5FASBTX
2829,,1083,2,2,2817,43560.0,FAILED,TRANSFER,
2830,499,444,2,4,359,39930.0,PAID,TRANSFER,TX-STQAB9OFE2K6
2831,261,411,1,,,36783.6,PAID,CARD,TX-82LPFDMGYSKK
2832,259,183,1,,1965,39315.0,PAID,CARD,TX-G9AR99V9Z81A
2833,360,414,1,,2580,13968.0,PAID,CARD,TX-QD1TO9WXUKEX
2834,99,19,1,,903,17535.0,PAID,GATEWAY,TX-NZ8X24DIO0I7
2835,186,276,1,,344,48327.0,PAID,CARD,TX-DPI3UZ0GVM1F
2836,423,798,1,,1890,47020.2,PAID,CARD,TX-KG2IIC23OSUY
2837,637,1384,1,,2601,130055.4,PAID,GATEWAY,TX-AXYHIL6V0PWV
2838,522,757,2,3,1728,118102.05,PAID,CASH,TX-EO8TVCJI3R38
2839,,961,2,4,764,47916.0,FAILED,CARD,
2840,,1111,2,4,2634,45738.0,FAILED,CASH,
2841,309,624,1,,2377,50205.0,PAID,CARD,TX-MD9ENV2EH2YO
2842,585,1300,1,,468,13968.0,PAID,CARD,TX-M3JG43D45R30
2843,497,183,2,2,412,34303.5,PAID,CASH,TX-SSDMJJCHT8LH
2844,408,448,1,,1373,53578.8,REFUNDED,CARD,TX-TP4SDANUNW0N
2845,629,768,1,,2515,18351.75,PAID,CARD,TX-W0HUNPEB5OZN
2846,193,85,2,4,2923,57172.5,PAID,TRANSFER,TX-0LWAQX63TNEJ
2847,282,1103,1,,,37800.0,PAID,CARD,TX-BIHTQX6Y51G4
2848,124,472,1,,51,19350.0,PAID,CARD,TX-DMP10BLLZS56
2849,605,2,1,,793,15420.0,PAID,GATEWAY,TX-EH1JUU4SMO1C
2850,56,1003,1,,884,54561.0,PAID,CARD,TX-FHVL85HFNEPJ
2851,548,69,2,2,1718,41382.0,PAID,CASH,TX-TYRM314L5RWJ
2852,388,310,1,,2161,44460.0,PAID,CARD,TX-LTG6KMDVH8XA
2853,,639,2,2,471,14229.6,FAILED,TRANSFER,
2854,503,159,1,,2795,33570.0,PAID,GATEWAY,TX-3B61KPFIIA9U
2855,495,388,1,,2054,16746.0,PAID,CARD,TX-939C51O0BN4Z
2856,355,870,1,,1493,36183.6,PAID,GATEWAY,TX-GDZCVT2XBDDD
2857,544,551,1,,2645,40404.0,PAID,GATEWAY,TX-1V8YWCIB3AI6
2858,281,434,1,,1766,115608.0,PAID,CARD,TX-OHHMV6YVOK7A
2859,631,810,1,,1562,55350.0,PAID,CARD,TX-EHHDHLR5E5R0
2860,542,1320,2,1,2982,58283.28,PAID,CARD,TX-NHBVOKPDEAF7
2861,,634,1,,2154,106805.25,FAILED,CARD,
2862,250,334,1,,1135,66540.0,PAID,CARD,TX-KMKAKE1Z0RLA
2863,568,495,1,,,67919.4,PAID,CARD,TX-BS7BE85O4RCA
2864,150,1227,1,,1763,14229.6,PAID,GATEWAY,TX-FWNHIPLN20GK
2865,8,637,2,4,1395,43560.0,PAID,CARD,TX-SV04ELFXJ98M
2866,284,304,1,,928,39319.92,PAID,GATEWAY,TX-WRD7LJC7P9E3
2867,235,695,1,,436,116679.9,PAID,GATEWAY,TX-EMKKZ6BQFQ8I
2868,201,899,2,2,932,42688.8,PAID,CARD,TX-98NSDUATLMH8
2869,,1296,1,,2807,33216.6,FAILED,CARD,
2870,115,94,2,1,2309,82764.0,PAID,CASH,TX-SWDGK713KLN1
2871,,820,2,4,20,13794.0,PENDING,CASH,
2872,53,618,2,4,1092,38115.0,PAID,CASH,TX-FQHUM00JCXBP
2873,403,1327,1,,1025,65151.0,PAID,GATEWAY,TX-T2TKX0WLJ8VE
2874,414,4,1,,1277,19650.0,PAID,GATEWAY,TX-F8WFGCMRT98M
2875,617,1131,1,,21,15294.0,PAID,CARD,TX-2EV6DPW3KSLS
2876,109,635,1,,2339,35203.5,PAID,CARD,TX-4Y657BGCXVQ8
2877,558,1458,1,,750,16335.0,PAID,CARD,TX-OMPESSBM1DBQ
2878,,612,1,,1399,79254.6,FAILED,GATEWAY,
2879,623,802,1,,2499,60475.8,PAID,GATEWAY,TX-K42B7M4I8NP9
2880,276,378,1,,5,85297.5,PAID,CARD,TX-OA9GHRWGYNJJ
2881,561,895,2,2,,19565.7,PAID,CARD,TX-Y36PG7J5WYRR
2882,564,1171,2,4,2832,41382.0,PAID,CASH,TX-DP3XVU7PDMBA
2883,245,812,2,2,2330,34485.0,PAID,TRANSFER,TX-91QQV6NNORPR
2884,431,334,1,,2892,68800.2,PAID,GATEWAY,TX-THAG8MAX1YF2
2885,240,204,1,,330,58334.1,PAID,CARD,TX-XJGBQFQSBEQS
2886,472,77,2,1,3038,46554.75,PAID,CARD,TX-MIQIJKTC8O6M
2887,236,1409,2,2,2890,66610.5,PAID,CARD,TX-DWU2QNOL4IMH
2888,568,700,1,,689,32805.12,PAID,CARD,TX-T5RNOGDJ68BM
2889,544,442,2,4,1003,46554.75,PAID,CASH,TX-VXJHRPN4VQGW
2890,530,562,1,,,42282.0,PAID,CARD,TX-BMKJRL01S5IP
2891,204,184,1,,2744,38143.8,PAID,GATEWAY,TX-BJVE8YFYEJT5
2892,411,1195,2,4,,30129.0,PAID,CARD,TX-A3SX19LN6FJ4
2893,584,1357,2,4,2975,87011.1,PAID,CARD,TX-KFB1WX5ZA7MF
2894,281,808,1,,2078,101551.35,PAID,GATEWAY,TX-0B05CTMDPVLY
2895,70,175,1,,1209,58372.5,PAID,CARD,TX-2VYPLUWEX1WD
2896,544,1042,1,,2722,45004.5,PAID,GATEWAY,TX-NZYK4B2G6WJR
2897,546,384,2,3,,16335.0,PAID,CASH,TX-38HL5JJCMAR6
2898,46,46,2,2,1361,64414.35,PAID,CARD,TX-1HP4X4A4MCDY
2899,484,185,2,2,2499,68062.5,PAID,TRANSFER,TX-U1DNKQNMJ8IA
2900,155,275,1,,2488,33870.0,PAID,CARD,TX-FP1UMJAPYV25
2901,125,749,1,,2681,54488.4,PAID,GATEWAY,TX-F9WU54BKT3YM
2902,186,54,1,,583,67677.48,PAID,GATEWAY,TX-32EH134CKSX5
2903,454,192,1,,2837,25729.2,PAID,GATEWAY,TX-EZZPM022AKX5
2904,281,707,2,2,,30492.0,PAID,CASH,TX-NW6A340TFXCK
2905,392,502,2,2,312,35574.0,PAID,TRANSFER,TX-B3CS7NWL0WLX
2906,105,67,2,1,739,28720.56,PAID,TRANSFER,TX-XSUXSEHV7PRO
2907,235,1198,1,,1856,65877.0,PAID,CARD,TX-9ASAHJWI06S0
2908,239,334,2,2,2237,47716.35,PAID,CASH,TX-5A0S2K62EI4O
2909,287,686,2,2,837,36300.0,PAID,TRANSFER,TX-D1SGUBJV9NFX
2910,438,1406,2,1,1108,18150.0,PAID,CARD,TX-KLOD85YRSLR9
2911,256,1168,1,,999,49416.0,PAID,CARD,TX-PJ7KW6XXIC8P
2912,155,1458,2,1,2709,43560.0,PAID,CARD,TX-QY7ZA2J0O905
2913,302,822,2,3,2813,13794.0,PAID,TRANSFER,TX-AJFM95JEW52X
2914,,916,1,,2151,38419.92,FAILED,CARD,
2915,75,129,2,4,1175,13068.0,PAID,CASH,TX-70H98YJZ29M1
2916,85,952,2,4,1361,17787.0,REFUNDED,CASH,TX-ANL0YOLRD3XV
2917,206,1153,2,4,1569,51110.4,PAID,CASH,TX-CDHI6PBDQE9B
2918,555,1441,1,,1650,83601.0,PAID,CARD,TX-H68QPA2D1GU2
2919,31,399,2,3,965,29040.0,PAID,CARD,TX-MGPD9YH7T4U2
2920,49,884,2,2,2158,17242.5,PAID,CARD,TX-4CDAHJ11ROSU
2921,436,503,1,,1039,33570.0,PAID,CARD,TX-LEI563HJ1ZP2
2922,220,53,2,4,2983,13794.0,PAID,CASH,TX-GMLHT9EYRMBM
2923,421,1206,1,,2516,57646.5,PAID,CARD,TX-5OLCEFISVQ2T
2924,484,591,2,3,500,54450.0,PAID,CARD,TX-VV7MM9VBK0SA
2925,530,40,1,,3062,29893.05,PAID,GATEWAY,TX-4PI75VVCUDAH
2926,24,596,2,4,2618,29403.0,PAID,CARD,TX-XU0GLI6EK5PX
2927,32,832,1,,3157,40404.0,PAID,GATEWAY,TX-TSJM4SQGFFRA
2928,285,542,1,,1251,110997.9,PAID,CARD,TX-PTUML6T44F43
2929,165,748,2,1,2726,27036.24,PAID,CASH,TX-ASR3OCVETE06
2930,72,760,2,1,3094,49005.0,PAID,CASH,TX-DS8F6QT7T651
2931,454,1272,2,1,3186,37243.8,REFUNDED,CARD,TX-2IG0V9I1KX0A
2932,400,1330,2,2,624,15972.0,PAID,CASH,TX-4AJM9IFHJ2VT
2933,465,984,1,,3028,18987.0,PAID,GATEWAY,TX-EE2JB6K5KY7Q
2934,502,1208,1,,,44941.5,PAID,GATEWAY,TX-84RWX9NYYFEV
2935,461,623,2,1,1706,89597.47,PAID,CARD,TX-FRKXR8OGBRQW
2936,341,1056,1,,2051,30603.0,REFUNDED,GATEWAY,TX-FJDBHYIM0T0U
2937,136,953,1,,1252,39315.0,PAID,GATEWAY,TX-XVFPWW237KOZ
2938,419,687,2,4,2185,14941.08,PAID,CASH,TX-I84NWNUZIJEW
2939,322,722,2,1,2079,48024.9,PAID,CASH,TX-WL9O7CZN6MKS
2940,247,39,1,,1852,49005.0,PAID,CARD,TX-UPCAXP8ACHDH
2941,270,1035,1,,725,26813.28,PAID,GATEWAY,TX-T906MT76WDFF
2942,528,1245,1,,,14229.6,PAID,GATEWAY,TX-3YNLTEDJR8ST
2943,56,892,1,,544,31082.16,PAID,CARD,TX-EACQAFKGPBP5
2944,279,1246,1,,2938,35884.65,PAID,GATEWAY,TX-0OH4JONSFPU1
2945,31,1271,2,4,1867,16335.0,PAID,TRANSFER,TX-1ABK50RNN3XZ
2946,,1418,1,,2727,18442.5,FAILED,GATEWAY,
2947,198,1256,1,,2425,46720.2,PAID,CARD,TX-749YQF2ATHFU
2948,548,1061,2,1,2219,39131.4,PAID,TRANSFER,TX-GFV6FIG0ZIJT
2949,390,743,2,4,1188,16335.0,PAID,TRANSFER,TX-7NPO213UMJ47
2950,635,1050,1,,2159,84942.0,PAID,CARD,TX-NKUUL6LMSB5X
2951,542,1028,1,,3140,44351.1,PAID,CARD,TX-TOPQRBEW2TLY
2952,223,920,1,,1043,49005.0,PAID,GATEWAY,TX-PF3NRNLB6S7S
2953,304,1208,1,,,80767.5,PAID,GATEWAY,TX-GP9JQLLDIV4S
2954,636,489,1,,443,36837.0,PAID,GATEWAY,TX-OEDDA9HST37G
2955,248,1272,2,3,309,13068.0,PAID,CARD,TX-7J6MDDGYTWR7
2956,238,1079,1,,571,28788.0,PAID,GATEWAY,TX-LWSXSAKBFBNH
2957,420,346,2,3,3197,34485.0,REFUNDED,CASH,TX-L90KTGXRIFGJ
2958,69,253,1,,1677,19650.0,PAID,CARD,TX-UDCVD8A26UZH
2959,254,428,2,1,2252,49803.6,PAID,CASH,TX-XEKHKQU0QI7N
2960,533,312,2,1,178,13794.0,PAID,TRANSFER,TX-3NMJ3YH2AUVL
2961,609,441,1,,,19050.0,PAID,GATEWAY,TX-EGOYIMOSRPIP
2962,624,658,2,3,989,41382.0,PAID,CASH,TX-IRUBWVT1IF2T
2963,37,179,1,,2152,36474.0,PAID,GATEWAY,TX-U9I4EH2PBPFI
2964,41,944,1,,637,44721.6,PAID,CARD,TX-1N5MDJKBBDRV
2965,479,739,1,,474,15683.7,PAID,CARD,TX-ABUGOQ5R4FV1
2966,485,1298,1,,,61848.75,PAID,CARD,TX-WM8CFHT4P7WJ
2967,10,18,2,3,624,54450.0,PAID,CARD,TX-QAPGG7R9ANN4
2968,35,615,2,1,369,17242.5,PAID,CASH,TX-RX9ZXOFQ23ES
2969,580,421,2,3,2550,48024.9,PAID,CARD,TX-PPH4UMIQPIG4
2970,255,584,1,,,67629.0,REFUNDED,CARD,TX-R9OKAT9HCG2B
2971,631,173,1,,1559,58072.5,PAID,GATEWAY,TX-PZT7Z4RPKJ6S
2972,497,928,1,,382,18142.5,PAID,CARD,TX-9KVL1C5ND3FR
2973,511,1351,2,2,,13068.0,PAID,CARD,TX-LF6M9UA0BB3S
2974,531,555,1,,2943,20166.75,PAID,GATEWAY,TX-LC2WS2VDE8W7
2975,403,61,1,,1303,52627.5,PAID,CARD,TX-IBX1JFE92O0D
2976,322,840,1,,401,53227.5,PAID,CARD,TX-UVS8HR1VDZK8
2977,546,928,1,,2098,18142.5,PAID,CARD,TX-H0MWWIPEROJR
2978,477,511,2,3,2314,27588.0,PAID,TRANSFER,TX-JWE7OIRTSA4T
2979,41,1068,1,,1847,36183.6,REFUNDED,CARD,TX-5A747NX1QSN9
2980,247,409,1,,3162,29949.6,PAID,GATEWAY,TX-2HK3D6OE5G1L
2981,4,487,1,,2196,42582.0,PAID,GATEWAY,TX-7N713C46ZP81
2982,589,1188,2,1,343,29403.0,PAID,CASH,TX-OJTSP6DDJV66
2983,157,157,1,,2147,13706.64,PAID,CARD,TX-7ZQ2YUJKFAOS
2984,625,747,2,1,1981,53905.5,PAID,CASH,TX-O770IGMLG9W3
2985,172,914,2,4,113,41382.0,PAID,CASH,TX-PXDR6BWKKFRY
2986,,197,1,,266,77682.0,FAILED,CARD,
2987,,294,1,,2370,16418.25,PENDING,CARD,
2988,,1411,1,,1511,27336.0,FAILED,GATEWAY,
2989,46,639,1,,845,33870.0,PAID,GATEWAY,TX-6VAEDQAME3GZ
2990,,471,2,3,,54450.0,FAILED,CASH,
2991,191,559,1,,,42688.8,PAID,GATEWAY,TX-8QGB86AIIMYW
2992,300,690,1,,1059,77591.25,PAID,CARD,TX-926T2E6I1DNH
2993,356,469,1,,1990,58408.8,PAID,GATEWAY,TX-CWR1H8NTKAVO
2994,282,214,1,,1492,36300.0,PAID,GATEWAY,TX-YKOFD5HODIM0
2995,145,200,1,,2642,40704.0,PAID,GATEWAY,TX-LE0CY8WP6HWU
2996,225,1062,1,,3031,37500.0,REFUNDED,CARD,TX-BU44D0II93UY
2997,129,224,2,2,3181,45012.0,PAID,CARD,TX-22RTBG6WGRPI
2998,92,672,1,,1081,37500.0,PAID,GATEWAY,TX-RWJ66PLSS903
2999,68,335,1,,2871,82875.0,PAID,GATEWAY,TX-RBKKKG327Q2X
3000,29,924,2,3,,44812.35,PAID,CASH,TX-7RMXFFTEM6GW
3001,259,152,1,,,14694.0,PAID,GATEWAY,TX-XWF3VOL8XC10
3002,48,1281,2,3,3057,67518.0,PAID,TRANSFER,TX-VLCRLQUZYJR7
3003,135,611,2,3,429,65811.9,PAID,CARD,TX-83EES1Y1BW6C
3004,123,1324,1,,1098,40404.0,PAID,CARD,TX-RIK1THE0ZK79
3005,587,771,1,,1026,41710.8,PAID,CARD,TX-TSQ5RVIKELTX
3006,475,900,1,,356,70170.0,PAID,CARD,TX-CNI7E1JM5JB7
3007,549,270,1,,986,40607.28,PAID,CARD,TX-JH1HBHPUS23M
3008,389,40,1,,1896,30603.0,PAID,GATEWAY,TX-EGD0XPACC771
3009,268,28,1,,1453,75518.28,PAID,CARD,TX-QMNWZVO0CFC3
3010,590,1342,1,,299,14268.0,PAID,CARD,TX-XXUZPWF1WNMQ
3011,75,1270,1,,2129,19576.35,PAID,CARD,TX-7ZKLONG7HYXY
3012,404,346,1,,2765,42582.0,PAID,CARD,TX-PJCXRAFK1REU
3013,2,104,2,4,2365,39204.0,PAID,CARD,TX-C2ITBBUWQBAX
3014,425,607,1,,2490,19050.0,PAID,CARD,TX-0BVA707SLR1U
3015,132,1375,2,4,2059,13721.4,PAID,CASH,TX-GFA8834NB9Q6
3016,483,1056,2,2,,52272.0,PAID,CARD,TX-4BV7HPE78WLF
3017,353,194,1,,1855,81822.3,PAID,GATEWAY,TX-J7U98VWBIUG5
3018,442,1197,1,,2224,52990.5,PAID,CARD,TX-6ID4AYJU7PSL
3019,42,860,1,,,44651.1,PAID,CARD,TX-9J7NB5NK3YVW
3020,45,267,1,,2203,74634.9,PAID,GATEWAY,TX-AQ17YKIL8LS2
3021,,231,2,2,1675,13068.0,FAILED,CARD,
3022,539,1025,1,,1629,47754.75,PAID,GATEWAY,TX-CBZ24QSNOUAJ
3023,,103,1,,1556,84530.28,FAILED,CARD,
3024,,704,2,1,1752,84488.25,FAILED,TRANSFER,
3025,3,785,1,,280,16141.08,PAID,GATEWAY,TX-90CP5F515212
3026,475,1054,1,,646,28715.4,PAID,GATEWAY,TX-G6L6ZUTAVJRU
3027,395,800,2,2,497,17242.5,PAID,CASH,TX-MYG16AEKVQ4R
3028,111,1266,1,,2667,39930.0,PAID,CARD,TX-T5TTDRB00VT4
3029,113,1387,1,,2761,44651.1,REFUNDED,CARD,TX-WT9IA8MWRAPI
3030,483,1223,2,2,857,34485.0,PAID,CASH,TX-GDZGBQBU3GPU
3031,519,663,1,,2211,74952.0,PAID,CARD,TX-WT1C58SFLJYS
3032,348,161,1,,1074,50205.0,PAID,GATEWAY,TX-TU9IIWXRWYAS
3033,302,493,2,4,779,32670.0,PAID,CARD,TX-QEB1WNK9MPEM
3034,131,1099,1,,1255,80697.0,PAID,CARD,TX-PPDUAO5FH5F3
3035,217,1196,1,,2437,44823.0,PAID,GATEWAY,TX-DHBJCNGGVBYT
3036,340,1497,2,4,,42979.2,PAID,CARD,TX-2YNDUEE5646Z
3037,541,408,1,,296,64425.0,PAID,GATEWAY,TX-KM1AYF12PRM0
3038,506,61,2,1,3191,29040.0,PAID,CASH,TX-Y0P19MQQZ3EF
3039,450,1447,1,,2277,106124.62,PAID,GATEWAY,TX-W255Z4R2JT9R
3040,510,514,2,2,2591,36209.25,PAID,CASH,TX-79C85AFSMC45
3041,548,93,1,,2612,71323.05,PAID,GATEWAY,TX-574CVNMM3C23
3042,178,817,2,3,1460,38419.92,PAID,TRANSFER,TX-GM5IXMECTTNW
3043,59,1085,2,4,3079,41382.0,PAID,CASH,TX-0GYAA3M3JQQE
3044,543,176,2,2,652,64853.58,PAID,TRANSFER,TX-SFDGUZNXWP3L
3045,346,1177,1,,2179,103711.2,PAID,CARD,TX-AOK6UHLV4PWX
3046,278,1253,1,,2066,35203.5,REFUNDED,CARD,TX-G9A8Q7UA7C8I
3047,2,209,2,4,,58697.1,PAID,CARD,TX-2BQMI7Z5PROH
3048,298,817,2,3,1980,31944.0,PAID,TRANSFER,TX-ROULO3PX9WVR
3049,312,881,2,4,,54450.0,PAID,CASH,TX-T2ZWEPRQ89O6
3050,236,177,2,1,69,60475.8,PAID,CARD,TX-8WR5RTQHHE0Q
3051,603,226,1,,704,31082.16,PAID,GATEWAY,TX-9UCBE81UQHR4
3052,608,265,2,1,650,69514.5,PAID,CARD,TX-4BB7PWGNK0D1
3053,554,286,1,,1131,17787.0,PAID,CARD,TX-VRIEOVU5JAYJ
3054,625,652,1,,269,16441.08,PAID,GATEWAY,TX-A4SGK3V2W7DI
3055,346,558,2,4,3183,37243.8,PAID,CARD,TX-KWQS38T37JMP
3056,261,1009,1,,1689,93819.45,PAID,GATEWAY,TX-EC12SQY71G4P
3057,465,639,1,,2941,55950.0,PAID,GATEWAY,TX-333ZS3FGTNWT
3058,416,209,1,,3130,34485.0,PAID,CARD,TX-Z55Y1C7C916S
3059,46,55,1,,1740,15420.0,PAID,CARD,TX-LXGBNZ2DZ2LW
3060,236,1428,2,3,2116,42688.8,PAID,CARD,TX-NUNRST9H8LKH
3061,615,726,2,1,1356,28967.4,PAID,CARD,TX-SLZYC8R7EKXP
3062,45,586,2,3,1160,50094.0,PAID,TRANSFER,TX-8QNJQBLA641G
3063,465,1447,1,,1962,27336.0,PAID,GATEWAY,TX-TSWVJR67BU5T
3064,26,447,1,,1247,35685.0,PAID,GATEWAY,TX-RCLGOJFSTFO4
3065,615,940,1,,433,17172.0,PAID,GATEWAY,TX-562ZFS5324GX
3066,45,26,2,2,665,53361.0,PAID,CASH,TX-B8RV0A0LIIGI
3067,96,973,2,1,2247,68970.0,PAID,CARD,TX-0HG4SD1WD2NU
3068,454,975,1,,1062,52927.5,PAID,GATEWAY,TX-KN6TNUKEINL1
3069,108,203,2,1,568,72600.0,PAID,CARD,TX-MPBHV2PL7E0G
3070,416,481,1,,1355,50205.0,PAID,CARD,TX-84NZD2A1XSRQ
3071,245,1372,2,1,,50965.2,PAID,CARD,TX-ETDXBA3R9OL8
3072,234,667,1,,3071,27036.0,PAID,GATEWAY,TX-XQQF4SYAS62Z
3073,45,1312,2,3,2615,29882.16,PAID,CARD,TX-3CDXOACNRHSZ
3074,218,1493,2,4,1724,42108.0,PAID,CASH,TX-WA9VR6QD5FG0
3075,,702,2,2,630,14520.0,FAILED,CASH,
3076,159,582,1,,3052,84724.2,PAID,GATEWAY,TX-SLR077JY60PR
3077,188,584,1,,971,58399.2,PAID,CARD,TX-TJAPIRPBXQ07
3078,259,904,1,,836,14520.0,PAID,GATEWAY,TX-XKY6O9R7ZJT4
3079,524,342,1,,3200,50205.0,PAID,CARD,TX-F9XRIQA632F6
3080,264,680,2,4,261,26136.0,PAID,CASH,TX-9O88GXYSRAOL
3081,420,709,1,,2798,16020.0,PAID,GATEWAY,TX-OM3F4ZIO6W5V
3082,486,521,1,,609,55813.88,PAID,GATEWAY,TX-7AAAV2LY9UYA
3083,290,289,2,2,1917,106032.3,PAID,CASH,TX-2PJFKJ3VALSI
3084,302,293,1,,,14520.0,PAID,GATEWAY,TX-Z0ERYX85EI0C
3085,,288,2,2,356,66247.5,PENDING,CARD,
3086,596,1449,2,1,1217,13068.0,PAID,CASH,TX-I2PCQ3W03RD0
3087,628,1177,1,,1850,44460.0,PAID,GATEWAY,TX-YSWKIUUV3EL7
3088,435,423,1,,475,19876.35,PAID,CARD,TX-9FDGP8D9PSQE
3089,610,1399,2,2,2294,28459.2,PAID,CASH,TX-RSUQJHS1A77F
3090,,1151,1,,791,32505.12,FAILED,GATEWAY,
3091,76,1139,1,,2296,18687.0,PAID,CARD,TX-CQNRVOWRT3IM
3092,200,1261,1,,1373,14268.0,PAID,CARD,TX-TY2XYL1SBLO8
3093,217,739,1,,2117,35503.5,PAID,CARD,TX-K3YO13JFE3JM
3094,76,98,1,,253,43588.8,PAID,CARD,TX-N0OQWJS5M894
3095,241,1228,1,,2955,61975.8,PAID,CARD,TX-IR7TG68QV3QV
3096,574,206,2,1,376,15246.0,PAID,CASH,TX-L5CTMOOFZ98G
3097,475,1235,1,,122,49905.0,PAID,CARD,TX-62BYKWHPU3V3
3098,252,1353,2,2,1056,14229.6,PAID,CASH,TX-HFTWORK36428
3099,427,154,1,,2921,58072.5,PAID,CARD,TX-EXZVIRH92V3W
3100,393,754,1,,457,55650.0,PAID,CARD,TX-F6YU3WZ2EH0D
3101,449,368,1,,131,35385.0,PAID,GATEWAY,TX-54RZYSV2FNL3
3102,101,1133,2,2,1208,49005.0,PAID,TRANSFER,TX-ZYFXFN5LKSHR
3103,161,1247,1,,864,30303.0,PAID,CARD,TX-XM5MECR5G309
3104,620,1358,2,3,3197,86412.15,PAID,CASH,TX-VMSFKOG258LZ
3105,245,1321,1,,1549,14268.0,PAID,GATEWAY,TX-NZXOJ0SLDL5M
3106,383,201,2,4,2309,18150.0,PAID,CASH,TX-Z9K8ZZX6288O
3107,235,603,2,2,1101,15173.4,PAID,CASH,TX-JMDQ3JWHTYV9
3108,567,813,2,4,2903,90387.0,PAID,TRANSFER,TX-CICWYOSGYVGK
3109,182,574,2,1,1389,14229.6,PAID,CASH,TX-NB922RMXEND3
3110,226,1165,2,1,1182,36300.0,PAID,CASH,TX-6AD6M4SNAR8B
3111,199,413,1,,2203,53227.5,PAID,CARD,TX-ZALO45ERNKDN
3112,160,212,1,,1698,27036.0,PAID,CARD,TX-46JR7O9CRA86
3113,401,822,1,,2841,31846.8,PAID,CARD,TX-OOS0NECOO7UJ
3114,451,71,2,1,1041,13068.0,PAID,CARD,TX-EDCB21NWN4NH
3115,107,647,1,,3180,31936.5,PAID,CARD,TX-H283X4NC2TKA
3116,226,233,1,,1943,41856.0,PAID,GATEWAY,TX-LZ6JISMIWCH8
3117,133,199,1,,2007,54450.0,PAID,CARD,TX-8XM4M0QQ21ZY
3118,18,353,2,1,,80477.1,PAID,CARD,TX-FZTI49Q7P1KR
3119,245,1038,2,1,554,49005.0,PAID,CARD,TX-AX0ELEGJRK0C
3120,43,1192,1,,1714,26136.0,PAID,GATEWAY,TX-1DMGXVXK3RFA
3121,,807,1,,2000,45723.24,FAILED,CARD,
3122,316,713,2,2,235,14520.0,PAID,TRANSFER,TX-I3N2QUGNXGDM
3123,92,442,1,,135,30240.0,PAID,CARD,TX-1VC7QIRDQ6U5
3124,478,152,1,,2225,67329.0,PAID,CARD,TX-4VV0ASM94170
3125,159,520,2,3,2535,25613.28,PAID,TRANSFER,TX-DP6CHCV8WVZT
3126,445,858,1,,2865,12661.2,PAID,GATEWAY,TX-EIMJNZV1PIXR
3127,317,888,1,,388,110136.3,PAID,GATEWAY,TX-IEX6U1L9O1LM
3128,409,1367,2,4,1920,32343.3,PAID,CASH,TX-WEE3JV7U98XQ
3129,624,1109,2,4,2725,70131.6,PAID,CASH,TX-ZVFRFMQ3MHJ8
3130,494,1068,1,,1624,27036.0,PAID,CARD,TX-0NEC799EV1MM
3131,36,994,2,3,412,19057.5,PAID,CARD,TX-71Z5QSETI9FW
3132,339,347,1,,2065,45999.12,PAID,GATEWAY,TX-O1O3MN5K395U
3133,241,1388,2,2,1744,11761.2,PAID,TRANSFER,TX-4FJ2VNL9C1QY
3134,,66,1,,1106,46532.73,FAILED,GATEWAY,
3135,164,1124,1,,1211,13968.0,PAID,GATEWAY,TX-W71A986XVIRV
3136,38,950,2,2,688,61601.1,PAID,CARD,TX-NHJ2M96TF5DB
3137,237,588,1,,1592,39619.92,PAID,CARD,TX-WMOOJ6L79JVT
3138,542,949,1,,2591,26136.0,PAID,CARD,TX-HE6K3BW161AI
3139,519,722,1,,194,31082.16,PAID,CARD,TX-HJZCLOPRBFDW
3140,207,271,2,3,2262,31944.0,PAID,TRANSFER,TX-46G26FXP9LD5
3141,356,738,1,,2632,19350.0,PAID,CARD,TX-1B35GESN9PSA
3142,,1167,2,2,2607,36300.0,FAILED,CASH,
3143,261,974,1,,1807,15683.7,PAID,CARD,TX-WCPQ35TYYVG8
3144,624,1473,2,3,1873,13068.0,PAID,TRANSFER,TX-9ADYEB3RII31
3145,258,77,1,,2094,54924.0,PAID,GATEWAY,TX-1J2SWITWUP7Z
3146,47,469,1,,,49905.0,PAID,GATEWAY,TX-8NNUCOM1WWK6
3147,519,508,1,,1547,73282.44,PAID,CARD,TX-CTD532H3YL76
3148,126,1293,2,2,2909,53687.7,REFUNDED,TRANSFER,TX-RP8APAHMTVDY
3149,,717,1,,2552,95287.5,FAILED,GATEWAY,
3150,271,1233,1,,2218,50205.0,PAID,CARD,TX-YWV2C91NWSXY
3151,579,954,2,1,1375,19965.0,PAID,CARD,TX-CVWX5OUAE3US
3152,568,174,2,1,2641,14520.0,REFUNDED,CARD,TX-8VYGY2WNIQHY
3153,,732,1,,2865,40404.0,FAILED,GATEWAY,
3154,480,1281,1,,2537,28788.0,PAID,CARD,TX-7HIITGR7NPVV
3155,220,1430,2,4,239,30492.0,PAID,TRANSFER,TX-9X6781H6ASWD
3156,523,238,2,1,2552,14520.0,PAID,CASH,TX-W1IR22JEMER0
3157,449,221,1,,1361,15129.6,PAID,CARD,TX-2ZGEYXV6W0H1
3158,261,685,2,3,1514,29882.16,PAID,CASH,TX-MHTBCXMZ5C5P
3159,55,592,1,,2750,43888.8,PAID,CARD,TX-Z0QIH8CMD3JB
3160,,142,1,,1883,114347.1,FAILED,GATEWAY,
3161,199,970,1,,237,29088.0,PAID,CARD,TX-2TBABA7LD70X
3162,534,995,2,3,1396,31036.5,PAID,CASH,TX-IHKXN1EN87UD
3163,168,444,2,4,3081,18150.0,REFUNDED,CARD,TX-Y853Z9LU9NC7
3164,153,297,1,,,14229.6,PAID,CARD,TX-HSZZZOUV6149
3165,430,947,1,,567,85101.48,PAID,CARD,TX-S7TNY1EO1KX4
3166,,57,1,,2743,28642.8,PENDING,CARD,
3167,561,38,1,,1705,64425.0,PAID,GATEWAY,TX-VM2NS6UN8LNQ
3168,471,376,2,3,119,53361.0,PAID,CARD,TX-PMA45W01G02B
3169,170,503,1,,1339,27336.0,PAID,CARD,TX-11XB7APIUYZC
3170,509,1095,1,,2300,35385.0,PAID,GATEWAY,TX-QFBCOLJHRB1X
3171,139,1338,1,,515,27588.0,PAID,GATEWAY,TX-K1CQT83VKQNF
3172,,909,1,,1714,13706.64,FAILED,CARD,
3173,248,932,2,1,,17787.0,REFUNDED,CASH,TX-4F2LGFYURJNZ
3174,,912,1,,1489,62319.6,PENDING,CARD,
3175,355,1161,1,,1176,30240.0,REFUNDED,GATEWAY,TX-YZBFHZDRDS2T
3176,259,189,1,,1617,45304.5,PAID,CARD,TX-IWCCXBN3OX3Q
3177,583,488,2,1,2962,29040.0,PAID,CARD,TX-LSRG91LIWM1M
3178,601,946,2,3,2958,26136.0,PAID,TRANSFER,TX-MV9V07013R90
3179,283,475,2,4,2909,35283.6,PAID,CARD,TX-11O64S1YTNYR
3180,413,692,1,,2395,42582.0,PAID,GATEWAY,TX-WOGKXXNTI5TP
3181,219,506,2,1,2061,36300.0,PAID,CASH,TX-9ITKAL8B3661
3182,556,733,2,3,3088,24829.2,PAID,TRANSFER,TX-FZVF02442IKR
3183,541,151,1,,292,76616.88,PAID,CARD,TX-725PJVWOZUKL
3184,316,1276,1,,1984,39133.5,PAID,CARD,TX-V2O4LTF9SDEP
3185,,320,1,,,31980.3,FAILED,CARD,
3186,562,514,2,2,,13794.0,PAID,CASH,TX-FE371W6YX676
3187,293,1447,1,,2234,43888.8,PAID,CARD,TX-TFD2AT5KNLUA
3188,606,833,1,,2352,61375.8,REFUNDED,CARD,TX-9F5ZR6ASW4ON
3189,,1096,1,,1800,43588.8,FAILED,GATEWAY,
3190,531,521,2,2,2681,68897.4,PAID,CARD,TX-M3H35SA0V7BZ
3191,478,960,2,2,1325,53905.5,PAID,CASH,TX-GIIR4W4L3MHZ
3192,227,1397,1,,,101932.5,PAID,GATEWAY,TX-1MMCR2VVGU3Z
3193,440,254,2,3,,53361.0,PAID,CASH,TX-J6T11ALBQSSV
3194,234,1447,1,,1324,68897.16,PAID,CARD,TX-EXQPHPJP2FH6
3195,202,572,2,3,2871,35574.0,PAID,CASH,TX-CJCJCXE4O5MX
3196,31,926,1,,141,27336.0,PAID,CARD,TX-JF12PE14F4GX
3197,304,818,2,1,1316,81675.0,PAID,CARD,TX-MXANE7KXFVGV
3198,279,157,1,,1518,58007.4,PAID,GATEWAY,TX-W0NE8CXX9UQ3
3199,535,1005,1,,,16146.0,PAID,CARD,TX-FPNWX4WVUBGT
3200,148,1166,2,3,2843,28459.2,PAID,CASH,TX-1NQP7LYDC30E
3201,236,1306,1,,1522,66240.0,PAID,GATEWAY,TX-KR6PVPZ74GBM
3202,,1452,2,1,,35574.0,FAILED,CASH,
3203,417,1206,1,,681,31692.0,PAID,CARD,TX-BB70Z9SZS6QV
3204,532,1463,1,,2561,44278.5,PAID,CARD,TX-81XXQ6K2UYNI
3205,208,231,1,,1873,16335.0,PAID,CARD,TX-39LP7CM2H42S
3206,229,122,2,1,2430,39131.4,PAID,CARD,TX-1LHJY9QRBZU0
3207,519,1077,1,,472,48924.9,PAID,CARD,TX-QNTXHLZ7QG7J
3208,415,1056,1,,1770,36783.6,REFUNDED,CARD,TX-3PCNS87Z8O5X
3209,74,494,1,,1457,96187.5,PAID,GATEWAY,TX-SF30HNL2K63L
3210,613,228,1,,2524,38443.8,PAID,CARD,TX-ZALO7NUZUMVG
3211,597,209,2,1,563,49005.0,PAID,CARD,TX-KGGWTGC2HYS0
3212,624,65,1,,3078,84264.0,PAID,GATEWAY,TX-H9HA9GN305R0
3213,161,552,1,,193,40404.0,PAID,GATEWAY,TX-Q7MXW8KGNWJD
3214,412,342,1,,882,33870.0,PAID,CARD,TX-OAZ0Q7QK9YEF
3215,349,266,1,,23,15729.6,PAID,GATEWAY,TX-VCQTY0OI7XCE
3216,38,1116,1,,2302,49005.0,PAID,CARD,TX-SBOZIQLPXA1U
3217,563,92,1,,1859,14994.0,PAID,CARD,TX-Y19ERTK1JDFE
3218,4,1204,1,,1546,44760.0,PAID,CARD,TX-ZN4KSOVMYH8W
3219,,664,1,,761,15429.6,FAILED,CARD,
3220,195,1459,1,,2385,35385.0,PAID,GATEWAY,TX-P1A0TP51KM4S
3221,594,1166,1,,2098,86785.8,PAID,GATEWAY,TX-AXU5H2JW3A2Y
3222,,253,1,,840,71259.0,FAILED,GATEWAY,
3223,586,249,2,1,1907,29040.0,REFUNDED,CASH,TX-PEHNU2ZPHQOC
3224,141,948,1,,,27636.0,PAID,GATEWAY,TX-SPN09I0U7O14
3225,546,754,2,2,1162,14229.6,PAID,CASH,TX-3TYY669G1VV8
3226,427,1427,2,3,1070,26136.0,PAID,CASH,TX-N9501ILVZATC
3227,220,1351,2,3,1043,43560.0,PAID,CARD,TX-RRO0XOO9PI5Y
3228,407,401,1,,1395,35685.0,PAID,CARD,TX-7W2K7FMX8LW7
3229,421,609,2,4,1955,29040.0,PAID,CASH,TX-3OEEM3N2S4S2
3230,103,720,1,,1080,40404.0,PAID,GATEWAY,TX-VYVGR7TWFBDH
3231,,1000,1,,2279,37500.0,FAILED,CARD,
3232,,1143,1,,3082,29867.4,FAILED,CARD,
3233,111,871,2,4,393,53905.5,PAID,CASH,TX-4ZKXNAYHYRCZ
3234,611,1336,2,3,1525,83490.0,PAID,CARD,TX-IGLLM10PS8UO
3235,428,357,2,2,2317,27588.0,PAID,CARD,TX-MYZUZG8SWK26
3236,397,1352,2,4,1390,12414.6,PAID,TRANSFER,TX-VNA7069QB0XE
3237,239,1312,2,2,514,17242.5,PAID,CARD,TX-RF79H6O37Q4A
3238,257,272,1,,2781,14520.0,PAID,CARD,TX-USAO70V45JFE
3239,121,1284,2,1,2913,29040.0,PAID,CARD,TX-GOAB0M0BCPEG
3240,57,738,1,,,27442.8,PAID,GATEWAY,TX-IBAQYQ7ZXDJZ
3241,190,69,2,1,1571,41382.0,PAID,CASH,TX-PRQ0SNV38QA7
3242,271,1237,1,,1179,50505.0,PAID,GATEWAY,TX-I9JZ4WNYIEXD
3243,206,83,1,,3081,55650.0,PAID,CARD,TX-UKEC84O1VIMG
3244,,1172,1,,1416,29088.0,FAILED,GATEWAY,
3245,552,489,2,2,803,45738.0,PAID,TRANSFER,TX-3RK0CYO8NH2A
3246,444,451,1,,3107,14694.0,PAID,CARD,TX-CD2WJYAROCZL
3247,22,918,2,3,2097,45520.2,PAID,CASH,TX-CC5QA824Q2W8
3248,160,491,1,,,27588.0,PAID,CARD,TX-ZSG2A6Y7IAXR
3249,479,1232,1,,,36474.0,PAID,CARD,TX-4QTNHUFPYEGZ
3250,508,477,1,,2549,36774.0,PAID,CARD,TX-3YE79G20YT1M
3251,330,1466,2,3,1179,14520.0,PAID,TRANSFER,TX-1H0R8QJPPGZM
3252,,1369,2,3,3009,50747.4,FAILED,CARD,
3253,128,254,1,,,15420.0,PAID,CARD,TX-PRTJX8NUWV94
3254,27,388,2,1,126,27588.0,PAID,CARD,TX-XUC9BJ8D6YQG
3255,608,1415,1,,2453,57172.5,PAID,GATEWAY,TX-1S872LGSHIQ4
3256,,1434,1,,1385,42582.0,FAILED,CARD,
3257,128,204,2,1,595,72091.8,PAID,CASH,TX-1WEF39Z25UCR
3258,509,902,1,,210,48157.68,PAID,CARD,TX-VS1Y9KZSW01B
3259,34,653,2,3,1098,26136.0,REFUNDED,CARD,TX-KYVEJ11PJYIE
3260,416,427,1,,3066,24422.4,PAID,GATEWAY,TX-2PNA30NLPWNX
3261,61,439,2,4,2426,48351.6,PAID,CARD,TX-X4OE2W4X8RVF
3262,623,816,1,,1306,74707.5,PAID,GATEWAY,TX-JT7I6KX9S5Q7
3263,96,19,1,,,20166.75,PAID,GATEWAY,TX-ZLN51XKOX1MB
3264,161,1480,2,4,1191,53905.5,PAID,CASH,TX-LUC8L9V3CMAX
3265,109,619,1,,500,15720.0,PAID,CARD,TX-TZV7WLUD7P56
3266,136,907,1,,705,27036.0,PAID,GATEWAY,TX-XF7KLJFMGYXK
3267,587,411,1,,554,34241.55,PAID,CARD,TX-CV3KLRJ6317K
3268,598,1472,2,1,846,71692.5,PAID,CASH,TX-B8YSNE5F2ORD
3269,116,1414,1,,,19866.75,PAID,CARD,TX-UWYURAEG9QOJ
3270,603,1437,2,3,2974,106213.8,PAID,CARD,TX-SDOMHT0Q5NXU
3271,558,993,2,1,1278,28459.2,PAID,CASH,TX-VFQ4URP6FRR3
3272,299,882,2,3,2201,35574.0,PAID,CASH,TX-XMCAHSWFVXHF
3273,367,1485,1,,,55813.88,PAID,CARD,TX-CMEZ8T3W0VXM
3274,110,1422,2,1,231,42688.8,PAID,CARD,TX-XYVWK2GJ2Z53
3275,555,594,2,1,2242,53361.0,PAID,CASH,TX-VO6OCXN1XNOF
3276,553,791,1,,3095,84916.88,PAID,GATEWAY,TX-687FUAA7ECD9
3277,451,417,2,4,1607,13068.0,PAID,CARD,TX-NN18GXPCNYV7
3278,482,760,1,,1685,42282.0,PAID,GATEWAY,TX-GF4WI9IYDIJD
3279,520,527,1,,1154,39919.92,PAID,CARD,TX-49D8LJAC9G1V
3280,640,604,2,4,1526,41962.8,PAID,TRANSFER,TX-Z44L77BCSEU0
3281,121,1132,1,,2812,66721.5,PAID,CARD,TX-AC3IG4VK9IAF
3282,383,726,1,,339,27636.0,PAID,CARD,TX-0RVZLAWPVFAV
3283,298,133,1,,119,33570.0,PAID,GATEWAY,TX-KEXO2KQ5KVG7
3284,367,1292,1,,1034,50362.62,PAID,GATEWAY,TX-4L98Z7P8ZLXE
3285,316,466,1,,939,73613.58,PAID,CARD,TX-FFCXWSQZL1QL
3286,132,433,1,,2166,33870.0,PAID,CARD,TX-0DCU24CO5KOR
3287,174,358,1,,905,28788.0,PAID,CARD,TX-J4MT8XMS1KG4
3288,358,130,2,3,2326,70131.6,PAID,CARD,TX-20TUPM6039LT
3289,626,1153,2,3,833,54450.0,PAID,CASH,TX-RNVWMSLUOX6V
3290,589,1275,2,1,174,13068.0,PAID,CASH,TX-69JAH53J7H86
3291,267,62,1,,,42882.0,PAID,GATEWAY,TX-X8XXBIOVCWM1
3292,542,682,1,,2051,33216.6,PAID,CARD,TX-7VBBHN7GCTW0
3293,78,1370,1,,2989,13968.0,PAID,GATEWAY,TX-O82639B4R68A
3294,158,858,1,,1813,102204.75,PAID,CARD,TX-QZ7EREJTO2T1
3295,443,222,1,,1584,19350.0,PAID,GATEWAY,TX-IGHSEQ9M1N1Z
3296,332,671,1,,938,78664.2,PAID,CARD,TX-OD1FJPP5IRAE
3297,244,415,1,,1784,17242.5,PAID,CARD,TX-B8RZSZZTRLX6
3298,2,1415,2,4,1407,59486.62,PAID,CARD,TX-HDCQV5IY9DYM
3299,203,533,2,4,644,73543.8,PAID,CASH,TX-WUN6CADMVA7D
3300,557,978,2,1,16,19965.0,PAID,CARD,TX-SMOOO70TEBL8
3301,92,1387,2,2,609,93291.0,PAID,CASH,TX-RCG2Y431VLAF
3302,80,907,1,,1340,14568.0,PAID,CARD,TX-M68EAWUBMQF4
3303,275,820,1,,466,43888.8,PAID,GATEWAY,TX-Y0OQTYVXYBEG
3304,9,1223,2,1,2446,90858.9,PAID,CARD,TX-BAOA6JJK4Z9A
3305,554,641,1,,2344,15720.0,PAID,GATEWAY,TX-W7PDMCC5B9XR
3306,556,1319,1,,920,31493.64,PAID,GATEWAY,TX-Y9RLJRF1M5W7
3307,98,1421,1,,1010,51727.5,PAID,GATEWAY,TX-DUKF9Y68M306
3308,630,63,2,2,,31036.5,PAID,CARD,TX-H1ZZ8XEPJMY2
3309,,1309,2,4,,103447.74,PENDING,CASH,
3310,382,855,2,3,1275,43560.0,PAID,CARD,TX-KVBP9ZNHFDGR
3311,184,1483,2,4,2066,44104.5,PAID,CARD,TX-VE22EM9MI0JK
3312,462,858,1,,2498,15274.8,PAID,CARD,TX-M4TU0SGEUE8V
3313,412,1390,2,3,862,36300.0,PAID,TRANSFER,TX-QDHCLJ4F4S7S
3314,448,929,2,3,2422,42688.8,REFUNDED,TRANSFER,TX-KQXCLLYPC97C
3315,203,809,2,4,1405,14229.6,PAID,CARD,TX-S6UCCR5IKJST
3316,,1236,2,2,1776,100333.2,PENDING,CARD,
3317,572,816,1,,2101,56900.25,PAID,CARD,TX-RI1MXGVLZQG5
3318,578,143,1,,2016,39204.0,PAID,CARD,TX-58732P4ITDQ8
3319,298,984,2,3,1929,49005.0,PAID,CARD,TX-OWS6Y580WT3F
3320,389,529,2,2,190,29040.0,PAID,CASH,TX-YWPLMY5CNM3W
3321,359,4,2,3,1320,18966.75,PAID,CARD,TX-SNM03QZYC82B
3322,456,506,1,,1721,18987.0,REFUNDED,CARD,TX-1QDKJ9VGN6KH
3323,88,942,2,2,,29040.0,PAID,CARD,TX-RP1Z132X0DVN
3324,625,210,1,,63,27336.0,PAID,CARD,TX-1XCG0HDAR383
3325,640,1324,2,1,244,78045.0,PAID,CARD,TX-75CU3VO4PJ42
3326,189,1102,1,,466,33870.0,PAID,GATEWAY,TX-5F4CPZ70YSD4
3327,323,146,2,4,827,52998.0,PAID,CASH,TX-Y4M1ULJ312DT
3328,253,1120,2,2,32,17242.5,PAID,CASH,TX-9UTTBWIT4PWO
3329,532,1160,2,3,933,35937.0,PAID,TRANSFER,TX-A3AG8DUO7GSG
3330,423,863,2,2,1418,30219.75,PAID,CARD,TX-JMZ5WIT40ABG
3331,91,540,2,1,287,61365.15,PAID,TRANSFER,TX-UH72JMIJRU65
3332,606,610,1,,164,57256.8,REFUNDED,CARD,TX-594L3MHPQI23
3333,,31,1,,2196,76258.8,FAILED,CARD,
3334,552,449,2,3,691,39204.0,PAID,CARD,TX-N8MJ530ZAMT4
3335,33,769,2,1,1801,53361.0,REFUNDED,TRANSFER,TX-GMS8OLTOB8U0
3336,520,1402,2,3,2838,43560.0,PAID,CASH,TX-DO07BH2H5VPJ
3337,456,908,2,1,1818,58283.28,PAID,CARD,TX-PVEIERQ5AQYJ
3338,354,624,1,,,33444.0,PAID,CARD,TX-1SQTUD873H64
3339,183,608,1,,2885,54561.0,PAID,CARD,TX-DMY681LRJRKJ
3340,65,37,1,,1712,46720.2,PAID,CARD,TX-CNS038N1I9S8
3341,341,1482,1,,2426,110127.75,PAID,CARD,TX-J3YHM8YA36PT
3342,102,1058,2,4,1268,18104.62,PAID,CASH,TX-B7Z5OYOQEBMG
3343,524,286,1,,334,31029.0,PAID,CARD,TX-79IUY910M8N6
3344,630,1008,1,,436,49905.0,PAID,CARD,TX-EZONQAH5JNY8
3345,45,668,1,,1900,15729.6,PAID,CARD,TX-OWZ54SEXXKYG
3346,48,117,2,3,1188,100732.5,PAID,TRANSFER,TX-3AYKNU2BHQ5S
3347,,851,1,,673,28642.8,FAILED,GATEWAY,
3348,583,51,2,1,259,85305.0,PAID,CASH,TX-AXKNQQ1L6UCW
3349,325,1117,1,,,16446.0,PAID,GATEWAY,TX-EM7VVOWMW18W
3350,47,1029,1,,1234,15720.0,PAID,CARD,TX-M43EMIV9ZWKV
3351,217,1139,1,,2610,52627.5,PAID,CARD,TX-1KB428A4F3QD
3352,602,1378,2,3,242,41382.0,PAID,TRANSFER,TX-KVR83TRNV87I
3353,58,1271,2,2,264,49368.0,PAID,CASH,TX-65B6Y3GXEA3B
3354,236,1424,1,,239,17835.0,PAID,CARD,TX-CUB3Z7A70FB5
3355,566,489,2,4,1938,37026.0,PAID,CASH,TX-3FS267JXLRH4
3356,473,744,1,,,54261.0,PAID,CARD,TX-ISMKE86BAL4A
3357,194,323,1,,1842,28197.6,PAID,CARD,TX-L25PPLEGQKJA
3358,455,1471,1,,2197,18987.0,PAID,CARD,TX-SKLQRVE8NQAL
3359,199,1469,1,,2521,46938.0,PAID,CARD,TX-AYBXFZYXOFFG
3360,469,1191,2,4,1641,74197.2,PAID,CASH,TX-7D2DEY5XZTXF
3361,497,335,1,,,18987.0,PAID,GATEWAY,TX-L4YY0YV8IYB4
3362,78,717,1,,2313,32672.1,PAID,GATEWAY,TX-QQRJDRII6OHD
3363,624,911,1,,465,50529.6,PAID,CARD,TX-LPQNYI6137QL
3364,639,184,2,1,1451,35574.0,PAID,CARD,TX-5AGDX74VYNH9
3365,80,957,1,,1642,28488.0,PAID,CARD,TX-XUUIW5GC0IDH
3366,,797,2,1,52,42688.8,PENDING,CARD,
3367,504,22,2,4,302,28459.2,PAID,CASH,TX-K5GTN6H614Q8
3368,237,260,1,,1772,42882.0,PAID,GATEWAY,TX-8ASG6BCZ0E91
3369,444,835,1,,182,107077.5,PAID,GATEWAY,TX-ODLT027JR9JD
3370,157,1316,2,2,712,11761.2,PAID,CARD,TX-FOFOZ4OQ0OEB
3371,,240,1,,2972,26029.2,FAILED,CARD,
3372,300,790,2,3,1669,54450.0,PAID,CARD,TX-2EHNURGS5WJZ
3373,612,1380,1,,1891,19057.5,PAID,GATEWAY,TX-TORSUPG21WB0
3374,11,936,2,4,2389,39930.0,PAID,CARD,TX-CCEOLMRXUREQ
3375,623,274,1,,1668,54861.0,PAID,GATEWAY,TX-G35L25PAWKO3
3376,39,1177,2,2,,46500.3,PAID,CASH,TX-3HHAJ8FONU6T
3377,567,623,1,,1998,29141.4,PAID,GATEWAY,TX-19V6GOL5TJ6W
3378,,419,1,,1277,18351.75,FAILED,GATEWAY,
3379,196,1308,2,3,728,16335.0,REFUNDED,CASH,TX-XIYMY8IB67X3
3380,151,508,1,,2145,80997.0,PAID,GATEWAY,TX-6BJSKIFSWCV2
3381,17,1234,2,4,,41382.0,PAID,CARD,TX-U40FM2IIEEST
3382,241,992,1,,627,19350.0,PAID,CARD,TX-LTXLJQWZCTHX
3383,145,143,2,2,359,53996.25,PAID,CASH,TX-89LOWFO1YO9Z
3384,578,763,1,,1105,33870.0,PAID,CARD,TX-IKQAEITG8GTZ
3385,82,784,1,,1299,17787.0,REFUNDED,GATEWAY,TX-8257AGYHCWZ0
3386,306,1473,2,3,2275,54450.0,PAID,CARD,TX-U97S2OW8YWR9
3387,502,1344,2,4,984,53361.0,PAID,CARD,TX-CP2IM7H9M3XF
3388,222,457,1,,960,58708.8,PAID,CARD,TX-FQMUEM3CHW9T
3389,608,228,1,,1432,56956.8,PAID,GATEWAY,TX-PH8UN9WIK8SZ
3390,70,1500,1,,635,17535.0,PAID,CARD,TX-AH9HMPKDTJA3
3391,56,84,1,,1084,29867.4,PAID,CARD,TX-49X2PH5C7AQT
3392,341,692,1,,1209,85053.0,PAID,CARD,TX-CMHTB33XN2SU
3393,,302,2,4,1754,53361.0,FAILED,CASH,
3394,164,297,1,,96,29649.6,PAID,CARD,TX-G896X2I0B1X5
3395,464,159,2,3,333,31944.0,PAID,CARD,TX-SWD5WC8AZ58O
3396,501,1248,1,,2593,64942.8,PAID,CARD,TX-PLQ7RR99JIRR
3397,608,319,1,,2883,44351.1,PAID,GATEWAY,TX-T4FBA0K4DFG3
3398,511,1126,1,,1788,35203.5,PAID,CARD,TX-KRABBNAPEK2U
3399,,1079,1,,635,35685.0,PENDING,GATEWAY,
3400,471,553,1,,1320,75678.0,PAID,CARD,TX-KXAYFVYPAOEB
3401,497,835,1,,,55350.0,REFUNDED,CARD,TX-GSEE9VP6QHWZ
3402,467,1358,1,,1238,73074.0,PAID,CARD,TX-H4WLDF0U14AM
3403,538,1243,2,1,,28459.2,PAID,CASH,TX-HF9MVI6NQRAD
3404,86,1397,1,,1739,72392.85,PAID,CARD,TX-BF7ZBEJP7Y41
3405,472,437,2,4,,100732.5,PAID,CARD,TX-SAQTVUYPZEYP
3406,8,241,2,4,953,13068.0,PAID,CASH,TX-MG5OZV4HKS5U
3407,573,1246,1,,1524,68079.12,PAID,GATEWAY,TX-LXM1J0PTUFUH
3408,394,1076,1,,541,29359.2,PAID,CARD,TX-O4IAR33FZYOJ
3409,337,1217,2,4,915,37933.5,PAID,CASH,TX-G5CJ1TUXCSL7
3410,32,884,1,,834,38743.8,PAID,GATEWAY,TX-ESNGDLL1NGQD
3411,191,1370,2,2,1193,49005.0,PAID,CASH,TX-IU9XBZV5TUWP
3412,101,1376,1,,2786,40830.0,PAID,CARD,TX-93BIB9TXHTRM
3413,37,249,1,,2546,19287.0,PAID,GATEWAY,TX-Y0J4I3DOYCKQ
3414,153,917,1,,1932,15429.6,PAID,CARD,TX-NGM5MMT442LU
3415,,168,2,4,303,51455.25,FAILED,CASH,
3416,269,566,1,,3038,32844.0,PAID,CARD,TX-QP31Q25URSR0
3417,,43,2,1,3063,39204.0,FAILED,CASH,
3418,,813,1,,2739,36300.0,FAILED,GATEWAY,
3419,74,323,1,,829,14268.0,PAID,CARD,TX-EI1BYMPTIK8S
3420,360,26,1,,1739,43414.8,PAID,CARD,TX-QUHPF0NKT33W
3421,8,396,2,2,1376,41382.0,PAID,TRANSFER,TX-567283CYWO5G
3422,600,487,2,3,1306,58697.1,PAID,CASH,TX-GYZOYJM6Q8TN
3423,58,551,2,4,1739,75939.6,PAID,CARD,TX-YHEFUBTF8W0B
3424,479,1101,1,,907,35574.0,REFUNDED,CARD,TX-WARP2TJEJ1OL
3425,471,790,2,2,787,14229.6,PAID,TRANSFER,TX-UBFEYAVZJITO
3426,,242,1,,2723,29659.2,FAILED,CARD,
3427,94,1399,2,3,1660,17787.0,PAID,TRANSFER,TX-UTZPFD3QXO2I
3428,411,1389,1,,2940,14268.0,PAID,CARD,TX-594BNADM83KP
3429,243,1290,2,4,,31254.3,PAID,CASH,TX-5M6SBF0EXH75
3430,,221,2,4,1414,119136.6,FAILED,CASH,
3431,112,1161,2,1,2164,56029.05,PAID,CARD,TX-NE0K1D3WEE7A
3432,312,570,1,,2938,35685.0,PAID,GATEWAY,TX-LJWLTMG0AT22
3433,411,847,1,,,66149.25,PAID,CARD,TX-EKYM1AYWUK42
3434,,372,2,2,1531,83490.0,FAILED,CARD,
3435,145,390,1,,978,32205.12,PAID,GATEWAY,TX-12IY3BV3GIW4
3436,17,434,2,2,2639,79678.5,PAID,CARD,TX-NRRLY12XYCKD
3437,141,1342,1,,614,14694.0,PAID,CARD,TX-ATXW7W80B3YQ
3438,636,71,1,,482,55650.0,PAID,GATEWAY,TX-H3MAAX4JZMMB
3439,475,868,2,4,207,29882.16,PAID,CASH,TX-ZFSV61ALW1Q5
3440,242,1176,1,,1227,82221.6,PAID,CARD,TX-F03N87MYMR50
3441,558,1423,1,,256,80474.28,PAID,CARD,TX-THEQ48BCQ3CU
3442,281,668,2,2,2351,59895.0,PAID,CARD,TX-K906WVYZPVLB
3443,566,655,1,,2954,14694.0,PAID,CARD,TX-EGCPLAVAJIYE
3444,502,292,1,,1178,47238.0,PAID,CARD,TX-U84QZUDXWTFZ
3445,494,712,2,4,1457,14520.0,PAID,CARD,TX-0F0LJB9UF2YH
3446,81,1421,1,,86,72711.0,PAID,CARD,TX-T69XYMJJRQDP
3447,,1290,1,,,29359.2,FAILED,CARD,
3448,16,576,2,4,729,28459.2,PAID,CASH,TX-YQC9UUVG4H84
3449,439,612,2,1,1337,33377.85,PAID,TRANSFER,TX-RXLKA1FSZXSP
3450,442,227,2,4,2682,14520.0,PAID,TRANSFER,TX-OB5TIBYIK96N
3451,,590,1,,,60468.3,FAILED,CARD,
3452,57,1498,1,,734,37200.0,PAID,GATEWAY,TX-FGV05CADUYIW
3453,588,184,1,,199,14229.6,PAID,GATEWAY,TX-DG9OTH0J0KVU
3454,226,88,1,,3059,27588.0,PAID,CARD,TX-A1YCXFOBFTTR
3455,443,1321,1,,582,77947.8,PAID,GATEWAY,TX-X7MPF2RK35UE
3456,526,528,1,,1776,39433.5,PAID,CARD,TX-AV1ZGPBNIEZV
3457,588,1259,1,,2063,13706.64,PAID,GATEWAY,TX-9NPIBN95WWTY
3458,496,817,2,2,73,88477.62,PAID,CARD,TX-1MA32XJU7VFS
3459,635,85,2,4,50,107774.7,PAID,CASH,TX-W9G868IEYK1N
3460,,771,2,3,1077,36300.0,FAILED,CARD,
3461,196,1386,1,,3119,31082.16,PAID,GATEWAY,TX-0VV837AW7PDR
3462,153,514,1,,2346,23522.4,PAID,CARD,TX-MMQ374853XC4
3463,337,1252,2,3,2014,31744.35,PAID,CASH,TX-PG14PPWNQB9W
3464,329,1427,1,,2992,78456.0,PAID,CARD,TX-9GZKPT8CE743
3465,607,965,1,,48,27036.0,PAID,GATEWAY,TX-OM9K72IVJZ5Z
3466,613,1139,1,,2006,33870.0,PAID,GATEWAY,TX-8Y0AGOUDDIXR
3467,195,1197,2,3,1354,42108.0,PAID,CASH,TX-7OMP166WCBOD
3468,381,1252,1,,1355,53535.0,PAID,CARD,TX-0QQ4F4QMU1UE
3469,193,976,2,4,2885,58697.1,PAID,CASH,TX-IWOIE0VX7ZMG
3470,,549,2,4,732,14941.08,FAILED,CARD,
3471,264,1301,1,,855,25613.28,PAID,GATEWAY,TX-N6885BBA1805
3472,214,331,1,,756,27336.0,PAID,CARD,TX-AROX53FJW0B6
3473,118,219,1,,262,58372.5,PAID,GATEWAY,TX-70N9OMUOV0QG
3474,120,422,2,1,580,53905.5,PAID,TRANSFER,TX-U3TZH5GOH2M9
3475,270,181,1,,2257,33795.3,PAID,CARD,TX-SHUABGNQJX42
3476,296,1073,1,,661,19168.5,PAID,GATEWAY,TX-6I2DBT1M4XKH
3477,296,1362,1,,1711,35803.5,PAID,GATEWAY,TX-3SM0T47IBG4K
3478,246,1436,2,3,1421,31944.0,PAID,TRANSFER,TX-KUBOA7SG0450
3479,99,364,1,,1810,32236.5,PAID,CARD,TX-7IVBTXDMB1NE
3480,24,343,1,,1921,40404.0,PAID,GATEWAY,TX-CFVZ2CNQH11B
3481,70,1044,1,,2397,14701.5,PAID,CARD,TX-SS0K0FWLR6QY
3482,136,805,2,4,977,71765.1,PAID,CASH,TX-MKVHIJU6UTIX
3483,,1121,2,1,,66429.0,FAILED,CASH,
3484,,1395,2,3,96,26136.0,FAILED,TRANSFER,
3485,289,728,1,,523,39615.0,PAID,CARD,TX-4FRZVE54JR05
3486,520,688,2,1,2617,26136.0,PAID,TRANSFER,TX-RUW3JDYBLWSZ
3487,170,831,1,,,52627.5,PAID,GATEWAY,TX-SPAA1QY9T13N
3488,594,744,1,,92,37709.25,PAID,CARD,TX-AGRNAQORGNLH
3489,276,1371,2,2,901,73329.63,PAID,CASH,TX-9C71SYAM9O8K
3490,66,167,1,,,15841.08,PAID,CARD,TX-QYPEI7J8J6A5
3491,,111,1,,809,44169.6,PENDING,CARD,
3492,335,580,1,,3193,15420.0,PAID,CARD,TX-MNZQNOEPRWG5
3493,7,117,2,1,2788,11761.2,PAID,CARD,TX-7W1QMCD8SY1X
3494,637,1264,1,,2491,49905.0,PAID,GATEWAY,TX-DNREYWS2U6HH
3495,,233,1,,568,44460.0,FAILED,CARD,
3496,132,671,1,,749,27544.2,PAID,GATEWAY,TX-JR964TABQ6S9
3497,95,94,1,,226,57354.0,PAID,GATEWAY,TX-TSBYZ0JI6IPM
3498,173,390,2,4,1123,32670.0,PAID,CARD,TX-65M1D98QFQDT
3499,371,305,1,,1686,32962.5,PAID,GATEWAY,TX-X5BL0LB2TZTX
3500,332,400,1,,2604,44469.6,PAID,CARD,TX-V44JZJ4KN2LW
3501,75,396,1,,789,52927.5,PAID,GATEWAY,TX-EDW3T6U513OM
3502,361,1168,1,,798,36292.5,PAID,GATEWAY,TX-83JAXVHZWV2M
3503,408,655,2,3,315,82764.0,PAID,CASH,TX-S9J5QW77R0QJ
3504,550,343,1,,1377,33533.7,PAID,CARD,TX-EXQZ24ME6ZPZ
3505,,684,1,,583,27336.0,PENDING,GATEWAY,
3506,170,1150,1,,531,45738.0,REFUNDED,CARD,TX-KKQEY5W0USG4
3507,50,1028,2,3,993,32016.6,PAID,CARD,TX-ZP2MM93I9C6Y
3508,131,585,2,1,2439,26136.0,PAID,CASH,TX-SQG1KTKPUOR2
3509,512,1294,1,,2568,19050.0,PAID,GATEWAY,TX-KR94XYH3W080
3510,288,455,2,4,,17151.75,PAID,CASH,TX-YA0HI02AI1RJ
3511,629,1141,2,1,1552,46554.75,PAID,CASH,TX-8EXRT43ZBSYB
3512,589,376,2,2,3175,16335.0,PAID,CARD,TX-Q3V2OVGJCEPI
3513,139,1154,1,,1482,42465.84,PAID,CARD,TX-UGNDH4RY8NV0
3514,291,1498,1,,1998,14268.0,REFUNDED,CARD,TX-Q5SYDN7MC3OD
3515,,603,2,3,482,14520.0,FAILED,CASH,
3516,62,1002,2,3,2287,97873.88,PAID,CASH,TX-L89SW2BF2NAN
3517,245,924,1,,1833,27588.0,PAID,CARD,TX-YLRKYJGG8AF6
3518,539,1309,2,1,167,17242.5,PAID,CASH,TX-FEP7G3CJVETO
3519,522,1212,2,4,2473,16335.0,PAID,CARD,TX-DSC27EPTCWFY
3520,556,974,2,2,2494,42688.8,PAID,TRANSFER,TX-ZSTT4FJPQP6I
3521,130,1154,2,1,2784,55103.4,PAID,CARD,TX-BORAUAUAGBTZ
3522,,105,1,,2681,39133.5,FAILED,CARD,
3523,,335,1,,918,43588.8,FAILED,GATEWAY,
3524,,421,2,1,,37243.8,FAILED,TRANSFER,
3525,575,77,1,,1567,60686.62,PAID,CARD,TX-RBHK04H7O910
3526,58,1399,2,1,80,18150.0,PAID,CARD,TX-VBGSGLLEGX46
3527,,761,1,,575,29659.2,FAILED,CARD,
3528,599,160,2,2,2173,24829.2,PAID,CARD,TX-C62P06GPDWTK
3529,232,555,1,,3113,65259.9,PAID,GATEWAY,TX-Q2N6H4YFV0GZ
3530,214,634,1,,851,44760.0,REFUNDED,GATEWAY,TX-7ZXO2M319UHE
3531,67,1187,2,4,2061,19565.7,PAID,CASH,TX-PGNOL0UMQZLD
3532,614,1329,1,,,15420.0,PAID,CARD,TX-6ALTZON6IR53
3533,592,1231,1,,268,121677.6,PAID,CARD,TX-JRBGNMD3M2NZ
3534,,571,2,1,3164,24829.2,FAILED,CASH,
3535,420,1336,2,1,2225,59895.0,PAID,CARD,TX-XCY21CJ2CYE4
3536,60,243,2,1,1979,38550.6,PAID,CARD,TX-M4DWC14GOCEY
3537,,678,2,3,1439,17242.5,FAILED,CASH,
3538,50,791,1,,2671,70732.12,PAID,CARD,TX-QNV165KX9K4R
3539,493,580,1,,28,18987.0,PAID,CARD,TX-PO0YOGP799LR
3540,343,121,2,3,195,51455.25,PAID,CASH,TX-TCABAX2QO3NQ
3541,563,1130,2,4,1099,36300.0,PAID,CASH,TX-MJWG6QZ46RAN
3542,148,1275,2,4,2027,80949.0,PAID,CARD,TX-SR4WB23ZFWK9
3543,,1039,1,,412,46420.2,FAILED,GATEWAY,
3544,287,171,2,3,2078,25613.28,PAID,CARD,TX-XVYGZA8IYL25
3545,513,132,2,1,1208,53905.5,PAID,CARD,TX-60D6CEDR2K1E
3546,384,889,2,3,1217,44394.9,PAID,CARD,TX-HA1XTI3NTIGW
3547,49,640,1,,1964,38143.8,PAID,GATEWAY,TX-2967A2IID9FV
3548,512,841,1,,2489,50205.0,PAID,CARD,TX-DJV90RPTEEXR
3549,,1188,2,4,1600,27588.0,FAILED,CARD,
3550,308,1319,1,,,27336.0,PAID,CARD,TX-FJJHYJYPNDNA
3551,376,580,1,,917,18687.0,PAID,GATEWAY,TX-TVYL1KI7UKGU
3552,291,589,1,,877,16446.0,PAID,GATEWAY,TX-CFPK1DS48NKY
3553,,204,1,,,40404.0,FAILED,CARD,
3554,101,867,1,,1536,47454.75,PAID,GATEWAY,TX-UR5MVGJ4YZA6
3555,270,250,1,,101,17018.25,PAID,CARD,TX-RNV27JFJ25MD
3556,489,1215,1,,504,17787.0,PAID,CARD,TX-ZER3MQQK4GT6
3557,109,1363,2,4,1395,14374.8,PAID,TRANSFER,TX-N2DLQV2U6T8K
3558,547,589,1,,505,68200.2,PAID,CARD,TX-R5W502WOYFZG
3559,141,1462,1,,489,36183.6,PAID,CARD,TX-NP6OVYFAA7ZV
3560,539,837,2,4,2398,49005.0,PAID,CASH,TX-BMBXAO6GQ1RN
3561,346,1210,2,1,266,41382.0,PAID,CASH,TX-FFD8UYK4NB8X
3562,332,370,2,3,1570,23522.4,PAID,TRANSFER,TX-GKCSQ3I8ZRIR
3563,583,1474,2,4,1011,76171.92,PAID,CARD,TX-AGW8N4KO0VG1
3564,329,294,2,1,2274,34303.5,PAID,TRANSFER,TX-PLKKD3I25TLO
3565,502,1427,1,,1983,35385.0,PAID,CARD,TX-3RPRH1RVWU3L
3566,165,119,1,,660,67656.75,PAID,CARD,TX-8QCS41TPCCDR
3567,5,485,1,,,49005.0,PAID,CARD,TX-YYFWDD600GAP
3568,31,583,2,4,1192,65456.16,PAID,CASH,TX-M9OIKA963IEZ
3569,479,1463,1,,160,14694.0,PAID,CARD,TX-B8N8LZXC2M67
3570,459,160,1,,2694,34485.0,PAID,GATEWAY,TX-730K81IVZJXB
3571,,629,1,,73,65904.75,FAILED,GATEWAY,
3572,221,727,2,1,1247,38419.92,PAID,CARD,TX-5VFA1MZPLOEL
3573,126,590,1,,579,55650.0,PAID,CARD,TX-XT9Q6PG3BWQV
3574,296,443,1,,2550,36474.0,PAID,GATEWAY,TX-NBDPLYCUY1ZG
3575,79,705,1,,1794,19576.35,PAID,CARD,TX-XZ433GD8TVCX
3576,498,188,1,,,18442.5,PAID,CARD,TX-513H761IIAGY
3577,106,1097,2,4,1411,41382.0,PAID,CASH,TX-SZ1N75XVCMPT
3578,418,1328,2,4,2563,17787.0,PAID,CASH,TX-XN2387S9U067
3579,6,304,2,3,2411,30492.0,PAID,CARD,TX-15BPQ6CDKW9V
3580,563,876,1,,2211,80543.25,REFUNDED,GATEWAY,TX-0IHJ7HC89IYI
3581,124,1116,1,,2548,15429.6,PAID,CARD,TX-D7AL99HD6GN3
3582,442,1219,1,,568,60197.1,PAID,CARD,TX-LCIAW66NYOE6
3583,388,1134,1,,1945,19287.0,PAID,GATEWAY,TX-TZ1KXML4M6YF
3584,62,1074,2,4,213,59532.0,PAID,CARD,TX-EC9KXY4Z9CLE
3585,508,350,1,,510,32205.12,PAID,CARD,TX-8G116NX8NYB1
3586,,1406,1,,2808,28488.0,FAILED,CARD,
3587,414,1176,2,4,2827,66102.3,PAID,CARD,TX-UVDCJCMY1UUF
3588,59,1367,1,,773,55350.0,PAID,CARD,TX-7TPG460YLI31
3589,194,232,1,,2966,55513.88,REFUNDED,GATEWAY,TX-V1Y2L2LD0PIB
3590,542,844,1,,681,54261.0,PAID,CARD,TX-YLXEP70Z1KMO
3591,525,671,1,,980,43588.8,PAID,CARD,TX-1B7AQ1J72WTZ
3592,227,407,1,,2378,24422.4,PAID,GATEWAY,TX-F971KQYNDSK8
3593,,944,1,,1322,16418.25,FAILED,GATEWAY,
3594,294,327,2,2,814,18676.35,PAID,CASH,TX-KNRL511Y2ADC
3595,181,199,1,,77,67779.12,PAID,CARD,TX-3GCNLENSXWME
3596,359,1409,1,,1994,73826.7,PAID,GATEWAY,TX-YB7B40ONVBYP
3597,61,949,2,2,345,60475.8,PAID,CASH,TX-DFLV8CF3A3QJ
3598,311,900,1,,1662,52627.5,PAID,CARD,TX-36A4QKPX89T2
3599,69,932,2,1,2175,36300.0,PAID,CARD,TX-39161NPWWRQR
3600,16,683,2,1,2725,56900.25,PAID,CARD,TX-EO6F4ZOUBM7I
3601,,1360,2,4,2874,37933.5,FAILED,CASH,
3602,254,505,1,,,52627.5,PAID,CARD,TX-C9BESTSE0D1B
3603,540,371,1,,1100,15601.5,REFUNDED,GATEWAY,TX-YLPLJRHTYM8T
3604,7,535,1,,738,18142.5,PAID,CARD,TX-AQW3DJPI67OC
3605,295,446,1,,302,70896.0,PAID,CARD,TX-3SYYH5AQ78SO
3606,,610,2,4,2274,52635.0,PENDING,CARD,
3607,,243,1,,619,17535.0,FAILED,CARD,
3608,312,1469,2,2,2624,27588.0,PAID,CASH,TX-L8OZ434OMFF2
3609,427,86,1,,26,48816.0,PAID,GATEWAY,TX-57W1FI001UUF
3610,566,437,1,,424,34291.08,REFUNDED,GATEWAY,TX-SD2T30P8Z5ER
3611,228,199,1,,2601,79798.05,PAID,CARD,TX-1Z39E7RUGUTO
3612,,350,1,,60,78945.0,FAILED,CARD,
3613,47,105,2,1,1144,49912.5,PAID,TRANSFER,TX-951UTF37IBWZ
3614,118,698,1,,211,28459.2,PAID,CARD,TX-TCA2FYVOV5UU
3615,61,1236,1,,2781,29659.2,PAID,GATEWAY,TX-JN55OLSJ60ER
3616,365,1305,1,,681,29867.4,PAID,GATEWAY,TX-PFC66693735L
3617,522,1262,1,,1416,64425.0,PAID,GATEWAY,TX-OGVLT29PT413
3618,365,1325,2,4,1852,54313.88,PAID,CARD,TX-JVCGG4NGZQGO
3619,,117,1,,,59226.84,FAILED,CARD,
3620,632,1322,1,,509,35503.5,PAID,GATEWAY,TX-X2Q50Q4FC0MH
3621,,694,2,3,3000,53361.0,PENDING,CASH,
3622,201,1092,2,2,3174,32670.0,PAID,CASH,TX-IOVHX4ABP1SP
3623,89,279,1,,1481,37137.0,PAID,GATEWAY,TX-WBZ1PA505X7A
3624,10,1277,2,1,461,26136.0,PAID,TRANSFER,TX-XAN0JXPPU86A
3625,555,983,2,3,1218,14229.6,PAID,TRANSFER,TX-0MJZMVOI5PGF
3626,82,1300,1,,1033,36209.25,PAID,CARD,TX-CH9R6HVLCAAC
3627,304,727,2,4,2189,39204.0,REFUNDED,CARD,TX-E2QJLSDECA8Z
3628,178,496,1,,2927,29088.0,PAID,CARD,TX-79P3J2SL6SQP
3629,223,657,1,,2682,43451.1,PAID,CARD,TX-UPLQU3NFAGFK
3630,382,277,1,,,13068.0,PAID,GATEWAY,TX-63CYMYY2KIWT
3631,272,523,1,,243,44760.0,PAID,GATEWAY,TX-DXD88YGHVZXB
3632,318,126,1,,1785,36474.0,PAID,GATEWAY,TX-HJJG54BDEHC2
3633,,1034,2,1,745,17968.5,FAILED,CASH,
3634,379,358,2,4,2428,14520.0,PAID,CARD,TX-S5I84W88ZJPF
3635,88,637,1,,968,40404.0,PAID,CARD,TX-396W8B3Y9R6A
3636,247,691,2,2,24,41164.2,PAID,TRANSFER,TX-UXQG8BBCIXTL
3637,316,380,2,4,212,94416.3,PAID,CARD,TX-UB87WXAAEA3M
3638,240,1253,1,,,28197.6,PAID,CARD,TX-P5UCF7W39Y5P
3639,,1068,2,4,2640,42688.8,FAILED,CASH,
3640,425,1188,1,,892,53227.5,PAID,CARD,TX-H1D1YSK0A2LV
3641,594,1354,1,,1178,19050.0,PAID,GATEWAY,TX-KLZQV5LXCB0E
3642,274,1109,2,2,428,46957.68,PAID,CASH,TX-N0FBUYE8QR74
3643,255,1399,2,1,2363,44467.5,PAID,CASH,TX-CPA9MVT4Z843
3644,136,672,2,1,245,50166.6,PAID,CASH,TX-G7WLPHALI7TI
3645,111,1351,2,1,3059,92383.5,PAID,CASH,TX-WH9SYXM7ADHS
3646,,725,1,,2013,63210.0,FAILED,CARD,
3647,170,1288,2,3,813,34303.5,PAID,CASH,TX-0F5TVYRG947H
3648,195,542,1,,3120,57229.05,PAID,CARD,TX-95GHA6DABYK6
3649,629,205,1,,,60514.2,PAID,CARD,TX-6OWMQHNLT33E
3650,116,421,1,,2148,16446.0,PAID,CARD,TX-78TM6NVZAZU2
3651,238,433,1,,,82112.7,PAID,GATEWAY,TX-PLZX3UCDT0QO
3652,,313,1,,1276,19957.5,FAILED,GATEWAY,
3653,41,556,2,4,,41382.0,PAID,CARD,TX-130PD9IJ8ZBS
3654,471,1225,1,,1799,30540.0,PAID,GATEWAY,TX-7D35GE22DDZI
3655,227,1326,1,,229,69444.0,PAID,GATEWAY,TX-1XKYHQA5H994
3656,,513,1,,1202,13968.0,FAILED,GATEWAY,
3657,,196,1,,352,76641.0,PENDING,GATEWAY,
3658,,377,1,,,27036.0,FAILED,CARD,
3659,162,400,2,2,2697,29040.0,PAID,CASH,TX-3J79PTJLQOZ3
3660,,1177,1,,906,61939.5,PENDING,CARD,
3661,73,833,1,,172,75915.0,PAID,GATEWAY,TX-8TXL6SN8KQXI
3662,,308,1,,1072,15983.7,PENDING,CARD,
3663,261,291,2,4,49,43560.0,PAID,TRANSFER,TX-A1Y430APOTXT
3664,549,727,1,,478,18142.5,PAID,CARD,TX-IZIG0I6SMY8C
3665,362,587,2,3,,51727.5,PAID,TRANSFER,TX-C6ICJKTTDK32
3666,338,448,2,2,,16335.0,PAID,CARD,TX-14PON1SSWLA2
3667,157,1144,2,1,411,58443.0,PAID,CASH,TX-L3I66K5RQSHZ
3668,,516,1,,351,31992.0,FAILED,CARD,
3669,293,1123,1,,2732,27636.0,REFUNDED,CARD,TX-STH69BA9MHRM
3670,145,1203,1,,2291,40404.0,PAID,CARD,TX-5L288BJSWQB0
3671,80,377,2,1,3114,50094.0,PAID,TRANSFER,TX-CX5CIOY53NFW
3672,92,991,1,,157,46638.0,PAID,GATEWAY,TX-T69O7N0XP63F
3673,,240,1,,2137,28788.0,PENDING,CARD,
3674,454,1155,2,4,,14229.6,PAID,CASH,TX-B324UMJRT8O0
3675,86,46,2,3,1576,44823.24,PAID,CARD,TX-K0QVR5CHOZZQ
3676,286,1102,1,,1204,14921.4,PAID,GATEWAY,TX-9P2KGUJT2PTZ
3677,,1402,1,,237,32626.2,PENDING,CARD,
3678,361,429,1,,1683,67992.0,PAID,CARD,TX-MOQ8HFZVGN2K
3679,208,1106,2,2,1815,39204.0,PAID,CASH,TX-G7GYKRLGZONU
3680,255,1067,1,,,13614.6,PAID,CARD,TX-29KWFJTTF6FT
3681,20,125,1,,,18687.0,PAID,CARD,TX-EFZSHTN0BZDR
3682,611,352,1,,2915,17208.3,PAID,GATEWAY,TX-QV50OQUX0BWB
3683,66,592,2,2,3134,15173.4,PAID,CARD,TX-XNLJNRAMT1BM
3684,48,231,2,1,287,43451.1,PAID,CARD,TX-E4B77L577MBS
3685,90,23,1,,2929,46420.2,REFUNDED,GATEWAY,TX-BQAC78HCKGOM
3686,403,622,1,,1103,29659.2,PAID,CARD,TX-27KW3C03KKY5
3687,399,971,2,2,256,95287.5,PAID,CARD,TX-01POP7SEMBQC
3688,294,724,2,4,2199,38419.92,PAID,CASH,TX-C56U9JC779IT
3689,421,150,1,,772,26813.28,PAID,CARD,TX-5WVL1LCTFCG1
3690,155,683,1,,,31392.0,PAID,GATEWAY,TX-41M7QO6NMVT3
3691,275,1219,1,,2907,77901.9,PAID,GATEWAY,TX-MNBFD5DX4EE5
3692,28,71,1,,1437,20166.75,PAID,CARD,TX-JKAUHLR569GB
3693,155,120,2,1,1843,49005.0,REFUNDED,TRANSFER,TX-27LDNEJOXA8B
3694,371,937,2,3,3019,35937.0,PAID,CASH,TX-2ZFOPSZVRWU5
3695,171,1122,1,,,32916.6,PAID,CARD,TX-L9YU0TYMF9SU
3696,554,1380,1,,2009,131880.0,PAID,CARD,TX-XSOB8E39PSCJ
3697,332,910,2,3,894,41164.2,PAID,CARD,TX-C24I72S31TH1
3698,369,787,1,,,46023.24,PAID,CARD,TX-SYKSMFGHEE18
3699,,1155,1,,2790,29867.4,FAILED,GATEWAY,
3700,515,86,1,,2583,32844.0,PAID,CARD,TX-1QT1VPRLR8JM
3701,392,938,2,4,,17242.5,PAID,CARD,TX-LO0ALEB1NVVV
3702,112,1058,2,4,1711,14520.0,PAID,CASH,TX-POCXF3USSAJ4
3703,73,414,2,2,2189,50457.0,PAID,CASH,TX-CD9PYD8Q3E9K
3704,256,166,1,,205,28488.0,PAID,GATEWAY,TX-TUEUGAPSXEE9
3705,366,1427,2,3,3130,45520.2,PAID,CASH,TX-TTFRAB128ZNS
3706,131,362,2,4,767,17242.5,PAID,CARD,TX-AOUS9405Y8OS
3707,216,1491,1,,1621,89091.38,PAID,GATEWAY,TX-SHHKOVLHGNXU
3708,400,465,1,,413,27036.0,PAID,CARD,TX-RTSZR78OAK1T
3709,399,724,2,3,616,39930.0,PAID,TRANSFER,TX-TQ5CKT6LUOQ1
3710,256,1342,1,,1480,35985.0,PAID,GATEWAY,TX-WTHLGP247R2Q
3711,609,244,2,2,2622,42688.8,PAID,TRANSFER,TX-ELCEKFYDE3JU
3712,122,747,1,,801,103566.0,PAID,CARD,TX-SFES9C5O4F17
3713,382,1225,1,,,39450.6,PAID,GATEWAY,TX-FUAVJAEYVJE7
3714,301,115,2,1,1237,58697.1,REFUNDED,CASH,TX-BFNOGRID4RLJ
3715,415,831,1,,2150,80697.0,PAID,CARD,TX-P5KYIK4PLOJI
3716,,102,1,,2309,19350.0,FAILED,GATEWAY,
3717,418,666,1,,2915,17472.0,PAID,GATEWAY,TX-DTNPRYEVKN17
3718,460,1121,2,2,1112,43560.0,REFUNDED,CARD,TX-8AEV87U5GF7O
3719,596,841,1,,211,30240.0,PAID,CARD,TX-6ZWQFMXRS1CC
3720,421,1412,1,,326,15729.6,PAID,CARD,TX-Z24XWEXJJ0Y5
3721,,1210,1,,2404,37500.0,FAILED,CARD,
3722,320,362,1,,,56991.0,PAID,CARD,TX-LP3J1MTHI70P
3723,335,1009,1,,2354,55204.8,PAID,CARD,TX-Y8D8380L1S0U
3724,459,830,1,,2339,41164.2,PAID,GATEWAY,TX-41E6LEOB6VEY
3725,,995,2,3,3009,14520.0,PENDING,CARD,
3726,488,504,1,,2883,27113.28,PAID,GATEWAY,TX-EJRZOYWT8L7L
3727,549,1093,2,4,2438,43124.4,PAID,CARD,TX-98DHTEZUH4YB
3728,,805,1,,2084,14994.0,FAILED,CARD,
3729,316,657,1,,2951,14229.6,PAID,GATEWAY,TX-UAL0USOAODI9
3730,457,965,1,,543,75288.3,PAID,GATEWAY,TX-PY7KQVYNNWOQ
3731,,439,2,3,476,27588.0,FAILED,CASH,
3732,134,457,1,,304,65659.2,PAID,CARD,TX-14HV5TFKJ96D
3733,306,958,1,,2980,64279.8,PAID,CARD,TX-PFO4UURC0WX4
3734,150,725,1,,2077,81205.2,PAID,CARD,TX-10778KKYRDNK
3735,32,256,2,2,787,51727.5,PAID,CARD,TX-SNJ1V8PJNRAX
3736,117,919,2,2,3039,16008.3,PAID,CARD,TX-OL2YVX3YLUYR
3737,268,292,2,3,323,26136.0,PAID,CARD,TX-KWQZZMTBYZ0Z
3738,341,1377,1,,296,16908.3,PAID,CARD,TX-A8YCK6T1B7B1
3739,400,290,1,,2107,15720.0,PAID,CARD,TX-ZMPHW68G7H39
3740,540,1273,1,,2675,55650.0,PAID,GATEWAY,TX-QVNA1B58UPMR
3741,552,1056,2,2,,17242.5,PAID,CASH,TX-9U9C7D94FLZD
3742,302,601,1,,803,68853.6,PAID,GATEWAY,TX-1766BBWDE9J8
3743,221,1500,1,,,50505.0,PAID,CARD,TX-YA9OOHVBFFM2
3744,138,1241,1,,1651,49224.9,PAID,GATEWAY,TX-TJOOET68ZFDF
3745,342,874,2,3,2871,25613.28,PAID,TRANSFER,TX-DHADYS73VLZR
3746,329,911,1,,2601,54561.0,PAID,GATEWAY,TX-FTAES9DC1U14
3747,422,910,1,,290,26513.28,PAID,CARD,TX-FZF3R5TJ47TA
3748,453,1089,2,2,1477,74778.0,PAID,CASH,TX-4NGKE29S49IL
3749,85,855,1,,570,52655.25,PAID,GATEWAY,TX-ZU6LE2UBARGE
3750,,543,1,,277,37500.0,FAILED,CARD,
3751,283,738,2,1,2122,32670.0,PAID,CASH,TX-OJXLB534DG42
3752,339,1043,1,,507,33570.0,PAID,CARD,TX-OF1J95LYIO61
3753,557,733,1,,871,18442.5,REFUNDED,GATEWAY,TX-ZL6Z36RY5X2N
3754,179,77,1,,,95280.0,PAID,GATEWAY,TX-IL9CV66E13DH
3755,519,1067,1,,1995,35574.0,PAID,CARD,TX-IEG1DGFQC63Y
3756,10,387,1,,2582,40430.7,PAID,GATEWAY,TX-J698XK3H593I
3757,359,942,2,1,,17151.75,PAID,CARD,TX-GZNXCSZZYUIY
3758,441,863,2,1,156,49005.0,PAID,CASH,TX-NYNV2X8TDBVJ
3759,565,1368,2,2,2677,97138.8,PAID,CARD,TX-KLVF0D687LWH
3760,454,722,1,,2988,50505.0,PAID,CARD,TX-I0X7PRIZST85
3761,493,168,1,,1617,28788.0,PAID,CARD,TX-8EQTA32158RR
3762,244,625,1,,127,15173.4,PAID,GATEWAY,TX-6DBAB8YRKLS4
3763,117,1021,1,,,51727.5,PAID,CARD,TX-5GC94Z49N2V7
3764,180,739,1,,2620,69199.5,PAID,GATEWAY,TX-3DRKV9WQZRZL
3765,491,1362,1,,2096,49905.0,PAID,GATEWAY,TX-37Z958KLJQ4Z
3766,403,921,1,,2881,38443.8,PAID,GATEWAY,TX-G4GU4R9TBB9Q
3767,465,1071,2,2,505,43560.0,PAID,CARD,TX-M971L2WHERHS
3768,123,759,1,,428,69144.0,PAID,GATEWAY,TX-7EGD1E1308FI
3769,499,285,1,,2806,32916.6,PAID,CARD,TX-B45M3MRK1TZ1
3770,,200,2,3,734,35574.0,FAILED,CASH,
3771,537,1377,1,,1852,55224.0,PAID,CARD,TX-OQ64AQC7OZG7
3772,128,278,2,2,1561,13794.0,PAID,CARD,TX-7AJKXOS74RRM
3773,595,519,2,2,1988,16335.0,PAID,CASH,TX-YZBNNYA09O6O
3774,249,1476,1,,,18987.0,PAID,GATEWAY,TX-2B8KUFWGFPCW
3775,,1026,1,,2207,88205.37,FAILED,GATEWAY,
3776,22,820,1,,,18142.5,PAID,GATEWAY,TX-N0DCO5EQUZD2
3777,232,1140,1,,3048,15429.6,PAID,CARD,TX-AR7CW4005PXX
3778,252,382,2,1,5,32670.0,PAID,CASH,TX-ZOGHHFJHN4TQ
3779,95,246,1,,66,42882.0,PAID,CARD,TX-3N91BL7UE6F2
3780,542,798,1,,,42582.0,PAID,GATEWAY,TX-VJOJ6Q1V4I82
3781,,1167,1,,869,32205.12,FAILED,CARD,
3782,418,1454,1,,505,46638.0,PAID,CARD,TX-3DO2713AERPB
3783,236,488,2,3,977,13794.0,PAID,CASH,TX-9326YW0T4EXB
3784,389,1116,1,,543,70379.25,PAID,CARD,TX-MBQ72LEA626O
3785,292,15,1,,598,49396.8,PAID,CARD,TX-IG0UWNB108WK
3786,596,332,2,1,,52998.0,PAID,CASH,TX-B3V8EWRJK5HF
3787,,707,2,1,116,27588.0,FAILED,CARD,
3788,565,238,1,,1354,90135.0,PAID,GATEWAY,TX-BHVJB3FVU92W
3789,89,66,2,2,1569,42688.8,PAID,CASH,TX-X5166LZAOYUQ
3790,561,407,1,,635,50205.0,PAID,CARD,TX-4F6VLZHO0414
3791,261,1095,1,,1795,38419.92,REFUNDED,CARD,TX-50UZHAPDHC6Q
3792,242,553,2,1,1910,54450.0,PAID,CARD,TX-N7JGT0JSRLFX
3793,114,533,1,,2183,50994.0,PAID,CARD,TX-IACBJVYBHYPI
3794,348,332,1,,2774,18987.0,PAID,GATEWAY,TX-4PZPCLSYEHEP
3795,466,730,1,,759,70787.1,PAID,GATEWAY,TX-896CBTOHKPZQ
3796,235,615,2,3,450,53361.0,PAID,CARD,TX-U2VOQ3IJIVOV
3797,124,1274,1,,,35385.0,PAID,GATEWAY,TX-M2MFMQFDTY7D
3798,426,1275,2,2,,19057.5,PAID,CARD,TX-WHQSM10KVYXS
3799,119,595,2,3,72,51727.5,PAID,CASH,TX-PHHITE7S099Y
3800,635,1086,1,,1145,18687.0,PAID,GATEWAY,TX-BUNVKY2CSXET
3801,515,945,1,,482,39581.28,PAID,CARD,TX-WRENBJM9L1Q0
3802,130,1296,2,4,1235,44576.4,PAID,CASH,TX-630MPISX97IM
3803,637,1467,1,,2219,16852.56,PAID,CARD,TX-8PGNLRAMKIZ6
3804,512,468,1,,788,94281.75,PAID,CARD,TX-79F3SPPJRTN7
3805,50,23,2,1,1958,17242.5,PAID,TRANSFER,TX-TNDXN2T2QA8P
3806,356,175,2,1,1752,54087.0,PAID,CARD,TX-OYMXI26ZAZTN
3807,335,1157,1,,1895,95643.0,PAID,CARD,TX-Y4U516NQ37DY
3808,511,481,1,,1187,46420.2,PAID,CARD,TX-WULSUGX1WHKP
3809,361,975,1,,2300,122577.6,PAID,CARD,TX-3QWAJVICKKKS
3810,401,760,2,4,2348,18966.75,REFUNDED,TRANSFER,TX-VCA5WMJTUF57
3811,280,586,1,,2682,43888.8,PAID,CARD,TX-TQLVQOAEDAEA
3812,479,1407,1,,53,42688.8,PAID,CARD,TX-1MNCAESO2IY7
3813,,974,1,,2189,54778.8,FAILED,CARD,
3814,293,1446,1,,223,68418.0,PAID,GATEWAY,TX-5OH1CMDDQSFV
3815,491,1298,1,,1575,37500.0,PAID,GATEWAY,TX-G5JRS71WO1DE
3816,,588,2,2,2257,47916.0,FAILED,CASH,
3817,620,668,1,,895,55650.0,PAID,CARD,TX-VU6X72B6WTE1
3818,193,1294,1,,1563,44188.8,PAID,GATEWAY,TX-WP2A6JPEFV13
3819,392,266,1,,2636,45060.0,PAID,GATEWAY,TX-OD660U92QAPE
3820,3,1323,2,2,2835,49005.0,PAID,CASH,TX-F0RBMS0SOGQ2
3821,,1117,1,,1686,36474.0,FAILED,CARD,
3822,47,306,1,,1553,47020.2,PAID,CARD,TX-9OR6RQ70I656
3823,236,850,1,,2171,45667.5,PAID,CARD,TX-1CVQQ4X5MMDO
3824,134,732,2,3,,13068.0,PAID,CARD,TX-DC047XQ1JW4B
3825,266,961,1,,2174,32916.6,PAID,GATEWAY,TX-49NPZOEULS7T
3826,106,193,2,3,2636,134491.5,PAID,CASH,TX-ZJFNZXVSQE77
3827,216,345,1,,2658,40104.0,PAID,CARD,TX-YXZA6XMYGBGR
3828,234,92,1,,2656,43560.0,PAID,CARD,TX-BGMWVVQ1BDZD
3829,119,313,2,4,1115,18150.0,PAID,CASH,TX-ZENW6IKPEG10
3830,210,99,2,3,2102,89298.0,PAID,TRANSFER,TX-UP31EG0T2WIR
3831,189,1270,1,,2240,42282.0,PAID,GATEWAY,TX-PITSDS0CTT6T
3832,563,919,2,4,981,18150.0,PAID,CASH,TX-6E34VWORERS3
3833,626,1343,1,,,29649.6,PAID,GATEWAY,TX-I98XHDY2MB6E
3834,457,424,1,,2679,80404.5,PAID,CARD,TX-9AVELSNFEFWR
3835,63,884,1,,2965,42882.0,PAID,CARD,TX-L8G471MRC75A
3836,337,1398,1,,461,42664.2,PAID,GATEWAY,TX-5UVT0NVJ1MVL
3837,460,747,2,2,,14229.6,REFUNDED,CARD,TX-EI94HRLABW6N
3838,373,1285,1,,2859,42582.0,PAID,GATEWAY,TX-T50HBLF55230
3839,130,120,1,,1558,15574.8,PAID,GATEWAY,TX-GB90LTXOX1HK
3840,609,1449,2,1,1528,26136.0,PAID,CASH,TX-MFB7U0PCF1L1
3841,90,814,1,,1201,31029.0,PAID,CARD,TX-H3T63XJKE4XI
3842,73,462,2,2,461,68824.8,PAID,CARD,TX-V5PIYQBMPK70
3843,354,127,1,,1101,29867.4,PAID,GATEWAY,TX-V3HDT9OQDPNF
3844,85,509,2,2,2694,57354.0,PAID,TRANSFER,TX-1SDRY5N2YXHR
3845,266,308,1,,3076,44188.8,REFUNDED,GATEWAY,TX-CBWAEJIROA49
3846,322,199,1,,2053,98965.5,PAID,CARD,TX-9CGAWSM549HY
3847,412,320,1,,179,78364.2,PAID,CARD,TX-GDDFGWM1V8Y5
3848,328,471,2,2,3158,58697.1,PAID,CASH,TX-GU54SDD6A0I0
3849,623,927,1,,695,15720.0,PAID,CARD,TX-LEZSZAJIYR4C
3850,364,1353,2,4,1644,60058.35,PAID,CARD,TX-MALNU6BX0MFR
3851,114,1307,1,,166,64933.2,PAID,CARD,TX-B65VHZQWSAGY
3852,268,506,2,2,,47807.1,PAID,CASH,TX-6HSY1JVTUIOL
3853,92,575,2,1,2428,39204.0,PAID,CARD,TX-AP6W4GZ0BJ5T
3854,468,79,2,1,1559,38419.92,PAID,CARD,TX-8JW0N8PVTZ17
3855,400,1118,1,,1322,28788.0,PAID,GATEWAY,TX-41T2R4T457KB
3856,19,735,1,,728,41382.0,PAID,CARD,TX-17J9D5O2G2N0
3857,,1246,2,3,514,49803.6,FAILED,CASH,
3858,483,1078,1,,,13794.0,PAID,GATEWAY,TX-XVKC28MUSQ00
3859,139,1142,1,,,19050.0,PAID,GATEWAY,TX-VK7VWD77VCIE
3860,128,474,2,1,1035,18150.0,PAID,CASH,TX-U8S5T82D0MNF
3861,,1015,2,4,1171,28967.4,FAILED,TRANSFER,
3862,295,970,2,1,,43560.0,PAID,CASH,TX-DUO7K3NC16T1
3863,78,962,2,1,,48024.9,PAID,TRANSFER,TX-4LZFYBIEVZEX
3864,339,1224,2,1,950,13068.0,PAID,CASH,TX-PQKVB3UFALID
3865,387,1330,1,,1552,56376.0,PAID,CARD,TX-KW5OWD0BUFTT
3866,591,1121,2,2,3011,36300.0,PAID,CASH,TX-U820V59N2IEY
3867,,1,2,2,,39204.0,FAILED,CARD,
3868,241,530,1,,543,28788.0,PAID,CARD,TX-41RFDALL1FBB
3869,358,793,2,2,74,44823.24,PAID,CARD,TX-DCZP0WE65B6G
3870,102,348,2,2,820,32016.6,PAID,CASH,TX-K905RQMPQ5QY
3871,283,621,1,,3168,70288.5,PAID,CARD,TX-KLZTSKNDXMKE
3872,102,279,2,1,1987,18150.0,REFUNDED,CASH,TX-VNZARNNH6ITP
3873,,462,1,,613,49005.0,FAILED,CARD,
3874,192,78,2,1,,14483.7,REFUNDED,CASH,TX-TFDJXQ3LTEOX
3875,173,613,1,,773,35685.0,PAID,GATEWAY,TX-GNBB96L3R40N
3876,457,1101,2,1,1159,17787.0,PAID,CARD,TX-XST9U7L9WZLQ
3877,157,154,1,,163,48869.16,PAID,CARD,TX-XW97EO5A2UQU
3878,170,558,1,,1476,15601.5,PAID,CARD,TX-9EV58SKPD8YR
3879,283,373,1,,558,69144.0,PAID,GATEWAY,TX-XG8TR0P2B4AU
3880,393,1385,1,,2049,17535.0,PAID,GATEWAY,TX-5ICUBHRU2PHA
3881,239,1235,2,2,490,56446.5,PAID,CASH,TX-Q8UG5OS1HCOS
3882,235,346,1,,1219,42582.0,PAID,GATEWAY,TX-WZZXQHKM0KJ5
3883,,1413,2,3,1489,16335.0,FAILED,CASH,
3884,86,1072,2,1,2832,54450.0,PAID,CARD,TX-DVWGW4ZGXTU0
3885,117,59,1,,39,54561.0,PAID,CARD,TX-P2EFOK44RIXJ
3886,471,748,1,,161,44760.0,PAID,CARD,TX-6D9I3OK26VMG
3887,12,1433,2,2,,53361.0,PAID,CASH,TX-0FCLN7U5WXTS
3888,114,172,2,2,41,93436.2,PAID,CASH,TX-BZ5MU2AHNG7B
3889,321,380,1,,839,58834.8,PAID,GATEWAY,TX-ZI3A8JEZH3IM
3890,502,1245,1,,530,36474.0,PAID,CARD,TX-72XI8KU21XWK
3891,343,345,1,,2785,41382.0,PAID,CARD,TX-94GZLCKMWNDP
3892,525,1237,1,,103,18442.5,PAID,GATEWAY,TX-YRYN9PLE2XZ7
3893,406,190,2,4,2225,18150.0,PAID,CASH,TX-6ORKFT68GX4R
3894,74,731,2,1,342,11761.2,REFUNDED,CARD,TX-ILIVJ9XDH6RW
3895,566,1423,1,,,35385.0,PAID,CARD,TX-6WF4Z7T8DPYZ
3896,488,1262,1,,1359,16335.0,REFUNDED,CARD,TX-M38P943SN7SQ
3897,613,615,1,,132,57828.0,PAID,CARD,TX-P0CVVYJ5YI00
3898,77,1481,2,3,2697,26136.0,PAID,CARD,TX-35CQ98WRHO93
3899,259,657,2,4,2739,25613.28,PAID,CASH,TX-1U9P83CKY6N6
3900,439,1304,2,4,1072,51727.5,PAID,CARD,TX-DKIUIHGD6JDQ
3901,616,1438,2,2,1995,80063.28,PAID,CASH,TX-01S8RGLZLPT5
3902,188,1275,2,1,,37933.5,PAID,CASH,TX-A07JTRGJ2ORC
3903,399,1251,2,4,994,35574.0,PAID,TRANSFER,TX-63QALX1IOH3B
3904,571,439,1,,314,48888.6,PAID,CARD,TX-XQY27O2Q63L9
3905,,1110,1,,1838,46976.64,FAILED,GATEWAY,
3906,343,385,2,1,1778,17242.5,PAID,CASH,TX-P0B6QHMPYFXF
3907,372,1163,2,1,,24829.2,PAID,CASH,TX-33SW0BKNU3JR
3908,259,91,1,,3147,92167.8,PAID,CARD,TX-186LWNV2YJ7C
3909,388,79,1,,1747,13968.0,PAID,CARD,TX-Q9Z9WG8K79UR
3910,38,724,1,,2542,55350.0,PAID,GATEWAY,TX-XXISDNQPPL27
3911,500,602,1,,872,32236.5,PAID,GATEWAY,TX-YHQR5CPK5I27
3912,473,299,2,3,575,35574.0,PAID,CARD,TX-CYTOQL4CZXOH
3913,558,879,1,,2135,15720.0,PAID,CARD,TX-4ZZ2EZMP9LVQ
3914,267,872,2,4,2478,43378.5,REFUNDED,CARD,TX-5RO3OLM51XW9
3915,,1194,1,,136,42688.8,FAILED,CARD,
3916,257,620,1,,2269,16418.25,PAID,CARD,TX-APW8GJVUILPO
3917,594,521,1,,2946,49905.0,PAID,CARD,TX-X7DYQUIX2NSX
3918,302,257,2,4,2892,49005.0,PAID,CARD,TX-HRAFB55ZEOCH
3919,493,309,2,4,2700,38419.92,PAID,CASH,TX-6YB006ADKXXF
3920,462,974,2,4,2508,52725.75,PAID,CARD,TX-H63DVN4NAD92
3921,523,308,2,1,2183,26136.0,PAID,TRANSFER,TX-32SUH1O56RX1
3922,306,1418,1,,2030,53227.5,PAID,CARD,TX-11QAKCW9SADE
3923,352,106,2,2,,43560.0,REFUNDED,TRANSFER,TX-CDIU9NQKVKVW
3924,326,858,1,,3071,29359.2,PAID,CARD,TX-1BPZAQ6FMCW4
3925,175,41,2,2,541,37243.8,PAID,CASH,TX-XJGVO6YKFVDK
3926,65,115,2,1,3114,54450.0,PAID,TRANSFER,TX-NRHE5VNO4DBS
3927,528,546,1,,2822,66656.16,PAID,GATEWAY,TX-LY5WVV61PCPT
3928,,686,2,1,2301,54313.88,FAILED,CASH,
3929,,831,1,,2478,27636.0,FAILED,CARD,
3930,,806,1,,2138,39133.5,FAILED,CARD,
3931,464,640,2,3,870,29040.0,REFUNDED,CARD,TX-TVZ2VFKMMAL6
3932,604,305,1,,3154,31546.8,REFUNDED,CARD,TX-67JHF2GJ81FK
3933,,803,1,,314,26136.0,FAILED,GATEWAY,
3934,11,1221,2,3,,57172.5,PAID,TRANSFER,TX-NN4G4QT624FC
3935,4,868,2,1,468,27588.0,PAID,CARD,TX-8S30WHAT7Q0P
3936,304,817,1,,130,37500.0,PAID,CARD,TX-L6EGCU1X0UMI
3937,529,640,1,,2142,34485.0,PAID,CARD,TX-0K3H4JQ5L6N6
3938,513,991,1,,1449,36474.0,PAID,GATEWAY,TX-BE2K8THQI4VM
3939,278,1353,1,,1828,12961.2,REFUNDED,CARD,TX-7AI64ZMCJ1US
3940,227,228,1,,2858,32571.75,PAID,GATEWAY,TX-FQH1KH3EI38P
3941,557,1021,2,2,76,24829.2,PAID,CARD,TX-7HBYULMSQZD8
3942,227,50,1,,2752,44760.0,PAID,CARD,TX-UXCO7WX7ZZ67
3943,36,949,2,2,387,54595.2,PAID,CARD,TX-6H4KRQ3VD16C
3944,348,671,2,4,2411,66610.5,PAID,CASH,TX-8AHF625O92OL
3945,484,449,1,,642,31392.0,PAID,GATEWAY,TX-G4KOOVBZ6ODI
3946,327,202,1,,2578,78337.5,PAID,CARD,TX-JRUWTA989WCX
3947,361,479,2,3,1277,34485.0,PAID,CARD,TX-QQ6CN4ZO3F4Z
3948,476,204,1,,242,14921.4,PAID,GATEWAY,TX-TXE12VBSS6FQ
3949,541,539,2,2,625,39204.0,PAID,CASH,TX-IV7BFW2G70P1
3950,99,500,2,2,2900,46554.75,PAID,CARD,TX-RNCHPLZN593J
3951,360,1202,1,,1155,45520.2,PAID,GATEWAY,TX-RPS31K6LBVTT
3952,524,1259,2,3,2810,55756.8,PAID,CARD,TX-UDW4OLYKCP18
3953,476,397,2,4,1020,54313.88,PAID,CASH,TX-0RJMMNF0BLIM
3954,287,787,1,,1583,17535.0,PAID,GATEWAY,TX-5OK2AS3VBCZN
3955,262,463,2,4,1858,18150.0,PAID,TRANSFER,TX-ZVK5NNLSNUDM
3956,161,1044,2,3,639,122795.64,PAID,CARD,TX-20TRCNM295NE
3957,279,1154,1,,344,16335.0,REFUNDED,GATEWAY,TX-40XK303611CS
3958,349,485,1,,323,63273.0,PAID,CARD,TX-WE1ZITLUIJUQ
3959,265,1070,1,,378,91024.35,PAID,CARD,TX-3XVLZ1RZGBXN
3960,295,415,2,4,598,53905.5,PAID,TRANSFER,TX-0R3YFZG4E95O
3961,,280,1,,1682,49905.0,FAILED,CARD,
3962,423,1422,2,3,3076,70131.6,PAID,CARD,TX-9SIT9IQ8SYO2
3963,,1245,1,,,18150.0,FAILED,GATEWAY,
3964,638,742,1,,2034,32536.5,PAID,CARD,TX-82FB24KMTHIF
3965,,72,1,,1091,82875.0,FAILED,CARD,
3966,460,15,1,,2444,36774.0,PAID,CARD,TX-YT0EEDSKRX6P
3967,14,76,1,,1580,40404.0,PAID,CARD,TX-EMT86FMGPGSU
3968,352,935,1,,2000,30240.0,PAID,CARD,TX-0GYR5GQNBRQV
3969,437,897,1,,2764,54561.0,PAID,GATEWAY,TX-RM004TYWQNGI
3970,248,1265,2,2,2557,31036.5,PAID,CARD,TX-8OW9BWUAOME2
3971,,835,1,,2495,30540.0,FAILED,GATEWAY,
3972,185,1149,1,,2804,19050.0,PAID,CARD,TX-LA2MDVNK7FKQ
3973,132,1285,1,,,42882.0,PAID,GATEWAY,TX-HV29DMI0751E
3974,12,1120,2,4,,37352.7,PAID,CARD,TX-RCNRIVC1M9Z3
3975,252,42,1,,,54442.5,PAID,GATEWAY,TX-B8V6QVYVDT16
3976,261,1127,1,,2097,52355.25,PAID,GATEWAY,TX-89Z510E78R4M
3977,435,578,2,4,3023,27588.0,PAID,CASH,TX-D3YLKCXGB3IU
3978,229,28,1,,,60795.0,PAID,GATEWAY,TX-THULQ0BNPZE6
3979,380,1201,2,2,367,43124.4,PAID,TRANSFER,TX-2HIST6FMF7Z0
3980,633,1041,2,3,2002,14229.6,PAID,CASH,TX-BV29TSGTXUI8
3981,57,210,1,,2478,67629.0,PAID,CARD,TX-YWZ1EL4BQV1F
3982,35,649,2,4,2952,114163.5,PAID,CASH,TX-N43PPCZO35E8
3983,580,59,2,3,223,41382.0,PAID,CARD,TX-MZP3O34MJ18D
3984,282,167,2,4,1539,38115.0,PAID,CASH,TX-0R6L5I7VLESM
3985,117,1107,1,,,37500.0,REFUNDED,CARD,TX-0BOFOSBPR1D5
3986,294,181,1,,3172,46575.0,REFUNDED,CARD,TX-RHSDNGMXDVG7
3987,305,1382,2,4,97,28459.2,PAID,CASH,TX-T1G1NDX3JLZA
3988,595,352,1,,2021,31305.12,PAID,CARD,TX-IAKYVKLCJPB7
3989,34,606,1,,2793,36774.0,PAID,CARD,TX-TD1DY1TEHPKM
3990,81,756,2,1,160,40801.2,PAID,CASH,TX-9NU0M3KEJ7CE
3991,286,1295,1,,2945,76549.2,PAID,CARD,TX-ATWGRUCHEIP6
3992,204,47,1,,560,34485.0,PAID,CARD,TX-0VETB4BTTTI6
3993,239,901,2,4,1396,45738.0,PAID,TRANSFER,TX-NBC0GF2PIJYH
3994,,447,2,2,3104,14520.0,FAILED,CARD,
3995,469,914,1,,2793,33570.0,PAID,CARD,TX-552SSOXJHTM1
3996,368,1462,2,2,2696,32016.6,PAID,TRANSFER,TX-F70RXVX3C4P1
3997,279,164,2,2,1377,58697.1,PAID,CARD,TX-KT29BSJP1XAY
3998,290,960,1,,1886,15129.6,PAID,CARD,TX-2HQ2TU7BQ2FR
3999,419,1001,1,,1134,13914.6,PAID,CARD,TX-T2U8A9RPUXQ3
4000,551,390,2,2,,13794.0,PAID,CASH,TX-NCNZH6P5JVDI
4001,591,1011,1,,1748,50268.0,PAID,CARD,TX-DSQ4EPLZVE8D
4002,204,1369,1,,1727,44351.1,PAID,CARD,TX-7ALBC1J9J0QT
4003,454,235,1,,2271,45060.0,PAID,CARD,TX-QO5YXD1798TM
4004,537,458,2,4,2399,83490.0,PAID,CASH,TX-NAAVGUHZW91S
4005,502,1475,2,1,,38419.92,PAID,TRANSFER,TX-82YNSW7JH9OQ
4006,6,609,1,,,14694.0,PAID,GATEWAY,TX-FFTG4CVXY1V4
4007,573,668,1,,,44104.5,PAID,GATEWAY,TX-BGGJEWETES9K
4008,122,789,2,1,2106,29040.0,PAID,CASH,TX-LUII05VFD87N
4009,576,279,2,1,2223,13721.4,PAID,CASH,TX-WM014A6EKQ5A
4010,,489,2,2,574,61601.1,FAILED,CASH,
4011,474,1388,1,,2370,61966.2,PAID,CARD,TX-483ZEMWGUJWC
4012,417,752,1,,2259,59895.0,PAID,CARD,TX-KHEOZY5T79C4
4013,,1217,1,,784,44460.0,FAILED,GATEWAY,
4014,529,1064,1,,1040,50631.0,PAID,CARD,TX-WKCLH0U4LS8H
4015,509,735,1,,374,50505.0,PAID,GATEWAY,TX-WRV6RIJU8BTX
4016,425,133,2,4,2691,67082.4,PAID,CASH,TX-63VPJUWHHROE
4017,,358,1,,2437,14568.0,FAILED,GATEWAY,
4018,469,1440,1,,,48714.6,PAID,GATEWAY,TX-MBH0NCASOP9B
4019,639,1067,1,,577,88138.5,PAID,CARD,TX-CAMWERH1WHQB
4020,424,512,1,,1408,54261.0,REFUNDED,GATEWAY,TX-U23P7PV4IHIN
4021,236,434,1,,2588,43588.8,PAID,GATEWAY,TX-25V087A7JWNR
4022,331,64,1,,1397,13614.6,PAID,CARD,TX-FKX0RPILCM9K
4023,487,485,1,,2093,18442.5,PAID,GATEWAY,TX-JTDJBK2U1YDZ
4024,563,1014,2,3,2097,59895.0,PAID,TRANSFER,TX-BR8XGPRYBF4I
4025,483,204,1,,623,33870.0,PAID,GATEWAY,TX-54A095D4RZLO
4026,37,1491,1,,2080,18104.62,PAID,CARD,TX-MMYCBNLMSBZH
4027,584,1356,1,,,29659.2,PAID,GATEWAY,TX-YMNORTJUIFM1
4028,,501,1,,671,29995.5,PENDING,CARD,
4029,43,214,1,,174,46554.75,PAID,GATEWAY,TX-SGF416GJ12LM
4030,517,340,2,4,254,31944.0,PAID,CASH,TX-5GZ7Q7EY6M8Y
4031,473,775,2,1,1107,83036.25,PAID,CASH,TX-2L1JR2K03C4D
4032,231,1073,1,,448,37200.0,PAID,CARD,TX-H1I4ZAK3VR94
4033,631,343,2,3,1994,89298.0,PAID,CASH,TX-X60TIPUJ2EPZ
4034,,1119,1,,1312,85779.0,FAILED,GATEWAY,
4035,639,1449,2,2,323,29040.0,PAID,CASH,TX-B8IP9EFYYZY1
4036,508,51,1,,3204,33570.0,PAID,GATEWAY,TX-25TOOXN0U06U
4037,504,1292,1,,2104,41565.6,PAID,CARD,TX-1SEFQD47MXY5
4038,150,419,1,,,33570.0,PAID,CARD,TX-Q5DSJ35VRUE6
4039,357,985,2,3,197,70102.56,PAID,CASH,TX-7EKRBZSZW5UK
4040,18,1327,1,,512,43153.2,REFUNDED,CARD,TX-2JIKTH3O22PS
4041,250,904,1,,647,43879.2,PAID,CARD,TX-5T02YE5KABKQ
4042,139,232,2,4,,45520.2,PAID,CARD,TX-GFQ6ES3BEP7C
4043,257,759,1,,1697,13914.6,PAID,CARD,TX-Y9R2ZJG4G8SM
4044,6,1340,1,,610,55950.0,PAID,CARD,TX-LU7EDNUKEIWB
4045,338,554,1,,2504,40404.0,PAID,CARD,TX-XAC5UTMMNMSE
4046,223,1158,1,,1555,29940.0,REFUNDED,CARD,TX-2SOIGUN7OJ0Z
4047,71,1163,2,2,2282,41382.0,PAID,CASH,TX-A7PEVY5F2DHR
4048,146,1379,1,,916,15841.08,PAID,GATEWAY,TX-4SQDD7ERHQIL
4049,,296,1,,1342,60732.0,FAILED,CARD,
4050,298,236,1,,1756,81541.5,PAID,GATEWAY,TX-ZW1RO5MKS3VT
4051,621,1394,1,,3168,110400.0,PAID,CARD,TX-4J8DCVKFKF2N
4052,290,269,2,3,,53361.0,PAID,CASH,TX-PC1SSMBW8876
4053,522,448,1,,2288,35503.5,REFUNDED,CARD,TX-MH7X364C8BUQ
4054,529,1074,1,,2113,42664.2,PAID,GATEWAY,TX-9HQ0PU79FE52
4055,131,1313,1,,424,40704.0,PAID,GATEWAY,TX-VFQV7CW04WUZ
4056,376,363,1,,,50205.0,PAID,CARD,TX-8MLQFDRKMM52
4057,627,801,1,,2385,55405.5,PAID,CARD,TX-FRRA1DV7RJF2
4058,361,1068,1,,1539,69144.0,PAID,GATEWAY,TX-2H8QQKA1LSE9
4059,410,333,1,,2261,30467.4,PAID,CARD,TX-YVK3DIG3HM82
4060,270,276,1,,1139,69652.2,PAID,CARD,TX-CI4OGUSM9H0D
4061,412,481,1,,1040,32844.0,PAID,GATEWAY,TX-PWNHCDOIIBFB
4062,226,784,1,,1901,66295.5,PAID,GATEWAY,TX-P7JYONJ5I407
4063,553,1451,2,4,,33998.58,PAID,CASH,TX-KPITAYW2HV3D
4064,436,849,2,2,2937,76375.2,PAID,CASH,TX-94Y3L969WEV0
4065,61,94,1,,,36300.0,PAID,CARD,TX-W3FKPI6DHZQ4
4066,395,752,1,,1297,26136.0,REFUNDED,CARD,TX-5MFPO60B03M0
4067,341,624,2,1,2272,97519.95,PAID,CARD,TX-BNH20DV8CA66
4068,504,1051,2,1,2613,55756.8,REFUNDED,CASH,TX-E3UBYNS1J0RY
4069,212,505,2,2,332,17242.5,PAID,CASH,TX-9LQY2IPAQUGZ
4070,126,127,2,2,732,36300.0,PAID,CASH,TX-RJT5MCY28N3C
4071,112,1111,1,,2380,44460.0,PAID,CARD,TX-W3OA8DA2LEQ7
4072,500,652,2,1,981,30492.0,PAID,CARD,TX-485J0URG8NP8
4073,454,246,1,,1062,67021.5,PAID,CARD,TX-QLJ2CAEHCGP8
4074,,839,1,,218,39015.0,PENDING,GATEWAY,
4075,527,689,2,1,1108,35392.5,PAID,CARD,TX-LIBVM2UH4D8E
4076,87,758,1,,107,42582.0,PAID,GATEWAY,TX-IU14VSF9G4FA
4077,457,500,2,3,992,28459.2,PAID,CARD,TX-D91K6P8FKT98
4078,146,1262,1,,2205,27336.0,PAID,CARD,TX-Q3I8G9AOR97F
4079,329,415,2,4,2639,26136.0,PAID,CASH,TX-886QY0GX662O
4080,16,51,1,,303,17235.0,PAID,GATEWAY,TX-YRIYXU6BD8YS
4081,381,352,2,1,3057,26136.0,PAID,CARD,TX-D3KSC2M4I8XZ
4082,66,653,2,1,1283,58043.7,PAID,CARD,TX-HVWAKWZ8EDRM
4083,146,223,1,,33,42282.0,PAID,CARD,TX-MI2AQ1L5GMPP
4084,559,1275,2,1,543,28459.2,PAID,CASH,TX-B5GFN3IP4T5L
4085,270,522,2,1,3132,46464.0,PAID,CASH,TX-2DZOU123MJR4
4086,497,1496,1,,,50505.0,PAID,GATEWAY,TX-7V2HHABME72T
4087,193,879,2,1,350,43560.0,PAID,CARD,TX-QTC2N1KSQL7V
4088,395,1230,2,1,2640,87483.0,PAID,CASH,TX-JKQLI696YHWD
4089,,577,1,,1036,42064.2,FAILED,CARD,
4090,565,822,1,,2974,49186.5,PAID,CARD,TX-5MDUI60UPWZP
4091,246,1431,1,,1429,17535.0,PAID,CARD,TX-IZ8ISW5MMZDF
4092,,248,1,,242,73409.25,FAILED,CARD,
4093,79,1278,1,,2008,13968.0,PAID,CARD,TX-TJ2FEEB23CIA
4094,,392,2,4,1037,28459.2,FAILED,CARD,
4095,460,460,2,3,1007,51455.25,PAID,CASH,TX-NI7QXTT4G0TB
4096,504,1347,2,1,780,38532.45,PAID,CASH,TX-IJDXQK2H2AJ3
4097,247,534,2,4,1858,63706.5,PAID,TRANSFER,TX-FI0F2CGASX6A
4098,220,1166,1,,1713,29359.2,PAID,CARD,TX-6GH8G3JTZZNR
4099,128,1246,2,4,36,23522.4,PAID,CASH,TX-YZ5PUJI1NXXE
4100,,412,2,3,2,13068.0,FAILED,TRANSFER,
4101,581,1026,1,,,73437.0,PAID,GATEWAY,TX-LQ3PDSKXX1KN
4102,182,1249,2,2,1352,39204.0,PAID,CARD,TX-LSUT436HVUPG
4103,372,47,2,1,2268,126006.38,PAID,TRANSFER,TX-7NOC9GFZ8ZXV
4104,198,488,1,,2815,27588.0,PAID,CARD,TX-GRYXJ58MTBC5
4105,308,771,2,1,2394,39204.0,PAID,CASH,TX-FOZYIGE6FEGY
4106,639,872,1,,3145,30492.0,PAID,CARD,TX-FAJXDUYXMTSF
4107,206,339,1,,163,71622.0,PAID,CARD,TX-XG4ESZOYMGJM
4108,15,344,2,1,2775,41382.0,PAID,CASH,TX-ALQEALAL2SGI
4109,452,533,2,4,1202,49985.1,PAID,CASH,TX-4QJPUPEHT3DG
4110,605,893,2,1,1683,25613.28,PAID,CASH,TX-GV6Z4FKE59MA
4111,197,489,2,4,986,72592.74,PAID,CARD,TX-SZG5F4GIHO4E
4112,594,1410,2,4,1181,54450.0,PAID,CARD,TX-NPDTWLV90T0V
4113,102,106,2,2,2440,41654.25,PAID,TRANSFER,TX-QBV33BHTF0B7
4114,399,243,2,3,1249,53542.5,PAID,TRANSFER,TX-851WPVFZ2CAJ
4115,114,1114,2,4,2989,32016.6,PAID,CASH,TX-7UHWO0MCB9B1
4116,116,1406,2,3,508,108763.88,PAID,TRANSFER,TX-AD58J88T2WC4
4117,,575,1,,820,28459.2,FAILED,GATEWAY,
4118,,473,2,4,1445,16335.0,PENDING,TRANSFER,
4119,557,1031,2,1,1767,27588.0,PAID,CASH,TX-P8TSBF3GSOBJ
4120,165,1385,1,,2725,83020.2,PAID,CARD,TX-QY0AZPU7KCV8
4121,70,1190,1,,2075,15294.0,PAID,CARD,TX-41N0FDY3FZZJ
4122,52,1470,2,2,601,35574.0,PAID,CARD,TX-3U9E9L54IWWF
4123,353,387,1,,362,39319.92,PAID,CARD,TX-LLQU6L0HSR22
4124,294,162,2,2,891,49005.0,PAID,CASH,TX-4QL2PGD6DFKM
4125,283,294,1,,2909,93646.5,PAID,GATEWAY,TX-H0532UYVW8U1
4126,114,947,2,1,1768,34485.0,PAID,CARD,TX-9ESMHKN49OBX
4127,216,930,1,,1817,53361.0,PAID,CARD,TX-85P1QN5AX4HV
4128,528,1016,2,4,2716,54450.0,PAID,TRANSFER,TX-4CBKI9DKO8Y5
4129,422,627,2,1,2187,29040.0,PAID,CASH,TX-IJCZURKQVBOD
4130,77,691,1,,2772,36474.0,PAID,CARD,TX-FJS9PB6447KR
4131,440,1185,1,,796,75252.0,PAID,CARD,TX-T4Z207FMFNOY
4132,361,409,1,,1957,42582.0,PAID,CARD,TX-SOH4BHKGSMEE
4133,233,611,1,,2970,25729.2,PAID,GATEWAY,TX-HY3M09U1Z4CJ
4134,617,876,1,,391,50505.0,PAID,GATEWAY,TX-TCH3ZLVBGMBJ
4135,207,11,1,,1482,35685.0,PAID,CARD,TX-K2TJ8V8OFQ8N
4136,498,1103,1,,832,55405.5,PAID,GATEWAY,TX-J9KU1C4IRLFM
4137,101,931,1,,1900,15420.0,PAID,CARD,TX-47CM8HCKYLVH
4138,464,1132,1,,1052,40404.0,PAID,CARD,TX-5I1VDV01YWEJ
4139,189,1487,1,,,28324.89,PAID,GATEWAY,TX-61HSXIPA1QQ7
4140,311,171,1,,790,15221.4,PAID,CARD,TX-EHA4XAW78Y8F
4141,519,529,1,,616,14994.0,PAID,CARD,TX-SN1MUP8ZI6R4
4142,599,433,1,,788,17535.0,PAID,GATEWAY,TX-V8NAQPFKS0ZK
4143,31,461,1,,1431,28488.0,PAID,GATEWAY,TX-YC9NOVHZJIKQ
4144,624,1172,2,2,1185,35937.0,PAID,CASH,TX-AD5HCNSABJTU
4145,618,816,1,,242,50094.0,PAID,CARD,TX-VHGM1K675G01
4146,,1032,1,,303,32505.12,FAILED,CARD,
4147,504,1261,1,,2199,94906.35,PAID,CARD,TX-MXAQKYTSCBCH
4148,90,348,1,,2931,47857.68,PAID,CARD,TX-MY7ZWUVZ60VO
4149,334,436,2,4,2759,16335.0,PAID,CASH,TX-KJ5SHL4MLTAC
4150,549,604,1,,1681,55213.88,PAID,CARD,TX-O5138WYMJGG7
4151,256,615,1,,1607,49005.0,PAID,CARD,TX-JOGBFK3B5WXN
4152,57,361,1,,791,45723.24,PAID,CARD,TX-VFYJ8E7GNADL
4153,48,855,1,,1080,86466.6,PAID,CARD,TX-SWA55JH6P6JQ
4154,584,1018,1,,558,17508.3,PAID,CARD,TX-0J5PGNNXUG2J
4155,461,212,2,2,1237,71293.2,PAID,TRANSFER,TX-ICA8MZ7X7OM8
4156,214,359,1,,1030,14229.6,PAID,CARD,TX-I9KC390HWAHY
4157,103,1322,1,,1164,85940.25,PAID,GATEWAY,TX-RC511VR12SZ0
4158,478,271,1,,1656,86178.3,PAID,CARD,TX-VAP98W0FHKW4
4159,,369,1,,168,17535.0,FAILED,GATEWAY,
4160,613,670,1,,1696,45186.0,PAID,GATEWAY,TX-FKU3PLRC8JUL
4161,321,510,1,,,14694.0,REFUNDED,GATEWAY,TX-7DY9YLP6ACF2
4162,454,274,2,4,1684,14520.0,PAID,CASH,TX-TJSAJJF4XDK4
4163,499,1490,2,2,1472,53361.0,PAID,CASH,TX-C0FMVMTOK841
4164,17,469,2,1,2204,17242.5,PAID,CASH,TX-NQ8HS2C39Z32
4165,116,1012,1,,2328,106896.0,PAID,GATEWAY,TX-S39X1TWHSMWO
4166,30,1318,1,,2770,44188.8,PAID,CARD,TX-HXGTYRJ5A7QU
4167,144,1081,1,,2404,17235.0,PAID,CARD,TX-JTU40M2X9HA3
4168,283,495,2,1,931,14229.6,PAID,TRANSFER,TX-FSCZR89D9DL9
4169,45,480,2,4,2817,69587.1,PAID,CASH,TX-O13XZGAOGG9C
4170,,1236,2,2,1424,18676.35,FAILED,CASH,
4171,328,1237,1,,2682,58491.0,PAID,GATEWAY,TX-VEQT8B5I49PP
4172,101,147,2,1,1928,43923.0,PAID,CARD,TX-XDT5T1INLLKF
4173,268,1126,2,4,1390,18150.0,PAID,CARD,TX-OS43WHGL7MUM
4174,591,201,2,2,2698,39204.0,PAID,CASH,TX-B3ZRJ7E6L6FG
4175,518,569,1,,2254,52927.5,PAID,GATEWAY,TX-QAJ454CGQZ21
4176,16,1255,1,,1205,14994.0,PAID,CARD,TX-V9WX1Y474CKV
4177,269,392,1,,1645,46938.0,PAID,CARD,TX-JEK59LAOLBFB
4178,,649,2,4,2339,14520.0,FAILED,TRANSFER,
4179,555,1270,1,,2071,48024.9,PAID,CARD,TX-P4VNXJPCKZT5
4180,323,1230,1,,2652,36774.0,PAID,CARD,TX-FWON0TXB5YHO
4181,365,433,1,,1359,27036.0,PAID,CARD,TX-IOXQYAJB8DMF
4182,,403,1,,2837,33570.0,PENDING,GATEWAY,
4183,16,967,1,,2749,28488.0,PAID,GATEWAY,TX-HVEXIKKOHDEL
4184,526,1048,2,1,,36300.0,PAID,CASH,TX-N3H33WCTL5SM
4185,566,651,2,1,557,54856.56,PAID,CARD,TX-XQNW8UVTZC17
4186,495,552,2,1,465,60751.68,PAID,CARD,TX-16U20YB36TXZ
4187,411,724,1,,,51727.5,PAID,CARD,TX-JOSSGDZMTNNP
4188,312,308,1,,1185,50505.0,PAID,GATEWAY,TX-4CR6A0H1RDAR
4189,474,298,2,4,2910,25613.28,PAID,CASH,TX-A1ZII3DY07RQ
4190,160,324,1,,,43888.8,PAID,CARD,TX-YS34WB1OIIGG
4191,202,1340,2,3,1431,84833.1,PAID,CARD,TX-BQ9ZTY9IR4AZ
4192,108,981,1,,311,35685.0,PAID,GATEWAY,TX-ID1AMEZ8862M
4193,231,1432,2,4,260,13794.0,PAID,CASH,TX-9FNNN3G1V1PX
4194,351,950,1,,,55350.0,PAID,GATEWAY,TX-U6AY35CBSTGB
4195,629,487,1,,2636,49905.0,PAID,CARD,TX-URIBLLW3Q9B5
4196,2,1311,1,,23,16746.0,PAID,CARD,TX-LCSH1H15X4LC
4197,492,768,1,,520,49368.0,PAID,CARD,TX-ID2HJE5QAEOV
4198,,189,2,2,889,44104.5,FAILED,CARD,
4199,10,1111,1,,317,38852.7,PAID,CARD,TX-0MTRQHR54KGX
4200,561,1272,1,,2431,113512.2,PAID,CARD,TX-69MB8XNUOPZG
4201,241,1034,2,1,2314,63888.0,REFUNDED,TRANSFER,TX-GZPLUSQRVP0O
4202,300,996,2,4,686,75141.0,PAID,CARD,TX-IUG1VOB0PNWE
4203,516,1368,2,3,1762,43560.0,PAID,CARD,TX-ARJ7OZS6E4GQ
4204,487,285,1,,442,25729.2,PAID,GATEWAY,TX-FCFJ3BW3FFD6
4205,307,1000,2,3,,32670.0,PAID,CARD,TX-VY7ZDEZMEQK9
4206,167,978,2,1,,35574.0,REFUNDED,CARD,TX-RE7E0YZZKS4U
4207,110,1255,2,3,408,41382.0,PAID,CASH,TX-7RL0ILA3Z9QH
4208,578,155,1,,158,63454.5,PAID,CARD,TX-KS4R9U06K35H
4209,487,64,1,,2724,30303.0,PAID,GATEWAY,TX-YU0C57Z169WO
4210,,906,1,,2024,78045.0,FAILED,CARD,
4211,262,257,1,,403,44760.0,PAID,CARD,TX-03PDDXIO33O9
4212,581,850,1,,,28488.0,PAID,GATEWAY,TX-0KZZPSVDH24N
4213,121,1287,2,2,432,35283.6,PAID,CASH,TX-T8IVI41AWPH0
4214,433,14,1,,775,69870.0,PAID,CARD,TX-IFHTPSX5FK0J
4215,358,142,1,,2749,88767.78,PAID,GATEWAY,TX-JMFZBQWS2U3E
4216,321,190,1,,2855,40704.0,PAID,CARD,TX-99UTVMTUCD2P
4217,37,747,1,,1653,14006.64,PAID,CARD,TX-K1JK75Y21CR8
4218,404,401,1,,2401,19650.0,PAID,GATEWAY,TX-1888CLWDXVC6
4219,510,1306,2,2,,81021.6,PAID,CASH,TX-HPYUFH2XTIL7
4220,8,677,1,,627,14229.6,PAID,CARD,TX-RQXRHNJAGR0D
4221,,236,1,,955,52627.5,FAILED,GATEWAY,
4222,271,1420,1,,1370,58100.25,PAID,CARD,TX-MU4Q83WIPKI5
4223,622,197,1,,2386,19004.62,REFUNDED,CARD,TX-DA3ZE5S14MN7
4224,313,428,1,,2649,37933.5,PAID,CARD,TX-141B6K16LE7N
4225,395,1304,2,2,711,54450.0,PAID,CASH,TX-79SF93ZOI0JU
4226,236,1398,2,2,676,68970.0,PAID,CASH,TX-77MLJ2H92PW2
4227,572,1159,1,,1716,34485.0,REFUNDED,CARD,TX-FYKF9RDFDLAO
4228,310,996,1,,135,36474.0,PAID,GATEWAY,TX-ITVSAVJ733H3
4229,44,988,1,,2649,18987.0,PAID,GATEWAY,TX-L44FTRE188Y4
4230,247,824,1,,2449,52627.5,PAID,CARD,TX-4GZXCFM3T9R0
4231,209,900,1,,2279,54561.0,PAID,GATEWAY,TX-3SNGIUF6MUOC
4232,466,800,2,1,1144,13068.0,PAID,CARD,TX-RWYEW09P0SBO
4233,231,869,2,3,1256,34485.0,PAID,TRANSFER,TX-THFNQEUJWOFR
4234,338,1262,2,2,441,134899.88,PAID,CASH,TX-3GQRABXESTKB
4235,236,915,2,2,763,44830.5,PAID,CARD,TX-B4HIZGGP2YRF
4236,605,255,1,,489,57800.25,PAID,CARD,TX-TLQMFHPL31TP
4237,388,254,1,,1828,67067.64,PAID,CARD,TX-I4NQU8IFHC25
4238,206,563,2,2,2498,36209.25,PAID,TRANSFER,TX-8R00BVD76E2Y
4239,596,1151,2,2,1065,51455.25,PAID,CASH,TX-QW86RTX72FR5
4240,497,542,1,,2238,56076.0,PAID,GATEWAY,TX-P3UJDX18FH9T
4241,213,80,2,3,1310,77046.75,PAID,CASH,TX-7T8FYFQ4B9PC
4242,535,429,1,,2870,30240.0,PAID,CARD,TX-U7NNRDYKE08H
4243,457,1455,2,3,1006,26136.0,PAID,CASH,TX-505ZMZUCLFMP
4244,115,805,1,,884,70480.08,PAID,GATEWAY,TX-MI6Q46V0QJQH
4245,39,711,1,,2181,51346.35,PAID,CARD,TX-KKLYOHRE5S3S
4246,383,123,1,,1154,14621.4,PAID,GATEWAY,TX-RZHHSZA1XZJ8
4247,454,969,2,1,401,28459.2,PAID,TRANSFER,TX-86F1H7G1MVPY
4248,338,612,2,1,,81892.8,REFUNDED,CASH,TX-3B04V6U4VUNG
4249,57,850,1,,2187,13968.0,PAID,CARD,TX-ZMPGB8FQ59P5
4250,,58,2,2,2522,34485.0,FAILED,CASH,
4251,621,440,1,,1980,55650.0,PAID,GATEWAY,TX-2R1FQEBR3X51
4252,366,477,1,,586,18742.5,PAID,CARD,TX-B6JVIC9D89EE
4253,261,328,1,,103,30240.0,PAID,GATEWAY,TX-6JQDZK5A0IJG
4254,144,64,2,4,114,14483.7,REFUNDED,TRANSFER,TX-4RP21BP6NWKX
4255,243,9,1,,2248,35685.0,PAID,GATEWAY,TX-ZWHYL5FQO9VT
4256,55,1018,1,,665,24722.4,PAID,CARD,TX-JSQDYN1U38PJ
4257,409,887,1,,3102,20465.7,PAID,GATEWAY,TX-XXD3SVR42P7R
4258,565,809,1,,2294,28642.8,PAID,CARD,TX-3EIU0689A92W
4259,271,187,1,,158,39615.0,REFUNDED,CARD,TX-X99AT2D9GVUD
4260,65,594,2,3,,44104.5,PAID,CARD,TX-OQYKBSENVK26
4261,573,1416,1,,997,62610.0,PAID,CARD,TX-QZ7YA0FBVUMD
4262,429,698,2,2,1689,34485.0,PAID,CASH,TX-CAQZ7RRZVBOI
4263,27,869,1,,267,15729.6,PAID,CARD,TX-R5JM7YP3DWEN
4264,506,823,1,,1610,38443.8,PAID,GATEWAY,TX-LFJRMXMR8YHD
4265,372,170,1,,2041,58922.16,PAID,CARD,TX-084F8VUTDBLS
4266,550,1022,2,2,2631,17787.0,PAID,CASH,TX-529LVDA2WJU3
4267,170,946,1,,926,70070.7,PAID,GATEWAY,TX-ACIJONTV2OZE
4268,337,1273,2,1,1545,29040.0,PAID,CARD,TX-OS0KTOF0YTY9
4269,,752,2,4,2521,17242.5,FAILED,CARD,
4270,563,338,1,,2331,54861.0,PAID,CARD,TX-ZX9YTAQ1RKEF
4271,174,1223,1,,2987,15841.08,PAID,CARD,TX-LO8IRAVHUUVP
4272,291,1014,2,4,1980,68970.0,PAID,CARD,TX-80ZGSZCFESCM
4273,193,1204,2,1,1836,51727.5,PAID,CASH,TX-977C1OEKBHTM
4274,81,227,1,,1812,35985.0,REFUNDED,CARD,TX-T59R6W8FK23V
4275,508,54,1,,3031,44460.0,PAID,CARD,TX-JUC3F252B3GO
4276,120,1095,2,2,278,17242.5,PAID,TRANSFER,TX-FG78EZJ3EJDM
4277,134,955,1,,1172,28488.0,PAID,CARD,TX-AFEU91MUIR3I
4278,201,756,1,,,32236.5,REFUNDED,GATEWAY,TX-ZDFBRI65VBEB
4279,,999,1,,1963,34170.0,FAILED,CARD,
4280,583,628,2,3,68,44104.5,PAID,TRANSFER,TX-BMW961MT8UUM
4281,428,29,1,,763,16446.0,PAID,GATEWAY,TX-93EIAPQZ07QB
4282,412,892,2,3,870,62973.24,PAID,CARD,TX-DS24ZBQKT5WK
4283,123,1280,2,4,2826,18104.62,PAID,CASH,TX-M88Y2S3V8803
4284,53,1129,1,,1778,55405.5,PAID,GATEWAY,TX-Z9BR68M87LFS
4285,568,782,1,,,125899.05,PAID,GATEWAY,TX-VLI8ZVWPV8AE
4286,343,1038,1,,2145,34696.35,PAID,GATEWAY,TX-W55QGS729DJ4
4287,385,790,2,1,2650,89243.55,PAID,TRANSFER,TX-BJNNMY410G2L
4288,42,1430,2,4,1140,56029.05,PAID,TRANSFER,TX-DEJGBIS8S2QM
4289,100,85,1,,2282,28923.6,PAID,GATEWAY,TX-HPB3YTJOI6JK
4290,340,15,1,,546,71059.88,PAID,CARD,TX-PVQKLV1WKY11
4291,329,72,1,,1307,58372.5,PAID,CARD,TX-LYLC0W1S6RMS
4292,40,636,2,4,2046,45738.0,PAID,CASH,TX-0L03HGB0VIBR
4293,518,1089,1,,56,79245.0,PAID,GATEWAY,TX-M2K2412SW51A
4294,417,791,1,,2763,13968.0,REFUNDED,CARD,TX-FKWQT2WGDTF2
4295,362,144,2,1,1950,39930.0,PAID,TRANSFER,TX-B620C4UZTF0T
4296,119,1195,1,,279,30603.0,PAID,GATEWAY,TX-VZBM8308K6XI
4297,400,901,1,,980,26813.28,PAID,GATEWAY,TX-ZCC9MCVW2TZF
4298,,1320,2,2,1047,14374.8,PENDING,CARD,
4299,265,306,1,,884,15683.7,PAID,CARD,TX-IOBMSYX8B8VH
4300,134,28,2,1,1801,28967.4,REFUNDED,CASH,TX-GTCNLAJ3JR0O
4301,,884,2,4,791,53361.0,FAILED,CARD,
4302,107,382,2,3,355,82691.4,REFUNDED,CASH,TX-4V98SSSS1HSZ
4303,250,1286,2,1,2645,19565.7,PAID,CASH,TX-42IP8673SHCS
4304,349,156,2,1,540,43777.8,PAID,CARD,TX-GRDS25M0FIBX
4305,234,1119,1,,156,40404.0,PAID,GATEWAY,TX-283345XI8KZT
4306,190,1395,2,2,1286,31036.5,PAID,CARD,TX-OMAHGXBEZHB5
4307,570,402,1,,1086,15683.7,PAID,CARD,TX-ZAF0PK7XU75A
4308,339,981,1,,540,17152.56,PAID,CARD,TX-072ZZM58OQKX
4309,46,1247,1,,953,60843.24,PAID,GATEWAY,TX-55I5AFTT89XC
4310,388,770,1,,2815,52927.5,PAID,CARD,TX-X9IQQSWVOQ6X
4311,425,1304,2,1,3179,26136.0,PAID,CARD,TX-8PZFVULBV71X
4312,328,1486,1,,2973,21465.0,PAID,GATEWAY,TX-W84BJ0NPL7SY
4313,374,475,2,2,1408,12414.6,PAID,CASH,TX-HWGSZJEY6A19
4314,531,305,2,2,629,33033.0,PAID,CARD,TX-NUS3HWV7UKG1
4315,295,1484,2,1,1664,29403.0,PAID,CARD,TX-OF9EO9OW1FW9
4316,174,829,1,,239,39133.5,PAID,GATEWAY,TX-UH3SJ38EPZI2
4317,431,1373,1,,2544,36474.0,PAID,CARD,TX-Z8G7QVSDJ886
4318,632,539,1,,,14268.0,PAID,CARD,TX-Y4I173SEDF53
4319,124,1388,1,,1807,18687.0,PAID,GATEWAY,TX-X0BHT1KR6IIV
4320,250,475,1,,2594,30492.0,PAID,GATEWAY,TX-NP66BUWNBB20
4321,193,1441,1,,546,15294.0,PAID,CARD,TX-TTFBN2OTMNQ8
4322,101,1252,2,2,2952,44692.56,PAID,TRANSFER,TX-15CH9UZE3SYD
4323,230,384,1,,1810,42282.0,PAID,GATEWAY,TX-0CT40JRHVNVW
4324,380,329,2,3,1563,29040.0,PAID,CARD,TX-GIV4YKB7CI3N
4325,51,542,1,,1328,39433.5,PAID,GATEWAY,TX-M61L8Z58B7SV
4326,250,139,1,,66,73800.0,PAID,GATEWAY,TX-ECNHNHNVGKHO
4327,272,936,2,4,2202,60838.8,PAID,TRANSFER,TX-1EDUD1LS9J2V
4328,385,547,2,3,877,35574.0,REFUNDED,TRANSFER,TX-QDQ56OM2H3UX
4329,584,378,1,,962,20765.7,PAID,GATEWAY,TX-3SDZ3559T0MJ
4330,33,37,1,,2538,19050.0,PAID,GATEWAY,TX-3BND1ZLCFBQB
4331,311,1467,1,,2530,68690.25,REFUNDED,GATEWAY,TX-5QAEL4045K3F
4332,313,1113,2,2,635,92114.88,PAID,CASH,TX-T1287GSNYHXU
4333,12,450,1,,227,17535.0,PAID,GATEWAY,TX-AWVA5IH03GC4
4334,280,822,1,,2200,29940.0,PAID,CARD,TX-Y23WO6QBQ1OW
4335,84,155,1,,,60124.5,PAID,GATEWAY,TX-DBSU1A9FMPVY
4336,,1307,1,,2055,52736.4,FAILED,CARD,
4337,559,112,1,,,30240.0,PAID,GATEWAY,TX-KK3IFPCA7R6R
4338,112,1089,1,,1239,33570.0,PAID,CARD,TX-JHE8SCZLCOJ2
4339,79,1321,2,4,940,19565.7,PAID,CASH,TX-ZRQLCHJ7JHYP
4340,171,611,1,,850,91287.0,PAID,CARD,TX-N2DKXPY6PDL8
4341,48,168,1,,1894,17535.0,PAID,GATEWAY,TX-H7T6GUTGJGTL
4342,513,851,1,,,54401.28,PAID,CARD,TX-XX05ZF2IDO46
4343,250,626,1,,1926,90343.2,PAID,CARD,TX-9353MNANKJ6S
4344,,1459,1,,119,42582.0,FAILED,CARD,
4345,316,1290,1,,191,36300.0,PAID,CARD,TX-EIHWTXH2C7VD
4346,289,1340,2,1,,41382.0,PAID,TRANSFER,TX-46LTKBT7L7LS
4347,387,943,1,,402,116125.8,REFUNDED,GATEWAY,TX-CNE1D3B7F6MQ
4348,614,99,1,,2012,43588.8,PAID,CARD,TX-JCWW7VQ3EDY7
4349,399,704,1,,2035,12661.2,PAID,CARD,TX-3CTBNGRX4WUD
4350,498,1248,1,,,31082.16,PAID,CARD,TX-55ZXDDP1I2G6
4351,469,507,2,2,3127,17787.0,PAID,CARD,TX-SBE00DSWZBFV
4352,194,37,1,,566,42282.0,REFUNDED,GATEWAY,TX-ZFR6N02X6FHO
4353,477,1090,2,1,225,75032.1,PAID,CARD,TX-YYPSH6AIG2AW
4354,350,23,1,,3075,59215.95,PAID,GATEWAY,TX-Z5XN53V3L3AV
4355,331,959,1,,203,43451.1,REFUNDED,CARD,TX-1K5056XOYYIL
4356,,819,2,1,,17787.0,FAILED,CASH,
4357,566,927,2,1,1331,79134.0,PAID,CARD,TX-3Y92N4MAL2SW
4358,139,860,2,3,3143,36300.0,PAID,CASH,TX-YG0NDHOCDJIF
4359,481,1189,2,1,2638,32183.58,PAID,CASH,TX-X6U68CISJQ5L
4360,149,916,1,,1989,18687.0,PAID,CARD,TX-2MMHI24GMELO
4361,,292,1,,2598,37500.0,FAILED,GATEWAY,
4362,412,488,2,1,,35937.0,PAID,CASH,TX-PJ48579WNL1X
4363,364,536,1,,3168,20466.75,PAID,GATEWAY,TX-IMUU1KSR95FE
4364,278,1237,1,,1013,47754.75,PAID,GATEWAY,TX-5ZRDIHRI7WAK
4365,387,1023,2,3,402,84579.0,PAID,CARD,TX-VYC08WW8VMCN
4366,195,1234,1,,482,43888.8,PAID,CARD,TX-20HW8ZRUDLSO
4367,566,245,1,,3047,37243.8,PAID,GATEWAY,TX-QD4N26MMCI48
4368,255,298,2,1,685,29040.0,PAID,CARD,TX-WYSO6Z5KPY71
4369,61,36,1,,2365,31082.16,PAID,CARD,TX-J60KI99EY0V4
4370,,1262,1,,2607,32064.6,FAILED,GATEWAY,
4371,265,518,1,,167,29940.0,PAID,GATEWAY,TX-LNB940AUD1KW
4372,562,882,2,1,,14701.5,PAID,CARD,TX-8SL1J0WSNKRN
4373,559,301,1,,1371,27336.0,REFUNDED,GATEWAY,TX-APAUXNZSXQKG
4374,533,1159,2,2,2953,35574.0,PAID,CASH,TX-2UPMLJRHDBQS
4375,,605,1,,1970,29486.25,FAILED,CARD,
4376,,55,1,,1526,44460.0,FAILED,CARD,
4377,410,1126,1,,703,27588.0,PAID,CARD,TX-FIBFW0A6OMFD
4378,85,449,1,,1033,40104.0,PAID,GATEWAY,TX-YFWGQSQG2NEZ
4379,554,1424,1,,3035,35503.5,PAID,CARD,TX-ZAQO2IBZAN9S
4380,126,68,2,3,460,43560.0,PAID,CARD,TX-0Y5BLW0ACECH
4381,457,303,1,,345,37409.25,PAID,CARD,TX-S9TPKCB6BPF7
4382,198,1338,2,2,843,35937.0,PAID,CASH,TX-9NY78S3GXI3Q
4383,371,1256,2,3,,11761.2,PAID,CARD,TX-BJFLCLSHDSXK
4384,258,1111,1,,262,54442.5,PAID,CARD,TX-ZOEDG9YX4ONX
4385,581,1487,1,,1686,54561.0,PAID,CARD,TX-D0HRNSTKTZP3
4386,463,715,1,,228,36774.0,PAID,GATEWAY,TX-TDVBP5F24H2L
4387,,818,1,,2900,36774.0,FAILED,CARD,
4388,193,1365,1,,2911,81486.0,REFUNDED,CARD,TX-PKR5JH61H8X4
4389,,1465,1,,2131,31082.16,FAILED,GATEWAY,
4390,495,1215,1,,1447,38143.8,PAID,CARD,TX-9C6JBZBONGQO
4391,567,522,1,,1534,19957.5,PAID,CARD,TX-8LBMRWR352FP
4392,146,943,1,,2979,71830.2,PAID,CARD,TX-C8AW4CXF6UZN
4393,626,358,1,,3087,19050.0,PAID,CARD,TX-TW5PP2RQHAMJ
4394,50,253,2,1,933,38115.0,PAID,CASH,TX-Z2325YK5PNXX
4395,309,96,1,,,41430.0,PAID,CARD,TX-8G6K31VVZ3MI
4396,185,335,2,3,,32670.0,PAID,CASH,TX-23D5WQXV68YK
4397,270,166,2,1,834,14520.0,PAID,TRANSFER,TX-3BMT1LXZNKNN
4398,373,606,1,,1920,15841.08,PAID,CARD,TX-DRD5EONUOS1N
4399,584,1198,1,,2933,39204.0,PAID,CARD,TX-A3QGAPAJ0ILX
4400,567,981,2,1,1050,54595.2,PAID,CASH,TX-4R8IGQNELDB7
4401,459,85,1,,1678,16746.0,PAID,CARD,TX-6E75YCY7RMBB
4402,,644,2,3,637,61129.2,FAILED,CASH,
4403,467,227,1,,2123,29659.2,PAID,CARD,TX-ZF9JAUXH3A5O
4404,337,491,1,,1581,49224.9,PAID,CARD,TX-HKZFJCKYSLVK
4405,29,96,1,,1065,91224.0,PAID,CARD,TX-6PZTBYQ168TG
4406,469,1233,2,1,1057,12806.64,PAID,CARD,TX-R4TWZCRN704R
4407,589,581,1,,,36183.6,PAID,CARD,TX-3ADK2KJIRBDN
4408,430,1044,1,,1970,13721.4,PAID,CARD,TX-MQZVK0QOI2Z0
4409,165,501,1,,2490,17235.0,PAID,CARD,TX-RK6W50N1U8LR
4410,503,733,1,,357,32670.0,PAID,GATEWAY,TX-NA7T762YXHHJ
4411,30,298,1,,2730,30857.1,PAID,CARD,TX-SSY56QAI48EB
4412,,858,1,,1072,55350.0,FAILED,GATEWAY,
4413,77,689,2,2,3189,56029.05,PAID,CARD,TX-UZLKDJAYK5SY
4414,,331,1,,2152,69443.48,FAILED,GATEWAY,
4415,578,1134,1,,2050,50505.0,PAID,GATEWAY,TX-6114096MO2MJ
4416,48,638,1,,1335,52782.3,PAID,CARD,TX-5N4NNMCVMOBM
4417,461,499,2,1,940,54450.0,PAID,CASH,TX-Y79SWFQTYJPP
4418,270,588,1,,2178,44460.0,PAID,CARD,TX-Q9MJ3FFPB7RQ
4419,499,716,2,1,714,81820.2,PAID,CARD,TX-C71VW2A76873
4420,255,495,2,4,98,96558.0,PAID,CASH,TX-OU2T2201YJRH
4421,486,1370,1,,128,55650.0,PAID,CARD,TX-5TJ4ZTRUUCJJ
4422,480,617,1,,1046,83664.0,PAID,GATEWAY,TX-R6J4P9UTZYI7
4423,444,246,1,,710,16418.25,PAID,CARD,TX-RD4KLQMVP8W2
4424,533,208,1,,,54861.0,PAID,CARD,TX-NENSTF4XPL3L
4425,127,732,1,,295,44324.4,PAID,CARD,TX-4O7VBCIGDRVP
4426,587,61,1,,2922,103992.0,PAID,CARD,TX-LDXRMXDA32DN
4427,414,546,1,,,13914.6,PAID,GATEWAY,TX-1S1S1TYPBL65
4428,623,973,1,,462,52927.5,PAID,GATEWAY,TX-8K3HLSGMWRVP
4429,37,1058,2,2,2436,68280.3,PAID,CARD,TX-4UIX3UQ648JF
4430,423,665,1,,1023,19576.35,PAID,CARD,TX-N330MCEI409T
4431,453,1168,1,,2455,42582.0,PAID,GATEWAY,TX-HWOOFQ3A8GAI
4432,182,41,2,4,2924,18676.35,PAID,CARD,TX-AAIJP8ES5O0O
4433,114,677,1,,238,14621.4,PAID,GATEWAY,TX-DB5TU7FJISD1
4434,458,404,1,,2866,36183.6,PAID,CARD,TX-NEKPZGQSWIGZ
4435,227,642,2,4,2696,29040.0,PAID,CASH,TX-7AY3U7UOERLU
4436,80,896,1,,,52141.08,PAID,GATEWAY,TX-F9NHZNFW4Z7Y
4437,518,555,2,2,2870,70603.5,PAID,CASH,TX-BIGAPBSU2ABT
4438,190,423,1,,3046,33444.0,PAID,GATEWAY,TX-MQD2RRK7ATNX
4439,253,694,1,,19,59817.24,PAID,CARD,TX-YLL1TDU2TFFD
4440,531,1299,2,3,2690,17242.5,PAID,CASH,TX-DMC8AONHA4TR
4441,96,1373,2,3,2942,29403.0,PAID,CARD,TX-6BGZMHLCUYAD
4442,,1037,1,,1718,79761.75,FAILED,CARD,
4443,617,302,1,,2905,37200.0,PAID,GATEWAY,TX-OCQAAGCNCR8M
4444,207,940,1,,3066,71685.0,PAID,CARD,TX-KQ1P59REC9IV
4445,,714,1,,1267,18442.5,FAILED,CARD,
4446,352,1026,2,1,326,16335.0,REFUNDED,CARD,TX-58MEJQL98PCS
4447,361,259,2,3,,26136.0,PAID,CASH,TX-RXMXBIF5I5BG
4448,162,430,2,1,859,28459.2,PAID,CASH,TX-ADBC8HZI0FPW
4449,200,1017,2,4,3106,17242.5,PAID,CASH,TX-9ZB8SIJ4QQ1Z
4450,377,26,1,,2715,19468.5,PAID,CARD,TX-ORCGLUFT4R0D
4451,61,736,2,4,2981,106177.5,PAID,CARD,TX-4GOZQ10A1EDW
4452,406,1481,1,,,31082.16,PAID,GATEWAY,TX-IMKT8UEUCN1U
4453,484,1483,1,,1754,95643.0,PAID,CARD,TX-KGFPD5TZ6SWH
4454,225,522,2,3,2891,99589.05,PAID,CARD,TX-KWI75HWG25HJ
4455,178,1450,2,4,,14520.0,PAID,CARD,TX-2CJWSN4URKJD
4456,54,1033,1,,1556,33516.6,PAID,GATEWAY,TX-PQSCCFYUS37U
4457,205,957,1,,2909,28788.0,PAID,CARD,TX-GCR5X9H33Z56
4458,407,1363,1,,176,16872.0,PAID,CARD,TX-2M1SIN5L7QW9
4459,442,1300,1,,245,42364.2,PAID,GATEWAY,TX-F0GWVUH3ERS2
4460,,620,2,1,2311,28749.6,FAILED,CASH,
4461,186,1024,2,4,869,17242.5,PAID,CASH,TX-WPCYK2T823RX
4462,443,995,1,,112,16141.08,PAID,GATEWAY,TX-7F64U7FX71GL
4463,470,119,1,,1901,52627.5,PAID,CARD,TX-GR19HBGU8IJF
4464,493,124,2,4,3200,18150.0,PAID,CASH,TX-5CELW53892EQ
4465,475,603,1,,2954,42582.0,PAID,CARD,TX-YRM5M5V80XHY
4466,542,500,2,2,417,16335.0,PAID,CARD,TX-PY1LO9SXE3RU
4467,34,1464,2,4,2796,135928.98,REFUNDED,CARD,TX-M5WTKDHAQ3KQ
4468,595,515,1,,122,67747.5,PAID,CARD,TX-A8JYRYSUJ2N7
4469,236,359,1,,1394,52627.5,PAID,GATEWAY,TX-WSNXP7VRKIKW
4470,,207,1,,,60795.0,FAILED,GATEWAY,
4471,147,362,1,,1093,19604.62,PAID,CARD,TX-PMKS1MZRA03G
4472,281,254,1,,2327,52927.5,PAID,GATEWAY,TX-4GZAU8M0M1VK
4473,320,809,1,,2353,29359.2,REFUNDED,CARD,TX-JPEBK19YO4AF
4474,,494,1,,2007,108212.4,FAILED,GATEWAY,
4475,380,879,2,1,1141,42688.8,REFUNDED,CARD,TX-VMFTM9E13Q0W
4476,553,159,1,,,101388.0,REFUNDED,CARD,TX-LR7H9LDP13KL
4477,125,1074,2,4,214,27588.0,PAID,CARD,TX-08EJYDO1445A
4478,90,29,2,4,759,35283.6,PAID,TRANSFER,TX-TM5NZMIBLPM5
4479,633,338,1,,,55650.0,PAID,CARD,TX-MHOVQFBLKL4A
4480,17,751,1,,1392,66966.0,PAID,CARD,TX-BUIWFCEA6LJJ
4481,393,1461,1,,2714,19050.0,PAID,GATEWAY,TX-NNANQ5YA4UNS
4482,130,772,1,,2259,33870.0,PAID,CARD,TX-JB0MM9PGND47
4483,552,878,1,,41,42282.0,PAID,CARD,TX-CXBDT4KOBJLH
4484,213,332,1,,1667,124974.45,PAID,CARD,TX-ZQY2CS7A3FN4
4485,37,464,2,2,90,48642.0,PAID,CARD,TX-7JLL33HS9VQU
4486,275,1146,1,,1595,14268.0,PAID,CARD,TX-4DV3YUSHBOUL
4487,539,1212,2,4,730,14520.0,PAID,TRANSFER,TX-34YWUKBY5WJM
4488,132,1050,2,4,2133,13794.0,PAID,CARD,TX-UTYQ6KQ0MHAF
4489,623,938,1,,173,48054.22,PAID,CARD,TX-LVTXK1UO544P
4490,436,300,1,,492,16335.0,PAID,GATEWAY,TX-D5PR2A7KZ2VL
4491,361,992,1,,2804,42582.0,PAID,CARD,TX-6QR6LYWAV2BW
4492,279,447,2,1,1978,34485.0,PAID,TRANSFER,TX-PUIRNMTSOX2Q
4493,582,957,2,1,2269,140372.1,PAID,CASH,TX-S5YLO3233I2B
4494,295,472,2,4,2195,15246.0,PAID,CASH,TX-14JL5AS9G5AZ
4495,559,1304,2,4,1544,16335.0,PAID,CARD,TX-158LTNZ1MHGI
4496,612,254,1,,2549,87748.8,PAID,CARD,TX-UFMBMY3G156H
4497,399,1125,2,1,1437,38419.92,PAID,CASH,TX-FL3VP8QSM7BX
4498,632,107,1,,680,54261.0,PAID,GATEWAY,TX-UMITG5KH24HM
4499,505,1237,1,,,69144.0,PAID,CARD,TX-IYTGUUJFUPC6
4500,361,293,2,4,286,43451.1,PAID,CARD,TX-YLBJ2N2T5QCQ
4501,239,879,2,1,3049,15246.0,PAID,CARD,TX-1WJ2IBA2J2VZ
4502,208,246,1,,2020,14994.0,PAID,GATEWAY,TX-YBX22EMN8HY4
4503,501,1032,2,1,554,37933.5,PAID,CASH,TX-VLBR5O6EBL64
4504,,1021,2,2,313,67971.75,FAILED,CARD,
4505,98,1024,1,,,78093.0,PAID,CARD,TX-BN3YXZQO6835
4506,463,525,2,2,2573,39204.0,PAID,CARD,TX-0XHF8O7KFHPO
4507,254,1080,1,,2552,98010.0,PAID,GATEWAY,TX-44OG5E4B1O7D
4508,159,610,2,4,24,63249.12,PAID,CARD,TX-QHICVJGG9L1X
4509,263,485,1,,513,55650.0,PAID,CARD,TX-AN8RFV7WT5B3
4510,92,1034,1,,,18142.5,PAID,CARD,TX-OXTQ1U5FD88J
4511,168,61,2,1,969,59931.3,PAID,CASH,TX-AWXJ7L3AEML3
4512,283,801,2,1,2420,53201.28,PAID,CASH,TX-5MHGXOLPFLW1
4513,158,382,1,,3,79888.8,PAID,CARD,TX-UFJJ6M7717IW
4514,606,774,1,,3022,30240.0,PAID,GATEWAY,TX-ZWTV596YIWXI
4515,,634,2,1,8,31305.12,FAILED,CARD,
4516,370,1029,1,,2701,52627.5,REFUNDED,GATEWAY,TX-DDCVOS3D2VM1
4517,,1363,1,,1584,33570.0,FAILED,CARD,
4518,69,690,2,2,2531,37243.8,PAID,CASH,TX-ZQT1WGXAYJJ0
4519,145,178,1,,15,32236.5,PAID,GATEWAY,TX-CW81JTWEAHTS
4520,608,811,2,1,1086,58806.0,REFUNDED,CARD,TX-NWFAW8AQ5FER
4521,354,251,1,,8,114101.55,PAID,CARD,TX-Z1EPGW9HBPIW
4522,259,70,1,,339,15246.0,PAID,GATEWAY,TX-V2U4CPS1T984
4523,546,1281,2,1,2596,49005.0,PAID,TRANSFER,TX-XYGAVE1CNRSV
4524,353,435,1,,2695,36183.6,PAID,CARD,TX-6SZK3CCYW0EA
4525,510,383,1,,393,46420.2,PAID,CARD,TX-COPYB6COGAUT
4526,390,34,1,,2240,43308.0,PAID,CARD,TX-TTAKSK7XLIBI
4527,,217,2,2,1200,29040.0,FAILED,CASH,
4528,133,851,2,1,518,28749.6,PAID,CARD,TX-ZY8DDRNILHOH
4529,248,1428,2,3,1592,14229.6,PAID,CARD,TX-XPYG9Q6CCAPF
4530,303,1448,1,,,28408.14,PAID,CARD,TX-7UOGSK2V7Y31
4531,102,1383,2,1,,90517.68,PAID,TRANSFER,TX-JQ6QVMOL48X7
4532,295,1497,2,1,2734,14229.6,PAID,CARD,TX-9A96DFKCDVLS
4533,408,661,2,2,721,31944.0,PAID,TRANSFER,TX-L95B0YRFV4IZ
4534,122,1165,1,,195,19350.0,PAID,GATEWAY,TX-X5DGR2B0XM8L
4535,312,145,2,4,,39204.0,REFUNDED,CARD,TX-SQG23F77BDSE
4536,53,961,1,,784,40031.4,PAID,CARD,TX-VKL5CPIVXWRP
4537,421,960,1,,229,36783.6,PAID,GATEWAY,TX-9W7LIRJBFCJV
4538,431,1270,2,4,716,89243.55,PAID,CASH,TX-UVV4OONBZ2U1
4539,545,508,1,,2206,71413.8,PAID,GATEWAY,TX-S32VL63SMFYF
4540,417,1232,2,4,2876,52272.0,PAID,TRANSFER,TX-QI7TT0074ILQ
4541,99,1494,2,3,,45738.0,PAID,CARD,TX-9QTRN1KXRG6Z
4542,374,422,2,1,891,36300.0,PAID,CARD,TX-2C9QP6FO6HWH
4543,,1157,1,,1868,29088.0,FAILED,CARD,
4544,27,154,1,,162,40404.0,REFUNDED,GATEWAY,TX-EG9QD9G6SS2D
4545,508,394,2,1,709,12806.64,REFUNDED,CASH,TX-OFJZWAEM3N7F
4546,414,394,2,1,,74052.0,PAID,CASH,TX-F9KFGXOKVR0I
4547,,153,2,4,,53361.0,FAILED,CARD,
4548,540,1465,2,4,2274,14229.6,REFUNDED,CARD,TX-PFRATWUHAZPL
4549,623,461,2,4,2759,41382.0,PAID,CARD,TX-EI83H05P69DC
4550,325,900,2,4,1071,12414.6,PAID,TRANSFER,TX-6UEDW0S7S3RR
4551,505,852,1,,1607,15420.0,PAID,GATEWAY,TX-P8UELC65ENRQ
4552,185,1015,2,2,1777,76593.0,PAID,CASH,TX-WDDANXX76S1Y
4553,605,1385,2,2,,70893.9,PAID,CASH,TX-MTW9YX42GLC3
4554,81,1311,1,,2342,93765.0,PAID,GATEWAY,TX-VZXX6LSSYFZM
4555,368,1034,1,,697,33570.0,PAID,GATEWAY,TX-QQATCR1HB080
4556,443,384,1,,170,69841.2,PAID,CARD,TX-G6F0YEUF5PV5
4557,574,744,1,,538,67692.0,PAID,GATEWAY,TX-16ACAOOZQ8I5
4558,286,932,2,4,1106,58951.2,PAID,CARD,TX-FHRFKHS1FG77
4559,341,640,1,,535,15720.0,PAID,CARD,TX-E0H5PSE9U2YZ
4560,576,930,2,2,1934,26136.0,PAID,CARD,TX-ZS5FVXRWB8VN
4561,,1164,1,,458,99546.3,FAILED,GATEWAY,
4562,145,700,1,,312,90379.5,PAID,GATEWAY,TX-4462BX7VFLGQ
4563,88,608,1,,1475,39204.0,PAID,CARD,TX-Z06IJVEMTDZ0
4564,419,1076,1,,399,19287.0,PAID,CARD,TX-7IWOTH3GE5DH
4565,564,113,2,1,1701,36300.0,PAID,CARD,TX-ZHJ674EFTF4R
4566,264,883,1,,270,53361.0,PAID,GATEWAY,TX-XV5290MYNDL6
4567,418,177,1,,1241,61502.85,PAID,CARD,TX-MA4RDBW6DR10
4568,255,609,1,,207,32236.5,PAID,CARD,TX-DRCVSLMWNIQI
4569,227,688,2,2,1401,90205.5,PAID,CASH,TX-PMLGSGB29MUR
4570,512,438,1,,123,33870.0,REFUNDED,CARD,TX-0PW48JN4WJME
4571,179,315,1,,2021,39204.0,PAID,GATEWAY,TX-Z9K8P8MGPSSE
4572,,67,2,2,717,49513.2,FAILED,CARD,
4573,527,868,2,1,2117,82764.0,PAID,CASH,TX-FCHWO6H8CCVA
4574,357,110,1,,699,45186.0,PAID,GATEWAY,TX-23P9OY0EP986
4575,464,482,2,3,3049,39204.0,PAID,CASH,TX-YHZ82AAJ3WRZ
4576,135,684,2,1,975,14701.5,PAID,CARD,TX-BJ8OF5QVEDT5
4577,274,1116,1,,2434,85270.8,PAID,CARD,TX-K87LVROLUFY4
4578,629,371,1,,2953,55495.2,PAID,CARD,TX-PBT4QEVXGXFE
4579,561,20,1,,1117,58072.5,PAID,CARD,TX-R78TANYMRSL3
4580,235,488,1,,499,57465.0,PAID,CARD,TX-WNCN7WT0VLCR
4581,18,539,1,,2685,53046.0,PAID,CARD,TX-H2MR1LOLZB71
4582,215,1183,2,3,2111,57470.16,PAID,CASH,TX-WBWL7W20PM2V
4583,,145,2,4,2749,29040.0,FAILED,CARD,
4584,273,1296,1,,2163,49005.0,PAID,CARD,TX-P5Q8ANPDCGR6
4585,120,713,1,,2924,15420.0,PAID,GATEWAY,TX-0W66MI5HE0P4
4586,350,541,1,,1521,16852.56,PAID,CARD,TX-9KDPIZ4DEEYV
4587,455,157,2,1,1712,79497.0,PAID,CASH,TX-FB1UGA4C2ART
4588,275,1370,1,,3153,18442.5,PAID,CARD,TX-E0ODQHZSRWV9
4589,561,1455,2,3,1241,14483.7,PAID,TRANSFER,TX-P0E9W7231O2O
4590,419,657,2,1,860,36300.0,PAID,CASH,TX-98FP7ABD36EX
4591,586,955,2,4,1367,92746.5,PAID,CARD,TX-KZ2C1YD92X46
4592,112,84,2,4,2124,41382.0,PAID,CASH,TX-MDKFGSW66QRD
4593,247,900,2,1,,13068.0,PAID,CARD,TX-QTLZPE4N98YJ
4594,551,479,1,,542,58617.0,PAID,GATEWAY,TX-LNS8KV4KC9Q8
4595,371,164,1,,2397,44024.4,PAID,GATEWAY,TX-Z50V2W520H1Y
4596,505,255,2,2,3007,29040.0,PAID,TRANSFER,TX-7R83186YW73I
4597,628,733,1,,577,35503.5,PAID,GATEWAY,TX-X49YSM5CQ2BA
4598,593,192,2,1,2713,38419.92,PAID,CASH,TX-POYSJAF2OHEV
4599,382,1083,2,2,188,29657.1,PAID,CASH,TX-6CGBIFFZ794F
4600,458,780,2,4,789,32670.0,PAID,CARD,TX-88PF18QMNX4J
4601,242,242,1,,1521,26029.2,PAID,CARD,TX-IV7URCPM8CYK
4602,187,555,1,,147,52627.5,PAID,GATEWAY,TX-X3BIHBX1I384
4603,402,256,1,,842,21165.0,PAID,GATEWAY,TX-1GYNMAA9G5I7
4604,63,635,1,,,49224.9,PAID,GATEWAY,TX-KZYHBHA9AIQV
4605,200,349,2,3,938,54188.64,PAID,CARD,TX-SZ8X3GZG40GD
4606,419,306,1,,2034,18987.0,PAID,CARD,TX-P9J8CIWRZNHP
4607,14,969,2,3,1566,74052.0,PAID,CASH,TX-2AP14X5HYZ5R
4608,,1180,2,3,2025,27588.0,FAILED,CASH,
4609,99,37,1,,101,120691.05,PAID,CARD,TX-W3BWB4N3FQ9U
4610,604,846,1,,946,15429.6,PAID,GATEWAY,TX-YW2RTQTMGK4U
4611,203,329,1,,2375,46023.24,PAID,CARD,TX-M7LCYR5LYOBS
4612,215,140,2,3,2722,31305.12,PAID,CARD,TX-65Q89VQF38SH
4613,497,163,2,2,2138,29040.0,PAID,CARD,TX-C8LFKV9ZWT1W
4614,404,86,1,,2431,30540.0,PAID,CARD,TX-SO5883ZXRE1F
4615,261,521,2,2,2845,16335.0,PAID,CARD,TX-Y20ES34DACZM
4616,578,487,1,,959,33870.0,REFUNDED,GATEWAY,TX-15QG8A336NWG
4617,613,639,2,2,2842,51727.5,PAID,CARD,TX-HKNQEA7M3LM7
4618,213,1191,1,,,19050.0,PAID,CARD,TX-AHVDMA3Z4RMF
4619,380,1377,2,4,2145,14520.0,PAID,CASH,TX-FEV94EH6YU6W
4620,103,286,2,4,2986,17787.0,PAID,CASH,TX-WRKT7ZQZ75CA
4621,,1324,2,3,1890,57172.5,PENDING,CASH,
4622,251,702,2,1,991,38115.0,PAID,CARD,TX-C3A9YHBJIAE4
4623,21,694,1,,641,30303.0,PAID,GATEWAY,TX-DIG4XENG74LT
4624,628,665,2,1,1818,46554.75,PAID,CASH,TX-SV9JF77NN3CA
4625,48,244,2,1,1241,79860.0,PAID,TRANSFER,TX-B3UAHJXNYKTK
4626,482,585,1,,553,29940.0,PAID,CARD,TX-84P3IISYRTHX
4627,566,651,1,,472,17208.3,PAID,CARD,TX-HVFBOHG6GIP2
4628,400,1408,1,,1878,28342.8,PAID,GATEWAY,TX-SJZTXHTIR1QL
4629,506,339,2,2,2893,42688.8,PAID,TRANSFER,TX-90A34GF71VV4
4630,30,1110,2,3,1141,18150.0,PAID,CASH,TX-1U8RJ3G2DMGR
4631,479,1311,2,4,1141,39204.0,PAID,CARD,TX-2PT3HIRBPY9M
4632,,827,1,,1809,15129.6,FAILED,CARD,
4633,611,1382,1,,1791,105580.12,PAID,GATEWAY,TX-FJSN3YZ28C43
4634,357,554,1,,2215,74487.6,PAID,CARD,TX-84NOOJ56P3Y6
4635,152,710,1,,2596,27336.0,PAID,CARD,TX-O5W3S9QJ2KM3
4636,388,1085,1,,2588,18442.5,PAID,CARD,TX-W2Q7NDCU719D
4637,154,449,1,,1776,27336.0,PAID,CARD,TX-FC860T466JRP
4638,9,1359,1,,1569,47916.0,PAID,CARD,TX-ZQC6YHIIQFQS
4639,422,956,1,,2106,17151.75,PAID,GATEWAY,TX-6C5022BUO3FM
4640,247,143,2,4,1510,31305.12,PAID,CARD,TX-BN78V7NQZVA1
4641,79,12,1,,1739,27036.0,PAID,CARD,TX-6ZP0K4QPSDRW
4642,17,29,1,,,30249.6,PAID,CARD,TX-JY6I6UAEJ3WR
4643,637,688,1,,2044,14994.0,PAID,GATEWAY,TX-A3UYO0788QJS
4644,103,991,2,4,,30346.8,PAID,TRANSFER,TX-ACA0K2CTMC96
4645,,468,2,4,580,26136.0,FAILED,CASH,
4646,207,650,1,,1739,43560.0,PAID,GATEWAY,TX-FIGX33CMUR80
4647,198,1002,1,,2890,28488.0,PAID,CARD,TX-BKH79UJ9H820
4648,331,539,1,,494,39615.0,PAID,CARD,TX-NNA3R3AU91AG
4649,33,397,2,3,2820,46554.75,PAID,CASH,TX-LR7OPMYC0CE2
4650,264,1059,2,1,3093,36300.0,REFUNDED,CASH,TX-J50OI63VX4R0
4651,150,363,1,,,15420.0,PAID,CARD,TX-CFGNOBMY6TRE
4652,234,806,2,4,1560,35283.6,PAID,CASH,TX-TWD8RAAOPW6O
4653,131,949,2,4,120,87120.0,PAID,CARD,TX-298DPXH9TJJX
4654,176,837,1,,2086,45723.24,PAID,GATEWAY,TX-SJQ8RJID2B2N
4655,,1035,2,3,,15173.4,FAILED,CARD,
4656,345,485,1,,790,15429.6,PAID,GATEWAY,TX-IALPJA3W9Q01
4657,467,778,1,,1653,49524.9,PAID,CARD,TX-MYVC9V423DQM
4658,209,1076,1,,2095,42282.0,PAID,GATEWAY,TX-KJR0516B18QX
4659,271,658,1,,490,33098.62,PAID,CARD,TX-OA7IZTV5D1PG
4660,,1402,1,,2812,68609.62,PENDING,GATEWAY,
4661,,303,1,,2616,13968.0,PENDING,GATEWAY,
4662,,1078,1,,3101,44351.1,FAILED,CARD,
4663,491,1388,2,3,2582,74197.2,PAID,CARD,TX-OI7OGTVR5B1R
4664,294,1286,2,2,325,39204.0,PAID,CARD,TX-F7E0DIVXBDWS
4665,193,703,2,3,,14941.08,PAID,CARD,TX-75C06S7U9Y19
4666,625,250,2,4,2898,27588.0,PAID,CARD,TX-ENKFBHC9JGDW
4667,33,781,1,,,43603.56,PAID,CARD,TX-L1CFB5BPM9H3
4668,407,1033,2,1,1421,29882.16,PAID,CASH,TX-IZ3MH3KWNRTX
4669,140,1255,1,,306,18687.0,PAID,CARD,TX-UGY0L8Y3CGLT
4670,634,703,1,,1875,26029.2,PAID,GATEWAY,TX-H0CFIKMYZ3X9
4671,198,824,1,,1858,42664.2,PAID,CARD,TX-VSNF1PM0VPAK
4672,337,863,1,,864,52927.5,PAID,CARD,TX-SE8FE80DOETX
4673,549,348,1,,1568,50505.0,PAID,CARD,TX-CV8YM53BWUFV
4674,240,1186,2,4,1442,39204.0,PAID,CASH,TX-AXBRP7HQ12JE
4675,585,618,2,4,1839,15518.25,PAID,CASH,TX-RBHEKUMFC830
4676,74,244,2,4,2162,18150.0,PAID,CASH,TX-PXVDD9S2KF1H
4677,631,1082,1,,927,47238.0,PAID,GATEWAY,TX-RRCVX4OTMDAW
4678,,97,1,,407,44024.4,PENDING,CARD,
4679,434,502,2,1,,17242.5,PAID,CASH,TX-ZMY4MQH8QXWQ
4680,148,284,1,,3141,29659.2,REFUNDED,CARD,TX-RW9BB9HKIC9N
4681,378,1112,1,,1043,53227.5,PAID,CARD,TX-1OVHOA0DD448
4682,633,864,2,3,2853,29040.0,PAID,CARD,TX-5A5PHAL03O49
4683,581,1288,2,1,369,67953.6,PAID,TRANSFER,TX-9A74LI19ZA96
4684,59,1169,1,,1158,14694.0,PAID,GATEWAY,TX-6NZNHM2BVV60
4685,135,1271,1,,1855,36474.0,PAID,GATEWAY,TX-X1U7XHEE3M5P
4686,268,996,2,1,575,56029.05,PAID,CASH,TX-PAUQBEVDP96I
4687,164,737,2,1,1014,31305.12,PAID,TRANSFER,TX-UYUKQC9A6698
4688,422,467,1,,2308,44187.75,PAID,CARD,TX-C7NHRVW9RIID
4689,479,232,1,,2835,48099.6,PAID,CARD,TX-RRY67I24MPZQ
4690,267,808,1,,2851,93555.75,PAID,CARD,TX-V74GBI9LU0SC
4691,106,1141,1,,1388,15420.0,PAID,GATEWAY,TX-YYUBZOEDL1YE
4692,157,363,2,3,987,17787.0,PAID,CASH,TX-2X25JJ9IBQMN
4693,505,720,1,,1750,87846.0,PAID,CARD,TX-ZOQFDWSB8WZJ
4694,490,507,1,,1237,64725.0,PAID,GATEWAY,TX-MGCFVBIADF7M
4695,174,1040,1,,2008,78168.18,PAID,CARD,TX-CKLFCLYNKL3C
4696,600,180,1,,2010,32844.0,REFUNDED,CARD,TX-E1DIPSR2VMB7
4697,85,1385,2,3,79,13068.0,PAID,CASH,TX-FTELYIERVU1P
4698,596,185,2,4,582,13794.0,PAID,CARD,TX-UIPVACSXEH3Y
4699,67,238,1,,281,30346.8,REFUNDED,CARD,TX-VT0QKQE5K6WX
4700,75,536,1,,1859,42582.0,PAID,CARD,TX-ERH9B382GZWY
4701,631,1229,1,,2095,44351.1,PAID,CARD,TX-VQE53HCQBY1E
4702,529,814,1,,3035,31382.16,PAID,CARD,TX-7VNW4UIMOAGV
4703,501,1055,1,,1576,52355.25,PAID,CARD,TX-C7SA7S5VHIIC
4704,,1196,1,,87,14994.0,FAILED,GATEWAY,
4705,331,1068,2,3,2828,59731.65,PAID,CASH,TX-BIY4OWYMEYFE
4706,302,865,2,2,624,35574.0,PAID,TRANSFER,TX-9JQPO0Z74JAT
4707,505,1331,1,,587,61821.0,PAID,CARD,TX-8TI0I6VFYNUA
4708,28,299,1,,836,29659.2,PAID,CARD,TX-YHDMLY1CMTYZ
4709,204,1394,2,4,732,35392.5,PAID,TRANSFER,TX-EAJBWOKMMVSL
4710,460,912,2,1,2568,43560.0,PAID,CASH,TX-ZLVOK21QM3C0
4711,405,858,1,,2911,42882.0,PAID,CARD,TX-A2JW8YWIKRW2
4712,70,899,2,4,3189,73529.28,REFUNDED,CASH,TX-VZNC3WUULKD8
4713,409,229,2,2,795,32670.0,PAID,CASH,TX-6X9AT0CMW7OL
4714,,134,2,1,1372,29040.0,PENDING,TRANSFER,
4715,205,657,1,,648,113241.24,PAID,GATEWAY,TX-SK4LGXHKJEHT
4716,430,210,1,,827,48380.64,PAID,GATEWAY,TX-BEPJNJDCVECG
4717,270,1400,1,,950,14921.4,PAID,CARD,TX-S5YRHNDR16G2
4718,183,23,2,1,1844,110293.92,PAID,TRANSFER,TX-PV567GF1FP9T
4719,582,339,2,1,1577,30492.0,PAID,CASH,TX-YYG9RXWMZV70
4720,200,1043,2,2,1048,14701.5,PAID,CARD,TX-67KFOYS6QXBT
4721,224,829,1,,1672,55650.0,PAID,CARD,TX-6NLLJPB9MEY3
4722,,932,2,1,2105,49186.5,FAILED,CASH,
4723,106,433,2,1,219,15173.4,PAID,CASH,TX-LWXKZM0K96V7
4724,523,1280,2,2,988,51455.25,REFUNDED,CARD,TX-7QYVAZ00M6Z3
4725,162,1463,2,1,2664,37352.7,PAID,TRANSFER,TX-8523FYT2QM9S
4726,163,1314,2,2,3135,16335.0,PAID,CASH,TX-GLO5JCZCUV4P
4727,127,812,1,,100,54261.0,PAID,CARD,TX-M7ZIFNDMHUHO
4728,585,1159,2,4,1885,17787.0,PAID,CASH,TX-AK9SOUM4P0D6
4729,392,1424,1,,,36774.0,PAID,CARD,TX-TD9H9FV087WG
4730,,276,1,,,54624.0,FAILED,CARD,
4731,459,132,2,2,84,49005.0,PAID,CASH,TX-PDRLW3PW9CUT
4732,611,270,2,3,532,13068.0,REFUNDED,CARD,TX-IUMLIF0G520J
4733,438,779,2,1,2901,46827.0,PAID,CASH,TX-C8H8YSPA0Q0A
4734,134,1015,2,4,2331,53905.5,PAID,TRANSFER,TX-INGTXY2GQCRF
4735,401,314,2,3,2330,12414.6,PAID,CARD,TX-TINFJSKHPW8U
4736,135,1489,1,,2415,39930.0,PAID,GATEWAY,TX-7KGNPPNZJZR4
4737,199,425,1,,2375,46323.24,PAID,CARD,TX-OT6Y8SUQVYQY
4738,211,157,2,1,2001,42471.0,REFUNDED,TRANSFER,TX-4SEW1KAUE1WJ
4739,593,1421,2,2,324,88699.05,PAID,CARD,TX-B5MULF8VKNMT
4740,374,384,1,,,26136.0,PAID,CARD,TX-AVADISUKYU7K
4741,61,1336,2,2,833,42688.8,PAID,CASH,TX-LAR05SU7WEJU
4742,202,1330,1,,,73689.0,PAID,GATEWAY,TX-EO8T2UX758CP
4743,311,943,1,,2370,92565.0,PAID,GATEWAY,TX-YUYZ65Y9M89O
4744,434,225,1,,3156,43588.8,PAID,CARD,TX-SSBA1ABP28QR
4745,,784,2,4,961,70785.0,FAILED,CASH,
4746,551,1209,2,4,708,39204.0,PAID,CARD,TX-2QWUKM3SRJ49
4747,633,339,1,,2968,46420.2,PAID,CARD,TX-R8CZQD28XN82
4748,227,920,2,2,2833,62857.08,REFUNDED,CASH,TX-W9ABMW9485ID
4749,401,627,1,,841,33570.0,PAID,CARD,TX-OMM66OZTJ97Q
4750,162,261,2,2,1021,71420.25,PAID,CARD,TX-8HAAGPMC36N7
4751,162,672,1,,,84942.0,PAID,CARD,TX-ROA6L1Q76OK8
4752,,1350,1,,389,71341.2,FAILED,CARD,
4753,486,259,2,3,1413,53687.7,PAID,CASH,TX-8H18OBV8IREI
4754,334,1354,2,4,2437,42834.0,PAID,CASH,TX-8QT70RVUUIZJ
4755,506,1310,1,,169,95943.0,PAID,CARD,TX-DX6DO298TBPL
4756,521,1224,2,2,372,26136.0,PAID,TRANSFER,TX-RBI49UVNE8W1
4757,184,850,1,,,28788.0,PAID,GATEWAY,TX-GLSQPNHSZJ4Q
4758,114,1284,2,1,,15518.25,PAID,CARD,TX-GYXGE16UMJB9
4759,484,1127,2,1,915,18966.75,PAID,CARD,TX-HMDHRTCYM63R
4760,374,133,2,2,725,39204.0,PAID,CASH,TX-HAO4W1281DZI
4761,,1154,1,,351,18687.0,PENDING,GATEWAY,
4762,,73,2,4,1864,29040.0,FAILED,CASH,
4763,250,1222,1,,3046,20557.5,PAID,CARD,TX-CQHCETAAIBL6
4764,35,119,1,,1974,15720.0,PAID,CARD,TX-Z0BJ4WKUWJRO
4765,541,1190,2,2,,28967.4,PAID,CARD,TX-36S575S7J01Y
4766,107,1500,1,,1749,35685.0,PAID,CARD,TX-KRYQE8E5PBG0
4767,85,148,2,3,784,45738.0,PAID,CASH,TX-D5MPHQVQUQT3
4768,242,233,1,,1412,31546.8,PAID,CARD,TX-NR7DPI4DEO9S
4769,12,685,1,,2724,15720.0,PAID,GATEWAY,TX-KANW2D0GZ4UT
4770,611,1183,2,1,2643,30346.8,PAID,CASH,TX-XTXT5IYBAAWH
4771,13,427,2,1,,30492.0,PAID,CARD,TX-FCWKVZ7OHXLM
4772,91,996,1,,2536,51727.5,PAID,GATEWAY,TX-HWQ1GN4DEHX0
4773,49,74,2,1,984,53361.0,PAID,CASH,TX-NZWRVK0IYBN1
4774,,407,1,,2814,49269.75,PENDING,GATEWAY,
4775,192,1121,1,,2382,35385.0,PAID,GATEWAY,TX-GDQTP0MXV5L4
4776,421,1209,1,,2921,27036.0,PAID,GATEWAY,TX-YEVJ3GC81W7T
4777,124,494,1,,2613,110845.68,PAID,GATEWAY,TX-7OEV5R5Z4280
4778,317,1026,1,,2473,44823.24,PAID,CARD,TX-9U2E6M7I8CT3
4779,584,773,1,,148,13794.0,PAID,CARD,TX-8TDHQT7GLRWC
4780,470,91,1,,256,12661.2,PAID,CARD,TX-T6588XMI7FB4
4781,219,301,1,,2349,29088.0,PAID,GATEWAY,TX-0188QR7JDJWJ
4782,288,33,2,1,413,64178.4,PAID,CARD,TX-CW85NC3HPZNY
4783,528,1480,1,,2086,46275.0,PAID,CARD,TX-TEQCQS0WG6SU
4784,180,635,2,1,3083,53361.0,PAID,CARD,TX-TY4N12IJ9WJX
4785,199,823,1,,382,15129.6,PAID,GATEWAY,TX-V5MXLAPRTRI7
4786,207,49,2,1,157,54450.0,PAID,CARD,TX-H1VNOMD4RZYQ
4787,245,422,1,,2724,40404.0,PAID,CARD,TX-FRP5N1KEWVXE
4788,482,649,2,2,,39204.0,PAID,TRANSFER,TX-UKT43UY3XDOJ
4789,321,351,2,4,,38115.0,PAID,CARD,TX-S07N7398LWLZ
4790,,1335,1,,2568,37500.0,PENDING,CARD,
4791,499,382,2,2,1473,23522.4,PAID,CASH,TX-EBFSRFER6693
4792,467,1466,1,,2866,57172.5,PAID,CARD,TX-B6E8XQ4JLRGP
4793,530,546,1,,1579,28749.6,PAID,GATEWAY,TX-6SAD3V9C9DQF
4794,182,160,2,3,3083,18150.0,REFUNDED,TRANSFER,TX-HB16AX6V41TZ
4795,87,1075,2,4,2187,43487.4,PAID,CASH,TX-487AAWWZOHFK
4796,337,455,2,1,177,36300.0,PAID,CASH,TX-ICTV3S2STLKY
4797,367,241,1,,2931,79605.9,PAID,GATEWAY,TX-IV4Q27PAUK18
4798,457,710,2,2,228,14520.0,REFUNDED,TRANSFER,TX-257XDG5G2FNU
4799,440,645,1,,1087,86142.0,PAID,CARD,TX-AUKNVPOWD2GW
4800,166,367,2,2,151,52816.5,PAID,CARD,TX-66N6A475PQMT
4801,320,890,2,4,1018,87846.0,PAID,CARD,TX-0BWT8N1SZVTU
4802,,927,1,,1348,29359.2,FAILED,CARD,
4803,490,133,1,,2652,41382.0,PAID,GATEWAY,TX-TRV0K5WRSJW5
4804,,524,2,2,1976,71728.8,FAILED,CASH,
4805,311,635,1,,200,29359.2,PAID,GATEWAY,TX-AO6NBPOESJ8G
4806,179,1206,1,,2666,33144.0,PAID,CARD,TX-H271V2UGUWYU
4807,55,1461,1,,1524,45738.0,PAID,CARD,TX-XZ8PB1TR0MZ4
4808,462,601,1,,2363,40104.0,PAID,GATEWAY,TX-2NOEPP3V18CX
4809,356,1057,1,,1120,42364.2,PAID,CARD,TX-7XBFGXS2GXLV
4810,221,357,2,4,540,13068.0,PAID,CARD,TX-QYCAORO2DXP1
4811,82,1261,1,,,40104.0,PAID,CARD,TX-3FYVNSPWOQEB
4812,406,26,1,,491,30782.16,PAID,CARD,TX-RO6NTNJYZRXC
4813,,588,2,3,1157,39204.0,FAILED,CASH,
4814,41,17,1,,2013,28488.0,PAID,GATEWAY,TX-AFC1W6U6CCD0
4815,131,730,1,,1925,38707.5,PAID,CARD,TX-M37XTV0RCNCO
4816,561,874,2,4,3109,35574.0,REFUNDED,CASH,TX-0GT2JYSYY04T
4817,,961,1,,2588,38552.7,FAILED,CARD,
4818,48,1127,1,,2863,53227.5,PAID,GATEWAY,TX-PCNFHPNK34A6
4819,414,1324,1,,296,53227.5,PAID,GATEWAY,TX-8C6YBIWTJ3JO
4820,346,8,1,,1402,14268.0,REFUNDED,GATEWAY,TX-6KJU1FJLLETX
4821,119,906,2,3,1087,29040.0,PAID,TRANSFER,TX-OVH803F1HIKL
4822,474,807,1,,335,44024.4,PAID,CARD,TX-L5B51Y4QTT7O
4823,228,1111,2,3,125,62799.0,PAID,CARD,TX-ZYYNKYS0483V
4824,216,1279,1,,2957,49905.0,PAID,GATEWAY,TX-EVRHWTD64XQH
4825,164,728,1,,2382,71476.8,PAID,GATEWAY,TX-G8P21ESXSRFQ
4826,425,337,1,,2078,24422.4,PAID,GATEWAY,TX-JF4SH4QWW5B5
4827,,1302,1,,2107,49116.0,FAILED,CARD,
4828,285,832,2,4,,26136.0,PAID,CARD,TX-JJY0703CS3KK
4829,606,226,2,4,2050,17151.75,PAID,CARD,TX-YCG8WLGV4YH3
4830,144,810,2,2,2006,123783.0,PAID,CASH,TX-NDNDE3S4O1VS
4831,404,923,2,1,1890,18966.75,PAID,CARD,TX-VG2J7K7N5MVI
4832,519,816,1,,,78872.4,PAID,CARD,TX-2C37FHZY54IQ
4833,78,1205,1,,384,112423.2,PAID,GATEWAY,TX-29KIGK0AYMIA
4834,382,240,1,,2099,34485.0,PAID,CARD,TX-7A6XG6F4JMW4
4835,241,867,1,,2735,41042.88,PAID,GATEWAY,TX-4TFTUI00SQ1Z
4836,573,60,2,3,3100,53361.0,PAID,CASH,TX-16BSTV8GN2Y6
4837,284,676,1,,2227,69502.08,PAID,CARD,TX-TBF61VWAGJKK
4838,549,1029,2,1,1721,39204.0,PAID,CASH,TX-4VB8DSZFXMR5
4839,33,453,2,3,,37243.8,PAID,CARD,TX-I2YBVJWO4SZA
4840,,1480,2,1,2150,86974.8,FAILED,CARD,
4841,343,865,1,,,70823.4,PAID,CARD,TX-TGIZD1LNV19H
4842,23,922,1,,604,53135.7,PAID,CARD,TX-74H1P1LWQEUT
4843,94,883,2,4,444,71148.0,PAID,CARD,TX-5NIDU5Z6JKTK
4844,456,204,1,,981,53905.5,PAID,GATEWAY,TX-H3UF6WBS0JOK
4845,,983,2,3,1335,51909.0,FAILED,CASH,
4846,207,34,2,2,3148,28459.2,PAID,CASH,TX-VLJPW7M94YQW
4847,260,517,2,2,195,114345.0,PAID,CARD,TX-G66M6LJTN1LW
4848,149,181,2,1,605,34485.0,PAID,TRANSFER,TX-LBUWKLU1KONX
4849,630,477,2,2,1925,32670.0,PAID,CASH,TX-XX8TCS8Q83X7
4850,593,344,1,,2941,27336.0,PAID,GATEWAY,TX-624IM84MCZAV
4851,62,206,2,2,25,16335.0,PAID,CASH,TX-P453ALHZZ81X
4852,421,861,1,,40,30346.8,PAID,CARD,TX-WSO1OI3K82WV
4853,291,301,1,,3135,21465.0,PAID,CARD,TX-FF0Z7CO3GKPM
4854,434,1130,2,3,295,79860.0,PAID,TRANSFER,TX-5L3228G0209E
4855,152,1116,2,4,2181,32670.0,PAID,CASH,TX-2Y57QF6DMAC1
4856,411,81,1,,1171,41130.0,PAID,CARD,TX-Q8SJE4FMQVMK
4857,352,954,2,4,3076,97138.8,PAID,TRANSFER,TX-B2KFT8GI4FHW
4858,413,77,2,2,,18150.0,PAID,CASH,TX-AX65JGTS3S4I
4859,316,549,2,3,1013,49005.0,PAID,CASH,TX-4ZDHFWGWUT0E
4860,229,547,2,3,497,26136.0,PAID,CASH,TX-4A477WA6VYU5
4861,,991,2,3,1314,52272.0,FAILED,CASH,
4862,241,605,1,,2707,56802.0,PAID,CARD,TX-7Y7KQCPW82NZ
4863,85,249,2,3,,31944.0,PAID,TRANSFER,TX-0F4KG4KBCGKK
4864,111,547,2,3,955,42688.8,PAID,CARD,TX-RO935YWPFWXB
4865,609,1343,2,3,,95015.25,PAID,TRANSFER,TX-7F4IITFYN5VI
4866,365,1498,1,,2851,81675.0,PAID,CARD,TX-AVDCZ2YVKBWV
4867,352,1337,2,4,549,46554.75,PAID,CASH,TX-3VKV83AUWFZY
4868,,142,2,4,645,26136.0,FAILED,CASH,
4869,130,1390,2,4,423,28749.6,PAID,CASH,TX-RR70AFFNZL47
4870,217,1211,1,,2298,39133.5,REFUNDED,CARD,TX-OTTYLKMBVDW4
4871,525,1299,2,4,,29040.0,PAID,TRANSFER,TX-851VQ0JWNAO4
4872,421,1351,2,1,685,17787.0,REFUNDED,TRANSFER,TX-M8J7OY4E0DNI
4873,619,638,1,,1905,76812.9,PAID,CARD,TX-YPTDZA06ON5K
4874,530,50,2,2,287,33577.5,PAID,CARD,TX-UPKCNAPPRWZ4
4875,368,314,1,,2033,49186.78,PAID,GATEWAY,TX-4WIZWQKGYQJE
4876,29,1398,2,4,1091,13721.4,PAID,CARD,TX-CEYRIL4767ZX
4877,266,340,1,,,58372.5,PAID,GATEWAY,TX-3YMTFM8MY716
4878,133,1162,2,3,,13794.0,PAID,CARD,TX-KUKUZA68GTNT
4879,22,1500,2,4,810,19057.5,PAID,CARD,TX-3WDBZD0LTG18
4880,235,1240,2,2,2858,46554.75,PAID,CASH,TX-1QQXI4QXPJ6O
4881,620,1251,2,3,1348,49005.0,PAID,CARD,TX-CIPTM4QCTBM2
4882,113,1484,1,,2342,75745.68,PAID,CARD,TX-BCN8GNYUSQXB
4883,611,395,1,,,33933.0,PAID,CARD,TX-20GRR6U6SZA7
4884,368,839,2,4,205,83373.84,REFUNDED,CASH,TX-HQAH8VKJ406A
4885,591,643,1,,2554,72420.6,PAID,CARD,TX-T61581Y9ESPH
4886,200,231,1,,1799,26029.2,PAID,CARD,TX-FMLZ6XDD5I35
4887,294,69,1,,1971,29959.2,REFUNDED,CARD,TX-7A8B4KMNS1HP
4888,306,348,1,,,42582.0,PAID,CARD,TX-OCTGUSSD6SJ6
4889,281,621,1,,2576,43888.8,PAID,CARD,TX-9WZ5SNVO990C
4890,209,1138,2,1,1660,51727.5,PAID,CASH,TX-M41P00UBKH3S
4891,216,1104,1,,2585,29959.2,PAID,CARD,TX-5NPI0F2UF89K
4892,219,302,1,,,28788.0,PAID,CARD,TX-F5UECZ93JVMY
4893,463,334,1,,,35685.0,PAID,CARD,TX-VVWUTOFTODOM
4894,340,660,2,2,3039,59895.0,PAID,CARD,TX-2Y5PEJ0OY0T5
4895,494,704,2,3,2009,33033.0,PAID,TRANSFER,TX-5044RN70R4IK
4896,390,201,1,,2752,37074.0,PAID,CARD,TX-6GY9G9TOUED2
4897,341,256,2,2,632,15246.0,PAID,CARD,TX-YJQTR3I09GB2
4898,28,1136,1,,1963,18742.5,PAID,GATEWAY,TX-ONDCUVT7DJ6V
4899,606,1059,1,,,34485.0,PAID,CARD,TX-JHVD5HFP85HR
4900,599,152,1,,61,13968.0,PAID,GATEWAY,TX-PJ4XRIDD5M62
4901,471,582,1,,977,36183.6,PAID,CARD,TX-BS4HIKUW9GMV
4902,398,1138,1,,,13068.0,PAID,GATEWAY,TX-Q1ZDEBK4RUIW
4903,298,1154,1,,838,54861.0,PAID,CARD,TX-VE8WYSL0YKLS
4904,227,898,1,,436,30492.0,PAID,CARD,TX-6JD9YROLWOFT
4905,232,819,2,2,711,14374.8,PAID,CASH,TX-18GPSLBCRKJQ
4906,22,497,1,,1945,33144.0,PAID,GATEWAY,TX-05LPTXP3PXXN
4907,,95,1,,1310,73437.0,PENDING,CARD,
4908,486,423,2,3,2770,54313.88,PAID,CASH,TX-QEL1IBG2086L
4909,,548,2,1,1830,41382.0,FAILED,CASH,
4910,,234,2,1,231,57898.5,PENDING,CASH,
4911,281,63,1,,1382,42717.6,PAID,GATEWAY,TX-SLKIM65NG3WP
4912,,1226,1,,1888,19050.0,FAILED,CARD,
4913,499,33,2,2,693,29882.16,PAID,CARD,TX-096JYC0SLL9E
4914,132,475,1,,1443,44614.8,PAID,GATEWAY,TX-1QZMWFSS29WO
4915,624,1359,2,2,2106,29882.16,PAID,CARD,TX-BP5SVI5P754C
4916,406,401,2,2,2029,28459.2,REFUNDED,CASH,TX-3P9FTRYT122J
4917,561,1189,1,,,40104.0,PAID,CARD,TX-DGN9LN8KF870
4918,489,824,2,4,2417,14520.0,PAID,CASH,TX-I6LVWK3JXKEY
4919,,648,1,,1499,35685.0,FAILED,GATEWAY,
4920,571,894,2,4,1103,29040.0,PAID,CASH,TX-R2P2GQNOWUXN
4921,247,1227,1,,3057,40404.0,PAID,GATEWAY,TX-1VJURCD6VBPD
4922,290,817,2,2,2536,86983.88,PAID,CASH,TX-7BY3MYE5A2JQ
4923,,1335,2,2,2670,77740.08,FAILED,CASH,
4924,,1224,2,3,967,36300.0,PENDING,CARD,
4925,46,994,1,,2983,68355.0,PAID,CARD,TX-ZKY1Y8G3HDII
4926,238,1304,2,3,491,19057.5,PAID,CARD,TX-AQOQ30QUDGZL
4927,60,329,2,4,794,17242.5,PAID,CARD,TX-MUEJMYCNLW4S
4928,28,548,1,,1310,15901.5,PAID,GATEWAY,TX-BVAKXAQZXUBX
4929,100,942,1,,2465,43888.8,PAID,CARD,TX-9BYPWLAH6WVP
4930,492,1276,2,2,468,28459.2,PAID,CASH,TX-CA5ZSXXV2W2X
4931,616,112,2,3,2772,17787.0,PAID,CASH,TX-AJEIV6RAOM6P
4932,500,1224,1,,1805,19350.0,REFUNDED,GATEWAY,TX-17DY0IQ7HCBA
4933,71,1132,1,,98,44460.0,PAID,GATEWAY,TX-YQ5WGFVQ84J4
4934,498,256,2,4,1574,41164.2,PAID,CARD,TX-UOVOUSU2E4LS
4935,240,424,1,,356,40404.0,PAID,CARD,TX-LY8OUZOL6SMQ
4936,123,554,2,1,2945,66247.5,PAID,CARD,TX-USMQ3RSB3X0B
4937,18,724,2,2,488,26136.0,PAID,CASH,TX-HX53K1X7VYOI
4938,284,821,1,,800,40104.0,PAID,GATEWAY,TX-BO6DWKBCC7OK
4939,115,1022,2,2,2164,14229.6,REFUNDED,CASH,TX-2QS23JFUNTYH
4940,443,200,1,,2697,96487.5,PAID,GATEWAY,TX-Z6ZNNMUMV0C3
4941,596,191,1,,437,27636.0,REFUNDED,GATEWAY,TX-Q7KCQP8IN7G3
4942,,1079,2,3,2481,42471.0,FAILED,CASH,
4943,257,656,2,1,2969,46554.75,PAID,CARD,TX-B4YBZ9NG97K3
4944,174,400,1,,1840,17535.0,PAID,GATEWAY,TX-KZQC8COEA88E
4945,417,578,1,,1154,32355.0,PAID,CARD,TX-WBT9PZD2YYPB
4946,72,812,2,3,1767,76738.2,PAID,CARD,TX-7RCNXHP5VEGJ
4947,445,296,1,,1072,28967.4,PAID,GATEWAY,TX-CATTL6D2I29M
4948,,762,1,,2098,35203.5,FAILED,GATEWAY,
4949,542,712,2,4,2917,13068.0,PAID,CARD,TX-VGIUVPSQ0LQA
4950,127,80,2,1,2935,97374.75,PAID,TRANSFER,TX-RKAEFF7ML6BN
4951,175,362,2,2,1712,13794.0,PAID,CASH,TX-XOK1QHU7PWM7
4952,553,194,2,4,2308,49005.0,PAID,CASH,TX-VK1KOWQ8OH18
4953,470,1028,1,,732,33570.0,PAID,CARD,TX-2UI0FMVW02XF
4954,178,20,1,,470,85297.5,PAID,GATEWAY,TX-X8XSN1FLJRPY
4955,302,16,1,,1007,32805.12,REFUNDED,CARD,TX-AXSSWR84YZ98
4956,505,1453,1,,2101,33870.0,PAID,GATEWAY,TX-3JFI0F5YI1LN
4957,,1465,1,,2319,69534.22,FAILED,GATEWAY,
4958,48,147,1,,,35385.0,PAID,GATEWAY,TX-83HLOC9W89KA
4959,450,144,2,2,2979,81609.66,PAID,CASH,TX-CHZI4DZ5DQJR
4960,,1425,1,,1853,55386.3,PENDING,CARD,
4961,239,665,2,4,1400,27588.0,PAID,CARD,TX-RWJZR6NG2QAC
4962,15,130,1,,175,46023.24,PAID,CARD,TX-SFNFHOQADDKB
4963,255,371,1,,1997,15841.08,PAID,GATEWAY,TX-UWRIFYJ8Q2XZ
4964,502,343,2,2,2572,32670.0,PAID,CASH,TX-3GEAJ19E147T
4965,496,1281,2,4,1740,13068.0,PAID,CASH,TX-9M4H1S2W3EU2
4966,,1304,1,,561,29359.2,FAILED,GATEWAY,
4967,391,766,1,,1045,49542.0,PAID,GATEWAY,TX-L9F56ASNR5PN
4968,312,845,1,,253,74026.35,PAID,CARD,TX-250DWOUWF60A
4969,,35,2,3,2322,28459.2,PENDING,CARD,
4970,455,47,2,3,350,12414.6,PAID,CASH,TX-IZQHQ8BKH8ZU
4971,,590,1,,2086,14268.0,PENDING,CARD,
4972,296,28,1,,1481,17535.0,PAID,GATEWAY,TX-8M2VY0V4OWS2
4973,496,695,2,1,1601,57354.0,PAID,CASH,TX-I67KS2FJLT15
4974,425,1013,1,,1803,75697.2,PAID,CARD,TX-HD7KPBOWZIWQ
4975,576,159,2,2,,97138.8,PAID,CARD,TX-IKMEKINVB7MJ
4976,460,589,1,,2336,33833.7,PAID,CARD,TX-UW2UVDGUG9KX
4977,632,833,1,,2062,84264.0,PAID,GATEWAY,TX-F7GAOMTF0W5U
4978,266,211,1,,2553,36892.5,PAID,GATEWAY,TX-O6UUTEFDAP1Y
4979,296,208,2,3,,38115.0,PAID,CASH,TX-H6J281XM0BG2
4980,511,1025,2,4,810,14701.5,PAID,CARD,TX-RIXOBRKY447A
4981,45,928,1,,,37500.0,PAID,CARD,TX-4MZ02T11R52Q
4982,449,852,1,,626,48571.5,PAID,CARD,TX-95MQI9NW0ZY0
4983,48,687,2,1,155,118555.8,PAID,CARD,TX-QGAXFPPWE2YB
4984,,638,2,4,878,19057.5,PENDING,CARD,
4985,338,1094,1,,2774,26136.0,PAID,GATEWAY,TX-HZMPZLTQH06R
4986,148,68,1,,512,111043.8,PAID,CARD,TX-K8P4E5KFAOJD
4987,199,1269,1,,1560,96485.4,PAID,CARD,TX-7PGS7N7K33FY
4988,47,142,1,,502,32916.6,PAID,CARD,TX-TV5LL2N1RJ7Y
4989,313,1205,1,,1012,46609.2,PAID,CARD,TX-7QFHTEEG6MPH
4990,,460,1,,452,98002.5,FAILED,CARD,
4991,475,859,2,3,2726,13068.0,PAID,CASH,TX-95FUSYY84ZW5
4992,156,1144,2,2,,25613.28,PAID,TRANSFER,TX-MJZICL5GQRDG
4993,,145,2,1,2562,39204.0,PENDING,TRANSFER,
4994,115,1204,2,4,,17242.5,PAID,CARD,TX-KBJEVVD8ZT2G
4995,504,896,1,,1462,59568.3,PAID,CARD,TX-JMCXAGN75ZOS
4996,292,1144,1,,,14268.0,PAID,GATEWAY,TX-1GK8ZPGCA47H
4997,553,1007,2,4,1997,41382.0,PAID,CARD,TX-54F55QEJCAC3
4998,528,964,1,,,30240.0,PAID,CARD,TX-R6JB2OOQ3E5D
4999,132,496,1,,58,35574.0,PAID,GATEWAY,TX-35JYW3CICIHQ
5000,298,483,2,4,1840,54087.0,PAID,CARD,TX-25GDX6N1WHL6
5001,210,418,1,,1604,55350.0,PAID,GATEWAY,TX-5EJW0HSYTROI
5002,564,18,1,,1247,51720.0,PAID,GATEWAY,TX-BMM5ZAKMYYWD
5003,,1104,1,,1166,78872.4,PENDING,GATEWAY,
5004,404,706,1,,953,14306.64,PAID,GATEWAY,TX-AD50TJE50LKE
5005,570,460,1,,2107,112050.6,PAID,CARD,TX-C836XU4P7OHJ
5006,12,1424,1,,180,18987.0,PAID,GATEWAY,TX-NXZG8ZB6QMHB
5007,75,519,1,,3104,29814.0,PAID,CARD,TX-I3J0UBZ90XUM
5008,383,57,2,3,360,93654.0,PAID,TRANSFER,TX-TJQV698SMAO3
5009,206,1013,1,,,39319.92,PAID,GATEWAY,TX-NAEU0QYUAJLE
5010,406,497,1,,2318,54261.0,PAID,CARD,TX-8FO7RHT97008
5011,365,724,1,,510,19650.0,PAID,CARD,TX-LDWG7T62ME4O
5012,127,1211,2,4,539,32670.0,PAID,TRANSFER,TX-C33MAAG1WKAD
5013,269,978,1,,1500,44760.0,PAID,CARD,TX-RKVBDXN6JFB6
5014,263,67,2,4,2862,36300.0,PAID,CASH,TX-ZAB155VJYIRP
5015,409,694,2,4,1521,42979.2,REFUNDED,CASH,TX-OGBYY8ZD8G8H
5016,357,4,1,,2620,42282.0,PAID,GATEWAY,TX-WG5ZG4HAFZ95
5017,408,434,1,,1181,29940.0,PAID,GATEWAY,TX-XE4PM03XQDBE
5018,403,385,1,,138,14229.6,PAID,GATEWAY,TX-ZC7NSLIU05PJ
5019,270,539,2,1,1172,23522.4,PAID,CARD,TX-6IRZK0S3JWJP
5020,,306,1,,292,91369.2,FAILED,CARD,
5021,359,441,1,,564,39523.2,PAID,GATEWAY,TX-218G086FVRY0
5022,360,1090,1,,1558,83709.9,PAID,CARD,TX-EWIGC8GO440G
5023,464,1405,1,,,19287.0,REFUNDED,CARD,TX-FJHAVVTIL7D1
5024,34,712,1,,2093,35249.4,PAID,GATEWAY,TX-WF8MBE8L3UQF
5025,,66,1,,1270,16146.0,FAILED,CARD,
5026,294,788,2,2,2208,29040.0,PAID,TRANSFER,TX-A7JOX8I7L0OZ
5027,166,355,2,3,2090,45520.2,REFUNDED,TRANSFER,TX-JIY6DUMPZBFK
5028,619,913,1,,1683,19876.35,REFUNDED,CARD,TX-HGK3QHTMKDV9
5029,440,902,1,,641,15729.6,PAID,GATEWAY,TX-PZK41P468JY5
5030,209,1123,2,2,2847,12414.6,PAID,CASH,TX-1ZP2GRNKNSZO
5031,,776,2,1,,124509.0,FAILED,CARD,
5032,175,811,1,,2628,29214.0,PAID,CARD,TX-XOCKLA9DBYUF
5033,610,1342,1,,968,46638.0,PAID,GATEWAY,TX-6T6FVYG65VCX
5034,227,544,1,,252,39133.5,PAID,CARD,TX-Q5ORSYCJ0C4R
5035,531,277,1,,1915,14268.0,PAID,GATEWAY,TX-AXXASOLANP48
5036,330,922,2,3,2466,26136.0,PAID,CASH,TX-8FTRWJL0EBAN
5037,390,1327,1,,1838,27636.0,PAID,GATEWAY,TX-2JB06J2H45BE
5038,12,147,2,4,2529,14229.6,PAID,TRANSFER,TX-VEJQXGMXHJH7
5039,293,761,2,2,1593,38419.92,PAID,TRANSFER,TX-2AHIFWLWAKL1
5040,472,1368,1,,2892,55196.25,PAID,CARD,TX-41G2G9UN3OCY
5041,234,661,1,,2367,39204.0,PAID,GATEWAY,TX-XDOMJ1A4OSHV
5042,586,1348,2,3,2325,85758.75,PAID,CASH,TX-6BCEJ3PKO16L
5043,114,241,1,,3187,19050.0,PAID,CARD,TX-B501KMD2MMCJ
5044,67,273,1,,2638,54722.25,PAID,CARD,TX-9DEG9A48FURD
5045,250,156,2,2,106,14229.6,PAID,CASH,TX-39V0CW8UO2KE
5046,165,1492,1,,158,75615.0,PAID,GATEWAY,TX-KYBZPGAA50H3
5047,199,1123,2,1,336,18150.0,PAID,CARD,TX-23VT662DOAQV
5048,358,773,2,3,,53361.0,PAID,CARD,TX-SPG5Q14YS5RZ
5049,,79,2,3,1595,62944.2,FAILED,CARD,
5050,182,262,1,,189,28788.0,PAID,CARD,TX-5OB4RUGNRM2B
5051,347,1040,2,2,,107085.0,REFUNDED,CASH,TX-S9NPQBRLCK79
5052,631,1250,2,3,3138,32670.0,PAID,CARD,TX-UI898JBYLSTU
5053,534,717,1,,2535,62292.9,PAID,CARD,TX-IDO75GPBK2U4
5054,267,173,1,,2343,29359.2,PAID,CARD,TX-2REDQ4H75896
5055,392,1011,1,,156,43008.0,PAID,GATEWAY,TX-1LCF92LU7IDD
5056,470,276,1,,1329,55513.88,REFUNDED,CARD,TX-Z1JT57Y86GF9
5057,65,803,1,,3169,82875.0,PAID,GATEWAY,TX-J9N479JF28W6
5058,285,177,2,4,2083,13068.0,PAID,TRANSFER,TX-WQV8G14DPEU5
5059,119,1042,1,,892,39204.0,PAID,GATEWAY,TX-K84EUETJ8QOX
5060,581,809,1,,,15901.5,PAID,CARD,TX-Q4UR7BOVZ0PL
5061,,257,2,3,987,57891.24,FAILED,CASH,
5062,50,649,2,2,37,14229.6,PAID,CARD,TX-UU4RTJKTODDR
5063,467,964,2,3,2724,37352.7,PAID,CASH,TX-DRCJQ5K9NZ0I
5064,168,1349,2,2,234,53361.0,PAID,CASH,TX-I3JRWSA4WAJI
5065,489,1418,1,,1423,16373.4,PAID,GATEWAY,TX-RQFM01F1WFU1
5066,430,1396,2,3,1230,41164.2,REFUNDED,CARD,TX-1C7Y25DJ2RNS
5067,553,152,2,3,3071,15173.4,PAID,CASH,TX-D5WVREPQ3U8L
5068,,577,2,1,1521,75504.0,FAILED,CASH,
5069,435,112,1,,2032,37500.0,PAID,GATEWAY,TX-H8WK9CL01MP4
5070,524,1216,1,,,42282.0,PAID,GATEWAY,TX-TOVNOZ0SFN3K
5071,,473,2,2,68,54450.0,FAILED,TRANSFER,
5072,497,343,1,,,103810.5,PAID,CARD,TX-FUZTXKID0MGX
5073,596,821,1,,1489,16852.56,PAID,GATEWAY,TX-CH1P4ZTS1JJL
5074,164,108,1,,44,33262.5,PAID,CARD,TX-6L7YI7Y935OK
5075,,687,1,,2883,70596.0,FAILED,CARD,
5076,606,520,1,,1052,15729.6,PAID,GATEWAY,TX-IKTXOUQIRGM3
5077,331,1426,2,2,1412,14229.6,PAID,CASH,TX-AOOHHEND6AUT
5078,79,1008,1,,3103,49043.4,PAID,CARD,TX-OHSNDEJQK097
5079,170,1449,2,1,2791,42834.0,PAID,CARD,TX-5RW0TAZ51VIU
5080,477,109,1,,762,31246.8,PAID,CARD,TX-O3ZMY39FSR04
5081,,23,1,,2296,53361.0,FAILED,CARD,
5082,205,820,1,,2389,60003.66,PAID,CARD,TX-PCKXOBOZ46FQ
5083,242,824,1,,325,49905.0,PAID,GATEWAY,TX-WT37YYXXJ6UV
5084,150,641,2,1,1716,33196.35,PAID,CARD,TX-N1J3OBFIV88F
5085,506,1206,1,,819,27336.0,PAID,CARD,TX-2BWLTBS03JBL
5086,40,446,2,2,951,28459.2,PAID,TRANSFER,TX-U6L7IP31OOSP
5087,136,497,2,2,625,53361.0,PAID,CASH,TX-N84MJ4YO98FT
5088,27,882,2,3,1338,94670.4,PAID,CARD,TX-K3YTZOP3I9A7
5089,45,1477,1,,2879,37800.0,PAID,GATEWAY,TX-QSLZYQIJ7V2W
5090,415,1129,2,1,2426,41382.0,PAID,CASH,TX-K57MH1JH03G9
5091,52,144,2,1,1452,34485.0,PAID,CARD,TX-PADPZ328UEEX
5092,418,6,2,2,1693,39930.0,PAID,CASH,TX-GZKNJYDYQPFR
5093,403,107,2,1,2036,27588.0,PAID,CARD,TX-HJUTED221C2V
5094,632,1033,1,,2846,43588.8,PAID,GATEWAY,TX-TEV4XCO7YS14
5095,595,297,1,,1798,12806.64,REFUNDED,GATEWAY,TX-XZLBSL47BS9K
5096,547,529,1,,1830,32916.6,PAID,GATEWAY,TX-JO5OFW27CHGV
5097,334,1371,2,3,2847,13794.0,PAID,CASH,TX-ZN3X3OE2DULU
5098,41,219,2,2,825,14520.0,PAID,CARD,TX-UNMROVKZUK2Y
5099,560,405,1,,1904,15729.6,PAID,CARD,TX-6HKBXBV2CFLT
5100,388,954,1,,,39619.92,PAID,CARD,TX-DFFN1POGE2TQ
5101,314,963,1,,2808,93065.7,PAID,CARD,TX-KTJRN35HMEDH
5102,501,1171,1,,2853,53825.4,REFUNDED,CARD,TX-6O13K3XF1SXA
5103,122,413,2,3,,18150.0,PAID,CARD,TX-3JUUL7WJ3A6I
5104,379,1137,2,1,2927,13068.0,PAID,CASH,TX-Q6983X45GJBF
5105,605,884,2,4,2342,29040.0,PAID,TRANSFER,TX-2NB868GGTFIK
5106,274,1285,2,1,3105,103455.0,PAID,CARD,TX-QVZLT2ZCSC4U
5107,554,983,2,2,2696,26136.0,PAID,CASH,TX-75K656HUKODC
5108,9,247,2,4,,39204.0,PAID,CARD,TX-2P7VVQRM1D0I
5109,476,1081,2,4,749,28459.2,PAID,CARD,TX-7P4O3CSE0HF1
5110,290,253,1,,1575,40104.0,PAID,GATEWAY,TX-9GLG6ASA0AQN
5111,313,1473,1,,1091,94590.3,PAID,CARD,TX-VVLDX9DJ27HG
5112,111,329,1,,,16373.4,PAID,GATEWAY,TX-K2VZMZI92WUA
5113,416,671,1,,1429,75605.4,PAID,CARD,TX-85LT9BV5S7VB
5114,251,282,1,,855,50205.0,PAID,CARD,TX-7IKAXP8Z70R9
5115,278,583,2,3,3115,42688.8,PAID,CASH,TX-QYHY1530FMC4
5116,109,1052,2,3,2034,32670.0,REFUNDED,CASH,TX-O74FWVJBU2UI
5117,437,552,1,,2745,44351.1,REFUNDED,GATEWAY,TX-XI0T4DHFCF0A
5118,354,503,2,4,1297,49005.0,PAID,TRANSFER,TX-CFCR2DIGDZ9Z
5119,374,46,2,4,2313,47124.66,PAID,CARD,TX-IAPS9N4IK7ST
5120,3,594,1,,3037,70959.0,PAID,CARD,TX-3N5EUO4N4SPF
5121,6,719,1,,1302,40331.4,PAID,GATEWAY,TX-S8ZXMIPT1AMI
5122,,1084,1,,2695,17835.0,FAILED,CARD,
5123,402,12,2,4,1840,45102.75,PAID,CASH,TX-DARRBYZ328PP
5124,541,1479,2,4,625,41382.0,PAID,CASH,TX-BZCOF8YUFUPR
5125,500,122,1,,690,31936.5,PAID,GATEWAY,TX-STXR0BOITO8A
5126,586,598,1,,1812,27636.0,PAID,CARD,TX-UO2TFJRRQKT1
5127,410,1156,1,,3014,86142.0,PAID,CARD,TX-OQZLA9ICOZKZ
5128,82,1035,2,2,,53361.0,PAID,CASH,TX-3OD9C4O0FSML
5129,286,811,2,3,752,17242.5,PAID,TRANSFER,TX-VCJXBMTNR08D
5130,341,69,1,,597,84462.6,PAID,CARD,TX-Q3L0SMWG8VAG
5131,207,1496,2,1,946,43560.0,REFUNDED,TRANSFER,TX-I21LNGZBFF6Z
5132,42,605,1,,2259,35503.5,PAID,CARD,TX-Z3UMEG5PCPO8
5133,300,1378,2,4,2349,28459.2,PAID,TRANSFER,TX-VIID2539Z5BH
5134,410,606,1,,634,48924.9,PAID,CARD,TX-5QSJC7GT1EBA
5135,61,59,1,,1616,19350.0,PAID,CARD,TX-78CXBS7F2CP8
5136,534,421,1,,705,52927.5,PAID,CARD,TX-ZSV6N8VDB2S2
5137,228,1334,2,1,495,13068.0,PAID,TRANSFER,TX-6W8GRL0CBJI9
5138,319,983,1,,2988,43888.8,PAID,GATEWAY,TX-HCBHOQ7Q5BP8
5139,,676,1,,350,35985.0,FAILED,CARD,
5140,453,1394,2,3,3090,41382.0,PAID,CASH,TX-HYSD2QF2BFLN
5141,328,953,1,,,51455.25,REFUNDED,GATEWAY,TX-ZW3TAZU0ZXV9
5142,368,401,2,2,,54450.0,PAID,CARD,TX-GTUTCLSB2HH3
5143,12,1367,1,,2522,44460.0,PAID,GATEWAY,TX-KGRPKH8581QJ
5144,395,662,1,,675,85733.1,PAID,CARD,TX-9YYQ1SMPYOZF
5145,284,684,2,3,90,45992.1,PAID,CASH,TX-RBLQ6QDQC64F
5146,240,914,2,4,1524,17787.0,REFUNDED,CASH,TX-62HZ4W0QQJWQ
5147,427,235,2,3,,15246.0,PAID,CASH,TX-X2FC78XARZV3
5148,,223,2,2,1109,85305.0,FAILED,TRANSFER,
5149,517,38,1,,,29403.0,PAID,CARD,TX-5FDC19281SHO
5150,105,482,1,,,26513.28,PAID,GATEWAY,TX-L036RUVQ2O61
5151,527,1352,1,,916,54139.92,PAID,CARD,TX-E5QDMZUU52UM
5152,41,385,2,1,155,30346.8,PAID,CASH,TX-I161PCS937SN
5153,77,126,1,,2527,16335.0,PAID,CARD,TX-YCKLFZ2CV724
5154,83,635,1,,2050,37200.0,REFUNDED,GATEWAY,TX-KXMNDXCTTBYM
5155,81,709,1,,2494,50205.0,PAID,CARD,TX-8TR83V3ATX0B
5156,89,1469,2,4,101,27588.0,PAID,TRANSFER,TX-2EMCOZW7MO1E
5157,437,752,1,,529,13968.0,PAID,CARD,TX-N997GJN1C73K
5158,483,1366,2,2,1357,66015.18,PAID,CASH,TX-O9OSRRHNDZ1P
5159,337,474,2,1,125,13794.0,PAID,CASH,TX-71I9AMKKH3JM
5160,579,136,1,,1248,47454.75,PAID,GATEWAY,TX-S54V8YVGQNXK
5161,211,930,1,,600,59933.4,PAID,CARD,TX-KI44BDGG7PVR
5162,289,150,1,,1730,27036.0,PAID,CARD,TX-DC1DIN0IHMLE
5163,490,836,1,,2935,70959.0,PAID,CARD,TX-7G5P7G8NSZZJ
5164,557,779,1,,1402,52627.5,PAID,GATEWAY,TX-4O212ZG57A55
5165,169,127,1,,3077,60795.0,PAID,CARD,TX-T2UY3OHI1NSR
5166,336,1409,1,,2804,19287.0,PAID,CARD,TX-HVHAXCDO11KF
5167,241,1475,2,1,,108900.0,PAID,TRANSFER,TX-I247KW15GGE5
5168,355,222,2,3,2038,42688.8,PAID,CARD,TX-J6V6NPL97RL0
5169,372,1396,1,,1465,14229.6,PAID,GATEWAY,TX-PP03LOSOLNMN
5170,316,1132,2,3,2865,54072.48,PAID,CARD,TX-PHBNLMV562B8
5171,545,1301,2,2,,45701.7,PAID,CASH,TX-QL1H1RHQ46P8
5172,307,42,2,4,1333,39204.0,PAID,CARD,TX-D418R09LS7UV
5173,493,900,1,,927,51727.5,PAID,CARD,TX-3SX21JYLG8GV
5174,46,890,1,,489,29959.2,PAID,CARD,TX-KXNFS0JF48JJ
5175,75,303,2,4,2891,14520.0,PAID,CASH,TX-UC4KWYPDJ4YR
5176,147,754,2,2,724,53361.0,PAID,TRANSFER,TX-3YF1KZE1MZC3
5177,471,1023,2,4,1893,31036.5,PAID,CASH,TX-AXSLV9K8OSH7
5178,463,163,2,2,2129,46957.68,PAID,CASH,TX-JNQLJQG5FPIL
5179,40,682,2,3,2754,48024.9,PAID,CARD,TX-4YQ5PBRTIY39
5180,480,680,1,,1231,27636.0,PAID,GATEWAY,TX-0C8KNTBVBC20
5181,96,1340,1,,1984,57172.5,PAID,GATEWAY,TX-WITK02GP2Z6U
5182,204,412,1,,1356,54261.0,PAID,CARD,TX-RVP5H4MIJVKU
5183,205,384,1,,567,60795.0,PAID,GATEWAY,TX-DDUQIUCR2UA0
5184,,949,1,,,49905.0,FAILED,GATEWAY,
5185,109,630,2,3,1210,45738.0,PAID,TRANSFER,TX-U2Q10SORW494
5186,231,1480,2,3,2857,49005.0,PAID,TRANSFER,TX-O89YLTGP8190
5187,47,493,1,,2306,12661.2,PAID,CARD,TX-XXW80KT1CMDB
5188,303,337,2,1,36,34485.0,PAID,CASH,TX-JR0057Z5GAYF
5189,,1364,1,,740,30240.0,FAILED,GATEWAY,
5190,385,357,1,,456,40104.0,PAID,GATEWAY,TX-Z9EMMBJEHD8O
5191,514,532,2,2,202,14941.08,PAID,CASH,TX-MTO23F37D3TM
5192,610,781,2,3,11,46246.2,PAID,CASH,TX-6KNLC425GRE8
5193,375,659,1,,1615,29659.2,PAID,GATEWAY,TX-G3L2LOKTYPIF
5194,69,382,2,2,2010,54450.0,PAID,TRANSFER,TX-0V2N4BOIGNWN
5195,242,1048,2,4,,32670.0,PAID,CASH,TX-AGK5GAO14HXU
5196,307,855,1,,,55950.0,PAID,CARD,TX-LQK7UUNA9PER
5197,551,1413,2,1,1014,14520.0,PAID,CARD,TX-SS3QCOTO403B
5198,436,1304,2,3,806,51727.5,PAID,CARD,TX-FI6KFQF2OZZU
5199,534,1015,2,4,2363,26136.0,PAID,CASH,TX-S33VY9AXL7GF
5200,396,796,2,1,1466,26136.0,PAID,TRANSFER,TX-FOTDJGF5FU5W
5201,40,877,2,2,241,29040.0,REFUNDED,CARD,TX-XQ7BRD8ZEGC0
5202,,658,1,,3191,36774.0,FAILED,CARD,
5203,241,451,2,2,182,47553.0,PAID,CARD,TX-UG8PVXGM68EB
5204,638,1007,1,,2209,46938.0,PAID,CARD,TX-QE57ITOSBSVV
5205,76,1071,2,2,1100,30492.0,PAID,CARD,TX-7TM4ZC5CM9B5
5206,266,326,2,3,809,42688.8,PAID,CARD,TX-ZVHOP769T5ZT
5207,592,1329,1,,102,15429.6,PAID,CARD,TX-BOGBD9S7WR4J
5208,272,403,1,,2210,17172.0,PAID,CARD,TX-FOBYM38VWYUK
5209,296,138,2,1,797,31944.0,PAID,CASH,TX-VE2298YS17AV
5210,143,821,1,,930,17235.0,PAID,CARD,TX-7M5KUAAAWL2H
5211,532,607,1,,88,54261.0,PAID,CARD,TX-S3G1PATKHCY4
5212,512,1210,2,2,1837,39204.0,PAID,TRANSFER,TX-FVL4UHKXIT7Z
5213,260,211,2,4,109,41164.2,PAID,CASH,TX-SIJD2ZTC1TZ7
5214,156,1217,2,1,,42688.8,PAID,CASH,TX-YAYHJCGX27FH
5215,246,630,2,1,3033,28459.2,PAID,CARD,TX-A56COC09I159
5216,59,1127,1,,69,64579.8,PAID,GATEWAY,TX-81Q1SWRDQ69X
5217,176,1339,1,,1399,19050.0,PAID,CARD,TX-M88B5ZLXTWXE
5218,582,1296,1,,3192,34485.0,PAID,CARD,TX-DILVGDALUT84
5219,189,408,2,3,,48024.9,PAID,CARD,TX-8BMHUGTYNZEQ
5220,600,1056,1,,1584,18676.35,PAID,CARD,TX-ZCYEE3LABTAE
5221,84,349,1,,2285,35937.0,PAID,CARD,TX-8TDVREO8YRPN
5222,172,151,2,2,2595,14520.0,PAID,CASH,TX-MHYRF09LKWFI
5223,284,1261,1,,3144,26513.28,PAID,CARD,TX-1H7CYZT5YE4V
5224,259,676,1,,,36474.0,PAID,GATEWAY,TX-8D9VRV843LK9
5225,187,77,1,,2126,40704.0,PAID,CARD,TX-2JYDKRUSUVH0
5226,,1171,1,,,67302.3,FAILED,CARD,
5227,595,1339,1,,2045,36774.0,PAID,GATEWAY,TX-FFSN80OFA6DZ
5228,,711,2,2,2608,17968.5,FAILED,CARD,
5229,536,1140,2,2,669,35574.0,PAID,CARD,TX-OY98DHFB0CQY
5230,125,1176,1,,1305,36474.0,PAID,CARD,TX-YVA9X6CWL3W2
5231,618,265,1,,639,40404.0,PAID,CARD,TX-9LNJBKMYM5RZ
5232,423,711,2,3,2256,31305.12,PAID,CARD,TX-9TQAK7X1MROL
5233,465,490,1,,1805,28996.2,PAID,CARD,TX-FQ9B6OTKM28D
5234,499,837,1,,,44624.4,PAID,CARD,TX-UMZBAUVXNOGZ
5235,600,180,1,,2414,55450.35,PAID,CARD,TX-1KYLTFX71ACB
5236,626,452,2,2,1615,26136.0,PAID,CARD,TX-3PYC8FB4RN1T
5237,474,644,1,,801,32670.0,PAID,GATEWAY,TX-SQX2K87D2M1R
5238,507,1276,2,4,1685,42688.8,PAID,CASH,TX-04TJXMIKMOJ3
5239,512,370,1,,2655,15429.6,PAID,CARD,TX-C5ZKLJ2A3H7S
5240,306,455,1,,1100,49005.0,PAID,CARD,TX-G5KELL2IB4HG
5241,48,275,1,,837,15983.7,PAID,CARD,TX-A3H0LBBHEGSM
5242,594,1420,2,1,1290,72491.1,PAID,CASH,TX-FJO4OFSLE26G
5243,74,808,1,,2067,35622.0,REFUNDED,CARD,TX-UWLCV8FONOUM
5244,385,535,1,,1363,63210.0,PAID,GATEWAY,TX-VY9EZOCTSEU5
5245,,179,1,,2516,53361.0,FAILED,GATEWAY,
5246,604,267,2,2,74,39204.0,PAID,CASH,TX-LC5APFAKQOIZ
5247,63,1382,1,,2800,109419.38,PAID,CARD,TX-14Q8DW9WO4YQ
5248,590,934,2,4,2357,60025.68,PAID,CARD,TX-WGWA3SVLUBMT
5249,496,1217,1,,586,36774.0,PAID,GATEWAY,TX-H8CAN5J6SLAZ
5250,,209,1,,76,50505.0,FAILED,CARD,
5251,533,1317,2,3,55,17787.0,PAID,TRANSFER,TX-SLHPOJNKLN52
5252,,873,2,1,120,113256.0,FAILED,CARD,
5253,598,133,2,4,1001,34485.0,PAID,CARD,TX-CEJ6OXX1RJBO
5254,319,220,2,3,,30492.0,PAID,CASH,TX-KL1FLXCU8AK9
5255,275,848,1,,,15429.6,PAID,GATEWAY,TX-D0SZ9M6KQFIL
5256,459,1090,1,,,29359.2,PAID,GATEWAY,TX-R382UU8BADTV
5257,451,494,1,,867,28459.2,PAID,GATEWAY,TX-8AQRAGN79MD4
5258,239,991,2,3,2832,15246.0,PAID,CARD,TX-27TEPNH0HCN4
5259,585,32,2,2,1082,49005.0,PAID,CASH,TX-9604CN8H402H
5260,117,840,2,3,3098,28459.2,PAID,CARD,TX-DZVEW47YOJVN
5261,131,829,2,3,2276,34485.0,PAID,CASH,TX-PNZO74ESANVN
5262,619,685,1,,709,48924.9,REFUNDED,GATEWAY,TX-9CL5NRCAVDSK
5263,,1303,1,,638,55650.0,FAILED,CARD,
5264,,514,1,,,62910.0,PENDING,GATEWAY,
5265,639,131,2,2,1616,15652.56,PAID,CARD,TX-D2RT1TRCSWDH
5266,586,680,1,,2007,39619.92,PAID,GATEWAY,TX-LXHK9D4PLKBA
5267,135,165,1,,1585,38552.7,PAID,GATEWAY,TX-UA2E04XNWGN1
5268,190,1409,2,2,769,54450.0,PAID,TRANSFER,TX-1PZ0EBYFJPBP
5269,432,548,2,2,,18150.0,PAID,CARD,TX-EYXJXFEZ22OE
5270,197,941,1,,125,86114.25,PAID,GATEWAY,TX-HQEMKYH1KHXG
5271,23,456,2,3,1706,13068.0,PAID,CASH,TX-2Y6PQ70LQS2C
5272,72,675,1,,30,37200.0,REFUNDED,GATEWAY,TX-37CGTIE579UE
5273,406,303,1,,1481,52627.5,PAID,GATEWAY,TX-A6DEWYFTRVCH
5274,343,1371,2,4,438,41382.0,PAID,CASH,TX-GUHJEOD0S6TS
5275,278,225,2,3,340,36209.25,PAID,CASH,TX-PHZMHC643Q95
5276,180,741,1,,1005,18987.0,PAID,GATEWAY,TX-GMMG7GI78OWX
5277,221,507,2,4,3049,51727.5,REFUNDED,CASH,TX-7DT33C1XID4J
5278,,381,1,,,27036.0,FAILED,GATEWAY,
5279,382,166,2,4,2355,43378.5,PAID,CARD,TX-4AL3EHJKVL35
5280,189,1440,2,3,2028,35574.0,PAID,CARD,TX-6PGLILRPJP5E
5281,,1400,1,,3175,32236.5,FAILED,CARD,
5282,595,627,1,,2026,54261.0,PAID,CARD,TX-9ZP0LO8JDUFF
5283,119,638,1,,350,44460.0,PAID,CARD,TX-39L2SPT8YCEQ
5284,23,703,2,1,1654,15972.0,PAID,CASH,TX-42K1NM1Q9USG
5285,418,1315,2,1,,78408.0,REFUNDED,TRANSFER,TX-UM8L4DFN1ISR
5286,469,540,1,,3158,43008.0,PAID,GATEWAY,TX-BW6AIGCQR4S4
5287,486,352,1,,1514,37500.0,PAID,CARD,TX-TXCCA3U6D8E8
5288,262,565,1,,2763,55650.0,PAID,CARD,TX-1HRGMGTQHXT4
5289,357,549,1,,848,17151.75,PAID,CARD,TX-T7M7DFOXN7MJ
5290,198,1273,1,,2756,96886.8,PAID,CARD,TX-0HJ7A5D7LAWY
5291,183,713,1,,2666,27636.0,PAID,CARD,TX-C4WMX2SWG8GX
5292,590,1439,1,,545,65723.25,PAID,CARD,TX-YZNST2GP5YX2
5293,239,1070,1,,3194,28488.0,PAID,GATEWAY,TX-KE457IY7X1M9
5294,137,281,2,1,1029,79497.0,PAID,CASH,TX-B0OWFP1UNOWS
5295,133,250,1,,2722,44188.8,PAID,CARD,TX-2GPDN1FVI7IF
5296,375,728,1,,2121,29040.0,REFUNDED,GATEWAY,TX-CL7F4VMLQ7NN
5297,111,758,1,,2452,15420.0,PAID,CARD,TX-W16FBVETN7C7
5298,157,486,1,,1304,30167.4,PAID,CARD,TX-9XEC1VH8WAOA
5299,39,284,2,2,791,74778.0,PAID,CARD,TX-QZKLFMW7CG4Y
5300,492,391,1,,959,27336.0,PAID,CARD,TX-6NKK5IWTTV0R
5301,636,326,1,,2279,30603.0,PAID,GATEWAY,TX-M83FBTG81QWO
5302,80,511,1,,935,24422.4,PAID,GATEWAY,TX-DZAZ5XXRNK4M
5303,448,866,1,,1213,29088.0,PAID,CARD,TX-23EIBDA9AD9K
5304,94,494,2,1,1413,71511.0,PAID,CASH,TX-TU246MXZITUT
5305,462,761,1,,3002,14006.64,PAID,CARD,TX-1LL9M4V8E1MS
5306,193,1105,1,,697,111213.12,PAID,GATEWAY,TX-S2RZIPZPUJG8
5307,,809,1,,,13968.0,FAILED,GATEWAY,
5308,194,1259,2,1,936,50457.0,PAID,CARD,TX-7NTXACE69NJG
5309,,72,1,,1101,15420.0,PENDING,GATEWAY,
5310,530,962,1,,924,90679.5,PAID,CARD,TX-X58XHD64GIU4
5311,325,365,1,,41,15129.6,PAID,GATEWAY,TX-MNLKDVROZLBO
5312,345,1440,1,,1564,79172.4,PAID,CARD,TX-TLZ99YSD16B9
5313,210,535,2,1,2748,38419.92,PAID,CARD,TX-A8F023QWAFS5
5314,399,638,2,1,352,43560.0,PAID,CASH,TX-O1KH5IU6WFCJ
5315,85,1322,1,,2996,18687.0,PAID,CARD,TX-OJ3G4RAT37MH
5316,,846,1,,91,13068.0,FAILED,CARD,
5317,186,212,1,,1993,57528.0,PAID,CARD,TX-WOTYL22KJZIZ
5318,603,155,2,3,,14701.5,PAID,CARD,TX-7OLZTODGPIZK
5319,272,1463,2,4,2625,34485.0,PAID,CASH,TX-JQNYVXCS690B
5320,202,328,2,1,886,57172.5,PAID,CASH,TX-PGWDQ8N2EXWA
5321,219,618,1,,754,39204.0,PAID,GATEWAY,TX-LR3LLIQNU60M
5322,,440,2,3,1473,32488.5,FAILED,CASH,
5323,224,670,2,4,1712,56410.2,PAID,CARD,TX-XUUEFZN3BFTA
5324,581,578,1,,184,18442.5,PAID,CARD,TX-E16S5XBR6QI7
5325,338,246,2,3,1372,14520.0,PAID,CARD,TX-CGFUAISVK9TM
5326,167,1308,1,,893,95316.3,PAID,CARD,TX-QMO2RYIGIX9A
5327,84,614,2,3,,38419.92,PAID,CARD,TX-CKK8DUPKWA14
5328,213,260,1,,13,14994.0,PAID,CARD,TX-3UWVW6833QC4
5329,603,828,1,,561,51727.5,PAID,GATEWAY,TX-FWHM9ZZ5777U
5330,399,853,1,,2560,49905.0,PAID,GATEWAY,TX-E60P180DHC09
5331,123,891,1,,,102477.0,PAID,GATEWAY,TX-H50JFCWYEB94
5332,640,951,2,2,454,54450.0,PAID,CASH,TX-3WD6GENREX6N
5333,600,1005,2,3,1492,36300.0,PAID,CASH,TX-MNYD6Z6SH502
5334,107,201,2,4,2775,30492.0,PAID,CASH,TX-G7DNUWAYG5N5
5335,374,100,2,1,1750,35574.0,PAID,CARD,TX-OITBKS80JNIT
5336,,164,1,,2561,58100.25,FAILED,CARD,
5337,338,1194,2,3,859,27588.0,PAID,CARD,TX-3AJQW7F9WL3G
5338,581,290,1,,2371,76558.8,PAID,GATEWAY,TX-AP5PVAKDIAF0
5339,190,101,1,,1007,36474.0,PAID,CARD,TX-LGVFBMH59PAX
5340,421,1082,1,,704,17535.0,PAID,CARD,TX-8T9NV74AY36D
5341,176,1076,2,1,2916,35574.0,PAID,TRANSFER,TX-4X9JGA28EH7N
5342,,330,2,3,317,55902.0,FAILED,CARD,
5343,,212,1,,118,15429.6,FAILED,GATEWAY,
5344,631,504,1,,1575,55069.2,PAID,GATEWAY,TX-SCQWFU4LKBVN
5345,403,637,1,,1902,75796.5,PAID,CARD,TX-QTXMLCNIA24P
5346,343,485,1,,,14994.0,PAID,CARD,TX-D0VS0DWAKHX0
5347,405,1322,1,,2225,51727.5,PAID,CARD,TX-29EYKG9SCYK9
5348,520,303,2,4,2041,49005.0,REFUNDED,CARD,TX-6JR758RK17MM
5349,623,724,2,1,2570,43560.0,PAID,CARD,TX-W744C8MBJMST
5350,102,1086,2,1,3105,70422.0,PAID,CASH,TX-1R5PXTXU7U8R
5351,442,514,2,1,609,51727.5,PAID,TRANSFER,TX-CUY5SQ3ZMNSV
5352,,1475,1,,462,60795.0,PENDING,CARD,
5353,,963,1,,,43888.8,FAILED,CARD,
5354,132,330,2,3,,36300.0,PAID,CASH,TX-YASUUH2VPH5P
5355,615,435,2,2,1712,52272.0,PAID,CARD,TX-X290WAX864VC
5356,125,1292,1,,778,33870.0,PAID,CARD,TX-UQ157LY7AXMG
5357,,983,1,,2935,60432.0,FAILED,CARD,
5358,166,1235,1,,3138,51720.0,PAID,GATEWAY,TX-UH98UMV2X4QQ
5359,271,788,2,4,942,45520.2,PAID,CARD,TX-XVMEVEB5PH1G
5360,121,786,2,4,740,17787.0,PAID,CARD,TX-HRFW210P5DQ8
5361,140,1323,1,,3119,17535.0,REFUNDED,GATEWAY,TX-26PTTCMLU1MQ
5362,514,902,2,3,2739,29911.2,PAID,CASH,TX-RJMJ8XOXDOWK
5363,19,1220,2,3,2092,43124.4,PAID,CASH,TX-3SHCO64R8CXM
5364,469,1315,2,2,557,42471.0,REFUNDED,CASH,TX-V8RQL5CIJZN4
5365,65,774,1,,794,24422.4,PAID,CARD,TX-ECJLJFVFSP68
5366,556,454,1,,2885,50505.0,PAID,CARD,TX-H6MERZX6PSO6
5367,242,1309,1,,1980,14941.08,PAID,GATEWAY,TX-EU60MWCAHC4X
5368,395,1108,1,,1409,95287.5,PAID,CARD,TX-GC5GTE157SUC
5369,,596,2,3,3043,70022.7,PENDING,CASH,
5370,509,283,2,4,1499,63499.59,PAID,CASH,TX-86BZVWAYKOLK
5371,,1406,1,,1634,26136.0,FAILED,CARD,
5372,53,382,1,,1962,55350.0,PAID,CARD,TX-NTWZXZ9OGF2B
5373,169,651,2,4,1668,13068.0,PAID,CARD,TX-0X4AAKPIDBYM
5374,189,1160,1,,762,13068.0,PAID,CARD,TX-FSLC9OXB49TA
5375,555,414,2,2,,17242.5,PAID,CARD,TX-0EP4VGCVFP5O
5376,510,323,2,3,183,14941.08,PAID,CASH,TX-YD1SSNI4E799
5377,299,824,1,,2137,17235.0,PAID,CARD,TX-DE8R3RAXZ2T7
5378,324,1340,1,,1124,78509.4,PAID,GATEWAY,TX-K4AKX9G7AN7L
5379,,40,2,3,557,42979.2,FAILED,CASH,
5380,639,1456,1,,2074,47857.68,REFUNDED,CARD,TX-GZI7DZII6TUB
5381,398,680,1,,2653,18442.5,PAID,GATEWAY,TX-HW85FVQU6ZI2
5382,214,995,1,,1979,41382.0,PAID,CARD,TX-ZAWRLKIVOFVY
5383,9,27,2,4,3049,32670.0,PAID,CARD,TX-G6287JRJR1OF
5384,327,54,1,,1435,17535.0,PAID,CARD,TX-BJ7X2AH4THJF
5385,,623,1,,,43308.0,PENDING,GATEWAY,
5386,407,758,2,1,2532,26136.0,PAID,CASH,TX-51J4TEXPP8H4
5387,,997,1,,1322,42688.8,PENDING,GATEWAY,
5388,381,1433,1,,609,50094.0,PAID,GATEWAY,TX-VEZESAHMXXHQ
5389,609,61,1,,196,50335.68,PAID,CARD,TX-R76TEM0JOBQR
5390,329,1092,1,,984,52955.25,PAID,CARD,TX-0YYOA21WWG96
5391,337,250,1,,2316,36300.0,PAID,GATEWAY,TX-LTII3GQOIGPT
5392,581,1043,2,1,112,11761.2,PAID,CASH,TX-PSQ7XLWC6AIR
5393,134,101,1,,,36483.6,PAID,GATEWAY,TX-R5ZM6PDGVWZK
5394,38,719,1,,1212,18687.0,PAID,CARD,TX-CJP24DKGK0ZS
5395,237,544,1,,1975,16418.25,PAID,CARD,TX-NWG44FH379WP
5396,114,1082,1,,631,82812.0,PAID,CARD,TX-MTK4HIOL5N0M
5397,427,415,1,,1635,40404.0,PAID,GATEWAY,TX-PXU0O75PUY4N
5398,235,1428,1,,14,54488.4,PAID,GATEWAY,TX-WEDRPOQ3ODBK
5399,493,322,2,2,,42688.8,PAID,CARD,TX-GEXXWVE32RYM
5400,536,124,2,3,2778,53361.0,PAID,CASH,TX-KDK1T0R7YU71
5401,429,272,1,,3013,92867.1,PAID,CARD,TX-NWC3P25PJEI7
5402,,589,1,,1267,80803.8,FAILED,CARD,
5403,32,505,2,2,1590,90931.5,PAID,CASH,TX-285P7IVTHH9O
5404,462,1124,1,,612,28788.0,PAID,CARD,TX-T449VJE02JWI
5405,515,965,1,,1097,78898.05,PAID,GATEWAY,TX-BNL2R6Q7KHYV
5406,105,320,1,,226,29359.2,PAID,CARD,TX-4M69A9F0IL97
5407,553,897,1,,600,19050.0,PAID,CARD,TX-TTB103YW9ODL
5408,34,1218,2,4,1886,14520.0,REFUNDED,CARD,TX-BXIKHSOMXFYW
5409,565,1483,2,1,2852,17242.5,PAID,CASH,TX-ZBP62U2AUXIS
5410,,694,1,,1424,57229.05,FAILED,GATEWAY,
5411,519,728,2,4,3151,66668.58,PAID,CASH,TX-5K5ANZKQGEXQ
5412,335,327,2,1,613,14520.0,PAID,CASH,TX-8E6R5068EY3Q
5413,65,43,1,,851,36837.0,PAID,GATEWAY,TX-STWMNPQTD3AT
5414,83,962,2,4,,19565.7,PAID,CASH,TX-GLY3GNPVMDQ6
5415,151,1417,2,3,3043,35574.0,PAID,CARD,TX-NR93JP58O17R
5416,493,634,1,,2057,16441.08,PAID,GATEWAY,TX-QQWWDL8O0IYN
5417,321,1123,2,2,259,17787.0,PAID,CASH,TX-FKW5G1ZN8R8A
5418,38,260,2,4,112,81820.2,REFUNDED,CASH,TX-QTBSG2RKLTW3
5419,28,1158,1,,,39204.0,PAID,GATEWAY,TX-UGKYHYBQFSWL
5420,580,616,1,,89,35685.0,PAID,GATEWAY,TX-LZ84JAT0I9VC
5421,637,838,2,3,1706,64795.5,PAID,CARD,TX-0OCMC9DJP4WM
5422,75,1094,2,1,2733,45738.0,PAID,CARD,TX-SGRPPV5K0GDI
5423,37,594,1,,2209,55350.0,PAID,GATEWAY,TX-E8BZ43ETWEXY
5424,618,756,1,,2553,54561.0,PAID,CARD,TX-4K3ACM4HENN3
5425,594,1019,2,4,2454,49455.12,PAID,CASH,TX-23THO4NFXG4E
5426,382,618,2,1,2747,78045.0,PAID,CARD,TX-RYUJHYNUWYS5
5427,177,75,2,3,702,51727.5,PAID,CARD,TX-BQLT03IY2685
5428,338,217,2,4,233,35937.0,PAID,CASH,TX-TW1S0G0HP4KX
5429,129,1365,2,3,1661,19565.7,PAID,CASH,TX-HQ0OQ2A3HG8S
5430,,625,2,2,3049,14483.7,FAILED,CASH,
5431,237,319,1,,454,15983.7,PAID,CARD,TX-3HA2RLM9RLZI
5432,34,569,1,,1772,33008.4,PAID,CARD,TX-GW55WGWHG81N
5433,423,1469,2,4,2515,41382.0,PAID,CARD,TX-838GURP8JQSS
5434,133,1265,2,3,2993,54313.88,PAID,CASH,TX-UMS58LZ2M3P6
5435,220,128,2,3,977,34485.0,PAID,TRANSFER,TX-7NXK1Y5C29I2
5436,273,377,2,3,347,69238.62,PAID,CASH,TX-WVWA4F7GSV7N
5437,629,1452,1,,1059,27036.0,PAID,GATEWAY,TX-ZE7VX1NBIN3F
5438,144,150,1,,967,20176.35,PAID,GATEWAY,TX-DFFSGDBXHQ8W
5439,191,236,1,,1645,56929.05,PAID,CARD,TX-GR7BHOYAND4X
5440,29,317,1,,2951,29088.0,PAID,CARD,TX-0Q96NLACYQG2
5441,,879,1,,2123,36774.0,FAILED,GATEWAY,
5442,353,445,2,4,3155,30492.0,PAID,TRANSFER,TX-8O58ZPWFLQPT
5443,227,924,2,3,,56029.05,PAID,CASH,TX-WYA3XGQ3VSFB
5444,489,859,1,,2199,40404.0,PAID,CARD,TX-CCNFSK6M3HX2
5445,106,218,2,3,35,13068.0,PAID,CASH,TX-GA63OM07BC0Q
5446,43,1191,2,3,2556,25613.28,PAID,TRANSFER,TX-UN88W2UGABIQ
5447,82,522,2,2,2580,54404.62,PAID,CARD,TX-69ZP4088C37Z
5448,166,600,1,,439,49005.0,PAID,CARD,TX-AUMBZ9Y6L5M7
5449,295,577,2,3,899,55176.0,PAID,TRANSFER,TX-ZJ3YMZ40OSP9
5450,100,41,2,2,2280,34485.0,PAID,CASH,TX-CL87TZWVYL04
5451,595,1251,1,,,28788.0,PAID,CARD,TX-Y360PG2GYPMX
5452,437,887,2,3,2904,43719.72,PAID,CASH,TX-3ZQ15A80JLV6
5453,489,922,1,,2282,31546.8,PAID,GATEWAY,TX-ZCJ02O5RYSCR
5454,298,645,2,4,1869,43560.0,PAID,CASH,TX-UAC9RQ6U9IR8
5455,183,1090,1,,2671,80767.5,PAID,CARD,TX-PRXFN3MO76U1
5456,111,1323,2,1,,11761.2,PAID,CASH,TX-20OPWLXGDW6G
5457,88,591,1,,549,65025.0,PAID,CARD,TX-3631GZNIO2U7
5458,637,67,1,,970,16020.0,PAID,CARD,TX-TCHRQU3JAVK5
5459,133,305,1,,1184,43608.0,PAID,CARD,TX-DPTUW2OQGOS3
5460,613,67,2,1,851,43451.1,PAID,TRANSFER,TX-IKWLVBH9HYYC
5461,464,1146,1,,1178,30240.0,REFUNDED,CARD,TX-6PKDWKBAM1BX
5462,370,264,2,3,893,28459.2,PAID,CASH,TX-QFE1M2BU62RP
5463,306,731,1,,1366,74952.0,PAID,GATEWAY,TX-CXS0BHRXFIF6
5464,538,1236,1,,1588,13314.6,PAID,CARD,TX-2JA3JA2V3J0D
5465,52,104,1,,838,19350.0,PAID,CARD,TX-KO2ZC5Z2K9LK
5466,235,1164,2,1,1127,44467.5,PAID,TRANSFER,TX-1U4JQSZW2DCZ
5467,638,436,1,,120,48024.9,PAID,GATEWAY,TX-NLRPJV5NXHCM
5468,629,399,1,,1218,34485.0,PAID,CARD,TX-KQC4M2LR7FIN
5469,,931,1,,1104,58108.8,FAILED,GATEWAY,
5470,214,1191,1,,72,15429.6,REFUNDED,CARD,TX-WJ9YL8T9J6JV
5471,200,1235,1,,181,40104.0,PAID,GATEWAY,TX-W5A2M24V8B2A
5472,420,642,1,,,46710.6,PAID,GATEWAY,TX-VT99BVSCH4II
5473,415,38,1,,574,60831.3,PAID,CARD,TX-YKYM5Y3F979U
5474,125,858,1,,91,79801.92,PAID,GATEWAY,TX-ZMPCE8EA8J7I
5475,510,766,1,,3049,16335.0,PAID,GATEWAY,TX-2IW4AG7FVMJD
5476,103,88,2,4,2302,12414.6,PAID,TRANSFER,TX-KCUNP8O05GL0
5477,500,358,1,,2908,50205.0,PAID,CARD,TX-A3OG1JBC2Z5E
5478,606,879,1,,1734,14694.0,PAID,GATEWAY,TX-S6S6AKU74IGU
5479,512,516,2,2,,17151.75,REFUNDED,CARD,TX-RSND184PVCY4
5480,303,22,1,,,17535.0,PAID,GATEWAY,TX-SQX3MO7KJ03Z
5481,72,376,2,1,344,31305.12,PAID,CASH,TX-64O483X4XRFO
5482,590,591,2,4,2290,39131.4,PAID,CASH,TX-X8H4Q6R0DCQY
5483,486,549,1,,2594,14268.0,PAID,CARD,TX-XJ83XPI28HJG
5484,110,783,1,,2074,89583.24,PAID,GATEWAY,TX-5H8KEZLRHDTH
5485,345,1155,1,,751,17835.0,PAID,CARD,TX-BXQ2RBWAI7YW
5486,406,1472,1,,130,37200.0,PAID,GATEWAY,TX-GX50CTN2K7UW
5487,93,637,1,,,15129.6,PAID,CARD,TX-CRI0VD94SXJR
5488,201,372,2,2,2424,29040.0,PAID,CASH,TX-EV31F96JJ7WC
5489,523,664,1,,2366,77647.8,PAID,CARD,TX-0S0PYUTXPZ2X
5490,230,164,1,,180,15720.0,PAID,CARD,TX-FLQR44QB9B3Z
5491,538,1062,2,1,2083,62980.5,PAID,CASH,TX-SUZHHOBQXG3O
5492,180,990,1,,2344,50205.0,PAID,CARD,TX-D3WGVSXQ86HH
5493,404,708,2,2,1845,49005.0,PAID,CASH,TX-0USUHN5SUJRH
5494,485,1117,1,,2086,44460.0,PAID,GATEWAY,TX-C3IIXRDAZ83Q
5495,309,1484,1,,3072,27036.0,PAID,CARD,TX-2O2C78KKPHHW
5496,,732,2,1,,43451.1,FAILED,CARD,
5497,522,393,1,,1954,40404.0,PAID,CARD,TX-7EIWU3ES7GQS
5498,353,1403,1,,2433,15720.0,PAID,GATEWAY,TX-H5KZZ40S1REY
5499,,826,2,4,553,33668.25,FAILED,CARD,
5500,,1034,1,,2327,55405.5,FAILED,GATEWAY,
5501,241,1132,2,1,282,28459.2,PAID,CASH,TX-XAED6XXDRXU3
5502,350,985,2,1,,17242.5,PAID,CARD,TX-0T5XRPTPK62F
5503,,665,2,1,2543,18676.35,FAILED,CARD,
5504,624,1123,1,,2157,14520.0,PAID,GATEWAY,TX-O0CM5FMYCW0N
5505,157,784,1,,2121,37500.0,PAID,CARD,TX-70DCD3HK5LEF
5506,504,602,2,4,302,16335.0,PAID,CASH,TX-RHSOZCS4USSD
5507,101,1059,2,4,1923,110533.5,PAID,CASH,TX-OH4NMBLNXGXU
5508,235,1215,1,,2001,44351.1,PAID,GATEWAY,TX-DY2PSGOSTU2I
5509,115,429,2,2,2653,32670.0,PAID,CASH,TX-RWDP7W7BBLV3
5510,347,631,2,2,,54313.88,PAID,CARD,TX-K6WV6S4WNQXF
5511,543,372,1,,57,30240.0,PAID,GATEWAY,TX-MGYZII8SU6PD
5512,448,32,2,4,2160,17242.5,PAID,CASH,TX-FDEIDPG3IKXJ
5513,234,277,1,,1099,14268.0,PAID,GATEWAY,TX-KG8U3P84FM6V
5514,635,243,2,3,2051,17242.5,PAID,TRANSFER,TX-JKWBTR11BBBV
5515,191,693,2,2,,49005.0,PAID,CARD,TX-KVSA1E8VG3M2
5516,329,1241,2,1,2652,119517.75,PAID,CASH,TX-W0Y0S8XOMQG1
5517,640,536,1,,1208,19287.0,PAID,CARD,TX-2X4TCZEYSGCX
5518,206,1302,1,,934,78752.85,PAID,GATEWAY,TX-S37A2CTMLJNF
5519,530,1179,2,4,2361,31036.5,REFUNDED,CASH,TX-7RGHBSAJJBJ5
5520,466,444,2,2,638,28459.2,PAID,CARD,TX-HFDS7ZJI781Y
5521,113,993,1,,2380,87748.8,PAID,GATEWAY,TX-KXYCH6MWDJ1P
5522,630,939,1,,1274,47754.75,PAID,CARD,TX-RVS58L03QLH2
5523,140,502,1,,811,79390.2,PAID,GATEWAY,TX-Y2AIME29VVEY
5524,212,22,1,,1984,15518.25,PAID,GATEWAY,TX-SZRHXVSTEPSO
5525,607,856,1,,1623,20865.0,PAID,GATEWAY,TX-UC9MWPRV97YN
5526,500,1436,2,2,814,29461.08,PAID,CARD,TX-LYKSWMN2NUX4
5527,3,1335,1,,873,14268.0,PAID,GATEWAY,TX-K5E13AF3WJ6X
5528,441,856,2,1,2990,53361.0,PAID,CASH,TX-13MROZQN12RT
5529,29,325,1,,1818,15683.7,PAID,CARD,TX-EX87RZLXK1UX
5530,,229,1,,310,73834.2,FAILED,GATEWAY,
5531,375,357,2,2,,34485.0,PAID,CARD,TX-4558B79RCBYY
5532,32,29,2,4,,45738.0,PAID,CASH,TX-H0ZO9N5GY6R2
5533,426,306,2,1,2139,54450.0,PAID,CARD,TX-X4LCRJG9O1PV
5534,423,710,1,,1229,32670.0,PAID,GATEWAY,TX-B83YBRP7TSC5
5535,607,11,2,3,2553,44823.24,PAID,CARD,TX-013NHHYXP6HI
5536,508,785,1,,2897,83108.85,PAID,GATEWAY,TX-V8DYVOGSZSPJ
5537,599,691,1,,1589,70414.5,PAID,GATEWAY,TX-9EOTM1O7HLFH
5538,326,640,2,1,1546,44866.8,PAID,CASH,TX-8B9C19GTLN2C
5539,266,937,1,,266,54861.0,PAID,CARD,TX-HH54L20CVQ2L
5540,,1479,2,2,1368,50457.0,PENDING,CARD,
5541,185,365,1,,466,20257.5,PAID,GATEWAY,TX-5STQTME91WQJ
5542,329,719,1,,1888,76641.0,PAID,CARD,TX-7D72DI1PNRYW
5543,494,455,1,,2757,57410.55,PAID,GATEWAY,TX-4V5GW0N96CWY
5544,471,1347,2,3,365,27588.0,PAID,TRANSFER,TX-BADXP5XT5IQT
5545,482,244,1,,3127,13968.0,PAID,GATEWAY,TX-4OH9E6ZOYCVN
5546,,1456,2,4,1807,12806.64,FAILED,CARD,
5547,124,44,1,,1194,25022.4,PAID,GATEWAY,TX-J1XZS15W02W3
5548,336,993,1,,1732,38852.7,PAID,GATEWAY,TX-A4HB38S41799
5549,475,1358,2,1,2712,34485.0,PAID,CASH,TX-FSVGWYTWXNS7
5550,245,1103,2,4,1227,15518.25,PAID,CASH,TX-AV7L941X231Z
5551,,1147,1,,3021,55350.0,FAILED,CARD,
5552,624,882,1,,1336,79245.0,PAID,GATEWAY,TX-6D7LN7MMO2WS
5553,185,1324,2,4,1156,53996.25,PAID,CASH,TX-8LPJRZ587612
5554,586,1102,1,,1090,29040.0,PAID,GATEWAY,TX-FGD36HZAQ24X
5555,422,547,2,3,1144,28459.2,PAID,TRANSFER,TX-2A0364LIRAYM
5556,74,833,2,1,58,28459.2,PAID,CASH,TX-C6OE1SHORA0Y
5557,,1481,1,,944,12961.2,FAILED,GATEWAY,
5558,92,51,1,,2571,36474.0,PAID,CARD,TX-2TZ9UKC6JA7D
5559,194,1234,1,,2616,15841.08,PAID,CARD,TX-C7ZQZK1I4WVT
5560,,378,2,4,40,13068.0,FAILED,CASH,
5561,376,1210,2,1,1624,35937.0,REFUNDED,CASH,TX-F73LPW4QSMW0
5562,167,861,1,,1424,13968.0,PAID,CARD,TX-8192Y8QBXLY5
5563,491,861,1,,305,17508.3,PAID,CARD,TX-J8GKMBOT7YNE
5564,,389,2,4,887,29040.0,FAILED,CARD,
5565,51,882,2,2,1571,26136.0,PAID,CARD,TX-COCZJHS8V24C
5566,164,576,1,,505,48811.08,REFUNDED,CARD,TX-A85FZ1XFPG1R
5567,149,1333,1,,1760,13968.0,PAID,CARD,TX-UAR0DV0V846A
5568,586,537,2,2,612,18150.0,PAID,CASH,TX-6S08XOD4EWQ5
5569,8,825,1,,429,13794.0,PAID,CARD,TX-GGCVUT74MG6Y
5570,319,243,2,3,1211,14229.6,PAID,CARD,TX-MWTHFE81VK2I
5571,200,233,2,4,1362,107811.0,PAID,TRANSFER,TX-FWTNK2FVO6KW
5572,475,384,1,,2556,51727.5,PAID,CARD,TX-ZME5JK0NV2N3
5573,639,204,2,4,1786,41164.2,PAID,CASH,TX-ZXPQYL1GIDJ1
5574,459,1272,1,,1442,55650.0,PAID,CARD,TX-303RVKFTPSEY
5575,111,1468,2,1,733,39204.0,PAID,CARD,TX-93JASW35FBG8
5576,75,1326,2,3,3123,28459.2,PAID,CASH,TX-9TEAAOT03KEA
5577,455,141,1,,2117,29882.16,PAID,CARD,TX-W2J19MLUYPBP
5578,214,746,1,,2043,55213.88,PAID,CARD,TX-E2I2BEAYBPGH
5579,191,1479,2,2,19,48024.9,PAID,CARD,TX-OEM2HOIF72O2
5580,,328,2,3,458,59532.0,FAILED,TRANSFER,
5581,484,276,1,,,33870.0,PAID,CARD,TX-6VBCG683KJZZ
5582,359,974,2,4,,62254.5,PAID,CARD,TX-4R0HY488RECT
5583,358,653,2,2,,13068.0,PAID,CASH,TX-J8UQQFMXM7A5
5584,45,993,1,,583,58399.2,PAID,CARD,TX-9P9VS3YT6VYI
5585,430,159,1,,713,33444.0,REFUNDED,GATEWAY,TX-LUK7THMNYJ4A
5586,49,1451,1,,1617,28923.6,PAID,GATEWAY,TX-3FOONHHEM8TW
5587,360,866,2,4,1827,17787.0,PAID,CARD,TX-28600B91Y9K3
5588,205,88,1,,1889,30492.0,PAID,CARD,TX-O16WU8AOAXY4
5589,234,994,2,3,3061,18676.35,PAID,CASH,TX-896OI3J6WMDV
5590,277,1015,1,,832,60257.76,PAID,CARD,TX-Z0RPJS2M7EZF
5591,,1351,1,,1458,28488.0,FAILED,CARD,
5592,135,304,1,,992,44651.1,PAID,CARD,TX-51HW1JZTGVY8
5593,97,925,2,3,1904,35937.0,PAID,CARD,TX-W35XR5I9HHLW
5594,528,283,2,4,2183,57680.7,PAID,CARD,TX-G3JEBGFFTDCX
5595,93,1061,1,,1229,56929.05,PAID,CARD,TX-QGEXP8WYL0UT
5596,414,429,1,,653,18687.0,PAID,CARD,TX-IZE4IWMQ07S2
5597,429,705,1,,625,13968.0,PAID,GATEWAY,TX-0VPCW958H1W3
5598,294,516,1,,2797,17787.0,PAID,CARD,TX-62Q03MV4ONQ1
5599,342,978,1,,,56029.05,PAID,GATEWAY,TX-FMVZUOH5OCE0
5600,326,332,1,,2012,19866.75,PAID,GATEWAY,TX-HRYF7PWEPFIC
5601,339,43,2,3,2591,74052.0,PAID,CARD,TX-FNABQHKRSAKE
5602,478,853,1,,730,13914.6,PAID,GATEWAY,TX-WIVCVSF6K5TF
5603,479,209,2,4,3027,18676.35,PAID,CARD,TX-W3GUOGJQR4XS
5604,106,1476,1,,1295,19350.0,PAID,CARD,TX-CM98YTQWP85W
5605,67,1331,1,,812,53336.4,PAID,GATEWAY,TX-X0SOLEVQ071U
5606,429,1400,2,3,3104,42688.8,PAID,CARD,TX-XKDYRE5Q77YD
5607,103,248,1,,2445,13794.0,PAID,GATEWAY,TX-G9NQC9AVXK3Q
5608,,1105,1,,2093,55950.0,FAILED,CARD,
5609,108,543,2,1,3000,14520.0,PAID,TRANSFER,TX-TADEMKG95O3C
5610,395,1452,2,2,1410,85395.75,PAID,CASH,TX-NGXNP1B7HD27
5611,,483,1,,4,18442.5,FAILED,CARD,
5612,304,135,2,2,1112,94743.0,PAID,CASH,TX-V8MBVN0YJHPF
5613,555,1462,1,,1846,35803.5,PAID,GATEWAY,TX-TU5FM6SJALRO
5614,514,1149,1,,,31755.0,PAID,GATEWAY,TX-KC660FJSTZLU
5615,239,1485,2,2,848,14483.7,PAID,CARD,TX-1I39UNJN2OKH
5616,187,905,1,,1061,80697.0,PAID,CARD,TX-1L06I5245EHJ
5617,475,1236,2,1,,54613.35,PAID,CASH,TX-K70FF8BAY0XO
5618,559,176,1,,1456,14994.0,PAID,GATEWAY,TX-LT02ZQYF72KD
5619,,1319,2,3,401,98554.5,FAILED,CASH,
5620,210,1386,1,,687,60814.2,PAID,CARD,TX-W7OF7XSXGJ1F
5621,70,121,1,,2373,51158.4,PAID,GATEWAY,TX-3L8BL6LC682Q
5622,598,954,1,,2206,40704.0,PAID,GATEWAY,TX-95X3208RFAFV
5623,592,90,1,,969,92776.35,PAID,GATEWAY,TX-S2JKZRGSX8C4
5624,616,347,1,,1104,24422.4,PAID,CARD,TX-95SJWX8HZEZ6
5625,279,1486,1,,2729,25729.2,PAID,CARD,TX-BNCH3ION847D
5626,113,223,1,,709,19050.0,PAID,GATEWAY,TX-VY7NHS33PAMC
5627,560,749,2,2,2218,49005.0,REFUNDED,TRANSFER,TX-ON5KP8VLZPFN
5628,95,1199,2,2,2008,84942.0,PAID,CASH,TX-9YAFHSKK5831
5629,630,58,1,,2753,61395.0,PAID,GATEWAY,TX-B51DDY8C8RSX
5630,367,78,2,2,1448,73863.24,PAID,CARD,TX-EEMUDXIRIPQ7
5631,434,888,1,,,16373.4,PAID,GATEWAY,TX-A5VKUA46YHU4
5632,365,1472,2,4,233,44104.5,PAID,CARD,TX-4D1PITAE9EQ8
5633,607,1477,1,,1205,81386.7,PAID,GATEWAY,TX-RI3COI33UAI5
5634,290,1104,1,,,32781.0,PAID,CARD,TX-3LJCMDX7DPYG
5635,,1241,2,4,2402,42688.8,FAILED,CARD,
5636,527,715,1,,861,57528.0,PAID,CARD,TX-IMXSPCU9L166
5637,343,1295,1,,,44460.0,PAID,GATEWAY,TX-TD6BBEM4ZTRU
5638,546,1237,2,3,2040,118265.4,PAID,CARD,TX-Q9QSLYIQKXUZ
5639,507,1202,1,,1318,54778.8,PAID,GATEWAY,TX-YPBXC1BXYTWH
5640,328,1014,2,1,2350,36300.0,PAID,CASH,TX-GEV8DCL40PR4
5641,31,701,2,3,65,84107.1,PAID,CASH,TX-T0JA8KT30U3X
5642,203,232,1,,1802,13068.0,PAID,GATEWAY,TX-G0CWIZ5NDDR8
5643,257,812,2,1,2477,15173.4,PAID,CARD,TX-8YBM5BM2J434
5644,594,1322,1,,3059,43888.8,PAID,GATEWAY,TX-N8OB5PQ2E1PO
5645,72,1443,1,,3121,38833.5,PAID,CARD,TX-S1WVBLHWP7EZ
5646,138,1047,1,,565,60504.6,PAID,CARD,TX-10E88EDMMDDQ
5647,85,669,1,,651,34487.1,PAID,GATEWAY,TX-H5S0KGHW77O6
5648,491,23,1,,1475,27036.0,PAID,CARD,TX-232NQ4CHHOUH
5649,210,1163,1,,2485,52627.5,PAID,CARD,TX-L9NW7W2AXWGX
5650,112,97,2,3,835,13794.0,PAID,TRANSFER,TX-990N3370IG3C
5651,586,366,1,,2705,83601.0,PAID,CARD,TX-WL6WYP0APBRM
5652,589,429,1,,1756,14694.0,PAID,CARD,TX-BU3XOMOY2BV3
5653,,524,2,1,1919,57208.8,FAILED,TRANSFER,
5654,524,1313,2,2,1694,29403.0,PAID,CARD,TX-035915I6WTI3
5655,,456,1,,1513,38419.92,FAILED,CARD,
5656,91,291,1,,3082,29214.0,PAID,CARD,TX-GKISXTKX26OK
5657,320,1359,1,,2932,14268.0,PAID,CARD,TX-DF8EPTBRVHE1
5658,282,685,2,2,173,34485.0,PAID,CASH,TX-WTPWE5ZE9H3B
5659,442,1370,2,4,15,88209.0,PAID,CARD,TX-JL0HP5DA9L5O
5660,298,350,2,2,,32016.6,PAID,CASH,TX-64NNGCL3AMET
5661,56,1135,1,,,78763.5,PAID,GATEWAY,TX-DVVE7RWM3776
5662,557,17,1,,492,52201.5,REFUNDED,CARD,TX-1QSEJXZV0XX0
5663,430,208,2,3,2241,34485.0,PAID,CASH,TX-QJZ3141IAA79
5664,507,511,2,4,1823,86466.6,PAID,CASH,TX-GGH7XET6OAXD
5665,97,951,1,,2556,14701.5,PAID,CARD,TX-F6AACD0QM1OE
5666,,43,1,,808,43317.6,PENDING,CARD,
5667,204,1435,1,,2778,37437.0,PAID,CARD,TX-DRCXJ0859C47
5668,462,748,2,2,1295,29403.0,PAID,CASH,TX-89X0ES8E33O4
5669,616,542,1,,1933,36300.0,PAID,CARD,TX-VR8ES8YVYBNL
5670,448,430,1,,487,87712.5,PAID,GATEWAY,TX-AYJ0V5XPKRTD
5671,,7,2,4,2464,52998.0,FAILED,CARD,
5672,,1447,1,,2744,32205.12,PENDING,CARD,
5673,449,426,2,2,664,26136.0,PAID,CASH,TX-CD0PRSS6Y13H
5674,85,1248,2,3,549,28459.2,PAID,TRANSFER,TX-0T370YYPCTNJ
5675,405,246,1,,1047,51727.5,REFUNDED,CARD,TX-9F8NYW8YWMXL
5676,93,665,1,,366,14694.0,PAID,GATEWAY,TX-43BE9MJZMLU6
5677,535,337,2,1,1094,49005.0,PAID,CASH,TX-A78PUNMU0HBE
5678,156,602,1,,2319,80912.7,PAID,GATEWAY,TX-XD1458M8OKRE
5679,525,118,1,,3041,67881.0,PAID,CARD,TX-6UZ4EYU9OQ63
5680,511,119,2,3,800,69877.5,PAID,TRANSFER,TX-6GTTFPT3PIWF
5681,446,996,1,,1591,28942.8,PAID,GATEWAY,TX-269BVZV2GTHH
5682,594,143,2,4,802,41382.0,PAID,CARD,TX-7FZZ9ZM889JW
5683,330,191,1,,3052,54450.0,PAID,GATEWAY,TX-0WXUTEQ0R66H
5684,309,616,1,,2209,14568.0,PAID,CARD,TX-NE6JEAYFHMCK
5685,154,758,2,1,463,48279.0,PAID,CASH,TX-Y76D9H2Q9QJ5
5686,334,605,1,,,55350.0,PAID,GATEWAY,TX-UBT1GYDJHDXT
5687,10,1038,1,,2717,39204.0,PAID,GATEWAY,TX-TGE1VJA8RS1P
5688,215,754,1,,512,29359.2,PAID,GATEWAY,TX-M4B2XGSE1BAB
5689,139,273,1,,,13968.0,PAID,CARD,TX-QMSIEUXJNC2R
5690,215,466,2,1,1744,47988.6,PAID,CARD,TX-WP3O85QGQCR9
5691,,1246,2,1,1902,27588.0,PENDING,CARD,
5692,379,706,2,4,966,17151.75,PAID,CASH,TX-81ZN9BUNHP3T
5693,,1196,1,,207,13794.0,FAILED,CARD,
5694,204,1375,1,,306,27036.0,PAID,CARD,TX-VOYI75OWFRFJ
5695,135,6,2,3,1848,72926.7,PAID,CARD,TX-A64JFIJ4GHHR
5696,51,729,2,4,2335,13068.0,PAID,CARD,TX-06BJ9ASDBS6L
5697,289,1222,2,1,1934,64614.0,REFUNDED,CARD,TX-UY9UXIL5GJIF
5698,313,1493,1,,2893,14994.0,PAID,GATEWAY,TX-XUFVZE4XT37X
5699,408,166,1,,1153,15841.08,PAID,CARD,TX-4B2W0F6YE4DD
5700,511,1056,1,,1308,33144.0,PAID,CARD,TX-Z3X8JIV2QLZ9
5701,,1278,1,,474,59788.2,FAILED,GATEWAY,
5702,385,681,2,4,2696,45738.0,REFUNDED,CARD,TX-IL9E9CI0B7ZW
5703,2,1042,2,2,2164,18150.0,PAID,CASH,TX-R62UOXOJGQ04
5704,162,1013,1,,1524,13314.6,PAID,CARD,TX-LNKDMP7AWH2X
5705,286,1392,2,2,2206,12414.6,PAID,CASH,TX-98TCT6VYLRPD
5706,322,175,2,2,482,78262.8,PAID,CASH,TX-73LL7CHKRQAS
5707,233,1434,1,,1164,53172.0,PAID,CARD,TX-2Y21LH4ZAIWG
5708,,795,2,4,1632,69696.0,FAILED,TRANSFER,
5709,445,919,1,,1750,42282.0,PAID,CARD,TX-PNALUJSU0QI2
5710,,297,1,,2797,26813.28,FAILED,CARD,
5711,547,530,1,,1422,24722.4,PAID,GATEWAY,TX-6JOF3V7NQ22S
5712,343,608,2,2,,51727.5,PAID,CARD,TX-7EWH1K4UMPDP
5713,193,574,1,,1484,30240.0,PAID,GATEWAY,TX-OJGOW98ATBRT
5714,404,781,1,,2017,51003.6,PAID,GATEWAY,TX-V0V2CD8QPW6J
5715,491,1019,1,,2552,39319.92,PAID,GATEWAY,TX-E9P5IGFBEO5Q
5716,,956,1,,2038,43124.4,PENDING,CARD,
5717,12,1306,2,3,3030,83758.62,PAID,CARD,TX-I1BWOONX0FNB
5718,606,1382,2,4,918,57172.5,PAID,CARD,TX-8GI6628GT1L7
5719,,763,1,,732,33570.0,PENDING,CARD,
5720,,1090,1,,1359,33870.0,PENDING,GATEWAY,
5721,342,743,2,2,1270,56555.4,PAID,CARD,TX-97Q6UO9MT5HO
5722,621,319,2,1,570,28459.2,PAID,CARD,TX-A33SLA5EOZ2O
5723,320,782,1,,2156,39349.2,PAID,CARD,TX-5GV3P2QGJDQ3
5724,263,799,2,2,563,30346.8,PAID,CASH,TX-15HS0TTPM4R4
5725,200,870,2,4,549,42688.8,PAID,CARD,TX-NIDU30QO4UUJ
5726,328,794,1,,2329,29659.2,REFUNDED,GATEWAY,TX-RNUCE7Q3MP9Q
5727,,1244,1,,2545,44460.0,FAILED,CARD,
5728,8,75,1,,1794,43172.4,PAID,GATEWAY,TX-ECVMJVBD47UG
5729,70,576,1,,2706,50205.0,PAID,GATEWAY,TX-Q2NLN1G21A65
5730,245,1326,1,,2863,27036.0,PAID,CARD,TX-YE0VP5UFP92K
5731,344,731,1,,437,38143.8,PAID,CARD,TX-SC5WKYPSH4LB
5732,132,1387,2,3,1836,39204.0,PAID,TRANSFER,TX-YEK687ZVAUBS
5733,,1112,1,,166,18442.5,FAILED,CARD,
5734,,13,1,,,46323.24,FAILED,GATEWAY,
5735,216,297,1,,757,47845.5,PAID,GATEWAY,TX-57YRVJ7H1TZ7
5736,55,974,2,3,1411,39204.0,PAID,CARD,TX-GMEKY8BYTN25
5737,231,1387,2,2,2154,31305.12,PAID,CASH,TX-8GGWJYMG130D
5738,464,39,1,,2100,77367.0,PAID,CARD,TX-RKGHDYOQ3HYJ
5739,231,192,1,,167,35929.5,PAID,CARD,TX-ENK0HTJ2GEP0
5740,569,541,1,,2498,14694.0,REFUNDED,CARD,TX-L8OTZO5U7O30
5741,611,1297,1,,2354,44460.0,PAID,CARD,TX-RNBYXOKQULKO
5742,373,1389,1,,3193,47601.0,PAID,GATEWAY,TX-9PRIH5KYPM5V
5743,585,1462,1,,520,20176.35,PAID,CARD,TX-WA497OWRUW2Z
5744,,1406,1,,1283,40031.4,FAILED,CARD,
5745,342,1060,2,1,442,32125.5,PAID,CASH,TX-D6ZAW7JL1ZVI
5746,247,973,2,3,,51727.5,PAID,TRANSFER,TX-3KW6W1KT87RI
5747,226,523,1,,2640,28488.0,REFUNDED,GATEWAY,TX-RG832SQQOE3S
5748,194,1079,2,2,3045,73093.68,PAID,TRANSFER,TX-OKYOYSPHHU7F
5749,512,451,1,,,109128.45,PAID,CARD,TX-IRFL6LGSK7U3
5750,82,210,1,,245,33516.6,PAID,GATEWAY,TX-VZ5UMMQMJWC0
5751,317,273,1,,,27336.0,PAID,CARD,TX-GI3J3LWVUM4T
5752,,194,1,,1750,17242.5,FAILED,CARD,
5753,257,825,1,,2316,29867.4,PAID,GATEWAY,TX-E45QV67FN3RR
5754,462,1358,2,1,473,14229.6,PAID,CASH,TX-046G5RPZWF7E
5755,433,967,1,,2406,44324.4,PAID,GATEWAY,TX-9AQT4KC3CSIL
5756,223,1377,1,,1265,87120.0,PAID,CARD,TX-CA5PNO930ES9
5757,99,573,2,4,1749,39204.0,PAID,CARD,TX-N6PM9YJB7RBG
5758,149,1148,2,1,2137,43923.0,PAID,TRANSFER,TX-CQQVG78GZRK1
5759,544,1274,2,4,2739,41382.0,PAID,CASH,TX-ZYRZ2TY16L3U
5760,184,147,2,4,384,14483.7,PAID,CASH,TX-VCTOQAW5Q2KY
5761,57,1119,2,1,925,14229.6,PAID,CARD,TX-GMWIGO7TZ6M1
5762,348,958,1,,2153,14568.0,PAID,CARD,TX-8TBE5RYDQ6NB
5763,371,1006,2,4,1995,41382.0,PAID,CARD,TX-43JXETBQQRTU
5764,463,752,1,,,43148.28,PAID,CARD,TX-JYN1S9N9FVJT
5765,571,689,1,,645,39204.0,PAID,CARD,TX-66EHS9H060LW
5766,330,931,2,1,,51110.4,PAID,CASH,TX-4SS7J2MTXLP4
5767,159,853,1,,251,44760.0,PAID,CARD,TX-OPET9O04IJQ2
5768,612,1451,1,,1317,13068.0,PAID,GATEWAY,TX-RGM30EXVR31W
5769,453,1045,1,,1893,55105.5,PAID,GATEWAY,TX-U2NY8JUUGK4N
5770,4,349,1,,1588,18987.0,REFUNDED,CARD,TX-CADB5IU9KZHF
5771,302,855,1,,2737,37200.0,PAID,GATEWAY,TX-UAUKE2CDQVAH
5772,18,381,1,,,55350.0,PAID,GATEWAY,TX-NHU1ZEI7LSFQ
5773,616,1336,1,,889,29940.0,PAID,GATEWAY,TX-Q2XTNIJWF39X
5774,409,209,1,,2702,40704.0,PAID,CARD,TX-GL75F5ES7DC2
5775,329,233,1,,2916,14994.0,PAID,GATEWAY,TX-Z491DGCRMKRO
5776,567,398,2,1,2807,28749.6,PAID,TRANSFER,TX-5L7LQRBKML80
5777,,154,2,3,,28459.2,PENDING,TRANSFER,
5778,460,136,1,,685,48642.0,PAID,CARD,TX-7LAJNU9IJETV
5779,588,149,2,4,2490,14520.0,PAID,CARD,TX-5EU2AZVFX8O9
5780,121,649,2,3,653,15246.0,PAID,CASH,TX-WO2H8BJBGY7G
5781,630,680,1,,1170,27036.0,PAID,CARD,TX-E0XE0FPQDPBI
5782,185,98,1,,2161,20557.5,PAID,GATEWAY,TX-ETQ03BM97L66
5783,294,142,2,4,1110,33359.7,PAID,CASH,TX-BBYSIFKCTU80
5784,,864,2,1,551,26136.0,FAILED,CASH,
5785,383,953,1,,2088,15720.0,PAID,GATEWAY,TX-75YGO8U9EHL5
5786,274,1355,1,,430,28488.0,PAID,CARD,TX-9Y8PF9RTTX0T
5787,128,610,1,,3157,15429.6,PAID,GATEWAY,TX-00PLV4DQGX0X
5788,389,536,2,3,3091,13794.0,PAID,TRANSFER,TX-1F3HP6NKD9NA
5789,465,361,1,,2699,30240.0,PAID,CARD,TX-2YE4FMB7EHTU
5790,19,1339,1,,1822,76404.0,PAID,CARD,TX-QQY0V09JDV55
5791,525,765,1,,,15429.6,PAID,CARD,TX-E6TTJ3N56JEB
5792,224,612,2,2,897,14941.08,REFUNDED,TRANSFER,TX-KYOPHO16HKXE
5793,621,1078,1,,947,15420.0,PAID,CARD,TX-2GFBXZBMDQFT
5794,458,1469,1,,1402,90770.25,PAID,GATEWAY,TX-TP0ZY1AYO9FI
5795,521,849,2,2,2307,39204.0,PAID,CARD,TX-HFN2E9WI0GIK
5796,586,222,1,,471,54561.0,PAID,GATEWAY,TX-8G4IZTCPL2RW
5797,256,972,1,,40,33870.0,PAID,CARD,TX-F2JW8B1AA8Y7
5798,27,332,1,,2478,44576.16,PAID,CARD,TX-T4R3WQZT9CJQ
5799,196,1333,1,,978,47754.75,PAID,CARD,TX-BK6F80ZRTJTM
5800,223,1209,1,,1743,40704.0,PAID,CARD,TX-AOC5XTEIPLXL
5801,32,254,1,,2120,46023.24,PAID,CARD,TX-1HUH5EXT4RCA
5802,556,783,2,3,3195,26136.0,PAID,CARD,TX-HGIR3GUUBV90
5803,598,203,2,1,100,35574.0,PAID,CASH,TX-JY96MXHV0EP2
5804,91,570,1,,2034,109800.0,PAID,CARD,TX-HCGGU7HWYIJR
5805,149,1317,1,,2310,18687.0,PAID,CARD,TX-IBHBMZ3YR3L2
5806,250,664,2,1,3001,41382.0,PAID,CASH,TX-4KLG9VN8FFF3
5807,477,849,1,,797,13706.64,REFUNDED,CARD,TX-4PSFK323RSN9
5808,509,1032,1,,1397,29867.4,PAID,CARD,TX-GTJNDBU542AG
5809,313,532,1,,629,35685.0,PAID,CARD,TX-5XEFBJNWFRLV
5810,225,569,1,,2136,28488.0,PAID,CARD,TX-K5R5D42GDXVV
5811,88,685,1,,1039,39523.2,PAID,GATEWAY,TX-CMCDF6C3XK70
5812,,1136,1,,853,54805.5,FAILED,CARD,
5813,160,206,1,,1238,27636.0,PAID,GATEWAY,TX-A8D6VFGI9XDP
5814,316,900,1,,2131,73035.6,REFUNDED,GATEWAY,TX-JRR887HBXWZJ
5815,533,1485,1,,1908,71985.0,PAID,CARD,TX-YO4HVGOAWN5O
5816,440,1360,1,,,27036.0,PAID,CARD,TX-C0PKBBM14FAV
5817,532,649,2,2,1382,41382.0,PAID,CARD,TX-WVEJE0C78USU
5818,456,182,2,1,2406,30492.0,PAID,CARD,TX-WHVYJ1GG04TM
5819,339,1282,1,,,24422.4,PAID,CARD,TX-U59MR99E6SBF
5820,333,1280,1,,1397,44760.0,PAID,CARD,TX-QLISKMLXCVWB
5821,564,444,1,,894,32962.5,PAID,GATEWAY,TX-822KZ924TVF8
5822,84,467,1,,1581,30240.0,PAID,GATEWAY,TX-1JRY8AUNJ2E3
5823,300,1033,1,,967,28909.08,PAID,GATEWAY,TX-YVQGZUCPLKU6
5824,85,502,1,,994,30240.0,PAID,GATEWAY,TX-33YQPLRKRH07
5825,578,1167,1,,606,40404.0,PAID,CARD,TX-HEEJNIDMNHQ6
5826,325,818,2,2,3146,35574.0,PAID,CARD,TX-LKH4MSJRO4V1
5827,408,468,1,,238,18442.5,PAID,GATEWAY,TX-CDXJ99TDO6K1
5828,474,1151,1,,2422,54561.0,PAID,CARD,TX-OMQXIX7G7YLV
5829,471,418,1,,1830,44460.0,PAID,CARD,TX-BLCE5VH6RAK9
5830,,661,2,3,2697,12414.6,PENDING,CASH,
5831,201,477,2,2,555,60475.8,PAID,CASH,TX-PMV5HNUFZ456
5832,103,1236,1,,773,30782.16,PAID,CARD,TX-BDKVLRL77Y0G
5833,74,1257,1,,2442,52687.92,PAID,CARD,TX-2VVXXS8HE8Z8
5834,258,436,1,,,31546.8,PAID,GATEWAY,TX-1BA9DJ13SYRR
5835,208,1206,1,,1116,15972.0,PAID,GATEWAY,TX-3I5RZNCWARNR
5836,86,249,1,,215,51929.25,PAID,GATEWAY,TX-ER3EXT497R66
5837,625,954,1,,2045,14268.0,PAID,CARD,TX-NAM3X9MSV12D
5838,319,391,2,3,383,39204.0,PAID,CASH,TX-P9OKFGVD3F10
5839,475,462,2,4,1070,39204.0,PAID,CARD,TX-OIHG0FCRA4IU
5840,421,279,2,3,577,17242.5,PAID,CASH,TX-F6BTP5NB498S
5841,610,1269,1,,259,43560.0,PAID,GATEWAY,TX-RGASX3GSXS58
5842,603,1240,2,4,1373,31036.5,PAID,CARD,TX-4VDF94HSWWIQ
5843,207,362,2,4,1115,42688.8,PAID,CASH,TX-1NVIYKW7SUIH
5844,510,1120,2,4,,17242.5,PAID,CARD,TX-IZ8VDK2UCK0B
5845,400,347,1,,3118,54261.0,PAID,CARD,TX-7G36UKNLJO2P
5846,201,1222,1,,2296,70024.8,PAID,CARD,TX-UIE2TXZ7URKE
5847,129,379,1,,434,13068.0,PAID,GATEWAY,TX-068A5D9GGX0H
5848,305,1002,2,3,115,80803.8,PAID,CARD,TX-1I4UW5HEYX2R
5849,,1194,2,4,937,54050.7,FAILED,CARD,
5850,109,302,2,3,221,62236.35,PAID,CARD,TX-KSKQYF3U2FJ5
5851,611,418,2,4,1792,75358.8,PAID,CARD,TX-2NF1FK29G0U0
5852,234,322,1,,2844,40830.0,PAID,CARD,TX-RHYX3NI189Y3
5853,119,590,2,2,,53361.0,PAID,CARD,TX-55FFFEOV9D19
5854,494,1444,1,,1457,29359.2,PAID,GATEWAY,TX-07SBS4LDJFCY
5855,630,1135,1,,1386,88341.78,PAID,GATEWAY,TX-7IJLPK8CTNBK
5856,606,1163,1,,682,43588.8,PAID,GATEWAY,TX-T56WJ3JN4LIX
5857,383,591,1,,2328,61303.2,PAID,CARD,TX-YP2L0LDWAHVN
5858,380,338,1,,854,53361.0,PAID,CARD,TX-RXCNZWQ36N99
5859,56,911,1,,2059,30903.0,PAID,CARD,TX-3AZNW2HYLSAA
5860,417,46,2,1,697,42688.8,PAID,CASH,TX-M1KMUN8F8NNX
5861,295,1344,2,2,322,74778.0,PAID,CASH,TX-WL5N50WJ5FNI
5862,545,314,2,3,2535,17787.0,PAID,CASH,TX-HXW2A9HKV9NJ
5863,,932,1,,2956,72348.0,FAILED,GATEWAY,
5864,275,1358,1,,748,13968.0,PAID,CARD,TX-P3HR7TZ2F5SI
5865,111,1162,2,2,2456,53361.0,PAID,TRANSFER,TX-8JGWRSKXMS1A
5866,374,1053,2,2,1227,97411.05,PAID,CASH,TX-H1UJVPXYALWC
5867,,945,2,4,658,39204.0,FAILED,TRANSFER,
5868,,697,1,,3204,33216.6,FAILED,CARD,
5869,254,1101,2,1,386,13794.0,PAID,CASH,TX-KA3Y8TN3BUPN
5870,283,1406,2,2,788,38419.92,PAID,CASH,TX-G2KKRVYSD9Y5
5871,374,688,2,4,2710,13794.0,PAID,CASH,TX-27PZLIZEJW56
5872,,1269,2,2,968,44104.5,PENDING,CARD,
5873,203,279,1,,2726,15129.6,PAID,CARD,TX-XAXNCE8Y42J0
5874,160,185,1,,2419,14994.0,PAID,CARD,TX-91SRFM0R0LP5
5875,524,1492,1,,1159,93619.8,PAID,CARD,TX-KFEKKZSWGKTX
5876,410,277,1,,3122,54379.5,PAID,CARD,TX-LY7W0NRCJQWV
5877,549,1234,2,1,2560,43560.0,PAID,CASH,TX-OHK87SQJDEVK
5878,78,858,1,,831,33870.0,PAID,GATEWAY,TX-LPA2Q95ZVMWZ
5879,260,315,2,3,3004,39857.4,PAID,CASH,TX-2MDRIZ59YVGZ
5880,553,1151,2,1,949,28459.2,PAID,CASH,TX-65H77L1FZF32
5881,326,994,1,,1223,59488.2,PAID,CARD,TX-X61M0E088L2R
5882,179,9,2,3,2878,86394.0,PAID,CARD,TX-8626M79WC4MR
5883,270,1247,2,2,3165,36209.25,PAID,CASH,TX-REEGFMCRBSQH
5884,267,879,1,,2663,71985.0,PAID,GATEWAY,TX-S6GY2YDWDWCI
5885,101,113,1,,556,44460.0,PAID,GATEWAY,TX-LGZQFZK5NRXB
5886,,1413,1,,622,17535.0,FAILED,CARD,
5887,174,941,2,1,,26862.0,PAID,CASH,TX-6TOPZ686R4V5
5888,197,1467,1,,1542,27336.0,PAID,CARD,TX-MGDCZUOTDPSQ
5889,554,1188,1,,1454,19350.0,PAID,GATEWAY,TX-93W5E6QI0TVI
5890,582,1115,1,,2932,71985.0,PAID,GATEWAY,TX-X1AK42RPVQ8X
5891,144,1336,2,4,187,28459.2,PAID,CARD,TX-I795PVY9TMA0
5892,20,1363,1,,2869,18966.75,PAID,CARD,TX-ZCQNTK6PI69K
5893,151,785,2,3,1797,47916.0,REFUNDED,CASH,TX-KWZUTMGSKXT7
5894,421,1103,2,1,3066,14520.0,REFUNDED,CARD,TX-31PYMSNGKZDU
5895,,517,1,,1717,29040.0,PENDING,CARD,
5896,221,519,1,,1193,31036.5,PAID,GATEWAY,TX-4RARD0T83ES4
5897,79,1319,1,,963,27036.0,PAID,GATEWAY,TX-AQJWRR5GO5ZA
5898,201,182,2,1,,105905.25,PAID,CASH,TX-PJJWF771IOGJ
5899,214,316,2,1,,54313.88,REFUNDED,CASH,TX-XDSSMBNHSAG3
5900,428,990,1,,2481,50205.0,PAID,GATEWAY,TX-ENOYRWIA70JR
5901,303,500,1,,2735,49905.0,PAID,GATEWAY,TX-57FPNDP4P3I1
5902,297,353,1,,542,43789.5,PAID,GATEWAY,TX-MEWLOSDSNJIF
5903,263,980,1,,56,67982.4,PAID,CARD,TX-YOFUQY6J23MY
5904,526,1137,1,,223,35385.0,PAID,CARD,TX-9A146YAH56YZ
5905,102,1122,1,,3108,60722.4,PAID,CARD,TX-8Q7DRQFD2PCA
5906,139,588,1,,3024,15294.0,PAID,CARD,TX-D21BLA4ZJYFG
5907,377,1144,2,3,2890,41382.0,PAID,CASH,TX-PIMPVHHN92RI
5908,164,1413,1,,221,75443.1,PAID,CARD,TX-DX5X5KTBYBE2
5909,,1115,2,4,,27588.0,FAILED,CASH,
5910,498,142,1,,2585,19957.5,PAID,CARD,TX-VQ09SJIHM96V
5911,,969,2,4,2438,30492.0,FAILED,CARD,
5912,533,1042,2,2,2920,55495.44,PAID,CASH,TX-82SKZDF9TIG0
5913,360,728,2,4,494,31218.0,PAID,CASH,TX-4GFAVMUGYO5R
5914,,1117,2,4,2303,32670.0,PENDING,CASH,
5915,351,484,1,,123,38252.7,PAID,GATEWAY,TX-KMIFPDW5T5CX
5916,484,1339,1,,,19004.62,PAID,CARD,TX-AY2UCOY922ZL
5917,517,1474,1,,1909,48279.0,PAID,CARD,TX-QR2MQCXWZ5YS
5918,298,1161,1,,363,69870.0,PAID,GATEWAY,TX-U4QN6UTAOCRY
5919,57,1149,2,4,2253,53361.0,PAID,TRANSFER,TX-CNI4EBXFUJWE
5920,205,477,1,,345,37074.0,PAID,GATEWAY,TX-3S6TICDW2MHT
5921,617,951,1,,2748,15720.0,REFUNDED,GATEWAY,TX-NG89CGU0UK8P
5922,516,508,1,,3112,77212.2,PAID,CARD,TX-QML37CH4TBQ3
5923,614,689,1,,1404,51231.0,PAID,CARD,TX-9DW884G8OYPR
5924,276,289,2,4,1807,46554.75,PAID,CARD,TX-JBOSJUC8X6PI
5925,,1229,2,3,829,17242.5,PENDING,CASH,
5926,381,1061,1,,2591,16146.0,PAID,CARD,TX-FCWDCWYXALI5
5927,252,1051,2,1,2312,11761.2,PAID,CASH,TX-KLW7LIGD7I0Y
5928,584,35,2,3,2528,35574.0,PAID,CASH,TX-0S312H139JMI
5929,350,3,2,4,2217,52090.5,PAID,CASH,TX-BLE5I79VQEIO
5930,,1186,1,,,35685.0,FAILED,CARD,
5931,469,1232,2,1,2395,64759.2,PAID,CARD,TX-Q3BX9PN0ESA1
5932,124,1076,1,,1397,19287.0,PAID,CARD,TX-AZI7M841PPZW
5933,507,111,2,2,2703,43923.0,PAID,CARD,TX-4B66T1QENTIB
5934,393,1149,2,1,,80368.2,PAID,CARD,TX-1IUAFYFSCMEK
5935,515,1392,2,2,1231,25613.28,PAID,CARD,TX-NGHYJ1ASB38M
5936,606,611,2,3,1936,26136.0,PAID,TRANSFER,TX-91RFYO2RCECY
5937,290,1313,1,,500,59643.0,PAID,CARD,TX-A30NKY93VP2K
5938,,944,1,,1087,15720.0,FAILED,CARD,
5939,455,1362,1,,286,15420.0,PAID,GATEWAY,TX-JEBKD17G4S8F
5940,416,1225,2,1,96,87120.0,PAID,CASH,TX-ERMQ0Z0M2GLA
5941,290,1406,1,,1342,40104.0,PAID,CARD,TX-3HX3NE0ZBZDO
5942,330,220,1,,2444,37800.0,PAID,CARD,TX-A1H5JS4WN7J6
5943,633,1160,1,,2819,34485.0,PAID,CARD,TX-PEV6P6XB5QF3
5944,264,745,2,3,1283,52453.5,PAID,TRANSFER,TX-PXIV0PTG6XOJ
5945,56,928,1,,167,31692.0,PAID,CARD,TX-5QBIPS1HO6PN
5946,36,1377,1,,2555,66973.5,PAID,GATEWAY,TX-9OKBYK0G6CMA
5947,49,1475,1,,1201,31036.5,PAID,CARD,TX-P0SCGA59OR6Z
5948,470,138,2,3,655,29882.16,PAID,CARD,TX-BDWDPRG5VMCG
5949,282,697,1,,1598,18987.0,PAID,CARD,TX-IAA2OY5HSDHN
5950,607,1393,1,,3169,34170.0,PAID,CARD,TX-OMSS63DZ8OZE
5951,353,1000,1,,2520,31959.33,PAID,GATEWAY,TX-BAUJC2DWRJ97
5952,,206,1,,1717,37437.0,FAILED,GATEWAY,
5953,558,722,1,,1329,28488.0,PAID,CARD,TX-055E27575U0W
5954,394,1447,1,,2667,17835.0,PAID,CARD,TX-QBH94U2UT0PS
5955,461,1466,2,4,2432,28459.2,PAID,CASH,TX-VIYFYL8ILCPM
5956,27,189,1,,1163,14006.64,PAID,CARD,TX-AMR31KJMQYQ4
5957,223,148,1,,1708,45004.5,PAID,CARD,TX-G7095K21GUF7
5958,,1258,1,,592,72919.2,FAILED,GATEWAY,
5959,221,596,1,,2061,25613.28,PAID,CARD,TX-BXQ2Q9XSI5UM
5960,,546,2,3,604,75141.0,FAILED,CARD,
5961,393,100,2,2,331,35574.0,PAID,CASH,TX-HGS8VY6FK45D
5962,616,1473,1,,2244,45060.0,PAID,CARD,TX-88IYJ9OZGRC2
5963,32,913,2,1,1406,81566.1,PAID,CASH,TX-PXK6NX8YYNB2
5964,259,43,1,,1124,62438.1,PAID,CARD,TX-F19F34U11JXM
5965,20,882,2,4,856,24829.2,PAID,CARD,TX-45KX7HFYSS3G
5966,340,979,1,,2375,70351.5,PAID,CARD,TX-BANMPQ9NH4GS
5967,515,281,1,,304,30240.0,PAID,CARD,TX-10LBSC0SXCI8
5968,591,32,1,,634,69260.4,PAID,CARD,TX-1M15W31B4ZUD
5969,445,1427,2,1,2226,29040.0,PAID,CASH,TX-5N0DSCLFDT0Q
5970,629,112,2,3,406,14520.0,PAID,CARD,TX-UGSFP7AIJ1DX
5971,585,187,1,,1732,40704.0,PAID,GATEWAY,TX-DIZK6WJB8N96
5972,524,757,1,,876,40104.0,PAID,GATEWAY,TX-ZT9RCH1RWZQH
5973,197,849,1,,829,27036.0,PAID,GATEWAY,TX-WV0NGNAPFA4X
5974,341,902,1,,261,19050.0,PAID,CARD,TX-GH2M5WY9PW8Y
5975,237,38,2,1,83,11761.2,PAID,CASH,TX-J4ILFT86ZQI0
5976,298,1129,1,,,29359.2,PAID,CARD,TX-U0KYMPTSQP2I
5977,524,561,1,,237,57172.5,PAID,CARD,TX-9YV1E8OKWJ27
5978,356,141,1,,2489,44188.8,PAID,GATEWAY,TX-95APO1ELQESW
5979,480,1236,1,,1108,58951.2,PAID,GATEWAY,TX-1A4F0XK5XYBR
5980,130,276,1,,645,33870.0,PAID,GATEWAY,TX-THD97K8N677G
5981,301,375,2,2,743,35283.6,PAID,CASH,TX-3LF835GPOL3U
5982,521,370,2,3,110,24829.2,PAID,CASH,TX-SLPHFVESNWIM
5983,38,1304,2,1,425,17787.0,PAID,CARD,TX-BRADV785PDW8
5984,349,926,1,,293,42882.0,PAID,CARD,TX-QK319I49N3CX
5985,500,468,2,2,128,48024.9,PAID,CASH,TX-OXMFXTL0946L
5986,421,562,2,2,1379,12414.6,REFUNDED,CASH,TX-EVFISPJPH2KL
5987,49,986,1,,503,61131.3,PAID,CARD,TX-RK1JXA334NUD
5988,532,1343,2,2,,112275.9,PAID,CASH,TX-JJKP7GX8OF39
5989,,983,1,,704,64388.7,FAILED,CARD,
5990,430,1133,2,2,2875,13721.4,PAID,CASH,TX-YC0ULQ516MGG
5991,224,716,2,3,381,17242.5,PAID,TRANSFER,TX-LK85DO1ZK59A
5992,405,333,1,,,38852.7,PAID,GATEWAY,TX-WH701L4SV515
5993,398,1297,1,,2519,19565.7,PAID,CARD,TX-ATBPG220M2FQ
5994,,1344,1,,1753,40104.0,FAILED,GATEWAY,
5995,266,1099,2,3,107,13068.0,PAID,CASH,TX-WHDD437JGJV9
5996,636,49,1,,1066,35985.0,PAID,GATEWAY,TX-NQI6HTD72J4L
5997,46,444,2,3,534,85305.0,PAID,CARD,TX-MV9VD3RSG926
5998,,1215,1,,983,29959.2,FAILED,CARD,
5999,132,610,2,2,247,123057.0,PAID,CASH,TX-RQUEAZ9R4KVC
6000,367,93,1,,2718,55213.88,PAID,CARD,TX-ST6B0C8JJ6DE
6001,28,1318,2,3,2405,104943.3,PAID,TRANSFER,TX-1RY8MSDAQAJZ
6002,467,167,2,3,2710,14520.0,REFUNDED,CARD,TX-6R2TLSBMFB2G
6003,201,789,1,,1744,44760.0,PAID,CARD,TX-STSOLNOJEBLF
6004,277,1290,1,,511,24422.4,PAID,GATEWAY,TX-XYCM3EJ10M8J
6005,211,1340,2,4,1583,12414.6,PAID,CARD,TX-YDIOIX6GWEFB
6006,35,327,1,,997,28459.2,PAID,CARD,TX-4KI7GX4RF0UX
6007,63,1131,1,,475,77938.2,PAID,GATEWAY,TX-P4C8OMUXI4EO
6008,430,295,1,,115,55553.28,PAID,CARD,TX-HGTD1A0MK0VK
6009,348,580,1,,1684,31464.6,PAID,CARD,TX-7Z3A8TQAFUN9
6010,449,364,1,,,35203.5,PAID,CARD,TX-WTWQ9QV3CANI
6011,363,353,1,,1991,43560.0,PAID,CARD,TX-HJS1DG972HSG
6012,163,966,2,1,483,30855.0,PAID,CARD,TX-FGWQASJ45G9F
6013,,220,1,,1174,43588.8,FAILED,GATEWAY,
6014,318,534,1,,557,92530.8,PAID,CARD,TX-6GOTMLCJFP09
6015,302,1488,2,4,1657,27588.0,PAID,CASH,TX-KQ929K17HE2M
6016,211,10,1,,209,60766.2,PAID,CARD,TX-FA4SKMV45HCT
6017,519,269,1,,367,27336.0,PAID,CARD,TX-0S8MJO36NCQ7
6018,347,724,1,,1531,55350.0,PAID,CARD,TX-DG2S8HODP9GU
6019,463,37,1,,662,58762.2,PAID,CARD,TX-4FFA1OIUXY4J
6020,66,459,2,3,1060,25613.28,PAID,CARD,TX-IZ3GJJ9R7HGF
6021,,1411,1,,1401,19350.0,FAILED,CARD,
6022,605,382,2,4,1081,35937.0,PAID,CARD,TX-4WPIHYXOY96A
6023,227,1096,1,,3041,12661.2,PAID,CARD,TX-M6X9XJRR7HRY
6024,397,894,1,,2682,41382.0,PAID,GATEWAY,TX-N08IXC9S4O8T
6025,444,1403,2,2,1091,41164.2,PAID,CARD,TX-F1LTLRL7PX1F
6026,528,647,1,,63,35685.0,PAID,CARD,TX-F2P0QD9GKLTM
6027,230,65,2,4,2141,16008.3,PAID,CARD,TX-3GK0HRDP4HGD
6028,,259,1,,1976,14483.7,FAILED,CARD,
6029,429,210,1,,161,83092.8,PAID,CARD,TX-M3MW6G1Q204L
6030,163,584,1,,2922,14268.0,PAID,CARD,TX-AMNDMVGR1ATO
6031,328,876,1,,763,20865.0,PAID,CARD,TX-UF0DMH4SSLVU
6032,373,221,1,,2474,59806.35,PAID,GATEWAY,TX-1KFOMVRUQYVI
6033,,669,1,,427,69780.3,FAILED,CARD,
6034,314,858,1,,1712,25729.2,PAID,GATEWAY,TX-MM6UB0Z2Y7A2
6035,434,1179,1,,723,29940.0,PAID,GATEWAY,TX-210IEZA930IS
6036,149,970,1,,1527,37409.25,PAID,GATEWAY,TX-DLZNMB9WCF7E
6037,,982,2,3,556,80586.0,FAILED,CARD,
6038,612,1090,2,2,1196,36300.0,PAID,CASH,TX-OXNCSPPMJBRK
6039,409,939,1,,2145,43888.8,PAID,CARD,TX-EW41Z0AJHOP1
6040,28,1276,1,,1186,27336.0,PAID,CARD,TX-1IUWOSMSH32L
6041,97,533,1,,1341,50205.0,PAID,CARD,TX-4NTAHRKMKGPT
6042,,583,2,1,623,43451.1,FAILED,CASH,
6043,573,987,2,4,2566,77464.2,PAID,CASH,TX-B7HZ64D8PZLV
6044,303,1073,2,3,2357,13721.4,PAID,CASH,TX-KSPE2AZEX9IH
6045,15,125,1,,2779,64988.7,PAID,CARD,TX-Z15MJ9DQ5E90
6046,503,86,2,1,253,82165.05,PAID,CASH,TX-SOJP8C8URLB6
6047,227,574,2,3,880,43560.0,PAID,TRANSFER,TX-LUFJY09KMTDC
6048,91,31,1,,1735,54261.0,PAID,GATEWAY,TX-K6SKYLYVAI1N
6049,347,109,2,1,1817,75141.0,PAID,CARD,TX-AD4QW4YO7S39
6050,223,1171,2,3,577,14229.6,PAID,CARD,TX-MREVNSI88EMW
6051,95,942,1,,2980,14268.0,PAID,CARD,TX-GM9RR5HL4XT7
6052,50,1318,1,,669,65523.6,PAID,GATEWAY,TX-0J0MG7CJ8P80
6053,,1024,2,1,1928,103455.0,PENDING,CASH,
6054,607,27,2,2,1631,26136.0,PAID,CARD,TX-6U4S2I085DXS
6055,598,347,1,,1800,37109.25,PAID,CARD,TX-5784HT3ZVWMS
6056,628,1161,1,,1515,49542.0,PAID,CARD,TX-MUVGRIFYIRCG
6057,620,1134,2,4,2797,36300.0,PAID,CASH,TX-388H8PXD03G9
6058,569,495,1,,1208,75552.0,PAID,CARD,TX-JWKDIRQX8ITJ
6059,256,75,2,3,1434,14229.6,PAID,TRANSFER,TX-5HMCN7T1A9E6
6060,357,598,2,1,2108,34485.0,PAID,CASH,TX-LXC25DGWBRV5
6061,429,105,2,1,347,48024.9,PAID,CASH,TX-LRP1P2ZE9J5Y
6062,79,459,2,4,,113764.2,PAID,CASH,TX-ERS3W78MBIKJ
6063,4,1263,1,,777,12661.2,PAID,CARD,TX-Z9FO9WU55I6S
6064,31,1483,1,,2038,52310.4,PAID,CARD,TX-5YZLWP7N5328
6065,628,1072,2,4,2792,26136.0,PAID,CASH,TX-16FO2D12CAE6
6066,196,1230,1,,314,69744.0,PAID,CARD,TX-QYTW2AKBFLHR
6067,,1314,2,4,3120,12414.6,FAILED,CARD,
6068,287,1167,2,3,1456,74596.5,PAID,CARD,TX-4HB2ND3VESWX
6069,178,55,2,1,1753,39204.0,PAID,CASH,TX-F20NFAGRT2FU
6070,465,1188,1,,1867,16201.5,PAID,GATEWAY,TX-QGD5ILJJVVQC
6071,494,1409,1,,,43560.0,PAID,CARD,TX-38XIXUB0KLX3
6072,289,1463,2,4,2235,59023.8,PAID,TRANSFER,TX-1M58NS64LBVI
6073,591,1130,1,,2502,32505.12,PAID,GATEWAY,TX-3XC0TWHBVJSF
6074,521,499,1,,,85188.6,PAID,GATEWAY,TX-6PLK6J8LHAZL
6075,365,1005,2,4,2824,48714.6,PAID,CARD,TX-311NUAKRPQ8P
6076,356,727,1,,1932,57800.25,PAID,CARD,TX-OAFKN53B6OJU
6077,,1472,2,2,1675,45375.0,FAILED,CASH,
6078,,920,2,2,1352,11761.2,PENDING,CASH,
6079,385,376,2,4,359,70857.6,PAID,CARD,TX-3USUBZ4K76UR
6080,,402,1,,3050,48191.64,FAILED,CARD,
6081,536,724,2,4,157,47117.4,PAID,CARD,TX-YLDEBRU6O9K0
6082,357,1406,1,,287,18351.75,PAID,CARD,TX-O8P3HE53FFDY
6083,29,979,2,4,2009,58697.1,PAID,CASH,TX-Y76WEZUOW0S0
6084,169,1307,2,4,2065,39204.0,PAID,CARD,TX-HONHM6RQV4KN
6085,66,743,1,,129,27588.0,PAID,CARD,TX-YU418XMEQYTN
6086,357,947,1,,,31692.0,PAID,CARD,TX-I008BYDUP4Z5
6087,455,443,1,,3021,26329.2,PAID,CARD,TX-X33J0FWT9M6R
6088,124,921,2,2,3171,84324.9,PAID,CASH,TX-R84AFFO71T6W
6089,,934,2,4,1549,16008.3,PENDING,TRANSFER,
6090,638,1132,2,4,1055,27442.8,PAID,CASH,TX-AIW56NYJW7SO
6091,385,52,2,2,1138,68244.0,PAID,CASH,TX-URIQZS292T81
6092,335,1111,1,,1451,77328.36,PAID,GATEWAY,TX-5IBYNEFQHYNJ
6093,115,505,2,2,1362,39204.0,PAID,CARD,TX-XH9LCVPCILTZ
6094,507,1286,2,4,2412,42688.8,PAID,CASH,TX-QHOE8T0PP7ND
6095,549,220,1,,2093,55513.88,PAID,CARD,TX-DPTTX94RAITY
6096,464,673,2,2,3174,14229.6,PAID,CASH,TX-Z2SWGUBWL370
6097,563,557,1,,,17535.0,PAID,CARD,TX-XKJ97I0RWB9A
6098,590,797,2,4,1288,45738.0,PAID,CASH,TX-2L9D3BJL76EN
6099,216,596,1,,1731,15720.0,PAID,GATEWAY,TX-R1ZDWVNI9HYF
6100,449,1167,1,,2748,54261.0,PAID,CARD,TX-7EM0V0BNV8F7
6101,185,658,1,,,44188.8,PAID,GATEWAY,TX-7LP4KVT9IKBG
6102,109,518,1,,2130,79462.8,PAID,GATEWAY,TX-7PKRO4NGKNJ3
6103,95,1318,1,,879,52927.5,PAID,GATEWAY,TX-M0GIXDROE9SS
6104,172,721,2,3,,29403.0,PAID,CARD,TX-VU9GBG1QJY3C
6105,625,275,1,,2785,86958.75,PAID,CARD,TX-SPJKXV00E796
6106,600,1310,2,4,1399,13794.0,PAID,TRANSFER,TX-5S9XUIFTH16L
6107,636,555,2,1,1009,19057.5,PAID,TRANSFER,TX-VZZIYPKML38K
6108,272,1020,1,,1875,56929.05,PAID,GATEWAY,TX-FF03E1QDF5KN
6109,160,1013,1,,2065,29088.0,PAID,GATEWAY,TX-GKAL7YDU4078
6110,508,415,2,2,133,42688.8,PAID,CASH,TX-RJKITBI9GQHQ
6111,,1155,2,4,2280,39204.0,PENDING,CARD,
6112,19,1426,1,,118,43588.8,PAID,CARD,TX-TCN0105PK31R
6113,518,1269,2,1,2148,41454.6,PAID,CASH,TX-KEDJWKE6Y5O1
6114,247,1230,1,,996,33570.0,PAID,CARD,TX-3YK7Y6EBQDGW
6115,325,972,2,3,982,35574.0,PAID,CARD,TX-5N5R3GHXH229
6116,628,1107,1,,2448,19004.62,PAID,GATEWAY,TX-TWTN5HV4179N
6117,248,788,1,,1930,16335.0,PAID,GATEWAY,TX-LQOB743T9SAL
6118,188,1120,1,,992,50674.8,PAID,CARD,TX-JFI7N3304X4D
6119,,168,1,,1825,29959.2,PENDING,CARD,
6120,,746,2,2,791,12414.6,FAILED,CARD,
6121,442,127,1,,1667,35503.5,PAID,CARD,TX-GISWGQAQ5UQA
6122,76,447,1,,2085,58072.5,PAID,GATEWAY,TX-MXBD6RGX6HVM
6123,209,815,1,,,29940.0,PAID,GATEWAY,TX-73XFJEUGWSFD
6124,349,882,1,,3062,79608.0,PAID,CARD,TX-7STKLGXLEIG4
6125,405,1213,1,,2555,19350.0,PAID,CARD,TX-5C22FSX3NJZH
6126,335,1266,1,,1782,39233.85,PAID,CARD,TX-9GOHM9CZXBX5
6127,324,195,1,,2354,18987.0,PAID,CARD,TX-VPIUDDXMOK7Y
6128,301,1128,2,3,751,49005.0,PAID,CASH,TX-QGZO03IT2EN9
6129,,661,1,,1241,71622.0,FAILED,GATEWAY,
6130,299,1054,1,,2692,68718.0,PAID,GATEWAY,TX-3U3NEIJYAZWC
6131,269,887,1,,1161,16446.0,PAID,GATEWAY,TX-FPEJ10ZJ2CA1
6132,,71,1,,425,32236.5,FAILED,CARD,
6133,451,1303,1,,3185,37137.0,PAID,CARD,TX-KP407ZN58KHP
6134,143,545,1,,622,30240.0,PAID,CARD,TX-0A0HLDW9POCF
6135,521,613,2,2,2388,35283.6,REFUNDED,CASH,TX-0C05ZN26948P
6136,,616,1,,588,35385.0,FAILED,CARD,
6137,,309,1,,2045,25729.2,PENDING,CARD,
6138,220,740,1,,2838,35685.0,PAID,GATEWAY,TX-8QFO5L8RSBCS
6139,476,1281,2,1,,14229.6,PAID,CASH,TX-EXVNAE5M5PX2
6140,181,347,2,3,482,53179.5,PAID,CASH,TX-OAEUUCSONGH3
6141,66,1385,1,,286,58554.0,PAID,CARD,TX-FH4N26VHULME
6142,474,547,2,4,2970,28459.2,PAID,TRANSFER,TX-BIZ7Z5Q9T63B
6143,187,726,1,,1108,54261.0,PAID,CARD,TX-I6VXX574DCTE
6144,127,315,2,3,,71874.0,REFUNDED,CARD,TX-UL487BARDUWP
6145,404,914,1,,1375,42282.0,PAID,CARD,TX-RWLM6FIPRIYY
6146,584,896,1,,1674,110344.5,PAID,CARD,TX-CHI8IBVG5SOS
6147,,289,2,3,2979,18150.0,FAILED,CASH,
6148,132,597,2,4,2335,66429.0,PAID,CASH,TX-OURYZ1EYMX6X
6149,468,195,1,,2073,79182.0,PAID,CARD,TX-646SXJRLCMNI
6150,604,1129,2,4,2759,41382.0,PAID,CASH,TX-WZ7O9HVNA86R
6151,17,713,1,,1121,52627.5,PAID,CARD,TX-87E1G5JSKM7F
6152,,1158,1,,2354,89709.0,FAILED,GATEWAY,
6153,,820,2,4,985,77623.92,FAILED,CARD,
6154,227,425,1,,108,49905.0,PAID,CARD,TX-9WCOTXM0ENI6
6155,58,461,1,,2236,14520.0,PAID,CARD,TX-5TUJUN9IWFYE
6156,273,804,2,1,2269,47291.64,PAID,CASH,TX-OTWFOX97DWU1
6157,465,83,1,,1394,97032.0,PAID,CARD,TX-S27IZNNDK5VX
6158,100,376,2,3,248,53724.0,PAID,CARD,TX-7MMMSCO53CZ3
6159,126,1429,1,,790,29461.08,PAID,CARD,TX-3WDM3BLM5KLE
6160,232,1360,1,,203,77430.0,PAID,GATEWAY,TX-0Y7HPHAWXIG6
6161,517,900,1,,714,33444.0,PAID,CARD,TX-KZGV4YXBKKKM
6162,42,1039,1,,2781,29088.0,PAID,CARD,TX-T97M612ZQOJW
6163,267,1066,1,,2834,39204.0,PAID,GATEWAY,TX-GBEJIPOE5V06
6164,534,165,2,4,2198,42688.8,PAID,CASH,TX-G5GXPUI4E3J7
6165,468,957,1,,2300,15383.7,PAID,GATEWAY,TX-LB39MEWMPU7G
6166,640,1335,1,,,123785.1,PAID,GATEWAY,TX-V510DT2FGJJ1
6167,231,442,2,1,3117,57172.5,PAID,CASH,TX-8UML3JGFGJ14
6168,105,1443,2,1,1582,26136.0,PAID,CARD,TX-9SQQ8WII5FSB
6169,79,492,1,,330,49116.0,PAID,GATEWAY,TX-PFS6BR1YDKQJ
6170,271,944,1,,285,33570.0,PAID,CARD,TX-PWBSGZLLLR3V
6171,502,370,1,,,32236.5,PAID,CARD,TX-6PEE3CD9YTUI
6172,187,516,1,,,18742.5,PAID,GATEWAY,TX-7WR6EAE5JZ46
6173,62,1392,1,,822,37137.0,PAID,GATEWAY,TX-9S02I1M8AVD9
6174,,1019,2,2,,35283.6,PENDING,CASH,
6175,134,337,1,,404,44460.0,PAID,GATEWAY,TX-OU0NR9IIKW32
6176,445,387,1,,640,17508.3,PAID,CARD,TX-M2JGWJZQE061
6177,183,281,1,,1980,27336.0,PAID,CARD,TX-T9YG4B8FWNAM
6178,480,628,1,,2791,16146.0,PAID,CARD,TX-QY3FXFVX4T19
6179,529,952,1,,1560,55950.0,PAID,CARD,TX-KA8O3BIKI9VB
6180,251,1340,1,,2896,52627.5,PAID,CARD,TX-B2ZMI5E4BDLB
6181,256,1076,1,,2157,77623.92,PAID,CARD,TX-9Z63JCVG9CGO
6182,65,185,1,,1069,57646.5,PAID,GATEWAY,TX-Y9Y5ZIX881I7
6183,633,475,1,,617,48816.0,PAID,CARD,TX-6VSOE7QZU93R
6184,538,154,1,,2566,56376.0,PAID,GATEWAY,TX-4U5C5JAXF856
6185,70,1168,2,4,274,95650.5,PAID,CASH,TX-QPBZYG2BQXWM
6186,634,309,1,,255,68079.12,PAID,GATEWAY,TX-G72C8823Y57E
6187,151,828,2,4,128,41164.2,REFUNDED,CASH,TX-7WVEMH8C4ANT
6188,83,1200,1,,2718,79063.5,PAID,CARD,TX-5AYWQWA4SDQU
6189,241,1286,1,,,52663.8,PAID,CARD,TX-MAP6K1NQMIS1
6190,35,659,2,1,61,67844.7,PAID,CASH,TX-Q6AL1A1VDGEZ
6191,545,430,1,,2519,28488.0,PAID,GATEWAY,TX-IZ7XJS3EZWRR
6192,441,704,1,,265,28788.0,PAID,CARD,TX-E4K4ID4P2S1K
6193,175,1087,2,3,969,35937.0,PAID,CASH,TX-6907FBCBZ0YM
6194,365,63,1,,2488,44760.0,PAID,CARD,TX-5F5MC37IZPWE
6195,412,1388,1,,18,71332.12,REFUNDED,GATEWAY,TX-J162Z4RP6HI5
6196,11,987,2,1,1862,38419.92,PAID,CASH,TX-ZOP27EXGBWZD
6197,4,311,1,,1322,41130.0,PAID,CARD,TX-K34RTUAJBQQX
6198,291,379,2,4,1227,39204.0,PAID,CASH,TX-USRRM2XXDD1M
6199,,585,1,,290,18868.5,PENDING,CARD,
6200,597,877,1,,1218,78582.0,REFUNDED,GATEWAY,TX-WZB0ZSCPNZON
6201,,416,2,3,1035,39204.0,FAILED,CARD,
6202,327,173,1,,,40104.0,PAID,GATEWAY,TX-BD02SMKDSN30
6203,608,659,1,,633,39319.92,PAID,GATEWAY,TX-F5FDJER5AFSC
6204,427,4,1,,1104,34170.0,PAID,GATEWAY,TX-S6TBXK6W61ZS
6205,59,849,2,1,1488,41382.0,PAID,TRANSFER,TX-Q01SARVK8VC1
6206,407,271,2,4,1918,28459.2,PAID,CARD,TX-VAMYIRS2YDP2
6207,552,1388,1,,1842,43124.4,PAID,GATEWAY,TX-F8O6571MYIIE
6208,,623,1,,661,36456.38,FAILED,GATEWAY,
6209,259,1388,1,,713,38615.7,PAID,GATEWAY,TX-T4ZVD3L9DYR0
6210,,1427,2,2,988,13794.0,FAILED,CASH,
6211,45,1139,2,4,991,37352.7,PAID,TRANSFER,TX-R3NRK7QJ1XGU
6212,604,463,1,,2435,15841.08,PAID,CARD,TX-159ZW34866JQ
6213,127,1430,1,,2519,26136.0,PAID,GATEWAY,TX-0ULEQBSF1QUN
6214,128,499,1,,2590,71449.05,PAID,CARD,TX-RL8NIJHLQPMV
6215,109,67,1,,2536,51429.6,PAID,GATEWAY,TX-ENZ604KVDQ3P
6216,602,249,1,,983,16008.3,REFUNDED,CARD,TX-MU69JVTGRWFE
6217,339,764,1,,2700,29088.0,PAID,GATEWAY,TX-R7J5X1T92859
6218,634,911,2,3,283,51636.75,PAID,CARD,TX-P61L3BSB3ZIL
6219,549,801,2,3,2969,29882.16,REFUNDED,CASH,TX-2DA0MZHP15BD
6220,461,130,1,,2717,95280.0,PAID,CARD,TX-9LYUKZ8CQGI2
6221,,1106,1,,1275,36774.0,FAILED,CARD,
6222,77,1441,1,,2608,130401.3,PAID,CARD,TX-60M1FHSSF0FD
6223,455,364,1,,2751,15383.7,PAID,CARD,TX-6FRSZSMVOVJW
6224,97,35,1,,2901,14994.0,PAID,CARD,TX-R0C4PL7MHBZA
6225,463,1451,1,,1976,17235.0,PAID,GATEWAY,TX-EKXF0C2FU6SL
6226,51,679,1,,699,40104.0,PAID,CARD,TX-YJKQ08JKZCYF
6227,18,1084,1,,246,29659.2,PAID,GATEWAY,TX-Z063O0RMHB24
6228,515,248,1,,208,45738.0,PAID,CARD,TX-CWSXJLTDDWG0
6229,461,1249,1,,1209,16446.0,PAID,GATEWAY,TX-8I2WALCNSF1J
6230,157,4,2,1,252,43269.6,PAID,CARD,TX-SEE1S9EP0MOW
6231,,1405,2,3,1072,43560.0,FAILED,CASH,
6232,92,1212,2,4,2503,57680.7,PAID,CARD,TX-RBPKZD85BG4M
6233,516,962,1,,298,35385.0,PAID,CARD,TX-6LZSSGAJ30S2
6234,,1016,2,3,1454,48678.3,FAILED,CARD,
6235,4,1346,1,,1185,29659.2,PAID,GATEWAY,TX-739IYGKAD4M1
6236,,249,1,,655,76549.2,FAILED,CARD,
6237,136,1301,1,,2783,53472.0,PAID,GATEWAY,TX-3RTKCE5EO405
6238,,1224,2,4,236,37243.8,FAILED,CASH,
6239,519,790,1,,1879,33570.0,PAID,GATEWAY,TX-U6ODZU44DUC8
6240,187,1307,1,,1069,85842.0,PAID,GATEWAY,TX-V9ZVMZ4TO82G
6241,113,56,1,,2010,14694.0,PAID,CARD,TX-VOZEIHVTJA6P
6242,292,266,2,4,1573,46609.2,PAID,CARD,TX-U5GF8Z1VM68T
6243,368,80,2,1,1755,26136.0,PAID,CARD,TX-X8WTK60QGW4M
6244,517,1458,2,3,344,12414.6,PAID,CASH,TX-DINTY5KRXFCE
6245,61,685,1,,974,26329.2,PAID,CARD,TX-XBDBJVANJNUY
6246,325,1284,2,1,1477,14229.6,PAID,CASH,TX-U3WCFR6IM00B
6247,140,1460,2,1,2076,18104.62,PAID,CARD,TX-60YUTW5ZF6NN
6248,106,1024,1,,768,39315.0,PAID,GATEWAY,TX-5WZ50ARCNO4Q
6249,498,937,1,,155,18442.5,PAID,CARD,TX-W65F3TBA5Z3F
6250,88,1489,2,1,2477,27442.8,PAID,CASH,TX-EWEDIIJJRDUB
6251,158,1233,2,4,2915,80368.2,PAID,CASH,TX-DTNX6VYN0LJ6
6252,584,176,1,,1212,72019.2,PAID,CARD,TX-CNWEKI0UZWLR
6253,114,396,1,,2727,58529.88,PAID,GATEWAY,TX-8Y89FF03LUN1
6254,512,552,1,,682,31936.5,PAID,GATEWAY,TX-7HZYPA4T2YKC
6255,251,709,1,,1665,44878.5,PAID,GATEWAY,TX-R205902CQYRD
6256,532,1262,1,,2358,32236.5,PAID,CARD,TX-UFI39G25UUA2
6257,482,310,2,2,3035,17787.0,PAID,CARD,TX-XN6J5KHFB4MC
6258,255,1258,1,,1844,29940.0,PAID,GATEWAY,TX-8ZI7NVIVMYUZ
6259,109,1039,2,3,3152,54313.88,PAID,CARD,TX-UBY8A7HSE09M
6260,406,145,1,,847,13614.6,PAID,CARD,TX-STXZF5RCN3AH
6261,25,928,1,,,42037.5,PAID,GATEWAY,TX-NQYRMUWUKAI8
6262,556,1061,1,,1719,73543.8,PAID,CARD,TX-DTPOGV7WFHET
6263,137,1421,2,1,3119,49005.0,PAID,CASH,TX-OTNG0AC6FI6O
6264,577,1219,1,,,84753.0,PAID,CARD,TX-P4M5OZE98C5Z
6265,630,510,1,,783,29359.2,REFUNDED,GATEWAY,TX-TJ9TW9URU396
6266,494,684,1,,1075,27036.0,PAID,CARD,TX-WJD5TMGYKBV1
6267,297,727,1,,319,42364.2,PAID,CARD,TX-9GZ3UQZFCOQ2
6268,382,584,1,,2320,66749.25,PAID,GATEWAY,TX-5AS5E1KKXVJL
6269,,521,1,,,17535.0,FAILED,CARD,
6270,390,475,1,,2238,85779.0,PAID,CARD,TX-3TMTZ2T6UL0W
6271,310,1472,1,,,18687.0,PAID,CARD,TX-2Y977B34SXDM
6272,484,188,1,,1801,70470.0,PAID,GATEWAY,TX-QSP7OC20W751
6273,107,601,2,1,912,17787.0,PAID,CASH,TX-FH48TV2OVY1W
6274,598,407,1,,,19957.5,PAID,CARD,TX-KR1IMVZG00TV
6275,384,210,2,2,992,58697.1,PAID,CASH,TX-9R5P4SIQJ29I
6276,265,1472,2,2,2502,32670.0,REFUNDED,CASH,TX-GOLJNUTK3NZT
6277,430,1317,2,1,3125,26136.0,PAID,CARD,TX-5DHEO4Q07SA2
6278,336,1450,1,,1103,26329.2,PAID,CARD,TX-8SVCP7EJK0PO
6279,579,724,1,,230,34485.0,PAID,CARD,TX-ZNJFDKXMPQBX
6280,384,942,1,,30,49905.0,PAID,GATEWAY,TX-LT05YLFA0PBQ
6281,50,226,1,,1504,15294.0,PAID,GATEWAY,TX-SEDNPHT4YPRT
6282,639,675,2,2,196,81021.6,PAID,TRANSFER,TX-E52ZAE9CX98E
6283,420,1366,1,,365,36774.0,PAID,GATEWAY,TX-D5P72HEM58TP
6284,316,1464,1,,2582,29949.6,PAID,CARD,TX-OQ42S2AXQWSX
6285,497,1317,2,2,2616,29040.0,PAID,CASH,TX-2NIVORR0KTAM
6286,322,321,1,,219,32670.0,REFUNDED,CARD,TX-0MML36JEISAR
6287,502,288,2,3,,26136.0,PAID,TRANSFER,TX-HTN9W0MPYTU8
6288,47,839,1,,1251,17535.0,PAID,CARD,TX-MJH9TBJKWCUD
6289,17,63,2,4,2421,65993.4,PAID,TRANSFER,TX-7Z2FLTMZXPCE
6290,30,74,1,,2979,27336.0,PAID,CARD,TX-VKZ9KAAAT0EJ
6291,174,1359,1,,1609,16852.56,PAID,CARD,TX-GQTKJE9ZUOHX
6292,,735,1,,1732,37243.8,FAILED,GATEWAY,
6293,338,583,2,2,679,41382.0,PAID,CASH,TX-W7I0SO50UA7E
6294,37,403,1,,1740,18687.0,PAID,CARD,TX-29ANDGYX533M
6295,266,144,2,4,997,64904.4,PAID,CARD,TX-HEL3TZBR9YYH
6296,133,724,2,4,788,43451.1,PAID,CASH,TX-ZMA2ESVDO26Q
6297,,508,1,,848,29940.0,FAILED,GATEWAY,
6298,424,1476,1,,,19050.0,PAID,GATEWAY,TX-D5YZGV6XE4M1
6299,,1069,1,,1680,37709.25,FAILED,CARD,
6300,509,92,1,,2966,48816.0,PAID,CARD,TX-XAKMIL3BKFSE
6301,74,376,1,,,42664.2,PAID,CARD,TX-QZ93VNSNSBME
6302,360,251,2,4,2543,54450.0,PAID,CASH,TX-QVC7H56E43BA
6303,285,665,1,,2550,35685.0,PAID,GATEWAY,TX-VM6VPNKJPF4K
6304,336,4,2,1,1300,48142.88,REFUNDED,CASH,TX-G8GG8HNESJWQ
6305,485,225,1,,430,75687.6,PAID,CARD,TX-61K1KE9AHIM9
6306,479,1083,2,1,3127,28967.4,PAID,CASH,TX-W3D6M8BLROCH
6307,316,111,1,,1531,29867.4,PAID,CARD,TX-3YRJX9YSRK4V
6308,198,1491,2,2,2999,47916.0,PAID,CARD,TX-RJBMEEJE8G1O
6309,32,1340,1,,,52627.5,PAID,GATEWAY,TX-PPSQB063EDSD
6310,467,597,1,,1030,14268.0,PAID,GATEWAY,TX-DEONSG74RYBZ
6311,302,873,1,,673,15729.6,PAID,GATEWAY,TX-CRLXEWEGL2UO
6312,89,1021,2,1,2919,53905.5,PAID,TRANSFER,TX-UDI2LIYWE36L
6313,403,456,1,,875,51158.4,PAID,GATEWAY,TX-UF066ZSXH6OZ
6314,399,413,2,3,2941,30346.8,PAID,CASH,TX-B8KQ4ONNT8R2
6315,69,748,2,3,1954,95962.68,PAID,CASH,TX-U1NJ4WK6FSZ1
6316,162,1310,2,1,1277,16335.0,PAID,CASH,TX-AO4B8HYE5NFO
6317,66,1271,1,,2685,18442.5,PAID,GATEWAY,TX-13TVHQEJFAH0
6318,275,964,1,,2404,16746.0,PAID,GATEWAY,TX-QFKAHWT1HQF2
6319,341,1178,1,,2666,45423.0,PAID,CARD,TX-5OO7Z54NTVVO
6320,502,292,1,,1489,32205.12,REFUNDED,GATEWAY,TX-BWYPAE9E62PO
6321,421,1034,2,4,2182,81312.0,PAID,CARD,TX-ZV8NDK4YEAY4
6322,324,494,1,,1774,58917.0,PAID,CARD,TX-1X19RA1U56UV
6323,350,1025,1,,410,31305.12,PAID,GATEWAY,TX-MF01M0WESLLT
6324,,1045,2,2,590,17787.0,PENDING,CARD,
6325,477,700,1,,2588,14921.4,PAID,CARD,TX-89A6D62NIA9A
6326,174,1194,1,,477,14268.0,PAID,CARD,TX-NPPUYXPZNOYP
6327,512,449,1,,1095,79462.8,PAID,GATEWAY,TX-0169OLUUCU5V
6328,273,220,2,4,,60112.8,PAID,CASH,TX-6AVYLAERX0CM
6329,633,1152,1,,1737,128229.75,PAID,CARD,TX-VTTCOX76ZZQH
6330,,417,2,3,1354,56918.4,FAILED,CARD,
6331,489,231,2,3,698,35574.0,PAID,CASH,TX-YS7SVTSG2K14
6332,32,142,1,,3018,49905.0,PAID,GATEWAY,TX-AZIQEW8CBN52
6333,171,867,1,,2588,29882.16,PAID,CARD,TX-CXJMC51I1NEU
6334,423,1011,1,,503,17535.0,PAID,CARD,TX-4U5K2A50C6F9
6335,375,1363,1,,,19350.0,PAID,CARD,TX-CCH9KBG77127
6336,466,1027,2,3,1856,84070.8,PAID,CASH,TX-8IWFA5YSIZSX
6337,543,135,1,,1469,28788.0,PAID,GATEWAY,TX-AM0AMOQ0EWE1
6338,442,582,1,,,17535.0,PAID,CARD,TX-ECXRNOQVJE45
6339,273,525,1,,3048,31936.5,PAID,GATEWAY,TX-X0O6PH91JK4N
6340,502,463,2,3,1346,71601.75,PAID,CARD,TX-SBMAXON58CPV
6341,324,1127,1,,,39619.92,PAID,GATEWAY,TX-3HUASPOPZQAB
6342,411,1263,1,,1632,27036.0,PAID,CARD,TX-XW1288KQE1KG
6343,433,294,1,,587,85788.6,PAID,GATEWAY,TX-79346LWUSPJB
6344,438,594,2,3,2803,68970.0,REFUNDED,TRANSFER,TX-LKGKYKV0PTX5
6345,20,195,2,2,1576,73689.0,PAID,CARD,TX-IG29DD9DTFOC
6346,35,649,2,1,3083,17787.0,PAID,CARD,TX-76PZ6Y4YV77B
6347,,1043,1,,127,31464.6,FAILED,GATEWAY,
6348,582,932,1,,2293,64570.2,PAID,GATEWAY,TX-QR2TXMFAF6XH
6349,497,444,1,,50,18142.5,PAID,GATEWAY,TX-Q1R927KN27XP
6350,,87,1,,2161,29882.16,PENDING,CARD,
6351,304,819,1,,475,49905.0,PAID,CARD,TX-CXBHDC8HWYA9
6352,,967,1,,598,75189.0,FAILED,CARD,
6353,359,605,2,4,687,51727.5,PAID,CASH,TX-A7PWBJ0XU6PQ
6354,,1331,1,,2661,35322.0,FAILED,CARD,
6355,228,527,2,2,2413,39204.0,PAID,CASH,TX-RCRQ7WCGG4EF
6356,247,660,1,,1017,109301.4,PAID,CARD,TX-822UZ9VEXG6G
6357,463,1355,1,,2953,54261.0,PAID,CARD,TX-X24L3NV7IY0K
6358,186,336,1,,2369,25613.28,PAID,CARD,TX-YKG25G4GA22L
6359,409,764,2,4,630,14483.7,PAID,CARD,TX-FU1T1LXVTCB1
6360,393,321,1,,3179,43560.0,PAID,CARD,TX-L768PSQFDVDA
6361,305,307,1,,2989,61821.0,PAID,GATEWAY,TX-MOYZVV0HAR6P
6362,28,1027,2,1,298,88209.0,PAID,CASH,TX-ST7QOOST5WJ0
6363,,1359,2,4,827,11761.2,FAILED,CASH,
6364,470,723,1,,1885,18142.5,PAID,GATEWAY,TX-S65INXGR8HVA
6365,407,1135,1,,,29659.2,PAID,GATEWAY,TX-5BZ7MX7LUNEY
6366,289,72,1,,823,45060.0,PAID,CARD,TX-3TOAO44GPF0J
6367,219,459,2,4,,45738.0,REFUNDED,CASH,TX-BAL8W0ZTHPFP
6368,181,453,2,4,2593,36300.0,PAID,CARD,TX-5Y5CRSPC2A50
6369,187,995,1,,537,59597.1,PAID,GATEWAY,TX-NSZ1Q4NZFU4A
6370,,316,2,4,1175,18150.0,FAILED,CARD,
6371,608,1306,2,4,2234,29882.16,PAID,CARD,TX-752IQUJQU29G
6372,627,212,2,4,3066,64614.0,PAID,CARD,TX-WYO65E2235OH
6373,56,212,1,,,28788.0,PAID,GATEWAY,TX-TD2TN9U06ECU
6374,114,1378,1,,901,76404.0,PAID,GATEWAY,TX-SAF67W8B7O1M
6375,473,746,1,,2652,95643.0,PAID,CARD,TX-A9VI1B0L02VD
6376,91,1327,1,,,13968.0,PAID,GATEWAY,TX-83OA19J0G4RP
6377,25,1323,2,3,709,34485.0,PAID,CARD,TX-I9HEIIISZENU
6378,277,1036,1,,,14694.0,PAID,GATEWAY,TX-TWPSUPSLIDFH
6379,198,426,2,3,2324,14229.6,REFUNDED,CARD,TX-KDYIALEQWE40
6380,262,1045,1,,498,28642.8,PAID,GATEWAY,TX-BC0BZDKK7SLM
6381,,885,1,,2354,59622.75,FAILED,GATEWAY,
6382,511,1009,1,,2916,17172.0,PAID,GATEWAY,TX-B8D40LVWUADR
6383,28,220,2,2,1535,31036.5,PAID,CASH,TX-CWAUCG717MD0
6384,217,705,1,,1559,44641.5,PAID,CARD,TX-B7NAPK5801L7
6385,178,1037,1,,2955,24722.4,PAID,GATEWAY,TX-2H5ENTCGIL5M
6386,164,789,1,,2586,79545.0,PAID,CARD,TX-JAVGXO6ILF7S
6387,163,79,1,,2755,42282.0,PAID,CARD,TX-RPGWR4QV3YLV
6388,2,768,1,,779,54972.48,PAID,CARD,TX-RCJ0G196KQD7
6389,374,1253,2,2,2987,68607.0,REFUNDED,CASH,TX-VGAUGFUH0VX7
6390,185,340,1,,814,52973.4,PAID,CARD,TX-69UAZGEI0P9H
6391,435,87,1,,2672,79462.8,PAID,CARD,TX-WF7222ZVS6XO
6392,,504,1,,2822,18142.5,FAILED,GATEWAY,
6393,6,575,1,,2948,37500.0,PAID,CARD,TX-6J8NZ3Q8PIM1
6394,145,467,1,,562,48924.9,PAID,CARD,TX-BWP4NC89HZAG
6395,439,771,1,,1552,54261.0,PAID,CARD,TX-YFXZ3RV2ZCEJ
6396,616,1306,1,,,84579.0,PAID,CARD,TX-2BLQO68ZQTJL
6397,52,465,2,2,1427,56900.25,PAID,CASH,TX-42C78WHYMAOR
6398,614,877,2,4,848,14701.5,PAID,CASH,TX-KJG93XNPEAEY
6399,76,602,1,,8,43560.0,REFUNDED,GATEWAY,TX-W575BBF3X4Y6
6400,539,554,1,,573,31392.0,PAID,GATEWAY,TX-7MKDWGOXOXQQ
6401,321,1313,1,,2168,54805.5,PAID,CARD,TX-BOOBLZ431Q6H
6402,386,410,2,2,1279,26136.0,PAID,CARD,TX-OCFSF79OEAVZ
6403,257,1312,2,2,1644,36300.0,PAID,CASH,TX-69QBLPCJRJEY
6404,581,289,2,1,,13794.0,PAID,CASH,TX-X8RCJZ2VA9CD
6405,505,429,2,1,2351,14520.0,PAID,CASH,TX-AI21E13HYR1R
6406,609,699,1,,2784,14006.64,PAID,GATEWAY,TX-6YHUIYTCWSWM
6407,426,267,2,2,3036,17242.5,PAID,TRANSFER,TX-GWHXUIN451YG
6408,490,1228,1,,2185,37409.25,REFUNDED,GATEWAY,TX-JR29G7JPYJHE
6409,278,476,1,,1498,18142.5,PAID,CARD,TX-IA616DGCB2JP
6410,381,1276,1,,2235,30240.0,PAID,CARD,TX-WZ5S1C5Z4I1M
6411,120,648,2,2,2524,16335.0,PAID,CARD,TX-F3WLLOQYIEWH
6412,19,851,2,4,612,49005.0,PAID,CASH,TX-ZRN9576GDV3B
6413,,1348,2,4,913,36300.0,FAILED,CASH,
6414,57,1318,2,2,2317,53724.0,PAID,TRANSFER,TX-9SBBCCNNAL91
6415,352,514,2,1,1851,17968.5,PAID,CARD,TX-1K4FRIAQOIN2
6416,315,1093,1,,1607,52355.25,PAID,CARD,TX-HAOK2J9EZQC5
6417,257,1426,1,,1357,15574.8,PAID,GATEWAY,TX-6EA2F7Y6DB7D
6418,556,996,2,2,1642,51909.0,PAID,CASH,TX-TIR2PE6WADK2
6419,,718,2,2,777,34485.0,FAILED,CARD,
6420,151,724,1,,1429,77130.0,PAID,CARD,TX-C3Q51GQTTEP7
6421,73,114,1,,2245,66186.6,PAID,CARD,TX-EKO6B1N7WEAD
6422,383,800,2,2,550,14701.5,PAID,CARD,TX-T3WGNN2A3PQR
6423,414,1004,1,,800,49116.0,PAID,GATEWAY,TX-M6XR8FRKB0XJ
6424,378,147,2,1,1839,14229.6,PAID,CARD,TX-W0Z1QJZC6FTN
6425,374,28,2,1,3019,29040.0,REFUNDED,CARD,TX-TOR664X19503
6426,387,786,1,,107,55650.0,PAID,CARD,TX-AORSNI1BJ3OD
6427,,153,2,3,2677,14229.6,FAILED,TRANSFER,
6428,310,1433,1,,687,44351.1,PAID,CARD,TX-XT64OM26NJZI
6429,527,1419,2,1,1511,86248.8,PAID,CASH,TX-EYCFGXL53KHW
6430,616,389,2,4,2514,13068.0,PAID,CARD,TX-K6JZQLA7SVXL
6431,167,233,2,3,1863,118047.6,PAID,CARD,TX-HS79FL6878E1
6432,426,746,1,,1192,75032.1,REFUNDED,GATEWAY,TX-947Z60GAA4LX
6433,428,894,2,1,2417,68534.4,PAID,CARD,TX-BUEXOOXJ4VO9
6434,624,1083,1,,608,17235.0,PAID,CARD,TX-XALPZT1HX2MI
6435,218,1347,1,,347,29659.2,PAID,CARD,TX-SACIGFMT1DBT
6436,86,24,2,4,2260,54450.0,PAID,CARD,TX-D9YD415UN9OX
6437,512,1239,1,,839,54561.0,PAID,CARD,TX-5WGGLIQSES0T
6438,445,1151,1,,1777,27336.0,PAID,CARD,TX-EY2GDE8L0UJR
6439,484,696,2,4,2088,59532.0,PAID,CARD,TX-VR222D5XTRN8
6440,65,1278,1,,1922,18442.5,PAID,CARD,TX-X3EQF1AKCV75
6441,201,336,1,,2503,43080.6,PAID,CARD,TX-U6ZRWRJT67E3
6442,526,1174,1,,1437,32728.08,PAID,CARD,TX-K9SCM3IGEKBN
6443,363,668,1,,214,43888.8,PAID,CARD,TX-MHTHBP3L520E
6444,312,501,2,2,1802,53905.5,PAID,CASH,TX-XS0EUGOUHP4G
6445,,1292,2,1,791,27588.0,FAILED,CASH,
6446,400,198,1,,1664,49905.0,REFUNDED,GATEWAY,TX-RAPBXWOL7402
6447,443,884,1,,2758,69579.6,PAID,GATEWAY,TX-CGWW5KLEP0BX
6448,374,1230,1,,2819,35985.0,PAID,CARD,TX-RTRIZKE3ZC0Z
6449,636,212,2,2,2315,13068.0,PAID,CASH,TX-ZXDTZLSCIMWV
6450,346,1025,2,2,752,13068.0,PAID,CASH,TX-BMGZT6XN0JYB
6451,219,1424,2,2,1202,30945.75,PAID,CARD,TX-N6ITQIKB8052
6452,317,975,1,,1532,12661.2,PAID,GATEWAY,TX-ZP9JTLBHCYGK
6453,394,820,1,,2094,40704.0,PAID,CARD,TX-9OZ9BQZFRDJC
6454,295,1099,1,,126,92431.5,PAID,CARD,TX-AF39TLTWKHE0
6455,,1175,1,,1814,14694.0,FAILED,GATEWAY,
6456,,860,2,4,2840,15972.0,FAILED,CASH,
6457,311,132,2,3,2227,13794.0,PAID,CARD,TX-RPJ6IROYMXWP
6458,606,573,1,,1258,36474.0,PAID,CARD,TX-CU0AUSCVYU93
6459,58,199,2,4,3036,26136.0,PAID,CARD,TX-YSS530Y3M7JK
6460,346,539,1,,2611,26029.2,PAID,CARD,TX-TODZ57B2FS73
6461,552,196,1,,2674,33870.0,PAID,GATEWAY,TX-NAO3DD0EPIOU
6462,145,267,1,,3159,33870.0,PAID,CARD,TX-N9ROR0GQLTQK
6463,273,220,2,4,924,51455.25,PAID,CASH,TX-T398QQ64AERQ
6464,73,604,1,,1019,103455.0,PAID,CARD,TX-A4ZPUYX94AIS
6465,171,73,1,,151,31692.0,PAID,CARD,TX-CNR4FGMPDITD
6466,331,1331,1,,1016,36774.0,PAID,CARD,TX-ZPWBAJ7CV7ML
6467,331,158,1,,2188,29940.0,PAID,CARD,TX-FJDGOTOASWFG
6468,94,549,2,2,916,72570.96,PAID,CASH,TX-6M5HV41RUDL0
6469,73,1448,1,,2346,56376.0,PAID,CARD,TX-GHFMZA6SC15F
6470,,795,2,1,1437,26136.0,FAILED,TRANSFER,
6471,436,77,1,,2381,17018.25,PAID,CARD,TX-VM8JJBDI26Y9
6472,575,1163,1,,,15294.0,PAID,CARD,TX-R6YW0BECRUU0
6473,462,1121,2,1,3065,18150.0,PAID,CASH,TX-SIDRNSBX131C
6474,136,232,2,1,416,43560.0,PAID,CARD,TX-PRA1MLCR7N8B
6475,191,329,1,,2215,15383.7,PAID,CARD,TX-EM6T7G9O17KT
6476,43,1094,1,,1363,29659.2,PAID,GATEWAY,TX-30I3FWQ0B8IH
6477,510,944,1,,140,60076.5,PAID,CARD,TX-XGQBEDWBJB3P
6478,351,1304,1,,2306,13968.0,PAID,GATEWAY,TX-RI9PBS64C64J
6479,6,61,2,1,528,39204.0,PAID,CASH,TX-8R6U349LEBJE
6480,449,560,2,3,39,39930.0,PAID,CASH,TX-DNS3ASASOUQ8
6481,320,299,1,,3014,49179.0,PAID,GATEWAY,TX-VA1AEYEO47US
6482,556,812,1,,,44188.8,PAID,GATEWAY,TX-RNSL4TLRLGNJ
6483,64,169,1,,638,140410.5,PAID,CARD,TX-TDWYMBKUIH3N
6484,465,1136,2,1,211,14520.0,REFUNDED,CARD,TX-NBINC2IQFHKM
6485,217,986,1,,1764,18987.0,PAID,GATEWAY,TX-5VGUX1ADTFBG
6486,610,1066,2,1,,54450.0,PAID,CASH,TX-YLSXXGOMKDLF
6487,525,1041,2,1,2736,71728.8,PAID,CASH,TX-X9TR82WL3I9C
6488,256,152,2,2,710,43923.0,REFUNDED,CARD,TX-OX3S3S6LJ58V
6489,54,1402,2,3,,39131.4,PAID,CARD,TX-J21LXATWZ7OC
6490,64,1032,1,,173,35685.0,PAID,CARD,TX-DCDS8HZNW21H
6491,184,508,1,,1529,79308.0,PAID,GATEWAY,TX-83BTGPXSJZYA
6492,454,32,1,,533,19565.7,PAID,CARD,TX-3U8HBT0TLV36
6493,573,1373,1,,974,29088.0,PAID,GATEWAY,TX-WK7H5ZERJYP9
6494,346,1133,2,3,1864,89479.5,PAID,TRANSFER,TX-6UW6HN2SSM5J
6495,203,1336,1,,1631,45520.2,PAID,CARD,TX-V6QR9WY6PHBP
6496,52,1061,1,,1517,42582.0,PAID,CARD,TX-152NYDOIVBO4
6497,,1033,1,,1844,29088.0,FAILED,CARD,
6498,607,993,2,2,179,32804.31,PAID,TRANSFER,TX-5PCDRY3S8I4G
6499,205,1034,1,,2664,18142.5,PAID,GATEWAY,TX-CGUVVRTTXUKI
6500,262,1468,2,1,1204,30492.0,PAID,TRANSFER,TX-2T01G3QSE89O
6501,239,419,1,,792,33870.0,PAID,CARD,TX-QB020FTQ3279
6502,,1348,1,,250,54261.0,FAILED,CARD,
6503,312,39,2,4,564,18966.75,PAID,TRANSFER,TX-58AXJ49OIQK1
6504,382,1006,1,,436,14268.0,REFUNDED,CARD,TX-D6NACY1K5CUV
6505,150,311,2,1,1817,72926.7,PAID,CARD,TX-1WHX0W9LJVMD
6506,81,373,1,,,33870.0,PAID,GATEWAY,TX-67H224HZX9RQ
6507,297,623,1,,1520,43879.2,PAID,GATEWAY,TX-1YHRBVV3ZVYX
6508,420,1313,1,,95,19050.0,PAID,CARD,TX-SXF58WDMTV8H
6509,564,283,2,2,963,49803.6,PAID,CASH,TX-69KFM98JBILL
6510,515,734,1,,2845,112641.0,PAID,CARD,TX-B8FCGQ9VN6U4
6511,435,1182,2,2,519,75141.0,PAID,CASH,TX-1SFVM914CZOT
6512,434,67,2,2,338,74197.2,PAID,CARD,TX-03DPFXWDVHKR
6513,29,919,1,,1693,30249.6,PAID,GATEWAY,TX-58SC8OZVD4DQ
6514,226,737,2,4,566,15652.56,PAID,CASH,TX-FALXL755P1NU
6515,539,1267,2,1,792,17242.5,PAID,CASH,TX-D0KXAJXNY2S1
6516,423,1345,1,,1277,56702.7,PAID,CARD,TX-1L94CKAFZAJH
6517,95,1085,1,,2168,24722.4,PAID,GATEWAY,TX-XM2OMKA4SKFY
6518,557,126,1,,1768,44760.0,PAID,CARD,TX-IBGCB2JKZNVZ
6519,239,20,1,,2951,50703.6,PAID,CARD,TX-XXZ5IF8ED2H1
6520,561,1183,1,,2137,15429.6,PAID,CARD,TX-LYGFWF2QL1JQ
6521,139,1082,1,,3102,27336.0,PAID,CARD,TX-E6N7CBHDH19P
6522,286,349,1,,1721,46638.0,PAID,CARD,TX-K19BKXCUXRW5
6523,310,569,1,,,104218.88,PAID,CARD,TX-5UJWHM4JNA16
6524,,10,1,,2530,35685.0,PENDING,CARD,
6525,383,1194,2,4,2127,35283.6,PAID,CASH,TX-SZX63JNCJTYP
6526,597,1350,1,,2885,56029.05,PAID,CARD,TX-EJUAE0KA3WVJ
6527,289,1490,1,,1776,13968.0,PAID,GATEWAY,TX-ESRQC2FBBBYS
6528,633,517,2,4,3074,66007.92,PAID,CARD,TX-1ERPXSRRXZXQ
6529,264,907,1,,2593,37109.25,PAID,CARD,TX-YVSSM30IFQ92
6530,262,115,1,,,53227.5,PAID,GATEWAY,TX-EPOLES0S1LUU
6531,344,415,1,,1102,39133.5,PAID,GATEWAY,TX-HQ8CTHSXE78K
6532,,801,2,3,2730,26136.0,FAILED,CASH,
6533,29,847,1,,3204,55350.0,PAID,CARD,TX-8NO5I7B1SDOM
6534,36,622,1,,289,36300.0,PAID,CARD,TX-FAKOMDRWOZO4
6535,,1288,2,2,1644,42688.8,FAILED,CARD,
6536,379,1045,2,2,2,30346.8,PAID,CARD,TX-9Z8COWWPQOPQ
6537,435,523,1,,236,73509.6,PAID,GATEWAY,TX-K52N6BKRJ12L
6538,288,1419,2,3,1166,14701.5,PAID,CARD,TX-KVZ2CO9YUA8N
6539,62,733,2,4,1012,34485.0,PAID,CASH,TX-IG8JSSYYKQNE
6540,377,339,1,,,17835.0,PAID,GATEWAY,TX-ZDQ0PPAIK6X0
6541,240,1434,2,2,1642,15173.4,PAID,TRANSFER,TX-WPIR1CBDP1LC
6542,,853,2,2,121,54885.6,FAILED,TRANSFER,
6543,409,799,1,,2359,35339.62,PAID,GATEWAY,TX-V6WTA4CU2NHB
6544,568,902,1,,447,28788.0,PAID,CARD,TX-XT7T8BD4DZ9J
6545,183,1133,1,,,44760.0,PAID,CARD,TX-50NNNEXWR37Y
6546,387,1163,1,,1378,56956.8,PAID,GATEWAY,TX-L5J1FMRIP4LK
6547,564,186,1,,58,45302.4,PAID,CARD,TX-RA7BMELGJI5U
6548,597,671,1,,1877,33388.5,PAID,GATEWAY,TX-0MWYLLTSC6KS
6549,591,1359,1,,1335,18351.75,PAID,CARD,TX-P4928TWHWKYV
6550,54,835,1,,1957,19957.5,PAID,CARD,TX-F23H70718TDP
6551,625,16,1,,1704,38252.7,PAID,GATEWAY,TX-I6FV4AS97KY5
6552,143,975,1,,2672,31944.0,PAID,CARD,TX-GLDU2M4RTFDO
6553,415,597,2,4,956,49005.0,PAID,TRANSFER,TX-TUB8H8IWAM27
6554,,564,1,,2051,17835.0,PENDING,GATEWAY,
6555,362,229,1,,3170,29359.2,PAID,CARD,TX-2EN8YJBPOB9O
6556,447,209,1,,1581,33870.0,PAID,CARD,TX-M537WH2F6NYR
6557,344,236,1,,1642,19050.0,PAID,GATEWAY,TX-OVZ4CGSKIRID
6558,21,942,2,4,2098,44823.24,PAID,CASH,TX-GCN9H27HAJ10
6559,423,1106,2,4,1469,14520.0,PAID,CASH,TX-SGJRXZ8B8M71
6560,6,778,2,1,2157,42688.8,PAID,TRANSFER,TX-U9Y78O9OU7P9
6561,359,787,1,,886,19876.35,PAID,GATEWAY,TX-AQRAX9D6ODCC
6562,528,355,1,,234,18868.5,PAID,GATEWAY,TX-MB6MO4ME7EOP
6563,629,1477,1,,2853,29659.2,PAID,CARD,TX-UXDXEBAB02UC
6564,391,334,2,2,3059,31305.12,PAID,CASH,TX-WAE7YDXKTRRU
6565,,10,1,,922,37200.0,FAILED,GATEWAY,
6566,274,54,1,,2312,30603.0,PAID,GATEWAY,TX-KAEFJCXBU2Z4
6567,,361,1,,1303,16020.0,FAILED,GATEWAY,
6568,29,1392,1,,2511,34170.0,PAID,CARD,TX-ZLIHB98HU3EQ
6569,539,856,1,,,50205.0,PAID,GATEWAY,TX-FT6PP2YR5UFH
6570,197,543,2,3,1618,17242.5,PAID,CARD,TX-S6TOH9JQ55LO
6571,286,1356,1,,2487,30540.0,PAID,CARD,TX-E16GKUF2ZETH
6572,114,656,2,3,2785,18150.0,PAID,TRANSFER,TX-F48DEYV9E6UF
6573,598,1096,2,2,373,100188.0,REFUNDED,CARD,TX-ESRN81X2GJ3K
6574,608,478,1,,3008,36783.6,PAID,CARD,TX-K26GYOGINPTL
6575,,328,1,,2759,27442.8,FAILED,GATEWAY,
6576,100,585,2,2,2272,19965.0,PAID,CARD,TX-W6HIV7ML6K4A
6577,44,65,1,,1199,69144.0,PAID,CARD,TX-WP1OLQQPV50X
6578,435,1379,1,,2867,33388.5,PAID,GATEWAY,TX-I6W7J4WWG3XZ
6579,94,212,2,4,2781,53724.0,PAID,CASH,TX-IGNPUXKHI8QF
6580,111,705,1,,1918,71467.2,PAID,CARD,TX-20M4BY49AISX
6581,604,1249,1,,1659,49905.0,PAID,CARD,TX-2X9FAS8WIYUP
6582,329,702,2,4,1069,83344.8,PAID,CARD,TX-0D0CJ2RK7YD0
6583,367,764,2,2,231,41382.0,PAID,CASH,TX-WO0K3L6CF7HY
6584,452,1378,2,4,2900,99679.8,PAID,CASH,TX-ZM5FJCNWP5R8
6585,495,204,1,,1675,85924.2,PAID,GATEWAY,TX-2B8I063287VR
6586,,1383,1,,374,16872.0,FAILED,CARD,
6587,573,738,1,,2304,16373.4,PAID,CARD,TX-DZGZQO3OHNT5
6588,317,332,1,,636,40240.65,REFUNDED,CARD,TX-RA1TYUWJL8X7
6589,393,1338,1,,877,63018.9,PAID,CARD,TX-T1PCWKRAR8NZ
6590,166,727,2,2,1892,49005.0,PAID,CASH,TX-8RVS7OR97PNU
6591,192,1491,1,,1157,37500.0,PAID,CARD,TX-K1EJUY8YBW72
6592,,136,2,2,2591,37243.8,FAILED,CARD,
6593,263,1396,1,,2136,135719.25,PAID,CARD,TX-0WZHAGXHC8PV
6594,,555,2,1,1331,19057.5,FAILED,CARD,
6595,251,1178,2,1,1315,27442.8,PAID,CASH,TX-K0D7H9C8Y0G4
6596,158,235,1,,,43888.8,PAID,CARD,TX-8RIIRFLI1VRB
6597,366,539,1,,2871,16335.0,PAID,CARD,TX-0MO955WPNJOP
6598,472,553,2,2,,41382.0,PAID,CARD,TX-E1A7OKJD4HUQ
6599,343,376,2,4,1452,44104.5,PAID,CARD,TX-X5NZ9Z3JDWPI
6600,466,1377,1,,288,28788.0,PAID,CARD,TX-867Q3IV957HA
6601,94,619,2,1,2110,38419.92,PAID,CASH,TX-VCTTI2599N1R
6602,91,47,1,,1008,57229.05,PAID,GATEWAY,TX-VNHCEX947UI6
6603,39,666,2,2,1064,15518.25,PAID,CASH,TX-S2R2QGMDSADL
6604,266,778,1,,116,71803.5,PAID,CARD,TX-N7SY3NHR0B8M
6605,266,1457,1,,2228,59129.88,PAID,GATEWAY,TX-HI3X37R28QQC
6606,160,932,1,,2730,77502.6,PAID,CARD,TX-JPV3QCL3Z8QB
6607,265,478,1,,622,29359.2,PAID,CARD,TX-WRFCX666FCLI
6608,614,1480,1,,1624,55950.0,PAID,CARD,TX-G4HHC4GJFQE8
6609,474,994,1,,2983,21165.0,PAID,CARD,TX-QU2CJ2MDUSBK
6610,322,165,2,1,1222,54450.0,PAID,CARD,TX-320KFRWXVKY8
6611,347,1126,1,,2788,43690.68,REFUNDED,CARD,TX-2ZO14HQ84IB0
6612,189,445,1,,,43923.0,PAID,CARD,TX-QF34VTEBA83L
6613,155,321,1,,962,45723.24,PAID,CARD,TX-657YE74HBM1Z
6614,572,975,1,,278,48859.8,PAID,GATEWAY,TX-O8PJLT0R9ZDS
6615,204,916,2,4,3138,90387.0,PAID,TRANSFER,TX-N42XWVWACLD7
6616,,814,1,,4,51112.5,FAILED,CARD,
6617,531,1227,2,3,2056,58334.1,PAID,CASH,TX-07LI779TNK5Z
6618,44,528,2,1,50,53433.6,PAID,CASH,TX-AI24F30VVS5G
6619,351,809,2,1,,46957.68,PAID,CARD,TX-N8AWKNU1LUZP
6620,542,1105,2,1,180,42761.4,PAID,CASH,TX-S7LK5I4GBY7R
6621,488,261,1,,1475,37137.0,PAID,CARD,TX-FQ5JK1TP74VQ
6622,138,751,2,2,757,17787.0,PAID,CASH,TX-3WZ0GNHAT3IT
6623,,648,2,3,2773,39930.0,FAILED,CASH,
6624,589,118,2,3,1499,41382.0,PAID,CARD,TX-XM7ZTX1IJQBQ
6625,357,100,1,,2459,19050.0,PAID,GATEWAY,TX-QQ76VGEGMJYU
6626,591,780,1,,,19287.0,PAID,CARD,TX-6DZCD6IMB01D
6627,15,91,2,4,2454,118701.0,PAID,CASH,TX-5WI0ARZGZVB0
6628,442,1355,2,1,2885,14229.6,REFUNDED,CASH,TX-FWCI6OMYMUSE
6629,62,279,1,,2925,32916.6,PAID,GATEWAY,TX-XTAWKXV5ZDDA
6630,,651,1,,,48157.68,FAILED,GATEWAY,
6631,74,1359,1,,1949,29867.4,PAID,GATEWAY,TX-IAI0SY2DT9VY
6632,191,589,1,,2711,42282.0,PAID,CARD,TX-CAZ4TXN2Q5HA
6633,620,1489,2,1,3168,47916.0,PAID,CASH,TX-IUR2SYOXWOGS
6634,259,776,2,1,2403,15518.25,PAID,CARD,TX-NM76T2071H6Q
6635,404,257,1,,2648,26513.28,PAID,GATEWAY,TX-5GRUOVB56RJM
6636,628,252,1,,676,18442.5,PAID,CARD,TX-HB21NV05PBVH
6637,430,1036,1,,1352,14694.0,PAID,GATEWAY,TX-RDMY611VHOH7
6638,369,456,1,,651,56323.08,PAID,CARD,TX-2B26VP3EHWFX
6639,493,707,1,,255,35685.0,PAID,CARD,TX-VY58SLNAJXI9
6640,,548,1,,2487,14701.5,FAILED,CARD,
6641,362,575,1,,2501,68055.0,REFUNDED,CARD,TX-F84GSFS56NOI
6642,29,970,1,,2635,53181.6,PAID,GATEWAY,TX-NTHTNJSPQ3RK
6643,580,1310,1,,1234,40104.0,REFUNDED,GATEWAY,TX-7XGZIJD67WI4
6644,581,135,1,,354,44043.6,PAID,GATEWAY,TX-HQQV7FNBECAW
6645,610,814,1,,2621,69044.7,PAID,CARD,TX-2OTPRM5Z8L4D
6646,327,248,1,,,36474.0,PAID,CARD,TX-4LPYTKEV5T0I
6647,124,966,1,,1762,77430.0,PAID,CARD,TX-KK95KP7V326B
6648,256,380,1,,985,32670.0,PAID,GATEWAY,TX-94ZR1OLE53XO
6649,20,1144,1,,1053,15221.4,PAID,CARD,TX-MGGXPPG0GSTY
6650,578,487,2,3,2199,46554.75,PAID,CARD,TX-6DGZBKN6KZG2
6651,,903,2,3,2680,40656.0,FAILED,CASH,
6652,604,1383,1,,1896,45060.0,PAID,GATEWAY,TX-2CMM4H0XOAQW
6653,491,1292,1,,864,17535.0,PAID,GATEWAY,TX-LJ2DD2TDTJX7
6654,243,190,1,,1014,37200.0,PAID,GATEWAY,TX-45BNHC138TKI
6655,388,159,2,4,2638,35937.0,PAID,TRANSFER,TX-FATIBVXTDTVD
6656,,1229,1,,,55650.0,FAILED,CARD,
6657,,886,1,,858,54261.0,FAILED,CARD,
6658,351,271,2,2,905,17242.5,PAID,CASH,TX-5PXFCKZGDGYL
6659,428,143,1,,1632,57800.25,PAID,GATEWAY,TX-C4IKDOIY3V49
6660,569,1043,2,1,658,54268.5,PAID,TRANSFER,TX-Z8IJ9WGQOUKV
6661,578,432,2,3,2808,61664.62,PAID,CARD,TX-5KZU50EFXBS6
6662,241,521,1,,2155,18987.0,PAID,CARD,TX-KD8PYLTJAFSR
6663,68,1159,1,,2715,20257.5,PAID,CARD,TX-8GF24S2PQNFD
6664,6,668,2,2,2625,14374.8,PAID,CARD,TX-FAMVVLKMS5AB
6665,,789,1,,1937,28488.0,PENDING,GATEWAY,
6666,472,1315,1,,7,62073.0,PAID,GATEWAY,TX-NDV3L0Z1IRG0
6667,535,760,2,3,,83490.0,PAID,CASH,TX-9XQCRPKOU3MZ
6668,,419,2,4,520,29040.0,FAILED,CARD,
6669,226,1231,2,1,1978,14520.0,PAID,CARD,TX-WJUNGLEP01KG
6670,61,1222,2,3,2708,14520.0,PAID,CASH,TX-W59T9G4BPTX7
6671,209,1480,1,,3199,27036.0,PAID,GATEWAY,TX-I3OEWP8AOVM5
6672,,1476,2,3,1284,26136.0,FAILED,CASH,
6673,484,873,1,,2111,60976.5,PAID,CARD,TX-9QPKDX20QB6M
6674,230,201,2,3,2477,66973.5,PAID,CARD,TX-CH3E4CG9GIBO
6675,88,301,2,2,2913,42688.8,PAID,TRANSFER,TX-FOLIG3C5EK2C
6676,110,1413,2,2,952,54450.0,PAID,CASH,TX-7PUNLP8EOPWN
6677,78,881,2,1,974,51473.4,PAID,CASH,TX-5O71CXT0LH28
6678,,606,1,,982,37409.25,PENDING,GATEWAY,
6679,618,649,1,,816,37243.8,PAID,CARD,TX-QZ85GMO8D9WE
6680,291,286,2,4,562,48024.9,PAID,CASH,TX-XVCTQAUZOKO0
6681,640,318,1,,477,46023.24,PAID,GATEWAY,TX-N3BB96KRYXCK
6682,493,1143,2,1,180,14229.6,PAID,CASH,TX-571PO54TI37X
6683,197,1228,2,2,2772,41654.25,PAID,CASH,TX-26URUV83JCD3
6684,228,948,1,,1514,29040.0,REFUNDED,CARD,TX-C6ZOPMHY3QDJ
6685,345,1078,1,,2151,35985.0,PAID,CARD,TX-91HTWAEUMDFF
6686,308,400,2,2,1917,17787.0,PAID,CARD,TX-6Y2EEU6E340W
6687,,942,2,3,2760,49005.0,FAILED,CARD,
6688,578,518,1,,2490,123422.1,PAID,GATEWAY,TX-4RFACZUVEA7N
6689,143,815,2,4,2795,54313.88,PAID,CARD,TX-3OQRRY8SISGX
6690,38,743,1,,2303,18142.5,PAID,CARD,TX-MFRQ4CADOPMQ
6691,34,736,2,3,558,94743.0,PAID,CASH,TX-HY1C3RGZCD7C
6692,199,445,2,4,2866,43560.0,PAID,CASH,TX-9MTDDC9KYEN9
6693,368,557,2,2,1087,30346.8,PAID,CARD,TX-S243HTWQTF1W
6694,599,141,1,,532,29659.2,REFUNDED,GATEWAY,TX-XPROWQ6R2J0J
6695,459,174,2,1,,37243.8,PAID,CASH,TX-A2QI54HTW9VB
6696,,958,1,,2309,19350.0,FAILED,GATEWAY,
6697,491,990,1,,281,34170.0,PAID,CARD,TX-Y9FWK8GKVB71
6698,204,1137,1,,1497,15518.25,PAID,CARD,TX-IRMVBMWVFHD6
6699,271,402,1,,11,30240.0,PAID,GATEWAY,TX-A0ZNVEA6PHFL
6700,,1143,2,2,832,29403.0,FAILED,CASH,
6701,138,547,2,4,647,42688.8,PAID,CARD,TX-SBGV1NYTKRT7
6702,286,22,2,2,26,76484.1,PAID,CASH,TX-EUDRKPUBK8NC
6703,192,1222,1,,1804,41382.0,PAID,GATEWAY,TX-HNDVQKXV9DX1
6704,37,340,1,,751,18442.5,PAID,GATEWAY,TX-EZBN4BWC2Y98
6705,69,243,1,,2974,18442.5,PAID,CARD,TX-5NRR5APGCD34
6706,573,28,1,,359,81386.7,REFUNDED,CARD,TX-PM60DZYAHWJY
6707,339,158,2,4,1251,70204.2,PAID,TRANSFER,TX-MC7WXDNYXKGB
6708,27,238,2,3,2038,17242.5,PAID,CASH,TX-OE37D1SAQMMN
6709,,1410,2,4,2059,85522.8,FAILED,CASH,
6710,483,343,1,,578,55345.08,PAID,CARD,TX-V1YIZC0GEHSZ
6711,240,1252,1,,829,15420.0,PAID,CARD,TX-ZWAC093PARDJ
6712,177,1347,1,,1312,30492.0,PAID,GATEWAY,TX-61KQ1CQ8V1PD
6713,433,765,1,,,27588.0,REFUNDED,GATEWAY,TX-OCFM3Q877XT2
6714,572,841,1,,2902,12961.2,PAID,CARD,TX-48ZFLZQBCI0C
6715,397,1487,1,,3045,16141.08,PAID,GATEWAY,TX-WKKTZCP70FLH
6716,443,837,1,,662,36300.0,PAID,CARD,TX-21C9QOCZ4E4Z
6717,43,184,2,2,3111,68970.0,PAID,CASH,TX-NR3IX3ZQK93T
6718,288,1166,2,1,1441,35574.0,PAID,CARD,TX-O4T15PGO4D4X
6719,290,997,1,,3062,16020.0,PAID,GATEWAY,TX-5GBBN52II6ZG
6720,390,1034,1,,2334,20466.75,PAID,GATEWAY,TX-QPZK257J8968
6721,224,398,1,,1562,54313.88,PAID,GATEWAY,TX-PCCMC4ELXGTZ
6722,41,162,2,1,,42688.8,REFUNDED,CASH,TX-D9AXGMM8FPMW
6723,222,501,2,2,1684,14229.6,PAID,CARD,TX-E5ZZZDM9ZXBX
6724,467,794,1,,548,42282.0,PAID,CARD,TX-46YJNG5E4LZE
6725,318,8,1,,2840,17235.0,PAID,GATEWAY,TX-DA5GF6EILBWJ
6726,,176,1,,884,17235.0,FAILED,GATEWAY,
6727,131,52,1,,860,34187.1,PAID,GATEWAY,TX-KASAZQQ44NSX
6728,437,451,1,,274,109545.9,PAID,CARD,TX-RF52ES66Q6BU
6729,269,913,2,4,2654,31036.5,PAID,TRANSFER,TX-F7U5THRJ186O
6730,220,1425,1,,2503,13968.0,PAID,CARD,TX-U360SPXH0HH3
6731,599,1163,1,,1146,44651.1,PAID,GATEWAY,TX-28QB5KFQR5ES
6732,61,1199,1,,2886,37500.0,PAID,CARD,TX-LRRWH5EJSINW
6733,81,1433,1,,2386,39204.0,PAID,CARD,TX-JFYK1V2JCL5A
6734,177,1321,1,,751,31246.8,PAID,CARD,TX-37LYUJ4ZFCQW
6735,537,713,1,,2696,97304.25,PAID,CARD,TX-5MCU16GWU21T
6736,423,1331,1,,1727,13794.0,PAID,CARD,TX-LBEUECY36MQ7
6737,183,979,2,4,752,83490.0,PAID,CARD,TX-E7QQHTBB5B9T
6738,606,820,1,,464,37200.0,PAID,GATEWAY,TX-X7D6AVM7PCU0
6739,527,1267,1,,3049,27336.0,PAID,CARD,TX-BY5BZ2K1VG5J
6740,581,184,2,3,2348,54450.0,PAID,CARD,TX-O5OSCOSSOPCU
6741,396,486,1,,2363,90280.2,PAID,GATEWAY,TX-U4ICBEKMUSEH
6742,298,417,1,,1924,50205.0,PAID,GATEWAY,TX-PLYB66SR71NP
6743,141,982,1,,1802,75552.0,PAID,GATEWAY,TX-K1L844KHJV8Z
6744,,1491,2,2,1135,27588.0,FAILED,CASH,
6745,34,45,1,,1311,13261.2,PAID,CARD,TX-YH1EFG58B2LI
6746,511,535,1,,590,77493.0,PAID,CARD,TX-KNK4OK693NU0
6747,132,177,1,,1441,16446.0,PAID,GATEWAY,TX-SRIHR2A5RZG6
6748,565,1229,2,4,3109,54313.88,PAID,CARD,TX-CSZGYG059XDP
6749,,1317,1,,962,49479.0,FAILED,GATEWAY,
6750,,737,1,,980,33870.0,FAILED,CARD,
6751,74,158,1,,2051,55350.0,PAID,GATEWAY,TX-JX8KGK9JM0AB
6752,210,915,2,3,912,55920.15,PAID,CASH,TX-S7XDLG4T4DWE
6753,399,281,1,,2528,73737.0,PAID,GATEWAY,TX-5P0EALKKB3A6
6754,422,403,1,,619,44460.0,PAID,GATEWAY,TX-2QLT5FXQXLJ7
6755,563,955,1,,919,52627.5,PAID,CARD,TX-1CF2B32CBPDE
6756,169,991,1,,586,20465.7,PAID,CARD,TX-GPLZB4CXCP7Y
6757,620,1128,2,2,2149,45701.7,PAID,CARD,TX-MEUQO5Y90AK7
6758,100,1399,2,4,,57172.5,PAID,TRANSFER,TX-095FQ6P5UFYX
6759,394,1366,2,4,2064,32670.0,PAID,CARD,TX-CPSRWZVTL98M
6760,205,654,1,,1031,16446.0,PAID,GATEWAY,TX-JJHF47V07VJU
6761,194,791,1,,2728,57229.05,PAID,GATEWAY,TX-SE7FRZIER2PJ
6762,585,246,2,3,1835,33486.75,PAID,CASH,TX-B7K5BLUHBW2I
6763,342,997,2,2,1457,13721.4,PAID,CASH,TX-EEKRPA4R8ETR
6764,415,122,1,,905,18142.5,PAID,GATEWAY,TX-CEWF61DBIW1Q
6765,468,522,2,4,3049,13794.0,PAID,TRANSFER,TX-829ATFA45XS0
6766,259,978,1,,1131,46681.8,PAID,GATEWAY,TX-2CAODG3Q285W
6767,541,1380,1,,43,17535.0,PAID,GATEWAY,TX-3I8NNR728MGJ
6768,435,731,2,1,1795,61710.0,PAID,CASH,TX-T6SYY2770J1B
6769,486,406,1,,535,42471.0,PAID,CARD,TX-LP0OVJBQDRZN
6770,28,254,2,1,56,53361.0,PAID,CASH,TX-WUAPAKOVJIIN
6771,20,412,1,,2820,44760.0,PAID,CARD,TX-NOQQRMPFSW4C
6772,350,1233,1,,960,17535.0,PAID,CARD,TX-GONVA7F80TLL
6773,,335,2,2,1233,12414.6,PENDING,CARD,
6774,487,867,1,,1969,87294.0,PAID,CARD,TX-PR0NJG1G6A4K
6775,349,155,1,,3127,56656.8,PAID,CARD,TX-9ME6UZOFMDPE
6776,284,168,2,2,,45738.0,PAID,CARD,TX-Q0RY5L8YZK0H
6777,26,1405,1,,3093,13968.0,PAID,GATEWAY,TX-KU0YD3R5G41I
6778,328,1255,1,,822,74589.0,PAID,GATEWAY,TX-6BNN7F3B43SL
6779,464,66,1,,126,12414.6,PAID,CARD,TX-034EKF60DUC9
6780,,228,2,2,971,25613.28,FAILED,CASH,
6781,128,1191,2,2,2004,43451.1,PAID,CASH,TX-9GLTSP9JWOTA
6782,310,549,2,3,3149,27442.8,PAID,TRANSFER,TX-8RGFLOOWUVZP
6783,464,384,1,,462,17242.5,PAID,CARD,TX-P3MDY6OUHNT7
6784,195,565,2,1,3187,67518.0,PAID,CASH,TX-X3BN6782CO4U
6785,602,1398,2,3,1517,42761.4,PAID,CARD,TX-8YACTIA943DF
6786,384,492,2,2,148,54313.88,PAID,TRANSFER,TX-KMAF40Y4WJGH
6787,351,1459,2,3,1185,36300.0,REFUNDED,CASH,TX-8K8QX0J7STC9
6788,103,972,2,4,2060,58697.1,PAID,TRANSFER,TX-HGCRUWN84G1K
6789,446,965,2,4,3197,32670.0,PAID,TRANSFER,TX-Y6HMQ9FU7PT0
6790,391,1161,2,4,1563,43451.1,PAID,CARD,TX-7A4VA0EZUFNM
6791,,1258,1,,,55513.88,FAILED,CARD,
6792,177,322,1,,1450,46420.2,PAID,GATEWAY,TX-HAOYYDSR2NAM
6793,504,1023,2,3,161,39204.0,PAID,TRANSFER,TX-PPE9EOFY877C
6794,285,653,2,1,3153,48024.9,PAID,TRANSFER,TX-B4EQADIRFYLW
6795,292,282,2,4,,19057.5,REFUNDED,TRANSFER,TX-JRWXAUU0ADBG
6796,547,1400,1,,2269,52627.5,PAID,CARD,TX-12EYLJ6KC0SN
6797,492,727,2,4,2720,54313.88,PAID,CASH,TX-I82GWS5I540H
6798,244,1238,1,,994,55350.0,PAID,CARD,TX-4ALXM3MJ3QUH
6799,400,769,1,,1051,13794.0,PAID,GATEWAY,TX-U91OEQ5JLFBQ
6800,521,16,2,1,,13794.0,PAID,CASH,TX-JWCDQ305VZNJ
6801,478,1116,1,,,44324.4,PAID,CARD,TX-6OTWPJ8FV0Q3
6802,273,118,2,1,492,28749.6,REFUNDED,CASH,TX-8Q2NRUQDWNYX
6803,619,339,1,,774,54561.0,PAID,GATEWAY,TX-4DGHTGP6BNG2
6804,199,1296,1,,212,82575.0,PAID,CARD,TX-0K26KPZA2QCX
6805,76,1477,2,2,1184,24829.2,PAID,CASH,TX-XATM25ZXTL42
6806,328,418,1,,824,94391.7,PAID,CARD,TX-LUZC01B470X1
6807,119,682,2,2,528,14941.08,PAID,CASH,TX-1U282G452IN4
6808,89,1076,1,,3009,98910.0,PAID,GATEWAY,TX-WYTHGU7SG632
6809,587,222,1,,1197,129048.6,PAID,CARD,TX-X5ELF2POEOJJ
6810,589,810,1,,2511,52627.5,PAID,GATEWAY,TX-EGSNYWEL2YFT
6811,613,1311,1,,994,13794.0,PAID,GATEWAY,TX-RA86OGGOWFLA
6812,629,767,1,,481,29959.2,REFUNDED,CARD,TX-0XID8J66M2WQ
6813,141,1094,1,,1648,36300.0,PAID,GATEWAY,TX-1UN4XAZPSM5T
6814,,608,2,4,,41382.0,FAILED,CASH,
6815,45,193,2,1,655,14374.8,REFUNDED,CARD,TX-FE4PKDL2KPK3
6816,,1313,1,,,46802.4,FAILED,CARD,
6817,571,1128,2,2,2710,43451.1,PAID,CARD,TX-JYRWSG2J4OS2
6818,465,161,2,4,2284,41382.0,PAID,CASH,TX-QXM9HD4D4279
6819,589,311,2,2,,39930.0,REFUNDED,CASH,TX-KSM88BQB2VY9
6820,567,768,1,,348,45004.5,PAID,GATEWAY,TX-274OI39D9PUG
6821,104,1363,1,,150,83301.0,PAID,GATEWAY,TX-RL5BYNR4X02I
6822,108,362,2,1,2883,17151.75,PAID,CARD,TX-V1E2AE7PFNJU
6823,115,311,2,4,1749,107956.2,PAID,CARD,TX-AF9Y8VC0J3KL
6824,281,1108,1,,,49005.0,PAID,CARD,TX-DJRQWWRXWE8E
6825,141,1048,1,,1956,53361.0,PAID,CARD,TX-4FJHZI4NKPK2
6826,,983,2,1,2546,49005.0,FAILED,CARD,
6827,204,1240,1,,,68790.6,PAID,CARD,TX-GCLJHINTGKJ3
6828,27,773,2,1,2474,71547.3,PAID,CASH,TX-XZUR7T3Q0ZK9
6829,,871,2,3,66,14229.6,PENDING,CASH,
6830,277,245,1,,2328,52927.5,PAID,CARD,TX-0DV6ZPYTNQDK
6831,116,1355,1,,1610,15420.0,PAID,CARD,TX-WZ0BWGPUW5Z9
6832,328,518,1,,2351,35685.0,PAID,CARD,TX-RL7HZZK1BHNI
6833,202,116,1,,733,40704.0,PAID,CARD,TX-9AEGFN80SXW7
6834,242,902,1,,729,86986.5,PAID,GATEWAY,TX-MJQ3J5ZUAV1G
6835,438,1302,2,1,291,28459.2,PAID,CASH,TX-RWSYESBLZS4W
6836,7,565,1,,1764,43588.8,PAID,CARD,TX-S7LWO2PVY3LC
6837,379,235,1,,,26136.0,PAID,CARD,TX-G1T3NJKCA7OA
6838,256,606,2,2,57,14520.0,PAID,CARD,TX-000PXC75UJZ6
6839,573,467,2,1,,35574.0,PAID,CARD,TX-AD0UZ9PY7GZ3
6840,347,19,1,,3173,59733.75,PAID,CARD,TX-EY7Z0T7Y6ALZ
6841,206,1456,1,,1283,31936.5,REFUNDED,GATEWAY,TX-YRV8YEDXA05B
6842,374,321,1,,1250,40104.0,PAID,CARD,TX-LG6ULWJH8DP0
6843,579,656,2,3,,35574.0,PAID,TRANSFER,TX-6B3CHJGUB3DM
6844,635,1209,1,,1894,19565.7,PAID,GATEWAY,TX-PII2VZ5GC8AX
6845,,1198,2,1,3026,18150.0,PENDING,TRANSFER,
6846,382,466,1,,3040,82086.0,PAID,GATEWAY,TX-89D1HQEX6DKA
6847,592,128,1,,1485,45694.2,PAID,GATEWAY,TX-GBECUD50STNP
6848,251,1252,1,,1238,44104.5,PAID,GATEWAY,TX-VM49L5GMXGWH
6849,534,86,1,,2312,49005.0,PAID,CARD,TX-DSNBFDSAZMK8
6850,19,312,1,,2874,42521.58,PAID,GATEWAY,TX-B2NEACRZUBYY
6851,567,360,2,4,2230,43560.0,PAID,TRANSFER,TX-3RL6WL91BDWS
6852,255,823,1,,,15901.5,PAID,CARD,TX-YZ48DOA4PZAW
6853,,1332,1,,1647,59284.92,FAILED,CARD,
6854,428,1388,1,,,64688.7,PAID,CARD,TX-07PKGO6PEQHY
6855,47,39,2,4,3016,49005.0,PAID,CARD,TX-QW9T5CDDSI6N
6856,253,192,1,,,47754.75,PAID,GATEWAY,TX-1DBNPSGJMO1T
6857,15,980,1,,1295,14006.64,PAID,CARD,TX-22GEKH3YXQCD
6858,625,492,1,,762,59895.0,PAID,GATEWAY,TX-FF70JPEY02KV
6859,290,356,1,,496,32372.1,PAID,CARD,TX-J4T2QO4Y53OH
6860,5,1101,1,,3127,13314.6,PAID,GATEWAY,TX-YL37ZY75YYUL
6861,259,1081,1,,160,18687.0,PAID,CARD,TX-7M8BW4VNJ6IZ
6862,532,1448,1,,1578,15601.5,PAID,CARD,TX-1PHPEBK3X9S2
6863,382,1216,2,3,1491,26136.0,PAID,CARD,TX-CRO4ZZLXNHHS
6864,145,731,1,,1107,14268.0,PAID,CARD,TX-YNLU40AG4WWN
6865,553,522,1,,2514,15429.6,PAID,GATEWAY,TX-55GTTFAFTHJS
6866,602,96,1,,2428,27336.0,PAID,CARD,TX-UKKT8KAICFH2
6867,437,831,2,4,1429,34303.5,PAID,CARD,TX-8QJ98XK9PT2L
6868,400,1222,1,,209,36300.0,PAID,CARD,TX-2BKR7XNOHTZN
6869,75,1216,2,4,71,74705.4,PAID,CARD,TX-W03J0S82QMFP
6870,29,1384,1,,1076,27336.0,PAID,CARD,TX-VBFRZ4B7QKQ1
6871,312,660,1,,1024,16718.25,PAID,GATEWAY,TX-UHRGO5HO8SZN
6872,595,61,2,2,1137,26136.0,PAID,TRANSFER,TX-3GITZ49K98ZZ
6873,90,489,1,,2643,44460.0,PAID,CARD,TX-U858UKJ3V959
6874,264,89,2,1,1166,14229.6,PAID,CARD,TX-0R1YUX1IVW2C
6875,632,259,1,,2839,42582.0,PAID,GATEWAY,TX-VVSZ32H3PK7N
6876,526,939,2,4,2613,18104.62,PAID,CARD,TX-AK0IGXBX3A9R
6877,414,87,1,,3188,29359.2,PAID,GATEWAY,TX-FKIBJW329JPM
6878,218,354,2,3,2695,15652.56,PAID,CARD,TX-ZSP4LQHBNS32
6879,498,1118,1,,812,31692.0,PAID,CARD,TX-WHLGMFN6MNGR
6880,504,435,2,2,3179,47916.0,PAID,TRANSFER,TX-15LYN9HINLRW
6881,330,175,2,4,509,26136.0,PAID,CASH,TX-IT4VOS701OZQ
6882,321,1370,1,,1280,20865.0,PAID,CARD,TX-J2CATSOP403C
6883,131,6,1,,,16872.0,PAID,CARD,TX-QG7UJ4DMGFRG
6884,,887,1,,3202,29940.0,FAILED,GATEWAY,
6885,553,82,1,,2021,95044.05,PAID,GATEWAY,TX-99EK88VGCJNT
6886,499,28,1,,579,15274.8,PAID,CARD,TX-NBRBUON9I43X
6887,380,789,1,,1833,29940.0,PAID,GATEWAY,TX-VQILDVI5IOVN
6888,141,318,1,,1651,35685.0,PAID,CARD,TX-AE27SESKK4GA
6889,199,642,1,,832,19050.0,PAID,CARD,TX-IU6R23DRX4HJ
6890,,1466,1,,,37074.0,FAILED,CARD,
6891,499,50,1,,1248,62610.24,PAID,CARD,TX-NC53I2F625LV
6892,496,132,2,1,1002,27442.8,PAID,CASH,TX-VLBODUBCV02X
6893,102,209,1,,3025,32236.5,PAID,GATEWAY,TX-TECPN1YSABCV
6894,568,685,1,,425,46500.3,PAID,CARD,TX-45BQ45OPKHT1
6895,,617,1,,1634,66421.5,FAILED,GATEWAY,
6896,,754,1,,2168,37200.0,PENDING,CARD,
6897,550,1302,2,1,1653,28459.2,PAID,CARD,TX-W2VGSVXE4OAP
6898,5,1060,2,2,2322,54450.0,PAID,CARD,TX-S5J5V9NN6RFC
6899,83,1063,2,2,83,28459.2,PAID,TRANSFER,TX-ZY1GAL9SZ8XS
6900,,898,1,,1833,29040.0,FAILED,GATEWAY,
6901,601,552,2,1,783,90517.68,REFUNDED,CASH,TX-K01R9YS0G7SI
6902,181,231,1,,2231,40104.0,PAID,GATEWAY,TX-5ICNYCY6L5N1
6903,357,958,1,,442,28642.8,REFUNDED,CARD,TX-JEHCCFL2GVP4
6904,176,916,1,,1286,31936.5,PAID,CARD,TX-ND8BRGT0SLNH
6905,,613,1,,2577,91608.78,FAILED,GATEWAY,
6906,455,517,2,1,2496,87846.0,PAID,CASH,TX-JUKL3QOBBYYQ
6907,297,1330,1,,3177,59733.75,PAID,GATEWAY,TX-ED1D1QSS5EJF
6908,626,819,2,4,276,53905.5,PAID,CASH,TX-D21MXJDC3QCD
6909,,1326,1,,1567,29359.2,FAILED,CARD,
6910,70,746,1,,,27036.0,PAID,CARD,TX-BMWL9SE2P19K
6911,466,641,1,,2130,37074.0,PAID,GATEWAY,TX-MWCJ9DZ5QCXR
6912,10,1495,1,,2479,31065.82,PAID,CARD,TX-A3NJI5FLOLVC
6913,407,718,2,2,1050,13794.0,PAID,CASH,TX-E5C3GCS0DMFB
6914,605,971,2,3,,72904.92,PAID,CARD,TX-Y8PNS4138J06
6915,56,391,1,,1082,52627.5,PAID,CARD,TX-GMIS7CU80ZWR
6916,494,1007,2,1,1935,13068.0,PAID,CARD,TX-RFTH5ZVHJI98
6917,64,184,1,,3177,70741.2,PAID,GATEWAY,TX-IJYNYU8SMN5C
6918,374,333,1,,2812,14568.0,PAID,CARD,TX-O7QEFZ4KC5JP
6919,113,458,2,1,838,17787.0,PAID,TRANSFER,TX-056Y5HPDSRK0
6920,25,489,1,,694,45060.0,PAID,GATEWAY,TX-420PGI6HBFVT
6921,471,152,2,1,,37207.5,PAID,CARD,TX-QVUPK3A5SFYX
6922,72,481,1,,,31082.16,PAID,CARD,TX-SUY3JHWOIERR
6923,355,1261,2,4,594,17242.5,PAID,CASH,TX-9B39STKUY0D1
6924,542,111,2,3,2346,72237.0,REFUNDED,CASH,TX-GCP5LWSHYC1V
6925,562,477,2,3,118,51727.5,PAID,CASH,TX-7X82JV78FYC4
6926,44,1309,1,,2573,28434.6,PAID,CARD,TX-0G7CDZ5UTG5S
6927,433,1381,1,,3131,39319.92,REFUNDED,CARD,TX-ENL8RKTWJJUQ
6928,229,842,1,,823,56376.0,PAID,CARD,TX-XIMM0YRJNEEH
6929,469,498,1,,262,29940.0,PAID,CARD,TX-2PATZILEH7HH
6930,215,903,2,1,2183,27588.0,PAID,CASH,TX-QGVERAVMHMKL
6931,639,516,2,4,1146,59786.1,PAID,CASH,TX-A6G7FBL4Q7OL
6932,111,176,1,,1588,58191.0,PAID,CARD,TX-MJBYYZ471AX5
6933,269,1423,2,1,,106994.25,PAID,CARD,TX-YDI1EUYVRHPT
6934,402,1368,2,3,457,52998.0,PAID,CASH,TX-B10SCL8WQV3Y
6935,173,570,1,,2444,13794.0,PAID,CARD,TX-BUC6XREE9YTG
6936,50,954,2,4,141,98010.0,PAID,CARD,TX-8SBBZ9S9PLW4
6937,301,696,1,,1139,31392.0,PAID,GATEWAY,TX-80IFE6BRAA14
6938,3,1390,1,,2646,37074.0,PAID,GATEWAY,TX-8AALZH5E06OE
6939,467,12,2,4,1186,35574.0,PAID,CARD,TX-CNY7ZWMHZJIO
6940,55,255,1,,2133,35685.0,PAID,GATEWAY,TX-0S6AMOHUAVMQ
6941,123,268,1,,1595,19876.35,PAID,GATEWAY,TX-61WSKKXPS7EN
6942,173,1040,1,,927,44460.0,PAID,GATEWAY,TX-EH7DLVPE7V27
6943,130,1126,1,,1095,27336.0,PAID,GATEWAY,TX-5EJHXSG3XC1K
6944,378,675,2,3,3177,30492.0,REFUNDED,CARD,TX-SSJAEQLR7H5H
6945,624,188,1,,3136,45004.5,PAID,CARD,TX-1ZUQF9IH6MGZ
6946,625,184,2,2,1176,26136.0,PAID,CARD,TX-IYD18OPGT9AT
6947,352,948,1,,2566,94100.25,PAID,CARD,TX-HFSBXOVZ8I4U
6948,,728,1,,648,66331.8,PENDING,CARD,
6949,570,384,1,,2646,93283.5,PAID,GATEWAY,TX-SUY40I2LADLN
6950,315,1308,1,,,45060.0,PAID,CARD,TX-N7LVXSL7O7F8
6951,153,575,1,,456,63336.0,PAID,CARD,TX-QGDD1BSVS0S6
6952,436,614,1,,2084,83673.08,PAID,CARD,TX-QYN84J53DTW6
6953,412,993,1,,2440,58191.0,PAID,GATEWAY,TX-W2VDE26CWAUD
6954,448,1217,1,,410,55950.0,PAID,GATEWAY,TX-U1KODNAICMUD
6955,,460,1,,2350,31111.2,FAILED,CARD,
6956,582,1068,1,,,28788.0,PAID,CARD,TX-M9LUWKVYAC6L
6957,456,1285,1,,2651,40104.0,PAID,GATEWAY,TX-RPK3SSAB5NAL
6958,,317,1,,132,43923.0,FAILED,CARD,
6959,351,960,1,,510,35985.0,PAID,CARD,TX-D3V594TSWGO7
6960,323,336,2,2,1672,53361.0,PAID,CARD,TX-WGJ2LWSJW1F8
6961,,1246,2,2,1896,26136.0,FAILED,CASH,
6962,,1388,2,4,988,89606.55,FAILED,CASH,
6963,462,1102,2,4,,14520.0,REFUNDED,CARD,TX-1VJQD8FDT2KA
6964,363,414,2,2,,64251.0,PAID,CASH,TX-U6A1TY87AYBN
6965,82,712,1,,2307,59897.1,PAID,CARD,TX-ZS336IBRYGOD
6966,,848,1,,763,38419.92,FAILED,GATEWAY,
6967,525,998,2,2,1330,110279.4,PAID,CASH,TX-5EQ8V5RNZ7WV
6968,361,606,1,,2233,62944.2,PAID,CARD,TX-DGSEXQYP9TTV
6969,,94,1,,2331,57172.5,FAILED,CARD,
6970,17,1289,2,3,2729,19057.5,PAID,CARD,TX-U9IAUB3CY659
6971,297,697,1,,766,36774.0,PAID,GATEWAY,TX-PSRGQXAP0HUF
6972,,739,1,,392,27036.0,FAILED,GATEWAY,
6973,531,235,2,4,,58769.7,PAID,CASH,TX-2C5EGND3QPN1
6974,534,414,1,,66,55950.0,PAID,CARD,TX-XNYER3Q4B82O
6975,480,487,1,,2841,29882.16,PAID,CARD,TX-GQS6YIU1KKMA
6976,266,632,2,1,1938,17968.5,PAID,CARD,TX-58SAQXJPYJ2D
6977,310,1405,2,4,2710,45738.0,PAID,CARD,TX-0T5B3ONXB930
6978,557,1306,1,,2116,39319.92,PAID,CARD,TX-5T7PVBG4SIJC
6979,,863,2,1,3041,14229.6,FAILED,CASH,
6980,191,872,1,,2455,55650.0,PAID,CARD,TX-647S9C6BOH84
6981,367,113,2,2,505,14520.0,PAID,CARD,TX-SLQ37O0FY1Y6
6982,,1064,1,,,37500.0,PENDING,GATEWAY,
6983,403,600,2,2,516,49005.0,PAID,CARD,TX-YH2VMNW8ZDSP
6984,,246,2,2,379,63125.7,FAILED,CARD,
6985,136,208,1,,1948,49005.0,PAID,GATEWAY,TX-HDOLF10YNNVE
6986,15,559,1,,2077,30240.0,PAID,GATEWAY,TX-EIJXOT15KLWV
6987,549,235,1,,336,43923.0,PAID,CARD,TX-27BKN29ZQCCQ
6988,78,666,2,1,1994,49005.0,PAID,CARD,TX-5GE1ZE8M270G
6989,608,314,1,,817,44460.0,PAID,GATEWAY,TX-1X9WQQEKBHDH
6990,93,1183,2,1,1130,43560.0,PAID,CASH,TX-90MD724LSDA6
6991,486,372,1,,,15420.0,PAID,CARD,TX-Z3F4RWVTQY78
6992,632,979,1,,186,30303.0,PAID,GATEWAY,TX-336GOUTNR1DW
6993,609,183,1,,3151,123194.7,PAID,GATEWAY,TX-KPYVED2Y4H3B
6994,226,1148,2,1,2624,27951.0,PAID,CASH,TX-OME97I4HMYA0
6995,,695,1,,257,50205.0,PENDING,CARD,
6996,178,1076,2,3,1257,56918.4,PAID,CASH,TX-XE3MSC4XC753
6997,618,487,2,2,3115,15972.0,PAID,CASH,TX-GBRQKTXNZUFH
6998,558,1209,1,,30,45123.0,PAID,CARD,TX-PX4G0TEWJ3VP
6999,159,190,1,,1414,54450.0,PAID,CARD,TX-H3OGDB7W61NO
7000,397,637,1,,3147,15518.25,PAID,CARD,TX-36IJ4CEQGT5B
7001,603,547,1,,398,18742.5,PAID,CARD,TX-U1ZJS2B9B6JM
7002,219,1015,2,1,739,53361.0,REFUNDED,CASH,TX-REMBMRBOAFMT
7003,330,1019,1,,992,56929.05,PAID,CARD,TX-90TZLJ27G6X1
7004,,962,2,3,277,42688.8,FAILED,TRANSFER,
7005,538,158,2,1,828,85893.06,PAID,CARD,TX-U70C41PMAHKN
7006,45,885,1,,2610,60984.0,PAID,GATEWAY,TX-ZLX7TNVIF0XB
7007,19,843,2,3,2336,83308.5,PAID,CASH,TX-64VU7C4NVTK9
7008,556,292,1,,1261,28749.6,PAID,CARD,TX-JMMX5PVF57BG
7009,400,445,2,2,1383,14229.6,PAID,CASH,TX-9D4P93IFFJGH
7010,431,171,1,,2661,49905.0,PAID,CARD,TX-884X6B2QO2HV
7011,640,961,1,,2621,71166.44,PAID,CARD,TX-XJGV0BN4W9L9
7012,616,1065,1,,2663,14268.0,PAID,CARD,TX-BEN3UCUPU5YO
7013,,1464,2,2,1458,76665.6,FAILED,CASH,
7014,86,663,1,,2927,19350.0,PAID,CARD,TX-L2HBZA66NSVU
7015,368,208,2,2,2161,26789.4,PAID,CASH,TX-GGHZZ9UFNG0B
7016,338,45,1,,2859,17172.0,PAID,GATEWAY,TX-EIUO2G16CATY
7017,103,136,1,,1544,54261.0,PAID,GATEWAY,TX-LBJW02XN9FDG
7018,106,178,2,1,979,76992.3,PAID,CASH,TX-YDIT9R9Q8NZF
7019,576,1346,2,2,2441,56047.2,PAID,TRANSFER,TX-AAD2FD5XSEGV
7020,260,1330,1,,2170,78393.24,PAID,CARD,TX-68OAYJ2FGTFY
7021,562,317,1,,,18742.5,PAID,CARD,TX-DSD3U6TU9OB6
7022,272,348,1,,1031,34170.0,PAID,GATEWAY,TX-OU889FG2EKMY
7023,262,456,2,2,3093,76121.1,PAID,TRANSFER,TX-H8AI3DARCRBE
7024,603,1282,1,,1276,59234.1,PAID,GATEWAY,TX-X5Y8KTBSY52Y
7025,18,270,2,1,3198,12806.64,PAID,TRANSFER,TX-ENWUPIATPOOS
7026,358,1080,1,,2058,26136.0,PAID,CARD,TX-IISYYBBQ8Z1P
7027,136,1500,2,1,1404,44104.5,PAID,TRANSFER,TX-R6IBDJANZWJD
7028,13,353,1,,1647,43888.8,PAID,CARD,TX-QIQI6BLXKK3P
7029,5,701,1,,90,105044.7,PAID,CARD,TX-M2L4LKNQKXPE
7030,304,409,2,4,1843,32670.0,PAID,CARD,TX-72KCBJXY1ZYV
7031,79,1377,1,,2959,74407.5,PAID,CARD,TX-MOM59HRXEG15
7032,403,240,2,3,3175,17968.5,PAID,CARD,TX-LDMRAKI5AJUC
7033,302,75,1,,2322,27036.0,PAID,CARD,TX-EQ27I5I8LN6J
7034,510,1008,1,,1445,14568.0,PAID,GATEWAY,TX-PU32S4Y7J98T
7035,52,1066,1,,1246,12961.2,PAID,CARD,TX-PP15FEK7BO09
7036,269,474,2,2,2291,17242.5,PAID,CASH,TX-Q48L0M7PBTIP
7037,55,198,1,,1512,37200.0,PAID,CARD,TX-28SB0UM0AZAI
7038,457,561,1,,2464,64253.1,PAID,CARD,TX-41IU7TFN8U8R
7039,570,1162,1,,2618,74316.75,PAID,CARD,TX-0MMCXGA70S5U
7040,561,1015,1,,1673,73500.0,PAID,CARD,TX-ZJ8JKVE1A9LH
7041,171,823,2,3,,34485.0,PAID,TRANSFER,TX-5ZPEA06IOJZW
7042,450,1321,2,2,55,48736.38,PAID,CASH,TX-68469TWE16NN
7043,255,1114,1,,1212,38443.8,PAID,CARD,TX-NZX0Q1XDJQWO
7044,181,419,1,,2779,27336.0,PAID,GATEWAY,TX-DM6CI3AECTKL
7045,,1377,2,1,,51727.5,FAILED,CARD,
7046,33,919,1,,762,54450.0,PAID,CARD,TX-0VG6JKDYD3G8
7047,188,399,1,,2832,15720.0,PAID,CARD,TX-SK2CZXQLBFOQ
7048,488,412,1,,1903,15683.7,REFUNDED,GATEWAY,TX-QDW49WQ2CLHB
7049,265,326,1,,2059,15720.0,PAID,GATEWAY,TX-7VUDJMSLW4AU
7050,434,876,2,2,1882,36300.0,PAID,TRANSFER,TX-7BDG8SGSSGR9
7051,281,1233,2,2,2569,29403.0,REFUNDED,CARD,TX-GENUE64GMCV5
7052,,346,1,,,55650.0,FAILED,CARD,
7053,283,255,1,,736,41382.0,PAID,CARD,TX-MOFDPEDBLKDU
7054,4,1074,1,,1917,30782.16,PAID,CARD,TX-ZV0OLL7A9RGC
7055,28,1259,1,,553,30249.6,PAID,CARD,TX-X1RHJ8D2WJ4N
7056,439,95,2,4,682,32670.0,PAID,CARD,TX-JWVHJN01PVT3
7057,609,498,2,4,3056,18104.62,PAID,CASH,TX-56GAJHQA4TZ9
7058,281,214,1,,1240,110653.05,PAID,CARD,TX-XBIVRPF28TCK
7059,9,346,2,2,2937,26644.2,PAID,TRANSFER,TX-TAPBG8VM321O
7060,,1205,1,,1247,47019.15,PENDING,CARD,
7061,594,1398,1,,2121,38552.7,PAID,CARD,TX-3HDAKHN6FHPL
7062,513,437,1,,,48457.68,PAID,GATEWAY,TX-RXTD117YJT6J
7063,620,1265,2,1,2808,28967.4,PAID,CARD,TX-WBH5NN9AKAQG
7064,74,12,2,1,1989,34303.5,PAID,CARD,TX-6OCU23F412O4
7065,546,500,1,,1101,43044.3,PAID,CARD,TX-8KF28C5IFDTT
7066,332,946,1,,2131,100018.2,PAID,CARD,TX-45OSNG0WB383
7067,283,1415,2,2,2488,32670.0,PAID,CARD,TX-GDAS2OUGIXTA
7068,141,468,1,,763,51727.5,PAID,GATEWAY,TX-TX3D8MB86T5P
7069,433,1236,1,,2068,42282.0,PAID,GATEWAY,TX-D1RPHQYQHS2Y
7070,57,583,1,,2566,78456.0,PAID,CARD,TX-LGRH2XYNUWU2
7071,209,113,1,,38,110100.0,PAID,CARD,TX-6SV7JXKIQLDH
7072,438,266,1,,2693,34150.8,PAID,GATEWAY,TX-GZU2NKJO1GPB
7073,174,1253,1,,,30056.4,REFUNDED,GATEWAY,TX-RB4DAPSZIXPR
7074,125,477,2,1,2599,14483.7,PAID,CARD,TX-DDX34NIFI4DA
7075,153,180,1,,763,48271.5,PAID,CARD,TX-AQ7ICFTIO2JB
7076,265,1012,1,,,72592.5,PAID,GATEWAY,TX-SHTN1BOIB32S
7077,,492,2,4,1388,27588.0,PENDING,CARD,
7078,601,488,2,3,1761,17151.75,PAID,CASH,TX-9NWMYVWEXVWM
7079,42,529,2,2,427,43560.0,PAID,CARD,TX-7ZN0RSASAU35
7080,166,956,1,,,75034.2,PAID,GATEWAY,TX-10RNWJTSW0LH
7081,73,1377,2,1,3088,15972.0,PAID,CARD,TX-DD6V6GNIJH6D
7082,162,905,1,,2284,52627.5,PAID,CARD,TX-QOKVMCDJP490
7083,6,1468,2,2,1506,111259.5,PAID,TRANSFER,TX-ECSUWQY7Y0UT
7084,585,646,2,2,3009,29040.0,PAID,CARD,TX-Y2S4134A1LWP
7085,514,634,1,,2324,73863.0,PAID,CARD,TX-R7UIGP756E00
7086,334,1075,1,,122,44460.0,PAID,GATEWAY,TX-VDY7RO92XIPI
7087,270,1026,1,,2434,18150.0,PAID,CARD,TX-97U9HZ0PN0CM
7088,88,1226,1,,2734,40704.0,PAID,CARD,TX-J5WIBZBLLIMV
7089,342,1224,1,,1113,41130.0,PAID,GATEWAY,TX-YAER56D0W33K
7090,206,407,2,2,2895,14520.0,PAID,CASH,TX-78PGZOFQ3U05
7091,535,971,1,,748,16141.08,PAID,GATEWAY,TX-NIVUZGFTCQU1
7092,236,398,1,,1716,18987.0,PAID,CARD,TX-QYCMQJTJCXIE
7093,237,724,2,2,1237,31036.5,PAID,CARD,TX-IXTJKQAVZFQS
7094,11,1204,1,,1692,63962.7,PAID,GATEWAY,TX-M8J9GW0P4SRG
7095,,49,1,,1666,16335.0,FAILED,CARD,
7096,443,818,1,,28,56511.6,PAID,CARD,TX-9WCJJ27YQTHP
7097,242,1457,2,1,,30492.0,PAID,CASH,TX-3NVVSE5TVU3Y
7098,474,206,1,,775,44460.0,PAID,GATEWAY,TX-Z9OH00XY467E
7099,,483,1,,501,58672.5,PENDING,GATEWAY,
7100,623,31,1,,,13068.0,PAID,CARD,TX-AFWJ41R9C48G
7101,438,110,1,,1522,54450.0,PAID,GATEWAY,TX-8QMX4MRLMV2U
7102,506,447,1,,2994,44460.0,PAID,CARD,TX-QOSJU4XCW40M
7103,338,264,2,2,,46554.75,PAID,CARD,TX-RJO32ZC8UVB7
7104,32,1187,2,4,646,13794.0,PAID,CASH,TX-KM6TOITKBJ0J
7105,170,134,1,,844,43888.8,PAID,CARD,TX-G7C8WM22RAM6
7106,640,1412,1,,136,16073.4,PAID,GATEWAY,TX-BOF4DN66AZRI
7107,607,1209,1,,1273,20765.7,PAID,CARD,TX-Z9FWNA2O7BOU
7108,455,621,2,4,2092,84796.8,PAID,CASH,TX-1NJZXKKCGLEE
7109,524,1348,1,,584,58191.0,PAID,CARD,TX-7N5FC4UXZDCO
7110,,383,2,3,84,27442.8,FAILED,CARD,
7111,36,230,2,4,2702,74669.1,PAID,CASH,TX-KID4C0Q8HMNV
7112,146,1420,1,,1223,44760.0,PAID,CARD,TX-WTCR4SC92L0N
7113,489,1180,1,,147,27636.0,PAID,GATEWAY,TX-47KD7PK6Z4KC
7114,452,1338,1,,1339,35685.0,PAID,CARD,TX-TJHMAJ7P1A69
7115,523,168,2,2,,54450.0,PAID,CARD,TX-18IPI6YXQ7IJ
7116,246,1465,2,4,1379,13794.0,PAID,CASH,TX-7YCLESR57IQO
7117,584,832,1,,3029,30540.0,PAID,CARD,TX-BPZB58KUMDA2
7118,397,569,1,,,38443.8,PAID,GATEWAY,TX-8LICA8E8DS4X
7119,481,845,2,4,2822,39204.0,PAID,CARD,TX-46T84YLZBTJP
7120,350,961,1,,2335,32236.5,PAID,GATEWAY,TX-B707VNO0XEFT
7121,426,1383,2,3,1598,28749.6,PAID,TRANSFER,TX-R15FO9UAO8MK
7122,543,1211,2,1,,34485.0,PAID,CASH,TX-9VXJMCN5TIZ1
7123,597,316,1,,1912,91294.5,PAID,GATEWAY,TX-T0DEDDDZQWVI
7124,,1067,1,,612,54333.6,FAILED,GATEWAY,
7125,252,916,2,3,,57172.5,PAID,CARD,TX-BCTRYW5LUXBW
7126,63,1125,2,3,608,54450.0,PAID,TRANSFER,TX-6C3BXP5TN7TF
7127,526,1120,2,4,,78843.6,PAID,CARD,TX-MCO9BS82029G
7128,73,1130,1,,2016,42282.0,PAID,GATEWAY,TX-G6BLVERXXDZ3
7129,634,1426,1,,1356,40104.0,PAID,GATEWAY,TX-1CCZWTT8KK7W
7130,250,101,2,1,1252,54450.0,REFUNDED,CASH,TX-TN98GWBGBTSY
7131,72,1233,2,2,2994,23522.4,PAID,CASH,TX-TJCHCIVIZZWC
7132,115,441,1,,1531,39315.0,PAID,GATEWAY,TX-VGXLASI87E3V
7133,,1424,1,,1350,40031.4,FAILED,GATEWAY,
7134,159,357,2,1,576,13068.0,PAID,CARD,TX-VU6RWE2CS166
7135,379,875,2,4,2965,50529.6,PAID,CASH,TX-NZ9BS386NU1J
7136,580,405,1,,1760,59840.55,REFUNDED,CARD,TX-QTAFJN5TNBTW
7137,453,32,2,2,1951,19565.7,PAID,CARD,TX-4CW1YDW5IQUA
7138,401,229,1,,,50205.0,PAID,CARD,TX-GMJLBRNOU9Q2
7139,471,140,1,,2921,14621.4,PAID,GATEWAY,TX-E4GJNGFLWM4S
7140,302,1271,1,,1039,26513.28,REFUNDED,GATEWAY,TX-LTELFLYF6P82
7141,418,297,2,1,723,81675.0,PAID,TRANSFER,TX-QK0UF29I0PIA
7142,359,171,1,,1347,35685.0,PAID,GATEWAY,TX-QWI3JFKIT691
7143,299,1022,1,,360,32236.5,REFUNDED,GATEWAY,TX-W6AD0I1DBOB9
7144,244,425,2,1,2416,16335.0,PAID,CASH,TX-FAUBJBTABMWL
7145,237,250,1,,1844,60124.5,PAID,CARD,TX-GB0PTI7A7916
7146,365,1472,2,1,1407,17787.0,PAID,CARD,TX-H1IDKJYG0SW6
7147,578,1294,2,1,1435,92746.5,PAID,CARD,TX-STYTMASD5F3S
7148,131,364,2,4,2318,49821.75,PAID,CASH,TX-QHNVZECE43RF
7149,573,669,2,2,2080,26136.0,PAID,CASH,TX-4O3TBSZW9DIY
7150,557,439,2,3,532,51727.5,PAID,CARD,TX-GHZS6FZEZ859
7151,353,887,2,1,3104,34485.0,PAID,CASH,TX-090B34W6VXG9
7152,569,1377,2,2,1987,151316.55,PAID,CASH,TX-BKYC27IXW5Z6
7153,615,390,1,,1033,40704.0,PAID,GATEWAY,TX-9KD5JD4DXH0V
7154,579,1374,2,4,292,43560.0,PAID,CARD,TX-3PS6QISKUHWL
7155,618,751,1,,564,55513.88,PAID,CARD,TX-0L2ZYARCQASP
7156,258,906,1,,2156,27588.0,PAID,CARD,TX-7VO0E26SD3SW
7157,636,1041,2,4,3142,94743.0,PAID,CARD,TX-NWJ2GHRDVQVZ
7158,275,94,2,4,,95832.0,PAID,CARD,TX-WZIWMA945VYE
7159,603,1224,2,2,2815,54450.0,PAID,CARD,TX-FE441AVTNQCK
7160,275,1026,1,,397,52627.5,PAID,CARD,TX-NOO49UNUDJHJ
7161,298,223,2,4,,19565.7,PAID,CASH,TX-SJ4TYV1UAOQX
7162,176,1030,1,,,14994.0,PAID,CARD,TX-N1SK6EBPQ8R4
7163,509,1458,2,2,1027,13068.0,PAID,CARD,TX-4VB75PMRSH3U
7164,19,1180,2,2,885,55571.67,PAID,CARD,TX-FRO47F3C8NL5
7165,298,1498,1,,2319,30303.0,PAID,GATEWAY,TX-HZRZJW1EA3DA
7166,270,771,1,,,19866.75,REFUNDED,CARD,TX-KM01SEUEK0NZ
7167,169,414,1,,2437,33570.0,PAID,GATEWAY,TX-WZIIMF6ILPEA
7168,408,705,2,2,1909,77609.4,PAID,CASH,TX-PVW45T2GIXO3
7169,378,1282,1,,929,45738.0,PAID,GATEWAY,TX-RIFTNP8HIUU6
7170,623,713,1,,2762,14994.0,PAID,GATEWAY,TX-98R4I2ACY3UX
7171,461,737,1,,2175,62610.0,PAID,CARD,TX-R1VY9RTN1CSG
7172,393,1337,2,3,1759,27588.0,PAID,CARD,TX-T5QRHF36OMRN
7173,560,1060,1,,251,58072.5,PAID,CARD,TX-E7ZGE2VOGTSY
7174,381,1100,2,1,1025,35283.6,PAID,CARD,TX-ZWU8Y0I2IXZH
7175,368,719,1,,1545,44651.1,PAID,GATEWAY,TX-UKSJARS6V4J1
7176,370,1450,1,,1380,73500.0,PAID,GATEWAY,TX-5E45BZ78OU0V
7177,250,176,1,,2735,28459.2,PAID,CARD,TX-ZYNULNN153I4
7178,465,756,1,,1491,12961.2,PAID,CARD,TX-72S20IZFSVBQ
7179,287,1246,2,1,557,50048.62,PAID,CASH,TX-BKKQTGIZ1WS2
7180,425,383,1,,2435,140836.5,REFUNDED,CARD,TX-SSI1VPNJ658W
7181,401,1463,2,2,2236,49005.0,REFUNDED,TRANSFER,TX-9BQ96ET2KM6S
7182,62,1177,1,,2446,57455.4,PAID,CARD,TX-7OUDC9CIL6IL
7183,502,321,2,1,808,12414.6,PAID,TRANSFER,TX-9P0KKX83DUQJ
7184,203,130,2,1,2320,78262.8,PAID,CARD,TX-YO2QHNLZN02C
7185,56,1083,2,3,691,13068.0,PAID,TRANSFER,TX-5QDKOR1ALKJD
7186,389,1161,1,,257,29223.6,PAID,CARD,TX-MDYVIWCPZJ17
7187,,785,2,2,950,50529.6,FAILED,CASH,
7188,2,487,1,,2561,30240.0,PAID,CARD,TX-RS80BOCN9I5W
7189,361,306,1,,1821,37800.0,PAID,CARD,TX-5RHUKREJSIZ1
7190,188,1062,2,4,,29040.0,PAID,CARD,TX-CFZNSA826U8K
7191,146,1356,2,1,,39204.0,PAID,CASH,TX-74QE2YZSRC7L
7192,328,709,1,,,60795.0,PAID,GATEWAY,TX-2A2EKCWEDU6V
7193,480,524,1,,1782,49416.0,PAID,CARD,TX-C3DLTBRA16XS
7194,327,1063,2,1,1513,63162.0,PAID,CASH,TX-OVQQKEQ1CSQ3
7195,35,1149,1,,446,13706.64,PAID,GATEWAY,TX-VXBPQPOMOYSV
7196,180,552,2,4,103,26136.0,PAID,CASH,TX-OGBM57QQDG5W
7197,250,1011,2,3,,18150.0,PAID,CASH,TX-T28GJTM4BIKV
7198,531,896,1,,2062,83238.0,PAID,GATEWAY,TX-0GOJ58XAIUSE
7199,286,762,1,,3073,71380.08,PAID,GATEWAY,TX-YHK0TBGJWUY1
7200,379,812,2,3,2071,73126.35,PAID,CARD,TX-WJN72BQ5PO4A
7201,111,785,1,,292,58072.5,PAID,CARD,TX-BE9T8L9NSIFP
7202,390,1088,2,4,606,16335.0,PAID,CARD,TX-H63SM2MDE4F9
7203,394,137,2,2,2792,39131.4,PAID,CARD,TX-5URI4Z4R57QI
7204,305,1341,1,,1525,40104.0,PAID,CARD,TX-WFW33WRSFAT8
7205,322,790,1,,2138,63880.5,PAID,CARD,TX-KQHSCQFNTA1X
7206,438,194,1,,1136,13614.6,PAID,GATEWAY,TX-S7BOUW8IUZO4
7207,439,1373,1,,3033,16446.0,PAID,CARD,TX-PS5FUHPOHSMO
7208,598,754,2,4,,13794.0,PAID,CASH,TX-DWYOV0BU88FX
7209,526,841,1,,582,26513.28,PAID,CARD,TX-JENGOBJ3KJ2X
7210,,1292,1,,3134,32672.1,FAILED,GATEWAY,
7211,487,1300,1,,,25613.28,PAID,GATEWAY,TX-JBGTEUV7CYZF
7212,522,1059,2,4,,42688.8,PAID,CASH,TX-VE6H5HGZV8O9
7213,599,1420,2,2,1898,72990.22,PAID,CASH,TX-Z25YX07UXJAW
7214,525,1099,1,,,13968.0,PAID,CARD,TX-VAGWTX10BQR3
7215,516,219,1,,,25729.2,PAID,GATEWAY,TX-5JFDJVR7YDSW
7216,,516,2,4,2236,18150.0,FAILED,CASH,
7217,361,355,2,2,2026,26136.0,PAID,CASH,TX-VGH9OBI48BSE
7218,328,1448,1,,6,94348.14,PAID,GATEWAY,TX-E911BBJZATK9
7219,221,821,2,1,,35937.0,PAID,TRANSFER,TX-EQ1RAGZATWYN
7220,561,1494,1,,1859,40104.0,PAID,CARD,TX-AMTKEKHX6JPA
7221,187,1265,1,,1619,42688.8,PAID,CARD,TX-ET3AKQFRF623
7222,579,901,1,,235,63999.0,PAID,GATEWAY,TX-R78PWAGWFIML
7223,381,1268,1,,3027,54087.0,PAID,GATEWAY,TX-AMLE13UM4DZS
7224,534,692,2,4,,39204.0,PAID,CASH,TX-2Q58R0U5G14O
7225,506,1497,1,,1640,20176.35,PAID,GATEWAY,TX-LUEH2VYV5UEA
7226,428,1104,1,,2382,14568.0,PAID,CARD,TX-CW5SKRMI1HVS
7227,191,862,1,,437,40031.4,PAID,CARD,TX-D5XYMZ2X3KMO
7228,600,535,2,3,1528,43560.0,PAID,CARD,TX-OBEGZ6BUVCPS
7229,28,281,1,,3085,39204.0,PAID,CARD,TX-9WNNTKK01Q86
7230,520,629,1,,1797,20176.35,PAID,GATEWAY,TX-1G1VU50Z7DAU
7231,,1161,1,,741,70160.4,FAILED,CARD,
7232,429,826,2,4,859,58624.5,PAID,CASH,TX-0DG1QX21WOEG
7233,345,890,2,3,2449,42035.4,PAID,TRANSFER,TX-YN8PA218GVKQ
7234,149,333,1,,1305,66540.0,PAID,CARD,TX-8CW02I0XNMWZ
7235,241,894,1,,53,36592.5,PAID,GATEWAY,TX-T7YLPF65GSQM
7236,578,994,2,3,104,34485.0,PAID,CARD,TX-0O55ECB11PEF
7237,203,936,1,,2094,80089.5,PAID,GATEWAY,TX-3GNV5OPAC7JU
7238,,902,2,4,3096,59532.0,PENDING,CASH,
7239,622,1139,1,,2595,31381.35,PAID,GATEWAY,TX-7YFTCLPGSV21
7240,49,968,2,1,2597,54145.08,PAID,CARD,TX-JRG318F6E8Y7
7241,,410,1,,1853,30056.4,FAILED,GATEWAY,
7242,,875,1,,1398,44460.0,FAILED,GATEWAY,
7243,515,387,2,3,2324,40656.0,PAID,CASH,TX-S7EMWK0GBEHL
7244,611,880,1,,3161,17535.0,PAID,CARD,TX-E8LR4JDTUVB8
7245,453,954,1,,2802,132560.1,PAID,CARD,TX-2BOMLSYAUHDS
7246,44,933,1,,2156,54624.0,PAID,CARD,TX-2NTXNARH5ETJ
7247,318,1154,1,,701,40104.0,PAID,CARD,TX-IVKKQOVKGI0L
7248,503,527,2,1,367,26136.0,PAID,CARD,TX-XVLNGK7T4PTC
7249,188,1353,1,,139,15901.5,PAID,CARD,TX-6PFFYHJE4M6J
7250,412,667,2,3,2205,54450.0,PAID,CARD,TX-H1LTIREJ5K83
7251,338,506,1,,,31305.12,PAID,CARD,TX-3G9QX3375ZKP
7252,385,517,2,2,2706,41164.2,PAID,CASH,TX-Z9WF53CEYJEM
7253,320,609,1,,319,38833.5,PAID,CARD,TX-6I3OEJIATU5O
7254,633,1139,1,,,50205.0,PAID,GATEWAY,TX-AAUEV4ZIHJWP
7255,162,440,1,,1404,36474.0,PAID,GATEWAY,TX-09QFKY9XXE4F
7256,306,32,2,3,3087,13721.4,PAID,CASH,TX-PZ0QZ968Z0TK
7257,353,452,1,,774,55650.0,PAID,CARD,TX-3PNYFRSNPWZA
7258,547,903,1,,1958,53227.5,PAID,GATEWAY,TX-13BC46Z0TUK3
7259,422,850,2,1,335,37243.8,PAID,TRANSFER,TX-G6S74JP3ZAYY
7260,292,1186,1,,,82212.0,PAID,CARD,TX-9KO2TRSWR6ZO
7261,510,905,1,,,45723.24,PAID,GATEWAY,TX-ZJ8ZD8QPDW5K
7262,214,1317,1,,844,31382.16,PAID,GATEWAY,TX-TQAJFYZ84UUN
7263,290,1224,1,,810,14694.0,PAID,CARD,TX-BCUCNEG83KRP
7264,143,515,1,,1057,41382.0,PAID,CARD,TX-19QH04JRLLJ2
7265,87,81,2,1,1468,33922.35,PAID,CASH,TX-CXRE2YRUK2AN
7266,368,838,1,,974,59706.0,PAID,GATEWAY,TX-WAF559R9OAMF
7267,408,1047,1,,3117,42282.0,PAID,GATEWAY,TX-DDBQ5HN4LC0W
7268,536,949,2,3,,19057.5,PAID,TRANSFER,TX-YX11CFY2G30D
7269,343,127,2,1,,55393.8,PAID,TRANSFER,TX-D4B7G8K6FZW7
7270,613,1192,2,3,1507,78988.8,PAID,CARD,TX-FWE1QY4EARX5
7271,311,1389,1,,957,41130.0,PAID,CARD,TX-YN8I8R3B34TJ
7272,480,1226,1,,2564,71922.0,PAID,GATEWAY,TX-QAM4NDD6RDAW
7273,502,895,2,1,830,87846.0,REFUNDED,CASH,TX-UX3DQ3EGG3JY
7274,83,390,1,,,38833.5,PAID,CARD,TX-WBXIEY5H5U69
7275,616,1130,2,4,,13068.0,PAID,CASH,TX-HI9K76M5KYZU
7276,25,915,1,,135,30782.16,PAID,CARD,TX-33GAN48LCTQ7
7277,570,354,2,4,921,49005.0,PAID,CARD,TX-4EVUBZ4NSQ33
7278,,552,1,,1354,54561.0,FAILED,GATEWAY,
7279,523,944,1,,1144,30782.16,PAID,GATEWAY,TX-M3TIXLSD55V1
7280,462,746,1,,932,38852.7,PAID,GATEWAY,TX-MOYOHSMFOD5B
7281,453,988,1,,639,54261.0,PAID,GATEWAY,TX-8KE3PLKYU5O9
7282,394,1184,2,3,1002,26136.0,PAID,CASH,TX-278ZAG9EA6FW
7283,189,1019,1,,987,39015.0,PAID,GATEWAY,TX-S0GM18GUZJS8
7284,26,433,1,,2074,32236.5,PAID,CARD,TX-PPCLNPRFEYJK
7285,189,678,2,1,620,44104.5,PAID,CASH,TX-CAR0CNLRYEMF
7286,267,873,1,,1119,82938.0,PAID,GATEWAY,TX-GWYOBWPVRMO3
7287,,1463,2,4,418,30492.0,FAILED,CARD,
7288,564,658,1,,2941,18987.0,PAID,GATEWAY,TX-C8TMHGD6JOZ4
7289,393,181,2,1,2681,29403.0,PAID,CASH,TX-NUL6S2NSIUT5
7290,212,1268,1,,300,18987.0,PAID,CARD,TX-EKBSGGAR6WLK
7291,516,435,1,,111,54261.0,PAID,GATEWAY,TX-CM6PX6CZH5F9
7292,317,543,1,,2363,28788.0,PAID,CARD,TX-V53OV30PE88R
7293,310,848,1,,724,34303.5,PAID,CARD,TX-59GR335KYF0M
7294,404,61,2,4,1390,72727.05,PAID,CARD,TX-6TDQ5CCYUMTN
7295,559,273,1,,24,29359.2,PAID,CARD,TX-VYCGSM5PQS8J
7296,508,597,1,,3133,17787.0,PAID,GATEWAY,TX-AOSTKWNAQU24
7297,306,1395,2,4,479,94851.9,PAID,CARD,TX-N2O2LHLRXNYA
7298,152,1371,1,,2165,13068.0,PAID,CARD,TX-EY0LXQMEC69Y
7299,274,1455,1,,2797,46270.08,PAID,GATEWAY,TX-JJTNYGZEAGQ1
7300,441,1141,1,,1901,15129.6,PAID,GATEWAY,TX-ZCCLK2NFUP45
7301,134,512,1,,2058,47799.6,PAID,GATEWAY,TX-RPQ5XM4WLXVM
7302,,350,2,2,3111,68752.2,FAILED,CASH,
7303,470,812,2,3,2233,54450.0,PAID,CASH,TX-JT985PAXZ1Q4
7304,539,923,1,,1131,19287.0,PAID,GATEWAY,TX-YU4RJ5VAA6I1
7305,174,547,1,,1753,64795.5,PAID,CARD,TX-5X9MRL1UJBEO
7306,434,1468,2,3,180,39204.0,PAID,TRANSFER,TX-RSAWJFYAP3EZ
7307,352,1107,1,,,49905.0,PAID,GATEWAY,TX-2SRBV68MV4NC
7308,318,486,2,3,1240,133162.92,PAID,CASH,TX-78J9STDKPIWM
7309,106,393,1,,759,39619.92,PAID,GATEWAY,TX-LFROFLWNFM9S
7310,357,1076,2,1,311,17242.5,PAID,CARD,TX-9UKVAZ0J8FH9
7311,279,474,2,1,,34303.5,PAID,CARD,TX-B3LK6J85KKQ1
7312,464,1312,1,,1944,28459.2,REFUNDED,GATEWAY,TX-S4UBLLVFU7EU
7313,138,1305,1,,467,43560.0,PAID,GATEWAY,TX-47ZYUY6UTG4F
7314,,1307,1,,2232,44651.1,FAILED,GATEWAY,
7315,426,1103,1,,1951,37352.7,PAID,CARD,TX-OS28EMJ8D5WO
7316,163,240,1,,1766,20166.75,PAID,GATEWAY,TX-05PRX3JNL4GY
7317,616,160,1,,3089,45060.0,PAID,GATEWAY,TX-R8W4XU2ZNJC6
7318,54,548,1,,3201,27036.0,PAID,CARD,TX-D662W3VTE1IC
7319,198,1302,1,,1495,27442.8,PAID,CARD,TX-35REFNCGBQXI
7320,123,1110,1,,1773,68244.0,PAID,GATEWAY,TX-G7W0WY3GV6FY
7321,,164,1,,368,17835.0,FAILED,GATEWAY,
7322,537,208,1,,2705,71322.0,PAID,CARD,TX-UA1OV6O83B75
7323,521,291,1,,1352,18868.5,PAID,CARD,TX-HKGDMDNX2KG8
7324,412,531,1,,3086,42282.0,PAID,CARD,TX-MJ1LOFK2LPYL
7325,317,615,1,,3105,44188.8,PAID,GATEWAY,TX-E7M20UAQXX4G
7326,274,80,2,1,870,39204.0,PAID,CASH,TX-2VAAIW3GLPZ8
7327,106,1420,1,,866,55650.0,PAID,GATEWAY,TX-ESGMMT2GLT86
7328,321,1219,2,2,477,13068.0,PAID,CARD,TX-YTKV6Z6FERDH
7329,348,774,2,2,408,77623.92,PAID,TRANSFER,TX-PT0IFHD60LE0
7330,510,1199,2,4,577,53361.0,PAID,CARD,TX-MWFEKRE3NTUX
7331,475,1435,1,,2830,54861.0,PAID,GATEWAY,TX-J6QBJ8BNFOB6
7332,200,772,2,1,1291,35937.0,PAID,CASH,TX-XVIW1HUGITW3
7333,628,474,1,,1445,40104.0,PAID,CARD,TX-GEC7GGPB9767
7334,297,882,1,,,79363.5,PAID,CARD,TX-D2AM6HHKM9E5
7335,228,414,2,3,1900,39204.0,PAID,CARD,TX-K7L47MH4F7NM
7336,555,376,1,,450,113183.16,PAID,CARD,TX-DIOYXO8JMRXP
7337,405,1301,2,3,1819,56628.0,PAID,CASH,TX-XMG98HDBX754
7338,55,275,1,,3193,52272.0,PAID,CARD,TX-Z6U4GGIFTVEV
7339,,1162,1,,2548,42282.0,FAILED,GATEWAY,
7340,,343,1,,1226,28488.0,FAILED,CARD,
7341,278,983,2,2,,18966.75,PAID,CASH,TX-WTLGP7CIDVS5
7342,409,448,1,,2456,18442.5,PAID,CARD,TX-K9L9AWI8KAWX
7343,217,861,1,,865,13614.6,PAID,CARD,TX-JY6S0P577QRD
7344,193,1189,2,3,2848,139174.2,PAID,CARD,TX-FX2S3Z6WWE1V
7345,450,598,2,1,2202,36300.0,PAID,CASH,TX-V5PT1OY3GB0L
7346,578,560,2,2,,32016.6,PAID,CASH,TX-7BFXX9S9P964
7347,177,377,2,1,261,43124.4,REFUNDED,CARD,TX-UN2H9W05QNW1
7348,424,118,2,2,2491,44104.5,PAID,CASH,TX-W22PWK5NLULQ
7349,284,840,1,,,36783.6,PAID,CARD,TX-V09J7YRHNFE4
7350,545,55,1,,1989,32805.12,PAID,CARD,TX-N01OTBFWM876
7351,77,1387,1,,,15294.0,PAID,CARD,TX-UP416MXBB7IE
7352,158,1044,1,,568,85479.0,PAID,GATEWAY,TX-I704UDBXWFVK
7353,142,1068,1,,1874,106107.0,PAID,CARD,TX-B5XUR13CXL10
7354,,1324,1,,35,28788.0,FAILED,GATEWAY,
7355,120,907,1,,2984,45302.16,PAID,GATEWAY,TX-RWYGNL1MY6B8
7356,,1281,1,,2875,68473.5,FAILED,GATEWAY,
7357,522,555,2,4,14,16335.0,PAID,CASH,TX-8PQ2RTIWXB5X
7358,147,778,1,,2450,18442.5,PAID,GATEWAY,TX-IT3FKKTSTQF7
7359,554,1001,1,,2845,27336.0,PAID,CARD,TX-8RSTZRD911YN
7360,531,1188,1,,1469,31246.8,PAID,GATEWAY,TX-V8WGIBNSJ0RF
7361,158,45,1,,1542,37800.0,PAID,GATEWAY,TX-ZUSVY3GH9XV8
7362,278,1309,2,3,987,49005.0,PAID,CARD,TX-OIXO0PCLQQC3
7363,545,771,2,4,1209,17787.0,PAID,CASH,TX-DCP4CE39E8P3
7364,378,510,2,3,2367,55902.0,PAID,CARD,TX-IBSDEI67B68M
7365,75,1450,1,,1910,37200.0,PAID,CARD,TX-ZL4SEE3BS3X5
7366,606,466,2,1,2468,78262.8,REFUNDED,TRANSFER,TX-K9W1P3HIA7OG
7367,465,722,1,,3187,15429.6,PAID,CARD,TX-RP10FWJLQUNN
7368,496,680,1,,1698,42882.0,PAID,GATEWAY,TX-0X4M7DMD8YDU
7369,,451,2,2,2735,37352.7,PENDING,CARD,
7370,10,1001,1,,358,94128.0,PAID,CARD,TX-VFYQ8U5E3S8W
7371,139,1127,1,,315,62610.0,PAID,GATEWAY,TX-DV6BYOIXNWCE
7372,,1188,2,1,2842,13794.0,FAILED,CASH,
7373,,481,2,3,1361,54450.0,FAILED,CARD,
7374,,246,1,,1305,70857.6,FAILED,GATEWAY,
7375,282,56,2,2,952,36300.0,PAID,CASH,TX-JC4BIWYPAQ2C
7376,283,547,1,,,61975.8,PAID,CARD,TX-ZNLL00MFMOOO
7377,613,1304,2,2,823,120153.0,PAID,CASH,TX-ALJVAK6K4RSX
7378,276,1214,2,2,260,75358.8,PAID,CASH,TX-BZCJQDTWY3R0
7379,276,903,1,,2550,40404.0,PAID,GATEWAY,TX-M4LRESTMUVRD
7380,211,1173,1,,568,94009.5,PAID,CARD,TX-LX1BYB27I88E
7381,412,181,1,,2089,66240.0,PAID,CARD,TX-4285KU3NN3CT
7382,567,65,2,2,493,96104.25,PAID,CARD,TX-D5NTO3NFSL5L
7383,253,1344,2,3,2663,43124.4,PAID,TRANSFER,TX-TH9Q1ORBI6GD
7384,54,1436,2,4,2100,73326.0,PAID,CASH,TX-VZQISOFSO2MC
7385,375,567,1,,3158,16446.0,REFUNDED,CARD,TX-Q31LDE1GZRB4
7386,350,100,1,,2649,18687.0,PAID,GATEWAY,TX-6JNGUT562UIP
7387,209,1293,1,,1228,47454.75,PAID,CARD,TX-PR2O1R8H2HDC
7388,234,380,1,,2354,29040.0,PAID,GATEWAY,TX-S0HI4AYXSI1A
7389,63,351,2,1,48,34485.0,PAID,CASH,TX-C2YLGJNPTZ3U
7390,247,1029,2,1,1178,14520.0,PAID,CARD,TX-BM9M2M39V6FT
7391,210,544,2,3,73,88390.5,PAID,CARD,TX-Y4DAYONTMR9G
7392,485,916,2,4,1072,42688.8,PAID,CARD,TX-1Y3OQV5S9FWK
7393,282,291,2,3,1808,18104.62,REFUNDED,CARD,TX-9HP02GWOFBQA
7394,13,253,2,3,,49005.0,PAID,CASH,TX-XL5LJB6SLZK5
7395,,922,1,,1718,15383.7,FAILED,GATEWAY,
7396,169,347,1,,673,40104.0,PAID,GATEWAY,TX-Z2QC9HBH86VV
7397,615,882,2,4,2539,29040.0,PAID,CARD,TX-KGV3BE5FA5V5
7398,355,477,2,1,1151,27588.0,PAID,CARD,TX-S04WHLTCC8O6
7399,,1061,2,3,1540,29040.0,FAILED,TRANSFER,
7400,505,292,1,,41,69262.5,PAID,CARD,TX-8X8CSUF154TG
7401,11,1450,1,,362,66603.0,PAID,CARD,TX-JZZ8I54BXWGY
7402,136,1342,2,2,190,41382.0,PAID,CASH,TX-B0O9OL5RX7MR
7403,367,930,1,,,37933.5,PAID,CARD,TX-SV3KFGP17CFM
7404,363,918,1,,1249,44760.0,PAID,CARD,TX-54M0NUE24CBP
7405,334,1233,2,3,1113,44823.24,PAID,CARD,TX-DWY4R1R02Z1I
7406,437,856,2,4,572,90613.88,PAID,CARD,TX-V7N3XOXLN5A4
7407,288,111,1,,2865,40631.4,PAID,CARD,TX-SAJYK8IB4TVG
7408,88,10,2,3,,71801.4,PAID,CASH,TX-UO3Q500HJ5RE
7409,99,1016,1,,1423,27336.0,PAID,CARD,TX-TAIZU6I92ZVI
7410,628,874,1,,273,37200.0,PAID,GATEWAY,TX-T1QTVH1XG8L2
7411,191,789,1,,539,45060.0,PAID,GATEWAY,TX-VX828MF5BSJL
7412,322,119,2,2,,12414.6,PAID,CASH,TX-HM5AAIJBT7HG
7413,,413,2,2,,35574.0,FAILED,TRANSFER,
7414,115,616,1,,1369,16552.56,PAID,CARD,TX-CMQSB6GBCUYS
7415,585,1239,1,,12,42064.2,PAID,CARD,TX-SX4X7MZT3TPQ
7416,398,1053,2,3,2047,118592.1,PAID,CASH,TX-NWQVXDXC32L7
7417,93,255,1,,2819,43588.8,PAID,CARD,TX-2WM6Q9Z6XPQK
7418,139,1123,2,2,897,12414.6,PAID,CASH,TX-77VZRX7TGMWJ
7419,588,1427,1,,3170,88637.1,PAID,CARD,TX-MLJNIXU9U3KZ
7420,129,205,2,1,1985,26136.0,REFUNDED,CASH,TX-7WUI4PPY6DJR
7421,458,878,2,4,3202,49005.0,PAID,CARD,TX-J9X3UGMYK9LS
7422,584,1416,1,,933,44188.8,PAID,CARD,TX-B4FMAQCULHTA
7423,603,440,1,,2281,28488.0,PAID,CARD,TX-9D1OV10A2BMG
7424,418,1366,2,3,760,30346.8,PAID,CARD,TX-TMBX8VPHI4RU
7425,310,487,1,,2679,95425.2,REFUNDED,GATEWAY,TX-G7N6NNCTVSRR
7426,526,131,1,,547,52927.5,PAID,GATEWAY,TX-KK6QH3XAE77A
7427,127,121,2,4,577,12414.6,PAID,TRANSFER,TX-FM3KNZKNYCJF
7428,358,33,1,,1614,14694.0,PAID,CARD,TX-7EYLM17TM2I6
7429,537,1445,2,1,2395,41164.2,PAID,CARD,TX-3H1Z4TU6CYGM
7430,246,1031,1,,3070,28459.2,PAID,GATEWAY,TX-IRUIZ4942E9Z
7431,331,154,2,2,626,17968.5,PAID,CARD,TX-EAKBN6TLJJG6
7432,51,515,1,,,37074.0,PAID,CARD,TX-NW5LL76HRXVP
7433,64,1333,2,4,1312,12806.64,PAID,CASH,TX-4HLRTAQ2685V
7434,426,1408,2,1,2138,15246.0,PAID,TRANSFER,TX-6M66YOAC23E6
7435,633,787,1,,2836,13968.0,PAID,CARD,TX-9X70NPG3GZ6N
7436,117,679,2,2,501,13068.0,PAID,CARD,TX-JESEH8DB9GWG
7437,66,513,2,2,508,53361.0,PAID,CASH,TX-R9VRXKD0RZ6V
7438,32,328,1,,3117,27036.0,PAID,CARD,TX-JB018WJAL66H
7439,502,68,1,,432,26813.28,PAID,GATEWAY,TX-U33KRG1NOGSW
7440,523,615,1,,2791,14229.6,PAID,CARD,TX-R0ND2HV3V3Q1
7441,623,247,1,,1863,38143.8,REFUNDED,CARD,TX-5OLKROMOLGZS
7442,,299,2,4,,28967.4,FAILED,TRANSFER,
7443,399,944,1,,2248,20166.75,PAID,CARD,TX-579N2Q0WQGGA
7444,345,1048,2,2,831,64388.94,PAID,CASH,TX-998QAEJBOOIQ
7445,515,195,1,,1037,117597.24,PAID,GATEWAY,TX-L8P4H9746NLF
7446,535,1076,1,,1264,37200.0,PAID,CARD,TX-F32KIC8B9BFN
7447,465,629,1,,2775,19004.62,PAID,GATEWAY,TX-1VLY5LT388RF
7448,262,1244,2,4,1388,76593.0,PAID,CASH,TX-RS1NSN4I09HE
7449,326,1178,2,1,748,32670.0,PAID,CASH,TX-SKZSVC2NJXYP
7450,56,1259,1,,907,39015.0,PAID,CARD,TX-KPJ30NYNPXFE
7451,628,1,1,,2602,55795.2,PAID,CARD,TX-LXPRZI7NVKNA
7452,488,873,1,,1280,30603.0,PAID,GATEWAY,TX-XOKAVMBJL31U
7453,,1133,1,,783,33870.0,FAILED,CARD,
7454,637,166,1,,,27636.0,PAID,GATEWAY,TX-C5G2261VUSLL
7455,179,373,2,4,2594,51909.0,PAID,TRANSFER,TX-G5ZBLMK7NYMP
7456,129,1226,1,,1404,60432.0,PAID,GATEWAY,TX-R0WXBC5RKEVY
7457,102,587,1,,2784,43888.8,PAID,GATEWAY,TX-1EPH2JF4WXCC
7458,316,1316,2,1,403,16335.0,PAID,CASH,TX-HSKXPNA4KY75
7459,450,766,2,4,2751,14520.0,PAID,CARD,TX-KNMYVWQ6ZOKO
7460,86,584,2,3,1247,16335.0,PAID,CASH,TX-Y18883THZPCS
7461,418,594,2,3,1498,17787.0,PAID,TRANSFER,TX-X0I74I6EO72G
7462,,1183,1,,362,15901.5,FAILED,GATEWAY,
7463,118,1189,1,,1369,17018.25,PAID,CARD,TX-DWOC9D00JTKQ
7464,629,1123,2,2,101,45738.0,PAID,CARD,TX-YRAIVRK30IJ9
7465,,283,1,,1503,30540.0,PENDING,GATEWAY,
7466,242,1236,1,,,44760.0,PAID,CARD,TX-ZBHITBRBRF9J
7467,98,183,1,,2098,18742.5,PAID,CARD,TX-W99BN2CI4UMZ
7468,390,340,2,1,13,28459.2,PAID,CASH,TX-O8ZNQ20IZVOU
7469,62,796,2,3,1684,29403.0,PAID,CASH,TX-FYIQCW7M8I2B
7470,522,25,1,,1671,95452.95,PAID,CARD,TX-UFT8EO90S92D
7471,326,309,1,,2444,15574.8,PAID,GATEWAY,TX-LABYVWV5PRQC
7472,455,880,2,4,630,68797.58,PAID,CARD,TX-9V4NGDE0K0V6
7473,205,314,1,,894,61395.0,PAID,CARD,TX-PAQOM9EVLC87
7474,179,1011,1,,208,42882.0,PAID,CARD,TX-APQ8B4KRSAU1
7475,480,1356,1,,928,86277.6,PAID,GATEWAY,TX-CB3B1P5D1QE5
7476,603,250,1,,280,43588.8,PAID,CARD,TX-84M676B1RRWB
7477,177,971,1,,2889,59580.0,PAID,CARD,TX-0LJ6FODVBNNI
7478,348,1085,1,,2072,49005.0,PAID,GATEWAY,TX-6598T5IX3R0P
7479,,355,1,,2369,16146.0,PENDING,GATEWAY,
7480,539,863,1,,194,44760.0,PAID,CARD,TX-73AXVHJSMUEI
7481,62,777,2,1,635,13068.0,PAID,CARD,TX-VBYRMTCXW3WM
7482,,446,2,3,485,32670.0,PENDING,CASH,
7483,457,262,2,3,15,35574.0,PAID,CARD,TX-KJNSK4LIA49B
7484,469,1315,2,1,461,26136.0,PAID,CARD,TX-JJF10S4Z65EM
7485,626,658,2,3,1677,32670.0,PAID,CASH,TX-ZO61JLNA4BRZ
7486,78,1043,2,1,,103273.5,PAID,CASH,TX-AIW6J3APFOVT
7487,623,347,1,,2949,40404.0,PAID,CARD,TX-KOJR7O20PJ5T
7488,232,360,1,,,59241.36,PAID,GATEWAY,TX-W2GI6GM8MK3B
7489,64,989,1,,1631,29949.6,PAID,GATEWAY,TX-2OKSF2T8K6KB
7490,147,1227,1,,1611,52355.25,PAID,CARD,TX-KSN4T9TPLUT8
7491,441,1496,1,,1310,28642.8,PAID,CARD,TX-8MWAFV9ITZXG
7492,229,410,2,3,177,16335.0,PAID,TRANSFER,TX-QBG3C9GQIBC3
7493,81,1489,1,,2815,29659.2,PAID,GATEWAY,TX-9BSQZZUYLPSI
7494,95,1146,1,,1661,36474.0,PAID,CARD,TX-D7MRJ86X4JXT
7495,507,1246,2,2,2977,27442.8,PAID,CASH,TX-OIUDJ0RGTB7Y
7496,135,1306,1,,,15574.8,PAID,CARD,TX-PEZ7XXAFCV8L
7497,313,291,1,,939,17835.0,PAID,CARD,TX-EATALLJJMH0F
7498,369,1005,1,,3170,32670.0,PAID,GATEWAY,TX-SBU7F45SYQOS
7499,200,592,2,2,2994,13721.4,PAID,CASH,TX-GDZH28LPAHXQ
7500,,1220,1,,254,80803.8,FAILED,GATEWAY,
7501,401,999,2,3,1622,15246.0,PAID,CASH,TX-OQ9GM7AKMKMA
7502,284,647,2,1,2450,54450.0,PAID,CASH,TX-TE8P5RRHH65Y
7503,157,421,2,1,119,13068.0,PAID,CARD,TX-V1ARA38C0ES6
7504,145,289,2,4,1858,17787.0,PAID,CASH,TX-G80Z8WWU3KN9
7505,510,436,1,,2181,66240.0,PAID,CARD,TX-ZXQ2W11CY0LW
7506,67,899,1,,,49524.9,PAID,GATEWAY,TX-YM5QOULUS43W
7507,127,1136,1,,2000,46420.2,PAID,CARD,TX-QUT8D5ZG9737
7508,3,691,1,,2770,60929.55,PAID,CARD,TX-BJBA438MB2DM
7509,,906,2,4,1626,17787.0,FAILED,TRANSFER,
7510,469,436,1,,1579,14268.0,PAID,CARD,TX-WM0M7I7GKRTQ
7511,576,851,2,3,370,44823.24,PAID,CASH,TX-OPJA0RU8HY56
7512,,1455,2,3,451,14520.0,PENDING,CARD,
7513,331,1421,2,4,2184,90024.0,PAID,CARD,TX-QV64OF7MQDGP
7514,261,629,2,1,661,56991.0,PAID,CASH,TX-SJ4TKWOYUB5T
7515,315,295,1,,1397,44760.0,PAID,GATEWAY,TX-6W9E9LAY0PQI
7516,366,1148,2,2,2429,36300.0,PAID,CARD,TX-XCLLZ9SHG88J
7517,379,248,1,,584,18142.5,PAID,CARD,TX-A2SEHJEFNOKH
7518,243,377,1,,211,28788.0,PAID,GATEWAY,TX-5PA12R4KOAH0
7519,26,1008,1,,,49905.0,PAID,GATEWAY,TX-7T64PHKTC17P
7520,344,978,1,,2318,40404.0,PAID,GATEWAY,TX-AGA82XJG28Y2
7521,79,1154,1,,960,49005.0,PAID,CARD,TX-T8OLQ9BWS0EC
7522,281,1168,1,,310,40704.0,PAID,CARD,TX-03SNSF8H15C2
7523,225,1178,2,1,1697,43560.0,REFUNDED,CASH,TX-YANQMYQAIVSL
7524,252,344,1,,2813,42631.53,PAID,GATEWAY,TX-MCIB3IY6DUNZ
7525,273,986,2,1,2184,140780.48,PAID,TRANSFER,TX-C8QTFXOUIBZE
7526,244,884,1,,1045,42582.0,PAID,GATEWAY,TX-AYS0869T9IK4
7527,150,1046,1,,1340,48716.7,PAID,CARD,TX-JTYAR57NGC37
7528,619,244,1,,519,49005.0,PAID,CARD,TX-AKREDVMEPI6K
7529,495,1246,1,,1335,16020.0,PAID,CARD,TX-9WR44G9ROXDW
7530,571,873,2,4,1290,45738.0,PAID,TRANSFER,TX-G78W8U9TTP2P
7531,84,988,1,,2253,103266.0,PAID,GATEWAY,TX-1I79UBMGD1EI
7532,420,597,2,2,1541,27588.0,PAID,CARD,TX-KO9Q4BQ2X4LH
7533,21,1432,1,,1826,44278.5,REFUNDED,CARD,TX-FUHB3NJ272OE
7534,,833,1,,2336,54805.5,PENDING,GATEWAY,
7535,174,148,1,,2180,50205.0,PAID,GATEWAY,TX-WMK1PUHID988
7536,507,570,1,,991,29359.2,PAID,GATEWAY,TX-SLRHX7GXSU9L
7537,238,1102,2,2,,32670.0,PAID,CASH,TX-6E9RWP023MO6
7538,264,788,1,,2394,68495.28,PAID,CARD,TX-SX6W4Q5FYCY2
7539,518,252,1,,1285,32236.5,PAID,GATEWAY,TX-NKM6LNU8DOO2
7540,141,1442,2,3,2855,41817.6,PAID,CARD,TX-OW4H7YPJ0W99
7541,85,483,2,1,2166,17787.0,PAID,CASH,TX-ZYN02KLTA0D8
7542,,946,2,4,1282,71783.25,FAILED,CARD,
7543,404,603,1,,1138,16335.0,PAID,GATEWAY,TX-1050UBP2ZZYB
7544,244,1410,1,,2568,13794.0,PAID,GATEWAY,TX-MUYI3LOEG94E
7545,39,857,2,1,1455,13068.0,PAID,CARD,TX-AQWOPRTI84G1
7546,475,1080,2,1,3126,56900.25,PAID,TRANSFER,TX-H7LM4WS00AZD
7547,588,795,1,,1134,24722.4,PAID,GATEWAY,TX-D7GMJX9S3K2J
7548,509,926,2,1,535,27588.0,PAID,CARD,TX-5LQIX6RVFC2W
7549,167,911,2,1,2105,28459.2,PAID,CARD,TX-LQUAGX3EJA6G
7550,264,435,1,,789,30240.0,PAID,GATEWAY,TX-9ICECRTZDKTA
7551,3,597,1,,1932,17152.56,PAID,CARD,TX-DDMVCO0OXZQC
7552,,817,1,,2538,14483.7,FAILED,GATEWAY,
7553,135,815,1,,268,46023.24,PAID,GATEWAY,TX-34A9SIM4BBTP
7554,71,304,1,,1179,26136.0,PAID,GATEWAY,TX-UHNRVZQKFDQ9
7555,520,529,1,,880,26029.2,PAID,CARD,TX-NVRGO8X1452Q
7556,551,832,2,4,973,17787.0,PAID,CARD,TX-5AOJ7B2FE0SZ
7557,,1235,1,,540,40104.0,FAILED,CARD,
7558,149,614,2,1,2918,43560.0,PAID,CARD,TX-36AJ6Z93VQNR
7559,26,951,2,3,2922,15652.56,PAID,CASH,TX-XHN8PZ5IZWLN
7560,276,1156,1,,2465,61158.0,PAID,GATEWAY,TX-MJ3H3WV4OIQP
7561,,689,2,4,2306,41382.0,FAILED,CASH,
7562,314,1482,1,,1202,35385.0,PAID,GATEWAY,TX-GQ5G7MMOG5TX
7563,32,243,2,1,770,92565.0,PAID,CARD,TX-AO2KQLZX9GWL
7564,381,547,1,,,36474.0,PAID,CARD,TX-LEKNFHREVBWJ
7565,103,292,1,,1318,31246.8,PAID,GATEWAY,TX-GF9OPITG37OI
7566,532,1145,2,3,,39131.4,PAID,CARD,TX-FEGMCWPI4EIL
7567,299,87,1,,1611,75968.4,PAID,CARD,TX-UKQEAUOVOFBL
7568,191,1046,2,4,2296,56900.25,PAID,CARD,TX-DWDREKVAMBBX
7569,58,1071,1,,2436,70070.7,PAID,CARD,TX-X43L8HCQQ5PS
7570,11,758,2,4,907,56029.05,PAID,CASH,TX-THV2E2IP9Y5V
7571,628,149,2,4,1679,65340.0,PAID,CASH,TX-FL5C7U676ROB
7572,,809,1,,3003,44624.4,FAILED,GATEWAY,
7573,182,45,2,4,1916,42688.8,PAID,CASH,TX-03EUHYECMYJR
7574,554,423,1,,,52272.0,PAID,GATEWAY,TX-K3ZE4CFJL8V9
7575,261,1222,2,4,2734,32670.0,PAID,CASH,TX-VAMQJWSUVG0S
7576,33,47,1,,2418,88746.0,PAID,GATEWAY,TX-G2K6C28UROWR
7577,199,699,1,,308,32670.0,PAID,CARD,TX-2C6SMIEX1Z6D
7578,210,552,1,,537,52501.5,PAID,CARD,TX-2C4L8DSXNMRN
7579,475,1202,2,2,,47916.0,PAID,CASH,TX-98A5K6KDJED9
7580,469,1365,1,,14,54861.0,PAID,CARD,TX-1OBGY5KL9B5O
7581,,409,2,1,2398,51727.5,FAILED,CARD,
7582,169,524,2,4,1212,41382.0,PAID,CASH,TX-WUZ97W2IKAQH
7583,469,949,2,4,783,62690.1,REFUNDED,CASH,TX-4WFSFE1C9XKV
7584,256,492,1,,2781,58708.8,PAID,GATEWAY,TX-L3PS4IGS19KA
7585,,1002,1,,173,25729.2,PENDING,CARD,
7586,528,976,2,4,259,49005.0,PAID,TRANSFER,TX-FR9RGEWB126R
7587,542,348,2,4,2534,15246.0,PAID,CASH,TX-BNDDD1KJ3X8V
7588,396,66,2,2,3031,29040.0,PAID,CASH,TX-6DK7ZKADUJDY
7589,101,968,2,3,318,54856.56,PAID,TRANSFER,TX-1IQYIWU9L67P
7590,219,996,1,,2343,16141.08,PAID,CARD,TX-463KJF6SELFT
7591,604,66,2,3,906,27442.8,PAID,CASH,TX-L1Y66NKFNF00
7592,541,1048,1,,2775,96336.33,PAID,CARD,TX-M8RMPMVQNYXE
7593,278,820,1,,,37800.0,PAID,GATEWAY,TX-8R8IX8X5K7L9
7594,274,152,2,1,2986,41382.0,PAID,CARD,TX-8M84V46KIPJR
7595,51,1431,1,,2767,16141.08,PAID,GATEWAY,TX-T96115VF92EI
7596,575,1031,1,,287,42282.0,PAID,GATEWAY,TX-E85QJMM4ZO0X
7597,147,1237,1,,1423,55350.0,PAID,GATEWAY,TX-WOAW1HSNJQ48
7598,222,874,2,1,1499,53361.0,PAID,TRANSFER,TX-ESTFOQUIK7DP
7599,444,59,1,,1890,67568.58,PAID,GATEWAY,TX-8OL0XBRLI5RU
7600,619,1243,2,4,2100,71148.0,PAID,CASH,TX-GUIUOOY781HX
7601,430,921,2,4,732,87301.5,PAID,CASH,TX-ZY0ZT814JR7V
7602,421,1000,2,2,844,41382.0,PAID,CARD,TX-6FW1WQKK6KOB
7603,92,484,1,,2313,34657.18,PAID,CARD,TX-UIPDUTUGE6KG
7604,,134,1,,1815,17172.0,FAILED,CARD,
7605,,1083,1,,2737,18687.0,FAILED,GATEWAY,
7606,385,540,2,4,2915,74778.0,PAID,CASH,TX-G12DEIQVEI89
7607,315,976,2,3,1270,49005.0,PAID,CARD,TX-BOO7NO8F1TVF
7608,360,926,1,,,29659.2,PAID,GATEWAY,TX-RJ07FPSX3YYG
7609,402,881,1,,2061,35503.5,PAID,CARD,TX-K789X6SMA0UO
7610,,1388,1,,812,27036.0,FAILED,CARD,
7611,384,121,2,4,335,39930.0,PAID,CARD,TX-IHU5PV3SW3N2
7612,85,1117,2,1,565,46554.75,PAID,CARD,TX-76XBJ87MTCFV
7613,479,182,2,3,1560,15246.0,PAID,CASH,TX-6ENZ3KUT7UBB
7614,,1156,1,,35,132606.0,FAILED,GATEWAY,
7615,340,1075,1,,2790,103483.8,PAID,CARD,TX-NHI74WJE9ZZE
7616,541,1155,2,1,1587,26136.0,REFUNDED,TRANSFER,TX-S2ZTK99H0F03
7617,375,1393,1,,1762,75141.0,PAID,CARD,TX-4RJNNW6SFPA6
7618,246,657,2,4,2152,25613.28,PAID,TRANSFER,TX-O1ZIZX4E0K17
7619,445,857,1,,2736,53227.5,PAID,GATEWAY,TX-6TEAEU1FGPML
7620,232,92,1,,,48157.68,PAID,CARD,TX-OHUS9NSDEZP6
7621,255,217,1,,328,120009.9,PAID,GATEWAY,TX-RZH0O2CXRUVE
7622,208,452,2,1,1442,54450.0,PAID,CARD,TX-XYHE0BKCCP41
7623,281,77,1,,,34659.0,PAID,CARD,TX-3UOQGODWACON
7624,290,733,2,3,2497,17242.5,PAID,CARD,TX-WSQYV41ESPYP
7625,478,344,1,,1223,19057.5,PAID,GATEWAY,TX-COCY2ULKJKLJ
7626,501,425,1,,2229,15720.0,PAID,CARD,TX-ITOQIV5470VF
7627,23,1188,2,1,1177,72200.7,PAID,CASH,TX-BU0G04M6ALKQ
7628,161,226,1,,2836,47857.68,PAID,CARD,TX-UPQJV0OODERU
7629,413,585,2,1,3068,33091.08,REFUNDED,CARD,TX-8NBXCS7CY89S
7630,479,1392,1,,,64089.75,PAID,CARD,TX-K5LUD2CLD62P
7631,420,838,1,,431,55350.0,PAID,GATEWAY,TX-W4RFBPKGAQLV
7632,210,616,1,,543,99781.2,PAID,CARD,TX-6WB1WYC1AKN3
7633,,662,2,2,2122,86684.4,FAILED,CASH,
7634,500,411,1,,1582,73228.8,PAID,GATEWAY,TX-984ZTXFCKNGD
7635,227,3,1,,616,15429.6,PAID,CARD,TX-ZN2FX8N47Y43
7636,186,1136,2,2,2622,43451.1,PAID,CARD,TX-DXGE0QY9DLGL
7637,76,354,2,3,1826,14229.6,PAID,CARD,TX-IAELXEZ3HME7
7638,471,1289,2,2,2922,74197.2,PAID,CASH,TX-5T3Z70N6LCFU
7639,260,941,2,1,1753,48024.9,PAID,CASH,TX-V4P2N3TDZ5MU
7640,596,334,1,,2247,35122.35,PAID,CARD,TX-GXPQFNKDM6W4
7641,316,854,2,2,2678,42688.8,PAID,CARD,TX-JSFNNCL5IXNT
7642,636,1337,2,1,1048,18150.0,PAID,CARD,TX-DTGH4H9LFZ13
7643,41,720,1,,2165,29359.2,REFUNDED,GATEWAY,TX-B0P9IKYBO31X
7644,123,822,1,,255,16673.4,REFUNDED,CARD,TX-4O1TB4N5B3XW
7645,389,226,1,,976,28488.0,PAID,CARD,TX-QO15JREPP80D
7646,,1224,2,1,,31944.0,FAILED,CASH,
7647,635,3,1,,2922,33570.0,PAID,CARD,TX-LRHI5JA4M899
7648,238,1395,1,,237,42582.0,PAID,CARD,TX-CFI350YEUNHU
7649,472,1179,2,4,1824,29882.16,PAID,CARD,TX-YSP40N9Z97YN
7650,180,883,2,2,1283,90114.75,PAID,CASH,TX-HPQ1KEXEBL74
7651,369,690,2,4,2202,51727.5,PAID,CARD,TX-QUR0I53ZPUV7
7652,573,132,2,3,2451,27588.0,PAID,CASH,TX-JELNSMBFPG1C
7653,,303,1,,,47454.75,FAILED,CARD,
7654,362,1444,1,,2962,30240.0,PAID,GATEWAY,TX-4X6JWH0VUXZ0
7655,179,753,1,,328,59669.7,PAID,CARD,TX-NUXWAI20AVU0
7656,41,1066,1,,1038,27036.0,PAID,CARD,TX-9VT3Q5J6MXG0
7657,517,359,2,4,2271,43560.0,PAID,CASH,TX-AEUD25SUC0W9
7658,264,120,2,2,1935,16335.0,PAID,TRANSFER,TX-BQ3E3VRPUJHW
7659,549,221,2,2,,70785.0,PAID,CARD,TX-6EHGYP47Z2BT
7660,493,814,2,3,1388,39204.0,PAID,CASH,TX-4VCV8O813BGK
7661,,926,1,,2126,66711.9,FAILED,GATEWAY,
7662,237,98,1,,804,14268.0,PAID,CARD,TX-4YLZG20FON8H
7663,,1296,1,,88,33570.0,FAILED,CARD,
7664,,193,1,,,40075.2,FAILED,GATEWAY,
7665,478,628,1,,,63908.25,PAID,GATEWAY,TX-BPQCY3QNWXHB
7666,636,536,2,3,521,13794.0,REFUNDED,CARD,TX-EGBIY75GCA5R
7667,386,1233,2,3,2183,15518.25,PAID,CARD,TX-GJS66QZH2D19
7668,474,1465,2,4,1991,95287.5,PAID,CASH,TX-X4C2T1KBBR91
7669,139,946,2,3,474,26136.0,REFUNDED,CASH,TX-0MQIB5LH0CLT
7670,230,890,1,,795,98692.2,PAID,GATEWAY,TX-YIHS8PNDQFNY
7671,179,1477,2,1,1807,42688.8,PAID,CARD,TX-LJ7RQ6RQ5OJU
7672,467,137,2,4,1330,72570.96,PAID,CARD,TX-FBKTAS2W1HR1
7673,610,1254,2,3,1556,49005.0,PAID,CASH,TX-8UBZZM8NEPLV
7674,468,763,2,2,2310,29882.16,PAID,CASH,TX-GOO56E54WE62
7675,369,974,1,,257,18442.5,PAID,CARD,TX-JLRAF780UKTW
7676,551,1208,1,,1899,30240.0,PAID,CARD,TX-HYNJMWZJ4UOM
7677,327,405,2,4,1226,63416.1,PAID,CASH,TX-L9CKIH38Z38Z
7678,86,1466,1,,2698,15294.0,PAID,CARD,TX-A7U92RF0XV6G
7679,243,1440,2,4,1592,42688.8,PAID,CASH,TX-TWCCTUI8PN4N
7680,323,686,1,,233,95882.58,PAID,CARD,TX-VC9HIX9WKSGV
7681,75,1238,1,,1400,43269.6,REFUNDED,GATEWAY,TX-52H6RGSVMJ3S
7682,95,74,2,4,1022,17151.75,PAID,CARD,TX-LFMBN8C1XJ6B
7683,480,218,1,,1907,82766.1,PAID,GATEWAY,TX-0GC631OMC2YB
7684,354,421,1,,1707,28488.0,PAID,CARD,TX-1G6ATVS8KQX0
7685,231,203,2,4,3143,26136.0,PAID,CARD,TX-JGRQUJIYD8GN
7686,82,825,1,,2744,14994.0,PAID,GATEWAY,TX-NB4KAVL35XJP
7687,190,1356,1,,2051,42582.0,PAID,CARD,TX-VTOCDDH2ZU37
7688,610,793,2,2,3151,29403.0,PAID,CARD,TX-0MMY630VXHE8
7689,516,648,2,1,236,14520.0,PAID,CARD,TX-3CYSJJCMVTQS
7690,,1377,2,3,1910,27588.0,FAILED,CARD,
7691,512,336,2,1,3178,36300.0,PAID,TRANSFER,TX-N7H51877PWV0
7692,448,409,1,,2765,88864.5,PAID,GATEWAY,TX-1H4HLW7SDIP3
7693,169,143,2,2,2268,70240.5,PAID,CASH,TX-55DANZKJSS5Y
7694,372,1389,1,,336,29940.0,PAID,CARD,TX-IVD0U1FJ4HUB
7695,,1333,1,,1699,42582.0,FAILED,CARD,
7696,336,1380,1,,2017,137346.78,PAID,CARD,TX-BKYBG28NRRT8
7697,299,1316,2,4,412,30038.25,PAID,TRANSFER,TX-N4PTDIGL1XAS
7698,214,614,2,2,2942,24829.2,PAID,CARD,TX-UG6DVGKID5EL
7699,129,1451,2,2,301,27588.0,PAID,CASH,TX-QRHJX2J8WNOZ
7700,608,255,1,,575,40104.0,PAID,GATEWAY,TX-U3WJJ0TTKB34
7701,,761,1,,2682,28451.7,PENDING,CARD,
7702,618,396,2,1,372,26136.0,PAID,CASH,TX-6FV7ZLF4D5ZT
7703,634,1199,2,4,1476,17242.5,PAID,TRANSFER,TX-JH5YQOS8XRC3
7704,297,153,1,,2085,16020.0,PAID,GATEWAY,TX-IV1R1OZZCPZR
7705,290,1269,2,1,876,62073.0,PAID,CASH,TX-1X8SVRHEEE7B
7706,610,1038,2,2,3186,46957.68,PAID,CASH,TX-90VBH7YDKQOU
7707,619,359,1,,1093,35022.0,PAID,CARD,TX-2MC6IV30PUMD
7708,559,632,1,,3117,17242.5,PAID,GATEWAY,TX-EH1IGZOUZFVQ
7709,419,1302,2,3,567,53361.0,PAID,CARD,TX-RAGGR3TCNZFU
7710,490,1327,1,,1155,18987.0,PAID,CARD,TX-T5N6WITABLJ2
7711,616,212,1,,1253,28642.8,PAID,GATEWAY,TX-5A2OJRZ7QLG9
7712,191,69,1,,2193,36774.0,PAID,CARD,TX-WXJQW0MP1SWD
7713,192,1449,1,,1451,29088.0,PAID,GATEWAY,TX-MBX5I388QW3G
7714,159,250,2,2,736,31944.0,PAID,CASH,TX-A5E3AL7IMU13
7715,277,717,1,,1941,30467.4,PAID,CARD,TX-VZX47V579Z50
7716,420,466,2,4,2975,69696.0,PAID,CARD,TX-2Z56AQEB7RJ0
7717,99,217,1,,330,37200.0,PAID,GATEWAY,TX-CLP15MM96SC3
7718,601,214,2,3,765,32670.0,PAID,TRANSFER,TX-CSAVGQHZ6ZX8
7719,497,1334,1,,2964,120745.5,PAID,GATEWAY,TX-GWRZJBM9VJN1
7720,,782,2,3,1216,27442.8,FAILED,CARD,
7721,194,801,1,,151,27336.0,PAID,CARD,TX-FV9BTKQM271C
7722,344,415,1,,,37500.0,PAID,CARD,TX-78OQKA5QC7GG
7723,558,6,2,3,301,35574.0,PAID,CASH,TX-5MGFXCT6OQJS
7724,168,1021,1,,1243,77173.8,PAID,CARD,TX-AHJDYX5QF5G1
7725,173,1440,1,,,13794.0,PAID,CARD,TX-7BCSAYIT30L0
7726,81,1318,2,2,1360,56900.25,REFUNDED,TRANSFER,TX-BK2JVWW81MDG
7727,447,43,2,4,1035,86466.6,PAID,CARD,TX-XPX6YFZBVU74
7728,469,710,2,2,3,41382.0,PAID,TRANSFER,TX-EXIU2ER6J8XS
7729,300,344,2,4,2687,88354.2,PAID,CARD,TX-3LSD55WAVD75
7730,209,1440,1,,1088,27588.0,PAID,CARD,TX-FYLDMJDS90NW
7731,404,1420,1,,234,39204.0,PAID,GATEWAY,TX-2AWEUKFSVXAV
7732,380,1470,2,4,,32851.5,PAID,CASH,TX-HJD1TMJ4R38O
7733,,47,2,4,2228,79308.24,PENDING,CARD,
7734,627,189,2,2,2486,36300.0,PAID,TRANSFER,TX-TRXTG2BCTK53
7735,97,1312,1,,2010,29959.2,PAID,CARD,TX-J3EA9NW7564E
7736,456,594,1,,,101388.0,PAID,CARD,TX-TAKYAW9PEAY1
7737,317,543,1,,,54861.0,PAID,CARD,TX-DBF82RKUVDPW
7738,197,686,1,,1907,55650.0,PAID,GATEWAY,TX-31DJ2TGCUGPN
7739,157,106,2,4,2889,83954.64,PAID,CARD,TX-4WWJDBVRN682
7740,14,1416,2,2,1100,137032.5,PAID,CASH,TX-P0RPRQCLDCBJ
7741,416,716,1,,2117,81786.0,PAID,CARD,TX-UDUX4CII9ONP
7742,307,707,1,,2226,44723.7,PAID,GATEWAY,TX-EH244WUWTGB4
7743,391,367,1,,2637,55513.88,PAID,CARD,TX-875FWERFGFRV
7744,273,1483,2,4,,90147.42,PAID,CARD,TX-IH5SQX4TFVIM
7745,196,216,1,,804,36774.0,PAID,GATEWAY,TX-HFVC205IJU24
7746,61,664,2,1,,44104.5,PAID,CARD,TX-GFQZ2JPSRNIK
7747,60,27,1,,1061,101932.5,PAID,CARD,TX-DIJT8YNFOT90
7748,456,569,2,1,3135,81820.2,PAID,CASH,TX-FUQT6R4SGVMY
7749,229,185,1,,1902,15972.0,PAID,CARD,TX-TR8XF2LCGFGL
7750,14,580,1,,216,97395.0,PAID,CARD,TX-H9239U4VFTXN
7751,618,1428,2,4,19,49005.0,PAID,CASH,TX-ZBUKPI6T7XNB
7752,260,930,1,,1135,44460.0,PAID,GATEWAY,TX-SBA6IHW342S7
7753,300,1242,1,,2817,46554.75,PAID,GATEWAY,TX-2J640MPOXO26
7754,,580,1,,130,37800.0,FAILED,CARD,
7755,177,194,1,,1111,33570.0,PAID,CARD,TX-8GNJJSJEFKQ8
7756,,794,1,,2457,32072.62,FAILED,CARD,
7757,,1378,1,,586,44460.0,FAILED,GATEWAY,
7758,201,189,2,1,1376,50003.25,PAID,CASH,TX-0TLH5B10J5TZ
7759,424,567,1,,1976,32205.12,PAID,CARD,TX-0EWGDFIIXGYI
7760,41,1021,2,2,1363,23522.4,PAID,CARD,TX-2E3NSJ6S015J
7761,305,1289,2,2,2882,46957.68,PAID,CARD,TX-57Q6M71TN0N8
7762,51,272,1,,,32844.0,PAID,GATEWAY,TX-OBGO7RV29CBT
7763,500,1338,1,,1944,42282.0,PAID,GATEWAY,TX-J0T0LWI9XYER
7764,384,719,2,4,197,14520.0,PAID,CASH,TX-YV3PM7X7ZA6C
7765,134,1162,2,2,609,44823.24,PAID,CASH,TX-I0N5787T0AUY
7766,,507,1,,,27336.0,PENDING,GATEWAY,
7767,204,1391,2,1,1363,63499.59,PAID,CASH,TX-SBWH3LCSU8JX
7768,475,252,2,1,931,43560.0,PAID,CARD,TX-VGCT46Z6GJGD
7769,187,370,1,,2635,28488.0,PAID,GATEWAY,TX-FVCZ7FTWX9NY
7770,638,658,2,3,1705,28459.2,PAID,CASH,TX-N0Y4Y3IFXDQM
7771,353,929,2,4,2722,76375.2,PAID,TRANSFER,TX-0LTSTSP2F54I
7772,146,449,1,,1836,66186.6,PAID,CARD,TX-D7A09AE7011G
7773,221,447,1,,,47857.68,PAID,GATEWAY,TX-1AQJG0NFGFAJ
7774,616,863,1,,,13968.0,PAID,GATEWAY,TX-U1YR91462HWB
7775,,1276,2,3,442,43451.1,FAILED,CARD,
7776,457,1367,1,,3055,29649.6,PAID,GATEWAY,TX-A2I3FUYSY7ZN
7777,378,209,1,,1169,17242.5,PAID,GATEWAY,TX-6LZMO4HOET5O
7778,629,737,2,1,2068,14229.6,PAID,TRANSFER,TX-5JYUVXRBEI6V
7779,296,309,2,2,1728,35574.0,PAID,CASH,TX-AX1YOVYJB0WV
7780,,1050,1,,1252,12961.2,FAILED,GATEWAY,
7781,40,115,1,,2820,36837.0,PAID,GATEWAY,TX-GSO68HAU96WI
7782,626,549,2,3,933,34303.5,PAID,CASH,TX-HSVGCSS2MBVM
7783,522,840,1,,1349,61603.2,PAID,CARD,TX-VDC43A7LOBAC
7784,225,616,2,4,996,72418.5,PAID,CARD,TX-7827KICS5UA8
7785,,885,1,,,33870.0,FAILED,GATEWAY,
7786,434,659,2,4,1374,27588.0,REFUNDED,CASH,TX-HZ6AALMLP1ME
7787,422,592,2,4,,27515.4,PAID,CARD,TX-KXD5VTL9XVRU
7788,294,205,1,,1778,83855.1,PAID,CARD,TX-H0ZAMH3CGT13
7789,158,512,1,,2265,31936.5,PAID,CARD,TX-PCOSDTNP9BGI
7790,107,174,1,,266,16020.0,PAID,CARD,TX-7Z0QCNS5AQ79
7791,228,1484,1,,2892,38115.0,PAID,CARD,TX-27ZYK2Y02DVH
7792,238,1340,1,,,43888.8,PAID,CARD,TX-GYPBLV1QET6W
7793,468,794,2,3,2903,12414.6,PAID,CASH,TX-F59N0AH21OPS
7794,170,521,1,,1020,12661.2,PAID,GATEWAY,TX-7JV2D9IIF1N0
7795,,1,1,,2821,17535.0,FAILED,GATEWAY,
7796,421,1394,1,,1886,16141.08,PAID,CARD,TX-CFJTQSDHR74K
7797,579,521,2,4,1473,51727.5,PAID,TRANSFER,TX-YA6JEIK4I2VO
7798,197,900,1,,1919,49005.0,PAID,GATEWAY,TX-CILIZ14JVE3M
7799,321,714,1,,1945,14994.0,PAID,CARD,TX-YZ6NXIVUNWWF
7800,20,822,1,,791,55350.0,PAID,CARD,TX-QROBGEAMNYCX
7801,129,42,2,2,3060,16335.0,PAID,TRANSFER,TX-RKIY2OP677WN
7802,444,261,1,,,34777.5,PAID,GATEWAY,TX-CNCY9LHKTEY1
7803,581,756,1,,293,61966.2,PAID,CARD,TX-WLCKYHA5IJVD
7804,222,866,2,1,2081,41164.2,PAID,CASH,TX-2E5MUBYSQGOQ
7805,7,817,2,3,429,54072.48,PAID,TRANSFER,TX-KBB7UI6P1M7C
7806,184,475,1,,1399,43981.08,PAID,CARD,TX-ETUVY26JHG0B
7807,89,803,1,,2324,39619.92,PAID,CARD,TX-NMX2KM3K1GQE
7808,481,28,2,3,327,41382.0,PAID,CASH,TX-KQXQ8FOCXBU4
7809,454,586,2,3,1001,36300.0,PAID,CASH,TX-L22U14R3RBF8
7810,483,1075,2,1,291,54313.88,PAID,CARD,TX-CNONFBHOSVW9
7811,622,441,1,,177,15420.0,PAID,GATEWAY,TX-HFAPIEA9E7MV
7812,594,1462,2,4,2500,47916.0,PAID,CASH,TX-N2O52N5ZS5XW
7813,577,320,2,2,250,49005.0,PAID,CARD,TX-TGPP34OFFVQ8
7814,53,866,2,4,661,84833.1,PAID,TRANSFER,TX-NUQBEVB7CQEP
7815,239,275,1,,1719,74826.0,PAID,GATEWAY,TX-XBYV24EIBNTX
7816,279,224,1,,1432,50505.0,PAID,CARD,TX-0G7ZP6U9V1QY
7817,38,1171,1,,1121,40104.0,PAID,GATEWAY,TX-LEHXO8FMQ0MW
7818,272,361,1,,235,55950.0,PAID,CARD,TX-CH6FNVZKD6QO
7819,,232,1,,2839,95783.28,FAILED,GATEWAY,
7820,16,508,1,,986,17208.3,PAID,GATEWAY,TX-RK5QRL7JG7BF
7821,313,1257,2,1,,32670.0,REFUNDED,TRANSFER,TX-5EBV6R26QS0B
7822,566,75,1,,2073,19057.5,PAID,GATEWAY,TX-E9QVZMIU86Z2
7823,234,1008,1,,924,40365.6,PAID,GATEWAY,TX-DCDIAEJMZ15K
7824,472,179,1,,2829,33570.0,PAID,GATEWAY,TX-QZZ1XO5LSX8N
7825,270,409,2,1,1345,26136.0,PAID,CASH,TX-SS7WVNXNRXQO
7826,250,437,1,,189,55650.0,PAID,GATEWAY,TX-8XA1EATSCU13
7827,235,1339,2,2,,13068.0,PAID,CARD,TX-E1TEQNO2CU7Y
7828,,700,1,,2417,27588.0,FAILED,CARD,
7829,275,939,1,,2034,31718.7,PAID,CARD,TX-41XUPMKV8RVF
7830,15,1398,2,1,166,15173.4,PAID,CARD,TX-AQXPZLEYVYQ0
7831,283,1210,1,,1138,47373.6,PAID,GATEWAY,TX-RBYHL63414CZ
7832,144,888,2,3,1699,17242.5,PAID,CARD,TX-4D9MI5DL8B26
7833,488,549,1,,,94037.25,PAID,CARD,TX-08T9U50B6EZA
7834,124,651,2,3,675,13794.0,PAID,CASH,TX-DR3FCO68W093
7835,319,41,2,4,2249,43124.4,PAID,CARD,TX-L264EM1OVLIN
7836,374,1439,2,1,2569,36300.0,PAID,CARD,TX-RKWKJ6WR9YSI
7837,614,885,1,,1619,15173.4,PAID,CARD,TX-ATUSAMHPBYFE
7838,619,728,2,1,2912,17242.5,PAID,CARD,TX-MOSLU65MWXES
7839,343,515,1,,578,28488.0,PAID,CARD,TX-HDNYEWAB4NXV
7840,,494,1,,,18142.5,FAILED,CARD,
7841,573,619,1,,561,80987.4,PAID,GATEWAY,TX-FWEO1P6CAQ0X
7842,,600,1,,554,13794.0,FAILED,CARD,
7843,606,1315,1,,3127,69153.6,PAID,GATEWAY,TX-U7XE3OC2ZYZP
7844,265,1033,1,,1606,14268.0,PAID,GATEWAY,TX-K9H4Q13N2GU4
7845,23,151,2,4,2931,35574.0,PAID,CASH,TX-TNE7S102RQQ5
7846,463,847,1,,1656,62882.25,REFUNDED,CARD,TX-7IP0XEY4QI6K
7847,180,1169,1,,802,33870.0,PAID,CARD,TX-W3TPGZ6SH8GY
7848,75,704,1,,428,63936.0,PAID,CARD,TX-XB45BM0RZWZD
7849,54,1074,2,1,2293,14520.0,PAID,CASH,TX-WEI5215R0GW0
7850,61,877,1,,2519,43888.8,REFUNDED,CARD,TX-GWEE4VW0CUWY
7851,459,1271,1,,1357,51548.1,PAID,GATEWAY,TX-0W4GJ4GGESLV
7852,575,786,1,,1188,18987.0,PAID,CARD,TX-D33HGNHBOWFZ
7853,23,1454,1,,2001,37800.0,PAID,CARD,TX-2ZD08IZXO9HK
7854,,732,2,2,2844,32670.0,FAILED,CASH,
7855,,482,1,,1673,17787.0,PENDING,GATEWAY,
7856,372,74,1,,530,42582.0,PAID,GATEWAY,TX-T6KIJN9JWKNQ
7857,637,1238,1,,,45060.0,REFUNDED,GATEWAY,TX-WYLV6R2LZD6U
7858,186,232,1,,2229,29940.0,PAID,GATEWAY,TX-7WM2VFLH6B7C
7859,405,611,1,,2310,56376.0,REFUNDED,GATEWAY,TX-2V41JIGGMLHF
7860,539,1275,2,1,1603,73180.8,PAID,CASH,TX-49GNYN9FJFIZ
7861,149,1483,1,,1483,30240.0,PAID,CARD,TX-NFHPL5Y7EGZH
7862,330,571,1,,2162,35385.0,PAID,CARD,TX-RUYLQY69D4SZ
7863,397,1008,2,2,1285,45193.5,PAID,CASH,TX-NC5KA2GASE8O
7864,407,1048,1,,1218,43888.8,REFUNDED,CARD,TX-K5Q79FM1MIOS
7865,361,252,1,,1431,41382.0,PAID,CARD,TX-0ICV6OSEBP9E
7866,48,547,1,,1430,69480.3,PAID,CARD,TX-46VV466RJDXN
7867,,1038,2,1,1715,42688.8,FAILED,CASH,
7868,625,882,2,3,1437,41164.2,PAID,CARD,TX-T6BC7C9K4N0D
7869,590,261,1,,975,35985.0,PAID,GATEWAY,TX-M8Y0XA7GPW1Z
7870,597,770,1,,96,86955.12,REFUNDED,CARD,TX-WVJQHBMSPGH3
7871,516,95,2,3,1142,26281.2,PAID,CARD,TX-BDSTH50LGKZD
7872,158,1327,2,1,698,72854.1,PAID,CASH,TX-SDV7D2BL8IO8
7873,511,960,1,,2214,33870.0,PAID,CARD,TX-LT6TOX4V90AJ
7874,486,523,2,2,1263,51727.5,PAID,TRANSFER,TX-PUYFSV2VKSXJ
7875,16,1279,2,4,2921,35574.0,PAID,CARD,TX-WWMEVVGBZL46
7876,34,559,1,,,43098.75,PAID,CARD,TX-J6RZOM96DY4V
7877,530,124,2,3,3018,30564.6,PAID,CARD,TX-NZ19IQVMOPVG
7878,236,113,2,4,1534,41382.0,PAID,CARD,TX-W79F7S82QDI3
7879,604,1419,2,2,1015,50820.0,PAID,CARD,TX-DK3B06M5ZFGA
7880,58,1324,1,,1096,43888.8,PAID,CARD,TX-NBR3RQKUTVS8
7881,569,311,1,,133,18687.0,PAID,CARD,TX-PMDBMW7VWAW3
7882,573,1135,1,,1934,13968.0,PAID,CARD,TX-GKHXHVJX1QPC
7883,638,828,1,,1400,19168.5,PAID,GATEWAY,TX-1ZWQKUFBT5HG
7884,277,158,1,,1581,35985.0,PAID,CARD,TX-5ALXKQTOQ41C
7885,113,50,2,2,1424,53542.5,PAID,CARD,TX-T5HKET8CPSDX
7886,452,446,2,4,2943,28967.4,PAID,TRANSFER,TX-F3IK9Q10TD7O
7887,376,27,1,,2537,44460.0,PAID,CARD,TX-CR79EMZ6AGR6
7888,40,1158,1,,2692,36483.6,PAID,CARD,TX-ACLYE6O42YGI
7889,313,433,2,3,,67082.4,PAID,CARD,TX-N6F8UOTG0ZMP
7890,478,140,1,,430,14520.0,PAID,CARD,TX-E5509TWR741W
7891,610,609,2,2,981,18676.35,REFUNDED,CARD,TX-GKX68Q6M5HP0
7892,541,1361,1,,689,50205.0,PAID,GATEWAY,TX-OZVRNNNIFAKD
7893,396,1199,1,,780,13968.0,PAID,CARD,TX-TQ81F11BYUMN
7894,302,19,2,4,619,29403.0,PAID,CASH,TX-J68EJ16HB7F5
7895,48,981,2,4,728,90750.0,PAID,CASH,TX-APTB9IX4HXXS
7896,65,1353,1,,1298,14694.0,PAID,GATEWAY,TX-0IQLCQ39BFX2
7897,193,1091,1,,1295,15601.5,PAID,CARD,TX-6GSDNA2FW0S2
7898,455,284,1,,2219,63636.0,REFUNDED,GATEWAY,TX-Q30DOJIJYSRH
7899,515,31,1,,3190,69545.64,PAID,GATEWAY,TX-NMCWDL3VYMRZ
7900,219,1392,1,,770,19468.5,PAID,CARD,TX-FVQPQYD265WT
7901,428,601,2,3,2852,28967.4,PAID,CASH,TX-F5C1ZCXL5987
7902,550,721,2,4,,17242.5,REFUNDED,CASH,TX-LJEFILC47F39
7903,509,113,1,,2599,26136.0,PAID,CARD,TX-1DIELXGXX3B6
7904,334,740,2,1,1115,55176.0,PAID,CARD,TX-97CSMOSIYLWF
7905,258,868,1,,612,71331.6,PAID,CARD,TX-LSTJCJXC6JD0
7906,,1450,1,,1281,43888.8,FAILED,GATEWAY,
7907,494,1102,1,,2394,15173.4,PAID,GATEWAY,TX-D0MI76MP432H
7908,,735,2,2,2146,26136.0,PENDING,CASH,
7909,619,1373,2,3,630,46554.75,PAID,CARD,TX-XN07QIJZ79CU
7910,,88,1,,1773,30603.0,PENDING,CARD,
7911,444,427,2,2,1299,34485.0,PAID,TRANSFER,TX-W6SV4EX07JOP
7912,38,891,2,1,2339,13794.0,PAID,CASH,TX-W7UMRSR0ZN2Q
7913,414,254,1,,1330,17835.0,PAID,GATEWAY,TX-HDTEE721112S
7914,111,977,1,,206,43560.0,PAID,CARD,TX-FCHUAR0SJS8Q
7915,,409,1,,2586,42582.0,FAILED,CARD,
7916,211,1355,2,4,2009,25613.28,PAID,CASH,TX-9GF139JQVYNX
7917,199,813,1,,1678,39619.92,PAID,GATEWAY,TX-PI648J4AZCSH
7918,166,672,1,,1209,37074.0,PAID,CARD,TX-QGX8TS2W5NI7
7919,479,354,1,,2139,52170.12,PAID,GATEWAY,TX-HJAF0KJ4KCAP
7920,545,844,1,,3054,35685.0,PAID,CARD,TX-0GHRH9Q7P11A
7921,241,829,1,,,40404.0,PAID,CARD,TX-EU0YTBSIL2UK
7922,,568,1,,109,54561.0,FAILED,CARD,
7923,76,205,1,,2594,18687.0,PAID,GATEWAY,TX-B052ZM3ZV52S
7924,273,1445,2,4,252,35937.0,PAID,CARD,TX-SSLO2R4R9X0P
7925,318,402,2,2,1767,14520.0,PAID,TRANSFER,TX-X0MCDG3WOLUM
7926,34,1438,2,2,2494,57862.2,PAID,CARD,TX-1YSA9MMAFOJP
7927,39,1029,2,1,2626,67155.0,REFUNDED,CARD,TX-BKAPY4AXCJI5
7928,466,1235,1,,2167,79245.0,PAID,GATEWAY,TX-X0UBHUCIJU0R
7929,107,125,1,,2781,44760.0,PAID,CARD,TX-F9L3MSDPWGX6
7930,589,975,2,1,,81312.0,REFUNDED,TRANSFER,TX-ZL8KZNNPM1BD
7931,179,520,1,,791,18651.75,PAID,CARD,TX-YJFMO2NCHB8V
7932,115,1200,2,1,2690,58697.1,PAID,CASH,TX-LSXAA2OQPXX1
7933,296,168,2,1,2849,44104.5,REFUNDED,CARD,TX-YT5CV8JELE0P
7934,178,176,1,,1457,66114.0,PAID,CARD,TX-HZB6LSYGYD1I
7935,22,827,2,1,2439,52272.0,PAID,CARD,TX-UM9AQO4QVGO8
7936,110,1323,1,,1542,37243.8,PAID,CARD,TX-9HEDJY9QZYVJ
7937,19,486,1,,2793,54561.0,PAID,CARD,TX-Z3N3VRJ27ZZU
7938,91,158,2,1,1956,49005.0,PAID,CASH,TX-Q1HYUEFR85L2
7939,178,179,1,,1310,49905.0,PAID,GATEWAY,TX-4SVZMNFYZ1YN
7940,,637,1,,2898,54125.4,FAILED,CARD,
7941,292,7,2,2,2969,28967.4,PAID,CASH,TX-XXYUES4PG4N3
7942,170,89,2,3,628,42688.8,PAID,CASH,TX-R9DKRA3UC6OK
7943,136,967,2,2,,18150.0,PAID,CARD,TX-EGAARVFLHS1C
7944,40,1056,1,,240,101932.5,PAID,CARD,TX-0AIV4VNGACOJ
7945,39,77,2,3,2055,49005.0,PAID,CARD,TX-6VICB0L9Q42S
7946,120,957,1,,908,93356.1,PAID,CARD,TX-MQCWUS0M34N5
7947,405,544,1,,2087,42582.0,PAID,GATEWAY,TX-QFU4QC33Y7N8
7948,54,310,1,,528,47238.0,PAID,GATEWAY,TX-JQCN6F88ROVV
7949,296,1336,2,3,2883,95832.0,PAID,CASH,TX-7IHEEI09BL1W
7950,598,692,1,,1922,47857.68,PAID,CARD,TX-54BP90MAN9TN
7951,337,125,1,,820,44760.0,PAID,GATEWAY,TX-KLU2RYIALP29
7952,434,1319,1,,2351,13968.0,PAID,CARD,TX-WHPP3TZ478NT
7953,386,46,1,,469,20166.75,PAID,CARD,TX-J1LRTFJDZACH
7954,588,1053,2,1,1142,62073.0,PAID,CASH,TX-DPKH296J5P3M
7955,128,505,1,,619,14229.6,PAID,CARD,TX-8I23E9V9ULMN
7956,275,590,1,,3045,15383.7,PAID,CARD,TX-YZS2MEGG9YQ2
7957,144,740,1,,,33870.0,PAID,GATEWAY,TX-U5RHHD2EZGHQ
7958,621,1195,1,,3084,14268.0,REFUNDED,CARD,TX-BJUXIX7KJF7B
7959,149,514,2,4,350,28814.94,PAID,TRANSFER,TX-MLGLH5R8PEG1
7960,,612,2,1,1351,35574.0,FAILED,TRANSFER,
7961,538,45,1,,96,35385.0,PAID,GATEWAY,TX-SY6G5W4TLNWE
7962,216,545,2,3,1735,45520.2,PAID,CARD,TX-L7PV3KOC3WJ7
7963,247,538,2,3,,27588.0,PAID,TRANSFER,TX-WWFF9DQUC3QV
7964,107,329,1,,2842,16418.25,PAID,GATEWAY,TX-EE75RPZS2378
7965,639,406,2,2,163,19965.0,PAID,CASH,TX-JEQV8FYD7BOH
7966,296,965,1,,352,89835.0,PAID,GATEWAY,TX-T2TOTQ1IMGQP
7967,457,579,1,,3036,52927.5,PAID,CARD,TX-WWK1SMXBDCA2
7968,114,647,1,,1707,50205.0,PAID,CARD,TX-3K93EZ7SOED5
7969,490,821,2,1,1893,51727.5,PAID,TRANSFER,TX-URRESDH96PPR
7970,131,192,1,,31,27036.0,PAID,CARD,TX-KASVR0NPPP2N
7971,471,134,2,1,2566,27442.8,PAID,CARD,TX-IP7HG6G2CCJO
7972,278,640,2,2,554,13794.0,PAID,CASH,TX-Q2B1H9SCBAHT
7973,102,1420,1,,1321,55350.0,PAID,GATEWAY,TX-22NNNKW3KEGG
7974,311,675,1,,1063,50205.0,REFUNDED,GATEWAY,TX-98EID7NT3VZC
7975,9,556,1,,2378,28788.0,PAID,GATEWAY,TX-QPPGGPZ5BGBI
7976,100,930,1,,1589,18442.5,PAID,CARD,TX-DXPRM7JPAGV8
7977,,752,1,,,15972.0,FAILED,GATEWAY,
7978,475,343,2,2,623,15972.0,PAID,CASH,TX-6ORQ8M4JDG4A
7979,188,1098,2,2,,56918.4,PAID,CASH,TX-EQAG87EXJ0S4
7980,247,1188,2,3,1162,13794.0,PAID,CASH,TX-LJA2EKTS4LI5
7981,,540,1,,2683,35685.0,FAILED,CARD,
7982,353,1005,1,,1939,50729.25,PAID,CARD,TX-KH7DHUSPK01U
7983,199,27,1,,2542,27113.28,PAID,CARD,TX-REISLG04JIM8
7984,525,1437,1,,1881,40404.0,PAID,GATEWAY,TX-2UUJ1NKQ1KQD
7985,404,1268,2,2,1992,54958.2,PAID,CARD,TX-54M9Q1F5G1B6
7986,126,713,1,,1574,55650.0,PAID,GATEWAY,TX-99F8NX5MVO6C
7987,345,759,1,,204,17235.0,PAID,CARD,TX-4IOZVRMDFYHB
7988,259,396,1,,71,29940.0,PAID,CARD,TX-E35U6ICDLXJK
7989,133,827,2,2,212,16335.0,PAID,CARD,TX-QRPAHS905DBS
7990,266,1220,1,,39,55350.0,PAID,CARD,TX-CKWWHUWORESJ
7991,94,631,1,,2361,37800.0,PAID,GATEWAY,TX-C23M3JU9GCEV
7992,473,1163,1,,2770,77938.2,PAID,CARD,TX-MO7RVAMGTED0
7993,357,1057,1,,2569,17787.0,PAID,CARD,TX-VUG17PX2JKVQ
7994,622,1373,2,4,333,26136.0,PAID,CARD,TX-IXPRGUZYZYW7
7995,221,776,1,,194,26136.0,PAID,CARD,TX-VPBML4ASV1GH
7996,,459,2,2,432,65340.0,FAILED,TRANSFER,
7997,568,699,2,2,,37243.8,PAID,CASH,TX-XVR5C4FJPV5D
7998,370,67,1,,2243,14568.0,PAID,CARD,TX-MKFOUW7CDBAM
7999,620,516,2,2,1608,84579.0,PAID,CASH,TX-F8XJ4GO0KZYE
8000,305,9,2,3,2783,34485.0,PAID,CASH,TX-2JVB0A68EEKE
8001,320,1424,2,4,1759,35029.5,PAID,CARD,TX-LR8H7E7AWIMQ
8002,344,1019,1,,816,53724.0,PAID,CARD,TX-XW2Z4ZPM94RU
8003,532,1069,1,,2600,60572.28,PAID,CARD,TX-HTCGPZ609VOO
8004,99,1133,1,,1773,71874.0,PAID,GATEWAY,TX-9ISTGSP4HIVQ
8005,574,882,1,,658,55213.88,PAID,CARD,TX-MPYQCNPRFKPD
8006,565,677,2,1,1169,80586.0,PAID,CASH,TX-XT281WT9UM9T
8007,123,20,1,,1463,50086.5,PAID,CARD,TX-4NEQSWZVPO7F
8008,401,1151,1,,2476,28459.2,PAID,GATEWAY,TX-7RCDHXJOS76T
8009,594,293,2,3,904,53361.0,PAID,CASH,TX-93V0I3AHBW1M
8010,,1124,2,1,2270,43560.0,FAILED,CASH,
8011,627,340,1,,136,18051.75,PAID,CARD,TX-E5L5578GBVZS
8012,525,134,2,2,1601,17787.0,PAID,CARD,TX-Q8AS3PSE8695
8013,181,1315,1,,1616,17151.75,PAID,CARD,TX-KVMN9WY2DOQ9
8014,368,1189,1,,2843,54561.0,PAID,CARD,TX-MOYZ1WI2XNJ0
8015,547,368,1,,,13068.0,PAID,CARD,TX-PMSCXDAGIO0Z
8016,248,1251,2,2,1053,13068.0,PAID,CASH,TX-1NHRUKZGDANI
8017,21,1242,1,,1499,43453.2,PAID,CARD,TX-34BZU5GFEE2G
8018,575,987,1,,,55650.0,PAID,CARD,TX-BNZKSXKB8RF2
8019,,596,1,,1196,13614.6,FAILED,GATEWAY,
8020,249,973,2,3,349,54450.0,PAID,CASH,TX-I506SP5FN62B
8021,550,1210,1,,2986,40404.0,PAID,GATEWAY,TX-JOMSPA6NCPXL
8022,175,14,1,,1757,42364.2,PAID,CARD,TX-2PS5RES8GTKV
8023,159,409,1,,326,60369.0,PAID,GATEWAY,TX-FTUC5O90BC08
8024,316,616,1,,2170,12961.2,REFUNDED,GATEWAY,TX-CL90QY3FH33A
8025,441,233,2,2,1166,32488.5,PAID,CARD,TX-0CLJ8OPYJQI8
8026,548,835,1,,,64570.2,PAID,CARD,TX-F323747Z109P
8027,,90,1,,2613,118194.9,PENDING,CARD,
8028,299,791,1,,2310,55974.6,PAID,GATEWAY,TX-AD7DRHYKF8XB
8029,34,664,1,,2822,40404.0,PAID,CARD,TX-PCQWWZL0NGUA
8030,427,1473,2,1,78,29040.0,PAID,TRANSFER,TX-0FC5C1ML1XFK
8031,140,436,2,2,1120,44823.24,PAID,CASH,TX-NSZD62P074TB
8032,386,899,2,3,,28314.0,PAID,CASH,TX-ZVX2L00IS36S
8033,548,1202,1,,1638,95178.6,PAID,CARD,TX-XFNDT4TKIN1J
8034,139,800,2,3,3082,17242.5,PAID,CASH,TX-9T788XC2Z2RK
8035,266,303,2,3,2195,56628.0,PAID,CARD,TX-W231C3Z51XQR
8036,,401,2,1,670,19565.7,FAILED,CARD,
8037,493,107,1,,1919,37109.25,PAID,GATEWAY,TX-6T2YN8ETUJF8
8038,272,1092,2,2,539,53056.08,PAID,CARD,TX-T3OF4KJ49308
8039,,1387,2,2,292,16335.0,FAILED,CASH,
8040,500,427,1,,2258,93646.5,PAID,CARD,TX-JI7QHWWBBA6S
8041,262,963,2,2,2709,15652.56,PAID,TRANSFER,TX-ILRSS4Z0XQ57
8042,256,1471,2,1,1290,17787.0,PAID,CASH,TX-3S5K0EQXJKOT
8043,408,118,2,3,2419,14520.0,PAID,CARD,TX-1MV9EX1Y1DGK
8044,602,552,1,,2024,36774.0,PAID,GATEWAY,TX-JMMQCUVUTZO9
8045,,543,1,,2310,114519.0,FAILED,CARD,
8046,121,755,1,,737,40104.0,PAID,CARD,TX-BF6NRG30CH2G
8047,588,1410,1,,2216,53070.6,PAID,CARD,TX-NQIFVBAE81CS
8048,243,47,2,4,2690,58697.1,PAID,CASH,TX-1N3EXW9S52LG
8049,420,879,1,,2464,25729.2,PAID,CARD,TX-I5RK5F20WSV1
8050,314,724,2,4,506,61441.38,PAID,CARD,TX-KTQQSNNV6H6N
8051,553,1355,1,,,91504.8,PAID,CARD,TX-9QG5X1UWCV6H
8052,302,506,1,,1194,13968.0,PAID,GATEWAY,TX-06NSQLENCLUJ
8053,119,1329,1,,106,14268.0,PAID,GATEWAY,TX-MHZN6XMQSSV8
8054,,344,2,2,3157,36209.25,FAILED,CASH,
8055,328,241,1,,351,30240.0,PAID,CARD,TX-Y7U2FA2SIS7G
8056,338,406,2,2,3093,38419.92,PAID,CASH,TX-5EMS5TLEGY4M
8057,506,201,2,4,527,51727.5,PAID,CARD,TX-PCBSSDSP89HP
8058,176,1499,1,,1689,29359.2,PAID,CARD,TX-1QQBPSY0PRY7
8059,454,785,2,3,,27588.0,PAID,CARD,TX-AE6CA1OAOTIW
8060,,1493,2,4,1559,14229.6,FAILED,CASH,
8061,130,797,1,,692,57800.25,PAID,CARD,TX-KP0RF30SBVDW
8062,364,1008,1,,1372,28488.0,PAID,GATEWAY,TX-V3WWSFQJ0B0C
8063,470,1198,1,,2879,29040.0,REFUNDED,GATEWAY,TX-X599M0P0KP3U
8064,411,1258,1,,1262,24722.4,PAID,CARD,TX-6F5RL1IZY163
8065,65,68,2,2,700,41382.0,PAID,CARD,TX-020922M5EYXW
8066,382,788,1,,1554,40104.0,PAID,GATEWAY,TX-JU7KU9AGY2FS
8067,384,594,1,,,44760.0,PAID,CARD,TX-ZUSEWUJKA5XA
8068,2,1149,1,,3026,68490.6,PAID,GATEWAY,TX-8T8CVWCJJEVS
8069,484,97,1,,2772,16201.5,PAID,CARD,TX-L9RQ2WE1X2IW
8070,,1457,1,,2904,36774.0,FAILED,GATEWAY,
8071,162,630,1,,1619,43560.0,PAID,CARD,TX-MECCCSDIT5KF
8072,531,156,2,2,1197,14483.7,PAID,CARD,TX-HS8JGNBATROY
8073,373,528,1,,18,76486.2,PAID,CARD,TX-AQ438JZUUAVY
8074,640,1148,2,2,,29003.7,PAID,CASH,TX-ZWXOX6TNBJGE
8075,505,457,2,2,1275,27442.8,PAID,CARD,TX-3IC66BSH3NRY
8076,476,691,1,,42,58072.5,PAID,CARD,TX-VSY4817LHKN9
8077,221,1475,1,,,59098.5,PAID,GATEWAY,TX-KDO1IYK5UQMT
8078,527,377,1,,2564,37116.75,PAID,GATEWAY,TX-VHT5LYZB45ES
8079,211,656,1,,396,89409.0,PAID,CARD,TX-KIQU8L5NVM87
8080,177,475,1,,2707,27336.0,PAID,CARD,TX-NY79PL83HJ44
8081,179,488,1,,1589,30240.0,PAID,GATEWAY,TX-TRM1EENPAWFP
8082,612,279,2,4,3059,45738.0,PAID,CASH,TX-3FYK44BV44KM
8083,145,719,1,,1364,30467.4,PAID,CARD,TX-AYP0N4TYAFUU
8084,555,371,1,,2952,58372.5,PAID,CARD,TX-CEJBBQF75UM1
8085,337,728,2,4,2550,59023.8,PAID,CASH,TX-89JKQ0MYNJDB
8086,499,1413,1,,1448,95943.0,PAID,CARD,TX-A64I1BG49CG6
8087,377,996,1,,2474,13706.64,PAID,CARD,TX-XG8R6RI1KRJW
8088,631,992,1,,1983,52426.56,REFUNDED,GATEWAY,TX-KOYLCQHSULR2
8089,469,275,2,2,1124,98554.5,PAID,CASH,TX-D5L3IC9BC0RP
8090,609,1448,1,,2642,19287.0,PAID,CARD,TX-H7G5MBQL8NCW
8091,594,1277,1,,2570,36247.12,PAID,CARD,TX-L4E6IN2ZUBPU
8092,449,215,1,,,16373.4,REFUNDED,CARD,TX-1S6MBI6X7PA5
8093,240,274,1,,2994,54313.88,PAID,GATEWAY,TX-M44TZ6O71AD2
8094,29,174,2,2,2125,16335.0,PAID,CASH,TX-S94X6K4PBSGA
8095,325,251,2,1,,26136.0,PAID,CARD,TX-MB93J8EXPLEY
8096,479,386,1,,895,39315.0,PAID,GATEWAY,TX-XVSZ8TQQR6M4
8097,11,602,1,,120,32236.5,PAID,GATEWAY,TX-ET1RCQOZHV17
8098,17,884,1,,1618,55853.28,PAID,CARD,TX-2U2DCPUUT72U
8099,73,129,2,2,3096,71874.0,PAID,CARD,TX-3L4KJJ9VANPE
8100,38,871,2,3,1875,28459.2,PAID,CASH,TX-RYO6740ZS3KP
8101,121,888,2,1,,101857.8,REFUNDED,CASH,TX-Q5QBTG8TPQ1T
8102,488,64,2,4,1660,39204.0,PAID,CASH,TX-01EKSQLESH90
8103,598,474,1,,1847,29659.2,PAID,GATEWAY,TX-W5KRGY7MMSSI
8104,619,473,2,1,2526,27588.0,PAID,CASH,TX-HXRLKJT36Q2I
8105,27,3,1,,540,13614.6,PAID,GATEWAY,TX-RGKN5IQCE28E
8106,434,662,1,,419,14941.08,PAID,GATEWAY,TX-06AYINFWBRNK
8107,19,533,1,,,144511.88,PAID,CARD,TX-JHMI0N3R63L9
8108,347,951,1,,1222,42064.2,PAID,CARD,TX-3UUTZL6U6ALG
8109,293,431,2,3,1060,36300.0,PAID,CARD,TX-L52BJIL3FVKN
8110,202,124,2,1,1885,26136.0,PAID,CARD,TX-LNS01MRDCEKW
8111,,401,2,1,2183,14229.6,FAILED,CASH,
8112,495,177,2,1,284,105705.6,PAID,CASH,TX-6W2N70ULWFMZ
8113,607,2,2,3,1777,15972.0,PAID,CASH,TX-3S8YYTP6HVCK
8114,338,1368,2,2,2726,16335.0,PAID,CASH,TX-CET00VEXGHIF
8115,507,77,1,,1529,31392.0,PAID,CARD,TX-EXJUXXRICZ77
8116,636,1427,1,,1868,17535.0,PAID,CARD,TX-Q36ZAP8VLKT7
8117,552,1052,1,,1715,20557.5,REFUNDED,CARD,TX-PV5C9OX5RVDZ
8118,,394,1,,2097,27336.0,FAILED,CARD,
8119,408,1145,2,3,157,39204.0,PAID,CARD,TX-86Y723GPTBT5
8120,208,778,1,,1868,32505.12,PAID,GATEWAY,TX-25IGWQGCGTS5
8121,110,731,1,,1661,14921.4,PAID,GATEWAY,TX-ZDH996V1FDIT
8122,523,332,2,1,,46957.68,PAID,CARD,TX-6DGJOAL5V5LW
8123,538,1363,2,1,,41382.0,PAID,CARD,TX-EJRWD9GQQMTX
8124,388,1480,1,,880,14994.0,PAID,GATEWAY,TX-BQ5HES3IVY8D
8125,188,459,2,1,1490,16335.0,PAID,CARD,TX-J604512FC6N8
8126,83,16,1,,548,95287.5,PAID,CARD,TX-SBC1ZJZ22RDE
8127,326,1137,1,,2173,18351.75,PAID,GATEWAY,TX-C9NM5L0IOB24
8128,,1456,1,,275,54450.0,FAILED,CARD,
8129,430,1253,1,,1046,17787.0,PAID,GATEWAY,TX-HOVBZM8X0F49
8130,224,1296,2,2,829,15246.0,PAID,CASH,TX-Q5CMCP7U76CE
8131,348,475,2,2,1388,16008.3,PAID,CASH,TX-FQ1Z2D34RXUU
8132,58,436,1,,1269,14621.4,PAID,GATEWAY,TX-QGBUW6CO0SFF
8133,,1114,1,,1025,42582.0,FAILED,CARD,
8134,451,350,2,1,1693,43451.1,PAID,TRANSFER,TX-2BD0NWPFPKJI
8135,517,98,2,2,275,41382.0,PAID,CASH,TX-HF4GV9ZHOFMP
8136,,766,1,,2291,50205.0,PENDING,GATEWAY,
8137,161,112,2,2,,13794.0,PAID,TRANSFER,TX-GXNWPAA2XO6F
8138,298,387,1,,1813,14568.0,PAID,CARD,TX-FR4Z45FR0ZAV
8139,108,37,1,,1053,16020.0,PAID,CARD,TX-EPWX75E9FXZR
8140,235,354,1,,1883,16008.3,PAID,CARD,TX-N95PBKC3R4C8
8141,429,154,2,4,2199,17242.5,PAID,CASH,TX-YYNR66MCA3FT
8142,333,533,1,,533,46030.5,PAID,CARD,TX-3I1813OZQBJP
8143,,853,2,4,1789,47916.0,FAILED,CARD,
8144,116,410,2,2,1736,24829.2,PAID,CARD,TX-WSHI0PJPF6F6
8145,373,674,1,,1412,47700.3,PAID,CARD,TX-TSPQ6USQU3L3
8146,173,806,2,1,2087,51037.8,PAID,CARD,TX-7IWXEH0QMJCZ
8147,321,1003,2,1,202,44823.24,PAID,CARD,TX-OG8U2KER3VPY
8148,513,621,1,,2449,40704.0,PAID,GATEWAY,TX-D8J4SVK362PS
8149,190,951,2,3,1023,42688.8,PAID,CARD,TX-GVI52LA4V0KE
8150,246,34,2,3,1560,18966.75,PAID,CASH,TX-P3VPZYU0PSEX
8151,507,3,1,,3035,14483.7,PAID,CARD,TX-GGI6DWIAXN8V
8152,542,1086,1,,2998,49488.6,PAID,GATEWAY,TX-GE45Q0Q69T5U
8153,358,1081,1,,1105,17235.0,PAID,GATEWAY,TX-BHALS3RYBXT7
8154,473,832,2,1,236,95614.2,PAID,CASH,TX-PZNYHQB8AXUP
8155,404,714,2,2,885,13794.0,PAID,TRANSFER,TX-IRJS2VFAB0G6
8156,316,489,2,3,153,35283.6,PAID,CARD,TX-061LU1TRFGR8
8157,339,57,1,,2959,56095.2,PAID,GATEWAY,TX-OV87KOXF5WTR
8158,632,631,2,1,,41382.0,PAID,CASH,TX-OUWMFUDF4BSD
8159,441,1486,1,,3079,107733.24,PAID,CARD,TX-OES4934UMSI6
8160,439,469,1,,872,34170.0,PAID,GATEWAY,TX-D809YGRG4RA9
8161,296,1049,2,3,,31305.12,PAID,CARD,TX-OGEPDTZFSVVF
8162,139,300,1,,,42582.0,PAID,GATEWAY,TX-T57YDZXTU5DF
8163,492,1291,1,,2707,40404.0,PAID,GATEWAY,TX-DJ4Q8M8048KT
8164,386,268,2,3,1121,13068.0,PAID,TRANSFER,TX-1GWN6BE50KVC
8165,,452,1,,2722,56076.0,PENDING,GATEWAY,
8166,30,541,1,,1528,91693.8,PAID,GATEWAY,TX-3XJVHNMIGVE5
8167,100,1315,1,,2033,15420.0,PAID,CARD,TX-SSF5SOB9B2EI
8168,473,1489,1,,517,24422.4,PAID,CARD,TX-N0R4PIQ63TDN
8169,556,55,1,,3079,27336.0,PAID,CARD,TX-AYXRL9EL1XUH
8170,621,73,2,1,2094,87120.0,PAID,CARD,TX-7GU8OU2H46LM
8171,142,315,1,,476,97494.3,PAID,GATEWAY,TX-RYUR437P2W0G
8172,566,1254,2,4,1115,14229.6,PAID,CARD,TX-ZOTNTR78P0OP
8173,149,1434,2,3,1304,95178.6,PAID,CASH,TX-X94TLOIB71WE
8174,600,1240,1,,3064,25022.4,REFUNDED,CARD,TX-5S4XGNGQO61C
8175,70,1184,1,,118,48157.68,PAID,CARD,TX-8ND0E8KULEVS
8176,,1045,1,,617,17242.5,FAILED,CARD,
8177,310,1476,1,,690,60124.5,PAID,GATEWAY,TX-1JGR0Q9BUMDJ
8178,240,539,1,,2926,15729.6,PAID,CARD,TX-CELRUMT1B517
8179,543,342,1,,1544,36300.0,PAID,CARD,TX-WY14WJWCPTYB
8180,562,748,1,,1920,55105.5,PAID,CARD,TX-U9KS2NW8DO02
8181,503,1308,2,1,1289,43560.0,PAID,CASH,TX-RXFAMGWCBDX7
8182,388,1245,2,2,,51727.5,PAID,CARD,TX-XGO190O05GIS
8183,503,487,1,,1167,51901.5,PAID,GATEWAY,TX-OSIFXAZNVSN2
8184,297,1371,2,3,2233,54450.0,PAID,TRANSFER,TX-IMFIJT00490E
8185,420,1493,1,,713,29659.2,PAID,GATEWAY,TX-2MRBV2IIEF8S
8186,305,1027,1,,2511,42582.0,PAID,CARD,TX-S0KKP737CMFX
8187,579,778,1,,536,51727.5,PAID,CARD,TX-A6MLHAG5D59Z
8188,458,240,1,,1094,14921.4,PAID,GATEWAY,TX-ZBR3B4SOONLL
8189,258,254,2,3,2479,27588.0,PAID,CASH,TX-LLUIGX6FKZRD
8190,339,621,1,,3132,15294.0,PAID,GATEWAY,TX-IBRJT13NJI68
8191,263,958,2,4,403,13068.0,PAID,CARD,TX-391CU3CKMYR5
8192,487,1281,1,,,91042.5,PAID,GATEWAY,TX-6OR5DYX1XXIQ
8193,349,483,2,3,2323,92492.4,PAID,CASH,TX-JFMBCCKIWP78
8194,617,674,2,4,,62254.5,REFUNDED,CARD,TX-AXOS197MY2BP
8195,41,520,2,4,2327,42688.8,PAID,TRANSFER,TX-PGNFKZ8VKL7H
8196,499,757,1,,1651,42582.0,PAID,CARD,TX-ITGP0V8VXB8Z
8197,591,614,2,2,286,18150.0,PAID,CASH,TX-AVSKRTYOFXF1
8198,303,1392,1,,2261,18442.5,REFUNDED,CARD,TX-VAUDEKJ7XHJF
8199,281,748,2,4,574,19057.5,PAID,CASH,TX-1DOT7WQNWZAZ
8200,299,492,2,2,1167,66211.2,PAID,CASH,TX-R6NMWJUKN1L1
8201,546,603,1,,77,55650.0,PAID,GATEWAY,TX-6B4BKGFM8QI9
8202,,161,2,3,963,48024.9,FAILED,CARD,
8203,623,352,1,,2267,34170.0,PAID,GATEWAY,TX-COCN3XNQEPSD
8204,466,929,1,,1033,27036.0,PAID,CARD,TX-61S8LL1SWC27
8205,106,991,1,,2533,28342.8,PAID,GATEWAY,TX-REA4F8844D5R
8206,94,179,1,,1456,29649.6,PAID,CARD,TX-YKNHZV652AD8
8207,520,658,2,4,2909,82292.1,PAID,TRANSFER,TX-LRRWXLZ1PEAC
8208,294,1483,1,,2279,29214.0,PAID,CARD,TX-IN7678TH56TV
8209,635,735,1,,2313,55650.0,PAID,GATEWAY,TX-QCOTNTTIZTMF
8210,240,1241,1,,348,29949.6,PAID,CARD,TX-QU6WMXBI6JX9
8211,,1489,1,,2337,49905.0,PENDING,CARD,
8212,565,358,1,,1449,52927.5,PAID,CARD,TX-R2RXUQMY3X5P
8213,614,478,2,1,1883,14520.0,PAID,TRANSFER,TX-36WY0QITKY5N
8214,114,700,2,1,853,42688.8,PAID,CASH,TX-VUU06PGF1NH1
8215,485,240,2,3,,52635.0,PAID,TRANSFER,TX-LIQ8E06HDG8U
8216,254,935,2,3,1023,44830.5,PAID,CASH,TX-V6NJKULFNWPV
8217,276,566,1,,1650,103566.0,PAID,CARD,TX-FZ94KXPNX2H4
8218,367,2,2,4,1843,14520.0,PAID,CASH,TX-BZI9SLP61Z02
8219,475,99,1,,1261,29940.0,PAID,CARD,TX-47TRDCTYEZ8J
8220,458,1355,1,,805,57172.5,PAID,CARD,TX-QMEDSXQJ63PD
8221,170,980,2,2,2541,56029.05,PAID,CASH,TX-NMN02R69CPQX
8222,437,813,1,,2036,43888.8,PAID,CARD,TX-50FN9EYY7JPS
8223,522,1499,1,,1743,54198.0,PAID,CARD,TX-19LEHDDDQPTR
8224,623,902,1,,2242,44351.1,PAID,GATEWAY,TX-25Q8MT7TBBAD
8225,,134,1,,249,26136.0,FAILED,CARD,
8226,71,1316,1,,2808,18150.0,PAID,CARD,TX-U72505SUL9XP
8227,310,652,2,2,254,53361.0,PAID,TRANSFER,TX-AX80I2IGJAXI
8228,,149,1,,1106,50205.0,FAILED,CARD,
8229,352,771,1,,3201,14994.0,PAID,GATEWAY,TX-K7A4JX3EJ8O0
8230,472,424,2,1,3092,57172.5,PAID,CARD,TX-HLG4UOAYM956
8231,,145,2,3,1658,71511.0,FAILED,CARD,
8232,475,661,1,,2693,35385.0,PAID,CARD,TX-1MDJJKH3D8P5
8233,299,969,1,,546,37500.0,PAID,CARD,TX-JDI6QFDX21LO
8234,446,804,1,,1820,36292.5,PAID,CARD,TX-SU33V4WNYPZ4
8235,492,277,1,,1852,18987.0,PAID,GATEWAY,TX-ETSTZZAJPHPY
8236,29,896,2,4,2403,34485.0,PAID,CARD,TX-RX5YGYWTF2BW
8237,,1339,2,1,469,14941.08,PENDING,CASH,
8238,499,710,1,,2996,26029.2,PAID,CARD,TX-172D05B62IW9
8239,454,970,1,,,94699.2,PAID,CARD,TX-YYNNLRFZ326D
8240,631,1027,1,,966,55138.17,PAID,CARD,TX-EAGMU5QKEBJF
8241,316,228,1,,2242,15652.56,PAID,GATEWAY,TX-XRAJG2ABDZUL
8242,587,959,2,2,1381,46554.75,PAID,CASH,TX-3S9PB9NV4O0H
8243,99,753,2,4,3062,75141.0,PAID,TRANSFER,TX-BPK33VERFZFW
8244,455,402,1,,2888,54261.0,PAID,CARD,TX-SF8L05KQ3HPC
8245,579,59,2,2,1369,13068.0,PAID,TRANSFER,TX-JUMGEUZ4FN65
8246,441,1026,1,,376,31036.5,PAID,CARD,TX-XP4OMGMYFS6N
8247,640,811,1,,599,14994.0,PAID,CARD,TX-DV2P3IZEUBJI
8248,36,1309,1,,1754,29088.0,PAID,CARD,TX-TURBP828GJBF
8249,,1389,2,2,1361,53433.6,FAILED,CARD,
8250,,1173,1,,,27036.0,FAILED,CARD,
8251,323,618,1,,,27408.6,PAID,CARD,TX-VQO49IJUVZ2K
8252,297,113,1,,1649,42882.0,PAID,CARD,TX-JMILFXD9D3DT
8253,155,657,1,,846,29959.2,PAID,CARD,TX-OVSE53Q73VDS
8254,366,215,2,4,1197,38115.0,PAID,TRANSFER,TX-9DU5KLGEJ5BU
8255,77,1031,2,3,,35283.6,PAID,CARD,TX-B2VUVC8I1BE6
8256,510,892,2,4,2686,29403.0,PAID,CASH,TX-VJ0D77KPK3W6
8257,474,1215,2,1,1123,42471.0,PAID,CARD,TX-J48HSU89SERQ
8258,163,528,1,,1240,55350.0,PAID,CARD,TX-WQHQCWMZUALW
8259,519,999,1,,1529,15246.0,PAID,GATEWAY,TX-H58PS1UAJ269
8260,77,921,2,4,966,29040.0,PAID,CARD,TX-VIVVOSUIAG5H
8261,389,634,1,,423,40404.0,PAID,GATEWAY,TX-VYR7YZDXIQDX
8262,36,411,1,,1463,53172.0,PAID,GATEWAY,TX-MVSAK2OC6DFF
8263,400,713,1,,2686,59824.5,PAID,CARD,TX-UUK8RRKWZUD1
8264,147,700,1,,2918,56003.4,PAID,CARD,TX-LO25AXVGCT7Y
8265,218,1233,1,,1755,18742.5,PAID,GATEWAY,TX-MHGUR99M4F76
8266,73,566,1,,494,49224.9,PAID,CARD,TX-XMRZVU5X6JDI
8267,50,547,1,,2200,60940.2,PAID,GATEWAY,TX-6R54XU87JNOS
8268,362,1075,1,,205,79801.92,PAID,GATEWAY,TX-R1UN4BDHJIEV
8269,410,256,2,4,1084,57934.8,PAID,CARD,TX-TH7IPYDYX2ZC
8270,3,498,2,4,2690,47335.2,PAID,CARD,TX-3G2XSTZ765WC
8271,459,1141,1,,1301,29949.6,PAID,CARD,TX-25HTXOU79JAU
8272,54,1380,1,,1463,24422.4,PAID,CARD,TX-S4MRMURCWE3N
8273,493,1217,2,3,365,67518.0,PAID,TRANSFER,TX-V9CIW8T9WVNQ
8274,346,464,1,,2915,49905.0,PAID,GATEWAY,TX-XGFT2LH2Z6PM
8275,256,256,1,,893,16146.0,PAID,CARD,TX-TIWCYH9AXFIW
8276,199,1182,1,,812,36774.0,PAID,CARD,TX-U4FX59GH5BIP
8277,110,281,1,,2786,40104.0,PAID,CARD,TX-MGCDK8CBP634
8278,237,1093,2,3,426,41382.0,REFUNDED,TRANSFER,TX-7ZRR1HF2S58G
8279,436,538,1,,315,80578.5,PAID,CARD,TX-BXV71WMW22BJ
8280,315,24,1,,3173,121670.62,PAID,CARD,TX-YTT7G4V7HZQQ
8281,76,377,1,,2072,67764.6,PAID,GATEWAY,TX-3WH81RXESIPB
8282,188,1062,1,,1504,49731.0,PAID,CARD,TX-8YR75YZWKQ16
8283,564,208,2,3,844,39204.0,PAID,CASH,TX-PS3IBIB8I2IX
8284,252,950,2,2,336,17151.75,PAID,CASH,TX-98Y1SXOC3XGS
8285,,695,2,2,2982,45520.2,FAILED,CASH,
8286,508,959,2,3,1060,26862.0,PAID,CARD,TX-3XWNXJHN1QFY
8287,332,1038,2,3,2856,28749.6,PAID,CARD,TX-1N9SJB16JZDC
8288,167,935,1,,2796,13614.6,PAID,CARD,TX-SITT3N463968
8289,218,288,2,1,2321,44104.5,PAID,TRANSFER,TX-N7NL4W3IULHO
8290,520,40,2,3,2623,69841.2,PAID,CASH,TX-B1P1Z3XSAE7S
8291,620,103,1,,2457,58554.0,PAID,GATEWAY,TX-N9CUF8MEYBAN
8292,,229,1,,489,17535.0,FAILED,CARD,
8293,424,655,1,,,19350.0,PAID,CARD,TX-UUIFIBBVRFKA
8294,65,857,1,,125,36474.0,REFUNDED,CARD,TX-AN5X3RF7LCIP
8295,146,968,1,,1276,37800.0,PAID,GATEWAY,TX-RAPPIP18KMW2
8296,377,460,1,,855,19650.0,PAID,GATEWAY,TX-DVEFF0QMY7UT
8297,267,429,1,,2088,33570.0,PAID,GATEWAY,TX-5K4UQIZIZ5K2
8298,598,744,2,3,1580,81442.68,PAID,CARD,TX-LOBVHI38DASE
8299,147,867,1,,2772,42282.0,PAID,GATEWAY,TX-KZK7X92PVNPF
8300,376,488,1,,1017,86440.95,PAID,CARD,TX-GU4AS81BQKUZ
8301,123,1127,1,,3173,47746.2,REFUNDED,GATEWAY,TX-EU2FFYQU7DVE
8302,580,358,2,2,1213,44823.24,PAID,CARD,TX-27T6ZAUKSVDI
8303,367,479,1,,651,14520.0,PAID,GATEWAY,TX-X75T300KIYD9
8304,304,1347,2,4,2119,27442.8,PAID,CASH,TX-RT5NYTW0HJYB
8305,342,104,1,,,40104.0,PAID,CARD,TX-CM3AH9YNP1Z9
8306,61,722,1,,1416,43371.0,PAID,CARD,TX-S1P3ZHO8WWKU
8307,535,1332,2,3,2065,51727.5,PAID,CARD,TX-K3Y3EED3A0VO
8308,421,116,1,,,31846.8,PAID,CARD,TX-52E9G4UC1R10
8309,402,176,1,,2155,53772.0,PAID,GATEWAY,TX-R2FUOYRSR65K
8310,,995,1,,2568,18687.0,FAILED,GATEWAY,
8311,498,234,1,,309,55350.0,PAID,CARD,TX-PAYC65OCY080
8312,81,88,2,2,2737,36209.25,PAID,CARD,TX-LG36B05RYQHB
8313,242,1155,2,1,886,17787.0,PAID,CARD,TX-K4BVS5QF63DT
8314,146,575,1,,2966,44760.0,PAID,CARD,TX-QRCB4SECT1WB
8315,388,1002,1,,1035,37500.0,PAID,CARD,TX-GBWQ7NDLOHP6
8316,565,383,1,,632,127078.8,PAID,CARD,TX-VQFZ1MYNG0S5
8317,636,446,1,,2246,15601.5,REFUNDED,CARD,TX-17SI9KW7A1IH
8318,162,306,1,,141,58999.2,PAID,CARD,TX-CUR9FNJZPBD5
8319,33,1480,2,4,2101,43560.0,PAID,CARD,TX-Y5SNTTXKJOY1
8320,564,988,1,,1638,18687.0,PAID,CARD,TX-U9V9VDASQ0NQ
8321,450,301,1,,2535,40331.4,PAID,CARD,TX-RFZC0K2OM5JA
8322,520,806,1,,250,68781.0,PAID,CARD,TX-O453TKHTL9WG
8323,544,763,1,,2227,42282.0,PAID,GATEWAY,TX-19WQ9OCZDBTR
8324,,670,2,1,919,18150.0,FAILED,CASH,
8325,244,319,1,,886,13968.0,PAID,GATEWAY,TX-T91573LIRKU3
8326,,389,2,4,3169,86938.5,FAILED,CASH,
8327,92,701,1,,2632,105226.72,REFUNDED,GATEWAY,TX-KDUCLNN58SAG
8328,261,15,1,,183,28788.0,PAID,CARD,TX-FQ0KGIA542CI
8329,548,299,1,,2689,16852.56,PAID,CARD,TX-HK4ZAJLS0JF7
8330,11,980,1,,2227,29659.2,PAID,CARD,TX-3G8Z982Z91NS
8331,2,308,2,3,2976,43560.0,PAID,CARD,TX-2154F8UKPDRT
8332,116,743,2,1,3006,28459.2,PAID,TRANSFER,TX-VWQEGN4LB8DD
8333,53,1050,2,4,,14483.7,PAID,CARD,TX-PRUYGH0YO6X5
8334,15,45,1,,2595,65705.1,PAID,GATEWAY,TX-RMIOUU8LLEDL
8335,531,335,2,4,1107,14520.0,PAID,CASH,TX-307DLMK6PDDC
8336,314,189,1,,542,27588.0,PAID,CARD,TX-AM9MFJXKQMWB
8337,206,14,1,,287,67692.0,PAID,CARD,TX-0DAP8ZQ8K43O
8338,49,1375,1,,,20765.7,PAID,CARD,TX-CXB1RA1TFUOF
8339,75,534,1,,,32505.12,PAID,CARD,TX-I46GDNB7VJPV
8340,145,28,1,,2620,15429.6,PAID,GATEWAY,TX-1F48ADAW4KI9
8341,503,819,1,,1805,63626.4,PAID,GATEWAY,TX-ZMY4RCQ3M9RM
8342,602,7,2,3,2153,46957.68,PAID,CARD,TX-I9LUNCVEZNDR
8343,576,450,1,,,30240.0,PAID,GATEWAY,TX-MSAPAEYL8G3R
8344,294,739,2,1,697,17787.0,PAID,CARD,TX-P6FDIK0M9NYG
8345,122,1078,1,,519,43888.8,PAID,CARD,TX-3OHDSUYQU3CB
8346,435,1342,2,2,1991,74142.75,PAID,CARD,TX-3B3CJWWW5IDX
8347,23,971,1,,1097,86248.8,PAID,CARD,TX-57CRLUZKW8OR
8348,442,526,2,1,,43124.4,PAID,CASH,TX-YG2AZDFOA8S8
8349,320,248,1,,2738,83175.0,PAID,GATEWAY,TX-I33N3KCECV86
8350,391,1045,1,,2096,13968.0,PAID,CARD,TX-TNDVUVYJ5GET
8351,396,1257,1,,3032,76794.75,PAID,CARD,TX-TVCSD30BVAIF
8352,451,586,1,,1719,80034.0,PAID,GATEWAY,TX-SISNOYC7J3Z1
8353,349,1101,2,4,2727,13068.0,PAID,CARD,TX-MK4H0JJ3DFG0
8354,275,136,1,,,36183.6,PAID,CARD,TX-0ZI3Q2CX8JGP
8355,60,426,1,,2050,46420.2,PAID,CARD,TX-ZGM4F71E74T9
8356,55,807,2,3,1523,41164.2,PAID,CARD,TX-XI3M3613FSI9
8357,397,821,1,,893,34822.35,PAID,GATEWAY,TX-AJGP43UMWTSH
8358,397,205,2,3,3129,28967.4,PAID,TRANSFER,TX-6TFOD1Z7XL7L
8359,455,806,2,4,3034,39204.0,PAID,CARD,TX-CA6PQOLHDS6K
8360,474,1295,1,,2374,35610.06,PAID,CARD,TX-SFO6RMI0I8L4
8361,143,924,1,,964,15294.0,PAID,CARD,TX-333ZA4175TQ9
8362,472,1359,2,3,417,27951.0,PAID,CASH,TX-KE5XO8GCZG1P
8363,569,901,2,4,32,17787.0,PAID,CASH,TX-B8GPTU3VA16E
8364,435,1060,1,,526,57646.5,PAID,CARD,TX-LF6B4BJ4533I
8365,165,138,2,1,2921,73507.5,PAID,CARD,TX-48UIIINGHL4V
8366,,1346,2,4,419,44402.16,FAILED,CASH,
8367,402,1142,1,,1659,15420.0,PAID,GATEWAY,TX-TYR2QVLZ272B
8368,427,499,1,,2060,42582.0,PAID,GATEWAY,TX-B8MSGSB8Z60U
8369,147,1313,2,1,1260,32670.0,PAID,CASH,TX-ZQ1Y7QJCRU8C
8370,609,1295,2,4,2454,102257.1,PAID,CARD,TX-WO9RGODDPYAL
8371,308,703,1,,2454,40331.4,PAID,GATEWAY,TX-24AQBIIUBB7M
8372,160,302,2,4,2857,53361.0,PAID,CASH,TX-X39V61VMN628
8373,518,381,2,1,1556,39930.0,PAID,CASH,TX-ZCGWEWQN9J15
8374,15,501,1,,2746,28459.2,PAID,CARD,TX-TIMEPB1NMN2J
8375,558,280,2,2,552,39204.0,PAID,CARD,TX-XSH7ZI8JKERS
8376,50,189,2,3,642,64795.5,PAID,CASH,TX-TBI6ECAWPWYZ
8377,225,1301,1,,1770,30240.0,PAID,GATEWAY,TX-GIO3JW47US15
8378,418,889,1,,3041,14520.0,PAID,GATEWAY,TX-DTX4Y82VL19S
8379,316,1102,1,,39,70920.12,PAID,CARD,TX-Z7LXO7KAA97S
8380,503,1378,2,1,115,42108.0,PAID,CARD,TX-YCDGZ19UJU1V
8381,171,78,2,4,,60766.2,PAID,CARD,TX-GUFKCEDC8AQA
8382,470,452,1,,2357,42282.0,PAID,GATEWAY,TX-MHH5S3ATD3GW
8383,,1229,1,,146,17172.0,FAILED,CARD,
8384,523,1124,2,1,3075,27588.0,PAID,CASH,TX-7GTVL368QT67
8385,202,450,1,,238,82149.0,PAID,GATEWAY,TX-ROVYHFE9KSDB
8386,,877,1,,2176,17535.0,FAILED,CARD,
8387,,1409,2,1,1620,13068.0,FAILED,CARD,
8388,84,113,2,1,2728,24829.2,PAID,CASH,TX-5VRWG1XFD3GF
8389,360,1393,2,1,611,13794.0,PAID,CASH,TX-3CEXPFXVW26H
8390,368,1185,2,2,1731,53361.0,PAID,CASH,TX-2ELV6HNXM5Q6
8391,628,672,2,3,1793,53361.0,PAID,CARD,TX-EYCBUDAGNGF2
8392,159,1313,1,,1339,39131.4,PAID,CARD,TX-VWWN9TGXRTKC
8393,376,311,1,,645,66540.0,PAID,GATEWAY,TX-CVIXUHQ2NX3L
8394,337,1221,1,,2584,18987.0,PAID,CARD,TX-SWGQFR3MEAMT
8395,,954,1,,,33960.75,FAILED,GATEWAY,
8396,182,647,1,,1230,68970.0,PAID,GATEWAY,TX-SONPI4HFS7NP
8397,152,1259,1,,806,18868.5,PAID,GATEWAY,TX-D5T6N945K05A
8398,395,950,1,,1913,18687.0,PAID,CARD,TX-6U40WO1TI8SS
8399,637,1223,1,,2330,42582.0,PAID,CARD,TX-1660CYSGR1JO
8400,639,811,1,,2247,85996.8,PAID,GATEWAY,TX-VTGUSB1DFNRX
8401,,1445,2,1,,32016.6,FAILED,CASH,
8402,93,397,1,,1415,78882.0,PAID,GATEWAY,TX-NMSRAK9E4Y3K
8403,492,1339,1,,2092,16852.56,PAID,GATEWAY,TX-IJ6DBHS7URI1
8404,439,468,1,,1481,48024.9,PAID,CARD,TX-FP37IZBR2FS3
8405,353,140,2,2,1182,26136.0,PAID,CASH,TX-INTBXPYBO1MN
8406,519,1261,1,,909,36474.0,PAID,CARD,TX-XWRBLBQQ0UTS
8407,23,1268,1,,2118,40404.0,PAID,CARD,TX-OD6SJ2NBOYGO
8408,375,924,2,1,1518,63706.5,PAID,CARD,TX-VA40CS8SO2TQ
8409,218,93,1,,,40104.0,PAID,GATEWAY,TX-5G2Q144O5JKW
8410,,1264,1,,2782,24722.4,FAILED,GATEWAY,
8411,414,1256,1,,873,76613.25,PAID,CARD,TX-PZWZW0K30I9D
8412,563,686,1,,1400,17535.0,PAID,GATEWAY,TX-KRPAKC6Y0TZ5
8413,118,1359,1,,2427,29088.0,PAID,CARD,TX-AO2AIQJUU4SS
8414,501,1199,2,1,713,27588.0,PAID,TRANSFER,TX-I2EDIB83VGCL
8415,83,260,2,1,1540,29040.0,PAID,CASH,TX-I55A1ZQ1M0WN
8416,484,210,1,,1751,17508.3,PAID,GATEWAY,TX-VVEVOK9IMN51
8417,314,155,1,,345,43888.8,PAID,GATEWAY,TX-CBG97EUUSC7X
8418,18,695,1,,2726,62910.0,PAID,GATEWAY,TX-46AFZB59TMVG
8419,313,81,1,,543,58072.5,PAID,CARD,TX-3N35IQKDDH91
8420,,819,1,,1694,45738.0,FAILED,CARD,
8421,341,450,1,,876,54861.0,PAID,GATEWAY,TX-4484L6NDYHZZ
8422,532,1338,2,2,1025,53361.0,PAID,CARD,TX-TCXDZZTOB95N
8423,179,488,2,4,1590,31944.0,PAID,TRANSFER,TX-FBQVB9QAB0HH
8424,480,367,1,,2203,33226.2,PAID,CARD,TX-782S4YXO3MVT
8425,258,212,1,,2321,41382.0,PAID,CARD,TX-5O8FRLH6B8EF
8426,423,516,2,1,2882,60793.42,PAID,CARD,TX-PSE79BTRYCOS
8427,,128,1,,2555,35203.5,FAILED,CARD,
8428,215,1279,2,4,2895,37243.8,PAID,CARD,TX-ZE0U5PC4W2J5
8429,129,1377,1,,1118,29959.2,PAID,CARD,TX-3WXL9NIV89OH
8430,,1323,1,,2229,33144.0,FAILED,GATEWAY,
8431,265,1272,2,1,66,17242.5,REFUNDED,CARD,TX-JBMHAUE9FKX6
8432,112,866,1,,,80832.6,PAID,CARD,TX-FDX2C18XVY9Q
8433,212,442,2,3,1402,27442.8,PAID,CASH,TX-RNIEK2OWRBS6
8434,177,159,1,,2972,62247.0,PAID,CARD,TX-X61EIHUBJUXQ
8435,190,385,1,,1713,109527.75,PAID,CARD,TX-3E0Z8UNWAPM3
8436,50,739,2,1,1163,34303.5,PAID,CARD,TX-YCP0TJGN6WP8
8437,,351,1,,1203,18150.0,PENDING,CARD,
8438,,1181,1,,2569,94491.0,PENDING,GATEWAY,
8439,26,1392,1,,763,12661.2,PAID,GATEWAY,TX-2R45IJEXBJBA
8440,116,1169,2,4,2865,81442.68,PAID,CASH,TX-MAL4E5OQSBKJ
8441,441,220,1,,2998,15574.8,PAID,CARD,TX-H49A7K103JZX
8442,117,748,1,,1976,15420.0,PAID,CARD,TX-JZJWVKI2EOTK
8443,426,321,2,4,1628,39857.4,PAID,CARD,TX-MNMSPS4DK4AW
8444,479,707,2,1,2058,26136.0,PAID,CARD,TX-SGQMVRHD81R8
8445,590,1185,2,1,1301,32670.0,PAID,CASH,TX-QMX6JERDBHD6
8446,119,369,2,2,1691,48024.9,PAID,CARD,TX-HBFAUH9H05SC
8447,472,685,2,2,647,29040.0,PAID,CARD,TX-9S7OMU9OK29R
8448,201,1244,1,,3045,83020.2,PAID,CARD,TX-LK1L197V1RKZ
8449,85,1082,1,,,92565.0,PAID,CARD,TX-1Y37ZKEJ8IC7
8450,588,764,2,4,1131,28459.2,PAID,TRANSFER,TX-6LOGYY90B3OW
8451,182,1449,2,1,29,28459.2,PAID,CARD,TX-ZMBLLFZX4P9T
8452,,670,1,,2427,53472.0,FAILED,CARD,
8453,44,401,1,,,50205.0,PAID,GATEWAY,TX-4WVSV1RSEU7W
8454,171,524,1,,2886,15294.0,PAID,GATEWAY,TX-74R9I8UISPMP
8455,604,676,1,,2859,15129.6,PAID,CARD,TX-29I5I2IOYH7F
8456,283,1416,1,,1400,35685.0,PAID,GATEWAY,TX-73K4G1NRCOAM
8457,223,425,1,,1202,53145.3,PAID,GATEWAY,TX-B1K36494EW1W
8458,157,1175,1,,1397,36300.0,PAID,GATEWAY,TX-XM9FFOWSTCCO
8459,37,59,2,3,1285,45048.3,PAID,CASH,TX-VVXE8IBF2PI0
8460,87,1013,1,,1558,15518.25,REFUNDED,GATEWAY,TX-QL5LLW6SLRPR
8461,47,1252,1,,975,58043.7,PAID,CARD,TX-WCHLOU1ZH2S3
8462,452,499,1,,2806,87148.8,PAID,CARD,TX-ZV6BLGNIF90D
8463,377,72,1,,,31987.56,PAID,CARD,TX-K7YZBJI0LNM5
8464,4,1342,1,,969,35503.5,PAID,CARD,TX-GHKK39QFY2TW
8465,243,362,1,,2627,44760.0,REFUNDED,GATEWAY,TX-AIUK5PH7B2GW
8466,589,345,1,,1083,19304.62,PAID,CARD,TX-9ZBY8YICU43V
8467,74,286,2,4,2225,33795.3,PAID,CARD,TX-OKD9T00IMSA2
8468,176,331,2,1,1304,34485.0,PAID,CASH,TX-8J49JPQLPI2P
8469,301,1145,2,2,2020,14520.0,PAID,CASH,TX-75HVFWP4TJOR
8470,213,760,1,,93,70489.44,PAID,CARD,TX-LFYAEUA9X1B1
8471,566,213,1,,1433,42882.0,PAID,CARD,TX-AOI8PSBBAK91
8472,197,843,2,2,449,37243.8,PAID,CASH,TX-24KZDFE5BDVX
8473,160,172,1,,669,14694.0,PAID,CARD,TX-YX8VAYRC11GD
8474,308,1318,2,1,,35937.0,PAID,TRANSFER,TX-K0Q7X6DVWE12
8475,542,764,2,3,562,27588.0,PAID,CARD,TX-SSL4TFVEXYLN
8476,497,953,1,,494,43588.8,PAID,CARD,TX-A4ISYMH52U6X
8477,400,525,1,,565,47073.6,PAID,CARD,TX-NOEQJMJRWF54
8478,589,1498,1,,1465,92567.1,PAID,CARD,TX-JGX0ULRXAOS3
8479,293,350,2,2,,34485.0,PAID,CASH,TX-3X86O45PJRM6
8480,389,66,1,,690,75776.25,PAID,CARD,TX-649KK9YPS1BO
8481,286,1324,1,,3161,30240.0,PAID,CARD,TX-CA7ADADJ4NS5
8482,231,1338,1,,1234,32670.0,PAID,GATEWAY,TX-6CH29GD8H0PT
8483,346,292,1,,2389,36774.0,PAID,GATEWAY,TX-SKXVMGKBAUGG
8484,403,1377,1,,2183,67518.0,PAID,CARD,TX-KAOK91KI92LY
8485,251,3,2,3,1949,35574.0,PAID,TRANSFER,TX-WC8FEQ9VQYGN
8486,382,748,1,,1660,58408.8,PAID,CARD,TX-C6PTQCK3ZNCT
8487,447,682,1,,1854,17208.3,PAID,CARD,TX-32SJLY29UJDL
8488,,1247,1,,872,68418.0,PENDING,CARD,
8489,18,738,1,,2985,43888.8,PAID,CARD,TX-U5PEJ9DJBCA0
8490,530,724,2,4,362,41382.0,PAID,CARD,TX-8ECSPVVI5WW6
8491,62,10,2,2,666,54450.0,PAID,CASH,TX-GH7050W3FX97
8492,404,1259,2,2,1565,105052.2,PAID,CASH,TX-AEH4IPT5TJ8R
8493,79,900,2,1,3030,18150.0,PAID,CARD,TX-ADDCU1Y73131
8494,408,643,1,,2819,74952.0,PAID,GATEWAY,TX-B2LOJACKQZZX
8495,207,497,2,4,1247,92492.4,PAID,CASH,TX-U2R8M1ZM6OKN
8496,567,1406,2,1,3009,16335.0,PAID,CARD,TX-UFI6MO6YZ580
8497,387,904,2,2,3108,59561.04,REFUNDED,CARD,TX-2PL67VDJ2D7S
8498,176,1224,1,,2497,82038.0,PAID,CARD,TX-AYQ5LZJBNV9T
8499,321,163,2,3,,16008.3,PAID,CASH,TX-2ELCII4J96SU
8500,322,969,1,,1034,39204.0,PAID,GATEWAY,TX-QQVRYVD9AEI9
8501,463,711,1,,1497,76258.8,PAID,CARD,TX-QXQ3MXCB7KI5
8502,567,933,1,,2871,52627.5,PAID,CARD,TX-WI5IP1A801FR
8503,347,1100,1,,1450,20166.75,REFUNDED,CARD,TX-UN4ZT5FQS1DY
8504,315,191,1,,1883,26813.28,REFUNDED,GATEWAY,TX-VII65NMBI6YR
8505,497,956,2,4,3120,31036.5,PAID,CARD,TX-6OSNSC49QRNF
8506,453,591,2,2,2086,46899.6,PAID,CASH,TX-6SLRGLH8W5TK
8507,293,955,2,1,2328,26136.0,PAID,CASH,TX-KJGJTQ5KDMKR
8508,147,745,1,,89,60278.25,PAID,CARD,TX-M51AZD9L3ASD
8509,550,1141,1,,1368,15429.6,PAID,GATEWAY,TX-EO12V6WXQSA1
8510,595,913,1,,884,14694.0,PAID,GATEWAY,TX-6QYK4UVGEIN3
8511,447,598,2,2,2867,44823.24,PAID,CASH,TX-ACM2FKR2YEKZ
8512,282,1313,1,,383,72665.1,PAID,CARD,TX-5EJ7WLN1NIXK
8513,133,1464,1,,2031,15874.8,PAID,GATEWAY,TX-TTHNVOD8O9TQ
8514,256,856,1,,2346,30603.0,PAID,CARD,TX-C71JV3GDRX89
8515,423,1495,1,,682,33870.0,PAID,CARD,TX-Z6TZR7YD9TLY
8516,487,1080,1,,2722,65959.2,PAID,CARD,TX-2EERQPRE439M
8517,610,785,1,,190,32670.0,PAID,GATEWAY,TX-W7G1HK8QXBL2
8518,60,952,1,,691,27036.0,PAID,GATEWAY,TX-KBY01YTV4V00
8519,552,193,1,,1286,42582.0,PAID,GATEWAY,TX-1EC3D9LZ8HWF
8520,285,907,1,,1538,15294.0,PAID,GATEWAY,TX-PSPQ3G346AJD
8521,388,729,2,2,2333,49005.0,PAID,CASH,TX-DGKG9QSJNE4I
8522,,747,1,,168,31692.0,FAILED,CARD,
8523,113,575,1,,1748,102177.0,PAID,GATEWAY,TX-DRY88YFY6TEI
8524,390,766,1,,533,55350.0,PAID,CARD,TX-4ULAH7CNHA6H
8525,295,408,2,3,2667,48714.6,PAID,CARD,TX-4YVX1UR647BP
8526,226,503,2,4,1064,46645.5,PAID,CASH,TX-D8MYSTLHUEQR
8527,154,24,1,,2772,32118.0,PAID,CARD,TX-7KPBL3P8Y0T1
8528,224,634,1,,297,99510.0,PAID,GATEWAY,TX-38ZREMFWERPQ
8529,356,1343,1,,232,35294.25,REFUNDED,CARD,TX-P9CUP5R07SD9
8530,288,380,2,4,1013,39204.0,PAID,TRANSFER,TX-HI9Y9L9PWUL3
8531,553,1379,1,,1031,74100.0,PAID,CARD,TX-XXKC9WGQLNK0
8532,364,560,1,,1108,14268.0,PAID,CARD,TX-D8EBM8HQNXCG
8533,,828,1,,,44830.5,FAILED,CARD,
8534,48,1369,1,,2754,16418.25,REFUNDED,CARD,TX-EB80SLCN41WV
8535,,1408,2,4,,14229.6,PENDING,CARD,
8536,509,1017,1,,1113,27336.0,PAID,CARD,TX-SFHJVK2PH9UC
8537,,546,2,3,1821,117517.62,FAILED,TRANSFER,
8538,336,1347,2,4,765,37243.8,PAID,CARD,TX-FW44I9EH8SII
8539,134,998,1,,406,69444.0,PAID,GATEWAY,TX-4ATEH4IH1LHO
8540,257,1489,1,,1108,77130.0,PAID,CARD,TX-LZSGERT5CUDR
8541,234,19,1,,2515,27036.0,PAID,CARD,TX-JQXJA3VQS008
8542,155,1483,1,,311,31936.5,PAID,GATEWAY,TX-4ENGYFF2W9SC
8543,68,1399,1,,965,44150.16,PAID,CARD,TX-HE0OTK6P2PYP
8544,349,161,1,,2881,40104.0,PAID,GATEWAY,TX-TVTNWZ067ADX
8545,225,337,2,4,2838,43124.4,PAID,CARD,TX-ST9XJZ75PB2Q
8546,,1202,2,2,105,51455.25,FAILED,CASH,
8547,398,850,1,,2221,16746.0,PAID,GATEWAY,TX-TBBYLT19T1WV
8548,122,114,1,,1918,74182.44,PAID,CARD,TX-EGY8AYAX4FW4
8549,187,1074,1,,898,26136.0,PAID,CARD,TX-5VKLYF9F3IXY
8550,,1013,1,,902,19350.0,FAILED,CARD,
8551,185,1129,1,,925,32418.0,PAID,CARD,TX-PV3NCZQ8E425
8552,162,90,2,2,1490,81384.6,PAID,CARD,TX-GJUHYPUCMPF5
8553,149,334,2,4,3052,62073.0,PAID,CASH,TX-BAP5HP4NKCIU
8554,380,141,1,,2977,29088.0,PAID,CARD,TX-B5MYOI0XEH4L
8555,594,386,2,1,1263,56482.8,PAID,CASH,TX-KH5HHXJ7C4Q8
8556,340,785,2,4,1960,96303.9,PAID,CASH,TX-193IEB1BWXGG
8557,484,1249,1,,1710,72048.0,PAID,GATEWAY,TX-XK40UOKZDV2T
8558,,719,1,,1021,67183.8,PENDING,CARD,
8559,37,671,2,4,2207,13068.0,PAID,CARD,TX-E44X987GXQJI
8560,621,1238,1,,1167,43888.8,PAID,CARD,TX-67WV4AGTKLLZ
8561,345,687,2,4,416,53361.0,PAID,CARD,TX-QDIB1Y8LJOBN
8562,160,1421,2,4,2417,43560.0,PAID,CASH,TX-IFECQNLPPFY6
8563,615,420,1,,3061,36300.0,PAID,CARD,TX-4U5IDQDMHWU3
8564,568,578,1,,3013,15294.0,PAID,GATEWAY,TX-DDL7IMTOFDOI
8565,135,1156,1,,1774,36474.0,PAID,CARD,TX-3MEBX1W60EF4
8566,554,779,1,,3201,36483.6,PAID,CARD,TX-TJ3K2EGY81VU
8567,275,838,2,2,435,102601.95,PAID,CASH,TX-XUXKS3XVDKSC
8568,212,1124,2,1,1744,18150.0,PAID,CASH,TX-8TPUDJGTW0XQ
8569,18,1062,2,4,647,36300.0,PAID,CASH,TX-TJUXJ48BLSLS
8570,416,185,2,3,1184,16335.0,PAID,CASH,TX-1F8RDB6N9UYC
8571,110,1248,1,,2126,71793.9,PAID,CARD,TX-1S14U5ZJUMXS
8572,168,584,2,1,310,49005.0,PAID,CASH,TX-U2YHM7VB9K57
8573,459,1313,2,1,3148,69296.7,PAID,CASH,TX-0M5EYAXZZ3G0
8574,508,162,1,,190,15429.6,PAID,GATEWAY,TX-MQM0S1APK8FK
8575,118,157,1,,251,33652.2,PAID,CARD,TX-O88ETI9BD7IU
8576,636,580,2,4,2545,13794.0,PAID,CARD,TX-S9RWEH8S88JB
8577,203,1044,2,4,1478,54885.6,PAID,CARD,TX-KG8VXATA1NWT
8578,528,1382,1,,3052,19050.0,PAID,GATEWAY,TX-2ZLOKU2E5UBJ
8579,352,1128,1,,3068,19050.0,PAID,CARD,TX-LGAGRBZ9QB1W
8580,,320,2,1,2119,27588.0,FAILED,TRANSFER,
8581,502,1099,1,,2765,70170.0,PAID,GATEWAY,TX-3AX10KXANQMJ
8582,484,798,1,,1356,13721.4,PAID,GATEWAY,TX-VFWQ0C6WBZ1Z
8583,10,1336,2,1,632,53201.28,PAID,CARD,TX-UB563SS4MFJZ
8584,169,374,1,,2847,30249.6,PAID,CARD,TX-GCSKC2OUFFOH
8585,,1456,1,,2988,44460.0,FAILED,CARD,
8586,,1048,1,,,31392.0,FAILED,GATEWAY,
8587,166,244,1,,1258,33870.0,PAID,GATEWAY,TX-MILM5F8NHH9U
8588,7,112,1,,3040,53227.5,PAID,CARD,TX-LO03IF1QWEG7
8589,3,574,1,,2772,87838.5,PAID,CARD,TX-HXZVKX03JDVW
8590,503,22,1,,1291,14694.0,PAID,GATEWAY,TX-4LHJRLPLJPQG
8591,18,313,1,,,35385.0,PAID,CARD,TX-RMZD56UNGF0N
8592,332,238,1,,2008,28459.2,PAID,GATEWAY,TX-4VI409FMKSJ9
8593,382,1080,2,2,1139,35574.0,PAID,CASH,TX-4CUL7UGGUQ2D
8594,521,116,1,,,55950.0,PAID,CARD,TX-EMUAL7QEUD4V
8595,,838,1,,20,109011.0,FAILED,CARD,
8596,,653,1,,136,14994.0,FAILED,CARD,
8597,386,110,1,,,52355.25,PAID,CARD,TX-TEUT2983ZTSN
8598,208,722,1,,911,46938.0,PAID,GATEWAY,TX-AWQYYFVB2BSE
8599,465,1305,1,,2542,51720.0,PAID,CARD,TX-2Z600P2ZYQZX
8600,581,153,1,,851,18987.0,PAID,GATEWAY,TX-8LOI6R9WIMOV
8601,318,259,2,4,,113256.0,PAID,CASH,TX-NA6QZWNDVQW6
8602,,219,1,,1567,42064.2,FAILED,CARD,
8603,548,1436,1,,542,52627.5,PAID,CARD,TX-GT2SMKLTRMHG
8604,554,112,1,,278,29659.2,PAID,CARD,TX-T6F22RLWKBGU
8605,550,1182,2,2,837,16335.0,PAID,CARD,TX-KK5I02MZAP0Q
8606,597,97,1,,3128,14921.4,PAID,CARD,TX-OLBI6EWX88YS
8607,471,1200,1,,1245,63210.0,PAID,GATEWAY,TX-77WB7ZLQCF6Z
8608,464,61,2,4,2277,52635.0,PAID,CASH,TX-I8NQEWDM8X9P
8609,596,1387,2,4,2614,42761.4,PAID,TRANSFER,TX-OVBHOWXP19SB
8610,504,1082,1,,,58372.5,PAID,CARD,TX-JZTVGSLPDW3D
8611,212,385,2,1,2333,52163.1,PAID,CASH,TX-G0XR1ZVQ9F1E
8612,472,243,1,,1991,88624.92,PAID,GATEWAY,TX-81RKWJ5AZWHB
8613,11,584,2,1,1011,16335.0,PAID,CARD,TX-5CESB2LPK27T
8614,34,392,1,,1471,18987.0,PAID,CARD,TX-K0MTQLKMZGPG
8615,63,295,1,,1619,44104.5,PAID,GATEWAY,TX-YFWFK9ISU862
8616,125,1313,1,,1820,42882.0,PAID,CARD,TX-YSHAD7DEZWHY
8617,421,684,2,2,1117,51727.5,PAID,CASH,TX-KEN62Q6WT0K7
8618,80,681,1,,2864,14006.64,PAID,GATEWAY,TX-4UO9JLQ6UH2U
8619,515,660,2,3,370,54450.0,PAID,CASH,TX-DAJIGGBJGR7G
8620,479,657,1,,2585,14006.64,PAID,GATEWAY,TX-WVFI205E8TOA
8621,43,926,1,,871,15720.0,PAID,GATEWAY,TX-URTK3SK3QL6B
8622,536,15,1,,2777,44760.0,PAID,CARD,TX-ZUNCRXBRN8DY
8623,,1400,2,4,75,79627.68,FAILED,CASH,
8624,428,1205,1,,402,46575.0,PAID,CARD,TX-GEC07TNGMBR5
8625,164,724,1,,360,57555.75,PAID,GATEWAY,TX-3RI873VXIL79
8626,559,157,1,,1424,48816.0,PAID,GATEWAY,TX-XAS6KWZ2Y95X
8627,169,128,1,,354,94645.8,PAID,CARD,TX-20M27R2IFUEI
8628,617,1419,2,3,,15518.25,PAID,CARD,TX-IOJTVRSZ2DHY
8629,,1262,1,,631,18442.5,FAILED,CARD,
8630,91,1400,1,,799,102031.8,PAID,GATEWAY,TX-K4MOHVY7OLRN
8631,46,839,1,,2588,26136.0,PAID,GATEWAY,TX-Q3K1ETOTRTL7
8632,465,943,2,3,2270,37933.5,PAID,CARD,TX-ZMWLWOPEQ3GJ
8633,57,621,2,4,2633,14520.0,PAID,CARD,TX-CBPZSPSCXS4B
8634,387,291,1,,1078,37933.5,PAID,CARD,TX-X9WE45ZIAWJK
8635,,875,2,2,2069,88426.8,FAILED,CARD,
8636,412,130,2,4,2138,32016.6,PAID,TRANSFER,TX-XRVYV1VY0VMX
8637,260,610,2,2,1194,42688.8,PAID,CASH,TX-RXP1ID58SAM8
8638,355,484,1,,359,44460.0,REFUNDED,GATEWAY,TX-BUEYKAS0UE3K
8639,,936,1,,1074,64795.5,PENDING,CARD,
8640,528,459,1,,2293,101196.9,PAID,CARD,TX-XY802ZXGVJRL
8641,538,1438,1,,748,49905.0,PAID,CARD,TX-KCI8DU0WUUEL
8642,291,1205,2,1,1965,46554.75,PAID,TRANSFER,TX-A0CGRFDXMN8F
8643,437,904,1,,2648,46938.0,PAID,CARD,TX-Q85U9BNAF0AE
8644,,427,1,,588,33234.22,FAILED,CARD,
8645,357,212,1,,316,50059.8,PAID,CARD,TX-62I1U0IT6RHO
8646,605,1414,1,,1583,17235.0,PAID,CARD,TX-XLOVOZT7VCA3
8647,378,1441,2,4,957,27588.0,PAID,CARD,TX-UQ7G21OAZUJ6
8648,31,587,1,,1374,43888.8,PAID,CARD,TX-KLP1593MFFNJ
8649,445,1027,1,,948,15901.5,PAID,CARD,TX-QCGH0V9GUY1U
8650,500,1446,2,1,,24829.2,PAID,CARD,TX-46CKBM2DAQ3D
8651,149,730,1,,2915,131127.3,PAID,CARD,TX-0NK9SZ3FL8DE
8652,40,483,1,,1740,15129.6,PAID,GATEWAY,TX-YGHPMRT1T3G3
8653,219,1404,1,,1291,66540.0,PAID,CARD,TX-Z83TZLW4HPIN
8654,166,1451,1,,2735,15720.0,PAID,CARD,TX-7DQ6T49VY65L
8655,90,230,1,,367,32916.6,REFUNDED,GATEWAY,TX-VEE60ZVHJ255
8656,109,191,1,,412,18150.0,PAID,GATEWAY,TX-ST4WSQ5QQOLI
8657,173,1221,1,,1019,70596.0,PAID,CARD,TX-RJJP6US15UP3
8658,275,248,2,1,2820,17787.0,PAID,CASH,TX-KWLLLCPDILGP
8659,366,2,2,1,,28459.2,REFUNDED,CASH,TX-VHF4J83WKGT6
8660,62,1419,1,,,17242.5,PAID,CARD,TX-IAITWY8O0OKI
8661,413,237,1,,2745,44760.0,PAID,CARD,TX-A7S9L7MMDZ9T
8662,140,1187,1,,1557,99510.0,PAID,CARD,TX-TNTGDAJ6QH53
8663,234,380,2,3,,72019.2,PAID,CARD,TX-8JLLVTBCE0MV
8664,447,879,2,3,3057,44830.5,PAID,CASH,TX-J1LUAE83N6BO
8665,131,422,1,,708,15274.8,PAID,CARD,TX-LAXPWE1XDTAM
8666,,888,2,2,2875,113528.25,FAILED,CASH,
8667,236,117,2,1,1273,14229.6,PAID,CASH,TX-MYJVQONAT96L
8668,531,483,2,2,454,42688.8,PAID,CASH,TX-XI93WWKTLKHK
8669,200,846,2,4,2787,23522.4,REFUNDED,CARD,TX-EEKXKV8738JY
8670,248,1311,2,2,2320,14520.0,PAID,CASH,TX-32SO3LQB1S22
8671,593,637,2,2,2062,51727.5,PAID,CASH,TX-KDU39PW0Q1NT
8672,314,1392,2,1,1626,14229.6,PAID,CASH,TX-0SUKM6GFFCHW
8673,128,587,2,3,2197,69696.0,PAID,CARD,TX-UDH5GF5VTXCW
8674,530,1457,2,4,1965,41382.0,PAID,CASH,TX-RMDCFXCXYZ9D
8675,269,290,1,,1637,37109.25,PAID,CARD,TX-9KIH0IP2TDVP
8676,463,1198,1,,2875,47020.2,PAID,CARD,TX-1HQ36UMP4PYW
8677,392,708,2,1,2941,18150.0,PAID,CARD,TX-8DTSCZMH8G22
8678,46,618,1,,941,59597.1,PAID,GATEWAY,TX-4KZPDYN1MKI6
8679,521,426,1,,1926,14268.0,PAID,CARD,TX-TPP57K0B86WL
8680,166,69,1,,2643,28459.2,PAID,GATEWAY,TX-97EPZ7TKHQ1I
8681,180,284,1,,783,44760.0,PAID,CARD,TX-KLTUMFIBC4YV
8682,210,576,1,,2081,52927.5,PAID,CARD,TX-U028W8TKYZSJ
8683,187,689,1,,499,45723.24,PAID,CARD,TX-719XONSWKZUC
8684,342,166,1,,2179,66058.5,PAID,CARD,TX-CK8QUAEYQ6F5
8685,522,1060,1,,544,90960.3,PAID,CARD,TX-927W7EODDUAK
8686,474,484,1,,1992,54261.0,PAID,GATEWAY,TX-U1KTW52XDGKT
8687,391,645,2,3,,15246.0,PAID,CASH,TX-K8BFBOVZ7LOX
8688,,964,1,,1083,106941.38,FAILED,CARD,
8689,224,1009,1,,1924,36300.0,PAID,GATEWAY,TX-USQV88F1HZ5I
8690,193,322,2,4,2,28459.2,PAID,CARD,TX-1DK970ZX7CD2
8691,183,849,2,2,50,53905.5,PAID,CASH,TX-J2KIQVJFWQYH
8692,7,1311,1,,1374,31082.16,REFUNDED,CARD,TX-JX8T6HPUYI6T
8693,,257,1,,,33570.0,PENDING,GATEWAY,
8694,394,1288,2,1,773,78045.0,PAID,CARD,TX-1E1SURPLYFBL
8695,138,1063,1,,605,35203.5,PAID,CARD,TX-GI9U9W1AKKY0
8696,563,394,2,4,2124,41382.0,PAID,CASH,TX-5Y04EQUKBLQ3
8697,22,1350,1,,1206,24422.4,PAID,GATEWAY,TX-6CTSQHACSFYL
8698,37,182,1,,,48690.0,PAID,GATEWAY,TX-E6R8HMKVJUGA
8699,56,520,2,4,1035,26136.0,PAID,CARD,TX-8UE9CMAFPBYE
8700,478,417,2,3,1673,54313.88,PAID,CASH,TX-59WFETYFX0UC
8701,506,1429,1,,519,53227.5,PAID,CARD,TX-AUEXVZLL1S70
8702,321,860,1,,62,28788.0,PAID,GATEWAY,TX-5WXJHBEDSRJA
8703,62,780,1,,2739,82875.0,PAID,CARD,TX-JW45AIXSXPWO
8704,,365,1,,2278,49433.1,FAILED,CARD,
8705,408,726,1,,2010,14694.0,PAID,GATEWAY,TX-AXUBWDMF1C14
8706,341,405,2,2,2394,13068.0,PAID,CARD,TX-QCQPIFPU27GI
8707,59,135,1,,357,16141.08,PAID,CARD,TX-0JSO9A0YTP6K
8708,529,342,1,,2617,44351.1,PAID,CARD,TX-UA25OKB4HY5U
8709,522,56,2,3,1271,61129.2,PAID,CARD,TX-WY5C8C1GC8QE
8710,526,679,1,,,24829.2,PAID,CARD,TX-NCQSB63T1MLM
8711,614,441,1,,1301,49005.0,PAID,CARD,TX-03MC7NCRK0ZJ
8712,313,546,1,,407,41164.2,PAID,GATEWAY,TX-LEJFJ7MSIPLU
8713,503,453,2,4,,56018.16,PAID,CASH,TX-TBBDPR8MC3NH
8714,181,818,1,,1674,54561.0,PAID,CARD,TX-TMM4HYH8KYSI
8715,466,1479,1,,1853,19050.0,PAID,CARD,TX-NPS1EMYOEPKB
8716,,63,2,2,3001,52725.75,FAILED,CASH,
8717,239,963,2,1,963,37352.7,PAID,CARD,TX-VZ0D4ZE87GG4
8718,568,1465,1,,,14268.0,PAID,CARD,TX-B6TS2P9FLF7O
8719,157,1293,1,,3088,47454.75,PAID,CARD,TX-Y3GCJ9JKN08L
8720,29,1464,1,,2190,48816.0,PAID,CARD,TX-1ICJLD3T7101
8721,190,986,2,3,1517,71511.0,PAID,CARD,TX-P7RB58R36BMQ
8722,523,593,2,1,3202,32670.0,PAID,CARD,TX-YTRQW2OMJUMW
8723,416,1014,2,2,2038,12414.6,PAID,CASH,TX-SQVIJ5C71S50
8724,497,514,2,3,2421,54450.0,PAID,CARD,TX-AJ0KW76LNUX7
8725,205,1094,2,1,357,41236.8,PAID,TRANSFER,TX-VABH7USWQF3I
8726,99,1251,1,,1708,17235.0,PAID,CARD,TX-AWFGLZ62HXKO
8727,502,305,2,3,684,43160.7,PAID,CARD,TX-B0MRWPMC8VVD
8728,421,123,1,,540,31755.0,PAID,GATEWAY,TX-3BZ52OCIOF9D
8729,292,1216,1,,587,27336.0,PAID,GATEWAY,TX-ZUN9NGX0GFS6
8730,623,1117,1,,,14994.0,PAID,GATEWAY,TX-4T45PUGNEIMI
8731,532,391,2,1,2307,56918.4,PAID,CARD,TX-CFEOM2ZMF1TQ
8732,238,475,2,3,2952,32670.0,PAID,CARD,TX-IOY5VW06H9MG
8733,377,1090,2,1,3202,32016.6,PAID,CASH,TX-Y8JBA4OA86VN
8734,283,196,2,1,2782,78408.0,PAID,CARD,TX-W8UQ8UO1CSSH
8735,486,1111,2,3,762,14229.6,PAID,CARD,TX-VGLU45SPPDNJ
8736,258,781,2,2,2335,44104.5,PAID,CARD,TX-0CCDRXB03J51
8737,4,719,1,,3001,14268.0,PAID,GATEWAY,TX-J3C0RIPZSAHC
8738,638,825,1,,3027,34351.5,PAID,GATEWAY,TX-JIELY1PRMOEX
8739,94,1483,1,,1623,54561.0,PAID,GATEWAY,TX-N3DV1408H9XI
8740,542,1489,1,,,39315.0,PAID,CARD,TX-JT82D3BTKK2A
8741,505,118,1,,,55650.0,PAID,GATEWAY,TX-8UQQW1QZLU0J
8742,,524,2,4,2812,13068.0,FAILED,CASH,
8743,563,599,2,4,1283,32670.0,PAID,TRANSFER,TX-I5K7TLDT2AOP
8744,,1433,1,,,65949.6,FAILED,GATEWAY,
8745,479,1128,1,,971,24422.4,PAID,CARD,TX-XASRQDE6BK3K
8746,432,319,2,3,1168,39204.0,PAID,CARD,TX-VG0FYZS76MEQ
8747,75,1148,1,,2029,47754.75,PAID,GATEWAY,TX-XNLH9HVO3THG
8748,,1468,1,,860,26136.0,FAILED,GATEWAY,
8749,203,667,2,3,3202,19565.7,PAID,TRANSFER,TX-EOT8PL0VWDVU
8750,137,932,1,,239,40104.0,PAID,CARD,TX-26MY742MLYTE
8751,142,1054,2,2,2708,13794.0,PAID,CARD,TX-DDKEWTMNY9EI
8752,332,346,1,,1617,19050.0,PAID,CARD,TX-KP48KJ0YK1V1
8753,224,1004,1,,,20257.5,PAID,GATEWAY,TX-94WTC3WXPFEX
8754,272,272,1,,2066,26513.28,PAID,CARD,TX-J8NZRJ8KEM99
8755,249,1201,2,3,3184,79315.5,PAID,CARD,TX-OB8J49YJSLV0
8756,,141,1,,2027,61884.0,PENDING,GATEWAY,
8757,93,1336,1,,1130,15129.6,PAID,GATEWAY,TX-RWVMQEXLHDQA
8758,217,1346,1,,1843,28788.0,PAID,CARD,TX-SZMPAGIE0YWW
8759,82,159,1,,481,115680.6,PAID,CARD,TX-QHUWGVL2Q2KJ
8760,474,589,2,3,2963,91802.7,PAID,CARD,TX-FXMPWO8EJFK8
8761,531,1371,2,2,1011,52272.0,PAID,CASH,TX-1A49HOIN2B4O
8762,,43,2,1,,16335.0,FAILED,CASH,
8763,239,877,1,,2840,42364.2,PAID,CARD,TX-I4BVEZRZFMVY
8764,502,479,1,,2080,24422.4,PAID,GATEWAY,TX-RPNRFPJIHNJY
8765,,891,2,1,421,16335.0,PENDING,CASH,
8766,228,1172,1,,379,27336.0,REFUNDED,GATEWAY,TX-T2Y89CX66ORN
8767,149,1142,1,,3004,37200.0,PAID,CARD,TX-ZQ1P0P6GKJBY
8768,473,187,1,,1930,55350.0,PAID,GATEWAY,TX-RU3OXVFGWWFF
8769,120,1384,2,2,647,39204.0,PAID,TRANSFER,TX-73FLNWLFDVRN
8770,85,289,2,3,,102928.65,PAID,CARD,TX-JZLPNC4BI6YO
8771,43,174,2,1,2336,35755.5,PAID,CARD,TX-V7FH8NGXOTSN
8772,495,920,1,,1970,33516.6,PAID,CARD,TX-VV0DJBAY55V2
8773,146,1120,1,,167,18742.5,PAID,GATEWAY,TX-ZAA3F5S1QIQ2
8774,251,1048,1,,2793,29088.0,PAID,CARD,TX-EIC9T53GMIPE
8775,303,653,1,,1004,58080.0,PAID,CARD,TX-PFZOWVL56YCD
8776,86,1090,1,,769,43588.8,PAID,GATEWAY,TX-YMPVKZBHGGPF
8777,93,192,1,,1690,40404.0,PAID,CARD,TX-XZLW10UAPM9C
8778,144,684,2,3,45,65811.9,PAID,CASH,TX-V87JN7EFMHTM
8779,172,1441,1,,3047,57172.5,PAID,GATEWAY,TX-GH6HPYSCKF6F
8780,291,467,1,,1171,26813.28,PAID,CARD,TX-IX752UI419BV
8781,,754,1,,3180,48924.9,PENDING,CARD,
8782,63,1057,2,2,,51727.5,PAID,CARD,TX-3KPIOVSGRJAH
8783,370,100,2,1,438,42688.8,PAID,CASH,TX-JWXSBU686FBO
8784,250,1139,1,,2280,70785.0,PAID,GATEWAY,TX-V9O8011LHV8X
8785,292,1419,1,,2057,15429.6,PAID,GATEWAY,TX-TQIQ9B029XZB
8786,604,686,1,,389,62910.0,PAID,CARD,TX-ITU1JX2HB93T
8787,394,49,2,1,1796,48642.0,PAID,CARD,TX-3G720PJ496CH
8788,500,219,2,2,2306,28459.2,PAID,CASH,TX-23LO1SSTY533
8789,308,652,2,3,108,26136.0,PAID,CASH,TX-JMF2B72BROIY
8790,314,1431,2,3,2785,11761.2,PAID,CARD,TX-QNLR7XI2QOAM
8791,427,1423,1,,667,42582.0,PAID,GATEWAY,TX-UXN9N6SNIB91
8792,,208,2,4,667,14520.0,FAILED,CASH,
8793,144,695,1,,923,47109.9,PAID,CARD,TX-SY1B2OZWN3FE
8794,93,1128,2,4,415,41164.2,PAID,TRANSFER,TX-3X1UY4S6CZ9G
8795,418,838,1,,477,17535.0,PAID,CARD,TX-3UTMXYVPKH0B
8796,344,72,2,4,,88617.38,PAID,CASH,TX-226Y112NOKQI
8797,485,765,1,,2892,79308.0,PAID,CARD,TX-6H6DKNIAM5KV
8798,306,565,2,4,2611,18676.35,PAID,CASH,TX-KIA28XFWOTY6
8799,214,107,1,,42,28488.0,PAID,CARD,TX-KGKR8WUUJIUA
8800,272,1248,1,,3078,75678.0,PAID,CARD,TX-P11EH2HCWCAL
8801,477,1296,1,,,39133.5,PAID,GATEWAY,TX-6V0C6UG1E1SK
8802,78,397,1,,1534,72529.5,PAID,GATEWAY,TX-GFP29MNBD88N
8803,257,1434,1,,1085,28342.8,PAID,GATEWAY,TX-KK8XJE8CVMXD
8804,18,394,1,,2394,17235.0,PAID,CARD,TX-OO58DYDGUX1F
8805,315,213,2,2,809,24829.2,PAID,CARD,TX-8ZLL3MDG381I
8806,550,46,1,,2527,14921.4,PAID,CARD,TX-DDO567O8QVW8
8807,19,1191,1,,3064,53227.5,PAID,CARD,TX-X69KEO3EQTPM
8808,190,1038,2,4,2580,16335.0,PAID,CASH,TX-DHDTOFOQ58R8
8809,597,847,2,3,2421,41527.2,PAID,CASH,TX-FRBR57FF3K3U
8810,614,56,1,,1739,43671.0,PAID,CARD,TX-58DGO62Q58AU
8811,430,405,1,,2217,31382.16,PAID,GATEWAY,TX-SDSLK8K7UGS4
8812,167,467,1,,,29959.2,PAID,GATEWAY,TX-0TKCO607YQ50
8813,113,33,1,,3093,19168.5,PAID,GATEWAY,TX-MFVQLZAZ89TU
8814,605,239,2,4,2603,27588.0,PAID,CASH,TX-511W1XK9E3FQ
8815,95,888,1,,,15901.5,PAID,GATEWAY,TX-PSRM3MH11D41
8816,140,622,2,2,2313,26136.0,PAID,CARD,TX-4SIQHFTQO4QE
8817,65,533,1,,1028,29959.2,PAID,CARD,TX-C555O692LVAY
8818,72,715,1,,763,32536.5,PAID,GATEWAY,TX-933U9PDACDXB
8819,153,126,1,,2709,28459.2,PAID,GATEWAY,TX-GWQAT4M58BX0
8820,629,919,1,,1613,55105.5,PAID,CARD,TX-WB8DMRW5G6A4
8821,507,221,2,3,2877,17787.0,PAID,CARD,TX-H3PVC0PBS6K1
8822,556,266,1,,2269,33570.0,PAID,CARD,TX-NGY7FWU6WG4Z
8823,187,604,1,,1208,59532.0,PAID,GATEWAY,TX-N19QCM268BEI
8824,,684,2,3,2915,95106.0,FAILED,CARD,
8825,,439,1,,,49116.0,PENDING,GATEWAY,
8826,204,694,2,1,2194,17242.5,PAID,CASH,TX-59AAMJM5PBPL
8827,601,621,1,,2588,44760.0,PAID,CARD,TX-6A8SF8LOJRNY
8828,,558,1,,75,68287.32,FAILED,CARD,
8829,,1005,1,,608,29959.2,FAILED,GATEWAY,
8830,193,1274,1,,2002,75687.6,PAID,CARD,TX-F8PYAK3HGA6P
8831,23,1037,1,,1360,18687.0,PAID,CARD,TX-URA1CA7W0M10
8832,241,952,2,4,948,31036.5,PAID,CARD,TX-0XSGBUXYS07N
8833,521,1162,1,,120,18442.5,PAID,GATEWAY,TX-9A1THW7OFJY0
8834,391,779,1,,1022,49614.6,PAID,CARD,TX-11FAT6FMOLSZ
8835,61,975,2,2,1309,26136.0,PAID,CASH,TX-9OCCMO4SNK7M
8836,551,876,1,,19,18987.0,PAID,CARD,TX-AIGEY7E59W1G
8837,261,459,1,,1618,16008.3,PAID,CARD,TX-EZC9ZI4TVD6F
8838,140,728,1,,757,27636.0,PAID,CARD,TX-JLZ9OX1XO7Y4
8839,284,231,1,,524,36209.25,PAID,CARD,TX-1MD2AXNFBFVA
8840,255,774,1,,2763,18142.5,PAID,GATEWAY,TX-RSFYQNUZKW33
8841,203,228,2,3,3063,36300.0,PAID,CARD,TX-C81HIA7303K4
8842,3,1386,1,,2734,27336.0,PAID,CARD,TX-FGGSYHEKO2X5
8843,160,618,1,,1438,40104.0,PAID,CARD,TX-IISWPI6G946L
8844,260,5,2,1,154,49077.6,PAID,CARD,TX-IGBLVHZCNQ4C
8845,24,950,1,,2226,60197.1,PAID,CARD,TX-RLV1Q19MCD64
8846,298,1412,2,4,190,49005.0,PAID,TRANSFER,TX-EY4YE3VAO4XP
8847,552,475,1,,1384,49905.0,PAID,CARD,TX-TKOV2NAN2J8X
8848,117,769,1,,3006,14268.0,PAID,CARD,TX-UKXVPSEXJQEV
8849,180,13,2,1,559,26136.0,PAID,CARD,TX-1YR8AP5JPSA3
8850,489,921,1,,1255,28488.0,REFUNDED,CARD,TX-LSXWYL5WHLMZ
8851,100,1249,2,3,708,17787.0,PAID,CARD,TX-KRCZX6OTDV16
8852,495,1278,1,,,53472.0,PAID,GATEWAY,TX-4FFMCW2X75L6
8853,467,876,1,,2919,40404.0,PAID,GATEWAY,TX-5PYCZL8XPBJJ
8854,299,53,2,2,,17151.75,PAID,CARD,TX-N8QGY3TKA8XN
8855,388,187,1,,2592,15129.6,PAID,CARD,TX-1MQKDY1J4CH3
8856,494,935,1,,1869,25022.4,PAID,CARD,TX-3YK89U1HD2PW
8857,246,253,1,,1958,28788.0,PAID,CARD,TX-LAYMXNWBH93Q
8858,9,664,1,,940,17235.0,PAID,CARD,TX-1OP1OVIY1D5H
8859,3,886,1,,,30167.4,PAID,GATEWAY,TX-PU61K4W45W9F
8860,6,235,1,,2988,14994.0,PAID,CARD,TX-JU7JQU3QW11S
8861,27,322,1,,2854,18868.5,PAID,CARD,TX-52E7Y2Q4M77L
8862,627,1427,1,,759,18442.5,PAID,GATEWAY,TX-80JLE6XJG92M
8863,528,1439,1,,253,52355.25,PAID,CARD,TX-H75MQ61EG5CF
8864,163,885,2,4,1219,49005.0,PAID,CARD,TX-BVXC4G2SY9TL
8865,285,874,1,,838,53908.12,PAID,CARD,TX-Y1L93ZBMP4XF
8866,141,1083,1,,2081,53542.5,PAID,GATEWAY,TX-VWWRGSGREAC8
8867,43,720,2,3,70,57499.2,REFUNDED,CASH,TX-3XQLV1JZNRXP
8868,280,507,2,3,496,32670.0,PAID,CARD,TX-GAG9QPMX3C2N
8869,336,436,1,,2080,55650.0,PAID,CARD,TX-P23B1MBIBS2M
8870,574,237,1,,1275,29359.2,PAID,GATEWAY,TX-ZPPW3E5N30YA
8871,116,1120,1,,2176,15720.0,PAID,GATEWAY,TX-P6D9Z9RMK681
8872,304,1081,1,,,29867.4,PAID,CARD,TX-TK7YNXYMRHU8
8873,530,511,1,,3181,19304.62,PAID,CARD,TX-6X6AXYOJ6IM6
8874,311,1330,2,4,590,39930.0,PAID,TRANSFER,TX-MYIT4XJA1FCP
8875,,662,2,3,846,89661.0,FAILED,CASH,
8876,245,87,1,,831,29940.0,PAID,CARD,TX-UDVLXKRX2CZ6
8877,331,1429,1,,3194,44687.4,PAID,CARD,TX-CLI0HUMW7SCK
8878,86,1251,1,,1596,46275.0,PAID,GATEWAY,TX-RKCYY6ITGEFR
8879,608,1228,1,,3098,29940.0,PAID,GATEWAY,TX-UQ133RZ6DWMY
8880,231,1482,1,,110,50505.0,PAID,GATEWAY,TX-6M0Z8YWMCYNR
8881,479,1114,1,,3168,87039.9,PAID,GATEWAY,TX-4A07SO97RUI8
8882,627,1489,2,3,2316,42253.2,PAID,CASH,TX-Z5C6IR691E4X
8883,,538,2,1,2159,45520.2,FAILED,TRANSFER,
8884,440,1306,1,,2022,88184.4,REFUNDED,GATEWAY,TX-3TF856KMOJJC
8885,282,1088,2,1,651,17242.5,REFUNDED,CASH,TX-VP9NW00SA5BO
8886,530,458,1,,767,19304.62,PAID,GATEWAY,TX-7PV2V0HVC3PX
8887,234,1105,1,,1682,46957.68,PAID,GATEWAY,TX-IC7T1JUEYUA0
8888,326,229,2,3,,122534.28,PAID,CASH,TX-50I0I708UHZA
8889,536,1387,1,,,50505.0,PAID,GATEWAY,TX-WLB48Z4MQ42E
8890,237,75,1,,1927,15729.6,PAID,GATEWAY,TX-VR6ATTMP1QFE
8891,12,295,1,,2903,57682.8,PAID,CARD,TX-S7QM41V09IKK
8892,212,705,1,,2674,106796.7,PAID,GATEWAY,TX-FZ0H7EC41MVT
8893,530,455,1,,761,42282.0,PAID,CARD,TX-ATIDEBRTUZU1
8894,207,213,1,,2753,40704.0,REFUNDED,CARD,TX-W0FJ7HLVTJYQ
8895,478,465,1,,93,43588.8,PAID,CARD,TX-1B8BXR904RM0
8896,194,418,2,1,,17151.75,PAID,CARD,TX-40F13U39BD15
8897,346,477,1,,1787,62121.0,PAID,GATEWAY,TX-KGYI1CJPM21B
8898,493,619,2,1,2972,41164.2,PAID,CARD,TX-UGBOCVFJDUMI
8899,346,1101,1,,348,17787.0,PAID,CARD,TX-0SZ4DFXPB49N
8900,,1062,1,,2675,46638.0,PENDING,CARD,
8901,330,101,2,4,,60984.0,PAID,TRANSFER,TX-2UHM0CI6YXAK
8902,122,1270,1,,553,39133.5,REFUNDED,CARD,TX-95P2ZXZO3JRS
8903,365,1081,1,,3136,18142.5,PAID,GATEWAY,TX-KW4SZ21MK4AN
8904,255,1322,2,1,440,73093.68,REFUNDED,TRANSFER,TX-0LA4088DEQCG
8905,158,1309,2,2,2330,13721.4,PAID,CASH,TX-RK1OL0GNU2AY
8906,388,90,1,,3130,56900.25,PAID,CARD,TX-MYWMYZPUNGSG
8907,42,937,1,,1972,29659.2,PAID,CARD,TX-J8N1YXE825Y5
8908,109,1217,1,,2038,21165.0,PAID,GATEWAY,TX-BL9QNPI5Y5A9
8909,181,611,1,,2634,88324.92,PAID,CARD,TX-EIQ823USOHIL
8910,544,1374,2,2,2915,16335.0,PAID,CASH,TX-IQZ8040Q3BPA
8911,291,701,1,,2911,19468.5,PAID,GATEWAY,TX-610RU4X4NADP
8912,562,1147,2,1,782,50348.1,PAID,CASH,TX-RYHIE2BXB5LZ
8913,369,14,2,4,454,36300.0,PAID,CASH,TX-HX1SN2H47AC9
8914,271,1499,1,,2741,37352.7,PAID,GATEWAY,TX-DLJDSBT22ZKL
8915,606,1135,1,,658,46899.6,PAID,CARD,TX-U5GHQAAKB9NF
8916,632,1110,1,,1085,66295.5,PAID,CARD,TX-92GDVLIUZYGP
8917,596,1044,2,1,,43451.1,PAID,CARD,TX-YWKC20HIL1VO
8918,,482,2,1,2813,29040.0,FAILED,CASH,
8919,483,413,2,3,96,84488.25,PAID,TRANSFER,TX-C1UAF7NPG3A6
8920,321,891,1,,,37109.25,PAID,CARD,TX-P4SLZTGWA8RM
8921,276,310,1,,1040,61555.72,PAID,GATEWAY,TX-ZNUAF4J990DS
8922,29,1279,1,,1881,17242.5,REFUNDED,CARD,TX-ML9S4R11BP8O
8923,635,223,2,1,112,48024.9,PAID,TRANSFER,TX-02W5H0JUKHN7
8924,242,173,1,,2365,49416.0,PAID,GATEWAY,TX-G81D0PL1KJFD
8925,73,1302,1,,1420,19876.35,REFUNDED,CARD,TX-3E1BBGTM8YPE
8926,299,454,2,4,270,49005.0,PAID,CARD,TX-RMOOSO4XGV2X
8927,286,559,2,4,490,60838.8,PAID,CARD,TX-BF1J14EZDUJL
8928,551,894,2,2,2252,13068.0,PAID,CARD,TX-Z8RR1TAO26MK
8929,107,805,1,,476,29659.2,PAID,GATEWAY,TX-6BCH4J2LFQ5K
8930,448,1037,1,,1769,61528.5,PAID,CARD,TX-I7090M0FFW09
8931,,743,2,3,,24829.2,FAILED,CARD,
8932,401,1413,1,,2017,14701.5,PAID,CARD,TX-D3Z663Q28ECS
8933,157,386,1,,1226,28488.0,PAID,GATEWAY,TX-E8Y5TCAVZR0X
8934,431,1004,1,,1332,33570.0,PAID,CARD,TX-QHTBRX2HV55S
8935,428,318,2,1,750,26136.0,PAID,CARD,TX-1D2ZV77O8XV8
8936,,7,1,,170,13914.6,FAILED,CARD,
8937,,1453,2,3,836,43560.0,FAILED,CARD,
8938,143,1167,1,,337,52655.25,PAID,GATEWAY,TX-5FB3STUV2L12
8939,140,1248,1,,,29959.2,PAID,GATEWAY,TX-7XRK77ABL66E
8940,353,1184,1,,208,32205.12,PAID,CARD,TX-SR9CYX5ISMCB
8941,,129,2,4,392,27588.0,FAILED,TRANSFER,
8942,558,69,1,,2758,46720.2,PAID,CARD,TX-6FU3YF3HK9D5
8943,251,1362,1,,1262,49005.0,PAID,CARD,TX-OZ4U8N2LR4L1
8944,323,683,2,4,925,66646.8,PAID,CARD,TX-MJSX20ISJH9C
8945,393,49,1,,3111,16020.0,PAID,CARD,TX-NIOWXJY90YNC
8946,123,679,1,,1784,33570.0,PAID,CARD,TX-I9HSN5EPBMK5
8947,439,117,2,4,2352,53361.0,PAID,CASH,TX-PLZ8X0SK8FE8
8948,,621,2,3,1146,17787.0,FAILED,CARD,
8949,450,1395,1,,707,35985.0,REFUNDED,GATEWAY,TX-JSSGU9H67JC3
8950,23,271,1,,1506,60369.0,PAID,CARD,TX-OZ4NYJ6OL207
8951,634,1275,1,,2290,43124.4,PAID,CARD,TX-VLRAVBVIRJNW
8952,,539,1,,1566,43888.8,FAILED,GATEWAY,
8953,247,541,1,,320,46246.2,PAID,GATEWAY,TX-MF3DWN6WF9XS
8954,455,791,1,,820,13706.64,PAID,CARD,TX-20OF9THWJKE0
8955,492,864,1,,1959,27336.0,PAID,CARD,TX-PX7OU8R8JSJ4
8956,457,1171,1,,2039,27602.28,PAID,GATEWAY,TX-87X7Y378TUJV
8957,10,331,2,3,,41382.0,PAID,CARD,TX-HWJ4ID9VAMLF
8958,600,468,2,3,1782,77682.0,PAID,TRANSFER,TX-JIVO6ZCMOV8E
8959,578,722,1,,1220,35283.6,PAID,GATEWAY,TX-HMNG8FG2N7YQ
8960,265,586,1,,2450,38143.8,PAID,CARD,TX-EZ0RXQ37S9M3
8961,217,490,1,,,44460.0,PAID,CARD,TX-2JFUK87Z4Y1Y
8962,12,527,1,,676,19057.5,REFUNDED,GATEWAY,TX-C1US0LMQ78R0
8963,362,1418,2,4,212,57680.7,PAID,CASH,TX-4PZGTIO50PJL
8964,107,216,1,,1410,49905.0,PAID,GATEWAY,TX-O7J2BH7NU4WQ
8965,22,1273,1,,2396,82330.5,PAID,CARD,TX-48T2KW63CDRK
8966,425,262,1,,2822,63190.8,PAID,CARD,TX-P4IJ4IWJ7ZW5
8967,,118,2,3,1117,15972.0,FAILED,CASH,
8968,239,899,1,,1421,58697.1,PAID,CARD,TX-SJPOYNCCVTVF
8969,411,861,1,,1465,49224.9,PAID,CARD,TX-0YGS65SNQ0OK
8970,134,337,1,,2231,14694.0,PAID,GATEWAY,TX-V8HZOSMNMHAU
8971,359,1434,2,4,694,39204.0,PAID,CARD,TX-YQF0HPS0860P
8972,532,1379,1,,3147,49224.9,PAID,GATEWAY,TX-N63JWF4EILGU
8973,,923,1,,1858,55105.5,PENDING,GATEWAY,
8974,554,741,2,3,1735,17968.5,PAID,CARD,TX-XHDW371SXD04
8975,562,160,1,,3180,62910.0,PAID,CARD,TX-OZJ3PPJKDVXE
8976,598,721,1,,1770,17535.0,PAID,GATEWAY,TX-5U4IZT521QKC
8977,17,524,2,4,3188,60475.8,PAID,TRANSFER,TX-EGVF1E06KZ86
8978,475,1042,1,,1392,46064.7,REFUNDED,CARD,TX-0RUMQ8W6C42H
8979,,768,1,,837,38552.7,FAILED,CARD,
8980,480,949,2,3,2661,14520.0,PAID,TRANSFER,TX-PG973FDAAK48
8981,,1427,1,,2877,14994.0,PENDING,GATEWAY,
8982,,477,1,,241,14268.0,PENDING,CARD,
8983,460,44,2,4,1769,13068.0,PAID,CARD,TX-ED2KA3WYCVN3
8984,360,184,1,,766,55350.0,PAID,CARD,TX-8DPPEYYI0FUV
8985,,78,1,,1226,33570.0,PENDING,GATEWAY,
8986,199,1378,2,2,1035,56628.0,PAID,CASH,TX-PBYC0CYZ8V0J
8987,191,168,1,,2575,42882.0,PAID,CARD,TX-7J120XGDQ0QX
8988,173,806,2,2,1784,37933.5,PAID,TRANSFER,TX-LUEVWRW55687
8989,640,1149,1,,2377,60621.0,REFUNDED,GATEWAY,TX-XUTPDXQUDO78
8990,11,460,1,,207,35503.5,PAID,GATEWAY,TX-65BNVC4GF7Q5
8991,601,804,2,4,1028,39204.0,PAID,CARD,TX-UBC5E4OTRLC8
8992,631,917,1,,3050,27036.0,PAID,CARD,TX-HB2VLHV5XN6Z
8993,414,416,2,1,,49005.0,PAID,CARD,TX-3GZXWEA9X0X0
8994,150,1070,2,1,632,38419.92,PAID,CARD,TX-MWVGAPYBIRUD
8995,397,1219,2,4,2030,43560.0,PAID,CASH,TX-S58QSFVXHEIK
8996,,246,2,2,1127,14701.5,PENDING,CARD,
8997,485,960,2,1,1372,48823.5,PAID,CASH,TX-KI1KJ7AJYWJ7
8998,,1250,1,,3091,50505.0,FAILED,GATEWAY,
8999,434,1317,1,,665,99200.4,PAID,CARD,TX-REA189IQ7C0U
9000,422,361,1,,1772,33570.0,PAID,CARD,TX-2XG54LXTDSPH
9001,240,196,2,3,1037,41382.0,PAID,CASH,TX-BQE107E3M4UO
9002,129,75,2,1,1722,35283.6,PAID,CASH,TX-M0CCEXGPQD14
9003,573,513,1,,1068,18987.0,PAID,GATEWAY,TX-OS13JPLSADAX
9004,545,947,1,,1738,29940.0,PAID,CARD,TX-IDFNTPQM0F3M
9005,290,432,1,,748,42582.0,PAID,GATEWAY,TX-A1DFZ09JUU3U
9006,340,831,1,,852,14694.0,PAID,CARD,TX-HLJ5H0J2FMJ4
9007,367,1231,1,,1440,39619.92,PAID,CARD,TX-K04W1PPVFGRV
9008,211,1408,1,,1860,56593.8,PAID,GATEWAY,TX-ZTULHDS790N1
9009,119,266,2,3,2840,44721.6,PAID,CASH,TX-KFL4F4DH4LR4
9010,354,1213,2,1,1654,30049.14,PAID,CASH,TX-W3G81FUSJHTG
9011,445,1286,1,,1721,33870.0,PAID,CARD,TX-BY9RX20KO0ZO
9012,,1129,1,,1730,71148.0,FAILED,CARD,
9013,267,1369,1,,2584,66320.1,PAID,CARD,TX-TN8LERVLUBSL
9014,179,296,2,1,,15173.4,REFUNDED,CASH,TX-PKSBA1CJDQM0
9015,,196,1,,2470,36474.0,FAILED,GATEWAY,
9016,448,695,2,2,1735,68688.68,PAID,CASH,TX-W6AD3Q6JZ27I
9017,308,914,2,3,337,37933.5,PAID,TRANSFER,TX-S4EWSLRWKEA1
9018,600,1124,1,,1924,85188.6,PAID,GATEWAY,TX-K7W0W9SLZ2ME
9019,463,629,2,1,3093,27551.7,PAID,CASH,TX-NLESB53RUECM
9020,183,1234,2,1,1506,99273.24,PAID,TRANSFER,TX-ZBPI4TF2FIR5
9021,633,1129,2,1,1556,36209.25,PAID,CARD,TX-SB2JQF9OTCB4
9022,595,867,2,1,2031,52272.0,PAID,CARD,TX-8YRESI1OXZDS
9023,293,468,1,,2996,27036.0,PAID,CARD,TX-TAGGJARW07PJ
9024,238,317,1,,1375,40704.0,PAID,CARD,TX-E9QO7TA6D5JQ
9025,318,619,1,,,45604.5,PAID,CARD,TX-6SFYPCW6FYQH
9026,445,1269,1,,2484,33570.0,PAID,GATEWAY,TX-S9I9FSSBM4I2
9027,,1416,1,,2503,64207.2,FAILED,GATEWAY,
9028,573,747,1,,1299,13914.6,PAID,CARD,TX-6A218VTWYSKY
9029,,493,1,,,81486.0,FAILED,CARD,
9030,259,1170,1,,2613,57392.4,PAID,CARD,TX-JEZC4V4RK2TR
9031,393,1068,1,,,32916.6,PAID,GATEWAY,TX-XHSY5YGIM1N0
9032,570,1416,1,,210,54261.0,PAID,CARD,TX-BVAK3SX88L56
9033,483,818,2,2,3198,28749.6,PAID,CARD,TX-MKU45T0JUK02
9034,70,212,2,4,1357,53905.5,PAID,CARD,TX-QRX5DM7KT5F4
9035,550,1196,2,2,871,93915.36,PAID,CARD,TX-JDITM2Q38LYT
9036,52,336,2,4,852,49005.0,PAID,CASH,TX-NEZST8B68HE9
9037,173,205,1,,572,56076.0,PAID,CARD,TX-3P6K0GTFPYYT
9038,357,667,1,,1243,52927.5,PAID,GATEWAY,TX-NTGFOYJBRP5C
9039,246,1390,1,,2457,30240.0,PAID,CARD,TX-N4E7VJZY6IKF
9040,250,597,1,,2063,66840.0,PAID,CARD,TX-Y797WC54L8VZ
9041,480,1290,2,2,1534,28459.2,PAID,CASH,TX-JX7KI27L8E19
9042,543,594,1,,3119,98229.9,PAID,CARD,TX-DK5GZ2KLA2VD
9043,327,1192,1,,2923,55350.0,PAID,GATEWAY,TX-YY60KGK5Y73O
9044,602,86,1,,1067,58100.25,PAID,CARD,TX-EGAE5TLS7XAX
9045,323,178,1,,2616,17535.0,PAID,GATEWAY,TX-EC5E5EHWX0DU
9046,566,659,2,2,564,42688.8,PAID,CARD,TX-QJ5AXGEGE0WS
9047,459,349,2,3,608,24829.2,PAID,CARD,TX-1S25SIVH0IQH
9048,,653,1,,3175,15720.0,FAILED,CARD,
9049,130,984,1,,2782,52927.5,PAID,GATEWAY,TX-6T3GGXS2KJBI
9050,265,1397,1,,3184,67692.0,PAID,CARD,TX-WLB5IYGFK2LA
9051,95,400,2,3,2578,72237.0,PAID,CARD,TX-3G3GZD8RCUUD
9052,534,1227,2,3,2181,14229.6,PAID,CASH,TX-ISOB1YP7M7RW
9053,444,714,1,,2296,98169.48,PAID,GATEWAY,TX-OYNLFUYN04BB
9054,89,677,1,,811,55350.0,PAID,CARD,TX-S4RJYY1R84B6
9055,611,145,1,,1705,32505.12,PAID,CARD,TX-I4OYQHHNHIWZ
9056,12,1366,2,4,,54450.0,PAID,CASH,TX-967MX2LP170X
9057,280,824,2,2,,12414.6,PAID,CARD,TX-O1QSRTS4ZL6K
9058,459,1165,1,,2070,18742.5,PAID,CARD,TX-KFLX2WZF3I7E
9059,292,1158,1,,1928,15901.5,PAID,CARD,TX-KR4A3OH12UJI
9060,116,1410,1,,,41382.0,PAID,CARD,TX-Z7VBKP4F13PE
9061,590,952,1,,1616,18150.0,PAID,CARD,TX-WC2OEVQ7KKUY
9062,315,709,1,,2599,56918.4,REFUNDED,CARD,TX-HRX80TUE4KML
9063,488,1029,1,,,28788.0,PAID,CARD,TX-R5K48MT6F0T8
9064,154,1392,2,1,893,15518.25,PAID,CASH,TX-AE3HX9JS2M3K
9065,143,1020,2,1,664,16335.0,REFUNDED,CARD,TX-2WPKMM9DG7AR
9066,393,649,1,,2292,52272.0,PAID,CARD,TX-40UFOGKMR6XD
9067,194,21,1,,12,36474.0,PAID,CARD,TX-A1LNIIOEYME3
9068,330,459,1,,,19057.5,PAID,CARD,TX-124Z0HIXSJSA
9069,308,322,2,3,2150,29403.0,PAID,CARD,TX-2CREJ05HQSR3
9070,264,446,2,1,1444,34485.0,PAID,CARD,TX-3S1M0BVNDWO4
9071,173,589,2,3,77,29040.0,PAID,CASH,TX-I9OMS72OTRZL
9072,,1377,2,3,1462,54450.0,PENDING,CARD,
9073,401,352,1,,117,16718.25,PAID,GATEWAY,TX-BXPUJQ5Q8STC
9074,577,895,1,,1138,33516.6,PAID,CARD,TX-Z5GC2O0OA89U
9075,194,785,2,1,551,53361.0,PAID,CASH,TX-2C0W90P5MPIR
9076,344,1338,1,,1182,50205.0,PAID,GATEWAY,TX-HU2UL9NC176O
9077,130,587,2,3,915,43560.0,PAID,CASH,TX-PTQNTL1N51ZP
9078,259,69,2,4,,13068.0,PAID,CARD,TX-1T9DXUCMYXWQ
9079,401,1370,2,2,1624,19965.0,PAID,TRANSFER,TX-OQVNQC0B3BC0
9080,,1143,1,,3117,76907.28,PENDING,CARD,
9081,426,768,1,,1203,18687.0,PAID,CARD,TX-3TR11TSWBQ9Q
9082,46,1440,1,,1604,13706.64,PAID,GATEWAY,TX-0ZGPHB11H04W
9083,,319,1,,,38419.92,FAILED,CARD,
9084,31,1300,2,1,717,39204.0,PAID,CARD,TX-0V8NJYXMJ00U
9085,185,488,1,,3052,15420.0,PAID,CARD,TX-SUG2490A72JN
9086,154,1192,2,1,2564,26644.2,PAID,CASH,TX-URQD72KHD8XY
9087,291,1394,1,,18,98421.0,PAID,GATEWAY,TX-9LJHQ7WSXBPP
9088,,286,2,4,529,28967.4,FAILED,CASH,
9089,357,267,2,2,794,11761.2,PAID,CARD,TX-Q8CUS8OCYM5J
9090,570,1273,1,,1741,36774.0,REFUNDED,GATEWAY,TX-VJ6JR9NOS6Z1
9091,37,573,1,,1944,40104.0,PAID,CARD,TX-2TNIC8AFROJR
9092,150,1328,1,,1908,53227.5,PAID,CARD,TX-7C2M414R6HOD
9093,257,445,1,,1992,49005.0,PAID,CARD,TX-LC9O7DFF4III
9094,575,185,2,3,728,42979.2,PAID,CASH,TX-12PGMB29NSZ7
9095,352,38,2,4,,51727.5,PAID,TRANSFER,TX-FRTPPB5DF42D
9096,284,203,2,1,3041,29040.0,PAID,CARD,TX-KS1HU5C5B69N
9097,227,669,1,,3189,52998.0,PAID,CARD,TX-3AIXTEVWPZ7X
9098,583,21,1,,2243,15429.6,PAID,GATEWAY,TX-1YPVZY4JLC0V
9099,,114,2,2,619,14229.6,FAILED,TRANSFER,
9100,282,1186,1,,2068,57891.0,PAID,CARD,TX-KP6VHX73PGM8
9101,165,680,1,,696,41382.0,REFUNDED,CARD,TX-GJCGX77LI89P
9102,390,1336,1,,150,54450.0,PAID,GATEWAY,TX-STEVYTAY36QB
9103,219,1253,1,,2301,99790.8,PAID,GATEWAY,TX-7J6XLMMK0BZX
9104,228,722,2,3,2546,93512.43,PAID,CASH,TX-RKQG9HOH7GJ0
9105,,73,1,,2429,28788.0,FAILED,GATEWAY,
9106,27,1374,1,,1504,28459.2,PAID,GATEWAY,TX-LQM0DGR7ZJLJ
9107,620,490,2,2,1601,28459.2,PAID,CASH,TX-VFI1KMDWBWNP
9108,503,711,1,,1486,36774.0,PAID,GATEWAY,TX-FQ4JYK7Z9ID3
9109,391,847,1,,1296,39315.0,PAID,GATEWAY,TX-AL83JP07VUYM
9110,39,533,2,3,68,15972.0,PAID,CASH,TX-2BA6KBZM5O22
9111,237,897,2,4,90,77137.5,PAID,CASH,TX-1BJ0Q6VRVLBH
9112,308,1169,1,,2325,44188.8,PAID,GATEWAY,TX-I81KDNB7NDWE
9113,306,165,1,,,37800.0,PAID,CARD,TX-SFPZXWXSWXNO
9114,174,566,1,,,28488.0,PAID,GATEWAY,TX-APJIAIFUCGP2
9115,68,1221,2,4,2264,27442.8,PAID,CARD,TX-M03YXVN628D4
9116,147,429,2,1,331,53361.0,PAID,TRANSFER,TX-JSE5PRFUHCIB
9117,165,654,2,4,1622,17787.0,PAID,CASH,TX-ORDKQOZ542IC
9118,371,1375,2,1,3152,45738.0,PAID,CARD,TX-UCTG2BGI983K
9119,499,805,1,,1344,95916.3,PAID,GATEWAY,TX-SYAVOSWSWBVR
9120,216,264,1,,2018,35203.5,PAID,CARD,TX-RYR0SVXVMLHD
9121,,1085,2,4,1503,17787.0,FAILED,CASH,
9122,543,785,1,,2180,40404.0,PAID,CARD,TX-NLN8CWG9RXJ5
9123,,800,1,,2987,119138.7,FAILED,CARD,
9124,158,866,2,2,2477,28459.2,PAID,CASH,TX-3R5MVGXGRS49
9125,342,1088,2,2,2714,13068.0,PAID,CARD,TX-V9KXJ1JOZ2OP
9126,297,1322,2,1,635,76121.1,PAID,CARD,TX-KXGHKGGKVEE4
9127,208,1083,1,,,76849.2,PAID,CARD,TX-OAKHKXBDX0CO
9128,622,1135,1,,2358,39407.28,PAID,CARD,TX-1BK600CZZFX9
9129,243,985,2,1,,66247.5,PAID,CASH,TX-GK5B1RF05BMR
9130,,571,1,,991,28642.8,FAILED,CARD,
9131,519,1105,1,,,31147.5,PAID,CARD,TX-NC6DDIHMQAHA
9132,241,772,1,,3177,64697.25,PAID,CARD,TX-GR7PYFT6ZNR5
9133,284,1097,1,,2762,30240.0,PAID,GATEWAY,TX-60HGMXAIOML0
9134,633,1274,1,,567,77856.0,PAID,CARD,TX-FF4XYJBQA54O
9135,203,972,1,,,31546.8,PAID,GATEWAY,TX-TR3J86FOB5C7
9136,33,1298,2,4,1156,49005.0,PAID,CARD,TX-BHLW6EBRLGNJ
9137,317,257,2,2,1532,30855.0,PAID,CARD,TX-WRN7P1GZTB3I
9138,371,1326,2,4,1010,18104.62,PAID,CASH,TX-BQUE5Z7W1R58
9139,353,814,2,3,945,13068.0,PAID,CARD,TX-XT5TEIAFZC6G
9140,,838,1,,919,47454.75,PENDING,CARD,
9141,536,938,1,,1366,17235.0,PAID,CARD,TX-7JGGKF8SUMD4
9142,557,209,1,,754,29940.0,PAID,GATEWAY,TX-MQC7WDRSJ47L
9143,37,1318,1,,580,59923.8,PAID,GATEWAY,TX-JM35VZ8IRJDM
9144,21,1041,2,2,2920,32307.0,PAID,CASH,TX-TUW34P2PBGCI
9145,381,568,1,,238,41856.0,PAID,CARD,TX-GCMCXOCCV8V2
9146,594,884,2,2,583,64795.5,PAID,CARD,TX-4M95RXQCKZ4I
9147,589,465,2,2,2539,16335.0,PAID,CARD,TX-6G40VC8XAQFF
9148,553,436,1,,2891,78664.2,PAID,GATEWAY,TX-24G91TIQRW5S
9149,415,1246,1,,2078,60940.2,REFUNDED,CARD,TX-3EWN3IF9QKK3
9150,51,436,2,4,687,28749.6,PAID,CARD,TX-WBX9JC81W4T0
9151,400,407,2,2,2269,51455.25,PAID,CASH,TX-F8GUYXZC0076
9152,337,625,1,,2890,36474.0,PAID,GATEWAY,TX-FZACCTI2MHWX
9153,226,987,1,,115,41382.0,PAID,CARD,TX-4RT6XU3CBI6Y
9154,112,811,2,4,141,70785.0,PAID,CARD,TX-GLSYEALWPJJ6
9155,487,537,1,,2139,15720.0,PAID,CARD,TX-CU4EQ0UK6SBT
9156,590,1346,1,,1455,19050.0,PAID,CARD,TX-RARZUNVNG23B
9157,243,1117,2,3,1637,48678.3,PAID,CASH,TX-J2F6G4P5LB0C
9158,567,140,1,,2982,40104.0,PAID,GATEWAY,TX-0BT9MRLN2FEQ
9159,501,209,1,,292,20465.7,PAID,GATEWAY,TX-K1AJZOUQ4WR0
9160,390,1466,2,3,351,63706.5,PAID,CARD,TX-WK2YRXZRWB8W
9161,357,1260,2,1,862,50820.0,PAID,CASH,TX-PTXZZ82BXXPL
9162,291,247,1,,835,29940.0,PAID,CARD,TX-GJSA0FG92YLX
9163,363,1267,1,,453,29359.2,PAID,GATEWAY,TX-Y6EKNSX50UL2
9164,544,327,2,1,2485,51727.5,PAID,CARD,TX-NZKPBGIE9GJG
9165,156,735,1,,2998,67155.0,PAID,GATEWAY,TX-5D0Q2OVZGQHZ
9166,284,779,1,,1699,46420.2,PAID,GATEWAY,TX-CLK3R1GL58NQ
9167,174,1270,2,2,2547,31036.5,PAID,CARD,TX-M4WVG2A5Y526
9168,264,1316,1,,1399,74589.0,PAID,GATEWAY,TX-KB6GNFIWAYKJ
9169,74,323,2,2,675,68389.2,PAID,CARD,TX-SSK0HT0G82I9
9170,109,1414,1,,519,44760.0,PAID,CARD,TX-YUUAZ4X8BPYR
9171,500,666,1,,,26813.28,PAID,CARD,TX-9N3907EI1END
9172,,408,2,3,2692,52293.78,PENDING,CASH,
9173,340,1141,1,,1310,57237.6,PAID,CARD,TX-HSKTBO8JS464
9174,293,1444,1,,2264,55813.88,PAID,CARD,TX-LJ58964GG7MP
9175,640,1174,2,1,,14520.0,PAID,CARD,TX-1FNX0PAJK2S0
9176,389,284,1,,1054,15129.6,PAID,CARD,TX-X5GDPWMKI25M
9177,109,601,1,,1519,43588.8,PAID,CARD,TX-LB8PT1MEUT7E
9178,495,664,1,,1822,64668.45,REFUNDED,CARD,TX-1510AXZQFFG4
9179,294,50,2,3,2738,47044.8,PAID,CARD,TX-BBMLMBAI1SCK
9180,14,878,1,,1644,40104.0,PAID,CARD,TX-XN6IT7MQAJFM
9181,503,1004,1,,2950,26136.0,PAID,CARD,TX-EZ0QL1GWAL7U
9182,601,180,1,,2841,28788.0,PAID,CARD,TX-U5WKKYSPP9UU
9183,447,1384,1,,,68055.0,PAID,CARD,TX-SE0K31BW7F9V
9184,341,575,2,3,1370,56482.8,PAID,CASH,TX-H200OA316K1C
9185,141,702,1,,3149,32916.6,PAID,GATEWAY,TX-NO8WGG6BY9C2
9186,162,396,2,3,2049,37243.8,PAID,CARD,TX-TN4I25KN6JNX
9187,,1388,2,3,642,45055.56,FAILED,TRANSFER,
9188,288,35,1,,2767,26029.2,PAID,CARD,TX-WUW1N21IEZZI
9189,100,840,1,,,17835.0,PAID,GATEWAY,TX-0AE0KVMEVLQ3
9190,279,1458,2,4,595,18150.0,PAID,TRANSFER,TX-6G566Y1G39EL
9191,408,528,1,,1295,42834.0,PAID,CARD,TX-QNSTBP9B0D65
9192,104,320,1,,2101,17535.0,PAID,CARD,TX-PUL3F96EUYET
9193,426,902,1,,1123,81123.24,REFUNDED,GATEWAY,TX-WTXCCR466BTG
9194,219,822,1,,1183,47727.0,PAID,GATEWAY,TX-JNLP0M4ZIIBC
9195,252,155,2,3,758,13068.0,PAID,CARD,TX-AYYHDQG74MK8
9196,111,1029,1,,2813,44188.8,PAID,GATEWAY,TX-RAC749IK3RLA
9197,14,137,2,4,,27588.0,PAID,CASH,TX-U8U2D9UUGXKF
9198,82,1109,1,,2845,32064.6,PAID,GATEWAY,TX-BPSL1GW2AVA8
9199,13,451,1,,3102,52446.0,PAID,GATEWAY,TX-AGXOYZXLEWYM
9200,94,610,2,3,2921,26136.0,PAID,CARD,TX-XZDH3LS62JWT
9201,,1469,1,,465,53905.5,FAILED,GATEWAY,
9202,114,313,1,,1972,13968.0,PAID,CARD,TX-H20HLHDSZ827
9203,622,61,2,1,2681,56047.2,PAID,TRANSFER,TX-G4QGFBVETYB1
9204,583,717,2,3,2063,36209.25,PAID,CARD,TX-OZGQ7MVGM09Z
9205,528,83,2,3,702,14701.5,PAID,CARD,TX-4RVY95AP5VCP
9206,253,214,1,,1602,49905.0,PAID,CARD,TX-WPDM8JOUW4T9
9207,161,1298,1,,653,37200.0,PAID,CARD,TX-Q73BNPC80Q2G
9208,160,1131,1,,256,73363.88,PAID,GATEWAY,TX-VBZKL3P9TGIL
9209,28,416,1,,2734,24722.4,PAID,CARD,TX-1U59H8IJ0A0Z
9210,409,914,1,,1921,54261.0,PAID,GATEWAY,TX-TIXBMQW2DMXK
9211,414,469,1,,,31726.2,PAID,CARD,TX-N9ZH7TFVBPY4
9212,393,1153,1,,480,118594.2,REFUNDED,GATEWAY,TX-QQQZH6QU2LSS
9213,418,795,1,,,33570.0,PAID,CARD,TX-5YONILK09C5T
9214,35,138,1,,2518,31936.5,PAID,CARD,TX-QK18AX7HP4R8
9215,113,922,2,4,,18150.0,PAID,CARD,TX-A8XB3GZZCD7W
9216,,146,2,3,156,63525.0,FAILED,CARD,
9217,392,37,1,,2678,37500.0,PAID,GATEWAY,TX-J3JZUU1BGEKS
9218,75,88,1,,977,15420.0,PAID,GATEWAY,TX-O96T3WBH1MW5
9219,270,206,1,,,29359.2,PAID,GATEWAY,TX-F32YDCQOI2MT
9220,172,1099,1,,8,66167.4,PAID,GATEWAY,TX-DHJIFBZ0NTRS
9221,502,1351,1,,2876,20257.5,PAID,CARD,TX-ODB9J34721PG
9222,527,497,1,,1696,44351.1,PAID,CARD,TX-YAGRMII32F94
9223,123,836,2,3,,41382.0,PAID,CARD,TX-VQCJZI9WRXTG
9224,281,1203,2,1,626,39204.0,PAID,CASH,TX-KNCW0BY3AVP6
9225,215,251,2,4,1470,16335.0,PAID,CARD,TX-ORVV9XSGWXML
9226,215,698,1,,2829,33570.0,PAID,GATEWAY,TX-ZPFCVZ921INI
9227,13,835,1,,2126,27336.0,PAID,CARD,TX-K94YDZFULL6Q
9228,312,11,2,4,2540,36300.0,PAID,CARD,TX-S5NRBA27BN3W
9229,220,699,2,2,268,48024.9,PAID,CARD,TX-R247KH3FNMJL
9230,368,9,1,,2290,40104.0,PAID,GATEWAY,TX-PV8SBDUS6P3K
9231,,561,1,,2050,64173.24,FAILED,CARD,
9232,538,1143,2,3,3023,14374.8,PAID,CARD,TX-K4S1GS63MLDU
9233,432,681,2,3,1460,31472.1,PAID,CARD,TX-BYE07C39T2NU
9234,,668,1,,3085,19604.62,FAILED,CARD,
9235,588,635,1,,2083,40404.0,PAID,CARD,TX-9I56GD545Y5Z
9236,268,284,1,,1919,70324.8,PAID,CARD,TX-URA509HPQDHI
9237,516,366,2,4,1075,50311.8,PAID,CASH,TX-DBX9JEN1O2TH
9238,574,851,1,,525,32536.5,PAID,CARD,TX-YMTHHVZZER9E
9239,236,1161,1,,3103,26029.2,PAID,CARD,TX-7RTIJP4JCTR9
9240,,1436,1,,2326,79224.75,FAILED,CARD,
9241,548,1326,2,4,1867,80186.7,PAID,CASH,TX-3SMQH3OB8COS
9242,,49,1,,1670,43588.8,FAILED,CARD,
9243,526,4,1,,488,43879.2,PAID,GATEWAY,TX-9156Y65CBRTK
9244,596,855,2,3,2190,26136.0,PAID,CASH,TX-2ZI0E1TJ22FL
9245,393,89,1,,342,53227.5,PAID,CARD,TX-FFFKZEOX0099
9246,318,114,1,,2150,59169.0,PAID,CARD,TX-W1OV8D0LMWNI
9247,543,125,1,,116,44760.0,REFUNDED,GATEWAY,TX-9VD1YYSXJB2T
9248,602,96,1,,2172,33144.0,PAID,GATEWAY,TX-PJRCQOOYJKWC
9249,,1378,2,4,939,70131.6,FAILED,CASH,
9250,490,175,2,1,3016,41382.0,PAID,CASH,TX-FXJ6C3WBLJ66
9251,15,1010,1,,7,56056.56,PAID,GATEWAY,TX-3VFPIABIVAPH
9252,14,384,1,,2549,42882.0,PAID,CARD,TX-AIX49JYKLBD3
9253,223,244,2,1,2732,27588.0,PAID,CASH,TX-J3UD4VHTQ0J1
9254,96,857,1,,3009,35574.0,PAID,CARD,TX-6QCVW9JNUGJ7
9255,231,1255,1,,2733,42282.0,PAID,GATEWAY,TX-C6AUEH0K1F0G
9256,396,346,2,4,,13721.4,PAID,CARD,TX-BC80DITOXP26
9257,179,828,1,,887,54261.0,PAID,CARD,TX-R89ZDU8BAYWZ
9258,175,1137,1,,2956,46554.75,PAID,CARD,TX-ZKR8H69KU0U5
9259,214,1098,1,,,94718.4,PAID,CARD,TX-74S5OSJV5C6K
9260,240,1055,2,3,1269,14701.5,PAID,CASH,TX-S7W0I1NWF45P
9261,11,1216,2,3,65,14520.0,PAID,TRANSFER,TX-UWYG2YBRCO1F
9262,,912,1,,1392,36655.5,PENDING,CARD,
9263,162,784,2,1,697,15246.0,PAID,CASH,TX-AS4SR71VFFRP
9264,389,257,1,,953,36474.0,PAID,GATEWAY,TX-JIDQX0P37LHP
9265,200,582,2,1,1618,34485.0,PAID,CASH,TX-SZICIY9Q63DA
9266,377,305,2,4,1262,71351.28,PAID,TRANSFER,TX-CFSXICO9P5QP
9267,225,894,2,3,332,42688.8,PAID,CASH,TX-UC1RQE15UM1O
9268,323,656,2,3,,42688.8,PAID,CARD,TX-I89YT6N6YJBP
9269,119,442,1,,3184,46938.0,PAID,CARD,TX-UUI4EJPGO1L5
9270,278,1229,1,,721,33516.6,PAID,CARD,TX-8MACWYLS5O9A
9271,,819,1,,1758,31082.16,FAILED,GATEWAY,
9272,,193,1,,1584,46638.0,PENDING,CARD,
9273,416,432,2,4,1443,32670.0,PAID,CASH,TX-R3F052D83W7X
9274,,1095,1,,161,67590.6,FAILED,GATEWAY,
9275,59,781,2,4,842,19057.5,PAID,TRANSFER,TX-L6H9Q57WS33H
9276,55,562,1,,2405,19350.0,REFUNDED,GATEWAY,TX-4T45RHMGXF39
9277,89,318,1,,255,93138.3,PAID,CARD,TX-GYIYAS3WDA31
9278,253,725,1,,619,43124.4,PAID,CARD,TX-KU69MEEWKFFL
9279,53,746,1,,1788,53227.5,PAID,GATEWAY,TX-6P44X73RBEHL
9280,512,1214,2,1,3051,34485.0,PAID,CARD,TX-TDI33FAJ5KNL
9281,588,302,1,,104,67111.2,PAID,CARD,TX-KUR1H89B6M7L
9282,342,913,2,1,,80622.3,PAID,CARD,TX-UMWM29ZHLEX4
9283,205,1498,1,,2379,90306.9,PAID,GATEWAY,TX-363LRIMN9BWX
9284,269,1274,2,2,260,17787.0,PAID,CARD,TX-06SPD8JPFUQH
9285,348,916,1,,,14520.0,PAID,CARD,TX-SC5YENYNG408
9286,,882,1,,1164,59597.1,FAILED,CARD,
9287,49,740,1,,1491,53361.0,PAID,CARD,TX-WF6Z46XNA4JA
9288,271,353,1,,2490,36774.0,PAID,GATEWAY,TX-HYLSQTWPCFEN
9289,160,1445,1,,283,69744.0,PAID,CARD,TX-I20K7YT624XU
9290,184,1464,2,3,1136,56918.4,PAID,TRANSFER,TX-0ZUUGLNGVW2C
9291,231,760,2,3,2392,63452.4,PAID,TRANSFER,TX-4JWMLX5TNCTY
9292,373,1328,1,,1768,18687.0,PAID,CARD,TX-NK59F0JI2GPR
9293,,766,1,,1673,39133.5,PENDING,GATEWAY,
9294,315,452,1,,730,58043.7,PAID,GATEWAY,TX-HICS6ZNHHQ91
9295,514,644,1,,2992,68718.0,PAID,CARD,TX-TI3DLYWCJIQ2
9296,380,804,2,2,2310,54313.88,PAID,CASH,TX-3N7L6RW65YEU
9297,520,830,1,,1671,35985.0,PAID,CARD,TX-DRSIDATUW6A8
9298,22,204,2,4,778,17151.75,PAID,CARD,TX-DA4UH8P5K113
9299,439,987,1,,878,16446.0,PAID,CARD,TX-FLEPJZSYL34H
9300,,427,2,3,1193,13794.0,PENDING,CASH,
9301,50,913,1,,2773,13968.0,PAID,CARD,TX-PVP4VF2XM8VL
9302,208,741,2,1,1424,13068.0,REFUNDED,TRANSFER,TX-616UHQKFVZIB
9303,71,778,2,1,2781,26136.0,PAID,CASH,TX-3ZI9RHIDFVBL
9304,136,687,1,,594,31119.75,PAID,GATEWAY,TX-HADU8IIYHZWR
9305,189,165,2,2,2953,16008.3,PAID,TRANSFER,TX-RJAAOKTYRQ4O
9306,623,112,1,,1236,27036.0,PAID,CARD,TX-3O94QS20CTHS
9307,28,356,2,1,1288,28459.2,PAID,CASH,TX-NAGTC99QA918
9308,625,1246,1,,1371,76258.8,PAID,GATEWAY,TX-ZJFIOPSLR0S2
9309,593,729,1,,161,60359.4,PAID,GATEWAY,TX-MV4TBI3AYH7O
9310,354,862,2,3,249,56900.25,PAID,CARD,TX-QYLVSBXPUVOW
9311,15,177,2,1,429,56800.42,PAID,CASH,TX-KPWAXQF0DUTA
9312,,1100,1,,1344,29040.0,FAILED,CARD,
9313,518,83,2,2,907,65957.1,PAID,TRANSFER,TX-3M67J18P8J44
9314,629,566,1,,2738,33870.0,PAID,GATEWAY,TX-794QNS2SX124
9315,537,715,1,,550,37200.0,PAID,CARD,TX-VHZQ7VPVD89J
9316,261,175,2,1,115,14941.08,PAID,CARD,TX-59MWFFMGM751
9317,237,965,1,,2889,45023.7,PAID,GATEWAY,TX-KJB9DI36TXLJ
9318,119,840,2,4,1925,13068.0,PAID,CASH,TX-VWX6A1YKMK4F
9319,282,211,2,4,1692,40510.8,PAID,CARD,TX-3N47ND5C2ZCP
9320,526,1084,1,,715,17835.0,REFUNDED,CARD,TX-W72RSQD3N0QD
9321,498,860,1,,2779,59895.0,PAID,GATEWAY,TX-0NGDW4HW1CRD
9322,53,951,1,,1804,28488.0,PAID,GATEWAY,TX-70DN944FAU91
9323,641,118,1,,2258,43588.8,PAID,CARD,TX-238Y2QUYJUVJ
9324,194,1294,1,,1363,15720.0,PAID,CARD,TX-ED9CFA6CH8SC
9325,577,1052,2,2,1454,29040.0,PAID,CARD,TX-OWL5AXRQS8LM
9326,131,615,2,3,1145,88209.0,PAID,CASH,TX-DV5PI04N20CH
9327,222,1152,2,2,3169,37352.7,PAID,TRANSFER,TX-HSH110EN9O48
9328,351,781,2,2,798,34485.0,PAID,CASH,TX-XM9I7BFTY4OV
9329,72,298,1,,2374,15429.6,PAID,GATEWAY,TX-ZKSRWS8GKN70
9330,97,1011,1,,42,43888.8,PAID,GATEWAY,TX-D0T0E3T1GB05
9331,267,688,2,3,254,68970.0,PAID,CASH,TX-NNKWE364DR50
9332,301,526,1,,357,27036.0,PAID,GATEWAY,TX-SVJFTCLD4JTB
9333,133,730,1,,,47664.0,PAID,CARD,TX-2WTWPXWVY3OI
9334,547,908,1,,37,15383.7,PAID,GATEWAY,TX-S8VSTZ9UH35R
9335,,1302,1,,1419,71583.6,PENDING,GATEWAY,
9336,298,510,2,4,2212,35283.6,REFUNDED,CASH,TX-F814FCSA4L66
9337,139,971,2,3,799,115434.0,PAID,CASH,TX-5XZIQUS9QMG3
9338,122,480,1,,973,60795.0,PAID,CARD,TX-RCYCRJSSQGZ3
9339,179,304,2,4,2800,56410.2,PAID,CASH,TX-G3Z646LD3QV0
9340,,444,1,,1241,53227.5,FAILED,GATEWAY,
9341,,1067,1,,2190,21165.0,FAILED,GATEWAY,
9342,123,708,1,,685,48090.0,PAID,GATEWAY,TX-QA1MAH7N9TSV
9343,163,262,2,2,1679,43560.0,PAID,CARD,TX-O2T88EAYN05A
9344,8,114,2,4,,18676.35,PAID,CASH,TX-0YZQWJ1HDLGS
9345,475,573,2,1,1360,52272.0,PAID,CARD,TX-6MPAVG8HOUAO
9346,,423,2,2,50,29040.0,FAILED,CARD,
9347,489,1246,1,,7,16201.5,PAID,GATEWAY,TX-TAN4L4E4EQL5
9348,187,375,2,1,2684,101385.9,PAID,CASH,TX-BB8WZH0HH4YH
9349,221,378,1,,2476,26813.28,PAID,CARD,TX-0U9G6FS7T6OQ
9350,618,1025,2,1,668,36209.25,PAID,CARD,TX-SJ26M1UCOFKI
9351,565,1466,1,,2298,89709.0,PAID,GATEWAY,TX-HMC6AHM3JTYJ
9352,293,1353,1,,1684,40104.0,PAID,CARD,TX-BCFMKLSJ0VX9
9353,83,956,2,4,,14229.6,PAID,CARD,TX-JUY6B2ESFSLI
9354,544,191,2,4,117,42144.3,PAID,CASH,TX-UCA2MUEKPO01
9355,145,1085,2,2,99,47916.0,PAID,CASH,TX-DCQMEAC6A4L7
9356,528,979,2,1,2176,58697.1,PAID,CARD,TX-0AS61E78KFH7
9357,340,1463,1,,683,27036.0,PAID,CARD,TX-BL6NSHRC2VZO
9358,527,423,1,,1162,19350.0,PAID,GATEWAY,TX-5V4XNG87UNYQ
9359,82,770,1,,1451,70760.4,PAID,CARD,TX-EBWBFZ154JWH
9360,331,905,1,,705,76084.8,PAID,CARD,TX-XN5APRM5EQ2Z
9361,247,498,1,,1896,13914.6,PAID,CARD,TX-ORJS7VRJ0A2I
9362,562,105,1,,2325,14994.0,PAID,GATEWAY,TX-GFZTMVCBX380
9363,554,530,1,,2042,14621.4,PAID,CARD,TX-I1FEXI995QLI
9364,147,537,2,4,1516,19057.5,PAID,CARD,TX-36CEQ0CI0XHM
9365,355,1199,2,2,1908,39204.0,PAID,TRANSFER,TX-BYMCEAH3YXCC
9366,210,1347,2,3,737,45692.62,PAID,CASH,TX-7BMX7J33SKHS
9367,322,173,1,,2334,31082.16,PAID,CARD,TX-XL3YROBQ4V9E
9368,139,1026,2,4,1753,79914.45,PAID,CASH,TX-BGZS24DEPDQS
9369,96,850,2,4,3101,53361.0,PAID,CARD,TX-15TO0ZS8ZH8F
9370,211,736,1,,2206,40404.0,PAID,GATEWAY,TX-TWT1M3TRHK8I
9371,,1339,2,3,436,76774.5,PENDING,CASH,
9372,326,573,1,,2437,42882.0,PAID,CARD,TX-5E8E9KCVXYX7
9373,435,1409,2,1,1833,34303.5,PAID,CARD,TX-1QL41DLMUYLO
9374,470,363,1,,1516,43588.8,REFUNDED,CARD,TX-ZCFLYSROEVUT
9375,244,33,2,4,383,88209.0,PAID,CASH,TX-Q309970C5GBW
9376,,1433,2,4,772,49005.0,FAILED,CARD,
9377,310,873,2,2,484,63525.0,PAID,TRANSFER,TX-KH810EC8OIA1
9378,318,270,1,,,65723.25,PAID,GATEWAY,TX-IZHU5S5ILV8I
9379,335,1328,1,,,76447.8,REFUNDED,CARD,TX-7AR0K0ICJSQ1
9380,273,730,2,3,2318,54313.88,PAID,CARD,TX-YWE14YQTZJT0
9381,601,116,2,3,746,13794.0,PAID,CARD,TX-7PDJ6NGUUNL2
9382,545,1485,1,,1613,14994.0,PAID,GATEWAY,TX-HAA5LAGNJUF2
9383,,1405,2,3,2705,27588.0,PENDING,CASH,
9384,47,652,1,,2546,40404.0,REFUNDED,CARD,TX-RQ3KADU6EM7I
9385,250,979,1,,669,79535.4,PAID,GATEWAY,TX-K6EKPOI50497
9386,487,275,1,,9,52927.5,PAID,GATEWAY,TX-9PBRZ1IAID6M
9387,547,1131,2,3,1563,14520.0,PAID,CASH,TX-FYIICMP8ACKG
9388,553,1108,1,,1226,43888.8,PAID,CARD,TX-1GQR3J9CC8FU
9389,143,1176,1,,1981,55350.0,PAID,CARD,TX-MBCXO9NYUK7S
9390,58,1435,1,,2146,111307.5,PAID,CARD,TX-ERDBF26X82G0
9391,307,872,1,,1422,50205.0,PAID,CARD,TX-U5EBTRJ9HVAA
9392,436,1098,1,,920,35685.0,PAID,CARD,TX-WHEQWYIGYHIW
9393,4,287,1,,,81594.9,PAID,CARD,TX-9HAQ8GIIVL6S
9394,613,1496,2,1,2921,41382.0,PAID,CARD,TX-4QJ9FDEH6DZN
9395,409,712,2,3,1829,32016.6,PAID,CARD,TX-BEG7XGXZZO3W
9396,238,607,2,2,2086,86248.8,PAID,CARD,TX-I0SGPXOI8A9J
9397,252,25,1,,1640,83964.0,PAID,CARD,TX-7UZ2FJTNIJIQ
9398,94,571,2,2,2402,43560.0,PAID,CASH,TX-92YC03MWRLOX
9399,599,1444,2,4,1466,38115.0,PAID,CASH,TX-MTI1M0VPRJGM
9400,384,461,1,,1777,14568.0,PAID,GATEWAY,TX-Y37ZAZK2BM5D
9401,452,1346,1,,1765,33870.0,PAID,CARD,TX-TA4GAX1GQUHL
9402,572,226,2,3,1239,43378.5,PAID,CASH,TX-DKYUUQ1832X4
9403,631,931,1,,2960,17242.5,PAID,CARD,TX-A25X4JA5RCSI
9404,530,523,1,,2047,75358.8,PAID,GATEWAY,TX-6V0YJA7PV87Z
9405,21,330,1,,2565,32307.0,REFUNDED,GATEWAY,TX-X7F67GYZFPUX
9406,373,261,1,,439,42064.2,PAID,CARD,TX-5TJR3G3J1SJH
9407,43,325,2,4,2545,49005.0,PAID,CARD,TX-GUGRXO9NRL6O
9408,65,751,2,1,,51487.92,PAID,CASH,TX-WR59G8U0D1T5
9409,,1156,2,1,1110,83635.2,PENDING,CASH,
9410,437,393,2,3,430,65107.68,PAID,CASH,TX-CO5QZRG0NQ9R
9411,526,3,1,,881,38833.5,PAID,CARD,TX-R9RETCC1OBJ7
9412,421,801,2,4,2182,13068.0,PAID,CASH,TX-C3Z29XK3HO1Q
9413,,85,1,,2686,37500.0,FAILED,GATEWAY,
9414,424,808,1,,,15983.7,PAID,GATEWAY,TX-PVN7RI5EDVLK
9415,275,251,2,3,1185,32905.95,PAID,CASH,TX-B455VWC92MHH
9416,488,233,2,2,2252,49803.6,PAID,TRANSFER,TX-H3DJSDOKSAEQ
9417,570,937,1,,1744,59280.0,PAID,CARD,TX-GUITFHCJ6X08
9418,502,1094,1,,2204,14994.0,PAID,GATEWAY,TX-HJXUVHKCB7YZ
9419,638,47,1,,1741,72048.0,PAID,CARD,TX-RKLHGF359GHI
9420,412,667,1,,2283,18142.5,PAID,CARD,TX-TDM079DWOHSN
9421,455,827,1,,3085,107159.7,PAID,CARD,TX-DFEALWYKTWSS
9422,84,143,1,,940,44351.1,PAID,CARD,TX-OSWKL0FAG9Q2
9423,385,797,1,,2705,18442.5,PAID,CARD,TX-O9E7V6UU4CV2
9424,395,85,2,2,1443,14229.6,PAID,CASH,TX-TWMSHSHWOVS1
9425,,183,1,,3146,16552.56,PENDING,GATEWAY,
9426,217,980,2,3,2204,55902.0,PAID,CASH,TX-IIGHPPLQ8F1X
9427,,576,2,3,1530,43124.4,FAILED,CASH,
9428,465,1319,1,,2535,40104.0,PAID,CARD,TX-376ZJ3PEL4HV
9429,626,474,2,1,27,61238.1,PAID,CASH,TX-FMQVB9224JKO
9430,414,809,1,,1380,30540.0,PAID,CARD,TX-4DJ4MZ2WQUC5
9431,395,528,1,,184,49905.0,PAID,GATEWAY,TX-TB0IA6L1D298
9432,537,1268,1,,1144,96187.5,PAID,GATEWAY,TX-I3PMN9AVG4UI
9433,332,1028,1,,845,90798.0,PAID,CARD,TX-ECWTIEGV22H6
9434,120,1223,2,3,985,38115.0,PAID,CASH,TX-X9OCJDNNVKJN
9435,601,138,1,,2002,18442.5,PAID,GATEWAY,TX-0VG9C2ESO3WH
9436,396,634,2,1,2595,17151.75,PAID,CASH,TX-9W951B5407GS
9437,279,1461,2,4,3111,51455.25,PAID,CARD,TX-VVFD9YXCRXOK
9438,353,621,2,4,,47516.7,PAID,CARD,TX-GFOB4RGSGB0Z
9439,497,375,1,,,53227.5,PAID,CARD,TX-Q5CUXXE4NAOP
9440,458,147,1,,671,70470.0,PAID,GATEWAY,TX-QBU37114BZK5
9441,611,305,1,,2446,27336.0,PAID,CARD,TX-OLLT4QBDFYIX
9442,,562,1,,1148,54624.0,FAILED,GATEWAY,
9443,272,1484,2,2,1925,13068.0,PAID,CARD,TX-8Z1HTPJX6QME
9444,382,1022,1,,3117,15729.6,PAID,CARD,TX-1OCXKMZEBGI1
9445,31,1082,2,4,312,18966.75,PAID,CASH,TX-O0N3I0PQ0Y86
9446,42,1475,1,,2576,69289.2,PAID,CARD,TX-WPTT9BKJVH5R
9447,310,670,1,,2413,73800.0,PAID,GATEWAY,TX-MB1OXFMB24AL
9448,502,836,2,1,3168,27355.68,PAID,CARD,TX-5YCS7LIIAGQC
9449,36,1344,1,,2875,14694.0,PAID,GATEWAY,TX-UMPAOJRQUH9A
9450,341,524,2,2,735,28459.2,PAID,CARD,TX-OSF46IED599C
9451,446,1207,2,4,1402,27588.0,PAID,CASH,TX-979IGVTPIFZE
9452,249,985,2,4,148,42688.8,PAID,CARD,TX-3NUEB1RBIME5
9453,401,90,2,1,919,14520.0,PAID,CARD,TX-0FX5OG8RF623
9454,,1200,1,,306,55350.0,FAILED,CARD,
9455,352,1376,1,,2266,15420.0,PAID,CARD,TX-C3O9NSZF2QOM
9456,567,752,1,,2871,33570.0,PAID,GATEWAY,TX-RCABFNU7C776
9457,387,1084,2,3,1263,48024.9,PAID,CARD,TX-8I7DYIALPKIP
9458,368,439,1,,2478,27036.0,PAID,CARD,TX-ABMC9HI25JMN
9459,534,1228,1,,1049,39615.0,PAID,GATEWAY,TX-1B09J38FE6X5
9460,235,1289,1,,835,16008.3,PAID,CARD,TX-3Y0RC220OOWR
9461,112,523,2,4,1393,38115.0,PAID,CASH,TX-TQPIAE6V86SN
9462,431,1377,2,1,666,40656.0,PAID,CASH,TX-RDKHEYJ1RMZY
9463,,184,2,3,2799,36300.0,FAILED,CASH,
9464,504,1168,2,1,1383,17787.0,PAID,CASH,TX-G1K80QY9HZ8T
9465,171,1332,2,1,1430,31762.5,PAID,CARD,TX-NBIJOU3EGNYS
9466,150,254,2,1,874,27515.4,PAID,CARD,TX-UGXCRNFV8QXO
9467,265,826,1,,2507,42582.0,PAID,CARD,TX-BOQ2W9KZ9L0I
9468,522,166,2,2,342,112893.0,PAID,TRANSFER,TX-J8ELT84K7Y8V
9469,157,397,1,,1250,101932.5,PAID,CARD,TX-NKGU20UTM0B3
9470,209,152,1,,2583,92104.8,PAID,CARD,TX-D46RGD2K8VNO
9471,92,1374,2,3,619,36300.0,PAID,CARD,TX-TN2JLH4CMAXU
9472,621,521,2,3,727,24829.2,PAID,CARD,TX-ES21OZSRVR7B
9473,475,1117,1,,1877,51727.5,REFUNDED,GATEWAY,TX-42P94Q6FF3QX
9474,424,849,2,4,984,26136.0,PAID,CARD,TX-XJGCK2NKWC77
9475,613,1182,1,,821,16446.0,PAID,CARD,TX-9NWBIM1ZHP8A
9476,387,121,2,4,2747,15246.0,PAID,CASH,TX-0AQJ9TWWEXCV
9477,486,71,1,,964,44460.0,PAID,CARD,TX-PY3EPYOVLRHK
9478,259,841,2,2,2063,43560.0,PAID,CARD,TX-V50YX2GU7YRO
9479,82,1224,1,,,53361.0,PAID,GATEWAY,TX-AGIB3F24H0V8
9480,448,719,1,,618,15574.8,PAID,GATEWAY,TX-UJINCYH6PDRW
9481,610,663,2,2,1267,36209.25,PAID,TRANSFER,TX-V5HY8C16NXXS
9482,,351,2,4,1911,87773.4,FAILED,TRANSFER,
9483,576,856,1,,1282,14694.0,PAID,GATEWAY,TX-B4JW7SR6JWL4
9484,432,158,1,,1848,35685.0,PAID,CARD,TX-V7EIMOYEHZRK
9485,608,321,1,,843,17235.0,PAID,GATEWAY,TX-HDDDVZKD27VB
9486,311,1033,1,,797,45723.24,PAID,CARD,TX-9FR7WCJYH3Y9
9487,226,570,2,3,1061,54450.0,PAID,CASH,TX-AVABK5YXX21M
9488,15,1496,2,2,70,14520.0,PAID,TRANSFER,TX-R8JBRRX23ISX
9489,544,1464,2,1,1262,49005.0,PAID,TRANSFER,TX-NC3NKST13COX
9490,25,300,2,2,1113,27588.0,PAID,CASH,TX-WE3PC8G6SXK1
9491,512,238,2,4,,35574.0,PAID,TRANSFER,TX-68H752LK0Z78
9492,440,659,1,,,15841.08,PAID,CARD,TX-CM6218XCC8EW
9493,247,1170,2,4,2742,14374.8,PAID,CARD,TX-06TW20NLJJEC
9494,16,874,2,4,540,57172.5,PAID,CARD,TX-UYTEKVMZYQ3R
9495,326,1202,2,3,2298,43560.0,PAID,TRANSFER,TX-VI4KQUDKT5TN
9496,,12,2,2,2654,18150.0,FAILED,CARD,
9497,469,220,2,4,2488,41164.2,PAID,CASH,TX-QLKHD6LPJJ6J
9498,115,535,1,,2480,16673.4,PAID,CARD,TX-XZJHSXZHL8JK
9499,250,1224,2,1,1329,41382.0,PAID,CASH,TX-FBUUCCTZ5APP
9500,600,391,1,,,35685.0,PAID,CARD,TX-WTJY9UKUW9CF
9501,262,22,1,,2765,30540.0,PAID,CARD,TX-N4NDWJFZDH6X
9502,315,679,1,,3140,60732.0,PAID,CARD,TX-GF75Y5T6OZU6
9503,309,906,1,,345,45723.24,PAID,CARD,TX-2N97WOV8GSA2
9504,77,705,1,,2173,15841.08,PAID,CARD,TX-7060LC17XQRX
9505,243,281,2,3,3179,34485.0,PAID,CARD,TX-E3A9CCVB3PBB
9506,448,672,1,,496,49905.0,PAID,CARD,TX-1876DF8W8JPV
9507,608,1239,1,,1830,28788.0,PAID,CARD,TX-BMRCX5IBU1JP
9508,572,1058,2,1,2340,13721.4,PAID,TRANSFER,TX-3FKFO94ED8BV
9509,162,371,1,,,53361.0,PAID,CARD,TX-Q3UGL5XNL83X
9510,119,1297,1,,2253,29959.2,PAID,GATEWAY,TX-D9I9D8BOLSB1
9511,330,528,2,3,2807,48642.0,PAID,CARD,TX-GXANLBG95XBK
9512,355,1432,1,,2881,54261.0,PAID,CARD,TX-C077U9J3ECMN
9513,545,1293,2,2,,39204.0,PAID,CASH,TX-8A8SMIVM8U3M
9514,310,985,1,,33,51657.0,PAID,CARD,TX-Z23C0T1X93CS
9515,33,478,1,,,27636.0,PAID,GATEWAY,TX-ZA3KHBNANPUW
9516,9,752,1,,150,42282.0,PAID,CARD,TX-PXZZ1DF5ID78
9517,,892,1,,353,58980.0,PENDING,CARD,
9518,282,1308,1,,1531,37500.0,PAID,CARD,TX-WDKCMT70HK2L
9519,480,59,2,3,288,53724.0,PAID,TRANSFER,TX-P2Y7T3VP2NYP
9520,64,643,1,,3200,35806.08,REFUNDED,CARD,TX-ZG0ROCN95ATC
9521,558,994,1,,2664,37200.0,PAID,GATEWAY,TX-18QK4TTRVLVW
9522,91,165,2,1,1232,16335.0,PAID,CARD,TX-OSGMWYBEI3TB
9523,585,1275,1,,161,32536.5,PAID,GATEWAY,TX-IY7K40WI6888
9524,624,987,1,,2395,34170.0,PAID,CARD,TX-5VS6J24DA56C
9525,218,117,1,,2082,36300.0,PAID,GATEWAY,TX-F8667DR3WTE8
9526,147,1315,2,3,750,44104.5,PAID,CASH,TX-Z2MVOP8950VM
9527,460,517,1,,1884,122079.0,PAID,CARD,TX-00QM0LQ4700Y
9528,147,1256,2,3,1289,19565.7,PAID,CASH,TX-ART9G27DAVOX
9529,440,486,2,1,622,31036.5,PAID,CASH,TX-ZA19CEU7YH03
9530,,1132,1,,,46323.24,FAILED,GATEWAY,
9531,,139,2,1,695,41382.0,PENDING,CARD,
9532,601,1330,1,,569,52627.5,PAID,GATEWAY,TX-LSFZ2OURD79U
9533,618,1495,1,,554,78347.1,PAID,CARD,TX-NTGVPXNVV73N
9534,580,825,1,,2313,47020.2,PAID,GATEWAY,TX-KZT4V9B3U84T
9535,,538,2,1,3054,32670.0,FAILED,CASH,
9536,97,264,2,1,,12414.6,PAID,CARD,TX-FFW7XGXOQDBT
9537,591,216,1,,1053,54561.0,PAID,CARD,TX-E7CXZ7U8Q163
9538,,314,1,,1082,32670.0,FAILED,CARD,
9539,239,552,2,3,57,45520.2,PAID,CASH,TX-3G1M7QITVOJA
9540,272,1111,1,,435,35685.0,PAID,GATEWAY,TX-8V0NSLJ0U0M9
9541,356,11,1,,2441,37074.0,PAID,CARD,TX-Q754IRME94TJ
9542,384,857,2,1,2432,54313.88,PAID,CARD,TX-M2511TAE8QLH
9543,557,359,1,,1089,71176.8,PAID,CARD,TX-84J1XWQOAXOR
9544,105,1207,2,3,2009,18150.0,PAID,CASH,TX-L5Z9YT1JMYH1
9545,161,1341,1,,1775,108756.9,PAID,GATEWAY,TX-B8K9B3PT5AVN
9546,,1297,1,,2472,36474.0,FAILED,CARD,
9547,552,1343,1,,1436,73209.6,PAID,GATEWAY,TX-226AAEYRSOUE
9548,455,1391,1,,1737,18987.0,PAID,GATEWAY,TX-1YCUDG0UCT6H
9549,257,1491,2,4,,32670.0,REFUNDED,CARD,TX-ZWBWAETY0Z30
9550,20,1173,1,,,44188.8,PAID,CARD,TX-R49R3259QAVV
9551,23,299,1,,2211,25022.4,PAID,CARD,TX-T8MUDWAMON6K
9552,370,561,1,,2033,95289.6,PAID,GATEWAY,TX-VIFHX6M07ZWC
9553,197,786,1,,326,13968.0,PAID,CARD,TX-2I31J19XVRLT
9554,555,1,1,,2247,15901.5,PAID,GATEWAY,TX-WF5TJRSSQFN2
9555,561,712,1,,,19604.62,PAID,CARD,TX-2XOAPKQN6CUZ
9556,437,1172,1,,2868,36774.0,PAID,CARD,TX-BUP16I36AGWQ
9557,491,687,2,1,2934,34303.5,PAID,CASH,TX-DOPW1E2O9KW4
9558,,162,1,,250,50505.0,PENDING,GATEWAY,
9559,569,493,1,,2736,40104.0,PAID,CARD,TX-PT6YWK73WKWF
9560,345,1118,2,3,2241,65521.5,PAID,CASH,TX-BBDVIHTZRVKV
9561,,795,1,,2236,44460.0,FAILED,CARD,
9562,355,1074,1,,688,55350.0,PAID,GATEWAY,TX-8P20SYY1XAL3
9563,312,476,1,,,41130.0,PAID,CARD,TX-0O0CRN5C2B2B
9564,,1450,2,3,2865,15652.56,FAILED,CASH,
9565,395,104,1,,574,69807.0,PAID,CARD,TX-2DUHF5OOPJZX
9566,221,284,1,,1398,42582.0,PAID,CARD,TX-0ZPRQNT09KB0
9567,639,1322,1,,991,45060.0,PAID,CARD,TX-MGXK1TG30PYZ
9568,,445,2,4,762,42688.8,PENDING,CASH,
9569,,1380,1,,1492,46957.68,FAILED,GATEWAY,
9570,326,750,1,,1766,46938.0,PAID,CARD,TX-A6S8DJIODAG4
9571,636,241,1,,2854,33359.7,PAID,CARD,TX-KETUXXWTB19S
9572,632,513,2,1,2406,28967.4,PAID,CARD,TX-Q8P2NA47UZTP
9573,98,1425,1,,3050,88320.0,PAID,CARD,TX-ULEW41MEGQO9
9574,,1107,1,,1676,59761.5,FAILED,CARD,
9575,216,423,1,,1359,47146.2,PAID,CARD,TX-1DQVBRI01ERJ
9576,249,1465,2,1,,66792.0,PAID,CARD,TX-V8L3TOWACX41
9577,553,674,2,1,1282,47916.0,PAID,CARD,TX-PGPNDL114MZY
9578,536,128,2,3,2172,28459.2,PAID,CASH,TX-NW1BRQMB9PW2
9579,104,78,1,,2779,33870.0,PAID,CARD,TX-H8FS7VIUGURG
9580,188,216,1,,,50205.0,PAID,CARD,TX-P28V2MPZJNKU
9581,579,666,1,,2458,53161.35,PAID,GATEWAY,TX-R1JQOKUZM389
9582,190,842,1,,744,13968.0,PAID,CARD,TX-0DOR7WXOE0UD
9583,466,1154,2,1,2710,23522.4,PAID,TRANSFER,TX-0YNURD00GQWY
9584,18,548,2,2,1520,61746.3,PAID,CARD,TX-6JFM6G6C4WKR
9585,129,1287,1,,,36837.0,PAID,CARD,TX-DQBNY6MZWWHZ
9586,86,1322,1,,1638,46023.24,PAID,CARD,TX-AJDW4670AL0H
9587,233,487,2,4,441,39204.0,PAID,CASH,TX-LGFM8U6E5I1L
9588,108,1003,1,,2570,42282.0,PAID,GATEWAY,TX-2WB0BRHJDJ4B
9589,578,445,1,,2914,29940.0,PAID,CARD,TX-OD47MD1THOHO
9590,128,402,1,,560,87148.8,PAID,GATEWAY,TX-CUZ9EK2WCHV7
9591,161,925,2,2,1027,29040.0,PAID,CARD,TX-6DZKIQZX6Y3P
9592,558,1308,2,4,2424,51618.6,PAID,TRANSFER,TX-Q2317QMZM804
9593,550,995,2,2,742,17242.5,PAID,TRANSFER,TX-UT4E0J2VAP31
9594,567,539,2,4,577,41382.0,PAID,CARD,TX-YZ30V8UHUJAX
9595,599,1340,1,,2088,42582.0,PAID,CARD,TX-HWDX6ZJT77P2
9596,,1072,1,,2222,45926.52,FAILED,CARD,
9597,102,942,2,3,,51727.5,PAID,TRANSFER,TX-727A4KQ193QU
9598,,1270,1,,500,41737.5,FAILED,CARD,
9599,370,929,1,,849,44324.4,PAID,CARD,TX-N0IA78XQUPM8
9600,433,1487,2,1,1072,45520.2,PAID,CARD,TX-D87K634JT75Y
9601,83,437,2,1,816,48024.9,PAID,CARD,TX-6ZS1HB4O83BB
9602,352,554,1,,1785,24422.4,PAID,GATEWAY,TX-AVZY2SX0LE2K
9603,4,948,1,,622,19350.0,PAID,CARD,TX-2Q1IHKH3BCS5
9604,199,397,1,,2689,51226.56,PAID,GATEWAY,TX-YJV136KJL9H7
9605,107,988,2,4,1373,23522.4,PAID,TRANSFER,TX-X7Y04EJQHH4Z
9606,543,1216,1,,2989,35985.0,PAID,CARD,TX-90O89SVKJKLP
9607,634,503,2,3,181,18676.35,PAID,CARD,TX-TC7VRJ1WFDA7
9608,113,687,1,,,73727.4,PAID,CARD,TX-EU086JEPD6AP
9609,149,1278,1,,485,81510.12,PAID,GATEWAY,TX-9H9KGHSHO3MR
9610,227,114,2,2,,13068.0,PAID,CASH,TX-K1E8L17FBWPQ
9611,242,1315,2,3,937,51727.5,PAID,CARD,TX-V4FEJQ0Y1STQ
9612,195,436,1,,1089,54488.4,PAID,CARD,TX-HD2R9LNR7CZA
9613,,54,1,,1842,63026.16,FAILED,CARD,
9614,527,887,1,,2613,58372.5,PAID,GATEWAY,TX-VL5JCWZ2R08T
9615,601,852,2,1,1859,35574.0,PAID,CASH,TX-H0IN6T3E6YMH
9616,,176,1,,927,50505.0,PENDING,CARD,
9617,360,996,2,1,32,109480.8,PAID,CASH,TX-O25KBDOJ2S1C
9618,261,942,1,,2625,47454.75,PAID,CARD,TX-79GKDF3PPHMY
9619,,909,2,1,3012,80449.88,FAILED,CASH,
9620,495,610,1,,1263,16008.3,PAID,CARD,TX-X5I2WFMI5ND0
9621,530,79,2,2,1233,79315.5,PAID,CARD,TX-556WQHTL8WVY
9622,282,1003,1,,866,57800.25,PAID,CARD,TX-SH60FII0NQKE
9623,,1140,2,1,2102,35574.0,FAILED,CARD,
9624,2,887,1,,,37933.5,PAID,CARD,TX-WMB0RX2VUZHL
9625,468,396,2,1,455,27442.8,PAID,CARD,TX-WV28SU1PE3JN
9626,287,1193,1,,646,99645.6,PAID,CARD,TX-RN71OP4QES1L
9627,618,1010,1,,,49116.0,PAID,CARD,TX-EXAWHEIBJKMF
9628,71,327,1,,646,30540.0,PAID,CARD,TX-LK7D3QU7U5FH
9629,194,368,2,2,991,15652.56,PAID,CASH,TX-X773QVLZS6OA
9630,205,961,2,2,2706,42688.8,PAID,TRANSFER,TX-VACE7DS3GFLB
9631,394,52,1,,1119,102504.75,PAID,GATEWAY,TX-N6LJQV270L3B
9632,352,1300,2,2,3164,56900.25,PAID,CASH,TX-3Q80UR7SX4Z7
9633,295,1079,1,,675,27636.0,PAID,CARD,TX-WFL30K2IPJ58
9634,85,1168,2,1,2127,56029.05,PAID,CARD,TX-2Y71YT0ZNTLW
9635,543,1254,1,,2146,55350.0,PAID,CARD,TX-3DZ5GP38IELN
9636,,277,1,,2126,29940.0,PENDING,GATEWAY,
9637,595,1252,2,2,2840,35574.0,PAID,CASH,TX-TQUKT7RCXA93
9638,84,999,1,,1101,16020.0,PAID,CARD,TX-IKIH07AL3ENZ
9639,576,907,1,,772,50205.0,PAID,GATEWAY,TX-72YVORXC51U2
9640,360,812,1,,2155,37200.0,PAID,GATEWAY,TX-5AMJUWA0QL97
9641,359,240,1,,3183,43888.8,PAID,CARD,TX-160LTK2QX8WC
9642,54,1146,1,,1588,55213.88,PAID,CARD,TX-T0Z6VK19VEE4
9643,481,1009,1,,2810,16073.4,PAID,GATEWAY,TX-JWY4EL1GAI9D
9644,395,1059,2,3,3134,116849.7,PAID,TRANSFER,TX-RS1VTB624DEI
9645,102,1176,2,1,,66392.7,PAID,CASH,TX-1AZQV6XHZRO6
9646,192,637,1,,2450,45060.0,PAID,GATEWAY,TX-82B9DQ6DMK7Q
9647,,1455,1,,398,52927.5,FAILED,CARD,
9648,118,696,1,,2659,17787.0,PAID,CARD,TX-ZFN4COLL8T5E
9649,431,224,1,,,21065.7,PAID,CARD,TX-DE02Z913RIWE
9650,440,1494,1,,591,45186.0,PAID,CARD,TX-0A2E13NH5WG4
9651,615,1022,1,,2270,27074.64,PAID,GATEWAY,TX-6APJXDE1LT33
9652,570,1463,1,,1192,50994.0,PAID,CARD,TX-R9CFI5HA931S
9653,316,714,1,,26,52927.5,PAID,CARD,TX-7MJA7TSADUTX
9654,352,714,1,,501,19350.0,PAID,GATEWAY,TX-8FYMC7VAUXZ6
9655,633,1458,2,2,2831,25613.28,PAID,CASH,TX-20B44QR4COGH
9656,429,239,2,2,275,65957.1,PAID,CASH,TX-OQVDGZFNU5FS
9657,637,525,1,,,55650.0,REFUNDED,GATEWAY,TX-J6FYKFCNAP0O
9658,142,647,1,,1012,39433.5,PAID,GATEWAY,TX-7GX18AG0DNB5
9659,418,195,1,,940,50368.35,PAID,CARD,TX-QSMGP56RI7G8
9660,189,558,2,4,1752,36300.0,PAID,CARD,TX-6ZR6YVE90O33
9661,533,1248,2,2,294,40075.2,PAID,CASH,TX-HVCZUQ09RF8F
9662,342,409,1,,1889,43588.8,PAID,GATEWAY,TX-TBF7QK538Y0Z
9663,,973,1,,117,29867.4,FAILED,GATEWAY,
9664,137,642,1,,2267,31846.8,REFUNDED,GATEWAY,TX-VUPYTI816611
9665,317,533,1,,2804,28488.0,PAID,GATEWAY,TX-4G8KM9ES89O6
9666,595,591,1,,1095,30240.0,PAID,CARD,TX-BU0IJG99C8QA
9667,166,919,1,,615,79525.8,PAID,GATEWAY,TX-I9UMHZRRU4I2
9668,183,578,1,,2652,26136.0,PAID,GATEWAY,TX-61KB7OFW48C2
9669,335,1238,2,3,1703,36300.0,PAID,CASH,TX-4QYF6HYXUJN6
9670,361,614,1,,1403,97985.4,PAID,CARD,TX-KJRVZEA5RA3U
9671,264,142,2,1,250,72570.96,PAID,CASH,TX-IUSGR9FQKZT0
9672,491,1046,2,4,2986,17787.0,PAID,CASH,TX-KXUWIT0SYT1B
9673,210,127,1,,1543,50094.0,PAID,CARD,TX-X03RDHO6Z8I2
9674,242,1372,1,,2165,14694.0,PAID,CARD,TX-UQIUKL1IYMSQ
9675,569,238,1,,113,14268.0,PAID,CARD,TX-ZC44UOHUA5ZD
9676,535,1389,2,4,2710,17242.5,PAID,CASH,TX-FPRQSQTCXOA5
9677,,118,1,,1508,45723.24,FAILED,GATEWAY,
9678,,1047,2,3,380,68970.0,FAILED,CASH,
9679,206,565,1,,3054,19287.0,PAID,CARD,TX-7MXWFM6DCLHB
9680,481,499,1,,218,33870.0,REFUNDED,CARD,TX-COES2F9H4CD9
9681,197,252,1,,445,78519.0,PAID,GATEWAY,TX-NFV71OU00W67
9682,576,1272,1,,3009,42582.0,PAID,CARD,TX-APM93VU3W542
9683,282,1402,2,3,1370,42688.8,PAID,CARD,TX-2A0RB4MPAXFT
9684,353,410,2,4,1330,45520.2,PAID,CARD,TX-Y8N1HLGGPX55
9685,130,165,1,,2565,88020.0,PAID,CARD,TX-B5MU3Q9V2LK3
9686,126,1065,2,4,2734,38419.92,PAID,CASH,TX-G5LR7F7DXMHR
9687,176,1296,2,2,3204,34485.0,PAID,CASH,TX-YOHTMVFC746N
9688,385,855,1,,459,115264.2,PAID,CARD,TX-UIRGBCIL10RO
9689,207,1238,1,,2060,18987.0,PAID,CARD,TX-BHV4KMOZPNUP
9690,,912,1,,1797,93109.5,FAILED,CARD,
9691,354,1104,2,4,2942,26136.0,PAID,TRANSFER,TX-H8QWG2HIZXXH
9692,423,659,1,,1179,55650.0,PAID,GATEWAY,TX-ST3UBX7QSKPR
9693,123,220,2,3,,28459.2,PAID,CARD,TX-NYJ05B0IA6AK
9694,,1198,1,,1448,84990.0,FAILED,CARD,
9695,21,409,2,4,772,44104.5,PAID,CASH,TX-NAAE98LZPK0D
9696,177,839,1,,329,13706.64,PAID,CARD,TX-Q0L280T2CEMI
9697,294,80,1,,1088,18142.5,PAID,CARD,TX-KNQO3NQ5X707
9698,100,1330,1,,2368,29940.0,PAID,CARD,TX-APLFOI0B608E
9699,65,1104,1,,1525,14921.4,PAID,GATEWAY,TX-JQ0DTNZJLK6R
9700,374,749,1,,1981,30782.16,PAID,CARD,TX-VZQ147G5MQ4H
9701,541,719,1,,1156,24722.4,PAID,GATEWAY,TX-DSGFZ3D9QLBP
9702,504,809,1,,2342,35711.7,PAID,CARD,TX-HE23WYQHNCK2
9703,571,1284,1,,855,18142.5,PAID,CARD,TX-9L3P5XDBX1TB
9704,259,1354,1,,3021,42282.0,PAID,CARD,TX-WJ8O1QPQACBF
9705,277,653,1,,,24722.4,PAID,CARD,TX-LKAVZDHML4HD
9706,590,351,1,,930,65514.0,PAID,CARD,TX-VNL9ESHNP34D
9707,,199,1,,221,79908.0,FAILED,GATEWAY,
9708,134,619,1,,466,39315.0,PAID,CARD,TX-C89SXWGP46QH
9709,260,1413,2,1,580,27442.8,PAID,CASH,TX-QUTC08668KI6
9710,133,467,2,4,91,14229.6,PAID,CASH,TX-LHIDFOS1FE4P
9711,247,338,2,4,,28967.4,PAID,CASH,TX-UOERQUGSTMH0
9712,527,415,2,1,2352,43451.1,PAID,CARD,TX-CBPK19NLWUBW
9713,142,1337,2,2,2235,13068.0,PAID,CASH,TX-LWVZHKIELQ80
9714,74,444,1,,2399,17787.0,PAID,CARD,TX-K65B5GBYBH2D
9715,617,812,1,,424,53724.0,PAID,CARD,TX-I5R528IU55HM
9716,461,265,1,,1787,55686.3,PAID,GATEWAY,TX-VC1G4RYC7G7Z
9717,,748,2,1,2943,26136.0,FAILED,CARD,
9718,53,945,1,,1240,17535.0,PAID,CARD,TX-UEMIOOPJH5N6
9719,64,1347,2,2,1051,16008.3,PAID,CARD,TX-W67D32F6T33I
9720,88,744,1,,1898,40104.0,PAID,GATEWAY,TX-983BSQ9NRHMC
9721,221,1274,1,,742,43665.03,PAID,GATEWAY,TX-K2M8V3CJHM5T
9722,400,758,1,,597,19050.0,PAID,GATEWAY,TX-ZMSHFHH0VHIU
9723,218,851,1,,2447,15129.6,PAID,CARD,TX-15HVS8T1XRX3
9724,215,1026,2,4,2021,26136.0,PAID,CASH,TX-GUJJN519P5GX
9725,304,1185,1,,2887,28488.0,PAID,CARD,TX-ICETQTRRCF9H
9726,343,193,1,,2953,17235.0,PAID,CARD,TX-HKVADJJJDERN
9727,,1322,1,,1052,36774.0,FAILED,CARD,
9728,560,1405,1,,956,27336.0,PAID,GATEWAY,TX-FEVJS9JW3YPF
9729,,757,1,,1940,35985.0,PENDING,CARD,
9730,631,1146,2,2,2827,70131.6,PAID,CASH,TX-TN4535VZ644T
9731,184,404,2,2,2181,28459.2,PAID,CARD,TX-UTWDY509NPDT
9732,338,888,1,,1238,35685.0,PAID,CARD,TX-8GBS8MVXT3V9
9733,523,841,2,4,2078,43560.0,PAID,CASH,TX-EEJ5N1QAQLMI
9734,459,159,1,,1374,46012.35,PAID,CARD,TX-E9ARY0T2H5S9
9735,154,1376,2,1,1047,32016.6,PAID,TRANSFER,TX-8P84CMIDV8JO
9736,494,1105,2,1,2446,81384.6,PAID,CASH,TX-RWKFT5YIFA9S
9737,59,165,2,1,1410,12414.6,PAID,CARD,TX-7W0JBCJWMJIZ
9738,521,1356,1,,1718,27036.0,PAID,GATEWAY,TX-7HK9BFY3WNHG
9739,252,692,2,1,41,12414.6,PAID,TRANSFER,TX-ISVR3I7R8YVZ
9740,238,661,1,,305,26136.0,PAID,CARD,TX-MBBN947ICEEP
9741,262,1170,2,2,1216,25613.28,PAID,TRANSFER,TX-L1LELRV3R14I
9742,151,195,2,2,1273,86031.0,PAID,CASH,TX-PR0RKXGCC34F
9743,631,430,1,,192,84830.28,PAID,CARD,TX-CWTT0A1Q6ICV
9744,397,1087,2,4,745,34303.5,PAID,CASH,TX-Y8MFZ5V8VB8K
9745,453,759,2,2,1945,14483.7,PAID,CARD,TX-ZD0MC38D6LCZ
9746,21,1419,1,,1496,55650.0,PAID,CARD,TX-TOPHT2ZUK7JP
9747,14,423,1,,,15420.0,PAID,CARD,TX-PKNQCWIJI61W
9748,202,1181,1,,,44460.0,PAID,GATEWAY,TX-HTVVEJOCHPZX
9749,170,1457,1,,,13968.0,PAID,GATEWAY,TX-V1FQZGT1G81B
9750,213,647,2,1,2573,28967.4,PAID,CASH,TX-R8OR11XEC8PI
9751,507,1451,1,,2869,18442.5,PAID,GATEWAY,TX-MAXZN8Z6BPG7
9752,317,809,2,1,1458,30564.6,PAID,TRANSFER,TX-Y4LYK64K1AQ9
9753,,978,2,1,852,29882.16,FAILED,CARD,
9754,478,1199,1,,282,35503.5,PAID,GATEWAY,TX-259OUSCKN0EK
9755,124,1053,1,,2529,15729.6,PAID,GATEWAY,TX-TJTQXPMAIK8H
9756,55,1348,2,3,2028,57172.5,PAID,CASH,TX-MYQ68M3J56VI
9757,443,717,2,3,1635,17242.5,PAID,TRANSFER,TX-FIXOSCP34Y0M
9758,2,88,1,,3086,40404.0,PAID,CARD,TX-RSHFRYRO7AK2
9759,306,938,2,4,3123,69420.12,PAID,CASH,TX-8LT6XZ43R7PI
9760,252,1148,2,4,1963,45738.0,PAID,CASH,TX-EXCLHPFPULRM
9761,329,63,2,2,253,55539.0,PAID,CASH,TX-NDEZIS5472U3
9762,525,835,1,,2840,57256.8,PAID,CARD,TX-QLLLMZ83K0XS
9763,324,921,1,,119,76875.9,PAID,CARD,TX-6QBNRJWO74HZ
9764,68,658,1,,,31392.0,PAID,GATEWAY,TX-UUYD67WDQUT4
9765,137,901,2,3,1276,70276.8,PAID,CARD,TX-NBPG8JKLHTK3
9766,461,1193,1,,111,39433.5,PAID,GATEWAY,TX-Q1PM87TX6W24
9767,389,324,2,4,93,61238.1,PAID,CASH,TX-EHQSAJ4C6N6M
9768,246,17,1,,418,15429.6,PAID,CARD,TX-5GE85WDO3UOJ
9769,335,239,1,,237,50205.0,PAID,GATEWAY,TX-QBQQ6YM1YB7M
9770,121,490,1,,2625,34122.0,PAID,GATEWAY,TX-DEC9OKT8B485
9771,298,1265,1,,271,27336.0,PAID,CARD,TX-920R8FPC4IRX
9772,419,509,2,3,2022,28967.4,PAID,CARD,TX-T2313NEW045E
9773,343,1037,1,,2472,17242.5,PAID,CARD,TX-8RRVA80PQB8Z
9774,93,547,1,,2344,31510.5,PAID,CARD,TX-67OL6MPQ99MJ
9775,234,634,2,1,2318,12806.64,PAID,CASH,TX-FUUQYSMDVCK5
9776,373,1422,1,,2495,42282.0,PAID,CARD,TX-4CM4OM67VGL2
9777,159,70,1,,817,42882.0,PAID,CARD,TX-3RQHKA5L99QG
9778,102,729,2,2,60,84488.25,PAID,CARD,TX-YJPDF8UG7SN6
9779,617,890,1,,1207,42582.0,PAID,CARD,TX-QF5YWW15YIUP
9780,254,955,1,,286,44460.0,PAID,CARD,TX-0ZZ3NXGC1Z3Y
9781,324,1004,2,3,1906,51727.5,PAID,CARD,TX-Z3Z83L769YHY
9782,54,727,1,,2900,138876.3,PAID,GATEWAY,TX-Q39FUS6DEQD0
9783,179,1231,1,,1595,55350.0,PAID,CARD,TX-OV2RCFKFB29U
9784,220,861,1,,646,56376.0,PAID,CARD,TX-K6A4MWIG3PSE
9785,,665,1,,2832,29940.0,FAILED,GATEWAY,
9786,,893,2,3,2017,49368.0,FAILED,TRANSFER,
9787,,501,1,,241,17235.0,FAILED,CARD,
9788,30,205,1,,2812,27588.0,PAID,GATEWAY,TX-GNYIGK7YURMK
9789,401,1213,1,,1544,30540.0,PAID,GATEWAY,TX-LU0ERD2I3IY2
9790,629,572,2,2,2974,46899.6,PAID,CARD,TX-WF5X86WB9W0G
9791,23,215,1,,,63273.0,PAID,CARD,TX-65JMDKT921E5
9792,93,968,1,,,37800.0,PAID,CARD,TX-4AMVKMIT7KP2
9793,,1489,2,2,,14520.0,FAILED,CASH,
9794,532,1413,1,,82,17508.3,PAID,GATEWAY,TX-TJ1G4YQ48WB1
9795,43,1124,1,,1542,73709.25,PAID,CARD,TX-XPFYIJPI5MX1
9796,271,830,1,,854,15129.6,PAID,CARD,TX-8TMBAIVI7CTG
9797,253,210,2,1,1412,27588.0,PAID,CASH,TX-LXLQPN88L006
9798,262,427,1,,2983,47964.0,PAID,GATEWAY,TX-5CTJCUKG7N1V
9799,157,31,2,4,2161,34485.0,PAID,CARD,TX-AIXWRUJFEJUX
9800,266,280,2,1,588,49005.0,PAID,CARD,TX-9BC3CBN5R5I1
9801,297,867,2,3,615,34485.0,REFUNDED,CASH,TX-Y4YNUCLVLMMH
9802,517,176,1,,1462,31246.8,PAID,GATEWAY,TX-MHIPA22VAI7B
9803,143,761,2,3,2793,103455.0,PAID,CASH,TX-ZXXN6O3XLOB2
9804,,897,2,2,,43560.0,PENDING,CARD,
9805,245,1315,1,,1863,80586.0,PAID,CARD,TX-LZPL3B01RTVZ
9806,164,606,1,,877,74589.0,PAID,GATEWAY,TX-9EO741R94KQI
9807,439,1444,1,,2674,41382.0,PAID,CARD,TX-Z2AYM5Q0OUZ0
9808,318,1320,2,3,634,39204.0,PAID,CASH,TX-MV5D09PDQRF2
9809,70,348,1,,2261,38143.8,PAID,CARD,TX-6FVFGEEFS3PR
9810,222,1226,2,2,140,36300.0,PAID,CASH,TX-5I0CG43WXYLN
9811,153,1489,1,,2230,14694.0,PAID,CARD,TX-53NJ7GN8XFRE
9812,398,293,2,4,2297,13794.0,PAID,CASH,TX-F0F7SI7B1T5V
9813,83,232,2,4,,19965.0,PAID,CARD,TX-IN18RUM1DMU2
9814,254,553,2,2,666,12414.6,REFUNDED,CARD,TX-J9KLECQQNPJC
9815,375,434,1,,1347,77004.0,PAID,CARD,TX-VYPXRCK2X6BO
9816,44,184,2,4,26,84942.0,PAID,CASH,TX-L7831WWPCG7L
9817,179,1384,1,,,15683.7,PAID,CARD,TX-ZX4316FC6OSU
9818,283,428,2,2,940,26136.0,PAID,CASH,TX-48M83XX97WU3
9819,270,1174,1,,256,40404.0,PAID,CARD,TX-M4YWY9CQZ8DK
9820,607,1383,2,4,546,49005.0,PAID,CARD,TX-IRNSP12GIY7S
9821,120,315,2,3,1750,13794.0,PAID,CASH,TX-9XDR6TX20DMI
9822,,1468,1,,392,53905.5,FAILED,CARD,
9823,,725,2,2,1585,61092.9,PENDING,CASH,
9824,190,893,1,,,37500.0,PAID,GATEWAY,TX-G3EHBPO3YTJ5
9825,202,945,1,,,46720.2,PAID,GATEWAY,TX-ZU3Z8FOFTXIB
9826,167,1029,1,,,67220.62,REFUNDED,CARD,TX-8WMPZSMH5LBM
9827,149,897,2,1,,12414.6,PAID,CARD,TX-9RH7AB4KNVP7
9828,278,459,1,,2871,66975.6,PAID,CARD,TX-ECE9NJ944SL5
9829,36,1409,1,,1781,31382.16,PAID,GATEWAY,TX-GJWB5QKJ58W9
9830,487,1062,1,,577,17235.0,REFUNDED,CARD,TX-4GOEDNTMYW8M
9831,528,632,2,3,35,39204.0,PAID,CARD,TX-6M2XBJ82TBMV
9832,6,644,2,2,1481,68970.0,PAID,CASH,TX-HNHIDU0CSK8U
9833,163,150,2,4,875,28459.2,PAID,CARD,TX-YF7487XUFUXM
9834,306,769,1,,1087,18051.75,PAID,CARD,TX-VXU6TCBY1ZFT
9835,32,415,2,3,909,105015.9,REFUNDED,CASH,TX-MDN801FAXP3O
9836,489,1003,2,1,2119,51727.5,PAID,CARD,TX-4CKGRUEO0IGM
9837,136,1420,2,1,,34485.0,REFUNDED,CASH,TX-QNDZY56HQOPD
9838,255,609,1,,945,35574.0,PAID,GATEWAY,TX-2VRKIO32UDO4
9839,453,434,2,4,512,30855.0,PAID,CARD,TX-5CUBQO00IW32
9840,118,203,1,,41,73725.3,PAID,CARD,TX-20CC4MS9C47P
9841,,871,2,2,1338,27588.0,FAILED,CARD,
9842,400,895,1,,914,13968.0,PAID,CARD,TX-1YL2NI9EXN3V
9843,42,1427,2,4,182,19565.7,PAID,TRANSFER,TX-6XBBV4UI71BL
9844,282,318,1,,917,96862.68,PAID,GATEWAY,TX-DM15H88VVD3T
9845,444,143,1,,718,71476.8,PAID,CARD,TX-O2FSVLGUTFFX
9846,,824,2,3,253,59078.25,FAILED,CASH,
9847,310,828,1,,2009,17508.3,PAID,GATEWAY,TX-ASNBXIGU9L0D
9848,228,534,1,,276,29940.0,PAID,GATEWAY,TX-C6RPJDRJYHE0
9849,146,958,1,,786,20465.7,PAID,CARD,TX-RGS93SBIPZVM
9850,264,541,2,4,624,26136.0,PAID,CASH,TX-CO079F4W4B9H
9851,,884,2,4,1389,59532.0,PENDING,CASH,
9852,564,1020,2,4,,95832.0,PAID,CASH,TX-VFPCLFNN4208
9853,168,603,1,,1628,64120.08,PAID,GATEWAY,TX-AOGNILLWIL63
9854,113,1325,1,,1199,19965.0,PAID,GATEWAY,TX-DQP427T5U0C3
9855,4,1287,1,,176,25729.2,PAID,CARD,TX-A9JY10WL6OXP
9856,343,1246,1,,163,28788.0,PAID,CARD,TX-RUQCS8FLH7UX
9857,325,918,1,,44,31392.0,PAID,GATEWAY,TX-D3MJZNGIF2PK
9858,491,137,2,3,868,78045.0,PAID,CASH,TX-4G3OBW0Z7PME
9859,482,1029,1,,1016,85842.0,PAID,CARD,TX-UW3XFB1QOX96
9860,523,233,2,4,2987,41382.0,PAID,CARD,TX-YQXMFQ3NKLLK
9861,370,1379,1,,2051,91657.5,PAID,GATEWAY,TX-4NJ289O6KX2H
9862,508,218,2,4,1756,91693.8,PAID,CASH,TX-3OKONTPO48JN
9863,576,1027,1,,3012,87405.24,PAID,CARD,TX-NXAXD7K2YO2U
9864,330,1372,2,1,2331,53361.0,PAID,CARD,TX-EUIQHGEK8P2W
9865,36,1214,1,,2968,35322.0,PAID,GATEWAY,TX-GG05NOQ1699F
9866,197,1405,2,4,123,35574.0,PAID,CASH,TX-W41ZVQ558JWQ
9867,129,1218,2,2,560,26136.0,REFUNDED,CASH,TX-V1QS7JSG2EWJ
9868,551,788,1,,1103,60432.0,PAID,CARD,TX-UR5LA7AWATMJ
9869,153,1274,2,2,1092,35283.6,REFUNDED,CARD,TX-3A2NC1UBQ7B4
9870,318,553,1,,3182,55350.0,PAID,GATEWAY,TX-Y3GWFK41R049
9871,,1075,2,4,3109,12414.6,FAILED,CASH,
9872,494,538,1,,1902,72919.2,PAID,CARD,TX-J8D5W1IIR3QO
9873,429,160,1,,1272,13068.0,PAID,GATEWAY,TX-GXM37Q0VUEG9
9874,122,908,1,,1225,27636.0,REFUNDED,GATEWAY,TX-5UAQ2WYCL02N
9875,528,750,1,,,35685.0,PAID,GATEWAY,TX-HD1EJU2F01GW
9876,258,486,1,,1365,44324.4,PAID,CARD,TX-7TF1YPGJ8QZM
9877,557,171,2,2,1087,71148.0,PAID,CARD,TX-SF1JX9GLWB5J
9878,197,22,1,,,32055.0,PAID,GATEWAY,TX-QTCQXIRA2FDL
9879,445,610,1,,,35385.0,PAID,GATEWAY,TX-1OM811A0LCHC
9880,163,1465,1,,1733,43588.8,PAID,CARD,TX-37R8LVYGLAMK
9881,72,1288,2,4,743,64033.2,PAID,CASH,TX-4JRTZFWJJH3S
9882,,613,1,,1092,33570.0,FAILED,GATEWAY,
9883,543,342,2,2,1604,15246.0,PAID,CASH,TX-577OY5WTUEGF
9884,169,743,2,2,776,67681.35,PAID,CASH,TX-Z9H4HE5XJ8UF
9885,459,14,2,2,2788,17151.75,PAID,CASH,TX-H0Q6E85BUGVC
9886,77,1047,2,4,2110,53361.0,PAID,CASH,TX-FHPK9V0R1SFH
9887,439,1464,1,,2878,44104.5,PAID,GATEWAY,TX-9KHYQJPC0K0T
9888,114,1263,1,,2675,30603.0,PAID,CARD,TX-J1D6VVKJ9UJ8
9889,,1384,1,,,17242.5,PENDING,GATEWAY,
9890,448,564,1,,1751,28788.0,PAID,CARD,TX-BBQGTJ066UJS
9891,340,1405,1,,2607,36774.0,PAID,CARD,TX-XJMLGAJTWJ84
9892,409,188,1,,,49261.2,PAID,CARD,TX-FHUGVIRFC327
9893,300,1496,2,3,2761,48024.9,PAID,CARD,TX-EYCUI0T196IL
9894,282,1360,2,1,1656,64555.92,PAID,CARD,TX-BF66CYJKA6WZ
9895,22,622,2,4,302,49005.0,PAID,CARD,TX-AXZYZFXR00BI
9896,241,386,1,,2826,32016.6,PAID,CARD,TX-T6TNLY2YHZTP
9897,399,214,2,3,2201,102184.5,PAID,TRANSFER,TX-60WLM6BXFXX3
9898,25,895,1,,2489,13968.0,PAID,CARD,TX-ZQHDJE46PSHQ
9899,,837,2,3,1680,41382.0,FAILED,CARD,
9900,621,829,2,1,2473,28459.2,PAID,TRANSFER,TX-GCO223LPV90K
9901,510,1037,1,,1548,67846.8,PAID,CARD,TX-JLUFNG4SK2RI
9902,444,1059,2,1,38,39204.0,PAID,TRANSFER,TX-H75VMP21M4WY
9903,414,66,1,,,17787.0,PAID,GATEWAY,TX-6A2UESUVRO13
9904,160,939,2,2,2745,12806.64,PAID,CASH,TX-RYQHTI1FEPPS
9905,501,489,2,3,,84288.6,REFUNDED,TRANSFER,TX-WOVAJ1KI8QLV
9906,16,1208,2,1,2317,34485.0,PAID,CASH,TX-KZV9PRJDRHQ8
9907,546,1172,2,4,1579,18966.75,PAID,CARD,TX-A34MMWHKWJYD
9908,20,75,2,4,327,17787.0,PAID,CASH,TX-WF1E4XWTS7C0
9909,574,573,2,4,,13794.0,PAID,TRANSFER,TX-HUVN2VLU5ZXF
9910,265,612,1,,679,55813.88,PAID,GATEWAY,TX-O1NZRL6E3CNB
9911,303,1184,2,4,1226,24829.2,PAID,CARD,TX-2LFSUSYKNVA7
9912,356,119,2,4,,32670.0,PAID,CASH,TX-K5G9PAN511C5
9913,150,21,2,4,2749,78408.0,PAID,CASH,TX-O0676EKZFOBK
9914,315,1179,2,2,,43560.0,REFUNDED,CARD,TX-156Z4ZOIFC7E
9915,223,1259,1,,1351,55513.88,PAID,CARD,TX-1AUYCSRH0WKJ
9916,248,234,2,3,3041,55176.0,PAID,TRANSFER,TX-DHJKUH6YX4KM
9917,576,354,1,,128,46766.1,PAID,GATEWAY,TX-3XQ5HJ1FHWFL
9918,32,1395,1,,731,36300.0,PAID,CARD,TX-E4AZJ7P98DCK
9919,,368,2,1,192,28459.2,PENDING,CASH,
9920,477,1436,1,,2714,32670.0,PAID,CARD,TX-RSP0LC9KHGZU
9921,100,224,2,2,2423,33214.5,PAID,CASH,TX-TV6CTOJJORWV
9922,384,447,2,1,1210,35574.0,PAID,CASH,TX-L8IUWAK815VH
9923,,1116,1,,1251,42882.0,FAILED,CARD,
9924,582,2,1,,3201,18150.0,PAID,GATEWAY,TX-7W8VHKSE0IMQ
9925,501,1070,2,4,2005,54450.0,PAID,TRANSFER,TX-KUQKLXT6JUHJ
9926,30,540,1,,2141,92857.5,PAID,GATEWAY,TX-KISL7WH4XX2K
9927,358,296,1,,33,85940.25,PAID,GATEWAY,TX-V190XN6T350Q
9928,127,1258,2,4,611,28749.6,PAID,CASH,TX-5U43A669AHZ4
9929,379,694,2,3,1286,37352.7,PAID,CARD,TX-Z94V3WLI4UEX
9930,538,548,1,,2205,33870.0,PAID,CARD,TX-5Y23A5RS3FHI
9931,182,725,1,,678,36483.6,PAID,CARD,TX-WULOVHIAD1VN
9932,584,843,2,4,933,51727.5,PAID,CASH,TX-3PYWBN217G59
9933,310,181,1,,2651,38443.8,PAID,GATEWAY,TX-ZXL0LVUWDPL0
9934,456,881,2,1,3025,39930.0,PAID,CASH,TX-KTMFR2ZEOAS4
9935,336,813,1,,356,36474.0,PAID,GATEWAY,TX-GYTLYSEXK7Y3
9936,288,1245,1,,2013,14568.0,PAID,CARD,TX-JTS6ZB4SLPZW
9937,603,183,1,,2841,44760.0,PAID,GATEWAY,TX-Q2U7MIWFMLU4
9938,178,1266,1,,132,12661.2,PAID,CARD,TX-WIEUWUOGYVPD
9939,74,1287,1,,1996,57828.0,PAID,CARD,TX-GSC7WO68XVJ8
9940,287,773,1,,1620,49905.0,PAID,GATEWAY,TX-X8OYNVCKAQHD
9941,578,829,2,2,1441,16335.0,PAID,CASH,TX-PWVW7ZKSA0C9
9942,386,666,2,4,3112,31036.5,PAID,CASH,TX-RCFYVW472J5Z
9943,327,331,1,,279,56929.05,PAID,GATEWAY,TX-C1F7874B5HBF
9944,81,1457,2,2,1265,31305.12,PAID,CASH,TX-GVZFMLBGWNX4
9945,,763,1,,247,27336.0,PENDING,GATEWAY,
9946,602,149,2,3,1430,17787.0,PAID,CASH,TX-GWTUAIN7S6T2
9947,639,1003,1,,521,45060.0,PAID,CARD,TX-L20MFN4VKYK0
9948,516,1039,2,1,2012,34485.0,PAID,CARD,TX-HMA1MHTFWXEO
9949,9,1415,1,,2197,43588.8,REFUNDED,GATEWAY,TX-5RIKC33YC3ZS
9950,159,292,1,,457,58372.5,REFUNDED,GATEWAY,TX-3VZ5C3UA9HM7
9951,375,405,1,,2189,37243.8,PAID,GATEWAY,TX-HNDGJ1ABZZUY
9952,321,157,2,1,567,43560.0,PAID,CASH,TX-5S44658XDGXF
9953,510,236,1,,813,60795.0,REFUNDED,CARD,TX-ML6YUXDB6VNB
9954,97,1178,2,4,2867,13068.0,PAID,CASH,TX-BN2YUVOCR6B5
9955,443,819,2,3,,48024.9,PAID,CASH,TX-21QM317XDI51
9956,262,550,1,,2610,44460.0,PAID,GATEWAY,TX-U2MMTB85JH29
9957,509,1430,1,,1528,57646.5,PAID,CARD,TX-7S7I41UHJ0JU
9958,445,1356,1,,2839,40404.0,PAID,CARD,TX-P9E9ZQXEQTZV
9959,381,868,1,,2399,73770.96,PAID,GATEWAY,TX-OAMQI4HMRJG3
9960,513,586,1,,,21165.0,PAID,CARD,TX-7MCBLQA0EH9Y
9961,70,401,1,,2053,15729.6,PAID,GATEWAY,TX-7V6IQ1WKGUME
9962,561,1161,1,,426,20176.35,PAID,CARD,TX-WOXTZW6TDXL6
9963,167,1077,1,,1305,47454.75,PAID,CARD,TX-CQFYP8L5LMRH
9964,258,1145,2,4,355,49005.0,PAID,CARD,TX-ISRLXTP5HNO7
9965,590,971,2,4,134,28459.2,PAID,TRANSFER,TX-5PVZ2VFRI5JI
9966,17,473,1,,1645,18351.75,PAID,GATEWAY,TX-LKKEPFGNHLSG
9967,284,749,1,,1278,18150.0,PAID,CARD,TX-NO2911LZUD9S
9968,482,1261,2,2,1083,13794.0,PAID,CARD,TX-VLWSNS68JPL2
9969,397,1074,1,,,78446.4,PAID,GATEWAY,TX-1TQE474IVF7S
9970,244,998,1,,1711,30782.16,PAID,CARD,TX-ZOIK4XIEWGN9
9971,127,861,1,,4,53290.5,PAID,CARD,TX-4V65U44KM5QN
9972,233,597,1,,889,86466.6,PAID,GATEWAY,TX-ELVC56SVDX2X
9973,480,558,1,,,36774.0,PAID,GATEWAY,TX-5CFW3U5NLRRD
9974,70,651,1,,962,33870.0,PAID,GATEWAY,TX-MZVG1EYCH5XW
9975,256,839,2,4,133,29040.0,PAID,CASH,TX-PCCN3SP0FBMY
9976,349,1361,2,2,2695,41382.0,PAID,CARD,TX-7916429XJJTM
9977,189,1048,1,,1683,77311.74,PAID,CARD,TX-YYIJ0CVBF9G2
9978,115,420,1,,2657,74952.0,PAID,CARD,TX-7VMHXRYLAVNH
9979,31,1136,2,1,,36300.0,REFUNDED,CARD,TX-CTI6WWR3I0RF
9980,32,665,2,1,2340,36300.0,PAID,CARD,TX-0VBW8LHWK6Z0
9981,294,1244,1,,2496,43888.8,PAID,CARD,TX-97NWRPNGFUMB
9982,,413,1,,132,15429.6,FAILED,GATEWAY,
9983,380,61,1,,1256,28967.4,PAID,CARD,TX-U9NB42L42RX8
9984,613,995,1,,614,15983.7,PAID,CARD,TX-1EB5ZJEAZEIC
9985,338,566,2,3,823,91113.0,PAID,CASH,TX-P6CAR9339YXK
9986,242,739,1,,2289,19604.62,PAID,GATEWAY,TX-NP8SOT912B96
9987,283,400,2,3,198,46554.75,PAID,CASH,TX-ZJLH9KKAYL49
9988,85,613,2,1,1279,14483.7,PAID,CARD,TX-HXQGYETHTGJQ
9989,170,632,1,,,55650.0,PAID,GATEWAY,TX-3ZJ9O1NY8Z35
9990,46,233,1,,2263,107677.5,PAID,CARD,TX-BAXRH3593994
9991,53,1104,1,,2541,38143.8,PAID,CARD,TX-S7BB6MR7M6AZ
9992,545,101,1,,226,124075.5,PAID,CARD,TX-69IJ6KC91LA1
9993,160,1025,1,,,29359.2,PAID,CARD,TX-OPDXGQL6N34A
9994,454,1467,1,,2520,83538.0,PAID,GATEWAY,TX-WR522SZGIH44
9995,160,946,1,,742,29649.6,PAID,CARD,TX-DBG5EZ7EGZD5
9996,378,1229,2,3,1981,42688.8,PAID,CASH,TX-2RH7BAFAAIOU
9997,440,1477,2,4,414,37243.8,PAID,CARD,TX-WWKM9R8HJ4TD
9998,505,341,1,,248,46151.58,PAID,GATEWAY,TX-YTF78AD3BU2X
9999,428,1392,1,,1557,21165.0,PAID,CARD,TX-I1DR5X2JSNQM
10000,157,1500,1,,1803,98421.0,PAID,GATEWAY,TX-W3HP6A1ICTXA
10001,411,564,2,4,2069,39204.0,PAID,CASH,TX-TTCL5AU7IA1W
10002,53,595,1,,2257,50033.1,PAID,CARD,TX-W0GCV5TBBVFX
10003,281,893,1,,1376,89544.6,PAID,GATEWAY,TX-8F883COH20AO
10004,82,760,2,2,1892,18150.0,PAID,CASH,TX-J6FM4ZJWGUMF
10005,156,1223,1,,2713,14229.6,PAID,GATEWAY,TX-B8IARCAMWBVM
10006,223,981,2,1,3159,28749.6,PAID,CARD,TX-5OX3A34V4614
10007,332,392,2,3,674,35283.6,PAID,CASH,TX-N2PEMMQ7B3BE
10008,198,624,1,,1194,42582.0,PAID,CARD,TX-NN4WJD6IHKCP
10009,402,375,1,,641,38115.0,PAID,GATEWAY,TX-PL1SFJ21PU24
10010,46,514,1,,2685,52627.5,PAID,CARD,TX-QKCQ3VNYU21C
10011,185,295,2,3,,46957.68,PAID,CASH,TX-VKTKZJM10Q5D
10012,,1173,1,,3097,39619.92,FAILED,GATEWAY,
10013,,1493,2,3,2713,23522.4,PENDING,TRANSFER,
10014,427,712,1,,807,32851.5,PAID,CARD,TX-0ZDOFZM3I9OO
10015,256,1455,1,,1580,15601.5,PAID,CARD,TX-AK5N64PNN621
10016,400,691,1,,1016,39015.0,PAID,GATEWAY,TX-D1RRG8SZONZ3
10017,243,1445,2,2,854,77319.0,PAID,CARD,TX-7B89JUANP9VT
10018,184,1451,2,3,1900,29040.0,PAID,CASH,TX-BNVQYMVUQQ41
10019,451,236,1,,1474,30603.0,REFUNDED,GATEWAY,TX-LG7P6K7YSOIH
10020,566,49,1,,784,37500.0,PAID,CARD,TX-PMO209X9UKQ1
10021,226,935,1,,2118,13314.6,PAID,CARD,TX-K6LOLNKRZ8IC
10022,64,1364,1,,1369,55513.88,PAID,CARD,TX-LEM5KQUHUV4H
10023,197,903,1,,803,13794.0,PAID,GATEWAY,TX-K4VUMFMZRSGR
10024,462,966,1,,2988,36300.0,PAID,CARD,TX-XWEMFV3RTFDH
10025,366,433,1,,182,54450.0,PAID,GATEWAY,TX-QGWP93SAGEXK
10026,620,1248,2,3,2330,17242.5,PAID,TRANSFER,TX-E9GUZJ8CZRIN
10027,495,519,2,3,1375,16335.0,PAID,CASH,TX-62HXVLDC7DCG
10028,51,286,2,4,2524,49005.0,PAID,CASH,TX-2DOCSJNZ90MN
10029,,391,2,2,676,40365.6,FAILED,CARD,
10030,107,1445,2,2,824,37243.8,PAID,TRANSFER,TX-OHQO0T3OXW6B
10031,162,547,1,,2664,13968.0,PAID,CARD,TX-5ZXK80YITGT1
10032,554,1093,2,3,2493,52272.0,PAID,CASH,TX-UCGD1SL1XI84
10033,599,1482,1,,2523,13968.0,PAID,CARD,TX-9XCKM3JRKAMI
10034,353,1395,1,,1117,26029.2,PAID,CARD,TX-HA8CP87LNH8A
10035,632,912,2,2,2657,28459.2,PAID,CARD,TX-XPPQHR3EPMGE
10036,107,311,1,,2640,62610.0,REFUNDED,CARD,TX-N4UC84AV7QAS
10037,623,516,1,,181,31082.16,PAID,CARD,TX-25II7NUT7DZQ
10038,182,164,1,,2660,15221.4,PAID,CARD,TX-GVCUSC6WNEF1
10039,15,918,2,3,200,16335.0,PAID,CARD,TX-6HDQWYL0ZYL6
10040,351,893,2,2,2303,17242.5,PAID,CARD,TX-A8SWG9Z9F2H7
10041,,797,1,,1835,14268.0,PENDING,GATEWAY,
10042,443,1046,2,4,,26136.0,PAID,CASH,TX-OHQ1QON2AW8C
10043,514,618,1,,,33870.0,PAID,CARD,TX-0EVNPS5GLGRC
10044,184,995,2,4,788,37352.7,PAID,CASH,TX-PH7NTE2U734V
10045,475,400,1,,1648,19304.62,PAID,GATEWAY,TX-U5VUTMVO4F69
10046,458,920,1,,238,83736.6,PAID,CARD,TX-5QL89K2IFVM4
10047,570,58,2,1,345,84796.8,PAID,TRANSFER,TX-1VD1E8ZD32MS
10048,15,1275,1,,1392,20466.75,PAID,GATEWAY,TX-6LW8PT16ULZU
10049,374,1362,1,,2549,63636.0,PAID,CARD,TX-7FJRAQB16UWG
10050,42,1,1,,2743,30240.0,PAID,GATEWAY,TX-TEM8C4UMBJEZ
10051,251,795,1,,2558,15720.0,PAID,CARD,TX-OHA4OR3EHF9H
10052,,1306,2,3,792,45738.0,FAILED,CASH,
10053,488,681,1,,492,37200.0,PAID,GATEWAY,TX-MNYZURJNRG76
10054,585,1162,2,2,,45048.3,PAID,CASH,TX-8MRJ01EP4VRP
10055,189,1204,2,4,691,13068.0,PAID,CASH,TX-2IU8DOUK5A06
10056,114,1442,2,1,2004,31036.5,PAID,CASH,TX-T2F4SA17QN84
10057,435,1216,2,3,2460,28459.2,PAID,CASH,TX-JNABS77BWIMN
10058,,1400,2,1,3196,27588.0,FAILED,CARD,
10059,471,61,1,,586,18687.0,PAID,CARD,TX-XS2D0OD53F0W
10060,533,298,1,,2049,122786.85,PAID,CARD,TX-SOBPSG2KOI8F
10061,393,903,2,1,2548,31581.0,PAID,CARD,TX-WRUSDAQBKA6N
10062,573,739,1,,903,43487.4,PAID,CARD,TX-9FXFGLPIOVOT
10063,426,1339,2,2,2401,46427.7,PAID,CASH,TX-NI82229JVRWQ
10064,216,615,1,,2612,33870.0,PAID,GATEWAY,TX-JAMIWEZRELAW
10065,,1192,1,,2664,75189.0,FAILED,CARD,
10066,39,1291,1,,229,26513.28,PAID,GATEWAY,TX-PAH61NGOO888
10067,438,1459,1,,72,29359.2,PAID,CARD,TX-UXQZZ7L27UGP
10068,336,541,1,,,60088.2,PAID,CARD,TX-W1RC8QS7LOXR
10069,363,797,1,,2548,43560.0,PAID,GATEWAY,TX-VRW92PEWGRNS
10070,54,537,2,2,2577,13794.0,PAID,CARD,TX-Y1RWPY9BJO71
10071,414,1396,1,,1067,43588.8,PAID,CARD,TX-VZDHO495DMJ5
10072,422,1160,1,,485,14520.0,PAID,GATEWAY,TX-SAR504BJ9AKP
10073,504,884,1,,1150,44760.0,PAID,CARD,TX-SZ8U4GZDTWG5
10074,477,1209,2,4,107,67681.35,PAID,CARD,TX-2ZV1SXY34XIU
10075,139,1174,1,,,107133.0,PAID,CARD,TX-JJSS2G19KMVY
10076,,1159,2,1,837,56029.05,FAILED,TRANSFER,
10077,196,889,1,,1637,36774.0,PAID,GATEWAY,TX-8Y1JE6R29IQQ
10078,340,667,1,,910,19650.0,PAID,GATEWAY,TX-69A8ZBPFAMCA
10079,471,1314,2,2,,28967.4,PAID,TRANSFER,TX-UK4ZR8JLY1O2
10080,375,1133,1,,641,39204.0,PAID,CARD,TX-IZWR04DECLRD
10081,243,1348,1,,807,20257.5,PAID,CARD,TX-SC839CD2RSP2
10082,53,1016,1,,1669,14694.0,REFUNDED,GATEWAY,TX-AQF45EBERNP9
10083,480,53,2,3,437,13068.0,PAID,CASH,TX-ZLR3751LJLZQ
10084,337,229,1,,3160,16141.08,PAID,GATEWAY,TX-EWNWFCGTX00K
10085,82,794,1,,771,15429.6,PAID,CARD,TX-WXTYKPFE570C
10086,7,462,2,1,932,36300.0,PAID,CARD,TX-B9HF7GDCMINS
10087,51,1240,1,,595,29940.0,PAID,CARD,TX-96H8TQSOOULW
10088,618,681,2,1,2216,14229.6,PAID,CARD,TX-OR82QGELBGN1
10089,215,522,1,,1514,40104.0,PAID,CARD,TX-GBNDKRTV9L6G
10090,606,262,1,,1946,14268.0,PAID,CARD,TX-LF62QIYD0DLJ
10091,,543,1,,2643,41164.2,FAILED,CARD,
10092,,451,1,,,17787.0,FAILED,GATEWAY,
10093,272,905,1,,2425,28788.0,PAID,CARD,TX-6GGOBVR68S4U
10094,,360,1,,1847,15429.6,FAILED,GATEWAY,
10095,597,956,2,2,158,41382.0,PAID,TRANSFER,TX-5B1MVZF4SLE2
10096,457,295,1,,275,30240.0,PAID,CARD,TX-JF590JHJFZ8K
10097,431,129,1,,438,15420.0,PAID,CARD,TX-BV8BI6EC4C7P
10098,,412,2,4,54,35283.6,FAILED,CASH,
10099,432,5,1,,,62387.28,PAID,CARD,TX-WTJTNE8UQOEN
10100,471,1252,2,4,781,18150.0,PAID,CASH,TX-KL5THHHN5VA5
10101,296,968,2,1,950,29040.0,PAID,TRANSFER,TX-DY0MHWS95IGM
10102,,313,1,,1115,64134.6,FAILED,GATEWAY,
10103,379,967,1,,23,49905.0,PAID,GATEWAY,TX-6LDM7B40648N
10104,395,805,2,1,889,13068.0,PAID,TRANSFER,TX-KRNE0XWIP2CY
10105,267,1271,1,,2945,86459.1,PAID,CARD,TX-ZW170UGBIUZV
10106,,1040,2,1,978,35574.0,FAILED,CASH,
10107,98,1118,2,3,2138,73471.2,PAID,CASH,TX-C3HHQWELPNWL
10108,300,135,2,1,,74509.38,PAID,CASH,TX-F1VLJJJC9X8A
10109,609,138,1,,2669,16020.0,PAID,GATEWAY,TX-O5LZ6BUC8HQH
10110,463,1163,1,,1178,21465.0,PAID,CARD,TX-29S484K5PFI2
10111,198,1318,1,,,30240.0,PAID,CARD,TX-L7JJXWRW7998
10112,456,1332,1,,331,35685.0,PAID,CARD,TX-OA32V5JS2CWA
10113,615,424,1,,1512,53625.75,PAID,CARD,TX-EMZBLA52RE1L
10114,602,350,2,3,3009,26136.0,PAID,TRANSFER,TX-I8MJDAVO0QPC
10115,614,731,1,,610,75532.8,PAID,GATEWAY,TX-RHCMY1K76CP3
10116,157,557,2,2,2802,141025.5,PAID,CARD,TX-ZL89MEEHB6BJ
10117,,1174,2,1,759,29882.16,PENDING,CASH,
10118,371,745,1,,317,68399.85,PAID,GATEWAY,TX-TGQA215BVUMA
10119,534,492,1,,2832,40704.0,PAID,GATEWAY,TX-CE7VERH7BK5C
10120,136,835,2,4,1583,33287.1,PAID,CASH,TX-9H3LVGU41XNE
10121,192,196,1,,1000,43888.8,PAID,CARD,TX-G35ARL9CA0B7
10122,175,1468,2,2,,45738.0,PAID,CASH,TX-YM96FAZ9HO2V
10123,136,19,2,2,1263,46246.2,PAID,CASH,TX-0V7J2D9CTPYM
10124,405,1042,1,,,40704.0,PAID,GATEWAY,TX-ASAXBZVQIQMG
10125,384,495,1,,1066,19050.0,PAID,CARD,TX-0SP3S0DTFQ20
10126,388,743,2,1,2679,32670.0,PAID,CASH,TX-L01LBD4SCHAE
10127,10,505,2,2,2317,99861.3,PAID,CASH,TX-5FW2447ATVS9
10128,124,474,1,,2959,44460.0,PAID,GATEWAY,TX-W9YY5KJENHLH
10129,232,51,1,,2493,45004.5,PAID,GATEWAY,TX-6OCF068H7P1O
10130,279,882,1,,2520,42582.0,PAID,CARD,TX-FW7KUOVGS0Q0
10131,391,77,2,1,1758,61927.8,PAID,CARD,TX-RHSSI60JTPNA
10132,244,348,2,4,,76447.8,PAID,CASH,TX-RAKNHSSBB3XU
10133,153,1381,1,,740,101668.8,PAID,GATEWAY,TX-7NR3RQLQ8KF9
10134,,552,1,,43,16141.08,FAILED,CARD,
10135,592,1184,1,,,33444.0,PAID,GATEWAY,TX-16AAKIG03WLX
10136,128,873,1,,1022,42582.0,PAID,CARD,TX-AON6EZH05HEM
10137,98,744,1,,2533,32670.0,REFUNDED,GATEWAY,TX-I2W2DMMCMXNL
10138,214,284,2,4,300,41382.0,PAID,CARD,TX-69PK9OEHC8PL
10139,202,858,2,4,1832,79043.25,PAID,CARD,TX-61RMLQUHN7F8
10140,458,462,1,,1640,29359.2,PAID,GATEWAY,TX-GALZWXI1P1KO
10141,449,1489,2,4,1582,41382.0,PAID,CARD,TX-Q2B6JRP5SFI1
10142,125,954,2,4,3046,41382.0,PAID,CARD,TX-I4PGKN1GPGMB
10143,331,897,2,2,2715,96921.0,PAID,CASH,TX-62YGR86XQFQQ
10144,88,715,1,,,117460.35,PAID,CARD,TX-DFHFUTTXXGQZ
10145,102,498,1,,2279,44188.8,PAID,CARD,TX-JEHW2AUDM9SA
10146,,971,1,,325,51952.56,FAILED,GATEWAY,
10147,186,878,2,4,3001,59895.0,PAID,CASH,TX-3Z45OIF0M008
10148,494,16,2,3,1292,14520.0,PAID,CASH,TX-GB985MOHF2F8
10149,,1491,2,2,301,82038.0,FAILED,TRANSFER,
10150,495,404,2,1,31,34303.5,PAID,CASH,TX-S240ROVAOGGO
10151,560,177,1,,2067,54861.0,PAID,CARD,TX-0FBW24MGZZXD
10152,240,1445,1,,693,27036.0,PAID,GATEWAY,TX-MQSI7VSVUO8J
10153,93,409,1,,1004,52627.5,PAID,CARD,TX-RLLVDTG3LLPH
10154,90,1073,2,4,827,16335.0,REFUNDED,CASH,TX-JUULSRKFLCVF
10155,157,692,2,4,2973,26136.0,PAID,CARD,TX-UVDZRTU5RN2W
10156,157,1230,1,,554,16718.25,PAID,GATEWAY,TX-891UA8IAXYYF
10157,278,1488,1,,1364,40249.2,PAID,CARD,TX-GU7L7UFFO7MC
10158,419,1203,1,,,71031.6,PAID,GATEWAY,TX-YEWUTINQSOCJ
10159,497,46,1,,2644,13968.0,PAID,CARD,TX-RQPDHBHYLSMJ
10160,623,757,1,,846,55350.0,PAID,CARD,TX-Y4CKKMH1SMH3
10161,34,248,1,,2560,14268.0,PAID,CARD,TX-K5RN501FAYZA
10162,420,1107,2,3,1406,14701.5,PAID,TRANSFER,TX-JWAD2JCRFQLB
10163,223,1158,2,3,1761,13721.4,PAID,CASH,TX-1ZTDT1K0PTU3
10164,417,102,1,,911,45694.2,PAID,CARD,TX-5IAEHIX00FSP
10165,525,1250,1,,772,28942.8,PAID,GATEWAY,TX-T6487S91V110
10166,4,100,2,4,1994,14520.0,PAID,CASH,TX-TIJIVGPW77H5
10167,106,40,1,,1985,75387.6,PAID,CARD,TX-AQ0INQO73CI8
10168,446,956,1,,2035,50205.0,PAID,CARD,TX-7HJAKB06TA0S
10169,409,1463,1,,866,55513.88,PAID,CARD,TX-82EDHGLS44RJ
10170,454,1247,2,2,823,14229.6,PAID,CASH,TX-4K8HESTLIEWX
10171,536,356,1,,2534,36483.6,PAID,GATEWAY,TX-HDG34AMA0BH2
10172,127,69,1,,1124,18351.75,REFUNDED,CARD,TX-QFAL1WBC45EL
10173,230,1428,2,2,1070,31305.12,PAID,CARD,TX-8V8ID12FJ9ZS
10174,93,1015,1,,451,74589.0,REFUNDED,CARD,TX-AMF942SJ09EU
10175,411,57,1,,144,54805.5,PAID,CARD,TX-LKBLWIIM8WAJ
10176,610,864,1,,1315,72212.4,PAID,GATEWAY,TX-LGKJHHMAE6KW
10177,50,1175,1,,,15274.8,PAID,GATEWAY,TX-3QMY5SKBL6MF
10178,583,981,1,,450,58554.0,PAID,GATEWAY,TX-0IJAEGWRIXIC
10179,120,585,1,,2737,16020.0,PAID,GATEWAY,TX-SMZP0OOIU5TT
10180,174,1317,1,,1250,30492.0,PAID,CARD,TX-6GSRMBWQLIQG
10181,,798,2,4,550,67381.88,PENDING,CARD,
10182,234,149,1,,2116,14268.0,PAID,CARD,TX-RWPN0DXRPRK7
10183,529,690,1,,743,28488.0,PAID,CARD,TX-0P4F8Q5AHR27
10184,206,1384,1,,1471,44651.1,PAID,CARD,TX-LUCGVEVA2BL2
10185,344,750,2,1,2840,72382.2,PAID,CARD,TX-TH6S26Q1WM6S
10186,522,874,2,3,652,53361.0,PAID,CARD,TX-5IA0P26PRY78
10187,428,282,1,,686,42064.2,PAID,GATEWAY,TX-Z1S231RF4AY4
10188,563,75,2,1,2630,28749.6,PAID,CASH,TX-K3GA28HL1TG8
10189,63,994,1,,2243,27336.0,PAID,CARD,TX-MH5BD5IARIXZ
10190,89,634,1,,2063,13968.0,PAID,GATEWAY,TX-V5EBWFZ58YA5
10191,478,748,1,,908,49905.0,PAID,CARD,TX-4LLUTBGJRM0S
10192,70,835,2,2,267,29403.0,PAID,CARD,TX-HHAO0LDDTISS
10193,309,11,1,,1548,28342.8,PAID,CARD,TX-FZ5BKPEZS18C
10194,134,688,1,,2255,42364.2,PAID,CARD,TX-I9DMI0IXW4T3
10195,639,1460,1,,,55350.0,PAID,CARD,TX-JL8GOOCUGW5L
10196,613,1406,1,,2625,46023.24,PAID,CARD,TX-2G2HVZVTJAF8
10197,,334,2,1,2497,25613.28,FAILED,CASH,
10198,262,880,1,,605,26329.2,PAID,GATEWAY,TX-AGASW2BJPHBS
10199,17,814,2,4,2468,58697.1,PAID,CASH,TX-MWO1MG5BC3AM
10200,94,1162,1,,1153,33870.0,PAID,CARD,TX-DS7G7W5XP2MH
10201,390,867,2,3,2190,71874.0,PAID,TRANSFER,TX-7L89RUQ7ZQMN
10202,38,682,2,1,1242,34485.0,PAID,TRANSFER,TX-QI14M0C7G2HG
10203,86,294,1,,72,88844.25,PAID,GATEWAY,TX-HICQS9KRS3SC
10204,494,1061,2,4,286,19565.7,PAID,CARD,TX-GXCG2FT5UHQ5
10205,617,601,2,4,79,28967.4,PAID,CASH,TX-591SA9KH2SDK
10206,100,676,1,,2902,14268.0,PAID,GATEWAY,TX-3FUJJ7B0Y3W3
10207,251,232,1,,401,120717.75,PAID,CARD,TX-H52W1UGGQI3B
10208,8,417,1,,2723,29359.2,PAID,GATEWAY,TX-6AN0XDRKL9F8
10209,309,393,1,,2163,42582.0,PAID,CARD,TX-AHEPOVDRVT4Q
10210,375,556,2,4,1036,42688.8,PAID,CARD,TX-5DO26U37LPAX
10211,279,1029,2,4,2611,38115.0,PAID,CARD,TX-W29M59B8IDBK
10212,562,588,1,,,15729.6,PAID,CARD,TX-3SAK6A3R92W5
10213,211,980,2,2,1136,26136.0,PAID,CARD,TX-NASR6RGF0WU5
10214,335,118,1,,3189,39433.5,PAID,CARD,TX-GJP5R1JEU52N
10215,416,677,1,,2433,42064.2,PAID,GATEWAY,TX-9YQCJULPKFBE
10216,415,26,1,,2251,26136.0,PAID,CARD,TX-WRV1X8N9K12U
10217,597,315,1,,589,87303.6,PAID,GATEWAY,TX-69L6Q24WWLTC
10218,547,867,1,,505,58672.5,PAID,CARD,TX-E5QJUEF6UFQD
10219,448,147,2,1,1533,46957.68,PAID,TRANSFER,TX-R4ZV5TUJREFN
10220,422,169,2,3,78,54450.0,PAID,CASH,TX-T7S2K55FREC0
10221,475,148,2,3,1282,17787.0,PAID,CARD,TX-CNJXDWJXECN4
10222,246,1485,1,,1310,62254.5,PAID,CARD,TX-3KRTP034RVQV
10223,555,986,1,,2699,90089.1,PAID,CARD,TX-1265WUBCUY0E
10224,204,1300,2,2,,58334.1,PAID,CARD,TX-90C3JUUN3UC2
10225,459,904,1,,529,18442.5,PAID,CARD,TX-CHTK6ZFRC9Y5
10226,410,714,1,,2874,64425.0,PAID,CARD,TX-1Z19UXGVC4QM
10227,192,864,1,,1114,24722.4,PAID,CARD,TX-ENLQYDIU6VD8
10228,432,1413,1,,2800,27336.0,PAID,CARD,TX-U0X8MPE50GWI
10229,625,496,1,,3042,47238.0,PAID,CARD,TX-QV1TSU8AFIZD
10230,217,1175,1,,2008,53542.5,PAID,CARD,TX-Y4RNMB67DAMY
10231,538,1353,2,4,1502,46554.75,PAID,CARD,TX-6HU4KU51XV19
10232,620,1207,1,,2299,20257.5,PAID,CARD,TX-PD1GSS5K5E6S
10233,505,76,1,,918,49005.0,PAID,CARD,TX-CZW2FYIXLRS1
10234,40,1245,1,,2136,42688.8,PAID,GATEWAY,TX-OGLPYQIVEHVQ
10235,64,1446,1,,1774,79315.5,PAID,GATEWAY,TX-RQGOHMFIR3ZC
10236,107,389,2,2,1320,37933.5,PAID,CARD,TX-9ZH2UHD21XEM
10237,258,480,2,3,147,49803.6,PAID,CARD,TX-QD6E29S8ZX5P
10238,335,1096,2,3,770,33033.0,PAID,CASH,TX-EZZSN9RGO8YN
10239,152,46,1,,2256,49905.0,PAID,CARD,TX-IU1KOYQQ03XB
10240,451,924,2,3,954,84942.0,PAID,TRANSFER,TX-N33UX83EP9OL
10241,420,168,1,,383,53361.0,PAID,GATEWAY,TX-IBHBRIZML5CE
10242,51,1117,2,3,928,66646.8,PAID,CARD,TX-GNFC0TGA914U
10243,283,658,1,,744,26136.0,PAID,CARD,TX-G3HOMY2LFFI1
10244,128,98,1,,456,14994.0,REFUNDED,CARD,TX-X72G82VOTER3
10245,,942,1,,2553,37733.85,FAILED,GATEWAY,
10246,,376,1,,2418,18142.5,FAILED,CARD,
10247,265,401,1,,1385,49905.0,PAID,GATEWAY,TX-5RLRKHAZYO2P
10248,330,1477,1,,2244,58100.25,PAID,GATEWAY,TX-59SP77EKFWJC
10249,163,1124,1,,2143,42282.0,REFUNDED,CARD,TX-YJZHAH73QSCL
10250,407,446,1,,1828,18351.75,PAID,CARD,TX-T6VWU4NSX6CY
10251,115,1106,2,2,408,13068.0,PAID,CARD,TX-ESIP1D3T0XG8
10252,80,1182,2,3,1502,28459.2,REFUNDED,TRANSFER,TX-2O47DM9Y6QEG
10253,376,1433,1,,1399,32670.0,PAID,CARD,TX-GO8C4752L9OE
10254,169,298,2,3,1768,63568.56,REFUNDED,CASH,TX-OVFQ3H2LO3KA
10255,548,580,2,2,1168,26136.0,PAID,CASH,TX-7277P9XIZRWY
10256,268,878,2,2,2573,31726.2,PAID,CARD,TX-H1UVE5QPQLTO
10257,59,671,1,,3197,19350.0,PAID,GATEWAY,TX-9GIVO38OJJRH
10258,546,542,2,3,1262,16335.0,PAID,CASH,TX-GS9VMBJXLD52
10259,100,215,1,,557,15420.0,PAID,CARD,TX-9K38RN4GAW8W
10260,,69,1,,2141,20865.0,PENDING,GATEWAY,
10261,458,1414,2,3,2913,65340.0,PAID,CARD,TX-YXSSYJQCMCC6
10262,140,335,1,,1834,18742.5,PAID,CARD,TX-Q54OOLXWJRSI
10263,440,436,2,4,1271,41382.0,PAID,CASH,TX-Y4K3G72R7A5Q
10264,69,1309,1,,1571,54261.0,PAID,CARD,TX-5W20I486GRJL
10265,,1085,2,4,1799,37352.7,FAILED,CARD,
10266,336,504,1,,425,35385.0,PAID,GATEWAY,TX-7MD2KKRDJ53G
10267,442,12,1,,104,50205.0,PAID,CARD,TX-CZSVJ2392K6O
10268,639,545,2,1,980,46957.68,PAID,TRANSFER,TX-NZGV898ZNSYG
10269,156,162,1,,220,16073.4,PAID,CARD,TX-T1EZITWBYQ13
10270,437,1399,1,,,67011.9,PAID,GATEWAY,TX-CXEI0WWC2JM6
10271,308,1309,1,,2870,27588.0,PAID,CARD,TX-R6P65NE55HTV
10272,240,1381,1,,2280,49905.0,PAID,CARD,TX-L3Q29DVTROPW
10273,122,662,1,,1905,45694.2,PAID,GATEWAY,TX-XZI358L7B2F3
10274,108,799,1,,2357,37200.0,PAID,CARD,TX-ASS2GW97TO43
10275,381,737,1,,,51303.6,PAID,CARD,TX-VJ66HZJM03UC
10276,209,1124,1,,2823,32844.0,PAID,GATEWAY,TX-6EMP2Z84QJ5I
10277,499,452,1,,1243,27036.0,PAID,CARD,TX-CWARNRMHQNJF
10278,614,599,1,,1436,44188.8,PAID,CARD,TX-PDIERIONQMNU
10279,14,1122,1,,2328,13314.6,PAID,CARD,TX-JORE67JECTQ4
10280,24,94,2,3,2804,67155.0,PAID,CASH,TX-4V6AF8SUUNCR
10281,418,1368,2,3,1955,18966.75,PAID,CARD,TX-QHWXN9EMV23R
10282,,1247,1,,885,45738.0,FAILED,CARD,
10283,465,65,2,4,460,17787.0,PAID,TRANSFER,TX-4DUDD5TQ09R5
10284,317,1182,2,1,3023,28749.6,PAID,CARD,TX-RS5KKDA59UM8
10285,531,833,1,,,58554.0,REFUNDED,CARD,TX-NAIPWH57A8VR
10286,,41,1,,1763,29040.0,FAILED,CARD,
10287,17,217,2,3,250,59764.32,PAID,CARD,TX-2L7MAED8LG22
10288,29,479,2,3,1822,28459.2,PAID,TRANSFER,TX-6B8T3BTR51GD
10289,485,1295,2,1,,43560.0,PAID,TRANSFER,TX-VQM5OHEC8D81
10290,287,644,2,4,,39930.0,PAID,CASH,TX-F8L0CGCPW5GA
10291,91,1355,1,,3190,19650.0,PAID,CARD,TX-81KFADXNS2CK
10292,84,1193,2,4,1109,19565.7,PAID,CARD,TX-JO5XAJLJMFR3
10293,29,324,1,,3163,24829.2,PAID,CARD,TX-MVIWI2C2M1J0
10294,331,503,1,,384,17787.0,PAID,CARD,TX-U19AJWTNKFUB
10295,,455,1,,2695,64057.08,FAILED,CARD,
10296,,1072,1,,1529,73800.0,FAILED,CARD,
10297,330,351,1,,,14994.0,PAID,CARD,TX-IOIHOFEXDJNI
10298,540,175,1,,2029,36300.0,PAID,GATEWAY,TX-RSP1IT1PD654
10299,352,1174,1,,2932,29949.6,PAID,CARD,TX-GRWYQ1R3V4TS
10300,548,1182,1,,,45604.5,PAID,CARD,TX-27DTG4EQXZ3V
10301,4,75,2,3,1351,107811.0,PAID,CASH,TX-3BHV8027YQ3W
10302,259,846,2,4,1878,39204.0,PAID,CARD,TX-93SJJPJAEQNE
10303,631,855,2,1,,81312.0,PAID,CARD,TX-CD5RMAITWUEH
10304,418,1424,1,,729,43888.8,PAID,GATEWAY,TX-YOXGAQV3EMSA
10305,136,18,2,4,564,50965.2,PAID,CASH,TX-BFTGZ1J2GZ4W
10306,91,797,1,,2243,20466.75,PAID,GATEWAY,TX-LOQH5E7LPDBH
10307,377,234,1,,1178,55176.0,PAID,GATEWAY,TX-93WBIX61Z23A
10308,617,921,2,4,3101,42471.0,PAID,CASH,TX-PAGG27SGY3WY
10309,309,1293,1,,1279,25729.2,PAID,CARD,TX-7QR0L75RCE8V
10310,489,78,1,,81,36183.6,PAID,GATEWAY,TX-PHYXXY2KIT3U
10311,350,970,2,2,294,11761.2,PAID,CASH,TX-5SIKHACJMCZE
10312,351,27,2,1,868,34303.5,PAID,TRANSFER,TX-SVDLGTYKZY5J
10313,506,965,1,,2738,44651.1,PAID,GATEWAY,TX-2BPONC2WYG33
10314,78,1463,1,,,68173.5,PAID,CARD,TX-PYSJLW4ID75N
10315,390,330,1,,734,66603.0,PAID,CARD,TX-R1HBFYZ69Y0P
10316,451,57,2,4,280,93799.2,PAID,CARD,TX-B6M37O0YKQ4B
10317,582,538,1,,1200,65514.0,PAID,CARD,TX-4NV48DLGFG3R
10318,38,695,2,1,470,13068.0,PAID,TRANSFER,TX-PZPRTMKAMI2R
10319,,948,1,,1044,62319.6,FAILED,CARD,
10320,216,39,2,3,1516,29040.0,PAID,CARD,TX-XGLNVQKML8QR
10321,85,472,1,,155,35685.0,PAID,GATEWAY,TX-9I1B8QQDBRZN
10322,110,1347,2,3,2350,59604.6,REFUNDED,CASH,TX-MSW1E3WZWC1G
10323,633,582,2,2,1363,26136.0,PAID,CASH,TX-NWAUK504JE7I
10324,294,271,1,,213,43560.0,PAID,GATEWAY,TX-6VB54AQEAR5K
10325,42,87,1,,2695,69202.08,PAID,GATEWAY,TX-QOFX3P5VX325
10326,574,1150,1,,3006,42064.2,PAID,CARD,TX-ZROVD5S032S9
10327,347,1298,2,1,588,18150.0,PAID,CARD,TX-4KDGFD3C7DYG
10328,200,115,1,,,18142.5,PAID,CARD,TX-DOSP7XNI7J4U
10329,486,672,1,,1710,37800.0,PAID,CARD,TX-8PL6F2Z47N6A
10330,548,1379,1,,770,72464.16,PAID,GATEWAY,TX-BFDV5OMHUAMD
10331,452,956,1,,2862,79385.28,PAID,GATEWAY,TX-997Q5AJ996Q3
10332,136,1177,2,1,,14229.6,PAID,CASH,TX-VF5XKC71WIL4
10333,618,476,2,4,2542,54450.0,PAID,CASH,TX-TU7H25BSCSX1
10334,301,1393,1,,386,37074.0,PAID,CARD,TX-7ZUI5INGHB3X
10335,160,311,2,1,3108,37352.7,PAID,TRANSFER,TX-P5BB6HAPZ20R
10336,534,546,2,1,1485,105633.0,PAID,CASH,TX-T4EYC61X8DVK
10337,186,187,1,,2852,73800.0,PAID,CARD,TX-BWD64H6V9FK2
10338,420,515,2,4,2535,28459.2,PAID,CASH,TX-Y82ICSCBADB2
10339,577,641,2,4,1712,13794.0,PAID,CARD,TX-K8SV9KP88HYD
10340,513,1169,1,,2898,30782.16,PAID,GATEWAY,TX-9W101PQQRKVF
10341,116,459,2,4,1850,29040.0,PAID,TRANSFER,TX-EYMD1ZP5NBL1
10342,499,190,1,,295,44760.0,PAID,CARD,TX-50XF3H3LROJ9
10343,532,781,1,,2110,27636.0,PAID,GATEWAY,TX-0TUP7GSFKPGV
10344,593,581,2,1,331,78408.0,PAID,CASH,TX-486FJ83HTTLT
10345,296,1105,1,,1953,147043.8,PAID,GATEWAY,TX-C2PZW6DUJUTU
10346,476,1144,1,,917,52627.5,PAID,CARD,TX-4K5T82BBDC3F
10347,264,359,1,,2647,36474.0,PAID,CARD,TX-FTRY4GFIO8YC
10348,83,517,1,,1854,60804.6,PAID,CARD,TX-CHPW6G0RZ97M
10349,149,589,1,,1431,18351.75,PAID,GATEWAY,TX-73O3QYR53SWB
10350,291,777,2,3,2017,29040.0,PAID,CASH,TX-MK1CAYSIQ60Q
10351,,67,1,,2675,79025.1,FAILED,CARD,
10352,,1268,2,1,796,13721.4,FAILED,CARD,
10353,164,121,2,4,67,43560.0,PAID,CASH,TX-AZ7FN7LPCIR8
10354,442,140,1,,2979,48816.0,PAID,CARD,TX-UH8BBEW6K950
10355,87,1453,1,,1213,62247.0,PAID,GATEWAY,TX-ODGE7OWSD24P
10356,110,1337,2,1,601,81892.8,PAID,CARD,TX-I6PA1G0OV6YI
10357,120,1223,2,4,862,32670.0,REFUNDED,CASH,TX-CLDXB36LXZGG
10358,,897,1,,2658,43588.8,FAILED,GATEWAY,
10359,,1098,1,,,39204.0,FAILED,CARD,
10360,441,1134,2,3,,83490.0,PAID,CASH,TX-OO7DYXO9CZ5H
10361,507,679,2,4,2922,14701.5,PAID,TRANSFER,TX-F5RKUJE578O8
10362,618,672,1,,459,46638.0,PAID,CARD,TX-95Q3IA49ZXZF
10363,632,1405,1,,2492,28342.8,PAID,CARD,TX-G2ORVD6JUUI0
10364,33,922,2,3,2079,56029.05,PAID,CARD,TX-RF6K2MVN2TUD
10365,169,33,1,,2950,35385.0,REFUNDED,GATEWAY,TX-NUR4TXJJYG9T
10366,412,109,2,4,1125,53361.0,PAID,TRANSFER,TX-ACIOQVOT5TOO
10367,561,423,1,,3041,73400.7,PAID,GATEWAY,TX-2EU7PJ0P2X0F
10368,,1254,1,,868,99573.0,FAILED,GATEWAY,
10369,635,895,1,,88,65731.8,PAID,GATEWAY,TX-2MLRO1PPF7GX
10370,64,745,2,4,2944,43560.0,PAID,CARD,TX-ZOL19XM0IZXT
10371,136,363,2,4,2325,51455.25,PAID,TRANSFER,TX-TOOZR7D8NA73
10372,146,700,2,1,2759,31944.0,PAID,CASH,TX-7DC8MQX81ROF
10373,,126,1,,2089,39315.0,FAILED,CARD,
10374,,296,2,4,2637,56900.25,FAILED,CARD,
10375,,185,2,3,3014,13721.4,FAILED,TRANSFER,
10376,552,492,1,,160,69090.6,PAID,CARD,TX-GSLL3IXVTKO6
10377,363,745,1,,2252,37500.0,PAID,CARD,TX-4EOD4Z64FX6D
10378,523,581,2,3,2407,18150.0,PAID,TRANSFER,TX-K4XH429C1JRG
10379,546,553,2,3,998,42688.8,PAID,CASH,TX-4J625AAVX723
10380,118,386,2,4,,24829.2,PAID,CARD,TX-MEXVCJG0MALW
10381,390,838,1,,938,65340.0,PAID,GATEWAY,TX-UK7YA5G1O9YV
10382,158,126,2,2,2513,32270.7,PAID,CARD,TX-W7FYWDBX6DE8
10383,342,866,1,,762,42282.0,PAID,CARD,TX-UJ0SWM3Y9PQ1
10384,445,1010,1,,,90561.0,PAID,GATEWAY,TX-TVAPWUEE9Z3G
10385,302,224,1,,,55350.0,PAID,CARD,TX-RPK5CVIQG2SU
10386,322,1263,2,3,2854,14520.0,PAID,CARD,TX-25KRR7HTT39R
10387,423,570,1,,596,45723.24,REFUNDED,CARD,TX-03CSJTLAMYIE
10388,,650,2,4,159,28459.2,FAILED,CARD,
10389,414,1348,1,,553,15294.0,PAID,GATEWAY,TX-JBQTV1429NVS
10390,385,72,2,2,2799,14941.08,REFUNDED,CASH,TX-VVUZE54V2ND7
10391,443,238,1,,1336,34414.5,PAID,CARD,TX-B06P63N4ZMJ9
10392,63,809,1,,2518,73237.35,PAID,GATEWAY,TX-MAVV4GZ8WANP
10393,600,542,1,,1989,29940.0,PAID,CARD,TX-1BTMYL5B0G0Z
10394,593,1471,2,1,2265,59895.0,PAID,CASH,TX-K6R2LNJ9KDUI
10395,477,18,2,4,,18150.0,PAID,TRANSFER,TX-6UC87KG5OZ67
10396,355,93,1,,164,19050.0,PAID,GATEWAY,TX-DEQSFARLA4RX
10397,582,666,1,,328,53227.5,PAID,CARD,TX-NWPZJCHWSIPW
10398,42,147,2,2,2107,54450.0,PAID,CARD,TX-OTXM1KNCA1SM
10399,,168,1,,925,146037.0,FAILED,GATEWAY,
10400,,305,1,,2311,40704.0,PENDING,GATEWAY,
10401,142,816,1,,874,44169.6,PAID,GATEWAY,TX-UAMY4BI96TNG
10402,314,1173,2,4,1144,14229.6,PAID,CARD,TX-MVGLOUAQ1P8A
10403,262,524,2,2,1650,84724.2,PAID,TRANSFER,TX-PY4PR8R9K63J
10404,545,688,1,,2218,61603.2,PAID,CARD,TX-H95GH4RZLJEX
10405,606,245,1,,639,35022.0,PAID,GATEWAY,TX-KAGW6IR0RNVP
10406,219,422,2,1,3103,24829.2,PAID,CASH,TX-X6GW88LI8IU7
10407,637,716,2,4,1971,56482.8,PAID,CASH,TX-WHSJM9A7F0UF
10408,547,744,2,3,788,34485.0,PAID,CASH,TX-WYVRFIT8DERA
10409,264,614,2,1,19,28459.2,PAID,TRANSFER,TX-JF9CPFTRAF55
10410,323,716,1,,734,29949.6,PAID,CARD,TX-HKN5IFH3ZKHK
10411,527,258,2,4,,11761.2,PAID,CARD,TX-73RZC9EPUDCV
10412,85,1139,2,4,1958,31036.5,PAID,CARD,TX-M77XO3522MKO
10413,,171,1,,2758,27336.0,FAILED,GATEWAY,
10414,402,896,1,,2866,15429.6,PAID,CARD,TX-IQ74L0ONPMR9
10415,570,1332,1,,1924,19050.0,REFUNDED,CARD,TX-9IQZJGI8FZGH
10416,294,682,1,,342,58697.1,PAID,CARD,TX-SPTQY11733XD
10417,635,1265,2,1,2846,42688.8,PAID,CASH,TX-E8PFK0YTK9U4
10418,50,234,1,,2477,14694.0,PAID,GATEWAY,TX-TRY4YUQIMWBO
10419,40,1145,1,,901,44188.8,PAID,GATEWAY,TX-OJ0NZB8H8S5K
10420,454,965,1,,714,17242.5,PAID,GATEWAY,TX-HS8VAJBFAJWU
10421,491,47,1,,3000,27036.0,PAID,CARD,TX-9AILA7RWVCIF
10422,512,501,1,,1545,30540.0,PAID,GATEWAY,TX-OVA533UQUQND
10423,500,716,1,,177,44760.0,PAID,CARD,TX-6CEKN316YP7E
10424,,848,1,,882,17172.0,FAILED,GATEWAY,
10425,486,574,2,2,,59895.0,PAID,CASH,TX-X3ODWJZI46CW
10426,629,361,1,,576,15420.0,PAID,CARD,TX-GOITGL61QS3Q
10427,11,565,2,2,2465,86902.2,PAID,TRANSFER,TX-JAIVXWIK5NJU
10428,259,1233,1,,847,35937.0,PAID,CARD,TX-Y9AOR6UZ7XS6
10429,244,433,2,2,,36300.0,PAID,CARD,TX-PHMSVIYYBBD7
10430,395,66,1,,3183,29359.2,PAID,CARD,TX-6ZEMLIRGGKXS
10431,430,898,2,1,1829,39204.0,PAID,CASH,TX-0O940JB97OTA
10432,597,1130,1,,,69870.0,PAID,GATEWAY,TX-AD4FAYJV711D
10433,175,892,1,,888,82030.5,PAID,GATEWAY,TX-ES5JBZYWRJ98
10434,80,972,2,1,563,16008.3,PAID,TRANSFER,TX-TAKJPJLA5Z6M
10435,247,486,1,,2514,97939.5,PAID,CARD,TX-CBAOS5R1HRMI
10436,599,173,1,,,54561.0,PAID,GATEWAY,TX-ZU28WU3IEIP7
10437,172,238,2,4,1000,12806.64,PAID,TRANSFER,TX-BG0JAIOF9HSI
10438,628,992,1,,,39204.0,PAID,GATEWAY,TX-UI87NGZI21NY
10439,395,341,1,,1778,80370.3,PAID,CARD,TX-87LIJYWQO2HO
10440,481,1321,2,3,746,60679.08,PAID,CARD,TX-MDFM5BQ5YQZ8
10441,250,1334,2,2,2601,17787.0,PAID,CARD,TX-26X88II8NC65
10442,,315,2,1,2142,106213.8,FAILED,CARD,
10443,119,839,1,,1041,54805.5,PAID,GATEWAY,TX-0AGMFTE6XW27
10444,102,643,1,,2297,67469.28,PAID,CARD,TX-FDDOZMII8LWN
10445,143,196,2,2,2544,23522.4,PAID,CARD,TX-Z8655XIJNAMW
10446,85,1194,2,2,336,39857.4,PAID,CASH,TX-58TRKPCP1T0V
10447,271,1331,2,2,633,38115.0,PAID,CASH,TX-2RLSNN69OIZ0
10448,290,1253,2,1,1513,13068.0,PAID,CASH,TX-W4781DXDCQS7
10449,236,878,1,,1492,27036.0,REFUNDED,GATEWAY,TX-1N9A38QTTBHG
10450,417,862,1,,1663,45060.0,PAID,GATEWAY,TX-JDNP258DRRZ1
10451,200,714,2,4,2070,29403.0,PAID,TRANSFER,TX-3N5RC7M6A1YL
10452,187,534,2,4,2952,85486.5,PAID,TRANSFER,TX-Q5ZOOBTSA28C
10453,135,1062,2,3,1140,34303.5,PAID,CARD,TX-TDOYSAVXTMLL
10454,457,1234,2,2,2861,45375.0,PAID,CASH,TX-GFAE6EDJUZNS
10455,234,947,1,,287,54261.0,PAID,CARD,TX-RRBDPAT50Y9R
10456,479,880,2,4,229,16335.0,PAID,CASH,TX-FINOANV5JC9I
10457,385,1195,1,,1854,53653.5,PAID,CARD,TX-UDERQ0HRI06X
10458,312,862,1,,2262,14268.0,PAID,GATEWAY,TX-ZUGB5T9P9P3Q
10459,624,897,1,,1275,40704.0,PAID,GATEWAY,TX-8FEK02DGZXUG
10460,99,594,1,,320,19468.5,PAID,CARD,TX-5UBP7EE6WIYZ
10461,31,1234,1,,53,43560.0,PAID,GATEWAY,TX-CQ5TDEYOG9Z7
10462,338,952,2,1,519,31036.5,PAID,CARD,TX-0TVUYXS4M2RR
10463,589,410,2,3,,18676.35,PAID,CARD,TX-AQD1SFG6ZN5Q
10464,482,951,2,2,1653,41164.2,PAID,CASH,TX-JMW7DRIPETI3
10465,574,71,2,2,1590,36209.25,PAID,CASH,TX-ODG8BQB07E1U
10466,,1245,1,,2723,99425.7,FAILED,CARD,
10467,102,244,2,3,3169,38419.92,PAID,CASH,TX-84M2Y2BE2N1N
10468,98,776,2,1,2098,53361.0,PAID,CARD,TX-DNIYFTQFGNKU
10469,519,1245,2,3,3025,56900.25,PAID,CARD,TX-UAGR0LNTIY0K
10470,,822,2,4,1064,39204.0,FAILED,CARD,
10471,38,602,2,4,1861,13068.0,PAID,TRANSFER,TX-HQO3E6RBQACA
10472,398,803,1,,1553,60732.0,PAID,GATEWAY,TX-GB5NZOR6PSLW
10473,435,1309,2,1,2048,49005.0,PAID,TRANSFER,TX-Z5RBKY8XOEGX
10474,621,204,1,,1507,15429.6,PAID,CARD,TX-XH963OPH2RT3
10475,175,1489,1,,393,18051.75,PAID,GATEWAY,TX-TR8MGTYZ3S8A
10476,557,8,1,,2,50205.0,PAID,GATEWAY,TX-2HOSXX2MJUFW
10477,576,196,1,,314,15901.5,PAID,GATEWAY,TX-EQFZHEN4MH16
10478,138,479,1,,730,56991.0,PAID,CARD,TX-ELL9YADGMZI4
10479,255,1107,1,,2817,28996.2,PAID,GATEWAY,TX-19FZE2BIHJSS
10480,361,384,2,4,276,26136.0,PAID,CASH,TX-3F5K0LAK0EVL
10481,,206,1,,798,96215.25,FAILED,GATEWAY,
10482,47,928,2,1,,15173.4,PAID,TRANSFER,TX-JER5BCA74UCL
10483,629,672,1,,2979,16146.0,PAID,GATEWAY,TX-V6HBLYKBB7R2
10484,198,876,2,2,3152,30492.0,PAID,CARD,TX-8ZKGDELK1TE9
10485,345,980,1,,,51185.1,PAID,GATEWAY,TX-UUTQWTN898XT
10486,337,471,1,,,89554.2,PAID,GATEWAY,TX-1BQ43Z1ALLG0
10487,24,32,2,4,1673,115749.81,PAID,CASH,TX-Q2E1VS883ET8
10488,255,714,1,,944,19650.0,PAID,GATEWAY,TX-6JK1QCLIH7YU
10489,302,53,2,2,1906,53361.0,PAID,CARD,TX-BQVBR5E2MX4Q
10490,231,140,2,1,1413,47033.91,REFUNDED,TRANSFER,TX-W8AA7N8SWZG6
10491,154,986,1,,2719,120808.5,PAID,CARD,TX-IP69S87LL4GQ
10492,,1103,1,,1627,56076.0,FAILED,GATEWAY,
10493,592,1034,2,2,2395,29040.0,PAID,CARD,TX-1DX38YBCV1G1
10494,373,275,2,4,142,100079.1,REFUNDED,CASH,TX-HHZE0YMT12BB
10495,418,263,2,4,79,45520.2,PAID,CASH,TX-9PKJG0BZR0Z3
10496,481,922,2,4,2871,67155.0,PAID,CARD,TX-GN06F35A1M3X
10497,284,1068,2,3,2109,16335.0,PAID,CASH,TX-BKEF608I9X7N
10498,456,1316,1,,2408,17535.0,PAID,CARD,TX-EUQYG315IN3Y
10499,91,506,1,,1257,36592.5,PAID,CARD,TX-TS626MARL20C
10500,554,1258,1,,3023,28788.0,PAID,GATEWAY,TX-IX89BRR0BVB2
10501,441,349,1,,3050,33216.6,PAID,GATEWAY,TX-O0PDVEQPBXWZ
10502,118,476,2,2,,69420.12,PAID,CASH,TX-430I2ZAXS8FI
10503,585,1468,1,,878,19957.5,PAID,CARD,TX-1MMQ34FCW7MP
10504,641,885,1,,2179,87366.6,PAID,GATEWAY,TX-ECU99W6F70B9
10505,,1288,2,1,560,30492.0,FAILED,TRANSFER,
10506,317,1439,2,4,,30492.0,PAID,CASH,TX-6865RSZXU1UA
10507,209,730,2,2,127,44823.24,PAID,TRANSFER,TX-BARYYGG4SMFU
10508,59,194,2,4,774,107901.75,PAID,CASH,TX-XMVB4WGX4S8M
10509,530,163,1,,,27636.0,PAID,GATEWAY,TX-NL9AYM8RVN3W
10510,552,286,2,2,,46554.75,PAID,CASH,TX-BN9GI4NSDAJT
10511,,107,1,,1650,73219.2,PENDING,CARD,
10512,516,1039,1,,1541,77384.1,PAID,GATEWAY,TX-QAWC7H8J4TRN
10513,576,411,1,,,15429.6,REFUNDED,GATEWAY,TX-SIHS0H7S1JF3
10514,227,385,1,,826,13706.64,PAID,GATEWAY,TX-5WER1314HQ1R
10515,,713,1,,1936,18742.5,FAILED,CARD,
10516,287,819,1,,,55950.0,PAID,GATEWAY,TX-WXRZ4JD9TXQI
10517,438,315,2,2,407,15173.4,PAID,CASH,TX-SVLIIQ75NQSV
10518,541,130,1,,1178,29949.6,REFUNDED,CARD,TX-M2R3ZRUFYKXY
10519,193,895,2,1,1076,17787.0,PAID,CARD,TX-QI1QJS4KJCR5
10520,201,1337,1,,2106,78664.2,PAID,CARD,TX-QVL2SIX6HDWG
10521,596,919,2,2,184,56029.05,PAID,CARD,TX-RZWRG6YTHQTB
10522,550,318,2,4,2682,26136.0,REFUNDED,CASH,TX-A9W2RA4QGL7M
10523,177,354,1,,,39133.5,PAID,CARD,TX-MR5ZRMIS67ZP
10524,41,906,2,3,272,58080.0,PAID,CARD,TX-4NMM0WRFCCB6
10525,128,963,2,2,,36300.0,PAID,CASH,TX-TBNO1O4C9KHU
10526,609,913,1,,,50205.0,PAID,CARD,TX-N74M5QTANY5F
10527,331,1382,2,2,1926,34394.25,PAID,CARD,TX-KXWFO7H0B530
10528,21,1044,1,,310,29635.08,PAID,CARD,TX-K4NP97IR22KI
10529,386,431,1,,221,95715.6,PAID,GATEWAY,TX-I7SKJU5NXGNI
10530,555,2,1,,2001,17535.0,PAID,CARD,TX-MFRBRPM9I738
10531,276,983,2,1,1737,43560.0,PAID,CASH,TX-PX7JTQBTUY79
10532,180,669,1,,2729,28788.0,PAID,GATEWAY,TX-I0RXKX5MNVNR
10533,625,436,2,2,882,14520.0,REFUNDED,CARD,TX-NWXM5KCGTMEE
10534,171,27,1,,1770,99210.0,PAID,GATEWAY,TX-A3AVIAR2TLCC
10535,211,96,1,,335,55350.0,PAID,GATEWAY,TX-JNLUUPWMPF09
10536,,827,2,3,1012,54595.2,FAILED,CASH,
10537,156,375,2,1,521,34303.5,PAID,CARD,TX-9866H65WP44S
10538,137,1236,1,,2695,18142.5,PAID,GATEWAY,TX-LNAB6OUQGANY
10539,192,1232,2,3,659,27588.0,PAID,CASH,TX-20LTWNEEHNFH
10540,26,731,1,,3028,89572.35,PAID,CARD,TX-U8E05LHCX8A0
10541,286,898,1,,2057,30240.0,PAID,GATEWAY,TX-DJFHITAC1B8H
10542,183,1169,2,4,2591,17787.0,PAID,CASH,TX-SQBS9TB7U90A
10543,119,826,1,,1340,30303.0,PAID,GATEWAY,TX-8UJK15MCKZHV
10544,574,593,1,,2770,16146.0,PAID,CARD,TX-6OIZKUESZ1IT
10545,,751,1,,2652,30240.0,PENDING,GATEWAY,
10546,,1316,2,2,2549,53361.0,FAILED,CARD,
10547,190,907,2,3,,36300.0,PAID,TRANSFER,TX-MRHKZUCP715W
10548,365,1110,1,,14,38833.5,PAID,CARD,TX-X3S38BFS1LDX
10549,17,855,2,4,1157,36300.0,PAID,CASH,TX-8D95I8TE1QU4
10550,319,1244,1,,644,44188.8,PAID,CARD,TX-5X9EK9595X9T
10551,384,722,1,,1274,32670.0,PAID,GATEWAY,TX-HMT1CVY0U9SD
10552,43,119,1,,1415,27588.0,PAID,GATEWAY,TX-KIOCM0QHVF6S
10553,478,228,1,,640,37200.0,PAID,CARD,TX-1PACGYU25Q0F
10554,418,166,2,2,1554,26862.0,PAID,CASH,TX-HR7BOOV0XXTP
10555,634,460,2,1,654,51727.5,PAID,CASH,TX-EXJOSVV4XKEN
10556,519,1371,1,,,40704.0,PAID,GATEWAY,TX-53PG8KCYXPCR
10557,69,301,2,4,,49005.0,PAID,CARD,TX-6X9KT57D85H0
10558,190,1280,1,,1064,52927.5,REFUNDED,CARD,TX-HAK2XZUN2M9G
10559,507,793,1,,1667,13314.6,PAID,CARD,TX-YK6GFR8N3D3Q
10560,283,906,1,,2632,15429.6,REFUNDED,CARD,TX-MZ9VWBESPO19
10561,620,68,1,,41,30240.0,PAID,GATEWAY,TX-47180D3501HI
10562,594,585,1,,1468,53849.52,PAID,CARD,TX-401TV7CV98IQ
10563,305,367,1,,1456,29659.2,PAID,GATEWAY,TX-6068I284C5UX
10564,90,624,1,,,89012.04,PAID,GATEWAY,TX-QQAQLV4599D0
10565,381,1411,1,,2588,46478.52,PAID,GATEWAY,TX-IDMGI4FGJOHG
10566,178,1102,1,,1070,19866.75,PAID,CARD,TX-V3YE99EXW1U8
10567,492,1345,1,,635,70489.44,PAID,GATEWAY,TX-T42T7EM57AYG
10568,471,302,2,4,3167,34485.0,PAID,CASH,TX-7FLNTAQWZAGD
10569,151,792,2,1,262,29040.0,PAID,CARD,TX-MO3QC1813003
10570,161,1375,2,1,2857,67155.0,PAID,CARD,TX-G29ZKGMQJBU2
10571,23,1012,2,3,1775,83853.0,PAID,TRANSFER,TX-OFNBHPCDLO6C
10572,74,620,1,,3010,18442.5,PAID,CARD,TX-HSG7BEKIV3IS
10573,478,414,1,,330,18051.75,PAID,CARD,TX-CUDBP4SEO8OI
10574,615,905,2,3,1951,14520.0,PAID,CASH,TX-YL6PX2ZYTJTK
10575,43,1104,1,,3189,55650.0,PAID,GATEWAY,TX-ALB69JKGEM0D
10576,42,213,2,4,2053,13068.0,PAID,CARD,TX-XZBC968PP21Z
10577,131,669,1,,2351,19050.0,PAID,GATEWAY,TX-MUMBTWC87WS1
10578,157,1201,1,,2806,69163.2,PAID,CARD,TX-HGLQ73OO7R23
10579,247,1177,2,4,685,44286.0,PAID,TRANSFER,TX-AMZLWFLZFBJ5
10580,452,584,1,,813,33570.0,PAID,GATEWAY,TX-P3KEPOT29G34
10581,321,929,1,,93,40104.0,PAID,CARD,TX-8UX93QRA21YY
10582,103,554,1,,2949,46023.24,PAID,GATEWAY,TX-JKHVB7ZA8X5O
10583,250,1093,2,4,,36209.25,PAID,CASH,TX-6ZBUC36CK681
10584,525,1326,1,,2310,33533.7,PAID,GATEWAY,TX-YBOML2LZ8ZK8
10585,638,612,1,,2547,37352.7,PAID,GATEWAY,TX-RC8P6LC34ESN
10586,143,271,1,,1562,49005.0,PAID,GATEWAY,TX-EZRX1JA0DCSB
10587,488,832,1,,2592,34122.0,PAID,CARD,TX-HMG0E3Q38AK3
10588,,609,1,,2927,29359.2,FAILED,CARD,
10589,168,331,2,4,,18104.62,PAID,CASH,TX-3YC922ENRCMJ
10590,129,405,1,,982,31029.0,PAID,CARD,TX-0719569NXW03
10591,107,987,1,,1541,27336.0,PAID,GATEWAY,TX-ML9UY14D6Y9U
10592,96,262,1,,1257,55650.0,PAID,CARD,TX-WITYT4GQWR1C
10593,347,148,1,,888,30492.0,REFUNDED,CARD,TX-3UJ34TXE584O
10594,572,839,2,4,2488,13068.0,PAID,CASH,TX-9YSCZ7MY3GB7
10595,212,1281,2,2,2235,26136.0,PAID,CASH,TX-O7J9TWJZP5NX
10596,327,1042,1,,1780,24722.4,PAID,GATEWAY,TX-RYW5CC7Q8PER
10597,82,924,1,,283,70035.69,PAID,CARD,TX-5PWIGO75MPX6
10598,80,583,2,1,1091,28459.2,PAID,CASH,TX-EREDJGD1IQF6
10599,233,1086,1,,165,26513.28,PAID,CARD,TX-BXBZYCHODO62
10600,,779,1,,284,72411.0,FAILED,CARD,
10601,431,85,1,,1342,14994.0,PAID,CARD,TX-LHRBRQG0Z6ZX
10602,318,18,1,,186,19650.0,PAID,CARD,TX-94GNZEPO4QFK
10603,227,310,2,3,42,54450.0,PAID,CARD,TX-MUGR5KL3U8CD
10604,315,477,1,,575,18442.5,PAID,CARD,TX-33CETS01L7OT
10605,104,1266,1,,946,55350.0,PAID,GATEWAY,TX-Q5599BQ4LT83
10606,481,1173,1,,1088,12661.2,PAID,CARD,TX-U474TPD0K23N
10607,287,13,2,1,3202,19057.5,PAID,TRANSFER,TX-ZPTM01AOKAG4
10608,479,1193,1,,2873,46938.0,PAID,CARD,TX-83ME23O0MPAW
10609,279,1231,1,,1987,25022.4,PAID,CARD,TX-B72VUBR928PB
10610,,467,2,3,359,57172.5,FAILED,CASH,
10611,153,995,1,,,28488.0,PAID,CARD,TX-ZYX38EVTQOU4
10612,252,1108,1,,,70785.0,PAID,CARD,TX-KYU7MORJYKX6
10613,550,268,1,,,78327.9,PAID,GATEWAY,TX-E8I57FCRZEGD
10614,487,1496,1,,,16335.0,PAID,GATEWAY,TX-JWCF1D8L0GIJ
10615,11,1022,2,3,2607,95759.4,PAID,CARD,TX-MU3H70ZAF3IC
10616,566,1479,1,,1262,68355.0,PAID,GATEWAY,TX-CB1VLM58IF3E
10617,387,20,1,,,80223.0,PAID,CARD,TX-6DCXRAXX5R8D
10618,403,335,2,1,748,17242.5,PAID,TRANSFER,TX-OFWGIPS8TI6V
10619,524,1310,1,,244,44460.0,PAID,CARD,TX-JHWXR1OO0Z14
10620,450,289,2,2,2702,52272.0,PAID,CARD,TX-5WFSJR0VMSEC
10621,93,926,1,,1940,40104.0,REFUNDED,CARD,TX-CYQN7SVGQ440
10622,558,126,1,,1823,26136.0,PAID,GATEWAY,TX-IJNVILV10BPP
10623,377,252,2,1,1404,79823.7,PAID,TRANSFER,TX-BHFG4T1EON2M
10624,612,1070,1,,1825,50205.0,PAID,CARD,TX-JYC1KINK9FJ5
10625,386,971,1,,838,79888.8,PAID,GATEWAY,TX-W5Q5JCDNYP4D
10626,638,1178,1,,2971,56929.05,PAID,GATEWAY,TX-W1RW7DM90D56
10627,472,717,2,1,1676,12414.6,PAID,TRANSFER,TX-M5LJ18PGW8UU
10628,348,1217,1,,2,82575.0,PAID,GATEWAY,TX-MTJHRAS7QTFJ
10629,575,513,1,,498,16141.08,PAID,GATEWAY,TX-Z409Q6KTD5TP
10630,300,512,1,,1672,29959.2,REFUNDED,GATEWAY,TX-QU4H72T1MPIO
10631,295,316,1,,1089,58072.5,PAID,GATEWAY,TX-DUFEJ3SUB4IB
10632,203,1141,2,4,2594,18150.0,PAID,CASH,TX-4J8JXND0BGA4
10633,502,1062,1,,1962,14268.0,PAID,CARD,TX-03D44BQPHXA1
10634,325,216,1,,2330,42582.0,PAID,GATEWAY,TX-PEB670X90YGL
10635,242,1452,1,,,73863.0,PAID,GATEWAY,TX-79L8CXD0DOWX
10636,18,981,1,,1969,58377.42,PAID,CARD,TX-R470VX2ZM70S
10637,,193,2,2,2098,42688.8,FAILED,CARD,
10638,184,529,2,4,268,14520.0,PAID,TRANSFER,TX-A6IYVP8YUIUT
10639,495,1418,1,,881,44324.4,PAID,CARD,TX-OESS9UES1ENQ
10640,407,1343,1,,1633,147752.7,PAID,CARD,TX-5B9W1YQ9YIX5
10641,236,703,1,,1816,26136.0,PAID,CARD,TX-V62U3D08TOGQ
10642,147,76,2,1,869,39204.0,PAID,CASH,TX-Q2IS15XH01RE
10643,555,357,2,2,2108,15972.0,PAID,CARD,TX-4BXYCPRJVK5Z
10644,452,1007,2,1,2158,29040.0,PAID,CASH,TX-N535V7YNF32G
10645,522,1439,1,,80,12806.64,PAID,CARD,TX-SWAL97TJ03O5
10646,215,470,2,4,985,80694.9,PAID,CARD,TX-YVA9X0K9LC5J
10647,,890,1,,1305,57800.25,FAILED,CARD,
10648,521,276,2,4,535,50965.2,PAID,CARD,TX-8L7JD63WX2RE
10649,14,145,1,,67,30240.0,PAID,CARD,TX-DBORVV8F5XVG
10650,433,1063,2,4,2150,95287.5,PAID,CASH,TX-4NAAICOBF3CH
10651,60,594,1,,1962,77456.7,PAID,GATEWAY,TX-H4GKYNXEDYOV
10652,87,1420,1,,2771,43317.6,PAID,GATEWAY,TX-O27UDFRRNN2G
10653,609,812,1,,2912,16441.08,PAID,CARD,TX-EEDFIV4P1I72
10654,156,1394,2,3,,13068.0,PAID,CARD,TX-AV8FMQRYVKRH
10655,337,196,1,,406,55350.0,PAID,CARD,TX-KJQYZWC8XKEO
10656,241,145,2,2,184,91802.7,PAID,CARD,TX-YKFMXWLSZ187
10657,573,832,1,,1279,29040.0,PAID,CARD,TX-IVEM321E10BA
10658,282,1239,2,3,1756,56029.05,PAID,CARD,TX-FOL6GIWBMG7M
10659,402,805,2,3,2338,43560.0,PAID,TRANSFER,TX-RGFGEEHBMQ25
10660,569,889,1,,2552,40704.0,PAID,GATEWAY,TX-6TP8SFAF2SYG
10661,246,944,2,2,2216,17242.5,PAID,CASH,TX-BWBV2VRSVNTK
10662,81,1233,2,3,1222,43560.0,PAID,CARD,TX-FHF6CF45FOLB
10663,,142,1,,2933,13068.0,PENDING,GATEWAY,
10664,,932,1,,1556,44324.4,FAILED,GATEWAY,
10665,499,46,2,2,,28459.2,PAID,CARD,TX-R9ME4R3HOGS9
10666,357,518,1,,288,15429.6,REFUNDED,CARD,TX-VE43JEANOAI7
10667,143,442,1,,2424,14694.0,PAID,GATEWAY,TX-E4QXS5MUPYVL
10668,216,366,1,,2077,41556.0,PAID,CARD,TX-5RPNICJDTFIX
10669,564,908,2,2,204,37933.5,PAID,CASH,TX-LFNXW7DM4IFO
10670,126,1157,1,,1640,42688.8,PAID,CARD,TX-DQT9W65LUZWZ
10671,589,763,1,,1954,56439.0,PAID,CARD,TX-1H7LFKJA1KV0
10672,,1057,1,,746,63573.0,FAILED,CARD,
10673,65,1474,2,4,2946,13794.0,PAID,CASH,TX-TNROK3N8OC1Y
10674,391,332,1,,223,37500.0,PAID,CARD,TX-NI85AV5MZTRY
10675,218,1439,2,2,1444,35283.6,PAID,CARD,TX-5RAMQUT8TXX8
10676,204,1004,2,4,974,67109.62,PAID,CARD,TX-KQK0PMPZOYYW
10677,591,538,1,,1677,18987.0,PAID,GATEWAY,TX-ZGELQAX5COLN
10678,342,1039,2,1,3011,34485.0,PAID,CASH,TX-8A5MCXP0RSSP
10679,128,1145,1,,3174,44460.0,PAID,CARD,TX-M2GM6K7XQF32
10680,353,943,2,4,,57034.56,PAID,TRANSFER,TX-9RQSKD50OYMM
10681,30,1170,2,4,,24829.2,REFUNDED,CASH,TX-YK00MD7SG9TZ
10682,532,1020,1,,2401,15420.0,PAID,CARD,TX-S8ICHYUZPW60
10683,612,1400,2,1,3052,36300.0,PAID,CARD,TX-DU67NGG2B5UZ
10684,331,506,2,2,1635,39930.0,REFUNDED,CASH,TX-P5MNC89JMACM
10685,520,261,1,,2454,17242.5,PAID,CARD,TX-5T81E7HR4ZM9
10686,180,1437,1,,2310,42282.0,PAID,CARD,TX-Z9UEU03PIC1W
10687,240,612,2,3,1757,29040.0,PAID,CARD,TX-R9LQWUS26LT3
10688,138,558,1,,1328,27588.0,REFUNDED,GATEWAY,TX-HAYW5BIZ5Q2J
10689,363,1040,2,2,3072,13068.0,PAID,CARD,TX-J0C8OCC7TOM7
10690,287,487,1,,2806,19350.0,PAID,CARD,TX-NJ8DBQY409M3
10691,,834,1,,2653,28459.2,FAILED,CARD,
10692,619,1188,2,3,42,15518.25,PAID,CASH,TX-FZHOVXLABTKQ
10693,,1291,1,,,58128.0,PENDING,CARD,
10694,543,310,1,,2647,13968.0,PAID,CARD,TX-1B707503X9GF
10695,418,982,1,,2974,54805.5,PAID,CARD,TX-RPWTVGAEQVJM
10696,182,743,2,4,1464,25613.28,PAID,CASH,TX-TQFS51Y4D5GP
10697,602,224,2,3,618,27588.0,PAID,CARD,TX-S680SQSBTYZ1
10698,597,1068,1,,1667,90135.0,PAID,GATEWAY,TX-G8C1YR9GRMB7
10699,346,113,1,,665,28488.0,PAID,CARD,TX-LPAWHA4MXR7P
10700,274,1090,1,,378,78093.0,PAID,GATEWAY,TX-WP8EM2B02ITN
10701,265,1033,1,,1331,30167.4,PAID,GATEWAY,TX-QX08S5S5VTVR
10702,358,1132,1,,3006,72411.0,PAID,CARD,TX-JFH4A9IGK1MV
10703,635,292,2,3,831,47190.0,PAID,CARD,TX-NEY8XM7E1XA9
10704,115,556,2,4,358,32670.0,PAID,CARD,TX-T0WCI3FUTOQO
10705,482,519,1,,1680,100789.05,PAID,CARD,TX-4U10O4OAH5XW
10706,509,491,2,1,197,68879.25,PAID,CARD,TX-9H2HOGBV9ZUD
10707,517,811,1,,2904,45723.24,PAID,CARD,TX-Z8F9UOCF6RRW
10708,347,687,2,1,1190,53361.0,PAID,CASH,TX-3JDGSJSD30EY
10709,568,921,2,1,3028,28967.4,PAID,CASH,TX-2KC3F8Q82356
10710,370,622,2,4,861,29403.0,PAID,CASH,TX-MAMM3SOJD4AH
10711,354,789,2,1,1364,16008.3,PAID,CARD,TX-9XM0VHZ72KR4
10712,392,126,2,1,3064,39204.0,PAID,CARD,TX-DTM1UDYPVIYB
10713,513,1176,2,2,1943,45102.75,PAID,CARD,TX-GWQRPCDOWM55
10714,178,282,1,,1492,123231.0,REFUNDED,GATEWAY,TX-D09ORGR7IYME
10715,36,1132,1,,2483,61095.0,PAID,CARD,TX-TCJEG6GGQ44A
10716,373,284,2,1,,51727.5,REFUNDED,CASH,TX-5TWO08035V69
10717,6,174,1,,134,13794.0,PAID,CARD,TX-X550FAFL82W1
10718,594,1331,2,3,313,71692.5,REFUNDED,CASH,TX-QSZWFNZNHC8P
10719,,1216,1,,225,37109.25,FAILED,CARD,
10720,,1194,2,1,2010,13794.0,FAILED,CASH,
10721,227,982,1,,2301,28459.2,PAID,GATEWAY,TX-8LD6T35O0GMB
10722,542,545,1,,2929,18687.0,PAID,GATEWAY,TX-TD9071CW8HUA
10723,272,325,1,,2283,15294.0,PAID,GATEWAY,TX-NGGNWJY7W82M
10724,588,867,1,,2469,50205.0,PAID,CARD,TX-F1NL9UDNGN2V
10725,620,1059,1,,3115,59597.1,PAID,GATEWAY,TX-NFN93AWZCG9D
10726,352,775,1,,2563,49433.1,PAID,CARD,TX-XRQBPWF1FBDS
10727,11,354,2,2,428,53361.0,PAID,CARD,TX-GB3L58FQKD3B
10728,537,168,1,,2518,13706.64,PAID,GATEWAY,TX-B94HAS221KI2
10729,,638,2,2,,11761.2,FAILED,CARD,
10730,275,710,2,2,,32670.0,PAID,TRANSFER,TX-M9MD0YIGV644
10731,35,963,1,,2000,30167.4,PAID,CARD,TX-RCE87J5IPRSB
10732,,1415,2,3,881,14520.0,PENDING,CARD,
10733,440,599,2,1,895,17968.5,PAID,CASH,TX-ZZJ2GY7HBN2O
10734,373,200,1,,773,55350.0,PAID,CARD,TX-TT6QHS74SVW9
10735,155,1122,2,3,1478,12414.6,PAID,CASH,TX-IH68EEE5QNTR
10736,,317,2,2,706,11761.2,FAILED,TRANSFER,
10737,62,1158,2,2,2622,45738.0,PAID,CASH,TX-EHC6AFT3ZU61
10738,456,723,1,,507,43560.0,PAID,CARD,TX-I8H0JRQJQ4GH
10739,295,1083,1,,3155,52927.5,PAID,GATEWAY,TX-7NQ1XD6II70I
10740,334,352,1,,2449,38115.0,PAID,GATEWAY,TX-W71NVSSIXRKH
10741,173,394,1,,3185,47454.75,PAID,GATEWAY,TX-JSB0S9MZA1V2
10742,,740,1,,1936,17242.5,FAILED,GATEWAY,
10743,160,1418,2,1,1871,50638.5,PAID,CASH,TX-T7O5E3I0KC59
10744,221,530,1,,2459,114345.0,PAID,GATEWAY,TX-XB8MD20E26SK
10745,482,239,1,,1066,50626.08,PAID,CARD,TX-4JJSY6VO23AM
10746,284,296,1,,2754,93402.0,PAID,CARD,TX-R9TBUYXMMO5L
10747,,854,2,2,1632,62073.0,PENDING,CARD,
10748,,1221,2,3,1708,16008.3,FAILED,CARD,
10749,380,229,1,,2813,38443.8,PAID,CARD,TX-OKKM44QGVVFU
10750,451,1048,1,,79,36774.0,PAID,CARD,TX-II009GIF6VDZ
10751,,698,1,,2031,35803.5,PENDING,GATEWAY,
10752,,869,2,4,214,16008.3,FAILED,CARD,
10753,180,463,1,,843,55350.0,PAID,CARD,TX-ZLLX6Y6L4HFE
10754,,268,1,,1767,82537.41,FAILED,CARD,
10755,390,62,1,,2481,24422.4,REFUNDED,GATEWAY,TX-42K6B14KGLW5
10756,111,1242,1,,3071,18442.5,PAID,CARD,TX-5WD08RS8UC3H
10757,402,181,1,,707,34485.0,PAID,GATEWAY,TX-ZD09ZX4I3AKV
10758,151,1484,2,2,643,27515.4,PAID,CARD,TX-K9MX78KPDALU
10759,489,41,1,,1449,61095.0,PAID,CARD,TX-5M3YJ44UKI4U
10760,403,497,1,,2936,44624.4,PAID,GATEWAY,TX-7J4IP38VHQMM
10761,407,389,1,,2623,42582.0,REFUNDED,CARD,TX-8NZA3KBA15GK
10762,413,150,1,,1105,122950.2,PAID,GATEWAY,TX-MITI2TGQ3ZAO
10763,561,1170,1,,506,68282.4,PAID,GATEWAY,TX-DXD1YK91RA5L
10764,114,1462,2,1,2433,36209.25,PAID,CASH,TX-OUKIJ6HDDX5E
10765,,1296,2,2,2815,24829.2,FAILED,CARD,
10766,215,830,1,,625,49224.9,REFUNDED,GATEWAY,TX-7WHFB6G880C1
10767,168,847,1,,2233,85842.0,PAID,GATEWAY,TX-2VNEIJLGCALA
10768,68,981,2,3,2540,14701.5,PAID,CARD,TX-I4KXG4NVWDCQ
10769,373,771,2,1,3061,63162.0,PAID,CARD,TX-0L2SI0Y1551Y
10770,460,91,2,4,1759,48714.6,PAID,CARD,TX-3XLPDW1SPW5S
10771,391,1173,1,,2313,14994.0,PAID,CARD,TX-1QDV4JJVLKST
10772,397,1317,2,2,957,53905.5,PAID,CASH,TX-KQ36PRW6AO4I
10773,225,1202,1,,1555,37500.0,PAID,GATEWAY,TX-W02VPFMZKDUU
10774,34,422,2,2,2961,46554.75,PAID,CARD,TX-4YL4RATQ5PFP
10775,,847,2,3,2616,53687.7,PENDING,CASH,
10776,46,573,1,,1294,21165.0,PAID,GATEWAY,TX-9D9EBBEW35A4
10777,,1285,2,4,1629,59532.0,FAILED,CARD,
10778,,183,1,,1493,15420.0,PENDING,CARD,
10779,47,663,1,,2882,54261.0,PAID,GATEWAY,TX-76K9T2SYGRKF
10780,267,675,1,,1199,13614.6,PAID,CARD,TX-O3XBELIFDD3A
10781,258,306,1,,184,30240.0,PAID,GATEWAY,TX-U3YJQO0ZEKRB
10782,611,476,2,1,2479,14229.6,PAID,CASH,TX-69ABUSD9SZ9A
10783,357,77,1,,810,16872.0,PAID,CARD,TX-RPQJ8D01RDTU
10784,482,956,1,,3196,82792.8,PAID,GATEWAY,TX-J5HEY1JX3KMK
10785,430,668,2,3,3124,34485.0,PAID,TRANSFER,TX-7MB5FIW9ZHK6
10786,578,439,1,,1394,58951.2,PAID,GATEWAY,TX-B4SZFWZ55ZA4
10787,292,1457,1,,1389,29959.2,PAID,GATEWAY,TX-Y3IYSLNZME9W
10788,242,725,2,4,785,43560.0,PAID,CASH,TX-DBHWIGO75R69
10789,539,1457,1,,901,28642.8,PAID,CARD,TX-RGPR5MW7AAYX
10790,266,507,2,4,2939,14229.6,REFUNDED,CASH,TX-ZKDQCV81P9FC
10791,428,129,2,4,922,132052.14,PAID,CARD,TX-FSRAJ63D33GS
10792,294,1407,1,,1190,14268.0,PAID,GATEWAY,TX-NW7FWHDRK24X
10793,537,775,2,2,490,36209.25,PAID,CASH,TX-9BPR1SI75OEZ
10794,96,661,1,,1563,52927.5,PAID,CARD,TX-3E9THMM1QOWW
10795,590,1084,2,3,67,31036.5,PAID,CASH,TX-52MZFURKYXKZ
10796,305,711,1,,1218,12961.2,PAID,GATEWAY,TX-WTATO6BK9QRO
10797,422,658,1,,2060,33570.0,PAID,CARD,TX-ILYH82G79EJL
10798,204,820,1,,2654,31382.16,PAID,GATEWAY,TX-T2G2MF3AVJUT
10799,146,1139,1,,2344,124146.0,PAID,CARD,TX-ZHNGV4HL775S
10800,150,1020,2,4,112,19565.7,PAID,CARD,TX-21AO8XZISWZ7
10801,,650,2,4,2865,32670.0,FAILED,CASH,
10802,56,1067,1,,1877,27442.8,PAID,CARD,TX-6BDXKH006NFR
10803,,676,1,,678,35385.0,FAILED,CARD,
10804,233,1416,1,,1742,36474.0,PAID,GATEWAY,TX-2AS0D0O0R8XM
10805,31,908,1,,,73800.0,PAID,CARD,TX-583LOC8USBM0
10806,170,1486,1,,,17235.0,PAID,GATEWAY,TX-A9PR0A3KQW6K
10807,152,1064,1,,,40104.0,PAID,CARD,TX-HNO8X54CD6ZA
10808,157,529,1,,2893,47201.7,PAID,GATEWAY,TX-Q2XMODLWCJHN
10809,312,805,1,,1636,85188.6,PAID,GATEWAY,TX-UFFT164NT4SW
10810,28,927,1,,2915,44188.8,PAID,CARD,TX-AO9VJLL4CRDR
10811,562,1062,2,4,,18150.0,PAID,CARD,TX-GEIQSLFZHP26
10812,75,288,1,,,43888.8,PAID,CARD,TX-MTR7FZ8N15B7
10813,369,412,2,4,1089,28749.6,PAID,CARD,TX-X276QJMLLZDC
10814,177,4,1,,790,15429.6,PAID,CARD,TX-DIQV67LBAUJD
10815,364,595,2,2,,17787.0,REFUNDED,CARD,TX-4PETQEZAQOEF
10816,496,992,2,4,,17151.75,PAID,CARD,TX-K66XSG5RJ9TB
10817,469,1202,2,1,1766,77754.6,PAID,CASH,TX-Z3DW3LUJAEJK
10818,474,278,2,3,198,42180.6,PAID,CARD,TX-WG9KX12W1FJN
10819,416,767,2,4,,17242.5,PAID,CARD,TX-451MON7HAE20
10820,494,672,2,4,3154,28749.6,PAID,CARD,TX-MUAOCKURBUQG
10821,385,425,2,1,2082,81901.88,PAID,CASH,TX-VTYJR338A2E1
10822,634,673,1,,1564,31082.16,PAID,GATEWAY,TX-O7G2SK8JSKPX
10823,94,491,1,,2513,12961.2,PAID,CARD,TX-R2BWI4ED1ON6
10824,,1114,2,2,3170,45992.1,FAILED,CASH,
10825,613,712,1,,2999,17208.3,PAID,CARD,TX-G3ITPB9NQ0KU
10826,467,472,1,,2496,42582.0,PAID,CARD,TX-6JHVR3FTUBSG
10827,503,440,2,3,2249,39204.0,PAID,CASH,TX-UMQRMLUAMI1U
10828,60,844,2,3,1767,91675.65,PAID,CARD,TX-SQM6H1XS73ZH
10829,459,1041,1,,1024,37200.0,PAID,GATEWAY,TX-0GLJM9CN9A8D
10830,350,58,2,1,152,13068.0,PAID,CARD,TX-QS9OFOU752JV
10831,62,129,1,,2977,72665.62,PAID,CARD,TX-IMJLTT16EVJY
10832,448,1359,2,3,2504,32670.0,PAID,CASH,TX-O0AKSR091DUY
10833,13,584,1,,249,40104.0,PAID,CARD,TX-WGVC5P7GT03M
10834,481,672,2,1,1232,93663.08,PAID,CASH,TX-02192VNW7NJT
10835,396,942,1,,1900,31246.8,PAID,CARD,TX-WWTO79LX9A5P
10836,578,577,2,2,1430,45738.0,PAID,CASH,TX-6VOIHOPPANMI
10837,,227,1,,2403,16852.56,FAILED,CARD,
10838,415,242,2,1,2885,14701.5,PAID,CASH,TX-0WMENVM0FEHN
10839,342,1468,2,3,1972,24829.2,PAID,TRANSFER,TX-USFDD080RGPZ
10840,516,1092,1,,148,15221.4,PAID,CARD,TX-Q2JB1ZQXG03Q
10841,49,1096,1,,634,36474.0,PAID,GATEWAY,TX-RTJ0JY16K1MW
10842,149,871,2,2,1281,31036.5,PAID,CARD,TX-3K5OXWJWK80D
10843,433,200,2,1,779,28459.2,PAID,TRANSFER,TX-FIIHJ44LNC29
10844,,1056,1,,2473,17535.0,FAILED,CARD,
10845,81,341,1,,2660,18687.0,PAID,GATEWAY,TX-VTC6KE6LTTK1
10846,536,905,1,,1804,35685.0,PAID,CARD,TX-VE69KMDIK7G9
10847,598,124,1,,,38252.7,PAID,CARD,TX-9AODJBN74542
10848,59,420,1,,382,54561.0,PAID,CARD,TX-92XX66BT2GM0
10849,273,698,2,1,93,67518.0,PAID,CARD,TX-WMP568SOZL2Z
10850,212,27,1,,308,32844.0,PAID,CARD,TX-IO289VPXTK5U
10851,282,989,1,,2463,18987.0,PAID,CARD,TX-ZFBYWM2LUADJ
10852,3,361,1,,1840,69144.0,PAID,GATEWAY,TX-54A622G7FYAJ
10853,636,1355,1,,3105,16020.0,PAID,CARD,TX-8EMH22ZY7ZX5
10854,337,250,1,,528,15420.0,PAID,CARD,TX-SL8MU2KP3OQ8
10855,25,298,1,,142,43124.4,PAID,GATEWAY,TX-KBID5QQ8E9LY
10856,602,365,2,4,1180,15246.0,PAID,TRANSFER,TX-0TSC4KUS4JG9
10857,510,427,1,,3201,52927.5,PAID,CARD,TX-4KT2PPMPU5V0
10858,509,876,1,,1366,49905.0,PAID,GATEWAY,TX-WKGCMLG1MPTK
10859,543,509,2,2,1353,12414.6,PAID,TRANSFER,TX-X407TR1PPJPH
10860,565,959,2,2,2008,46554.75,PAID,TRANSFER,TX-Q345IJ7C0J4T
10861,147,1450,2,1,427,47190.0,PAID,CASH,TX-R53WUE9S0Y76
10862,388,261,1,,1288,55650.0,PAID,CARD,TX-48MOFSZDLRW5
10863,186,541,1,,1380,68473.5,PAID,CARD,TX-PLH8C5NZFAP8
10864,561,398,1,,,32481.0,PAID,CARD,TX-GHPYCERC6FII
10865,491,1286,1,,,16908.3,PAID,CARD,TX-SK3MKFK0T9H8
10866,216,826,2,1,1913,49005.0,PAID,CARD,TX-KKZHBRSFRZXB
10867,541,395,1,,1967,51037.56,PAID,CARD,TX-H32R0UWF8RJU
10868,439,752,2,1,,53361.0,PAID,CARD,TX-0U4LKRRZKB79
10869,270,975,1,,2075,46323.24,PAID,CARD,TX-NPPM31HJ99B8
10870,349,899,1,,2038,64062.0,PAID,GATEWAY,TX-46ZKKSIUQ2XP
10871,553,28,1,,,55105.5,PAID,GATEWAY,TX-N5ZWC7YQTQE8
10872,192,208,2,1,1918,13794.0,PAID,CASH,TX-QFNOLLB84G40
10873,385,1165,2,2,3193,14229.6,PAID,TRANSFER,TX-T2E4YVBVCDNE
10874,385,1212,1,,63,45433.08,PAID,CARD,TX-4YJXL1XH1YTM
10875,626,1124,1,,1757,58100.25,PAID,CARD,TX-ARA3URSJU9B9
10876,551,1422,2,3,2267,39204.0,PAID,CASH,TX-VJBWQM9YD8X7
10877,325,489,1,,347,93765.0,PAID,GATEWAY,TX-IYWAS9HTS3JI
10878,,109,1,,443,27036.0,FAILED,GATEWAY,
10879,576,361,2,2,2370,42144.3,PAID,CASH,TX-Y2Y7U8VP06M1
10880,617,578,1,,117,89406.9,PAID,CARD,TX-G68ARJ10NCZ6
10881,161,1067,1,,1234,20465.7,PAID,GATEWAY,TX-83AYBL3TV3US
10882,544,212,2,3,2716,75794.4,REFUNDED,CARD,TX-J2KSDZOAUXT7
10883,,1100,2,3,1450,27588.0,PENDING,CARD,
10884,553,24,1,,153,50631.0,PAID,CARD,TX-MAW1G7SFM47K
10885,469,1226,1,,1435,38852.7,PAID,GATEWAY,TX-CIGDO0K2BABT
10886,640,341,1,,,37500.0,REFUNDED,GATEWAY,TX-R6FUOSWKX4DQ
10887,390,928,1,,3176,39919.92,PAID,GATEWAY,TX-UKOOA8N39PUX
10888,378,12,2,2,2107,43560.0,PAID,CARD,TX-3E8N3XLMJGNQ
10889,168,45,2,4,1290,35574.0,PAID,CARD,TX-PWCJG5SGYWYL
10890,61,1211,1,,2138,64362.0,PAID,CARD,TX-DSJUQ3Y7RYF9
10891,471,501,1,,1238,67207.92,PAID,GATEWAY,TX-XQAIRC5RG52A
10892,349,504,2,4,2192,39204.0,PAID,TRANSFER,TX-SBLYKNWQTAF4
10893,104,708,1,,3000,59749.8,PAID,CARD,TX-A84SGVOG57XQ
10894,541,1295,2,3,2528,26136.0,PAID,CASH,TX-DXN8NOQTIETJ
10895,,1144,2,2,802,17787.0,FAILED,CASH,
10896,5,6,1,,1320,52627.5,PAID,CARD,TX-6QSX6KX0WJ3F
10897,416,851,1,,118,15652.56,PAID,GATEWAY,TX-G0CU6M5DD9N4
10898,98,256,1,,888,47454.75,PAID,GATEWAY,TX-GXXKYM1IG2G0
10899,589,322,2,3,2434,16335.0,PAID,CARD,TX-U70TFJ3L9OJP
10900,472,952,1,,1476,19004.62,PAID,GATEWAY,TX-CRWM5FI2CHS0
10901,386,409,2,3,1409,28459.2,PAID,CASH,TX-63MNO0455BHS
10902,126,723,1,,2160,50505.0,REFUNDED,GATEWAY,TX-Y0PB5VS4RNZZ
10903,19,797,1,,33,44460.0,PAID,CARD,TX-X0RJHLR1RMPP
10904,44,645,2,3,2962,58544.64,PAID,TRANSFER,TX-2GKX6RYN768U
10905,,812,1,,1460,13968.0,PENDING,CARD,
10906,2,1290,1,,1272,33870.0,PAID,CARD,TX-RTO6O35ZVEQI
10907,191,1404,2,2,440,32016.6,PAID,CARD,TX-XT6K66G4TRB3
10908,400,657,1,,1925,66540.0,PAID,CARD,TX-8G4U7IHICFOO
10909,132,858,2,1,144,13068.0,PAID,CASH,TX-LO5AYBF0MFQG
10910,364,866,2,1,2142,65703.0,PAID,TRANSFER,TX-TCC3C3PUG3N9
10911,536,300,1,,1018,81349.88,PAID,GATEWAY,TX-PHJ2AG3L1N7D
10912,550,386,2,1,2044,30564.6,PAID,CASH,TX-1LCLQEMLVWZK
10913,164,450,1,,1114,82239.75,PAID,CARD,TX-KEC7J7VU11AC
10914,176,128,1,,3145,30121.5,PAID,GATEWAY,TX-62KDN44U32Z4
10915,243,1298,2,3,2149,26136.0,PAID,CASH,TX-TEW8NJ96IFNZ
10916,,1288,1,,1305,40031.4,FAILED,CARD,
10917,145,681,1,,44,84690.0,PAID,CARD,TX-VBXMMPRF1GJL
10918,29,689,1,,989,13068.0,PAID,CARD,TX-2NWMQOWP6782
10919,155,40,1,,2657,33216.6,PAID,GATEWAY,TX-295WUH2M050Z
10920,160,780,1,,3165,100460.25,PAID,CARD,TX-2AUA0AMWJV1G
10921,161,1498,1,,751,58072.5,PAID,CARD,TX-H2APJEB6QQ0W
10922,504,1398,1,,774,52927.5,PAID,GATEWAY,TX-L68ND8OGP928
10923,613,1164,2,2,817,52998.0,PAID,CASH,TX-CNSIRQKAC753
10924,240,394,1,,646,30240.0,PAID,GATEWAY,TX-11G8UP12CCTH
10925,114,1077,2,2,843,29403.0,PAID,TRANSFER,TX-J1V1QT6YPOQ3
10926,139,1339,1,,2868,35385.0,PAID,CARD,TX-5ISC2SM1KU3U
10927,425,983,2,2,47,41382.0,REFUNDED,CARD,TX-H2LZ9CF8FKJI
10928,75,541,2,3,349,32670.0,PAID,CASH,TX-H2FEN4NIF259
10929,303,967,1,,2269,20465.7,PAID,CARD,TX-V8XFR5L0P0V0
10930,511,1405,2,2,,108754.8,PAID,CARD,TX-9KK3IXQFFTB3
10931,630,147,1,,2654,33870.0,PAID,CARD,TX-VJ0KDCAUQGKT
10932,600,1093,2,3,1442,38115.0,PAID,CARD,TX-GLK103EKCFA5
10933,356,1452,1,,1974,40830.0,PAID,GATEWAY,TX-X055J8ACHG42
10934,12,1409,2,2,2466,14701.5,PAID,TRANSFER,TX-T2O7EQWKYXID
10935,455,900,1,,309,16073.4,REFUNDED,CARD,TX-4EYYFMPL5BE9
10936,,948,1,,2974,39919.92,FAILED,CARD,
10937,385,1160,1,,1918,96732.0,REFUNDED,CARD,TX-B3EOWO9Z8U9H
10938,296,330,2,4,2120,95695.88,PAID,CARD,TX-DY13A1B54INW
10939,,1194,2,4,905,16335.0,FAILED,CARD,
10940,58,428,1,,179,128839.88,PAID,GATEWAY,TX-EYTJQ0OLBKBJ
10941,,445,1,,3053,15129.6,FAILED,CARD,
10942,,1264,1,,1883,12414.6,FAILED,GATEWAY,
10943,302,801,1,,1438,72883.95,PAID,GATEWAY,TX-KEGZS8M991LE
10944,206,1032,2,4,1035,13068.0,PAID,CARD,TX-MHTPS9TXV3H5
10945,443,274,2,4,756,44286.0,PAID,CARD,TX-YTEUE0E8B3UI
10946,504,1151,1,,1664,36300.0,PAID,CARD,TX-F7G0VFBOW8EO
10947,319,1125,1,,2919,27036.0,PAID,CARD,TX-MDS2EMKSRLOL
10948,122,989,2,3,,91385.25,PAID,CASH,TX-I1CW2WALFIBS
10949,,1130,2,1,2151,44104.5,FAILED,CARD,
10950,340,1466,2,1,2617,23522.4,PAID,CASH,TX-TENCDVGO5ZCY
10951,629,662,1,,2190,37500.0,REFUNDED,CARD,TX-LW78G8U1H1GB
10952,453,1166,1,,716,26329.2,PAID,GATEWAY,TX-G45UOS9JL5HX
10953,622,847,1,,273,76077.3,PAID,GATEWAY,TX-RSNA7WG0D2E4
10954,549,503,2,1,1175,90931.5,REFUNDED,CASH,TX-A6C4M2K2L6O9
10955,,732,2,1,2731,30129.0,FAILED,CASH,
10956,623,1107,1,,725,18687.0,PAID,GATEWAY,TX-KZJZZX2RXJPG
10957,451,308,1,,348,63174.99,PAID,GATEWAY,TX-F6N1T78ION0R
10958,77,438,2,4,1308,27588.0,PAID,TRANSFER,TX-7XIU4JNAQJQO
10959,289,503,2,2,1870,16008.3,PAID,CASH,TX-74ZDLYCUFJLB
10960,303,1453,1,,979,45520.2,PAID,CARD,TX-NTZNDDIAW36C
10961,,751,1,,550,29040.0,FAILED,CARD,
10962,387,1000,2,4,,43124.4,PAID,CARD,TX-FFTWRN1JZS5R
10963,563,354,1,,1031,33507.0,PAID,CARD,TX-8F6SU0H5T61D
10964,570,885,1,,2737,43588.8,PAID,CARD,TX-9URM1I91T484
10965,532,1233,1,,745,37200.0,PAID,GATEWAY,TX-Y8HK6Z6BZLD2
10966,374,325,2,1,1435,35283.6,PAID,CASH,TX-0QI4O2QC5A5J
10967,577,412,1,,690,35385.0,PAID,GATEWAY,TX-TH66SFN9G44Y
10968,236,1236,2,1,296,77137.5,PAID,CASH,TX-ATDOWXX6NFLD
10969,348,61,2,1,2753,32670.0,PAID,CASH,TX-SRO60I56BQI4
10970,212,747,2,3,1603,86357.7,PAID,CARD,TX-CM4YBYYYTG9W
10971,,843,2,1,2003,13794.0,PENDING,CASH,
10972,360,335,2,1,520,14229.6,PAID,CASH,TX-9BHWPFNGVJ6K
10973,46,285,2,2,442,54450.0,PAID,CASH,TX-0FICKKTWB2UE
10974,415,928,1,,120,52237.8,PAID,GATEWAY,TX-NYWDEZQXV508
10975,129,790,1,,744,28488.0,PAID,GATEWAY,TX-ZY3DCRBOU4UI
10976,395,1398,1,,99,15420.0,PAID,GATEWAY,TX-Y56NB4U0P4DF
10977,461,782,2,3,916,87512.04,PAID,TRANSFER,TX-DR6M6HWXDWCK
10978,200,1088,1,,394,119356.5,PAID,GATEWAY,TX-DW86I10C9JUS
10979,94,1171,2,1,,14229.6,PAID,CARD,TX-6T2GW4A89VS9
10980,191,1178,1,,2872,29659.2,PAID,CARD,TX-1SXZXV5LERO4
10981,400,1103,2,2,1781,87210.75,PAID,TRANSFER,TX-W8VU2SAPHXBV
10982,402,28,1,,2545,54786.06,PAID,GATEWAY,TX-SMTSXECUVSLJ
10983,527,1148,2,4,1721,17242.5,PAID,CASH,TX-LZPC2VO5YBS4
10984,319,1381,1,,2727,35385.0,PAID,CARD,TX-38F77IQB4UUG
10985,71,1132,1,,1224,62363.4,PAID,CARD,TX-16F5RP8BIWAV
10986,23,99,2,3,725,14229.6,PAID,CARD,TX-IG4GI4S3VBC8
10987,452,380,1,,2376,104355.0,PAID,CARD,TX-38BOKO7IO9DR
10988,177,441,1,,978,16718.25,PAID,CARD,TX-R6B5ADVA87XI
10989,,1341,2,2,2645,57172.5,FAILED,CASH,
10990,187,1095,2,2,730,14520.0,PAID,CASH,TX-SSCGNEKVKOTS
10991,483,1139,1,,,36474.0,PAID,CARD,TX-XDQVF6MOA0NW
10992,337,775,1,,2747,60768.3,PAID,CARD,TX-98XVFZJJ7F5C
10993,150,783,2,1,2303,27588.0,PAID,CASH,TX-1FJSUYW5XJ3Y
10994,414,115,1,,2078,80041.5,PAID,CARD,TX-YYWTOU4RBURM
10995,608,45,1,,2120,27636.0,PAID,CARD,TX-QOEW4CMKXVIT
10996,285,691,2,2,2512,82764.0,PAID,CARD,TX-BLR4TYO87MVG
10997,6,353,1,,446,29940.0,PAID,CARD,TX-40AK81VOF5Q2
10998,139,1332,1,,2269,52687.92,REFUNDED,GATEWAY,TX-9PYF24W2042L
10999,621,86,1,,1244,84372.9,PAID,GATEWAY,TX-HMLKM38D40GG
11000,276,1214,1,,1389,82393.5,PAID,CARD,TX-5SNZCQCUJDGW
11001,541,487,1,,467,17835.0,PAID,CARD,TX-F5BDJYGYGKF0
11002,313,1048,2,2,,84324.9,PAID,CARD,TX-YYH7W27RZLP7
11003,425,1472,2,3,1816,77591.25,PAID,CARD,TX-AQXYUSSOXFWL
11004,613,693,2,4,,18150.0,PAID,CASH,TX-L2O1VGL1MMWH
11005,,1264,1,,330,47454.75,FAILED,CARD,
11006,443,1219,1,,,88172.7,PAID,GATEWAY,TX-SBHAD117L9O7
11007,148,18,2,2,1254,49005.0,PAID,CASH,TX-WIQFLFD31OEM
11008,483,11,1,,1049,30240.0,PAID,CARD,TX-CTU2JON04ZJ3
11009,54,1054,1,,1807,43888.8,PAID,GATEWAY,TX-ZIJ9XD6O4HD3
11010,577,650,2,2,2309,27588.0,PAID,CASH,TX-HSAWGSKZQRX1
11011,40,1169,2,2,2283,54450.0,PAID,CARD,TX-HZKZT3PB46LZ
11012,161,811,1,,1786,13614.6,PAID,CARD,TX-5PFK15Q5QCLB
11013,591,844,1,,262,43888.8,PAID,CARD,TX-9XNKGM8QTL0J
11014,103,62,2,3,686,13068.0,PAID,CARD,TX-KJ9XYJJOLXUJ
11015,341,1099,1,,1100,32236.5,PAID,GATEWAY,TX-51PY5DJ464IE
11016,561,254,1,,1669,14006.64,PAID,CARD,TX-IEXUBHLA7JED
11017,378,1467,1,,1488,64734.6,PAID,GATEWAY,TX-JPJ05UJALFAU
11018,600,326,2,4,2028,42688.8,REFUNDED,TRANSFER,TX-ZX1WF7MY9J0U
11019,508,1087,2,3,1680,36300.0,PAID,TRANSFER,TX-BNE1UK84WR5Y
11020,395,695,1,,3142,15420.0,PAID,CARD,TX-PD2K4U6R43AZ
11021,519,791,2,4,1207,76230.0,PAID,CASH,TX-UXDH3GRPKDN6
11022,247,16,1,,429,32781.0,PAID,CARD,TX-SBX04RAHLA7B
11023,287,919,2,1,502,26136.0,PAID,CASH,TX-A92T97IPB1NI
11024,,512,1,,2217,49905.0,FAILED,GATEWAY,
11025,78,798,2,3,546,32670.0,PAID,CARD,TX-PIUJBSEVLJO4
11026,572,878,2,1,2668,68657.82,PAID,CARD,TX-JEYQZOM4G8MB
11027,176,6,2,3,518,18150.0,PAID,CASH,TX-R11X5U3VUBSR
11028,,611,1,,702,43588.8,PENDING,CARD,
11029,43,644,1,,2099,86205.0,PAID,CARD,TX-JX5M01ZTNQ1B
11030,247,967,1,,3025,29659.2,PAID,GATEWAY,TX-N5ACPA9921ZX
11031,,987,1,,2643,15129.6,FAILED,CARD,
11032,608,1146,1,,1150,28289.4,PAID,GATEWAY,TX-NRZMMEEECFB9
11033,7,227,1,,327,69952.2,PAID,GATEWAY,TX-V5C9YKDVPY0M
11034,298,1378,1,,1055,35385.0,PAID,GATEWAY,TX-YBQ4QJ6BG5P2
11035,,112,1,,2227,30670.68,FAILED,CARD,
11036,207,393,1,,2754,15294.0,PAID,CARD,TX-7LZXENLN215H
11037,596,489,2,2,1029,59212.56,PAID,CASH,TX-2ILHJG3U8ZDP
11038,620,831,2,2,2579,36209.25,PAID,CASH,TX-UFRFVRM8KPXG
11039,250,951,1,,487,78791.25,PAID,GATEWAY,TX-PC4O7PCOATSX
11040,238,150,1,,1257,40404.0,PAID,GATEWAY,TX-D6WQ70FJYBAH
11041,306,1306,2,3,687,14520.0,PAID,CASH,TX-YGQ9T1TZOBFS
11042,339,849,2,3,,13068.0,PAID,CASH,TX-HW076QTY7KBG
11043,268,165,1,,2367,36209.25,PAID,CARD,TX-UWJ02KTD8VV8
11044,387,1090,2,1,2697,105034.05,PAID,CASH,TX-T0V3V6PTZT30
11045,141,63,1,,680,61913.28,PAID,GATEWAY,TX-GYPF1FANR52W
11046,24,47,2,1,991,49005.0,PAID,CARD,TX-ILQLQ7ACRTUM
11047,93,197,1,,2000,19287.0,PAID,CARD,TX-AR5X0K1OUBA2
11048,409,951,1,,819,18687.0,PAID,CARD,TX-3VQP8LOL3NUT
11049,331,384,1,,3031,54861.0,PAID,CARD,TX-F4TY5KEAFJGN
11050,281,359,1,,336,15901.5,PAID,CARD,TX-HS4YXK2JO8V0
11051,234,505,2,1,1599,39204.0,PAID,CARD,TX-N2L2JJY7HCP8
11052,373,296,1,,,93946.5,PAID,CARD,TX-P931TLYCVB7V
11053,600,32,1,,,29359.2,PAID,CARD,TX-83Q6YHJVQE46
11054,368,459,2,2,,39204.0,PAID,CARD,TX-N71X4XNBQWQT
11055,36,468,1,,,99890.1,PAID,GATEWAY,TX-ITVATF7FNU45
11056,154,1204,2,2,1882,27588.0,PAID,CASH,TX-XJDLJXYCPI2Y
11057,,1329,1,,2337,64207.2,FAILED,GATEWAY,
11058,110,835,1,,2964,16872.0,PAID,CARD,TX-1S5XZFJ65KQP
11059,565,828,2,4,2745,31036.5,PAID,TRANSFER,TX-HIH419ZYJO0W
11060,369,1175,1,,2034,37500.0,PAID,CARD,TX-38TUWYBPS1Q0
11061,13,1486,1,,1559,29403.0,REFUNDED,CARD,TX-SCJKRIB0N95G
11062,216,1319,2,3,1467,13068.0,PAID,CARD,TX-6KDVRSARPWVL
11063,562,78,2,2,411,34485.0,PAID,CASH,TX-F5RXWTWCOXHY
11064,204,1439,1,,411,58072.5,PAID,GATEWAY,TX-PUPXPNOMP291
11065,184,1405,1,,,15129.6,PAID,CARD,TX-Q7ELPUZEUZQF
11066,397,255,1,,2659,89835.0,PAID,GATEWAY,TX-H7KJH5ERZ1X2
11067,585,251,1,,967,30303.0,PAID,CARD,TX-85HYIEH3U8P8
11068,352,849,1,,,63273.0,PAID,CARD,TX-VKT0FRY0GLR1
11069,519,1380,1,,499,55650.0,PAID,GATEWAY,TX-KVJGQ55JG8BJ
11070,,393,2,4,654,24829.2,FAILED,CARD,
11071,67,1129,1,,753,17242.5,PAID,CARD,TX-V3CP6WVHXWGJ
11072,636,27,2,1,1289,38115.0,PAID,CARD,TX-1S7ZFYE3QP20
11073,,1324,1,,2087,70170.0,FAILED,GATEWAY,
11074,436,965,2,4,1614,37243.8,PAID,CASH,TX-BI90PC474LDW
11075,241,804,1,,2390,17835.0,PAID,CARD,TX-3JIDDR2GQNSC
11076,204,1107,2,4,1451,41382.0,PAID,CASH,TX-9FXLYH0X6JX8
11077,139,1186,1,,3193,78945.0,PAID,CARD,TX-C8UYH7QX6SDE
11078,92,186,2,3,728,29040.0,PAID,CASH,TX-VJVBX42P7LMT
11079,444,778,1,,795,29040.0,PAID,GATEWAY,TX-QEO0BIS34NFB
11080,66,31,1,,503,36474.0,PAID,CARD,TX-21PBUNA2J8WH
11081,535,207,1,,1361,30167.4,PAID,CARD,TX-K128ODWEX6YY
11082,412,1010,1,,136,27036.0,PAID,GATEWAY,TX-MP369HWJ365M
11083,174,1178,1,,1304,62438.1,PAID,CARD,TX-AX0TARDHIG7Q
11084,,1419,1,,818,16146.0,FAILED,CARD,
11085,469,1202,1,,3117,94309.5,PAID,CARD,TX-UNQBWY92IJAZ
11086,,1462,1,,,109444.5,FAILED,GATEWAY,
11087,369,299,1,,,14268.0,PAID,GATEWAY,TX-T8ICZDM5ASV9
11088,,896,1,,1239,97332.0,FAILED,GATEWAY,
11089,314,800,2,2,896,54450.0,PAID,CARD,TX-3DRGSW0XA2TU
11090,92,304,2,2,847,37243.8,PAID,CARD,TX-TM266BU4NC69
11091,6,1268,2,2,2878,17242.5,PAID,CASH,TX-QYW7YJQMATI8
11092,603,1135,2,1,,37352.7,PAID,TRANSFER,TX-OG6N74TAH9AF
11093,59,915,1,,1665,17235.0,PAID,CARD,TX-C8Y39W96LY5V
11094,346,1400,2,2,3043,54450.0,PAID,CASH,TX-T5HBB9J0FND7
11095,362,1342,2,4,3074,29040.0,PAID,CARD,TX-XG207IU6ZT93
11096,604,464,1,,306,25729.2,PAID,GATEWAY,TX-2A17E55K7BOR
11097,285,556,1,,1892,14229.6,PAID,GATEWAY,TX-NEAE667ZQ5IR
11098,602,999,2,3,2227,14520.0,PAID,CASH,TX-RFT29N3WJV4O
11099,32,1011,1,,,33870.0,PAID,GATEWAY,TX-D9YBPIRGWZVN
11100,484,1314,2,3,2579,18150.0,PAID,CARD,TX-L2H2NBTV1FRP
11101,318,1387,1,,1900,29659.2,PAID,GATEWAY,TX-7EWNN6V1B3JU
11102,511,849,1,,,17152.56,PAID,CARD,TX-8YIVOT9Z2R8K
11103,362,183,1,,3191,47238.0,PAID,CARD,TX-3TOL7RY36SZ2
11104,86,589,2,3,,69841.2,PAID,CARD,TX-X6A0OLQVJIVL
11105,,675,1,,5,72711.0,FAILED,GATEWAY,
11106,352,1051,1,,1501,27762.0,PAID,GATEWAY,TX-R7SU9XUJYV5R
11107,232,1093,1,,,29040.0,PAID,CARD,TX-NTHUR88HVISB
11108,151,687,2,3,1422,26136.0,PAID,TRANSFER,TX-8CA9LB0L27QJ
11109,309,1456,1,,493,13968.0,PAID,GATEWAY,TX-IKWZH2HN9R0G
11110,518,862,1,,2339,53361.0,PAID,GATEWAY,TX-R2ZMDM2E9CHM
11111,185,1127,2,1,173,28459.2,PAID,CASH,TX-TMOB5DJVAZWF
11112,,80,1,,,106333.88,FAILED,CARD,
11113,386,855,1,,797,34170.0,PAID,CARD,TX-M11OELOPHR2S
11114,521,252,2,2,415,15652.56,PAID,CARD,TX-481UR0RKS6JF
11115,258,465,1,,1256,18987.0,PAID,CARD,TX-UZAUBCRZ5LRK
11116,604,1073,2,1,2440,34485.0,PAID,TRANSFER,TX-0YPSISSEN4KG
11117,353,865,2,1,1555,91040.4,PAID,CASH,TX-7JMDMRLTGQXZ
11118,457,482,2,4,,124327.5,PAID,CASH,TX-KJQ6WIESI38M
11119,,405,1,,1504,15129.6,FAILED,GATEWAY,
11120,173,353,1,,324,54561.0,PAID,GATEWAY,TX-8YKR0ON547OD
11121,423,171,1,,34,62865.15,PAID,GATEWAY,TX-9UCF4RJHARVT
11122,587,281,2,3,2247,51727.5,PAID,CASH,TX-WYXHBPQBGQKE
11123,588,1067,1,,793,53227.5,PAID,CARD,TX-JEF8ADNKSLKV
11124,133,1376,1,,2317,67111.2,PAID,GATEWAY,TX-9JEYYVYON2T4
11125,94,231,1,,,13706.64,PAID,CARD,TX-I8CT8MZ527TP
11126,266,17,1,,323,26136.0,PAID,CARD,TX-5UHKZN6YXE7Y
11127,,939,2,1,2003,63525.0,FAILED,CARD,
11128,59,486,2,2,1535,53361.0,PAID,CASH,TX-DDZ1XAZFK0D3
11129,468,1184,1,,2064,107583.12,PAID,CARD,TX-SM2YLL7GWGIW
11130,354,843,1,,1682,62002.5,PAID,CARD,TX-PIIF64O0IEQD
11131,124,1383,1,,825,47857.68,PAID,GATEWAY,TX-GTJBVDPXQ8SM
11132,,1412,1,,308,45060.0,FAILED,CARD,
11133,70,1346,1,,2778,49905.0,PAID,GATEWAY,TX-AI7BV5QYFD0I
11134,469,652,2,1,170,13721.4,PAID,CARD,TX-IUT239MZC55T
11135,490,294,1,,911,49005.0,PAID,CARD,TX-E490H6JFOOXR
11136,32,1187,1,,1197,50205.0,PAID,CARD,TX-UA5O0O7I8L7H
11137,407,1487,2,2,2511,19565.7,PAID,CASH,TX-Q0G9WI9IJBN9
11138,363,512,1,,1143,30240.0,PAID,CARD,TX-C0PBGH34JDKH
11139,615,897,1,,832,78504.48,PAID,GATEWAY,TX-54DUFGP3VRKP
11140,542,700,1,,2414,30303.0,PAID,CARD,TX-RN48YSO6PLR7
11141,576,552,1,,,99326.16,PAID,GATEWAY,TX-C56EH7ROBXVL
11142,501,984,1,,2363,55405.5,PAID,GATEWAY,TX-RWHSD80G0P2W
11143,545,684,2,4,2315,54450.0,PAID,CARD,TX-3SJYS8I5EYH4
11144,334,874,2,3,2170,14701.5,PAID,CARD,TX-EL5FR4WBBN6W
11145,630,1459,2,4,3124,84942.0,PAID,CASH,TX-75IOUW5RD9BN
11146,,349,2,4,1175,88971.3,FAILED,CASH,
11147,,54,1,,416,70723.05,FAILED,GATEWAY,
11148,297,554,1,,366,44460.0,PAID,CARD,TX-GJ8U71P6OOV7
11149,220,558,2,4,2711,43197.0,PAID,CARD,TX-SO4U5MFT39A4
11150,228,134,1,,1534,16418.25,PAID,CARD,TX-XOI72QPB3XI7
11151,439,1239,1,,2053,16908.3,PAID,CARD,TX-MD36LW5N6FFC
11152,328,538,1,,2688,18142.5,REFUNDED,GATEWAY,TX-11COBCINNS6A
11153,622,783,2,3,1595,59023.8,PAID,CASH,TX-QBUV530CV89L
11154,27,280,2,3,156,41164.2,PAID,CARD,TX-I465R54ATVF2
11155,216,590,2,2,,11761.2,PAID,CARD,TX-RNIYVYO2FD3N
11156,596,895,2,3,,34303.5,PAID,CASH,TX-80FC36OUVA2W
11157,284,104,1,,696,12961.2,PAID,GATEWAY,TX-2JEPPNT68Y9H
11158,12,358,1,,2010,58100.25,PAID,GATEWAY,TX-OW4D8I7K70R0
11159,299,564,1,,1143,36774.0,PAID,CARD,TX-2W3ZQKT1GDOX
11160,494,1025,2,1,440,39204.0,PAID,TRANSFER,TX-V11RRTJ91AZ1
11161,218,789,2,1,1917,29882.16,PAID,TRANSFER,TX-25E94SGN06TT
11162,,1150,1,,505,53578.8,PENDING,GATEWAY,
11163,37,222,1,,,56811.6,PAID,CARD,TX-YUFYOX5OZIQW
11164,77,1366,1,,1267,30603.0,PAID,CARD,TX-W4RDL0HXKHPU
11165,418,1026,1,,233,14229.6,PAID,CARD,TX-EYGJG83ASJHC
11166,,955,1,,1012,16441.08,FAILED,GATEWAY,
11167,278,5,1,,,18142.5,PAID,CARD,TX-ZWL7RVC1TFGH
11168,148,1321,2,1,2661,37352.7,PAID,CASH,TX-HAIA4KH6DS4D
11169,237,178,2,2,153,26136.0,REFUNDED,CARD,TX-FI723J0UVNAO
11170,223,1137,2,4,1018,35574.0,PAID,TRANSFER,TX-4T062OMOJPGS
11171,588,494,2,2,2790,62345.25,PAID,CARD,TX-1X6VN7XHDWRC
11172,599,939,1,,630,35385.0,PAID,GATEWAY,TX-XUQB1AAUI5FU
11173,349,385,1,,2669,20765.7,PAID,GATEWAY,TX-KZLQG0RI5OLZ
11174,284,634,1,,1965,29940.0,PAID,GATEWAY,TX-1PNZOKQJRP3X
11175,253,406,2,4,,27588.0,PAID,CARD,TX-VER3LIE8FSW1
11176,420,774,1,,2962,61172.52,PAID,GATEWAY,TX-B5ZNAC3YHVSU
11177,,273,1,,3027,45132.6,FAILED,GATEWAY,
11178,300,507,1,,3042,30167.4,PAID,GATEWAY,TX-RKF9G0Z7VEC3
11179,,937,2,2,1545,77289.96,FAILED,CASH,
11180,244,194,1,,1654,74680.8,PAID,CARD,TX-X4V22H1T4L5J
11181,441,700,1,,190,19350.0,PAID,CARD,TX-CDVGC6VIIJK1
11182,,890,2,4,1322,15173.4,FAILED,CARD,
11183,462,760,1,,1855,52955.25,PAID,GATEWAY,TX-3C4L21DGJ02Y
11184,286,1398,1,,550,27336.0,PAID,CARD,TX-QZZAMGN40QKA
11185,,995,2,1,2029,98064.45,FAILED,CARD,
11186,390,897,2,4,1735,16335.0,PAID,CARD,TX-3A44O2IJR0DC
11187,595,1326,1,,2270,41382.0,PAID,GATEWAY,TX-AMAER3FO0EBV
11188,27,1043,1,,454,17535.0,PAID,GATEWAY,TX-YTG8V1KD1BKD
11189,348,713,2,2,1106,54087.0,PAID,CASH,TX-IQZW0GHJ7ZMW
11190,490,1337,1,,295,29040.0,PAID,GATEWAY,TX-WDSYMT7QVQ60
11191,216,1129,2,3,2921,43451.1,PAID,TRANSFER,TX-G2ZOXQ6MHM8W
11192,544,212,1,,2885,26029.2,REFUNDED,CARD,TX-LDMTVEFVCGV5
11193,,29,1,,886,54805.5,FAILED,CARD,
11194,372,248,2,4,3169,41164.2,PAID,CARD,TX-3KKC19Y99SFT
11195,84,82,1,,4,14694.0,PAID,CARD,TX-AEKXW4PQNJL3
11196,482,110,1,,1543,92068.5,PAID,GATEWAY,TX-LJL4QQ9C1DQK
11197,,304,2,2,739,41382.0,FAILED,CASH,
11198,162,1105,1,,1866,53227.5,PAID,CARD,TX-0HI7EFP9QKJB
11199,295,829,2,1,1086,17968.5,PAID,CASH,TX-NTYFGTIOY21F
11200,414,1060,1,,634,40704.0,PAID,CARD,TX-ZEK0AL33DL2E
11201,206,1063,1,,2830,57229.05,PAID,CARD,TX-6EMEWLIRNAS6
11202,404,453,2,4,2330,26136.0,PAID,CASH,TX-5RYPBEDRGNY3
11203,341,259,2,4,71,17787.0,PAID,CARD,TX-FUO8K24QLZDG
11204,256,132,2,2,1135,38419.92,PAID,CARD,TX-ZNPF29Z5JS7D
11205,480,1141,1,,2101,32670.0,PAID,GATEWAY,TX-0LKUOEYYAVBN
11206,412,72,2,4,2357,13068.0,PAID,CARD,TX-XBWK31M5UWCO
11207,286,1195,1,,1521,50505.0,PAID,GATEWAY,TX-LGESC831RRLE
11208,387,1166,2,2,336,16335.0,PAID,CARD,TX-5MJLG3VO0Y6T
11209,454,170,2,2,2870,28459.2,PAID,CARD,TX-8AZGTTMPXU2T
11210,575,9,1,,,18351.75,PAID,CARD,TX-GWE0Q26AWR1R
11211,451,1210,1,,1617,110261.25,PAID,CARD,TX-R0M7X4PWDBAO
11212,510,1182,1,,1027,49116.0,PAID,CARD,TX-AE78C6KKZ5FV
11213,27,236,2,2,2580,14520.0,REFUNDED,CASH,TX-GG6U76Q1O35D
11214,544,1315,1,,1496,27336.0,PAID,CARD,TX-O2IIVJKK1HW7
11215,259,822,1,,1738,13614.6,PAID,CARD,TX-XPL0AMQ1NZG9
11216,351,1312,1,,,72048.0,PAID,CARD,TX-NZ89RU44ZV8N
11217,508,473,1,,1589,72919.2,PAID,GATEWAY,TX-Z6QSO5U8YJ6G
11218,442,817,2,2,39,37352.7,PAID,TRANSFER,TX-9WA4SL5BF061
11219,38,790,1,,2765,29040.0,PAID,CARD,TX-BY08IBGN7ZH7
11220,,661,2,2,,17968.5,FAILED,CASH,
11221,274,1168,1,,1811,87475.5,PAID,CARD,TX-4FFHSWDRKJJX
11222,314,713,1,,3134,100299.0,PAID,GATEWAY,TX-BBO6A0290PUE
11223,387,265,2,3,2551,54313.88,PAID,TRANSFER,TX-PWVCYP84K04C
11224,62,1243,1,,1303,52627.5,PAID,GATEWAY,TX-AWD3AAD4USBZ
11225,401,1053,1,,2389,44351.1,PAID,GATEWAY,TX-LYXS6A6I9F8R
11226,379,1364,1,,1237,77367.0,PAID,GATEWAY,TX-GHEYRL28EHM4
11227,511,1436,1,,,80215.5,PAID,CARD,TX-XOOU9NSS9HPU
11228,161,34,2,4,985,54450.0,PAID,CARD,TX-6AJWLAD1B9WB
11229,502,353,2,4,1465,115855.08,PAID,CASH,TX-LMY1CV09AC4B
11230,519,1009,2,3,458,29040.0,PAID,CASH,TX-BECGO877N3JF
11231,175,295,2,3,1776,41382.0,PAID,CASH,TX-KWD6V3TVHFH3
11232,575,1354,2,4,2812,59786.1,PAID,CARD,TX-SK0A6H32KVLT
11233,,514,2,2,2442,80223.0,FAILED,CASH,
11234,595,1453,2,1,954,11761.2,PAID,CARD,TX-AFXCJMMNHCNZ
11235,26,879,1,,550,38552.7,PAID,CARD,TX-DBQJWI3F5FSM
11236,593,304,2,3,2458,46957.68,PAID,CARD,TX-A3L3SHS0H3D8
11237,,191,1,,1177,37137.0,FAILED,GATEWAY,
11238,188,735,2,1,1384,108754.8,PAID,CASH,TX-49KYAF6MH7J5
11239,583,1425,1,,748,16852.56,PAID,CARD,TX-XYJ1DW950L57
11240,236,433,2,2,537,49731.0,PAID,CASH,TX-DYPI1MJNCP9Y
11241,,58,2,3,2045,14229.6,FAILED,CARD,
11242,532,624,2,4,2992,120516.0,PAID,CASH,TX-KR8CWUUZ6VOD
11243,14,1309,2,4,2529,15246.0,PAID,CARD,TX-P6SS70KFKOX5
11244,,868,2,3,426,32670.0,FAILED,CASH,
11245,556,1187,2,2,1875,16335.0,PAID,CASH,TX-FH0MKZK4T3QJ
11246,583,357,1,,2105,14694.0,PAID,CARD,TX-M2MV5CVCZSJN
11247,157,1131,1,,1470,30094.8,PAID,GATEWAY,TX-YPSTUOJVG45X
11248,42,478,1,,,87112.5,PAID,CARD,TX-FCNK3OUUW61C
11249,61,10,1,,151,79308.0,PAID,CARD,TX-E4W778JQ50JM
11250,607,804,1,,,54805.5,PAID,CARD,TX-02O2AWQ8LAMW
11251,430,1074,1,,609,19650.0,PAID,GATEWAY,TX-IA3GDXXYU1IS
11252,446,776,1,,1967,90470.25,PAID,CARD,TX-81CE0PLKMSLP
11253,511,1118,2,2,2275,36209.25,PAID,CARD,TX-90BQKDZF88GE
11254,512,218,1,,2814,91151.4,PAID,CARD,TX-ECZWFPBB59KU
11255,632,498,2,3,2307,71728.8,PAID,CARD,TX-DOXYH53KF5GG
11256,563,989,2,4,2941,49005.0,PAID,CARD,TX-30TRUZWKW6NW
11257,474,542,2,2,1831,77972.4,PAID,CARD,TX-KZI1IQ66GLL7
11258,547,1024,2,4,2043,27588.0,PAID,CARD,TX-V659P2BH1MOA
11259,371,1210,2,2,825,13721.4,PAID,CARD,TX-E9PWYQ7IAU6Y
11260,153,68,1,,3032,28342.8,PAID,GATEWAY,TX-Z6S3NYBR229I
11261,53,605,1,,,42688.8,PAID,CARD,TX-OFYCM8ZZPH6P
11262,109,599,2,4,2370,55539.0,PAID,CASH,TX-HVP11WV7JFUT
11263,531,1193,2,3,706,42688.8,PAID,CASH,TX-FOYCN6S700F8
11264,479,558,1,,3188,35574.0,REFUNDED,CARD,TX-DDA054SW3UFI
11265,431,332,2,2,2687,48024.9,PAID,CARD,TX-W0BJ3PMAWA2H
11266,221,860,1,,1796,72501.75,PAID,GATEWAY,TX-7TWW1OFMLHZJ
11267,381,1028,2,3,311,71547.3,PAID,CASH,TX-95PWD4O4JAD1
11268,438,677,1,,841,40404.0,PAID,CARD,TX-PC5F8YW5TCRC
11269,100,804,2,2,898,17151.75,PAID,CARD,TX-2WEE1DX0GL9E
11270,458,1101,2,1,539,32670.0,PAID,CARD,TX-3HRU7GR8SD0G
11271,174,1085,1,,,103747.5,PAID,GATEWAY,TX-ZBQDHVQLFSHZ
11272,501,625,1,,1650,35685.0,PAID,CARD,TX-MTH81DDSRXMJ
11273,367,88,1,,1292,45604.5,PAID,GATEWAY,TX-LDHCJOUOCKLN
11274,617,509,1,,3004,20257.5,PAID,GATEWAY,TX-ITCKBPMJB84H
11275,255,1065,2,3,817,85159.8,PAID,CARD,TX-8EZOZYR10SPU
11276,121,1073,2,4,1034,32670.0,PAID,CARD,TX-3ZRKRXSY36L6
11277,157,945,2,1,1975,49005.0,PAID,CARD,TX-M2CJZSLGUH99
11278,375,601,2,4,1253,18966.75,PAID,CARD,TX-9UU2BTHIFKVW
11279,467,1237,1,,,85353.0,PAID,CARD,TX-T64O5W97PWG5
11280,,1131,1,,2190,59350.5,FAILED,CARD,
11281,449,1016,2,4,2712,47553.0,PAID,CASH,TX-JGO21OJ4TM0Q
11282,73,338,2,1,727,37352.7,PAID,CASH,TX-G06F5Q1GFGJ5
11283,522,1011,2,3,2088,41164.2,PAID,CARD,TX-Z468VP38T5XY
11284,461,440,1,,,54561.0,PAID,GATEWAY,TX-UN49MCP1PIRX
11285,457,176,1,,2293,61032.0,PAID,GATEWAY,TX-GD6P8T15C8XT
11286,,60,1,,2233,26136.0,FAILED,CARD,
11287,469,986,2,3,125,57172.5,PAID,TRANSFER,TX-011A3K5YAS7H
11288,,538,1,,2450,33870.0,PENDING,GATEWAY,
11289,157,1204,1,,1314,42717.6,PAID,GATEWAY,TX-1J1PR7I6IQ3D
11290,378,1388,2,2,1073,62436.0,PAID,TRANSFER,TX-HLFROA77KKZH
11291,264,778,1,,2298,27036.0,PAID,CARD,TX-XCF2E3G2WXNN
11292,31,715,2,3,1924,28459.2,PAID,CASH,TX-79G07IX4U0ZM
11293,13,203,2,1,536,16335.0,PAID,CARD,TX-ILGL7GSSZRAQ
11294,202,928,2,2,1321,18150.0,PAID,TRANSFER,TX-8UASFI86KJ9M
11295,416,750,1,,2741,76258.8,PAID,CARD,TX-Q985CIQPUOLU
11296,361,253,1,,636,29949.6,PAID,CARD,TX-7P5KO9VKJKFG
11297,127,441,2,2,2993,65176.65,PAID,CASH,TX-TK9V1AN505KZ
11298,210,1401,1,,1920,54261.0,PAID,GATEWAY,TX-JRAU6YDEN16J
11299,,45,1,,2207,13968.0,PENDING,CARD,
11300,596,56,1,,2287,49524.9,PAID,CARD,TX-8ZQX8NIAIFR6
11301,136,517,1,,2716,62256.6,REFUNDED,CARD,TX-YV3ARMKJSKYW
11302,500,385,2,1,860,17242.5,PAID,CARD,TX-P19C3OJ5HGGF
11303,,1268,1,,414,72583.95,FAILED,GATEWAY,
11304,,1260,2,3,2144,96049.8,FAILED,CARD,
11305,153,744,1,,1970,38252.7,PAID,CARD,TX-KUTAWSYH0HTW
11306,113,625,1,,,15420.0,PAID,CARD,TX-VNO94H1MD84T
11307,425,1177,1,,,18150.0,PAID,CARD,TX-VO5BHXP86TZ3
11308,469,590,2,3,2207,54450.0,PAID,TRANSFER,TX-USY1KBUUGMOH
11309,4,1200,1,,2135,19604.62,PAID,GATEWAY,TX-L3V4J65BJ1TC
11310,173,554,1,,880,64178.4,PAID,CARD,TX-KD69MB3LL8KN
11311,328,546,1,,2536,38852.7,PAID,GATEWAY,TX-V19JQBKEVUDX
11312,224,895,2,3,427,81892.8,PAID,CASH,TX-OD4PH93Q4LAZ
11313,,850,1,,2243,62910.0,PENDING,CARD,
11314,619,960,1,,2252,69744.0,PAID,CARD,TX-YXYQDEXPRX16
11315,556,46,1,,,88128.9,PAID,CARD,TX-04HFMC29472F
11316,411,519,1,,707,31936.5,PAID,GATEWAY,TX-ATFZ5FV20RJV
11317,,1232,1,,2172,29359.2,PENDING,CARD,
11318,320,452,2,3,2288,26136.0,PAID,CASH,TX-4HLDNC1F88XW
11319,,754,1,,1549,15429.6,FAILED,CARD,
11320,,1069,2,3,1241,23522.4,FAILED,CASH,
11321,34,184,1,,193,37500.0,PAID,GATEWAY,TX-M6293CWOTJHQ
11322,390,661,1,,6,55350.0,PAID,GATEWAY,TX-WBQZ6IU8WOFH
11323,632,296,1,,1054,107241.38,PAID,GATEWAY,TX-XL7ILQJ67U71
11324,,1411,1,,961,35385.0,PENDING,GATEWAY,
11325,462,264,1,,989,29949.6,PAID,CARD,TX-JF7231JDR50A
11326,182,394,2,1,916,28459.2,PAID,CARD,TX-9A3XP5FPC8E3
11327,559,1339,1,,2638,117447.12,PAID,CARD,TX-R1IBKSY5D4C1
11328,67,1351,2,1,2366,18150.0,PAID,CARD,TX-2J2EKC3OY0YX
11329,263,288,2,4,3111,73689.0,PAID,CARD,TX-69CBEFL0IBKM
11330,558,438,1,,612,17535.0,PAID,GATEWAY,TX-YV4RZDLO4EX4
11331,35,890,2,3,1353,32670.0,PAID,CARD,TX-CT3YXB29T5RH
11332,141,1257,1,,726,17151.75,PAID,CARD,TX-OQRL3UM059CZ
11333,531,1210,2,2,2430,37352.7,PAID,CASH,TX-U1937PMQ4J2Q
11334,551,1037,1,,821,31072.56,PAID,CARD,TX-9IUPFPKPIJJT
11335,56,90,2,1,2306,85069.05,PAID,CASH,TX-ZMRV7AAGH3OW
11336,582,214,1,,603,43888.8,PAID,CARD,TX-XHVX5XACOUQR
11337,67,866,1,,1964,16872.0,PAID,CARD,TX-L5Q2327YMGRS
11338,369,1215,2,4,2031,39204.0,PAID,CASH,TX-MI15NTE9L4Z1
11339,202,181,2,2,3018,53905.5,PAID,CASH,TX-7N9NZEWJEGM6
11340,344,1416,1,,1124,53361.0,REFUNDED,CARD,TX-HD3W7K8BXRGT
11341,49,1460,1,,2642,15129.6,PAID,CARD,TX-0H2DMN6JUT2Z
11342,247,176,1,,410,38852.7,PAID,GATEWAY,TX-2EX8NX6PZHG8
11343,299,299,1,,,37933.5,PAID,GATEWAY,TX-0QDR8EME5V5R
11344,48,211,1,,3067,49005.0,PAID,CARD,TX-TD7E1MK7RSDZ
11345,469,1116,2,2,281,46554.75,PAID,TRANSFER,TX-KLWXPL13INKN
11346,261,93,1,,2912,46827.0,PAID,CARD,TX-DF16A4X902NK
11347,430,9,2,4,1018,30709.8,PAID,CARD,TX-CLA4RGA7GJ3U
11348,376,423,2,1,2961,103455.0,PAID,CASH,TX-FTOL8HAGAMBS
11349,424,686,2,2,1021,17242.5,PAID,CARD,TX-V6BDHEEI6L0K
11350,105,732,2,3,,47916.0,PAID,CASH,TX-BFPTWXN3N21K
11351,362,882,2,4,2367,42688.8,PAID,CARD,TX-C7JVMJI6U4TL
11352,36,412,1,,2128,41430.0,PAID,CARD,TX-9VKQKKATACE4
11353,117,253,1,,2155,29959.2,PAID,GATEWAY,TX-6J0628N6U5MN
11354,437,1018,1,,2344,56029.05,PAID,GATEWAY,TX-8FI0GW0KRPM9
11355,468,11,1,,3007,50812.5,PAID,CARD,TX-Y08D7PWYNMSK
11356,269,1385,1,,,12961.2,PAID,CARD,TX-TD959M3IANVE
11357,498,1460,2,2,849,46957.68,REFUNDED,TRANSFER,TX-FTMST3ZGCO8C
11358,483,576,1,,723,88659.12,PAID,GATEWAY,TX-SZXDX10DHFB0
11359,255,34,2,3,2104,39204.0,PAID,CASH,TX-N0W6Z5DZ8R3V
11360,193,737,1,,2866,31810.5,PAID,CARD,TX-HRHXL7ZAJ6KK
11361,412,637,2,3,707,31305.12,PAID,CASH,TX-9BQHNFWNXM6N
11362,128,1248,2,1,2734,32670.0,PAID,CASH,TX-GNIAYIVR43ZB
11363,4,874,1,,746,50505.0,PAID,GATEWAY,TX-M8EBXAZX2MWA
11364,215,1375,2,1,,87029.25,PAID,CASH,TX-D8JJA9QWZ95O
11365,74,922,2,4,1183,17151.75,PAID,CASH,TX-P8VOMHJX4P8T
11366,326,921,1,,1830,96812.1,PAID,CARD,TX-MAN3ZHHU289I
11367,265,1439,2,1,1736,39204.0,PAID,CARD,TX-FJ33EMKD606K
11368,158,327,1,,3138,40104.0,PAID,GATEWAY,TX-66T776YMQNO3
11369,50,475,2,2,3089,28459.2,PAID,CASH,TX-1XDJAIDZXQCT
11370,360,900,1,,2899,69144.0,PAID,CARD,TX-5N2EK2J8BIWN
11371,360,1009,2,2,465,32670.0,PAID,CARD,TX-3ATWU1AR0WCV
11372,514,862,2,1,2390,31305.12,PAID,CASH,TX-3CY9OZNF6W0Q
11373,,1461,1,,5,47857.68,FAILED,CARD,
11374,384,497,2,2,1246,36300.0,PAID,TRANSFER,TX-U3TFVPROF7YJ
11375,542,854,1,,,53227.5,PAID,CARD,TX-16IW90ACV6ZB
11376,210,1350,1,,2073,53041.32,PAID,CARD,TX-669P0X4OTEO8
11377,232,400,2,3,1616,14229.6,PAID,CARD,TX-Q0024DCJY4N9
11378,351,528,2,1,1387,85377.6,PAID,CARD,TX-TMMWEMASIO93
11379,262,628,1,,432,44760.0,REFUNDED,CARD,TX-04KCJ6AFE47E
11380,632,1237,2,2,1564,53361.0,PAID,CASH,TX-KM777U4SGDBE
11381,503,1164,1,,2110,37709.25,PAID,CARD,TX-CT0UY39Q15GM
11382,480,256,1,,842,14621.4,PAID,CARD,TX-KD2JSMSLAR4Z
11383,212,63,1,,756,64192.68,PAID,CARD,TX-FQ0V5TXV2FFE
11384,347,2,2,4,,29040.0,PAID,CARD,TX-ZLLWXDUHRUMJ
11385,,796,2,3,,39204.0,FAILED,CARD,
11386,,247,1,,,29659.2,FAILED,GATEWAY,
11387,,775,1,,,32916.6,FAILED,GATEWAY,
11388,41,224,2,1,273,69841.2,REFUNDED,CASH,TX-EXBGWAK8MWFF
11389,,664,1,,1044,63234.6,FAILED,GATEWAY,
11390,258,1027,1,,2459,15683.7,PAID,CARD,TX-OXIDR49UIMAS
11391,139,673,2,3,3150,54313.88,PAID,CASH,TX-9S8H9H3YOX0P
11392,281,1017,1,,1048,44278.5,PAID,CARD,TX-4NFQAGRYZELS
11393,49,1459,1,,,16141.08,PAID,CARD,TX-6YD9E6821S0M
11394,338,860,1,,3119,111852.0,PAID,GATEWAY,TX-IGFXQXH7DT74
11395,610,8,2,2,,102986.73,PAID,CARD,TX-P0HOARMVMWIW
11396,593,158,2,4,1064,41382.0,REFUNDED,CASH,TX-KIWKN1QW9C3X
11397,404,547,2,2,1499,13068.0,PAID,CARD,TX-SE3CV5ARUHLK
11398,,1192,1,,1885,109945.2,FAILED,GATEWAY,
11399,638,383,2,4,2817,42688.8,PAID,CASH,TX-3X15BP7N78OG
11400,81,87,1,,2221,33570.0,PAID,CARD,TX-PN4R01SMPFLJ
11401,260,972,1,,1862,72665.1,PAID,GATEWAY,TX-X79AI61XAZVE
11402,390,10,2,1,391,88209.0,PAID,CASH,TX-B35DT92TRQXJ
11403,213,833,2,2,300,36300.0,PAID,CARD,TX-EAGXRXSHZ1TU
11404,138,66,2,3,850,35574.0,PAID,TRANSFER,TX-9N393FMPF2IL
11405,52,982,1,,885,34485.0,PAID,CARD,TX-1U2D7O9M7CG6
11406,575,876,1,,2893,15420.0,PAID,CARD,TX-DIKFT4TVNSLZ
11407,234,904,2,3,2377,27442.8,PAID,CASH,TX-46OCNGMD4YN8
11408,586,1010,1,,3143,17535.0,PAID,GATEWAY,TX-6FGSVVEEN4AT
11409,595,755,1,,2237,68781.0,PAID,CARD,TX-UK5WNKXEAFU2
11410,105,1256,2,4,,39204.0,PAID,TRANSFER,TX-SXFAJV6LZU8J
11411,584,593,2,3,1603,67699.5,PAID,CARD,TX-HJXLZ13F1RT2
11412,222,1457,1,,1462,40104.0,PAID,CARD,TX-OR5F2S5L69M6
11413,94,1334,1,,963,16446.0,PAID,CARD,TX-L35F5YWOOBDK
11414,502,526,1,,522,68355.0,PAID,CARD,TX-1YSVGNOQZ8Z6
11415,504,317,1,,1486,102474.9,PAID,CARD,TX-ESBEW7CQNKVL
11416,445,1190,1,,1968,29649.6,PAID,CARD,TX-RARMD0YUINOM
11417,406,589,1,,,99643.5,PAID,CARD,TX-RQMQBPQHY0RH
11418,466,481,2,3,3012,41382.0,PAID,CARD,TX-HJDINFXVW9G5
11419,49,652,2,4,1645,14483.7,PAID,CARD,TX-45ZY0QH1GIL2
11420,282,23,1,,2356,25729.2,PAID,CARD,TX-YIBS6JL9D5PH
11421,291,1369,1,,,33216.6,PAID,CARD,TX-ZZLMBMZCBMD2
11422,146,534,1,,2077,17535.0,PAID,CARD,TX-HKFMI629Z41L
11423,544,603,1,,,31392.0,PAID,CARD,TX-26VXQYCGKGZQ
11424,271,1279,1,,207,43888.8,PAID,CARD,TX-0NGUZK3PE829
11425,401,1451,1,,1373,15294.0,PAID,GATEWAY,TX-0EBFOMDB1RWE
11426,516,847,1,,2917,93765.0,PAID,CARD,TX-81APQLFOVCU7
11427,487,972,1,,264,90931.5,PAID,CARD,TX-X9SMOLA00KUZ
11428,355,349,1,,3146,14306.64,PAID,GATEWAY,TX-IQTBX7AWUYWK
11429,341,1254,2,2,716,58392.18,PAID,CARD,TX-QQH7HF36UPQ9
11430,287,893,1,,,69724.8,PAID,GATEWAY,TX-NKVYKJYF3YQ4
11431,,1407,1,,322,130309.74,PENDING,GATEWAY,
11432,163,378,2,1,626,17787.0,PAID,CARD,TX-5VG7CIZRTU6E
11433,606,615,1,,3163,15841.08,PAID,GATEWAY,TX-C3TY24BMJMNF
11434,262,346,2,3,2743,49005.0,PAID,CARD,TX-8QGQMVRVV11B
11435,614,807,1,,121,40830.0,PAID,GATEWAY,TX-XXUZDPN3MANJ
11436,601,14,1,,2570,54742.5,PAID,CARD,TX-O4IW9ZO6D4W5
11437,257,1294,1,,466,72348.0,PAID,CARD,TX-BLI65AYYZH94
11438,621,1462,1,,764,35574.0,PAID,CARD,TX-4MPITB2Q9IMR
11439,346,669,2,3,2981,18104.62,PAID,CASH,TX-IF3ZDM5513TA
11440,256,420,2,2,3032,39204.0,PAID,CARD,TX-5LSZ5Y1Z0WES
11441,,1297,1,,2566,32926.2,FAILED,CARD,
11442,468,1235,2,4,753,44823.24,PAID,TRANSFER,TX-DNUTTSALW89H
11443,266,1244,1,,1627,40104.0,PAID,CARD,TX-BJWOC1HCST62
11444,570,320,1,,1358,103810.5,PAID,GATEWAY,TX-9AL3SHCPFSUE
11445,,1240,1,,,25729.2,FAILED,CARD,
11446,441,486,1,,2938,36300.0,PAID,CARD,TX-7OYNYADWXKH2
11447,210,789,1,,2425,14520.0,PAID,CARD,TX-1CX2PRHG181D
11448,514,147,2,4,1929,92565.0,PAID,CARD,TX-NWR6E6UX57IQ
11449,592,82,2,4,2978,26136.0,PAID,CARD,TX-STHVHTCIZ3LC
11450,91,566,2,4,2641,63488.7,PAID,CASH,TX-K1S8GGT4LLIR
11451,6,1471,2,4,1925,83090.7,PAID,CARD,TX-YWZOHH93L8NC
11452,,336,1,,1547,44460.0,PENDING,CARD,
11453,495,792,1,,682,19876.35,PAID,GATEWAY,TX-NJH4OQCB3OHC
11454,136,1447,1,,2713,49905.0,PAID,GATEWAY,TX-0FJLL33DYEF2
11455,261,1214,2,3,1605,14374.8,PAID,CASH,TX-JNRMJNHZWAAT
11456,547,973,2,3,1114,27588.0,PAID,CASH,TX-BJMTTMFUQMBK
11457,571,1169,2,1,2321,49005.0,PAID,CASH,TX-Q9GDJ7S835CK
11458,69,843,1,,1611,35203.5,PAID,GATEWAY,TX-U1BA3SYFU8M9
11459,620,1393,1,,865,32805.12,PAID,GATEWAY,TX-8YNGLOB8OR7G
11460,21,800,2,2,2555,63525.0,PAID,CASH,TX-W3R3512IEVYP
11461,528,1084,2,4,1443,27442.8,PAID,CASH,TX-9ZO58JAUYA20
11462,269,793,2,2,497,26136.0,PAID,CARD,TX-ALZV6ZECN3SS
11463,,1242,2,2,912,29657.1,FAILED,CASH,
11464,536,525,1,,1017,31944.0,PAID,CARD,TX-YKUBNSDD8Z2W
11465,341,1004,2,3,2596,29040.0,PAID,CARD,TX-9Y8SJ4WSUKYR
11466,124,1138,1,,1328,30167.4,PAID,CARD,TX-0RKHA1CRE4PE
11467,490,1420,1,,1534,54261.0,PAID,GATEWAY,TX-VEFUYRHFDS56
11468,216,603,1,,1875,35985.0,PAID,GATEWAY,TX-WQERJNVCBURT
11469,254,170,2,4,2774,90495.9,PAID,CASH,TX-Q16E2H1FRV0T
11470,,850,1,,280,24422.4,FAILED,GATEWAY,
11471,623,1128,1,,1688,74372.25,PAID,GATEWAY,TX-GKIFUKM3T9OV
11472,289,561,1,,2234,18966.75,PAID,CARD,TX-GATP2KNPVNXO
11473,369,1179,1,,,57229.05,PAID,CARD,TX-SO617EAZNR2R
11474,275,461,1,,3169,19468.5,PAID,CARD,TX-I25QR9WRWV0F
11475,41,1276,1,,3099,65514.0,PAID,CARD,TX-I5CPEPDXUK3I
11476,235,1306,2,2,1201,54450.0,PAID,TRANSFER,TX-AR47WD1UG0Q3
11477,241,94,1,,1566,40404.0,PAID,GATEWAY,TX-NYZA6JT981VW
11478,149,331,1,,2737,34932.3,PAID,GATEWAY,TX-NN6YU4Z5582V
11479,215,667,1,,2878,79932.6,PAID,GATEWAY,TX-87DL89BB5K3H
11480,315,353,2,4,96,41382.0,PAID,CARD,TX-9IJZ7ISO134A
11481,627,501,1,,3078,19287.0,PAID,CARD,TX-8MQCSVWE7L9J
11482,125,1475,1,,1109,18442.5,REFUNDED,CARD,TX-KGPBHAQ1J2NH
11483,,1262,1,,1989,48924.9,FAILED,CARD,
11484,156,726,1,,154,56900.25,PAID,GATEWAY,TX-IHJ500DTCGFL
11485,398,92,1,,120,69262.5,PAID,CARD,TX-3095JYGE3IOD
11486,259,157,2,4,860,28749.6,PAID,CASH,TX-TA5583RWXH9X
11487,131,498,2,2,582,54450.0,PAID,CARD,TX-XSMVMMLPFBHW
11488,177,508,1,,795,29659.2,PAID,GATEWAY,TX-K0AWPF4QY30X
11489,141,254,2,4,2841,63379.8,PAID,TRANSFER,TX-3M44VJCP60C9
11490,261,659,2,2,1136,59840.55,PAID,CARD,TX-OWKXZ86JK6IT
11491,87,947,1,,2749,40331.4,PAID,GATEWAY,TX-CKQ2292GVJNK
11492,617,430,1,,1372,50505.0,PAID,GATEWAY,TX-BYZUQGTBDIRT
11493,306,837,1,,2818,78373.8,PAID,GATEWAY,TX-O72PPFUHWK1Y
11494,26,425,2,1,1014,114795.12,REFUNDED,CASH,TX-FQG888KMJ5ZW
11495,324,1033,1,,69,12414.6,PAID,CARD,TX-ZMGHJMTCZ9VE
11496,349,893,1,,2073,14520.0,PAID,CARD,TX-FIBP9WJ97CRG
11497,598,863,1,,808,30240.0,PAID,CARD,TX-X15JBF8NR1G7
11498,,444,1,,2657,27036.0,FAILED,CARD,
11499,77,230,1,,,39668.4,PAID,CARD,TX-CJCAKWAC3GIG
11500,19,928,1,,810,44963.28,PAID,CARD,TX-A56074V81KK6
11501,433,42,1,,3152,109509.6,PAID,CARD,TX-AH6YW2K42ZG8
11502,149,14,2,1,358,95832.0,PAID,CASH,TX-LDMW5T1OTPPR
11503,248,294,2,3,18,28749.6,PAID,CARD,TX-JNAGY8A57RPO
11504,360,24,1,,,42282.0,PAID,CARD,TX-Q1TK47YAX00J
11505,,1292,1,,2589,27036.0,FAILED,CARD,
11506,285,837,1,,2534,54561.0,PAID,GATEWAY,TX-BNWIKW1C624P
11507,,1151,1,,2579,29514.0,FAILED,CARD,
11508,460,150,1,,1928,45304.5,PAID,GATEWAY,TX-6N819BVGC5YW
11509,138,909,1,,,17535.0,PAID,GATEWAY,TX-OR4Y281JXMVS
11510,401,966,1,,584,38952.0,PAID,GATEWAY,TX-UP9N0B8MDR44
11511,223,199,1,,2679,124557.0,PAID,CARD,TX-5A5J1H48A4UL
11512,434,177,1,,21,58100.25,PAID,CARD,TX-I0DHLBI9X6OE
11513,191,82,1,,1861,25729.2,PAID,CARD,TX-7WWKU4QTJ3I9
11514,384,141,2,2,1219,38419.92,PAID,CASH,TX-K71ALLQPQGCY
11515,224,916,1,,2101,89878.8,PAID,CARD,TX-M5W3JGHY9B9U
11516,561,1357,2,1,859,36300.0,PAID,CASH,TX-GW9SJQZH7MKU
11517,457,658,1,,424,103266.0,PAID,CARD,TX-8X27HVA5EI2J
11518,385,234,2,1,3185,39930.0,PAID,TRANSFER,TX-KCMOGF3DX9D2
11519,421,162,1,,,56929.05,PAID,GATEWAY,TX-PFLN284BVWFC
11520,405,647,1,,310,16446.0,PAID,CARD,TX-J8NEIXZBEC4Q
11521,141,284,1,,1988,54026.1,PAID,CARD,TX-VHN9EAVUP1M1
11522,522,8,1,,2335,14994.0,PAID,CARD,TX-Q31QKYB6M6IY
11523,401,1260,1,,927,44324.4,PAID,GATEWAY,TX-SIOW2OB29KI7
11524,156,1435,2,2,1399,43414.8,PAID,CARD,TX-DBCT6Q1OR28G
11525,423,131,1,,1969,55105.5,PAID,GATEWAY,TX-Q5BVBBN1DETZ
11526,81,10,1,,1303,55650.0,PAID,CARD,TX-B77QZ1OL7MSW
11527,301,736,1,,1942,29659.2,PAID,CARD,TX-YB53R3U50RU6
11528,296,915,2,3,2275,15173.4,PAID,CASH,TX-LTPIFK8CWJDH
11529,204,75,1,,1203,17151.75,PAID,CARD,TX-SKKC964X32TH
11530,158,69,2,1,267,33998.58,PAID,TRANSFER,TX-KHCU9SQFW26T
11531,287,325,2,3,2762,80694.9,PAID,CARD,TX-WZ9O8E0U8M4K
11532,102,610,2,2,,110261.25,REFUNDED,TRANSFER,TX-LXV90VC2OIVB
11533,364,321,1,,2030,20557.5,PAID,CARD,TX-FX3DKYW5GV8M
11534,4,1016,1,,511,39015.0,PAID,CARD,TX-YXWFGQHU9HK6
11535,,1399,2,2,2335,36300.0,FAILED,CARD,
11536,216,1426,1,,162,44760.0,PAID,GATEWAY,TX-6OUHP7H89ZG9
11537,139,972,2,2,2233,74995.8,PAID,TRANSFER,TX-58II7XWLIM41
11538,300,577,1,,,28488.0,PAID,GATEWAY,TX-9XNXNWIN3QEB
11539,57,311,2,3,1627,41382.0,PAID,CARD,TX-8ZR5YCYAEU67
11540,405,619,2,1,2960,102729.0,PAID,CASH,TX-1FJ2LF5HE4AD
11541,363,301,1,,,18442.5,PAID,GATEWAY,TX-LFBOFP4REQ0E
11542,223,1178,1,,2438,33570.0,PAID,CARD,TX-8QG832G3C80D
11543,30,854,2,4,2191,98590.8,PAID,CASH,TX-TN89109EQFMD
11544,277,622,2,3,2751,43560.0,PAID,CASH,TX-AD7I0GA9EAXI
11545,107,768,1,,1042,17535.0,PAID,CARD,TX-CB8VQVXREN9H
11546,54,719,1,,,49905.0,PAID,GATEWAY,TX-29HUHY70D1N0
11547,82,651,2,4,2971,27297.6,PAID,CARD,TX-Q3H2A5ZESBNJ
11548,326,476,2,1,3115,57172.5,PAID,CARD,TX-9QAAJ04HOO11
11549,,340,1,,2242,68418.0,PENDING,CARD,
11550,574,1250,2,4,451,68824.8,PAID,CASH,TX-ZL9RH7KS79OF
11551,,760,1,,1046,121933.8,PENDING,CARD,
11552,381,580,1,,2139,47857.68,PAID,CARD,TX-7DYYREQDYQA9
11553,257,581,1,,1037,30303.0,PAID,CARD,TX-1TLEZB0DCO37
11554,351,1406,1,,526,88683.0,PAID,GATEWAY,TX-5P73UJBOOA04
11555,363,476,2,1,1514,35574.0,PAID,TRANSFER,TX-ILN4CKAM1E5I
11556,325,1476,2,4,2875,43269.6,PAID,CASH,TX-3RP2673LJBN3
11557,130,53,1,,2644,17535.0,PAID,GATEWAY,TX-R92CXAEBR9BN
11558,383,86,2,2,,45375.0,PAID,CASH,TX-M7JFWTARHEH0
11559,434,201,1,,,29088.0,REFUNDED,CARD,TX-I80VZWBGXL30
11560,469,1016,1,,1113,54135.0,PAID,GATEWAY,TX-8E55EX9LFYMN
11561,310,514,1,,2909,138495.15,PAID,CARD,TX-KYAYXQUP9ZKB
11562,472,272,1,,1105,67612.14,PAID,CARD,TX-A5Y0USJOUPYD
11563,,1027,1,,2298,51938.85,FAILED,GATEWAY,
11564,401,485,1,,28,27336.0,PAID,CARD,TX-AMPRGEUMUR2H
11565,231,447,2,2,2539,54450.0,PAID,CASH,TX-QLD69V2K4SRI
11566,,1088,2,2,,79315.5,FAILED,TRANSFER,
11567,621,1092,1,,1334,39204.0,PAID,CARD,TX-6E7OJ4VL24OH
11568,584,819,1,,406,41382.0,PAID,CARD,TX-YWJZRMUWMJZ8
11569,333,1449,2,4,2628,74052.0,PAID,CASH,TX-RXNAZW1J1FQI
11570,57,806,1,,2717,45181.08,REFUNDED,CARD,TX-UVXAZGQ2OSAO
11571,5,1478,2,2,2540,54450.0,PAID,CARD,TX-W49Q664G3UR2
11572,541,527,2,4,2822,27588.0,PAID,CARD,TX-1MLNYYLCCM3Q
11573,,1497,2,3,1493,14374.8,FAILED,CASH,
11574,446,36,2,2,2338,33940.5,PAID,CARD,TX-XPPBCSLJHG7T
11575,314,169,1,,1914,53361.0,PAID,CARD,TX-1T4NG47EZUM5
11576,382,915,1,,2875,14483.7,PAID,GATEWAY,TX-6AIC1DW3VWRA
11577,,1166,1,,812,40104.0,FAILED,CARD,
11578,432,626,2,4,1304,17787.0,PAID,CARD,TX-OCRAQCVAYTEA
11579,215,1250,2,2,1808,63888.0,PAID,CASH,TX-96Y94HUOQV9R
11580,561,44,1,,2521,45304.5,PAID,CARD,TX-PYFN7C96WQQI
11581,220,112,1,,513,40404.0,PAID,CARD,TX-3GWNAHG39LVW
11582,356,141,1,,,29659.2,PAID,GATEWAY,TX-EINF3GZS2XCA
11583,377,330,2,2,298,19565.7,PAID,CARD,TX-T0JWKBG3PVYV
11584,467,1384,1,,1673,57229.05,PAID,GATEWAY,TX-7TI8TWNHRKTE
11585,259,1086,1,,,18676.35,PAID,GATEWAY,TX-NRSFWZSMJ6Q8
11586,509,581,1,,1516,17235.0,PAID,GATEWAY,TX-IN9HY7V08V5K
11587,400,1033,1,,2780,40104.0,PAID,GATEWAY,TX-Y05B51Z0K7SY
11588,213,1384,1,,,127932.9,PAID,GATEWAY,TX-RIM75QYLXOER
11589,130,910,2,4,,51183.0,PAID,CASH,TX-SLUR60CXW49V
11590,175,548,1,,1651,42688.8,PAID,GATEWAY,TX-A9B4N7RQL3DY
11591,577,57,2,2,871,14483.7,PAID,CASH,TX-YIFWKE0HN2M2
11592,36,483,1,,1517,28488.0,PAID,GATEWAY,TX-NJY6S006FBFX
11593,549,1267,1,,2426,35283.6,PAID,CARD,TX-T1RC4EAOM467
11594,571,1214,1,,2103,50820.0,PAID,CARD,TX-N7WXC3XN015A
11595,571,508,1,,1136,88455.6,REFUNDED,CARD,TX-8RY6ODDCXOHC
11596,100,151,2,2,1776,17242.5,PAID,CASH,TX-Z7A4EM4LNUQB
11597,403,1110,2,3,1154,67169.52,PAID,CASH,TX-BNQBDXBJTGJ1
11598,,915,2,1,1520,50094.0,PENDING,CASH,
11599,57,1422,1,,2319,54072.48,PAID,GATEWAY,TX-NY652WCSQQJQ
11600,454,959,1,,1433,29403.0,PAID,CARD,TX-SST61NOYCX0I
11601,22,1184,1,,,41164.2,PAID,CARD,TX-0A4QQFSSDZ5Y
11602,249,1204,2,4,1858,32670.0,PAID,CARD,TX-VZWLLQKJZE7X
11603,549,1296,1,,247,32536.5,PAID,GATEWAY,TX-IUJ3YAPY6GZ9
11604,639,160,1,,,53227.5,PAID,CARD,TX-GKORI9FUAY02
11605,341,795,1,,2474,16335.0,REFUNDED,CARD,TX-6CIDQYNCULVT
11606,12,366,2,3,2729,57172.5,PAID,CASH,TX-YERM9E48ZNL8
11607,555,707,1,,849,46023.24,PAID,CARD,TX-N58WGWW887M7
11608,563,326,2,3,579,32670.0,PAID,CARD,TX-J2Y2V3SNEI72
11609,148,976,1,,605,60976.5,PAID,CARD,TX-13R855WJZP1K
11610,33,1276,1,,376,29504.4,PAID,GATEWAY,TX-L2OJG9Z7PN4J
11611,141,172,1,,,28459.2,REFUNDED,CARD,TX-2X0ULWMP8TX2
11612,630,928,2,1,1237,28459.2,PAID,CASH,TX-U5UY2UVOXVZB
11613,13,334,1,,2142,15841.08,PAID,GATEWAY,TX-K4PYYJ4GU6XY
11614,442,1095,1,,1992,29867.4,PAID,GATEWAY,TX-MZF2LN1V4I3L
11615,,923,2,2,788,56900.25,FAILED,CARD,
11616,407,1141,2,2,2201,14520.0,PAID,TRANSFER,TX-DX7YFXZD9HRM
11617,,318,2,2,1680,79660.35,FAILED,CARD,
11618,172,148,1,,2775,69262.5,PAID,CARD,TX-2V7VOMG5U8WB
11619,622,592,1,,346,16718.25,PAID,GATEWAY,TX-KJ9A5Z93J0QM
11620,553,944,2,3,1846,15518.25,PAID,CARD,TX-MP8JJQSGEC4X
11621,124,435,2,1,1478,19965.0,PAID,TRANSFER,TX-5AQQZT9RT769
11622,,319,2,4,2152,18676.35,PENDING,TRANSFER,
11623,590,1121,1,,891,52655.25,PAID,GATEWAY,TX-AZQIM57VI2ZT
11624,73,536,1,,563,43560.0,PAID,CARD,TX-P9UK6DYSKS2W
11625,14,770,1,,,57229.05,PAID,GATEWAY,TX-H18WHS4OT19T
11626,278,325,2,1,1491,56519.1,PAID,CASH,TX-4UTY02ASY833
11627,268,1496,1,,2864,15429.6,PAID,CARD,TX-SI6A8NNWVKKM
11628,294,1127,1,,1599,72103.5,PAID,GATEWAY,TX-TTXXWL4SHB36
11629,63,356,1,,2216,40704.0,PAID,CARD,TX-U6BSI5F16X1V
11630,559,1429,2,3,978,18150.0,PAID,CASH,TX-RMZ391J22DSA
11631,172,158,1,,562,26813.28,PAID,CARD,TX-YQ6J14E9OOJ1
11632,535,984,1,,1203,54805.5,PAID,GATEWAY,TX-Q4JMRDI8S9IC
11633,383,330,2,2,834,27588.0,PAID,CASH,TX-O7UGP577E6ZC
11634,421,67,2,1,981,16335.0,PAID,CARD,TX-TJF8X09R0OHQ
11635,283,808,1,,,15720.0,PAID,CARD,TX-DSJELHZMVLHQ
11636,,58,2,1,3010,17242.5,FAILED,CASH,
11637,,95,1,,1440,15429.6,FAILED,GATEWAY,
11638,6,1234,1,,,49106.4,PAID,CARD,TX-BJ3INGWG8TMY
11639,278,1161,1,,1607,14520.0,PAID,GATEWAY,TX-MYN4BY4JGIR9
11640,599,1061,2,2,2662,36300.0,REFUNDED,CASH,TX-642XG3DGPHJI
11641,30,993,2,4,1213,28459.2,REFUNDED,CARD,TX-DWR46RNV2VID
11642,77,1470,2,4,195,16335.0,PAID,CARD,TX-S9CAW4HXUIMB
11643,632,848,1,,1528,43888.8,PAID,CARD,TX-P8GLK8OKX3G0
11644,,804,1,,2081,54561.0,FAILED,GATEWAY,
11645,290,980,2,4,2816,27588.0,PAID,TRANSFER,TX-82C3ACWMJPWC
11646,425,1032,1,,2954,44278.5,PAID,GATEWAY,TX-BXBOI7VJVBMU
11647,161,160,2,3,2469,32670.0,PAID,CASH,TX-SG0BY7FJ8TV6
11648,344,327,1,,686,54561.0,PAID,CARD,TX-RANFGQJ2WQL8
11649,47,1002,1,,1492,29882.16,PAID,CARD,TX-EJ06KWFDUV8N
11650,557,1198,1,,3193,16141.08,PAID,GATEWAY,TX-TO4XF8N5I3R6
11651,484,221,1,,648,66177.0,PAID,GATEWAY,TX-ZX8MKTBB2MAN
11652,261,1373,1,,956,37800.0,PAID,CARD,TX-VDOSJU0A2Z82
11653,,952,1,,2302,13968.0,PENDING,CARD,
11654,29,237,1,,661,52310.4,PAID,CARD,TX-TD3DF5L9CEQR
11655,46,744,2,4,2270,39204.0,PAID,CASH,TX-C10JWR97I98M
11656,572,311,1,,791,37500.0,PAID,GATEWAY,TX-7XX4V6784YGM
11657,528,214,1,,1921,58806.0,PAID,CARD,TX-0KVEQZTZ4L2Q
11658,107,137,1,,996,15429.6,PAID,CARD,TX-W7E0FFJR7I4Z
11659,6,437,1,,3114,99110.7,PAID,CARD,TX-4KO4Q8EYP9KD
11660,172,362,2,4,2760,14374.8,PAID,CARD,TX-AXP35FF3PTYJ
11661,226,604,1,,1954,44460.0,PAID,GATEWAY,TX-NIVPSW9NAA6R
11662,197,1165,1,,1007,18687.0,PAID,CARD,TX-7YLGYZCH8S7E
11663,177,856,2,2,131,14229.6,PAID,CARD,TX-E3PV9YCQ6TZV
11664,451,256,2,4,2166,41382.0,PAID,CASH,TX-83WU1G2PAWHY
11665,108,493,1,,124,29659.2,PAID,CARD,TX-048DZRKZXURM
11666,220,121,2,3,2212,59895.0,PAID,CASH,TX-84MLQPH5RXZT
11667,234,86,1,,1630,29359.2,PAID,GATEWAY,TX-Z77BBZEKVVGF
11668,470,236,1,,915,35685.0,PAID,GATEWAY,TX-YSXS48R5JMYX
11669,,1035,1,,,43560.0,FAILED,CARD,
11670,285,1397,1,,3031,37200.0,PAID,GATEWAY,TX-FT1XWORAE5XI
11671,24,7,1,,,37709.25,PAID,CARD,TX-UMW2K7E9H81B
11672,154,1258,2,1,2877,103455.0,PAID,CASH,TX-VHL9IZACKGP3
11673,156,1430,2,3,708,49005.0,PAID,CASH,TX-M6WML05VP14R
11674,334,970,1,,2825,19350.0,PAID,CARD,TX-UQ9NYS17MGP5
11675,571,134,2,3,878,50820.0,PAID,CARD,TX-J9N1GO1F9RLP
11676,493,1245,2,4,202,27442.8,PAID,CASH,TX-GR7SG72ZVSFV
11677,579,646,2,2,1878,43560.0,PAID,CASH,TX-4TOCQRIQJQ3O
11678,358,1285,2,1,337,35574.0,PAID,CASH,TX-2FH4W6B1K70E
11679,37,1124,1,,630,44188.8,PAID,CARD,TX-60LU4Q7IQSUV
11680,159,854,1,,1361,39319.92,PAID,CARD,TX-DUWBONPUAQNK
11681,466,223,2,3,,53542.5,PAID,CASH,TX-7CW5XL9T4Y6U
11682,111,460,1,,1355,36474.0,PAID,GATEWAY,TX-34F1H9GGUIWU
11683,530,1122,2,2,850,54450.0,PAID,CARD,TX-0M30YHQ7356K
11684,607,1201,2,3,3046,43560.0,PAID,CASH,TX-Q57ZX8E3X1KR
11685,484,1425,1,,2301,38252.7,PAID,CARD,TX-HRHNE7B32RU1
11686,7,1129,2,3,750,14374.8,PAID,CASH,TX-Y2Z6V2M9EED0
11687,621,889,1,,1489,37074.0,PAID,GATEWAY,TX-CAJQW95BVLCI
11688,41,1400,1,,2387,15420.0,PAID,GATEWAY,TX-OHTT2TTD4SII
11689,185,719,1,,,30303.0,PAID,GATEWAY,TX-QMIBZUWDKWAA
11690,18,598,2,4,3187,28459.2,PAID,CASH,TX-VYZKGNPXUCOM
11691,311,575,1,,1019,19050.0,PAID,CARD,TX-4W8ZFC7VOL0D
11692,612,1429,2,4,200,45738.0,PAID,CARD,TX-57PDGBPO84D3
11693,616,693,1,,2379,16008.3,REFUNDED,CARD,TX-RZUTRFCW18U7
11694,,151,1,,1031,68563.2,PENDING,CARD,
11695,602,800,1,,1029,53363.1,PAID,CARD,TX-TD57EZF81A81
11696,530,61,1,,1749,15720.0,PAID,GATEWAY,TX-9UNKCA1SRVZE
11697,168,428,1,,1658,42582.0,PAID,CARD,TX-HMMH01ZNX2P1
11698,163,921,1,,2037,37500.0,PAID,CARD,TX-MXRTE1JFXULB
11699,291,1244,1,,3137,37800.0,PAID,CARD,TX-IK5GPWF0F5D3
11700,410,1434,1,,1986,74104.92,PAID,GATEWAY,TX-SRNS3OBUDKED
11701,221,1327,1,,1556,20166.75,PAID,CARD,TX-4U4US6IKW3H8
11702,247,912,1,,1606,27636.0,PAID,GATEWAY,TX-VUUUBG0D6ZHP
11703,283,723,1,,2694,27636.0,PAID,GATEWAY,TX-850H1ICEK39O
11704,142,1435,2,2,1949,58624.5,PAID,CASH,TX-FVJET742C9UI
11705,256,691,2,1,3085,14229.6,PAID,CARD,TX-89A31VTX11PS
11706,88,369,2,3,851,17242.5,PAID,TRANSFER,TX-G300CPZF5TTT
11707,316,1028,1,,2298,17235.0,PAID,CARD,TX-QB2O8IUNRCQ7
11708,25,1001,1,,2771,50703.6,PAID,GATEWAY,TX-TYJ5QLK3GXGZ
11709,229,1040,2,2,1134,24829.2,PAID,CARD,TX-L52A3HUO5E4Z
11710,266,1067,1,,,29359.2,PAID,GATEWAY,TX-Y2YDXSA1URRK
11711,102,311,1,,1144,37800.0,PAID,CARD,TX-HQAHROFKAO7E
11712,409,627,1,,2060,27036.0,PAID,CARD,TX-L2NM5VLLHK2V
11713,573,639,2,4,355,36300.0,PAID,CARD,TX-QU5NCXDSQ3GL
11714,,655,2,3,744,110261.25,PENDING,CASH,
11715,177,1252,1,,,54722.25,PAID,CARD,TX-LD1ZC01P3814
11716,406,314,2,3,2951,19965.0,PAID,CARD,TX-1VNDOWBF787D
11717,108,1180,1,,675,54633.6,PAID,GATEWAY,TX-CKD9NKAH0JEZ
11718,,365,2,1,387,14520.0,FAILED,TRANSFER,
11719,372,1310,2,4,2920,14229.6,PAID,CASH,TX-TTUPCKSPJDKC
11720,610,367,1,,902,74443.8,PAID,CARD,TX-DGKIIJYY24WD
11721,471,1252,1,,526,29359.2,PAID,CARD,TX-8ZUF9L0ADOQB
11722,42,607,1,,,55950.0,PAID,GATEWAY,TX-1CE8VTOJCEQK
11723,,1122,1,,1445,26029.2,FAILED,CARD,
11724,36,842,2,2,927,18150.0,PAID,CASH,TX-LE034AP80XP6
11725,513,1461,1,,961,49186.78,PAID,GATEWAY,TX-KJC55GLIEGNP
11726,66,208,1,,2842,40404.0,PAID,GATEWAY,TX-1BVA12TAZTMG
11727,164,1268,2,3,1252,13794.0,PAID,CASH,TX-YNNYCL2ZN0YV
11728,131,234,2,3,2493,58697.1,PAID,CARD,TX-GX3YS8K9KJP7
11729,230,427,1,,3170,33516.6,PAID,GATEWAY,TX-TTK1THAWEI0I
11730,344,964,1,,727,29659.2,PAID,CARD,TX-JA3ZU6842VKQ
11731,274,802,1,,96,70724.1,PAID,CARD,TX-UDUMJB98UP6K
11732,,38,1,,,42064.2,PENDING,CARD,
11733,345,204,2,3,1208,26136.0,PAID,CARD,TX-ZPZRWYY8E17Q
11734,354,524,1,,2798,17535.0,PAID,CARD,TX-UIP72V241VAB
11735,422,31,1,,56,17242.5,PAID,GATEWAY,TX-TWNCGX7EATG2
11736,273,834,2,1,1270,35574.0,PAID,CASH,TX-8KSCDZRC5PGX
11737,351,994,1,,149,39015.0,REFUNDED,CARD,TX-HJ04NJQLY0WJ
11738,316,439,2,4,231,16335.0,PAID,CARD,TX-5E2ZCP80E1HR
11739,183,1279,2,1,2510,51727.5,PAID,CARD,TX-AIRUK8SVGKFR
11740,262,1268,1,,2421,16673.4,PAID,CARD,TX-KZY2SRD8Z8ER
11741,79,775,1,,1851,15221.4,PAID,CARD,TX-WC7BQDRQC1EL
11742,147,172,2,4,,13068.0,PAID,CASH,TX-FFJ8LZ1W3O5G
11743,440,834,2,2,873,14520.0,PAID,CARD,TX-NT94UBI5K49I
11744,205,1094,2,4,296,80586.0,PAID,CASH,TX-2HTOL9LUMT24
11745,392,1091,1,,1974,51838.5,PAID,GATEWAY,TX-Y25EVBMQU1EI
11746,93,1086,2,4,2484,56918.4,PAID,CASH,TX-CPAM98VZ368X
11747,69,1352,1,,2427,18442.5,PAID,GATEWAY,TX-KL26IHEQAX5Y
11748,172,554,1,,1027,40104.0,PAID,CARD,TX-4J7VPV9XGAYT
11749,206,1424,1,,2308,16908.3,PAID,GATEWAY,TX-S7BMZMH4H2WK
11750,138,304,1,,1446,20257.5,PAID,GATEWAY,TX-BPDIOAU5XI0B
11751,349,1071,1,,197,40104.0,PAID,CARD,TX-TKZ45OKR7PID
11752,633,1092,1,,,45304.5,REFUNDED,CARD,TX-QUH2E6W87KPH
11753,223,153,1,,1138,88600.8,REFUNDED,CARD,TX-7I1ZXSQI51A1
11754,,1231,1,,19,26513.28,PENDING,CARD,
11755,590,540,1,,,71559.0,PAID,GATEWAY,TX-PHY9D3I16532
11756,279,654,1,,2424,18742.5,PAID,GATEWAY,TX-66KMK3FHY7I6
11757,331,774,2,4,2233,14520.0,PAID,CASH,TX-XF04CTNBWNVT
11758,76,302,1,,2392,27336.0,PAID,CARD,TX-0UBNTZ7VGIY9
11759,569,1071,1,,1228,49542.0,PAID,GATEWAY,TX-93JRB42XJI8P
11760,216,6,1,,2175,50205.0,PAID,CARD,TX-JXXNU2FH9JCV
11761,213,1443,1,,,54924.0,PAID,GATEWAY,TX-4WYOI4KLCPZF
11762,236,49,2,1,2503,53905.5,PAID,CASH,TX-FMPX33SQ94EQ
11763,289,1039,1,,2019,49905.0,PAID,CARD,TX-JVT7UGB179EI
11764,106,1090,1,,2610,39619.92,PAID,CARD,TX-3GKXEE7EDUWQ
11765,456,353,1,,578,37709.25,PAID,CARD,TX-QCBX6QKRSYK7
11766,159,1295,2,2,175,26136.0,PAID,CARD,TX-XVNMGUSW7R2S
11767,565,239,2,1,,41382.0,PAID,CARD,TX-0G2JME63Q67R
11768,318,269,2,1,1697,82909.2,PAID,CASH,TX-BCGWFHRX80EU
11769,256,872,1,,476,14994.0,PAID,GATEWAY,TX-BE3A3RW5GGZ0
11770,26,522,2,1,2453,32670.0,REFUNDED,TRANSFER,TX-T5EFMPTDY6Y6
11771,345,127,2,1,398,49005.0,PAID,CASH,TX-7F50MADNR5GZ
11772,164,1315,2,2,1196,26136.0,PAID,CASH,TX-IMQMNIOH0UVO
11773,,788,2,1,1095,13068.0,FAILED,CARD,
11774,491,838,1,,3124,29903.7,PAID,GATEWAY,TX-SG3JC5B5LGD0
11775,396,92,2,1,1899,27355.68,PAID,CARD,TX-3EGL479FYDZI
11776,274,556,2,2,2764,14229.6,PAID,CASH,TX-JQK1F6B3I7ZZ
11777,254,1316,1,,2597,58100.25,PAID,CARD,TX-PMB4J6OK2KEP
11778,117,524,1,,630,15383.7,PAID,CARD,TX-TJFCVGXPREKD
11779,369,389,1,,1056,19866.75,REFUNDED,CARD,TX-LO0S3KVSJA5C
11780,331,419,1,,1836,49905.0,PAID,CARD,TX-AR477FI7GH3D
11781,6,1323,1,,1198,33144.0,PAID,GATEWAY,TX-UE75JG6QKQBH
11782,272,274,1,,600,43588.8,PAID,CARD,TX-N2DZVLOIBEXK
11783,7,124,1,,1459,17235.0,PAID,CARD,TX-0YKY268GA1EJ
11784,9,918,1,,2693,28488.0,PAID,CARD,TX-NXR80OUWCHZI
11785,499,638,1,,810,18142.5,PAID,CARD,TX-6P0KZV85KD72
11786,408,896,1,,1619,15129.6,PAID,GATEWAY,TX-S46D8S0SHOIU
11787,247,1035,1,,2721,41164.2,PAID,CARD,TX-V566WN46JHEP
11788,623,99,2,1,671,54450.0,PAID,CASH,TX-BNNTVA3TEM21
11789,288,227,2,3,843,63488.7,PAID,CASH,TX-0C21LTHO3JW6
11790,153,4,1,,249,57528.0,PAID,CARD,TX-06R2MCIVUFBV
11791,565,405,1,,1112,37500.0,PAID,CARD,TX-ECMPAVXVZOMK
11792,493,661,1,,863,14229.6,PAID,CARD,TX-Y86AI6JZJ38Z
11793,441,144,1,,,35574.0,PAID,GATEWAY,TX-ICFQ1LNO2PWN
11794,589,1053,2,1,1584,15246.0,PAID,CARD,TX-YBED0DDQY0UV
11795,286,415,2,3,66,89833.42,PAID,CARD,TX-81UDE2ZQVCR5
11796,374,960,2,1,1409,32670.0,PAID,CARD,TX-4MDUCV244GPC
11797,63,67,2,4,1694,53361.0,PAID,CARD,TX-Z9Y094U5NNUJ
11798,128,267,1,,2906,86538.96,PAID,GATEWAY,TX-X94XJW8YELTA
11799,25,666,2,1,711,46957.68,PAID,TRANSFER,TX-1Z7E8Y6BR0CQ
11800,357,360,2,4,2716,48859.8,PAID,CARD,TX-XSC2I0G5CYK7
11801,525,393,2,3,839,39204.0,PAID,TRANSFER,TX-0ANZXYN6Q3FR
11802,553,786,1,,1435,18142.5,PAID,CARD,TX-E1Z8UP1WRY4N
11803,119,22,2,4,1488,34485.0,PAID,CASH,TX-0CD17SBB3VTC
11804,510,1297,2,1,355,13794.0,PAID,CARD,TX-X2GRCCASFJZD
11805,18,29,1,,779,29949.6,PAID,CARD,TX-WWDK9C6JSH8M
11806,108,1112,2,1,670,14520.0,PAID,CARD,TX-JIMMSLFS6LLW
11807,171,990,2,2,2930,13794.0,PAID,CARD,TX-AQ38DBB96G5I
11808,174,42,1,,511,19866.75,PAID,GATEWAY,TX-25NFJNV2ID0B
11809,517,1413,1,,3138,121861.2,PAID,CARD,TX-4CT8XJEVK073
11810,249,1186,1,,1950,15683.7,PAID,GATEWAY,TX-JOIHPKNR546V
11811,621,1396,1,,2372,42582.0,PAID,CARD,TX-MQE84MJJV5VW
11812,,1147,1,,955,55795.2,PENDING,GATEWAY,
11813,406,323,1,,,46420.2,REFUNDED,CARD,TX-M7FZO60ZJ209
11814,641,176,2,1,1732,14701.5,PAID,CARD,TX-LWFESF1DUVBL
11815,235,543,2,4,2108,43560.0,PAID,CARD,TX-NTWNHY1RMA7A
11816,10,1156,1,,2051,27036.0,PAID,CARD,TX-VGHI6D0KGN7F
11817,76,708,2,4,2491,26136.0,PAID,CARD,TX-14K7G0DRW1LW
11818,330,757,1,,682,37800.0,PAID,GATEWAY,TX-271M7IGYPVJQ
11819,493,136,1,,3064,14268.0,PAID,GATEWAY,TX-ETO7SBOQC51D
11820,94,287,1,,1306,42165.84,PAID,CARD,TX-K1NF7P5NY9JF
11821,,945,2,2,730,30201.6,FAILED,CASH,
11822,292,973,1,,,41382.0,PAID,GATEWAY,TX-6UQ115ZHIOW1
11823,258,768,1,,2308,34659.0,PAID,CARD,TX-ZD6AFXROU584
11824,414,539,1,,,70523.4,PAID,CARD,TX-9GBGEKDL00CD
11825,174,627,2,2,549,14520.0,PAID,CASH,TX-0O39PXYVS60P
11826,,1455,1,,1398,75939.6,FAILED,CARD,
11827,548,1130,2,4,182,26136.0,PAID,CARD,TX-QEB5ABBQ73WE
11828,,1465,1,,1742,18987.0,FAILED,GATEWAY,
11829,70,666,1,,1850,98304.03,PAID,CARD,TX-HL8YN1IFKYTA
11830,188,820,1,,605,74271.9,PAID,GATEWAY,TX-ZTO6FJKBQ8R9
11831,526,932,1,,1650,36474.0,PAID,CARD,TX-46QWJS2H7TH8
11832,583,753,1,,2292,27636.0,PAID,CARD,TX-3S1S7YSIYL5G
11833,251,459,1,,3009,78649.68,PAID,GATEWAY,TX-9YUIE2K63A6L
11834,325,1467,1,,1517,91587.0,PAID,CARD,TX-8Y3OLFZLZAW7
11835,106,1096,2,2,439,45738.0,PAID,TRANSFER,TX-XJ53BK2VJO1Y
11836,,1486,2,3,,36300.0,FAILED,CARD,
11837,61,113,1,,2401,33870.0,PAID,GATEWAY,TX-2QBXMZD6MJNN
11838,526,3,2,2,582,24829.2,PAID,CASH,TX-OUBIVAH67LMM
11839,400,850,2,4,,27442.8,PAID,CASH,TX-QQG1SJN97EGE
11840,339,1304,2,1,,39204.0,PAID,CASH,TX-56E8LKQ02QEZ
11841,589,220,2,2,,31305.12,PAID,CARD,TX-O6N309GAMEHQ
11842,,784,1,,37,35574.0,PENDING,GATEWAY,
11843,591,227,1,,1793,50268.0,PAID,GATEWAY,TX-1YEXW6PL8SR3
11844,473,837,1,,2114,15720.0,PAID,CARD,TX-ASF24TPTKABP
11845,88,994,1,,2410,34051.5,PAID,CARD,TX-Z5UZZT15Z63E
11846,347,934,2,4,392,17787.0,PAID,CARD,TX-I65WC7SW484H
11847,437,587,1,,604,14701.5,PAID,CARD,TX-1LTJC0475F7B
11848,614,954,2,3,2214,54450.0,PAID,TRANSFER,TX-D7J646TK25YO
11849,242,1169,1,,642,53227.5,PAID,CARD,TX-KLJDKQNOLLC6
11850,67,303,1,,1503,52627.5,PAID,CARD,TX-JYAFFSGF0EP0
11851,316,783,1,,1160,17535.0,PAID,GATEWAY,TX-8ZTPI39TZ3V1
11852,41,949,1,,557,52627.5,PAID,CARD,TX-W92PA2CMU9W5
11853,582,1377,1,,2878,55350.0,PAID,GATEWAY,TX-CJBYU44XT7PQ
11854,356,871,1,,1879,16852.56,PAID,CARD,TX-1DUA3AT2LPWE
11855,155,628,2,4,703,16335.0,PAID,CASH,TX-EKKNPC68L3O0
11856,63,352,2,1,1541,35283.6,PAID,CASH,TX-APURXM81388I
11857,190,357,2,3,1648,26136.0,PAID,CASH,TX-HHSSA8MCELMN
11858,394,185,1,,1382,18987.0,PAID,CARD,TX-C5JO9TS6LDF2
11859,181,51,2,2,2935,13068.0,PAID,CARD,TX-S4X2AQY5M1YE
11860,87,848,1,,2281,31936.5,PAID,CARD,TX-LTWDS9DMLFX7
11861,95,875,2,1,,23522.4,PAID,CARD,TX-VFO8ZZUYTSLY
11862,190,247,2,3,936,17787.0,PAID,CARD,TX-FE9HJD2T3D82
11863,374,813,1,,,35685.0,PAID,CARD,TX-FBXMWTXPHVHI
11864,433,1484,1,,1841,64470.9,PAID,CARD,TX-09YYSVZN92NQ
11865,19,383,1,,2228,58672.5,PAID,CARD,TX-9OI6UUUW0NX2
11866,336,630,1,,,40104.0,PAID,GATEWAY,TX-MILVY1OE04IS
11867,,1168,1,,56,17535.0,FAILED,GATEWAY,
11868,416,3,2,4,2143,26136.0,PAID,CASH,TX-CK01QHNS8H4A
11869,514,441,1,,2108,16335.0,PAID,GATEWAY,TX-5NKW795LYCKR
11870,6,1091,1,,1668,28923.6,PAID,GATEWAY,TX-LYWLFZ2O1NX5
11871,608,412,2,2,2774,49005.0,PAID,CASH,TX-UO55Y97FAV5Z
11872,616,574,1,,920,52627.5,PAID,GATEWAY,TX-ZJKDHVVHEPY5
11873,514,243,1,,2398,20557.5,PAID,CARD,TX-J3WMO947EVW8
11874,610,95,2,1,351,14520.0,PAID,CASH,TX-3QXO5JKCL39B
11875,451,545,1,,1991,49905.0,PAID,CARD,TX-LPL08GXTCACC
11876,488,940,2,2,1730,34485.0,PAID,CASH,TX-TNTPB5CJVLHU
11877,352,1318,2,3,283,92837.25,PAID,CASH,TX-CHCN7E4R5AV8
11878,111,922,1,,1351,33706.12,PAID,GATEWAY,TX-ZFNC0AJCB4FP
11879,346,649,2,1,1645,34485.0,PAID,CARD,TX-YS3MA7OSUU2Y
11880,617,283,1,,1871,24722.4,PAID,CARD,TX-3BQAZGQ1ENNF
11881,507,878,1,,3155,36774.0,PAID,CARD,TX-F1HPZW70UKKI
11882,145,109,2,2,2576,35574.0,PAID,CASH,TX-R7GY42ZDTSH4
11883,53,1490,1,,2493,36474.0,PAID,GATEWAY,TX-R69XDTVMWWXR
11884,441,673,2,1,,32670.0,PAID,CARD,TX-O4KWOSU6VJJC
11885,126,570,2,1,2807,86103.6,PAID,TRANSFER,TX-NZK31FQQVHX1
11886,411,366,1,,847,53227.5,PAID,CARD,TX-847MHISXVQKO
11887,193,530,2,2,2659,49005.0,PAID,TRANSFER,TX-UFR30HEGHW49
11888,190,1336,1,,2576,42282.0,PAID,CARD,TX-1EZCDMZD1CWC
11889,382,19,1,,1392,54261.0,PAID,CARD,TX-Z9UUQTM09SG2
11890,619,152,1,,1248,15429.6,PAID,CARD,TX-K4ZA9IMZ50UN
11891,515,358,1,,,15129.6,PAID,CARD,TX-FNES5UXK9WX6
11892,606,1133,2,4,1191,59895.0,PAID,CARD,TX-UCMXD3ULSDU4
11893,428,1079,1,,684,14568.0,PAID,GATEWAY,TX-E5CW6I4XEYQJ
11894,94,779,1,,1416,31944.0,PAID,GATEWAY,TX-BDO1P633RTJZ
11895,580,840,1,,2320,44351.1,PAID,CARD,TX-A6F31BUZS38S
11896,437,971,2,4,2769,42688.8,PAID,CASH,TX-2WIGYV6848KN
11897,157,137,1,,2231,53227.5,PAID,GATEWAY,TX-C9FCXSFPVK1G
11898,311,1031,2,3,2681,69314.85,PAID,TRANSFER,TX-E5KD8811RUM6
11899,,650,1,,,101034.08,FAILED,CARD,
11900,24,820,1,,2285,40830.0,REFUNDED,CARD,TX-TJM9HZIP4XHQ
11901,363,714,1,,457,62590.56,PAID,GATEWAY,TX-0Q0CAGFZUXN6
11902,225,682,2,1,1193,19057.5,PAID,CASH,TX-RB8JCWLHIZQS
11903,490,478,2,1,1650,41382.0,PAID,CARD,TX-2QKLS7K6M9W4
11904,10,808,1,,82,88564.5,PAID,GATEWAY,TX-07ULNWKB23CJ
11905,69,779,1,,2443,17242.5,PAID,CARD,TX-ACAKAATGUK15
11906,213,217,1,,3129,29359.2,PAID,CARD,TX-R65F9Y0ZE663
11907,585,629,1,,715,58834.8,PAID,GATEWAY,TX-L1JBHINAWS8S
11908,467,999,1,,2907,15601.5,PAID,CARD,TX-R567UUZAL0YY
11909,300,660,1,,533,36774.0,PAID,GATEWAY,TX-7K5GFADZSPB4
11910,338,1468,1,,203,93329.4,PAID,CARD,TX-0UAW1SIAE5EW
11911,570,1118,2,4,720,90931.5,PAID,CARD,TX-D8B73MXWHL86
11912,413,652,1,,643,19565.7,PAID,CARD,TX-39XKJADA67LD
11913,514,970,1,,230,27336.0,PAID,GATEWAY,TX-6PB8MD81Q08H
11914,452,810,1,,3085,91369.2,PAID,GATEWAY,TX-RNJ6HYMUQW7D
11915,379,663,1,,161,55650.0,PAID,CARD,TX-SJ8QAS2REJKG
11916,102,150,1,,686,13721.4,PAID,GATEWAY,TX-UOC29JUD0AGF
11917,141,1347,1,,3177,29903.7,PAID,GATEWAY,TX-F2NO8TRGT87E
11918,610,643,1,,,15129.6,PAID,GATEWAY,TX-FRSN4QSFUZYZ
11919,255,645,1,,,43008.0,PAID,GATEWAY,TX-L4ANV032GU9W
11920,475,72,2,4,1056,85305.0,REFUNDED,CASH,TX-55QLL719NYNW
11921,272,1412,2,1,2599,63499.59,PAID,CASH,TX-FX1XKOGP4WQA
11922,211,1305,1,,2526,17535.0,PAID,GATEWAY,TX-WRR8VD9FRJYY
11923,478,413,2,2,266,54450.0,PAID,CARD,TX-V6F1O61WHLT5
11924,376,473,1,,1450,44188.8,PAID,CARD,TX-7M1HYS1BEXSR
11925,68,333,1,,1159,40404.0,PAID,GATEWAY,TX-J3BXI2KKW3ZJ
11926,432,868,1,,494,36474.0,PAID,GATEWAY,TX-KENUKT544YH8
11927,85,298,1,,803,57818.4,PAID,GATEWAY,TX-71DHWLOXH6NF
11928,53,13,2,1,2930,41527.2,PAID,CARD,TX-1CNQEYECNG46
11929,351,362,1,,86,75133.5,PAID,GATEWAY,TX-3RKTV3FVQPP2
11930,139,993,1,,2644,18676.35,PAID,GATEWAY,TX-N8N8RS4FZ8QX
11931,84,442,2,4,1418,18104.62,PAID,CASH,TX-E2PKTWGZFQOJ
11932,,550,1,,1158,15429.6,PENDING,GATEWAY,
11933,,100,1,,685,29882.16,FAILED,GATEWAY,
11934,120,263,1,,538,31764.6,PAID,GATEWAY,TX-2MWGLTI53SE9
11935,567,614,2,4,3013,48279.0,PAID,CARD,TX-KMVJRHUX9PLG
11936,145,732,2,3,1816,15246.0,PAID,CASH,TX-UG0J8R45W4CO
11937,282,1125,1,,2878,74126.7,PAID,GATEWAY,TX-6XXH7LDKN0W8
11938,132,444,1,,1536,30303.0,PAID,CARD,TX-C7R8QOLG2YBZ
11939,142,949,2,1,2397,35574.0,PAID,CASH,TX-RBY9ATI3Y32J
11940,537,1305,1,,1957,45004.5,PAID,GATEWAY,TX-8A32S5MYC6N3
11941,,322,1,,2164,42582.0,PENDING,CARD,
11942,586,518,1,,2664,17835.0,PAID,GATEWAY,TX-LA7ZIU9ZDMUI
11943,192,476,1,,374,39433.5,PAID,GATEWAY,TX-6DXI91CV5M7R
11944,326,1344,2,2,2063,11761.2,PAID,CARD,TX-SRYVTYMYQ4TM
11945,499,248,1,,330,68079.12,PAID,CARD,TX-ZS94UT7CJXKY
11946,446,1433,2,4,271,32670.0,PAID,CARD,TX-BZP8KTT2LO9L
11947,,1192,1,,2909,17535.0,FAILED,CARD,
11948,242,355,2,3,,69333.0,PAID,CARD,TX-5RQSV5SC7ET2
11949,15,1465,2,1,1204,57717.0,PAID,CASH,TX-8H98XLXW719U
11950,588,91,2,4,,72600.0,PAID,CARD,TX-5TLYSGEF17MS
11951,319,10,2,2,92,65122.2,PAID,CASH,TX-KE8741U1IRDX
11952,289,368,1,,448,19350.0,PAID,CARD,TX-ZABHWEF9CVQ1
11953,569,599,1,,,49005.0,PAID,GATEWAY,TX-FIB86BTDUWJ9
11954,579,308,2,3,1082,41382.0,PAID,CASH,TX-CM9UJR2EEQOC
11955,65,848,1,,586,38443.8,PAID,CARD,TX-731NRY0RZJ6F
11956,247,1207,1,,1407,17235.0,REFUNDED,CARD,TX-CVLAW3M9VIUJ
11957,411,272,1,,2102,70959.0,PAID,CARD,TX-4USD8EV72SQ2
11958,225,123,2,4,544,12806.64,PAID,CASH,TX-36GB9GSXMSJH
11959,407,580,1,,,111017.1,PAID,CARD,TX-SXWGGCX4D98E
11960,396,222,2,2,946,39204.0,PAID,CASH,TX-7UV1BXP8LB4V
11961,,1045,2,1,628,26136.0,PENDING,CARD,
11962,576,1477,2,2,1577,15173.4,PAID,CARD,TX-2FY3VLINQUJS
11963,151,27,1,,586,37500.0,PAID,CARD,TX-MW0M0YV6KSAF
11964,2,607,2,1,,57208.8,PAID,TRANSFER,TX-L6EXGZV7DP2Q
11965,502,994,2,1,2736,45520.2,PAID,CARD,TX-N5KZSW8LGHYM
11966,373,1272,1,,794,27036.0,PAID,CARD,TX-RSP2ILVWHWQW
11967,423,371,2,2,770,44823.24,PAID,CASH,TX-RLYENM5BRWW3
11968,299,690,1,,1975,15429.6,PAID,CARD,TX-CEBKRAY67WCQ
11969,502,256,1,,3172,33570.0,PAID,GATEWAY,TX-G7GPZ13PS9ID
11970,506,1110,1,,50,35685.0,PAID,CARD,TX-D3EGDSH5NEVF
11971,630,951,1,,1583,46938.0,PAID,CARD,TX-KI4UOK9N66KR
11972,562,631,1,,1002,13968.0,PAID,CARD,TX-8X0Z1ZRTAX5R
11973,572,1217,2,1,594,95287.5,PAID,CARD,TX-W12XOCTEQAJB
11974,591,520,1,,2552,29359.2,REFUNDED,CARD,TX-VQNGPNYRB5N3
11975,482,1230,1,,617,31692.0,PAID,GATEWAY,TX-DWV3HVMBGGMP
11976,,732,1,,,29940.0,PENDING,CARD,
11977,456,397,2,3,1348,18966.75,PAID,CARD,TX-MWLACK0FIWU5
11978,380,626,1,,2406,68655.0,PAID,CARD,TX-U2ZM22OUWB3J
11979,293,440,2,4,279,29040.0,REFUNDED,CASH,TX-5KKXA7XXX8T6
11980,7,741,2,1,2929,42834.0,PAID,TRANSFER,TX-5N3D1S31Q2C2
11981,270,972,1,,123,52635.0,PAID,CARD,TX-5SREYMQ5Q60U
11982,,213,1,,2133,40631.4,FAILED,CARD,
11983,50,760,1,,294,54016.5,PAID,CARD,TX-MRRYCB61Q03K
11984,117,35,1,,880,47509.2,PAID,CARD,TX-37402A3PHDR8
11985,153,1308,2,1,1867,37243.8,PAID,CASH,TX-0JBZSJ459YYT
11986,252,1174,1,,1258,113149.2,PAID,CARD,TX-0V3FL7GQTVVA
11987,448,1269,2,4,752,65957.1,PAID,TRANSFER,TX-FKMYY3154ZCQ
11988,203,1147,2,4,1262,34485.0,PAID,CARD,TX-LMZHC3XIJULK
11989,,943,1,,2321,65354.28,FAILED,GATEWAY,
11990,,1334,2,2,2657,16335.0,FAILED,TRANSFER,
11991,74,1270,1,,3019,36483.6,PAID,CARD,TX-W96W7E972M9R
11992,399,1055,2,4,2509,16335.0,PAID,CASH,TX-BR57CS5WLIA4
11993,420,1288,1,,780,49116.0,PAID,GATEWAY,TX-YM2XVVUTYTUD
11994,273,765,1,,2480,60831.3,PAID,GATEWAY,TX-6ZJV32UV47AY
11995,205,1392,2,1,2921,18150.0,PAID,CASH,TX-PYMIAKZQOYOH
11996,529,1341,2,4,2535,32670.0,PAID,CARD,TX-EXO77C4Q1DLM
11997,247,425,1,,,25613.28,PAID,GATEWAY,TX-I2U3PQQ9S5JG
11998,491,1095,1,,981,78964.2,REFUNDED,CARD,TX-MI7BPDTAU3CC
11999,567,75,2,3,86,17242.5,PAID,CARD,TX-DF88746CA3SC
12000,601,1423,1,,1681,68325.96,PAID,CARD,TX-RY09B6QVV3H5
