nps_sk,score,comment,responded_at_date_id,responded_at_time,customer_sk,channel_sk
1,10,,153,03:07:26,1083,1
2,5,Volvería a comprar,71,13:19:21,1383,1
3,10,Atención muy buena,102,23:16:07,179,1
4,7,Todo perfecto,182,17:09:09,566,1
5,8,Atención muy buena,402,02:14:04,1004,1
6,10,Tardó un poco más de lo esperado,531,03:14:19,1261,1
7,6,Todo perfecto,110,16:54:51,1376,1
8,3,Volvería a comprar,185,21:24:42,837,1
9,7,Todo perfecto,568,20:49:01,994,1
10,8,Entrega rápida y producto excelente,104,08:57:20,192,1
11,6,,309,16:13:34,1330,1
12,0,Atención muy buena,550,01:14:44,442,2
13,7,Atención muy buena,486,09:11:49,57,1
14,8,Entrega rápida y producto excelente,585,09:04:49,559,1
15,10,Muy conforme con la calidad,472,12:47:22,130,1
16,4,Volvería a comprar,178,03:02:56,238,2
17,8,Entrega rápida y producto excelente,473,10:53:49,629,1
18,7,Entrega rápida y producto excelente,141,06:01:40,1162,2
19,9,Entrega rápida y producto excelente,279,22:11:11,80,2
20,2,Muy conforme con la calidad,79,06:51:10,1233,2
21,2,Entrega rápida y producto excelente,223,22:17:11,217,1
22,5,Volvería a comprar,597,12:23:24,1015,2
23,7,Atención muy buena,99,15:30:30,1086,2
24,9,Muy conforme con la calidad,28,17:20:54,692,1
25,6,Podría mejorar el empaque,300,18:33:14,960,1
26,2,Volvería a comprar,455,05:45:07,695,2
27,10,Volvería a comprar,524,11:44:23,438,1
28,9,Muy conforme con la calidad,494,00:53:32,564,1
29,7,Volvería a comprar,511,21:17:36,1261,1
30,4,Atención muy buena,162,01:15:40,1122,2
31,5,Muy conforme con la calidad,645,14:57:36,1427,1
32,10,Podría mejorar el empaque,243,23:16:06,661,1
33,8,Todo perfecto,405,09:38:10,1055,2
34,8,Podría mejorar el empaque,433,01:47:46,321,2
35,10,Atención muy buena,204,04:57:19,500,1
36,8,Volvería a comprar,170,21:33:38,544,1
37,8,Atención muy buena,205,01:29:34,1405,2
38,5,Podría mejorar el empaque,244,06:49:31,952,1
39,3,Entrega rápida y producto excelente,364,11:45:16,128,2
40,8,Tardó un poco más de lo esperado,549,18:54:21,342,2
41,3,Podría mejorar el empaque,142,01:36:06,19,2
42,8,Muy conforme con la calidad,204,03:55:21,189,1
43,4,Todo perfecto,616,18:46:17,797,1
44,8,Entrega rápida y producto excelente,346,16:56:35,1004,2
45,9,Todo perfecto,455,04:35:06,426,2
46,8,Muy conforme con la calidad,591,00:52:13,1026,1
47,7,,475,22:10:36,812,2
48,10,Entrega rápida y producto excelente,73,21:25:13,994,1
49,10,,570,12:41:39,1171,2
50,2,Podría mejorar el empaque,451,22:23:24,1207,2
51,8,Todo perfecto,323,16:03:56,1467,1
52,8,Muy conforme con la calidad,158,12:49:26,1484,2
53,9,Atención muy buena,144,01:17:13,815,1
54,9,Todo perfecto,187,10:13:55,500,1
55,10,,351,02:55:03,1048,2
56,7,Entrega rápida y producto excelente,105,19:57:51,19,1
57,7,Podría mejorar el empaque,279,09:06:36,804,2
58,9,Entrega rápida y producto excelente,297,07:11:59,500,2
59,7,Podría mejorar el empaque,535,16:46:05,1179,2
60,9,Entrega rápida y producto excelente,461,16:44:09,902,2
61,6,Atención muy buena,62,17:49:39,548,1
62,9,Volvería a comprar,15,01:01:50,1335,1
63,10,,206,20:38:24,903,1
64,8,Todo perfecto,482,21:04:24,807,1
65,7,Tardó un poco más de lo esperado,453,04:27:32,43,2
66,8,Todo perfecto,486,19:36:36,1189,2
67,7,Entrega rápida y producto excelente,182,01:24:03,554,1
68,9,Podría mejorar el empaque,391,05:47:13,1411,1
69,2,Podría mejorar el empaque,49,03:58:07,990,1
70,8,Entrega rápida y producto excelente,121,08:18:05,581,2
71,2,Muy conforme con la calidad,520,03:16:28,1214,2
72,8,,521,13:38:56,1182,1
73,9,Muy conforme con la calidad,289,02:07:22,56,2
74,9,Muy conforme con la calidad,222,20:40:50,1443,1
75,9,Podría mejorar el empaque,268,19:46:26,822,1
76,7,Atención muy buena,574,10:40:20,18,1
77,8,Podría mejorar el empaque,347,16:09:46,436,1
78,9,Volvería a comprar,228,02:57:02,558,2
79,9,Todo perfecto,482,08:56:16,1202,2
80,0,Podría mejorar el empaque,280,13:55:55,1412,2
81,6,Tardó un poco más de lo esperado,427,11:16:01,1336,2
82,7,Muy conforme con la calidad,625,15:58:29,1336,1
83,10,,344,15:30:01,1224,2
84,9,Atención muy buena,210,23:10:32,859,1
85,10,Volvería a comprar,28,01:51:31,818,1
86,6,Entrega rápida y producto excelente,300,15:24:03,816,2
87,9,Muy conforme con la calidad,290,16:02:50,653,1
88,8,Tardó un poco más de lo esperado,349,22:25:30,1056,1
89,7,Entrega rápida y producto excelente,36,01:27:21,1037,1
90,8,Podría mejorar el empaque,363,05:03:44,959,2
91,6,Atención muy buena,363,08:55:01,1406,1
92,9,Entrega rápida y producto excelente,549,05:34:01,1296,1
93,5,Atención muy buena,593,08:13:29,629,1
94,4,Tardó un poco más de lo esperado,66,17:38:20,439,2
95,8,Todo perfecto,610,07:05:10,1423,1
96,8,Podría mejorar el empaque,150,18:52:17,1336,2
97,6,,602,07:59:57,1453,2
98,8,Podría mejorar el empaque,220,05:28:56,722,1
99,10,Volvería a comprar,221,11:26:29,616,1
100,10,Todo perfecto,228,19:44:46,1104,1
101,4,Tardó un poco más de lo esperado,291,21:13:26,1004,1
102,9,Podría mejorar el empaque,99,15:38:45,304,2
103,10,Atención muy buena,14,03:49:59,114,2
104,9,Entrega rápida y producto excelente,282,07:56:45,248,2
105,5,Podría mejorar el empaque,139,10:16:29,208,1
106,10,Tardó un poco más de lo esperado,20,05:58:36,445,1
107,10,Volvería a comprar,45,08:22:10,1304,2
108,7,Muy conforme con la calidad,242,09:09:29,1493,1
109,8,Entrega rápida y producto excelente,235,13:36:21,1123,1
110,5,Podría mejorar el empaque,571,22:30:44,174,2
111,8,Podría mejorar el empaque,592,09:41:17,825,1
112,4,Todo perfecto,532,02:46:10,1120,2
113,3,Atención muy buena,12,20:11:48,1101,1
114,7,Tardó un poco más de lo esperado,41,11:28:56,659,2
115,7,Tardó un poco más de lo esperado,23,11:07:47,1379,1
116,9,Volvería a comprar,629,01:42:57,550,2
117,7,Todo perfecto,74,07:03:19,1177,1
118,9,Todo perfecto,524,21:12:25,1149,1
119,9,Volvería a comprar,519,05:22:07,236,1
120,9,Volvería a comprar,400,08:27:37,226,1
121,6,Entrega rápida y producto excelente,407,18:37:18,850,2
122,8,Volvería a comprar,293,20:28:14,599,1
123,9,Entrega rápida y producto excelente,595,14:30:34,1230,2
124,7,Volvería a comprar,435,16:20:54,1177,1
125,9,Todo perfecto,385,15:18:51,728,1
126,7,Podría mejorar el empaque,391,18:25:48,268,2
127,8,Atención muy buena,297,13:31:00,980,2
128,5,Muy conforme con la calidad,33,03:24:41,902,2
129,4,Podría mejorar el empaque,97,20:41:00,800,2
130,10,Podría mejorar el empaque,477,06:04:43,1447,1
131,7,Entrega rápida y producto excelente,419,21:56:23,130,1
132,9,Podría mejorar el empaque,518,13:10:21,1176,2
133,8,Entrega rápida y producto excelente,578,23:17:20,771,2
134,0,Atención muy buena,340,19:34:31,158,1
135,1,,529,19:46:53,811,1
136,8,Podría mejorar el empaque,278,04:24:07,1369,1
137,8,Atención muy buena,373,18:36:27,131,2
138,9,,196,11:53:39,69,2
139,9,Muy conforme con la calidad,209,08:37:44,395,1
140,6,Entrega rápida y producto excelente,431,00:15:24,1106,2
141,0,Atención muy buena,229,07:39:35,4,1
142,7,,563,23:23:34,292,1
143,5,Entrega rápida y producto excelente,390,09:56:23,1467,1
144,1,Todo perfecto,252,07:10:51,317,1
145,10,Todo perfecto,552,03:12:50,1374,2
146,6,,54,15:36:46,607,1
147,8,,506,10:57:59,661,1
148,7,,151,09:01:29,315,1
149,0,Podría mejorar el empaque,276,23:54:48,522,2
150,2,Entrega rápida y producto excelente,290,22:50:22,697,1
151,5,Todo perfecto,512,09:53:04,1351,1
152,9,Tardó un poco más de lo esperado,436,06:28:35,1209,2
153,8,Tardó un poco más de lo esperado,271,01:34:02,93,1
154,8,,554,20:57:30,8,2
155,8,Todo perfecto,405,14:01:29,1487,1
156,9,,521,22:40:43,501,1
157,8,,552,11:58:50,949,1
158,10,Atención muy buena,380,13:16:12,745,1
159,8,Atención muy buena,625,11:08:21,58,2
160,9,Muy conforme con la calidad,493,07:34:03,1226,1
161,8,Podría mejorar el empaque,91,02:48:46,952,2
162,7,Podría mejorar el empaque,565,01:30:02,1424,1
163,8,Volvería a comprar,630,13:35:48,146,1
164,3,Todo perfecto,426,17:55:25,831,1
165,0,Tardó un poco más de lo esperado,582,23:43:06,991,1
166,8,Tardó un poco más de lo esperado,377,11:56:27,485,1
167,4,Volvería a comprar,225,19:05:31,789,2
168,1,Entrega rápida y producto excelente,86,22:12:53,1456,1
169,8,Todo perfecto,536,14:12:30,1341,2
170,7,Entrega rápida y producto excelente,350,04:07:03,993,1
171,8,,283,09:38:46,710,2
172,6,,266,04:24:43,609,1
173,4,Tardó un poco más de lo esperado,555,03:35:39,763,1
174,1,Volvería a comprar,529,15:59:14,1356,1
175,7,Entrega rápida y producto excelente,154,21:10:41,1275,2
176,9,Todo perfecto,626,14:12:21,490,2
177,9,,234,18:04:29,523,1
178,9,Volvería a comprar,189,10:21:13,1234,2
179,8,,219,23:49:16,1163,1
180,8,Atención muy buena,644,14:51:06,406,2
181,2,Volvería a comprar,557,06:40:59,835,1
182,8,Volvería a comprar,493,01:37:10,320,1
183,7,Muy conforme con la calidad,372,04:49:31,414,1
184,9,,87,09:33:42,1463,1
185,10,,208,05:16:35,928,2
186,9,Podría mejorar el empaque,418,03:41:53,643,1
187,2,,409,07:15:19,999,2
188,7,Muy conforme con la calidad,546,11:26:26,207,1
189,0,Entrega rápida y producto excelente,419,20:24:49,641,1
190,1,Podría mejorar el empaque,645,13:17:35,1110,1
191,8,Todo perfecto,510,09:29:00,1062,1
192,1,,223,06:34:02,698,1
193,10,Todo perfecto,546,07:04:50,1236,1
194,8,Volvería a comprar,131,05:40:54,755,1
195,7,Podría mejorar el empaque,213,07:13:57,329,1
196,7,Todo perfecto,269,19:02:18,800,1
197,10,Todo perfecto,30,12:03:01,678,1
198,10,Tardó un poco más de lo esperado,135,08:07:01,1383,1
199,10,Todo perfecto,96,03:29:58,1251,1
200,7,Entrega rápida y producto excelente,56,07:28:39,1252,1
201,5,Todo perfecto,628,08:42:55,283,1
202,2,Todo perfecto,196,17:53:58,907,2
203,1,Entrega rápida y producto excelente,360,14:16:39,893,1
204,8,Volvería a comprar,484,12:51:40,413,2
205,10,Podría mejorar el empaque,301,04:13:53,788,2
206,8,Todo perfecto,609,17:23:35,350,2
207,5,Muy conforme con la calidad,18,11:57:25,758,2
208,10,Muy conforme con la calidad,573,13:52:22,699,2
209,9,Tardó un poco más de lo esperado,37,02:22:22,689,1
210,1,Tardó un poco más de lo esperado,115,04:18:58,348,1
211,9,Entrega rápida y producto excelente,488,23:51:14,974,1
212,7,Muy conforme con la calidad,575,08:36:03,444,1
213,9,Tardó un poco más de lo esperado,615,12:06:06,96,1
214,7,Podría mejorar el empaque,385,04:34:47,674,1
215,8,Muy conforme con la calidad,315,21:54:58,867,1
216,7,,573,03:48:53,686,1
217,10,Todo perfecto,161,04:48:07,640,1
218,9,Entrega rápida y producto excelente,223,04:18:48,1191,1
219,5,Volvería a comprar,510,10:49:55,321,2
220,3,Entrega rápida y producto excelente,272,02:51:20,1045,1
221,10,Atención muy buena,13,16:30:11,644,2
222,8,Todo perfecto,569,03:52:32,514,2
223,6,,401,00:04:20,649,1
224,5,Podría mejorar el empaque,600,00:27:47,1294,2
225,4,Volvería a comprar,585,21:35:53,814,2
226,7,Entrega rápida y producto excelente,341,19:00:31,801,1
227,5,Todo perfecto,343,05:31:27,351,1
228,8,Todo perfecto,280,12:33:46,838,2
229,6,Podría mejorar el empaque,500,18:38:37,78,1
230,2,Podría mejorar el empaque,355,21:23:08,1338,1
231,7,,153,06:59:29,182,2
232,4,Atención muy buena,327,19:15:20,560,1
233,6,,98,16:45:28,1390,1
234,4,Tardó un poco más de lo esperado,364,14:09:56,130,2
235,2,Muy conforme con la calidad,500,11:19:02,1143,2
236,7,Atención muy buena,474,06:39:34,223,2
237,2,Volvería a comprar,47,09:22:11,622,1
238,9,Muy conforme con la calidad,161,07:31:20,1328,1
239,7,Tardó un poco más de lo esperado,58,03:41:54,1192,1
240,2,Tardó un poco más de lo esperado,173,11:15:26,119,1
241,8,Podría mejorar el empaque,591,08:06:16,1115,1
242,8,Todo perfecto,112,20:33:27,49,1
243,5,Muy conforme con la calidad,612,15:53:22,1133,2
244,9,Volvería a comprar,563,13:29:06,193,1
245,6,Tardó un poco más de lo esperado,28,15:36:48,539,1
246,7,Podría mejorar el empaque,451,17:15:42,200,1
247,10,Podría mejorar el empaque,25,18:58:03,1084,1
248,10,Entrega rápida y producto excelente,127,19:36:29,422,2
249,6,Entrega rápida y producto excelente,249,20:52:06,348,2
250,9,Volvería a comprar,627,04:22:11,951,1
251,7,Tardó un poco más de lo esperado,331,08:33:35,251,2
252,8,Atención muy buena,388,14:00:56,26,1
253,6,Volvería a comprar,439,10:37:47,1063,2
254,8,Podría mejorar el empaque,33,07:25:07,271,1
255,9,Entrega rápida y producto excelente,386,17:53:26,567,1
256,9,Atención muy buena,570,13:34:36,254,1
257,6,Entrega rápida y producto excelente,96,13:11:38,66,2
258,0,Entrega rápida y producto excelente,371,17:33:23,518,1
259,7,Tardó un poco más de lo esperado,178,09:14:20,603,1
260,4,,30,11:44:33,321,1
261,9,Tardó un poco más de lo esperado,517,18:10:31,1210,2
262,7,Atención muy buena,406,15:21:46,407,2
263,9,Podría mejorar el empaque,368,20:37:23,996,2
264,8,Tardó un poco más de lo esperado,308,14:07:34,1192,2
265,1,Podría mejorar el empaque,225,17:24:03,221,1
266,6,Muy conforme con la calidad,571,23:55:00,1189,1
267,9,Todo perfecto,205,10:11:38,1230,1
268,6,Podría mejorar el empaque,343,19:33:05,244,1
269,6,Entrega rápida y producto excelente,303,22:00:32,416,1
270,7,,295,10:02:42,289,2
271,0,Todo perfecto,251,23:46:39,233,1
272,7,Todo perfecto,444,18:26:54,300,1
273,5,Atención muy buena,278,18:45:15,1066,1
274,10,Atención muy buena,38,11:26:10,854,2
275,7,Tardó un poco más de lo esperado,27,18:27:33,1339,1
276,10,Todo perfecto,362,00:49:20,484,1
277,6,Entrega rápida y producto excelente,12,16:25:54,948,1
278,6,Tardó un poco más de lo esperado,327,09:01:45,713,1
279,9,Entrega rápida y producto excelente,478,01:42:26,1466,1
280,7,Atención muy buena,533,01:31:53,426,1
281,0,Todo perfecto,429,15:40:25,1313,1
282,4,Muy conforme con la calidad,198,22:57:22,995,1
283,8,Tardó un poco más de lo esperado,437,17:12:20,499,1
284,7,Tardó un poco más de lo esperado,432,13:54:08,1408,2
285,8,Entrega rápida y producto excelente,436,19:06:17,498,1
286,6,Muy conforme con la calidad,329,19:10:47,840,1
287,9,Tardó un poco más de lo esperado,407,07:29:10,92,1
288,9,Tardó un poco más de lo esperado,645,14:11:47,1449,2
289,7,Entrega rápida y producto excelente,638,22:07:10,1129,2
290,8,,332,19:02:18,972,2
291,8,Volvería a comprar,626,21:39:47,260,2
292,4,Tardó un poco más de lo esperado,23,05:42:51,683,2
293,2,Volvería a comprar,483,06:06:59,1042,1
294,6,Muy conforme con la calidad,67,13:04:16,1422,1
295,9,,69,16:19:23,1347,2
296,8,Muy conforme con la calidad,415,21:20:29,705,2
297,10,Entrega rápida y producto excelente,537,06:52:08,1306,2
298,0,Entrega rápida y producto excelente,341,01:33:41,327,2
299,5,Podría mejorar el empaque,73,12:57:11,1119,1
300,10,Muy conforme con la calidad,567,15:58:08,2,1
301,8,Podría mejorar el empaque,56,12:08:47,988,1
302,8,Atención muy buena,555,11:01:03,1485,1
303,8,Volvería a comprar,564,06:47:48,791,1
304,9,Podría mejorar el empaque,485,12:01:36,204,1
305,8,Entrega rápida y producto excelente,125,00:45:45,22,2
306,1,,371,20:34:12,510,2
307,9,,97,13:36:01,614,2
308,9,Podría mejorar el empaque,357,14:50:59,27,2
309,6,Todo perfecto,568,03:34:38,1319,2
310,9,Volvería a comprar,322,01:33:45,845,1
311,5,Muy conforme con la calidad,561,12:14:03,783,2
312,9,,604,18:08:04,1350,1
313,7,Todo perfecto,595,04:54:53,773,1
314,4,Tardó un poco más de lo esperado,301,01:01:22,1457,1
315,9,Atención muy buena,287,16:39:39,1488,1
316,10,Muy conforme con la calidad,248,12:14:01,1286,1
317,9,Tardó un poco más de lo esperado,608,13:56:58,1306,1
318,8,Podría mejorar el empaque,40,21:16:04,397,2
319,4,Entrega rápida y producto excelente,90,09:14:25,341,1
320,9,Entrega rápida y producto excelente,509,00:58:37,1475,2
321,5,Entrega rápida y producto excelente,43,10:05:49,963,1
322,9,Todo perfecto,166,01:31:03,423,1
323,9,Entrega rápida y producto excelente,109,20:56:37,1176,2
324,8,Tardó un poco más de lo esperado,101,04:28:29,1128,2
325,8,Todo perfecto,623,05:14:26,56,1
326,5,Atención muy buena,115,06:04:28,389,2
327,9,Podría mejorar el empaque,452,23:38:23,598,2
328,7,Todo perfecto,154,12:00:35,2,2
329,8,Volvería a comprar,429,06:11:26,118,2
330,10,,535,02:07:23,835,1
331,7,Todo perfecto,307,13:43:36,554,1
332,10,,639,17:10:37,371,1
333,9,Volvería a comprar,526,17:39:53,965,1
334,6,Atención muy buena,412,19:51:47,687,2
335,9,,353,18:28:50,516,1
336,8,Volvería a comprar,492,05:04:25,1295,2
337,4,Tardó un poco más de lo esperado,248,23:59:05,660,1
338,8,,644,16:30:15,838,2
339,8,Atención muy buena,285,21:10:53,447,2
340,4,Volvería a comprar,74,13:07:31,1187,2
341,7,Entrega rápida y producto excelente,548,22:15:09,1457,1
342,7,Podría mejorar el empaque,309,09:51:44,16,1
343,0,Tardó un poco más de lo esperado,172,14:29:54,1421,1
344,9,Muy conforme con la calidad,226,11:17:08,861,1
345,2,Todo perfecto,282,06:24:47,515,1
346,10,Entrega rápida y producto excelente,139,01:52:36,280,1
347,7,Podría mejorar el empaque,252,07:35:57,829,1
348,10,Entrega rápida y producto excelente,568,07:27:52,1319,1
349,10,Tardó un poco más de lo esperado,550,19:30:51,682,1
350,7,Entrega rápida y producto excelente,627,21:46:37,649,1
351,8,Todo perfecto,216,22:57:18,1041,1
352,9,Tardó un poco más de lo esperado,294,10:29:55,559,2
353,9,Muy conforme con la calidad,561,19:31:33,1187,2
354,6,Todo perfecto,465,11:40:03,786,1
355,6,Todo perfecto,420,05:35:01,1104,1
356,4,Volvería a comprar,577,02:43:33,505,2
357,0,Atención muy buena,318,15:27:07,436,1
358,5,Atención muy buena,595,16:44:56,366,1
359,8,Tardó un poco más de lo esperado,138,10:00:31,829,2
360,5,Atención muy buena,102,06:42:29,570,1
361,10,Entrega rápida y producto excelente,104,13:46:37,573,2
362,8,Todo perfecto,104,23:51:40,63,1
363,10,Muy conforme con la calidad,489,03:08:57,140,1
364,9,Volvería a comprar,67,12:17:06,650,2
365,7,Volvería a comprar,150,09:44:37,558,1
366,9,,139,00:10:14,498,2
367,10,Podría mejorar el empaque,148,15:06:16,1337,2
368,9,Volvería a comprar,462,06:02:54,192,1
369,1,Tardó un poco más de lo esperado,281,15:22:24,523,1
370,5,Entrega rápida y producto excelente,492,14:30:44,1009,1
371,8,Atención muy buena,435,21:56:33,1079,1
372,9,Podría mejorar el empaque,516,16:31:12,809,1
373,8,Atención muy buena,36,15:14:36,332,1
374,8,Tardó un poco más de lo esperado,315,09:06:51,397,1
375,8,Tardó un poco más de lo esperado,43,19:29:29,950,2
376,10,Todo perfecto,362,07:39:39,950,1
377,7,Tardó un poco más de lo esperado,70,15:27:59,1071,1
378,5,Atención muy buena,223,15:00:09,27,1
379,5,Muy conforme con la calidad,146,14:47:01,1063,1
380,10,Atención muy buena,222,06:45:53,930,1
381,1,Podría mejorar el empaque,319,03:09:21,1435,2
382,10,Atención muy buena,99,15:25:23,258,2
383,4,Volvería a comprar,42,14:11:42,847,1
384,10,Muy conforme con la calidad,245,08:42:48,921,2
385,7,Tardó un poco más de lo esperado,377,08:34:53,1231,1
386,10,Podría mejorar el empaque,512,13:14:53,292,1
387,3,Volvería a comprar,293,19:15:44,325,2
388,3,Atención muy buena,436,05:25:38,921,2
389,2,,510,10:15:38,248,1
390,8,,224,22:25:54,754,1
391,9,,113,05:36:10,708,1
392,6,Podría mejorar el empaque,491,20:20:04,48,1
393,5,Atención muy buena,126,11:43:38,786,2
394,4,,171,08:24:55,382,1
395,6,Tardó un poco más de lo esperado,411,13:53:26,895,1
396,7,Entrega rápida y producto excelente,408,12:31:51,821,1
397,9,Todo perfecto,75,03:58:38,1032,1
398,1,Todo perfecto,496,13:40:09,1262,1
399,9,Muy conforme con la calidad,234,05:06:57,153,1
400,1,Todo perfecto,582,08:56:25,816,1
401,7,Todo perfecto,38,18:17:19,237,1
402,10,Podría mejorar el empaque,91,16:15:16,589,2
403,6,Atención muy buena,592,00:50:22,249,2
404,2,Volvería a comprar,349,23:38:05,1130,2
405,3,Volvería a comprar,540,15:32:22,455,1
406,0,Podría mejorar el empaque,448,14:06:40,1306,1
407,9,Atención muy buena,332,17:42:26,1359,1
408,7,Volvería a comprar,262,23:36:33,696,1
409,7,Todo perfecto,250,13:25:59,867,1
410,10,Podría mejorar el empaque,306,22:51:39,690,1
411,7,Volvería a comprar,441,23:22:31,14,1
412,2,,347,15:04:04,259,2
413,3,Todo perfecto,23,14:46:59,334,1
414,9,Todo perfecto,203,02:53:44,574,1
415,10,Volvería a comprar,151,12:30:57,716,1
416,8,Todo perfecto,351,05:28:42,204,2
417,10,Volvería a comprar,537,21:21:38,624,2
418,9,Volvería a comprar,232,21:17:35,535,1
419,7,Entrega rápida y producto excelente,223,05:31:51,522,1
420,9,Tardó un poco más de lo esperado,471,10:21:44,589,1
421,9,Muy conforme con la calidad,378,08:48:59,1485,1
422,9,Volvería a comprar,237,13:39:39,544,1
423,9,Atención muy buena,370,19:48:25,253,1
424,8,Podría mejorar el empaque,190,22:43:21,520,1
425,8,Volvería a comprar,413,22:04:20,1339,1
426,10,Tardó un poco más de lo esperado,131,02:04:28,800,1
427,9,Entrega rápida y producto excelente,185,17:44:38,782,2
428,3,Tardó un poco más de lo esperado,609,00:49:08,488,2
429,6,Todo perfecto,409,09:10:12,1074,1
430,9,Muy conforme con la calidad,361,22:27:44,789,2
431,3,Tardó un poco más de lo esperado,527,08:35:10,951,1
432,8,,462,21:49:25,1210,1
433,3,Volvería a comprar,480,13:15:22,977,2
434,8,Tardó un poco más de lo esperado,603,15:59:07,489,2
435,9,Entrega rápida y producto excelente,161,22:10:48,1192,2
436,5,Volvería a comprar,285,10:47:13,1461,2
437,6,Volvería a comprar,561,13:59:10,28,1
438,9,,196,02:59:21,459,2
439,2,Entrega rápida y producto excelente,131,19:36:43,756,1
440,8,Podría mejorar el empaque,22,09:35:45,1495,1
441,7,Todo perfecto,67,10:30:38,584,1
442,2,Atención muy buena,644,19:26:03,703,1
443,7,Atención muy buena,21,05:12:12,1309,2
444,7,Muy conforme con la calidad,518,03:50:23,323,2
445,8,Muy conforme con la calidad,602,15:48:52,90,1
446,5,Tardó un poco más de lo esperado,379,09:23:46,761,1
447,9,,482,12:54:41,999,1
448,9,Entrega rápida y producto excelente,461,23:58:27,85,1
449,8,Podría mejorar el empaque,572,21:12:23,405,1
450,2,Muy conforme con la calidad,329,03:49:06,336,2
451,9,Entrega rápida y producto excelente,189,20:27:21,179,1
452,8,Entrega rápida y producto excelente,127,04:42:04,682,2
453,8,Tardó un poco más de lo esperado,520,23:08:04,862,2
454,5,Todo perfecto,472,03:09:01,1218,1
455,7,Todo perfecto,527,11:48:50,31,1
456,10,,436,10:47:21,154,1
457,10,Podría mejorar el empaque,573,17:33:15,1049,2
458,10,Atención muy buena,524,01:08:36,586,1
459,10,Volvería a comprar,251,22:23:30,425,2
460,8,Podría mejorar el empaque,72,04:35:22,1235,1
461,10,Tardó un poco más de lo esperado,143,23:27:23,52,1
462,3,Entrega rápida y producto excelente,374,05:40:16,78,2
463,7,Entrega rápida y producto excelente,350,10:40:54,405,1
464,7,Podría mejorar el empaque,524,14:39:48,381,2
465,10,Podría mejorar el empaque,276,05:22:07,284,1
466,0,Tardó un poco más de lo esperado,113,04:28:48,867,1
467,8,,259,20:41:52,626,1
468,9,Entrega rápida y producto excelente,334,16:47:27,195,1
469,7,Tardó un poco más de lo esperado,156,01:25:58,467,1
470,7,Tardó un poco más de lo esperado,427,09:53:39,1107,2
471,8,Muy conforme con la calidad,25,14:37:53,580,1
472,7,Todo perfecto,93,06:17:25,942,2
473,10,Podría mejorar el empaque,545,09:43:25,1354,2
474,4,Muy conforme con la calidad,40,10:37:09,540,1
475,6,Entrega rápida y producto excelente,570,03:05:56,1161,1
476,8,Todo perfecto,587,07:58:07,895,1
477,6,,198,18:47:00,399,1
478,10,Tardó un poco más de lo esperado,586,21:13:19,77,1
479,0,,605,01:30:25,754,2
480,7,Podría mejorar el empaque,231,14:21:10,1253,1
481,6,Muy conforme con la calidad,199,06:17:50,1117,1
482,6,Volvería a comprar,569,06:06:19,413,1
483,8,Atención muy buena,525,22:38:52,40,2
484,1,Entrega rápida y producto excelente,283,02:40:49,403,1
485,6,Todo perfecto,240,21:39:13,1482,1
486,9,Podría mejorar el empaque,357,18:12:56,790,1
487,0,Entrega rápida y producto excelente,235,20:46:41,891,1
488,7,Muy conforme con la calidad,528,19:29:56,819,2
489,9,,134,07:15:51,474,2
490,8,Entrega rápida y producto excelente,464,10:13:44,1332,1
491,4,Todo perfecto,577,07:48:11,305,1
492,7,Atención muy buena,101,21:45:17,400,2
493,9,Todo perfecto,334,22:26:11,415,2
494,9,Tardó un poco más de lo esperado,17,07:11:19,739,2
495,4,Muy conforme con la calidad,351,04:58:04,45,1
496,8,Todo perfecto,92,04:19:09,584,2
497,9,Entrega rápida y producto excelente,439,13:14:31,305,1
498,4,Volvería a comprar,606,11:39:30,1061,2
499,9,Todo perfecto,476,13:57:39,1051,2
500,8,Podría mejorar el empaque,596,06:29:10,981,1
501,7,Entrega rápida y producto excelente,27,08:24:37,381,1
502,2,Tardó un poco más de lo esperado,139,01:36:24,866,1
503,9,Podría mejorar el empaque,156,20:35:58,323,1
504,8,Muy conforme con la calidad,125,02:55:25,1223,2
505,3,Podría mejorar el empaque,547,22:39:41,728,2
506,8,Muy conforme con la calidad,144,04:27:32,176,1
507,3,Atención muy buena,87,15:30:54,620,1
508,8,Atención muy buena,319,22:42:02,11,2
509,5,Podría mejorar el empaque,641,12:19:07,866,1
510,9,Volvería a comprar,17,23:52:25,609,1
511,6,Entrega rápida y producto excelente,407,00:25:59,662,1
512,3,Podría mejorar el empaque,446,01:23:04,1304,2
513,5,Entrega rápida y producto excelente,298,00:29:57,1358,1
514,8,Tardó un poco más de lo esperado,277,20:01:12,1396,2
515,7,Todo perfecto,336,09:29:25,921,1
516,9,Todo perfecto,85,10:26:03,193,2
517,7,Podría mejorar el empaque,432,02:44:22,1366,1
518,8,,364,16:14:53,4,2
519,4,Entrega rápida y producto excelente,93,23:20:55,373,1
520,10,Todo perfecto,534,14:34:03,3,2
521,2,Muy conforme con la calidad,539,08:32:36,156,2
522,6,Muy conforme con la calidad,635,11:27:19,1274,2
523,9,Volvería a comprar,481,03:13:10,1200,1
524,9,Podría mejorar el empaque,65,02:24:02,1271,2
525,10,Todo perfecto,531,11:16:57,1089,1
526,9,Entrega rápida y producto excelente,618,13:13:42,1399,2
527,8,Volvería a comprar,190,22:49:45,20,1
528,9,Atención muy buena,347,16:26:08,874,2
529,7,Tardó un poco más de lo esperado,292,11:04:43,919,2
530,9,Podría mejorar el empaque,581,00:42:21,885,1
531,2,Muy conforme con la calidad,231,13:05:16,123,2
532,10,Todo perfecto,226,12:11:00,301,1
533,5,Todo perfecto,268,12:11:09,1172,1
534,7,Todo perfecto,236,08:58:05,1334,2
535,3,Volvería a comprar,600,09:47:30,1462,2
536,8,Atención muy buena,344,04:39:01,1393,2
537,10,Todo perfecto,114,23:16:41,1220,1
538,0,Podría mejorar el empaque,467,23:27:42,1355,1
539,8,Tardó un poco más de lo esperado,14,12:52:57,27,2
540,3,Volvería a comprar,183,06:27:01,921,1
541,9,Volvería a comprar,76,08:53:37,1469,2
542,9,Muy conforme con la calidad,546,03:08:05,1228,1
543,7,Tardó un poco más de lo esperado,147,02:44:24,1123,2
544,8,Entrega rápida y producto excelente,616,06:57:45,125,1
545,9,,291,14:22:38,476,1
546,5,Volvería a comprar,533,23:27:26,833,1
547,10,Muy conforme con la calidad,80,08:15:50,253,1
548,9,Podría mejorar el empaque,237,10:06:53,398,1
549,9,Todo perfecto,19,06:43:36,253,2
550,9,Atención muy buena,68,01:09:04,206,2
551,8,Muy conforme con la calidad,619,19:28:26,899,1
552,3,Tardó un poco más de lo esperado,554,01:49:09,1254,1
553,10,Podría mejorar el empaque,504,04:03:58,1317,2
554,8,,324,17:17:29,466,1
555,9,Atención muy buena,324,01:05:53,191,1
556,10,Muy conforme con la calidad,181,22:16:25,362,2
557,7,,129,15:23:45,263,1
558,10,Entrega rápida y producto excelente,434,08:07:13,1473,2
559,10,Muy conforme con la calidad,207,08:04:07,1494,1
560,3,Muy conforme con la calidad,566,15:37:54,359,1
561,10,Todo perfecto,573,20:07:18,181,1
562,10,Volvería a comprar,458,05:55:36,682,1
563,9,Entrega rápida y producto excelente,151,18:17:36,1142,1
564,8,Entrega rápida y producto excelente,139,21:48:39,475,1
565,10,Atención muy buena,359,14:04:24,541,1
566,10,Todo perfecto,539,06:38:43,1344,1
567,10,Muy conforme con la calidad,208,04:52:11,561,2
568,8,Podría mejorar el empaque,54,08:16:33,981,2
569,7,Muy conforme con la calidad,112,14:38:39,311,1
570,7,Atención muy buena,501,05:37:47,1007,2
571,6,,625,19:04:39,952,2
572,8,Atención muy buena,143,10:21:54,1464,1
573,9,Todo perfecto,171,17:44:01,863,2
574,6,Todo perfecto,405,22:32:09,724,2
575,7,Atención muy buena,75,01:57:31,612,1
576,5,Entrega rápida y producto excelente,65,01:51:22,382,1
577,8,Todo perfecto,14,09:57:37,311,1
578,9,Podría mejorar el empaque,644,12:30:50,1041,2
579,7,Atención muy buena,629,15:28:06,816,1
580,6,Volvería a comprar,633,06:44:02,189,2
581,0,Todo perfecto,226,06:06:02,1133,2
582,7,Volvería a comprar,272,11:54:54,1095,1
583,1,Todo perfecto,606,09:12:35,468,2
584,1,Muy conforme con la calidad,420,12:57:11,416,2
585,10,Volvería a comprar,505,09:03:34,707,1
586,7,Atención muy buena,110,04:39:36,1375,1
587,7,Atención muy buena,533,16:30:15,689,2
588,7,Atención muy buena,460,21:29:09,759,2
589,7,Atención muy buena,477,18:09:13,152,2
590,5,Tardó un poco más de lo esperado,535,18:17:10,724,2
591,6,Muy conforme con la calidad,237,10:17:13,495,1
592,4,,64,07:45:43,1104,1
593,0,,236,14:14:10,1158,1
594,9,Todo perfecto,536,05:05:19,932,1
595,2,Volvería a comprar,249,09:33:36,150,1
596,2,Podría mejorar el empaque,80,16:41:42,323,2
597,5,Atención muy buena,84,07:17:51,536,1
598,10,Todo perfecto,539,03:38:34,1245,1
599,6,Podría mejorar el empaque,581,13:24:07,1284,1
600,3,Muy conforme con la calidad,465,01:57:39,1168,1
601,10,Podría mejorar el empaque,13,07:39:50,1346,1
602,7,Muy conforme con la calidad,194,09:00:31,213,1
603,7,Atención muy buena,191,13:29:31,311,2
604,9,Entrega rápida y producto excelente,30,02:42:02,32,2
605,7,Atención muy buena,43,11:50:47,606,1
606,9,Volvería a comprar,284,17:18:02,1309,2
607,7,Volvería a comprar,82,05:32:22,833,1
608,9,Entrega rápida y producto excelente,329,03:12:53,1123,2
609,8,Tardó un poco más de lo esperado,578,01:56:44,878,2
610,8,,538,18:38:55,1317,2
611,9,Entrega rápida y producto excelente,515,19:20:29,218,2
612,8,Volvería a comprar,636,02:43:49,1456,1
613,9,Muy conforme con la calidad,233,20:16:53,987,1
614,10,Volvería a comprar,11,09:55:08,75,2
615,1,Volvería a comprar,487,21:01:17,649,2
616,6,Atención muy buena,500,04:03:05,1095,1
617,9,Tardó un poco más de lo esperado,37,21:50:30,1136,2
618,7,Atención muy buena,162,21:13:04,1046,1
619,8,Todo perfecto,243,07:19:38,1339,2
620,3,Volvería a comprar,448,21:00:56,724,1
621,0,Muy conforme con la calidad,592,09:23:26,32,2
622,8,Atención muy buena,174,16:10:51,728,1
623,7,Atención muy buena,558,02:46:44,299,1
624,5,Muy conforme con la calidad,378,10:31:40,299,1
625,7,Podría mejorar el empaque,468,06:09:48,404,1
626,10,Muy conforme con la calidad,477,14:07:42,138,2
627,9,Entrega rápida y producto excelente,466,04:07:56,1270,1
628,7,Todo perfecto,135,05:46:03,1116,1
629,5,Entrega rápida y producto excelente,229,17:08:34,239,1
630,10,Volvería a comprar,188,16:47:48,849,2
631,9,Volvería a comprar,237,10:56:31,1432,2
632,0,Entrega rápida y producto excelente,352,15:08:46,109,2
633,9,Volvería a comprar,13,03:24:59,117,2
634,2,Podría mejorar el empaque,458,09:59:06,1007,2
635,9,Atención muy buena,326,21:36:34,473,2
636,9,Todo perfecto,486,11:49:04,188,1
637,9,Podría mejorar el empaque,431,14:29:15,960,1
638,9,Todo perfecto,80,01:24:37,298,1
639,10,Tardó un poco más de lo esperado,621,15:38:13,1146,1
640,10,Muy conforme con la calidad,281,21:17:36,790,1
641,10,Atención muy buena,130,11:42:48,114,1
642,8,Muy conforme con la calidad,480,16:23:15,778,1
643,2,,516,10:51:05,1380,1
644,8,,641,12:27:45,1265,2
645,7,Muy conforme con la calidad,441,22:22:46,171,1
646,6,Podría mejorar el empaque,488,10:21:53,384,1
647,9,Tardó un poco más de lo esperado,463,09:07:28,917,1
648,0,Tardó un poco más de lo esperado,553,07:21:53,1262,2
649,6,Atención muy buena,262,10:49:42,1174,1
650,10,Todo perfecto,28,15:04:33,312,1
651,6,Podría mejorar el empaque,361,08:23:04,1107,1
652,8,Entrega rápida y producto excelente,207,14:29:31,786,1
653,6,Muy conforme con la calidad,462,13:41:55,956,1
654,7,Muy conforme con la calidad,447,04:16:08,227,2
655,9,Entrega rápida y producto excelente,148,08:35:30,1339,1
656,6,,399,05:53:58,79,1
657,9,Volvería a comprar,155,05:04:04,515,1
658,8,,449,04:47:35,1098,1
659,6,Todo perfecto,266,01:56:03,254,1
660,1,Todo perfecto,503,08:30:13,1459,1
661,8,Muy conforme con la calidad,526,20:08:41,688,2
662,7,Atención muy buena,70,17:29:06,1356,2
663,1,Podría mejorar el empaque,19,23:29:51,1409,2
664,9,Tardó un poco más de lo esperado,309,20:36:32,512,1
665,7,Todo perfecto,465,05:15:25,284,1
666,2,Muy conforme con la calidad,474,03:00:36,79,2
667,7,Volvería a comprar,637,03:56:35,1246,1
668,7,Entrega rápida y producto excelente,482,11:31:30,343,2
669,7,,455,15:05:25,387,1
670,8,Entrega rápida y producto excelente,45,17:18:32,682,2
671,7,Tardó un poco más de lo esperado,453,00:50:56,778,1
672,6,,503,08:48:52,507,1
673,10,Volvería a comprar,57,09:33:22,640,1
674,7,Todo perfecto,471,00:51:12,1249,1
675,8,Volvería a comprar,230,17:46:52,958,1
676,7,Podría mejorar el empaque,67,15:37:47,1259,1
677,10,Volvería a comprar,89,19:51:37,1441,1
678,9,Podría mejorar el empaque,560,19:42:57,379,2
679,7,Atención muy buena,362,02:57:08,115,1
680,8,,23,02:25:41,1496,2
681,7,Muy conforme con la calidad,70,20:49:15,1435,1
682,3,Podría mejorar el empaque,148,15:44:54,1271,1
683,9,Volvería a comprar,113,01:47:39,643,1
684,6,Volvería a comprar,379,04:23:05,1006,2
685,10,Entrega rápida y producto excelente,173,16:00:01,672,1
686,0,Todo perfecto,380,10:36:46,439,1
687,1,Tardó un poco más de lo esperado,66,11:53:45,928,1
688,6,Todo perfecto,89,06:36:00,705,1
689,8,Podría mejorar el empaque,590,19:11:39,717,2
690,7,Podría mejorar el empaque,27,22:35:20,622,2
691,7,Tardó un poco más de lo esperado,153,04:53:20,90,2
692,10,,465,19:39:38,1101,2
693,9,Tardó un poco más de lo esperado,306,17:29:56,1362,1
694,9,Volvería a comprar,294,09:27:30,644,2
695,9,Muy conforme con la calidad,628,20:34:27,265,1
696,8,,464,04:05:29,506,1
697,0,,470,23:12:00,737,1
698,10,Podría mejorar el empaque,268,01:20:00,1294,1
699,8,Entrega rápida y producto excelente,494,18:15:49,204,1
700,10,Volvería a comprar,288,15:40:38,1246,1
701,1,Tardó un poco más de lo esperado,214,14:34:31,314,1
702,10,Muy conforme con la calidad,597,11:18:28,614,2
703,8,Volvería a comprar,388,23:17:32,497,2
704,8,Volvería a comprar,174,01:58:01,1267,2
705,8,Atención muy buena,117,01:59:09,768,1
706,3,Muy conforme con la calidad,232,19:37:12,886,2
707,1,,28,18:09:35,1173,1
708,10,Volvería a comprar,565,08:32:38,561,1
709,10,Todo perfecto,43,04:25:43,59,2
710,6,Podría mejorar el empaque,488,04:41:22,951,2
711,9,,333,00:40:32,790,1
712,6,Atención muy buena,587,04:05:41,412,1
713,3,Tardó un poco más de lo esperado,58,23:08:54,1250,2
714,9,Tardó un poco más de lo esperado,379,08:48:13,146,1
715,9,Todo perfecto,229,19:05:03,670,2
716,9,Todo perfecto,63,08:17:29,595,1
717,9,Volvería a comprar,315,03:32:22,1027,1
718,9,Tardó un poco más de lo esperado,221,00:55:01,1183,2
719,9,Todo perfecto,576,21:33:37,655,1
720,9,Volvería a comprar,101,14:16:56,287,1
721,10,Todo perfecto,573,04:35:01,489,2
722,9,Entrega rápida y producto excelente,564,07:06:22,897,1
723,7,Podría mejorar el empaque,58,05:57:00,1094,1
724,7,Podría mejorar el empaque,355,20:38:12,713,2
725,6,Atención muy buena,294,13:19:18,1222,2
726,7,,571,00:27:55,176,1
727,9,Muy conforme con la calidad,352,17:42:55,1373,2
728,3,Tardó un poco más de lo esperado,224,20:26:23,613,2
729,9,Todo perfecto,37,06:06:59,1082,2
730,5,Tardó un poco más de lo esperado,528,23:20:49,790,1
731,9,Atención muy buena,251,20:26:33,173,1
732,5,Muy conforme con la calidad,612,07:44:37,800,1
733,0,Muy conforme con la calidad,421,13:56:02,1014,2
734,8,Entrega rápida y producto excelente,16,19:04:29,719,1
735,7,,459,20:09:32,1247,2
736,8,,361,23:07:04,882,1
737,7,Tardó un poco más de lo esperado,410,06:30:51,281,1
738,6,Entrega rápida y producto excelente,299,15:20:01,1014,2
739,4,Tardó un poco más de lo esperado,294,13:01:32,621,1
740,7,Muy conforme con la calidad,525,23:51:23,441,1
741,9,,143,14:01:38,1062,2
742,10,Tardó un poco más de lo esperado,599,05:00:28,952,1
743,6,Entrega rápida y producto excelente,186,23:14:17,496,1
744,5,Muy conforme con la calidad,164,12:51:25,338,1
745,7,Volvería a comprar,143,02:11:12,192,1
746,10,,113,17:56:45,292,1
747,10,,507,15:29:44,483,2
748,3,Tardó un poco más de lo esperado,492,08:42:23,1356,1
749,8,,613,18:05:55,1234,2
750,9,Entrega rápida y producto excelente,628,16:18:25,359,1
751,8,Volvería a comprar,69,08:48:44,671,1
752,9,,125,05:15:04,595,2
753,7,Entrega rápida y producto excelente,516,11:03:20,1405,2
754,5,,384,07:09:15,1230,1
755,7,Todo perfecto,644,08:32:19,173,1
756,0,Muy conforme con la calidad,418,06:14:46,130,2
757,9,,253,13:44:53,1134,1
758,8,Muy conforme con la calidad,511,01:14:32,132,1
759,0,Todo perfecto,162,03:00:59,74,2
760,5,Todo perfecto,108,16:23:53,147,2
761,10,,464,08:26:53,791,1
762,10,,210,10:51:55,849,1
763,8,Tardó un poco más de lo esperado,65,13:39:19,84,1
764,7,Entrega rápida y producto excelente,626,18:56:28,1313,2
765,9,Atención muy buena,582,20:38:02,930,2
766,3,Entrega rápida y producto excelente,190,11:02:15,160,2
767,10,,627,01:04:31,1128,2
768,8,Todo perfecto,469,20:36:31,1029,1
769,10,Todo perfecto,222,13:22:23,185,1
770,8,Podría mejorar el empaque,161,23:57:29,1144,2
771,6,Atención muy buena,228,09:43:16,930,1
772,10,Tardó un poco más de lo esperado,617,09:58:29,774,1
773,1,Podría mejorar el empaque,235,03:49:31,688,2
774,9,Tardó un poco más de lo esperado,100,13:43:27,433,1
775,9,Entrega rápida y producto excelente,446,17:20:28,249,1
776,0,Muy conforme con la calidad,428,00:13:16,279,2
777,9,,250,08:27:32,1452,1
778,8,Todo perfecto,17,08:38:27,1223,2
779,10,Entrega rápida y producto excelente,279,05:23:11,1385,1
780,9,Atención muy buena,586,01:25:38,722,1
781,6,Muy conforme con la calidad,151,17:22:24,1085,2
782,3,Volvería a comprar,594,11:27:05,378,1
783,3,Podría mejorar el empaque,337,20:19:13,54,1
784,6,Podría mejorar el empaque,173,03:58:20,727,2
785,9,Todo perfecto,512,19:42:12,1398,1
786,4,Podría mejorar el empaque,625,14:57:29,1406,1
787,10,Todo perfecto,482,13:27:08,591,1
788,9,Tardó un poco más de lo esperado,93,06:22:13,10,2
789,2,,252,03:07:05,877,1
790,8,Muy conforme con la calidad,333,17:14:29,522,2
791,7,Entrega rápida y producto excelente,239,03:03:20,203,2
792,10,Entrega rápida y producto excelente,301,19:23:07,1049,2
793,8,Volvería a comprar,637,11:05:05,855,2
794,7,Entrega rápida y producto excelente,22,17:16:43,584,1
795,5,,236,10:58:15,1387,2
796,10,Todo perfecto,341,14:14:48,571,1
797,6,Muy conforme con la calidad,526,14:10:19,791,2
798,7,Tardó un poco más de lo esperado,357,03:58:20,106,2
799,10,,120,20:53:00,1114,2
800,5,Volvería a comprar,364,11:38:33,397,1
801,9,Volvería a comprar,505,11:04:53,46,2
802,8,Muy conforme con la calidad,363,16:34:00,1260,2
803,6,Podría mejorar el empaque,312,04:46:54,1473,2
804,10,,481,21:23:25,582,1
805,8,Atención muy buena,86,12:52:22,323,1
806,7,Tardó un poco más de lo esperado,129,16:44:30,203,1
807,8,Tardó un poco más de lo esperado,499,12:59:05,1180,1
808,6,Entrega rápida y producto excelente,385,06:02:07,358,2
809,8,Volvería a comprar,501,07:58:58,922,1
810,4,Entrega rápida y producto excelente,422,21:56:48,645,2
811,7,Atención muy buena,409,15:07:57,582,1
812,2,Podría mejorar el empaque,629,16:36:01,783,2
813,0,Atención muy buena,23,13:21:19,852,1
814,2,Entrega rápida y producto excelente,587,02:16:29,513,1
815,8,Entrega rápida y producto excelente,74,07:04:14,169,1
816,10,,122,07:10:20,1209,1
817,9,Muy conforme con la calidad,639,14:41:02,147,1
818,6,Podría mejorar el empaque,404,08:21:01,185,1
819,10,Volvería a comprar,301,16:02:57,739,2
820,7,Atención muy buena,388,00:50:11,1470,2
821,8,Muy conforme con la calidad,410,15:17:17,198,1
822,8,Todo perfecto,72,14:39:22,884,1
823,10,Podría mejorar el empaque,324,13:47:03,457,1
824,10,Podría mejorar el empaque,361,18:51:24,1184,1
825,7,Entrega rápida y producto excelente,513,23:28:08,221,2
826,10,Volvería a comprar,242,17:19:25,117,2
827,6,Todo perfecto,199,15:50:20,703,2
828,10,Podría mejorar el empaque,643,18:11:14,58,1
829,8,Volvería a comprar,492,16:19:33,840,1
830,8,Volvería a comprar,402,07:02:06,634,2
831,9,Atención muy buena,314,19:49:57,914,2
832,8,Atención muy buena,491,22:09:50,1281,1
833,5,Atención muy buena,18,19:22:17,852,2
834,7,Tardó un poco más de lo esperado,81,02:19:39,1336,2
835,1,Volvería a comprar,,01:40:51,1264,1
836,1,,398,19:30:04,140,1
837,9,Podría mejorar el empaque,164,14:07:23,162,1
838,8,Volvería a comprar,123,02:28:49,460,1
839,5,Podría mejorar el empaque,313,10:40:15,1392,1
840,9,Entrega rápida y producto excelente,314,12:18:56,4,2
841,8,,335,20:42:39,1372,2
842,7,Atención muy buena,573,06:01:12,921,2
843,8,Todo perfecto,276,06:31:39,880,1
844,10,Todo perfecto,152,04:42:33,603,2
845,5,Muy conforme con la calidad,416,22:24:55,389,1
846,8,Podría mejorar el empaque,40,07:49:33,769,2
847,9,Podría mejorar el empaque,236,16:21:14,1480,2
848,1,Todo perfecto,537,21:29:16,1352,1
849,6,Todo perfecto,152,17:22:53,1081,1
850,10,Volvería a comprar,589,14:09:41,1318,2
851,8,Muy conforme con la calidad,12,20:20:44,1129,2
852,7,Muy conforme con la calidad,577,07:36:49,495,1
853,10,Entrega rápida y producto excelente,85,13:58:28,586,1
854,7,Entrega rápida y producto excelente,116,12:00:49,554,1
855,1,Muy conforme con la calidad,631,01:57:51,440,1
856,8,Entrega rápida y producto excelente,366,12:05:42,212,1
857,8,Muy conforme con la calidad,504,02:41:01,538,1
858,0,Atención muy buena,577,15:09:05,588,2
859,7,Atención muy buena,583,10:06:17,1135,1
860,7,Podría mejorar el empaque,176,02:46:06,452,1
861,5,Entrega rápida y producto excelente,416,11:55:10,26,1
862,10,Muy conforme con la calidad,251,08:16:30,33,2
863,9,Entrega rápida y producto excelente,499,01:39:02,229,1
864,10,Volvería a comprar,67,21:50:39,1155,1
865,6,Muy conforme con la calidad,611,21:17:09,843,1
866,8,Tardó un poco más de lo esperado,134,10:55:18,570,2
867,8,Tardó un poco más de lo esperado,514,11:57:53,1208,1
868,7,Entrega rápida y producto excelente,495,23:32:32,275,1
869,6,Tardó un poco más de lo esperado,469,14:48:05,529,1
870,10,Atención muy buena,448,10:56:50,599,2
871,5,Todo perfecto,385,04:49:19,333,1
872,9,Muy conforme con la calidad,113,21:41:49,6,1
873,9,Atención muy buena,497,01:15:59,549,1
874,6,Muy conforme con la calidad,451,18:32:22,1427,2
875,7,Entrega rápida y producto excelente,283,10:56:28,1237,1
876,8,Volvería a comprar,423,06:03:30,432,2
877,7,Tardó un poco más de lo esperado,488,13:18:13,657,1
878,9,Todo perfecto,478,05:28:12,730,1
879,7,Tardó un poco más de lo esperado,286,01:50:13,824,2
880,9,,427,03:41:27,1001,1
881,8,Atención muy buena,496,22:45:10,188,1
882,6,,558,23:12:29,965,1
883,9,Tardó un poco más de lo esperado,638,00:40:30,717,1
884,9,Tardó un poco más de lo esperado,66,19:23:11,1085,2
885,9,Tardó un poco más de lo esperado,283,14:23:36,765,1
886,2,Volvería a comprar,545,20:54:10,484,2
887,6,Atención muy buena,641,17:43:01,931,1
888,10,Tardó un poco más de lo esperado,614,03:20:15,417,1
889,10,Tardó un poco más de lo esperado,290,18:15:03,801,2
890,4,Atención muy buena,173,21:30:37,501,1
891,9,Volvería a comprar,91,06:29:00,1358,2
892,6,Entrega rápida y producto excelente,600,18:02:00,1325,2
893,10,Muy conforme con la calidad,361,10:49:39,960,1
894,6,Volvería a comprar,203,06:18:39,637,1
895,2,Muy conforme con la calidad,90,23:40:56,956,2
896,7,Podría mejorar el empaque,460,06:14:41,533,2
897,6,Volvería a comprar,549,23:35:45,1495,1
898,8,Podría mejorar el empaque,500,05:20:05,1025,2
899,10,Podría mejorar el empaque,254,06:07:40,1176,1
900,8,Atención muy buena,88,04:53:22,803,2
901,6,Entrega rápida y producto excelente,160,18:05:00,725,1
902,9,Entrega rápida y producto excelente,547,05:35:44,938,1
903,8,Podría mejorar el empaque,255,19:55:00,1031,1
904,1,Atención muy buena,311,06:56:02,696,1
905,3,,583,16:20:05,237,1
906,10,Entrega rápida y producto excelente,411,22:48:47,1053,1
907,6,Volvería a comprar,461,03:19:20,308,1
908,8,Tardó un poco más de lo esperado,627,07:33:40,672,1
909,8,Entrega rápida y producto excelente,569,00:13:42,1147,2
910,7,Todo perfecto,529,20:07:41,1238,2
911,8,Podría mejorar el empaque,467,10:19:27,460,2
912,10,Podría mejorar el empaque,49,11:47:30,906,2
913,8,Tardó un poco más de lo esperado,19,06:40:47,825,1
914,8,,495,20:38:12,1095,2
915,10,Todo perfecto,416,12:20:44,435,2
916,8,,419,21:16:30,585,2
917,9,Tardó un poco más de lo esperado,248,19:03:40,281,2
918,6,,599,05:23:19,82,2
919,10,Muy conforme con la calidad,124,03:38:36,329,1
920,7,,354,00:09:42,415,1
921,4,,66,00:48:28,1135,1
922,4,Volvería a comprar,127,23:15:19,1021,1
923,4,,,18:52:09,160,1
924,7,Tardó un poco más de lo esperado,384,14:16:54,434,1
925,4,Muy conforme con la calidad,327,11:24:04,357,2
926,7,Todo perfecto,468,12:50:28,1285,1
927,7,Muy conforme con la calidad,414,04:58:22,229,1
928,9,,160,20:57:57,420,1
929,8,Tardó un poco más de lo esperado,355,12:03:30,2,2
930,10,Todo perfecto,216,03:11:44,47,1
931,6,Tardó un poco más de lo esperado,487,04:57:20,1163,1
932,9,Entrega rápida y producto excelente,578,07:31:34,1423,1
933,4,Todo perfecto,226,00:19:39,615,1
934,7,Muy conforme con la calidad,,15:12:29,1149,1
935,8,Muy conforme con la calidad,272,15:31:35,628,1
936,5,Volvería a comprar,375,17:41:37,1247,1
937,9,Tardó un poco más de lo esperado,537,22:49:48,458,1
938,10,Entrega rápida y producto excelente,522,10:15:12,95,2
939,7,Atención muy buena,58,17:52:26,1002,1
940,1,Podría mejorar el empaque,420,12:29:53,488,2
941,4,Volvería a comprar,583,16:48:16,851,2
942,7,Entrega rápida y producto excelente,426,02:36:55,509,2
943,10,Muy conforme con la calidad,444,01:38:52,888,1
944,9,Atención muy buena,171,14:38:35,1268,2
945,9,Muy conforme con la calidad,228,11:11:37,507,2
946,10,Tardó un poco más de lo esperado,522,02:05:24,387,2
947,2,Tardó un poco más de lo esperado,319,10:41:57,670,1
948,9,,573,21:20:14,186,1
949,9,Podría mejorar el empaque,211,22:48:51,1235,1
950,10,Muy conforme con la calidad,221,01:29:20,418,1
951,6,Volvería a comprar,204,06:40:14,196,1
952,10,,82,18:07:59,304,1
953,9,,365,21:07:23,1434,2
954,10,Volvería a comprar,508,15:05:33,453,2
955,4,Tardó un poco más de lo esperado,236,02:15:24,1040,2
956,10,Atención muy buena,502,18:46:22,107,1
957,8,Muy conforme con la calidad,444,02:31:49,887,2
958,10,,482,20:37:47,837,1
959,9,Todo perfecto,499,15:13:21,1327,1
960,9,Podría mejorar el empaque,108,10:16:03,836,1
961,8,Podría mejorar el empaque,511,07:20:42,1413,1
962,9,Atención muy buena,64,22:33:48,621,2
963,6,,244,05:27:19,947,1
964,8,Entrega rápida y producto excelente,30,06:25:32,1015,1
965,9,Muy conforme con la calidad,542,11:46:08,458,2
966,9,,596,14:40:40,1462,1
967,3,Todo perfecto,283,05:40:46,289,2
968,0,Podría mejorar el empaque,64,16:58:23,1318,2
969,6,Todo perfecto,51,01:04:31,720,2
970,7,Entrega rápida y producto excelente,299,13:22:29,350,2
971,8,Volvería a comprar,49,18:23:14,1276,1
972,10,,414,05:53:07,1141,2
973,10,,471,00:56:04,640,2
974,8,Todo perfecto,616,20:03:39,8,2
975,8,,392,05:42:51,666,2
976,10,Podría mejorar el empaque,300,20:51:32,1451,1
977,6,Muy conforme con la calidad,473,21:02:03,384,1
978,10,Atención muy buena,287,14:53:11,1130,1
979,8,Entrega rápida y producto excelente,104,15:16:18,547,1
980,10,Tardó un poco más de lo esperado,512,07:13:26,1228,1
981,9,Todo perfecto,618,22:52:02,1209,1
982,9,Entrega rápida y producto excelente,481,13:40:23,1489,1
983,10,Todo perfecto,436,20:50:23,4,1
984,9,Atención muy buena,226,01:57:11,760,1
985,9,Entrega rápida y producto excelente,158,02:57:29,286,1
986,10,Atención muy buena,417,09:49:32,951,1
987,10,Atención muy buena,585,01:54:14,487,2
988,2,Atención muy buena,41,08:28:13,1218,2
989,5,Entrega rápida y producto excelente,561,00:53:54,522,1
990,8,Podría mejorar el empaque,428,01:54:59,468,1
991,10,Entrega rápida y producto excelente,153,06:17:42,703,2
992,9,Atención muy buena,361,11:52:45,1000,1
993,10,,474,09:30:57,137,2
994,9,,304,04:01:45,168,2
995,10,,328,00:42:14,452,2
996,2,Tardó un poco más de lo esperado,383,10:00:09,1210,2
997,10,Podría mejorar el empaque,570,13:34:10,599,2
998,10,Tardó un poco más de lo esperado,533,01:17:36,734,1
999,9,Atención muy buena,613,01:47:15,27,2
1000,10,Tardó un poco más de lo esperado,149,22:16:40,1186,1
1001,5,Entrega rápida y producto excelente,538,08:02:35,1227,2
1002,9,Muy conforme con la calidad,204,17:36:40,1338,2
1003,7,Entrega rápida y producto excelente,546,20:10:39,1275,2
1004,6,Todo perfecto,444,22:59:08,934,1
1005,10,Tardó un poco más de lo esperado,188,00:00:15,883,2
1006,8,,320,12:40:21,624,1
1007,7,Podría mejorar el empaque,588,16:22:33,1272,1
1008,10,,371,05:24:55,746,2
1009,8,Tardó un poco más de lo esperado,132,19:03:47,858,1
1010,10,Volvería a comprar,537,11:16:51,393,1
1011,10,Entrega rápida y producto excelente,189,10:35:26,990,1
1012,7,Volvería a comprar,316,12:39:51,769,1
1013,2,Muy conforme con la calidad,271,16:02:59,496,1
1014,7,Tardó un poco más de lo esperado,54,14:46:37,401,1
1015,10,Todo perfecto,130,02:34:17,1042,1
1016,6,,259,14:20:39,1101,2
1017,9,,303,10:30:00,15,1
1018,7,Podría mejorar el empaque,129,03:57:36,748,1
1019,10,Atención muy buena,,19:08:07,825,1
1020,7,Entrega rápida y producto excelente,517,21:29:44,957,2
1021,3,Tardó un poco más de lo esperado,387,08:31:15,528,1
1022,1,Volvería a comprar,381,10:21:36,1422,1
1023,5,Entrega rápida y producto excelente,,01:31:39,71,1
1024,5,Tardó un poco más de lo esperado,221,16:37:43,1375,2
1025,9,Entrega rápida y producto excelente,356,13:17:32,504,2
1026,8,Podría mejorar el empaque,111,03:12:14,1257,2
1027,2,Muy conforme con la calidad,233,00:35:34,1165,2
1028,8,Tardó un poco más de lo esperado,466,03:31:10,39,1
1029,3,Muy conforme con la calidad,358,20:56:25,102,2
1030,7,,626,19:37:22,863,1
1031,3,Entrega rápida y producto excelente,133,16:23:38,494,1
1032,5,Muy conforme con la calidad,474,05:58:13,1132,1
1033,9,Volvería a comprar,134,11:14:58,723,1
1034,9,Podría mejorar el empaque,33,10:59:12,280,2
1035,8,Todo perfecto,534,13:41:36,765,1
1036,1,Todo perfecto,155,19:23:07,778,1
1037,8,Podría mejorar el empaque,178,23:39:23,428,1
1038,7,Podría mejorar el empaque,35,19:27:13,559,2
1039,10,Podría mejorar el empaque,86,20:00:12,1318,2
1040,6,Atención muy buena,412,19:35:21,1451,1
1041,4,Todo perfecto,55,13:38:09,994,1
1042,5,Atención muy buena,117,13:29:47,311,1
1043,8,Atención muy buena,590,08:37:51,282,1
1044,9,Todo perfecto,280,13:37:34,94,2
1045,9,Muy conforme con la calidad,85,17:08:50,1359,1
1046,8,,354,01:51:00,1400,2
1047,7,Todo perfecto,55,17:09:41,244,2
1048,8,Muy conforme con la calidad,,10:20:11,295,1
1049,1,,316,12:19:29,731,1
1050,7,Tardó un poco más de lo esperado,475,03:37:17,1191,2
1051,8,Atención muy buena,434,12:47:01,1104,1
1052,7,Volvería a comprar,558,01:34:33,489,2
1053,7,Muy conforme con la calidad,605,20:47:43,1096,2
1054,1,Volvería a comprar,440,23:15:07,1253,1
1055,8,,239,12:22:53,987,1
1056,8,Todo perfecto,76,19:21:15,43,1
1057,9,Podría mejorar el empaque,565,15:28:42,268,1
1058,9,Tardó un poco más de lo esperado,241,17:18:20,1045,1
1059,4,,228,18:48:50,1410,1
1060,10,Atención muy buena,321,06:37:27,859,1
1061,7,Entrega rápida y producto excelente,189,02:37:56,353,1
1062,10,Volvería a comprar,306,08:42:45,350,2
1063,3,,55,09:33:22,663,2
1064,7,Muy conforme con la calidad,61,11:05:16,601,1
1065,6,Volvería a comprar,305,07:46:40,468,1
1066,10,Tardó un poco más de lo esperado,595,03:53:15,975,2
1067,10,Muy conforme con la calidad,532,21:37:43,1041,2
1068,6,Atención muy buena,564,11:14:35,439,2
1069,8,Volvería a comprar,495,12:37:30,1120,1
1070,9,,363,10:14:34,948,1
1071,7,Muy conforme con la calidad,620,07:31:49,1090,2
1072,0,Muy conforme con la calidad,597,15:49:56,771,1
1073,7,Muy conforme con la calidad,359,19:27:49,1337,2
1074,5,Podría mejorar el empaque,296,22:48:27,1269,2
1075,10,Entrega rápida y producto excelente,560,15:03:43,1052,1
1076,5,Podría mejorar el empaque,487,11:30:52,628,1
1077,8,Podría mejorar el empaque,480,19:34:04,589,2
1078,0,,556,18:23:49,326,1
1079,9,Volvería a comprar,419,13:06:41,1463,1
1080,3,Todo perfecto,554,23:47:24,1131,2
1081,10,Todo perfecto,294,18:59:31,688,1
1082,6,Todo perfecto,417,16:47:19,1135,1
1083,8,Entrega rápida y producto excelente,429,01:31:41,516,2
1084,4,Atención muy buena,602,01:47:28,1019,2
1085,4,,520,08:42:16,1009,1
1086,9,Todo perfecto,503,08:55:14,1015,2
1087,9,,522,08:33:36,234,1
1088,3,Muy conforme con la calidad,211,12:30:10,699,1
1089,2,Entrega rápida y producto excelente,135,18:32:30,807,2
1090,9,Podría mejorar el empaque,196,07:35:13,945,2
1091,7,Atención muy buena,470,18:17:15,264,1
1092,7,Tardó un poco más de lo esperado,333,04:54:07,405,2
1093,7,,517,17:21:29,549,1
1094,4,Atención muy buena,196,16:45:51,365,1
1095,5,Podría mejorar el empaque,562,00:45:19,1208,1
1096,9,Entrega rápida y producto excelente,363,03:16:55,1005,1
1097,5,Todo perfecto,191,02:13:34,1437,1
1098,9,Todo perfecto,267,14:31:51,396,1
1099,2,Entrega rápida y producto excelente,369,19:41:00,711,1
1100,9,Atención muy buena,539,14:51:11,497,1
1101,10,Muy conforme con la calidad,20,01:08:30,37,1
1102,8,Entrega rápida y producto excelente,241,16:27:24,380,1
1103,5,Muy conforme con la calidad,606,20:34:35,535,2
1104,8,Volvería a comprar,175,06:47:07,651,2
1105,9,Entrega rápida y producto excelente,297,14:24:56,1085,1
1106,8,Muy conforme con la calidad,342,12:43:27,1238,2
1107,6,Muy conforme con la calidad,598,13:25:52,184,1
1108,7,Entrega rápida y producto excelente,638,05:39:09,498,2
1109,7,Atención muy buena,251,03:51:51,1117,2
1110,10,Podría mejorar el empaque,590,10:33:42,469,1
1111,5,Entrega rápida y producto excelente,217,05:28:28,815,1
1112,10,Tardó un poco más de lo esperado,233,02:04:34,282,2
1113,9,,367,07:59:17,335,2
1114,6,Todo perfecto,383,18:47:46,261,1
1115,7,,392,16:46:44,540,2
1116,6,Atención muy buena,293,04:54:06,989,1
1117,9,Atención muy buena,586,10:09:25,354,1
1118,1,,515,17:15:22,487,1
1119,9,Podría mejorar el empaque,249,04:59:33,553,2
1120,7,Podría mejorar el empaque,492,17:32:27,1111,2
1121,1,Volvería a comprar,213,01:50:26,293,1
1122,7,Volvería a comprar,435,05:03:37,814,1
1123,7,Todo perfecto,51,14:49:23,444,2
1124,8,Volvería a comprar,554,13:07:51,69,2
1125,8,Entrega rápida y producto excelente,440,04:40:46,1074,1
1126,3,Entrega rápida y producto excelente,172,04:28:30,121,2
1127,3,Podría mejorar el empaque,368,08:06:26,1418,2
1128,4,Entrega rápida y producto excelente,436,20:22:41,1317,2
1129,8,,221,17:23:51,317,1
1130,9,Muy conforme con la calidad,539,23:42:42,1159,2
1131,9,Podría mejorar el empaque,574,13:50:02,876,1
1132,8,Atención muy buena,471,03:02:45,159,2
1133,8,Entrega rápida y producto excelente,135,07:13:22,1246,2
1134,9,Todo perfecto,350,07:15:53,831,1
1135,9,,376,23:41:45,14,2
1136,8,Tardó un poco más de lo esperado,319,02:55:01,52,2
1137,0,,151,16:41:19,63,1
1138,7,Entrega rápida y producto excelente,207,05:35:00,714,2
1139,9,Atención muy buena,243,03:49:51,276,2
1140,7,Muy conforme con la calidad,97,05:12:27,165,2
1141,7,Podría mejorar el empaque,65,12:44:42,361,1
1142,8,Podría mejorar el empaque,189,01:15:04,1339,1
1143,9,Muy conforme con la calidad,20,17:02:05,56,2
1144,2,Entrega rápida y producto excelente,636,07:33:29,665,2
1145,10,Todo perfecto,137,18:22:31,1475,1
1146,7,Atención muy buena,453,04:26:38,1356,1
1147,8,,301,08:47:10,142,2
1148,8,Podría mejorar el empaque,613,00:18:19,466,2
1149,7,Tardó un poco más de lo esperado,317,04:51:36,1169,1
1150,9,Tardó un poco más de lo esperado,376,09:59:00,634,1
1151,9,Muy conforme con la calidad,9,04:38:02,209,2
1152,9,Podría mejorar el empaque,345,10:57:06,1157,1
1153,8,Podría mejorar el empaque,424,10:40:54,1258,1
1154,0,Todo perfecto,95,07:25:26,663,1
1155,8,Tardó un poco más de lo esperado,121,15:20:07,785,1
1156,8,Todo perfecto,364,20:12:43,267,2
1157,6,Entrega rápida y producto excelente,640,04:52:14,655,1
1158,7,Atención muy buena,350,02:46:27,757,1
1159,9,Atención muy buena,579,00:45:49,1329,1
1160,10,Muy conforme con la calidad,506,08:33:22,542,1
1161,8,Podría mejorar el empaque,47,09:06:15,316,2
1162,1,,571,03:40:39,398,1
1163,8,Entrega rápida y producto excelente,537,00:44:31,964,1
1164,10,Volvería a comprar,321,10:31:27,854,2
1165,7,Atención muy buena,112,05:44:09,1065,2
1166,9,Muy conforme con la calidad,245,23:08:52,359,1
1167,4,Volvería a comprar,121,13:39:25,174,1
1168,9,Podría mejorar el empaque,367,15:47:41,1333,1
1169,0,,143,02:42:30,901,2
1170,10,Podría mejorar el empaque,120,15:36:13,977,1
1171,7,Atención muy buena,510,11:32:29,757,1
1172,9,,293,14:28:12,1029,1
1173,8,Muy conforme con la calidad,445,12:58:42,904,1
1174,5,,510,01:15:21,716,1
1175,8,,407,17:49:48,1463,2
1176,9,Tardó un poco más de lo esperado,400,14:15:47,800,2
1177,8,,400,20:59:05,1366,2
1178,8,Entrega rápida y producto excelente,271,21:19:25,1009,1
1179,8,Podría mejorar el empaque,625,19:03:46,487,2
1180,9,Todo perfecto,157,18:24:12,970,1
1181,10,,272,18:04:59,1127,1
1182,6,Atención muy buena,274,17:00:48,22,1
1183,9,Todo perfecto,347,11:47:16,1401,1
1184,10,Muy conforme con la calidad,100,03:58:24,571,2
1185,7,Podría mejorar el empaque,107,08:43:21,1061,1
1186,8,Muy conforme con la calidad,436,17:05:23,143,1
1187,1,,572,07:25:53,712,1
1188,6,,474,05:46:11,649,1
1189,8,Volvería a comprar,512,01:23:44,317,1
1190,7,Atención muy buena,499,10:44:17,16,2
1191,9,Muy conforme con la calidad,336,08:22:31,175,2
1192,5,,212,12:50:56,694,2
1193,9,Muy conforme con la calidad,232,11:59:55,1377,1
1194,5,Todo perfecto,71,21:53:13,653,2
1195,8,Todo perfecto,383,03:03:08,1328,1
1196,8,,407,02:52:53,850,1
1197,10,Muy conforme con la calidad,85,16:36:06,1043,2
1198,9,Tardó un poco más de lo esperado,160,14:22:21,120,2
1199,1,Podría mejorar el empaque,177,23:46:32,374,1
1200,10,Entrega rápida y producto excelente,509,05:33:49,1023,2
1201,4,Muy conforme con la calidad,242,04:47:21,1435,1
1202,4,Volvería a comprar,122,00:46:00,1022,2
1203,5,Atención muy buena,483,09:47:30,397,2
1204,1,Tardó un poco más de lo esperado,423,11:44:26,539,1
1205,7,Podría mejorar el empaque,119,01:51:51,662,2
1206,7,Podría mejorar el empaque,405,22:47:26,413,2
1207,7,,269,19:51:25,978,1
1208,8,Todo perfecto,70,16:15:58,94,1
1209,9,Volvería a comprar,378,07:17:21,593,2
1210,10,Podría mejorar el empaque,,11:00:54,3,1
1211,9,Muy conforme con la calidad,61,12:53:15,986,1
1212,5,Tardó un poco más de lo esperado,569,21:09:21,1097,1
1213,8,Podría mejorar el empaque,39,08:13:22,1298,2
1214,0,,56,17:46:13,968,2
1215,10,Entrega rápida y producto excelente,39,21:07:49,256,2
1216,7,Podría mejorar el empaque,541,03:55:55,165,2
1217,8,Volvería a comprar,100,11:25:59,74,2
1218,9,Entrega rápida y producto excelente,180,22:05:52,610,1
1219,8,Atención muy buena,187,02:13:24,1181,1
1220,7,,567,18:29:10,1198,1
1221,9,Tardó un poco más de lo esperado,645,07:13:11,383,2
1222,4,Tardó un poco más de lo esperado,355,08:24:21,327,1
1223,3,Muy conforme con la calidad,509,03:25:20,1118,1
1224,5,Muy conforme con la calidad,255,10:05:18,1093,2
1225,10,Podría mejorar el empaque,560,15:16:21,348,1
1226,9,Tardó un poco más de lo esperado,463,08:15:53,988,1
1227,8,Atención muy buena,190,18:48:29,1242,1
1228,8,,50,04:06:01,645,2
1229,7,Volvería a comprar,52,16:05:55,1068,1
1230,9,Atención muy buena,542,10:55:56,523,1
1231,0,Muy conforme con la calidad,39,19:31:23,624,1
1232,6,Muy conforme con la calidad,109,09:31:41,705,2
1233,3,Entrega rápida y producto excelente,383,13:06:25,12,2
1234,9,,465,10:47:01,748,1
1235,9,,80,23:14:12,922,2
1236,7,Muy conforme con la calidad,419,01:16:31,637,2
1237,8,Tardó un poco más de lo esperado,421,11:36:08,1225,2
1238,3,Tardó un poco más de lo esperado,15,17:10:11,1336,2
1239,6,Volvería a comprar,394,21:11:36,1006,1
1240,9,Tardó un poco más de lo esperado,287,20:55:37,717,1
1241,5,Entrega rápida y producto excelente,485,00:45:18,1117,1
1242,7,Todo perfecto,614,05:07:48,547,1
1243,6,,97,12:58:00,1073,2
1244,9,Tardó un poco más de lo esperado,612,17:51:00,611,2
1245,7,Muy conforme con la calidad,426,16:53:33,1315,2
1246,10,Todo perfecto,464,12:24:56,881,2
1247,7,Tardó un poco más de lo esperado,260,03:01:20,475,1
1248,5,Muy conforme con la calidad,485,00:12:37,1015,1
1249,7,Entrega rápida y producto excelente,163,07:03:48,574,2
1250,9,,116,15:35:44,71,1
1251,9,Muy conforme con la calidad,635,13:22:49,737,2
1252,4,Atención muy buena,348,03:40:45,1060,2
1253,8,Atención muy buena,105,04:40:22,1145,2
1254,10,Todo perfecto,209,15:19:46,1256,1
1255,9,Tardó un poco más de lo esperado,553,11:41:41,1063,2
1256,0,Volvería a comprar,409,02:23:55,551,1
1257,5,Volvería a comprar,377,09:29:04,248,2
1258,6,,182,18:08:16,831,1
1259,10,Entrega rápida y producto excelente,108,04:15:01,968,2
1260,3,Todo perfecto,110,16:11:16,1010,1
1261,10,Tardó un poco más de lo esperado,91,00:48:33,509,2
1262,8,Podría mejorar el empaque,421,07:29:58,767,2
1263,8,Podría mejorar el empaque,430,01:42:06,795,1
1264,8,,437,06:47:21,712,1
1265,9,Entrega rápida y producto excelente,149,16:12:31,273,1
1266,6,Todo perfecto,195,21:57:25,818,1
1267,6,,71,06:35:08,513,2
1268,10,Todo perfecto,145,23:37:12,1026,2
1269,8,,510,09:38:11,1347,2
1270,2,Entrega rápida y producto excelente,70,14:31:08,258,1
1271,10,Atención muy buena,457,03:13:30,1010,1
1272,7,Tardó un poco más de lo esperado,281,01:18:12,220,2
1273,8,Volvería a comprar,417,14:00:38,1048,1
1274,8,,55,00:20:03,1300,1
1275,8,Volvería a comprar,463,08:09:04,262,2
1276,10,Volvería a comprar,210,19:51:22,1141,2
1277,8,Tardó un poco más de lo esperado,24,22:46:08,1234,2
1278,8,Volvería a comprar,361,16:11:21,554,1
1279,9,Entrega rápida y producto excelente,144,21:59:24,730,1
1280,9,Podría mejorar el empaque,106,10:44:23,578,2
1281,8,Todo perfecto,638,06:53:21,1133,1
1282,9,Muy conforme con la calidad,422,05:23:53,272,1
1283,7,Todo perfecto,122,11:03:56,705,1
1284,3,Volvería a comprar,566,11:40:40,1304,2
1285,5,Podría mejorar el empaque,161,10:37:15,1274,2
1286,1,Volvería a comprar,572,01:58:37,38,1
1287,1,Atención muy buena,334,23:59:34,1037,2
1288,10,Tardó un poco más de lo esperado,549,21:24:57,1438,1
1289,9,,349,16:57:20,621,1
1290,7,Todo perfecto,520,07:38:30,177,1
1291,6,Atención muy buena,37,13:16:08,1116,2
1292,6,Muy conforme con la calidad,59,17:16:56,537,2
1293,10,Todo perfecto,446,21:26:47,233,2
1294,9,Tardó un poco más de lo esperado,506,16:40:10,358,1
1295,6,Atención muy buena,266,07:26:58,544,1
1296,7,Muy conforme con la calidad,385,12:01:56,694,2
1297,6,,547,11:16:09,1267,2
1298,10,,350,11:07:54,491,1
1299,10,Volvería a comprar,537,09:40:04,536,1
1300,6,Podría mejorar el empaque,267,21:03:06,403,1
1301,9,Volvería a comprar,587,02:10:42,856,1
1302,7,Todo perfecto,50,05:08:13,184,2
1303,10,Todo perfecto,14,18:20:27,349,1
1304,4,Atención muy buena,342,07:50:47,356,1
1305,8,Podría mejorar el empaque,311,18:23:23,818,2
1306,4,Todo perfecto,256,04:20:42,1251,2
1307,8,Tardó un poco más de lo esperado,641,19:54:27,85,2
1308,10,Podría mejorar el empaque,388,09:51:55,255,1
1309,8,Entrega rápida y producto excelente,455,18:16:53,929,2
1310,6,Muy conforme con la calidad,269,22:33:24,541,2
1311,4,,608,19:52:05,116,2
1312,8,Todo perfecto,467,04:31:41,402,1
1313,3,Entrega rápida y producto excelente,120,04:01:45,922,2
1314,6,,54,06:27:13,1484,2
1315,1,Muy conforme con la calidad,228,18:55:04,986,1
1316,6,Entrega rápida y producto excelente,360,08:03:46,155,1
1317,7,Tardó un poco más de lo esperado,163,03:28:52,138,1
1318,9,,22,13:58:11,556,1
1319,6,,639,08:31:23,401,1
1320,0,Muy conforme con la calidad,611,21:05:20,267,2
1321,6,,230,19:58:56,776,1
1322,7,,430,12:40:02,186,1
1323,0,Muy conforme con la calidad,41,19:10:09,1330,1
1324,9,Muy conforme con la calidad,26,03:58:31,32,1
1325,6,Tardó un poco más de lo esperado,303,21:16:05,7,1
1326,9,Muy conforme con la calidad,28,20:36:13,358,1
1327,0,,71,01:11:45,129,1
1328,7,Atención muy buena,540,15:49:31,829,2
1329,9,Todo perfecto,222,07:17:33,1129,2
1330,6,Entrega rápida y producto excelente,409,08:13:38,1297,1
1331,10,Atención muy buena,355,04:54:20,1001,1
1332,9,Muy conforme con la calidad,67,20:34:40,1222,2
1333,6,Entrega rápida y producto excelente,119,15:48:46,961,1
1334,9,Volvería a comprar,219,12:41:07,147,1
1335,9,Entrega rápida y producto excelente,535,12:34:31,1439,1
1336,10,Atención muy buena,461,15:34:31,880,2
1337,10,Entrega rápida y producto excelente,437,00:07:59,208,2
1338,8,,242,09:35:46,1240,2
1339,9,Tardó un poco más de lo esperado,604,08:22:52,956,2
1340,3,Volvería a comprar,527,14:38:54,1212,2
1341,9,Podría mejorar el empaque,572,12:15:57,112,1
1342,10,Todo perfecto,530,18:00:24,999,1
1343,10,Atención muy buena,443,18:10:10,1381,1
1344,8,,261,23:04:19,935,2
1345,10,Todo perfecto,435,02:53:35,1412,1
1346,7,Podría mejorar el empaque,641,20:21:33,296,1
1347,3,Entrega rápida y producto excelente,54,06:35:27,933,1
1348,9,Volvería a comprar,637,16:29:18,954,1
1349,7,Tardó un poco más de lo esperado,297,14:44:48,269,2
1350,5,Volvería a comprar,593,20:25:07,281,2
1351,8,Muy conforme con la calidad,525,08:09:53,359,2
1352,9,,545,02:41:44,492,1
1353,5,Podría mejorar el empaque,508,21:32:52,489,2
1354,7,Entrega rápida y producto excelente,558,03:23:34,386,2
1355,7,Entrega rápida y producto excelente,599,20:00:52,1329,1
1356,5,Volvería a comprar,57,09:14:13,649,2
1357,9,Tardó un poco más de lo esperado,503,20:46:38,684,1
1358,8,,638,17:56:08,928,2
1359,5,Muy conforme con la calidad,511,01:13:34,1096,1
1360,10,Muy conforme con la calidad,542,13:27:06,546,1
1361,10,,84,09:02:26,121,1
1362,10,Volvería a comprar,168,09:42:27,400,2
1363,10,Tardó un poco más de lo esperado,28,07:10:04,383,1
1364,9,,132,22:42:44,518,1
1365,9,Atención muy buena,440,17:55:49,1130,2
1366,5,Todo perfecto,622,22:28:57,921,2
1367,8,,264,04:12:49,42,1
1368,2,Muy conforme con la calidad,208,01:56:46,1459,1
1369,0,Atención muy buena,631,14:44:00,1172,2
1370,7,Podría mejorar el empaque,613,21:17:17,300,1
1371,10,Todo perfecto,56,21:48:03,23,2
1372,5,Muy conforme con la calidad,617,16:52:19,321,1
1373,8,,361,06:44:16,426,1
1374,9,Volvería a comprar,563,03:49:14,594,2
1375,9,Podría mejorar el empaque,191,21:43:11,1483,2
1376,9,,,20:33:14,1003,1
1377,5,Todo perfecto,512,19:47:36,457,2
1378,9,Podría mejorar el empaque,63,14:26:09,746,1
1379,9,Volvería a comprar,169,06:57:15,150,2
1380,8,Volvería a comprar,134,11:11:19,1313,1
1381,10,Muy conforme con la calidad,180,20:07:39,1087,2
1382,9,Todo perfecto,508,16:05:42,835,1
1383,3,,399,18:29:42,1149,2
1384,9,Entrega rápida y producto excelente,137,16:02:53,587,2
1385,7,Todo perfecto,415,06:49:53,257,1
1386,0,Atención muy buena,333,06:41:11,1127,1
1387,8,Entrega rápida y producto excelente,580,20:13:41,1332,1
1388,0,Podría mejorar el empaque,,20:26:52,961,1
1389,9,,403,09:04:12,85,2
1390,8,Atención muy buena,629,20:46:00,461,2
1391,4,Volvería a comprar,115,19:51:09,302,2
1392,9,,527,12:07:35,1239,1
1393,10,,501,21:35:10,633,2
1394,9,Muy conforme con la calidad,246,08:46:20,1475,2
1395,9,,593,12:09:38,1377,1
1396,3,Entrega rápida y producto excelente,156,17:21:27,719,1
1397,7,Muy conforme con la calidad,347,04:42:27,390,1
1398,3,Podría mejorar el empaque,578,20:13:59,541,1
1399,7,Atención muy buena,215,10:11:56,1181,1
1400,7,Atención muy buena,391,19:16:04,1022,1
1401,7,,353,05:47:17,485,1
1402,7,Tardó un poco más de lo esperado,43,03:50:49,1011,1
1403,6,Atención muy buena,362,01:27:11,771,1
1404,0,Entrega rápida y producto excelente,621,23:09:24,478,2
1405,5,Volvería a comprar,191,10:47:37,529,2
1406,10,Muy conforme con la calidad,120,11:09:57,73,1
1407,5,Atención muy buena,624,09:03:20,615,1
1408,5,,478,23:37:30,1048,2
1409,3,Atención muy buena,138,05:18:10,1292,1
1410,10,Tardó un poco más de lo esperado,343,18:55:30,1429,1
1411,9,,306,03:43:32,1353,1
1412,8,Atención muy buena,415,15:01:09,1322,1
1413,7,Muy conforme con la calidad,38,02:31:06,325,1
1414,7,,440,14:11:47,1004,1
1415,9,Tardó un poco más de lo esperado,549,23:12:58,509,2
1416,8,Entrega rápida y producto excelente,308,03:48:44,1498,1
1417,4,Tardó un poco más de lo esperado,425,16:00:00,166,2
1418,8,Podría mejorar el empaque,613,13:04:02,971,2
1419,8,,552,07:41:03,1301,2
1420,9,Muy conforme con la calidad,,17:17:46,573,2
1421,7,Muy conforme con la calidad,216,06:25:42,730,2
1422,9,Atención muy buena,436,03:43:37,650,2
1423,9,Muy conforme con la calidad,281,09:17:43,873,1
1424,9,Podría mejorar el empaque,644,20:30:40,658,2
1425,1,Tardó un poco más de lo esperado,247,15:23:50,991,2
1426,3,,642,09:48:56,106,2
1427,10,Tardó un poco más de lo esperado,617,02:21:08,270,2
1428,6,Muy conforme con la calidad,441,12:00:17,833,1
1429,6,Tardó un poco más de lo esperado,236,13:50:08,604,1
1430,7,Tardó un poco más de lo esperado,257,22:14:23,1051,2
1431,10,Tardó un poco más de lo esperado,643,11:19:16,212,2
1432,8,Volvería a comprar,47,09:51:16,1149,1
1433,8,Atención muy buena,269,11:20:59,456,2
1434,7,Todo perfecto,482,11:57:07,859,2
1435,5,Podría mejorar el empaque,345,09:49:15,728,2
1436,9,Volvería a comprar,196,16:00:14,1062,1
1437,7,Podría mejorar el empaque,163,14:25:13,995,1
1438,8,Tardó un poco más de lo esperado,490,12:02:13,1173,1
1439,4,Tardó un poco más de lo esperado,216,15:36:16,1375,1
1440,3,Volvería a comprar,155,04:46:39,1073,2
1441,7,Tardó un poco más de lo esperado,639,01:03:53,767,1
1442,8,Volvería a comprar,462,20:07:32,969,2
1443,10,Todo perfecto,428,11:23:47,466,2
1444,6,Atención muy buena,432,20:21:33,658,1
1445,1,Tardó un poco más de lo esperado,297,09:48:01,503,2
1446,0,Entrega rápida y producto excelente,559,04:11:46,810,2
1447,7,Volvería a comprar,118,08:43:48,1161,2
1448,7,Podría mejorar el empaque,93,11:30:22,373,2
1449,6,Entrega rápida y producto excelente,93,17:16:19,467,1
1450,8,Todo perfecto,280,05:42:05,165,1
1451,7,Atención muy buena,546,08:30:36,1212,2
1452,5,Entrega rápida y producto excelente,426,03:13:21,237,1
1453,10,Volvería a comprar,238,17:48:00,447,2
1454,3,Atención muy buena,439,03:19:16,272,1
1455,7,Podría mejorar el empaque,375,10:48:54,690,2
1456,7,Todo perfecto,42,02:11:43,254,1
1457,8,Muy conforme con la calidad,233,02:13:50,639,2
1458,10,Entrega rápida y producto excelente,319,09:19:16,1257,2
1459,7,,303,03:39:11,1322,2
1460,9,Podría mejorar el empaque,411,22:42:08,1418,2
1461,5,Todo perfecto,617,18:08:02,1163,1
1462,7,Podría mejorar el empaque,338,08:09:15,1237,1
1463,10,Tardó un poco más de lo esperado,329,23:28:11,1313,1
1464,7,Entrega rápida y producto excelente,195,04:59:13,558,2
1465,8,Tardó un poco más de lo esperado,463,20:33:40,806,2
1466,9,,157,01:48:08,362,1
1467,7,,533,19:49:42,8,1
1468,5,Podría mejorar el empaque,327,23:26:31,54,2
1469,3,Todo perfecto,90,09:29:20,554,2
1470,9,Volvería a comprar,439,14:45:27,1409,1
1471,6,Atención muy buena,279,12:26:22,259,2
1472,9,Muy conforme con la calidad,96,20:53:59,1397,1
1473,10,Entrega rápida y producto excelente,508,22:00:59,1378,2
1474,8,Entrega rápida y producto excelente,268,02:05:17,1170,2
1475,10,Podría mejorar el empaque,607,12:13:48,224,2
1476,7,,304,12:44:16,1127,1
1477,9,Todo perfecto,155,20:45:33,1321,2
1478,6,Podría mejorar el empaque,304,02:45:22,1371,2
1479,8,,198,08:38:56,726,1
1480,4,Entrega rápida y producto excelente,340,03:16:10,874,2
1481,5,Volvería a comprar,324,21:08:52,370,2
1482,9,Todo perfecto,93,13:50:45,712,1
1483,9,Podría mejorar el empaque,352,06:49:56,1315,2
1484,6,Muy conforme con la calidad,104,18:31:00,1494,2
1485,8,Muy conforme con la calidad,121,06:29:45,578,1
1486,8,,568,03:49:23,380,2
1487,7,Todo perfecto,319,03:12:44,969,1
1488,7,Muy conforme con la calidad,205,18:23:46,233,2
1489,7,Tardó un poco más de lo esperado,35,10:22:02,1027,2
1490,10,Muy conforme con la calidad,551,01:26:27,130,1
1491,10,Todo perfecto,,09:04:32,688,1
1492,7,Entrega rápida y producto excelente,303,03:34:43,415,2
1493,1,Entrega rápida y producto excelente,252,16:35:26,691,2
1494,9,Muy conforme con la calidad,139,13:02:00,254,1
1495,10,Atención muy buena,471,23:01:38,966,1
1496,9,Tardó un poco más de lo esperado,625,22:40:08,516,2
1497,6,,64,08:51:52,40,1
1498,9,,488,09:09:02,28,2
1499,8,Atención muy buena,43,13:21:39,464,2
1500,10,Podría mejorar el empaque,302,07:21:21,1244,1
1501,10,,464,02:57:04,904,2
1502,8,Entrega rápida y producto excelente,566,06:29:29,371,1
1503,9,Atención muy buena,349,15:30:06,385,2
1504,7,Atención muy buena,436,02:58:24,655,1
1505,10,Atención muy buena,253,04:42:04,973,2
1506,3,Entrega rápida y producto excelente,439,15:24:47,159,1
1507,9,Atención muy buena,50,15:33:25,325,2
1508,7,Todo perfecto,132,12:16:11,908,1
1509,10,Muy conforme con la calidad,133,13:39:33,1022,1
1510,10,Tardó un poco más de lo esperado,213,07:46:04,410,2
1511,8,Todo perfecto,175,18:56:10,743,2
1512,8,Todo perfecto,478,14:34:32,937,1
1513,10,Tardó un poco más de lo esperado,446,21:06:34,1301,1
1514,5,Volvería a comprar,293,12:37:19,1313,1
1515,10,Volvería a comprar,527,06:43:38,1245,2
1516,10,Entrega rápida y producto excelente,233,01:30:57,519,1
1517,0,Atención muy buena,410,21:40:10,832,1
1518,2,Entrega rápida y producto excelente,121,11:45:06,37,1
1519,10,,510,00:02:27,602,2
1520,2,Entrega rápida y producto excelente,361,00:18:23,621,2
1521,8,Entrega rápida y producto excelente,124,21:22:38,369,2
1522,7,,323,05:43:03,890,2
1523,8,Tardó un poco más de lo esperado,261,05:08:57,334,1
1524,8,Podría mejorar el empaque,351,13:14:04,347,1
1525,10,Tardó un poco más de lo esperado,134,04:55:15,1138,1
1526,8,Todo perfecto,135,06:59:36,1271,1
1527,4,Volvería a comprar,625,15:55:24,509,1
1528,7,Entrega rápida y producto excelente,48,05:09:03,1409,1
1529,6,Todo perfecto,101,16:13:44,875,2
1530,8,Atención muy buena,396,15:40:38,867,2
1531,5,Todo perfecto,329,06:27:05,111,1
1532,8,Muy conforme con la calidad,451,19:39:50,1486,1
1533,10,Atención muy buena,597,19:42:56,1084,2
1534,8,Podría mejorar el empaque,463,21:24:42,780,2
1535,1,Todo perfecto,354,18:45:51,1037,1
1536,5,,52,23:20:43,592,1
1537,10,Tardó un poco más de lo esperado,627,20:55:25,1010,1
1538,3,Entrega rápida y producto excelente,498,07:07:07,1292,1
1539,5,Todo perfecto,69,22:49:36,594,1
1540,9,Atención muy buena,96,12:04:19,1453,1
1541,10,Volvería a comprar,45,06:15:50,119,1
1542,1,,243,07:30:09,488,2
1543,3,Muy conforme con la calidad,461,12:11:23,32,2
1544,3,Todo perfecto,105,12:17:44,1340,1
1545,9,Todo perfecto,326,20:03:58,783,1
1546,8,Tardó un poco más de lo esperado,351,05:11:55,72,2
1547,2,Volvería a comprar,217,11:25:19,403,2
1548,9,Tardó un poco más de lo esperado,16,01:20:49,890,2
1549,8,Entrega rápida y producto excelente,263,12:23:09,992,2
1550,6,Podría mejorar el empaque,356,02:47:30,538,2
1551,9,,108,01:18:01,262,1
1552,8,Muy conforme con la calidad,615,08:32:58,1256,2
1553,9,Podría mejorar el empaque,452,16:48:20,704,1
1554,9,Volvería a comprar,458,01:24:23,417,2
1555,9,,543,02:35:43,984,1
1556,7,Podría mejorar el empaque,504,11:35:22,768,1
1557,9,,617,10:36:39,615,1
1558,6,Volvería a comprar,222,21:05:38,995,1
1559,6,,451,17:57:55,56,2
1560,7,Tardó un poco más de lo esperado,222,10:42:07,1440,1
1561,8,Todo perfecto,580,16:43:52,832,1
1562,10,Podría mejorar el empaque,345,11:08:52,217,2
1563,9,Volvería a comprar,235,15:49:27,1323,2
1564,8,Atención muy buena,409,14:42:07,803,1
1565,10,Volvería a comprar,374,10:12:25,512,1
1566,10,Volvería a comprar,247,05:40:52,952,2
1567,10,,410,01:45:35,1433,1
1568,9,Tardó un poco más de lo esperado,496,06:32:58,824,2
1569,7,Volvería a comprar,342,19:03:15,384,1
1570,8,Volvería a comprar,254,06:53:28,1029,2
1571,8,Tardó un poco más de lo esperado,425,18:17:37,297,2
1572,6,Todo perfecto,490,03:20:57,1101,1
1573,2,Tardó un poco más de lo esperado,101,20:04:31,464,2
1574,7,Atención muy buena,306,20:08:00,727,1
1575,8,Entrega rápida y producto excelente,38,16:00:36,71,1
1576,8,Tardó un poco más de lo esperado,92,15:03:18,520,2
1577,9,Podría mejorar el empaque,375,13:00:08,930,1
1578,8,Entrega rápida y producto excelente,489,22:52:56,447,1
1579,8,Tardó un poco más de lo esperado,326,03:34:24,900,1
1580,8,Atención muy buena,467,19:29:40,304,1
1581,8,Podría mejorar el empaque,620,19:54:54,954,2
1582,5,Muy conforme con la calidad,493,14:26:36,765,1
1583,5,Podría mejorar el empaque,611,17:40:41,731,1
1584,7,,632,03:42:04,938,1
1585,3,Podría mejorar el empaque,575,10:31:24,105,1
1586,7,Atención muy buena,603,02:21:03,1346,1
1587,5,Atención muy buena,212,11:19:42,563,2
1588,7,Todo perfecto,497,11:34:31,41,1
1589,7,Volvería a comprar,99,04:30:49,947,1
1590,9,Muy conforme con la calidad,199,22:21:58,1259,2
1591,7,Entrega rápida y producto excelente,368,11:17:50,110,1
1592,6,,163,12:31:55,375,2
1593,5,Atención muy buena,389,18:01:22,229,1
1594,8,Todo perfecto,238,05:40:01,425,1
1595,9,Muy conforme con la calidad,400,15:10:20,1452,2
1596,10,,422,12:37:45,366,1
1597,9,Todo perfecto,283,22:06:00,983,2
1598,10,Entrega rápida y producto excelente,284,22:43:57,1418,2
1599,10,Tardó un poco más de lo esperado,396,07:40:21,943,1
1600,10,Podría mejorar el empaque,554,10:39:12,1162,1
1601,10,Podría mejorar el empaque,55,03:36:46,117,2
1602,9,,165,12:05:49,68,1
1603,10,Volvería a comprar,586,10:56:28,763,1
1604,8,Muy conforme con la calidad,23,08:47:33,45,1
1605,10,Tardó un poco más de lo esperado,136,23:44:21,930,1
1606,3,Entrega rápida y producto excelente,78,19:03:20,743,1
1607,7,Volvería a comprar,442,16:49:30,578,2
1608,8,Tardó un poco más de lo esperado,440,23:12:36,1409,2
1609,9,Volvería a comprar,241,11:19:06,831,2
1610,9,Podría mejorar el empaque,460,00:46:52,862,2
1611,5,Entrega rápida y producto excelente,65,08:41:09,391,1
1612,9,Tardó un poco más de lo esperado,171,14:45:19,1044,1
1613,8,Todo perfecto,278,05:42:25,539,2
1614,8,Volvería a comprar,402,20:01:31,758,2
1615,5,Volvería a comprar,98,02:46:36,616,2
1616,8,Atención muy buena,495,15:46:34,1281,1
1617,9,Todo perfecto,557,03:36:42,1029,2
1618,10,Muy conforme con la calidad,626,19:16:32,160,1
1619,9,Muy conforme con la calidad,332,00:08:36,1004,2
1620,9,Atención muy buena,308,11:08:17,522,2
1621,8,Todo perfecto,549,05:12:24,474,1
1622,3,Tardó un poco más de lo esperado,211,05:23:37,809,2
1623,6,,393,03:46:03,1000,2
1624,10,Volvería a comprar,217,12:35:50,657,1
1625,8,Todo perfecto,453,11:02:30,1183,1
1626,9,Entrega rápida y producto excelente,631,14:07:40,549,2
1627,10,Tardó un poco más de lo esperado,42,16:46:02,1483,1
1628,8,Tardó un poco más de lo esperado,157,11:36:49,958,1
1629,10,Entrega rápida y producto excelente,188,01:35:29,13,2
1630,10,Tardó un poco más de lo esperado,600,11:48:20,810,1
1631,5,Volvería a comprar,199,18:00:23,1336,1
1632,5,Todo perfecto,102,04:10:08,672,1
1633,8,Podría mejorar el empaque,198,14:14:41,445,1
1634,6,Podría mejorar el empaque,517,10:43:41,1127,2
1635,8,Entrega rápida y producto excelente,281,17:53:50,604,1
1636,7,Entrega rápida y producto excelente,378,08:08:40,433,1
1637,5,Todo perfecto,642,13:53:08,1234,1
1638,6,Todo perfecto,167,17:28:27,70,1
1639,9,Todo perfecto,602,04:58:43,540,1
1640,6,Atención muy buena,421,11:13:36,606,1
1641,9,,428,08:22:50,1351,2
1642,10,Muy conforme con la calidad,372,04:29:25,714,1
1643,7,Entrega rápida y producto excelente,329,19:56:41,1011,2
1644,10,,465,00:52:11,349,2
1645,9,Todo perfecto,41,13:26:18,422,2
1646,8,Muy conforme con la calidad,87,15:41:57,972,2
1647,8,Atención muy buena,245,14:05:08,1008,2
1648,2,Muy conforme con la calidad,330,23:08:34,14,1
1649,7,Atención muy buena,172,00:17:34,1124,1
1650,9,Entrega rápida y producto excelente,322,04:05:47,976,2
1651,8,Podría mejorar el empaque,418,20:25:45,1434,1
1652,7,Entrega rápida y producto excelente,248,20:34:17,1388,2
1653,9,Volvería a comprar,505,06:10:52,1326,2
1654,8,Todo perfecto,592,19:57:19,1296,1
1655,7,Muy conforme con la calidad,615,05:34:44,1414,1
1656,7,Todo perfecto,72,04:12:55,751,2
1657,10,Entrega rápida y producto excelente,287,20:58:58,825,2
1658,8,Entrega rápida y producto excelente,360,15:22:03,1199,2
1659,7,Podría mejorar el empaque,265,21:45:43,955,1
1660,7,Volvería a comprar,242,05:17:33,433,2
1661,5,Muy conforme con la calidad,61,19:41:38,1431,1
1662,6,Podría mejorar el empaque,643,11:01:41,1274,1
1663,2,Todo perfecto,14,01:42:50,1323,1
1664,3,Todo perfecto,134,14:26:45,712,1
1665,10,Atención muy buena,279,06:04:05,62,1
1666,4,Muy conforme con la calidad,324,12:17:28,269,2
1667,8,Todo perfecto,285,01:58:45,1214,1
1668,4,,422,18:58:58,242,2
1669,8,Tardó un poco más de lo esperado,182,22:27:13,118,1
1670,9,Tardó un poco más de lo esperado,412,06:44:44,375,1
1671,7,,427,11:29:48,597,2
1672,8,Tardó un poco más de lo esperado,558,06:08:19,928,1
1673,9,Muy conforme con la calidad,33,09:03:48,388,2
1674,6,Tardó un poco más de lo esperado,117,22:10:46,1141,1
1675,8,Entrega rápida y producto excelente,469,08:50:20,1358,2
1676,8,,57,15:20:21,882,2
1677,7,Todo perfecto,580,07:06:39,402,1
1678,9,Podría mejorar el empaque,60,03:42:12,542,1
1679,9,Atención muy buena,334,11:32:25,901,1
1680,7,Todo perfecto,166,10:02:43,386,1
1681,7,Atención muy buena,454,12:46:53,1359,2
1682,9,Atención muy buena,169,20:00:18,371,1
1683,7,Podría mejorar el empaque,178,09:32:42,511,1
1684,9,Volvería a comprar,199,20:39:04,852,1
1685,9,Podría mejorar el empaque,582,20:27:28,668,1
1686,8,Entrega rápida y producto excelente,609,14:05:33,999,2
1687,10,Volvería a comprar,264,08:21:53,380,1
1688,1,,383,19:49:47,1485,2
1689,8,,83,14:08:55,1302,1
1690,6,Podría mejorar el empaque,476,01:29:36,1319,1
1691,7,Muy conforme con la calidad,15,10:14:14,196,1
1692,6,Tardó un poco más de lo esperado,637,15:08:27,343,2
1693,9,Podría mejorar el empaque,365,02:10:09,518,2
1694,9,Entrega rápida y producto excelente,78,13:14:34,414,2
1695,9,Entrega rápida y producto excelente,533,22:24:11,415,2
1696,8,Muy conforme con la calidad,589,08:16:15,1372,1
1697,7,Muy conforme con la calidad,76,01:41:15,995,1
1698,3,Volvería a comprar,554,07:41:47,487,1
1699,8,,69,13:10:13,279,1
1700,8,Todo perfecto,129,08:31:28,1176,1
1701,9,Todo perfecto,333,06:30:59,1166,2
1702,8,Muy conforme con la calidad,275,04:17:17,996,2
1703,5,Podría mejorar el empaque,154,01:53:58,746,1
1704,7,Entrega rápida y producto excelente,636,14:54:10,1048,1
1705,4,Podría mejorar el empaque,9,16:42:49,1042,2
1706,7,Tardó un poco más de lo esperado,608,04:27:01,433,1
1707,10,Todo perfecto,535,22:48:56,671,1
1708,10,Muy conforme con la calidad,607,13:27:02,347,1
1709,1,Atención muy buena,245,03:07:10,878,1
1710,2,Todo perfecto,29,03:38:59,1432,1
1711,8,Todo perfecto,605,03:29:32,160,2
1712,9,Todo perfecto,514,19:08:41,339,1
1713,1,Entrega rápida y producto excelente,481,05:35:26,119,1
1714,9,Volvería a comprar,310,14:14:44,462,2
1715,7,Tardó un poco más de lo esperado,581,09:04:04,744,1
1716,6,Volvería a comprar,88,09:10:20,760,2
1717,7,Atención muy buena,207,08:45:57,189,2
1718,7,Volvería a comprar,117,15:01:51,720,1
1719,9,,247,23:37:16,1034,2
1720,3,Volvería a comprar,584,03:56:08,1346,2
1721,8,Podría mejorar el empaque,611,08:14:40,1281,1
1722,4,Todo perfecto,360,14:52:21,463,1
1723,0,Todo perfecto,38,14:54:07,665,2
1724,9,Todo perfecto,443,17:29:05,42,1
1725,8,Podría mejorar el empaque,323,18:48:13,24,1
1726,7,,331,04:45:24,1004,1
1727,9,Podría mejorar el empaque,25,01:11:59,1220,2
1728,7,Podría mejorar el empaque,475,15:59:20,794,1
1729,9,Todo perfecto,50,21:45:49,184,2
1730,7,Atención muy buena,179,16:13:15,78,2
1731,8,Tardó un poco más de lo esperado,415,09:00:50,246,1
1732,5,Muy conforme con la calidad,84,04:18:13,519,1
1733,7,Podría mejorar el empaque,526,23:47:40,569,1
1734,8,Volvería a comprar,294,17:58:06,721,2
1735,10,Entrega rápida y producto excelente,136,15:04:24,234,2
1736,9,Volvería a comprar,248,09:13:22,355,2
1737,4,Atención muy buena,617,22:47:04,1477,1
1738,2,Muy conforme con la calidad,512,19:07:54,292,1
1739,5,,585,21:49:49,829,2
1740,3,Tardó un poco más de lo esperado,100,17:23:11,637,1
1741,7,,82,05:30:42,481,1
1742,10,Todo perfecto,446,05:44:15,117,2
1743,0,Volvería a comprar,520,05:59:44,427,1
1744,7,Volvería a comprar,396,13:20:21,971,1
1745,7,Tardó un poco más de lo esperado,329,18:42:45,891,1
1746,8,,437,06:56:26,1400,2
1747,2,Muy conforme con la calidad,227,18:21:08,1360,1
1748,6,Atención muy buena,162,09:02:01,1227,1
1749,2,Tardó un poco más de lo esperado,269,15:08:45,581,1
1750,8,Todo perfecto,115,17:06:04,884,2
1751,8,Tardó un poco más de lo esperado,615,21:13:57,609,2
1752,6,Todo perfecto,465,00:06:42,500,2
1753,10,,284,19:28:41,325,2
1754,10,Podría mejorar el empaque,73,21:17:57,848,1
1755,8,Atención muy buena,283,13:39:01,1116,1
1756,8,Volvería a comprar,625,23:35:21,1251,2
1757,2,Entrega rápida y producto excelente,324,03:08:44,1439,2
1758,7,Tardó un poco más de lo esperado,255,04:49:48,900,2
1759,10,Podría mejorar el empaque,247,13:31:35,434,1
1760,10,Entrega rápida y producto excelente,577,15:52:52,134,2
1761,9,Tardó un poco más de lo esperado,,23:49:11,131,2
1762,6,Volvería a comprar,429,01:42:24,547,2
1763,3,Tardó un poco más de lo esperado,244,01:07:20,946,1
1764,10,Tardó un poco más de lo esperado,376,14:20:12,1267,1
1765,10,Volvería a comprar,99,00:18:52,331,2
1766,3,Atención muy buena,570,20:23:00,44,1
1767,9,Muy conforme con la calidad,93,02:38:34,1194,2
1768,6,Volvería a comprar,526,17:06:15,734,1
1769,9,Muy conforme con la calidad,242,01:41:22,543,2
1770,8,Entrega rápida y producto excelente,449,22:57:16,140,1
1771,6,Podría mejorar el empaque,275,06:12:43,474,2
1772,9,Podría mejorar el empaque,19,19:18:46,1038,1
1773,3,,166,15:19:44,925,2
1774,1,Atención muy buena,93,21:27:37,301,2
1775,10,Todo perfecto,349,16:20:47,750,2
1776,10,Podría mejorar el empaque,187,20:12:32,828,1
1777,6,Podría mejorar el empaque,283,12:23:00,1174,1
1778,10,Volvería a comprar,150,02:19:57,882,2
1779,7,Atención muy buena,352,07:46:29,1440,1
1780,6,Volvería a comprar,253,08:54:10,422,1
1781,10,Entrega rápida y producto excelente,139,13:07:20,505,1
1782,4,Volvería a comprar,98,22:37:37,105,2
1783,4,Tardó un poco más de lo esperado,128,04:20:14,524,1
1784,0,Entrega rápida y producto excelente,325,07:04:40,220,2
1785,9,Atención muy buena,390,08:12:03,737,1
1786,8,Volvería a comprar,119,21:41:14,68,1
1787,4,Muy conforme con la calidad,328,06:04:43,975,1
1788,5,Tardó un poco más de lo esperado,374,07:45:35,12,2
1789,9,Muy conforme con la calidad,128,03:22:06,1284,2
1790,9,Muy conforme con la calidad,189,04:30:55,326,1
1791,9,Atención muy buena,414,00:25:16,1098,2
1792,8,Atención muy buena,227,15:43:42,727,2
1793,3,Volvería a comprar,105,16:46:25,521,2
1794,6,Volvería a comprar,267,20:28:35,5,2
1795,9,Tardó un poco más de lo esperado,306,14:36:20,1079,1
1796,1,Tardó un poco más de lo esperado,549,00:55:05,971,1
1797,8,Atención muy buena,528,21:49:19,841,2
1798,6,Todo perfecto,165,01:35:40,1327,2
1799,8,Volvería a comprar,426,13:46:26,435,1
1800,8,Entrega rápida y producto excelente,107,08:30:07,376,2
1801,6,,88,05:40:23,88,1
1802,6,Todo perfecto,481,11:15:09,299,2
1803,10,Todo perfecto,158,21:18:09,687,2
1804,4,Atención muy buena,617,02:52:31,476,2
1805,3,,219,00:19:15,1013,1
1806,8,Tardó un poco más de lo esperado,580,13:37:07,578,1
1807,8,,464,02:29:31,32,1
1808,3,Volvería a comprar,320,20:40:50,213,2
1809,6,Entrega rápida y producto excelente,456,05:07:14,766,2
1810,8,Podría mejorar el empaque,629,12:46:39,509,1
1811,2,,250,13:08:44,725,2
1812,10,Atención muy buena,355,15:05:20,3,2
1813,8,Todo perfecto,328,14:17:26,1003,2
1814,3,Todo perfecto,268,12:26:03,825,1
1815,6,Tardó un poco más de lo esperado,603,02:45:02,458,1
1816,8,,599,01:41:29,1342,1
1817,4,Tardó un poco más de lo esperado,211,16:32:16,1391,2
1818,8,Tardó un poco más de lo esperado,513,15:28:50,1246,2
1819,3,Podría mejorar el empaque,549,13:04:27,719,1
1820,8,Atención muy buena,387,22:20:33,209,1
1821,8,Podría mejorar el empaque,457,23:15:08,71,2
1822,9,Todo perfecto,258,03:42:34,156,2
1823,9,Podría mejorar el empaque,84,09:27:20,1148,1
1824,7,Podría mejorar el empaque,22,06:02:21,1184,2
1825,7,Muy conforme con la calidad,45,09:04:02,1116,1
1826,6,Entrega rápida y producto excelente,466,22:24:05,623,2
1827,9,Entrega rápida y producto excelente,397,04:00:38,1330,1
1828,4,Volvería a comprar,39,18:14:34,370,1
1829,7,Volvería a comprar,84,21:15:07,566,1
1830,10,Entrega rápida y producto excelente,83,04:00:03,93,2
1831,1,Muy conforme con la calidad,386,21:43:22,814,1
1832,9,Todo perfecto,,18:29:43,247,1
1833,1,Atención muy buena,513,04:50:25,1286,2
1834,9,Entrega rápida y producto excelente,208,18:14:39,1290,2
1835,8,Muy conforme con la calidad,266,11:38:46,1222,2
1836,10,Tardó un poco más de lo esperado,275,16:43:39,736,2
1837,8,Entrega rápida y producto excelente,465,22:03:06,1135,1
1838,10,Muy conforme con la calidad,422,06:27:30,3,2
1839,9,Tardó un poco más de lo esperado,302,14:26:53,997,1
1840,6,,132,06:44:06,957,1
1841,1,Atención muy buena,462,22:04:28,1455,2
1842,9,Entrega rápida y producto excelente,392,09:15:13,918,1
1843,10,Podría mejorar el empaque,137,02:16:40,69,1
1844,6,Podría mejorar el empaque,527,21:45:59,663,1
1845,3,,427,22:59:27,209,1
1846,9,,581,13:57:01,71,2
1847,3,Volvería a comprar,119,12:11:13,758,1
1848,2,Entrega rápida y producto excelente,316,09:47:59,549,2
1849,5,Atención muy buena,511,01:59:39,1099,1
1850,9,Muy conforme con la calidad,53,03:35:22,26,2
1851,9,Tardó un poco más de lo esperado,108,02:03:14,1176,2
1852,7,Muy conforme con la calidad,265,20:57:13,436,1
1853,7,Volvería a comprar,64,20:32:13,562,1
1854,8,Entrega rápida y producto excelente,239,14:12:54,487,2
1855,8,,287,12:07:41,1253,1
1856,9,Entrega rápida y producto excelente,577,00:28:50,1466,1
1857,2,,547,10:36:25,348,2
1858,8,Volvería a comprar,476,05:45:46,472,1
1859,10,Todo perfecto,482,04:29:22,900,1
1860,8,Entrega rápida y producto excelente,452,09:44:37,296,1
1861,8,Volvería a comprar,448,20:40:44,514,2
1862,8,Muy conforme con la calidad,502,03:54:17,672,2
1863,8,,125,13:38:45,564,2
1864,5,Muy conforme con la calidad,81,10:08:26,541,2
1865,5,Podría mejorar el empaque,411,20:22:39,194,1
1866,8,,322,00:20:48,169,1
1867,6,Tardó un poco más de lo esperado,618,03:29:18,793,2
1868,8,Todo perfecto,540,08:06:46,189,2
1869,8,Tardó un poco más de lo esperado,350,17:18:49,1371,2
1870,5,Entrega rápida y producto excelente,507,18:35:55,863,2
1871,8,Podría mejorar el empaque,280,20:47:52,250,1
1872,8,Podría mejorar el empaque,184,17:30:09,296,2
1873,9,Todo perfecto,24,00:17:19,548,2
1874,9,Muy conforme con la calidad,183,23:31:49,1224,1
1875,6,Podría mejorar el empaque,282,08:32:50,1051,1
1876,9,Atención muy buena,385,20:43:15,706,2
1877,8,Todo perfecto,88,01:28:13,205,1
1878,10,Podría mejorar el empaque,216,00:49:30,384,1
1879,10,Entrega rápida y producto excelente,77,13:44:42,426,2
1880,5,Todo perfecto,318,11:17:27,144,2
1881,9,Todo perfecto,134,17:43:45,324,1
1882,9,Volvería a comprar,309,12:52:09,417,1
1883,9,Tardó un poco más de lo esperado,271,12:54:29,15,1
1884,2,Todo perfecto,311,01:20:08,577,1
1885,6,Volvería a comprar,152,01:47:35,172,2
1886,10,Atención muy buena,465,16:36:07,1414,2
1887,1,,434,11:52:08,570,1
1888,7,Atención muy buena,529,08:29:06,327,1
1889,7,Todo perfecto,139,02:43:44,1287,1
1890,3,Podría mejorar el empaque,,01:11:40,446,1
1891,9,,85,23:15:21,1270,1
1892,4,Volvería a comprar,522,23:40:16,1294,1
1893,10,Podría mejorar el empaque,391,22:04:00,233,2
1894,6,Entrega rápida y producto excelente,522,01:16:31,793,1
1895,2,Atención muy buena,49,06:29:39,949,1
1896,7,Atención muy buena,429,09:03:52,1469,2
1897,1,Entrega rápida y producto excelente,549,00:48:12,176,2
1898,0,Podría mejorar el empaque,580,15:40:57,1393,2
1899,5,Atención muy buena,443,00:33:48,831,2
1900,7,Entrega rápida y producto excelente,288,04:34:47,245,1
1901,7,Podría mejorar el empaque,369,01:33:24,293,2
1902,3,Volvería a comprar,562,14:35:26,779,1
1903,8,Podría mejorar el empaque,592,02:28:39,30,1
1904,8,Tardó un poco más de lo esperado,255,02:32:24,253,1
1905,9,Muy conforme con la calidad,131,04:48:14,1065,1
1906,9,Atención muy buena,609,01:02:22,124,1
1907,9,Tardó un poco más de lo esperado,142,00:16:54,1026,1
1908,5,,576,06:41:02,1238,1
1909,10,Podría mejorar el empaque,487,11:25:33,59,2
1910,10,Volvería a comprar,361,08:44:36,204,2
1911,8,Podría mejorar el empaque,88,21:01:07,775,1
1912,0,Tardó un poco más de lo esperado,265,06:18:15,584,1
1913,9,Podría mejorar el empaque,278,15:23:46,1202,2
1914,6,Todo perfecto,209,00:12:12,1333,1
1915,6,Atención muy buena,141,12:23:24,6,2
1916,10,Entrega rápida y producto excelente,110,09:45:47,1315,1
1917,10,Atención muy buena,513,06:27:07,733,1
1918,7,Muy conforme con la calidad,397,16:47:08,1002,1
1919,6,Volvería a comprar,615,21:00:36,498,2
1920,8,Volvería a comprar,462,01:43:59,979,1
1921,5,Muy conforme con la calidad,185,14:07:07,880,1
1922,10,Atención muy buena,375,14:36:24,459,2
1923,6,,374,02:22:27,956,2
1924,10,Tardó un poco más de lo esperado,186,09:16:27,685,1
1925,10,Atención muy buena,204,02:38:41,489,2
1926,10,Entrega rápida y producto excelente,552,03:24:34,798,1
1927,8,Entrega rápida y producto excelente,527,23:18:14,757,2
1928,4,Tardó un poco más de lo esperado,52,19:36:19,930,1
1929,7,Podría mejorar el empaque,307,00:31:01,725,1
1930,2,Entrega rápida y producto excelente,609,02:29:41,173,1
1931,10,Entrega rápida y producto excelente,199,01:57:15,1265,1
1932,8,Volvería a comprar,173,17:05:43,724,1
1933,10,Entrega rápida y producto excelente,476,10:13:12,302,2
1934,7,Todo perfecto,501,23:32:13,817,2
1935,5,Atención muy buena,512,13:03:38,425,1
1936,10,Tardó un poco más de lo esperado,52,12:32:26,1039,1
1937,1,Todo perfecto,507,16:03:09,1278,1
1938,6,Entrega rápida y producto excelente,413,02:18:08,1151,1
1939,9,Entrega rápida y producto excelente,320,19:34:14,181,1
1940,10,Atención muy buena,309,16:14:18,690,1
1941,6,Atención muy buena,19,15:43:25,1120,2
1942,6,Volvería a comprar,383,07:31:43,423,2
1943,10,Todo perfecto,280,10:04:27,1109,2
1944,8,Todo perfecto,106,16:23:28,224,2
1945,10,Volvería a comprar,89,00:27:42,1457,2
1946,4,Podría mejorar el empaque,96,11:55:24,22,2
1947,9,Podría mejorar el empaque,395,23:52:02,743,2
1948,10,Atención muy buena,308,11:39:35,1123,1
1949,9,,626,23:28:27,1065,1
1950,6,,73,02:02:31,1278,1
1951,0,Entrega rápida y producto excelente,172,02:24:10,779,2
1952,9,Atención muy buena,480,10:51:36,498,1
1953,5,Muy conforme con la calidad,563,17:11:40,171,2
1954,10,Volvería a comprar,160,07:27:58,1483,1
1955,6,Todo perfecto,125,08:50:11,1355,1
1956,8,Podría mejorar el empaque,592,20:03:24,1018,1
1957,7,Muy conforme con la calidad,175,16:41:26,1449,2
1958,6,Atención muy buena,488,11:45:52,818,2
1959,9,Atención muy buena,101,19:32:35,701,1
1960,9,,175,23:58:28,584,2
1961,2,Atención muy buena,488,11:47:43,1193,1
1962,10,Volvería a comprar,448,09:55:05,266,1
1963,7,,354,01:31:58,19,1
1964,8,Podría mejorar el empaque,610,06:54:46,1437,2
1965,9,Volvería a comprar,23,07:59:28,814,2
1966,7,Volvería a comprar,166,22:05:17,657,1
1967,9,Entrega rápida y producto excelente,40,11:34:34,1215,2
1968,2,Tardó un poco más de lo esperado,219,13:17:06,1281,2
1969,1,Muy conforme con la calidad,547,04:48:39,590,1
1970,7,Volvería a comprar,611,04:31:18,884,2
1971,7,Volvería a comprar,430,21:25:04,403,1
1972,10,Atención muy buena,435,18:04:23,894,2
1973,7,Muy conforme con la calidad,138,16:55:11,615,2
1974,3,,345,11:34:38,1133,1
1975,3,Entrega rápida y producto excelente,627,17:47:19,1358,2
1976,2,Entrega rápida y producto excelente,354,17:20:25,934,2
1977,7,Tardó un poco más de lo esperado,528,06:12:26,252,2
1978,8,Todo perfecto,570,19:27:04,1320,1
1979,8,,340,00:45:11,680,1
1980,0,Volvería a comprar,106,17:08:31,41,2
1981,0,Tardó un poco más de lo esperado,241,08:15:48,28,1
1982,3,Entrega rápida y producto excelente,258,23:54:52,1186,1
1983,8,Entrega rápida y producto excelente,502,00:51:09,378,2
1984,9,Todo perfecto,369,05:38:52,1342,2
1985,10,,624,06:38:55,1311,1
1986,9,,125,10:57:27,805,1
1987,9,Volvería a comprar,637,12:02:52,801,1
1988,10,,226,12:23:18,422,2
1989,0,Tardó un poco más de lo esperado,99,09:03:02,875,1
1990,8,Podría mejorar el empaque,603,07:36:02,1387,2
1991,8,Podría mejorar el empaque,276,20:08:32,353,1
1992,7,Muy conforme con la calidad,571,14:57:14,1014,2
1993,4,Todo perfecto,43,20:12:02,781,1
1994,9,Volvería a comprar,396,07:35:25,1134,1
1995,5,Volvería a comprar,333,04:08:59,1467,1
1996,8,Atención muy buena,399,06:13:31,928,1
1997,8,Podría mejorar el empaque,284,09:35:46,1455,1
1998,8,Volvería a comprar,400,22:58:37,895,2
1999,8,Podría mejorar el empaque,344,04:04:37,1200,2
2000,0,,468,00:13:46,150,1
2001,5,,403,11:59:50,1053,2
2002,4,Todo perfecto,231,03:43:41,1475,1
2003,8,Atención muy buena,473,09:42:37,761,1
2004,10,Podría mejorar el empaque,353,09:35:08,1224,1
2005,8,Podría mejorar el empaque,307,02:24:43,1446,1
2006,7,,290,22:33:42,1168,1
2007,9,,372,05:00:09,926,1
2008,3,Entrega rápida y producto excelente,230,17:27:18,1474,1
2009,5,Muy conforme con la calidad,165,10:50:25,24,1
2010,8,Volvería a comprar,301,04:54:52,431,2
2011,9,Todo perfecto,285,12:01:24,662,1
2012,6,,99,10:44:04,1374,2
2013,8,Muy conforme con la calidad,222,09:27:43,552,1
2014,8,Muy conforme con la calidad,557,16:02:43,1302,2
2015,7,Volvería a comprar,541,20:39:55,555,1
2016,7,Tardó un poco más de lo esperado,312,10:59:35,1289,2
2017,8,Volvería a comprar,593,22:15:00,851,2
2018,9,Volvería a comprar,634,19:31:02,1418,1
2019,10,Atención muy buena,505,10:49:23,935,1
2020,7,Tardó un poco más de lo esperado,445,17:41:58,834,2
2021,9,Muy conforme con la calidad,390,06:20:00,663,1
2022,7,Muy conforme con la calidad,380,17:19:48,245,2
2023,4,Entrega rápida y producto excelente,327,03:10:35,391,2
2024,10,Tardó un poco más de lo esperado,235,02:38:26,1111,2
2025,9,Atención muy buena,459,07:15:14,1384,1
2026,8,Podría mejorar el empaque,30,17:31:47,727,2
2027,9,Podría mejorar el empaque,519,05:34:40,735,1
2028,10,Muy conforme con la calidad,272,16:51:34,1233,1
2029,7,Muy conforme con la calidad,573,15:51:05,238,1
2030,8,Tardó un poco más de lo esperado,10,00:19:18,308,2
2031,10,Muy conforme con la calidad,307,07:35:34,1145,2
2032,8,Entrega rápida y producto excelente,66,03:57:02,1359,1
2033,9,Entrega rápida y producto excelente,481,05:15:37,1440,1
2034,8,,231,19:01:41,1347,1
2035,7,Entrega rápida y producto excelente,530,04:34:34,1048,2
2036,9,Muy conforme con la calidad,563,05:29:54,475,1
2037,6,Atención muy buena,373,14:27:35,208,2
2038,4,Podría mejorar el empaque,638,05:03:14,1477,1
2039,9,Tardó un poco más de lo esperado,498,13:02:01,1029,1
2040,7,Volvería a comprar,294,13:30:49,33,2
2041,3,Atención muy buena,632,09:52:33,902,1
2042,9,Podría mejorar el empaque,334,11:54:56,1032,1
2043,6,Atención muy buena,393,18:58:32,915,1
2044,7,Todo perfecto,634,07:03:46,987,1
2045,9,,82,18:05:37,675,1
2046,8,Entrega rápida y producto excelente,537,14:30:55,335,2
2047,8,Todo perfecto,148,21:13:40,332,1
2048,5,Todo perfecto,482,16:39:52,1465,2
2049,9,Volvería a comprar,360,05:29:57,814,1
2050,10,Todo perfecto,289,10:58:39,586,1
2051,8,Todo perfecto,277,19:24:39,1012,1
2052,9,Muy conforme con la calidad,108,08:38:56,1383,2
2053,8,Podría mejorar el empaque,108,19:07:07,951,1
2054,5,Atención muy buena,418,07:58:22,448,1
2055,9,Todo perfecto,306,14:39:41,123,1
2056,6,Entrega rápida y producto excelente,79,15:52:16,1044,1
2057,2,Podría mejorar el empaque,375,15:23:38,264,2
2058,7,Todo perfecto,304,00:07:19,205,1
2059,10,Tardó un poco más de lo esperado,216,06:20:05,1297,1
2060,8,Volvería a comprar,25,09:34:52,125,1
2061,10,Atención muy buena,344,07:50:24,352,1
2062,2,Volvería a comprar,607,18:57:51,1360,2
2063,9,Entrega rápida y producto excelente,318,05:18:21,455,1
2064,7,,228,02:19:18,1430,2
2065,10,Muy conforme con la calidad,91,05:03:01,289,2
2066,8,Entrega rápida y producto excelente,497,17:51:13,221,1
2067,7,Muy conforme con la calidad,490,07:54:34,465,1
2068,9,Entrega rápida y producto excelente,112,20:34:34,601,2
2069,7,Todo perfecto,459,10:25:28,757,1
2070,9,Atención muy buena,86,06:11:18,1448,1
2071,9,Muy conforme con la calidad,230,04:31:59,447,1
2072,9,Volvería a comprar,132,10:12:55,281,1
2073,7,Tardó un poco más de lo esperado,293,10:32:46,179,2
2074,0,Muy conforme con la calidad,629,01:12:35,152,1
2075,6,Muy conforme con la calidad,461,07:19:30,1272,2
2076,7,Volvería a comprar,494,19:31:15,299,1
2077,9,Todo perfecto,317,21:51:46,707,1
2078,4,,98,03:35:20,685,1
2079,8,Muy conforme con la calidad,175,21:31:51,45,2
2080,7,Muy conforme con la calidad,199,08:16:06,279,2
2081,6,Podría mejorar el empaque,306,04:16:11,1128,2
2082,2,,227,13:53:55,596,1
2083,10,Podría mejorar el empaque,155,11:15:13,1256,2
2084,10,Atención muy buena,320,16:19:19,88,1
2085,10,,230,02:13:59,1147,2
2086,8,Todo perfecto,474,07:12:23,715,2
2087,10,Podría mejorar el empaque,575,02:23:51,658,1
2088,10,Volvería a comprar,351,22:01:13,902,1
2089,6,Volvería a comprar,199,22:21:20,274,1
2090,10,Entrega rápida y producto excelente,481,01:30:53,775,2
2091,10,Todo perfecto,293,06:00:36,373,1
2092,10,Atención muy buena,610,02:15:10,939,1
2093,9,Atención muy buena,314,05:37:22,652,2
2094,8,Podría mejorar el empaque,508,19:18:48,1224,1
2095,7,Muy conforme con la calidad,452,09:05:03,714,1
2096,10,Podría mejorar el empaque,608,06:23:02,946,2
2097,8,Volvería a comprar,135,04:44:51,1110,1
2098,7,Todo perfecto,135,11:04:02,749,1
2099,2,Podría mejorar el empaque,290,07:53:35,1402,2
2100,9,Tardó un poco más de lo esperado,162,04:41:33,284,1
2101,8,Podría mejorar el empaque,296,14:42:11,679,1
2102,8,Podría mejorar el empaque,127,16:50:08,648,2
2103,8,Tardó un poco más de lo esperado,365,02:25:42,1297,2
2104,8,Tardó un poco más de lo esperado,209,23:54:57,731,1
2105,9,Volvería a comprar,643,06:04:26,292,2
2106,5,Atención muy buena,480,04:58:50,1252,1
2107,8,,44,19:49:58,1340,1
2108,7,,609,23:58:46,1129,2
2109,10,,419,00:09:23,446,1
2110,6,Muy conforme con la calidad,265,12:10:21,1111,1
2111,8,,350,19:01:16,692,1
2112,8,Tardó un poco más de lo esperado,,05:53:32,1456,1
2113,8,Entrega rápida y producto excelente,520,01:16:16,1430,1
2114,9,Atención muy buena,343,08:33:23,1347,2
2115,10,,420,18:21:00,333,1
2116,6,Atención muy buena,32,10:21:57,1454,1
2117,7,Todo perfecto,263,12:45:46,505,1
2118,8,Muy conforme con la calidad,517,09:37:00,926,2
2119,8,Volvería a comprar,530,10:14:39,1067,1
2120,6,Muy conforme con la calidad,110,23:11:09,590,1
2121,0,,164,12:49:55,4,2
2122,6,,630,20:43:11,250,2
2123,9,Entrega rápida y producto excelente,47,16:34:12,724,1
2124,7,Tardó un poco más de lo esperado,442,18:37:02,965,2
2125,10,Entrega rápida y producto excelente,450,17:09:32,110,1
2126,8,Entrega rápida y producto excelente,531,11:47:55,294,1
2127,8,Podría mejorar el empaque,308,13:31:05,1378,2
2128,8,Entrega rápida y producto excelente,337,01:07:44,757,1
2129,8,Volvería a comprar,34,16:56:43,979,2
2130,8,Volvería a comprar,215,14:02:37,1034,1
2131,2,Entrega rápida y producto excelente,313,01:16:48,1453,1
2132,5,Podría mejorar el empaque,195,10:03:48,165,2
2133,3,Entrega rápida y producto excelente,136,07:16:41,1296,2
2134,8,Todo perfecto,643,19:19:20,27,2
2135,5,Tardó un poco más de lo esperado,97,07:03:33,540,2
2136,6,Atención muy buena,327,20:52:07,615,1
2137,4,Volvería a comprar,160,12:41:56,758,2
2138,1,Muy conforme con la calidad,182,08:37:10,554,1
2139,4,Entrega rápida y producto excelente,594,23:39:31,537,1
2140,9,Podría mejorar el empaque,273,16:45:10,1170,1
2141,7,Volvería a comprar,606,10:49:38,1130,1
2142,10,Podría mejorar el empaque,429,22:01:41,711,2
2143,2,,391,20:27:47,889,2
2144,6,,334,17:16:48,618,1
2145,9,Tardó un poco más de lo esperado,485,12:48:37,1236,1
2146,9,Atención muy buena,521,03:45:20,552,1
2147,9,Muy conforme con la calidad,220,12:42:23,180,1
2148,6,Tardó un poco más de lo esperado,581,21:42:14,619,1
2149,9,Muy conforme con la calidad,180,18:32:41,627,2
2150,7,Tardó un poco más de lo esperado,47,07:34:09,711,1
2151,8,Entrega rápida y producto excelente,234,04:53:18,457,1
2152,10,Tardó un poco más de lo esperado,533,21:04:15,679,1
2153,8,Podría mejorar el empaque,254,16:02:53,1485,1
2154,4,Muy conforme con la calidad,624,08:18:11,642,1
2155,4,Todo perfecto,333,21:14:13,809,1
2156,2,Podría mejorar el empaque,357,22:45:57,809,2
2157,8,Podría mejorar el empaque,604,04:46:34,1326,1
2158,5,Entrega rápida y producto excelente,641,02:09:13,1322,1
2159,9,Entrega rápida y producto excelente,54,00:17:53,39,2
2160,8,Todo perfecto,448,10:37:22,393,1
2161,2,Entrega rápida y producto excelente,126,04:53:05,616,1
2162,9,Podría mejorar el empaque,62,21:37:29,1149,2
2163,10,Muy conforme con la calidad,525,21:15:13,193,2
2164,3,Volvería a comprar,330,01:24:31,634,2
2165,3,Todo perfecto,168,00:00:12,34,2
2166,10,Podría mejorar el empaque,419,23:45:24,468,1
2167,10,Todo perfecto,632,01:15:36,441,1
2168,7,Todo perfecto,417,23:50:55,77,2
2169,10,,392,02:37:02,580,1
2170,9,Volvería a comprar,432,12:06:22,512,1
2171,7,Podría mejorar el empaque,462,07:16:06,773,2
2172,7,Atención muy buena,109,17:10:50,215,1
2173,5,Podría mejorar el empaque,149,20:29:50,1150,2
2174,7,Muy conforme con la calidad,616,08:30:11,781,2
2175,7,Atención muy buena,425,13:59:11,6,2
2176,6,Atención muy buena,492,03:15:52,956,1
2177,8,Todo perfecto,295,10:18:15,665,1
2178,7,,507,14:16:46,680,1
2179,1,Podría mejorar el empaque,253,09:10:18,1311,2
2180,8,Podría mejorar el empaque,524,20:26:13,644,1
2181,8,Entrega rápida y producto excelente,197,11:33:13,1149,1
2182,4,,497,02:49:15,945,2
2183,10,Entrega rápida y producto excelente,352,18:06:05,506,1
2184,7,Podría mejorar el empaque,38,23:48:56,1374,1
2185,10,,116,17:51:05,216,1
2186,8,,22,19:45:06,520,1
2187,10,Tardó un poco más de lo esperado,210,07:02:20,328,2
2188,7,Todo perfecto,452,01:03:26,1110,1
2189,3,Entrega rápida y producto excelente,85,07:50:41,704,1
2190,10,Entrega rápida y producto excelente,372,07:09:02,326,1
2191,10,Podría mejorar el empaque,442,03:46:18,971,2
2192,8,Muy conforme con la calidad,479,17:23:20,991,1
2193,7,Tardó un poco más de lo esperado,371,20:12:25,975,1
2194,6,Atención muy buena,448,03:00:58,677,1
2195,8,Muy conforme con la calidad,424,14:57:19,527,2
2196,10,Entrega rápida y producto excelente,483,09:59:56,1054,1
2197,10,Atención muy buena,104,20:44:53,1336,1
2198,7,,629,20:19:26,889,1
2199,7,,412,21:06:20,256,1
2200,8,Podría mejorar el empaque,252,10:18:46,242,1
2201,10,,176,02:15:04,244,1
2202,10,Tardó un poco más de lo esperado,81,16:23:52,706,1
2203,8,Atención muy buena,188,14:59:35,1169,1
2204,6,,388,14:04:21,618,2
2205,9,Todo perfecto,227,14:09:09,1404,1
2206,1,Muy conforme con la calidad,375,07:07:24,1462,2
2207,10,Tardó un poco más de lo esperado,283,05:56:39,525,1
2208,4,Podría mejorar el empaque,14,04:46:08,574,1
2209,0,Atención muy buena,478,01:16:49,681,1
2210,3,Todo perfecto,117,15:20:56,748,1
2211,5,Muy conforme con la calidad,113,14:16:32,1266,1
2212,9,Todo perfecto,617,08:06:56,293,1
2213,5,Entrega rápida y producto excelente,641,15:07:04,555,2
2214,10,Tardó un poco más de lo esperado,23,06:38:03,560,1
2215,10,Muy conforme con la calidad,319,07:08:42,1021,2
2216,9,Atención muy buena,400,08:33:41,201,1
2217,3,Entrega rápida y producto excelente,565,12:12:34,1458,1
2218,1,Entrega rápida y producto excelente,405,01:58:36,528,1
2219,9,Tardó un poco más de lo esperado,175,02:26:02,919,1
2220,2,Atención muy buena,616,17:23:34,445,1
2221,8,Atención muy buena,408,21:19:04,1368,2
2222,8,Atención muy buena,164,04:31:52,529,1
2223,10,Todo perfecto,248,02:27:34,1186,2
2224,7,Todo perfecto,287,15:29:52,164,2
2225,5,Volvería a comprar,461,03:35:20,204,1
2226,8,Podría mejorar el empaque,541,09:24:59,164,2
2227,10,Entrega rápida y producto excelente,57,10:41:15,253,2
2228,9,Entrega rápida y producto excelente,549,06:58:45,1155,2
2229,5,,568,22:35:19,193,1
2230,8,Atención muy buena,586,21:35:48,778,1
2231,10,Volvería a comprar,222,04:13:02,593,1
2232,4,Entrega rápida y producto excelente,218,01:04:12,772,2
2233,7,Todo perfecto,311,18:24:25,32,2
2234,7,Atención muy buena,65,00:13:57,961,1
2235,9,Podría mejorar el empaque,242,21:02:13,1062,1
2236,7,Entrega rápida y producto excelente,177,09:38:45,700,1
2237,3,Muy conforme con la calidad,391,11:47:48,376,2
2238,8,Podría mejorar el empaque,76,18:25:34,866,1
2239,5,Tardó un poco más de lo esperado,199,07:36:08,136,2
2240,9,Muy conforme con la calidad,127,17:47:20,888,2
2241,9,,28,11:52:45,1255,1
2242,9,Podría mejorar el empaque,119,04:39:40,601,1
2243,7,Volvería a comprar,467,19:15:13,204,1
2244,8,,176,20:32:19,859,2
2245,5,Podría mejorar el empaque,176,05:58:42,1029,1
2246,8,Muy conforme con la calidad,81,23:39:40,447,2
2247,7,Volvería a comprar,493,11:26:44,239,1
2248,4,Tardó un poco más de lo esperado,201,01:51:10,101,1
2249,9,Todo perfecto,328,15:53:58,1263,2
2250,6,Atención muy buena,84,06:27:43,881,2
2251,7,Atención muy buena,364,16:59:47,360,2
2252,3,Muy conforme con la calidad,253,18:09:51,1373,2
2253,9,Entrega rápida y producto excelente,238,02:28:16,843,1
2254,9,Volvería a comprar,318,16:23:08,307,1
2255,5,Todo perfecto,581,06:35:10,1162,1
2256,8,Tardó un poco más de lo esperado,491,15:42:15,708,2
2257,4,Volvería a comprar,379,15:05:49,1034,1
2258,4,Tardó un poco más de lo esperado,471,23:50:59,1492,1
2259,10,Volvería a comprar,439,05:57:30,1388,1
2260,9,Todo perfecto,190,22:08:42,262,1
2261,10,Entrega rápida y producto excelente,543,04:28:24,1188,1
2262,9,Todo perfecto,71,03:51:14,678,1
2263,8,Volvería a comprar,541,12:34:23,546,2
2264,8,Tardó un poco más de lo esperado,428,02:57:40,1206,1
2265,10,Entrega rápida y producto excelente,481,08:56:03,27,2
2266,7,Atención muy buena,586,02:49:24,184,2
2267,8,Todo perfecto,344,10:44:18,536,1
2268,10,Muy conforme con la calidad,34,02:25:07,1350,1
2269,9,Tardó un poco más de lo esperado,294,21:26:23,542,1
2270,10,Volvería a comprar,515,22:21:39,1151,1
2271,7,Todo perfecto,599,09:09:16,1471,2
2272,6,Todo perfecto,141,12:11:03,672,2
2273,10,,409,22:22:53,1259,2
2274,8,Atención muy buena,631,06:32:04,1396,1
2275,8,,148,20:39:01,284,1
2276,7,Atención muy buena,267,19:58:25,183,1
2277,4,,75,19:42:42,1353,1
2278,10,,605,02:44:31,978,2
2279,2,Entrega rápida y producto excelente,277,03:22:25,1244,1
2280,9,Entrega rápida y producto excelente,211,23:42:13,1430,1
2281,8,Muy conforme con la calidad,136,12:19:19,1218,2
2282,9,Muy conforme con la calidad,624,07:12:06,574,1
2283,7,Muy conforme con la calidad,127,04:06:06,1287,2
2284,9,Entrega rápida y producto excelente,88,14:32:21,230,1
2285,6,Volvería a comprar,551,01:59:16,314,2
2286,8,Entrega rápida y producto excelente,114,13:40:37,203,2
2287,7,Entrega rápida y producto excelente,21,00:42:55,980,1
2288,8,Podría mejorar el empaque,478,03:36:12,37,1
2289,10,Podría mejorar el empaque,505,20:50:35,1444,1
2290,7,Todo perfecto,221,19:25:20,656,1
2291,3,Tardó un poco más de lo esperado,356,23:43:00,731,1
2292,8,Tardó un poco más de lo esperado,255,08:04:54,1265,2
2293,5,Podría mejorar el empaque,515,02:15:34,896,1
2294,9,Todo perfecto,554,17:25:55,372,1
2295,7,Todo perfecto,377,21:56:10,1175,1
2296,10,,97,23:01:11,302,2
2297,9,,445,05:04:58,436,2
2298,3,Atención muy buena,501,02:54:50,1245,2
2299,10,Podría mejorar el empaque,112,01:23:15,81,2
2300,8,,32,04:47:09,1268,1
2301,2,Tardó un poco más de lo esperado,41,22:39:42,478,1
2302,8,Atención muy buena,33,19:32:44,882,2
2303,10,Atención muy buena,447,14:57:39,673,2
2304,9,Atención muy buena,341,23:36:55,1352,1
2305,10,,310,01:34:26,1495,1
2306,8,Podría mejorar el empaque,407,23:15:05,760,2
2307,9,Muy conforme con la calidad,131,06:01:05,954,2
2308,7,Tardó un poco más de lo esperado,558,13:39:22,212,1
2309,9,Podría mejorar el empaque,345,12:23:43,1194,2
2310,10,Atención muy buena,631,07:00:38,31,1
2311,10,Muy conforme con la calidad,204,02:01:16,585,2
2312,9,Podría mejorar el empaque,359,18:07:37,140,2
2313,7,Todo perfecto,342,09:31:50,1096,2
2314,9,,348,08:17:42,1468,1
2315,7,Tardó un poco más de lo esperado,11,09:35:02,1303,2
2316,6,Podría mejorar el empaque,192,23:06:04,917,2
2317,9,Tardó un poco más de lo esperado,593,00:28:26,153,1
2318,10,Atención muy buena,412,16:46:26,1033,1
2319,5,Muy conforme con la calidad,71,06:11:23,323,2
2320,8,Todo perfecto,527,17:40:20,38,1
2321,7,,585,01:37:30,1427,1
2322,7,Podría mejorar el empaque,196,20:13:27,451,2
2323,10,Todo perfecto,99,19:16:50,883,2
2324,9,Muy conforme con la calidad,319,08:28:47,171,1
2325,4,Tardó un poco más de lo esperado,365,14:11:42,1161,1
2326,3,Atención muy buena,591,10:48:54,1450,1
2327,8,Muy conforme con la calidad,200,22:18:16,1079,2
2328,5,Muy conforme con la calidad,453,19:31:00,32,2
2329,8,Muy conforme con la calidad,118,21:57:06,1468,2
2330,9,Atención muy buena,626,15:14:54,940,1
2331,10,Atención muy buena,285,15:32:48,1290,1
2332,10,,590,07:38:15,339,2
2333,8,Volvería a comprar,523,20:20:55,555,2
2334,6,,263,17:00:30,1048,1
2335,8,Muy conforme con la calidad,547,15:31:27,1465,2
2336,8,Atención muy buena,477,23:20:59,700,1
2337,8,Podría mejorar el empaque,530,18:47:15,1280,2
2338,8,Volvería a comprar,521,13:24:00,264,1
2339,9,,435,17:57:34,1476,1
2340,6,Tardó un poco más de lo esperado,514,15:19:35,283,2
2341,7,Muy conforme con la calidad,107,07:33:33,1034,1
2342,8,Tardó un poco más de lo esperado,598,06:37:26,61,1
2343,9,Muy conforme con la calidad,286,17:38:57,1203,2
2344,9,Atención muy buena,176,23:03:58,298,2
2345,8,Atención muy buena,210,08:10:04,231,1
2346,5,Muy conforme con la calidad,611,03:58:01,141,1
2347,9,Atención muy buena,20,06:36:38,918,2
2348,9,Todo perfecto,100,00:07:27,494,2
2349,6,Entrega rápida y producto excelente,375,15:16:40,483,1
2350,8,Muy conforme con la calidad,282,13:14:39,1336,2
2351,9,Podría mejorar el empaque,38,23:58:01,541,1
2352,10,Tardó un poco más de lo esperado,260,12:39:18,904,1
2353,8,,588,22:42:05,1406,2
2354,10,Tardó un poco más de lo esperado,164,15:41:17,945,2
2355,9,Tardó un poco más de lo esperado,516,01:09:48,892,2
2356,2,Volvería a comprar,540,18:07:47,1280,2
2357,7,Volvería a comprar,626,12:42:51,521,2
2358,10,Entrega rápida y producto excelente,120,16:02:26,1077,2
2359,1,Todo perfecto,581,14:18:28,823,1
2360,5,Atención muy buena,39,19:56:48,175,1
2361,6,Tardó un poco más de lo esperado,494,06:34:05,612,2
2362,1,Entrega rápida y producto excelente,641,01:41:44,205,1
2363,9,,92,08:58:34,924,1
2364,6,Atención muy buena,62,14:00:24,698,1
2365,6,Muy conforme con la calidad,86,15:57:40,602,1
2366,4,Entrega rápida y producto excelente,430,18:34:18,910,1
2367,4,,376,00:06:37,536,1
2368,6,Volvería a comprar,429,23:31:12,686,2
2369,6,,333,22:28:53,216,1
2370,7,Todo perfecto,283,08:44:04,1296,1
2371,10,Muy conforme con la calidad,135,05:30:58,1176,1
2372,7,Tardó un poco más de lo esperado,635,22:58:59,396,1
2373,10,Todo perfecto,150,15:54:46,684,2
2374,9,Muy conforme con la calidad,423,14:29:59,650,2
2375,7,Atención muy buena,615,11:05:49,681,1
2376,4,Muy conforme con la calidad,185,08:27:59,892,1
2377,8,Entrega rápida y producto excelente,391,15:17:44,681,2
2378,7,,229,19:59:31,618,1
2379,9,,345,12:17:44,1328,1
2380,9,Atención muy buena,178,14:19:35,714,2
2381,9,Tardó un poco más de lo esperado,137,15:14:14,585,2
2382,8,Atención muy buena,252,12:39:27,630,2
2383,8,Muy conforme con la calidad,480,12:02:42,832,2
2384,9,Podría mejorar el empaque,227,14:30:59,995,1
2385,8,Podría mejorar el empaque,216,12:41:42,1347,2
2386,8,Podría mejorar el empaque,447,23:57:21,897,1
2387,10,Atención muy buena,111,11:14:01,732,2
2388,4,Volvería a comprar,594,03:05:16,1068,1
2389,6,Volvería a comprar,257,15:34:54,486,1
2390,8,Muy conforme con la calidad,98,15:08:46,230,1
2391,8,Podría mejorar el empaque,150,21:51:56,389,1
2392,5,Volvería a comprar,360,18:21:56,1217,1
2393,7,Volvería a comprar,26,12:32:19,598,2
2394,8,Entrega rápida y producto excelente,536,13:52:31,4,1
2395,9,,113,23:46:40,543,2
2396,9,Atención muy buena,427,14:11:48,1454,1
2397,9,Entrega rápida y producto excelente,36,15:17:03,356,2
2398,8,Atención muy buena,70,23:51:21,1243,1
2399,9,Tardó un poco más de lo esperado,501,12:24:04,1345,1
2400,8,Muy conforme con la calidad,228,06:31:02,1233,1
2401,8,Muy conforme con la calidad,622,06:57:11,905,2
2402,3,Podría mejorar el empaque,336,09:14:19,686,1
2403,7,,27,15:01:17,713,1
2404,9,Volvería a comprar,426,06:37:33,498,1
2405,10,Atención muy buena,507,06:20:02,375,1
2406,7,Todo perfecto,526,17:31:33,816,1
2407,9,,459,04:13:38,209,1
2408,2,Muy conforme con la calidad,190,10:13:30,199,1
2409,7,Tardó un poco más de lo esperado,121,20:42:55,437,2
2410,4,Todo perfecto,515,16:51:40,415,2
2411,5,Muy conforme con la calidad,608,03:45:44,1479,1
2412,7,Atención muy buena,124,01:01:26,410,2
2413,7,Volvería a comprar,252,01:37:04,657,2
2414,9,Atención muy buena,521,05:31:17,1032,1
2415,10,Tardó un poco más de lo esperado,200,04:30:28,1270,1
2416,10,,412,16:07:00,1408,1
2417,2,Entrega rápida y producto excelente,231,22:55:46,682,2
2418,7,Entrega rápida y producto excelente,36,23:33:54,447,1
2419,9,Atención muy buena,37,07:25:37,1398,2
2420,9,Tardó un poco más de lo esperado,582,21:03:23,530,2
2421,8,,317,05:51:55,849,2
2422,6,Todo perfecto,380,06:24:37,771,2
2423,6,Muy conforme con la calidad,154,18:10:35,200,1
2424,9,Atención muy buena,607,09:12:31,954,1
2425,8,Tardó un poco más de lo esperado,644,16:20:07,241,1
2426,4,,390,05:52:06,1080,2
2427,6,Muy conforme con la calidad,207,15:50:54,1071,2
2428,8,Podría mejorar el empaque,523,19:42:35,481,1
2429,8,Todo perfecto,550,07:34:52,658,1
2430,2,Todo perfecto,597,06:58:55,302,1
2431,5,Podría mejorar el empaque,300,14:04:49,472,2
2432,7,Volvería a comprar,151,15:46:28,1251,1
2433,8,Volvería a comprar,72,14:38:17,1203,2
2434,7,Atención muy buena,458,00:37:19,598,2
2435,8,Entrega rápida y producto excelente,459,22:18:18,1378,2
2436,9,Entrega rápida y producto excelente,539,03:48:17,31,2
2437,9,Atención muy buena,400,16:15:20,330,1
2438,8,Atención muy buena,147,03:00:44,673,2
2439,9,Entrega rápida y producto excelente,452,19:23:13,659,1
2440,2,Volvería a comprar,448,16:52:34,211,1
2441,9,,466,13:20:51,506,1
2442,7,Muy conforme con la calidad,419,05:06:59,1288,1
2443,5,Atención muy buena,557,17:47:12,1422,2
2444,2,Volvería a comprar,105,19:42:43,1011,1
2445,5,Tardó un poco más de lo esperado,339,02:34:53,154,2
2446,6,Volvería a comprar,420,09:13:51,914,1
2447,6,Todo perfecto,330,04:26:04,1362,1
2448,4,Tardó un poco más de lo esperado,311,06:27:22,75,1
2449,8,Podría mejorar el empaque,556,21:53:39,801,2
2450,8,Tardó un poco más de lo esperado,511,18:06:50,1174,2
2451,7,,373,01:23:17,560,1
2452,9,Atención muy buena,457,11:05:37,1286,1
2453,8,Volvería a comprar,122,12:10:01,866,1
2454,10,Volvería a comprar,68,07:41:03,952,1
2455,6,Volvería a comprar,72,01:23:56,553,1
2456,0,Entrega rápida y producto excelente,631,21:50:04,1238,1
2457,10,Tardó un poco más de lo esperado,330,15:21:48,683,2
2458,9,Todo perfecto,590,08:23:36,598,1
2459,4,Atención muy buena,548,14:29:01,1302,1
2460,1,Todo perfecto,109,14:17:52,85,1
2461,10,,466,13:31:32,723,1
2462,4,Volvería a comprar,352,11:54:35,15,1
2463,9,Entrega rápida y producto excelente,325,02:26:59,486,2
2464,10,Atención muy buena,623,07:02:15,726,2
2465,8,Volvería a comprar,533,13:59:15,1348,1
2466,8,Muy conforme con la calidad,412,10:40:25,28,1
2467,10,,305,22:54:45,113,1
2468,8,,19,07:56:40,1433,2
2469,7,Entrega rápida y producto excelente,510,15:35:35,479,1
2470,10,Muy conforme con la calidad,190,05:34:57,647,1
2471,6,Tardó un poco más de lo esperado,294,07:34:29,62,1
2472,4,Muy conforme con la calidad,231,09:59:11,112,1
2473,6,Muy conforme con la calidad,515,19:32:23,416,2
2474,10,Todo perfecto,72,09:53:13,907,2
2475,8,Podría mejorar el empaque,284,05:22:30,310,1
2476,3,Todo perfecto,206,14:47:15,889,1
2477,7,Entrega rápida y producto excelente,215,18:50:59,339,1
2478,4,Volvería a comprar,201,09:18:19,418,2
2479,9,,546,07:30:24,713,1
2480,10,Volvería a comprar,81,04:59:43,462,2
2481,7,Todo perfecto,404,20:55:02,1091,1
2482,10,Entrega rápida y producto excelente,182,14:30:48,867,1
2483,10,Muy conforme con la calidad,513,06:38:39,1237,1
2484,9,Muy conforme con la calidad,563,16:44:44,1441,1
2485,3,Muy conforme con la calidad,622,14:41:51,633,2
2486,9,,628,18:52:59,204,1
2487,9,Tardó un poco más de lo esperado,17,11:24:03,1234,1
2488,5,Atención muy buena,237,17:12:22,201,2
2489,9,Podría mejorar el empaque,226,06:48:23,1015,2
2490,7,Atención muy buena,395,21:12:54,385,2
2491,8,Atención muy buena,241,09:29:02,1099,1
2492,10,Muy conforme con la calidad,149,08:42:04,728,1
2493,7,Tardó un poco más de lo esperado,134,23:44:30,1451,2
2494,5,Podría mejorar el empaque,19,13:03:02,358,1
2495,10,Atención muy buena,182,09:47:28,856,2
2496,10,Todo perfecto,536,02:36:34,3,1
2497,9,Podría mejorar el empaque,222,20:21:04,732,1
2498,10,Volvería a comprar,128,12:31:23,1410,1
2499,7,Todo perfecto,303,08:08:34,138,2
2500,10,Podría mejorar el empaque,66,18:25:45,243,2
2501,8,Todo perfecto,611,05:40:54,32,1
2502,9,Atención muy buena,130,01:02:03,1280,2
2503,8,,226,23:01:09,345,1
2504,8,Todo perfecto,340,10:38:11,220,1
2505,3,Atención muy buena,206,13:11:29,1296,1
2506,10,Tardó un poco más de lo esperado,62,19:05:19,547,1
2507,7,Volvería a comprar,238,20:54:41,1169,2
2508,7,Volvería a comprar,343,08:06:54,1217,2
2509,8,Atención muy buena,299,10:16:14,126,1
2510,10,Todo perfecto,80,09:56:46,843,1
2511,9,Tardó un poco más de lo esperado,412,20:19:35,1260,1
2512,8,Volvería a comprar,366,14:09:01,171,1
2513,7,,298,16:28:54,889,2
2514,4,Entrega rápida y producto excelente,30,12:51:39,1012,2
2515,6,Volvería a comprar,166,22:52:21,1418,2
2516,10,Atención muy buena,571,17:48:13,677,2
2517,4,Volvería a comprar,481,08:23:31,979,1
2518,8,,607,02:20:20,326,2
2519,10,Tardó un poco más de lo esperado,32,08:37:03,522,2
2520,8,,377,19:39:01,1326,2
2521,8,Podría mejorar el empaque,617,17:05:45,228,1
2522,6,Muy conforme con la calidad,554,15:46:45,1093,2
2523,8,,447,23:33:18,587,1
2524,9,,313,12:10:26,873,1
2525,9,Muy conforme con la calidad,68,21:10:45,733,2
2526,7,Volvería a comprar,282,14:10:47,276,1
2527,10,Volvería a comprar,624,09:13:36,1428,2
2528,6,Todo perfecto,66,02:05:03,199,2
2529,9,Muy conforme con la calidad,461,04:22:53,221,1
2530,10,,191,12:25:22,1015,2
2531,6,Volvería a comprar,139,02:06:06,6,1
2532,9,,501,00:45:21,1061,2
2533,10,Muy conforme con la calidad,278,13:50:58,1271,1
2534,5,Tardó un poco más de lo esperado,110,22:28:53,619,1
2535,7,Volvería a comprar,280,03:57:35,698,2
2536,9,Podría mejorar el empaque,318,09:05:18,1484,1
2537,8,,82,22:38:14,1316,1
2538,8,Podría mejorar el empaque,402,23:07:01,1034,1
2539,7,Todo perfecto,476,22:44:40,790,2
2540,5,Volvería a comprar,507,08:12:03,1399,2
2541,7,Podría mejorar el empaque,404,06:00:58,1045,1
2542,9,Atención muy buena,588,20:29:01,59,2
2543,9,Atención muy buena,211,09:43:59,244,1
2544,9,Muy conforme con la calidad,551,22:20:34,408,1
2545,4,Entrega rápida y producto excelente,492,15:00:40,259,2
2546,9,Podría mejorar el empaque,285,15:43:00,960,2
2547,9,Atención muy buena,191,20:31:42,878,2
2548,1,,329,06:28:22,584,1
2549,6,,211,05:41:51,397,1
2550,9,Tardó un poco más de lo esperado,289,13:34:38,167,2
2551,4,Todo perfecto,16,22:58:57,1216,2
2552,1,Muy conforme con la calidad,312,02:09:48,1271,1
2553,7,Podría mejorar el empaque,218,23:34:18,1293,1
2554,4,Volvería a comprar,305,20:42:09,223,2
2555,6,Podría mejorar el empaque,596,10:22:56,201,2
2556,7,Tardó un poco más de lo esperado,554,10:48:35,342,1
2557,6,Podría mejorar el empaque,101,05:52:21,913,1
2558,0,Atención muy buena,426,08:32:15,752,1
2559,9,Todo perfecto,113,17:54:12,78,1
2560,9,Tardó un poco más de lo esperado,102,17:45:44,60,2
2561,7,Muy conforme con la calidad,204,08:28:46,1254,1
2562,7,Tardó un poco más de lo esperado,108,17:26:53,183,1
2563,5,Todo perfecto,596,02:17:21,591,2
2564,9,Podría mejorar el empaque,523,16:12:16,849,1
2565,8,Podría mejorar el empaque,134,22:36:31,1248,2
2566,6,Tardó un poco más de lo esperado,12,22:27:19,741,2
2567,10,Tardó un poco más de lo esperado,162,00:26:44,1133,2
2568,5,Entrega rápida y producto excelente,291,04:18:36,844,1
2569,4,Tardó un poco más de lo esperado,26,15:03:38,313,1
2570,7,Entrega rápida y producto excelente,46,15:50:01,891,2
2571,4,Entrega rápida y producto excelente,399,17:45:10,195,1
2572,8,Atención muy buena,227,08:09:59,642,1
2573,10,Muy conforme con la calidad,308,06:40:43,569,1
2574,9,,475,11:43:04,1237,1
2575,8,Tardó un poco más de lo esperado,490,15:01:18,1407,1
2576,7,Volvería a comprar,398,03:48:33,1207,1
2577,7,Entrega rápida y producto excelente,251,11:06:25,1236,1
2578,9,Todo perfecto,38,06:03:48,1279,1
2579,8,Tardó un poco más de lo esperado,602,14:24:32,1439,1
2580,7,Atención muy buena,560,08:17:52,858,1
2581,9,Muy conforme con la calidad,455,04:48:25,1479,2
2582,7,Entrega rápida y producto excelente,458,19:22:33,924,2
2583,8,Todo perfecto,115,03:26:14,382,2
2584,7,Muy conforme con la calidad,462,19:29:19,16,1
2585,8,Entrega rápida y producto excelente,201,14:47:04,862,1
2586,9,Todo perfecto,645,18:31:30,234,2
2587,6,Entrega rápida y producto excelente,160,02:27:35,475,2
2588,10,Tardó un poco más de lo esperado,45,18:28:22,392,1
2589,6,Tardó un poco más de lo esperado,452,17:01:38,1141,1
2590,2,Atención muy buena,620,20:37:52,183,1
2591,10,,396,22:11:52,524,1
2592,8,Todo perfecto,537,13:42:43,690,1
2593,5,Atención muy buena,190,09:28:05,284,1
2594,10,Tardó un poco más de lo esperado,54,02:47:26,860,1
2595,10,,245,04:26:51,991,2
2596,7,Todo perfecto,470,16:13:00,163,2
2597,9,Todo perfecto,507,00:54:11,1364,1
2598,9,Muy conforme con la calidad,89,01:36:44,1233,2
2599,7,Volvería a comprar,344,23:56:56,1009,1
2600,3,Todo perfecto,411,06:54:48,822,1
2601,9,Todo perfecto,481,03:02:18,1198,1
2602,9,Entrega rápida y producto excelente,57,17:17:45,652,1
2603,8,Atención muy buena,238,09:23:50,293,1
2604,5,Podría mejorar el empaque,436,13:52:28,9,2
2605,0,Tardó un poco más de lo esperado,260,03:37:33,967,1
2606,10,Muy conforme con la calidad,282,01:11:49,1090,1
2607,7,Volvería a comprar,68,01:59:40,1324,1
2608,4,Tardó un poco más de lo esperado,338,02:39:32,212,1
2609,8,,196,19:14:49,77,1
2610,9,Muy conforme con la calidad,293,02:37:01,1261,1
2611,8,Tardó un poco más de lo esperado,406,13:27:04,820,1
2612,7,Entrega rápida y producto excelente,187,18:00:42,1321,1
2613,7,Todo perfecto,512,07:31:18,709,2
2614,10,Muy conforme con la calidad,124,15:21:39,1325,1
2615,7,Tardó un poco más de lo esperado,603,04:10:43,1339,1
2616,3,Entrega rápida y producto excelente,480,19:55:49,136,1
2617,7,Atención muy buena,255,02:36:47,459,2
2618,4,Muy conforme con la calidad,374,15:35:05,334,2
2619,10,Muy conforme con la calidad,45,19:27:26,260,2
2620,8,Entrega rápida y producto excelente,345,08:17:15,264,2
2621,10,Podría mejorar el empaque,444,10:19:30,1060,1
2622,10,Tardó un poco más de lo esperado,376,11:24:25,433,1
2623,10,,489,10:12:04,1056,2
2624,9,,464,15:28:45,246,1
2625,10,Atención muy buena,309,06:29:20,1033,1
2626,8,Entrega rápida y producto excelente,154,20:49:13,1148,2
2627,10,Tardó un poco más de lo esperado,417,02:50:08,511,1
2628,9,Podría mejorar el empaque,226,05:54:02,264,1
2629,9,Volvería a comprar,483,18:58:00,553,1
2630,2,,349,13:44:28,196,1
2631,1,Volvería a comprar,20,06:49:44,203,2
2632,4,Todo perfecto,365,09:52:44,1076,2
2633,4,Atención muy buena,182,05:19:00,829,1
2634,10,Entrega rápida y producto excelente,269,13:36:02,245,1
2635,10,Todo perfecto,410,17:47:53,240,2
2636,8,Atención muy buena,220,16:19:48,1173,1
2637,8,Volvería a comprar,407,11:34:52,243,2
2638,9,Podría mejorar el empaque,63,18:25:27,1490,1
2639,7,,38,17:42:33,583,2
2640,6,,442,13:29:20,1216,2
2641,8,Atención muy buena,531,03:32:17,581,2
2642,0,Todo perfecto,110,15:07:57,136,1
2643,6,Muy conforme con la calidad,609,06:16:43,149,2
2644,9,Muy conforme con la calidad,382,13:56:00,1450,1
2645,8,Todo perfecto,394,11:57:32,722,1
2646,9,Muy conforme con la calidad,382,23:47:31,1389,1
2647,9,Atención muy buena,168,01:53:40,90,2
2648,8,,271,10:17:30,1330,1
2649,2,Entrega rápida y producto excelente,181,15:20:36,1170,1
2650,7,,37,11:25:07,154,1
2651,7,Muy conforme con la calidad,386,14:39:57,369,1
2652,8,Entrega rápida y producto excelente,177,20:31:49,70,2
2653,3,Tardó un poco más de lo esperado,150,00:14:08,488,1
2654,7,Podría mejorar el empaque,270,16:00:32,1059,2
2655,0,Atención muy buena,448,22:27:13,1459,1
2656,10,Tardó un poco más de lo esperado,608,20:50:11,1124,1
2657,5,,186,20:47:49,1030,1
2658,6,Entrega rápida y producto excelente,491,22:40:42,210,1
2659,9,Tardó un poco más de lo esperado,213,16:54:51,184,1
2660,7,Todo perfecto,524,23:20:50,513,2
2661,8,Podría mejorar el empaque,614,21:56:01,11,2
2662,8,,296,05:57:57,762,1
2663,5,Entrega rápida y producto excelente,418,10:53:57,385,1
2664,6,,554,01:27:11,1061,2
2665,8,Atención muy buena,30,12:14:58,820,1
2666,1,,639,09:02:01,662,1
2667,9,Volvería a comprar,302,16:02:42,1419,1
2668,10,Tardó un poco más de lo esperado,125,19:10:08,1384,2
2669,10,Volvería a comprar,166,04:39:50,324,2
2670,10,Volvería a comprar,144,00:27:45,547,2
2671,7,Muy conforme con la calidad,121,10:58:57,147,2
2672,7,Muy conforme con la calidad,546,11:23:28,548,1
2673,9,Todo perfecto,266,09:35:57,610,2
2674,8,Volvería a comprar,248,08:42:57,20,1
2675,1,,585,08:01:58,560,2
2676,8,Entrega rápida y producto excelente,380,15:26:30,28,2
2677,2,Podría mejorar el empaque,553,21:22:03,310,1
2678,10,Todo perfecto,454,10:33:53,879,2
2679,3,Atención muy buena,315,14:39:30,819,1
2680,7,Tardó un poco más de lo esperado,121,11:00:31,1406,2
2681,8,,482,18:26:12,298,2
2682,9,Muy conforme con la calidad,292,03:48:33,1210,1
2683,9,Entrega rápida y producto excelente,603,10:43:31,538,1
2684,8,Volvería a comprar,345,08:30:10,566,2
2685,9,Muy conforme con la calidad,195,10:57:31,1469,1
2686,8,Volvería a comprar,243,19:42:10,1428,2
2687,4,Tardó un poco más de lo esperado,406,13:02:06,1398,1
2688,4,Entrega rápida y producto excelente,268,22:26:40,899,1
2689,7,Podría mejorar el empaque,383,17:04:00,806,1
2690,7,Volvería a comprar,41,09:45:07,1464,2
2691,7,,500,07:39:48,1105,2
2692,9,Volvería a comprar,402,13:24:24,847,1
