order_sk,order_date_sk,customer_sk,channel_sk,store_sk,ship_addr_sk,bill_addr_sk,status,currency_code,subtotal,tax_amount,shipping_fee,total_amount
1,331,356,1,,599,1914,FULFILLED,ARS,51600.0,10836.0,1200.0,63636.0
2,31,601,1,,2538,2807,CREATED,ARS,63840.0,13406.4,900.0,78146.4
3,423,1234,1,,3067,130,FULFILLED,ARS,25260.0,5304.6,1500.0,32064.6
4,426,156,1,,511,2669,FULFILLED,ARS,25500.0,5355.0,0.0,30855.0
5,90,616,2,4,4,297,FULFILLED,ARS,44175.0,9276.75,0.0,53451.75
6,72,614,2,2,2,727,FULFILLED,ARS,24000.0,5040.0,0.0,29040.0
7,562,188,1,,1152,436,REFUNDED,ARS,14250.0,2992.5,1200.0,18442.5
8,316,17,1,,2581,,FULFILLED,ARS,13500.0,2835.0,1200.0,17535.0
9,238,1148,1,,494,1022,FULFILLED,ARS,89100.0,18711.0,1200.0,109011.0
10,90,1037,1,,978,101,PAID,ARS,12825.0,2693.25,1200.0,16718.25
11,73,1336,2,1,1,,REFUNDED,ARS,14700.0,3087.0,0.0,17787.0
12,534,1239,2,4,4,1163,FULFILLED,ARS,34140.0,7169.4,0.0,41309.4
13,222,1426,2,3,3,2393,FULFILLED,ARS,35280.0,7408.8,0.0,42688.8
14,448,862,2,1,1,346,PAID,ARS,101887.5,21396.38,0.0,123283.88
15,596,181,1,,2921,1242,PAID,ARS,11760.0,2469.6,900.0,15129.6
16,259,700,1,,807,2272,CANCELLED,ARS,23520.0,4939.2,1200.0,29659.2
17,605,475,1,,2562,589,FULFILLED,ARS,22680.0,4762.8,1200.0,28642.8
18,416,753,2,2,2,2056,FULFILLED,ARS,66870.0,14042.7,0.0,80912.7
19,196,1151,1,,1695,1716,CANCELLED,ARS,81990.0,17217.9,900.0,100107.9
20,477,793,1,,2616,1527,FULFILLED,ARS,37044.0,7779.24,1200.0,46023.24
21,127,866,1,,2378,2937,FULFILLED,ARS,49500.0,10395.0,0.0,59895.0
22,632,1110,1,,1549,2250,FULFILLED,ARS,23520.0,4939.2,1200.0,29659.2
23,91,854,2,1,1,1466,REFUNDED,ARS,24000.0,5040.0,0.0,29040.0
24,552,379,2,3,3,2102,FULFILLED,ARS,68400.0,14364.0,0.0,82764.0
25,427,441,2,2,2,532,FULFILLED,ARS,11760.0,2469.6,0.0,14229.6
26,604,125,1,,516,1985,FULFILLED,ARS,70087.5,14718.38,1200.0,86005.88
27,347,1201,1,,301,3168,FULFILLED,ARS,13500.0,2835.0,1200.0,17535.0
28,337,1055,1,,1862,2325,FULFILLED,ARS,22800.0,4788.0,900.0,28488.0
29,138,382,1,,1423,342,FULFILLED,ARS,12000.0,2520.0,0.0,14520.0
30,623,1456,1,,1425,414,FULFILLED,ARS,64740.0,13595.4,900.0,79235.4
31,526,1377,2,4,4,2585,PAID,ARS,34200.0,7182.0,0.0,41382.0
32,496,1375,2,4,4,928,PAID,ARS,23520.0,4939.2,0.0,28459.2
33,440,821,1,,924,2185,FULFILLED,ARS,27000.0,5670.0,1200.0,33870.0
34,160,1475,2,4,4,2316,FULFILLED,ARS,14700.0,3087.0,0.0,17787.0
35,322,634,2,2,2,1160,FULFILLED,ARS,85387.5,17931.38,0.0,103318.88
36,12,585,2,1,1,2440,FULFILLED,ARS,21600.0,4536.0,0.0,26136.0
37,268,180,1,,1863,3142,FULFILLED,ARS,49800.0,10458.0,900.0,61158.0
38,26,482,1,,2325,1548,FULFILLED,ARS,24696.0,5186.16,1200.0,31082.16
39,33,620,2,1,1,307,FULFILLED,ARS,11760.0,2469.6,0.0,14229.6
40,144,603,2,1,1,3134,FULFILLED,ARS,59160.0,12423.6,0.0,71583.6
41,64,1028,1,,1149,2288,CANCELLED,ARS,11400.0,2394.0,1200.0,14994.0
42,14,1005,2,3,3,,FULFILLED,ARS,24510.0,5147.1,0.0,29657.1
43,271,790,1,,33,742,FULFILLED,ARS,10260.0,2154.6,1500.0,13914.6
44,142,665,1,,2043,2230,PAID,ARS,39600.0,8316.0,900.0,48816.0
45,611,562,1,,1135,,FULFILLED,ARS,73500.0,15435.0,1500.0,90435.0
46,32,998,1,,1984,2030,FULFILLED,ARS,36000.0,7560.0,900.0,44460.0
47,12,276,1,,493,,FULFILLED,ARS,33000.0,6930.0,0.0,39930.0
48,68,1469,2,2,2,,FULFILLED,ARS,10800.0,2268.0,0.0,13068.0
49,257,408,2,2,2,2369,CREATED,ARS,23520.0,4939.2,0.0,28459.2
50,224,1360,2,2,2,178,FULFILLED,ARS,40500.0,8505.0,0.0,49005.0
51,207,1423,1,,665,1107,FULFILLED,ARS,28500.0,5985.0,1200.0,35685.0
52,259,741,1,,1867,1344,FULFILLED,ARS,30870.0,6482.7,900.0,38252.7
53,309,969,1,,1612,,FULFILLED,ARS,70560.0,14817.6,0.0,85377.6
54,223,729,1,,458,2599,CANCELLED,ARS,27000.0,5670.0,900.0,33570.0
55,76,251,2,4,4,2469,PAID,ARS,12348.0,2593.08,0.0,14941.08
56,570,1087,2,1,1,2309,PAID,ARS,42750.0,8977.5,0.0,51727.5
57,468,659,1,,1891,2450,FULFILLED,ARS,71025.0,14915.25,1200.0,87140.25
58,418,338,2,4,4,630,FULFILLED,ARS,28425.0,5969.25,0.0,34394.25
59,265,1068,1,,2075,3,CANCELLED,ARS,43350.0,9103.5,1500.0,53953.5
60,183,958,1,,2539,1977,FULFILLED,ARS,64200.0,13482.0,0.0,77682.0
61,56,428,2,4,4,337,CANCELLED,ARS,29160.0,6123.6,0.0,35283.6
62,426,1337,1,,88,298,FULFILLED,ARS,12000.0,2520.0,1200.0,15720.0
63,358,1442,2,3,3,696,FULFILLED,ARS,45000.0,9450.0,0.0,54450.0
64,151,939,1,,410,3172,FULFILLED,ARS,37044.0,7779.24,1500.0,46323.24
65,429,1409,1,,311,3175,FULFILLED,ARS,14850.0,3118.5,1200.0,19168.5
66,261,1062,1,,1403,2637,FULFILLED,ARS,35280.0,7408.8,1200.0,43888.8
67,26,988,1,,138,1191,CANCELLED,ARS,35280.0,7408.8,1200.0,43888.8
68,467,778,1,,1252,1602,REFUNDED,ARS,14700.0,3087.0,900.0,18687.0
69,336,77,1,,624,1747,PAID,ARS,84435.0,17731.35,0.0,102166.35
70,164,700,1,,480,1472,FULFILLED,ARS,44100.0,9261.0,0.0,53361.0
71,572,425,1,,432,2747,PAID,ARS,12000.0,2520.0,900.0,15420.0
72,204,1271,2,3,3,1522,FULFILLED,ARS,11760.0,2469.6,0.0,14229.6
73,33,1129,1,,2540,2125,PAID,ARS,12825.0,2693.25,1500.0,17018.25
74,342,1224,1,,1123,485,PAID,ARS,15435.0,3241.35,900.0,19576.35
75,349,446,1,,2068,3072,FULFILLED,ARS,56340.0,11831.4,900.0,69071.4
76,447,867,1,,2685,1944,FULFILLED,ARS,29400.0,6174.0,900.0,36474.0
77,61,127,1,,3189,423,FULFILLED,ARS,23520.0,4939.2,1200.0,29659.2
78,339,874,2,1,1,208,PAID,ARS,23520.0,4939.2,0.0,28459.2
79,375,814,1,,2367,374,FULFILLED,ARS,40650.0,8536.5,0.0,49186.5
80,625,1189,1,,840,2306,PAID,ARS,32400.0,6804.0,1200.0,40404.0
81,316,584,1,,69,2170,FULFILLED,ARS,14700.0,3087.0,900.0,18687.0
82,399,1433,1,,953,2160,FULFILLED,ARS,52800.0,11088.0,900.0,64788.0
83,630,670,1,,3103,2091,FULFILLED,ARS,34200.0,7182.0,1200.0,42582.0
84,41,464,1,,842,2869,REFUNDED,ARS,38100.0,8001.0,1200.0,47301.0
85,330,535,1,,153,,PAID,ARS,15000.0,3150.0,900.0,19050.0
86,426,655,1,,2185,2539,FULFILLED,ARS,12348.0,2593.08,1500.0,16441.08
87,596,833,1,,2251,855,FULFILLED,ARS,10800.0,2268.0,1200.0,14268.0
88,348,490,1,,1449,1319,CANCELLED,ARS,11400.0,2394.0,1200.0,14994.0
89,34,360,1,,1460,104,FULFILLED,ARS,56400.0,11844.0,900.0,69144.0
90,535,1227,1,,1176,2146,FULFILLED,ARS,14250.0,2992.5,1200.0,18442.5
91,27,624,1,,38,2890,FULFILLED,ARS,36825.0,7733.25,900.0,45458.25
92,48,228,1,,2302,1743,FULFILLED,ARS,91192.5,19150.42,0.0,110342.92
93,165,770,1,,776,530,FULFILLED,ARS,30000.0,6300.0,900.0,37200.0
94,319,54,2,2,2,2329,FULFILLED,ARS,84675.0,17781.75,0.0,102456.75
95,362,1006,2,4,4,2237,PAID,ARS,74700.0,15687.0,0.0,90387.0
96,634,247,1,,1295,1236,FULFILLED,ARS,48510.0,10187.1,1200.0,59897.1
97,509,1127,2,3,3,1319,FULFILLED,ARS,35280.0,7408.8,0.0,42688.8
98,164,757,2,2,2,2453,FULFILLED,ARS,15435.0,3241.35,0.0,18676.35
99,382,520,1,,2447,3135,FULFILLED,ARS,35910.0,7541.1,900.0,44351.1
100,58,258,1,,228,1515,FULFILLED,ARS,12000.0,2520.0,0.0,14520.0
101,212,467,1,,1889,1636,CANCELLED,ARS,23148.0,4861.08,900.0,28909.08
102,90,3,1,,223,2640,PAID,ARS,36000.0,7560.0,900.0,44460.0
103,324,334,1,,2867,2620,FULFILLED,ARS,35280.0,7408.8,1200.0,43888.8
104,85,802,2,3,3,553,CREATED,ARS,30780.0,6463.8,0.0,37243.8
105,83,999,1,,3052,255,REFUNDED,ARS,30000.0,6300.0,1200.0,37500.0
106,133,176,1,,2444,462,FULFILLED,ARS,21600.0,4536.0,1200.0,27336.0
107,405,801,1,,2960,607,FULFILLED,ARS,15000.0,3150.0,900.0,19050.0
108,143,1113,1,,1947,751,FULFILLED,ARS,34020.0,7144.2,900.0,42064.2
109,551,810,2,4,4,,FULFILLED,ARS,46305.0,9724.05,0.0,56029.05
110,113,581,2,4,4,704,FULFILLED,ARS,33000.0,6930.0,0.0,39930.0
111,521,1284,2,2,2,3026,CANCELLED,ARS,68070.0,14294.7,0.0,82364.7
112,355,1333,1,,1880,2902,FULFILLED,ARS,15435.0,3241.35,1200.0,19876.35
113,425,24,2,2,2,806,PAID,ARS,76770.0,16121.7,0.0,92891.7
114,21,1222,2,1,1,1895,CANCELLED,ARS,12936.0,2716.56,0.0,15652.56
115,261,63,2,1,1,2180,PAID,ARS,9720.0,2041.2,0.0,11761.2
116,50,1078,1,,3,2864,REFUNDED,ARS,21600.0,4536.0,1500.0,27636.0
117,183,1091,1,,2613,2787,FULFILLED,ARS,39600.0,8316.0,1200.0,49116.0
118,385,524,1,,1258,3173,FULFILLED,ARS,24000.0,5040.0,1200.0,30240.0
119,594,1229,1,,2394,1458,FULFILLED,ARS,38808.0,8149.68,900.0,47857.68
120,563,458,2,4,4,2845,FULFILLED,ARS,14700.0,3087.0,0.0,17787.0
121,109,68,1,,1657,1466,FULFILLED,ARS,11760.0,2469.6,0.0,14229.6
122,355,959,2,4,4,2706,FULFILLED,ARS,37620.0,7900.2,0.0,45520.2
123,608,356,2,1,1,3167,FULFILLED,ARS,36000.0,7560.0,0.0,43560.0
124,541,530,1,,5,1284,CANCELLED,ARS,14700.0,3087.0,1200.0,18987.0
125,37,1420,1,,3008,1268,FULFILLED,ARS,54684.0,11483.64,1200.0,67367.64
126,191,279,2,3,3,954,FULFILLED,ARS,51300.0,10773.0,0.0,62073.0
127,164,779,2,3,3,206,FULFILLED,ARS,15000.0,3150.0,0.0,18150.0
128,59,1383,1,,2117,3141,FULFILLED,ARS,56850.0,11938.5,1200.0,69988.5
129,476,1189,1,,1356,885,CANCELLED,ARS,82620.0,17350.2,1500.0,101470.2
130,626,1016,1,,3040,1995,FULFILLED,ARS,62280.0,13078.8,1500.0,76858.8
131,507,595,2,3,3,164,PAID,ARS,12150.0,2551.5,0.0,14701.5
132,25,902,2,4,4,2020,FULFILLED,ARS,39600.0,8316.0,0.0,47916.0
133,208,317,1,,2546,2601,FULFILLED,ARS,26460.0,5556.6,1200.0,33216.6
134,166,1229,2,2,2,,FULFILLED,ARS,15000.0,3150.0,0.0,18150.0
135,6,279,2,3,3,63,FULFILLED,ARS,62280.0,13078.8,0.0,75358.8
136,151,1498,2,4,4,2609,PAID,ARS,33000.0,6930.0,0.0,39930.0
137,386,140,1,,1773,2026,FULFILLED,ARS,28500.0,5985.0,0.0,34485.0
138,320,1115,1,,2545,462,PAID,ARS,11760.0,2469.6,0.0,14229.6
139,3,1240,1,,1704,1477,PAID,ARS,34200.0,7182.0,1500.0,42882.0
140,97,590,1,,1036,1328,FULFILLED,ARS,13500.0,2835.0,1200.0,17535.0
141,414,645,2,3,3,1878,FULFILLED,ARS,13230.0,2778.3,0.0,16008.3
142,335,545,2,1,1,2477,REFUNDED,ARS,11880.0,2494.8,0.0,14374.8
143,542,1208,1,,1955,3064,REFUNDED,ARS,50706.0,10648.26,1500.0,62854.26
144,158,551,2,1,1,1113,FULFILLED,ARS,66600.0,13986.0,0.0,80586.0
145,40,569,2,1,1,214,CANCELLED,ARS,29700.0,6237.0,0.0,35937.0
146,566,1305,1,,3178,,FULFILLED,ARS,30000.0,6300.0,1500.0,37800.0
147,126,280,1,,2731,194,FULFILLED,ARS,82687.5,17364.38,900.0,100951.88
148,342,1338,1,,1472,,FULFILLED,ARS,59340.0,12461.4,900.0,72701.4
149,538,84,1,,2447,592,FULFILLED,ARS,35280.0,7408.8,1200.0,43888.8
150,387,655,1,,1117,81,FULFILLED,ARS,13500.0,2835.0,900.0,17235.0
151,516,513,2,4,4,3049,FULFILLED,ARS,32340.0,6791.4,0.0,39131.4
152,107,884,2,3,3,849,FULFILLED,ARS,35280.0,7408.8,0.0,42688.8
153,8,385,2,2,2,1553,FULFILLED,ARS,9720.0,2041.2,0.0,11761.2
154,527,723,2,2,2,752,CANCELLED,ARS,10800.0,2268.0,0.0,13068.0
155,183,110,2,1,1,2113,PAID,ARS,42525.0,8930.25,0.0,51455.25
156,43,1197,1,,3125,2708,FULFILLED,ARS,12000.0,2520.0,900.0,15420.0
157,303,833,2,2,2,1194,FULFILLED,ARS,42750.0,8977.5,0.0,51727.5
158,392,371,2,3,3,1185,CANCELLED,ARS,59250.0,12442.5,0.0,71692.5
159,115,905,2,1,1,1807,FULFILLED,ARS,30000.0,6300.0,0.0,36300.0
160,196,389,1,,307,3180,FULFILLED,ARS,12348.0,2593.08,1200.0,16141.08
161,165,1299,2,4,4,,FULFILLED,ARS,29400.0,6174.0,0.0,35574.0
162,295,725,1,,2912,,FULFILLED,ARS,45000.0,9450.0,900.0,55350.0
163,578,645,2,4,4,161,PAID,ARS,22800.0,4788.0,0.0,27588.0
164,55,584,1,,136,984,FULFILLED,ARS,21600.0,4536.0,900.0,27036.0
165,419,436,1,,2762,3083,FULFILLED,ARS,63000.0,13230.0,900.0,77130.0
166,605,293,1,,2361,2895,FULFILLED,ARS,23520.0,4939.2,1500.0,29959.2
167,574,1065,1,,2496,,FULFILLED,ARS,43425.0,9119.25,1200.0,53744.25
168,384,1234,1,,2706,1645,CANCELLED,ARS,47085.0,9887.85,1200.0,58172.85
169,57,400,1,,2527,2133,CANCELLED,ARS,40500.0,8505.0,1200.0,50205.0
170,190,251,1,,1329,,FULFILLED,ARS,10800.0,2268.0,1200.0,14268.0
171,89,764,2,4,4,,PAID,ARS,30000.0,6300.0,0.0,36300.0
172,424,1490,1,,2557,2733,CREATED,ARS,11760.0,2469.6,1200.0,15429.6
173,128,181,1,,1805,607,FULFILLED,ARS,22800.0,4788.0,900.0,28488.0
174,533,693,1,,1635,1849,FULFILLED,ARS,31500.0,6615.0,1200.0,39315.0
175,251,672,2,2,2,2475,FULFILLED,ARS,11760.0,2469.6,0.0,14229.6
176,152,786,1,,2161,1699,PAID,ARS,12000.0,2520.0,900.0,15420.0
177,422,1347,2,2,2,1260,FULFILLED,ARS,14850.0,3118.5,0.0,17968.5
178,328,628,1,,868,,FULFILLED,ARS,12825.0,2693.25,1200.0,16718.25
179,489,1485,2,2,2,3036,PAID,ARS,13500.0,2835.0,0.0,16335.0
180,590,805,1,,2735,1866,FULFILLED,ARS,72600.0,15246.0,900.0,88746.0
181,142,445,1,,753,2685,FULFILLED,ARS,25200.0,5292.0,1200.0,31692.0
182,317,560,1,,83,2249,FULFILLED,ARS,23520.0,4939.2,900.0,29359.2
183,252,403,1,,2607,1525,FULFILLED,ARS,25080.0,5266.8,1200.0,31546.8
184,300,693,2,1,1,1838,PAID,ARS,27000.0,5670.0,0.0,32670.0
185,497,274,2,2,2,2613,PAID,ARS,13500.0,2835.0,0.0,16335.0
186,200,804,1,,944,600,FULFILLED,ARS,59844.0,12567.24,1200.0,73611.24
187,212,1495,1,,1364,2585,FULFILLED,ARS,11400.0,2394.0,900.0,14694.0
188,409,48,2,1,1,2002,REFUNDED,ARS,32400.0,6804.0,0.0,39204.0
189,601,661,2,3,3,2869,FULFILLED,ARS,27000.0,5670.0,0.0,32670.0
190,123,984,1,,1812,3020,PAID,ARS,37044.0,7779.24,900.0,45723.24
191,157,1384,1,,1972,1811,PAID,ARS,11760.0,2469.6,0.0,14229.6
192,625,788,1,,206,1179,CANCELLED,ARS,88344.0,18552.24,0.0,106896.24
193,68,456,2,2,2,1133,PAID,ARS,12000.0,2520.0,0.0,14520.0
194,46,427,1,,695,,FULFILLED,ARS,32400.0,6804.0,1200.0,40404.0
195,622,866,1,,2574,913,FULFILLED,ARS,45000.0,9450.0,0.0,54450.0
196,425,371,1,,600,352,FULFILLED,ARS,45840.0,9626.4,1200.0,56666.4
197,592,1000,1,,1384,1481,FULFILLED,ARS,30000.0,6300.0,1200.0,37500.0
198,100,1404,1,,795,2536,FULFILLED,ARS,10800.0,2268.0,1200.0,14268.0
199,34,1159,1,,788,,FULFILLED,ARS,29160.0,6123.6,900.0,36183.6
200,444,1040,1,,2797,,FULFILLED,ARS,48000.0,10080.0,1200.0,59280.0
201,269,464,1,,2537,2887,FULFILLED,ARS,21600.0,4536.0,900.0,27036.0
202,321,166,1,,2941,1631,REFUNDED,ARS,40950.0,8599.5,1200.0,50749.5
203,452,1056,2,3,3,1262,FULFILLED,ARS,36000.0,7560.0,0.0,43560.0
204,322,925,2,3,3,2299,FULFILLED,ARS,32400.0,6804.0,0.0,39204.0
205,393,488,1,,257,678,CANCELLED,ARS,40500.0,8505.0,1200.0,50205.0
206,274,903,1,,898,459,FULFILLED,ARS,14700.0,3087.0,0.0,17787.0
207,573,70,1,,1092,1448,PAID,ARS,23520.0,4939.2,1200.0,29659.2
208,493,1459,1,,1330,,FULFILLED,ARS,12348.0,2593.08,900.0,15841.08
209,467,500,2,2,2,1838,FULFILLED,ARS,44550.0,9355.5,0.0,53905.5
210,459,361,1,,1297,370,FULFILLED,ARS,25200.0,5292.0,1200.0,31692.0
211,445,476,1,,2590,683,FULFILLED,ARS,13500.0,2835.0,1500.0,17835.0
212,566,1400,2,1,1,1780,REFUNDED,ARS,66780.0,14023.8,0.0,80803.8
213,415,945,1,,886,106,FULFILLED,ARS,11760.0,2469.6,900.0,15129.6
214,107,1443,1,,900,1390,FULFILLED,ARS,15750.0,3307.5,1500.0,20557.5
215,201,1430,1,,2687,2114,FULFILLED,ARS,22680.0,4762.8,900.0,28342.8
216,29,1330,1,,1579,613,FULFILLED,ARS,51015.0,10713.15,900.0,62628.15
217,496,274,1,,506,3105,FULFILLED,ARS,15675.0,3291.75,900.0,19866.75
218,96,1251,2,2,2,455,FULFILLED,ARS,59962.5,12592.12,0.0,72554.62
219,186,176,1,,550,299,FULFILLED,ARS,31860.0,6690.6,1200.0,39750.6
220,164,42,2,2,2,1205,PAID,ARS,45000.0,9450.0,0.0,54450.0
221,630,582,1,,1933,1139,FULFILLED,ARS,11400.0,2394.0,900.0,14694.0
222,493,4,2,1,1,73,FULFILLED,ARS,23520.0,4939.2,0.0,28459.2
223,243,569,2,2,2,2286,FULFILLED,ARS,21600.0,4536.0,0.0,26136.0
224,359,157,2,1,1,708,PAID,ARS,22680.0,4762.8,0.0,27442.8
225,447,649,1,,311,230,FULFILLED,ARS,40500.0,8505.0,1200.0,50205.0
226,583,1230,1,,1403,55,FULFILLED,ARS,34020.0,7144.2,0.0,41164.2
227,198,197,1,,2867,3115,FULFILLED,ARS,29160.0,6123.6,1200.0,36483.6
228,199,731,1,,2594,1940,FULFILLED,ARS,35280.0,7408.8,1200.0,43888.8
229,452,506,1,,2647,2901,FULFILLED,ARS,35280.0,7408.8,900.0,43588.8
230,466,751,2,2,2,3016,CANCELLED,ARS,13500.0,2835.0,0.0,16335.0
231,364,485,1,,1341,201,FULFILLED,ARS,32400.0,6804.0,900.0,40104.0
232,160,823,1,,57,2287,PAID,ARS,47250.0,9922.5,900.0,58072.5
233,418,680,1,,1497,2906,PAID,ARS,36936.0,7756.56,1200.0,45892.56
234,324,417,1,,2093,531,FULFILLED,ARS,15000.0,3150.0,900.0,19050.0
235,514,677,1,,2205,1685,FULFILLED,ARS,23520.0,4939.2,1200.0,29659.2
236,276,1327,2,2,2,2411,CANCELLED,ARS,21600.0,4536.0,0.0,26136.0
237,370,593,2,1,1,,FULFILLED,ARS,24000.0,5040.0,0.0,29040.0
238,319,606,2,1,1,1048,FULFILLED,ARS,36000.0,7560.0,0.0,43560.0
239,447,137,2,2,2,2139,PAID,ARS,21168.0,4445.28,0.0,25613.28
240,51,487,1,,1637,1298,FULFILLED,ARS,51660.0,10848.6,900.0,63408.6
241,294,909,1,,2066,179,REFUNDED,ARS,39000.0,8190.0,900.0,48090.0
242,285,179,2,1,1,2962,FULFILLED,ARS,59400.0,12474.0,0.0,71874.0
243,593,183,1,,2017,1611,CANCELLED,ARS,37044.0,7779.24,1200.0,46023.24
244,525,536,1,,827,2922,FULFILLED,ARS,16500.0,3465.0,0.0,19965.0
245,257,1341,2,1,1,,FULFILLED,ARS,20520.0,4309.2,0.0,24829.2
246,494,378,2,1,1,,REFUNDED,ARS,40350.0,8473.5,0.0,48823.5
247,636,548,1,,537,476,CANCELLED,ARS,61650.0,12946.5,0.0,74596.5
248,337,757,1,,3131,116,FULFILLED,ARS,15435.0,3241.35,900.0,19576.35
249,300,522,2,4,4,2139,FULFILLED,ARS,10800.0,2268.0,0.0,13068.0
250,110,1384,2,3,3,290,FULFILLED,ARS,39600.0,8316.0,0.0,47916.0
251,265,473,1,,843,1994,FULFILLED,ARS,42525.0,8930.25,1500.0,52955.25
252,75,1316,2,3,3,1075,FULFILLED,ARS,34200.0,7182.0,0.0,41382.0
253,62,1356,2,1,1,1674,FULFILLED,ARS,44100.0,9261.0,0.0,53361.0
254,479,266,1,,1464,597,REFUNDED,ARS,46296.0,9722.16,0.0,56018.16
255,287,1359,2,2,2,1810,FULFILLED,ARS,21168.0,4445.28,0.0,25613.28
256,226,843,1,,2933,1968,FULFILLED,ARS,14700.0,3087.0,900.0,18687.0
257,275,599,1,,105,83,FULFILLED,ARS,23520.0,4939.2,1200.0,29659.2
258,516,1048,2,1,1,723,FULFILLED,ARS,57900.0,12159.0,0.0,70059.0
259,361,319,1,,3048,1480,FULFILLED,ARS,28500.0,5985.0,900.0,35385.0
260,613,846,1,,975,661,REFUNDED,ARS,25872.0,5433.12,1500.0,32805.12
261,347,1491,1,,2539,3128,FULFILLED,ARS,33000.0,6930.0,1200.0,41130.0
262,592,79,1,,1366,1306,FULFILLED,ARS,24000.0,5040.0,0.0,29040.0
263,323,748,1,,3055,862,FULFILLED,ARS,35280.0,7408.8,900.0,43588.8
264,366,537,1,,3146,987,PAID,ARS,40500.0,8505.0,900.0,49905.0
265,597,303,2,2,2,2401,PAID,ARS,57645.0,12105.45,0.0,69750.45
266,118,1065,1,,1757,1988,FULFILLED,ARS,52536.0,11032.56,900.0,64468.56
267,493,606,1,,1858,2324,FULFILLED,ARS,39195.0,8230.95,900.0,48325.95
268,60,553,1,,1632,1948,FULFILLED,ARS,27000.0,5670.0,1200.0,33870.0
269,439,656,1,,361,1668,CANCELLED,ARS,11400.0,2394.0,0.0,13794.0
270,287,786,1,,1402,54,CANCELLED,ARS,69105.0,14512.05,0.0,83617.05
271,47,663,2,1,1,1839,FULFILLED,ARS,11760.0,2469.6,0.0,14229.6
272,43,833,1,,1297,1046,REFUNDED,ARS,71280.0,14968.8,1200.0,87448.8
273,299,844,1,,1061,2889,FULFILLED,ARS,26400.0,5544.0,1200.0,33144.0
274,61,720,1,,353,1437,FULFILLED,ARS,35280.0,7408.8,900.0,43588.8
275,272,169,2,1,1,2353,FULFILLED,ARS,63690.0,13374.9,0.0,77064.9
276,173,969,1,,1858,95,FULFILLED,ARS,21600.0,4536.0,1200.0,27336.0
277,512,268,2,4,4,2908,PAID,ARS,24000.0,5040.0,0.0,29040.0
278,288,122,2,1,1,3023,FULFILLED,ARS,42000.0,8820.0,0.0,50820.0
279,429,617,1,,2841,164,FULFILLED,ARS,21600.0,4536.0,1500.0,27636.0
280,593,608,1,,2268,1523,CANCELLED,ARS,44100.0,9261.0,900.0,54261.0
281,202,732,2,1,1,1458,FULFILLED,ARS,27300.0,5733.0,0.0,33033.0
282,436,211,1,,2122,600,FULFILLED,ARS,43968.0,9233.28,900.0,54101.28
283,363,475,1,,1567,432,FULFILLED,ARS,19440.0,4082.4,900.0,24422.4
284,568,949,1,,2712,1549,FULFILLED,ARS,12825.0,2693.25,1200.0,16718.25
285,69,426,2,2,2,2971,FULFILLED,ARS,58500.0,12285.0,0.0,70785.0
286,304,386,1,,1443,1037,CANCELLED,ARS,15000.0,3150.0,1200.0,19350.0
287,193,500,1,,2067,1798,FULFILLED,ARS,29400.0,6174.0,1500.0,37074.0
288,534,677,2,1,1,1764,PAID,ARS,42750.0,8977.5,0.0,51727.5
289,398,33,2,1,1,2085,PAID,ARS,11760.0,2469.6,0.0,14229.6
290,423,194,1,,3137,1296,CANCELLED,ARS,73710.0,15479.1,1200.0,90389.1
291,309,78,1,,2789,3031,FULFILLED,ARS,85830.0,18024.3,1500.0,105354.3
292,291,102,1,,1996,825,PAID,ARS,47025.0,9875.25,0.0,56900.25
293,485,1072,2,4,4,2657,PAID,ARS,26670.0,5600.7,0.0,32270.7
294,599,754,1,,1359,3164,PAID,ARS,21600.0,4536.0,900.0,27036.0
295,113,195,1,,1152,46,CANCELLED,ARS,36000.0,7560.0,900.0,44460.0
296,452,862,2,4,4,433,REFUNDED,ARS,20520.0,4309.2,0.0,24829.2
297,180,240,2,2,2,491,PAID,ARS,15000.0,3150.0,0.0,18150.0
298,589,682,2,1,1,761,REFUNDED,ARS,44100.0,9261.0,0.0,53361.0
299,309,849,2,1,1,536,FULFILLED,ARS,34200.0,7182.0,0.0,41382.0
300,127,807,2,3,3,,FULFILLED,ARS,36000.0,7560.0,0.0,43560.0
301,324,901,1,,1279,,FULFILLED,ARS,44160.0,9273.6,1200.0,54633.6
302,127,61,1,,371,,PAID,ARS,24000.0,5040.0,0.0,29040.0
303,585,1082,1,,1272,1246,CANCELLED,ARS,56700.0,11907.0,900.0,69507.0
304,76,1286,2,3,3,3149,PAID,ARS,32400.0,6804.0,0.0,39204.0
305,75,1416,1,,1942,1586,FULFILLED,ARS,98077.5,20596.27,1200.0,119873.77
306,469,979,1,,2689,2941,FULFILLED,ARS,25200.0,5292.0,1200.0,31692.0
307,120,800,1,,969,959,FULFILLED,ARS,69150.0,14521.5,0.0,83671.5
308,256,800,1,,3193,920,FULFILLED,ARS,13500.0,2835.0,1500.0,17835.0
309,87,757,1,,1366,802,PAID,ARS,13500.0,2835.0,1500.0,17835.0
310,100,1194,2,1,1,2964,CANCELLED,ARS,37800.0,7938.0,0.0,45738.0
311,370,673,1,,1712,,FULFILLED,ARS,21600.0,4536.0,1500.0,27636.0
312,373,1266,2,2,2,2233,PAID,ARS,29925.0,6284.25,0.0,36209.25
313,420,7,2,2,2,2850,FULFILLED,ARS,29925.0,6284.25,0.0,36209.25
314,505,1040,2,3,3,148,FULFILLED,ARS,59250.0,12442.5,0.0,71692.5
315,289,873,1,,2430,1127,FULFILLED,ARS,26760.0,5619.6,1200.0,33579.6
316,491,1336,1,,2185,386,FULFILLED,ARS,44175.0,9276.75,900.0,54351.75
317,483,708,2,1,1,1521,FULFILLED,ARS,59175.0,12426.75,0.0,71601.75
318,229,380,1,,742,4,FULFILLED,ARS,29700.0,6237.0,1500.0,37437.0
319,280,634,2,4,4,2997,PAID,ARS,12600.0,2646.0,0.0,15246.0
320,111,578,1,,2483,2574,FULFILLED,ARS,11760.0,2469.6,1200.0,15429.6
321,596,1479,1,,517,2062,FULFILLED,ARS,29250.0,6142.5,1200.0,36592.5
322,580,1399,1,,3181,1855,FULFILLED,ARS,77100.0,16191.0,1200.0,94491.0
323,325,522,2,4,4,2659,FULFILLED,ARS,30780.0,6463.8,0.0,37243.8
324,457,247,2,1,1,752,FULFILLED,ARS,45216.0,9495.36,0.0,54711.36
325,377,96,2,4,4,193,FULFILLED,ARS,57696.0,12116.16,0.0,69812.16
326,288,798,2,2,2,,FULFILLED,ARS,23760.0,4989.6,0.0,28749.6
327,168,21,1,,2820,2288,FULFILLED,ARS,69480.0,14590.8,0.0,84070.8
328,375,1236,1,,1160,1582,FULFILLED,ARS,24696.0,5186.16,1200.0,31082.16
329,407,130,1,,2634,1458,FULFILLED,ARS,66975.0,14064.75,1200.0,82239.75
330,75,169,1,,1195,2389,FULFILLED,ARS,35640.0,7484.4,1200.0,44324.4
331,349,973,2,2,2,2436,FULFILLED,ARS,24000.0,5040.0,0.0,29040.0
332,359,1449,1,,1764,2195,FULFILLED,ARS,55935.0,11746.35,900.0,68581.35
333,626,210,1,,2680,3168,PAID,ARS,50700.0,10647.0,1200.0,62547.0
334,351,737,1,,2292,2218,CANCELLED,ARS,12936.0,2716.56,900.0,16552.56
335,493,1350,1,,1059,1764,PAID,ARS,57720.0,12121.2,1500.0,71341.2
336,41,170,1,,1428,1984,FULFILLED,ARS,59910.0,12581.1,1200.0,73691.1
337,201,217,1,,1796,2687,FULFILLED,ARS,38400.0,8064.0,1500.0,47964.0
338,256,254,1,,2438,2749,FULFILLED,ARS,13500.0,2835.0,1500.0,17835.0
339,82,1400,1,,1653,722,REFUNDED,ARS,38220.0,8026.2,900.0,47146.2
340,494,1213,1,,2202,1905,CANCELLED,ARS,44100.0,9261.0,1200.0,54561.0
341,218,1410,1,,3049,167,FULFILLED,ARS,10800.0,2268.0,1200.0,14268.0
342,356,128,2,2,2,2350,FULFILLED,ARS,25200.0,5292.0,0.0,30492.0
343,280,499,1,,601,1440,FULFILLED,ARS,14250.0,2992.5,900.0,18142.5
344,224,494,1,,2683,2641,FULFILLED,ARS,22140.0,4649.4,1200.0,27989.4
345,205,755,1,,2503,561,PAID,ARS,33000.0,6930.0,1500.0,41430.0
346,122,518,1,,2592,359,FULFILLED,ARS,34020.0,7144.2,0.0,41164.2
347,437,1171,2,4,4,261,PAID,ARS,34200.0,7182.0,0.0,41382.0
348,231,1261,1,,1440,2085,FULFILLED,ARS,44100.0,9261.0,900.0,54261.0
349,320,468,2,4,4,2981,FULFILLED,ARS,10260.0,2154.6,0.0,12414.6
350,242,503,1,,2651,803,FULFILLED,ARS,36000.0,7560.0,1200.0,44760.0
351,78,1073,2,3,3,863,FULFILLED,ARS,35280.0,7408.8,0.0,42688.8
352,124,997,2,1,1,1525,FULFILLED,ARS,27000.0,5670.0,0.0,32670.0
353,413,435,1,,2445,1597,FULFILLED,ARS,28350.0,5953.5,900.0,35203.5
354,494,1401,2,4,4,74,FULFILLED,ARS,34200.0,7182.0,0.0,41382.0
355,495,202,1,,1194,2684,FULFILLED,ARS,13200.0,2772.0,1200.0,17172.0
356,344,920,1,,173,,FULFILLED,ARS,40500.0,8505.0,1200.0,50205.0
357,522,1101,1,,1472,,FULFILLED,ARS,44100.0,9261.0,0.0,53361.0
358,60,305,1,,1215,1282,FULFILLED,ARS,11760.0,2469.6,0.0,14229.6
359,555,268,1,,2817,2452,FULFILLED,ARS,28500.0,5985.0,0.0,34485.0
360,191,636,2,3,3,3010,FULFILLED,ARS,29400.0,6174.0,0.0,35574.0
361,267,736,2,4,4,3148,FULFILLED,ARS,51960.0,10911.6,0.0,62871.6
362,385,938,1,,227,1982,FULFILLED,ARS,59160.0,12423.6,1200.0,72783.6
363,227,356,1,,2341,2344,PAID,ARS,36000.0,7560.0,0.0,43560.0
364,159,544,1,,406,874,FULFILLED,ARS,11400.0,2394.0,0.0,13794.0
365,596,952,2,2,2,3061,PAID,ARS,24696.0,5186.16,0.0,29882.16
366,598,1016,1,,398,2287,REFUNDED,ARS,66600.0,13986.0,900.0,81486.0
367,562,1183,1,,449,1945,FULFILLED,ARS,46305.0,9724.05,1500.0,57529.05
368,475,1154,1,,1665,2955,FULFILLED,ARS,27000.0,5670.0,900.0,33570.0
369,307,1056,1,,2061,1505,CANCELLED,ARS,21600.0,4536.0,1200.0,27336.0
370,346,666,2,1,1,1635,FULFILLED,ARS,32400.0,6804.0,0.0,39204.0
371,596,1010,2,2,2,325,FULFILLED,ARS,29925.0,6284.25,0.0,36209.25
372,15,977,1,,669,1694,FULFILLED,ARS,30000.0,6300.0,1200.0,37500.0
373,234,172,1,,1165,683,PAID,ARS,11970.0,2513.7,900.0,15383.7
374,49,1179,1,,962,1331,PAID,ARS,12600.0,2646.0,900.0,16146.0
375,470,1048,2,2,2,3000,FULFILLED,ARS,44100.0,9261.0,0.0,53361.0
376,541,480,1,,2572,2379,FULFILLED,ARS,14175.0,2976.75,900.0,18051.75
377,350,164,2,2,2,833,FULFILLED,ARS,42750.0,8977.5,0.0,51727.5
378,215,902,2,1,1,1027,FULFILLED,ARS,30000.0,6300.0,0.0,36300.0
379,614,1096,1,,442,254,FULFILLED,ARS,39690.0,8334.9,1200.0,49224.9
380,532,1208,1,,2804,1379,FULFILLED,ARS,10800.0,2268.0,900.0,13968.0
381,165,538,2,2,2,,FULFILLED,ARS,56640.0,11894.4,0.0,68534.4
382,504,695,1,,1403,1944,FULFILLED,ARS,65520.0,13759.2,1500.0,80779.2
383,173,766,1,,1821,1019,FULFILLED,ARS,30000.0,6300.0,1500.0,37800.0
384,325,295,2,2,2,236,FULFILLED,ARS,42525.0,8930.25,0.0,51455.25
385,525,864,1,,705,1406,PAID,ARS,35280.0,7408.8,0.0,42688.8
386,132,314,2,2,2,796,FULFILLED,ARS,75450.0,15844.5,0.0,91294.5
387,297,299,2,1,1,,FULFILLED,ARS,14250.0,2992.5,0.0,17242.5
388,452,786,1,,1285,2754,FULFILLED,ARS,36000.0,7560.0,1200.0,44760.0
389,155,356,1,,3017,2023,FULFILLED,ARS,43500.0,9135.0,1200.0,53835.0
390,124,792,1,,2065,413,PAID,ARS,10260.0,2154.6,0.0,12414.6
391,76,88,1,,1077,770,FULFILLED,ARS,15750.0,3307.5,900.0,19957.5
392,38,1426,1,,1346,,REFUNDED,ARS,13500.0,2835.0,900.0,17235.0
393,228,1,2,2,2,1229,FULFILLED,ARS,29400.0,6174.0,0.0,35574.0
394,80,803,2,3,3,1971,FULFILLED,ARS,11760.0,2469.6,0.0,14229.6
395,578,589,1,,2934,1438,PAID,ARS,38475.0,8079.75,900.0,47454.75
396,153,1238,2,3,3,2722,FULFILLED,ARS,37044.0,7779.24,0.0,44823.24
397,227,293,1,,1043,1973,FULFILLED,ARS,46980.0,9865.8,1200.0,58045.8
398,552,882,1,,496,2425,FULFILLED,ARS,12000.0,2520.0,900.0,15420.0
399,89,913,1,,3172,400,REFUNDED,ARS,65280.0,13708.8,1200.0,80188.8
400,277,960,2,2,2,1347,FULFILLED,ARS,47400.0,9954.0,0.0,57354.0
401,438,1084,2,1,1,2362,FULFILLED,ARS,12600.0,2646.0,0.0,15246.0
402,541,1411,2,2,2,3100,FULFILLED,ARS,40500.0,8505.0,0.0,49005.0
403,354,889,1,,1351,2167,FULFILLED,ARS,35640.0,7484.4,1200.0,44324.4
404,349,814,1,,1075,2030,FULFILLED,ARS,45000.0,9450.0,1200.0,55650.0
405,437,293,1,,1501,582,FULFILLED,ARS,36840.0,7736.4,1500.0,46076.4
406,232,1121,1,,568,1877,FULFILLED,ARS,65040.0,13658.4,1500.0,80198.4
407,238,696,2,1,1,1508,FULFILLED,ARS,42750.0,8977.5,0.0,51727.5
408,543,331,1,,2783,1707,CANCELLED,ARS,25650.0,5386.5,0.0,31036.5
409,317,106,1,,1901,1657,PAID,ARS,30870.0,6482.7,900.0,38252.7
410,612,918,2,2,2,2640,CANCELLED,ARS,32400.0,6804.0,0.0,39204.0
411,567,305,1,,2334,,FULFILLED,ARS,35280.0,7408.8,0.0,42688.8
412,313,381,1,,3108,649,PAID,ARS,38475.0,8079.75,1200.0,47754.75
413,324,176,2,3,3,,FULFILLED,ARS,23520.0,4939.2,0.0,28459.2
414,148,1269,2,2,2,2017,CANCELLED,ARS,24000.0,5040.0,0.0,29040.0
415,498,128,1,,1304,,FULFILLED,ARS,39450.0,8284.5,900.0,48634.5
416,486,424,2,2,2,2976,FULFILLED,ARS,14700.0,3087.0,0.0,17787.0
417,521,7,2,4,4,788,CANCELLED,ARS,32340.0,6791.4,0.0,39131.4
418,90,105,2,3,3,2636,FULFILLED,ARS,26400.0,5544.0,0.0,31944.0
419,179,1415,1,,984,2354,REFUNDED,ARS,38400.0,8064.0,900.0,47364.0
420,82,283,1,,941,2507,FULFILLED,ARS,64410.0,13526.1,1500.0,79436.1
421,344,1430,2,2,2,176,FULFILLED,ARS,11400.0,2394.0,0.0,13794.0
422,244,673,1,,2831,140,FULFILLED,ARS,32400.0,6804.0,1200.0,40404.0
423,419,1419,1,,2928,1921,FULFILLED,ARS,55500.0,11655.0,900.0,68055.0
424,526,39,2,1,1,1882,FULFILLED,ARS,23520.0,4939.2,0.0,28459.2
425,191,189,1,,6,2762,FULFILLED,ARS,11760.0,2469.6,1200.0,15429.6
426,635,526,2,2,2,,FULFILLED,ARS,10584.0,2222.64,0.0,12806.64
427,192,790,1,,874,246,PAID,ARS,36000.0,7560.0,0.0,43560.0
428,188,464,1,,1238,2446,FULFILLED,ARS,35670.0,7490.7,0.0,43160.7
429,50,262,1,,2189,764,CANCELLED,ARS,29400.0,6174.0,900.0,36474.0
430,468,1051,2,1,1,266,FULFILLED,ARS,58860.0,12360.6,0.0,71220.6
431,394,582,1,,2752,1138,FULFILLED,ARS,37800.0,7938.0,900.0,46638.0
432,615,3,1,,1934,2662,FULFILLED,ARS,34020.0,7144.2,1500.0,42664.2
433,20,678,1,,67,1624,FULFILLED,ARS,37620.0,7900.2,1500.0,47020.2
434,375,369,1,,1834,1779,FULFILLED,ARS,10800.0,2268.0,1200.0,14268.0
435,103,71,1,,1894,2242,REFUNDED,ARS,24000.0,5040.0,1500.0,30540.0
436,140,1251,1,,3078,2395,FULFILLED,ARS,58920.0,12373.2,900.0,72193.2
437,230,143,2,4,4,784,FULFILLED,ARS,36000.0,7560.0,0.0,43560.0
438,306,126,1,,73,,PAID,ARS,42750.0,8977.5,0.0,51727.5
439,489,945,2,4,4,1053,FULFILLED,ARS,48510.0,10187.1,0.0,58697.1
440,4,592,1,,3164,332,FULFILLED,ARS,22800.0,4788.0,0.0,27588.0
441,302,462,2,2,2,1334,FULFILLED,ARS,60840.0,12776.4,0.0,73616.4
442,78,274,1,,627,1286,FULFILLED,ARS,37044.0,7779.24,1500.0,46323.24
443,145,703,2,3,3,955,FULFILLED,ARS,44100.0,9261.0,0.0,53361.0
444,478,723,2,1,1,526,CANCELLED,ARS,99975.0,20994.75,0.0,120969.75
445,382,310,1,,69,632,FULFILLED,ARS,35640.0,7484.4,1200.0,44324.4
446,205,410,2,2,2,698,FULFILLED,ARS,24000.0,5040.0,0.0,29040.0
447,226,495,1,,1228,2611,FULFILLED,ARS,35280.0,7408.8,1200.0,43888.8
448,313,457,1,,2613,3154,FULFILLED,ARS,35280.0,7408.8,900.0,43588.8
449,377,852,2,1,1,2187,PAID,ARS,11400.0,2394.0,0.0,13794.0
450,93,793,1,,2005,1947,PAID,ARS,56460.0,11856.6,1200.0,69516.6
451,250,789,1,,1384,,FULFILLED,ARS,15750.0,3307.5,1200.0,20257.5
452,101,1075,2,4,4,2354,REFUNDED,ARS,28500.0,5985.0,0.0,34485.0
453,425,814,1,,2031,2625,FULFILLED,ARS,44887.5,9426.38,0.0,54313.88
454,105,1270,1,,717,830,FULFILLED,ARS,11760.0,2469.6,900.0,15129.6
455,509,442,1,,67,84,FULFILLED,ARS,32400.0,6804.0,900.0,40104.0
456,205,1109,1,,1487,2916,CANCELLED,ARS,83880.0,17614.8,1200.0,102694.8
457,270,1107,2,4,4,1550,FULFILLED,ARS,67590.0,14193.9,0.0,81783.9
458,636,1229,1,,23,251,PAID,ARS,12825.0,2693.25,900.0,16418.25
459,301,498,1,,2170,,FULFILLED,ARS,39750.0,8347.5,0.0,48097.5
460,350,738,1,,1364,1255,REFUNDED,ARS,23760.0,4989.6,0.0,28749.6
461,92,1412,1,,327,2191,FULFILLED,ARS,15435.0,3241.35,0.0,18676.35
462,84,1462,1,,2211,1267,FULFILLED,ARS,22140.0,4649.4,1200.0,27989.4
463,147,167,1,,900,1158,PAID,ARS,45000.0,9450.0,1200.0,55650.0
464,607,1066,1,,517,545,FULFILLED,ARS,10800.0,2268.0,900.0,13968.0
465,101,1075,2,1,1,75,CANCELLED,ARS,37044.0,7779.24,0.0,44823.24
466,218,1393,1,,2360,1078,CANCELLED,ARS,99450.0,20884.5,0.0,120334.5
467,561,181,1,,1085,187,FULFILLED,ARS,54750.0,11497.5,1200.0,67447.5
468,368,746,2,2,2,66,FULFILLED,ARS,32400.0,6804.0,0.0,39204.0
469,303,1188,1,,2144,1497,CREATED,ARS,37620.0,7900.2,1500.0,47020.2
470,528,803,1,,2869,3128,FULFILLED,ARS,39690.0,8334.9,900.0,48924.9
471,39,316,2,2,2,1278,FULFILLED,ARS,14700.0,3087.0,0.0,17787.0
472,12,56,2,1,1,317,FULFILLED,ARS,34200.0,7182.0,0.0,41382.0
473,573,1427,1,,1425,2585,FULFILLED,ARS,12348.0,2593.08,900.0,15841.08
474,424,1172,1,,27,2875,FULFILLED,ARS,32400.0,6804.0,900.0,40104.0
475,216,613,2,1,1,1694,FULFILLED,ARS,14250.0,2992.5,0.0,17242.5
476,500,941,2,2,2,1578,CANCELLED,ARS,22800.0,4788.0,0.0,27588.0
477,453,748,1,,1602,264,FULFILLED,ARS,59100.0,12411.0,900.0,72411.0
478,503,780,1,,68,2102,FULFILLED,ARS,11400.0,2394.0,900.0,14694.0
479,39,642,2,3,3,295,CANCELLED,ARS,10800.0,2268.0,0.0,13068.0
480,556,320,2,2,2,1194,FULFILLED,ARS,44100.0,9261.0,0.0,53361.0
481,525,843,2,3,3,837,FULFILLED,ARS,36000.0,7560.0,0.0,43560.0
482,29,956,2,2,2,,FULFILLED,ARS,24150.0,5071.5,0.0,29221.5
483,342,348,2,1,1,2903,REFUNDED,ARS,31350.0,6583.5,0.0,37933.5
484,8,445,1,,612,673,FULFILLED,ARS,12000.0,2520.0,1200.0,15720.0
485,584,758,1,,3156,2493,REFUNDED,ARS,26400.0,5544.0,1200.0,33144.0
486,179,481,1,,2818,509,FULFILLED,ARS,42750.0,8977.5,1200.0,52927.5
487,206,1303,2,3,3,264,FULFILLED,ARS,42900.0,9009.0,0.0,51909.0
488,366,1020,2,4,4,2828,FULFILLED,ARS,24000.0,5040.0,0.0,29040.0
489,141,1376,1,,1593,2641,REFUNDED,ARS,45000.0,9450.0,900.0,55350.0
490,602,1083,2,1,1,1345,FULFILLED,ARS,55920.0,11743.2,0.0,67663.2
491,274,760,2,1,1,387,PAID,ARS,25500.0,5355.0,0.0,30855.0
492,321,1011,2,2,2,1742,FULFILLED,ARS,10800.0,2268.0,0.0,13068.0
493,636,913,2,3,3,1837,PAID,ARS,30435.0,6391.35,0.0,36826.35
494,543,1012,1,,1953,3151,FULFILLED,ARS,11760.0,2469.6,1200.0,15429.6
495,207,1228,1,,2718,3141,FULFILLED,ARS,46305.0,9724.05,1200.0,57229.05
496,486,1180,2,3,3,1379,CANCELLED,ARS,69300.0,14553.0,0.0,83853.0
497,319,173,1,,2522,1421,FULFILLED,ARS,14700.0,3087.0,1500.0,19287.0
498,247,143,2,1,1,355,CREATED,ARS,69000.0,14490.0,0.0,83490.0
499,247,1036,1,,318,978,PAID,ARS,14700.0,3087.0,900.0,18687.0
500,553,829,1,,2139,,CANCELLED,ARS,14175.0,2976.75,1200.0,18351.75
501,467,214,1,,2662,688,CANCELLED,ARS,56400.0,11844.0,1500.0,69744.0
502,140,1242,2,1,1,2468,FULFILLED,ARS,30000.0,6300.0,0.0,36300.0
503,277,1379,1,,559,910,PAID,ARS,21600.0,4536.0,900.0,27036.0
504,598,1415,1,,3062,696,FULFILLED,ARS,35280.0,7408.8,1200.0,43888.8
505,405,511,1,,2531,,FULFILLED,ARS,22800.0,4788.0,900.0,28488.0
506,470,920,2,2,2,1987,CANCELLED,ARS,34200.0,7182.0,0.0,41382.0
507,341,69,1,,611,42,REFUNDED,ARS,35910.0,7541.1,1200.0,44651.1
508,557,492,2,4,4,1304,PAID,ARS,15750.0,3307.5,0.0,19057.5
509,155,523,1,,1392,1405,FULFILLED,ARS,19440.0,4082.4,900.0,24422.4
510,581,1382,1,,60,2882,FULFILLED,ARS,44100.0,9261.0,1500.0,54861.0
511,246,310,1,,2267,993,FULFILLED,ARS,60600.0,12726.0,1500.0,74826.0
512,7,457,1,,2650,2567,PAID,ARS,49500.0,10395.0,0.0,59895.0
513,625,396,1,,2878,2141,FULFILLED,ARS,11760.0,2469.6,900.0,15129.6
514,348,538,2,3,3,,FULFILLED,ARS,26460.0,5556.6,0.0,32016.6
515,287,6,2,1,1,2658,PAID,ARS,77100.0,16191.0,0.0,93291.0
516,1,733,1,,1421,1648,FULFILLED,ARS,14850.0,3118.5,900.0,18868.5
517,443,56,2,1,1,2423,FULFILLED,ARS,89280.0,18748.8,0.0,108028.8
518,172,367,1,,2620,993,FULFILLED,ARS,24000.0,5040.0,1500.0,30540.0
519,539,812,2,1,1,2117,PAID,ARS,10800.0,2268.0,0.0,13068.0
520,112,669,1,,1410,2944,PAID,ARS,49560.0,10407.6,900.0,60867.6
521,29,566,1,,2584,2110,FULFILLED,ARS,80280.0,16858.8,1500.0,98638.8
522,240,1055,1,,2176,2923,FULFILLED,ARS,52725.0,11072.25,0.0,63797.25
523,239,577,1,,3111,643,FULFILLED,ARS,36000.0,7560.0,900.0,44460.0
524,264,689,2,3,3,2667,FULFILLED,ARS,23520.0,4939.2,0.0,28459.2
525,134,787,2,4,4,1856,FULFILLED,ARS,45000.0,9450.0,0.0,54450.0
526,13,32,1,,2191,2150,FULFILLED,ARS,21600.0,4536.0,900.0,27036.0
527,50,434,1,,1440,1429,FULFILLED,ARS,44100.0,9261.0,900.0,54261.0
528,505,1470,2,2,2,,FULFILLED,ARS,30000.0,6300.0,0.0,36300.0
529,53,226,2,3,3,630,FULFILLED,ARS,15000.0,3150.0,0.0,18150.0
530,293,1190,1,,3145,515,PAID,ARS,47760.0,10029.6,1200.0,58989.6
531,132,1004,1,,1335,2377,FULFILLED,ARS,23520.0,4939.2,1500.0,29959.2
532,344,1315,2,4,4,2705,REFUNDED,ARS,33000.0,6930.0,0.0,39930.0
533,285,701,1,,66,,FULFILLED,ARS,13500.0,2835.0,1200.0,17535.0
534,484,843,1,,1627,3012,FULFILLED,ARS,34200.0,7182.0,1500.0,42882.0
535,418,1167,1,,270,1327,FULFILLED,ARS,20520.0,4309.2,0.0,24829.2
536,465,681,1,,1809,2280,FULFILLED,ARS,48216.0,10125.36,1200.0,59541.36
537,427,513,2,4,4,1158,FULFILLED,ARS,36000.0,7560.0,0.0,43560.0
538,243,970,2,1,1,2541,FULFILLED,ARS,34020.0,7144.2,0.0,41164.2
539,351,383,1,,1760,70,PAID,ARS,24300.0,5103.0,1500.0,30903.0
540,425,527,1,,705,2111,FULFILLED,ARS,42768.0,8981.28,1500.0,53249.28
541,458,757,1,,159,2526,CANCELLED,ARS,10800.0,2268.0,0.0,13068.0
542,366,12,2,3,3,2594,FULFILLED,ARS,12000.0,2520.0,0.0,14520.0
543,123,1022,1,,567,273,FULFILLED,ARS,37044.0,7779.24,1200.0,46023.24
544,209,619,1,,2381,91,FULFILLED,ARS,14250.0,2992.5,1200.0,18442.5
545,83,461,2,3,3,1001,FULFILLED,ARS,14850.0,3118.5,0.0,17968.5
546,453,1454,2,1,1,2781,FULFILLED,ARS,24696.0,5186.16,0.0,29882.16
547,321,1199,1,,406,389,FULFILLED,ARS,23760.0,4989.6,1200.0,29949.6
548,519,1398,1,,91,,FULFILLED,ARS,24000.0,5040.0,1200.0,30240.0
549,627,401,1,,119,139,FULFILLED,ARS,29925.0,6284.25,900.0,37109.25
550,439,1360,1,,283,,FULFILLED,ARS,22800.0,4788.0,0.0,27588.0
551,471,768,1,,1343,530,FULFILLED,ARS,34020.0,7144.2,1500.0,42664.2
552,638,295,1,,463,744,FULFILLED,ARS,34800.0,7308.0,1200.0,43308.0
553,480,1270,2,2,2,,FULFILLED,ARS,21600.0,4536.0,0.0,26136.0
554,176,999,2,3,3,1498,FULFILLED,ARS,36000.0,7560.0,0.0,43560.0
555,511,264,1,,249,3152,FULFILLED,ARS,44100.0,9261.0,1200.0,54561.0
556,579,1372,1,,2737,606,FULFILLED,ARS,13500.0,2835.0,1500.0,17835.0
557,388,103,2,1,1,3058,PAID,ARS,29160.0,6123.6,0.0,35283.6
558,99,493,2,3,3,1527,FULFILLED,ARS,29400.0,6174.0,0.0,35574.0
559,267,136,2,4,4,2658,FULFILLED,ARS,45000.0,9450.0,0.0,54450.0
560,377,1399,2,1,1,2782,PAID,ARS,58350.0,12253.5,0.0,70603.5
561,494,1364,1,,1353,2353,FULFILLED,ARS,47250.0,9922.5,900.0,58072.5
562,440,1437,1,,562,2114,PAID,ARS,34200.0,7182.0,0.0,41382.0
563,521,108,1,,2457,957,FULFILLED,ARS,34200.0,7182.0,900.0,42282.0
564,80,1480,2,2,2,1548,FULFILLED,ARS,12150.0,2551.5,0.0,14701.5
565,134,1220,2,4,4,2752,FULFILLED,ARS,37200.0,7812.0,0.0,45012.0
566,162,439,1,,298,1764,CANCELLED,ARS,70500.0,14805.0,1200.0,86505.0
567,465,68,1,,932,850,FULFILLED,ARS,22800.0,4788.0,1200.0,28788.0
568,218,691,2,4,4,3002,FULFILLED,ARS,27000.0,5670.0,0.0,32670.0
569,172,1039,2,4,4,1729,CREATED,ARS,30780.0,6463.8,0.0,37243.8
570,497,1259,2,1,1,100,FULFILLED,ARS,11400.0,2394.0,0.0,13794.0
571,245,1373,2,1,1,2421,FULFILLED,ARS,28500.0,5985.0,0.0,34485.0
572,112,274,2,3,3,3147,FULFILLED,ARS,13500.0,2835.0,0.0,16335.0
573,245,1372,2,1,1,2706,FULFILLED,ARS,47250.0,9922.5,0.0,57172.5
574,13,1385,1,,2096,32,FULFILLED,ARS,35280.0,7408.8,900.0,43588.8
575,88,433,1,,2457,1009,FULFILLED,ARS,32400.0,6804.0,1500.0,40704.0
576,485,531,2,1,1,16,CANCELLED,ARS,39690.0,8334.9,0.0,48024.9
577,152,1152,1,,1450,65,PAID,ARS,21600.0,4536.0,1200.0,27336.0
578,381,1031,2,2,2,302,FULFILLED,ARS,36000.0,7560.0,0.0,43560.0
579,323,524,2,1,1,165,FULFILLED,ARS,14962.5,3142.12,0.0,18104.62
580,487,196,1,,279,1257,FULFILLED,ARS,13200.0,2772.0,1200.0,17172.0
581,128,90,1,,498,,CANCELLED,ARS,57096.0,11990.16,1200.0,70286.16
582,91,1426,1,,791,1639,FULFILLED,ARS,13500.0,2835.0,1500.0,17835.0
583,281,844,1,,2497,1892,FULFILLED,ARS,21600.0,4536.0,900.0,27036.0
584,340,1440,1,,1933,,REFUNDED,ARS,35280.0,7408.8,900.0,43588.8
585,169,978,1,,1918,1620,REFUNDED,ARS,25260.0,5304.6,900.0,31464.6
586,141,1150,2,3,3,177,FULFILLED,ARS,25800.0,5418.0,0.0,31218.0
587,603,402,1,,808,,PAID,ARS,41400.0,8694.0,900.0,50994.0
588,366,334,2,2,2,,FULFILLED,ARS,16170.0,3395.7,0.0,19565.7
589,416,99,1,,1282,1280,CREATED,ARS,65760.0,13809.6,1500.0,81069.6
590,579,1420,2,1,1,1984,FULFILLED,ARS,25470.0,5348.7,0.0,30818.7
591,181,903,1,,1082,18,FULFILLED,ARS,57712.5,12119.62,1200.0,71032.12
592,299,258,1,,654,,FULFILLED,ARS,24000.0,5040.0,900.0,29940.0
593,54,223,2,2,2,2682,CANCELLED,ARS,21600.0,4536.0,0.0,26136.0
594,218,376,2,3,3,2620,FULFILLED,ARS,35280.0,7408.8,0.0,42688.8
595,437,919,1,,847,499,FULFILLED,ARS,42750.0,8977.5,900.0,52627.5
596,314,900,1,,41,87,FULFILLED,ARS,25695.0,5395.95,900.0,31990.95
597,225,639,2,1,1,1839,FULFILLED,ARS,47025.0,9875.25,0.0,56900.25
598,56,188,1,,1543,2098,FULFILLED,ARS,67620.0,14200.2,1200.0,83020.2
599,297,147,2,4,4,24,PAID,ARS,24696.0,5186.16,0.0,29882.16
600,60,1119,1,,529,1336,FULFILLED,ARS,45000.0,9450.0,1200.0,55650.0
601,377,41,1,,728,1608,PAID,ARS,40500.0,8505.0,0.0,49005.0
602,249,589,1,,2594,1107,PAID,ARS,14250.0,2992.5,0.0,17242.5
603,340,358,1,,2069,2520,FULFILLED,ARS,42525.0,8930.25,1200.0,52655.25
604,494,358,1,,1817,141,FULFILLED,ARS,33948.0,7129.08,0.0,41077.08
605,302,855,1,,840,2610,FULFILLED,ARS,48510.0,10187.1,1200.0,59897.1
606,165,142,2,2,2,2961,FULFILLED,ARS,10584.0,2222.64,0.0,12806.64
607,50,79,2,3,3,1544,FULFILLED,ARS,12150.0,2551.5,0.0,14701.5
608,154,338,1,,443,1300,FULFILLED,ARS,29160.0,6123.6,900.0,36183.6
609,321,1019,2,1,1,293,FULFILLED,ARS,54000.0,11340.0,0.0,65340.0
610,146,590,2,2,2,283,PAID,ARS,37620.0,7900.2,0.0,45520.2
611,482,1120,1,,2137,,FULFILLED,ARS,71370.0,14987.7,1200.0,87557.7
612,229,1154,1,,2238,222,FULFILLED,ARS,23520.0,4939.2,1500.0,29959.2
613,501,1228,1,,911,,FULFILLED,ARS,32400.0,6804.0,900.0,40104.0
614,595,172,1,,1078,2427,FULFILLED,ARS,25080.0,5266.8,900.0,31246.8
615,398,593,2,3,3,1519,FULFILLED,ARS,74454.0,15635.34,0.0,90089.34
616,31,681,2,2,2,2320,FULFILLED,ARS,30000.0,6300.0,0.0,36300.0
617,479,840,1,,486,1283,FULFILLED,ARS,48300.0,10143.0,0.0,58443.0
618,172,1145,1,,35,1493,PAID,ARS,31752.0,6667.92,900.0,39319.92
619,381,412,1,,2750,2752,PAID,ARS,30000.0,6300.0,900.0,37200.0
620,574,400,1,,2865,1965,FULFILLED,ARS,23520.0,4939.2,900.0,29359.2
621,51,698,1,,181,586,FULFILLED,ARS,35280.0,7408.8,900.0,43588.8
622,298,751,1,,2750,2846,FULFILLED,ARS,69300.0,14553.0,900.0,84753.0
623,534,1495,1,,576,606,FULFILLED,ARS,55752.0,11707.92,1200.0,68659.92
624,292,1207,1,,1211,,FULFILLED,ARS,84870.0,17822.7,1500.0,104192.7
625,168,691,2,2,2,1900,FULFILLED,ARS,28500.0,5985.0,0.0,34485.0
626,310,144,2,4,4,1762,FULFILLED,ARS,37500.0,7875.0,0.0,45375.0
627,191,136,2,3,3,1089,FULFILLED,ARS,83340.0,17501.4,0.0,100841.4
628,59,984,2,2,2,2217,FULFILLED,ARS,42525.0,8930.25,0.0,51455.25
629,184,165,2,4,4,267,FULFILLED,ARS,38808.0,8149.68,0.0,46957.68
630,395,893,1,,2282,811,PAID,ARS,60564.0,12718.44,0.0,73282.44
631,472,1117,1,,2472,1067,FULFILLED,ARS,27000.0,5670.0,1200.0,33870.0
632,255,992,2,3,3,1521,FULFILLED,ARS,36825.0,7733.25,0.0,44558.25
633,288,1325,2,3,3,2107,FULFILLED,ARS,35280.0,7408.8,0.0,42688.8
634,212,232,2,4,4,972,FULFILLED,ARS,37044.0,7779.24,0.0,44823.24
635,269,1051,1,,1385,2106,FULFILLED,ARS,39690.0,8334.9,900.0,48924.9
636,421,809,2,1,1,2069,REFUNDED,ARS,70656.0,14837.76,0.0,85493.76
637,281,442,1,,510,2912,CANCELLED,ARS,21600.0,4536.0,0.0,26136.0
638,387,385,2,4,4,2432,FULFILLED,ARS,31752.0,6667.92,0.0,38419.92
639,27,24,2,3,3,1142,FULFILLED,ARS,28350.0,5953.5,0.0,34303.5
640,51,548,2,3,3,1264,FULFILLED,ARS,44100.0,9261.0,0.0,53361.0
641,110,1429,1,,211,2455,CREATED,ARS,31350.0,6583.5,1500.0,39433.5
642,418,1417,2,2,2,2164,FULFILLED,ARS,12348.0,2593.08,0.0,14941.08
643,271,750,1,,2565,,FULFILLED,ARS,62910.0,13211.1,1500.0,77621.1
644,287,1451,1,,1888,2249,FULFILLED,ARS,54525.0,11450.25,0.0,65975.25
645,41,1147,1,,1154,272,FULFILLED,ARS,19440.0,4082.4,1200.0,24722.4
646,611,1489,1,,2965,634,PAID,ARS,92310.0,19385.1,1500.0,113195.1
647,441,1216,1,,38,3112,FULFILLED,ARS,50280.0,10558.8,0.0,60838.8
648,205,758,1,,1409,170,CANCELLED,ARS,14700.0,3087.0,900.0,18687.0
649,206,1297,1,,1560,3069,REFUNDED,ARS,45000.0,9450.0,1200.0,55650.0
650,554,561,1,,571,2878,FULFILLED,ARS,39600.0,8316.0,900.0,48816.0
651,624,1017,1,,2952,1181,FULFILLED,ARS,30780.0,6463.8,900.0,38143.8
652,527,404,1,,528,3026,FULFILLED,ARS,10800.0,2268.0,900.0,13968.0
653,237,31,2,4,4,2139,PAID,ARS,23520.0,4939.2,0.0,28459.2
654,464,648,1,,2732,1900,FULFILLED,ARS,13500.0,2835.0,1500.0,17835.0
655,233,157,1,,2384,2161,PAID,ARS,36000.0,7560.0,900.0,44460.0
656,416,527,2,1,1,1942,FULFILLED,ARS,28350.0,5953.5,0.0,34303.5
657,522,6,1,,615,323,PAID,ARS,14700.0,3087.0,900.0,18687.0
658,161,108,1,,610,119,FULFILLED,ARS,34200.0,7182.0,1200.0,42582.0
659,242,1469,1,,1539,884,FULFILLED,ARS,41325.0,8678.25,900.0,50903.25
660,339,414,2,3,3,2021,CANCELLED,ARS,25200.0,5292.0,0.0,30492.0
661,100,1285,1,,1144,2452,FULFILLED,ARS,87637.5,18403.88,0.0,106041.38
662,152,1394,1,,3201,1185,FULFILLED,ARS,31350.0,6583.5,1500.0,39433.5
663,318,473,2,2,2,2952,FULFILLED,ARS,12150.0,2551.5,0.0,14701.5
664,162,366,2,1,1,2240,CANCELLED,ARS,11760.0,2469.6,0.0,14229.6
665,475,1394,1,,404,195,FULFILLED,ARS,45000.0,9450.0,1500.0,55950.0
666,466,1484,2,1,1,331,FULFILLED,ARS,32340.0,6791.4,0.0,39131.4
667,513,171,1,,3129,2489,FULFILLED,ARS,23520.0,4939.2,1200.0,29659.2
668,545,1262,2,3,3,2760,FULFILLED,ARS,27000.0,5670.0,0.0,32670.0
669,257,1123,1,,1922,1263,CANCELLED,ARS,32400.0,6804.0,1500.0,40704.0
670,259,343,1,,2762,468,FULFILLED,ARS,56700.0,11907.0,1200.0,69807.0
671,171,1433,1,,2554,1046,PAID,ARS,32400.0,6804.0,0.0,39204.0
672,124,1100,1,,2308,516,FULFILLED,ARS,24000.0,5040.0,1200.0,30240.0
673,108,73,1,,3083,1291,FULFILLED,ARS,12540.0,2633.4,900.0,16073.4
674,538,1165,2,3,3,2484,FULFILLED,ARS,44100.0,9261.0,0.0,53361.0
675,564,383,2,3,3,3033,FULFILLED,ARS,40500.0,8505.0,0.0,49005.0
676,538,1313,1,,123,1304,FULFILLED,ARS,24000.0,5040.0,1500.0,30540.0
677,301,997,2,2,2,597,FULFILLED,ARS,48510.0,10187.1,0.0,58697.1
678,352,3,2,1,1,3125,FULFILLED,ARS,62460.0,13116.6,0.0,75576.6
679,143,323,1,,2578,2061,FULFILLED,ARS,25200.0,5292.0,1200.0,31692.0
680,107,961,1,,123,3056,FULFILLED,ARS,40500.0,8505.0,1200.0,50205.0
681,341,1130,2,2,2,,FULFILLED,ARS,35910.0,7541.1,0.0,43451.1
682,313,318,1,,1671,1452,FULFILLED,ARS,45000.0,9450.0,1200.0,55650.0
683,42,579,2,3,3,288,FULFILLED,ARS,58995.0,12388.95,0.0,71383.95
684,90,1341,1,,109,1090,FULFILLED,ARS,19440.0,4082.4,900.0,24422.4
685,148,350,1,,849,2236,FULFILLED,ARS,55125.0,11576.25,1200.0,67901.25
686,298,810,1,,3062,1913,FULFILLED,ARS,27000.0,5670.0,1500.0,34170.0
687,242,1289,2,2,2,2691,FULFILLED,ARS,40500.0,8505.0,0.0,49005.0
688,192,567,2,2,2,933,CANCELLED,ARS,21600.0,4536.0,0.0,26136.0
689,603,797,1,,2203,651,FULFILLED,ARS,14700.0,3087.0,1200.0,18987.0
690,173,1169,1,,2163,847,PAID,ARS,103740.0,21785.4,1500.0,127025.4
691,625,326,1,,2244,387,FULFILLED,ARS,72480.0,15220.8,0.0,87700.8
692,416,97,2,3,3,2519,FULFILLED,ARS,35910.0,7541.1,0.0,43451.1
693,8,1158,2,2,2,1500,FULFILLED,ARS,21600.0,4536.0,0.0,26136.0
694,44,293,1,,2656,2906,FULFILLED,ARS,24000.0,5040.0,1200.0,30240.0
695,536,788,2,2,2,718,FULFILLED,ARS,35280.0,7408.8,0.0,42688.8
696,251,881,2,1,1,788,FULFILLED,ARS,14700.0,3087.0,0.0,17787.0
697,485,1345,1,,991,2750,FULFILLED,ARS,45000.0,9450.0,1500.0,55950.0
698,462,660,2,1,1,1548,PAID,ARS,14250.0,2992.5,0.0,17242.5
699,53,954,1,,1713,2577,REFUNDED,ARS,13500.0,2835.0,900.0,17235.0
700,290,889,2,4,4,2948,FULFILLED,ARS,48900.0,10269.0,0.0,59169.0
701,473,396,1,,1153,141,FULFILLED,ARS,32340.0,6791.4,900.0,40031.4
702,69,1425,2,3,3,2607,FULFILLED,ARS,11400.0,2394.0,0.0,13794.0
703,222,1147,2,3,3,,FULFILLED,ARS,25080.0,5266.8,0.0,30346.8
704,341,1368,2,4,4,1978,FULFILLED,ARS,15000.0,3150.0,0.0,18150.0
705,50,601,1,,1876,617,FULFILLED,ARS,35280.0,7408.8,1200.0,43888.8
706,300,767,1,,2462,1711,CANCELLED,ARS,60600.0,12726.0,900.0,74226.0
707,620,949,2,2,2,798,PAID,ARS,38475.0,8079.75,0.0,46554.75
708,178,1242,1,,254,3037,FULFILLED,ARS,44887.5,9426.38,900.0,55213.88
709,439,1110,1,,2389,507,REFUNDED,ARS,11760.0,2469.6,1200.0,15429.6
710,533,164,2,1,1,1691,REFUNDED,ARS,15000.0,3150.0,0.0,18150.0
711,370,762,2,4,4,1597,PAID,ARS,11760.0,2469.6,0.0,14229.6
712,181,1116,1,,1843,23,PAID,ARS,67680.0,14212.8,1200.0,83092.8
713,46,937,1,,1069,2693,FULFILLED,ARS,44887.5,9426.38,1200.0,55513.88
714,289,1052,2,3,3,924,FULFILLED,ARS,29160.0,6123.6,0.0,35283.6
715,607,899,1,,2149,,FULFILLED,ARS,14700.0,3087.0,1500.0,19287.0
716,5,1406,2,4,4,3132,FULFILLED,ARS,12000.0,2520.0,0.0,14520.0
717,72,586,1,,1641,963,FULFILLED,ARS,25200.0,5292.0,1200.0,31692.0
718,48,1415,1,,2950,1957,FULFILLED,ARS,40110.0,8423.1,900.0,49433.1
719,139,391,1,,350,2150,PAID,ARS,66690.0,14004.9,1200.0,81894.9
720,235,1041,2,2,2,973,REFUNDED,ARS,25872.0,5433.12,0.0,31305.12
721,593,458,1,,1777,2108,FULFILLED,ARS,54000.0,11340.0,0.0,65340.0
722,269,604,1,,2537,715,FULFILLED,ARS,36000.0,7560.0,1200.0,44760.0
723,335,624,1,,2936,2019,CANCELLED,ARS,28500.0,5985.0,1200.0,35685.0
724,105,1028,1,,2469,2353,FULFILLED,ARS,21168.0,4445.28,900.0,26513.28
725,487,504,1,,3003,2247,FULFILLED,ARS,13500.0,2835.0,1200.0,17535.0
726,517,193,2,4,4,204,FULFILLED,ARS,12936.0,2716.56,0.0,15652.56
727,186,121,1,,2394,2454,PAID,ARS,32400.0,6804.0,1500.0,40704.0
728,535,1302,1,,173,2924,FULFILLED,ARS,23520.0,4939.2,900.0,29359.2
729,300,1495,1,,962,2148,FULFILLED,ARS,77805.0,16339.05,1200.0,95344.05
730,217,958,1,,2443,2218,FULFILLED,ARS,55050.0,11560.5,1200.0,67810.5
731,604,1024,2,3,3,2912,FULFILLED,ARS,50280.0,10558.8,0.0,60838.8
732,421,814,2,3,3,1710,FULFILLED,ARS,10800.0,2268.0,0.0,13068.0
733,9,1036,1,,3033,1357,FULFILLED,ARS,36000.0,7560.0,900.0,44460.0
734,149,640,1,,875,2704,FULFILLED,ARS,21168.0,4445.28,1500.0,27113.28
735,43,915,1,,658,2972,FULFILLED,ARS,31500.0,6615.0,0.0,38115.0
736,520,544,2,1,1,2583,FULFILLED,ARS,44100.0,9261.0,0.0,53361.0
737,585,483,2,3,3,,FULFILLED,ARS,12000.0,2520.0,0.0,14520.0
738,430,878,2,2,2,422,FULFILLED,ARS,78660.0,16518.6,0.0,95178.6
739,350,820,1,,2055,1619,FULFILLED,ARS,10260.0,2154.6,1200.0,13614.6
740,70,879,2,4,4,1612,FULFILLED,ARS,12825.0,2693.25,0.0,15518.25
741,110,1468,2,2,2,2392,FULFILLED,ARS,64680.0,13582.8,0.0,78262.8
742,243,440,1,,1333,1504,CANCELLED,ARS,44100.0,9261.0,1200.0,54561.0
743,192,1295,1,,1539,2842,REFUNDED,ARS,10800.0,2268.0,0.0,13068.0
744,222,1123,1,,1524,3126,FULFILLED,ARS,13500.0,2835.0,900.0,17235.0
745,202,1006,1,,137,1495,FULFILLED,ARS,42660.0,8958.6,900.0,52518.6
746,382,217,1,,212,3053,PAID,ARS,21600.0,4536.0,1200.0,27336.0
747,367,258,1,,942,1521,FULFILLED,ARS,45630.0,9582.3,1200.0,56412.3
748,181,751,2,1,1,1921,FULFILLED,ARS,24000.0,5040.0,0.0,29040.0
749,421,955,2,2,2,719,PAID,ARS,12600.0,2646.0,0.0,15246.0
750,303,867,1,,2179,13,FULFILLED,ARS,26400.0,5544.0,1500.0,33444.0
751,270,584,1,,748,1235,FULFILLED,ARS,42525.0,8930.25,900.0,52355.25
752,550,99,2,2,2,1279,FULFILLED,ARS,44100.0,9261.0,0.0,53361.0
753,388,593,1,,1822,472,FULFILLED,ARS,32400.0,6804.0,1500.0,40704.0
754,574,868,1,,2970,,FULFILLED,ARS,36000.0,7560.0,1200.0,44760.0
755,620,903,2,3,3,274,FULFILLED,ARS,117900.0,24759.0,0.0,142659.0
756,603,445,1,,1195,,FULFILLED,ARS,60840.0,12776.4,1200.0,74816.4
757,594,857,1,,2776,1333,FULFILLED,ARS,55272.0,11607.12,900.0,67779.12
758,366,633,2,4,4,581,CANCELLED,ARS,35910.0,7541.1,0.0,43451.1
759,230,1428,1,,2472,333,FULFILLED,ARS,44100.0,9261.0,900.0,54261.0
760,3,196,1,,2340,1511,FULFILLED,ARS,27000.0,5670.0,1500.0,34170.0
761,351,212,1,,612,3044,PAID,ARS,23520.0,4939.2,1200.0,29659.2
762,482,925,1,,2469,871,FULFILLED,ARS,12540.0,2633.4,900.0,16073.4
763,455,698,1,,2443,2322,FULFILLED,ARS,20520.0,4309.2,1200.0,26029.2
764,128,1135,1,,2760,2826,FULFILLED,ARS,34020.0,7144.2,1200.0,42364.2
765,256,165,1,,913,1851,FULFILLED,ARS,36000.0,7560.0,900.0,44460.0
766,321,960,1,,3160,1052,FULFILLED,ARS,45000.0,9450.0,900.0,55350.0
767,250,696,1,,525,785,REFUNDED,ARS,31752.0,6667.92,0.0,38419.92
768,299,436,1,,123,914,FULFILLED,ARS,10260.0,2154.6,0.0,12414.6
769,637,1393,1,,2814,1158,PAID,ARS,11760.0,2469.6,900.0,15129.6
770,362,127,1,,882,2971,FULFILLED,ARS,24000.0,5040.0,1200.0,30240.0
771,360,326,1,,2351,1987,FULFILLED,ARS,15675.0,3291.75,1200.0,20166.75
772,507,912,2,2,2,1039,PAID,ARS,24000.0,5040.0,0.0,29040.0
773,204,1041,1,,3193,334,FULFILLED,ARS,40500.0,8505.0,900.0,49905.0
774,489,130,1,,1995,3192,FULFILLED,ARS,23940.0,5027.4,900.0,29867.4
775,326,422,1,,2139,2742,FULFILLED,ARS,39600.0,8316.0,0.0,47916.0
776,60,110,2,3,3,1641,FULFILLED,ARS,43200.0,9072.0,0.0,52272.0
777,7,1043,1,,1710,951,FULFILLED,ARS,32400.0,6804.0,900.0,40104.0
778,396,841,2,1,1,,FULFILLED,ARS,28350.0,5953.5,0.0,34303.5
779,217,4,1,,2922,1329,FULFILLED,ARS,10800.0,2268.0,1200.0,14268.0
780,328,1307,1,,2192,349,PAID,ARS,22800.0,4788.0,0.0,27588.0
781,589,1113,2,3,3,369,CANCELLED,ARS,34200.0,7182.0,0.0,41382.0
782,391,1490,1,,2438,2310,FULFILLED,ARS,79152.0,16621.92,900.0,96673.92
783,408,435,2,1,1,1623,FULFILLED,ARS,10800.0,2268.0,0.0,13068.0
784,403,905,1,,2985,,REFUNDED,ARS,53580.0,11251.8,900.0,65731.8
785,477,724,1,,2931,1634,FULFILLED,ARS,21168.0,4445.28,1200.0,26813.28
786,97,1436,1,,2109,1107,PAID,ARS,42750.0,8977.5,0.0,51727.5
787,194,904,1,,1639,2438,FULFILLED,ARS,81450.0,17104.5,1200.0,99754.5
788,301,1186,2,1,1,1624,FULFILLED,ARS,23520.0,4939.2,0.0,28459.2
789,260,941,1,,2130,2605,FULFILLED,ARS,87300.0,18333.0,900.0,106533.0
790,545,564,1,,1005,103,FULFILLED,ARS,53760.0,11289.6,1200.0,66249.6
791,546,965,1,,1593,,FULFILLED,ARS,14250.0,2992.5,900.0,18142.5
792,136,595,1,,1572,2523,FULFILLED,ARS,15000.0,3150.0,900.0,19050.0
793,316,445,1,,2670,,FULFILLED,ARS,51600.0,10836.0,1200.0,63636.0
794,227,987,1,,1617,135,REFUNDED,ARS,42750.0,8977.5,0.0,51727.5
795,483,874,2,3,3,740,FULFILLED,ARS,72900.0,15309.0,0.0,88209.0
796,611,1493,2,4,4,1580,FULFILLED,ARS,11400.0,2394.0,0.0,13794.0
797,103,677,1,,369,1609,CANCELLED,ARS,79032.0,16596.72,900.0,96528.72
798,11,1247,2,3,3,1074,FULFILLED,ARS,60252.0,12652.92,0.0,72904.92
799,436,616,2,3,3,3109,FULFILLED,ARS,13500.0,2835.0,0.0,16335.0
800,36,718,1,,3138,2155,FULFILLED,ARS,24000.0,5040.0,900.0,29940.0
801,467,1366,1,,2183,834,FULFILLED,ARS,36000.0,7560.0,1200.0,44760.0
802,420,765,1,,1876,56,PAID,ARS,22140.0,4649.4,900.0,27689.4
803,493,633,2,4,4,469,FULFILLED,ARS,22800.0,4788.0,0.0,27588.0
804,627,807,1,,928,2308,PAID,ARS,47250.0,9922.5,1200.0,58372.5
805,49,175,1,,90,3023,FULFILLED,ARS,11760.0,2469.6,900.0,15129.6
806,292,544,1,,2797,1821,CANCELLED,ARS,10260.0,2154.6,1500.0,13914.6
807,212,1226,2,2,2,1724,FULFILLED,ARS,27000.0,5670.0,0.0,32670.0
808,504,268,2,2,2,147,CANCELLED,ARS,35280.0,7408.8,0.0,42688.8
809,53,290,2,1,1,3115,PAID,ARS,13500.0,2835.0,0.0,16335.0
810,202,642,2,1,1,3023,PAID,ARS,46680.0,9802.8,0.0,56482.8
811,429,884,2,3,3,2654,FULFILLED,ARS,29400.0,6174.0,0.0,35574.0
812,586,1175,2,4,4,1362,PAID,ARS,23520.0,4939.2,0.0,28459.2
813,376,48,1,,2045,805,FULFILLED,ARS,29400.0,6174.0,1500.0,37074.0
814,283,62,1,,224,631,FULFILLED,ARS,25200.0,5292.0,1200.0,31692.0
815,291,671,1,,282,546,FULFILLED,ARS,21600.0,4536.0,900.0,27036.0
816,536,590,1,,2432,419,FULFILLED,ARS,33240.0,6980.4,0.0,40220.4
817,484,1202,2,4,4,,FULFILLED,ARS,42750.0,8977.5,0.0,51727.5
818,414,958,2,4,4,128,PAID,ARS,12000.0,2520.0,0.0,14520.0
819,473,57,1,,473,2969,FULFILLED,ARS,45000.0,9450.0,1200.0,55650.0
820,552,917,2,3,3,1275,FULFILLED,ARS,60270.0,12656.7,0.0,72926.7
821,64,907,2,2,2,2406,FULFILLED,ARS,56448.0,11854.08,0.0,68302.08
822,279,599,1,,1307,3135,FULFILLED,ARS,52800.0,11088.0,1500.0,65388.0
823,195,1494,1,,642,1058,FULFILLED,ARS,20520.0,4309.2,900.0,25729.2
824,12,852,1,,1368,2548,FULFILLED,ARS,12150.0,2551.5,900.0,15601.5
825,450,16,1,,691,2367,FULFILLED,ARS,22680.0,4762.8,1200.0,28642.8
826,26,112,1,,2781,635,FULFILLED,ARS,58065.0,12193.65,1500.0,71758.65
827,309,858,2,1,1,1348,PAID,ARS,37800.0,7938.0,0.0,45738.0
828,333,761,1,,134,,FULFILLED,ARS,12936.0,2716.56,900.0,16552.56
829,266,1163,1,,224,968,FULFILLED,ARS,62190.0,13059.9,1200.0,76449.9
830,348,1413,2,4,4,2085,FULFILLED,ARS,59400.0,12474.0,0.0,71874.0
831,178,1475,2,3,3,101,PAID,ARS,10800.0,2268.0,0.0,13068.0
832,278,168,1,,1343,513,PAID,ARS,34200.0,7182.0,1200.0,42582.0
833,78,1336,2,2,2,1926,FULFILLED,ARS,24000.0,5040.0,0.0,29040.0
834,628,1092,2,3,3,1226,FULFILLED,ARS,39690.0,8334.9,0.0,48024.9
835,176,685,1,,1450,3096,FULFILLED,ARS,69384.0,14570.64,1200.0,85154.64
836,350,689,1,,3119,1287,FULFILLED,ARS,14962.5,3142.12,0.0,18104.62
837,314,239,1,,3191,3143,REFUNDED,ARS,57720.0,12121.2,900.0,70741.2
838,348,1437,1,,1683,,PAID,ARS,21600.0,4536.0,1200.0,27336.0
839,425,303,2,2,2,2936,FULFILLED,ARS,32400.0,6804.0,0.0,39204.0
840,471,591,1,,372,1969,FULFILLED,ARS,45000.0,9450.0,1200.0,55650.0
841,565,291,1,,397,535,FULFILLED,ARS,32340.0,6791.4,1200.0,40331.4
842,54,1224,1,,1511,3063,CANCELLED,ARS,29925.0,6284.25,1500.0,37709.25
843,521,313,1,,2723,3110,FULFILLED,ARS,36000.0,7560.0,0.0,43560.0
844,73,1411,1,,2796,551,FULFILLED,ARS,35640.0,7484.4,1500.0,44624.4
845,582,30,1,,1367,232,FULFILLED,ARS,12348.0,2593.08,1200.0,16141.08
846,241,1371,1,,3107,85,PAID,ARS,34650.0,7276.5,0.0,41926.5
847,604,167,1,,2485,1804,PAID,ARS,21168.0,4445.28,0.0,25613.28
848,122,281,1,,554,1809,FULFILLED,ARS,23940.0,5027.4,900.0,29867.4
849,572,64,1,,2127,2875,FULFILLED,ARS,22680.0,4762.8,1200.0,28642.8
850,420,172,2,3,3,189,REFUNDED,ARS,13230.0,2778.3,0.0,16008.3
851,337,637,1,,1098,3128,CANCELLED,ARS,45000.0,9450.0,900.0,55350.0
852,222,1006,1,,243,2272,FULFILLED,ARS,28500.0,5985.0,1200.0,35685.0
853,87,539,2,2,2,2737,FULFILLED,ARS,16500.0,3465.0,0.0,19965.0
854,575,590,1,,1077,577,PAID,ARS,44550.0,9355.5,1500.0,55405.5
855,592,1294,2,2,2,2704,FULFILLED,ARS,22230.0,4668.3,0.0,26898.3
856,94,60,2,2,2,909,FULFILLED,ARS,45000.0,9450.0,0.0,54450.0
857,499,136,1,,622,1625,REFUNDED,ARS,27000.0,5670.0,1200.0,33870.0
858,584,1356,1,,180,,FULFILLED,ARS,27000.0,5670.0,1200.0,33870.0
859,88,371,1,,2009,1105,FULFILLED,ARS,10800.0,2268.0,1200.0,14268.0
860,594,1406,2,2,2,2623,FULFILLED,ARS,46305.0,9724.05,0.0,56029.05
861,409,1104,1,,1822,710,FULFILLED,ARS,20520.0,4309.2,900.0,25729.2
862,358,817,1,,2404,3033,REFUNDED,ARS,11970.0,2513.7,0.0,14483.7
863,523,240,1,,3002,2786,FULFILLED,ARS,40500.0,8505.0,900.0,49905.0
864,298,476,1,,2373,378,CREATED,ARS,44040.0,9248.4,900.0,54188.4
865,116,1115,1,,2820,2131,FULFILLED,ARS,113778.0,23893.38,1200.0,138871.38
866,412,412,1,,370,333,FULFILLED,ARS,45000.0,9450.0,1200.0,55650.0
867,535,671,2,4,4,2983,FULFILLED,ARS,32400.0,6804.0,0.0,39204.0
868,139,328,2,1,1,2337,CANCELLED,ARS,34200.0,7182.0,0.0,41382.0
869,249,371,1,,2871,1869,FULFILLED,ARS,29400.0,6174.0,900.0,36474.0
870,115,1048,1,,2913,1048,PAID,ARS,12825.0,2693.25,1200.0,16718.25
871,420,1259,1,,504,,FULFILLED,ARS,40584.0,8522.64,1200.0,50306.64
872,519,397,2,3,3,346,FULFILLED,ARS,41175.0,8646.75,0.0,49821.75
873,479,470,1,,791,1344,FULFILLED,ARS,29400.0,6174.0,900.0,36474.0
874,405,555,2,4,4,2465,FULFILLED,ARS,21168.0,4445.28,0.0,25613.28
875,103,1257,2,2,2,1245,FULFILLED,ARS,11970.0,2513.7,0.0,14483.7
876,446,757,1,,527,886,FULFILLED,ARS,40500.0,8505.0,1200.0,50205.0
877,98,216,1,,1604,3172,FULFILLED,ARS,44280.0,9298.8,1200.0,54778.8
878,301,1176,2,1,1,1297,FULFILLED,ARS,27000.0,5670.0,0.0,32670.0
879,146,2,2,1,1,2760,FULFILLED,ARS,12000.0,2520.0,0.0,14520.0
880,457,1295,2,4,4,2318,FULFILLED,ARS,9720.0,2041.2,0.0,11761.2
881,234,1335,2,3,3,2539,FULFILLED,ARS,19440.0,4082.4,0.0,23522.4
882,75,1445,2,3,3,998,FULFILLED,ARS,44040.0,9248.4,0.0,53288.4
883,213,691,1,,2976,2273,FULFILLED,ARS,10260.0,2154.6,1200.0,13614.6
884,237,780,1,,87,1258,FULFILLED,ARS,50242.5,10550.92,900.0,61693.42
885,556,338,1,,30,1016,FULFILLED,ARS,13200.0,2772.0,1200.0,17172.0
886,37,380,1,,309,2570,PAID,ARS,21600.0,4536.0,1200.0,27336.0
887,360,582,1,,378,3138,PAID,ARS,43650.0,9166.5,1500.0,54316.5
888,356,711,1,,2339,1243,FULFILLED,ARS,42750.0,8977.5,0.0,51727.5
889,596,991,1,,1903,2720,CANCELLED,ARS,14962.5,3142.12,1200.0,19304.62
890,289,500,2,4,4,2463,FULFILLED,ARS,44100.0,9261.0,0.0,53361.0
891,226,99,2,2,2,2066,FULFILLED,ARS,25200.0,5292.0,0.0,30492.0
892,292,1002,1,,2361,1274,FULFILLED,ARS,33000.0,6930.0,900.0,40830.0
893,592,1310,1,,1326,2539,FULFILLED,ARS,36000.0,7560.0,900.0,44460.0
894,526,1276,2,2,2,1107,CREATED,ARS,42750.0,8977.5,0.0,51727.5
895,23,307,1,,2100,874,FULFILLED,ARS,64500.0,13545.0,900.0,78945.0
896,154,1133,2,4,4,1253,FULFILLED,ARS,23520.0,4939.2,0.0,28459.2
897,605,1234,2,3,3,2958,FULFILLED,ARS,80400.0,16884.0,0.0,97284.0
898,638,573,2,3,3,2048,FULFILLED,ARS,31752.0,6667.92,0.0,38419.92
899,162,1008,1,,449,2146,FULFILLED,ARS,25230.0,5298.3,1200.0,31728.3
900,129,1124,1,,2073,3189,FULFILLED,ARS,23520.0,4939.2,1200.0,29659.2
901,135,139,1,,2578,1772,FULFILLED,ARS,86850.0,18238.5,1200.0,106288.5
902,422,771,2,1,1,42,PAID,ARS,11340.0,2381.4,0.0,13721.4
903,13,960,2,3,3,1383,FULFILLED,ARS,60870.0,12782.7,0.0,73652.7
904,624,210,2,2,2,1722,FULFILLED,ARS,48936.0,10276.56,0.0,59212.56
905,467,498,2,1,1,2747,FULFILLED,ARS,14850.0,3118.5,0.0,17968.5
906,193,1058,1,,3179,3118,FULFILLED,ARS,68625.0,14411.25,900.0,83936.25
907,375,350,1,,1430,1308,PAID,ARS,36000.0,7560.0,1200.0,44760.0
908,468,4,2,2,2,214,FULFILLED,ARS,59250.0,12442.5,0.0,71692.5
909,126,200,2,4,4,1347,FULFILLED,ARS,10800.0,2268.0,0.0,13068.0
910,375,474,1,,413,2595,PAID,ARS,24696.0,5186.16,1500.0,31382.16
911,147,1073,2,1,1,2494,FULFILLED,ARS,12348.0,2593.08,0.0,14941.08
912,282,679,1,,1250,321,FULFILLED,ARS,12000.0,2520.0,1500.0,16020.0
913,101,564,1,,2308,1235,REFUNDED,ARS,74088.0,15558.48,900.0,90546.48
914,90,981,2,1,1,1596,PAID,ARS,51696.0,10856.16,0.0,62552.16
915,564,560,1,,2450,1790,CANCELLED,ARS,33000.0,6930.0,900.0,40830.0
916,209,403,2,3,3,2658,FULFILLED,ARS,12000.0,2520.0,0.0,14520.0
917,362,228,2,2,2,610,FULFILLED,ARS,33570.0,7049.7,0.0,40619.7
918,169,331,1,,215,2053,FULFILLED,ARS,40500.0,8505.0,1200.0,50205.0
919,527,555,2,4,4,,FULFILLED,ARS,36450.0,7654.5,0.0,44104.5
920,409,641,1,,765,1748,FULFILLED,ARS,29250.0,6142.5,1500.0,36892.5
921,576,1450,1,,1387,3066,FULFILLED,ARS,23520.0,4939.2,1200.0,29659.2
922,461,591,2,1,1,2591,FULFILLED,ARS,36000.0,7560.0,0.0,43560.0
923,595,934,2,2,2,965,FULFILLED,ARS,11340.0,2381.4,0.0,13721.4
924,503,316,2,1,1,1974,PAID,ARS,10800.0,2268.0,0.0,13068.0
925,244,774,1,,1594,,FULFILLED,ARS,51600.0,10836.0,1200.0,63636.0
926,566,1049,1,,2468,2164,FULFILLED,ARS,21600.0,4536.0,1200.0,27336.0
927,42,592,1,,3157,2930,FULFILLED,ARS,66780.0,14023.8,1500.0,82303.8
928,469,797,1,,525,3050,FULFILLED,ARS,62340.0,13091.4,1200.0,76631.4
929,32,1287,1,,2758,,CANCELLED,ARS,21600.0,4536.0,1200.0,27336.0
930,340,405,1,,1693,709,FULFILLED,ARS,35280.0,7408.8,1500.0,44188.8
931,347,1023,1,,2064,1749,FULFILLED,ARS,83790.0,17595.9,1500.0,102885.9
932,461,649,1,,623,1442,FULFILLED,ARS,29160.0,6123.6,1200.0,36483.6
933,526,772,2,4,4,,CANCELLED,ARS,19440.0,4082.4,0.0,23522.4
934,200,1290,2,1,1,1530,FULFILLED,ARS,10260.0,2154.6,0.0,12414.6
935,345,1001,1,,2499,,FULFILLED,ARS,27000.0,5670.0,900.0,33570.0
936,230,611,1,,359,1488,FULFILLED,ARS,10260.0,2154.6,1500.0,13914.6
937,183,1414,1,,1653,1574,FULFILLED,ARS,13500.0,2835.0,0.0,16335.0
938,443,888,1,,2162,1895,PAID,ARS,11880.0,2494.8,0.0,14374.8
939,350,40,1,,3169,2179,FULFILLED,ARS,12540.0,2633.4,1200.0,16373.4
940,413,186,1,,1908,1939,PAID,ARS,24000.0,5040.0,1200.0,30240.0
941,9,58,2,3,3,1805,FULFILLED,ARS,26235.0,5509.35,0.0,31744.35
942,516,1072,1,,3165,674,FULFILLED,ARS,45000.0,9450.0,900.0,55350.0
943,15,818,1,,253,539,FULFILLED,ARS,36000.0,7560.0,900.0,44460.0
944,457,1267,2,4,4,540,FULFILLED,ARS,32400.0,6804.0,0.0,39204.0
945,158,1101,2,1,1,1929,FULFILLED,ARS,11760.0,2469.6,0.0,14229.6
946,141,1466,2,2,2,2667,FULFILLED,ARS,11760.0,2469.6,0.0,14229.6
947,4,1471,2,2,2,1389,FULFILLED,ARS,54390.0,11421.9,0.0,65811.9
948,114,4,2,4,4,2568,CREATED,ARS,91260.0,19164.6,0.0,110424.6
949,31,142,2,4,4,3127,FULFILLED,ARS,40500.0,8505.0,0.0,49005.0
950,115,1018,2,3,3,623,FULFILLED,ARS,37800.0,7938.0,0.0,45738.0
951,384,1305,1,,33,257,FULFILLED,ARS,45000.0,9450.0,1200.0,55650.0
952,339,174,2,4,4,,FULFILLED,ARS,12000.0,2520.0,0.0,14520.0
953,570,371,2,4,4,1470,FULFILLED,ARS,32400.0,6804.0,0.0,39204.0
954,116,1174,1,,2791,1832,FULFILLED,ARS,39658.5,8328.28,0.0,47986.78
955,638,640,2,4,4,964,FULFILLED,ARS,41400.0,8694.0,0.0,50094.0
956,617,58,2,1,1,2349,FULFILLED,ARS,42750.0,8977.5,0.0,51727.5
957,162,494,1,,705,,FULFILLED,ARS,40500.0,8505.0,1200.0,50205.0
958,223,1416,1,,2120,80,FULFILLED,ARS,22800.0,4788.0,900.0,28488.0
959,459,680,1,,2790,,PAID,ARS,21168.0,4445.28,1500.0,27113.28
960,305,693,1,,418,1955,CANCELLED,ARS,31752.0,6667.92,1200.0,39619.92
961,539,728,2,2,2,1980,FULFILLED,ARS,24000.0,5040.0,0.0,29040.0
962,92,1011,1,,3053,607,FULFILLED,ARS,22800.0,4788.0,900.0,28488.0
963,593,787,2,1,1,997,FULFILLED,ARS,66420.0,13948.2,0.0,80368.2
964,484,564,1,,1659,3165,FULFILLED,ARS,10800.0,2268.0,900.0,13968.0
965,618,509,1,,1383,466,FULFILLED,ARS,15435.0,3241.35,1200.0,19876.35
966,578,1280,2,3,3,2399,FULFILLED,ARS,11760.0,2469.6,0.0,14229.6
967,316,1119,2,1,1,786,PAID,ARS,46305.0,9724.05,0.0,56029.05
968,557,1393,1,,3185,779,FULFILLED,ARS,37044.0,7779.24,1200.0,46023.24
969,241,1392,1,,1509,804,PAID,ARS,25200.0,5292.0,1200.0,31692.0
970,91,331,2,3,3,3048,FULFILLED,ARS,59700.0,12537.0,0.0,72237.0
971,107,16,1,,281,2304,FULFILLED,ARS,57348.0,12043.08,1200.0,70591.08
972,629,655,1,,2719,1116,FULFILLED,ARS,29400.0,6174.0,1500.0,37074.0
973,103,1220,1,,992,3197,FULFILLED,ARS,12150.0,2551.5,1200.0,15901.5
974,429,833,1,,2340,314,FULFILLED,ARS,24000.0,5040.0,900.0,29940.0
975,623,1418,1,,1232,,FULFILLED,ARS,15435.0,3241.35,0.0,18676.35
976,205,671,2,2,2,2852,FULFILLED,ARS,44100.0,9261.0,0.0,53361.0
977,22,727,2,3,3,183,FULFILLED,ARS,36000.0,7560.0,0.0,43560.0
978,521,734,1,,862,1492,FULFILLED,ARS,55800.0,11718.0,1500.0,69018.0
979,257,1158,1,,38,,CREATED,ARS,28350.0,5953.5,1200.0,35503.5
980,610,635,2,1,1,2890,FULFILLED,ARS,30000.0,6300.0,0.0,36300.0
981,500,549,1,,2954,1364,FULFILLED,ARS,14962.5,3142.12,900.0,19004.62
982,499,863,2,4,4,1212,FULFILLED,ARS,59220.0,12436.2,0.0,71656.2
983,184,917,2,1,1,,FULFILLED,ARS,11340.0,2381.4,0.0,13721.4
984,206,884,1,,1227,2988,REFUNDED,ARS,37800.0,7938.0,0.0,45738.0
985,305,783,1,,1609,384,FULFILLED,ARS,34200.0,7182.0,1500.0,42882.0
986,394,1080,2,4,4,563,CANCELLED,ARS,59137.5,12418.88,0.0,71556.38
987,99,195,1,,1922,1465,FULFILLED,ARS,46305.0,9724.05,900.0,56929.05
988,104,81,2,1,1,1213,FULFILLED,ARS,71505.0,15016.05,0.0,86521.05
989,359,299,2,4,4,2818,REFUNDED,ARS,49776.0,10452.96,0.0,60228.96
990,86,293,1,,1738,373,PAID,ARS,78048.0,16390.08,0.0,94438.08
991,581,1318,2,2,2,2010,FULFILLED,ARS,52500.0,11025.0,0.0,63525.0
992,116,1176,1,,1800,916,FULFILLED,ARS,22680.0,4762.8,900.0,28342.8
993,614,435,2,2,2,504,FULFILLED,ARS,20520.0,4309.2,0.0,24829.2
994,428,1209,2,1,1,173,FULFILLED,ARS,11880.0,2494.8,0.0,14374.8
995,291,664,2,2,2,842,FULFILLED,ARS,27750.0,5827.5,0.0,33577.5
996,97,1375,1,,436,2287,FULFILLED,ARS,24000.0,5040.0,1200.0,30240.0
997,631,866,1,,382,2776,FULFILLED,ARS,44100.0,9261.0,1200.0,54561.0
998,218,582,1,,1336,2913,FULFILLED,ARS,64620.0,13570.2,1200.0,79390.2
999,42,505,2,3,3,2709,CANCELLED,ARS,23760.0,4989.6,0.0,28749.6
1000,507,353,2,2,2,,PAID,ARS,36000.0,7560.0,0.0,43560.0
1001,39,990,1,,2404,2031,FULFILLED,ARS,11400.0,2394.0,1200.0,14994.0
1002,342,648,1,,1815,43,FULFILLED,ARS,30000.0,6300.0,1200.0,37500.0
1003,634,596,1,,1470,,REFUNDED,ARS,76425.0,16049.25,0.0,92474.25
1004,226,276,1,,3051,1369,FULFILLED,ARS,34200.0,7182.0,900.0,42282.0
1005,336,478,1,,1115,2795,FULFILLED,ARS,42750.0,8977.5,900.0,52627.5
1006,191,1207,2,4,4,1324,FULFILLED,ARS,15000.0,3150.0,0.0,18150.0
1007,264,533,1,,446,1624,FULFILLED,ARS,10800.0,2268.0,1500.0,14568.0
1008,572,1393,2,4,4,,FULFILLED,ARS,59250.0,12442.5,0.0,71692.5
1009,250,843,1,,2729,3179,FULFILLED,ARS,59160.0,12423.6,1200.0,72783.6
1010,613,252,2,1,1,654,FULFILLED,ARS,38946.0,8178.66,0.0,47124.66
1011,257,787,2,1,1,2373,FULFILLED,ARS,53580.0,11251.8,0.0,64831.8
1012,137,16,1,,492,723,FULFILLED,ARS,30000.0,6300.0,900.0,37200.0
1013,575,324,1,,637,1968,FULFILLED,ARS,40500.0,8505.0,1500.0,50505.0
1014,621,601,2,1,1,,FULFILLED,ARS,28200.0,5922.0,0.0,34122.0
1015,61,1368,2,1,1,721,FULFILLED,ARS,49800.0,10458.0,0.0,60258.0
1016,40,1306,2,2,2,2389,FULFILLED,ARS,30000.0,6300.0,0.0,36300.0
1017,504,339,1,,257,733,FULFILLED,ARS,35280.0,7408.8,1200.0,43888.8
1018,266,1108,2,2,2,2569,FULFILLED,ARS,24300.0,5103.0,0.0,29403.0
1019,311,1154,1,,924,341,PAID,ARS,21600.0,4536.0,1200.0,27336.0
1020,366,527,1,,2997,2584,FULFILLED,ARS,70200.0,14742.0,1500.0,86442.0
1021,230,319,1,,2991,,REFUNDED,ARS,72525.0,15230.25,0.0,87755.25
1022,287,756,2,4,4,1283,PAID,ARS,24720.0,5191.2,0.0,29911.2
1023,481,299,1,,2420,1498,FULFILLED,ARS,14700.0,3087.0,1500.0,19287.0
1024,316,317,1,,2464,3120,CANCELLED,ARS,49500.0,10395.0,900.0,60795.0
1025,345,917,2,3,3,2078,FULFILLED,ARS,14700.0,3087.0,0.0,17787.0
1026,333,1378,2,1,1,1855,FULFILLED,ARS,24000.0,5040.0,0.0,29040.0
1027,292,416,1,,3142,879,FULFILLED,ARS,29400.0,6174.0,0.0,35574.0
1028,539,962,1,,582,1609,FULFILLED,ARS,20520.0,4309.2,1200.0,26029.2
1029,10,453,1,,3087,1763,FULFILLED,ARS,25650.0,5386.5,1200.0,32236.5
1030,201,113,1,,577,3040,CREATED,ARS,24000.0,5040.0,900.0,29940.0
1031,5,645,1,,890,1370,FULFILLED,ARS,44100.0,9261.0,900.0,54261.0
1032,97,1212,1,,1233,715,CANCELLED,ARS,44100.0,9261.0,1200.0,54561.0
1033,330,468,2,4,4,1533,CANCELLED,ARS,38808.0,8149.68,0.0,46957.68
1034,178,183,1,,1866,1222,FULFILLED,ARS,50544.0,10614.24,900.0,62058.24
1035,498,1096,1,,2982,109,REFUNDED,ARS,15435.0,3241.35,0.0,18676.35
1036,316,1436,2,1,1,2622,CREATED,ARS,56880.0,11944.8,0.0,68824.8
1037,189,1404,1,,2672,2798,FULFILLED,ARS,23520.0,4939.2,1200.0,29659.2
1038,57,134,1,,194,400,FULFILLED,ARS,22800.0,4788.0,900.0,28488.0
1039,207,691,1,,574,748,CANCELLED,ARS,35280.0,7408.8,1200.0,43888.8
1040,423,92,1,,2309,561,FULFILLED,ARS,85500.0,17955.0,1500.0,104955.0
1041,409,1288,1,,476,,FULFILLED,ARS,15750.0,3307.5,1500.0,20557.5
1042,434,918,1,,1391,2026,FULFILLED,ARS,10800.0,2268.0,900.0,13968.0
1043,25,370,1,,2206,2027,FULFILLED,ARS,41160.0,8643.6,900.0,50703.6
1044,415,1206,1,,1561,832,FULFILLED,ARS,23760.0,4989.6,900.0,29649.6
1045,407,104,2,2,2,1670,FULFILLED,ARS,29400.0,6174.0,0.0,35574.0
1046,259,1356,2,2,2,2731,FULFILLED,ARS,47940.0,10067.4,0.0,58007.4
1047,436,1059,1,,1792,,FULFILLED,ARS,60618.0,12729.78,1200.0,74547.78
1048,614,642,1,,2949,1768,FULFILLED,ARS,30780.0,6463.8,1500.0,38743.8
1049,37,138,1,,644,561,FULFILLED,ARS,52500.0,11025.0,1500.0,65025.0
1050,108,484,2,4,4,2730,FULFILLED,ARS,36000.0,7560.0,0.0,43560.0
1051,256,888,1,,2938,1642,FULFILLED,ARS,25872.0,5433.12,1500.0,32805.12
1052,485,264,2,2,2,2254,REFUNDED,ARS,27000.0,5670.0,0.0,32670.0
1053,304,1409,1,,2655,1431,CANCELLED,ARS,34200.0,7182.0,1200.0,42582.0
1054,408,1072,2,4,4,1414,FULFILLED,ARS,24000.0,5040.0,0.0,29040.0
1055,604,417,1,,2694,1904,FULFILLED,ARS,19440.0,4082.4,1200.0,24722.4
1056,215,642,1,,1470,287,FULFILLED,ARS,23940.0,5027.4,900.0,29867.4
1057,627,1047,1,,983,1266,FULFILLED,ARS,71280.0,14968.8,0.0,86248.8
1058,30,1412,1,,924,2087,FULFILLED,ARS,29925.0,6284.25,1500.0,37709.25
1059,609,1394,1,,411,2262,CANCELLED,ARS,40560.0,8517.6,1200.0,50277.6
1060,32,1215,2,1,1,322,FULFILLED,ARS,89055.0,18701.55,0.0,107756.55
1061,295,649,2,1,1,2847,FULFILLED,ARS,15750.0,3307.5,0.0,19057.5
1062,142,1031,2,1,1,2078,CANCELLED,ARS,24000.0,5040.0,0.0,29040.0
1063,509,315,1,,35,210,FULFILLED,ARS,11400.0,2394.0,900.0,14694.0
1064,166,1076,2,4,4,1370,FULFILLED,ARS,28650.0,6016.5,0.0,34666.5
1065,52,1245,2,1,1,2233,FULFILLED,ARS,10800.0,2268.0,0.0,13068.0
1066,604,679,1,,2705,1484,CREATED,ARS,14700.0,3087.0,900.0,18687.0
1067,617,248,1,,726,2157,CANCELLED,ARS,21600.0,4536.0,1200.0,27336.0
1068,124,958,1,,1505,794,FULFILLED,ARS,24000.0,5040.0,900.0,29940.0
1069,351,740,2,4,4,1742,CANCELLED,ARS,60696.0,12746.16,0.0,73442.16
1070,437,800,1,,944,2012,FULFILLED,ARS,30000.0,6300.0,1200.0,37500.0
1071,455,1427,2,1,1,3,FULFILLED,ARS,42150.0,8851.5,0.0,51001.5
1072,189,1379,1,,1257,2859,FULFILLED,ARS,29400.0,6174.0,1200.0,36774.0
1073,441,54,1,,2169,923,CREATED,ARS,80100.0,16821.0,900.0,97821.0
1074,178,66,1,,362,2350,CREATED,ARS,30450.0,6394.5,900.0,37744.5
1075,41,447,2,3,3,619,FULFILLED,ARS,49500.0,10395.0,0.0,59895.0
1076,376,1351,1,,2665,238,PAID,ARS,42525.0,8930.25,1200.0,52655.25
1077,154,161,1,,2380,1501,FULFILLED,ARS,14250.0,2992.5,1200.0,18442.5
1078,326,545,1,,278,978,FULFILLED,ARS,75540.0,15863.4,0.0,91403.4
1079,408,1248,1,,2074,2803,FULFILLED,ARS,25650.0,5386.5,900.0,31936.5
1080,421,513,2,3,3,2402,CANCELLED,ARS,40500.0,8505.0,0.0,49005.0
1081,351,397,1,,280,1817,FULFILLED,ARS,10800.0,2268.0,1200.0,14268.0
1082,13,1015,1,,1227,680,FULFILLED,ARS,42120.0,8845.2,1200.0,52165.2
1083,300,1200,1,,2460,859,CANCELLED,ARS,37620.0,7900.2,1200.0,46720.2
1084,32,23,1,,1022,924,FULFILLED,ARS,23760.0,4989.6,1500.0,30249.6
1085,282,1029,1,,888,,FULFILLED,ARS,42750.0,8977.5,900.0,52627.5
1086,51,819,1,,505,2449,FULFILLED,ARS,39600.0,8316.0,1200.0,49116.0
1087,120,494,1,,2750,3054,FULFILLED,ARS,52800.0,11088.0,900.0,64788.0
1088,601,1406,2,1,1,26,FULFILLED,ARS,24000.0,5040.0,0.0,29040.0
1089,578,1177,1,,1758,,CANCELLED,ARS,40500.0,8505.0,1200.0,50205.0
1090,630,1234,1,,86,883,FULFILLED,ARS,10260.0,2154.6,1200.0,13614.6
1091,623,520,1,,2296,1056,FULFILLED,ARS,34200.0,7182.0,900.0,42282.0
1092,285,810,2,2,2,1427,FULFILLED,ARS,25650.0,5386.5,0.0,31036.5
1093,354,468,1,,1806,2855,FULFILLED,ARS,25200.0,5292.0,1500.0,31992.0
1094,452,1331,2,3,3,2831,FULFILLED,ARS,47040.0,9878.4,0.0,56918.4
1095,474,145,2,4,4,319,REFUNDED,ARS,25200.0,5292.0,0.0,30492.0
1096,455,39,1,,2730,1857,FULFILLED,ARS,12000.0,2520.0,1200.0,15720.0
1097,26,175,1,,1323,,REFUNDED,ARS,47700.0,10017.0,0.0,57717.0
1098,109,276,2,3,3,,FULFILLED,ARS,15000.0,3150.0,0.0,18150.0
1099,202,1054,1,,715,866,FULFILLED,ARS,62775.0,13182.75,900.0,76857.75
1100,527,690,2,2,2,2645,FULFILLED,ARS,11400.0,2394.0,0.0,13794.0
1101,566,828,1,,202,1471,FULFILLED,ARS,22800.0,4788.0,0.0,27588.0
1102,89,302,2,4,4,2012,FULFILLED,ARS,97320.0,20437.2,0.0,117757.2
1103,189,604,1,,2495,401,FULFILLED,ARS,10584.0,2222.64,1200.0,14006.64
1104,37,298,1,,1875,242,FULFILLED,ARS,12936.0,2716.56,900.0,16552.56
1105,549,887,2,3,3,3173,FULFILLED,ARS,14700.0,3087.0,0.0,17787.0
1106,341,1083,1,,2257,1934,FULFILLED,ARS,27000.0,5670.0,0.0,32670.0
1107,308,859,1,,2620,1730,FULFILLED,ARS,45000.0,9450.0,900.0,55350.0
1108,237,220,2,4,4,2993,FULFILLED,ARS,39600.0,8316.0,0.0,47916.0
1109,193,774,2,2,2,1900,CANCELLED,ARS,38475.0,8079.75,0.0,46554.75
1110,216,547,1,,1603,1666,FULFILLED,ARS,24000.0,5040.0,1200.0,30240.0
1111,207,1127,2,2,2,1542,PAID,ARS,53568.0,11249.28,0.0,64817.28
1112,433,839,1,,1119,1340,REFUNDED,ARS,22800.0,4788.0,900.0,28488.0
1113,570,771,2,3,3,1256,FULFILLED,ARS,14962.5,3142.12,0.0,18104.62
1114,492,1296,2,4,4,2895,REFUNDED,ARS,42750.0,8977.5,0.0,51727.5
1115,478,447,1,,2974,1698,FULFILLED,ARS,48150.0,10111.5,900.0,59161.5
1116,157,158,2,3,3,368,FULFILLED,ARS,32340.0,6791.4,0.0,39131.4
1117,584,1169,1,,830,1797,FULFILLED,ARS,39600.0,8316.0,1200.0,49116.0
1118,531,1010,2,4,4,1191,FULFILLED,ARS,22800.0,4788.0,0.0,27588.0
1119,394,758,2,1,1,1366,FULFILLED,ARS,11340.0,2381.4,0.0,13721.4
1120,47,974,2,2,2,564,FULFILLED,ARS,29400.0,6174.0,0.0,35574.0
1121,504,978,2,2,2,2329,FULFILLED,ARS,37800.0,7938.0,0.0,45738.0
1122,73,447,2,4,4,846,FULFILLED,ARS,26400.0,5544.0,0.0,31944.0
1123,235,660,1,,1541,3184,FULFILLED,ARS,24360.0,5115.6,0.0,29475.6
1124,284,918,2,3,3,2552,FULFILLED,ARS,12936.0,2716.56,0.0,15652.56
1125,474,1015,1,,2597,2125,FULFILLED,ARS,37044.0,7779.24,1200.0,46023.24
1126,581,641,1,,221,2014,PAID,ARS,15000.0,3150.0,900.0,19050.0
1127,322,1184,1,,83,288,FULFILLED,ARS,37044.0,7779.24,900.0,45723.24
1128,285,1355,1,,2876,2883,FULFILLED,ARS,36000.0,7560.0,0.0,43560.0
1129,300,1399,2,3,3,,FULFILLED,ARS,21600.0,4536.0,0.0,26136.0
1130,279,333,2,1,1,1456,PAID,ARS,49608.0,10417.68,0.0,60025.68
1131,622,214,2,1,1,103,FULFILLED,ARS,23520.0,4939.2,0.0,28459.2
1132,451,1010,2,3,3,1167,FULFILLED,ARS,15675.0,3291.75,0.0,18966.75
1133,431,531,2,2,2,778,CREATED,ARS,11340.0,2381.4,0.0,13721.4
1134,506,232,1,,1836,1078,FULFILLED,ARS,24696.0,5186.16,0.0,29882.16
1135,637,545,1,,374,1374,FULFILLED,ARS,47250.0,9922.5,1500.0,58672.5
1136,104,414,1,,1637,2389,FULFILLED,ARS,14700.0,3087.0,0.0,17787.0
1137,319,14,1,,3109,8,FULFILLED,ARS,15000.0,3150.0,0.0,18150.0
1138,535,1059,1,,321,2460,PAID,ARS,29400.0,6174.0,1200.0,36774.0
1139,258,1008,1,,1760,1793,PAID,ARS,40500.0,8505.0,1200.0,50205.0
1140,216,1470,1,,2090,1342,FULFILLED,ARS,29160.0,6123.6,1200.0,36483.6
1141,369,146,1,,1644,1553,FULFILLED,ARS,32400.0,6804.0,1200.0,40404.0
1142,542,365,1,,519,2707,FULFILLED,ARS,25200.0,5292.0,1200.0,31692.0
1143,406,1098,2,2,2,1523,FULFILLED,ARS,32400.0,6804.0,0.0,39204.0
1144,596,1146,1,,34,367,FULFILLED,ARS,34200.0,7182.0,900.0,42282.0
1145,552,1109,2,1,1,3009,FULFILLED,ARS,37620.0,7900.2,0.0,45520.2
1146,621,308,2,1,1,,PAID,ARS,47250.0,9922.5,0.0,57172.5
1147,573,578,2,1,1,1887,FULFILLED,ARS,47250.0,9922.5,0.0,57172.5
1148,540,697,1,,2469,1856,CREATED,ARS,15000.0,3150.0,900.0,19050.0
1149,395,110,1,,519,729,FULFILLED,ARS,46080.0,9676.8,900.0,56656.8
1150,334,427,1,,2616,2337,FULFILLED,ARS,48510.0,10187.1,1200.0,59897.1
1151,110,695,1,,1220,,FULFILLED,ARS,27825.0,5843.25,0.0,33668.25
1152,19,493,1,,427,1606,CANCELLED,ARS,21600.0,4536.0,0.0,26136.0
1153,277,776,1,,435,1736,PAID,ARS,26460.0,5556.6,900.0,32916.6
1154,58,1278,1,,22,2251,FULFILLED,ARS,31752.0,6667.92,900.0,39319.92
1155,366,297,1,,2639,981,FULFILLED,ARS,46305.0,9724.05,1500.0,57529.05
1156,143,1455,2,3,3,2119,FULFILLED,ARS,32400.0,6804.0,0.0,39204.0
1157,283,728,1,,494,992,FULFILLED,ARS,103500.0,21735.0,900.0,126135.0
1158,497,62,2,1,1,755,REFUNDED,ARS,44887.5,9426.38,0.0,54313.88
1159,199,1071,2,3,3,140,FULFILLED,ARS,37800.0,7938.0,0.0,45738.0
1160,601,880,1,,2296,2798,FULFILLED,ARS,22800.0,4788.0,0.0,27588.0
1161,106,77,1,,2516,2567,PAID,ARS,34200.0,7182.0,0.0,41382.0
1162,110,1138,1,,709,1689,FULFILLED,ARS,35640.0,7484.4,1200.0,44324.4
1163,443,1500,2,3,3,2393,FULFILLED,ARS,24000.0,5040.0,0.0,29040.0
1164,101,688,1,,1721,1392,REFUNDED,ARS,74250.0,15592.5,1500.0,91342.5
1165,18,598,2,4,4,1945,FULFILLED,ARS,12000.0,2520.0,0.0,14520.0
1166,56,477,2,3,3,12,REFUNDED,ARS,14700.0,3087.0,0.0,17787.0
1167,351,936,1,,1671,1238,FULFILLED,ARS,25080.0,5266.8,900.0,31246.8
1168,198,244,1,,2524,,FULFILLED,ARS,91800.0,19278.0,1500.0,112578.0
1169,416,1360,1,,1257,529,PAID,ARS,12000.0,2520.0,1200.0,15720.0
1170,103,449,1,,1348,2598,FULFILLED,ARS,36000.0,7560.0,1200.0,44760.0
1171,220,659,2,4,4,2848,FULFILLED,ARS,36000.0,7560.0,0.0,43560.0
1172,486,457,2,2,2,1312,CANCELLED,ARS,66372.0,13938.12,0.0,80310.12
1173,539,136,1,,1128,2931,FULFILLED,ARS,59670.0,12530.7,1500.0,73700.7
1174,564,1171,2,2,2,7,FULFILLED,ARS,24696.0,5186.16,0.0,29882.16
1175,379,171,1,,2280,462,PAID,ARS,32400.0,6804.0,900.0,40104.0
1176,596,425,1,,2385,2848,CANCELLED,ARS,28500.0,5985.0,1200.0,35685.0
1177,513,333,1,,2468,,PAID,ARS,81150.0,17041.5,1200.0,99391.5
1178,257,1466,1,,964,1262,FULFILLED,ARS,45000.0,9450.0,1200.0,55650.0
1179,62,336,1,,520,1764,FULFILLED,ARS,72900.0,15309.0,0.0,88209.0
1180,538,1296,1,,1490,484,FULFILLED,ARS,38475.0,8079.75,1200.0,47754.75
1181,233,514,1,,2014,,FULFILLED,ARS,31752.0,6667.92,0.0,38419.92
1182,412,951,1,,2522,1335,FULFILLED,ARS,15000.0,3150.0,1200.0,19350.0
1183,254,1126,2,1,1,967,FULFILLED,ARS,40500.0,8505.0,0.0,49005.0
1184,187,802,1,,1242,749,FULFILLED,ARS,70200.0,14742.0,1200.0,86142.0
1185,451,1382,1,,2705,2005,PAID,ARS,28500.0,5985.0,1500.0,35985.0
1186,320,1142,2,1,1,2055,FULFILLED,ARS,28500.0,5985.0,0.0,34485.0
1187,33,1408,2,2,2,2953,FULFILLED,ARS,57000.0,11970.0,0.0,68970.0
1188,428,61,1,,1777,,FULFILLED,ARS,11760.0,2469.6,1500.0,15729.6
1189,584,239,1,,1942,2573,FULFILLED,ARS,68100.0,14301.0,900.0,83301.0
1190,125,304,2,3,3,1245,FULFILLED,ARS,27000.0,5670.0,0.0,32670.0
1191,113,133,1,,1624,1369,PAID,ARS,34200.0,7182.0,0.0,41382.0
1192,391,1280,1,,3053,2842,FULFILLED,ARS,21600.0,4536.0,0.0,26136.0
1193,389,687,1,,2000,834,FULFILLED,ARS,32400.0,6804.0,1500.0,40704.0
1194,267,577,2,1,1,875,FULFILLED,ARS,69000.0,14490.0,0.0,83490.0
1195,103,1414,1,,644,225,PAID,ARS,46260.0,9714.6,1200.0,57174.6
1196,147,286,1,,425,1683,FULFILLED,ARS,11880.0,2494.8,0.0,14374.8
1197,248,675,2,3,3,3128,CANCELLED,ARS,78000.0,16380.0,0.0,94380.0
1198,437,775,2,2,2,242,FULFILLED,ARS,31752.0,6667.92,0.0,38419.92
1199,404,1224,1,,2673,372,REFUNDED,ARS,13500.0,2835.0,1200.0,17535.0
1200,346,822,1,,1421,,FULFILLED,ARS,29400.0,6174.0,1200.0,36774.0
1201,122,839,1,,2634,,REFUNDED,ARS,15000.0,3150.0,1200.0,19350.0
1202,30,353,1,,1668,425,CREATED,ARS,22800.0,4788.0,0.0,27588.0
1203,576,779,2,4,4,2093,FULFILLED,ARS,42750.0,8977.5,0.0,51727.5
1204,308,1317,2,1,1,1186,PAID,ARS,39600.0,8316.0,0.0,47916.0
1205,365,1247,1,,2010,821,REFUNDED,ARS,31752.0,6667.92,1200.0,39619.92
1206,598,1315,1,,591,,FULFILLED,ARS,21600.0,4536.0,1200.0,27336.0
1207,341,820,2,3,3,1966,CANCELLED,ARS,21600.0,4536.0,0.0,26136.0
1208,210,633,1,,254,2343,FULFILLED,ARS,46260.0,9714.6,900.0,56874.6
1209,28,187,1,,2675,2609,PAID,ARS,35280.0,7408.8,1500.0,44188.8
1210,323,1443,1,,1128,789,PAID,ARS,14250.0,2992.5,1200.0,18442.5
1211,535,1225,1,,2762,2979,FULFILLED,ARS,23940.0,5027.4,1500.0,30467.4
1212,541,1092,2,1,1,2350,REFUNDED,ARS,47025.0,9875.25,0.0,56900.25
1213,77,193,2,4,4,3137,FULFILLED,ARS,53190.0,11169.9,0.0,64359.9
1214,55,184,1,,2098,559,FULFILLED,ARS,26700.0,5607.0,1200.0,33507.0
1215,103,1356,1,,805,2436,FULFILLED,ARS,15000.0,3150.0,0.0,18150.0
1216,637,167,2,3,3,1350,FULFILLED,ARS,11340.0,2381.4,0.0,13721.4
1217,186,215,1,,3150,,FULFILLED,ARS,40500.0,8505.0,900.0,49905.0
1218,507,416,2,1,1,262,FULFILLED,ARS,37044.0,7779.24,0.0,44823.24
1219,263,1312,1,,3131,72,FULFILLED,ARS,39690.0,8334.9,900.0,48924.9
1220,279,352,2,2,2,2038,FULFILLED,ARS,12000.0,2520.0,0.0,14520.0
1221,484,700,1,,1684,2922,PAID,ARS,26460.0,5556.6,900.0,32916.6
1222,414,608,1,,2207,1136,CANCELLED,ARS,15750.0,3307.5,1200.0,20257.5
1223,458,529,1,,3048,,FULFILLED,ARS,44100.0,9261.0,0.0,53361.0
1224,422,980,2,1,1,2654,FULFILLED,ARS,52350.0,10993.5,0.0,63343.5
1225,329,825,1,,828,2131,FULFILLED,ARS,56520.0,11869.2,900.0,69289.2
1226,58,470,2,2,2,3200,FULFILLED,ARS,66780.0,14023.8,0.0,80803.8
1227,330,590,1,,2100,1772,FULFILLED,ARS,44550.0,9355.5,1500.0,55405.5
1228,85,449,1,,2429,2414,CANCELLED,ARS,14250.0,2992.5,1200.0,18442.5
1229,87,814,1,,1873,2702,FULFILLED,ARS,35910.0,7541.1,1200.0,44651.1
1230,105,638,2,4,4,1052,FULFILLED,ARS,35280.0,7408.8,0.0,42688.8
1231,88,747,1,,183,245,FULFILLED,ARS,34020.0,7144.2,1500.0,42664.2
1232,611,932,2,3,3,1432,PAID,ARS,35280.0,7408.8,0.0,42688.8
1233,611,541,1,,2798,310,PAID,ARS,48900.0,10269.0,1200.0,60369.0
1234,383,517,1,,608,1578,PAID,ARS,16170.0,3395.7,1500.0,21065.7
1235,258,1119,1,,86,2281,FULFILLED,ARS,10800.0,2268.0,900.0,13968.0
1236,440,549,1,,1341,1756,FULFILLED,ARS,25080.0,5266.8,900.0,31246.8
1237,277,774,2,2,2,686,CANCELLED,ARS,15675.0,3291.75,0.0,18966.75
1238,528,1293,1,,2748,451,FULFILLED,ARS,35910.0,7541.1,1200.0,44651.1
1239,508,1301,1,,3015,1048,REFUNDED,ARS,36450.0,7654.5,1200.0,45304.5
1240,609,460,2,4,4,1554,FULFILLED,ARS,23520.0,4939.2,0.0,28459.2
1241,78,658,1,,402,307,FULFILLED,ARS,30000.0,6300.0,900.0,37200.0
1242,361,1370,2,3,3,1750,CANCELLED,ARS,34020.0,7144.2,0.0,41164.2
1243,68,299,1,,2632,,CANCELLED,ARS,40740.0,8555.4,900.0,50195.4
1244,414,122,1,,2691,36,FULFILLED,ARS,26340.0,5531.4,1500.0,33371.4
1245,158,1413,2,4,4,2652,FULFILLED,ARS,68490.0,14382.9,0.0,82872.9
1246,524,235,2,3,3,2611,FULFILLED,ARS,55440.0,11642.4,0.0,67082.4
1247,173,880,1,,2213,1456,FULFILLED,ARS,35280.0,7408.8,1200.0,43888.8
1248,180,1116,1,,404,,FULFILLED,ARS,31500.0,6615.0,1200.0,39315.0
1249,287,920,1,,664,1269,FULFILLED,ARS,120078.0,25216.38,1200.0,146494.38
1250,429,934,1,,1724,252,REFUNDED,ARS,14250.0,2992.5,1200.0,18442.5
1251,27,184,1,,1983,,FULFILLED,ARS,14700.0,3087.0,1200.0,18987.0
1252,329,1401,1,,770,2563,FULFILLED,ARS,11760.0,2469.6,0.0,14229.6
1253,513,1257,1,,593,808,FULFILLED,ARS,11760.0,2469.6,900.0,15129.6
1254,269,1360,1,,2745,2728,FULFILLED,ARS,11400.0,2394.0,900.0,14694.0
1255,94,63,1,,1156,1101,FULFILLED,ARS,46305.0,9724.05,900.0,56929.05
1256,561,767,1,,996,,FULFILLED,ARS,64980.0,13645.8,1200.0,79825.8
1257,380,677,1,,2278,404,FULFILLED,ARS,10800.0,2268.0,1500.0,14568.0
1258,159,446,1,,251,743,PAID,ARS,24360.0,5115.6,0.0,29475.6
1259,191,15,1,,1016,,FULFILLED,ARS,24000.0,5040.0,0.0,29040.0
1260,183,1207,1,,1827,1258,FULFILLED,ARS,34200.0,7182.0,1200.0,42582.0
1261,286,721,2,1,1,2428,FULFILLED,ARS,23940.0,5027.4,0.0,28967.4
1262,106,142,1,,2538,1786,FULFILLED,ARS,11760.0,2469.6,900.0,15129.6
1263,207,570,1,,2768,585,FULFILLED,ARS,21600.0,4536.0,1500.0,27636.0
1264,49,1111,2,1,1,1222,CANCELLED,ARS,56400.0,11844.0,0.0,68244.0
1265,113,1226,1,,705,,PAID,ARS,14962.5,3142.12,1200.0,19304.62
1266,633,165,1,,2244,2621,FULFILLED,ARS,36000.0,7560.0,1200.0,44760.0
1267,554,60,2,2,2,130,CANCELLED,ARS,29400.0,6174.0,0.0,35574.0
1268,192,293,1,,1906,3136,FULFILLED,ARS,45780.0,9613.8,0.0,55393.8
1269,423,385,1,,746,1693,FULFILLED,ARS,11760.0,2469.6,0.0,14229.6
1270,28,748,1,,1509,2478,FULFILLED,ARS,10584.0,2222.64,1500.0,14306.64
1271,310,559,1,,1809,2760,CREATED,ARS,30870.0,6482.7,1200.0,38552.7
1272,60,151,2,4,4,2037,CANCELLED,ARS,13500.0,2835.0,0.0,16335.0
1273,92,189,1,,2899,3009,FULFILLED,ARS,34020.0,7144.2,900.0,42064.2
1274,24,1438,1,,1455,2612,FULFILLED,ARS,15000.0,3150.0,900.0,19050.0
1275,160,503,1,,348,1853,CREATED,ARS,42000.0,8820.0,1500.0,52320.0
1276,513,889,1,,2357,1714,FULFILLED,ARS,25800.0,5418.0,0.0,31218.0
1277,531,430,2,2,2,2955,FULFILLED,ARS,47472.0,9969.12,0.0,57441.12
1278,316,998,1,,1197,2955,FULFILLED,ARS,42750.0,8977.5,1500.0,53227.5
1279,560,612,1,,809,2343,CANCELLED,ARS,21120.0,4435.2,1200.0,26755.2
1280,421,658,1,,732,2645,REFUNDED,ARS,51300.0,10773.0,900.0,62973.0
1281,452,44,1,,2973,1266,FULFILLED,ARS,35640.0,7484.4,1200.0,44324.4
1282,39,892,1,,2925,618,FULFILLED,ARS,62532.0,13131.72,900.0,76563.72
1283,106,1360,1,,339,1248,FULFILLED,ARS,38475.0,8079.75,1200.0,47754.75
1284,73,252,1,,2850,1195,FULFILLED,ARS,15000.0,3150.0,1200.0,19350.0
1285,624,197,2,1,1,460,PAID,ARS,129600.0,27216.0,0.0,156816.0
1286,135,342,2,2,2,1784,FULFILLED,ARS,13500.0,2835.0,0.0,16335.0
1287,60,925,2,1,1,1130,REFUNDED,ARS,36000.0,7560.0,0.0,43560.0
1288,480,779,1,,3121,1753,PAID,ARS,45000.0,9450.0,1200.0,55650.0
1289,35,285,1,,2080,3117,PAID,ARS,13200.0,2772.0,1500.0,17472.0
1290,325,1121,1,,1476,160,CANCELLED,ARS,42750.0,8977.5,1200.0,52927.5
1291,637,916,1,,992,2540,FULFILLED,ARS,30000.0,6300.0,0.0,36300.0
1292,86,818,2,2,2,1217,PAID,ARS,27000.0,5670.0,0.0,32670.0
1293,333,826,1,,836,972,FULFILLED,ARS,25200.0,5292.0,900.0,31392.0
1294,355,1082,1,,2877,517,FULFILLED,ARS,23520.0,4939.2,900.0,29359.2
1295,79,999,1,,336,740,FULFILLED,ARS,10584.0,2222.64,0.0,12806.64
1296,137,488,1,,867,38,FULFILLED,ARS,12348.0,2593.08,1500.0,16441.08
1297,53,1155,1,,1250,3139,REFUNDED,ARS,35280.0,7408.8,900.0,43588.8
1298,228,1092,2,2,2,2514,FULFILLED,ARS,12000.0,2520.0,0.0,14520.0
1299,154,221,1,,1463,1221,CANCELLED,ARS,42240.0,8870.4,0.0,51110.4
1300,138,865,1,,639,3073,CANCELLED,ARS,35280.0,7408.8,1200.0,43888.8
1301,466,715,2,1,1,2178,FULFILLED,ARS,14250.0,2992.5,0.0,17242.5
1302,168,180,1,,601,1900,PAID,ARS,19440.0,4082.4,1500.0,25022.4
1303,428,650,2,4,4,2872,FULFILLED,ARS,35640.0,7484.4,0.0,43124.4
1304,83,208,1,,149,2913,FULFILLED,ARS,44100.0,9261.0,900.0,54261.0
1305,52,1406,2,3,3,257,FULFILLED,ARS,63036.0,13237.56,0.0,76273.56
1306,287,353,1,,1922,3184,FULFILLED,ARS,16500.0,3465.0,0.0,19965.0
1307,280,1263,1,,505,796,CANCELLED,ARS,10800.0,2268.0,0.0,13068.0
1308,255,1094,2,2,2,,CREATED,ARS,9720.0,2041.2,0.0,11761.2
1309,201,318,2,4,4,1304,PAID,ARS,25650.0,5386.5,0.0,31036.5
1310,121,1257,1,,1990,854,FULFILLED,ARS,60075.0,12615.75,1500.0,74190.75
1311,144,551,2,3,3,742,CANCELLED,ARS,28500.0,5985.0,0.0,34485.0
1312,72,918,1,,1837,2728,PAID,ARS,58644.0,12315.24,900.0,71859.24
1313,89,800,2,2,2,1117,FULFILLED,ARS,10800.0,2268.0,0.0,13068.0
1314,193,1152,1,,2073,,FULFILLED,ARS,44100.0,9261.0,1500.0,54861.0
1315,243,1471,1,,1941,1715,FULFILLED,ARS,28500.0,5985.0,1500.0,35985.0
1316,618,696,1,,2076,2001,PAID,ARS,27000.0,5670.0,900.0,33570.0
1317,188,945,2,1,1,1885,FULFILLED,ARS,29400.0,6174.0,0.0,35574.0
1318,407,214,1,,1015,1122,CANCELLED,ARS,39960.0,8391.6,1200.0,49551.6
1319,293,465,1,,575,2404,CREATED,ARS,24000.0,5040.0,1200.0,30240.0
1320,77,998,1,,3046,,FULFILLED,ARS,58020.0,12184.2,1500.0,71704.2
1321,222,144,1,,198,1728,FULFILLED,ARS,15000.0,3150.0,1500.0,19650.0
1322,364,683,1,,20,,FULFILLED,ARS,42750.0,8977.5,900.0,52627.5
1323,466,937,1,,384,1216,FULFILLED,ARS,60408.0,12685.68,1200.0,74293.68
1324,177,500,1,,2087,44,FULFILLED,ARS,28500.0,5985.0,1200.0,35685.0
1325,101,237,2,4,4,84,FULFILLED,ARS,75780.0,15913.8,0.0,91693.8
1326,227,1371,1,,867,1971,FULFILLED,ARS,27000.0,5670.0,900.0,33570.0
1327,462,479,1,,3151,1443,FULFILLED,ARS,50274.0,10557.54,1200.0,62031.54
1328,495,786,2,2,2,130,CREATED,ARS,11400.0,2394.0,0.0,13794.0
1329,170,1148,2,1,1,839,FULFILLED,ARS,47700.0,10017.0,0.0,57717.0
1330,317,756,2,3,3,964,REFUNDED,ARS,34200.0,7182.0,0.0,41382.0
1331,636,1266,2,2,2,3123,FULFILLED,ARS,10800.0,2268.0,0.0,13068.0
1332,235,276,2,3,3,,FULFILLED,ARS,28500.0,5985.0,0.0,34485.0
1333,563,174,2,2,2,153,FULFILLED,ARS,54390.0,11421.9,0.0,65811.9
1334,624,9,2,2,2,1089,FULFILLED,ARS,45000.0,9450.0,0.0,54450.0
1335,179,326,1,,1585,2861,FULFILLED,ARS,9720.0,2041.2,900.0,12661.2
1336,514,1213,2,2,2,1056,FULFILLED,ARS,21168.0,4445.28,0.0,25613.28
1337,621,550,2,4,4,1214,FULFILLED,ARS,24696.0,5186.16,0.0,29882.16
1338,398,837,2,2,2,2361,FULFILLED,ARS,24000.0,5040.0,0.0,29040.0
1339,3,1303,2,1,1,1855,FULFILLED,ARS,38760.0,8139.6,0.0,46899.6
1340,518,327,1,,2109,1318,FULFILLED,ARS,44550.0,9355.5,900.0,54805.5
1341,464,1206,2,1,1,989,CREATED,ARS,12000.0,2520.0,0.0,14520.0
1342,24,942,1,,74,920,PAID,ARS,32400.0,6804.0,1200.0,40404.0
1343,526,379,2,2,2,1310,FULFILLED,ARS,86850.0,18238.5,0.0,105088.5
1344,420,186,1,,2778,2370,FULFILLED,ARS,12000.0,2520.0,900.0,15420.0
1345,523,1264,1,,1252,2655,FULFILLED,ARS,35280.0,7408.8,900.0,43588.8
1346,502,1327,2,1,1,2686,FULFILLED,ARS,13200.0,2772.0,0.0,15972.0
1347,413,498,1,,1862,1694,FULFILLED,ARS,11400.0,2394.0,1200.0,14994.0
1348,314,1439,1,,2315,1789,FULFILLED,ARS,12600.0,2646.0,1200.0,16446.0
1349,501,545,2,2,2,1409,FULFILLED,ARS,41175.0,8646.75,0.0,49821.75
1350,499,833,1,,1408,425,PAID,ARS,32400.0,6804.0,1200.0,40404.0
1351,238,646,1,,1627,2986,PAID,ARS,13500.0,2835.0,1200.0,17535.0
1352,212,732,1,,783,138,FULFILLED,ARS,21600.0,4536.0,1500.0,27636.0
1353,181,213,1,,1845,1844,FULFILLED,ARS,54300.0,11403.0,0.0,65703.0
1354,370,1365,2,3,3,2998,FULFILLED,ARS,35280.0,7408.8,0.0,42688.8
1355,309,545,2,1,1,3047,FULFILLED,ARS,31752.0,6667.92,0.0,38419.92
1356,380,821,2,3,3,2641,CANCELLED,ARS,10800.0,2268.0,0.0,13068.0
1357,482,641,2,1,1,1661,FULFILLED,ARS,31500.0,6615.0,0.0,38115.0
1358,417,468,1,,466,3,FULFILLED,ARS,58800.0,12348.0,0.0,71148.0
1359,353,609,2,2,2,1684,PAID,ARS,79269.0,16646.49,0.0,95915.49
1360,584,880,1,,1838,181,CANCELLED,ARS,36000.0,7560.0,900.0,44460.0
1361,604,237,1,,1237,1644,CREATED,ARS,22800.0,4788.0,900.0,28488.0
1362,339,506,1,,3017,,FULFILLED,ARS,32400.0,6804.0,1500.0,40704.0
1363,228,716,1,,134,,CREATED,ARS,12000.0,2520.0,1200.0,15720.0
1364,588,1141,1,,26,2076,FULFILLED,ARS,31752.0,6667.92,1200.0,39619.92
1365,461,1492,1,,1176,289,FULFILLED,ARS,37800.0,7938.0,900.0,46638.0
1366,498,1465,1,,3102,378,CANCELLED,ARS,38475.0,8079.75,900.0,47454.75
1367,335,1133,1,,1774,2359,FULFILLED,ARS,40584.0,8522.64,900.0,50006.64
1368,559,1120,1,,3095,1930,REFUNDED,ARS,32400.0,6804.0,1200.0,40404.0
1369,17,692,1,,639,1950,FULFILLED,ARS,47250.0,9922.5,1500.0,58672.5
1370,426,1176,1,,630,,FULFILLED,ARS,34200.0,7182.0,0.0,41382.0
1371,476,188,1,,3012,,FULFILLED,ARS,32400.0,6804.0,900.0,40104.0
1372,465,700,1,,2819,2075,FULFILLED,ARS,30780.0,6463.8,1200.0,38443.8
1373,457,194,2,2,2,2110,FULFILLED,ARS,13500.0,2835.0,0.0,16335.0
1374,363,1054,1,,2363,2619,REFUNDED,ARS,26340.0,5531.4,900.0,32771.4
1375,405,993,2,1,1,,CANCELLED,ARS,46260.0,9714.6,0.0,55974.6
1376,446,337,1,,1493,614,FULFILLED,ARS,56880.0,11944.8,1500.0,70324.8
1377,218,218,2,2,2,1406,FULFILLED,ARS,10260.0,2154.6,0.0,12414.6
1378,73,1456,1,,3134,2237,FULFILLED,ARS,35280.0,7408.8,0.0,42688.8
1379,271,259,2,1,1,,FULFILLED,ARS,27000.0,5670.0,0.0,32670.0
1380,190,279,2,4,4,2523,FULFILLED,ARS,21384.0,4490.64,0.0,25874.64
1381,501,132,1,,2981,785,FULFILLED,ARS,15675.0,3291.75,900.0,19866.75
1382,50,1250,2,2,2,1400,FULFILLED,ARS,40500.0,8505.0,0.0,49005.0
1383,537,1354,2,1,1,1829,FULFILLED,ARS,98550.0,20695.5,0.0,119245.5
1384,597,1447,1,,313,2423,REFUNDED,ARS,11340.0,2381.4,0.0,13721.4
1385,280,995,2,2,2,583,PAID,ARS,46560.0,9777.6,0.0,56337.6
1386,296,755,1,,719,1931,FULFILLED,ARS,12000.0,2520.0,1200.0,15720.0
1387,213,964,1,,2943,94,FULFILLED,ARS,15000.0,3150.0,1200.0,19350.0
1388,206,147,1,,2771,,FULFILLED,ARS,11400.0,2394.0,1200.0,14994.0
1389,411,1340,2,1,1,1871,FULFILLED,ARS,45252.0,9502.92,0.0,54754.92
1390,486,544,1,,1615,330,PAID,ARS,11400.0,2394.0,0.0,13794.0
1391,544,667,1,,2602,746,PAID,ARS,32400.0,6804.0,900.0,40104.0
1392,260,1200,2,4,4,,CANCELLED,ARS,36000.0,7560.0,0.0,43560.0
1393,164,1251,1,,1332,1588,FULFILLED,ARS,19440.0,4082.4,1200.0,24722.4
1394,239,1187,1,,1951,2293,FULFILLED,ARS,25260.0,5304.6,0.0,30564.6
1395,24,1158,2,3,3,280,REFUNDED,ARS,35280.0,7408.8,0.0,42688.8
1396,277,250,1,,3048,3141,FULFILLED,ARS,44887.5,9426.38,900.0,55213.88
1397,357,618,1,,2635,1233,FULFILLED,ARS,12936.0,2716.56,1200.0,16852.56
1398,560,1319,2,3,3,2417,FULFILLED,ARS,15750.0,3307.5,0.0,19057.5
1399,313,5,2,2,2,1007,FULFILLED,ARS,42525.0,8930.25,0.0,51455.25
1400,397,1390,1,,1814,2855,REFUNDED,ARS,58725.0,12332.25,0.0,71057.25
1401,367,761,1,,2331,2592,FULFILLED,ARS,38475.0,8079.75,1500.0,48054.75
1402,334,16,2,4,4,,PAID,ARS,49260.0,10344.6,0.0,59604.6
1403,209,261,1,,749,89,FULFILLED,ARS,11760.0,2469.6,900.0,15129.6
1404,580,18,1,,616,1533,FULFILLED,ARS,80880.0,16984.8,900.0,98764.8
1405,559,1320,1,,2590,1011,FULFILLED,ARS,40500.0,8505.0,1200.0,50205.0
1406,100,1010,1,,1340,2611,FULFILLED,ARS,14700.0,3087.0,900.0,18687.0
1407,89,614,2,1,1,3142,FULFILLED,ARS,84780.0,17803.8,0.0,102583.8
1408,481,1264,1,,1974,1993,FULFILLED,ARS,10800.0,2268.0,0.0,13068.0
1409,238,1134,1,,930,1819,FULFILLED,ARS,25650.0,5386.5,900.0,31936.5
1410,406,385,1,,690,2909,FULFILLED,ARS,42936.0,9016.56,900.0,52852.56
1411,201,235,1,,1712,2038,FULFILLED,ARS,13500.0,2835.0,1500.0,17835.0
1412,311,1388,1,,69,16,FULFILLED,ARS,12348.0,2593.08,900.0,15841.08
1413,538,398,1,,2715,34,FULFILLED,ARS,35280.0,7408.8,1200.0,43888.8
1414,560,774,1,,2703,2010,FULFILLED,ARS,13200.0,2772.0,1500.0,17472.0
1415,521,833,1,,2930,1733,FULFILLED,ARS,14700.0,3087.0,1200.0,18987.0
1416,18,195,2,2,2,2698,FULFILLED,ARS,28500.0,5985.0,0.0,34485.0
1417,364,355,2,2,2,,FULFILLED,ARS,24000.0,5040.0,0.0,29040.0
1418,487,1095,2,2,2,2577,REFUNDED,ARS,11400.0,2394.0,0.0,13794.0
1419,189,1374,2,2,2,82,CANCELLED,ARS,109305.0,22954.05,0.0,132259.05
1420,393,1426,1,,676,,FULFILLED,ARS,30870.0,6482.7,900.0,38252.7
1421,193,1226,1,,304,3040,FULFILLED,ARS,11400.0,2394.0,1500.0,15294.0
1422,350,561,1,,2514,,PAID,ARS,47025.0,9875.25,1200.0,58100.25
1423,121,756,1,,2050,2847,REFUNDED,ARS,39300.0,8253.0,1500.0,49053.0
1424,119,418,2,1,1,2513,FULFILLED,ARS,12000.0,2520.0,0.0,14520.0
1425,132,1213,1,,835,1381,PAID,ARS,40500.0,8505.0,1500.0,50505.0
1426,324,600,2,3,3,2364,PAID,ARS,25080.0,5266.8,0.0,30346.8
1427,212,242,2,3,3,739,FULFILLED,ARS,50400.0,10584.0,0.0,60984.0
1428,276,341,2,1,1,2034,FULFILLED,ARS,36000.0,7560.0,0.0,43560.0
1429,549,325,2,1,1,3053,FULFILLED,ARS,63510.0,13337.1,0.0,76847.1
1430,39,104,1,,336,1602,FULFILLED,ARS,11760.0,2469.6,1200.0,15429.6
1431,280,1125,2,1,1,1871,FULFILLED,ARS,40500.0,8505.0,0.0,49005.0
1432,580,598,1,,2883,,REFUNDED,ARS,84120.0,17665.2,0.0,101785.2
1433,447,20,1,,1081,3130,FULFILLED,ARS,70425.0,14789.25,1200.0,86414.25
1434,566,656,1,,2400,2147,FULFILLED,ARS,36000.0,7560.0,0.0,43560.0
1435,637,319,2,3,3,2443,FULFILLED,ARS,50520.0,10609.2,0.0,61129.2
1436,59,922,2,3,3,690,PAID,ARS,83925.0,17624.25,0.0,101549.25
1437,94,868,2,1,1,2109,FULFILLED,ARS,22800.0,4788.0,0.0,27588.0
1438,152,31,2,1,1,3127,FULFILLED,ARS,9720.0,2041.2,0.0,11761.2
1439,8,890,2,4,4,525,FULFILLED,ARS,45000.0,9450.0,0.0,54450.0
1440,538,643,1,,2090,1310,FULFILLED,ARS,14700.0,3087.0,900.0,18687.0
1441,317,1110,1,,2188,665,PAID,ARS,13500.0,2835.0,900.0,17235.0
1442,261,1210,1,,2023,1094,FULFILLED,ARS,59850.0,12568.5,1200.0,73618.5
1443,193,1041,2,1,1,1248,CANCELLED,ARS,24000.0,5040.0,0.0,29040.0
1444,150,561,1,,412,2600,FULFILLED,ARS,59670.0,12530.7,0.0,72200.7
1445,369,812,1,,168,750,CANCELLED,ARS,11340.0,2381.4,1200.0,14921.4
1446,319,1219,2,3,3,3095,PAID,ARS,37620.0,7900.2,0.0,45520.2
1447,69,1246,2,3,3,2928,FULFILLED,ARS,36600.0,7686.0,0.0,44286.0
1448,340,116,1,,334,2356,CANCELLED,ARS,35910.0,7541.1,0.0,43451.1
1449,353,204,2,2,2,1630,FULFILLED,ARS,23520.0,4939.2,0.0,28459.2
1450,485,116,2,3,3,2438,FULFILLED,ARS,12600.0,2646.0,0.0,15246.0
1451,190,491,1,,3151,1420,FULFILLED,ARS,12600.0,2646.0,1500.0,16746.0
1452,601,1281,1,,1391,1012,FULFILLED,ARS,81144.0,17040.24,1200.0,99384.24
1453,484,384,2,2,2,1588,FULFILLED,ARS,83400.0,17514.0,0.0,100914.0
1454,580,595,2,3,3,2635,FULFILLED,ARS,11400.0,2394.0,0.0,13794.0
1455,421,185,1,,32,1616,FULFILLED,ARS,24420.0,5128.2,1200.0,30748.2
1456,566,1329,1,,2560,1914,FULFILLED,ARS,40500.0,8505.0,1200.0,50205.0
1457,20,458,2,4,4,1145,FULFILLED,ARS,53568.0,11249.28,0.0,64817.28
1458,82,711,1,,1015,845,PAID,ARS,10800.0,2268.0,1500.0,14568.0
1459,42,1169,1,,667,23,FULFILLED,ARS,45000.0,9450.0,900.0,55350.0
1460,164,1185,1,,1428,472,FULFILLED,ARS,54900.0,11529.0,900.0,67329.0
1461,121,1042,2,1,1,1539,CANCELLED,ARS,60750.0,12757.5,0.0,73507.5
1462,48,941,2,1,1,1277,FULFILLED,ARS,24696.0,5186.16,0.0,29882.16
1463,191,963,2,3,3,229,FULFILLED,ARS,63210.0,13274.1,0.0,76484.1
1464,404,642,1,,1058,3154,PAID,ARS,48720.0,10231.2,900.0,59851.2
1465,105,948,2,1,1,873,PAID,ARS,67596.0,14195.16,0.0,81791.16
1466,131,1356,1,,2266,2311,FULFILLED,ARS,30780.0,6463.8,1500.0,38743.8
1467,34,708,1,,2855,356,CANCELLED,ARS,30375.0,6378.75,1500.0,38253.75
1468,47,841,2,1,1,1931,FULFILLED,ARS,25650.0,5386.5,0.0,31036.5
1469,592,1325,2,2,2,2800,FULFILLED,ARS,26700.0,5607.0,0.0,32307.0
1470,4,703,1,,946,1020,FULFILLED,ARS,10800.0,2268.0,1200.0,14268.0
1471,273,748,1,,1489,161,FULFILLED,ARS,34020.0,7144.2,900.0,42064.2
1472,124,1219,2,4,4,,PAID,ARS,14700.0,3087.0,0.0,17787.0
1473,83,1358,2,1,1,769,FULFILLED,ARS,45225.0,9497.25,0.0,54722.25
1474,198,395,1,,3102,2463,FULFILLED,ARS,34800.0,7308.0,1200.0,43308.0
1475,333,536,1,,1602,,FULFILLED,ARS,55800.0,11718.0,1500.0,69018.0
1476,531,31,2,1,1,,FULFILLED,ARS,90000.0,18900.0,0.0,108900.0
1477,1,1414,1,,3051,1766,PAID,ARS,40500.0,8505.0,1500.0,50505.0
1478,82,963,1,,267,,FULFILLED,ARS,23520.0,4939.2,1200.0,29659.2
1479,582,780,1,,2735,2458,FULFILLED,ARS,33048.0,6940.08,1200.0,41188.08
1480,3,489,1,,2403,2316,CANCELLED,ARS,37800.0,7938.0,0.0,45738.0
1481,476,42,2,3,3,97,REFUNDED,ARS,37125.0,7796.25,0.0,44921.25
1482,102,228,2,1,1,2357,FULFILLED,ARS,56100.0,11781.0,0.0,67881.0
1483,410,670,1,,2491,1043,FULFILLED,ARS,24000.0,5040.0,0.0,29040.0
1484,204,652,2,2,2,2811,FULFILLED,ARS,39690.0,8334.9,0.0,48024.9
1485,258,308,2,1,1,,FULFILLED,ARS,65160.0,13683.6,0.0,78843.6
1486,363,1094,1,,943,2085,REFUNDED,ARS,68100.0,14301.0,0.0,82401.0
1487,191,76,2,3,3,804,FULFILLED,ARS,43200.0,9072.0,0.0,52272.0
1488,229,1435,1,,1156,95,REFUNDED,ARS,10800.0,2268.0,0.0,13068.0
1489,277,703,1,,1943,2743,PAID,ARS,12936.0,2716.56,1200.0,16852.56
1490,577,792,2,1,1,491,PAID,ARS,13200.0,2772.0,0.0,15972.0
1491,138,332,1,,3103,2284,FULFILLED,ARS,10260.0,2154.6,900.0,13314.6
1492,396,69,1,,2102,1391,FULFILLED,ARS,75396.0,15833.16,1200.0,92429.16
1493,183,311,2,4,4,413,FULFILLED,ARS,14250.0,2992.5,0.0,17242.5
1494,506,724,1,,1774,,FULFILLED,ARS,28350.0,5953.5,900.0,35203.5
1495,564,1238,1,,2746,339,FULFILLED,ARS,23940.0,5027.4,900.0,29867.4
1496,83,488,2,3,3,,PAID,ARS,46305.0,9724.05,0.0,56029.05
1497,311,1435,2,3,3,2939,FULFILLED,ARS,34200.0,7182.0,0.0,41382.0
1498,486,612,2,3,3,979,FULFILLED,ARS,13500.0,2835.0,0.0,16335.0
1499,53,1116,2,3,3,2196,PAID,ARS,33000.0,6930.0,0.0,39930.0
1500,235,1496,1,,1740,,PAID,ARS,29700.0,6237.0,1200.0,37137.0
1501,27,559,2,2,2,2428,FULFILLED,ARS,11970.0,2513.7,0.0,14483.7
1502,366,745,2,3,3,850,FULFILLED,ARS,83700.0,17577.0,0.0,101277.0
1503,345,790,1,,105,2312,FULFILLED,ARS,54870.0,11522.7,0.0,66392.7
1504,101,67,2,4,4,1105,FULFILLED,ARS,12000.0,2520.0,0.0,14520.0
1505,421,1029,1,,402,1247,FULFILLED,ARS,32400.0,6804.0,0.0,39204.0
1506,599,1360,2,1,1,80,FULFILLED,ARS,40500.0,8505.0,0.0,49005.0
1507,540,1366,1,,135,1652,PAID,ARS,24000.0,5040.0,1200.0,30240.0
1508,416,404,1,,2213,2336,CANCELLED,ARS,37044.0,7779.24,900.0,45723.24
1509,350,102,2,2,2,,FULFILLED,ARS,10800.0,2268.0,0.0,13068.0
1510,639,1386,1,,3034,1502,FULFILLED,ARS,29700.0,6237.0,1200.0,37137.0
1511,131,1026,1,,2197,1906,FULFILLED,ARS,75360.0,15825.6,1200.0,92385.6
1512,212,185,1,,3105,,REFUNDED,ARS,24300.0,5103.0,900.0,30303.0
1513,87,875,1,,465,803,FULFILLED,ARS,36000.0,7560.0,1200.0,44760.0
1514,518,1054,2,4,4,1976,CREATED,ARS,23100.0,4851.0,0.0,27951.0
1515,577,351,1,,1451,1002,FULFILLED,ARS,14250.0,2992.5,900.0,18142.5
1516,609,1162,1,,1432,1691,FULFILLED,ARS,36000.0,7560.0,1200.0,44760.0
1517,366,1237,1,,969,1895,PAID,ARS,45000.0,9450.0,1200.0,55650.0
1518,614,633,2,1,1,1653,FULFILLED,ARS,42525.0,8930.25,0.0,51455.25
1519,250,405,1,,481,2089,FULFILLED,ARS,40500.0,8505.0,1200.0,50205.0
1520,331,244,1,,2600,,FULFILLED,ARS,37200.0,7812.0,900.0,45912.0
1521,522,1048,2,1,1,2525,REFUNDED,ARS,37905.0,7960.05,0.0,45865.05
1522,158,324,2,1,1,1929,FULFILLED,ARS,46800.0,9828.0,0.0,56628.0
1523,325,179,1,,1164,982,FULFILLED,ARS,35910.0,7541.1,0.0,43451.1
1524,357,518,2,4,4,3026,FULFILLED,ARS,37770.0,7931.7,0.0,45701.7
1525,472,222,1,,2935,140,FULFILLED,ARS,29400.0,6174.0,0.0,35574.0
1526,436,1301,1,,773,2286,FULFILLED,ARS,14175.0,2976.75,900.0,18051.75
1527,186,884,1,,664,619,CREATED,ARS,21600.0,4536.0,1500.0,27636.0
1528,219,865,2,3,3,2863,CREATED,ARS,34200.0,7182.0,0.0,41382.0
1529,1,576,1,,118,736,FULFILLED,ARS,65550.0,13765.5,1200.0,80515.5
1530,245,642,2,1,1,2602,FULFILLED,ARS,11400.0,2394.0,0.0,13794.0
1531,393,1318,1,,2692,1634,CANCELLED,ARS,34020.0,7144.2,1500.0,42664.2
1532,463,1392,1,,1447,2702,FULFILLED,ARS,41040.0,8618.4,900.0,50558.4
1533,88,22,2,3,3,942,FULFILLED,ARS,29925.0,6284.25,0.0,36209.25
1534,505,1086,2,1,1,2131,FULFILLED,ARS,34200.0,7182.0,0.0,41382.0
1535,315,995,1,,2422,547,PAID,ARS,38871.0,8162.91,1200.0,48233.91
1536,317,1362,1,,1871,678,REFUNDED,ARS,69000.0,14490.0,0.0,83490.0
1537,101,1176,2,3,3,313,FULFILLED,ARS,14700.0,3087.0,0.0,17787.0
1538,239,991,2,3,3,268,FULFILLED,ARS,10800.0,2268.0,0.0,13068.0
1539,92,461,2,4,4,2910,CREATED,ARS,24900.0,5229.0,0.0,30129.0
1540,413,656,2,4,4,2714,FULFILLED,ARS,32340.0,6791.4,0.0,39131.4
1541,98,1327,1,,2590,2853,FULFILLED,ARS,54900.0,11529.0,900.0,67329.0
1542,151,974,2,3,3,61,FULFILLED,ARS,36000.0,7560.0,0.0,43560.0
1543,426,305,1,,171,1168,REFUNDED,ARS,42750.0,8977.5,900.0,52627.5
1544,549,858,1,,877,1449,REFUNDED,ARS,40500.0,8505.0,1200.0,50205.0
1545,533,1078,1,,1790,341,PAID,ARS,54750.0,11497.5,1200.0,67447.5
1546,163,1382,1,,2375,1505,FULFILLED,ARS,14250.0,2992.5,1200.0,18442.5
1547,9,739,2,3,3,2501,FULFILLED,ARS,21600.0,4536.0,0.0,26136.0
1548,532,878,1,,1397,2454,FULFILLED,ARS,37770.0,7931.7,1200.0,46901.7
1549,465,863,1,,2514,1026,FULFILLED,ARS,40500.0,8505.0,1500.0,50505.0
1550,82,504,2,3,3,876,FULFILLED,ARS,14250.0,2992.5,0.0,17242.5
1551,372,810,1,,802,493,CANCELLED,ARS,27000.0,5670.0,1200.0,33870.0
1552,398,1339,1,,88,2550,PAID,ARS,35280.0,7408.8,0.0,42688.8
1553,387,769,1,,1227,665,FULFILLED,ARS,36000.0,7560.0,900.0,44460.0
1554,233,952,1,,437,3038,FULFILLED,ARS,15750.0,3307.5,1500.0,20557.5
1555,138,389,1,,834,,REFUNDED,ARS,71400.0,14994.0,900.0,87294.0
1556,599,1039,1,,1461,707,FULFILLED,ARS,15750.0,3307.5,1200.0,20257.5
1557,184,91,1,,1545,2751,FULFILLED,ARS,32400.0,6804.0,900.0,40104.0
1558,173,1190,1,,292,2598,FULFILLED,ARS,35280.0,7408.8,1200.0,43888.8
1559,574,762,2,1,1,1518,PAID,ARS,47496.0,9974.16,0.0,57470.16
1560,84,520,2,1,1,2118,FULFILLED,ARS,66600.0,13986.0,0.0,80586.0
1561,472,604,2,2,2,670,FULFILLED,ARS,54300.0,11403.0,0.0,65703.0
1562,361,1133,1,,2426,1413,CANCELLED,ARS,44100.0,9261.0,1500.0,54861.0
1563,336,1401,1,,65,983,FULFILLED,ARS,52668.0,11060.28,900.0,64628.28
1564,136,298,2,1,1,,FULFILLED,ARS,24000.0,5040.0,0.0,29040.0
1565,423,1104,1,,1087,923,FULFILLED,ARS,13230.0,2778.3,1200.0,17208.3
1566,308,1309,1,,1913,,FULFILLED,ARS,22800.0,4788.0,1200.0,28788.0
1567,499,483,2,4,4,1160,FULFILLED,ARS,35280.0,7408.8,0.0,42688.8
1568,172,208,1,,2342,2835,PAID,ARS,10800.0,2268.0,0.0,13068.0
1569,619,1493,2,4,4,408,FULFILLED,ARS,35280.0,7408.8,0.0,42688.8
1570,141,746,1,,2683,1208,REFUNDED,ARS,12000.0,2520.0,1500.0,16020.0
1571,405,1263,1,,2101,2900,FULFILLED,ARS,27000.0,5670.0,1200.0,33870.0
1572,470,878,1,,2027,1253,PAID,ARS,37770.0,7931.7,1200.0,46901.7
1573,582,625,2,4,4,2315,PAID,ARS,14962.5,3142.12,0.0,18104.62
1574,473,1236,1,,789,508,FULFILLED,ARS,28425.0,5969.25,0.0,34394.25
1575,495,700,1,,2287,1183,CANCELLED,ARS,22800.0,4788.0,900.0,28488.0
1576,465,777,1,,677,334,FULFILLED,ARS,14962.5,3142.12,0.0,18104.62
1577,43,1341,1,,942,2622,FULFILLED,ARS,24000.0,5040.0,1200.0,30240.0
1578,295,1168,1,,3050,1193,PAID,ARS,20520.0,4309.2,1200.0,26029.2
1579,73,715,2,2,2,1545,FULFILLED,ARS,22800.0,4788.0,0.0,27588.0
1580,450,26,2,4,4,2977,FULFILLED,ARS,34200.0,7182.0,0.0,41382.0
1581,194,1469,1,,1185,1812,CANCELLED,ARS,66780.0,14023.8,1200.0,82003.8
1582,354,783,1,,1574,2539,FULFILLED,ARS,15000.0,3150.0,1200.0,19350.0
1583,248,1323,2,1,1,1308,FULFILLED,ARS,13230.0,2778.3,0.0,16008.3
1584,546,8,2,4,4,,FULFILLED,ARS,70200.0,14742.0,0.0,84942.0
1585,363,336,2,2,2,748,FULFILLED,ARS,75780.0,15913.8,0.0,91693.8
1586,151,386,1,,1240,2851,FULFILLED,ARS,45000.0,9450.0,1200.0,55650.0
1587,630,1375,2,4,4,716,FULFILLED,ARS,32400.0,6804.0,0.0,39204.0
1588,530,162,1,,2625,273,FULFILLED,ARS,35280.0,7408.8,0.0,42688.8
1589,64,1203,2,3,3,1531,FULFILLED,ARS,35280.0,7408.8,0.0,42688.8
1590,255,835,1,,1743,707,FULFILLED,ARS,35640.0,7484.4,1200.0,44324.4
1591,75,566,2,1,1,1495,FULFILLED,ARS,49140.0,10319.4,0.0,59459.4
1592,406,383,1,,1389,1606,FULFILLED,ARS,27000.0,5670.0,1200.0,33870.0
1593,164,746,1,,603,,PAID,ARS,31440.0,6602.4,1500.0,39542.4
1594,96,383,2,1,1,573,CREATED,ARS,22800.0,4788.0,0.0,27588.0
1595,633,1419,1,,2989,2663,PAID,ARS,69600.0,14616.0,1200.0,85416.0
1596,326,1037,2,3,3,678,REFUNDED,ARS,14250.0,2992.5,0.0,17242.5
1597,25,775,2,3,3,832,REFUNDED,ARS,10800.0,2268.0,0.0,13068.0
1598,432,1015,1,,1490,,CANCELLED,ARS,44887.5,9426.38,1200.0,55513.88
1599,525,1197,2,1,1,,CANCELLED,ARS,36300.0,7623.0,0.0,43923.0
1600,454,773,2,3,3,676,FULFILLED,ARS,66000.0,13860.0,0.0,79860.0
1601,556,413,1,,1088,1163,FULFILLED,ARS,32340.0,6791.4,900.0,40031.4
1602,604,681,1,,2009,3013,FULFILLED,ARS,54750.0,11497.5,1200.0,67447.5
1603,524,1425,2,4,4,3001,FULFILLED,ARS,12348.0,2593.08,0.0,14941.08
1604,590,394,1,,1803,1158,FULFILLED,ARS,42750.0,8977.5,1200.0,52927.5
1605,533,942,2,2,2,1767,PAID,ARS,68145.0,14310.45,0.0,82455.45
1606,521,1238,2,2,2,450,FULFILLED,ARS,70500.0,14805.0,0.0,85305.0
1607,439,1045,1,,168,2995,FULFILLED,ARS,32400.0,6804.0,900.0,40104.0
1608,505,594,2,4,4,1361,FULFILLED,ARS,70560.0,14817.6,0.0,85377.6
1609,504,58,1,,1138,1104,FULFILLED,ARS,14175.0,2976.75,1200.0,18351.75
1610,392,1008,2,4,4,776,FULFILLED,ARS,90720.0,19051.2,0.0,109771.2
1611,136,1028,2,3,3,884,FULFILLED,ARS,37632.0,7902.72,0.0,45534.72
1612,489,1024,2,4,4,2312,FULFILLED,ARS,36000.0,7560.0,0.0,43560.0
1613,349,426,1,,3148,2136,REFUNDED,ARS,25200.0,5292.0,1500.0,31992.0
1614,518,90,1,,1434,1766,FULFILLED,ARS,30870.0,6482.7,1200.0,38552.7
1615,621,728,1,,23,2604,PAID,ARS,38475.0,8079.75,0.0,46554.75
1616,94,294,1,,1904,2182,FULFILLED,ARS,42750.0,8977.5,900.0,52627.5
1617,443,200,1,,2590,566,FULFILLED,ARS,13230.0,2778.3,1200.0,17208.3
1618,62,676,2,2,2,448,FULFILLED,ARS,40500.0,8505.0,0.0,49005.0
1619,424,694,1,,2779,3106,FULFILLED,ARS,49500.0,10395.0,1200.0,61095.0
1620,476,800,2,4,4,310,CANCELLED,ARS,28350.0,5953.5,0.0,34303.5
1621,497,1418,1,,3079,1243,FULFILLED,ARS,10800.0,2268.0,1200.0,14268.0
1622,101,245,1,,2574,2528,FULFILLED,ARS,34020.0,7144.2,1200.0,42364.2
1623,504,441,1,,1272,1563,FULFILLED,ARS,32400.0,6804.0,1200.0,40404.0
1624,437,393,1,,1021,186,FULFILLED,ARS,83250.0,17482.5,1200.0,101932.5
1625,627,1428,1,,3186,1201,FULFILLED,ARS,42750.0,8977.5,1500.0,53227.5
1626,184,852,1,,864,1942,REFUNDED,ARS,44100.0,9261.0,0.0,53361.0
1627,38,379,1,,2267,47,FULFILLED,ARS,22800.0,4788.0,1500.0,29088.0
1628,262,653,1,,3155,2828,FULFILLED,ARS,23520.0,4939.2,1200.0,29659.2
1629,559,230,1,,1206,3050,FULFILLED,ARS,37800.0,7938.0,900.0,46638.0
1630,598,310,1,,1714,56,FULFILLED,ARS,36000.0,7560.0,1200.0,44760.0
1631,576,689,1,,1251,1954,CANCELLED,ARS,13500.0,2835.0,0.0,16335.0
1632,187,715,2,2,2,1547,FULFILLED,ARS,22800.0,4788.0,0.0,27588.0
1633,592,520,1,,1353,342,FULFILLED,ARS,41400.0,8694.0,1200.0,51294.0
1634,575,896,1,,89,971,FULFILLED,ARS,42750.0,8977.5,1500.0,53227.5
1635,561,703,1,,444,3080,FULFILLED,ARS,45000.0,9450.0,900.0,55350.0
1636,323,1365,2,3,3,1739,PAID,ARS,12600.0,2646.0,0.0,15246.0
1637,363,746,2,2,2,,REFUNDED,ARS,15000.0,3150.0,0.0,18150.0
1638,439,789,2,2,2,1178,FULFILLED,ARS,37620.0,7900.2,0.0,45520.2
1639,549,77,1,,61,2207,PAID,ARS,22800.0,4788.0,1200.0,28788.0
1640,164,953,1,,2731,1520,CREATED,ARS,67500.0,14175.0,1200.0,82875.0
1641,271,515,1,,2994,548,REFUNDED,ARS,12000.0,2520.0,900.0,15420.0
1642,240,1066,1,,272,2218,FULFILLED,ARS,24000.0,5040.0,1200.0,30240.0
1643,120,1081,1,,627,1087,FULFILLED,ARS,76260.0,16014.6,1500.0,93774.6
1644,305,1232,1,,3038,868,FULFILLED,ARS,35910.0,7541.1,900.0,44351.1
1645,196,585,2,4,4,2349,FULFILLED,ARS,28500.0,5985.0,0.0,34485.0
1646,451,624,2,1,1,2020,FULFILLED,ARS,33000.0,6930.0,0.0,39930.0
1647,77,931,2,1,1,2911,PAID,ARS,30000.0,6300.0,0.0,36300.0
1648,204,932,1,,48,859,PAID,ARS,29700.0,6237.0,1500.0,37437.0
1649,40,930,1,,2954,1166,FULFILLED,ARS,11400.0,2394.0,1200.0,14994.0
1650,436,1114,2,3,3,407,FULFILLED,ARS,11760.0,2469.6,0.0,14229.6
1651,12,746,1,,1384,2635,PAID,ARS,37620.0,7900.2,1200.0,46720.2
1652,596,1306,1,,283,2976,FULFILLED,ARS,22800.0,4788.0,0.0,27588.0
1653,9,741,1,,228,498,FULFILLED,ARS,21600.0,4536.0,1500.0,27636.0
1654,486,1305,2,4,4,2707,REFUNDED,ARS,39690.0,8334.9,0.0,48024.9
1655,434,435,1,,2630,1683,CANCELLED,ARS,34320.0,7207.2,900.0,42427.2
1656,364,217,2,2,2,,FULFILLED,ARS,29700.0,6237.0,0.0,35937.0
1657,513,944,2,3,3,2224,PAID,ARS,58200.0,12222.0,0.0,70422.0
1658,338,595,2,1,1,412,FULFILLED,ARS,23400.0,4914.0,0.0,28314.0
1659,9,156,2,2,2,2981,FULFILLED,ARS,21600.0,4536.0,0.0,26136.0
1660,533,1323,2,2,2,2183,FULFILLED,ARS,63000.0,13230.0,0.0,76230.0
1661,152,1345,1,,2182,261,CREATED,ARS,14700.0,3087.0,900.0,18687.0
1662,26,860,1,,2180,2629,FULFILLED,ARS,21600.0,4536.0,1500.0,27636.0
1663,205,136,2,1,1,5,FULFILLED,ARS,21600.0,4536.0,0.0,26136.0
1664,277,1460,2,1,1,405,REFUNDED,ARS,48600.0,10206.0,0.0,58806.0
1665,320,23,1,,2468,2925,FULFILLED,ARS,10800.0,2268.0,900.0,13968.0
1666,98,258,1,,728,1226,FULFILLED,ARS,11400.0,2394.0,1200.0,14994.0
1667,47,1343,2,4,4,1159,FULFILLED,ARS,43980.0,9235.8,0.0,53215.8
1668,103,311,1,,1646,40,FULFILLED,ARS,60420.0,12688.2,900.0,74008.2
1669,275,662,1,,500,1776,FULFILLED,ARS,10800.0,2268.0,1500.0,14568.0
1670,135,538,2,1,1,173,PAID,ARS,10800.0,2268.0,0.0,13068.0
1671,284,1212,1,,2204,2220,FULFILLED,ARS,12936.0,2716.56,0.0,15652.56
1672,428,282,2,1,1,197,CANCELLED,ARS,29400.0,6174.0,0.0,35574.0
1673,44,1248,1,,1055,3064,CREATED,ARS,40500.0,8505.0,900.0,49905.0
1674,310,294,2,3,3,,FULFILLED,ARS,25080.0,5266.8,0.0,30346.8
1675,86,1148,1,,980,825,PAID,ARS,45000.0,9450.0,900.0,55350.0
1676,436,475,1,,372,1422,FULFILLED,ARS,42750.0,8977.5,1200.0,52927.5
1677,608,1492,1,,2033,1614,PAID,ARS,40800.0,8568.0,900.0,50268.0
1678,319,1004,1,,2863,704,FULFILLED,ARS,36348.0,7633.08,900.0,44881.08
1679,507,427,1,,682,,FULFILLED,ARS,58350.0,12253.5,900.0,71503.5
1680,395,1490,1,,2382,26,FULFILLED,ARS,36450.0,7654.5,900.0,45004.5
1681,329,1403,1,,1818,,PAID,ARS,23940.0,5027.4,1200.0,30167.4
1682,103,142,1,,2176,3146,FULFILLED,ARS,24000.0,5040.0,900.0,29940.0
1683,564,890,2,3,3,,FULFILLED,ARS,35910.0,7541.1,0.0,43451.1
1684,353,1265,1,,2865,2925,FULFILLED,ARS,26400.0,5544.0,1200.0,33144.0
1685,63,612,1,,2296,2153,FULFILLED,ARS,46305.0,9724.05,1200.0,57229.05
1686,8,166,1,,2835,2332,CANCELLED,ARS,12825.0,2693.25,0.0,15518.25
1687,153,330,2,2,2,2141,FULFILLED,ARS,63210.0,13274.1,0.0,76484.1
1688,176,1467,2,3,3,987,REFUNDED,ARS,16500.0,3465.0,0.0,19965.0
1689,406,899,1,,186,1987,FULFILLED,ARS,56448.0,11854.08,1200.0,69502.08
1690,258,728,1,,1573,1922,PAID,ARS,23520.0,4939.2,1500.0,29959.2
1691,147,1097,2,3,3,1262,PAID,ARS,53940.0,11327.4,0.0,65267.4
1692,423,1003,1,,67,1493,PAID,ARS,14175.0,2976.75,1500.0,18651.75
1693,197,1147,2,3,3,2541,FULFILLED,ARS,12600.0,2646.0,0.0,15246.0
1694,249,747,2,4,4,85,FULFILLED,ARS,102165.0,21454.65,0.0,123619.65
1695,375,956,2,4,4,1785,REFUNDED,ARS,14962.5,3142.12,0.0,18104.62
1696,29,379,2,4,4,2297,FULFILLED,ARS,28350.0,5953.5,0.0,34303.5
1697,349,115,1,,2751,3058,FULFILLED,ARS,30870.0,6482.7,1500.0,38852.7
1698,438,293,1,,2587,1450,PAID,ARS,30870.0,6482.7,1200.0,38552.7
1699,457,1002,2,2,2,1190,FULFILLED,ARS,109860.0,23070.6,0.0,132930.6
1700,589,1015,2,1,1,1208,FULFILLED,ARS,31350.0,6583.5,0.0,37933.5
1701,390,126,1,,2182,,PAID,ARS,54750.0,11497.5,900.0,67147.5
1702,231,946,1,,1853,595,FULFILLED,ARS,11400.0,2394.0,1500.0,15294.0
1703,576,1005,1,,1275,2314,FULFILLED,ARS,13500.0,2835.0,0.0,16335.0
1704,307,1018,1,,3188,74,FULFILLED,ARS,21600.0,4536.0,900.0,27036.0
1705,175,333,2,4,4,352,REFUNDED,ARS,23520.0,4939.2,0.0,28459.2
1706,409,77,2,3,3,1573,REFUNDED,ARS,16170.0,3395.7,0.0,19565.7
1707,458,493,1,,272,1814,FULFILLED,ARS,46305.0,9724.05,0.0,56029.05
1708,228,793,2,4,4,,PAID,ARS,70545.0,14814.45,0.0,85359.45
1709,233,864,2,3,3,,FULFILLED,ARS,11400.0,2394.0,0.0,13794.0
1710,176,982,2,3,3,2663,FULFILLED,ARS,40500.0,8505.0,0.0,49005.0
1711,280,146,1,,1034,1700,FULFILLED,ARS,36000.0,7560.0,900.0,44460.0
1712,173,10,2,4,4,2204,PAID,ARS,58200.0,12222.0,0.0,70422.0
1713,281,174,1,,2817,1879,PAID,ARS,25080.0,5266.8,1200.0,31546.8
1714,613,210,1,,3055,3019,FULFILLED,ARS,29400.0,6174.0,1200.0,36774.0
1715,529,1326,2,3,3,891,CANCELLED,ARS,11760.0,2469.6,0.0,14229.6
1716,377,1032,2,3,3,997,FULFILLED,ARS,59160.0,12423.6,0.0,71583.6
1717,342,708,1,,2103,794,FULFILLED,ARS,32400.0,6804.0,900.0,40104.0
1718,260,956,1,,1478,825,FULFILLED,ARS,12000.0,2520.0,900.0,15420.0
1719,65,1468,1,,2103,1988,PAID,ARS,70200.0,14742.0,1500.0,86442.0
1720,277,182,1,,280,3055,FULFILLED,ARS,35280.0,7408.8,0.0,42688.8
1721,282,295,2,2,2,1930,CANCELLED,ARS,44250.0,9292.5,0.0,53542.5
1722,493,1388,2,4,4,1695,FULFILLED,ARS,55350.0,11623.5,0.0,66973.5
1723,578,282,1,,2129,2640,FULFILLED,ARS,22680.0,4762.8,0.0,27442.8
1724,590,1365,1,,2419,1646,FULFILLED,ARS,34200.0,7182.0,0.0,41382.0
1725,569,505,2,2,2,820,FULFILLED,ARS,25872.0,5433.12,0.0,31305.12
1726,473,774,1,,2413,616,PAID,ARS,46200.0,9702.0,1500.0,57402.0
1727,510,504,1,,80,2686,FULFILLED,ARS,23520.0,4939.2,900.0,29359.2
1728,104,748,1,,1555,,FULFILLED,ARS,34200.0,7182.0,1200.0,42582.0
1729,512,479,2,1,1,3199,CREATED,ARS,23520.0,4939.2,0.0,28459.2
1730,616,975,1,,2769,2828,FULFILLED,ARS,79980.0,16795.8,900.0,97675.8
1731,548,156,1,,96,2220,FULFILLED,ARS,11760.0,2469.6,1200.0,15429.6
1732,560,380,2,4,4,,FULFILLED,ARS,28500.0,5985.0,0.0,34485.0
1733,571,823,1,,2567,2941,FULFILLED,ARS,11760.0,2469.6,1200.0,15429.6
1734,200,561,2,1,1,1220,FULFILLED,ARS,69300.0,14553.0,0.0,83853.0
1735,51,40,1,,3031,2572,FULFILLED,ARS,80808.0,16969.68,900.0,98677.68
1736,499,270,2,1,1,,FULFILLED,ARS,11970.0,2513.7,0.0,14483.7
1737,206,557,1,,209,,FULFILLED,ARS,12600.0,2646.0,1200.0,16446.0
1738,166,303,2,1,1,2483,FULFILLED,ARS,41310.0,8675.1,0.0,49985.1
1739,246,345,1,,2640,481,PAID,ARS,11760.0,2469.6,1200.0,15429.6
1740,110,676,2,2,2,2793,FULFILLED,ARS,25200.0,5292.0,0.0,30492.0
1741,344,1373,2,3,3,653,FULFILLED,ARS,29400.0,6174.0,0.0,35574.0
1742,117,564,2,3,3,2954,FULFILLED,ARS,42150.0,8851.5,0.0,51001.5
1743,145,182,2,3,3,94,FULFILLED,ARS,44100.0,9261.0,0.0,53361.0
1744,128,216,2,4,4,429,FULFILLED,ARS,45000.0,9450.0,0.0,54450.0
1745,598,752,1,,488,885,FULFILLED,ARS,35280.0,7408.8,1200.0,43888.8
1746,369,413,1,,2253,,FULFILLED,ARS,22770.0,4781.7,0.0,27551.7
1747,275,1384,1,,490,3034,PAID,ARS,22800.0,4788.0,900.0,28488.0
1748,13,478,2,4,4,1393,PAID,ARS,11760.0,2469.6,0.0,14229.6
1749,63,1049,1,,1712,598,PAID,ARS,60000.0,12600.0,1200.0,73800.0
1750,123,1271,1,,2938,1739,FULFILLED,ARS,32400.0,6804.0,900.0,40104.0
1751,220,471,2,1,1,1852,CANCELLED,ARS,100290.0,21060.9,0.0,121350.9
1752,415,650,2,4,4,,FULFILLED,ARS,21168.0,4445.28,0.0,25613.28
1753,210,685,2,4,4,169,FULFILLED,ARS,73500.0,15435.0,0.0,88935.0
1754,515,936,1,,195,1844,FULFILLED,ARS,22800.0,4788.0,1200.0,28788.0
1755,583,1189,1,,555,2320,FULFILLED,ARS,15000.0,3150.0,1200.0,19350.0
1756,277,1130,1,,2832,2341,FULFILLED,ARS,73800.0,15498.0,0.0,89298.0
1757,499,233,1,,470,,FULFILLED,ARS,19440.0,4082.4,1500.0,25022.4
1758,423,626,1,,835,622,FULFILLED,ARS,11340.0,2381.4,900.0,14621.4
1759,5,545,2,4,4,2645,PAID,ARS,62700.0,13167.0,0.0,75867.0
1760,186,147,2,4,4,,FULFILLED,ARS,36000.0,7560.0,0.0,43560.0
1761,354,946,1,,3181,2400,FULFILLED,ARS,23940.0,5027.4,900.0,29867.4
1762,550,267,2,1,1,,FULFILLED,ARS,26400.0,5544.0,0.0,31944.0
1763,336,1200,2,1,1,97,REFUNDED,ARS,24300.0,5103.0,0.0,29403.0
1764,634,106,2,2,2,2314,FULFILLED,ARS,70560.0,14817.6,0.0,85377.6
1765,400,656,1,,1567,2216,FULFILLED,ARS,36000.0,7560.0,1200.0,44760.0
1766,417,1324,2,4,4,974,FULFILLED,ARS,11760.0,2469.6,0.0,14229.6
1767,218,1133,2,2,2,820,FULFILLED,ARS,28500.0,5985.0,0.0,34485.0
1768,181,921,2,4,4,,FULFILLED,ARS,35910.0,7541.1,0.0,43451.1
1769,146,16,1,,2044,2350,FULFILLED,ARS,35280.0,7408.8,1500.0,44188.8
1770,231,1099,1,,3119,,FULFILLED,ARS,11400.0,2394.0,900.0,14694.0
1771,57,920,2,3,3,983,FULFILLED,ARS,40500.0,8505.0,0.0,49005.0
1772,268,503,1,,2634,,FULFILLED,ARS,30000.0,6300.0,900.0,37200.0
1773,531,1057,2,4,4,851,FULFILLED,ARS,15000.0,3150.0,0.0,18150.0
1774,537,1044,1,,214,2063,FULFILLED,ARS,29400.0,6174.0,1200.0,36774.0
1775,372,1012,1,,1589,1965,FULFILLED,ARS,28500.0,5985.0,900.0,35385.0
1776,511,163,2,1,1,1002,PAID,ARS,24000.0,5040.0,0.0,29040.0
1777,217,347,2,4,4,238,FULFILLED,ARS,28500.0,5985.0,0.0,34485.0
1778,637,634,1,,1339,912,PAID,ARS,26400.0,5544.0,0.0,31944.0
1779,128,1463,1,,238,1147,CANCELLED,ARS,71250.0,14962.5,1500.0,87712.5
1780,295,123,1,,1055,2739,FULFILLED,ARS,34800.0,7308.0,900.0,43008.0
1781,634,638,1,,830,2406,FULFILLED,ARS,59400.0,12474.0,1200.0,73074.0
1782,586,1230,1,,1786,2603,FULFILLED,ARS,12000.0,2520.0,1200.0,15720.0
1783,308,689,2,1,1,2951,FULFILLED,ARS,12000.0,2520.0,0.0,14520.0
1784,219,1069,1,,1402,319,FULFILLED,ARS,60900.0,12789.0,1200.0,74889.0
1785,118,1335,1,,2824,1418,FULFILLED,ARS,20520.0,4309.2,1200.0,26029.2
1786,326,1312,2,4,4,2228,CANCELLED,ARS,13230.0,2778.3,0.0,16008.3
1787,25,992,2,4,4,1244,REFUNDED,ARS,27000.0,5670.0,0.0,32670.0
1788,307,713,2,4,4,548,FULFILLED,ARS,41160.0,8643.6,0.0,49803.6
1789,564,1477,2,2,2,1752,FULFILLED,ARS,10800.0,2268.0,0.0,13068.0
1790,485,1333,1,,1686,,PAID,ARS,24000.0,5040.0,1200.0,30240.0
1791,380,980,1,,2506,,FULFILLED,ARS,59250.0,12442.5,1200.0,72892.5
1792,472,977,2,4,4,2954,FULFILLED,ARS,44100.0,9261.0,0.0,53361.0
1793,193,1254,1,,2620,500,FULFILLED,ARS,10260.0,2154.6,1500.0,13914.6
1794,204,1126,1,,1252,534,FULFILLED,ARS,63300.0,13293.0,1200.0,77793.0
1795,306,436,1,,2932,1637,FULFILLED,ARS,12000.0,2520.0,0.0,14520.0
1796,189,1117,1,,907,3131,FULFILLED,ARS,27000.0,5670.0,900.0,33570.0
1797,288,276,2,1,1,170,PAID,ARS,28500.0,5985.0,0.0,34485.0
1798,399,551,1,,2831,1164,FULFILLED,ARS,32400.0,6804.0,900.0,40104.0
1799,447,1479,2,1,1,2538,REFUNDED,ARS,32400.0,6804.0,0.0,39204.0
1800,13,274,2,2,2,2243,FULFILLED,ARS,13500.0,2835.0,0.0,16335.0
1801,181,361,2,3,3,285,FULFILLED,ARS,25200.0,5292.0,0.0,30492.0
1802,255,17,1,,1969,2086,PAID,ARS,32400.0,6804.0,900.0,40104.0
1803,35,713,1,,2164,102,PAID,ARS,32340.0,6791.4,0.0,39131.4
1804,582,1142,2,4,4,1481,CANCELLED,ARS,11400.0,2394.0,0.0,13794.0
1805,262,1094,1,,2589,4,FULFILLED,ARS,27000.0,5670.0,900.0,33570.0
1806,606,637,1,,2460,113,FULFILLED,ARS,13230.0,2778.3,900.0,16908.3
1807,287,1416,1,,48,,FULFILLED,ARS,36000.0,7560.0,1200.0,44760.0
1808,269,949,1,,2716,2519,FULFILLED,ARS,69480.0,14590.8,1500.0,85570.8
1809,60,1146,1,,2287,1708,CANCELLED,ARS,65940.0,13847.4,1200.0,80987.4
1810,72,1482,1,,279,2122,FULFILLED,ARS,12600.0,2646.0,1500.0,16746.0
1811,257,496,1,,1441,1992,FULFILLED,ARS,35280.0,7408.8,1500.0,44188.8
1812,583,991,1,,2385,2899,FULFILLED,ARS,47496.0,9974.16,900.0,58370.16
1813,205,915,2,2,2,1459,CREATED,ARS,32400.0,6804.0,0.0,39204.0
1814,454,970,2,3,3,2420,PAID,ARS,21600.0,4536.0,0.0,26136.0
1815,325,1166,2,3,3,,FULFILLED,ARS,14700.0,3087.0,0.0,17787.0
1816,338,1038,2,3,3,1733,FULFILLED,ARS,37584.0,7892.64,0.0,45476.64
1817,588,1103,2,4,4,1210,CANCELLED,ARS,58590.0,12303.9,0.0,70893.9
1818,287,1326,1,,3092,2405,CANCELLED,ARS,41040.0,8618.4,1200.0,50858.4
1819,373,1066,2,4,4,492,FULFILLED,ARS,29700.0,6237.0,0.0,35937.0
1820,154,1067,1,,2118,353,FULFILLED,ARS,34200.0,7182.0,1200.0,42582.0
1821,596,202,2,1,1,1059,CREATED,ARS,41460.0,8706.6,0.0,50166.6
1822,272,1456,1,,383,882,FULFILLED,ARS,27000.0,5670.0,1200.0,33870.0
1823,508,101,2,4,4,1853,PAID,ARS,15000.0,3150.0,0.0,18150.0
1824,206,312,2,1,1,738,FULFILLED,ARS,11400.0,2394.0,0.0,13794.0
1825,358,982,2,2,2,,CANCELLED,ARS,42525.0,8930.25,0.0,51455.25
1826,128,650,2,3,3,2105,FULFILLED,ARS,29400.0,6174.0,0.0,35574.0
1827,209,645,2,2,2,2289,FULFILLED,ARS,44100.0,9261.0,0.0,53361.0
1828,10,852,2,3,3,2978,FULFILLED,ARS,22680.0,4762.8,0.0,27442.8
1829,290,1291,1,,878,579,FULFILLED,ARS,30870.0,6482.7,900.0,38252.7
1830,433,916,1,,1108,,FULFILLED,ARS,10584.0,2222.64,900.0,13706.64
1831,327,680,1,,781,466,REFUNDED,ARS,11970.0,2513.7,0.0,14483.7
1832,227,1001,2,3,3,1446,FULFILLED,ARS,32400.0,6804.0,0.0,39204.0
1833,550,1301,2,3,3,1647,FULFILLED,ARS,36000.0,7560.0,0.0,43560.0
1834,611,1065,1,,3115,2237,FULFILLED,ARS,48870.0,10262.7,0.0,59132.7
1835,230,1045,1,,2822,1584,FULFILLED,ARS,56520.0,11869.2,1200.0,69589.2
1836,397,849,2,2,2,579,PAID,ARS,34200.0,7182.0,0.0,41382.0
1837,47,1307,2,1,1,1501,FULFILLED,ARS,35340.0,7421.4,0.0,42761.4
1838,533,731,1,,688,2558,PAID,ARS,10800.0,2268.0,900.0,13968.0
1839,212,221,1,,1679,3099,REFUNDED,ARS,28500.0,5985.0,900.0,35385.0
1840,19,1115,2,1,1,2987,FULFILLED,ARS,30000.0,6300.0,0.0,36300.0
1841,404,388,1,,1491,1985,PAID,ARS,12936.0,2716.56,1200.0,16852.56
1842,34,789,1,,1386,1951,FULFILLED,ARS,48000.0,10080.0,900.0,58980.0
1843,531,1390,1,,133,2985,CANCELLED,ARS,36000.0,7560.0,1200.0,44760.0
1844,75,93,2,1,1,3180,FULFILLED,ARS,96000.0,20160.0,0.0,116160.0
1845,163,452,1,,1041,2996,FULFILLED,ARS,42750.0,8977.5,900.0,52627.5
1846,379,103,1,,1122,874,PAID,ARS,41160.0,8643.6,1200.0,51003.6
1847,446,204,1,,934,2335,FULFILLED,ARS,23940.0,5027.4,1200.0,30167.4
1848,527,1126,1,,724,1360,FULFILLED,ARS,47250.0,9922.5,0.0,57172.5
1849,399,1496,2,4,4,3037,FULFILLED,ARS,28500.0,5985.0,0.0,34485.0
1850,353,1192,1,,2135,1545,FULFILLED,ARS,40500.0,8505.0,900.0,49905.0
1851,38,797,1,,2351,2338,CANCELLED,ARS,24000.0,5040.0,1200.0,30240.0
1852,154,391,2,4,4,3103,REFUNDED,ARS,37500.0,7875.0,0.0,45375.0
1853,274,1336,2,2,2,3076,REFUNDED,ARS,34740.0,7295.4,0.0,42035.4
1854,209,434,2,3,3,1137,FULFILLED,ARS,49500.0,10395.0,0.0,59895.0
1855,435,724,1,,128,,FULFILLED,ARS,11760.0,2469.6,900.0,15129.6
1856,521,1157,1,,1565,480,FULFILLED,ARS,57750.0,12127.5,0.0,69877.5
1857,209,450,2,2,2,301,FULFILLED,ARS,28500.0,5985.0,0.0,34485.0
1858,526,655,1,,1007,,PAID,ARS,30000.0,6300.0,1500.0,37800.0
1859,282,688,1,,1524,1275,FULFILLED,ARS,32400.0,6804.0,1200.0,40404.0
1860,267,274,2,2,2,1958,REFUNDED,ARS,30870.0,6482.7,0.0,37352.7
1861,362,815,1,,933,1726,FULFILLED,ARS,55500.0,11655.0,900.0,68055.0
1862,270,1202,2,1,1,1541,FULFILLED,ARS,28500.0,5985.0,0.0,34485.0
1863,127,208,1,,924,2742,FULFILLED,ARS,36000.0,7560.0,900.0,44460.0
1864,439,1119,1,,149,1268,FULFILLED,ARS,38475.0,8079.75,900.0,47454.75
1865,341,871,2,4,4,430,FULFILLED,ARS,22800.0,4788.0,0.0,27588.0
1866,401,1089,1,,1987,2984,PAID,ARS,35100.0,7371.0,900.0,43371.0
1867,244,1313,1,,3145,888,FULFILLED,ARS,34020.0,7144.2,1200.0,42364.2
1868,230,1169,2,1,1,2416,FULFILLED,ARS,35280.0,7408.8,0.0,42688.8
1869,380,497,2,1,1,330,REFUNDED,ARS,50400.0,10584.0,0.0,60984.0
1870,189,274,1,,2332,2811,FULFILLED,ARS,14962.5,3142.12,900.0,19004.62
1871,152,1391,1,,1596,2121,CANCELLED,ARS,42750.0,8977.5,1200.0,52927.5
1872,441,682,1,,886,2393,FULFILLED,ARS,30000.0,6300.0,1200.0,37500.0
1873,545,1063,2,2,2,44,FULFILLED,ARS,29400.0,6174.0,0.0,35574.0
1874,219,535,1,,2920,2714,FULFILLED,ARS,16170.0,3395.7,1200.0,20765.7
1875,465,1140,2,3,3,1148,FULFILLED,ARS,62910.0,13211.1,0.0,76121.1
1876,122,712,1,,318,1851,FULFILLED,ARS,10584.0,2222.64,1500.0,14306.64
1877,97,771,2,3,3,2960,FULFILLED,ARS,35280.0,7408.8,0.0,42688.8
1878,567,1234,2,3,3,3145,CANCELLED,ARS,67620.0,14200.2,0.0,81820.2
1879,557,193,1,,551,1165,FULFILLED,ARS,14250.0,2992.5,900.0,18142.5
1880,141,1481,2,3,3,3054,PAID,ARS,27000.0,5670.0,0.0,32670.0
1881,255,1420,1,,261,2038,FULFILLED,ARS,13230.0,2778.3,1200.0,17208.3
1882,306,866,1,,871,2063,FULFILLED,ARS,45600.0,9576.0,0.0,55176.0
1883,217,1360,1,,1388,1646,FULFILLED,ARS,24585.0,5162.85,1500.0,31247.85
1884,94,26,2,2,2,2084,PAID,ARS,30780.0,6463.8,0.0,37243.8
1885,315,890,2,1,1,260,FULFILLED,ARS,23520.0,4939.2,0.0,28459.2
1886,432,1466,2,2,2,1510,FULFILLED,ARS,31752.0,6667.92,0.0,38419.92
1887,22,1114,1,,2424,449,FULFILLED,ARS,24300.0,5103.0,900.0,30303.0
1888,65,952,2,2,2,,FULFILLED,ARS,25080.0,5266.8,0.0,30346.8
1889,308,235,1,,1733,2523,FULFILLED,ARS,14250.0,2992.5,1500.0,18742.5
1890,516,264,1,,1150,1657,CANCELLED,ARS,11760.0,2469.6,0.0,14229.6
1891,198,649,1,,1939,,CANCELLED,ARS,25200.0,5292.0,900.0,31392.0
1892,361,1220,1,,1474,1725,PAID,ARS,47025.0,9875.25,1200.0,58100.25
1893,260,868,1,,1664,1861,FULFILLED,ARS,9720.0,2041.2,900.0,12661.2
1894,498,298,1,,987,,FULFILLED,ARS,12000.0,2520.0,1200.0,15720.0
1895,399,447,1,,248,2748,PAID,ARS,22800.0,4788.0,1200.0,28788.0
1896,353,464,2,3,3,2478,FULFILLED,ARS,36000.0,7560.0,0.0,43560.0
1897,101,49,1,,2798,,FULFILLED,ARS,31752.0,6667.92,1200.0,39619.92
1898,209,454,1,,94,1466,FULFILLED,ARS,12000.0,2520.0,1500.0,16020.0
1899,563,1185,2,4,4,2140,FULFILLED,ARS,32400.0,6804.0,0.0,39204.0
1900,402,226,1,,2109,1091,FULFILLED,ARS,47025.0,9875.25,900.0,57800.25
1901,113,147,2,2,2,2376,FULFILLED,ARS,29400.0,6174.0,0.0,35574.0
1902,258,899,1,,294,1461,FULFILLED,ARS,29925.0,6284.25,0.0,36209.25
1903,529,1306,2,3,3,400,FULFILLED,ARS,19440.0,4082.4,0.0,23522.4
1904,151,768,2,1,1,1818,CREATED,ARS,35280.0,7408.8,0.0,42688.8
1905,584,59,2,3,3,1025,FULFILLED,ARS,27000.0,5670.0,0.0,32670.0
1906,210,772,2,4,4,2316,FULFILLED,ARS,31752.0,6667.92,0.0,38419.92
1907,624,656,1,,2568,1805,FULFILLED,ARS,27000.0,5670.0,900.0,33570.0
1908,15,903,2,4,4,768,PAID,ARS,42750.0,8977.5,0.0,51727.5
1909,526,30,2,1,1,2620,FULFILLED,ARS,22680.0,4762.8,0.0,27442.8
1910,617,301,2,1,1,2374,FULFILLED,ARS,23100.0,4851.0,0.0,27951.0
1911,533,779,2,4,4,2484,REFUNDED,ARS,70872.0,14883.12,0.0,85755.12
1912,413,883,1,,380,789,FULFILLED,ARS,28500.0,5985.0,1500.0,35985.0
1913,20,737,1,,2811,,FULFILLED,ARS,10800.0,2268.0,1500.0,14568.0
1914,630,1160,1,,67,2371,FULFILLED,ARS,22800.0,4788.0,1200.0,28788.0
1915,336,140,1,,1522,760,REFUNDED,ARS,34200.0,7182.0,1200.0,42582.0
1916,493,218,1,,1244,1270,FULFILLED,ARS,40500.0,8505.0,900.0,49905.0
1917,187,562,2,3,3,,REFUNDED,ARS,45000.0,9450.0,0.0,54450.0
1918,518,294,1,,83,2922,REFUNDED,ARS,9720.0,2041.2,900.0,12661.2
1919,449,1053,2,1,1,280,CANCELLED,ARS,15675.0,3291.75,0.0,18966.75
1920,139,733,2,1,1,361,FULFILLED,ARS,126000.0,26460.0,0.0,152460.0
1921,449,548,2,1,1,1600,CANCELLED,ARS,15000.0,3150.0,0.0,18150.0
1922,316,370,2,1,1,3070,FULFILLED,ARS,14962.5,3142.12,0.0,18104.62
1923,92,1293,2,2,2,617,FULFILLED,ARS,23520.0,4939.2,0.0,28459.2
1924,372,1458,1,,2120,1828,FULFILLED,ARS,50100.0,10521.0,1200.0,61821.0
1925,383,233,2,2,2,2972,FULFILLED,ARS,39102.0,8211.42,0.0,47313.42
1926,333,820,1,,347,421,FULFILLED,ARS,11760.0,2469.6,0.0,14229.6
1927,42,1300,1,,1598,1153,FULFILLED,ARS,14250.0,2992.5,1200.0,18442.5
1928,438,1468,2,1,1,987,FULFILLED,ARS,49800.0,10458.0,0.0,60258.0
1929,435,503,1,,3024,802,FULFILLED,ARS,23520.0,4939.2,1200.0,29659.2
1930,515,734,1,,445,558,FULFILLED,ARS,10584.0,2222.64,1200.0,14006.64
1931,138,1479,1,,553,840,FULFILLED,ARS,49530.0,10401.3,900.0,60831.3
1932,280,494,2,4,4,,FULFILLED,ARS,23520.0,4939.2,0.0,28459.2
1933,297,296,2,2,2,1962,FULFILLED,ARS,11400.0,2394.0,0.0,13794.0
1934,509,957,2,4,4,935,FULFILLED,ARS,27000.0,5670.0,0.0,32670.0
1935,585,851,2,3,3,3018,FULFILLED,ARS,19440.0,4082.4,0.0,23522.4
1936,587,1068,1,,2697,312,FULFILLED,ARS,26460.0,5556.6,900.0,32916.6
1937,272,387,2,3,3,737,FULFILLED,ARS,64350.0,13513.5,0.0,77863.5
1938,364,634,1,,2444,3200,FULFILLED,ARS,50544.0,10614.24,1200.0,62358.24
1939,256,533,1,,2040,344,FULFILLED,ARS,30780.0,6463.8,900.0,38143.8
1940,306,851,2,2,2,2031,FULFILLED,ARS,51000.0,10710.0,0.0,61710.0
1941,395,1393,1,,1513,1009,FULFILLED,ARS,13500.0,2835.0,1200.0,17535.0
1942,473,27,2,1,1,1735,FULFILLED,ARS,62265.0,13075.65,0.0,75340.65
1943,177,782,2,2,2,1578,FULFILLED,ARS,14962.5,3142.12,0.0,18104.62
1944,386,195,1,,1738,467,FULFILLED,ARS,36720.0,7711.2,1500.0,45931.2
1945,68,278,2,1,1,1207,FULFILLED,ARS,34200.0,7182.0,0.0,41382.0
1946,456,904,2,2,2,2322,FULFILLED,ARS,13200.0,2772.0,0.0,15972.0
1947,462,555,1,,1319,433,FULFILLED,ARS,36000.0,7560.0,1200.0,44760.0
1948,169,131,1,,2756,948,CANCELLED,ARS,79380.0,16669.8,1200.0,97249.8
1949,82,1309,1,,639,69,CANCELLED,ARS,12540.0,2633.4,900.0,16073.4
1950,589,1496,1,,1173,1326,FULFILLED,ARS,14700.0,3087.0,1200.0,18987.0
1951,291,1260,1,,2144,1119,FULFILLED,ARS,21600.0,4536.0,900.0,27036.0
1952,51,9,1,,2675,1043,FULFILLED,ARS,29400.0,6174.0,900.0,36474.0
1953,247,129,1,,1951,2807,FULFILLED,ARS,11970.0,2513.7,0.0,14483.7
1954,193,349,1,,2734,2151,FULFILLED,ARS,32400.0,6804.0,1500.0,40704.0
1955,478,1399,2,2,2,99,FULFILLED,ARS,23520.0,4939.2,0.0,28459.2
1956,439,197,2,4,4,,FULFILLED,ARS,15750.0,3307.5,0.0,19057.5
1957,619,729,2,1,1,659,CANCELLED,ARS,12348.0,2593.08,0.0,14941.08
1958,213,414,1,,1792,2714,PAID,ARS,32400.0,6804.0,900.0,40104.0
1959,30,1394,1,,1636,2187,CANCELLED,ARS,31350.0,6583.5,900.0,38833.5
1960,471,1380,1,,126,2900,PAID,ARS,31752.0,6667.92,1200.0,39619.92
1961,426,1087,2,4,4,,FULFILLED,ARS,57936.0,12166.56,0.0,70102.56
1962,462,1218,1,,2453,749,FULFILLED,ARS,75780.0,15913.8,900.0,92593.8
1963,59,650,2,4,4,2051,FULFILLED,ARS,37800.0,7938.0,0.0,45738.0
1964,472,114,1,,2155,1491,FULFILLED,ARS,23760.0,4989.6,1500.0,30249.6
1965,245,1004,1,,1799,296,FULFILLED,ARS,36450.0,7654.5,900.0,45004.5
1966,303,567,1,,608,1581,FULFILLED,ARS,62685.0,13163.85,1500.0,77348.85
1967,248,967,1,,1217,2688,FULFILLED,ARS,40500.0,8505.0,900.0,49905.0
1968,493,944,1,,2780,440,PAID,ARS,24696.0,5186.16,1200.0,31082.16
1969,267,1150,1,,1793,3040,PAID,ARS,32400.0,6804.0,1200.0,40404.0
1970,299,1301,1,,2132,848,PAID,ARS,64800.0,13608.0,0.0,78408.0
1971,516,415,2,3,3,1687,CANCELLED,ARS,40500.0,8505.0,0.0,49005.0
1972,241,197,2,2,2,674,CANCELLED,ARS,13500.0,2835.0,0.0,16335.0
1973,532,1280,2,3,3,900,FULFILLED,ARS,67380.0,14149.8,0.0,81529.8
1974,141,707,1,,774,526,PAID,ARS,63600.0,13356.0,0.0,76956.0
1975,266,750,1,,2875,1061,FULFILLED,ARS,32400.0,6804.0,1200.0,40404.0
1976,147,420,1,,171,329,FULFILLED,ARS,12540.0,2633.4,900.0,16073.4
1977,97,264,1,,1776,2315,FULFILLED,ARS,11760.0,2469.6,0.0,14229.6
1978,188,451,2,3,3,795,FULFILLED,ARS,47250.0,9922.5,0.0,57172.5
1979,82,554,2,2,2,1472,FULFILLED,ARS,41550.0,8725.5,0.0,50275.5
1980,163,863,2,2,2,902,FULFILLED,ARS,62100.0,13041.0,0.0,75141.0
1981,183,1469,1,,2733,1244,FULFILLED,ARS,11760.0,2469.6,1200.0,15429.6
1982,574,530,2,4,4,230,FULFILLED,ARS,36000.0,7560.0,0.0,43560.0
1983,586,1191,2,2,2,358,PAID,ARS,44100.0,9261.0,0.0,53361.0
1984,91,258,2,3,3,2052,FULFILLED,ARS,35100.0,7371.0,0.0,42471.0
1985,429,82,1,,2349,2,FULFILLED,ARS,26460.0,5556.6,900.0,32916.6
1986,348,18,1,,838,441,FULFILLED,ARS,10800.0,2268.0,900.0,13968.0
1987,74,282,2,2,2,654,PAID,ARS,28500.0,5985.0,0.0,34485.0
1988,126,1322,1,,1050,3093,FULFILLED,ARS,38808.0,8149.68,1200.0,48157.68
1989,320,1459,2,4,4,717,PAID,ARS,12348.0,2593.08,0.0,14941.08
1990,578,186,2,2,2,705,PAID,ARS,27000.0,5670.0,0.0,32670.0
1991,369,405,1,,284,3067,FULFILLED,ARS,14175.0,2976.75,900.0,18051.75
1992,135,1056,1,,2906,2732,PAID,ARS,11760.0,2469.6,900.0,15129.6
1993,544,1134,1,,708,645,PAID,ARS,12936.0,2716.56,1200.0,16852.56
1994,363,407,1,,97,2925,FULFILLED,ARS,23520.0,4939.2,900.0,29359.2
1995,87,280,1,,1961,2330,FULFILLED,ARS,10260.0,2154.6,900.0,13314.6
1996,639,1401,2,4,4,2047,REFUNDED,ARS,39690.0,8334.9,0.0,48024.9
1997,334,586,1,,84,230,FULFILLED,ARS,30780.0,6463.8,1200.0,38443.8
1998,317,359,1,,2592,,FULFILLED,ARS,24000.0,5040.0,900.0,29940.0
1999,312,498,1,,155,1434,REFUNDED,ARS,26460.0,5556.6,1200.0,33216.6
2000,617,952,2,4,4,1301,FULFILLED,ARS,80505.0,16906.05,0.0,97411.05
2001,487,763,1,,241,817,PAID,ARS,23520.0,4939.2,900.0,29359.2
2002,222,1454,2,2,2,607,FULFILLED,ARS,29400.0,6174.0,0.0,35574.0
2003,478,388,1,,1403,5,PAID,ARS,34200.0,7182.0,1200.0,42582.0
2004,551,1047,1,,2595,85,FULFILLED,ARS,15000.0,3150.0,1200.0,19350.0
2005,155,574,2,4,4,1092,FULFILLED,ARS,23520.0,4939.2,0.0,28459.2
2006,570,1108,2,2,2,450,FULFILLED,ARS,74385.0,15620.85,0.0,90005.85
2007,306,791,2,2,2,3120,PAID,ARS,21600.0,4536.0,0.0,26136.0
2008,264,353,1,,556,298,FULFILLED,ARS,35280.0,7408.8,1200.0,43888.8
2009,541,1162,1,,1437,1922,FULFILLED,ARS,19440.0,4082.4,1500.0,25022.4
2010,236,1062,1,,2067,802,FULFILLED,ARS,37620.0,7900.2,1200.0,46720.2
2011,392,895,2,2,2,2625,FULFILLED,ARS,20520.0,4309.2,0.0,24829.2
2012,599,731,1,,3117,493,FULFILLED,ARS,27750.0,5827.5,900.0,34477.5
2013,315,16,1,,1802,182,PAID,ARS,43650.0,9166.5,900.0,53716.5
2014,337,1390,2,2,2,2205,FULFILLED,ARS,12000.0,2520.0,0.0,14520.0
2015,489,1166,1,,2622,449,PAID,ARS,21600.0,4536.0,1500.0,27636.0
2016,253,884,2,4,4,879,PAID,ARS,67860.0,14250.6,0.0,82110.6
2017,216,322,1,,2091,,FULFILLED,ARS,42750.0,8977.5,900.0,52627.5
2018,16,177,1,,2265,1858,FULFILLED,ARS,12000.0,2520.0,1200.0,15720.0
2019,277,283,2,1,1,1146,PAID,ARS,30780.0,6463.8,0.0,37243.8
2020,376,346,1,,538,3198,FULFILLED,ARS,15000.0,3150.0,1200.0,19350.0
2021,168,1170,1,,2112,923,FULFILLED,ARS,27000.0,5670.0,1200.0,33870.0
2022,141,471,1,,2960,2320,FULFILLED,ARS,33000.0,6930.0,1200.0,41130.0
2023,230,1493,1,,1373,1580,FULFILLED,ARS,11760.0,2469.6,900.0,15129.6
2024,279,825,2,3,3,508,FULFILLED,ARS,10800.0,2268.0,0.0,13068.0
2025,122,324,1,,2944,432,FULFILLED,ARS,31350.0,6583.5,900.0,38833.5
2026,246,1393,1,,2026,3014,FULFILLED,ARS,23760.0,4989.6,1200.0,29949.6
2027,600,645,2,1,1,2916,FULFILLED,ARS,15750.0,3307.5,0.0,19057.5
2028,467,107,1,,894,2663,FULFILLED,ARS,54090.0,11358.9,1500.0,66948.9
2029,433,1335,1,,2784,975,FULFILLED,ARS,35280.0,7408.8,900.0,43588.8
2030,505,549,1,,233,2681,FULFILLED,ARS,22800.0,4788.0,1500.0,29088.0
2031,449,1235,1,,2114,,REFUNDED,ARS,45090.0,9468.9,0.0,54558.9
2032,87,1281,1,,2846,2153,FULFILLED,ARS,45000.0,9450.0,1200.0,55650.0
2033,114,307,1,,519,2564,FULFILLED,ARS,29925.0,6284.25,1500.0,37709.25
2034,98,619,1,,1383,379,FULFILLED,ARS,22800.0,4788.0,1200.0,28788.0
2035,271,828,1,,736,23,FULFILLED,ARS,21600.0,4536.0,1500.0,27636.0
2036,178,477,2,1,1,703,FULFILLED,ARS,12936.0,2716.56,0.0,15652.56
2037,340,516,1,,104,192,FULFILLED,ARS,77310.0,16235.1,1500.0,95045.1
2038,141,1324,1,,3118,2840,CREATED,ARS,11400.0,2394.0,900.0,14694.0
2039,18,321,1,,916,1512,REFUNDED,ARS,47025.0,9875.25,1200.0,58100.25
2040,453,902,2,4,4,1852,FULFILLED,ARS,30000.0,6300.0,0.0,36300.0
2041,480,82,1,,2217,2956,FULFILLED,ARS,27000.0,5670.0,1500.0,34170.0
2042,543,809,1,,758,3199,PAID,ARS,22800.0,4788.0,1200.0,28788.0
2043,108,246,1,,1215,1989,PAID,ARS,45000.0,9450.0,1200.0,55650.0
2044,62,1235,1,,2263,78,FULFILLED,ARS,15750.0,3307.5,0.0,19057.5
2045,192,196,1,,3203,2238,FULFILLED,ARS,11400.0,2394.0,0.0,13794.0
2046,152,1163,1,,339,1246,PAID,ARS,32400.0,6804.0,900.0,40104.0
2047,504,709,2,1,1,72,FULFILLED,ARS,30000.0,6300.0,0.0,36300.0
2048,304,382,1,,3137,,FULFILLED,ARS,68827.5,14453.78,0.0,83281.28
2049,189,202,1,,1464,,FULFILLED,ARS,73488.0,15432.48,1200.0,90120.48
2050,23,304,1,,2474,3026,PAID,ARS,32340.0,6791.4,1200.0,40331.4
2051,11,560,1,,1813,2995,FULFILLED,ARS,12600.0,2646.0,1500.0,16746.0
2052,351,571,2,1,1,1460,FULFILLED,ARS,11880.0,2494.8,0.0,14374.8
2053,365,131,2,1,1,474,FULFILLED,ARS,34200.0,7182.0,0.0,41382.0
2054,46,1484,2,4,4,,FULFILLED,ARS,21600.0,4536.0,0.0,26136.0
2055,345,241,1,,582,1188,FULFILLED,ARS,21600.0,4536.0,900.0,27036.0
2056,240,1098,2,2,2,671,FULFILLED,ARS,63270.0,13286.7,0.0,76556.7
2057,90,835,2,1,1,1044,FULFILLED,ARS,29700.0,6237.0,0.0,35937.0
2058,145,1246,2,4,4,913,FULFILLED,ARS,21600.0,4536.0,0.0,26136.0
2059,50,1499,1,,1037,1145,CANCELLED,ARS,24696.0,5186.16,0.0,29882.16
2060,558,919,1,,751,2173,FULFILLED,ARS,11760.0,2469.6,900.0,15129.6
2061,210,1120,2,2,2,868,PAID,ARS,49455.0,10385.55,0.0,59840.55
2062,62,1364,1,,2269,576,PAID,ARS,35280.0,7408.8,1200.0,43888.8
2063,451,85,1,,2890,1240,FULFILLED,ARS,28500.0,5985.0,1200.0,35685.0
2064,143,971,2,1,1,2946,FULFILLED,ARS,55950.0,11749.5,0.0,67699.5
2065,117,431,2,4,4,59,CANCELLED,ARS,54720.0,11491.2,0.0,66211.2
2066,46,927,2,4,4,2137,FULFILLED,ARS,13500.0,2835.0,0.0,16335.0
2067,420,27,1,,182,192,CANCELLED,ARS,44550.0,9355.5,1200.0,55105.5
2068,626,120,1,,1975,2460,PAID,ARS,23520.0,4939.2,1200.0,29659.2
2069,453,917,1,,16,2238,FULFILLED,ARS,29400.0,6174.0,1200.0,36774.0
2070,86,1138,1,,1453,2698,REFUNDED,ARS,23520.0,4939.2,0.0,28459.2
2071,146,1139,1,,1763,,PAID,ARS,35910.0,7541.1,1200.0,44651.1
2072,475,588,1,,2752,2223,FULFILLED,ARS,41400.0,8694.0,900.0,50994.0
2073,363,1336,1,,2591,2025,CANCELLED,ARS,11760.0,2469.6,1500.0,15729.6
2074,142,702,1,,2239,2712,FULFILLED,ARS,13500.0,2835.0,0.0,16335.0
2075,274,779,2,2,2,3196,FULFILLED,ARS,36000.0,7560.0,0.0,43560.0
2076,362,483,1,,2158,1019,FULFILLED,ARS,62808.0,13189.68,1200.0,77197.68
2077,478,757,2,4,4,1885,PAID,ARS,34200.0,7182.0,0.0,41382.0
2078,469,927,2,4,4,1369,CANCELLED,ARS,44887.5,9426.38,0.0,54313.88
2079,316,560,1,,2796,175,CANCELLED,ARS,25200.0,5292.0,900.0,31392.0
2080,306,832,1,,2478,3161,PAID,ARS,64500.0,13545.0,900.0,78945.0
2081,118,301,1,,1776,334,FULFILLED,ARS,10260.0,2154.6,1500.0,13914.6
2082,125,425,1,,2564,156,FULFILLED,ARS,23940.0,5027.4,1200.0,30167.4
2083,283,1453,1,,2492,2641,CANCELLED,ARS,12936.0,2716.56,0.0,15652.56
2084,454,1135,1,,31,873,FULFILLED,ARS,10260.0,2154.6,1200.0,13614.6
2085,583,149,1,,1032,2164,FULFILLED,ARS,23940.0,5027.4,1500.0,30467.4
2086,110,12,1,,1607,1774,CANCELLED,ARS,79260.0,16644.6,900.0,96804.6
2087,438,1328,1,,2281,1575,FULFILLED,ARS,15000.0,3150.0,0.0,18150.0
2088,157,492,2,2,2,2127,FULFILLED,ARS,30000.0,6300.0,0.0,36300.0
2089,505,343,1,,2958,866,FULFILLED,ARS,44400.0,9324.0,900.0,54624.0
2090,203,729,2,1,1,1792,FULFILLED,ARS,24000.0,5040.0,0.0,29040.0
2091,8,1261,2,3,3,1856,FULFILLED,ARS,76500.0,16065.0,0.0,92565.0
2092,532,829,2,4,4,2535,FULFILLED,ARS,12600.0,2646.0,0.0,15246.0
2093,37,342,1,,1167,2985,PAID,ARS,28500.0,5985.0,1500.0,35985.0
2094,174,944,2,4,4,1318,FULFILLED,ARS,74115.0,15564.15,0.0,89679.15
2095,214,1499,2,4,4,2148,CANCELLED,ARS,71280.0,14968.8,0.0,86248.8
2096,563,852,2,4,4,,PAID,ARS,71340.0,14981.4,0.0,86321.4
2097,311,52,2,1,1,,REFUNDED,ARS,12825.0,2693.25,0.0,15518.25
2098,85,397,1,,1285,2511,PAID,ARS,75900.0,15939.0,900.0,92739.0
2099,44,1111,1,,525,340,FULFILLED,ARS,39690.0,8334.9,900.0,48924.9
2100,504,1380,1,,1302,2491,REFUNDED,ARS,85080.0,17866.8,1200.0,104146.8
2101,25,1359,1,,811,371,PAID,ARS,87930.0,18465.3,900.0,107295.3
2102,135,332,1,,2096,1599,FULFILLED,ARS,12600.0,2646.0,900.0,16146.0
2103,4,631,1,,2677,2779,FULFILLED,ARS,25650.0,5386.5,900.0,31936.5
2104,458,1055,2,1,1,2044,FULFILLED,ARS,51660.0,10848.6,0.0,62508.6
2105,501,1478,1,,1718,370,PAID,ARS,12000.0,2520.0,900.0,15420.0
2106,14,831,2,2,2,1252,PAID,ARS,44100.0,9261.0,0.0,53361.0
2107,596,1108,2,2,2,,REFUNDED,ARS,55920.0,11743.2,0.0,67663.2
2108,526,1227,2,3,3,2630,FULFILLED,ARS,59250.0,12442.5,0.0,71692.5
2109,565,1049,2,4,4,1668,FULFILLED,ARS,68475.0,14379.75,0.0,82854.75
2110,139,582,2,3,3,2276,FULFILLED,ARS,51750.0,10867.5,0.0,62617.5
2111,481,119,1,,106,2288,FULFILLED,ARS,40500.0,8505.0,900.0,49905.0
2112,102,6,1,,2113,1204,REFUNDED,ARS,16170.0,3395.7,1500.0,21065.7
2113,492,736,2,2,2,3008,CANCELLED,ARS,42525.0,8930.25,0.0,51455.25
2114,419,611,2,2,2,1352,FULFILLED,ARS,29400.0,6174.0,0.0,35574.0
2115,237,921,2,1,1,2589,FULFILLED,ARS,46800.0,9828.0,0.0,56628.0
2116,109,259,1,,621,1446,CANCELLED,ARS,14700.0,3087.0,1200.0,18987.0
2117,78,795,1,,1186,1977,FULFILLED,ARS,12825.0,2693.25,1200.0,16718.25
2118,185,5,1,,2845,2992,FULFILLED,ARS,11760.0,2469.6,1200.0,15429.6
2119,439,178,2,2,2,2542,REFUNDED,ARS,58800.0,12348.0,0.0,71148.0
2120,432,708,1,,2212,2039,FULFILLED,ARS,35280.0,7408.8,900.0,43588.8
2121,185,1062,1,,3128,2640,PAID,ARS,10584.0,2222.64,1500.0,14306.64
2122,412,463,1,,597,2068,FULFILLED,ARS,37620.0,7900.2,900.0,46420.2
2123,520,819,2,1,1,2943,FULFILLED,ARS,34200.0,7182.0,0.0,41382.0
2124,586,106,1,,961,1010,PAID,ARS,68220.0,14326.2,900.0,83446.2
2125,179,353,1,,2896,169,FULFILLED,ARS,31350.0,6583.5,1200.0,39133.5
2126,454,1270,1,,962,1549,FULFILLED,ARS,49500.0,10395.0,1200.0,61095.0
2127,480,320,1,,1940,295,FULFILLED,ARS,45000.0,9450.0,900.0,55350.0
2128,335,1053,2,3,3,1497,CREATED,ARS,10260.0,2154.6,0.0,12414.6
2129,537,474,1,,225,,FULFILLED,ARS,85200.0,17892.0,0.0,103092.0
2130,468,991,2,3,3,1537,FULFILLED,ARS,10800.0,2268.0,0.0,13068.0
2131,425,161,1,,823,702,CANCELLED,ARS,11340.0,2381.4,0.0,13721.4
2132,542,1395,1,,1503,1280,FULFILLED,ARS,93510.0,19637.1,0.0,113147.1
2133,410,937,2,4,4,,CANCELLED,ARS,23520.0,4939.2,0.0,28459.2
2134,8,373,1,,1378,2607,PAID,ARS,27000.0,5670.0,1200.0,33870.0
2135,590,1001,2,2,2,1206,PAID,ARS,20520.0,4309.2,0.0,24829.2
2136,156,399,2,4,4,35,FULFILLED,ARS,56700.0,11907.0,0.0,68607.0
2137,185,663,1,,2533,1330,FULFILLED,ARS,35868.0,7532.28,900.0,44300.28
2138,120,240,1,,928,1166,PAID,ARS,32400.0,6804.0,1200.0,40404.0
2139,375,255,1,,1861,325,FULFILLED,ARS,39690.0,8334.9,900.0,48924.9
2140,250,1061,2,1,1,811,PAID,ARS,112860.0,23700.6,0.0,136560.6
2141,310,216,1,,3046,1026,CANCELLED,ARS,22680.0,4762.8,1200.0,28642.8
2142,407,526,1,,2110,2111,FULFILLED,ARS,34200.0,7182.0,900.0,42282.0
2143,114,1030,2,1,1,2234,CANCELLED,ARS,68310.0,14345.1,0.0,82655.1
2144,327,802,1,,694,3098,PAID,ARS,14250.0,2992.5,900.0,18142.5
2145,435,1337,1,,1204,3201,FULFILLED,ARS,38946.0,8178.66,900.0,48024.66
2146,592,690,1,,1458,397,PAID,ARS,65325.0,13718.25,1500.0,80543.25
2147,227,1323,2,3,3,2194,FULFILLED,ARS,23520.0,4939.2,0.0,28459.2
2148,500,204,1,,543,156,FULFILLED,ARS,15000.0,3150.0,900.0,19050.0
2149,271,155,1,,1891,2287,CANCELLED,ARS,36000.0,7560.0,1200.0,44760.0
2150,345,559,2,2,2,2127,PAID,ARS,32400.0,6804.0,0.0,39204.0
2151,310,1137,1,,2709,724,PAID,ARS,23520.0,4939.2,0.0,28459.2
2152,141,132,1,,14,1962,FULFILLED,ARS,23520.0,4939.2,1200.0,29659.2
2153,604,674,2,3,3,1748,FULFILLED,ARS,19440.0,4082.4,0.0,23522.4
2154,185,747,1,,1822,230,PAID,ARS,12936.0,2716.56,1500.0,17152.56
2155,307,503,2,2,2,,FULFILLED,ARS,44100.0,9261.0,0.0,53361.0
2156,95,55,1,,3081,2249,PAID,ARS,71520.0,15019.2,900.0,87439.2
2157,618,146,1,,1682,2709,FULFILLED,ARS,64200.0,13482.0,1200.0,78882.0
2158,597,978,2,3,3,671,FULFILLED,ARS,59220.0,12436.2,0.0,71656.2
2159,467,1414,1,,788,3009,FULFILLED,ARS,80100.0,16821.0,1200.0,98121.0
2160,102,1406,2,1,1,2037,CANCELLED,ARS,25200.0,5292.0,0.0,30492.0
2161,422,1188,1,,1088,2689,PAID,ARS,25200.0,5292.0,1200.0,31692.0
2162,328,212,1,,1393,2341,REFUNDED,ARS,67950.0,14269.5,1200.0,83419.5
2163,39,1075,2,1,1,,FULFILLED,ARS,33000.0,6930.0,0.0,39930.0
2164,609,974,1,,1117,3177,FULFILLED,ARS,22800.0,4788.0,900.0,28488.0
2165,172,1476,2,2,2,,FULFILLED,ARS,35910.0,7541.1,0.0,43451.1
2166,392,1438,1,,873,2754,FULFILLED,ARS,14700.0,3087.0,0.0,17787.0
2167,33,1012,2,4,4,3087,FULFILLED,ARS,14250.0,2992.5,0.0,17242.5
2168,490,27,2,1,1,939,REFUNDED,ARS,12600.0,2646.0,0.0,15246.0
2169,388,723,2,4,4,640,CANCELLED,ARS,27000.0,5670.0,0.0,32670.0
2170,622,247,1,,439,2677,REFUNDED,ARS,35280.0,7408.8,1200.0,43888.8
2171,457,304,1,,2420,,FULFILLED,ARS,45000.0,9450.0,1200.0,55650.0
2172,57,394,1,,68,1088,PAID,ARS,36562.5,7678.12,900.0,45140.62
2173,375,1485,2,2,2,780,FULFILLED,ARS,13500.0,2835.0,0.0,16335.0
2174,109,1210,1,,505,364,PAID,ARS,30000.0,6300.0,0.0,36300.0
2175,7,381,1,,2176,1913,FULFILLED,ARS,11760.0,2469.6,900.0,15129.6
2176,70,1108,2,3,3,3014,FULFILLED,ARS,12825.0,2693.25,0.0,15518.25
2177,564,1171,2,2,2,2440,FULFILLED,ARS,11970.0,2513.7,0.0,14483.7
2178,35,834,2,1,1,2163,FULFILLED,ARS,69000.0,14490.0,0.0,83490.0
2179,456,746,1,,1674,1885,FULFILLED,ARS,13500.0,2835.0,900.0,17235.0
2180,172,796,1,,2232,2870,PAID,ARS,23520.0,4939.2,1200.0,29659.2
2181,577,814,2,2,2,,FULFILLED,ARS,35910.0,7541.1,0.0,43451.1
2182,598,843,1,,227,2946,FULFILLED,ARS,45000.0,9450.0,1200.0,55650.0
2183,539,218,1,,2392,377,FULFILLED,ARS,14175.0,2976.75,1200.0,18351.75
2184,47,209,2,4,4,2685,PAID,ARS,22800.0,4788.0,0.0,27588.0
2185,535,367,2,1,1,893,REFUNDED,ARS,11400.0,2394.0,0.0,13794.0
2186,115,902,1,,2861,3110,PAID,ARS,14850.0,3118.5,1500.0,19468.5
2187,149,1484,2,4,4,2621,FULFILLED,ARS,24960.0,5241.6,0.0,30201.6
2188,389,1094,1,,521,227,FULFILLED,ARS,38475.0,8079.75,1500.0,48054.75
2189,19,1113,2,3,3,1815,FULFILLED,ARS,22680.0,4762.8,0.0,27442.8
2190,124,930,1,,2970,1738,FULFILLED,ARS,58620.0,12310.2,0.0,70930.2
2191,468,1135,2,1,1,767,FULFILLED,ARS,11400.0,2394.0,0.0,13794.0
2192,565,476,1,,3124,848,PAID,ARS,38250.0,8032.5,1200.0,47482.5
2193,277,972,2,2,2,1458,CANCELLED,ARS,23400.0,4914.0,0.0,28314.0
2194,146,872,2,4,4,1896,FULFILLED,ARS,34020.0,7144.2,0.0,41164.2
2195,269,1396,2,2,2,960,FULFILLED,ARS,55860.0,11730.6,0.0,67590.6
2196,192,998,2,2,2,2695,FULFILLED,ARS,47250.0,9922.5,0.0,57172.5
2197,518,69,1,,2930,964,CANCELLED,ARS,40500.0,8505.0,1200.0,50205.0
2198,624,873,1,,123,3085,PAID,ARS,40500.0,8505.0,900.0,49905.0
2199,339,862,2,3,3,1276,FULFILLED,ARS,44175.0,9276.75,0.0,53451.75
2200,457,1029,1,,2977,1589,FULFILLED,ARS,30870.0,6482.7,1200.0,38552.7
2201,500,721,2,3,3,221,FULFILLED,ARS,36000.0,7560.0,0.0,43560.0
2202,445,150,2,4,4,578,FULFILLED,ARS,47460.0,9966.6,0.0,57426.6
2203,390,1004,1,,1367,1999,FULFILLED,ARS,28500.0,5985.0,0.0,34485.0
2204,481,450,2,1,1,1404,FULFILLED,ARS,65568.0,13769.28,0.0,79337.28
2205,88,172,2,1,1,959,FULFILLED,ARS,29925.0,6284.25,0.0,36209.25
2206,417,1376,2,3,3,814,FULFILLED,ARS,28500.0,5985.0,0.0,34485.0
2207,637,234,2,4,4,535,FULFILLED,ARS,11340.0,2381.4,0.0,13721.4
2208,511,234,1,,1558,1107,FULFILLED,ARS,11340.0,2381.4,0.0,13721.4
2209,425,117,1,,2908,1545,PAID,ARS,40650.0,8536.5,1200.0,50386.5
2210,5,37,1,,2866,70,FULFILLED,ARS,12000.0,2520.0,1200.0,15720.0
2211,29,1116,2,4,4,,FULFILLED,ARS,15000.0,3150.0,0.0,18150.0
2212,470,235,1,,854,1248,FULFILLED,ARS,30780.0,6463.8,1200.0,38443.8
2213,500,285,1,,2316,512,FULFILLED,ARS,12000.0,2520.0,1200.0,15720.0
2214,61,1188,1,,880,3055,FULFILLED,ARS,10800.0,2268.0,1200.0,14268.0
2215,638,230,2,1,1,2244,FULFILLED,ARS,89100.0,18711.0,0.0,107811.0
2216,499,1399,2,4,4,1513,FULFILLED,ARS,16170.0,3395.7,0.0,19565.7
2217,381,1363,1,,2159,,FULFILLED,ARS,15000.0,3150.0,1200.0,19350.0
2218,307,855,2,3,3,1596,FULFILLED,ARS,62532.0,13131.72,0.0,75663.72
2219,301,498,1,,2309,1305,PAID,ARS,10800.0,2268.0,900.0,13968.0
2220,158,140,1,,3053,1860,PAID,ARS,11400.0,2394.0,1200.0,14994.0
2221,366,956,2,1,1,2450,REFUNDED,ARS,41760.0,8769.6,0.0,50529.6
2222,261,235,2,1,1,1953,FULFILLED,ARS,12000.0,2520.0,0.0,14520.0
2223,485,1268,1,,2882,1390,FULFILLED,ARS,11400.0,2394.0,1200.0,14994.0
2224,103,1322,1,,1719,3180,FULFILLED,ARS,74196.0,15581.16,1500.0,91277.16
2225,398,194,1,,1195,140,FULFILLED,ARS,32400.0,6804.0,900.0,40104.0
2226,371,1446,1,,2905,1917,FULFILLED,ARS,34020.0,7144.2,900.0,42064.2
2227,186,502,2,1,1,2551,FULFILLED,ARS,12000.0,2520.0,0.0,14520.0
2228,396,1410,2,3,3,2590,FULFILLED,ARS,36000.0,7560.0,0.0,43560.0
2229,514,951,1,,354,107,FULFILLED,ARS,24000.0,5040.0,900.0,29940.0
2230,599,1124,1,,1893,1105,FULFILLED,ARS,56340.0,11831.4,1200.0,69371.4
2231,137,1005,2,2,2,2706,FULFILLED,ARS,56925.0,11954.25,0.0,68879.25
2232,98,578,2,4,4,2186,FULFILLED,ARS,11760.0,2469.6,0.0,14229.6
2233,500,881,1,,2549,2029,FULFILLED,ARS,41700.0,8757.0,0.0,50457.0
2234,373,865,2,3,3,2520,FULFILLED,ARS,23520.0,4939.2,0.0,28459.2
2235,228,411,2,3,3,1298,PAID,ARS,37620.0,7900.2,0.0,45520.2
2236,411,1412,2,4,4,2402,PAID,ARS,11340.0,2381.4,0.0,13721.4
2237,14,167,1,,2901,332,PAID,ARS,11400.0,2394.0,1200.0,14994.0
2238,51,623,1,,1785,1146,FULFILLED,ARS,98460.0,20676.6,900.0,120036.6
2239,441,1245,1,,1367,1221,PAID,ARS,48480.0,10180.8,1200.0,59860.8
2240,164,1389,1,,1046,689,FULFILLED,ARS,13500.0,2835.0,1500.0,17835.0
2241,292,354,1,,2514,,REFUNDED,ARS,34020.0,7144.2,900.0,42064.2
2242,344,217,1,,3193,151,REFUNDED,ARS,40500.0,8505.0,1200.0,50205.0
2243,63,502,2,2,2,545,FULFILLED,ARS,14700.0,3087.0,0.0,17787.0
2244,196,320,1,,1991,2919,CANCELLED,ARS,106110.0,22283.1,1200.0,129593.1
2245,392,590,1,,987,1886,PAID,ARS,13200.0,2772.0,1200.0,17172.0
2246,286,1358,1,,948,2964,FULFILLED,ARS,11880.0,2494.8,0.0,14374.8
2247,358,1413,2,3,3,2140,REFUNDED,ARS,25650.0,5386.5,0.0,31036.5
2248,440,1183,1,,2768,1621,REFUNDED,ARS,15000.0,3150.0,1200.0,19350.0
2249,255,1270,1,,1000,724,FULFILLED,ARS,44887.5,9426.38,1500.0,55813.88
2250,469,991,1,,3177,863,FULFILLED,ARS,49680.0,10432.8,0.0,60112.8
2251,97,748,1,,1425,2577,FULFILLED,ARS,29925.0,6284.25,0.0,36209.25
2252,304,1315,1,,504,3130,FULFILLED,ARS,40500.0,8505.0,1500.0,50505.0
2253,622,529,2,1,1,1880,FULFILLED,ARS,21600.0,4536.0,0.0,26136.0
2254,354,1186,1,,894,87,CANCELLED,ARS,47910.0,10061.1,900.0,58871.1
2255,216,826,1,,830,2689,FULFILLED,ARS,64800.0,13608.0,1200.0,79608.0
2256,168,53,1,,2450,2004,FULFILLED,ARS,15000.0,3150.0,900.0,19050.0
2257,229,810,2,3,3,376,FULFILLED,ARS,44100.0,9261.0,0.0,53361.0
2258,418,1442,2,1,1,1109,FULFILLED,ARS,40500.0,8505.0,0.0,49005.0
2259,202,397,2,3,3,2438,FULFILLED,ARS,41400.0,8694.0,0.0,50094.0
2260,171,292,1,,549,,FULFILLED,ARS,12000.0,2520.0,1200.0,15720.0
2261,248,73,1,,1464,,CANCELLED,ARS,12000.0,2520.0,900.0,15420.0
2262,639,462,1,,1795,1473,FULFILLED,ARS,58500.0,12285.0,900.0,71685.0
2263,576,1441,1,,3144,3028,FULFILLED,ARS,12000.0,2520.0,900.0,15420.0
2264,71,696,1,,1361,1520,FULFILLED,ARS,47250.0,9922.5,900.0,58072.5
2265,619,568,2,2,2,1368,FULFILLED,ARS,11760.0,2469.6,0.0,14229.6
2266,528,888,1,,2442,2429,FULFILLED,ARS,36000.0,7560.0,1200.0,44760.0
2267,104,1065,2,4,4,637,FULFILLED,ARS,87300.0,18333.0,0.0,105633.0
2268,141,667,1,,2574,3193,PAID,ARS,80280.0,16858.8,900.0,98038.8
2269,466,156,1,,132,15,CREATED,ARS,12000.0,2520.0,1200.0,15720.0
2270,17,272,1,,1222,573,FULFILLED,ARS,35280.0,7408.8,900.0,43588.8
2271,271,515,1,,949,1971,FULFILLED,ARS,65325.0,13718.25,900.0,79943.25
2272,331,1109,2,1,1,2433,CANCELLED,ARS,91710.0,19259.1,0.0,110969.1
2273,306,4,2,1,1,151,FULFILLED,ARS,27000.0,5670.0,0.0,32670.0
2274,580,1406,2,3,3,2010,FULFILLED,ARS,12000.0,2520.0,0.0,14520.0
2275,449,701,2,4,4,2710,FULFILLED,ARS,12825.0,2693.25,0.0,15518.25
2276,264,438,2,1,1,730,PAID,ARS,30000.0,6300.0,0.0,36300.0
2277,165,275,1,,2148,2967,FULFILLED,ARS,52200.0,10962.0,1200.0,64362.0
2278,94,1054,1,,443,1626,FULFILLED,ARS,75852.0,15928.92,1200.0,92980.92
2279,233,831,2,2,2,2585,FULFILLED,ARS,24000.0,5040.0,0.0,29040.0
2280,62,161,2,3,3,236,REFUNDED,ARS,37620.0,7900.2,0.0,45520.2
2281,12,1379,1,,1946,1019,REFUNDED,ARS,27000.0,5670.0,900.0,33570.0
2282,279,1004,1,,3085,1158,FULFILLED,ARS,11880.0,2494.8,0.0,14374.8
2283,290,7,1,,2363,643,FULFILLED,ARS,25650.0,5386.5,1200.0,32236.5
2284,138,728,1,,1238,393,PAID,ARS,70800.0,14868.0,1200.0,86868.0
2285,399,832,1,,922,2863,FULFILLED,ARS,13500.0,2835.0,1200.0,17535.0
2286,507,177,1,,576,3100,FULFILLED,ARS,22800.0,4788.0,900.0,28488.0
2287,376,526,2,2,2,2711,PAID,ARS,23400.0,4914.0,0.0,28314.0
2288,202,312,2,1,1,1002,CANCELLED,ARS,44887.5,9426.38,0.0,54313.88
2289,289,297,1,,542,1059,FULFILLED,ARS,69750.0,14647.5,1200.0,85597.5
2290,244,472,2,4,4,2979,FULFILLED,ARS,29925.0,6284.25,0.0,36209.25
2291,507,133,1,,2083,1994,FULFILLED,ARS,59760.0,12549.6,900.0,73209.6
2292,74,718,2,4,4,214,FULFILLED,ARS,55440.0,11642.4,0.0,67082.4
2293,347,378,1,,906,972,CANCELLED,ARS,22800.0,4788.0,1500.0,29088.0
2294,86,1390,1,,810,1616,REFUNDED,ARS,29400.0,6174.0,1200.0,36774.0
2295,90,1114,2,3,3,2530,PAID,ARS,14250.0,2992.5,0.0,17242.5
2296,195,102,2,3,3,2268,PAID,ARS,21168.0,4445.28,0.0,25613.28
2297,516,484,1,,2405,1908,PAID,ARS,11760.0,2469.6,0.0,14229.6
2298,357,1297,2,2,2,518,FULFILLED,ARS,34200.0,7182.0,0.0,41382.0
2299,140,716,1,,1898,1140,FULFILLED,ARS,23520.0,4939.2,900.0,29359.2
2300,64,1009,1,,344,984,CANCELLED,ARS,29160.0,6123.6,1200.0,36483.6
2301,489,860,1,,2461,2191,CANCELLED,ARS,49500.0,10395.0,1200.0,61095.0
2302,172,118,1,,1586,1916,FULFILLED,ARS,12825.0,2693.25,900.0,16418.25
2303,222,891,1,,1075,2937,FULFILLED,ARS,32400.0,6804.0,0.0,39204.0
2304,403,1091,2,2,2,2132,CREATED,ARS,76320.0,16027.2,0.0,92347.2
2305,449,1373,1,,1601,,FULFILLED,ARS,27000.0,5670.0,1200.0,33870.0
2306,403,557,2,4,4,1510,FULFILLED,ARS,29100.0,6111.0,0.0,35211.0
2307,326,757,1,,2948,1469,FULFILLED,ARS,40500.0,8505.0,900.0,49905.0
2308,18,1015,1,,94,42,REFUNDED,ARS,35100.0,7371.0,1200.0,43671.0
2309,138,635,1,,1070,2007,CANCELLED,ARS,49680.0,10432.8,1200.0,61312.8
2310,426,498,1,,65,1501,FULFILLED,ARS,14850.0,3118.5,1200.0,19168.5
2311,224,886,2,4,4,2097,FULFILLED,ARS,24000.0,5040.0,0.0,29040.0
2312,488,1127,2,4,4,,FULFILLED,ARS,61335.0,12880.35,0.0,74215.35
2313,105,1220,1,,265,883,PAID,ARS,12000.0,2520.0,1500.0,16020.0
2314,320,16,1,,270,2518,FULFILLED,ARS,57825.0,12143.25,1200.0,71168.25
2315,79,350,1,,2814,,PAID,ARS,14700.0,3087.0,900.0,18687.0
2316,114,37,1,,3115,989,FULFILLED,ARS,21600.0,4536.0,900.0,27036.0
2317,299,1445,1,,1980,1095,CANCELLED,ARS,12348.0,2593.08,1500.0,16441.08
2318,16,18,1,,2215,2772,FULFILLED,ARS,12600.0,2646.0,1200.0,16446.0
2319,99,975,1,,864,2218,REFUNDED,ARS,14700.0,3087.0,0.0,17787.0
2320,407,304,2,3,3,341,FULFILLED,ARS,14700.0,3087.0,0.0,17787.0
2321,373,1199,1,,1954,,FULFILLED,ARS,32400.0,6804.0,0.0,39204.0
2322,113,437,2,2,2,486,FULFILLED,ARS,11400.0,2394.0,0.0,13794.0
2323,173,424,1,,307,373,FULFILLED,ARS,37800.0,7938.0,900.0,46638.0
2324,245,1364,1,,2517,2612,FULFILLED,ARS,30000.0,6300.0,1500.0,37800.0
2325,452,979,1,,498,1388,FULFILLED,ARS,10800.0,2268.0,900.0,13968.0
2326,549,110,1,,1593,3119,FULFILLED,ARS,58425.0,12269.25,0.0,70694.25
2327,319,751,1,,1981,2627,FULFILLED,ARS,61752.0,12967.92,900.0,75619.92
2328,180,1427,1,,2942,89,FULFILLED,ARS,32400.0,6804.0,900.0,40104.0
2329,441,252,1,,862,3175,FULFILLED,ARS,25650.0,5386.5,1200.0,32236.5
2330,341,846,2,2,2,,CANCELLED,ARS,23760.0,4989.6,0.0,28749.6
2331,431,1183,1,,2182,40,FULFILLED,ARS,12936.0,2716.56,1500.0,17152.56
2332,540,874,1,,1482,631,FULFILLED,ARS,60030.0,12606.3,900.0,73536.3
2333,579,469,1,,2212,245,FULFILLED,ARS,24000.0,5040.0,900.0,29940.0
2334,496,637,1,,2892,1557,FULFILLED,ARS,30000.0,6300.0,1500.0,37800.0
2335,527,1068,2,3,3,202,FULFILLED,ARS,66270.0,13916.7,0.0,80186.7
2336,587,1230,2,3,3,2703,FULFILLED,ARS,13230.0,2778.3,0.0,16008.3
2337,455,249,1,,2535,1027,FULFILLED,ARS,50955.0,10700.55,1500.0,63155.55
2338,336,390,1,,1186,225,FULFILLED,ARS,14250.0,2992.5,1200.0,18442.5
2339,40,162,2,2,2,1711,PAID,ARS,29400.0,6174.0,0.0,35574.0
2340,436,493,2,1,1,2562,PAID,ARS,27000.0,5670.0,0.0,32670.0
2341,282,1231,1,,2489,2385,PAID,ARS,25080.0,5266.8,900.0,31246.8
2342,307,382,1,,1626,2160,CREATED,ARS,21600.0,4536.0,1200.0,27336.0
2343,439,887,1,,2622,2396,FULFILLED,ARS,22800.0,4788.0,900.0,28488.0
2344,367,949,1,,1012,,FULFILLED,ARS,76500.0,16065.0,1200.0,93765.0
2345,289,78,1,,2221,3162,FULFILLED,ARS,67620.0,14200.2,1200.0,83020.2
2346,257,747,1,,1686,978,FULFILLED,ARS,11400.0,2394.0,1200.0,14994.0
2347,151,138,1,,3032,1109,FULFILLED,ARS,25080.0,5266.8,900.0,31246.8
2348,602,1058,1,,2925,1025,FULFILLED,ARS,44100.0,9261.0,900.0,54261.0
2349,532,189,2,2,2,1586,FULFILLED,ARS,35640.0,7484.4,0.0,43124.4
2350,505,507,1,,1671,2556,CANCELLED,ARS,44970.0,9443.7,900.0,55313.7
2351,132,1374,2,4,4,1453,FULFILLED,ARS,10800.0,2268.0,0.0,13068.0
2352,366,85,1,,2637,,FULFILLED,ARS,37800.0,7938.0,1500.0,47238.0
2353,219,239,1,,2480,1193,FULFILLED,ARS,21600.0,4536.0,900.0,27036.0
2354,182,17,1,,334,2192,FULFILLED,ARS,25872.0,5433.12,900.0,32205.12
2355,89,351,1,,2468,1175,FULFILLED,ARS,32868.0,6902.28,1200.0,40970.28
2356,160,1421,1,,2575,1140,FULFILLED,ARS,28500.0,5985.0,900.0,35385.0
2357,150,719,2,2,2,135,PAID,ARS,23520.0,4939.2,0.0,28459.2
2358,66,58,1,,377,1016,CANCELLED,ARS,24000.0,5040.0,900.0,29940.0
2359,257,245,1,,339,354,FULFILLED,ARS,37044.0,7779.24,900.0,45723.24
2360,595,1320,2,2,2,1015,FULFILLED,ARS,39900.0,8379.0,0.0,48279.0
2361,336,947,2,1,1,1428,FULFILLED,ARS,33000.0,6930.0,0.0,39930.0
2362,279,29,1,,2563,1948,FULFILLED,ARS,35280.0,7408.8,1200.0,43888.8
2363,198,375,1,,2510,347,FULFILLED,ARS,14700.0,3087.0,1200.0,18987.0
2364,41,314,1,,1875,2448,FULFILLED,ARS,13500.0,2835.0,900.0,17235.0
2365,477,974,1,,593,1879,FULFILLED,ARS,26010.0,5462.1,1200.0,32672.1
2366,249,345,1,,680,1840,REFUNDED,ARS,44835.0,9415.35,900.0,55150.35
2367,461,1331,1,,720,2730,FULFILLED,ARS,12000.0,2520.0,1200.0,15720.0
2368,237,1008,2,1,1,,FULFILLED,ARS,14700.0,3087.0,0.0,17787.0
2369,569,588,2,4,4,2540,FULFILLED,ARS,12000.0,2520.0,0.0,14520.0
2370,445,274,1,,2328,1720,PAID,ARS,28500.0,5985.0,1200.0,35685.0
2371,236,1488,2,2,2,2164,PAID,ARS,14250.0,2992.5,0.0,17242.5
2372,200,1089,1,,3041,608,PAID,ARS,37620.0,7900.2,1200.0,46720.2
2373,196,1472,1,,452,1032,FULFILLED,ARS,21168.0,4445.28,1200.0,26813.28
2374,396,1294,1,,2398,1441,FULFILLED,ARS,42750.0,8977.5,1200.0,52927.5
2375,449,10,2,2,2,1541,FULFILLED,ARS,34320.0,7207.2,0.0,41527.2
2376,320,905,1,,381,991,CANCELLED,ARS,27000.0,5670.0,1200.0,33870.0
2377,330,392,1,,1805,691,PAID,ARS,58152.0,12211.92,1500.0,71863.92
2378,292,872,1,,2980,501,FULFILLED,ARS,23370.0,4907.7,1200.0,29477.7
2379,111,825,1,,1299,2418,FULFILLED,ARS,34560.0,7257.6,0.0,41817.6
2380,132,625,2,3,3,343,FULFILLED,ARS,42750.0,8977.5,0.0,51727.5
2381,57,1389,1,,932,221,FULFILLED,ARS,32400.0,6804.0,1500.0,40704.0
2382,140,5,1,,452,1036,FULFILLED,ARS,21600.0,4536.0,900.0,27036.0
2383,154,74,2,1,1,2594,FULFILLED,ARS,12936.0,2716.56,0.0,15652.56
2384,621,805,1,,3076,2407,FULFILLED,ARS,90000.0,18900.0,0.0,108900.0
2385,264,893,1,,2945,1864,FULFILLED,ARS,21600.0,4536.0,1200.0,27336.0
2386,476,347,1,,258,,FULFILLED,ARS,75600.0,15876.0,0.0,91476.0
2387,101,705,2,4,4,906,FULFILLED,ARS,57600.0,12096.0,0.0,69696.0
2388,76,1342,1,,285,1927,FULFILLED,ARS,64152.0,13471.92,900.0,78523.92
2389,519,97,1,,1129,974,FULFILLED,ARS,42750.0,8977.5,1200.0,52927.5
2390,136,1308,2,1,1,432,FULFILLED,ARS,57000.0,11970.0,0.0,68970.0
2391,170,714,2,1,1,2778,FULFILLED,ARS,57720.0,12121.2,0.0,69841.2
2392,587,1357,1,,532,441,FULFILLED,ARS,35280.0,7408.8,900.0,43588.8
2393,609,1092,1,,2350,78,FULFILLED,ARS,51300.0,10773.0,1200.0,63273.0
2394,504,513,2,1,1,,PAID,ARS,27000.0,5670.0,0.0,32670.0
2395,491,263,2,2,2,3085,FULFILLED,ARS,10584.0,2222.64,0.0,12806.64
2396,624,437,2,4,4,854,FULFILLED,ARS,36000.0,7560.0,0.0,43560.0
2397,8,1216,1,,1111,232,PAID,ARS,39600.0,8316.0,900.0,48816.0
2398,167,1391,2,3,3,1743,FULFILLED,ARS,35280.0,7408.8,0.0,42688.8
2399,103,348,1,,246,388,FULFILLED,ARS,45000.0,9450.0,1200.0,55650.0
2400,356,429,1,,438,2703,FULFILLED,ARS,28500.0,5985.0,1200.0,35685.0
2401,605,388,2,3,3,176,FULFILLED,ARS,25872.0,5433.12,0.0,31305.12
2402,232,1062,1,,3104,2538,FULFILLED,ARS,21168.0,4445.28,1500.0,27113.28
2403,9,536,1,,2838,1544,FULFILLED,ARS,32400.0,6804.0,900.0,40104.0
2404,322,516,1,,467,2264,FULFILLED,ARS,59850.0,12568.5,0.0,72418.5
2405,423,1025,2,3,3,862,FULFILLED,ARS,15000.0,3150.0,0.0,18150.0
2406,16,1405,2,1,1,2751,FULFILLED,ARS,45000.0,9450.0,0.0,54450.0
2407,520,1317,1,,1169,2245,PAID,ARS,45000.0,9450.0,0.0,54450.0
2408,20,1200,2,4,4,1464,FULFILLED,ARS,32400.0,6804.0,0.0,39204.0
2409,450,984,2,4,4,1860,FULFILLED,ARS,57600.0,12096.0,0.0,69696.0
2410,49,1465,2,4,4,171,PAID,ARS,35640.0,7484.4,0.0,43124.4
2411,622,831,1,,2644,2637,PAID,ARS,53568.0,11249.28,1200.0,66017.28
2412,345,1206,1,,2473,115,PAID,ARS,37800.0,7938.0,900.0,46638.0
2413,277,1431,2,4,4,1860,FULFILLED,ARS,88770.0,18641.7,0.0,107411.7
2414,615,1288,1,,856,2614,FULFILLED,ARS,27000.0,5670.0,1500.0,34170.0
2415,145,812,1,,2575,2630,FULFILLED,ARS,29400.0,6174.0,900.0,36474.0
2416,445,587,1,,1717,3181,PAID,ARS,44925.0,9434.25,900.0,55259.25
2417,238,709,2,2,2,2943,PAID,ARS,11400.0,2394.0,0.0,13794.0
2418,115,544,2,2,2,3127,FULFILLED,ARS,12825.0,2693.25,0.0,15518.25
2419,503,1174,2,3,3,2670,REFUNDED,ARS,24300.0,5103.0,0.0,29403.0
2420,433,249,1,,659,3063,FULFILLED,ARS,35520.0,7459.2,900.0,43879.2
2421,354,709,1,,331,1348,FULFILLED,ARS,19440.0,4082.4,1500.0,25022.4
2422,360,368,2,4,4,453,FULFILLED,ARS,24300.0,5103.0,0.0,29403.0
2423,572,991,1,,998,1932,REFUNDED,ARS,32400.0,6804.0,900.0,40104.0
2424,242,217,2,1,1,2795,PAID,ARS,31350.0,6583.5,0.0,37933.5
2425,559,146,1,,280,332,PAID,ARS,42750.0,8977.5,1200.0,52927.5
2426,67,1376,1,,324,3061,FULFILLED,ARS,22200.0,4662.0,900.0,27762.0
2427,183,583,1,,245,1365,FULFILLED,ARS,65952.0,13849.92,0.0,79801.92
2428,47,779,1,,754,1660,PAID,ARS,55860.0,11730.6,1200.0,68790.6
2429,373,216,1,,719,1692,FULFILLED,ARS,42675.0,8961.75,1200.0,52836.75
2430,564,1266,2,4,4,2260,PAID,ARS,38475.0,8079.75,0.0,46554.75
2431,551,629,1,,1505,441,PAID,ARS,35190.0,7389.9,1200.0,43779.9
2432,372,245,2,4,4,2180,FULFILLED,ARS,21600.0,4536.0,0.0,26136.0
2433,607,1256,2,4,4,242,FULFILLED,ARS,10800.0,2268.0,0.0,13068.0
2434,282,1195,1,,2641,518,FULFILLED,ARS,35280.0,7408.8,900.0,43588.8
2435,27,191,2,3,3,1443,FULFILLED,ARS,13500.0,2835.0,0.0,16335.0
2436,604,1477,1,,82,3059,FULFILLED,ARS,23760.0,4989.6,900.0,29649.6
2437,93,464,2,4,4,414,FULFILLED,ARS,24000.0,5040.0,0.0,29040.0
2438,199,667,2,2,2,78,FULFILLED,ARS,35280.0,7408.8,0.0,42688.8
2439,480,622,1,,2110,2917,FULFILLED,ARS,24696.0,5186.16,0.0,29882.16
2440,619,866,1,,1486,1104,CANCELLED,ARS,27348.0,5743.08,900.0,33991.08
2441,124,308,1,,1618,23,FULFILLED,ARS,14250.0,2992.5,1200.0,18442.5
2442,159,304,2,1,1,434,PAID,ARS,55200.0,11592.0,0.0,66792.0
2443,82,1405,1,,2030,1784,FULFILLED,ARS,37044.0,7779.24,900.0,45723.24
2444,390,1369,2,3,3,2678,FULFILLED,ARS,45000.0,9450.0,0.0,54450.0
2445,318,849,1,,1676,1011,CANCELLED,ARS,26100.0,5481.0,1200.0,32781.0
2446,539,658,1,,1244,1304,FULFILLED,ARS,11760.0,2469.6,1200.0,15429.6
2447,126,1400,2,4,4,1532,FULFILLED,ARS,12600.0,2646.0,0.0,15246.0
2448,95,345,1,,1079,2183,FULFILLED,ARS,45000.0,9450.0,900.0,55350.0
2449,264,617,1,,1946,2094,FULFILLED,ARS,34200.0,7182.0,900.0,42282.0
2450,270,219,2,4,4,2531,FULFILLED,ARS,11880.0,2494.8,0.0,14374.8
2451,275,1253,1,,3000,104,PAID,ARS,51180.0,10747.8,1200.0,63127.8
2452,9,377,2,4,4,2748,FULFILLED,ARS,56400.0,11844.0,0.0,68244.0
2453,336,577,2,2,2,1567,FULFILLED,ARS,45000.0,9450.0,0.0,54450.0
2454,452,769,1,,3059,1100,PAID,ARS,29160.0,6123.6,0.0,35283.6
2455,566,209,1,,2267,2144,FULFILLED,ARS,42750.0,8977.5,900.0,52627.5
2456,2,449,1,,3201,1241,PAID,ARS,88500.0,18585.0,1200.0,108285.0
2457,168,859,2,1,1,,FULFILLED,ARS,10584.0,2222.64,0.0,12806.64
2458,483,960,1,,2615,855,FULFILLED,ARS,74100.0,15561.0,1500.0,91161.0
2459,336,1120,1,,1140,3203,CANCELLED,ARS,13500.0,2835.0,1500.0,17835.0
2460,458,993,1,,666,323,FULFILLED,ARS,23520.0,4939.2,1200.0,29659.2
2461,209,375,2,3,3,2964,PAID,ARS,36000.0,7560.0,0.0,43560.0
2462,332,421,2,2,2,123,PAID,ARS,14700.0,3087.0,0.0,17787.0
2463,292,1219,2,4,4,274,FULFILLED,ARS,12000.0,2520.0,0.0,14520.0
2464,403,1418,2,1,1,2697,FULFILLED,ARS,24825.0,5213.25,0.0,30038.25
2465,396,1034,1,,2094,631,FULFILLED,ARS,45000.0,9450.0,1200.0,55650.0
2466,330,801,1,,1716,3160,FULFILLED,ARS,29400.0,6174.0,900.0,36474.0
2467,388,89,2,3,3,,PAID,ARS,60480.0,12700.8,0.0,73180.8
2468,572,436,2,1,1,971,FULFILLED,ARS,19440.0,4082.4,0.0,23522.4
2469,636,281,1,,94,1527,FULFILLED,ARS,34200.0,7182.0,900.0,42282.0
2470,211,593,1,,774,3063,FULFILLED,ARS,126031.5,26466.62,0.0,152498.12
2471,180,996,2,2,2,2552,FULFILLED,ARS,40500.0,8505.0,0.0,49005.0
2472,574,205,1,,1815,,FULFILLED,ARS,11970.0,2513.7,1200.0,15683.7
2473,9,520,1,,2323,867,FULFILLED,ARS,40500.0,8505.0,1200.0,50205.0
2474,601,12,1,,102,720,PAID,ARS,11400.0,2394.0,1200.0,14994.0
2475,288,126,1,,1303,902,FULFILLED,ARS,46305.0,9724.05,1200.0,57229.05
2476,175,826,2,1,1,1604,PAID,ARS,44887.5,9426.38,0.0,54313.88
2477,451,1062,1,,2020,,FULFILLED,ARS,11400.0,2394.0,1500.0,15294.0
2478,19,382,2,3,3,2975,CREATED,ARS,31320.0,6577.2,0.0,37897.2
2479,109,668,1,,2526,2457,CREATED,ARS,10260.0,2154.6,900.0,13314.6
2480,382,1049,1,,2540,,FULFILLED,ARS,63450.0,13324.5,1200.0,77974.5
2481,187,1479,1,,2849,1340,FULFILLED,ARS,12000.0,2520.0,1500.0,16020.0
2482,633,586,2,1,1,2567,FULFILLED,ARS,12936.0,2716.56,0.0,15652.56
2483,386,983,1,,2027,1854,FULFILLED,ARS,32400.0,6804.0,1200.0,40404.0
2484,173,921,1,,1,2241,FULFILLED,ARS,24000.0,5040.0,1200.0,30240.0
2485,272,837,1,,579,3060,FULFILLED,ARS,45000.0,9450.0,1200.0,55650.0
2486,615,1404,2,4,4,,FULFILLED,ARS,41400.0,8694.0,0.0,50094.0
2487,327,605,2,4,4,1120,CANCELLED,ARS,34200.0,7182.0,0.0,41382.0
2488,96,836,1,,1525,1291,FULFILLED,ARS,36000.0,7560.0,1200.0,44760.0
2489,492,30,1,,138,160,FULFILLED,ARS,30000.0,6300.0,0.0,36300.0
2490,207,1358,1,,1719,2838,PAID,ARS,9720.0,2041.2,1500.0,13261.2
2491,293,569,1,,2913,2246,FULFILLED,ARS,13500.0,2835.0,900.0,17235.0
2492,247,459,2,1,1,2059,FULFILLED,ARS,12348.0,2593.08,0.0,14941.08
2493,594,870,1,,848,2661,FULFILLED,ARS,31752.0,6667.92,1500.0,39919.92
2494,238,1123,1,,1239,,CANCELLED,ARS,15750.0,3307.5,900.0,19957.5
2495,373,146,2,3,3,2728,PAID,ARS,30780.0,6463.8,0.0,37243.8
2496,66,826,2,1,1,2224,FULFILLED,ARS,54600.0,11466.0,0.0,66066.0
2497,31,1228,1,,13,574,PAID,ARS,10260.0,2154.6,1200.0,13614.6
2498,107,495,1,,1596,958,FULFILLED,ARS,47250.0,9922.5,900.0,58072.5
2499,127,1159,2,1,1,2595,FULFILLED,ARS,45000.0,9450.0,0.0,54450.0
2500,529,1344,1,,1759,1708,FULFILLED,ARS,10800.0,2268.0,1200.0,14268.0
2501,270,847,1,,1824,1551,PAID,ARS,21600.0,4536.0,900.0,27036.0
2502,270,690,1,,289,1910,PAID,ARS,25872.0,5433.12,0.0,31305.12
2503,530,985,1,,2035,1983,FULFILLED,ARS,14700.0,3087.0,1200.0,18987.0
2504,440,1413,2,2,2,1923,PAID,ARS,28350.0,5953.5,0.0,34303.5
2505,97,1280,2,3,3,1846,FULFILLED,ARS,14175.0,2976.75,0.0,17151.75
2506,444,1130,1,,3196,1628,FULFILLED,ARS,131850.0,27688.5,900.0,160438.5
2507,549,247,1,,3091,1731,FULFILLED,ARS,29160.0,6123.6,1200.0,36483.6
2508,609,666,2,1,1,1724,FULFILLED,ARS,11400.0,2394.0,0.0,13794.0
2509,217,995,1,,1395,657,FULFILLED,ARS,63630.0,13362.3,900.0,77892.3
2510,485,1081,1,,794,3055,CANCELLED,ARS,24000.0,5040.0,0.0,29040.0
2511,289,723,1,,1777,2234,FULFILLED,ARS,11400.0,2394.0,900.0,14694.0
2512,79,1284,2,1,1,577,PAID,ARS,11760.0,2469.6,0.0,14229.6
2513,351,1372,2,4,4,2773,FULFILLED,ARS,42750.0,8977.5,0.0,51727.5
2514,303,397,1,,1948,1348,FULFILLED,ARS,10800.0,2268.0,1500.0,14568.0
2515,193,508,1,,1168,,PAID,ARS,47250.0,9922.5,0.0,57172.5
2516,512,1212,2,1,1,1920,FULFILLED,ARS,36000.0,7560.0,0.0,43560.0
2517,59,765,1,,2221,1701,PAID,ARS,21600.0,4536.0,1500.0,27636.0
2518,412,444,1,,2213,1627,FULFILLED,ARS,25872.0,5433.12,0.0,31305.12
2519,232,798,1,,2138,1515,FULFILLED,ARS,11760.0,2469.6,1200.0,15429.6
2520,217,1380,2,2,2,153,FULFILLED,ARS,12000.0,2520.0,0.0,14520.0
2521,176,260,1,,153,553,PAID,ARS,39600.0,8316.0,1200.0,49116.0
2522,563,25,1,,2426,504,FULFILLED,ARS,45000.0,9450.0,900.0,55350.0
2523,558,1301,2,2,2,2677,FULFILLED,ARS,13500.0,2835.0,0.0,16335.0
2524,102,600,2,4,4,1793,FULFILLED,ARS,30870.0,6482.7,0.0,37352.7
2525,60,678,1,,2327,625,FULFILLED,ARS,70537.5,14812.88,900.0,86250.38
2526,577,1500,1,,2014,3037,PAID,ARS,79380.0,16669.8,1200.0,97249.8
2527,459,1414,1,,2734,2711,FULFILLED,ARS,29700.0,6237.0,900.0,36837.0
2528,532,490,1,,1366,643,FULFILLED,ARS,26722.5,5611.72,900.0,33234.22
2529,454,932,1,,1437,2508,FULFILLED,ARS,29160.0,6123.6,900.0,36183.6
2530,47,812,2,1,1,14,FULFILLED,ARS,67380.0,14149.8,0.0,81529.8
2531,252,1160,1,,982,2215,FULFILLED,ARS,23940.0,5027.4,900.0,29867.4
2532,373,290,1,,2764,2109,PAID,ARS,21168.0,4445.28,1200.0,26813.28
2533,530,891,1,,1956,,FULFILLED,ARS,14175.0,2976.75,1200.0,18351.75
2534,161,870,1,,2098,1756,FULFILLED,ARS,34020.0,7144.2,900.0,42064.2
2535,9,991,2,2,2,1887,FULFILLED,ARS,24360.0,5115.6,0.0,29475.6
2536,121,793,1,,2704,346,FULFILLED,ARS,42552.0,8935.92,1500.0,52987.92
2537,169,741,1,,419,403,PAID,ARS,12825.0,2693.25,900.0,16418.25
2538,488,229,1,,2691,92,FULFILLED,ARS,23520.0,4939.2,900.0,29359.2
2539,38,177,2,2,2,2241,CANCELLED,ARS,23940.0,5027.4,0.0,28967.4
2540,70,706,1,,45,2837,FULFILLED,ARS,14850.0,3118.5,1200.0,19168.5
2541,65,665,1,,2388,2483,FULFILLED,ARS,39084.0,8207.64,900.0,48191.64
2542,363,510,2,2,2,803,REFUNDED,ARS,32400.0,6804.0,0.0,39204.0
2543,258,1172,1,,927,1603,FULFILLED,ARS,21600.0,4536.0,0.0,26136.0
2544,326,392,2,2,2,1725,FULFILLED,ARS,45000.0,9450.0,0.0,54450.0
2545,508,163,1,,2639,2862,FULFILLED,ARS,12000.0,2520.0,1200.0,15720.0
2546,379,918,1,,851,1831,FULFILLED,ARS,24300.0,5103.0,0.0,29403.0
2547,40,788,2,2,2,170,PAID,ARS,23550.0,4945.5,0.0,28495.5
2548,201,1008,1,,1553,3128,FULFILLED,ARS,28500.0,5985.0,1200.0,35685.0
2549,621,157,1,,2495,3075,FULFILLED,ARS,65430.0,13740.3,900.0,80070.3
2550,126,1387,1,,1038,1061,FULFILLED,ARS,51030.0,10716.3,1200.0,62946.3
2551,556,448,1,,1284,80,CANCELLED,ARS,38808.0,8149.68,900.0,47857.68
2552,209,180,1,,971,1630,FULFILLED,ARS,12348.0,2593.08,1200.0,16141.08
2553,262,988,1,,2243,,FULFILLED,ARS,14962.5,3142.12,900.0,19004.62
2554,627,1133,1,,1758,1898,FULFILLED,ARS,35280.0,7408.8,1200.0,43888.8
2555,188,441,1,,1660,,FULFILLED,ARS,40500.0,8505.0,1200.0,50205.0
2556,216,44,1,,104,169,FULFILLED,ARS,21600.0,4536.0,1200.0,27336.0
2557,507,194,1,,870,1279,PAID,ARS,9720.0,2041.2,0.0,11761.2
2558,134,622,1,,2814,3179,FULFILLED,ARS,53475.0,11229.75,1200.0,65904.75
2559,415,81,1,,620,1641,FULFILLED,ARS,34020.0,7144.2,900.0,42064.2
2560,603,525,1,,542,,CREATED,ARS,24696.0,5186.16,1200.0,31082.16
2561,489,204,2,2,2,,FULFILLED,ARS,45000.0,9450.0,0.0,54450.0
2562,336,1393,2,2,2,621,FULFILLED,ARS,27000.0,5670.0,0.0,32670.0
2563,173,1057,1,,3025,866,FULFILLED,ARS,34020.0,7144.2,1500.0,42664.2
2564,354,310,1,,2903,3028,FULFILLED,ARS,105735.0,22204.35,1200.0,129139.35
2565,16,358,1,,2650,2400,FULFILLED,ARS,35640.0,7484.4,1500.0,44624.4
2566,193,1271,1,,2331,1505,FULFILLED,ARS,47520.0,9979.2,900.0,58399.2
2567,503,1158,1,,1563,1995,FULFILLED,ARS,24300.0,5103.0,900.0,30303.0
2568,550,492,2,4,4,518,PAID,ARS,29400.0,6174.0,0.0,35574.0
2569,388,1207,1,,2890,532,FULFILLED,ARS,22800.0,4788.0,900.0,28488.0
2570,495,1015,2,3,3,2074,FULFILLED,ARS,12600.0,2646.0,0.0,15246.0
2571,353,698,2,2,2,592,FULFILLED,ARS,47040.0,9878.4,0.0,56918.4
2572,407,860,2,4,4,2377,FULFILLED,ARS,37272.0,7827.12,0.0,45099.12
2573,369,1258,1,,2191,1676,FULFILLED,ARS,57915.0,12162.15,900.0,70977.15
2574,323,1032,1,,1100,869,FULFILLED,ARS,42750.0,8977.5,1200.0,52927.5
2575,623,26,1,,1110,1220,FULFILLED,ARS,23520.0,4939.2,1200.0,29659.2
2576,209,268,1,,1514,2174,FULFILLED,ARS,66600.0,13986.0,900.0,81486.0
2577,124,1242,1,,367,1100,FULFILLED,ARS,34020.0,7144.2,1200.0,42364.2
2578,97,393,1,,256,344,PAID,ARS,60000.0,12600.0,0.0,72600.0
2579,255,99,2,4,4,2866,CREATED,ARS,10800.0,2268.0,0.0,13068.0
2580,630,518,1,,2453,1398,FULFILLED,ARS,24300.0,5103.0,0.0,29403.0
2581,250,420,1,,350,2707,FULFILLED,ARS,57168.0,12005.28,1500.0,70673.28
2582,63,323,2,3,3,1939,FULFILLED,ARS,37380.0,7849.8,0.0,45229.8
2583,54,1359,1,,2510,1081,FULFILLED,ARS,50460.0,10596.6,900.0,61956.6
2584,397,988,1,,1544,334,FULFILLED,ARS,45600.0,9576.0,900.0,56076.0
2585,404,687,2,3,3,1125,FULFILLED,ARS,13500.0,2835.0,0.0,16335.0
2586,176,395,1,,197,1502,CANCELLED,ARS,24000.0,5040.0,1200.0,30240.0
2587,355,35,2,3,3,1851,FULFILLED,ARS,26400.0,5544.0,0.0,31944.0
2588,429,264,2,2,2,537,FULFILLED,ARS,73800.0,15498.0,0.0,89298.0
2589,287,1085,1,,3157,2031,FULFILLED,ARS,21600.0,4536.0,900.0,27036.0
2590,317,1023,1,,261,2156,FULFILLED,ARS,40500.0,8505.0,900.0,49905.0
2591,406,789,1,,900,18,CANCELLED,ARS,82500.0,17325.0,900.0,100725.0
2592,567,524,2,2,2,1093,FULFILLED,ARS,68400.0,14364.0,0.0,82764.0
2593,167,189,1,,2593,1360,PAID,ARS,45540.0,9563.4,0.0,55103.4
2594,510,806,2,4,4,139,CANCELLED,ARS,49500.0,10395.0,0.0,59895.0
2595,268,1241,1,,2779,,FULFILLED,ARS,45000.0,9450.0,1500.0,55950.0
2596,39,1210,1,,436,1647,FULFILLED,ARS,27000.0,5670.0,1200.0,33870.0
2597,543,1034,1,,1676,89,CANCELLED,ARS,39450.0,8284.5,1500.0,49234.5
2598,539,653,2,1,1,2046,CANCELLED,ARS,28500.0,5985.0,0.0,34485.0
2599,111,662,2,1,1,1943,FULFILLED,ARS,12000.0,2520.0,0.0,14520.0
2600,281,726,2,3,3,3189,PAID,ARS,30000.0,6300.0,0.0,36300.0
2601,413,1306,1,,347,3168,FULFILLED,ARS,46305.0,9724.05,0.0,56029.05
2602,146,1383,2,3,3,997,CANCELLED,ARS,65700.0,13797.0,0.0,79497.0
2603,577,489,1,,425,649,CANCELLED,ARS,14250.0,2992.5,900.0,18142.5
2604,552,1476,1,,1072,2328,FULFILLED,ARS,75150.0,15781.5,900.0,91831.5
2605,145,90,2,3,3,760,FULFILLED,ARS,22800.0,4788.0,0.0,27588.0
2606,18,938,1,,18,1551,FULFILLED,ARS,30000.0,6300.0,1200.0,37500.0
2607,15,1239,1,,146,1139,FULFILLED,ARS,13200.0,2772.0,900.0,16872.0
2608,217,594,2,4,4,2576,FULFILLED,ARS,29400.0,6174.0,0.0,35574.0
2609,169,1277,2,4,4,2463,FULFILLED,ARS,35640.0,7484.4,0.0,43124.4
2610,599,1386,1,,503,1027,FULFILLED,ARS,34200.0,7182.0,1500.0,42882.0
2611,310,88,1,,1212,748,FULFILLED,ARS,21600.0,4536.0,1500.0,27636.0
2612,303,1274,1,,440,2420,PAID,ARS,109008.0,22891.68,1500.0,133399.68
2613,565,1083,2,2,2,1341,FULFILLED,ARS,23520.0,4939.2,0.0,28459.2
2614,229,405,1,,105,2278,FULFILLED,ARS,10800.0,2268.0,1200.0,14268.0
2615,414,1206,2,1,1,780,PAID,ARS,36348.0,7633.08,0.0,43981.08
2616,269,427,1,,991,411,FULFILLED,ARS,34200.0,7182.0,0.0,41382.0
2617,624,1230,1,,2873,1365,FULFILLED,ARS,54000.0,11340.0,900.0,66240.0
2618,505,119,2,3,3,1233,FULFILLED,ARS,54900.0,11529.0,0.0,66429.0
2619,171,1305,1,,3100,3147,FULFILLED,ARS,24000.0,5040.0,1500.0,30540.0
2620,627,1274,2,3,3,1362,FULFILLED,ARS,10260.0,2154.6,0.0,12414.6
2621,81,77,1,,2591,2128,CANCELLED,ARS,29700.0,6237.0,900.0,36837.0
2622,467,136,1,,2293,1918,FULFILLED,ARS,27048.0,5680.08,900.0,33628.08
2623,75,782,2,2,2,2236,FULFILLED,ARS,38475.0,8079.75,0.0,46554.75
2624,200,293,1,,2170,1641,FULFILLED,ARS,38808.0,8149.68,1500.0,48457.68
2625,309,481,2,3,3,1085,PAID,ARS,32400.0,6804.0,0.0,39204.0
2626,399,593,1,,903,860,FULFILLED,ARS,13200.0,2772.0,1200.0,17172.0
2627,142,617,1,,913,1716,FULFILLED,ARS,69000.0,14490.0,900.0,84390.0
2628,311,1021,2,1,1,1844,FULFILLED,ARS,30000.0,6300.0,0.0,36300.0
2629,102,382,2,2,2,2543,FULFILLED,ARS,35640.0,7484.4,0.0,43124.4
2630,306,1356,2,4,4,2266,FULFILLED,ARS,13200.0,2772.0,0.0,15972.0
2631,498,464,1,,55,,FULFILLED,ARS,47100.0,9891.0,1200.0,58191.0
2632,27,618,1,,1397,1920,FULFILLED,ARS,31350.0,6583.5,1500.0,39433.5
2633,296,950,2,3,3,2726,FULFILLED,ARS,47340.0,9941.4,0.0,57281.4
2634,159,1371,2,1,1,1117,FULFILLED,ARS,35280.0,7408.8,0.0,42688.8
2635,53,1007,2,2,2,1447,FULFILLED,ARS,52260.0,10974.6,0.0,63234.6
2636,480,48,1,,845,110,FULFILLED,ARS,38808.0,8149.68,0.0,46957.68
2637,344,1231,2,2,2,1786,PAID,ARS,45000.0,9450.0,0.0,54450.0
2638,180,1143,2,2,2,2504,CREATED,ARS,54000.0,11340.0,0.0,65340.0
2639,424,1374,2,3,3,1020,FULFILLED,ARS,21600.0,4536.0,0.0,26136.0
2640,314,1014,1,,2787,,FULFILLED,ARS,42525.0,8930.25,1200.0,52655.25
2641,344,1161,1,,2384,2844,PAID,ARS,11400.0,2394.0,1500.0,15294.0
2642,155,423,1,,310,2352,FULFILLED,ARS,32400.0,6804.0,900.0,40104.0
2643,10,52,1,,1047,,FULFILLED,ARS,31500.0,6615.0,1500.0,39615.0
2644,574,1112,1,,1065,1827,FULFILLED,ARS,35868.0,7532.28,1200.0,44600.28
2645,245,1046,1,,450,1472,FULFILLED,ARS,29400.0,6174.0,900.0,36474.0
2646,361,555,2,3,3,2451,FULFILLED,ARS,79380.0,16669.8,0.0,96049.8
2647,419,24,1,,3173,1095,FULFILLED,ARS,28500.0,5985.0,900.0,35385.0
2648,132,506,2,2,2,600,FULFILLED,ARS,22800.0,4788.0,0.0,27588.0
2649,337,1211,1,,74,2722,PAID,ARS,33384.0,7010.64,1500.0,41894.64
2650,199,859,1,,2355,2911,FULFILLED,ARS,47100.0,9891.0,900.0,57891.0
2651,315,1376,1,,882,226,FULFILLED,ARS,12150.0,2551.5,1200.0,15901.5
2652,521,83,2,1,1,,FULFILLED,ARS,63420.0,13318.2,0.0,76738.2
2653,608,284,1,,1706,2039,FULFILLED,ARS,32400.0,6804.0,1500.0,40704.0
2654,399,517,2,1,1,880,PAID,ARS,11400.0,2394.0,0.0,13794.0
2655,97,521,2,1,1,855,FULFILLED,ARS,42750.0,8977.5,0.0,51727.5
2656,26,585,1,,1233,416,FULFILLED,ARS,66900.0,14049.0,900.0,81849.0
2657,225,282,2,3,3,1981,FULFILLED,ARS,44100.0,9261.0,0.0,53361.0
2658,495,1234,2,1,1,1727,FULFILLED,ARS,25080.0,5266.8,0.0,30346.8
2659,154,1350,2,4,4,3077,FULFILLED,ARS,84780.0,17803.8,0.0,102583.8
2660,490,31,1,,45,2971,PAID,ARS,79830.0,16764.3,1200.0,97794.3
2661,359,1356,1,,31,2367,CREATED,ARS,27000.0,5670.0,900.0,33570.0
2662,439,1392,1,,1999,2436,FULFILLED,ARS,21168.0,4445.28,900.0,26513.28
2663,475,702,2,4,4,,FULFILLED,ARS,26460.0,5556.6,0.0,32016.6
2664,21,1414,1,,1536,2232,PAID,ARS,12000.0,2520.0,1200.0,15720.0
2665,204,216,1,,1566,44,PAID,ARS,28350.0,5953.5,900.0,35203.5
2666,421,87,1,,781,1356,PAID,ARS,14850.0,3118.5,0.0,17968.5
2667,216,173,2,2,2,2333,FULFILLED,ARS,30000.0,6300.0,0.0,36300.0
2668,33,767,2,2,2,2503,FULFILLED,ARS,13230.0,2778.3,0.0,16008.3
2669,636,49,1,,2812,3076,FULFILLED,ARS,77250.0,16222.5,1200.0,94672.5
2670,369,706,1,,2407,,FULFILLED,ARS,49500.0,10395.0,1200.0,61095.0
2671,350,1456,1,,1944,468,CANCELLED,ARS,39300.0,8253.0,900.0,48453.0
2672,627,87,2,1,1,,CANCELLED,ARS,21168.0,4445.28,0.0,25613.28
2673,428,1066,2,3,3,2229,PAID,ARS,30780.0,6463.8,0.0,37243.8
2674,125,1398,2,3,3,1771,FULFILLED,ARS,10800.0,2268.0,0.0,13068.0
2675,255,544,1,,1899,2103,REFUNDED,ARS,65400.0,13734.0,0.0,79134.0
2676,132,135,1,,632,1604,FULFILLED,ARS,28500.0,5985.0,900.0,35385.0
2677,372,806,1,,384,2596,FULFILLED,ARS,29400.0,6174.0,1200.0,36774.0
2678,490,1230,1,,1660,2950,FULFILLED,ARS,35400.0,7434.0,900.0,43734.0
2679,65,995,1,,318,2428,FULFILLED,ARS,66060.0,13872.6,0.0,79932.6
2680,483,629,2,1,1,1465,FULFILLED,ARS,35280.0,7408.8,0.0,42688.8
2681,182,1312,1,,1893,2403,FULFILLED,ARS,14250.0,2992.5,900.0,18142.5
2682,398,1339,1,,2903,2365,FULFILLED,ARS,39000.0,8190.0,900.0,48090.0
2683,327,1172,2,3,3,457,FULFILLED,ARS,14962.5,3142.12,0.0,18104.62
2684,13,1064,2,3,3,2515,FULFILLED,ARS,10800.0,2268.0,0.0,13068.0
2685,583,913,2,2,2,,CANCELLED,ARS,13500.0,2835.0,0.0,16335.0
2686,551,295,1,,1179,606,FULFILLED,ARS,45000.0,9450.0,0.0,54450.0
2687,299,461,1,,2431,2298,CANCELLED,ARS,44100.0,9261.0,0.0,53361.0
2688,544,326,1,,2606,249,REFUNDED,ARS,85980.0,18055.8,900.0,104935.8
2689,94,971,1,,2904,3158,FULFILLED,ARS,62340.0,13091.4,1200.0,76631.4
2690,169,70,2,4,4,2936,REFUNDED,ARS,32340.0,6791.4,0.0,39131.4
2691,63,415,1,,113,809,FULFILLED,ARS,14250.0,2992.5,0.0,17242.5
2692,65,292,2,3,3,870,FULFILLED,ARS,14250.0,2992.5,0.0,17242.5
2693,626,717,1,,518,718,FULFILLED,ARS,47040.0,9878.4,900.0,57818.4
2694,609,904,1,,2542,310,PAID,ARS,68520.0,14389.2,1200.0,84109.2
2695,630,437,1,,3041,1778,CANCELLED,ARS,67410.0,14156.1,900.0,82466.1
2696,599,1396,2,3,3,1607,FULFILLED,ARS,25650.0,5386.5,0.0,31036.5
2697,524,393,1,,1081,595,FULFILLED,ARS,30000.0,6300.0,900.0,37200.0
2698,632,1289,1,,3023,,CANCELLED,ARS,70650.0,14836.5,900.0,86386.5
2699,186,394,2,3,3,1839,FULFILLED,ARS,10800.0,2268.0,0.0,13068.0
2700,343,1413,2,2,2,125,FULFILLED,ARS,58800.0,12348.0,0.0,71148.0
2701,230,1157,2,1,1,813,FULFILLED,ARS,46200.0,9702.0,0.0,55902.0
2702,621,1308,1,,1048,3126,FULFILLED,ARS,63180.0,13267.8,1200.0,77647.8
2703,282,628,1,,560,,FULFILLED,ARS,10260.0,2154.6,900.0,13314.6
2704,342,317,1,,1202,152,FULFILLED,ARS,44887.5,9426.38,1200.0,55513.88
2705,190,55,2,1,1,1955,FULFILLED,ARS,48510.0,10187.1,0.0,58697.1
2706,567,339,2,1,1,2289,PAID,ARS,42660.0,8958.6,0.0,51618.6
2707,355,1277,1,,843,2019,FULFILLED,ARS,40020.0,8404.2,1200.0,49624.2
2708,95,823,1,,2717,1249,FULFILLED,ARS,35280.0,7408.8,900.0,43588.8
2709,77,272,1,,3103,1149,FULFILLED,ARS,36000.0,7560.0,0.0,43560.0
2710,186,1147,1,,1075,2543,REFUNDED,ARS,49920.0,10483.2,900.0,61303.2
2711,375,594,2,1,1,2923,FULFILLED,ARS,21600.0,4536.0,0.0,26136.0
2712,351,639,1,,2786,2534,FULFILLED,ARS,23760.0,4989.6,900.0,29649.6
2713,615,172,1,,2712,877,FULFILLED,ARS,15435.0,3241.35,0.0,18676.35
2714,609,1182,1,,263,1818,PAID,ARS,15750.0,3307.5,0.0,19057.5
2715,400,35,1,,1984,2445,FULFILLED,ARS,16500.0,3465.0,1200.0,21165.0
2716,47,572,2,1,1,820,FULFILLED,ARS,35775.0,7512.75,0.0,43287.75
2717,391,816,1,,1934,549,FULFILLED,ARS,34920.0,7333.2,1500.0,43753.2
2718,162,359,1,,1859,,FULFILLED,ARS,56100.0,11781.0,0.0,67881.0
2719,508,272,1,,2022,1691,FULFILLED,ARS,43110.0,9053.1,0.0,52163.1
2720,539,402,2,4,4,2875,FULFILLED,ARS,10584.0,2222.64,0.0,12806.64
2721,83,1137,1,,2260,446,CANCELLED,ARS,22680.0,4762.8,0.0,27442.8
2722,166,1267,2,3,3,1797,REFUNDED,ARS,87900.0,18459.0,0.0,106359.0
2723,321,603,1,,358,1035,PAID,ARS,36000.0,7560.0,1200.0,44760.0
2724,259,606,2,4,4,2773,FULFILLED,ARS,21600.0,4536.0,0.0,26136.0
2725,349,1268,1,,2501,4,REFUNDED,ARS,30000.0,6300.0,1200.0,37500.0
2726,594,1393,1,,829,593,FULFILLED,ARS,12600.0,2646.0,0.0,15246.0
2727,557,1486,1,,3037,,CANCELLED,ARS,48510.0,10187.1,0.0,58697.1
2728,469,1453,1,,2136,,CANCELLED,ARS,13500.0,2835.0,0.0,16335.0
2729,328,1352,1,,2763,950,FULFILLED,ARS,22800.0,4788.0,900.0,28488.0
2730,94,1357,2,1,1,257,PAID,ARS,34200.0,7182.0,0.0,41382.0
2731,386,725,2,1,1,2200,REFUNDED,ARS,11400.0,2394.0,0.0,13794.0
2732,618,260,2,3,3,2396,FULFILLED,ARS,32340.0,6791.4,0.0,39131.4
2733,399,378,2,3,3,2065,FULFILLED,ARS,63000.0,13230.0,0.0,76230.0
2734,383,1425,1,,2512,2015,FULFILLED,ARS,82740.0,17375.4,1200.0,101315.4
2735,188,85,1,,1308,1839,FULFILLED,ARS,80550.0,16915.5,0.0,97465.5
2736,618,1313,2,3,3,2604,FULFILLED,ARS,44550.0,9355.5,0.0,53905.5
2737,384,704,2,4,4,1268,FULFILLED,ARS,57600.0,12096.0,0.0,69696.0
2738,288,1133,2,2,2,2045,FULFILLED,ARS,42120.0,8845.2,0.0,50965.2
2739,420,176,1,,252,2738,FULFILLED,ARS,68625.0,14411.25,0.0,83036.25
2740,192,264,1,,2499,1171,FULFILLED,ARS,33384.0,7010.64,1200.0,41594.64
2741,142,882,2,1,1,,FULFILLED,ARS,45480.0,9550.8,0.0,55030.8
2742,616,529,1,,1653,174,FULFILLED,ARS,60825.0,12773.25,900.0,74498.25
2743,184,511,2,1,1,2207,FULFILLED,ARS,36450.0,7654.5,0.0,44104.5
2744,300,1192,2,4,4,,FULFILLED,ARS,40500.0,8505.0,0.0,49005.0
2745,526,866,2,2,2,996,FULFILLED,ARS,30870.0,6482.7,0.0,37352.7
2746,451,147,1,,2217,1569,FULFILLED,ARS,34200.0,7182.0,1500.0,42882.0
2747,14,846,2,2,2,972,PAID,ARS,37800.0,7938.0,0.0,45738.0
2748,481,487,1,,1511,2664,FULFILLED,ARS,64980.0,13645.8,900.0,79525.8
2749,313,1252,2,4,4,2493,FULFILLED,ARS,35760.0,7509.6,0.0,43269.6
2750,315,746,2,1,1,2929,CANCELLED,ARS,95688.0,20094.48,0.0,115782.48
2751,579,760,1,,3115,1869,PAID,ARS,30780.0,6463.8,1200.0,38443.8
2752,586,414,2,1,1,,FULFILLED,ARS,37428.0,7859.88,0.0,45287.88
2753,158,180,2,3,3,3030,FULFILLED,ARS,76500.0,16065.0,0.0,92565.0
2754,176,369,1,,346,2873,CANCELLED,ARS,81594.0,17134.74,900.0,99628.74
2755,345,1391,1,,3062,1029,FULFILLED,ARS,41622.0,8740.62,900.0,51262.62
2756,175,1181,1,,381,3177,FULFILLED,ARS,12600.0,2646.0,900.0,16146.0
2757,210,841,1,,1336,300,FULFILLED,ARS,14250.0,2992.5,900.0,18142.5
2758,453,282,1,,2724,225,FULFILLED,ARS,32400.0,6804.0,1200.0,40404.0
2759,175,1491,1,,413,1998,FULFILLED,ARS,45450.0,9544.5,900.0,55894.5
2760,238,787,2,2,2,921,CANCELLED,ARS,44100.0,9261.0,0.0,53361.0
2761,537,484,2,2,2,68,FULFILLED,ARS,30000.0,6300.0,0.0,36300.0
2762,575,559,1,,491,123,FULFILLED,ARS,62910.0,13211.1,1200.0,77321.1
2763,512,872,1,,3021,875,FULFILLED,ARS,35280.0,7408.8,900.0,43588.8
2764,467,568,1,,1138,,FULFILLED,ARS,15000.0,3150.0,1200.0,19350.0
2765,610,578,2,1,1,2314,FULFILLED,ARS,24000.0,5040.0,0.0,29040.0
2766,70,291,2,1,1,2467,FULFILLED,ARS,21600.0,4536.0,0.0,26136.0
2767,416,549,1,,311,3143,FULFILLED,ARS,31752.0,6667.92,1200.0,39619.92
2768,167,511,1,,2059,749,FULFILLED,ARS,32400.0,6804.0,1500.0,40704.0
2769,467,185,1,,2384,817,FULFILLED,ARS,32400.0,6804.0,1200.0,40404.0
2770,432,575,2,3,3,43,REFUNDED,ARS,42750.0,8977.5,0.0,51727.5
2771,156,798,1,,853,1861,CANCELLED,ARS,39690.0,8334.9,900.0,48924.9
2772,320,1108,1,,471,3044,FULFILLED,ARS,45000.0,9450.0,1200.0,55650.0
2773,97,1145,2,3,3,,FULFILLED,ARS,65280.0,13708.8,0.0,78988.8
2774,492,1421,1,,1808,1322,CANCELLED,ARS,24300.0,5103.0,1200.0,30603.0
2775,392,613,1,,2529,1827,FULFILLED,ARS,44362.5,9316.12,0.0,53678.62
2776,466,67,2,1,1,2983,PAID,ARS,44100.0,9261.0,0.0,53361.0
2777,540,415,1,,1526,579,FULFILLED,ARS,47025.0,9875.25,1200.0,58100.25
2778,80,1101,2,2,2,900,FULFILLED,ARS,21600.0,4536.0,0.0,26136.0
2779,465,939,1,,1678,1007,FULFILLED,ARS,39690.0,8334.9,0.0,48024.9
2780,279,700,1,,141,2301,CANCELLED,ARS,37800.0,7938.0,1200.0,46938.0
2781,422,258,1,,2573,1293,FULFILLED,ARS,21600.0,4536.0,900.0,27036.0
2782,532,623,1,,1446,96,FULFILLED,ARS,53040.0,11138.4,1200.0,65378.4
2783,498,164,1,,589,256,FULFILLED,ARS,43200.0,9072.0,0.0,52272.0
2784,416,684,2,2,2,1431,CREATED,ARS,12000.0,2520.0,0.0,14520.0
2785,465,271,2,4,4,2199,FULFILLED,ARS,35910.0,7541.1,0.0,43451.1
2786,292,816,2,4,4,3139,FULFILLED,ARS,11970.0,2513.7,0.0,14483.7
2787,228,1449,2,3,3,,FULFILLED,ARS,14700.0,3087.0,0.0,17787.0
2788,517,1293,1,,1596,,FULFILLED,ARS,14250.0,2992.5,1200.0,18442.5
2789,558,1097,1,,2485,182,FULFILLED,ARS,14700.0,3087.0,1200.0,18987.0
2790,14,1184,2,1,1,2827,FULFILLED,ARS,11880.0,2494.8,0.0,14374.8
2791,194,877,2,4,4,529,PAID,ARS,67800.0,14238.0,0.0,82038.0
2792,152,475,2,3,3,2072,FULFILLED,ARS,15000.0,3150.0,0.0,18150.0
2793,496,1287,2,2,2,323,REFUNDED,ARS,58425.0,12269.25,0.0,70694.25
2794,440,1113,1,,325,582,CANCELLED,ARS,25500.0,5355.0,1200.0,32055.0
2795,624,1048,1,,899,980,FULFILLED,ARS,25080.0,5266.8,1500.0,31846.8
2796,603,300,1,,537,2574,FULFILLED,ARS,30000.0,6300.0,900.0,37200.0
2797,374,175,1,,1526,1160,FULFILLED,ARS,27000.0,5670.0,1200.0,33870.0
2798,442,514,1,,946,1066,FULFILLED,ARS,34680.0,7282.8,900.0,42862.8
2799,119,1448,1,,1605,,PAID,ARS,23520.0,4939.2,900.0,29359.2
2800,611,1361,2,1,1,954,FULFILLED,ARS,16170.0,3395.7,0.0,19565.7
2801,153,883,2,4,4,268,FULFILLED,ARS,21600.0,4536.0,0.0,26136.0
2802,343,302,2,1,1,3111,FULFILLED,ARS,22800.0,4788.0,0.0,27588.0
2803,183,638,1,,618,2972,CANCELLED,ARS,37575.0,7890.75,0.0,45465.75
2804,583,537,1,,2040,166,FULFILLED,ARS,12000.0,2520.0,1500.0,16020.0
2805,279,922,1,,1374,,FULFILLED,ARS,15675.0,3291.75,0.0,18966.75
2806,343,740,2,3,3,1028,FULFILLED,ARS,11400.0,2394.0,0.0,13794.0
2807,215,1474,1,,1011,2689,FULFILLED,ARS,36000.0,7560.0,0.0,43560.0
2808,377,1234,1,,434,512,REFUNDED,ARS,37200.0,7812.0,900.0,45912.0
2809,360,1095,1,,1094,980,REFUNDED,ARS,71010.0,14912.1,900.0,86822.1
2810,168,610,1,,2093,166,REFUNDED,ARS,74880.0,15724.8,1200.0,91804.8
2811,497,1326,2,1,1,,FULFILLED,ARS,10800.0,2268.0,0.0,13068.0
2812,434,1267,1,,2236,152,REFUNDED,ARS,32400.0,6804.0,900.0,40104.0
2813,413,694,2,2,2,682,FULFILLED,ARS,27000.0,5670.0,0.0,32670.0
2814,85,373,2,3,3,,FULFILLED,ARS,37800.0,7938.0,0.0,45738.0
2815,352,1068,1,,1909,3158,CREATED,ARS,69750.0,14647.5,900.0,85297.5
2816,110,1209,1,,2036,3061,FULFILLED,ARS,45225.0,9497.25,1500.0,56222.25
2817,220,1370,1,,654,1802,PAID,ARS,21168.0,4445.28,900.0,26513.28
2818,319,357,2,2,2,1310,REFUNDED,ARS,10800.0,2268.0,0.0,13068.0
2819,613,1071,1,,1556,131,REFUNDED,ARS,13500.0,2835.0,900.0,17235.0
2820,54,1110,1,,1590,847,FULFILLED,ARS,23760.0,4989.6,0.0,28749.6
2821,574,896,2,2,2,1638,FULFILLED,ARS,35280.0,7408.8,0.0,42688.8
2822,541,1084,2,4,4,2875,REFUNDED,ARS,74088.0,15558.48,0.0,89646.48
2823,350,463,1,,516,1275,FULFILLED,ARS,35280.0,7408.8,1500.0,44188.8
2824,84,1090,1,,2652,1976,FULFILLED,ARS,59400.0,12474.0,900.0,72774.0
2825,348,462,2,2,2,,FULFILLED,ARS,71400.0,14994.0,0.0,86394.0
2826,197,918,2,3,3,2558,FULFILLED,ARS,14250.0,2992.5,0.0,17242.5
2827,147,717,1,,2415,2002,CANCELLED,ARS,14700.0,3087.0,900.0,18687.0
2828,276,1418,2,4,4,,FULFILLED,ARS,45000.0,9450.0,0.0,54450.0
2829,612,1083,2,2,2,2817,CANCELLED,ARS,36000.0,7560.0,0.0,43560.0
2830,498,444,2,4,4,359,PAID,ARS,33000.0,6930.0,0.0,39930.0
2831,261,411,1,,445,,FULFILLED,ARS,29160.0,6123.6,1500.0,36783.6
2832,256,183,1,,1499,1965,FULFILLED,ARS,31500.0,6615.0,1200.0,39315.0
2833,360,414,1,,2807,2580,FULFILLED,ARS,10800.0,2268.0,900.0,13968.0
2834,98,19,1,,731,903,PAID,ARS,13500.0,2835.0,1200.0,17535.0
2835,185,276,1,,2334,344,FULFILLED,ARS,38700.0,8127.0,1500.0,48327.0
2836,423,798,1,,1510,1890,FULFILLED,ARS,37620.0,7900.2,1500.0,47020.2
2837,635,1384,1,,2874,2601,FULFILLED,ARS,106740.0,22415.4,900.0,130055.4
2838,519,757,2,3,3,1728,FULFILLED,ARS,97605.0,20497.05,0.0,118102.05
2839,159,961,2,4,4,764,CANCELLED,ARS,39600.0,8316.0,0.0,47916.0
2840,358,1111,2,4,4,2634,CANCELLED,ARS,37800.0,7938.0,0.0,45738.0
2841,307,624,1,,748,2377,FULFILLED,ARS,40500.0,8505.0,1200.0,50205.0
2842,582,1300,1,,964,468,FULFILLED,ARS,10800.0,2268.0,900.0,13968.0
2843,494,183,2,2,2,412,PAID,ARS,28350.0,5953.5,0.0,34303.5
2844,407,448,1,,408,1373,REFUNDED,ARS,44280.0,9298.8,0.0,53578.8
2845,627,768,1,,1115,2515,FULFILLED,ARS,14175.0,2976.75,1200.0,18351.75
2846,193,85,2,4,4,2923,FULFILLED,ARS,47250.0,9922.5,0.0,57172.5
2847,282,1103,1,,793,,FULFILLED,ARS,30000.0,6300.0,1500.0,37800.0
2848,123,472,1,,2019,51,PAID,ARS,15000.0,3150.0,1200.0,19350.0
2849,602,2,1,,581,793,FULFILLED,ARS,12000.0,2520.0,900.0,15420.0
2850,55,1003,1,,3184,884,PAID,ARS,44100.0,9261.0,1200.0,54561.0
2851,546,69,2,2,2,1718,FULFILLED,ARS,34200.0,7182.0,0.0,41382.0
2852,387,310,1,,1686,2161,FULFILLED,ARS,36000.0,7560.0,900.0,44460.0
2853,514,639,2,2,2,471,CANCELLED,ARS,11760.0,2469.6,0.0,14229.6
2854,501,159,1,,1780,2795,FULFILLED,ARS,27000.0,5670.0,900.0,33570.0
2855,495,388,1,,2200,2054,PAID,ARS,12600.0,2646.0,1500.0,16746.0
2856,353,870,1,,1026,1493,FULFILLED,ARS,29160.0,6123.6,900.0,36183.6
2857,544,551,1,,2011,2645,FULFILLED,ARS,32400.0,6804.0,1200.0,40404.0
2858,278,434,1,,1286,1766,FULFILLED,ARS,94800.0,19908.0,900.0,115608.0
2859,629,810,1,,1028,1562,PAID,ARS,45000.0,9450.0,900.0,55350.0
2860,542,1320,2,1,1,2982,FULFILLED,ARS,48168.0,10115.28,0.0,58283.28
2861,569,634,1,,622,2154,CANCELLED,ARS,87525.0,18380.25,900.0,106805.25
2862,249,334,1,,843,1135,FULFILLED,ARS,54000.0,11340.0,1200.0,66540.0
2863,567,495,1,,1324,,FULFILLED,ARS,55140.0,11579.4,1200.0,67919.4
2864,149,1227,1,,3199,1763,FULFILLED,ARS,11760.0,2469.6,0.0,14229.6
2865,6,637,2,4,4,1395,PAID,ARS,36000.0,7560.0,0.0,43560.0
2866,283,304,1,,2564,928,PAID,ARS,31752.0,6667.92,900.0,39319.92
2867,234,695,1,,45,436,FULFILLED,ARS,95190.0,19989.9,1500.0,116679.9
2868,201,899,2,2,2,932,FULFILLED,ARS,35280.0,7408.8,0.0,42688.8
2869,28,1296,1,,20,2807,CANCELLED,ARS,26460.0,5556.6,1200.0,33216.6
2870,113,94,2,1,1,2309,PAID,ARS,68400.0,14364.0,0.0,82764.0
2871,427,820,2,4,4,20,CREATED,ARS,11400.0,2394.0,0.0,13794.0
2872,53,618,2,4,4,1092,FULFILLED,ARS,31500.0,6615.0,0.0,38115.0
2873,400,1327,1,,1538,1025,FULFILLED,ARS,53100.0,11151.0,900.0,65151.0
2874,413,4,1,,2859,1277,FULFILLED,ARS,15000.0,3150.0,1500.0,19650.0
2875,615,1131,1,,2142,21,PAID,ARS,11400.0,2394.0,1500.0,15294.0
2876,107,635,1,,1237,2339,FULFILLED,ARS,28350.0,5953.5,900.0,35203.5
2877,555,1458,1,,1805,750,FULFILLED,ARS,13500.0,2835.0,0.0,16335.0
2878,611,612,1,,1449,1399,CANCELLED,ARS,64260.0,13494.6,1500.0,79254.6
2879,621,802,1,,2672,2499,FULFILLED,ARS,49980.0,10495.8,0.0,60475.8
2880,273,378,1,,857,5,FULFILLED,ARS,69750.0,14647.5,900.0,85297.5
2881,561,895,2,2,2,,FULFILLED,ARS,16170.0,3395.7,0.0,19565.7
2882,562,1171,2,4,4,2832,FULFILLED,ARS,34200.0,7182.0,0.0,41382.0
2883,245,812,2,2,2,2330,PAID,ARS,28500.0,5985.0,0.0,34485.0
2884,428,334,1,,244,2892,FULFILLED,ARS,55620.0,11680.2,1500.0,68800.2
2885,238,204,1,,1570,330,FULFILLED,ARS,48210.0,10124.1,0.0,58334.1
2886,470,77,2,1,1,3038,FULFILLED,ARS,38475.0,8079.75,0.0,46554.75
2887,236,1409,2,2,2,2890,FULFILLED,ARS,55050.0,11560.5,0.0,66610.5
2888,567,700,1,,898,689,FULFILLED,ARS,25872.0,5433.12,1500.0,32805.12
2889,542,442,2,4,4,1003,FULFILLED,ARS,38475.0,8079.75,0.0,46554.75
2890,528,562,1,,2304,,PAID,ARS,34200.0,7182.0,900.0,42282.0
2891,201,184,1,,2170,2744,FULFILLED,ARS,30780.0,6463.8,900.0,38143.8
2892,408,1195,2,4,4,,FULFILLED,ARS,24900.0,5229.0,0.0,30129.0
2893,584,1357,2,4,4,2975,PAID,ARS,71910.0,15101.1,0.0,87011.1
2894,281,808,1,,585,2078,FULFILLED,ARS,82935.0,17416.35,1200.0,101551.35
2895,69,175,1,,2092,1209,FULFILLED,ARS,47250.0,9922.5,1200.0,58372.5
2896,544,1042,1,,2394,2722,PAID,ARS,36450.0,7654.5,900.0,45004.5
2897,545,384,2,3,3,,FULFILLED,ARS,13500.0,2835.0,0.0,16335.0
2898,44,46,2,2,2,1361,PAID,ARS,53235.0,11179.35,0.0,64414.35
2899,482,185,2,2,2,2499,PAID,ARS,56250.0,11812.5,0.0,68062.5
2900,152,275,1,,1122,2488,PAID,ARS,27000.0,5670.0,1200.0,33870.0
2901,125,749,1,,1007,2681,FULFILLED,ARS,44040.0,9248.4,1200.0,54488.4
2902,184,54,1,,862,583,FULFILLED,ARS,55188.0,11589.48,900.0,67677.48
2903,452,192,1,,11,2837,FULFILLED,ARS,20520.0,4309.2,900.0,25729.2
2904,280,707,2,2,2,,FULFILLED,ARS,25200.0,5292.0,0.0,30492.0
2905,392,502,2,2,2,312,PAID,ARS,29400.0,6174.0,0.0,35574.0
2906,103,67,2,1,1,739,PAID,ARS,23736.0,4984.56,0.0,28720.56
2907,235,1198,1,,1891,1856,FULFILLED,ARS,53700.0,11277.0,900.0,65877.0
2908,239,334,2,2,2,2237,PAID,ARS,39435.0,8281.35,0.0,47716.35
2909,284,686,2,2,2,837,PAID,ARS,30000.0,6300.0,0.0,36300.0
2910,437,1406,2,1,1,1108,FULFILLED,ARS,15000.0,3150.0,0.0,18150.0
2911,254,1168,1,,778,999,FULFILLED,ARS,39600.0,8316.0,1500.0,49416.0
2912,154,1458,2,1,1,2709,FULFILLED,ARS,36000.0,7560.0,0.0,43560.0
2913,301,822,2,3,3,2813,FULFILLED,ARS,11400.0,2394.0,0.0,13794.0
2914,272,916,1,,1885,2151,CANCELLED,ARS,31752.0,6667.92,0.0,38419.92
2915,74,129,2,4,4,1175,FULFILLED,ARS,10800.0,2268.0,0.0,13068.0
2916,83,952,2,4,4,1361,REFUNDED,ARS,14700.0,3087.0,0.0,17787.0
2917,204,1153,2,4,4,1569,FULFILLED,ARS,42240.0,8870.4,0.0,51110.4
2918,553,1441,1,,19,1650,FULFILLED,ARS,68100.0,14301.0,1200.0,83601.0
2919,29,399,2,3,3,965,PAID,ARS,24000.0,5040.0,0.0,29040.0
2920,46,884,2,2,2,2158,PAID,ARS,14250.0,2992.5,0.0,17242.5
2921,435,503,1,,1906,1039,FULFILLED,ARS,27000.0,5670.0,900.0,33570.0
2922,218,53,2,4,4,2983,PAID,ARS,11400.0,2394.0,0.0,13794.0
2923,419,1206,1,,551,2516,FULFILLED,ARS,46650.0,9796.5,1200.0,57646.5
2924,481,591,2,3,3,500,FULFILLED,ARS,45000.0,9450.0,0.0,54450.0
2925,528,40,1,,1274,3062,FULFILLED,ARS,24705.0,5188.05,0.0,29893.05
2926,21,596,2,4,4,2618,FULFILLED,ARS,24300.0,5103.0,0.0,29403.0
2927,30,832,1,,3012,3157,FULFILLED,ARS,32400.0,6804.0,1200.0,40404.0
2928,282,542,1,,2250,1251,FULFILLED,ARS,90990.0,19107.9,900.0,110997.9
2929,162,748,2,1,1,2726,PAID,ARS,22344.0,4692.24,0.0,27036.24
2930,72,760,2,1,1,3094,FULFILLED,ARS,40500.0,8505.0,0.0,49005.0
2931,453,1272,2,1,1,3186,REFUNDED,ARS,30780.0,6463.8,0.0,37243.8
2932,397,1330,2,2,2,624,FULFILLED,ARS,13200.0,2772.0,0.0,15972.0
2933,464,984,1,,3148,3028,FULFILLED,ARS,14700.0,3087.0,1200.0,18987.0
2934,502,1208,1,,2471,,FULFILLED,ARS,36150.0,7591.5,1200.0,44941.5
2935,458,623,2,1,1,1706,FULFILLED,ARS,74047.5,15549.97,0.0,89597.47
2936,339,1056,1,,778,2051,REFUNDED,ARS,24300.0,5103.0,1200.0,30603.0
2937,136,953,1,,2923,1252,FULFILLED,ARS,31500.0,6615.0,1200.0,39315.0
2938,417,687,2,4,4,2185,FULFILLED,ARS,12348.0,2593.08,0.0,14941.08
2939,321,722,2,1,1,2079,FULFILLED,ARS,39690.0,8334.9,0.0,48024.9
2940,246,39,1,,2245,1852,FULFILLED,ARS,40500.0,8505.0,0.0,49005.0
2941,270,1035,1,,1956,725,FULFILLED,ARS,21168.0,4445.28,1200.0,26813.28
2942,528,1245,1,,1297,,FULFILLED,ARS,11760.0,2469.6,0.0,14229.6
2943,55,892,1,,1545,544,FULFILLED,ARS,24696.0,5186.16,1200.0,31082.16
2944,278,1246,1,,428,2938,FULFILLED,ARS,28665.0,6019.65,1200.0,35884.65
2945,28,1271,2,4,4,1867,FULFILLED,ARS,13500.0,2835.0,0.0,16335.0
2946,228,1418,1,,577,2727,CANCELLED,ARS,14250.0,2992.5,1200.0,18442.5
2947,196,1256,1,,1548,2425,FULFILLED,ARS,37620.0,7900.2,1200.0,46720.2
2948,546,1061,2,1,1,2219,FULFILLED,ARS,32340.0,6791.4,0.0,39131.4
2949,387,743,2,4,4,1188,FULFILLED,ARS,13500.0,2835.0,0.0,16335.0
2950,633,1050,1,,1499,2159,FULFILLED,ARS,70200.0,14742.0,0.0,84942.0
2951,541,1028,1,,701,3140,FULFILLED,ARS,35910.0,7541.1,900.0,44351.1
2952,220,920,1,,98,1043,PAID,ARS,40500.0,8505.0,0.0,49005.0
2953,304,1208,1,,574,,FULFILLED,ARS,66750.0,14017.5,0.0,80767.5
2954,636,489,1,,2558,443,PAID,ARS,29700.0,6237.0,900.0,36837.0
2955,245,1272,2,3,3,309,FULFILLED,ARS,10800.0,2268.0,0.0,13068.0
2956,238,1079,1,,2841,571,PAID,ARS,22800.0,4788.0,1200.0,28788.0
2957,418,346,2,3,3,3197,REFUNDED,ARS,28500.0,5985.0,0.0,34485.0
2958,67,253,1,,1580,1677,FULFILLED,ARS,15000.0,3150.0,1500.0,19650.0
2959,253,428,2,1,1,2252,FULFILLED,ARS,41160.0,8643.6,0.0,49803.6
2960,530,312,2,1,1,178,FULFILLED,ARS,11400.0,2394.0,0.0,13794.0
2961,608,441,1,,2711,,FULFILLED,ARS,15000.0,3150.0,900.0,19050.0
2962,623,658,2,3,3,989,FULFILLED,ARS,34200.0,7182.0,0.0,41382.0
2963,35,179,1,,1159,2152,FULFILLED,ARS,29400.0,6174.0,900.0,36474.0
2964,39,944,1,,741,637,FULFILLED,ARS,36960.0,7761.6,0.0,44721.6
2965,478,739,1,,1091,474,FULFILLED,ARS,11970.0,2513.7,1200.0,15683.7
2966,485,1298,1,,3167,,FULFILLED,ARS,49875.0,10473.75,1500.0,61848.75
2967,9,18,2,3,3,624,FULFILLED,ARS,45000.0,9450.0,0.0,54450.0
2968,32,615,2,1,1,369,FULFILLED,ARS,14250.0,2992.5,0.0,17242.5
2969,579,421,2,3,3,2550,FULFILLED,ARS,39690.0,8334.9,0.0,48024.9
2970,252,584,1,,854,,REFUNDED,ARS,54900.0,11529.0,1200.0,67629.0
2971,631,173,1,,1544,1559,FULFILLED,ARS,47250.0,9922.5,900.0,58072.5
2972,496,928,1,,1070,382,FULFILLED,ARS,14250.0,2992.5,900.0,18142.5
2973,511,1351,2,2,2,,FULFILLED,ARS,10800.0,2268.0,0.0,13068.0
2974,529,555,1,,259,2943,FULFILLED,ARS,15675.0,3291.75,1200.0,20166.75
2975,402,61,1,,1184,1303,FULFILLED,ARS,42750.0,8977.5,900.0,52627.5
2976,319,840,1,,2592,401,FULFILLED,ARS,42750.0,8977.5,1500.0,53227.5
2977,545,928,1,,2039,2098,FULFILLED,ARS,14250.0,2992.5,900.0,18142.5
2978,474,511,2,3,3,2314,FULFILLED,ARS,22800.0,4788.0,0.0,27588.0
2979,40,1068,1,,1599,1847,REFUNDED,ARS,29160.0,6123.6,900.0,36183.6
2980,247,409,1,,1376,3162,FULFILLED,ARS,23760.0,4989.6,1200.0,29949.6
2981,4,487,1,,308,2196,PAID,ARS,34200.0,7182.0,1200.0,42582.0
2982,588,1188,2,1,1,343,PAID,ARS,24300.0,5103.0,0.0,29403.0
2983,157,157,1,,1128,2147,FULFILLED,ARS,10584.0,2222.64,900.0,13706.64
2984,625,747,2,1,1,1981,FULFILLED,ARS,44550.0,9355.5,0.0,53905.5
2985,170,914,2,4,4,113,FULFILLED,ARS,34200.0,7182.0,0.0,41382.0
2986,119,197,1,,2370,266,CANCELLED,ARS,64200.0,13482.0,0.0,77682.0
2987,182,294,1,,30,2370,CREATED,ARS,12825.0,2693.25,900.0,16418.25
2988,360,1411,1,,3161,1511,CANCELLED,ARS,21600.0,4536.0,1200.0,27336.0
2989,45,639,1,,1269,845,FULFILLED,ARS,27000.0,5670.0,1200.0,33870.0
2990,402,471,2,3,3,,CANCELLED,ARS,45000.0,9450.0,0.0,54450.0
2991,188,559,1,,1374,,PAID,ARS,35280.0,7408.8,0.0,42688.8
2992,297,690,1,,1245,1059,FULFILLED,ARS,64125.0,13466.25,0.0,77591.25
2993,356,469,1,,2003,1990,FULFILLED,ARS,47280.0,9928.8,1200.0,58408.8
2994,280,214,1,,1373,1492,FULFILLED,ARS,30000.0,6300.0,0.0,36300.0
2995,142,200,1,,783,2642,FULFILLED,ARS,32400.0,6804.0,1500.0,40704.0
2996,223,1062,1,,851,3031,REFUNDED,ARS,30000.0,6300.0,1200.0,37500.0
2997,129,224,2,2,2,3181,FULFILLED,ARS,37200.0,7812.0,0.0,45012.0
2998,91,672,1,,1913,1081,FULFILLED,ARS,30000.0,6300.0,1200.0,37500.0
2999,66,335,1,,2869,2871,PAID,ARS,67500.0,14175.0,1200.0,82875.0
3000,27,924,2,3,3,,FULFILLED,ARS,37035.0,7777.35,0.0,44812.35
3001,258,152,1,,84,,FULFILLED,ARS,11400.0,2394.0,900.0,14694.0
3002,47,1281,2,3,3,3057,FULFILLED,ARS,55800.0,11718.0,0.0,67518.0
3003,135,611,2,3,3,429,FULFILLED,ARS,54390.0,11421.9,0.0,65811.9
3004,121,1324,1,,1040,1098,FULFILLED,ARS,32400.0,6804.0,1200.0,40404.0
3005,585,771,1,,3047,1026,FULFILLED,ARS,33480.0,7030.8,1200.0,41710.8
3006,472,900,1,,2950,356,FULFILLED,ARS,57000.0,11970.0,1200.0,70170.0
3007,546,270,1,,121,986,FULFILLED,ARS,32568.0,6839.28,1200.0,40607.28
3008,387,40,1,,1540,1896,PAID,ARS,24300.0,5103.0,1200.0,30603.0
3009,266,28,1,,263,1453,PAID,ARS,61668.0,12950.28,900.0,75518.28
3010,588,1342,1,,1674,299,FULFILLED,ARS,10800.0,2268.0,1200.0,14268.0
3011,73,1270,1,,1338,2129,FULFILLED,ARS,15435.0,3241.35,900.0,19576.35
3012,403,346,1,,860,2765,FULFILLED,ARS,34200.0,7182.0,1200.0,42582.0
3013,2,104,2,4,4,2365,PAID,ARS,32400.0,6804.0,0.0,39204.0
3014,423,607,1,,1238,2490,FULFILLED,ARS,15000.0,3150.0,900.0,19050.0
3015,131,1375,2,4,4,2059,FULFILLED,ARS,11340.0,2381.4,0.0,13721.4
3016,481,1056,2,2,2,,FULFILLED,ARS,43200.0,9072.0,0.0,52272.0
3017,352,194,1,,2609,1855,FULFILLED,ARS,66630.0,13992.3,1200.0,81822.3
3018,439,1197,1,,2492,2224,FULFILLED,ARS,43050.0,9040.5,900.0,52990.5
3019,42,860,1,,1118,,FULFILLED,ARS,35910.0,7541.1,1200.0,44651.1
3020,45,267,1,,2710,2203,FULFILLED,ARS,60690.0,12744.9,1200.0,74634.9
3021,566,231,2,2,2,1675,CANCELLED,ARS,10800.0,2268.0,0.0,13068.0
3022,538,1025,1,,2212,1629,FULFILLED,ARS,38475.0,8079.75,1200.0,47754.75
3023,45,103,1,,2960,1556,CANCELLED,ARS,68868.0,14462.28,1200.0,84530.28
3024,515,704,2,1,1,1752,CANCELLED,ARS,69825.0,14663.25,0.0,84488.25
3025,1,785,1,,695,280,FULFILLED,ARS,12348.0,2593.08,1200.0,16141.08
3026,472,1054,1,,2620,646,FULFILLED,ARS,22740.0,4775.4,1200.0,28715.4
3027,392,800,2,2,2,497,FULFILLED,ARS,14250.0,2992.5,0.0,17242.5
3028,110,1266,1,,283,2667,FULFILLED,ARS,33000.0,6930.0,0.0,39930.0
3029,111,1387,1,,2966,2761,REFUNDED,ARS,35910.0,7541.1,1200.0,44651.1
3030,481,1223,2,2,2,857,PAID,ARS,28500.0,5985.0,0.0,34485.0
3031,517,663,1,,1820,2211,FULFILLED,ARS,61200.0,12852.0,900.0,74952.0
3032,346,161,1,,2464,1074,FULFILLED,ARS,40500.0,8505.0,1200.0,50205.0
3033,300,493,2,4,4,779,FULFILLED,ARS,27000.0,5670.0,0.0,32670.0
3034,130,1099,1,,2838,1255,PAID,ARS,65700.0,13797.0,1200.0,80697.0
3035,214,1196,1,,2166,2437,FULFILLED,ARS,36300.0,7623.0,900.0,44823.0
3036,339,1497,2,4,4,,FULFILLED,ARS,35520.0,7459.2,0.0,42979.2
3037,540,408,1,,3190,296,FULFILLED,ARS,52500.0,11025.0,900.0,64425.0
3038,505,61,2,1,1,3191,FULFILLED,ARS,24000.0,5040.0,0.0,29040.0
3039,447,1447,1,,864,2277,FULFILLED,ARS,86962.5,18262.12,900.0,106124.62
3040,509,514,2,2,2,2591,PAID,ARS,29925.0,6284.25,0.0,36209.25
3041,546,93,1,,2202,2612,FULFILLED,ARS,57705.0,12118.05,1500.0,71323.05
3042,178,817,2,3,3,1460,FULFILLED,ARS,31752.0,6667.92,0.0,38419.92
3043,58,1085,2,4,4,3079,FULFILLED,ARS,34200.0,7182.0,0.0,41382.0
3044,541,176,2,2,2,652,FULFILLED,ARS,53598.0,11255.58,0.0,64853.58
3045,345,1177,1,,527,2179,PAID,ARS,84720.0,17791.2,1200.0,103711.2
3046,275,1253,1,,3083,2066,REFUNDED,ARS,28350.0,5953.5,900.0,35203.5
3047,1,209,2,4,4,,FULFILLED,ARS,48510.0,10187.1,0.0,58697.1
3048,298,817,2,3,3,1980,PAID,ARS,26400.0,5544.0,0.0,31944.0
3049,310,881,2,4,4,,PAID,ARS,45000.0,9450.0,0.0,54450.0
3050,235,177,2,1,1,69,FULFILLED,ARS,49980.0,10495.8,0.0,60475.8
3051,602,226,1,,773,704,FULFILLED,ARS,24696.0,5186.16,1200.0,31082.16
3052,606,265,2,1,1,650,FULFILLED,ARS,57450.0,12064.5,0.0,69514.5
3053,553,286,1,,738,1131,PAID,ARS,14700.0,3087.0,0.0,17787.0
3054,624,652,1,,861,269,FULFILLED,ARS,12348.0,2593.08,1500.0,16441.08
3055,344,558,2,4,4,3183,FULFILLED,ARS,30780.0,6463.8,0.0,37243.8
3056,258,1009,1,,2103,1689,FULFILLED,ARS,76545.0,16074.45,1200.0,93819.45
3057,464,639,1,,1156,2941,FULFILLED,ARS,45000.0,9450.0,1500.0,55950.0
3058,413,209,1,,1992,3130,FULFILLED,ARS,28500.0,5985.0,0.0,34485.0
3059,44,55,1,,836,1740,PAID,ARS,12000.0,2520.0,900.0,15420.0
3060,235,1428,2,3,3,2116,FULFILLED,ARS,35280.0,7408.8,0.0,42688.8
3061,615,726,2,1,1,1356,FULFILLED,ARS,23940.0,5027.4,0.0,28967.4
3062,43,586,2,3,3,1160,FULFILLED,ARS,41400.0,8694.0,0.0,50094.0
3063,464,1447,1,,1078,1962,FULFILLED,ARS,21600.0,4536.0,1200.0,27336.0
3064,24,447,1,,1390,1247,FULFILLED,ARS,28500.0,5985.0,1200.0,35685.0
3065,613,940,1,,2739,433,FULFILLED,ARS,13200.0,2772.0,1200.0,17172.0
3066,45,26,2,2,2,665,FULFILLED,ARS,44100.0,9261.0,0.0,53361.0
3067,93,973,2,1,1,2247,PAID,ARS,57000.0,11970.0,0.0,68970.0
3068,453,975,1,,1117,1062,FULFILLED,ARS,42750.0,8977.5,1200.0,52927.5
3069,106,203,2,1,1,568,FULFILLED,ARS,60000.0,12600.0,0.0,72600.0
3070,415,481,1,,1411,1355,PAID,ARS,40500.0,8505.0,1200.0,50205.0
3071,243,1372,2,1,1,,FULFILLED,ARS,42120.0,8845.2,0.0,50965.2
3072,232,667,1,,2970,3071,FULFILLED,ARS,21600.0,4536.0,900.0,27036.0
3073,43,1312,2,3,3,2615,FULFILLED,ARS,24696.0,5186.16,0.0,29882.16
3074,216,1493,2,4,4,1724,FULFILLED,ARS,34800.0,7308.0,0.0,42108.0
3075,537,702,2,2,2,630,CANCELLED,ARS,12000.0,2520.0,0.0,14520.0
3076,157,582,1,,2091,3052,FULFILLED,ARS,70020.0,14704.2,0.0,84724.2
3077,186,584,1,,2138,971,FULFILLED,ARS,47520.0,9979.2,900.0,58399.2
3078,259,904,1,,1431,836,FULFILLED,ARS,12000.0,2520.0,0.0,14520.0
3079,521,342,1,,2619,3200,FULFILLED,ARS,40500.0,8505.0,1200.0,50205.0
3080,263,680,2,4,4,261,FULFILLED,ARS,21600.0,4536.0,0.0,26136.0
3081,419,709,1,,149,2798,FULFILLED,ARS,12000.0,2520.0,1500.0,16020.0
3082,486,521,1,,1780,609,FULFILLED,ARS,44887.5,9426.38,1500.0,55813.88
3083,287,289,2,2,2,1917,FULFILLED,ARS,87630.0,18402.3,0.0,106032.3
3084,302,293,1,,2571,,FULFILLED,ARS,12000.0,2520.0,0.0,14520.0
3085,379,288,2,2,2,356,CREATED,ARS,54750.0,11497.5,0.0,66247.5
3086,593,1449,2,1,1,1217,FULFILLED,ARS,10800.0,2268.0,0.0,13068.0
3087,628,1177,1,,1066,1850,FULFILLED,ARS,36000.0,7560.0,900.0,44460.0
3088,434,423,1,,722,475,PAID,ARS,15435.0,3241.35,1200.0,19876.35
3089,610,1399,2,2,2,2294,FULFILLED,ARS,23520.0,4939.2,0.0,28459.2
3090,556,1151,1,,1309,791,CANCELLED,ARS,25872.0,5433.12,1200.0,32505.12
3091,75,1139,1,,1781,2296,PAID,ARS,14700.0,3087.0,900.0,18687.0
3092,197,1261,1,,325,1373,FULFILLED,ARS,10800.0,2268.0,1200.0,14268.0
3093,216,739,1,,3157,2117,FULFILLED,ARS,28350.0,5953.5,1200.0,35503.5
3094,75,98,1,,2424,253,PAID,ARS,35280.0,7408.8,900.0,43588.8
3095,239,1228,1,,252,2955,FULFILLED,ARS,49980.0,10495.8,1500.0,61975.8
3096,572,206,2,1,1,376,FULFILLED,ARS,12600.0,2646.0,0.0,15246.0
3097,475,1235,1,,1642,122,FULFILLED,ARS,40500.0,8505.0,900.0,49905.0
3098,249,1353,2,2,2,1056,FULFILLED,ARS,11760.0,2469.6,0.0,14229.6
3099,426,154,1,,2388,2921,FULFILLED,ARS,47250.0,9922.5,900.0,58072.5
3100,390,754,1,,1609,457,PAID,ARS,45000.0,9450.0,1200.0,55650.0
3101,447,368,1,,1696,131,FULFILLED,ARS,28500.0,5985.0,900.0,35385.0
3102,101,1133,2,2,2,1208,FULFILLED,ARS,40500.0,8505.0,0.0,49005.0
3103,161,1247,1,,720,864,FULFILLED,ARS,24300.0,5103.0,900.0,30303.0
3104,619,1358,2,3,3,3197,FULFILLED,ARS,71415.0,14997.15,0.0,86412.15
3105,243,1321,1,,1604,1549,FULFILLED,ARS,10800.0,2268.0,1200.0,14268.0
3106,382,201,2,4,4,2309,FULFILLED,ARS,15000.0,3150.0,0.0,18150.0
3107,233,603,2,2,2,1101,FULFILLED,ARS,12540.0,2633.4,0.0,15173.4
3108,567,813,2,4,4,2903,FULFILLED,ARS,74700.0,15687.0,0.0,90387.0
3109,181,574,2,1,1,1389,FULFILLED,ARS,11760.0,2469.6,0.0,14229.6
3110,225,1165,2,1,1,1182,FULFILLED,ARS,30000.0,6300.0,0.0,36300.0
3111,198,413,1,,820,2203,FULFILLED,ARS,42750.0,8977.5,1500.0,53227.5
3112,159,212,1,,259,1698,FULFILLED,ARS,21600.0,4536.0,900.0,27036.0
3113,399,822,1,,1264,2841,FULFILLED,ARS,25080.0,5266.8,1500.0,31846.8
3114,449,71,2,1,1,1041,FULFILLED,ARS,10800.0,2268.0,0.0,13068.0
3115,106,647,1,,794,3180,PAID,ARS,25650.0,5386.5,900.0,31936.5
3116,223,233,1,,1720,1943,PAID,ARS,33600.0,7056.0,1200.0,41856.0
3117,133,199,1,,2773,2007,FULFILLED,ARS,45000.0,9450.0,0.0,54450.0
3118,18,353,2,1,1,,FULFILLED,ARS,66510.0,13967.1,0.0,80477.1
3119,243,1038,2,1,1,554,FULFILLED,ARS,40500.0,8505.0,0.0,49005.0
3120,43,1192,1,,1810,1714,FULFILLED,ARS,21600.0,4536.0,0.0,26136.0
3121,577,807,1,,1139,2000,CANCELLED,ARS,37044.0,7779.24,900.0,45723.24
3122,313,713,2,2,2,235,FULFILLED,ARS,12000.0,2520.0,0.0,14520.0
3123,92,442,1,,331,135,FULFILLED,ARS,24000.0,5040.0,1200.0,30240.0
3124,475,152,1,,2387,2225,FULFILLED,ARS,54900.0,11529.0,900.0,67329.0
3125,159,520,2,3,3,2535,FULFILLED,ARS,21168.0,4445.28,0.0,25613.28
3126,444,858,1,,1580,2865,FULFILLED,ARS,9720.0,2041.2,900.0,12661.2
3127,316,888,1,,1769,388,PAID,ARS,90030.0,18906.3,1200.0,110136.3
3128,407,1367,2,4,4,1920,FULFILLED,ARS,26730.0,5613.3,0.0,32343.3
3129,621,1109,2,4,4,2725,FULFILLED,ARS,57960.0,12171.6,0.0,70131.6
3130,493,1068,1,,2662,1624,FULFILLED,ARS,21600.0,4536.0,900.0,27036.0
3131,33,994,2,3,3,412,FULFILLED,ARS,15750.0,3307.5,0.0,19057.5
3132,338,347,1,,2003,2065,FULFILLED,ARS,37272.0,7827.12,900.0,45999.12
3133,240,1388,2,2,2,1744,FULFILLED,ARS,9720.0,2041.2,0.0,11761.2
3134,626,66,1,,2848,1106,CANCELLED,ARS,37713.0,7919.73,900.0,46532.73
3135,162,1124,1,,638,1211,FULFILLED,ARS,10800.0,2268.0,900.0,13968.0
3136,35,950,2,2,2,688,FULFILLED,ARS,50910.0,10691.1,0.0,61601.1
3137,237,588,1,,2121,1592,FULFILLED,ARS,31752.0,6667.92,1200.0,39619.92
3138,541,949,1,,2336,2591,FULFILLED,ARS,21600.0,4536.0,0.0,26136.0
3139,517,722,1,,683,194,FULFILLED,ARS,24696.0,5186.16,1200.0,31082.16
3140,206,271,2,3,3,2262,FULFILLED,ARS,26400.0,5544.0,0.0,31944.0
3141,353,738,1,,569,2632,FULFILLED,ARS,15000.0,3150.0,1200.0,19350.0
3142,508,1167,2,2,2,2607,CANCELLED,ARS,30000.0,6300.0,0.0,36300.0
3143,259,974,1,,2138,1807,FULFILLED,ARS,11970.0,2513.7,1200.0,15683.7
3144,623,1473,2,3,3,1873,PAID,ARS,10800.0,2268.0,0.0,13068.0
3145,257,77,1,,126,2094,FULFILLED,ARS,44400.0,9324.0,1200.0,54924.0
3146,44,469,1,,346,,FULFILLED,ARS,40500.0,8505.0,900.0,49905.0
3147,519,508,1,,1290,1547,PAID,ARS,60564.0,12718.44,0.0,73282.44
3148,123,1293,2,2,2,2909,REFUNDED,ARS,44370.0,9317.7,0.0,53687.7
3149,338,717,1,,1625,2552,CANCELLED,ARS,78750.0,16537.5,0.0,95287.5
3150,269,1233,1,,3194,2218,FULFILLED,ARS,40500.0,8505.0,1200.0,50205.0
3151,578,954,2,1,1,1375,FULFILLED,ARS,16500.0,3465.0,0.0,19965.0
3152,565,174,2,1,1,2641,REFUNDED,ARS,12000.0,2520.0,0.0,14520.0
3153,487,732,1,,1996,2865,CANCELLED,ARS,32400.0,6804.0,1200.0,40404.0
3154,479,1281,1,,2121,2537,FULFILLED,ARS,22800.0,4788.0,1200.0,28788.0
3155,220,1430,2,4,4,239,FULFILLED,ARS,25200.0,5292.0,0.0,30492.0
3156,520,238,2,1,1,2552,FULFILLED,ARS,12000.0,2520.0,0.0,14520.0
3157,449,221,1,,1881,1361,FULFILLED,ARS,11760.0,2469.6,900.0,15129.6
3158,259,685,2,3,3,1514,FULFILLED,ARS,24696.0,5186.16,0.0,29882.16
3159,53,592,1,,454,2750,FULFILLED,ARS,35280.0,7408.8,1200.0,43888.8
3160,188,142,1,,1717,1883,CANCELLED,ARS,93510.0,19637.1,1200.0,114347.1
3161,199,970,1,,3058,237,FULFILLED,ARS,22800.0,4788.0,1500.0,29088.0
3162,533,995,2,3,3,1396,FULFILLED,ARS,25650.0,5386.5,0.0,31036.5
3163,166,444,2,4,4,3081,REFUNDED,ARS,15000.0,3150.0,0.0,18150.0
3164,151,297,1,,2453,,FULFILLED,ARS,11760.0,2469.6,0.0,14229.6
3165,429,947,1,,1236,567,FULFILLED,ARS,69588.0,14613.48,900.0,85101.48
3166,162,57,1,,2537,2743,CREATED,ARS,22680.0,4762.8,1200.0,28642.8
3167,559,38,1,,1427,1705,FULFILLED,ARS,52500.0,11025.0,900.0,64425.0
3168,469,376,2,3,3,119,FULFILLED,ARS,44100.0,9261.0,0.0,53361.0
3169,170,503,1,,1269,1339,PAID,ARS,21600.0,4536.0,1200.0,27336.0
3170,506,1095,1,,935,2300,FULFILLED,ARS,28500.0,5985.0,900.0,35385.0
3171,136,1338,1,,655,515,FULFILLED,ARS,22800.0,4788.0,0.0,27588.0
3172,472,909,1,,2855,1714,CANCELLED,ARS,10584.0,2222.64,900.0,13706.64
3173,246,932,2,1,1,,REFUNDED,ARS,14700.0,3087.0,0.0,17787.0
3174,175,912,1,,2459,1489,CREATED,ARS,50760.0,10659.6,900.0,62319.6
3175,353,1161,1,,2058,1176,REFUNDED,ARS,24000.0,5040.0,1200.0,30240.0
3176,258,189,1,,2064,1617,FULFILLED,ARS,36450.0,7654.5,1200.0,45304.5
3177,582,488,2,1,1,2962,FULFILLED,ARS,24000.0,5040.0,0.0,29040.0
3178,600,946,2,3,3,2958,FULFILLED,ARS,21600.0,4536.0,0.0,26136.0
3179,281,475,2,4,4,2909,PAID,ARS,29160.0,6123.6,0.0,35283.6
3180,410,692,1,,1993,2395,FULFILLED,ARS,34200.0,7182.0,1200.0,42582.0
3181,216,506,2,1,1,2061,FULFILLED,ARS,30000.0,6300.0,0.0,36300.0
3182,553,733,2,3,3,3088,FULFILLED,ARS,20520.0,4309.2,0.0,24829.2
3183,539,151,1,,3081,292,PAID,ARS,62328.0,13088.88,1200.0,76616.88
3184,314,1276,1,,2200,1984,FULFILLED,ARS,31350.0,6583.5,1200.0,39133.5
3185,378,320,1,,2157,,CANCELLED,ARS,26430.0,5550.3,0.0,31980.3
3186,561,514,2,2,2,,FULFILLED,ARS,11400.0,2394.0,0.0,13794.0
3187,290,1447,1,,955,2234,FULFILLED,ARS,35280.0,7408.8,1200.0,43888.8
3188,604,833,1,,1541,2352,REFUNDED,ARS,49980.0,10495.8,900.0,61375.8
3189,551,1096,1,,1049,1800,CANCELLED,ARS,35280.0,7408.8,900.0,43588.8
3190,530,521,2,2,2,2681,FULFILLED,ARS,56940.0,11957.4,0.0,68897.4
3191,475,960,2,2,2,1325,FULFILLED,ARS,44550.0,9355.5,0.0,53905.5
3192,227,1397,1,,2116,,FULFILLED,ARS,83250.0,17482.5,1200.0,101932.5
3193,438,254,2,3,3,,PAID,ARS,44100.0,9261.0,0.0,53361.0
3194,232,1447,1,,809,1324,PAID,ARS,56196.0,11801.16,900.0,68897.16
3195,201,572,2,3,3,2871,FULFILLED,ARS,29400.0,6174.0,0.0,35574.0
3196,31,926,1,,2792,141,FULFILLED,ARS,21600.0,4536.0,1200.0,27336.0
3197,303,818,2,1,1,1316,FULFILLED,ARS,67500.0,14175.0,0.0,81675.0
3198,276,157,1,,1952,1518,PAID,ARS,47940.0,10067.4,0.0,58007.4
3199,533,1005,1,,236,,FULFILLED,ARS,12600.0,2646.0,900.0,16146.0
3200,146,1166,2,3,3,2843,FULFILLED,ARS,23520.0,4939.2,0.0,28459.2
3201,234,1306,1,,1405,1522,FULFILLED,ARS,54000.0,11340.0,900.0,66240.0
3202,75,1452,2,1,1,,CANCELLED,ARS,29400.0,6174.0,0.0,35574.0
3203,417,1206,1,,3066,681,FULFILLED,ARS,25200.0,5292.0,1200.0,31692.0
3204,530,1463,1,,39,2561,FULFILLED,ARS,35850.0,7528.5,900.0,44278.5
3205,206,231,1,,1686,1873,FULFILLED,ARS,13500.0,2835.0,0.0,16335.0
3206,226,122,2,1,1,2430,FULFILLED,ARS,32340.0,6791.4,0.0,39131.4
3207,518,1077,1,,1707,472,FULFILLED,ARS,39690.0,8334.9,900.0,48924.9
3208,412,1056,1,,3010,1770,REFUNDED,ARS,29160.0,6123.6,1500.0,36783.6
3209,73,494,1,,2408,1457,FULFILLED,ARS,78750.0,16537.5,900.0,96187.5
3210,611,228,1,,2621,2524,FULFILLED,ARS,30780.0,6463.8,1200.0,38443.8
3211,595,209,2,1,1,563,FULFILLED,ARS,40500.0,8505.0,0.0,49005.0
3212,623,65,1,,2034,3078,FULFILLED,ARS,68400.0,14364.0,1500.0,84264.0
3213,159,552,1,,744,193,FULFILLED,ARS,32400.0,6804.0,1200.0,40404.0
3214,410,342,1,,1702,882,FULFILLED,ARS,27000.0,5670.0,1200.0,33870.0
3215,347,266,1,,2271,23,PAID,ARS,11760.0,2469.6,1500.0,15729.6
3216,35,1116,1,,461,2302,FULFILLED,ARS,40500.0,8505.0,0.0,49005.0
3217,563,92,1,,908,1859,FULFILLED,ARS,11400.0,2394.0,1200.0,14994.0
3218,2,1204,1,,952,1546,FULFILLED,ARS,36000.0,7560.0,1200.0,44760.0
3219,350,664,1,,3101,761,CANCELLED,ARS,11760.0,2469.6,1200.0,15429.6
3220,193,1459,1,,2944,2385,FULFILLED,ARS,28500.0,5985.0,900.0,35385.0
3221,593,1166,1,,2253,2098,FULFILLED,ARS,70980.0,14905.8,900.0,86785.8
3222,237,253,1,,717,840,CANCELLED,ARS,57900.0,12159.0,1200.0,71259.0
3223,584,249,2,1,1,1907,REFUNDED,ARS,24000.0,5040.0,0.0,29040.0
3224,141,948,1,,1707,,FULFILLED,ARS,21600.0,4536.0,1500.0,27636.0
3225,543,754,2,2,2,1162,PAID,ARS,11760.0,2469.6,0.0,14229.6
3226,427,1427,2,3,3,1070,FULFILLED,ARS,21600.0,4536.0,0.0,26136.0
3227,220,1351,2,3,3,1043,PAID,ARS,36000.0,7560.0,0.0,43560.0
3228,404,401,1,,3115,1395,FULFILLED,ARS,28500.0,5985.0,1200.0,35685.0
3229,420,609,2,4,4,1955,FULFILLED,ARS,24000.0,5040.0,0.0,29040.0
3230,102,720,1,,930,1080,FULFILLED,ARS,32400.0,6804.0,1200.0,40404.0
3231,519,1000,1,,1461,2279,CANCELLED,ARS,30000.0,6300.0,1200.0,37500.0
3232,540,1143,1,,1245,3082,CANCELLED,ARS,23940.0,5027.4,900.0,29867.4
3233,108,871,2,4,4,393,FULFILLED,ARS,44550.0,9355.5,0.0,53905.5
3234,610,1336,2,3,3,1525,FULFILLED,ARS,69000.0,14490.0,0.0,83490.0
3235,427,357,2,2,2,2317,FULFILLED,ARS,22800.0,4788.0,0.0,27588.0
3236,394,1352,2,4,4,1390,FULFILLED,ARS,10260.0,2154.6,0.0,12414.6
3237,238,1312,2,2,2,514,FULFILLED,ARS,14250.0,2992.5,0.0,17242.5
3238,257,272,1,,24,2781,FULFILLED,ARS,12000.0,2520.0,0.0,14520.0
3239,120,1284,2,1,1,2913,FULFILLED,ARS,24000.0,5040.0,0.0,29040.0
3240,56,738,1,,2196,,FULFILLED,ARS,22680.0,4762.8,0.0,27442.8
3241,188,69,2,1,1,1571,FULFILLED,ARS,34200.0,7182.0,0.0,41382.0
3242,270,1237,1,,323,1179,FULFILLED,ARS,40500.0,8505.0,1500.0,50505.0
3243,203,83,1,,1471,3081,FULFILLED,ARS,45000.0,9450.0,1200.0,55650.0
3244,270,1172,1,,1056,1416,CANCELLED,ARS,22800.0,4788.0,1500.0,29088.0
3245,550,489,2,2,2,803,FULFILLED,ARS,37800.0,7938.0,0.0,45738.0
3246,443,451,1,,2682,3107,FULFILLED,ARS,11400.0,2394.0,900.0,14694.0
3247,21,918,2,3,3,2097,FULFILLED,ARS,37620.0,7900.2,0.0,45520.2
3248,158,491,1,,91,,FULFILLED,ARS,22800.0,4788.0,0.0,27588.0
3249,476,1232,1,,1911,,PAID,ARS,29400.0,6174.0,900.0,36474.0
3250,508,477,1,,2991,2549,FULFILLED,ARS,29400.0,6174.0,1200.0,36774.0
3251,330,1466,2,3,3,1179,FULFILLED,ARS,12000.0,2520.0,0.0,14520.0
3252,214,1369,2,3,3,3009,CANCELLED,ARS,41940.0,8807.4,0.0,50747.4
3253,127,254,1,,1519,,FULFILLED,ARS,12000.0,2520.0,900.0,15420.0
3254,25,388,2,1,1,126,FULFILLED,ARS,22800.0,4788.0,0.0,27588.0
3255,606,1415,1,,2207,2453,FULFILLED,ARS,47250.0,9922.5,0.0,57172.5
3256,154,1434,1,,1616,1385,CANCELLED,ARS,34200.0,7182.0,1200.0,42582.0
3257,125,204,2,1,1,595,FULFILLED,ARS,59580.0,12511.8,0.0,72091.8
3258,507,902,1,,20,210,FULFILLED,ARS,38808.0,8149.68,1200.0,48157.68
3259,32,653,2,3,3,1098,REFUNDED,ARS,21600.0,4536.0,0.0,26136.0
3260,415,427,1,,1183,3066,FULFILLED,ARS,19440.0,4082.4,900.0,24422.4
3261,58,439,2,4,4,2426,FULFILLED,ARS,39960.0,8391.6,0.0,48351.6
3262,622,816,1,,2466,1306,FULFILLED,ARS,60750.0,12757.5,1200.0,74707.5
3263,95,19,1,,1927,,FULFILLED,ARS,15675.0,3291.75,1200.0,20166.75
3264,160,1480,2,4,4,1191,PAID,ARS,44550.0,9355.5,0.0,53905.5
3265,109,619,1,,1042,500,PAID,ARS,12000.0,2520.0,1200.0,15720.0
3266,135,907,1,,1737,705,FULFILLED,ARS,21600.0,4536.0,900.0,27036.0
3267,585,411,1,,453,554,FULFILLED,ARS,27555.0,5786.55,900.0,34241.55
3268,597,1472,2,1,1,846,FULFILLED,ARS,59250.0,12442.5,0.0,71692.5
3269,114,1414,1,,427,,FULFILLED,ARS,15675.0,3291.75,900.0,19866.75
3270,602,1437,2,3,3,2974,FULFILLED,ARS,87780.0,18433.8,0.0,106213.8
3271,556,993,2,1,1,1278,FULFILLED,ARS,23520.0,4939.2,0.0,28459.2
3272,298,882,2,3,3,2201,FULFILLED,ARS,29400.0,6174.0,0.0,35574.0
3273,366,1485,1,,1993,,FULFILLED,ARS,44887.5,9426.38,1500.0,55813.88
3274,108,1422,2,1,1,231,FULFILLED,ARS,35280.0,7408.8,0.0,42688.8
3275,555,594,2,1,1,2242,FULFILLED,ARS,44100.0,9261.0,0.0,53361.0
3276,551,791,1,,832,3095,FULFILLED,ARS,69187.5,14529.38,1200.0,84916.88
3277,450,417,2,4,4,1607,FULFILLED,ARS,10800.0,2268.0,0.0,13068.0
3278,479,760,1,,3125,1685,FULFILLED,ARS,34200.0,7182.0,900.0,42282.0
3279,518,527,1,,2733,1154,FULFILLED,ARS,31752.0,6667.92,1500.0,39919.92
3280,638,604,2,4,4,1526,FULFILLED,ARS,34680.0,7282.8,0.0,41962.8
3281,120,1132,1,,2823,2812,FULFILLED,ARS,54150.0,11371.5,1200.0,66721.5
3282,381,726,1,,1983,339,FULFILLED,ARS,21600.0,4536.0,1500.0,27636.0
3283,297,133,1,,112,119,PAID,ARS,27000.0,5670.0,900.0,33570.0
3284,364,1292,1,,2543,1034,FULFILLED,ARS,41622.0,8740.62,0.0,50362.62
3285,313,466,1,,1675,939,FULFILLED,ARS,59598.0,12515.58,1500.0,73613.58
3286,129,433,1,,936,2166,FULFILLED,ARS,27000.0,5670.0,1200.0,33870.0
3287,171,358,1,,2871,905,FULFILLED,ARS,22800.0,4788.0,1200.0,28788.0
3288,356,130,2,3,3,2326,FULFILLED,ARS,57960.0,12171.6,0.0,70131.6
3289,624,1153,2,3,3,833,FULFILLED,ARS,45000.0,9450.0,0.0,54450.0
3290,589,1275,2,1,1,174,FULFILLED,ARS,10800.0,2268.0,0.0,13068.0
3291,267,62,1,,468,,FULFILLED,ARS,34200.0,7182.0,1500.0,42882.0
3292,540,682,1,,1148,2051,FULFILLED,ARS,26460.0,5556.6,1200.0,33216.6
3293,78,1370,1,,2365,2989,FULFILLED,ARS,10800.0,2268.0,900.0,13968.0
3294,157,858,1,,1338,1813,FULFILLED,ARS,83475.0,17529.75,1200.0,102204.75
3295,442,222,1,,2036,1584,FULFILLED,ARS,15000.0,3150.0,1200.0,19350.0
3296,331,671,1,,434,938,PAID,ARS,64020.0,13444.2,1200.0,78664.2
3297,243,415,1,,2496,1784,FULFILLED,ARS,14250.0,2992.5,0.0,17242.5
3298,1,1415,2,4,4,1407,PAID,ARS,49162.5,10324.12,0.0,59486.62
3299,201,533,2,4,4,644,FULFILLED,ARS,60780.0,12763.8,0.0,73543.8
3300,556,978,2,1,1,16,FULFILLED,ARS,16500.0,3465.0,0.0,19965.0
3301,91,1387,2,2,2,609,FULFILLED,ARS,77100.0,16191.0,0.0,93291.0
3302,78,907,1,,1230,1340,FULFILLED,ARS,10800.0,2268.0,1500.0,14568.0
3303,275,820,1,,3034,466,PAID,ARS,35280.0,7408.8,1200.0,43888.8
3304,9,1223,2,1,1,2446,FULFILLED,ARS,75090.0,15768.9,0.0,90858.9
3305,553,641,1,,939,2344,FULFILLED,ARS,12000.0,2520.0,1200.0,15720.0
3306,555,1319,1,,539,920,FULFILLED,ARS,25284.0,5309.64,900.0,31493.64
3307,96,1421,1,,1136,1010,FULFILLED,ARS,42750.0,8977.5,0.0,51727.5
3308,628,63,2,2,2,,FULFILLED,ARS,25650.0,5386.5,0.0,31036.5
3309,577,1309,2,4,4,,CREATED,ARS,85494.0,17953.74,0.0,103447.74
3310,379,855,2,3,3,1275,PAID,ARS,36000.0,7560.0,0.0,43560.0
3311,183,1483,2,4,4,2066,FULFILLED,ARS,36450.0,7654.5,0.0,44104.5
3312,459,858,1,,1722,2498,PAID,ARS,11880.0,2494.8,900.0,15274.8
3313,412,1390,2,3,3,862,FULFILLED,ARS,30000.0,6300.0,0.0,36300.0
3314,447,929,2,3,3,2422,REFUNDED,ARS,35280.0,7408.8,0.0,42688.8
3315,203,809,2,4,4,1405,FULFILLED,ARS,11760.0,2469.6,0.0,14229.6
3316,163,1236,2,2,2,1776,CREATED,ARS,82920.0,17413.2,0.0,100333.2
3317,571,816,1,,535,2101,FULFILLED,ARS,47025.0,9875.25,0.0,56900.25
3318,577,143,1,,2871,2016,FULFILLED,ARS,32400.0,6804.0,0.0,39204.0
3319,295,984,2,3,3,1929,FULFILLED,ARS,40500.0,8505.0,0.0,49005.0
3320,387,529,2,2,2,190,FULFILLED,ARS,24000.0,5040.0,0.0,29040.0
3321,356,4,2,3,3,1320,FULFILLED,ARS,15675.0,3291.75,0.0,18966.75
3322,453,506,1,,3188,1721,REFUNDED,ARS,14700.0,3087.0,1200.0,18987.0
3323,85,942,2,2,2,,FULFILLED,ARS,24000.0,5040.0,0.0,29040.0
3324,624,210,1,,2110,63,FULFILLED,ARS,21600.0,4536.0,1200.0,27336.0
3325,639,1324,2,1,1,244,FULFILLED,ARS,64500.0,13545.0,0.0,78045.0
3326,187,1102,1,,984,466,FULFILLED,ARS,27000.0,5670.0,1200.0,33870.0
3327,322,146,2,4,4,827,FULFILLED,ARS,43800.0,9198.0,0.0,52998.0
3328,250,1120,2,2,2,32,FULFILLED,ARS,14250.0,2992.5,0.0,17242.5
3329,531,1160,2,3,3,933,FULFILLED,ARS,29700.0,6237.0,0.0,35937.0
3330,422,863,2,2,2,1418,FULFILLED,ARS,24975.0,5244.75,0.0,30219.75
3331,89,540,2,1,1,287,FULFILLED,ARS,50715.0,10650.15,0.0,61365.15
3332,604,610,1,,1830,164,REFUNDED,ARS,46080.0,9676.8,1500.0,57256.8
3333,210,31,1,,458,2196,CANCELLED,ARS,62280.0,13078.8,900.0,76258.8
3334,549,449,2,3,3,691,FULFILLED,ARS,32400.0,6804.0,0.0,39204.0
3335,32,769,2,1,1,1801,REFUNDED,ARS,44100.0,9261.0,0.0,53361.0
3336,519,1402,2,3,3,2838,FULFILLED,ARS,36000.0,7560.0,0.0,43560.0
3337,456,908,2,1,1,1818,FULFILLED,ARS,48168.0,10115.28,0.0,58283.28
3338,351,624,1,,124,,FULFILLED,ARS,26400.0,5544.0,1500.0,33444.0
3339,180,608,1,,1254,2885,FULFILLED,ARS,44100.0,9261.0,1200.0,54561.0
3340,63,37,1,,1942,1712,FULFILLED,ARS,37620.0,7900.2,1200.0,46720.2
3341,339,1482,1,,540,2426,PAID,ARS,89775.0,18852.75,1500.0,110127.75
3342,100,1058,2,4,4,1268,FULFILLED,ARS,14962.5,3142.12,0.0,18104.62
3343,524,286,1,,694,334,FULFILLED,ARS,24900.0,5229.0,900.0,31029.0
3344,628,1008,1,,2131,436,PAID,ARS,40500.0,8505.0,900.0,49905.0
3345,45,668,1,,3169,1900,FULFILLED,ARS,11760.0,2469.6,1500.0,15729.6
3346,47,117,2,3,3,1188,FULFILLED,ARS,83250.0,17482.5,0.0,100732.5
3347,260,851,1,,2499,673,CANCELLED,ARS,22680.0,4762.8,1200.0,28642.8
3348,582,51,2,1,1,259,FULFILLED,ARS,70500.0,14805.0,0.0,85305.0
3349,322,1117,1,,2761,,FULFILLED,ARS,12600.0,2646.0,1200.0,16446.0
3350,47,1029,1,,11,1234,FULFILLED,ARS,12000.0,2520.0,1200.0,15720.0
3351,214,1139,1,,1567,2610,PAID,ARS,42750.0,8977.5,900.0,52627.5
3352,599,1378,2,3,3,242,FULFILLED,ARS,34200.0,7182.0,0.0,41382.0
3353,57,1271,2,2,2,264,FULFILLED,ARS,40800.0,8568.0,0.0,49368.0
3354,234,1424,1,,311,239,PAID,ARS,13500.0,2835.0,1500.0,17835.0
3355,565,489,2,4,4,1938,FULFILLED,ARS,30600.0,6426.0,0.0,37026.0
3356,472,744,1,,732,,FULFILLED,ARS,44100.0,9261.0,900.0,54261.0
3357,192,323,1,,978,1842,FULFILLED,ARS,22560.0,4737.6,900.0,28197.6
3358,454,1471,1,,480,2197,FULFILLED,ARS,14700.0,3087.0,1200.0,18987.0
3359,198,1469,1,,2591,2521,FULFILLED,ARS,37800.0,7938.0,1200.0,46938.0
3360,467,1191,2,4,4,1641,FULFILLED,ARS,61320.0,12877.2,0.0,74197.2
3361,495,335,1,,2887,,FULFILLED,ARS,14700.0,3087.0,1200.0,18987.0
3362,77,717,1,,1745,2313,FULFILLED,ARS,26010.0,5462.1,1200.0,32672.1
3363,624,911,1,,1952,465,FULFILLED,ARS,41760.0,8769.6,0.0,50529.6
3364,636,184,2,1,1,1451,FULFILLED,ARS,29400.0,6174.0,0.0,35574.0
3365,78,957,1,,2003,1642,FULFILLED,ARS,22800.0,4788.0,900.0,28488.0
3366,497,797,2,1,1,52,CREATED,ARS,35280.0,7408.8,0.0,42688.8
3367,503,22,2,4,4,302,PAID,ARS,23520.0,4939.2,0.0,28459.2
3368,235,260,1,,552,1772,FULFILLED,ARS,34200.0,7182.0,1500.0,42882.0
3369,442,835,1,,1474,182,FULFILLED,ARS,87750.0,18427.5,900.0,107077.5
3370,154,1316,2,2,2,712,PAID,ARS,9720.0,2041.2,0.0,11761.2
3371,257,240,1,,2459,2972,CANCELLED,ARS,20520.0,4309.2,1200.0,26029.2
3372,298,790,2,3,3,1669,FULFILLED,ARS,45000.0,9450.0,0.0,54450.0
3373,609,1380,1,,114,1891,FULFILLED,ARS,15750.0,3307.5,0.0,19057.5
3374,9,936,2,4,4,2389,PAID,ARS,33000.0,6930.0,0.0,39930.0
3375,621,274,1,,1485,1668,FULFILLED,ARS,44100.0,9261.0,1500.0,54861.0
3376,38,1177,2,2,2,,FULFILLED,ARS,38430.0,8070.3,0.0,46500.3
3377,565,623,1,,2524,1998,FULFILLED,ARS,23340.0,4901.4,900.0,29141.4
3378,396,419,1,,794,1277,CANCELLED,ARS,14175.0,2976.75,1200.0,18351.75
3379,195,1308,2,3,3,728,REFUNDED,ARS,13500.0,2835.0,0.0,16335.0
3380,150,508,1,,1731,2145,FULFILLED,ARS,65700.0,13797.0,1500.0,80997.0
3381,16,1234,2,4,4,,FULFILLED,ARS,34200.0,7182.0,0.0,41382.0
3382,240,992,1,,1823,627,FULFILLED,ARS,15000.0,3150.0,1200.0,19350.0
3383,143,143,2,2,2,359,FULFILLED,ARS,44625.0,9371.25,0.0,53996.25
3384,575,763,1,,2457,1105,FULFILLED,ARS,27000.0,5670.0,1200.0,33870.0
3385,81,784,1,,2719,1299,REFUNDED,ARS,14700.0,3087.0,0.0,17787.0
3386,304,1473,2,3,3,2275,FULFILLED,ARS,45000.0,9450.0,0.0,54450.0
3387,502,1344,2,4,4,984,FULFILLED,ARS,44100.0,9261.0,0.0,53361.0
3388,221,457,1,,1757,960,FULFILLED,ARS,47280.0,9928.8,1500.0,58708.8
3389,607,228,1,,2678,1432,FULFILLED,ARS,46080.0,9676.8,1200.0,56956.8
3390,68,1500,1,,397,635,FULFILLED,ARS,13500.0,2835.0,1200.0,17535.0
3391,54,84,1,,518,1084,FULFILLED,ARS,23940.0,5027.4,900.0,29867.4
3392,340,692,1,,2869,1209,FULFILLED,ARS,69300.0,14553.0,1200.0,85053.0
3393,530,302,2,4,4,1754,CANCELLED,ARS,44100.0,9261.0,0.0,53361.0
3394,161,297,1,,1904,96,FULFILLED,ARS,23760.0,4989.6,900.0,29649.6
3395,463,159,2,3,3,333,FULFILLED,ARS,26400.0,5544.0,0.0,31944.0
3396,500,1248,1,,617,2593,FULFILLED,ARS,52680.0,11062.8,1200.0,64942.8
3397,606,319,1,,2002,2883,FULFILLED,ARS,35910.0,7541.1,900.0,44351.1
3398,510,1126,1,,2659,1788,PAID,ARS,28350.0,5953.5,900.0,35203.5
3399,366,1079,1,,3150,635,CREATED,ARS,28500.0,5985.0,1200.0,35685.0
3400,470,553,1,,2427,1320,FULFILLED,ARS,61800.0,12978.0,900.0,75678.0
3401,496,835,1,,1375,,REFUNDED,ARS,45000.0,9450.0,900.0,55350.0
3402,467,1358,1,,1054,1238,PAID,ARS,59400.0,12474.0,1200.0,73074.0
3403,537,1243,2,1,1,,FULFILLED,ARS,23520.0,4939.2,0.0,28459.2
3404,85,1397,1,,594,1739,FULFILLED,ARS,59085.0,12407.85,900.0,72392.85
3405,472,437,2,4,4,,FULFILLED,ARS,83250.0,17482.5,0.0,100732.5
3406,6,241,2,4,4,953,FULFILLED,ARS,10800.0,2268.0,0.0,13068.0
3407,573,1246,1,,1040,1524,FULFILLED,ARS,55272.0,11607.12,1200.0,68079.12
3408,391,1076,1,,2832,541,PAID,ARS,23520.0,4939.2,900.0,29359.2
3409,335,1217,2,4,4,915,FULFILLED,ARS,31350.0,6583.5,0.0,37933.5
3410,31,884,1,,2859,834,FULFILLED,ARS,30780.0,6463.8,1500.0,38743.8
3411,189,1370,2,2,2,1193,FULFILLED,ARS,40500.0,8505.0,0.0,49005.0
3412,98,1376,1,,2181,2786,FULFILLED,ARS,33000.0,6930.0,900.0,40830.0
3413,35,249,1,,380,2546,FULFILLED,ARS,14700.0,3087.0,1500.0,19287.0
3414,152,917,1,,492,1932,FULFILLED,ARS,11760.0,2469.6,1200.0,15429.6
3415,330,168,2,4,4,303,CANCELLED,ARS,42525.0,8930.25,0.0,51455.25
3416,266,566,1,,863,3038,PAID,ARS,26400.0,5544.0,900.0,32844.0
3417,625,43,2,1,1,3063,CANCELLED,ARS,32400.0,6804.0,0.0,39204.0
3418,113,813,1,,1341,2739,CANCELLED,ARS,30000.0,6300.0,0.0,36300.0
3419,73,323,1,,719,829,FULFILLED,ARS,10800.0,2268.0,1200.0,14268.0
3420,357,26,1,,1196,1739,FULFILLED,ARS,35880.0,7534.8,0.0,43414.8
3421,7,396,2,2,2,1376,PAID,ARS,34200.0,7182.0,0.0,41382.0
3422,597,487,2,3,3,1306,FULFILLED,ARS,48510.0,10187.1,0.0,58697.1
3423,57,551,2,4,4,1739,FULFILLED,ARS,62760.0,13179.6,0.0,75939.6
3424,478,1101,1,,559,907,REFUNDED,ARS,29400.0,6174.0,0.0,35574.0
3425,468,790,2,2,2,787,FULFILLED,ARS,11760.0,2469.6,0.0,14229.6
3426,425,242,1,,930,2723,CANCELLED,ARS,23520.0,4939.2,1200.0,29659.2
3427,92,1399,2,3,3,1660,FULFILLED,ARS,14700.0,3087.0,0.0,17787.0
3428,410,1389,1,,1196,2940,PAID,ARS,10800.0,2268.0,1200.0,14268.0
3429,241,1290,2,4,4,,PAID,ARS,25830.0,5424.3,0.0,31254.3
3430,634,221,2,4,4,1414,CANCELLED,ARS,98460.0,20676.6,0.0,119136.6
3431,110,1161,2,1,1,2164,FULFILLED,ARS,46305.0,9724.05,0.0,56029.05
3432,312,570,1,,2930,2938,PAID,ARS,28500.0,5985.0,1200.0,35685.0
3433,410,847,1,,2892,,FULFILLED,ARS,53925.0,11324.25,900.0,66149.25
3434,331,372,2,2,2,1531,CANCELLED,ARS,69000.0,14490.0,0.0,83490.0
3435,145,390,1,,2560,978,PAID,ARS,25872.0,5433.12,900.0,32205.12
3436,15,434,2,2,2,2639,FULFILLED,ARS,65850.0,13828.5,0.0,79678.5
3437,140,1342,1,,2804,614,FULFILLED,ARS,11400.0,2394.0,900.0,14694.0
3438,634,71,1,,260,482,FULFILLED,ARS,45000.0,9450.0,1200.0,55650.0
3439,473,868,2,4,4,207,FULFILLED,ARS,24696.0,5186.16,0.0,29882.16
3440,239,1176,1,,1798,1227,FULFILLED,ARS,66960.0,14061.6,1200.0,82221.6
3441,557,1423,1,,714,256,FULFILLED,ARS,65268.0,13706.28,1500.0,80474.28
3442,279,668,2,2,2,2351,FULFILLED,ARS,49500.0,10395.0,0.0,59895.0
3443,564,655,1,,476,2954,FULFILLED,ARS,11400.0,2394.0,900.0,14694.0
3444,500,292,1,,2105,1178,FULFILLED,ARS,37800.0,7938.0,1500.0,47238.0
3445,493,712,2,4,4,1457,FULFILLED,ARS,12000.0,2520.0,0.0,14520.0
3446,80,1421,1,,2294,86,FULFILLED,ARS,59100.0,12411.0,1200.0,72711.0
3447,218,1290,1,,60,,CANCELLED,ARS,23520.0,4939.2,900.0,29359.2
3448,13,576,2,4,4,729,FULFILLED,ARS,23520.0,4939.2,0.0,28459.2
3449,437,612,2,1,1,1337,FULFILLED,ARS,27585.0,5792.85,0.0,33377.85
3450,439,227,2,4,4,2682,FULFILLED,ARS,12000.0,2520.0,0.0,14520.0
3451,23,590,1,,1297,,CANCELLED,ARS,49230.0,10338.3,900.0,60468.3
3452,54,1498,1,,2244,734,FULFILLED,ARS,30000.0,6300.0,900.0,37200.0
3453,587,184,1,,2888,199,FULFILLED,ARS,11760.0,2469.6,0.0,14229.6
3454,223,88,1,,2140,3059,FULFILLED,ARS,22800.0,4788.0,0.0,27588.0
3455,440,1321,1,,890,582,FULFILLED,ARS,63180.0,13267.8,1500.0,77947.8
3456,524,528,1,,128,1776,FULFILLED,ARS,31350.0,6583.5,1500.0,39433.5
3457,587,1259,1,,222,2063,FULFILLED,ARS,10584.0,2222.64,900.0,13706.64
3458,493,817,2,2,2,73,FULFILLED,ARS,73122.0,15355.62,0.0,88477.62
3459,633,85,2,4,4,50,FULFILLED,ARS,89070.0,18704.7,0.0,107774.7
3460,267,771,2,3,3,1077,CANCELLED,ARS,30000.0,6300.0,0.0,36300.0
3461,195,1386,1,,3172,3119,FULFILLED,ARS,24696.0,5186.16,1200.0,31082.16
3462,153,514,1,,118,2346,FULFILLED,ARS,19440.0,4082.4,0.0,23522.4
3463,337,1252,2,3,3,2014,FULFILLED,ARS,26235.0,5509.35,0.0,31744.35
3464,327,1427,1,,2518,2992,FULFILLED,ARS,63600.0,13356.0,1500.0,78456.0
3465,606,965,1,,657,48,FULFILLED,ARS,21600.0,4536.0,900.0,27036.0
3466,611,1139,1,,570,2006,FULFILLED,ARS,27000.0,5670.0,1200.0,33870.0
3467,193,1197,2,3,3,1354,FULFILLED,ARS,34800.0,7308.0,0.0,42108.0
3468,380,1252,1,,1358,1355,PAID,ARS,43500.0,9135.0,900.0,53535.0
3469,192,976,2,4,4,2885,PAID,ARS,48510.0,10187.1,0.0,58697.1
3470,436,549,2,4,4,732,CANCELLED,ARS,12348.0,2593.08,0.0,14941.08
3471,262,1301,1,,3019,855,PAID,ARS,21168.0,4445.28,0.0,25613.28
3472,214,331,1,,1237,756,FULFILLED,ARS,21600.0,4536.0,1200.0,27336.0
3473,116,219,1,,509,262,FULFILLED,ARS,47250.0,9922.5,1200.0,58372.5
3474,119,422,2,1,1,580,FULFILLED,ARS,44550.0,9355.5,0.0,53905.5
3475,270,181,1,,989,2257,FULFILLED,ARS,27930.0,5865.3,0.0,33795.3
3476,295,1073,1,,1380,661,FULFILLED,ARS,14850.0,3118.5,1200.0,19168.5
3477,293,1362,1,,2029,1711,FULFILLED,ARS,28350.0,5953.5,1500.0,35803.5
3478,244,1436,2,3,3,1421,FULFILLED,ARS,26400.0,5544.0,0.0,31944.0
3479,96,364,1,,162,1810,FULFILLED,ARS,25650.0,5386.5,1200.0,32236.5
3480,22,343,1,,184,1921,PAID,ARS,32400.0,6804.0,1200.0,40404.0
3481,68,1044,1,,141,2397,FULFILLED,ARS,12150.0,2551.5,0.0,14701.5
3482,135,805,2,4,4,977,FULFILLED,ARS,59310.0,12455.1,0.0,71765.1
3483,366,1121,2,1,1,,CANCELLED,ARS,54900.0,11529.0,0.0,66429.0
3484,409,1395,2,3,3,96,CANCELLED,ARS,21600.0,4536.0,0.0,26136.0
3485,286,728,1,,3022,523,FULFILLED,ARS,31500.0,6615.0,1500.0,39615.0
3486,518,688,2,1,1,2617,FULFILLED,ARS,21600.0,4536.0,0.0,26136.0
3487,169,831,1,,1252,,FULFILLED,ARS,42750.0,8977.5,900.0,52627.5
3488,591,744,1,,436,92,PAID,ARS,29925.0,6284.25,1500.0,37709.25
3489,274,1371,2,2,2,901,PAID,ARS,60603.0,12726.63,0.0,73329.63
3490,64,167,1,,3085,,FULFILLED,ARS,12348.0,2593.08,900.0,15841.08
3491,138,111,1,,608,809,CREATED,ARS,35760.0,7509.6,900.0,44169.6
3492,334,580,1,,2016,3193,PAID,ARS,12000.0,2520.0,900.0,15420.0
3493,5,117,2,1,1,2788,FULFILLED,ARS,9720.0,2041.2,0.0,11761.2
3494,637,1264,1,,2120,2491,FULFILLED,ARS,40500.0,8505.0,900.0,49905.0
3495,512,233,1,,2733,568,CANCELLED,ARS,36000.0,7560.0,900.0,44460.0
3496,129,671,1,,1942,749,FULFILLED,ARS,22020.0,4624.2,900.0,27544.2
3497,94,94,1,,648,226,FULFILLED,ARS,47400.0,9954.0,0.0,57354.0
3498,172,390,2,4,4,1123,FULFILLED,ARS,27000.0,5670.0,0.0,32670.0
3499,368,305,1,,63,1686,FULFILLED,ARS,26250.0,5512.5,1200.0,32962.5
3500,329,400,1,,968,2604,FULFILLED,ARS,35760.0,7509.6,1200.0,44469.6
3501,72,396,1,,996,789,FULFILLED,ARS,42750.0,8977.5,1200.0,52927.5
3502,360,1168,1,,1629,798,FULFILLED,ARS,29250.0,6142.5,900.0,36292.5
3503,408,655,2,3,3,315,FULFILLED,ARS,68400.0,14364.0,0.0,82764.0
3504,549,343,1,,2693,1377,FULFILLED,ARS,26970.0,5663.7,900.0,33533.7
3505,446,684,1,,1406,583,CREATED,ARS,21600.0,4536.0,1200.0,27336.0
3506,168,1150,1,,2547,531,REFUNDED,ARS,37800.0,7938.0,0.0,45738.0
3507,48,1028,2,3,3,993,FULFILLED,ARS,26460.0,5556.6,0.0,32016.6
3508,129,585,2,1,1,2439,FULFILLED,ARS,21600.0,4536.0,0.0,26136.0
3509,510,1294,1,,1558,2568,FULFILLED,ARS,15000.0,3150.0,900.0,19050.0
3510,285,455,2,4,4,,FULFILLED,ARS,14175.0,2976.75,0.0,17151.75
3511,628,1141,2,1,1,1552,FULFILLED,ARS,38475.0,8079.75,0.0,46554.75
3512,588,376,2,2,2,3175,FULFILLED,ARS,13500.0,2835.0,0.0,16335.0
3513,139,1154,1,,3000,1482,FULFILLED,ARS,34104.0,7161.84,1200.0,42465.84
3514,289,1498,1,,2277,1998,REFUNDED,ARS,10800.0,2268.0,1200.0,14268.0
3515,633,603,2,3,3,482,CANCELLED,ARS,12000.0,2520.0,0.0,14520.0
3516,61,1002,2,3,3,2287,FULFILLED,ARS,80887.5,16986.38,0.0,97873.88
3517,243,924,1,,2238,1833,FULFILLED,ARS,22800.0,4788.0,0.0,27588.0
3518,536,1309,2,1,1,167,FULFILLED,ARS,14250.0,2992.5,0.0,17242.5
3519,519,1212,2,4,4,2473,FULFILLED,ARS,13500.0,2835.0,0.0,16335.0
3520,553,974,2,2,2,2494,FULFILLED,ARS,35280.0,7408.8,0.0,42688.8
3521,128,1154,2,1,1,2784,FULFILLED,ARS,45540.0,9563.4,0.0,55103.4
3522,611,105,1,,2219,2681,CANCELLED,ARS,31350.0,6583.5,1200.0,39133.5
3523,305,335,1,,2934,918,CANCELLED,ARS,35280.0,7408.8,900.0,43588.8
3524,49,421,2,1,1,,CANCELLED,ARS,30780.0,6463.8,0.0,37243.8
3525,573,77,1,,2091,1567,FULFILLED,ARS,49162.5,10324.12,1200.0,60686.62
3526,55,1399,2,1,1,80,FULFILLED,ARS,15000.0,3150.0,0.0,18150.0
3527,115,761,1,,2440,575,CANCELLED,ARS,23520.0,4939.2,1200.0,29659.2
3528,597,160,2,2,2,2173,FULFILLED,ARS,20520.0,4309.2,0.0,24829.2
3529,231,555,1,,936,3113,PAID,ARS,53190.0,11169.9,900.0,65259.9
3530,211,634,1,,2842,851,REFUNDED,ARS,36000.0,7560.0,1200.0,44760.0
3531,66,1187,2,4,4,2061,FULFILLED,ARS,16170.0,3395.7,0.0,19565.7
3532,612,1329,1,,2518,,FULFILLED,ARS,12000.0,2520.0,900.0,15420.0
3533,591,1231,1,,2385,268,FULFILLED,ARS,100560.0,21117.6,0.0,121677.6
3534,459,571,2,1,1,3164,CANCELLED,ARS,20520.0,4309.2,0.0,24829.2
3535,419,1336,2,1,1,2225,FULFILLED,ARS,49500.0,10395.0,0.0,59895.0
3536,58,243,2,1,1,1979,FULFILLED,ARS,31860.0,6690.6,0.0,38550.6
3537,332,678,2,3,3,1439,CANCELLED,ARS,14250.0,2992.5,0.0,17242.5
3538,49,791,1,,496,2671,FULFILLED,ARS,57712.5,12119.62,900.0,70732.12
3539,492,580,1,,3056,28,FULFILLED,ARS,14700.0,3087.0,1200.0,18987.0
3540,343,121,2,3,3,195,PAID,ARS,42525.0,8930.25,0.0,51455.25
3541,562,1130,2,4,4,1099,FULFILLED,ARS,30000.0,6300.0,0.0,36300.0
3542,146,1275,2,4,4,2027,FULFILLED,ARS,66900.0,14049.0,0.0,80949.0
3543,113,1039,1,,1981,412,CANCELLED,ARS,37620.0,7900.2,900.0,46420.2
3544,287,171,2,3,3,2078,FULFILLED,ARS,21168.0,4445.28,0.0,25613.28
3545,511,132,2,1,1,1208,FULFILLED,ARS,44550.0,9355.5,0.0,53905.5
3546,383,889,2,3,3,1217,FULFILLED,ARS,36690.0,7704.9,0.0,44394.9
3547,47,640,1,,1814,1964,FULFILLED,ARS,30780.0,6463.8,900.0,38143.8
3548,510,841,1,,22,2489,FULFILLED,ARS,40500.0,8505.0,1200.0,50205.0
3549,381,1188,2,4,4,1600,CANCELLED,ARS,22800.0,4788.0,0.0,27588.0
3550,308,1319,1,,2845,,FULFILLED,ARS,21600.0,4536.0,1200.0,27336.0
3551,373,580,1,,2315,917,FULFILLED,ARS,14700.0,3087.0,900.0,18687.0
3552,289,589,1,,3068,877,FULFILLED,ARS,12600.0,2646.0,1200.0,16446.0
3553,413,204,1,,3107,,CANCELLED,ARS,32400.0,6804.0,1200.0,40404.0
3554,100,867,1,,528,1536,FULFILLED,ARS,38475.0,8079.75,900.0,47454.75
3555,267,250,1,,3162,101,FULFILLED,ARS,12825.0,2693.25,1500.0,17018.25
3556,487,1215,1,,1711,504,FULFILLED,ARS,14700.0,3087.0,0.0,17787.0
3557,108,1363,2,4,4,1395,PAID,ARS,11880.0,2494.8,0.0,14374.8
3558,546,589,1,,1928,505,PAID,ARS,55620.0,11680.2,900.0,68200.2
3559,140,1462,1,,2377,489,PAID,ARS,29160.0,6123.6,900.0,36183.6
3560,539,837,2,4,4,2398,PAID,ARS,40500.0,8505.0,0.0,49005.0
3561,343,1210,2,1,1,266,FULFILLED,ARS,34200.0,7182.0,0.0,41382.0
3562,331,370,2,3,3,1570,FULFILLED,ARS,19440.0,4082.4,0.0,23522.4
3563,581,1474,2,4,4,1011,FULFILLED,ARS,62952.0,13219.92,0.0,76171.92
3564,327,294,2,1,1,2274,FULFILLED,ARS,28350.0,5953.5,0.0,34303.5
3565,501,1427,1,,2099,1983,FULFILLED,ARS,28500.0,5985.0,900.0,35385.0
3566,163,119,1,,2492,660,FULFILLED,ARS,54675.0,11481.75,1500.0,67656.75
3567,3,485,1,,2874,,PAID,ARS,40500.0,8505.0,0.0,49005.0
3568,30,583,2,4,4,1192,FULFILLED,ARS,54096.0,11360.16,0.0,65456.16
3569,477,1463,1,,1622,160,FULFILLED,ARS,11400.0,2394.0,900.0,14694.0
3570,458,160,1,,908,2694,FULFILLED,ARS,28500.0,5985.0,0.0,34485.0
3571,595,629,1,,510,73,CANCELLED,ARS,53475.0,11229.75,1200.0,65904.75
3572,219,727,2,1,1,1247,FULFILLED,ARS,31752.0,6667.92,0.0,38419.92
3573,124,590,1,,3158,579,FULFILLED,ARS,45000.0,9450.0,1200.0,55650.0
3574,295,443,1,,2024,2550,PAID,ARS,29400.0,6174.0,900.0,36474.0
3575,77,705,1,,1878,1794,FULFILLED,ARS,15435.0,3241.35,900.0,19576.35
3576,497,188,1,,2062,,FULFILLED,ARS,14250.0,2992.5,1200.0,18442.5
3577,104,1097,2,4,4,1411,FULFILLED,ARS,34200.0,7182.0,0.0,41382.0
3578,416,1328,2,4,4,2563,PAID,ARS,14700.0,3087.0,0.0,17787.0
3579,3,304,2,3,3,2411,FULFILLED,ARS,25200.0,5292.0,0.0,30492.0
3580,562,876,1,,1812,2211,REFUNDED,ARS,65325.0,13718.25,1500.0,80543.25
3581,123,1116,1,,1869,2548,FULFILLED,ARS,11760.0,2469.6,1200.0,15429.6
3582,440,1219,1,,867,568,FULFILLED,ARS,48510.0,10187.1,1500.0,60197.1
3583,386,1134,1,,907,1945,FULFILLED,ARS,14700.0,3087.0,1500.0,19287.0
3584,61,1074,2,4,4,213,FULFILLED,ARS,49200.0,10332.0,0.0,59532.0
3585,508,350,1,,2061,510,FULFILLED,ARS,25872.0,5433.12,900.0,32205.12
3586,355,1406,1,,2454,2808,CANCELLED,ARS,22800.0,4788.0,900.0,28488.0
3587,414,1176,2,4,4,2827,FULFILLED,ARS,54630.0,11472.3,0.0,66102.3
3588,58,1367,1,,407,773,PAID,ARS,45000.0,9450.0,900.0,55350.0
3589,193,232,1,,1334,2966,REFUNDED,ARS,44887.5,9426.38,1200.0,55513.88
3590,542,844,1,,1097,681,FULFILLED,ARS,44100.0,9261.0,900.0,54261.0
3591,524,671,1,,2775,980,FULFILLED,ARS,35280.0,7408.8,900.0,43588.8
3592,226,407,1,,2310,2378,FULFILLED,ARS,19440.0,4082.4,900.0,24422.4
3593,423,944,1,,2189,1322,CANCELLED,ARS,12825.0,2693.25,900.0,16418.25
3594,292,327,2,2,2,814,PAID,ARS,15435.0,3241.35,0.0,18676.35
3595,180,199,1,,2756,77,FULFILLED,ARS,55272.0,11607.12,900.0,67779.12
3596,359,1409,1,,1076,1994,FULFILLED,ARS,60270.0,12656.7,900.0,73826.7
3597,60,949,2,2,2,345,PAID,ARS,49980.0,10495.8,0.0,60475.8
3598,311,900,1,,1115,1662,PAID,ARS,42750.0,8977.5,900.0,52627.5
3599,67,932,2,1,1,2175,PAID,ARS,30000.0,6300.0,0.0,36300.0
3600,15,683,2,1,1,2725,FULFILLED,ARS,47025.0,9875.25,0.0,56900.25
3601,47,1360,2,4,4,2874,CANCELLED,ARS,31350.0,6583.5,0.0,37933.5
3602,251,505,1,,156,,FULFILLED,ARS,42750.0,8977.5,900.0,52627.5
3603,538,371,1,,514,1100,REFUNDED,ARS,12150.0,2551.5,900.0,15601.5
3604,6,535,1,,1935,738,FULFILLED,ARS,14250.0,2992.5,900.0,18142.5
3605,293,446,1,,550,302,FULFILLED,ARS,57600.0,12096.0,1200.0,70896.0
3606,518,610,2,4,4,2274,CREATED,ARS,43500.0,9135.0,0.0,52635.0
3607,171,243,1,,1732,619,CANCELLED,ARS,13500.0,2835.0,1200.0,17535.0
3608,312,1469,2,2,2,2624,PAID,ARS,22800.0,4788.0,0.0,27588.0
3609,425,86,1,,942,26,FULFILLED,ARS,39600.0,8316.0,900.0,48816.0
3610,564,437,1,,684,424,REFUNDED,ARS,27348.0,5743.08,1200.0,34291.08
3611,226,199,1,,900,2601,FULFILLED,ARS,65205.0,13693.05,900.0,79798.05
3612,118,350,1,,309,60,CANCELLED,ARS,64500.0,13545.0,900.0,78945.0
3613,46,105,2,1,1,1144,FULFILLED,ARS,41250.0,8662.5,0.0,49912.5
3614,117,698,1,,2474,211,FULFILLED,ARS,23520.0,4939.2,0.0,28459.2
3615,59,1236,1,,2872,2781,FULFILLED,ARS,23520.0,4939.2,1200.0,29659.2
3616,363,1305,1,,1106,681,FULFILLED,ARS,23940.0,5027.4,900.0,29867.4
3617,522,1262,1,,254,1416,FULFILLED,ARS,52500.0,11025.0,900.0,64425.0
3618,363,1325,2,4,4,1852,FULFILLED,ARS,44887.5,9426.38,0.0,54313.88
3619,11,117,1,,3153,,CANCELLED,ARS,48204.0,10122.84,900.0,59226.84
3620,631,1322,1,,84,509,FULFILLED,ARS,28350.0,5953.5,1200.0,35503.5
3621,35,694,2,3,3,3000,CREATED,ARS,44100.0,9261.0,0.0,53361.0
3622,201,1092,2,2,2,3174,FULFILLED,ARS,27000.0,5670.0,0.0,32670.0
3623,89,279,1,,3068,1481,PAID,ARS,29700.0,6237.0,1200.0,37137.0
3624,7,1277,2,1,1,461,FULFILLED,ARS,21600.0,4536.0,0.0,26136.0
3625,553,983,2,3,3,1218,FULFILLED,ARS,11760.0,2469.6,0.0,14229.6
3626,79,1300,1,,2080,1033,FULFILLED,ARS,29925.0,6284.25,0.0,36209.25
3627,304,727,2,4,4,2189,REFUNDED,ARS,32400.0,6804.0,0.0,39204.0
3628,176,496,1,,1963,2927,FULFILLED,ARS,22800.0,4788.0,1500.0,29088.0
3629,221,657,1,,525,2682,FULFILLED,ARS,35910.0,7541.1,0.0,43451.1
3630,380,277,1,,1483,,FULFILLED,ARS,10800.0,2268.0,0.0,13068.0
3631,269,523,1,,744,243,FULFILLED,ARS,36000.0,7560.0,1200.0,44760.0
3632,316,126,1,,283,1785,FULFILLED,ARS,29400.0,6174.0,900.0,36474.0
3633,111,1034,2,1,1,745,CANCELLED,ARS,14850.0,3118.5,0.0,17968.5
3634,377,358,2,4,4,2428,FULFILLED,ARS,12000.0,2520.0,0.0,14520.0
3635,87,637,1,,1692,968,FULFILLED,ARS,32400.0,6804.0,1200.0,40404.0
3636,244,691,2,2,2,24,FULFILLED,ARS,34020.0,7144.2,0.0,41164.2
3637,315,380,2,4,4,212,FULFILLED,ARS,78030.0,16386.3,0.0,94416.3
3638,240,1253,1,,368,,FULFILLED,ARS,22560.0,4737.6,900.0,28197.6
3639,204,1068,2,4,4,2640,CANCELLED,ARS,35280.0,7408.8,0.0,42688.8
3640,422,1188,1,,234,892,FULFILLED,ARS,42750.0,8977.5,1500.0,53227.5
3641,593,1354,1,,1323,1178,FULFILLED,ARS,15000.0,3150.0,900.0,19050.0
3642,272,1109,2,2,2,428,FULFILLED,ARS,38808.0,8149.68,0.0,46957.68
3643,255,1399,2,1,1,2363,FULFILLED,ARS,36750.0,7717.5,0.0,44467.5
3644,133,672,2,1,1,245,FULFILLED,ARS,41460.0,8706.6,0.0,50166.6
3645,110,1351,2,1,1,3059,FULFILLED,ARS,76350.0,16033.5,0.0,92383.5
3646,209,725,1,,1776,2013,CANCELLED,ARS,51000.0,10710.0,1500.0,63210.0
3647,170,1288,2,3,3,813,FULFILLED,ARS,28350.0,5953.5,0.0,34303.5
3648,193,542,1,,2243,3120,FULFILLED,ARS,46305.0,9724.05,1200.0,57229.05
3649,628,205,1,,2420,,FULFILLED,ARS,49020.0,10294.2,1200.0,60514.2
3650,114,421,1,,1182,2148,FULFILLED,ARS,12600.0,2646.0,1200.0,16446.0
3651,238,433,1,,2925,,PAID,ARS,66870.0,14042.7,1200.0,82112.7
3652,175,313,1,,1495,1276,CANCELLED,ARS,15750.0,3307.5,900.0,19957.5
3653,39,556,2,4,4,,FULFILLED,ARS,34200.0,7182.0,0.0,41382.0
3654,468,1225,1,,709,1799,FULFILLED,ARS,24000.0,5040.0,1500.0,30540.0
3655,225,1326,1,,2759,229,PAID,ARS,56400.0,11844.0,1200.0,69444.0
3656,535,513,1,,544,1202,CANCELLED,ARS,10800.0,2268.0,900.0,13968.0
3657,126,196,1,,1750,352,CREATED,ARS,62100.0,13041.0,1500.0,76641.0
3658,273,377,1,,2521,,CANCELLED,ARS,21600.0,4536.0,900.0,27036.0
3659,160,400,2,2,2,2697,FULFILLED,ARS,24000.0,5040.0,0.0,29040.0
3660,447,1177,1,,2469,906,CREATED,ARS,49950.0,10489.5,1500.0,61939.5
3661,71,833,1,,1804,172,FULFILLED,ARS,61500.0,12915.0,1500.0,75915.0
3662,266,308,1,,1460,1072,CREATED,ARS,11970.0,2513.7,1500.0,15983.7
3663,261,291,2,4,4,49,FULFILLED,ARS,36000.0,7560.0,0.0,43560.0
3664,548,727,1,,2206,478,FULFILLED,ARS,14250.0,2992.5,900.0,18142.5
3665,361,587,2,3,3,,FULFILLED,ARS,42750.0,8977.5,0.0,51727.5
3666,337,448,2,2,2,,FULFILLED,ARS,13500.0,2835.0,0.0,16335.0
3667,156,1144,2,1,1,411,FULFILLED,ARS,48300.0,10143.0,0.0,58443.0
3668,475,516,1,,2337,351,CANCELLED,ARS,25200.0,5292.0,1500.0,31992.0
3669,293,1123,1,,768,2732,REFUNDED,ARS,21600.0,4536.0,1500.0,27636.0
3670,143,1203,1,,2602,2291,PAID,ARS,32400.0,6804.0,1200.0,40404.0
3671,79,377,2,1,1,3114,FULFILLED,ARS,41400.0,8694.0,0.0,50094.0
3672,91,991,1,,2865,157,FULFILLED,ARS,37800.0,7938.0,900.0,46638.0
3673,492,240,1,,1068,2137,CREATED,ARS,22800.0,4788.0,1200.0,28788.0
3674,453,1155,2,4,4,,FULFILLED,ARS,11760.0,2469.6,0.0,14229.6
3675,85,46,2,3,3,1576,PAID,ARS,37044.0,7779.24,0.0,44823.24
3676,285,1102,1,,1612,1204,FULFILLED,ARS,11340.0,2381.4,1200.0,14921.4
3677,329,1402,1,,123,237,CREATED,ARS,26220.0,5506.2,900.0,32626.2
3678,359,429,1,,830,1683,PAID,ARS,55200.0,11592.0,1200.0,67992.0
3679,206,1106,2,2,2,1815,FULFILLED,ARS,32400.0,6804.0,0.0,39204.0
3680,253,1067,1,,2637,,FULFILLED,ARS,10260.0,2154.6,1200.0,13614.6
3681,19,125,1,,382,,FULFILLED,ARS,14700.0,3087.0,900.0,18687.0
3682,608,352,1,,2832,2915,FULFILLED,ARS,13230.0,2778.3,1200.0,17208.3
3683,65,592,2,2,2,3134,FULFILLED,ARS,12540.0,2633.4,0.0,15173.4
3684,47,231,2,1,1,287,FULFILLED,ARS,35910.0,7541.1,0.0,43451.1
3685,89,23,1,,463,2929,REFUNDED,ARS,37620.0,7900.2,900.0,46420.2
3686,402,622,1,,282,1103,FULFILLED,ARS,23520.0,4939.2,1200.0,29659.2
3687,398,971,2,2,2,256,FULFILLED,ARS,78750.0,16537.5,0.0,95287.5
3688,291,724,2,4,4,2199,FULFILLED,ARS,31752.0,6667.92,0.0,38419.92
3689,418,150,1,,2642,772,FULFILLED,ARS,21168.0,4445.28,1200.0,26813.28
3690,154,683,1,,2740,,FULFILLED,ARS,25200.0,5292.0,900.0,31392.0
3691,274,1219,1,,493,2907,PAID,ARS,63390.0,13311.9,1200.0,77901.9
3692,25,71,1,,495,1437,FULFILLED,ARS,15675.0,3291.75,1200.0,20166.75
3693,152,120,2,1,1,1843,REFUNDED,ARS,40500.0,8505.0,0.0,49005.0
3694,370,937,2,3,3,3019,FULFILLED,ARS,29700.0,6237.0,0.0,35937.0
3695,169,1122,1,,226,,PAID,ARS,26460.0,5556.6,900.0,32916.6
3696,554,1380,1,,921,2009,FULFILLED,ARS,108000.0,22680.0,1200.0,131880.0
3697,332,910,2,3,3,894,FULFILLED,ARS,34020.0,7144.2,0.0,41164.2
3698,369,787,1,,22,,FULFILLED,ARS,37044.0,7779.24,1200.0,46023.24
3699,253,1155,1,,515,2790,CANCELLED,ARS,23940.0,5027.4,900.0,29867.4
3700,515,86,1,,1476,2583,FULFILLED,ARS,26400.0,5544.0,900.0,32844.0
3701,392,938,2,4,4,,FULFILLED,ARS,14250.0,2992.5,0.0,17242.5
3702,110,1058,2,4,4,1711,PAID,ARS,12000.0,2520.0,0.0,14520.0
3703,70,414,2,2,2,2189,FULFILLED,ARS,41700.0,8757.0,0.0,50457.0
3704,253,166,1,,403,205,FULFILLED,ARS,22800.0,4788.0,900.0,28488.0
3705,365,1427,2,3,3,3130,FULFILLED,ARS,37620.0,7900.2,0.0,45520.2
3706,130,362,2,4,4,767,FULFILLED,ARS,14250.0,2992.5,0.0,17242.5
3707,214,1491,1,,2349,1621,FULFILLED,ARS,72637.5,15253.88,1200.0,89091.38
3708,399,465,1,,1390,413,PAID,ARS,21600.0,4536.0,900.0,27036.0
3709,397,724,2,3,3,616,FULFILLED,ARS,33000.0,6930.0,0.0,39930.0
3710,255,1342,1,,51,1480,FULFILLED,ARS,28500.0,5985.0,1500.0,35985.0
3711,608,244,2,2,2,2622,PAID,ARS,35280.0,7408.8,0.0,42688.8
3712,121,747,1,,2066,801,FULFILLED,ARS,84600.0,17766.0,1200.0,103566.0
3713,379,1225,1,,326,,FULFILLED,ARS,31860.0,6690.6,900.0,39450.6
3714,301,115,2,1,1,1237,REFUNDED,ARS,48510.0,10187.1,0.0,58697.1
3715,413,831,1,,111,2150,FULFILLED,ARS,65700.0,13797.0,1200.0,80697.0
3716,359,102,1,,2000,2309,CANCELLED,ARS,15000.0,3150.0,1200.0,19350.0
3717,417,666,1,,1340,2915,FULFILLED,ARS,13200.0,2772.0,1500.0,17472.0
3718,457,1121,2,2,2,1112,REFUNDED,ARS,36000.0,7560.0,0.0,43560.0
3719,595,841,1,,2456,211,FULFILLED,ARS,24000.0,5040.0,1200.0,30240.0
3720,421,1412,1,,768,326,FULFILLED,ARS,11760.0,2469.6,1500.0,15729.6
3721,3,1210,1,,2387,2404,CANCELLED,ARS,30000.0,6300.0,1200.0,37500.0
3722,319,362,1,,1359,,FULFILLED,ARS,47100.0,9891.0,0.0,56991.0
3723,333,1009,1,,2432,2354,FULFILLED,ARS,44880.0,9424.8,900.0,55204.8
3724,458,830,1,,1650,2339,PAID,ARS,34020.0,7144.2,0.0,41164.2
3725,618,995,2,3,3,3009,CREATED,ARS,12000.0,2520.0,0.0,14520.0
3726,486,504,1,,2713,2883,FULFILLED,ARS,21168.0,4445.28,1500.0,27113.28
3727,546,1093,2,4,4,2438,FULFILLED,ARS,35640.0,7484.4,0.0,43124.4
3728,533,805,1,,1631,2084,CANCELLED,ARS,11400.0,2394.0,1200.0,14994.0
3729,313,657,1,,881,2951,FULFILLED,ARS,11760.0,2469.6,0.0,14229.6
3730,455,965,1,,3182,543,FULFILLED,ARS,61230.0,12858.3,1200.0,75288.3
3731,609,439,2,3,3,476,CANCELLED,ARS,22800.0,4788.0,0.0,27588.0
3732,134,457,1,,403,304,FULFILLED,ARS,53520.0,11239.2,900.0,65659.2
3733,303,958,1,,568,2980,FULFILLED,ARS,52380.0,10999.8,900.0,64279.8
3734,147,725,1,,1731,2077,FULFILLED,ARS,66120.0,13885.2,1200.0,81205.2
3735,31,256,2,2,2,787,FULFILLED,ARS,42750.0,8977.5,0.0,51727.5
3736,117,919,2,2,2,3039,PAID,ARS,13230.0,2778.3,0.0,16008.3
3737,266,292,2,3,3,323,FULFILLED,ARS,21600.0,4536.0,0.0,26136.0
3738,339,1377,1,,785,296,PAID,ARS,13230.0,2778.3,900.0,16908.3
3739,399,290,1,,689,2107,FULFILLED,ARS,12000.0,2520.0,1200.0,15720.0
3740,539,1273,1,,2258,2675,FULFILLED,ARS,45000.0,9450.0,1200.0,55650.0
3741,550,1056,2,2,2,,PAID,ARS,14250.0,2992.5,0.0,17242.5
3742,302,601,1,,238,803,FULFILLED,ARS,56160.0,11793.6,900.0,68853.6
3743,219,1500,1,,2499,,FULFILLED,ARS,40500.0,8505.0,1500.0,50505.0
3744,137,1241,1,,893,1651,FULFILLED,ARS,39690.0,8334.9,1200.0,49224.9
3745,339,874,2,3,3,2871,FULFILLED,ARS,21168.0,4445.28,0.0,25613.28
3746,329,911,1,,1811,2601,FULFILLED,ARS,44100.0,9261.0,1200.0,54561.0
3747,420,910,1,,1304,290,FULFILLED,ARS,21168.0,4445.28,900.0,26513.28
3748,451,1089,2,2,2,1477,FULFILLED,ARS,61800.0,12978.0,0.0,74778.0
3749,83,855,1,,266,570,FULFILLED,ARS,42525.0,8930.25,1200.0,52655.25
3750,228,543,1,,1176,277,CANCELLED,ARS,30000.0,6300.0,1200.0,37500.0
3751,283,738,2,1,1,2122,PAID,ARS,27000.0,5670.0,0.0,32670.0
3752,338,1043,1,,972,507,FULFILLED,ARS,27000.0,5670.0,900.0,33570.0
3753,555,733,1,,1346,871,REFUNDED,ARS,14250.0,2992.5,1200.0,18442.5
3754,177,77,1,,1258,,PAID,ARS,78000.0,16380.0,900.0,95280.0
3755,517,1067,1,,286,1995,FULFILLED,ARS,29400.0,6174.0,0.0,35574.0
3756,7,387,1,,221,2582,FULFILLED,ARS,32670.0,6860.7,900.0,40430.7
3757,357,942,2,1,1,,FULFILLED,ARS,14175.0,2976.75,0.0,17151.75
3758,438,863,2,1,1,156,FULFILLED,ARS,40500.0,8505.0,0.0,49005.0
3759,563,1368,2,2,2,2677,FULFILLED,ARS,80280.0,16858.8,0.0,97138.8
3760,453,722,1,,1785,2988,FULFILLED,ARS,40500.0,8505.0,1500.0,50505.0
3761,490,168,1,,2409,1617,PAID,ARS,22800.0,4788.0,1200.0,28788.0
3762,243,625,1,,1413,127,FULFILLED,ARS,12540.0,2633.4,0.0,15173.4
3763,116,1021,1,,2618,,FULFILLED,ARS,42750.0,8977.5,0.0,51727.5
3764,178,739,1,,1829,2620,PAID,ARS,55950.0,11749.5,1500.0,69199.5
3765,490,1362,1,,2572,2096,FULFILLED,ARS,40500.0,8505.0,900.0,49905.0
3766,403,921,1,,1269,2881,FULFILLED,ARS,30780.0,6463.8,1200.0,38443.8
3767,462,1071,2,2,2,505,FULFILLED,ARS,36000.0,7560.0,0.0,43560.0
3768,122,759,1,,980,428,FULFILLED,ARS,56400.0,11844.0,900.0,69144.0
3769,499,285,1,,1647,2806,PAID,ARS,26460.0,5556.6,900.0,32916.6
3770,303,200,2,3,3,734,CANCELLED,ARS,29400.0,6174.0,0.0,35574.0
3771,534,1377,1,,2173,1852,FULFILLED,ARS,44400.0,9324.0,1500.0,55224.0
3772,125,278,2,2,2,1561,PAID,ARS,11400.0,2394.0,0.0,13794.0
3773,595,519,2,2,2,1988,FULFILLED,ARS,13500.0,2835.0,0.0,16335.0
3774,248,1476,1,,2918,,FULFILLED,ARS,14700.0,3087.0,1200.0,18987.0
3775,96,1026,1,,1288,2207,CANCELLED,ARS,72897.0,15308.37,0.0,88205.37
3776,19,820,1,,1072,,FULFILLED,ARS,14250.0,2992.5,900.0,18142.5
3777,232,1140,1,,1546,3048,PAID,ARS,11760.0,2469.6,1200.0,15429.6
3778,251,382,2,1,1,5,FULFILLED,ARS,27000.0,5670.0,0.0,32670.0
3779,93,246,1,,818,66,FULFILLED,ARS,34200.0,7182.0,1500.0,42882.0
3780,540,798,1,,1755,,FULFILLED,ARS,34200.0,7182.0,1200.0,42582.0
3781,41,1167,1,,788,869,CANCELLED,ARS,25872.0,5433.12,900.0,32205.12
3782,417,1454,1,,2615,505,FULFILLED,ARS,37800.0,7938.0,900.0,46638.0
3783,235,488,2,3,3,977,FULFILLED,ARS,11400.0,2394.0,0.0,13794.0
3784,387,1116,1,,827,543,FULFILLED,ARS,56925.0,11954.25,1500.0,70379.25
3785,290,15,1,,512,598,FULFILLED,ARS,40080.0,8416.8,900.0,49396.8
3786,595,332,2,1,1,,FULFILLED,ARS,43800.0,9198.0,0.0,52998.0
3787,92,707,2,1,1,116,CANCELLED,ARS,22800.0,4788.0,0.0,27588.0
3788,563,238,1,,2785,1354,FULFILLED,ARS,73500.0,15435.0,1200.0,90135.0
3789,88,66,2,2,2,1569,FULFILLED,ARS,35280.0,7408.8,0.0,42688.8
3790,559,407,1,,1386,635,FULFILLED,ARS,40500.0,8505.0,1200.0,50205.0
3791,260,1095,1,,2122,1795,REFUNDED,ARS,31752.0,6667.92,0.0,38419.92
3792,241,553,2,1,1,1910,FULFILLED,ARS,45000.0,9450.0,0.0,54450.0
3793,112,533,1,,390,2183,FULFILLED,ARS,41400.0,8694.0,900.0,50994.0
3794,346,332,1,,907,2774,PAID,ARS,14700.0,3087.0,1200.0,18987.0
3795,466,730,1,,708,759,FULFILLED,ARS,57510.0,12077.1,1200.0,70787.1
3796,234,615,2,3,3,450,FULFILLED,ARS,44100.0,9261.0,0.0,53361.0
3797,121,1274,1,,1883,,FULFILLED,ARS,28500.0,5985.0,900.0,35385.0
3798,423,1275,2,2,2,,FULFILLED,ARS,15750.0,3307.5,0.0,19057.5
3799,117,595,2,3,3,72,FULFILLED,ARS,42750.0,8977.5,0.0,51727.5
3800,634,1086,1,,2673,1145,PAID,ARS,14700.0,3087.0,900.0,18687.0
3801,513,945,1,,2442,482,FULFILLED,ARS,31968.0,6713.28,900.0,39581.28
3802,128,1296,2,4,4,1235,FULFILLED,ARS,36840.0,7736.4,0.0,44576.4
3803,637,1467,1,,2758,2219,FULFILLED,ARS,12936.0,2716.56,1200.0,16852.56
3804,509,468,1,,1726,788,FULFILLED,ARS,77175.0,16206.75,900.0,94281.75
3805,48,23,2,1,1,1958,FULFILLED,ARS,14250.0,2992.5,0.0,17242.5
3806,354,175,2,1,1,1752,FULFILLED,ARS,44700.0,9387.0,0.0,54087.0
3807,333,1157,1,,3068,1895,FULFILLED,ARS,78300.0,16443.0,900.0,95643.0
3808,510,481,1,,1562,1187,FULFILLED,ARS,37620.0,7900.2,900.0,46420.2
3809,358,975,1,,648,2300,FULFILLED,ARS,100560.0,21117.6,900.0,122577.6
3810,399,760,2,4,4,2348,REFUNDED,ARS,15675.0,3291.75,0.0,18966.75
3811,277,586,1,,361,2682,FULFILLED,ARS,35280.0,7408.8,1200.0,43888.8
3812,478,1407,1,,1302,53,FULFILLED,ARS,35280.0,7408.8,0.0,42688.8
3813,347,974,1,,2411,2189,CANCELLED,ARS,44280.0,9298.8,1200.0,54778.8
3814,292,1446,1,,2452,223,FULFILLED,ARS,55800.0,11718.0,900.0,68418.0
3815,490,1298,1,,1173,1575,FULFILLED,ARS,30000.0,6300.0,1200.0,37500.0
3816,363,588,2,2,2,2257,CANCELLED,ARS,39600.0,8316.0,0.0,47916.0
3817,619,668,1,,308,895,PAID,ARS,45000.0,9450.0,1200.0,55650.0
3818,191,1294,1,,441,1563,FULFILLED,ARS,35280.0,7408.8,1500.0,44188.8
3819,391,266,1,,1266,2636,FULFILLED,ARS,36000.0,7560.0,1500.0,45060.0
3820,2,1323,2,2,2,2835,PAID,ARS,40500.0,8505.0,0.0,49005.0
3821,459,1117,1,,1973,1686,CANCELLED,ARS,29400.0,6174.0,900.0,36474.0
3822,46,306,1,,223,1553,FULFILLED,ARS,37620.0,7900.2,1500.0,47020.2
3823,235,850,1,,257,2171,FULFILLED,ARS,36750.0,7717.5,1200.0,45667.5
3824,132,732,2,3,3,,FULFILLED,ARS,10800.0,2268.0,0.0,13068.0
3825,265,961,1,,1365,2174,PAID,ARS,26460.0,5556.6,900.0,32916.6
3826,104,193,2,3,3,2636,PAID,ARS,111150.0,23341.5,0.0,134491.5
3827,213,345,1,,577,2658,FULFILLED,ARS,32400.0,6804.0,900.0,40104.0
3828,234,92,1,,1275,2656,FULFILLED,ARS,36000.0,7560.0,0.0,43560.0
3829,118,313,2,4,4,1115,FULFILLED,ARS,15000.0,3150.0,0.0,18150.0
3830,207,99,2,3,3,2102,PAID,ARS,73800.0,15498.0,0.0,89298.0
3831,187,1270,1,,1545,2240,FULFILLED,ARS,34200.0,7182.0,900.0,42282.0
3832,560,919,2,4,4,981,FULFILLED,ARS,15000.0,3150.0,0.0,18150.0
3833,624,1343,1,,1613,,FULFILLED,ARS,23760.0,4989.6,900.0,29649.6
3834,456,424,1,,1509,2679,PAID,ARS,66450.0,13954.5,0.0,80404.5
3835,62,884,1,,639,2965,FULFILLED,ARS,34200.0,7182.0,1500.0,42882.0
3836,335,1398,1,,711,461,FULFILLED,ARS,34020.0,7144.2,1500.0,42664.2
3837,458,747,2,2,2,,REFUNDED,ARS,11760.0,2469.6,0.0,14229.6
3838,372,1285,1,,3127,2859,FULFILLED,ARS,34200.0,7182.0,1200.0,42582.0
3839,128,120,1,,1669,1558,FULFILLED,ARS,11880.0,2494.8,1200.0,15574.8
3840,608,1449,2,1,1,1528,PAID,ARS,21600.0,4536.0,0.0,26136.0
3841,90,814,1,,494,1201,FULFILLED,ARS,24900.0,5229.0,900.0,31029.0
3842,73,462,2,2,2,461,FULFILLED,ARS,56880.0,11944.8,0.0,68824.8
3843,352,127,1,,1982,1101,FULFILLED,ARS,23940.0,5027.4,900.0,29867.4
3844,83,509,2,2,2,2694,FULFILLED,ARS,47400.0,9954.0,0.0,57354.0
3845,263,308,1,,1884,3076,REFUNDED,ARS,35280.0,7408.8,1500.0,44188.8
3846,322,199,1,,2465,2053,PAID,ARS,80550.0,16915.5,1500.0,98965.5
3847,409,320,1,,1687,179,FULFILLED,ARS,64020.0,13444.2,900.0,78364.2
3848,328,471,2,2,2,3158,FULFILLED,ARS,48510.0,10187.1,0.0,58697.1
3849,623,927,1,,2123,695,PAID,ARS,12000.0,2520.0,1200.0,15720.0
3850,363,1353,2,4,4,1644,PAID,ARS,49635.0,10423.35,0.0,60058.35
3851,112,1307,1,,26,166,PAID,ARS,52920.0,11113.2,900.0,64933.2
3852,267,506,2,2,2,,PAID,ARS,39510.0,8297.1,0.0,47807.1
3853,90,575,2,1,1,2428,FULFILLED,ARS,32400.0,6804.0,0.0,39204.0
3854,466,79,2,1,1,1559,FULFILLED,ARS,31752.0,6667.92,0.0,38419.92
3855,397,1118,1,,218,1322,FULFILLED,ARS,22800.0,4788.0,1200.0,28788.0
3856,18,735,1,,2419,728,FULFILLED,ARS,34200.0,7182.0,0.0,41382.0
3857,4,1246,2,3,3,514,CANCELLED,ARS,41160.0,8643.6,0.0,49803.6
3858,483,1078,1,,863,,FULFILLED,ARS,11400.0,2394.0,0.0,13794.0
3859,139,1142,1,,1331,,FULFILLED,ARS,15000.0,3150.0,900.0,19050.0
3860,126,474,2,1,1,1035,FULFILLED,ARS,15000.0,3150.0,0.0,18150.0
3861,563,1015,2,4,4,1171,CANCELLED,ARS,23940.0,5027.4,0.0,28967.4
3862,294,970,2,1,1,,FULFILLED,ARS,36000.0,7560.0,0.0,43560.0
3863,77,962,2,1,1,,FULFILLED,ARS,39690.0,8334.9,0.0,48024.9
3864,336,1224,2,1,1,950,FULFILLED,ARS,10800.0,2268.0,0.0,13068.0
3865,387,1330,1,,1351,1552,FULFILLED,ARS,45600.0,9576.0,1200.0,56376.0
3866,589,1121,2,2,2,3011,FULFILLED,ARS,30000.0,6300.0,0.0,36300.0
3867,580,1,2,2,2,,CANCELLED,ARS,32400.0,6804.0,0.0,39204.0
3868,240,530,1,,1933,543,PAID,ARS,22800.0,4788.0,1200.0,28788.0
3869,357,793,2,2,2,74,FULFILLED,ARS,37044.0,7779.24,0.0,44823.24
3870,100,348,2,2,2,820,FULFILLED,ARS,26460.0,5556.6,0.0,32016.6
3871,281,621,1,,1094,3168,FULFILLED,ARS,56850.0,11938.5,1500.0,70288.5
3872,102,279,2,1,1,1987,REFUNDED,ARS,15000.0,3150.0,0.0,18150.0
3873,508,462,1,,1442,613,CANCELLED,ARS,40500.0,8505.0,0.0,49005.0
3874,192,78,2,1,1,,REFUNDED,ARS,11970.0,2513.7,0.0,14483.7
3875,172,613,1,,393,773,FULFILLED,ARS,28500.0,5985.0,1200.0,35685.0
3876,456,1101,2,1,1,1159,FULFILLED,ARS,14700.0,3087.0,0.0,17787.0
3877,157,154,1,,1244,163,FULFILLED,ARS,39396.0,8273.16,1200.0,48869.16
3878,168,558,1,,694,1476,FULFILLED,ARS,12150.0,2551.5,900.0,15601.5
3879,283,373,1,,2256,558,FULFILLED,ARS,56400.0,11844.0,900.0,69144.0
3880,390,1385,1,,2185,2049,FULFILLED,ARS,13500.0,2835.0,1200.0,17535.0
3881,239,1235,2,2,2,490,FULFILLED,ARS,46650.0,9796.5,0.0,56446.5
3882,235,346,1,,842,1219,FULFILLED,ARS,34200.0,7182.0,1200.0,42582.0
3883,466,1413,2,3,3,1489,CANCELLED,ARS,13500.0,2835.0,0.0,16335.0
3884,84,1072,2,1,1,2832,FULFILLED,ARS,45000.0,9450.0,0.0,54450.0
3885,117,59,1,,1700,39,PAID,ARS,44100.0,9261.0,1200.0,54561.0
3886,471,748,1,,1470,161,FULFILLED,ARS,36000.0,7560.0,1200.0,44760.0
3887,11,1433,2,2,2,,FULFILLED,ARS,44100.0,9261.0,0.0,53361.0
3888,113,172,2,2,2,41,FULFILLED,ARS,77220.0,16216.2,0.0,93436.2
3889,318,380,1,,85,839,PAID,ARS,47880.0,10054.8,900.0,58834.8
3890,501,1245,1,,896,530,FULFILLED,ARS,29400.0,6174.0,900.0,36474.0
3891,341,345,1,,468,2785,PAID,ARS,34200.0,7182.0,0.0,41382.0
3892,524,1237,1,,362,103,PAID,ARS,14250.0,2992.5,1200.0,18442.5
3893,404,190,2,4,4,2225,PAID,ARS,15000.0,3150.0,0.0,18150.0
3894,73,731,2,1,1,342,REFUNDED,ARS,9720.0,2041.2,0.0,11761.2
3895,566,1423,1,,2914,,FULFILLED,ARS,28500.0,5985.0,900.0,35385.0
3896,486,1262,1,,3141,1359,REFUNDED,ARS,13500.0,2835.0,0.0,16335.0
3897,611,615,1,,2565,132,FULFILLED,ARS,46800.0,9828.0,1200.0,57828.0
3898,76,1481,2,3,3,2697,FULFILLED,ARS,21600.0,4536.0,0.0,26136.0
3899,258,657,2,4,4,2739,FULFILLED,ARS,21168.0,4445.28,0.0,25613.28
3900,438,1304,2,4,4,1072,FULFILLED,ARS,42750.0,8977.5,0.0,51727.5
3901,615,1438,2,2,2,1995,PAID,ARS,66168.0,13895.28,0.0,80063.28
3902,187,1275,2,1,1,,FULFILLED,ARS,31350.0,6583.5,0.0,37933.5
3903,398,1251,2,4,4,994,FULFILLED,ARS,29400.0,6174.0,0.0,35574.0
3904,571,439,1,,2053,314,FULFILLED,ARS,39660.0,8328.6,900.0,48888.6
3905,363,1110,1,,783,1838,CANCELLED,ARS,37584.0,7892.64,1500.0,46976.64
3906,341,385,2,1,1,1778,FULFILLED,ARS,14250.0,2992.5,0.0,17242.5
3907,370,1163,2,1,1,,FULFILLED,ARS,20520.0,4309.2,0.0,24829.2
3908,259,91,1,,2738,3147,PAID,ARS,75180.0,15787.8,1200.0,92167.8
3909,386,79,1,,2342,1747,FULFILLED,ARS,10800.0,2268.0,900.0,13968.0
3910,37,724,1,,3093,2542,FULFILLED,ARS,45000.0,9450.0,900.0,55350.0
3911,498,602,1,,429,872,FULFILLED,ARS,25650.0,5386.5,1200.0,32236.5
3912,473,299,2,3,3,575,FULFILLED,ARS,29400.0,6174.0,0.0,35574.0
3913,557,879,1,,1538,2135,PAID,ARS,12000.0,2520.0,1200.0,15720.0
3914,266,872,2,4,4,2478,REFUNDED,ARS,35850.0,7528.5,0.0,43378.5
3915,87,1194,1,,2081,136,CANCELLED,ARS,35280.0,7408.8,0.0,42688.8
3916,256,620,1,,2492,2269,FULFILLED,ARS,12825.0,2693.25,900.0,16418.25
3917,594,521,1,,2813,2946,FULFILLED,ARS,40500.0,8505.0,900.0,49905.0
3918,302,257,2,4,4,2892,PAID,ARS,40500.0,8505.0,0.0,49005.0
3919,491,309,2,4,4,2700,PAID,ARS,31752.0,6667.92,0.0,38419.92
3920,461,974,2,4,4,2508,FULFILLED,ARS,43575.0,9150.75,0.0,52725.75
3921,522,308,2,1,1,2183,FULFILLED,ARS,21600.0,4536.0,0.0,26136.0
3922,304,1418,1,,311,2030,PAID,ARS,42750.0,8977.5,1500.0,53227.5
3923,349,106,2,2,2,,REFUNDED,ARS,36000.0,7560.0,0.0,43560.0
3924,325,858,1,,489,3071,FULFILLED,ARS,23520.0,4939.2,900.0,29359.2
3925,174,41,2,2,2,541,FULFILLED,ARS,30780.0,6463.8,0.0,37243.8
3926,62,115,2,1,1,3114,FULFILLED,ARS,45000.0,9450.0,0.0,54450.0
3927,527,546,1,,466,2822,FULFILLED,ARS,54096.0,11360.16,1200.0,66656.16
3928,633,686,2,1,1,2301,CANCELLED,ARS,44887.5,9426.38,0.0,54313.88
3929,192,831,1,,2939,2478,CANCELLED,ARS,21600.0,4536.0,1500.0,27636.0
3930,186,806,1,,1006,2138,CANCELLED,ARS,31350.0,6583.5,1200.0,39133.5
3931,463,640,2,3,3,870,REFUNDED,ARS,24000.0,5040.0,0.0,29040.0
3932,603,305,1,,2592,3154,REFUNDED,ARS,25080.0,5266.8,1200.0,31546.8
3933,21,803,1,,2597,314,CANCELLED,ARS,21600.0,4536.0,0.0,26136.0
3934,10,1221,2,3,3,,FULFILLED,ARS,47250.0,9922.5,0.0,57172.5
3935,3,868,2,1,1,468,FULFILLED,ARS,22800.0,4788.0,0.0,27588.0
3936,304,817,1,,505,130,FULFILLED,ARS,30000.0,6300.0,1200.0,37500.0
3937,526,640,1,,2477,2142,PAID,ARS,28500.0,5985.0,0.0,34485.0
3938,512,991,1,,2487,1449,FULFILLED,ARS,29400.0,6174.0,900.0,36474.0
3939,276,1353,1,,524,1828,REFUNDED,ARS,9720.0,2041.2,1200.0,12961.2
3940,225,228,1,,311,2858,FULFILLED,ARS,26175.0,5496.75,900.0,32571.75
3941,555,1021,2,2,2,76,FULFILLED,ARS,20520.0,4309.2,0.0,24829.2
3942,227,50,1,,410,2752,PAID,ARS,36000.0,7560.0,1200.0,44760.0
3943,34,949,2,2,2,387,FULFILLED,ARS,45120.0,9475.2,0.0,54595.2
3944,347,671,2,4,4,2411,FULFILLED,ARS,55050.0,11560.5,0.0,66610.5
3945,482,449,1,,2024,642,FULFILLED,ARS,25200.0,5292.0,900.0,31392.0
3946,327,202,1,,2871,2578,FULFILLED,ARS,63750.0,13387.5,1200.0,78337.5
3947,360,479,2,3,3,1277,FULFILLED,ARS,28500.0,5985.0,0.0,34485.0
3948,474,204,1,,3015,242,FULFILLED,ARS,11340.0,2381.4,1200.0,14921.4
3949,538,539,2,2,2,625,PAID,ARS,32400.0,6804.0,0.0,39204.0
3950,97,500,2,2,2,2900,FULFILLED,ARS,38475.0,8079.75,0.0,46554.75
3951,358,1202,1,,1218,1155,FULFILLED,ARS,37620.0,7900.2,0.0,45520.2
3952,524,1259,2,3,3,2810,FULFILLED,ARS,46080.0,9676.8,0.0,55756.8
3953,475,397,2,4,4,1020,FULFILLED,ARS,44887.5,9426.38,0.0,54313.88
3954,287,787,1,,3006,1583,FULFILLED,ARS,13500.0,2835.0,1200.0,17535.0
3955,259,463,2,4,4,1858,FULFILLED,ARS,15000.0,3150.0,0.0,18150.0
3956,159,1044,2,3,3,639,PAID,ARS,101484.0,21311.64,0.0,122795.64
3957,276,1154,1,,1702,344,REFUNDED,ARS,13500.0,2835.0,0.0,16335.0
3958,346,485,1,,2501,323,FULFILLED,ARS,51300.0,10773.0,1200.0,63273.0
3959,264,1070,1,,1332,378,FULFILLED,ARS,74235.0,15589.35,1200.0,91024.35
3960,295,415,2,4,4,598,FULFILLED,ARS,44550.0,9355.5,0.0,53905.5
3961,18,280,1,,710,1682,CANCELLED,ARS,40500.0,8505.0,900.0,49905.0
3962,423,1422,2,3,3,3076,PAID,ARS,57960.0,12171.6,0.0,70131.6
3963,38,1245,1,,439,,CANCELLED,ARS,15000.0,3150.0,0.0,18150.0
3964,637,742,1,,2441,2034,PAID,ARS,25650.0,5386.5,1500.0,32536.5
3965,216,72,1,,1369,1091,CANCELLED,ARS,67500.0,14175.0,1200.0,82875.0
3966,459,15,1,,2357,2444,FULFILLED,ARS,29400.0,6174.0,1200.0,36774.0
3967,13,76,1,,2462,1580,PAID,ARS,32400.0,6804.0,1200.0,40404.0
3968,352,935,1,,784,2000,FULFILLED,ARS,24000.0,5040.0,1200.0,30240.0
3969,435,897,1,,2318,2764,FULFILLED,ARS,44100.0,9261.0,1200.0,54561.0
3970,247,1265,2,2,2,2557,FULFILLED,ARS,25650.0,5386.5,0.0,31036.5
3971,283,835,1,,1926,2495,CANCELLED,ARS,24000.0,5040.0,1500.0,30540.0
3972,184,1149,1,,3062,2804,FULFILLED,ARS,15000.0,3150.0,900.0,19050.0
3973,130,1285,1,,2120,,FULFILLED,ARS,34200.0,7182.0,1500.0,42882.0
3974,11,1120,2,4,4,,FULFILLED,ARS,30870.0,6482.7,0.0,37352.7
3975,252,42,1,,2945,,FULFILLED,ARS,44250.0,9292.5,900.0,54442.5
3976,261,1127,1,,3156,2097,FULFILLED,ARS,42525.0,8930.25,900.0,52355.25
3977,434,578,2,4,4,3023,FULFILLED,ARS,22800.0,4788.0,0.0,27588.0
3978,229,28,1,,821,,FULFILLED,ARS,49500.0,10395.0,900.0,60795.0
3979,378,1201,2,2,2,367,PAID,ARS,35640.0,7484.4,0.0,43124.4
3980,632,1041,2,3,3,2002,PAID,ARS,11760.0,2469.6,0.0,14229.6
3981,56,210,1,,2381,2478,FULFILLED,ARS,54900.0,11529.0,1200.0,67629.0
3982,34,649,2,4,4,2952,FULFILLED,ARS,94350.0,19813.5,0.0,114163.5
3983,580,59,2,3,3,223,FULFILLED,ARS,34200.0,7182.0,0.0,41382.0
3984,281,167,2,4,4,1539,FULFILLED,ARS,31500.0,6615.0,0.0,38115.0
3985,117,1107,1,,262,,REFUNDED,ARS,30000.0,6300.0,1200.0,37500.0
3986,294,181,1,,2193,3172,REFUNDED,ARS,37500.0,7875.0,1200.0,46575.0
3987,302,1382,2,4,4,97,FULFILLED,ARS,23520.0,4939.2,0.0,28459.2
3988,595,352,1,,540,2021,PAID,ARS,25872.0,5433.12,0.0,31305.12
3989,33,606,1,,2422,2793,FULFILLED,ARS,29400.0,6174.0,1200.0,36774.0
3990,79,756,2,1,1,160,FULFILLED,ARS,33720.0,7081.2,0.0,40801.2
3991,286,1295,1,,618,2945,FULFILLED,ARS,62520.0,13129.2,900.0,76549.2
3992,203,47,1,,1717,560,FULFILLED,ARS,28500.0,5985.0,0.0,34485.0
3993,237,901,2,4,4,1396,FULFILLED,ARS,37800.0,7938.0,0.0,45738.0
3994,121,447,2,2,2,3104,CANCELLED,ARS,12000.0,2520.0,0.0,14520.0
3995,467,914,1,,2680,2793,PAID,ARS,27000.0,5670.0,900.0,33570.0
3996,367,1462,2,2,2,2696,FULFILLED,ARS,26460.0,5556.6,0.0,32016.6
3997,279,164,2,2,2,1377,FULFILLED,ARS,48510.0,10187.1,0.0,58697.1
3998,287,960,1,,1513,1886,FULFILLED,ARS,11760.0,2469.6,900.0,15129.6
3999,416,1001,1,,2051,1134,FULFILLED,ARS,10260.0,2154.6,1500.0,13914.6
4000,550,390,2,2,2,,FULFILLED,ARS,11400.0,2394.0,0.0,13794.0
4001,590,1011,1,,735,1748,FULFILLED,ARS,40800.0,8568.0,900.0,50268.0
4002,204,1369,1,,2741,1727,FULFILLED,ARS,35910.0,7541.1,900.0,44351.1
4003,453,235,1,,1504,2271,FULFILLED,ARS,36000.0,7560.0,1500.0,45060.0
4004,534,458,2,4,4,2399,FULFILLED,ARS,69000.0,14490.0,0.0,83490.0
4005,501,1475,2,1,1,,FULFILLED,ARS,31752.0,6667.92,0.0,38419.92
4006,4,609,1,,2730,,FULFILLED,ARS,11400.0,2394.0,900.0,14694.0
4007,572,668,1,,226,,FULFILLED,ARS,36450.0,7654.5,0.0,44104.5
4008,121,789,2,1,1,2106,FULFILLED,ARS,24000.0,5040.0,0.0,29040.0
4009,574,279,2,1,1,2223,FULFILLED,ARS,11340.0,2381.4,0.0,13721.4
4010,401,489,2,2,2,574,CANCELLED,ARS,50910.0,10691.1,0.0,61601.1
4011,474,1388,1,,2780,2370,FULFILLED,ARS,50220.0,10546.2,1200.0,61966.2
4012,415,752,1,,1023,2259,FULFILLED,ARS,49500.0,10395.0,0.0,59895.0
4013,288,1217,1,,1918,784,CANCELLED,ARS,36000.0,7560.0,900.0,44460.0
4014,528,1064,1,,717,1040,PAID,ARS,41100.0,8631.0,900.0,50631.0
4015,507,735,1,,1048,374,FULFILLED,ARS,40500.0,8505.0,1500.0,50505.0
4016,424,133,2,4,4,2691,PAID,ARS,55440.0,11642.4,0.0,67082.4
4017,625,358,1,,2086,2437,CANCELLED,ARS,10800.0,2268.0,1500.0,14568.0
4018,468,1440,1,,346,,FULFILLED,ARS,40260.0,8454.6,0.0,48714.6
4019,636,1067,1,,750,577,PAID,ARS,71850.0,15088.5,1200.0,88138.5
4020,422,512,1,,2805,1408,REFUNDED,ARS,44100.0,9261.0,900.0,54261.0
4021,234,434,1,,503,2588,FULFILLED,ARS,35280.0,7408.8,900.0,43588.8
4022,329,64,1,,2804,1397,FULFILLED,ARS,10260.0,2154.6,1200.0,13614.6
4023,485,485,1,,3057,2093,PAID,ARS,14250.0,2992.5,1200.0,18442.5
4024,563,1014,2,3,3,2097,FULFILLED,ARS,49500.0,10395.0,0.0,59895.0
4025,482,204,1,,906,623,FULFILLED,ARS,27000.0,5670.0,1200.0,33870.0
4026,37,1491,1,,1674,2080,FULFILLED,ARS,14962.5,3142.12,0.0,18104.62
4027,582,1356,1,,195,,FULFILLED,ARS,23520.0,4939.2,1200.0,29659.2
4028,186,501,1,,1202,671,CREATED,ARS,23550.0,4945.5,1500.0,29995.5
4029,42,214,1,,194,174,FULFILLED,ARS,38475.0,8079.75,0.0,46554.75
4030,515,340,2,4,4,254,FULFILLED,ARS,26400.0,5544.0,0.0,31944.0
4031,473,775,2,1,1,1107,FULFILLED,ARS,68625.0,14411.25,0.0,83036.25
4032,231,1073,1,,2885,448,PAID,ARS,30000.0,6300.0,900.0,37200.0
4033,629,343,2,3,3,1994,FULFILLED,ARS,73800.0,15498.0,0.0,89298.0
4034,516,1119,1,,67,1312,CANCELLED,ARS,69900.0,14679.0,1200.0,85779.0
4035,637,1449,2,2,2,323,FULFILLED,ARS,24000.0,5040.0,0.0,29040.0
4036,507,51,1,,685,3204,FULFILLED,ARS,27000.0,5670.0,900.0,33570.0
4037,504,1292,1,,361,2104,FULFILLED,ARS,33360.0,7005.6,1200.0,41565.6
4038,148,419,1,,2421,,PAID,ARS,27000.0,5670.0,900.0,33570.0
4039,356,985,2,3,3,197,FULFILLED,ARS,57936.0,12166.56,0.0,70102.56
4040,16,1327,1,,2958,512,REFUNDED,ARS,34920.0,7333.2,900.0,43153.2
4041,249,904,1,,3152,647,FULFILLED,ARS,35520.0,7459.2,900.0,43879.2
4042,138,232,2,4,4,,FULFILLED,ARS,37620.0,7900.2,0.0,45520.2
4043,255,759,1,,381,1697,FULFILLED,ARS,10260.0,2154.6,1500.0,13914.6
4044,3,1340,1,,1832,610,FULFILLED,ARS,45000.0,9450.0,1500.0,55950.0
4045,338,554,1,,1057,2504,FULFILLED,ARS,32400.0,6804.0,1200.0,40404.0
4046,223,1158,1,,2219,1555,REFUNDED,ARS,24000.0,5040.0,900.0,29940.0
4047,70,1163,2,2,2,2282,FULFILLED,ARS,34200.0,7182.0,0.0,41382.0
4048,144,1379,1,,474,916,FULFILLED,ARS,12348.0,2593.08,900.0,15841.08
4049,455,296,1,,1197,1342,CANCELLED,ARS,49200.0,10332.0,1200.0,60732.0
4050,295,236,1,,268,1756,FULFILLED,ARS,66150.0,13891.5,1500.0,81541.5
4051,618,1394,1,,2090,3168,FULFILLED,ARS,90000.0,18900.0,1500.0,110400.0
4052,289,269,2,3,3,,FULFILLED,ARS,44100.0,9261.0,0.0,53361.0
4053,519,448,1,,861,2288,REFUNDED,ARS,28350.0,5953.5,1200.0,35503.5
4054,526,1074,1,,262,2113,FULFILLED,ARS,34020.0,7144.2,1500.0,42664.2
4055,130,1313,1,,2163,424,PAID,ARS,32400.0,6804.0,1500.0,40704.0
4056,376,363,1,,2344,,PAID,ARS,40500.0,8505.0,1200.0,50205.0
4057,624,801,1,,2152,2385,FULFILLED,ARS,44550.0,9355.5,1500.0,55405.5
4058,361,1068,1,,1957,1539,PAID,ARS,56400.0,11844.0,900.0,69144.0
4059,407,333,1,,27,2261,FULFILLED,ARS,23940.0,5027.4,1500.0,30467.4
4060,268,276,1,,81,1139,FULFILLED,ARS,56820.0,11932.2,900.0,69652.2
4061,412,481,1,,3195,1040,FULFILLED,ARS,26400.0,5544.0,900.0,32844.0
4062,224,784,1,,151,1901,FULFILLED,ARS,53550.0,11245.5,1500.0,66295.5
4063,552,1451,2,4,4,,FULFILLED,ARS,28098.0,5900.58,0.0,33998.58
4064,435,849,2,2,2,2937,FULFILLED,ARS,63120.0,13255.2,0.0,76375.2
4065,59,94,1,,430,,FULFILLED,ARS,30000.0,6300.0,0.0,36300.0
4066,395,752,1,,1899,1297,REFUNDED,ARS,21600.0,4536.0,0.0,26136.0
4067,340,624,2,1,1,2272,FULFILLED,ARS,80595.0,16924.95,0.0,97519.95
4068,502,1051,2,1,1,2613,REFUNDED,ARS,46080.0,9676.8,0.0,55756.8
4069,210,505,2,2,2,332,FULFILLED,ARS,14250.0,2992.5,0.0,17242.5
4070,123,127,2,2,2,732,FULFILLED,ARS,30000.0,6300.0,0.0,36300.0
4071,109,1111,1,,1122,2380,PAID,ARS,36000.0,7560.0,900.0,44460.0
4072,499,652,2,1,1,981,FULFILLED,ARS,25200.0,5292.0,0.0,30492.0
4073,452,246,1,,2528,1062,FULFILLED,ARS,54150.0,11371.5,1500.0,67021.5
4074,436,839,1,,1821,218,CREATED,ARS,31500.0,6615.0,900.0,39015.0
4075,525,689,2,1,1,1108,FULFILLED,ARS,29250.0,6142.5,0.0,35392.5
4076,84,758,1,,1905,107,FULFILLED,ARS,34200.0,7182.0,1200.0,42582.0
4077,457,500,2,3,3,992,FULFILLED,ARS,23520.0,4939.2,0.0,28459.2
4078,144,1262,1,,2851,2205,FULFILLED,ARS,21600.0,4536.0,1200.0,27336.0
4079,326,415,2,4,4,2639,FULFILLED,ARS,21600.0,4536.0,0.0,26136.0
4080,14,51,1,,3177,303,FULFILLED,ARS,13500.0,2835.0,900.0,17235.0
4081,380,352,2,1,1,3057,FULFILLED,ARS,21600.0,4536.0,0.0,26136.0
4082,63,653,2,1,1,1283,FULFILLED,ARS,47970.0,10073.7,0.0,58043.7
4083,145,223,1,,2817,33,FULFILLED,ARS,34200.0,7182.0,900.0,42282.0
4084,557,1275,2,1,1,543,PAID,ARS,23520.0,4939.2,0.0,28459.2
4085,268,522,2,1,1,3132,FULFILLED,ARS,38400.0,8064.0,0.0,46464.0
4086,496,1496,1,,1160,,FULFILLED,ARS,40500.0,8505.0,1500.0,50505.0
4087,191,879,2,1,1,350,FULFILLED,ARS,36000.0,7560.0,0.0,43560.0
4088,393,1230,2,1,1,2640,PAID,ARS,72300.0,15183.0,0.0,87483.0
4089,297,577,1,,2142,1036,CANCELLED,ARS,34020.0,7144.2,900.0,42064.2
4090,564,822,1,,2874,2974,PAID,ARS,40650.0,8536.5,0.0,49186.5
4091,245,1431,1,,2552,1429,PAID,ARS,13500.0,2835.0,1200.0,17535.0
4092,375,248,1,,2443,242,CANCELLED,ARS,59925.0,12584.25,900.0,73409.25
4093,78,1278,1,,942,2008,PAID,ARS,10800.0,2268.0,900.0,13968.0
4094,142,392,2,4,4,1037,CANCELLED,ARS,23520.0,4939.2,0.0,28459.2
4095,459,460,2,3,3,1007,FULFILLED,ARS,42525.0,8930.25,0.0,51455.25
4096,502,1347,2,1,1,780,FULFILLED,ARS,31845.0,6687.45,0.0,38532.45
4097,246,534,2,4,4,1858,FULFILLED,ARS,52650.0,11056.5,0.0,63706.5
4098,217,1166,1,,1441,1713,FULFILLED,ARS,23520.0,4939.2,900.0,29359.2
4099,127,1246,2,4,4,36,FULFILLED,ARS,19440.0,4082.4,0.0,23522.4
4100,94,412,2,3,3,2,CANCELLED,ARS,10800.0,2268.0,0.0,13068.0
4101,581,1026,1,,2551,,FULFILLED,ARS,59700.0,12537.0,1200.0,73437.0
4102,179,1249,2,2,2,1352,FULFILLED,ARS,32400.0,6804.0,0.0,39204.0
4103,372,47,2,1,1,2268,FULFILLED,ARS,104137.5,21868.88,0.0,126006.38
4104,197,488,1,,2371,2815,PAID,ARS,22800.0,4788.0,0.0,27588.0
4105,306,771,2,1,1,2394,PAID,ARS,32400.0,6804.0,0.0,39204.0
4106,638,872,1,,2742,3145,PAID,ARS,25200.0,5292.0,0.0,30492.0
4107,205,339,1,,1502,163,FULFILLED,ARS,58200.0,12222.0,1200.0,71622.0
4108,12,344,2,1,1,2775,FULFILLED,ARS,34200.0,7182.0,0.0,41382.0
4109,452,533,2,4,4,1202,FULFILLED,ARS,41310.0,8675.1,0.0,49985.1
4110,603,893,2,1,1,1683,FULFILLED,ARS,21168.0,4445.28,0.0,25613.28
4111,196,489,2,4,4,986,FULFILLED,ARS,59994.0,12598.74,0.0,72592.74
4112,593,1410,2,4,4,1181,FULFILLED,ARS,45000.0,9450.0,0.0,54450.0
4113,101,106,2,2,2,2440,FULFILLED,ARS,34425.0,7229.25,0.0,41654.25
4114,399,243,2,3,3,1249,FULFILLED,ARS,44250.0,9292.5,0.0,53542.5
4115,112,1114,2,4,4,2989,FULFILLED,ARS,26460.0,5556.6,0.0,32016.6
4116,113,1406,2,3,3,508,FULFILLED,ARS,89887.5,18876.38,0.0,108763.88
4117,437,575,1,,2771,820,CANCELLED,ARS,23520.0,4939.2,0.0,28459.2
4118,335,473,2,4,4,1445,CREATED,ARS,13500.0,2835.0,0.0,16335.0
4119,555,1031,2,1,1,1767,FULFILLED,ARS,22800.0,4788.0,0.0,27588.0
4120,165,1385,1,,1945,2725,FULFILLED,ARS,67620.0,14200.2,1200.0,83020.2
4121,68,1190,1,,3116,2075,PAID,ARS,11400.0,2394.0,1500.0,15294.0
4122,51,1470,2,2,2,601,FULFILLED,ARS,29400.0,6174.0,0.0,35574.0
4123,353,387,1,,458,362,FULFILLED,ARS,31752.0,6667.92,900.0,39319.92
4124,292,162,2,2,2,891,FULFILLED,ARS,40500.0,8505.0,0.0,49005.0
4125,282,294,1,,22,2909,PAID,ARS,76650.0,16096.5,900.0,93646.5
4126,113,947,2,1,1,1768,FULFILLED,ARS,28500.0,5985.0,0.0,34485.0
4127,215,930,1,,2822,1817,FULFILLED,ARS,44100.0,9261.0,0.0,53361.0
4128,527,1016,2,4,4,2716,PAID,ARS,45000.0,9450.0,0.0,54450.0
4129,420,627,2,1,1,2187,FULFILLED,ARS,24000.0,5040.0,0.0,29040.0
4130,74,691,1,,2549,2772,PAID,ARS,29400.0,6174.0,900.0,36474.0
4131,439,1185,1,,3031,796,FULFILLED,ARS,61200.0,12852.0,1200.0,75252.0
4132,359,409,1,,1790,1957,PAID,ARS,34200.0,7182.0,1200.0,42582.0
4133,231,611,1,,2781,2970,FULFILLED,ARS,20520.0,4309.2,900.0,25729.2
4134,615,876,1,,2380,391,FULFILLED,ARS,40500.0,8505.0,1500.0,50505.0
4135,205,11,1,,1395,1482,FULFILLED,ARS,28500.0,5985.0,1200.0,35685.0
4136,495,1103,1,,238,832,FULFILLED,ARS,44550.0,9355.5,1500.0,55405.5
4137,100,931,1,,1034,1900,FULFILLED,ARS,12000.0,2520.0,900.0,15420.0
4138,464,1132,1,,1721,1052,FULFILLED,ARS,32400.0,6804.0,1200.0,40404.0
4139,187,1487,1,,1453,,PAID,ARS,23409.0,4915.89,0.0,28324.89
4140,309,171,1,,2421,790,FULFILLED,ARS,11340.0,2381.4,1500.0,15221.4
4141,516,529,1,,2564,616,FULFILLED,ARS,11400.0,2394.0,1200.0,14994.0
4142,597,433,1,,635,788,FULFILLED,ARS,13500.0,2835.0,1200.0,17535.0
4143,29,461,1,,3147,1431,PAID,ARS,22800.0,4788.0,900.0,28488.0
4144,623,1172,2,2,2,1185,FULFILLED,ARS,29700.0,6237.0,0.0,35937.0
4145,616,816,1,,643,242,FULFILLED,ARS,41400.0,8694.0,0.0,50094.0
4146,538,1032,1,,2014,303,CANCELLED,ARS,25872.0,5433.12,1200.0,32505.12
4147,501,1261,1,,1023,2199,FULFILLED,ARS,78435.0,16471.35,0.0,94906.35
4148,88,348,1,,3154,2931,FULFILLED,ARS,38808.0,8149.68,900.0,47857.68
4149,332,436,2,4,4,2759,FULFILLED,ARS,13500.0,2835.0,0.0,16335.0
4150,546,604,1,,1682,1681,PAID,ARS,44887.5,9426.38,900.0,55213.88
4151,254,615,1,,47,1607,FULFILLED,ARS,40500.0,8505.0,0.0,49005.0
4152,55,361,1,,269,791,FULFILLED,ARS,37044.0,7779.24,900.0,45723.24
4153,47,855,1,,738,1080,PAID,ARS,71460.0,15006.6,0.0,86466.6
4154,582,1018,1,,872,558,FULFILLED,ARS,13230.0,2778.3,1500.0,17508.3
4155,461,212,2,2,2,1237,FULFILLED,ARS,58920.0,12373.2,0.0,71293.2
4156,214,359,1,,3111,1030,FULFILLED,ARS,11760.0,2469.6,0.0,14229.6
4157,102,1322,1,,639,1164,FULFILLED,ARS,71025.0,14915.25,0.0,85940.25
4158,476,271,1,,650,1656,FULFILLED,ARS,70230.0,14748.3,1200.0,86178.3
4159,407,369,1,,2783,168,CANCELLED,ARS,13500.0,2835.0,1200.0,17535.0
4160,611,670,1,,2520,1696,FULFILLED,ARS,36600.0,7686.0,900.0,45186.0
4161,319,510,1,,2668,,REFUNDED,ARS,11400.0,2394.0,900.0,14694.0
4162,453,274,2,4,4,1684,FULFILLED,ARS,12000.0,2520.0,0.0,14520.0
4163,498,1490,2,2,2,1472,FULFILLED,ARS,44100.0,9261.0,0.0,53361.0
4164,15,469,2,1,1,2204,FULFILLED,ARS,14250.0,2992.5,0.0,17242.5
4165,115,1012,1,,2256,2328,PAID,ARS,87600.0,18396.0,900.0,106896.0
4166,28,1318,1,,984,2770,PAID,ARS,35280.0,7408.8,1500.0,44188.8
4167,141,1081,1,,2817,2404,FULFILLED,ARS,13500.0,2835.0,900.0,17235.0
4168,282,495,2,1,1,931,PAID,ARS,11760.0,2469.6,0.0,14229.6
4169,45,480,2,4,4,2817,FULFILLED,ARS,57510.0,12077.1,0.0,69587.1
4170,213,1236,2,2,2,1424,CANCELLED,ARS,15435.0,3241.35,0.0,18676.35
4171,325,1237,1,,1914,2682,FULFILLED,ARS,47100.0,9891.0,1500.0,58491.0
4172,100,147,2,1,1,1928,FULFILLED,ARS,36300.0,7623.0,0.0,43923.0
4173,266,1126,2,4,4,1390,FULFILLED,ARS,15000.0,3150.0,0.0,18150.0
4174,588,201,2,2,2,2698,FULFILLED,ARS,32400.0,6804.0,0.0,39204.0
4175,515,569,1,,977,2254,FULFILLED,ARS,42750.0,8977.5,1200.0,52927.5
4176,15,1255,1,,435,1205,FULFILLED,ARS,11400.0,2394.0,1200.0,14994.0
4177,266,392,1,,1298,1645,FULFILLED,ARS,37800.0,7938.0,1200.0,46938.0
4178,90,649,2,4,4,2339,CANCELLED,ARS,12000.0,2520.0,0.0,14520.0
4179,555,1270,1,,2022,2071,FULFILLED,ARS,39690.0,8334.9,0.0,48024.9
4180,322,1230,1,,1104,2652,FULFILLED,ARS,29400.0,6174.0,1200.0,36774.0
4181,365,433,1,,2165,1359,FULFILLED,ARS,21600.0,4536.0,900.0,27036.0
4182,397,403,1,,2521,2837,CREATED,ARS,27000.0,5670.0,900.0,33570.0
4183,16,967,1,,2294,2749,FULFILLED,ARS,22800.0,4788.0,900.0,28488.0
4184,524,1048,2,1,1,,FULFILLED,ARS,30000.0,6300.0,0.0,36300.0
4185,563,651,2,1,1,557,FULFILLED,ARS,45336.0,9520.56,0.0,54856.56
4186,494,552,2,1,1,465,FULFILLED,ARS,50208.0,10543.68,0.0,60751.68
4187,409,724,1,,2169,,FULFILLED,ARS,42750.0,8977.5,0.0,51727.5
4188,312,308,1,,2990,1185,FULFILLED,ARS,40500.0,8505.0,1500.0,50505.0
4189,474,298,2,4,4,2910,FULFILLED,ARS,21168.0,4445.28,0.0,25613.28
4190,158,324,1,,1676,,FULFILLED,ARS,35280.0,7408.8,1200.0,43888.8
4191,202,1340,2,3,3,1431,FULFILLED,ARS,70110.0,14723.1,0.0,84833.1
4192,107,981,1,,2886,311,FULFILLED,ARS,28500.0,5985.0,1200.0,35685.0
4193,229,1432,2,4,4,260,FULFILLED,ARS,11400.0,2394.0,0.0,13794.0
4194,350,950,1,,170,,FULFILLED,ARS,45000.0,9450.0,900.0,55350.0
4195,626,487,1,,1096,2636,FULFILLED,ARS,40500.0,8505.0,900.0,49905.0
4196,2,1311,1,,2963,23,FULFILLED,ARS,12600.0,2646.0,1500.0,16746.0
4197,491,768,1,,2380,520,FULFILLED,ARS,40800.0,8568.0,0.0,49368.0
4198,297,189,2,2,2,889,CANCELLED,ARS,36450.0,7654.5,0.0,44104.5
4199,7,1111,1,,849,317,FULFILLED,ARS,30870.0,6482.7,1500.0,38852.7
4200,558,1272,1,,1546,2431,FULFILLED,ARS,92820.0,19492.2,1200.0,113512.2
4201,239,1034,2,1,1,2314,REFUNDED,ARS,52800.0,11088.0,0.0,63888.0
4202,298,996,2,4,4,686,PAID,ARS,62100.0,13041.0,0.0,75141.0
4203,515,1368,2,3,3,1762,FULFILLED,ARS,36000.0,7560.0,0.0,43560.0
4204,487,285,1,,779,442,FULFILLED,ARS,20520.0,4309.2,900.0,25729.2
4205,306,1000,2,3,3,,FULFILLED,ARS,27000.0,5670.0,0.0,32670.0
4206,166,978,2,1,1,,REFUNDED,ARS,29400.0,6174.0,0.0,35574.0
4207,109,1255,2,3,3,408,FULFILLED,ARS,34200.0,7182.0,0.0,41382.0
4208,576,155,1,,894,158,FULFILLED,ARS,51450.0,10804.5,1200.0,63454.5
4209,486,64,1,,877,2724,FULFILLED,ARS,24300.0,5103.0,900.0,30303.0
4210,85,906,1,,94,2024,CANCELLED,ARS,64500.0,13545.0,0.0,78045.0
4211,259,257,1,,2938,403,PAID,ARS,36000.0,7560.0,1200.0,44760.0
4212,581,850,1,,2662,,FULFILLED,ARS,22800.0,4788.0,900.0,28488.0
4213,119,1287,2,2,2,432,FULFILLED,ARS,29160.0,6123.6,0.0,35283.6
4214,430,14,1,,2900,775,FULFILLED,ARS,57000.0,11970.0,900.0,69870.0
4215,357,142,1,,1991,2749,FULFILLED,ARS,72618.0,15249.78,900.0,88767.78
4216,319,190,1,,1129,2855,FULFILLED,ARS,32400.0,6804.0,1500.0,40704.0
4217,36,747,1,,1094,1653,FULFILLED,ARS,10584.0,2222.64,1200.0,14006.64
4218,401,401,1,,524,2401,FULFILLED,ARS,15000.0,3150.0,1500.0,19650.0
4219,509,1306,2,2,2,,PAID,ARS,66960.0,14061.6,0.0,81021.6
4220,8,677,1,,157,627,FULFILLED,ARS,11760.0,2469.6,0.0,14229.6
4221,578,236,1,,1522,955,CANCELLED,ARS,42750.0,8977.5,900.0,52627.5
4222,271,1420,1,,41,1370,FULFILLED,ARS,47025.0,9875.25,1200.0,58100.25
4223,620,197,1,,717,2386,REFUNDED,ARS,14962.5,3142.12,900.0,19004.62
4224,310,428,1,,2008,2649,FULFILLED,ARS,31350.0,6583.5,0.0,37933.5
4225,394,1304,2,2,2,711,PAID,ARS,45000.0,9450.0,0.0,54450.0
4226,235,1398,2,2,2,676,FULFILLED,ARS,57000.0,11970.0,0.0,68970.0
4227,572,1159,1,,431,1716,REFUNDED,ARS,28500.0,5985.0,0.0,34485.0
4228,309,996,1,,950,135,FULFILLED,ARS,29400.0,6174.0,900.0,36474.0
4229,43,988,1,,655,2649,FULFILLED,ARS,14700.0,3087.0,1200.0,18987.0
4230,245,824,1,,460,2449,FULFILLED,ARS,42750.0,8977.5,900.0,52627.5
4231,208,900,1,,1257,2279,FULFILLED,ARS,44100.0,9261.0,1200.0,54561.0
4232,465,800,2,1,1,1144,FULFILLED,ARS,10800.0,2268.0,0.0,13068.0
4233,229,869,2,3,3,1256,FULFILLED,ARS,28500.0,5985.0,0.0,34485.0
4234,338,1262,2,2,2,441,FULFILLED,ARS,111487.5,23412.38,0.0,134899.88
4235,236,915,2,2,2,763,FULFILLED,ARS,37050.0,7780.5,0.0,44830.5
4236,602,255,1,,1661,489,FULFILLED,ARS,47025.0,9875.25,900.0,57800.25
4237,388,254,1,,174,1828,PAID,ARS,54684.0,11483.64,900.0,67067.64
4238,204,563,2,2,2,2498,FULFILLED,ARS,29925.0,6284.25,0.0,36209.25
4239,595,1151,2,2,2,1065,FULFILLED,ARS,42525.0,8930.25,0.0,51455.25
4240,496,542,1,,1021,2238,FULFILLED,ARS,45600.0,9576.0,900.0,56076.0
4241,212,80,2,3,3,1310,PAID,ARS,63675.0,13371.75,0.0,77046.75
4242,532,429,1,,2448,2870,FULFILLED,ARS,24000.0,5040.0,1200.0,30240.0
4243,454,1455,2,3,3,1006,FULFILLED,ARS,21600.0,4536.0,0.0,26136.0
4244,115,805,1,,960,884,FULFILLED,ARS,58248.0,12232.08,0.0,70480.08
4245,37,711,1,,1133,2181,FULFILLED,ARS,42435.0,8911.35,0.0,51346.35
4246,380,123,1,,3098,1154,FULFILLED,ARS,11340.0,2381.4,900.0,14621.4
4247,454,969,2,1,1,401,FULFILLED,ARS,23520.0,4939.2,0.0,28459.2
4248,336,612,2,1,1,,REFUNDED,ARS,67680.0,14212.8,0.0,81892.8
4249,55,850,1,,98,2187,FULFILLED,ARS,10800.0,2268.0,900.0,13968.0
4250,291,58,2,2,2,2522,CANCELLED,ARS,28500.0,5985.0,0.0,34485.0
4251,619,440,1,,1997,1980,FULFILLED,ARS,45000.0,9450.0,1200.0,55650.0
4252,364,477,1,,997,586,FULFILLED,ARS,14250.0,2992.5,1500.0,18742.5
4253,261,328,1,,2129,103,FULFILLED,ARS,24000.0,5040.0,1200.0,30240.0
4254,144,64,2,4,4,114,REFUNDED,ARS,11970.0,2513.7,0.0,14483.7
4255,242,9,1,,1770,2248,FULFILLED,ARS,28500.0,5985.0,1200.0,35685.0
4256,55,1018,1,,1692,665,PAID,ARS,19440.0,4082.4,1200.0,24722.4
4257,406,887,1,,2598,3102,FULFILLED,ARS,16170.0,3395.7,900.0,20465.7
4258,565,809,1,,3029,2294,FULFILLED,ARS,22680.0,4762.8,1200.0,28642.8
4259,269,187,1,,2714,158,REFUNDED,ARS,31500.0,6615.0,1500.0,39615.0
4260,64,594,2,3,3,,PAID,ARS,36450.0,7654.5,0.0,44104.5
4261,572,1416,1,,754,997,FULFILLED,ARS,51000.0,10710.0,900.0,62610.0
4262,428,698,2,2,2,1689,FULFILLED,ARS,28500.0,5985.0,0.0,34485.0
4263,26,869,1,,167,267,FULFILLED,ARS,11760.0,2469.6,1500.0,15729.6
4264,503,823,1,,2918,1610,FULFILLED,ARS,30780.0,6463.8,1200.0,38443.8
4265,371,170,1,,587,2041,FULFILLED,ARS,48696.0,10226.16,0.0,58922.16
4266,547,1022,2,2,2,2631,FULFILLED,ARS,14700.0,3087.0,0.0,17787.0
4267,168,946,1,,2600,926,FULFILLED,ARS,56670.0,11900.7,1500.0,70070.7
4268,336,1273,2,1,1,1545,FULFILLED,ARS,24000.0,5040.0,0.0,29040.0
4269,584,752,2,4,4,2521,CANCELLED,ARS,14250.0,2992.5,0.0,17242.5
4270,562,338,1,,683,2331,FULFILLED,ARS,44100.0,9261.0,1500.0,54861.0
4271,172,1223,1,,2554,2987,FULFILLED,ARS,12348.0,2593.08,900.0,15841.08
4272,291,1014,2,4,4,1980,FULFILLED,ARS,57000.0,11970.0,0.0,68970.0
4273,192,1204,2,1,1,1836,FULFILLED,ARS,42750.0,8977.5,0.0,51727.5
4274,79,227,1,,1082,1812,REFUNDED,ARS,28500.0,5985.0,1500.0,35985.0
4275,506,54,1,,1230,3031,PAID,ARS,36000.0,7560.0,900.0,44460.0
4276,119,1095,2,2,2,278,PAID,ARS,14250.0,2992.5,0.0,17242.5
4277,133,955,1,,1896,1172,FULFILLED,ARS,22800.0,4788.0,900.0,28488.0
4278,200,756,1,,28,,REFUNDED,ARS,25650.0,5386.5,1200.0,32236.5
4279,148,999,1,,1076,1963,CANCELLED,ARS,27000.0,5670.0,1500.0,34170.0
4280,581,628,2,3,3,68,FULFILLED,ARS,36450.0,7654.5,0.0,44104.5
4281,427,29,1,,2181,763,FULFILLED,ARS,12600.0,2646.0,1200.0,16446.0
4282,412,892,2,3,3,870,PAID,ARS,52044.0,10929.24,0.0,62973.24
4283,122,1280,2,4,4,2826,FULFILLED,ARS,14962.5,3142.12,0.0,18104.62
4284,53,1129,1,,1623,1778,FULFILLED,ARS,44550.0,9355.5,1500.0,55405.5
4285,566,782,1,,1669,,FULFILLED,ARS,103305.0,21694.05,900.0,125899.05
4286,341,1038,1,,1216,2145,FULFILLED,ARS,27435.0,5761.35,1500.0,34696.35
4287,383,790,2,1,1,2650,FULFILLED,ARS,73755.0,15488.55,0.0,89243.55
4288,42,1430,2,4,4,1140,FULFILLED,ARS,46305.0,9724.05,0.0,56029.05
4289,97,85,1,,1871,2282,FULFILLED,ARS,23160.0,4863.6,900.0,28923.6
4290,340,15,1,,3185,546,FULFILLED,ARS,57487.5,12072.38,1500.0,71059.88
4291,328,72,1,,2580,1307,FULFILLED,ARS,47250.0,9922.5,1200.0,58372.5
4292,40,636,2,4,4,2046,FULFILLED,ARS,37800.0,7938.0,0.0,45738.0
4293,518,1089,1,,575,56,FULFILLED,ARS,64500.0,13545.0,1200.0,79245.0
4294,415,791,1,,33,2763,REFUNDED,ARS,10800.0,2268.0,900.0,13968.0
4295,359,144,2,1,1,1950,FULFILLED,ARS,33000.0,6930.0,0.0,39930.0
4296,117,1195,1,,327,279,FULFILLED,ARS,24300.0,5103.0,1200.0,30603.0
4297,398,901,1,,2994,980,FULFILLED,ARS,21168.0,4445.28,1200.0,26813.28
4298,9,1320,2,2,2,1047,CREATED,ARS,11880.0,2494.8,0.0,14374.8
4299,263,306,1,,1383,884,PAID,ARS,11970.0,2513.7,1200.0,15683.7
4300,132,28,2,1,1,1801,REFUNDED,ARS,23940.0,5027.4,0.0,28967.4
4301,325,884,2,4,4,791,CANCELLED,ARS,44100.0,9261.0,0.0,53361.0
4302,107,382,2,3,3,355,REFUNDED,ARS,68340.0,14351.4,0.0,82691.4
4303,250,1286,2,1,1,2645,PAID,ARS,16170.0,3395.7,0.0,19565.7
4304,347,156,2,1,1,540,PAID,ARS,36180.0,7597.8,0.0,43777.8
4305,232,1119,1,,2130,156,FULFILLED,ARS,32400.0,6804.0,1200.0,40404.0
4306,188,1395,2,2,2,1286,FULFILLED,ARS,25650.0,5386.5,0.0,31036.5
4307,568,402,1,,2224,1086,FULFILLED,ARS,11970.0,2513.7,1200.0,15683.7
4308,338,981,1,,1492,540,FULFILLED,ARS,12936.0,2716.56,1500.0,17152.56
4309,44,1247,1,,1604,953,PAID,ARS,49044.0,10299.24,1500.0,60843.24
4310,386,770,1,,1933,2815,FULFILLED,ARS,42750.0,8977.5,1200.0,52927.5
4311,424,1304,2,1,1,3179,FULFILLED,ARS,21600.0,4536.0,0.0,26136.0
4312,325,1486,1,,1611,2973,PAID,ARS,16500.0,3465.0,1500.0,21465.0
4313,373,475,2,2,2,1408,FULFILLED,ARS,10260.0,2154.6,0.0,12414.6
4314,529,305,2,2,2,629,PAID,ARS,27300.0,5733.0,0.0,33033.0
4315,293,1484,2,1,1,1664,FULFILLED,ARS,24300.0,5103.0,0.0,29403.0
4316,171,829,1,,142,239,FULFILLED,ARS,31350.0,6583.5,1200.0,39133.5
4317,430,1373,1,,761,2544,PAID,ARS,29400.0,6174.0,900.0,36474.0
4318,630,539,1,,740,,FULFILLED,ARS,10800.0,2268.0,1200.0,14268.0
4319,121,1388,1,,1710,1807,PAID,ARS,14700.0,3087.0,900.0,18687.0
4320,249,475,1,,2955,2594,FULFILLED,ARS,25200.0,5292.0,0.0,30492.0
4321,192,1441,1,,271,546,FULFILLED,ARS,11400.0,2394.0,1500.0,15294.0
4322,98,1252,2,2,2,2952,FULFILLED,ARS,36936.0,7756.56,0.0,44692.56
4323,227,384,1,,569,1810,FULFILLED,ARS,34200.0,7182.0,900.0,42282.0
4324,379,329,2,3,3,1563,PAID,ARS,24000.0,5040.0,0.0,29040.0
4325,49,542,1,,1598,1328,FULFILLED,ARS,31350.0,6583.5,1500.0,39433.5
4326,249,139,1,,1472,66,FULFILLED,ARS,60000.0,12600.0,1200.0,73800.0
4327,271,936,2,4,4,2202,PAID,ARS,50280.0,10558.8,0.0,60838.8
4328,384,547,2,3,3,877,REFUNDED,ARS,29400.0,6174.0,0.0,35574.0
4329,583,378,1,,2165,962,FULFILLED,ARS,16170.0,3395.7,1200.0,20765.7
4330,31,37,1,,2459,2538,FULFILLED,ARS,15000.0,3150.0,900.0,19050.0
4331,310,1467,1,,2828,2530,REFUNDED,ARS,56025.0,11765.25,900.0,68690.25
4332,310,1113,2,2,2,635,FULFILLED,ARS,76128.0,15986.88,0.0,92114.88
4333,11,450,1,,2005,227,FULFILLED,ARS,13500.0,2835.0,1200.0,17535.0
4334,278,822,1,,1108,2200,FULFILLED,ARS,24000.0,5040.0,900.0,29940.0
4335,82,155,1,,3100,,FULFILLED,ARS,48450.0,10174.5,1500.0,60124.5
4336,56,1307,1,,1341,2055,CANCELLED,ARS,42840.0,8996.4,900.0,52736.4
4337,559,112,1,,690,,FULFILLED,ARS,24000.0,5040.0,1200.0,30240.0
4338,110,1089,1,,2037,1239,FULFILLED,ARS,27000.0,5670.0,900.0,33570.0
4339,78,1321,2,4,4,940,FULFILLED,ARS,16170.0,3395.7,0.0,19565.7
4340,170,611,1,,2716,850,FULFILLED,ARS,74700.0,15687.0,900.0,91287.0
4341,46,168,1,,1243,1894,FULFILLED,ARS,13500.0,2835.0,1200.0,17535.0
4342,510,851,1,,1999,,PAID,ARS,43968.0,9233.28,1200.0,54401.28
4343,247,626,1,,1535,1926,FULFILLED,ARS,73920.0,15523.2,900.0,90343.2
4344,211,1459,1,,1590,119,CANCELLED,ARS,34200.0,7182.0,1200.0,42582.0
4345,314,1290,1,,1505,191,PAID,ARS,30000.0,6300.0,0.0,36300.0
4346,288,1340,2,1,1,,FULFILLED,ARS,34200.0,7182.0,0.0,41382.0
4347,386,943,1,,2241,402,REFUNDED,ARS,94980.0,19945.8,1200.0,116125.8
4348,612,99,1,,139,2012,FULFILLED,ARS,35280.0,7408.8,900.0,43588.8
4349,398,704,1,,988,2035,FULFILLED,ARS,9720.0,2041.2,900.0,12661.2
4350,497,1248,1,,2446,,FULFILLED,ARS,24696.0,5186.16,1200.0,31082.16
4351,467,507,2,2,2,3127,FULFILLED,ARS,14700.0,3087.0,0.0,17787.0
4352,194,37,1,,660,566,REFUNDED,ARS,34200.0,7182.0,900.0,42282.0
4353,476,1090,2,1,1,225,FULFILLED,ARS,62010.0,13022.1,0.0,75032.1
4354,350,23,1,,2508,3075,PAID,ARS,48195.0,10120.95,900.0,59215.95
4355,330,959,1,,1173,203,REFUNDED,ARS,35910.0,7541.1,0.0,43451.1
4356,464,819,2,1,1,,CANCELLED,ARS,14700.0,3087.0,0.0,17787.0
4357,565,927,2,1,1,1331,FULFILLED,ARS,65400.0,13734.0,0.0,79134.0
4358,136,860,2,3,3,3143,FULFILLED,ARS,30000.0,6300.0,0.0,36300.0
4359,478,1189,2,1,1,2638,FULFILLED,ARS,26598.0,5585.58,0.0,32183.58
4360,148,916,1,,2485,1989,FULFILLED,ARS,14700.0,3087.0,900.0,18687.0
4361,639,292,1,,848,2598,CANCELLED,ARS,30000.0,6300.0,1200.0,37500.0
4362,412,488,2,1,1,,FULFILLED,ARS,29700.0,6237.0,0.0,35937.0
4363,364,536,1,,2213,3168,FULFILLED,ARS,15675.0,3291.75,1500.0,20466.75
4364,278,1237,1,,2448,1013,FULFILLED,ARS,38475.0,8079.75,1200.0,47754.75
4365,386,1023,2,3,3,402,FULFILLED,ARS,69900.0,14679.0,0.0,84579.0
4366,195,1234,1,,1337,482,PAID,ARS,35280.0,7408.8,1200.0,43888.8
4367,566,245,1,,2846,3047,FULFILLED,ARS,30780.0,6463.8,0.0,37243.8
4368,254,298,2,1,1,685,PAID,ARS,24000.0,5040.0,0.0,29040.0
4369,58,36,1,,2946,2365,FULFILLED,ARS,24696.0,5186.16,1200.0,31082.16
4370,405,1262,1,,1268,2607,CANCELLED,ARS,25260.0,5304.6,1500.0,32064.6
4371,262,518,1,,959,167,FULFILLED,ARS,24000.0,5040.0,900.0,29940.0
4372,562,882,2,1,1,,FULFILLED,ARS,12150.0,2551.5,0.0,14701.5
4373,559,301,1,,1384,1371,REFUNDED,ARS,21600.0,4536.0,1200.0,27336.0
4374,531,1159,2,2,2,2953,FULFILLED,ARS,29400.0,6174.0,0.0,35574.0
4375,425,605,1,,2441,1970,CANCELLED,ARS,23625.0,4961.25,900.0,29486.25
4376,52,55,1,,457,1526,CANCELLED,ARS,36000.0,7560.0,900.0,44460.0
4377,409,1126,1,,1256,703,PAID,ARS,22800.0,4788.0,0.0,27588.0
4378,82,449,1,,1175,1033,FULFILLED,ARS,32400.0,6804.0,900.0,40104.0
4379,553,1424,1,,670,3035,FULFILLED,ARS,28350.0,5953.5,1200.0,35503.5
4380,123,68,2,3,3,460,FULFILLED,ARS,36000.0,7560.0,0.0,43560.0
4381,457,303,1,,1869,345,FULFILLED,ARS,29925.0,6284.25,1200.0,37409.25
4382,196,1338,2,2,2,843,FULFILLED,ARS,29700.0,6237.0,0.0,35937.0
4383,369,1256,2,3,3,,FULFILLED,ARS,9720.0,2041.2,0.0,11761.2
4384,255,1111,1,,367,262,FULFILLED,ARS,44250.0,9292.5,900.0,54442.5
4385,581,1487,1,,2895,1686,FULFILLED,ARS,44100.0,9261.0,1200.0,54561.0
4386,462,715,1,,1761,228,FULFILLED,ARS,29400.0,6174.0,1200.0,36774.0
4387,391,818,1,,2160,2900,CANCELLED,ARS,29400.0,6174.0,1200.0,36774.0
4388,191,1365,1,,1366,2911,REFUNDED,ARS,66600.0,13986.0,900.0,81486.0
4389,150,1465,1,,2223,2131,CANCELLED,ARS,24696.0,5186.16,1200.0,31082.16
4390,493,1215,1,,2260,1447,FULFILLED,ARS,30780.0,6463.8,900.0,38143.8
4391,564,522,1,,1393,1534,FULFILLED,ARS,15750.0,3307.5,900.0,19957.5
4392,145,943,1,,998,2979,FULFILLED,ARS,58620.0,12310.2,900.0,71830.2
4393,623,358,1,,134,3087,FULFILLED,ARS,15000.0,3150.0,900.0,19050.0
4394,49,253,2,1,1,933,FULFILLED,ARS,31500.0,6615.0,0.0,38115.0
4395,307,96,1,,893,,PAID,ARS,33000.0,6930.0,1500.0,41430.0
4396,183,335,2,3,3,,PAID,ARS,27000.0,5670.0,0.0,32670.0
4397,267,166,2,1,1,834,PAID,ARS,12000.0,2520.0,0.0,14520.0
4398,370,606,1,,2674,1920,FULFILLED,ARS,12348.0,2593.08,900.0,15841.08
4399,583,1198,1,,136,2933,FULFILLED,ARS,32400.0,6804.0,0.0,39204.0
4400,565,981,2,1,1,1050,FULFILLED,ARS,45120.0,9475.2,0.0,54595.2
4401,457,85,1,,1502,1678,FULFILLED,ARS,12600.0,2646.0,1500.0,16746.0
4402,158,644,2,3,3,637,CANCELLED,ARS,50520.0,10609.2,0.0,61129.2
4403,465,227,1,,2426,2123,FULFILLED,ARS,23520.0,4939.2,1200.0,29659.2
4404,335,491,1,,2071,1581,FULFILLED,ARS,39690.0,8334.9,1200.0,49224.9
4405,27,96,1,,1137,1065,FULFILLED,ARS,74400.0,15624.0,1200.0,91224.0
4406,468,1233,2,1,1,1057,FULFILLED,ARS,10584.0,2222.64,0.0,12806.64
4407,589,581,1,,2448,,PAID,ARS,29160.0,6123.6,900.0,36183.6
4408,427,1044,1,,2035,1970,FULFILLED,ARS,11340.0,2381.4,0.0,13721.4
4409,163,501,1,,203,2490,FULFILLED,ARS,13500.0,2835.0,900.0,17235.0
4410,502,733,1,,2438,357,FULFILLED,ARS,27000.0,5670.0,0.0,32670.0
4411,28,298,1,,1012,2730,FULFILLED,ARS,24510.0,5147.1,1200.0,30857.1
4412,538,858,1,,1097,1072,CANCELLED,ARS,45000.0,9450.0,900.0,55350.0
4413,75,689,2,2,2,3189,FULFILLED,ARS,46305.0,9724.05,0.0,56029.05
4414,30,331,1,,2947,2152,CANCELLED,ARS,56647.5,11895.98,900.0,69443.48
4415,575,1134,1,,895,2050,FULFILLED,ARS,40500.0,8505.0,1500.0,50505.0
4416,48,638,1,,387,1335,FULFILLED,ARS,42630.0,8952.3,1200.0,52782.3
4417,460,499,2,1,1,940,FULFILLED,ARS,45000.0,9450.0,0.0,54450.0
4418,268,588,1,,2441,2178,FULFILLED,ARS,36000.0,7560.0,900.0,44460.0
4419,497,716,2,1,1,714,FULFILLED,ARS,67620.0,14200.2,0.0,81820.2
4420,254,495,2,4,4,98,FULFILLED,ARS,79800.0,16758.0,0.0,96558.0
4421,486,1370,1,,2657,128,FULFILLED,ARS,45000.0,9450.0,1200.0,55650.0
4422,480,617,1,,3011,1046,FULFILLED,ARS,68400.0,14364.0,900.0,83664.0
4423,442,246,1,,1189,710,FULFILLED,ARS,12825.0,2693.25,900.0,16418.25
4424,531,208,1,,1190,,FULFILLED,ARS,44100.0,9261.0,1500.0,54861.0
4425,127,732,1,,2600,295,PAID,ARS,35640.0,7484.4,1200.0,44324.4
4426,587,61,1,,1035,2922,FULFILLED,ARS,85200.0,17892.0,900.0,103992.0
4427,412,546,1,,2496,,FULFILLED,ARS,10260.0,2154.6,1500.0,13914.6
4428,621,973,1,,555,462,PAID,ARS,42750.0,8977.5,1200.0,52927.5
4429,34,1058,2,2,2,2436,FULFILLED,ARS,56430.0,11850.3,0.0,68280.3
4430,422,665,1,,123,1023,PAID,ARS,15435.0,3241.35,900.0,19576.35
4431,453,1168,1,,3005,2455,FULFILLED,ARS,34200.0,7182.0,1200.0,42582.0
4432,180,41,2,4,4,2924,FULFILLED,ARS,15435.0,3241.35,0.0,18676.35
4433,111,677,1,,2008,238,FULFILLED,ARS,11340.0,2381.4,900.0,14621.4
4434,458,404,1,,169,2866,FULFILLED,ARS,29160.0,6123.6,900.0,36183.6
4435,225,642,2,4,4,2696,FULFILLED,ARS,24000.0,5040.0,0.0,29040.0
4436,78,896,1,,793,,FULFILLED,ARS,42348.0,8893.08,900.0,52141.08
4437,515,555,2,2,2,2870,FULFILLED,ARS,58350.0,12253.5,0.0,70603.5
4438,187,423,1,,901,3046,FULFILLED,ARS,26400.0,5544.0,1500.0,33444.0
4439,252,694,1,,2491,19,FULFILLED,ARS,48444.0,10173.24,1200.0,59817.24
4440,530,1299,2,3,3,2690,PAID,ARS,14250.0,2992.5,0.0,17242.5
4441,95,1373,2,3,3,2942,FULFILLED,ARS,24300.0,5103.0,0.0,29403.0
4442,578,1037,1,,2503,1718,CANCELLED,ARS,65175.0,13686.75,900.0,79761.75
4443,616,302,1,,1948,2905,FULFILLED,ARS,30000.0,6300.0,900.0,37200.0
4444,204,940,1,,1992,3066,FULFILLED,ARS,58500.0,12285.0,900.0,71685.0
4445,629,714,1,,1794,1267,CANCELLED,ARS,14250.0,2992.5,1200.0,18442.5
4446,350,1026,2,1,1,326,REFUNDED,ARS,13500.0,2835.0,0.0,16335.0
4447,361,259,2,3,3,,FULFILLED,ARS,21600.0,4536.0,0.0,26136.0
4448,159,430,2,1,1,859,FULFILLED,ARS,23520.0,4939.2,0.0,28459.2
4449,199,1017,2,4,4,3106,FULFILLED,ARS,14250.0,2992.5,0.0,17242.5
4450,376,26,1,,2220,2715,FULFILLED,ARS,14850.0,3118.5,1500.0,19468.5
4451,59,736,2,4,4,2981,FULFILLED,ARS,87750.0,18427.5,0.0,106177.5
4452,406,1481,1,,1410,,FULFILLED,ARS,24696.0,5186.16,1200.0,31082.16
4453,484,1483,1,,1857,1754,FULFILLED,ARS,78300.0,16443.0,900.0,95643.0
4454,223,522,2,3,3,2891,FULFILLED,ARS,82305.0,17284.05,0.0,99589.05
4455,177,1450,2,4,4,,FULFILLED,ARS,12000.0,2520.0,0.0,14520.0
4456,52,1033,1,,2182,1556,FULFILLED,ARS,26460.0,5556.6,1500.0,33516.6
4457,202,957,1,,3157,2909,FULFILLED,ARS,22800.0,4788.0,1200.0,28788.0
4458,407,1363,1,,124,176,FULFILLED,ARS,13200.0,2772.0,900.0,16872.0
4459,440,1300,1,,1877,245,FULFILLED,ARS,34020.0,7144.2,1200.0,42364.2
4460,527,620,2,1,1,2311,CANCELLED,ARS,23760.0,4989.6,0.0,28749.6
4461,185,1024,2,4,4,869,PAID,ARS,14250.0,2992.5,0.0,17242.5
4462,441,995,1,,117,112,PAID,ARS,12348.0,2593.08,1200.0,16141.08
4463,470,119,1,,1204,1901,FULFILLED,ARS,42750.0,8977.5,900.0,52627.5
4464,493,124,2,4,4,3200,FULFILLED,ARS,15000.0,3150.0,0.0,18150.0
4465,473,603,1,,1306,2954,FULFILLED,ARS,34200.0,7182.0,1200.0,42582.0
4466,540,500,2,2,2,417,FULFILLED,ARS,13500.0,2835.0,0.0,16335.0
4467,33,1464,2,4,4,2796,REFUNDED,ARS,112338.0,23590.98,0.0,135928.98
4468,593,515,1,,913,122,FULFILLED,ARS,54750.0,11497.5,1500.0,67747.5
4469,235,359,1,,2289,1394,FULFILLED,ARS,42750.0,8977.5,900.0,52627.5
4470,406,207,1,,462,,CANCELLED,ARS,49500.0,10395.0,900.0,60795.0
4471,144,362,1,,2857,1093,FULFILLED,ARS,14962.5,3142.12,1500.0,19604.62
4472,278,254,1,,651,2327,PAID,ARS,42750.0,8977.5,1200.0,52927.5
4473,319,809,1,,260,2353,REFUNDED,ARS,23520.0,4939.2,900.0,29359.2
4474,598,494,1,,2640,2007,CANCELLED,ARS,88440.0,18572.4,1200.0,108212.4
4475,379,879,2,1,1,1141,REFUNDED,ARS,35280.0,7408.8,0.0,42688.8
4476,553,159,1,,587,,REFUNDED,ARS,82800.0,17388.0,1200.0,101388.0
4477,122,1074,2,4,4,214,FULFILLED,ARS,22800.0,4788.0,0.0,27588.0
4478,88,29,2,4,4,759,FULFILLED,ARS,29160.0,6123.6,0.0,35283.6
4479,633,338,1,,2061,,FULFILLED,ARS,45000.0,9450.0,1200.0,55650.0
4480,17,751,1,,3,1392,FULFILLED,ARS,54600.0,11466.0,900.0,66966.0
4481,391,1461,1,,429,2714,FULFILLED,ARS,15000.0,3150.0,900.0,19050.0
4482,129,772,1,,43,2259,PAID,ARS,27000.0,5670.0,1200.0,33870.0
4483,550,878,1,,973,41,PAID,ARS,34200.0,7182.0,900.0,42282.0
4484,212,332,1,,1156,1667,FULFILLED,ARS,102045.0,21429.45,1500.0,124974.45
4485,35,464,2,2,2,90,FULFILLED,ARS,40200.0,8442.0,0.0,48642.0
4486,272,1146,1,,1154,1595,PAID,ARS,10800.0,2268.0,1200.0,14268.0
4487,538,1212,2,4,4,730,FULFILLED,ARS,12000.0,2520.0,0.0,14520.0
4488,130,1050,2,4,4,2133,FULFILLED,ARS,11400.0,2394.0,0.0,13794.0
4489,621,938,1,,2859,173,FULFILLED,ARS,38722.5,8131.72,1200.0,48054.22
4490,433,300,1,,3188,492,FULFILLED,ARS,13500.0,2835.0,0.0,16335.0
4491,359,992,1,,3025,2804,PAID,ARS,34200.0,7182.0,1200.0,42582.0
4492,277,447,2,1,1,1978,FULFILLED,ARS,28500.0,5985.0,0.0,34485.0
4493,581,957,2,1,1,2269,FULFILLED,ARS,116010.0,24362.1,0.0,140372.1
4494,292,472,2,4,4,2195,FULFILLED,ARS,12600.0,2646.0,0.0,15246.0
4495,558,1304,2,4,4,1544,FULFILLED,ARS,13500.0,2835.0,0.0,16335.0
4496,610,254,1,,2383,2549,FULFILLED,ARS,71280.0,14968.8,1500.0,87748.8
4497,396,1125,2,1,1,1437,FULFILLED,ARS,31752.0,6667.92,0.0,38419.92
4498,630,107,1,,1563,680,FULFILLED,ARS,44100.0,9261.0,900.0,54261.0
4499,503,1237,1,,2198,,FULFILLED,ARS,56400.0,11844.0,900.0,69144.0
4500,361,293,2,4,4,286,FULFILLED,ARS,35910.0,7541.1,0.0,43451.1
4501,237,879,2,1,1,3049,FULFILLED,ARS,12600.0,2646.0,0.0,15246.0
4502,205,246,1,,1949,2020,PAID,ARS,11400.0,2394.0,1200.0,14994.0
4503,500,1032,2,1,1,554,FULFILLED,ARS,31350.0,6583.5,0.0,37933.5
4504,193,1021,2,2,2,313,CANCELLED,ARS,56175.0,11796.75,0.0,67971.75
4505,98,1024,1,,270,,PAID,ARS,63300.0,13293.0,1500.0,78093.0
4506,462,525,2,2,2,2573,PAID,ARS,32400.0,6804.0,0.0,39204.0
4507,253,1080,1,,3008,2552,FULFILLED,ARS,81000.0,17010.0,0.0,98010.0
4508,157,610,2,4,4,24,FULFILLED,ARS,52272.0,10977.12,0.0,63249.12
4509,262,485,1,,1818,513,PAID,ARS,45000.0,9450.0,1200.0,55650.0
4510,92,1034,1,,826,,FULFILLED,ARS,14250.0,2992.5,900.0,18142.5
4511,167,61,2,1,1,969,PAID,ARS,49530.0,10401.3,0.0,59931.3
4512,282,801,2,1,1,2420,FULFILLED,ARS,43968.0,9233.28,0.0,53201.28
4513,158,382,1,,3155,3,FULFILLED,ARS,65280.0,13708.8,900.0,79888.8
4514,605,774,1,,132,3022,FULFILLED,ARS,24000.0,5040.0,1200.0,30240.0
4515,91,634,2,1,1,8,CANCELLED,ARS,25872.0,5433.12,0.0,31305.12
4516,368,1029,1,,1925,2701,REFUNDED,ARS,42750.0,8977.5,900.0,52627.5
4517,6,1363,1,,2179,1584,CANCELLED,ARS,27000.0,5670.0,900.0,33570.0
4518,68,690,2,2,2,2531,FULFILLED,ARS,30780.0,6463.8,0.0,37243.8
4519,145,178,1,,2500,15,PAID,ARS,25650.0,5386.5,1200.0,32236.5
4520,605,811,2,1,1,1086,REFUNDED,ARS,48600.0,10206.0,0.0,58806.0
4521,353,251,1,,2617,8,FULFILLED,ARS,93555.0,19646.55,900.0,114101.55
4522,258,70,1,,637,339,PAID,ARS,12600.0,2646.0,0.0,15246.0
4523,544,1281,2,1,1,2596,PAID,ARS,40500.0,8505.0,0.0,49005.0
4524,352,435,1,,2779,2695,FULFILLED,ARS,29160.0,6123.6,900.0,36183.6
4525,509,383,1,,1830,393,FULFILLED,ARS,37620.0,7900.2,900.0,46420.2
4526,389,34,1,,2776,2240,FULFILLED,ARS,34800.0,7308.0,1200.0,43308.0
4527,60,217,2,2,2,1200,CANCELLED,ARS,24000.0,5040.0,0.0,29040.0
4528,132,851,2,1,1,518,FULFILLED,ARS,23760.0,4989.6,0.0,28749.6
4529,248,1428,2,3,3,1592,FULFILLED,ARS,11760.0,2469.6,0.0,14229.6
4530,303,1448,1,,858,,FULFILLED,ARS,22734.0,4774.14,900.0,28408.14
4531,100,1383,2,1,1,,FULFILLED,ARS,74808.0,15709.68,0.0,90517.68
4532,294,1497,2,1,1,2734,FULFILLED,ARS,11760.0,2469.6,0.0,14229.6
4533,406,661,2,2,2,721,PAID,ARS,26400.0,5544.0,0.0,31944.0
4534,122,1165,1,,2022,195,FULFILLED,ARS,15000.0,3150.0,1200.0,19350.0
4535,310,145,2,4,4,,REFUNDED,ARS,32400.0,6804.0,0.0,39204.0
4536,53,961,1,,1924,784,FULFILLED,ARS,32340.0,6791.4,900.0,40031.4
4537,418,960,1,,1863,229,FULFILLED,ARS,29160.0,6123.6,1500.0,36783.6
4538,430,1270,2,4,4,716,FULFILLED,ARS,73755.0,15488.55,0.0,89243.55
4539,544,508,1,,2864,2206,FULFILLED,ARS,57780.0,12133.8,1500.0,71413.8
4540,416,1232,2,4,4,2876,FULFILLED,ARS,43200.0,9072.0,0.0,52272.0
4541,96,1494,2,3,3,,FULFILLED,ARS,37800.0,7938.0,0.0,45738.0
4542,373,422,2,1,1,891,PAID,ARS,30000.0,6300.0,0.0,36300.0
4543,148,1157,1,,1245,1868,CANCELLED,ARS,22800.0,4788.0,1500.0,29088.0
4544,25,154,1,,1107,162,REFUNDED,ARS,32400.0,6804.0,1200.0,40404.0
4545,507,394,2,1,1,709,REFUNDED,ARS,10584.0,2222.64,0.0,12806.64
4546,412,394,2,1,1,,FULFILLED,ARS,61200.0,12852.0,0.0,74052.0
4547,577,153,2,4,4,,CANCELLED,ARS,44100.0,9261.0,0.0,53361.0
4548,539,1465,2,4,4,2274,REFUNDED,ARS,11760.0,2469.6,0.0,14229.6
4549,621,461,2,4,4,2759,FULFILLED,ARS,34200.0,7182.0,0.0,41382.0
4550,324,900,2,4,4,1071,FULFILLED,ARS,10260.0,2154.6,0.0,12414.6
4551,504,852,1,,341,1607,FULFILLED,ARS,12000.0,2520.0,900.0,15420.0
4552,183,1015,2,2,2,1777,FULFILLED,ARS,63300.0,13293.0,0.0,76593.0
4553,603,1385,2,2,2,,FULFILLED,ARS,58590.0,12303.9,0.0,70893.9
4554,79,1311,1,,2650,2342,PAID,ARS,76500.0,16065.0,1200.0,93765.0
4555,366,1034,1,,3116,697,FULFILLED,ARS,27000.0,5670.0,900.0,33570.0
4556,442,384,1,,1190,170,FULFILLED,ARS,57720.0,12121.2,0.0,69841.2
4557,571,744,1,,130,538,FULFILLED,ARS,55200.0,11592.0,900.0,67692.0
4558,284,932,2,4,4,1106,FULFILLED,ARS,48720.0,10231.2,0.0,58951.2
4559,339,640,1,,2977,535,FULFILLED,ARS,12000.0,2520.0,1200.0,15720.0
4560,574,930,2,2,2,1934,FULFILLED,ARS,21600.0,4536.0,0.0,26136.0
4561,449,1164,1,,540,458,CANCELLED,ARS,81030.0,17016.3,1500.0,99546.3
4562,144,700,1,,1470,312,FULFILLED,ARS,73950.0,15529.5,900.0,90379.5
4563,86,608,1,,2541,1475,FULFILLED,ARS,32400.0,6804.0,0.0,39204.0
4564,417,1076,1,,706,399,FULFILLED,ARS,14700.0,3087.0,1500.0,19287.0
4565,562,113,2,1,1,1701,FULFILLED,ARS,30000.0,6300.0,0.0,36300.0
4566,261,883,1,,43,270,PAID,ARS,44100.0,9261.0,0.0,53361.0
4567,416,177,1,,1130,1241,FULFILLED,ARS,50085.0,10517.85,900.0,61502.85
4568,253,609,1,,2745,207,PAID,ARS,25650.0,5386.5,1200.0,32236.5
4569,227,688,2,2,2,1401,FULFILLED,ARS,74550.0,15655.5,0.0,90205.5
4570,512,438,1,,304,123,REFUNDED,ARS,27000.0,5670.0,1200.0,33870.0
4571,176,315,1,,1335,2021,PAID,ARS,32400.0,6804.0,0.0,39204.0
4572,39,67,2,2,2,717,CANCELLED,ARS,40920.0,8593.2,0.0,49513.2
4573,525,868,2,1,1,2117,FULFILLED,ARS,68400.0,14364.0,0.0,82764.0
4574,356,110,1,,1776,699,FULFILLED,ARS,36600.0,7686.0,900.0,45186.0
4575,463,482,2,3,3,3049,FULFILLED,ARS,32400.0,6804.0,0.0,39204.0
4576,132,684,2,1,1,975,PAID,ARS,12150.0,2551.5,0.0,14701.5
4577,271,1116,1,,3106,2434,FULFILLED,ARS,69480.0,14590.8,1200.0,85270.8
4578,628,371,1,,499,2953,FULFILLED,ARS,45120.0,9475.2,900.0,55495.2
4579,560,20,1,,8,1117,FULFILLED,ARS,47250.0,9922.5,900.0,58072.5
4580,234,488,1,,2018,499,FULFILLED,ARS,46500.0,9765.0,1200.0,57465.0
4581,17,539,1,,2738,2685,FULFILLED,ARS,42600.0,8946.0,1500.0,53046.0
4582,213,1183,2,3,3,2111,FULFILLED,ARS,47496.0,9974.16,0.0,57470.16
4583,269,145,2,4,4,2749,CANCELLED,ARS,24000.0,5040.0,0.0,29040.0
4584,272,1296,1,,2549,2163,FULFILLED,ARS,40500.0,8505.0,0.0,49005.0
4585,117,713,1,,2602,2924,FULFILLED,ARS,12000.0,2520.0,900.0,15420.0
4586,348,541,1,,3044,1521,FULFILLED,ARS,12936.0,2716.56,1200.0,16852.56
4587,453,157,2,1,1,1712,FULFILLED,ARS,65700.0,13797.0,0.0,79497.0
4588,274,1370,1,,2110,3153,FULFILLED,ARS,14250.0,2992.5,1200.0,18442.5
4589,559,1455,2,3,3,1241,PAID,ARS,11970.0,2513.7,0.0,14483.7
4590,417,657,2,1,1,860,FULFILLED,ARS,30000.0,6300.0,0.0,36300.0
4591,584,955,2,4,4,1367,FULFILLED,ARS,76650.0,16096.5,0.0,92746.5
4592,110,84,2,4,4,2124,FULFILLED,ARS,34200.0,7182.0,0.0,41382.0
4593,247,900,2,1,1,,FULFILLED,ARS,10800.0,2268.0,0.0,13068.0
4594,549,479,1,,2749,542,FULFILLED,ARS,47700.0,10017.0,900.0,58617.0
4595,370,164,1,,602,2397,PAID,ARS,35640.0,7484.4,900.0,44024.4
4596,503,255,2,2,2,3007,FULFILLED,ARS,24000.0,5040.0,0.0,29040.0
4597,625,733,1,,747,577,FULFILLED,ARS,28350.0,5953.5,1200.0,35503.5
4598,591,192,2,1,1,2713,FULFILLED,ARS,31752.0,6667.92,0.0,38419.92
4599,380,1083,2,2,2,188,FULFILLED,ARS,24510.0,5147.1,0.0,29657.1
4600,455,780,2,4,4,789,FULFILLED,ARS,27000.0,5670.0,0.0,32670.0
4601,239,242,1,,2089,1521,FULFILLED,ARS,20520.0,4309.2,1200.0,26029.2
4602,184,555,1,,166,147,PAID,ARS,42750.0,8977.5,900.0,52627.5
4603,400,256,1,,792,842,FULFILLED,ARS,16500.0,3465.0,1200.0,21165.0
4604,61,635,1,,2279,,PAID,ARS,39690.0,8334.9,1200.0,49224.9
4605,197,349,2,3,3,938,FULFILLED,ARS,44784.0,9404.64,0.0,54188.64
4606,418,306,1,,1528,2034,FULFILLED,ARS,14700.0,3087.0,1200.0,18987.0
4607,13,969,2,3,3,1566,FULFILLED,ARS,61200.0,12852.0,0.0,74052.0
4608,249,1180,2,3,3,2025,CANCELLED,ARS,22800.0,4788.0,0.0,27588.0
4609,98,37,1,,391,101,FULFILLED,ARS,98505.0,20686.05,1500.0,120691.05
4610,603,846,1,,369,946,FULFILLED,ARS,11760.0,2469.6,1200.0,15429.6
4611,202,329,1,,2778,2375,FULFILLED,ARS,37044.0,7779.24,1200.0,46023.24
4612,214,140,2,3,3,2722,FULFILLED,ARS,25872.0,5433.12,0.0,31305.12
4613,495,163,2,2,2,2138,FULFILLED,ARS,24000.0,5040.0,0.0,29040.0
4614,403,86,1,,792,2431,PAID,ARS,24000.0,5040.0,1500.0,30540.0
4615,259,521,2,2,2,2845,FULFILLED,ARS,13500.0,2835.0,0.0,16335.0
4616,577,487,1,,2737,959,REFUNDED,ARS,27000.0,5670.0,1200.0,33870.0
4617,611,639,2,2,2,2842,FULFILLED,ARS,42750.0,8977.5,0.0,51727.5
4618,211,1191,1,,2066,,FULFILLED,ARS,15000.0,3150.0,900.0,19050.0
4619,379,1377,2,4,4,2145,PAID,ARS,12000.0,2520.0,0.0,14520.0
4620,102,286,2,4,4,2986,FULFILLED,ARS,14700.0,3087.0,0.0,17787.0
4621,510,1324,2,3,3,1890,CREATED,ARS,47250.0,9922.5,0.0,57172.5
4622,250,702,2,1,1,991,FULFILLED,ARS,31500.0,6615.0,0.0,38115.0
4623,18,694,1,,1293,641,FULFILLED,ARS,24300.0,5103.0,900.0,30303.0
4624,628,665,2,1,1,1818,FULFILLED,ARS,38475.0,8079.75,0.0,46554.75
4625,47,244,2,1,1,1241,FULFILLED,ARS,66000.0,13860.0,0.0,79860.0
4626,481,585,1,,723,553,FULFILLED,ARS,24000.0,5040.0,900.0,29940.0
4627,564,651,1,,561,472,FULFILLED,ARS,13230.0,2778.3,1200.0,17208.3
4628,399,1408,1,,2999,1878,FULFILLED,ARS,22680.0,4762.8,900.0,28342.8
4629,503,339,2,2,2,2893,FULFILLED,ARS,35280.0,7408.8,0.0,42688.8
4630,27,1110,2,3,3,1141,FULFILLED,ARS,15000.0,3150.0,0.0,18150.0
4631,478,1311,2,4,4,1141,FULFILLED,ARS,32400.0,6804.0,0.0,39204.0
4632,55,827,1,,1468,1809,CANCELLED,ARS,11760.0,2469.6,900.0,15129.6
4633,610,1382,1,,398,1791,FULFILLED,ARS,86512.5,18167.62,900.0,105580.12
4634,355,554,1,,2425,2215,FULFILLED,ARS,61560.0,12927.6,0.0,74487.6
4635,152,710,1,,1835,2596,FULFILLED,ARS,21600.0,4536.0,1200.0,27336.0
4636,386,1085,1,,1382,2588,FULFILLED,ARS,14250.0,2992.5,1200.0,18442.5
4637,153,449,1,,1317,1776,FULFILLED,ARS,21600.0,4536.0,1200.0,27336.0
4638,8,1359,1,,1840,1569,FULFILLED,ARS,39600.0,8316.0,0.0,47916.0
4639,421,956,1,,3117,2106,FULFILLED,ARS,14175.0,2976.75,0.0,17151.75
4640,247,143,2,4,4,1510,FULFILLED,ARS,25872.0,5433.12,0.0,31305.12
4641,79,12,1,,2615,1739,PAID,ARS,21600.0,4536.0,900.0,27036.0
4642,15,29,1,,1353,,FULFILLED,ARS,23760.0,4989.6,1500.0,30249.6
4643,636,688,1,,2353,2044,FULFILLED,ARS,11400.0,2394.0,1200.0,14994.0
4644,100,991,2,4,4,,PAID,ARS,25080.0,5266.8,0.0,30346.8
4645,439,468,2,4,4,580,CANCELLED,ARS,21600.0,4536.0,0.0,26136.0
4646,206,650,1,,2143,1739,FULFILLED,ARS,36000.0,7560.0,0.0,43560.0
4647,195,1002,1,,1399,2890,FULFILLED,ARS,22800.0,4788.0,900.0,28488.0
4648,331,539,1,,3087,494,FULFILLED,ARS,31500.0,6615.0,1500.0,39615.0
4649,32,397,2,3,3,2820,FULFILLED,ARS,38475.0,8079.75,0.0,46554.75
4650,262,1059,2,1,1,3093,REFUNDED,ARS,30000.0,6300.0,0.0,36300.0
4651,147,363,1,,1396,,FULFILLED,ARS,12000.0,2520.0,900.0,15420.0
4652,234,806,2,4,4,1560,PAID,ARS,29160.0,6123.6,0.0,35283.6
4653,130,949,2,4,4,120,FULFILLED,ARS,72000.0,15120.0,0.0,87120.0
4654,173,837,1,,780,2086,FULFILLED,ARS,37044.0,7779.24,900.0,45723.24
4655,447,1035,2,3,3,,CANCELLED,ARS,12540.0,2633.4,0.0,15173.4
4656,342,485,1,,894,790,FULFILLED,ARS,11760.0,2469.6,1200.0,15429.6
4657,466,778,1,,1295,1653,PAID,ARS,39690.0,8334.9,1500.0,49524.9
4658,207,1076,1,,2926,2095,PAID,ARS,34200.0,7182.0,900.0,42282.0
4659,271,658,1,,903,490,FULFILLED,ARS,26362.5,5536.12,1200.0,33098.62
4660,82,1402,1,,2038,2812,CREATED,ARS,55462.5,11647.12,1500.0,68609.62
4661,464,303,1,,1664,2616,CREATED,ARS,10800.0,2268.0,900.0,13968.0
4662,529,1078,1,,2779,3101,CANCELLED,ARS,35910.0,7541.1,900.0,44351.1
4663,489,1388,2,3,3,2582,FULFILLED,ARS,61320.0,12877.2,0.0,74197.2
4664,291,1286,2,2,2,325,FULFILLED,ARS,32400.0,6804.0,0.0,39204.0
4665,191,703,2,3,3,,FULFILLED,ARS,12348.0,2593.08,0.0,14941.08
4666,622,250,2,4,4,2898,FULFILLED,ARS,22800.0,4788.0,0.0,27588.0
4667,30,781,1,,93,,FULFILLED,ARS,36036.0,7567.56,0.0,43603.56
4668,406,1033,2,1,1,1421,FULFILLED,ARS,24696.0,5186.16,0.0,29882.16
4669,139,1255,1,,1103,306,FULFILLED,ARS,14700.0,3087.0,900.0,18687.0
4670,632,703,1,,80,1875,FULFILLED,ARS,20520.0,4309.2,1200.0,26029.2
4671,196,824,1,,626,1858,PAID,ARS,34020.0,7144.2,1500.0,42664.2
4672,335,863,1,,2153,864,FULFILLED,ARS,42750.0,8977.5,1200.0,52927.5
4673,547,348,1,,2435,1568,FULFILLED,ARS,40500.0,8505.0,1500.0,50505.0
4674,240,1186,2,4,4,1442,FULFILLED,ARS,32400.0,6804.0,0.0,39204.0
4675,583,618,2,4,4,1839,FULFILLED,ARS,12825.0,2693.25,0.0,15518.25
4676,72,244,2,4,4,2162,PAID,ARS,15000.0,3150.0,0.0,18150.0
4677,629,1082,1,,1444,927,PAID,ARS,37800.0,7938.0,1500.0,47238.0
4678,282,97,1,,1512,407,CREATED,ARS,35640.0,7484.4,900.0,44024.4
4679,433,502,2,1,1,,FULFILLED,ARS,14250.0,2992.5,0.0,17242.5
4680,148,284,1,,889,3141,REFUNDED,ARS,23520.0,4939.2,1200.0,29659.2
4681,377,1112,1,,9,1043,FULFILLED,ARS,42750.0,8977.5,1500.0,53227.5
4682,633,864,2,3,3,2853,FULFILLED,ARS,24000.0,5040.0,0.0,29040.0
4683,579,1288,2,1,1,369,FULFILLED,ARS,56160.0,11793.6,0.0,67953.6
4684,56,1169,1,,937,1158,FULFILLED,ARS,11400.0,2394.0,900.0,14694.0
4685,135,1271,1,,2033,1855,FULFILLED,ARS,29400.0,6174.0,900.0,36474.0
4686,267,996,2,1,1,575,FULFILLED,ARS,46305.0,9724.05,0.0,56029.05
4687,161,737,2,1,1,1014,PAID,ARS,25872.0,5433.12,0.0,31305.12
4688,421,467,1,,2476,2308,FULFILLED,ARS,35775.0,7512.75,900.0,44187.75
4689,477,232,1,,2853,2835,FULFILLED,ARS,38760.0,8139.6,1200.0,48099.6
4690,264,808,1,,1220,2851,FULFILLED,ARS,76575.0,16080.75,900.0,93555.75
4691,104,1141,1,,680,1388,FULFILLED,ARS,12000.0,2520.0,900.0,15420.0
4692,156,363,2,3,3,987,FULFILLED,ARS,14700.0,3087.0,0.0,17787.0
4693,504,720,1,,1403,1750,PAID,ARS,72600.0,15246.0,0.0,87846.0
4694,488,507,1,,2903,1237,FULFILLED,ARS,52500.0,11025.0,1200.0,64725.0
4695,172,1040,1,,2138,2008,PAID,ARS,63858.0,13410.18,900.0,78168.18
4696,599,180,1,,288,2010,REFUNDED,ARS,26400.0,5544.0,900.0,32844.0
4697,83,1385,2,3,3,79,FULFILLED,ARS,10800.0,2268.0,0.0,13068.0
4698,593,185,2,4,4,582,FULFILLED,ARS,11400.0,2394.0,0.0,13794.0
4699,64,238,1,,3150,281,REFUNDED,ARS,25080.0,5266.8,0.0,30346.8
4700,73,536,1,,3189,1859,FULFILLED,ARS,34200.0,7182.0,1200.0,42582.0
4701,629,1229,1,,606,2095,FULFILLED,ARS,35910.0,7541.1,900.0,44351.1
4702,528,814,1,,1963,3035,FULFILLED,ARS,24696.0,5186.16,1500.0,31382.16
4703,498,1055,1,,1166,1576,FULFILLED,ARS,42525.0,8930.25,900.0,52355.25
4704,102,1196,1,,34,87,CANCELLED,ARS,11400.0,2394.0,1200.0,14994.0
4705,330,1068,2,3,3,2828,PAID,ARS,49365.0,10366.65,0.0,59731.65
4706,300,865,2,2,2,624,FULFILLED,ARS,29400.0,6174.0,0.0,35574.0
4707,502,1331,1,,2665,587,FULFILLED,ARS,50100.0,10521.0,1200.0,61821.0
4708,27,299,1,,910,836,FULFILLED,ARS,23520.0,4939.2,1200.0,29659.2
4709,201,1394,2,4,4,732,FULFILLED,ARS,29250.0,6142.5,0.0,35392.5
4710,457,912,2,1,1,2568,FULFILLED,ARS,36000.0,7560.0,0.0,43560.0
4711,403,858,1,,560,2911,FULFILLED,ARS,34200.0,7182.0,1500.0,42882.0
4712,69,899,2,4,4,3189,REFUNDED,ARS,60768.0,12761.28,0.0,73529.28
4713,406,229,2,2,2,795,FULFILLED,ARS,27000.0,5670.0,0.0,32670.0
4714,597,134,2,1,1,1372,CREATED,ARS,24000.0,5040.0,0.0,29040.0
4715,204,657,1,,2064,648,FULFILLED,ARS,92844.0,19497.24,900.0,113241.24
4716,428,210,1,,416,827,FULFILLED,ARS,39984.0,8396.64,0.0,48380.64
4717,268,1400,1,,945,950,PAID,ARS,11340.0,2381.4,1200.0,14921.4
4718,180,23,2,1,1,1844,FULFILLED,ARS,91152.0,19141.92,0.0,110293.92
4719,582,339,2,1,1,1577,FULFILLED,ARS,25200.0,5292.0,0.0,30492.0
4720,198,1043,2,2,2,1048,FULFILLED,ARS,12150.0,2551.5,0.0,14701.5
4721,222,829,1,,1136,1672,FULFILLED,ARS,45000.0,9450.0,1200.0,55650.0
4722,432,932,2,1,1,2105,CANCELLED,ARS,40650.0,8536.5,0.0,49186.5
4723,106,433,2,1,1,219,FULFILLED,ARS,12540.0,2633.4,0.0,15173.4
4724,522,1280,2,2,2,988,REFUNDED,ARS,42525.0,8930.25,0.0,51455.25
4725,160,1463,2,1,1,2664,FULFILLED,ARS,30870.0,6482.7,0.0,37352.7
4726,163,1314,2,2,2,3135,FULFILLED,ARS,13500.0,2835.0,0.0,16335.0
4727,124,812,1,,2153,100,FULFILLED,ARS,44100.0,9261.0,900.0,54261.0
4728,583,1159,2,4,4,1885,FULFILLED,ARS,14700.0,3087.0,0.0,17787.0
4729,389,1424,1,,2118,,FULFILLED,ARS,29400.0,6174.0,1200.0,36774.0
4730,438,276,1,,701,,CANCELLED,ARS,44400.0,9324.0,900.0,54624.0
4731,458,132,2,2,2,84,PAID,ARS,40500.0,8505.0,0.0,49005.0
4732,609,270,2,3,3,532,REFUNDED,ARS,10800.0,2268.0,0.0,13068.0
4733,436,779,2,1,1,2901,PAID,ARS,38700.0,8127.0,0.0,46827.0
4734,132,1015,2,4,4,2331,PAID,ARS,44550.0,9355.5,0.0,53905.5
4735,400,314,2,3,3,2330,FULFILLED,ARS,10260.0,2154.6,0.0,12414.6
4736,135,1489,1,,1989,2415,PAID,ARS,33000.0,6930.0,0.0,39930.0
4737,198,425,1,,1134,2375,FULFILLED,ARS,37044.0,7779.24,1500.0,46323.24
4738,211,157,2,1,1,2001,REFUNDED,ARS,35100.0,7371.0,0.0,42471.0
4739,592,1421,2,2,2,324,FULFILLED,ARS,73305.0,15394.05,0.0,88699.05
4740,371,384,1,,1693,,FULFILLED,ARS,21600.0,4536.0,0.0,26136.0
4741,58,1336,2,2,2,833,FULFILLED,ARS,35280.0,7408.8,0.0,42688.8
4742,201,1330,1,,2801,,FULFILLED,ARS,60900.0,12789.0,0.0,73689.0
4743,308,943,1,,2161,2370,FULFILLED,ARS,76500.0,16065.0,0.0,92565.0
4744,433,225,1,,3136,3156,PAID,ARS,35280.0,7408.8,900.0,43588.8
4745,432,784,2,4,4,961,CANCELLED,ARS,58500.0,12285.0,0.0,70785.0
4746,551,1209,2,4,4,708,FULFILLED,ARS,32400.0,6804.0,0.0,39204.0
4747,631,339,1,,1550,2968,PAID,ARS,37620.0,7900.2,900.0,46420.2
4748,225,920,2,2,2,2833,REFUNDED,ARS,51948.0,10909.08,0.0,62857.08
4749,400,627,1,,2814,841,FULFILLED,ARS,27000.0,5670.0,900.0,33570.0
4750,161,261,2,2,2,1021,PAID,ARS,59025.0,12395.25,0.0,71420.25
4751,161,672,1,,1573,,FULFILLED,ARS,70200.0,14742.0,0.0,84942.0
4752,292,1350,1,,335,389,CANCELLED,ARS,57720.0,12121.2,1500.0,71341.2
4753,484,259,2,3,3,1413,FULFILLED,ARS,44370.0,9317.7,0.0,53687.7
4754,332,1354,2,4,4,2437,FULFILLED,ARS,35400.0,7434.0,0.0,42834.0
4755,504,1310,1,,1381,169,FULFILLED,ARS,78300.0,16443.0,1200.0,95943.0
4756,520,1224,2,2,2,372,FULFILLED,ARS,21600.0,4536.0,0.0,26136.0
4757,183,850,1,,981,,PAID,ARS,22800.0,4788.0,1200.0,28788.0
4758,111,1284,2,1,1,,FULFILLED,ARS,12825.0,2693.25,0.0,15518.25
4759,482,1127,2,1,1,915,FULFILLED,ARS,15675.0,3291.75,0.0,18966.75
4760,371,133,2,2,2,725,FULFILLED,ARS,32400.0,6804.0,0.0,39204.0
4761,372,1154,1,,1403,351,CREATED,ARS,14700.0,3087.0,900.0,18687.0
4762,484,73,2,4,4,1864,CANCELLED,ARS,24000.0,5040.0,0.0,29040.0
4763,248,1222,1,,3150,3046,FULFILLED,ARS,15750.0,3307.5,1500.0,20557.5
4764,34,119,1,,1316,1974,FULFILLED,ARS,12000.0,2520.0,1200.0,15720.0
4765,538,1190,2,2,2,,FULFILLED,ARS,23940.0,5027.4,0.0,28967.4
4766,105,1500,1,,1736,1749,FULFILLED,ARS,28500.0,5985.0,1200.0,35685.0
4767,85,148,2,3,3,784,FULFILLED,ARS,37800.0,7938.0,0.0,45738.0
4768,239,233,1,,2569,1412,FULFILLED,ARS,25080.0,5266.8,1200.0,31546.8
4769,12,685,1,,525,2724,FULFILLED,ARS,12000.0,2520.0,1200.0,15720.0
4770,609,1183,2,1,1,2643,FULFILLED,ARS,25080.0,5266.8,0.0,30346.8
4771,11,427,2,1,1,,FULFILLED,ARS,25200.0,5292.0,0.0,30492.0
4772,88,996,1,,1664,2536,FULFILLED,ARS,42750.0,8977.5,0.0,51727.5
4773,47,74,2,1,1,984,FULFILLED,ARS,44100.0,9261.0,0.0,53361.0
4774,502,407,1,,292,2814,CREATED,ARS,39975.0,8394.75,900.0,49269.75
4775,191,1121,1,,2440,2382,FULFILLED,ARS,28500.0,5985.0,900.0,35385.0
4776,419,1209,1,,563,2921,FULFILLED,ARS,21600.0,4536.0,900.0,27036.0
4777,122,494,1,,3053,2613,FULFILLED,ARS,91608.0,19237.68,0.0,110845.68
4778,316,1026,1,,979,2473,PAID,ARS,37044.0,7779.24,0.0,44823.24
4779,584,773,1,,3093,148,FULFILLED,ARS,11400.0,2394.0,0.0,13794.0
4780,467,91,1,,925,256,PAID,ARS,9720.0,2041.2,900.0,12661.2
4781,216,301,1,,1564,2349,FULFILLED,ARS,22800.0,4788.0,1500.0,29088.0
4782,286,33,2,1,1,413,FULFILLED,ARS,53040.0,11138.4,0.0,64178.4
4783,528,1480,1,,3147,2086,PAID,ARS,37500.0,7875.0,900.0,46275.0
4784,179,635,2,1,1,3083,FULFILLED,ARS,44100.0,9261.0,0.0,53361.0
4785,198,823,1,,1418,382,FULFILLED,ARS,11760.0,2469.6,900.0,15129.6
4786,205,49,2,1,1,157,FULFILLED,ARS,45000.0,9450.0,0.0,54450.0
4787,242,422,1,,385,2724,FULFILLED,ARS,32400.0,6804.0,1200.0,40404.0
4788,479,649,2,2,2,,FULFILLED,ARS,32400.0,6804.0,0.0,39204.0
4789,319,351,2,4,4,,FULFILLED,ARS,31500.0,6615.0,0.0,38115.0
4790,307,1335,1,,2818,2568,CREATED,ARS,30000.0,6300.0,1200.0,37500.0
4791,496,382,2,2,2,1473,FULFILLED,ARS,19440.0,4082.4,0.0,23522.4
4792,467,1466,1,,472,2866,FULFILLED,ARS,47250.0,9922.5,0.0,57172.5
4793,530,546,1,,1898,1579,FULFILLED,ARS,23760.0,4989.6,0.0,28749.6
4794,182,160,2,3,3,3083,REFUNDED,ARS,15000.0,3150.0,0.0,18150.0
4795,87,1075,2,4,4,2187,FULFILLED,ARS,35940.0,7547.4,0.0,43487.4
4796,335,455,2,1,1,177,FULFILLED,ARS,30000.0,6300.0,0.0,36300.0
4797,367,241,1,,103,2931,PAID,ARS,65790.0,13815.9,0.0,79605.9
4798,454,710,2,2,2,228,REFUNDED,ARS,12000.0,2520.0,0.0,14520.0
4799,440,645,1,,2681,1087,FULFILLED,ARS,70200.0,14742.0,1200.0,86142.0
4800,164,367,2,2,2,151,FULFILLED,ARS,43650.0,9166.5,0.0,52816.5
4801,320,890,2,4,4,1018,FULFILLED,ARS,72600.0,15246.0,0.0,87846.0
4802,512,927,1,,963,1348,CANCELLED,ARS,23520.0,4939.2,900.0,29359.2
4803,489,133,1,,2804,2652,FULFILLED,ARS,34200.0,7182.0,0.0,41382.0
4804,385,524,2,2,2,1976,CANCELLED,ARS,59280.0,12448.8,0.0,71728.8
4805,309,635,1,,2561,200,PAID,ARS,23520.0,4939.2,900.0,29359.2
4806,178,1206,1,,1129,2666,FULFILLED,ARS,26400.0,5544.0,1200.0,33144.0
4807,55,1461,1,,1366,1524,FULFILLED,ARS,37800.0,7938.0,0.0,45738.0
4808,459,601,1,,222,2363,PAID,ARS,32400.0,6804.0,900.0,40104.0
4809,355,1057,1,,1710,1120,FULFILLED,ARS,34020.0,7144.2,1200.0,42364.2
4810,220,357,2,4,4,540,FULFILLED,ARS,10800.0,2268.0,0.0,13068.0
4811,79,1261,1,,592,,FULFILLED,ARS,32400.0,6804.0,900.0,40104.0
4812,403,26,1,,301,491,FULFILLED,ARS,24696.0,5186.16,900.0,30782.16
4813,479,588,2,3,3,1157,CANCELLED,ARS,32400.0,6804.0,0.0,39204.0
4814,40,17,1,,1091,2013,FULFILLED,ARS,22800.0,4788.0,900.0,28488.0
4815,128,730,1,,863,1925,FULFILLED,ARS,30750.0,6457.5,1500.0,38707.5
4816,560,874,2,4,4,3109,REFUNDED,ARS,29400.0,6174.0,0.0,35574.0
4817,428,961,1,,2453,2588,CANCELLED,ARS,30870.0,6482.7,1200.0,38552.7
4818,47,1127,1,,2091,2863,FULFILLED,ARS,42750.0,8977.5,1500.0,53227.5
4819,412,1324,1,,3004,296,PAID,ARS,42750.0,8977.5,1500.0,53227.5
4820,344,8,1,,2125,1402,REFUNDED,ARS,10800.0,2268.0,1200.0,14268.0
4821,117,906,2,3,3,1087,FULFILLED,ARS,24000.0,5040.0,0.0,29040.0
4822,471,807,1,,1111,335,FULFILLED,ARS,35640.0,7484.4,900.0,44024.4
4823,227,1111,2,3,3,125,FULFILLED,ARS,51900.0,10899.0,0.0,62799.0
4824,215,1279,1,,2943,2957,FULFILLED,ARS,40500.0,8505.0,900.0,49905.0
4825,161,728,1,,25,2382,FULFILLED,ARS,58080.0,12196.8,1200.0,71476.8
4826,422,337,1,,2512,2078,FULFILLED,ARS,19440.0,4082.4,900.0,24422.4
4827,639,1302,1,,547,2107,CANCELLED,ARS,39600.0,8316.0,1200.0,49116.0
4828,283,832,2,4,4,,FULFILLED,ARS,21600.0,4536.0,0.0,26136.0
4829,605,226,2,4,4,2050,PAID,ARS,14175.0,2976.75,0.0,17151.75
4830,141,810,2,2,2,2006,PAID,ARS,102300.0,21483.0,0.0,123783.0
4831,402,923,2,1,1,1890,FULFILLED,ARS,15675.0,3291.75,0.0,18966.75
4832,516,816,1,,2971,,FULFILLED,ARS,64440.0,13532.4,900.0,78872.4
4833,78,1205,1,,2275,384,FULFILLED,ARS,91920.0,19303.2,1200.0,112423.2
4834,382,240,1,,845,2099,FULFILLED,ARS,28500.0,5985.0,0.0,34485.0
4835,238,867,1,,1250,2735,FULFILLED,ARS,32928.0,6914.88,1200.0,41042.88
4836,570,60,2,3,3,3100,FULFILLED,ARS,44100.0,9261.0,0.0,53361.0
4837,283,676,1,,1835,2227,PAID,ARS,56448.0,11854.08,1200.0,69502.08
4838,549,1029,2,1,1,1721,FULFILLED,ARS,32400.0,6804.0,0.0,39204.0
4839,30,453,2,3,3,,PAID,ARS,30780.0,6463.8,0.0,37243.8
4840,335,1480,2,1,1,2150,CANCELLED,ARS,71880.0,15094.8,0.0,86974.8
4841,340,865,1,,2193,,FULFILLED,ARS,57540.0,12083.4,1200.0,70823.4
4842,20,922,1,,519,604,PAID,ARS,43170.0,9065.7,900.0,53135.7
4843,91,883,2,4,4,444,FULFILLED,ARS,58800.0,12348.0,0.0,71148.0
4844,455,204,1,,2162,981,FULFILLED,ARS,44550.0,9355.5,0.0,53905.5
4845,87,983,2,3,3,1335,CANCELLED,ARS,42900.0,9009.0,0.0,51909.0
4846,207,34,2,2,2,3148,FULFILLED,ARS,23520.0,4939.2,0.0,28459.2
4847,258,517,2,2,2,195,FULFILLED,ARS,94500.0,19845.0,0.0,114345.0
4848,148,181,2,1,1,605,PAID,ARS,28500.0,5985.0,0.0,34485.0
4849,628,477,2,2,2,1925,FULFILLED,ARS,27000.0,5670.0,0.0,32670.0
4850,590,344,1,,317,2941,FULFILLED,ARS,21600.0,4536.0,1200.0,27336.0
4851,60,206,2,2,2,25,FULFILLED,ARS,13500.0,2835.0,0.0,16335.0
4852,418,861,1,,303,40,FULFILLED,ARS,25080.0,5266.8,0.0,30346.8
4853,288,301,1,,162,3135,PAID,ARS,16500.0,3465.0,1500.0,21465.0
4854,432,1130,2,3,3,295,FULFILLED,ARS,66000.0,13860.0,0.0,79860.0
4855,149,1116,2,4,4,2181,FULFILLED,ARS,27000.0,5670.0,0.0,32670.0
4856,409,81,1,,141,1171,FULFILLED,ARS,33000.0,6930.0,1200.0,41130.0
4857,351,954,2,4,4,3076,FULFILLED,ARS,80280.0,16858.8,0.0,97138.8
4858,412,77,2,2,2,,FULFILLED,ARS,15000.0,3150.0,0.0,18150.0
4859,316,549,2,3,3,1013,FULFILLED,ARS,40500.0,8505.0,0.0,49005.0
4860,227,547,2,3,3,497,FULFILLED,ARS,21600.0,4536.0,0.0,26136.0
4861,311,991,2,3,3,1314,CANCELLED,ARS,43200.0,9072.0,0.0,52272.0
4862,240,605,1,,2392,2707,FULFILLED,ARS,46200.0,9702.0,900.0,56802.0
4863,82,249,2,3,3,,FULFILLED,ARS,26400.0,5544.0,0.0,31944.0
4864,109,547,2,3,3,955,FULFILLED,ARS,35280.0,7408.8,0.0,42688.8
4865,606,1343,2,3,3,,FULFILLED,ARS,78525.0,16490.25,0.0,95015.25
4866,364,1498,1,,860,2851,FULFILLED,ARS,67500.0,14175.0,0.0,81675.0
4867,351,1337,2,4,4,549,FULFILLED,ARS,38475.0,8079.75,0.0,46554.75
4868,208,142,2,4,4,645,CANCELLED,ARS,21600.0,4536.0,0.0,26136.0
4869,128,1390,2,4,4,423,FULFILLED,ARS,23760.0,4989.6,0.0,28749.6
4870,214,1211,1,,1362,2298,REFUNDED,ARS,31350.0,6583.5,1200.0,39133.5
4871,522,1299,2,4,4,,FULFILLED,ARS,24000.0,5040.0,0.0,29040.0
4872,420,1351,2,1,1,685,REFUNDED,ARS,14700.0,3087.0,0.0,17787.0
4873,616,638,1,,2363,1905,FULFILLED,ARS,62490.0,13122.9,1200.0,76812.9
4874,528,50,2,2,2,287,FULFILLED,ARS,27750.0,5827.5,0.0,33577.5
4875,366,314,1,,1102,2033,FULFILLED,ARS,39658.5,8328.28,1200.0,49186.78
4876,29,1398,2,4,4,1091,FULFILLED,ARS,11340.0,2381.4,0.0,13721.4
4877,264,340,1,,3019,,FULFILLED,ARS,47250.0,9922.5,1200.0,58372.5
4878,131,1162,2,3,3,,FULFILLED,ARS,11400.0,2394.0,0.0,13794.0
4879,20,1500,2,4,4,810,FULFILLED,ARS,15750.0,3307.5,0.0,19057.5
4880,234,1240,2,2,2,2858,FULFILLED,ARS,38475.0,8079.75,0.0,46554.75
4881,617,1251,2,3,3,1348,FULFILLED,ARS,40500.0,8505.0,0.0,49005.0
4882,112,1484,1,,1847,2342,FULFILLED,ARS,61608.0,12937.68,1200.0,75745.68
4883,609,395,1,,1973,,FULFILLED,ARS,27300.0,5733.0,900.0,33933.0
4884,365,839,2,4,4,205,REFUNDED,ARS,68904.0,14469.84,0.0,83373.84
4885,590,643,1,,2306,2554,FULFILLED,ARS,58860.0,12360.6,1200.0,72420.6
4886,198,231,1,,3026,1799,FULFILLED,ARS,20520.0,4309.2,1200.0,26029.2
4887,294,69,1,,2406,1971,REFUNDED,ARS,23520.0,4939.2,1500.0,29959.2
4888,303,348,1,,1661,,FULFILLED,ARS,34200.0,7182.0,1200.0,42582.0
4889,279,621,1,,2589,2576,FULFILLED,ARS,35280.0,7408.8,1200.0,43888.8
4890,208,1138,2,1,1,1660,FULFILLED,ARS,42750.0,8977.5,0.0,51727.5
4891,215,1104,1,,1369,2585,FULFILLED,ARS,23520.0,4939.2,1500.0,29959.2
4892,219,302,1,,2801,,FULFILLED,ARS,22800.0,4788.0,1200.0,28788.0
4893,462,334,1,,2221,,FULFILLED,ARS,28500.0,5985.0,1200.0,35685.0
4894,339,660,2,2,2,3039,PAID,ARS,49500.0,10395.0,0.0,59895.0
4895,493,704,2,3,3,2009,PAID,ARS,27300.0,5733.0,0.0,33033.0
4896,389,201,1,,1649,2752,FULFILLED,ARS,29400.0,6174.0,1500.0,37074.0
4897,341,256,2,2,2,632,FULFILLED,ARS,12600.0,2646.0,0.0,15246.0
4898,25,1136,1,,168,1963,FULFILLED,ARS,14250.0,2992.5,1500.0,18742.5
4899,605,1059,1,,102,,PAID,ARS,28500.0,5985.0,0.0,34485.0
4900,596,152,1,,2744,61,FULFILLED,ARS,10800.0,2268.0,900.0,13968.0
4901,469,582,1,,2892,977,FULFILLED,ARS,29160.0,6123.6,900.0,36183.6
4902,396,1138,1,,716,,PAID,ARS,10800.0,2268.0,0.0,13068.0
4903,296,1154,1,,62,838,FULFILLED,ARS,44100.0,9261.0,1500.0,54861.0
4904,224,898,1,,2144,436,FULFILLED,ARS,25200.0,5292.0,0.0,30492.0
4905,231,819,2,2,2,711,PAID,ARS,11880.0,2494.8,0.0,14374.8
4906,21,497,1,,1504,1945,FULFILLED,ARS,26400.0,5544.0,1200.0,33144.0
4907,602,95,1,,3191,1310,CREATED,ARS,59700.0,12537.0,1200.0,73437.0
4908,484,423,2,3,3,2770,FULFILLED,ARS,44887.5,9426.38,0.0,54313.88
4909,71,548,2,1,1,1830,CANCELLED,ARS,34200.0,7182.0,0.0,41382.0
4910,570,234,2,1,1,231,CREATED,ARS,47850.0,10048.5,0.0,57898.5
4911,278,63,1,,1141,1382,FULFILLED,ARS,34560.0,7257.6,900.0,42717.6
4912,192,1226,1,,1523,1888,CANCELLED,ARS,15000.0,3150.0,900.0,19050.0
4913,498,33,2,2,2,693,FULFILLED,ARS,24696.0,5186.16,0.0,29882.16
4914,129,475,1,,1784,1443,FULFILLED,ARS,35880.0,7534.8,1200.0,44614.8
4915,623,1359,2,2,2,2106,FULFILLED,ARS,24696.0,5186.16,0.0,29882.16
4916,405,401,2,2,2,2029,REFUNDED,ARS,23520.0,4939.2,0.0,28459.2
4917,560,1189,1,,1042,,FULFILLED,ARS,32400.0,6804.0,900.0,40104.0
4918,488,824,2,4,4,2417,FULFILLED,ARS,12000.0,2520.0,0.0,14520.0
4919,330,648,1,,889,1499,CANCELLED,ARS,28500.0,5985.0,1200.0,35685.0
4920,569,894,2,4,4,1103,FULFILLED,ARS,24000.0,5040.0,0.0,29040.0
4921,246,1227,1,,829,3057,PAID,ARS,32400.0,6804.0,1200.0,40404.0
4922,287,817,2,2,2,2536,PAID,ARS,71887.5,15096.38,0.0,86983.88
4923,334,1335,2,2,2,2670,CANCELLED,ARS,64248.0,13492.08,0.0,77740.08
4924,536,1224,2,3,3,967,CREATED,ARS,30000.0,6300.0,0.0,36300.0
4925,44,994,1,,2287,2983,FULFILLED,ARS,55500.0,11655.0,1200.0,68355.0
4926,236,1304,2,3,3,491,PAID,ARS,15750.0,3307.5,0.0,19057.5
4927,58,329,2,4,4,794,PAID,ARS,14250.0,2992.5,0.0,17242.5
4928,26,548,1,,393,1310,FULFILLED,ARS,12150.0,2551.5,1200.0,15901.5
4929,99,942,1,,1830,2465,FULFILLED,ARS,35280.0,7408.8,1200.0,43888.8
4930,490,1276,2,2,2,468,FULFILLED,ARS,23520.0,4939.2,0.0,28459.2
4931,614,112,2,3,3,2772,FULFILLED,ARS,14700.0,3087.0,0.0,17787.0
4932,497,1224,1,,2628,1805,REFUNDED,ARS,15000.0,3150.0,1200.0,19350.0
4933,69,1132,1,,1819,98,FULFILLED,ARS,36000.0,7560.0,900.0,44460.0
4934,495,256,2,4,4,1574,FULFILLED,ARS,34020.0,7144.2,0.0,41164.2
4935,240,424,1,,2976,356,PAID,ARS,32400.0,6804.0,1200.0,40404.0
4936,122,554,2,1,1,2945,PAID,ARS,54750.0,11497.5,0.0,66247.5
4937,16,724,2,2,2,488,FULFILLED,ARS,21600.0,4536.0,0.0,26136.0
4938,283,821,1,,2597,800,FULFILLED,ARS,32400.0,6804.0,900.0,40104.0
4939,114,1022,2,2,2,2164,REFUNDED,ARS,11760.0,2469.6,0.0,14229.6
4940,440,200,1,,1750,2697,FULFILLED,ARS,78750.0,16537.5,1200.0,96487.5
4941,594,191,1,,2396,437,REFUNDED,ARS,21600.0,4536.0,1500.0,27636.0
4942,558,1079,2,3,3,2481,CANCELLED,ARS,35100.0,7371.0,0.0,42471.0
4943,256,656,2,1,1,2969,PAID,ARS,38475.0,8079.75,0.0,46554.75
4944,172,400,1,,2373,1840,FULFILLED,ARS,13500.0,2835.0,1200.0,17535.0
4945,416,578,1,,1531,1154,FULFILLED,ARS,25500.0,5355.0,1500.0,32355.0
4946,70,812,2,3,3,1767,FULFILLED,ARS,63420.0,13318.2,0.0,76738.2
4947,442,296,1,,1141,1072,FULFILLED,ARS,23940.0,5027.4,0.0,28967.4
4948,151,762,1,,1951,2098,CANCELLED,ARS,28350.0,5953.5,900.0,35203.5
4949,540,712,2,4,4,2917,FULFILLED,ARS,10800.0,2268.0,0.0,13068.0
4950,127,80,2,1,1,2935,FULFILLED,ARS,80475.0,16899.75,0.0,97374.75
4951,173,362,2,2,2,1712,FULFILLED,ARS,11400.0,2394.0,0.0,13794.0
4952,552,194,2,4,4,2308,FULFILLED,ARS,40500.0,8505.0,0.0,49005.0
4953,469,1028,1,,446,732,FULFILLED,ARS,27000.0,5670.0,900.0,33570.0
4954,177,20,1,,310,470,FULFILLED,ARS,69750.0,14647.5,900.0,85297.5
4955,299,16,1,,3076,1007,REFUNDED,ARS,25872.0,5433.12,1500.0,32805.12
4956,503,1453,1,,2022,2101,FULFILLED,ARS,27000.0,5670.0,1200.0,33870.0
4957,116,1465,1,,1828,2319,CANCELLED,ARS,56722.5,11911.72,900.0,69534.22
4958,47,147,1,,505,,FULFILLED,ARS,28500.0,5985.0,900.0,35385.0
4959,448,144,2,2,2,2979,FULFILLED,ARS,67446.0,14163.66,0.0,81609.66
4960,338,1425,1,,2180,1853,CREATED,ARS,45030.0,9456.3,900.0,55386.3
4961,236,665,2,4,4,1400,FULFILLED,ARS,22800.0,4788.0,0.0,27588.0
4962,14,130,1,,1897,175,PAID,ARS,37044.0,7779.24,1200.0,46023.24
4963,252,371,1,,3185,1997,FULFILLED,ARS,12348.0,2593.08,900.0,15841.08
4964,500,343,2,2,2,2572,FULFILLED,ARS,27000.0,5670.0,0.0,32670.0
4965,495,1281,2,4,4,1740,FULFILLED,ARS,10800.0,2268.0,0.0,13068.0
4966,207,1304,1,,1806,561,CANCELLED,ARS,23520.0,4939.2,900.0,29359.2
4967,390,766,1,,2103,1045,FULFILLED,ARS,40200.0,8442.0,900.0,49542.0
4968,312,845,1,,1253,253,FULFILLED,ARS,60435.0,12691.35,900.0,74026.35
4969,121,35,2,3,3,2322,CREATED,ARS,23520.0,4939.2,0.0,28459.2
4970,455,47,2,3,3,350,FULFILLED,ARS,10260.0,2154.6,0.0,12414.6
4971,575,590,1,,2702,2086,CREATED,ARS,10800.0,2268.0,1200.0,14268.0
4972,296,28,1,,3141,1481,FULFILLED,ARS,13500.0,2835.0,1200.0,17535.0
4973,493,695,2,1,1,1601,FULFILLED,ARS,47400.0,9954.0,0.0,57354.0
4974,425,1013,1,,828,1803,FULFILLED,ARS,61320.0,12877.2,1500.0,75697.2
4975,575,159,2,2,2,,FULFILLED,ARS,80280.0,16858.8,0.0,97138.8
4976,459,589,1,,2995,2336,FULFILLED,ARS,26970.0,5663.7,1200.0,33833.7
4977,631,833,1,,196,2062,PAID,ARS,68400.0,14364.0,1500.0,84264.0
4978,263,211,1,,332,2553,FULFILLED,ARS,29250.0,6142.5,1500.0,36892.5
4979,295,208,2,3,3,,FULFILLED,ARS,31500.0,6615.0,0.0,38115.0
4980,509,1025,2,4,4,810,PAID,ARS,12150.0,2551.5,0.0,14701.5
4981,45,928,1,,3020,,FULFILLED,ARS,30000.0,6300.0,1200.0,37500.0
4982,447,852,1,,2052,626,FULFILLED,ARS,39150.0,8221.5,1200.0,48571.5
4983,46,687,2,1,1,155,FULFILLED,ARS,97980.0,20575.8,0.0,118555.8
4984,577,638,2,4,4,878,CREATED,ARS,15750.0,3307.5,0.0,19057.5
4985,336,1094,1,,2803,2774,PAID,ARS,21600.0,4536.0,0.0,26136.0
4986,147,68,1,,1406,512,FULFILLED,ARS,90780.0,19063.8,1200.0,111043.8
4987,198,1269,1,,801,1560,FULFILLED,ARS,79740.0,16745.4,0.0,96485.4
4988,45,142,1,,896,502,FULFILLED,ARS,26460.0,5556.6,900.0,32916.6
4989,312,1205,1,,2434,1012,FULFILLED,ARS,38520.0,8089.2,0.0,46609.2
4990,34,460,1,,2169,452,CANCELLED,ARS,80250.0,16852.5,900.0,98002.5
4991,474,859,2,3,3,2726,FULFILLED,ARS,10800.0,2268.0,0.0,13068.0
4992,153,1144,2,2,2,,FULFILLED,ARS,21168.0,4445.28,0.0,25613.28
4993,212,145,2,1,1,2562,CREATED,ARS,32400.0,6804.0,0.0,39204.0
4994,114,1204,2,4,4,,FULFILLED,ARS,14250.0,2992.5,0.0,17242.5
4995,503,896,1,,618,1462,FULFILLED,ARS,49230.0,10338.3,0.0,59568.3
4996,291,1144,1,,193,,FULFILLED,ARS,10800.0,2268.0,1200.0,14268.0
4997,551,1007,2,4,4,1997,FULFILLED,ARS,34200.0,7182.0,0.0,41382.0
4998,526,964,1,,574,,FULFILLED,ARS,24000.0,5040.0,1200.0,30240.0
4999,132,496,1,,27,58,FULFILLED,ARS,29400.0,6174.0,0.0,35574.0
5000,297,483,2,4,4,1840,FULFILLED,ARS,44700.0,9387.0,0.0,54087.0
5001,209,418,1,,2347,1604,FULFILLED,ARS,45000.0,9450.0,900.0,55350.0
5002,564,18,1,,2621,1247,FULFILLED,ARS,42000.0,8820.0,900.0,51720.0
5003,64,1104,1,,271,1166,CREATED,ARS,64440.0,13532.4,900.0,78872.4
5004,401,706,1,,1452,953,FULFILLED,ARS,10584.0,2222.64,1500.0,14306.64
5005,568,460,1,,692,2107,FULFILLED,ARS,91860.0,19290.6,900.0,112050.6
5006,11,1424,1,,2509,180,FULFILLED,ARS,14700.0,3087.0,1200.0,18987.0
5007,73,519,1,,313,3104,FULFILLED,ARS,23400.0,4914.0,1500.0,29814.0
5008,383,57,2,3,3,360,FULFILLED,ARS,77400.0,16254.0,0.0,93654.0
5009,206,1013,1,,1957,,FULFILLED,ARS,31752.0,6667.92,900.0,39319.92
5010,404,497,1,,341,2318,FULFILLED,ARS,44100.0,9261.0,900.0,54261.0
5011,364,724,1,,754,510,FULFILLED,ARS,15000.0,3150.0,1500.0,19650.0
5012,126,1211,2,4,4,539,PAID,ARS,27000.0,5670.0,0.0,32670.0
5013,269,978,1,,3171,1500,FULFILLED,ARS,36000.0,7560.0,1200.0,44760.0
5014,260,67,2,4,4,2862,FULFILLED,ARS,30000.0,6300.0,0.0,36300.0
5015,406,694,2,4,4,1521,REFUNDED,ARS,35520.0,7459.2,0.0,42979.2
5016,356,4,1,,2115,2620,FULFILLED,ARS,34200.0,7182.0,900.0,42282.0
5017,407,434,1,,2109,1181,PAID,ARS,24000.0,5040.0,900.0,29940.0
5018,401,385,1,,2009,138,FULFILLED,ARS,11760.0,2469.6,0.0,14229.6
5019,270,539,2,1,1,1172,FULFILLED,ARS,19440.0,4082.4,0.0,23522.4
5020,147,306,1,,1234,292,CANCELLED,ARS,74520.0,15649.2,1200.0,91369.2
5021,356,441,1,,2238,564,PAID,ARS,31920.0,6703.2,900.0,39523.2
5022,359,1090,1,,806,1558,FULFILLED,ARS,68190.0,14319.9,1200.0,83709.9
5023,462,1405,1,,167,,REFUNDED,ARS,14700.0,3087.0,1500.0,19287.0
5024,32,712,1,,397,2093,FULFILLED,ARS,28140.0,5909.4,1200.0,35249.4
5025,141,66,1,,3182,1270,CANCELLED,ARS,12600.0,2646.0,900.0,16146.0
5026,293,788,2,2,2,2208,FULFILLED,ARS,24000.0,5040.0,0.0,29040.0
5027,163,355,2,3,3,2090,REFUNDED,ARS,37620.0,7900.2,0.0,45520.2
5028,618,913,1,,64,1683,REFUNDED,ARS,15435.0,3241.35,1200.0,19876.35
5029,439,902,1,,240,641,FULFILLED,ARS,11760.0,2469.6,1500.0,15729.6
5030,207,1123,2,2,2,2847,FULFILLED,ARS,10260.0,2154.6,0.0,12414.6
5031,169,776,2,1,1,,CANCELLED,ARS,102900.0,21609.0,0.0,124509.0
5032,175,811,1,,1324,2628,FULFILLED,ARS,23400.0,4914.0,900.0,29214.0
5033,608,1342,1,,2602,968,FULFILLED,ARS,37800.0,7938.0,900.0,46638.0
5034,225,544,1,,468,252,FULFILLED,ARS,31350.0,6583.5,1200.0,39133.5
5035,528,277,1,,965,1915,FULFILLED,ARS,10800.0,2268.0,1200.0,14268.0
5036,328,922,2,3,3,2466,FULFILLED,ARS,21600.0,4536.0,0.0,26136.0
5037,389,1327,1,,3097,1838,FULFILLED,ARS,21600.0,4536.0,1500.0,27636.0
5038,9,147,2,4,4,2529,FULFILLED,ARS,11760.0,2469.6,0.0,14229.6
5039,292,761,2,2,2,1593,FULFILLED,ARS,31752.0,6667.92,0.0,38419.92
5040,472,1368,1,,2882,2892,FULFILLED,ARS,44625.0,9371.25,1200.0,55196.25
5041,232,661,1,,1672,2367,FULFILLED,ARS,32400.0,6804.0,0.0,39204.0
5042,586,1348,2,3,3,2325,FULFILLED,ARS,70875.0,14883.75,0.0,85758.75
5043,113,241,1,,1893,3187,FULFILLED,ARS,15000.0,3150.0,900.0,19050.0
5044,65,273,1,,1362,2638,FULFILLED,ARS,45225.0,9497.25,0.0,54722.25
5045,250,156,2,2,2,106,FULFILLED,ARS,11760.0,2469.6,0.0,14229.6
5046,164,1492,1,,1609,158,PAID,ARS,61500.0,12915.0,1200.0,75615.0
5047,198,1123,2,1,1,336,FULFILLED,ARS,15000.0,3150.0,0.0,18150.0
5048,358,773,2,3,3,,FULFILLED,ARS,44100.0,9261.0,0.0,53361.0
5049,36,79,2,3,3,1595,CANCELLED,ARS,52020.0,10924.2,0.0,62944.2
5050,180,262,1,,1945,189,FULFILLED,ARS,22800.0,4788.0,1200.0,28788.0
5051,346,1040,2,2,2,,REFUNDED,ARS,88500.0,18585.0,0.0,107085.0
5052,629,1250,2,3,3,3138,FULFILLED,ARS,27000.0,5670.0,0.0,32670.0
5053,533,717,1,,3157,2535,PAID,ARS,50490.0,10602.9,1200.0,62292.9
5054,265,173,1,,2965,2343,PAID,ARS,23520.0,4939.2,900.0,29359.2
5055,391,1011,1,,1774,156,FULFILLED,ARS,34800.0,7308.0,900.0,43008.0
5056,469,276,1,,991,1329,REFUNDED,ARS,44887.5,9426.38,1200.0,55513.88
5057,65,803,1,,1438,3169,FULFILLED,ARS,67500.0,14175.0,1200.0,82875.0
5058,285,177,2,4,4,2083,PAID,ARS,10800.0,2268.0,0.0,13068.0
5059,118,1042,1,,2264,892,FULFILLED,ARS,32400.0,6804.0,0.0,39204.0
5060,579,809,1,,1667,,PAID,ARS,12150.0,2551.5,1200.0,15901.5
5061,133,257,2,3,3,987,CANCELLED,ARS,47844.0,10047.24,0.0,57891.24
5062,49,649,2,2,2,37,FULFILLED,ARS,11760.0,2469.6,0.0,14229.6
5063,466,964,2,3,3,2724,PAID,ARS,30870.0,6482.7,0.0,37352.7
5064,168,1349,2,2,2,234,FULFILLED,ARS,44100.0,9261.0,0.0,53361.0
5065,486,1418,1,,309,1423,FULFILLED,ARS,12540.0,2633.4,1200.0,16373.4
5066,429,1396,2,3,3,1230,REFUNDED,ARS,34020.0,7144.2,0.0,41164.2
5067,550,152,2,3,3,3071,FULFILLED,ARS,12540.0,2633.4,0.0,15173.4
5068,550,577,2,1,1,1521,CANCELLED,ARS,62400.0,13104.0,0.0,75504.0
5069,433,112,1,,1934,2032,FULFILLED,ARS,30000.0,6300.0,1200.0,37500.0
5070,523,1216,1,,243,,FULFILLED,ARS,34200.0,7182.0,900.0,42282.0
5071,519,473,2,2,2,68,CANCELLED,ARS,45000.0,9450.0,0.0,54450.0
5072,496,343,1,,2027,,FULFILLED,ARS,85050.0,17860.5,900.0,103810.5
5073,596,821,1,,2262,1489,PAID,ARS,12936.0,2716.56,1200.0,16852.56
5074,161,108,1,,1692,44,FULFILLED,ARS,26250.0,5512.5,1500.0,33262.5
5075,599,687,1,,767,2883,CANCELLED,ARS,57600.0,12096.0,900.0,70596.0
5076,604,520,1,,122,1052,PAID,ARS,11760.0,2469.6,1500.0,15729.6
5077,331,1426,2,2,2,1412,FULFILLED,ARS,11760.0,2469.6,0.0,14229.6
5078,77,1008,1,,862,3103,FULFILLED,ARS,39540.0,8303.4,1200.0,49043.4
5079,167,1449,2,1,1,2791,FULFILLED,ARS,35400.0,7434.0,0.0,42834.0
5080,476,109,1,,915,762,FULFILLED,ARS,25080.0,5266.8,900.0,31246.8
5081,553,23,1,,204,2296,CANCELLED,ARS,44100.0,9261.0,0.0,53361.0
5082,203,820,1,,2864,2389,FULFILLED,ARS,48846.0,10257.66,900.0,60003.66
5083,241,824,1,,2165,325,PAID,ARS,40500.0,8505.0,900.0,49905.0
5084,148,641,2,1,1,1716,FULFILLED,ARS,27435.0,5761.35,0.0,33196.35
5085,506,1206,1,,1357,819,FULFILLED,ARS,21600.0,4536.0,1200.0,27336.0
5086,37,446,2,2,2,951,PAID,ARS,23520.0,4939.2,0.0,28459.2
5087,133,497,2,2,2,625,FULFILLED,ARS,44100.0,9261.0,0.0,53361.0
5088,25,882,2,3,3,1338,FULFILLED,ARS,78240.0,16430.4,0.0,94670.4
5089,44,1477,1,,1890,2879,FULFILLED,ARS,30000.0,6300.0,1500.0,37800.0
5090,414,1129,2,1,1,2426,PAID,ARS,34200.0,7182.0,0.0,41382.0
5091,49,144,2,1,1,1452,PAID,ARS,28500.0,5985.0,0.0,34485.0
5092,417,6,2,2,2,1693,FULFILLED,ARS,33000.0,6930.0,0.0,39930.0
5093,400,107,2,1,1,2036,PAID,ARS,22800.0,4788.0,0.0,27588.0
5094,631,1033,1,,44,2846,FULFILLED,ARS,35280.0,7408.8,900.0,43588.8
5095,594,297,1,,2112,1798,REFUNDED,ARS,10584.0,2222.64,0.0,12806.64
5096,546,529,1,,337,1830,FULFILLED,ARS,26460.0,5556.6,900.0,32916.6
5097,332,1371,2,3,3,2847,FULFILLED,ARS,11400.0,2394.0,0.0,13794.0
5098,38,219,2,2,2,825,FULFILLED,ARS,12000.0,2520.0,0.0,14520.0
5099,557,405,1,,2248,1904,FULFILLED,ARS,11760.0,2469.6,1500.0,15729.6
5100,385,954,1,,1117,,FULFILLED,ARS,31752.0,6667.92,1200.0,39619.92
5101,312,963,1,,2851,2808,FULFILLED,ARS,76170.0,15995.7,900.0,93065.7
5102,500,1171,1,,1957,2853,REFUNDED,ARS,43740.0,9185.4,900.0,53825.4
5103,122,413,2,3,3,,FULFILLED,ARS,15000.0,3150.0,0.0,18150.0
5104,377,1137,2,1,1,2927,PAID,ARS,10800.0,2268.0,0.0,13068.0
5105,603,884,2,4,4,2342,FULFILLED,ARS,24000.0,5040.0,0.0,29040.0
5106,272,1285,2,1,1,3105,FULFILLED,ARS,85500.0,17955.0,0.0,103455.0
5107,551,983,2,2,2,2696,PAID,ARS,21600.0,4536.0,0.0,26136.0
5108,9,247,2,4,4,,FULFILLED,ARS,32400.0,6804.0,0.0,39204.0
5109,476,1081,2,4,4,749,FULFILLED,ARS,23520.0,4939.2,0.0,28459.2
5110,289,253,1,,1920,1575,PAID,ARS,32400.0,6804.0,900.0,40104.0
5111,311,1473,1,,1962,1091,FULFILLED,ARS,77430.0,16260.3,900.0,94590.3
5112,111,329,1,,2750,,FULFILLED,ARS,12540.0,2633.4,1200.0,16373.4
5113,413,671,1,,2549,1429,PAID,ARS,61740.0,12965.4,900.0,75605.4
5114,248,282,1,,1362,855,FULFILLED,ARS,40500.0,8505.0,1200.0,50205.0
5115,277,583,2,3,3,3115,FULFILLED,ARS,35280.0,7408.8,0.0,42688.8
5116,106,1052,2,3,3,2034,REFUNDED,ARS,27000.0,5670.0,0.0,32670.0
5117,437,552,1,,2366,2745,REFUNDED,ARS,35910.0,7541.1,900.0,44351.1
5118,352,503,2,4,4,1297,FULFILLED,ARS,40500.0,8505.0,0.0,49005.0
5119,371,46,2,4,4,2313,PAID,ARS,38946.0,8178.66,0.0,47124.66
5120,2,594,1,,793,3037,FULFILLED,ARS,57900.0,12159.0,900.0,70959.0
5121,4,719,1,,2383,1302,FULFILLED,ARS,32340.0,6791.4,1200.0,40331.4
5122,319,1084,1,,2813,2695,CANCELLED,ARS,13500.0,2835.0,1500.0,17835.0
5123,400,12,2,4,4,1840,FULFILLED,ARS,37275.0,7827.75,0.0,45102.75
5124,539,1479,2,4,4,625,FULFILLED,ARS,34200.0,7182.0,0.0,41382.0
5125,498,122,1,,3126,690,FULFILLED,ARS,25650.0,5386.5,900.0,31936.5
5126,586,598,1,,564,1812,FULFILLED,ARS,21600.0,4536.0,1500.0,27636.0
5127,410,1156,1,,806,3014,FULFILLED,ARS,70200.0,14742.0,1200.0,86142.0
5128,80,1035,2,2,2,,PAID,ARS,44100.0,9261.0,0.0,53361.0
5129,285,811,2,3,3,752,FULFILLED,ARS,14250.0,2992.5,0.0,17242.5
5130,341,69,1,,2031,597,FULFILLED,ARS,69060.0,14502.6,900.0,84462.6
5131,206,1496,2,1,1,946,REFUNDED,ARS,36000.0,7560.0,0.0,43560.0
5132,41,605,1,,2952,2259,FULFILLED,ARS,28350.0,5953.5,1200.0,35503.5
5133,300,1378,2,4,4,2349,FULFILLED,ARS,23520.0,4939.2,0.0,28459.2
5134,409,606,1,,2708,634,FULFILLED,ARS,39690.0,8334.9,900.0,48924.9
5135,61,59,1,,726,1616,PAID,ARS,15000.0,3150.0,1200.0,19350.0
5136,533,421,1,,3189,705,PAID,ARS,42750.0,8977.5,1200.0,52927.5
5137,228,1334,2,1,1,495,FULFILLED,ARS,10800.0,2268.0,0.0,13068.0
5138,317,983,1,,2906,2988,FULFILLED,ARS,35280.0,7408.8,1200.0,43888.8
5139,59,676,1,,210,350,CANCELLED,ARS,28500.0,5985.0,1500.0,35985.0
5140,453,1394,2,3,3,3090,FULFILLED,ARS,34200.0,7182.0,0.0,41382.0
5141,326,953,1,,1018,,REFUNDED,ARS,42525.0,8930.25,0.0,51455.25
5142,367,401,2,2,2,,FULFILLED,ARS,45000.0,9450.0,0.0,54450.0
5143,9,1367,1,,605,2522,FULFILLED,ARS,36000.0,7560.0,900.0,44460.0
5144,393,662,1,,333,675,FULFILLED,ARS,70110.0,14723.1,900.0,85733.1
5145,283,684,2,3,3,90,FULFILLED,ARS,38010.0,7982.1,0.0,45992.1
5146,239,914,2,4,4,1524,REFUNDED,ARS,14700.0,3087.0,0.0,17787.0
5147,426,235,2,3,3,,FULFILLED,ARS,12600.0,2646.0,0.0,15246.0
5148,514,223,2,2,2,1109,CANCELLED,ARS,70500.0,14805.0,0.0,85305.0
5149,515,38,1,,386,,FULFILLED,ARS,24300.0,5103.0,0.0,29403.0
5150,102,482,1,,10,,PAID,ARS,21168.0,4445.28,900.0,26513.28
5151,526,1352,1,,3152,916,FULFILLED,ARS,43752.0,9187.92,1200.0,54139.92
5152,40,385,2,1,1,155,FULFILLED,ARS,25080.0,5266.8,0.0,30346.8
5153,77,126,1,,1582,2527,PAID,ARS,13500.0,2835.0,0.0,16335.0
5154,82,635,1,,2598,2050,REFUNDED,ARS,30000.0,6300.0,900.0,37200.0
5155,78,709,1,,1730,2494,PAID,ARS,40500.0,8505.0,1200.0,50205.0
5156,88,1469,2,4,4,101,FULFILLED,ARS,22800.0,4788.0,0.0,27588.0
5157,437,752,1,,2598,529,PAID,ARS,10800.0,2268.0,900.0,13968.0
5158,482,1366,2,2,2,1357,FULFILLED,ARS,54558.0,11457.18,0.0,66015.18
5159,337,474,2,1,1,125,PAID,ARS,11400.0,2394.0,0.0,13794.0
5160,579,136,1,,2539,1248,FULFILLED,ARS,38475.0,8079.75,900.0,47454.75
5161,208,930,1,,2377,600,FULFILLED,ARS,48540.0,10193.4,1200.0,59933.4
5162,288,150,1,,2773,1730,FULFILLED,ARS,21600.0,4536.0,900.0,27036.0
5163,488,836,1,,1046,2935,FULFILLED,ARS,57900.0,12159.0,900.0,70959.0
5164,556,779,1,,931,1402,FULFILLED,ARS,42750.0,8977.5,900.0,52627.5
5165,167,127,1,,2995,3077,FULFILLED,ARS,49500.0,10395.0,900.0,60795.0
5166,336,1409,1,,810,2804,PAID,ARS,14700.0,3087.0,1500.0,19287.0
5167,238,1475,2,1,1,,FULFILLED,ARS,90000.0,18900.0,0.0,108900.0
5168,352,222,2,3,3,2038,FULFILLED,ARS,35280.0,7408.8,0.0,42688.8
5169,369,1396,1,,581,1465,PAID,ARS,11760.0,2469.6,0.0,14229.6
5170,314,1132,2,3,3,2865,PAID,ARS,44688.0,9384.48,0.0,54072.48
5171,544,1301,2,2,2,,FULFILLED,ARS,37770.0,7931.7,0.0,45701.7
5172,305,42,2,4,4,1333,FULFILLED,ARS,32400.0,6804.0,0.0,39204.0
5173,491,900,1,,318,927,PAID,ARS,42750.0,8977.5,0.0,51727.5
5174,43,890,1,,655,489,FULFILLED,ARS,23520.0,4939.2,1500.0,29959.2
5175,72,303,2,4,4,2891,PAID,ARS,12000.0,2520.0,0.0,14520.0
5176,145,754,2,2,2,724,PAID,ARS,44100.0,9261.0,0.0,53361.0
5177,469,1023,2,4,4,1893,FULFILLED,ARS,25650.0,5386.5,0.0,31036.5
5178,462,163,2,2,2,2129,FULFILLED,ARS,38808.0,8149.68,0.0,46957.68
5179,37,682,2,3,3,2754,FULFILLED,ARS,39690.0,8334.9,0.0,48024.9
5180,478,680,1,,192,1231,FULFILLED,ARS,21600.0,4536.0,1500.0,27636.0
5181,94,1340,1,,2882,1984,FULFILLED,ARS,47250.0,9922.5,0.0,57172.5
5182,204,412,1,,1453,1356,FULFILLED,ARS,44100.0,9261.0,900.0,54261.0
5183,205,384,1,,652,567,FULFILLED,ARS,49500.0,10395.0,900.0,60795.0
5184,412,949,1,,2922,,CANCELLED,ARS,40500.0,8505.0,900.0,49905.0
5185,108,630,2,3,3,1210,FULFILLED,ARS,37800.0,7938.0,0.0,45738.0
5186,228,1480,2,3,3,2857,FULFILLED,ARS,40500.0,8505.0,0.0,49005.0
5187,47,493,1,,432,2306,FULFILLED,ARS,9720.0,2041.2,900.0,12661.2
5188,302,337,2,1,1,36,FULFILLED,ARS,28500.0,5985.0,0.0,34485.0
5189,153,1364,1,,139,740,CANCELLED,ARS,24000.0,5040.0,1200.0,30240.0
5190,385,357,1,,2931,456,FULFILLED,ARS,32400.0,6804.0,900.0,40104.0
5191,511,532,2,2,2,202,FULFILLED,ARS,12348.0,2593.08,0.0,14941.08
5192,608,781,2,3,3,11,FULFILLED,ARS,38220.0,8026.2,0.0,46246.2
5193,375,659,1,,381,1615,FULFILLED,ARS,23520.0,4939.2,1200.0,29659.2
5194,66,382,2,2,2,2010,PAID,ARS,45000.0,9450.0,0.0,54450.0
5195,241,1048,2,4,4,,FULFILLED,ARS,27000.0,5670.0,0.0,32670.0
5196,304,855,1,,5,,FULFILLED,ARS,45000.0,9450.0,1500.0,55950.0
5197,550,1413,2,1,1,1014,FULFILLED,ARS,12000.0,2520.0,0.0,14520.0
5198,435,1304,2,3,3,806,FULFILLED,ARS,42750.0,8977.5,0.0,51727.5
5199,533,1015,2,4,4,2363,PAID,ARS,21600.0,4536.0,0.0,26136.0
5200,394,796,2,1,1,1466,FULFILLED,ARS,21600.0,4536.0,0.0,26136.0
5201,39,877,2,2,2,241,REFUNDED,ARS,24000.0,5040.0,0.0,29040.0
5202,349,658,1,,2710,3191,CANCELLED,ARS,29400.0,6174.0,1200.0,36774.0
5203,239,451,2,2,2,182,PAID,ARS,39300.0,8253.0,0.0,47553.0
5204,636,1007,1,,1983,2209,FULFILLED,ARS,37800.0,7938.0,1200.0,46938.0
5205,74,1071,2,2,2,1100,FULFILLED,ARS,25200.0,5292.0,0.0,30492.0
5206,264,326,2,3,3,809,PAID,ARS,35280.0,7408.8,0.0,42688.8
5207,589,1329,1,,2018,102,FULFILLED,ARS,11760.0,2469.6,1200.0,15429.6
5208,271,403,1,,1570,2210,FULFILLED,ARS,13200.0,2772.0,1200.0,17172.0
5209,295,138,2,1,1,797,FULFILLED,ARS,26400.0,5544.0,0.0,31944.0
5210,140,821,1,,3078,930,FULFILLED,ARS,13500.0,2835.0,900.0,17235.0
5211,531,607,1,,382,88,FULFILLED,ARS,44100.0,9261.0,900.0,54261.0
5212,509,1210,2,2,2,1837,FULFILLED,ARS,32400.0,6804.0,0.0,39204.0
5213,259,211,2,4,4,109,FULFILLED,ARS,34020.0,7144.2,0.0,41164.2
5214,155,1217,2,1,1,,FULFILLED,ARS,35280.0,7408.8,0.0,42688.8
5215,244,630,2,1,1,3033,FULFILLED,ARS,23520.0,4939.2,0.0,28459.2
5216,59,1127,1,,3146,69,FULFILLED,ARS,52380.0,10999.8,1200.0,64579.8
5217,176,1339,1,,2205,1399,FULFILLED,ARS,15000.0,3150.0,900.0,19050.0
5218,580,1296,1,,1825,3192,FULFILLED,ARS,28500.0,5985.0,0.0,34485.0
5219,188,408,2,3,3,,PAID,ARS,39690.0,8334.9,0.0,48024.9
5220,599,1056,1,,1965,1584,PAID,ARS,15435.0,3241.35,0.0,18676.35
5221,81,349,1,,1405,2285,FULFILLED,ARS,29700.0,6237.0,0.0,35937.0
5222,170,151,2,2,2,2595,PAID,ARS,12000.0,2520.0,0.0,14520.0
5223,282,1261,1,,3081,3144,FULFILLED,ARS,21168.0,4445.28,900.0,26513.28
5224,258,676,1,,2811,,PAID,ARS,29400.0,6174.0,900.0,36474.0
5225,185,77,1,,1288,2126,FULFILLED,ARS,32400.0,6804.0,1500.0,40704.0
5226,613,1171,1,,3040,,CANCELLED,ARS,54630.0,11472.3,1200.0,67302.3
5227,593,1339,1,,2448,2045,FULFILLED,ARS,29400.0,6174.0,1200.0,36774.0
5228,222,711,2,2,2,2608,CANCELLED,ARS,14850.0,3118.5,0.0,17968.5
5229,534,1140,2,2,2,669,FULFILLED,ARS,29400.0,6174.0,0.0,35574.0
5230,123,1176,1,,1407,1305,FULFILLED,ARS,29400.0,6174.0,900.0,36474.0
5231,616,265,1,,1103,639,FULFILLED,ARS,32400.0,6804.0,1200.0,40404.0
5232,421,711,2,3,3,2256,FULFILLED,ARS,25872.0,5433.12,0.0,31305.12
5233,463,490,1,,2162,1805,FULFILLED,ARS,23220.0,4876.2,900.0,28996.2
5234,496,837,1,,2149,,PAID,ARS,35640.0,7484.4,1500.0,44624.4
5235,600,180,1,,1919,2414,FULFILLED,ARS,44835.0,9415.35,1200.0,55450.35
5236,625,452,2,2,2,1615,PAID,ARS,21600.0,4536.0,0.0,26136.0
5237,474,644,1,,1995,801,PAID,ARS,27000.0,5670.0,0.0,32670.0
5238,506,1276,2,4,4,1685,FULFILLED,ARS,35280.0,7408.8,0.0,42688.8
5239,512,370,1,,572,2655,FULFILLED,ARS,11760.0,2469.6,1200.0,15429.6
5240,305,455,1,,3185,1100,FULFILLED,ARS,40500.0,8505.0,0.0,49005.0
5241,48,275,1,,992,837,FULFILLED,ARS,11970.0,2513.7,1500.0,15983.7
5242,593,1420,2,1,1,1290,FULFILLED,ARS,59910.0,12581.1,0.0,72491.1
5243,71,808,1,,84,2067,REFUNDED,ARS,28200.0,5922.0,1500.0,35622.0
5244,383,535,1,,2985,1363,FULFILLED,ARS,51000.0,10710.0,1500.0,63210.0
5245,174,179,1,,2491,2516,CANCELLED,ARS,44100.0,9261.0,0.0,53361.0
5246,603,267,2,2,2,74,FULFILLED,ARS,32400.0,6804.0,0.0,39204.0
5247,62,1382,1,,1541,2800,PAID,ARS,89437.5,18781.88,1200.0,109419.38
5248,587,934,2,4,4,2357,PAID,ARS,49608.0,10417.68,0.0,60025.68
5249,493,1217,1,,2419,586,FULFILLED,ARS,29400.0,6174.0,1200.0,36774.0
5250,632,209,1,,731,76,CANCELLED,ARS,40500.0,8505.0,1500.0,50505.0
5251,530,1317,2,3,3,55,FULFILLED,ARS,14700.0,3087.0,0.0,17787.0
5252,621,873,2,1,1,120,CANCELLED,ARS,93600.0,19656.0,0.0,113256.0
5253,597,133,2,4,4,1001,FULFILLED,ARS,28500.0,5985.0,0.0,34485.0
5254,317,220,2,3,3,,FULFILLED,ARS,25200.0,5292.0,0.0,30492.0
5255,273,848,1,,891,,FULFILLED,ARS,11760.0,2469.6,1200.0,15429.6
5256,456,1090,1,,1152,,FULFILLED,ARS,23520.0,4939.2,900.0,29359.2
5257,448,494,1,,2378,867,FULFILLED,ARS,23520.0,4939.2,0.0,28459.2
5258,237,991,2,3,3,2832,FULFILLED,ARS,12600.0,2646.0,0.0,15246.0
5259,584,32,2,2,2,1082,FULFILLED,ARS,40500.0,8505.0,0.0,49005.0
5260,116,840,2,3,3,3098,FULFILLED,ARS,23520.0,4939.2,0.0,28459.2
5261,130,829,2,3,3,2276,FULFILLED,ARS,28500.0,5985.0,0.0,34485.0
5262,617,685,1,,582,709,REFUNDED,ARS,39690.0,8334.9,900.0,48924.9
5263,153,1303,1,,3072,638,CANCELLED,ARS,45000.0,9450.0,1200.0,55650.0
5264,163,514,1,,2758,,CREATED,ARS,51000.0,10710.0,1200.0,62910.0
5265,638,131,2,2,2,1616,FULFILLED,ARS,12936.0,2716.56,0.0,15652.56
5266,584,680,1,,2488,2007,FULFILLED,ARS,31752.0,6667.92,1200.0,39619.92
5267,132,165,1,,2843,1585,FULFILLED,ARS,30870.0,6482.7,1200.0,38552.7
5268,187,1409,2,2,2,769,PAID,ARS,45000.0,9450.0,0.0,54450.0
5269,430,548,2,2,2,,PAID,ARS,15000.0,3150.0,0.0,18150.0
5270,197,941,1,,1068,125,FULFILLED,ARS,70425.0,14789.25,900.0,86114.25
5271,23,456,2,3,3,1706,PAID,ARS,10800.0,2268.0,0.0,13068.0
5272,70,675,1,,1670,30,REFUNDED,ARS,30000.0,6300.0,900.0,37200.0
5273,405,303,1,,2006,1481,FULFILLED,ARS,42750.0,8977.5,900.0,52627.5
5274,342,1371,2,4,4,438,FULFILLED,ARS,34200.0,7182.0,0.0,41382.0
5275,278,225,2,3,3,340,FULFILLED,ARS,29925.0,6284.25,0.0,36209.25
5276,179,741,1,,1079,1005,PAID,ARS,14700.0,3087.0,1200.0,18987.0
5277,220,507,2,4,4,3049,REFUNDED,ARS,42750.0,8977.5,0.0,51727.5
5278,354,381,1,,2990,,CANCELLED,ARS,21600.0,4536.0,900.0,27036.0
5279,380,166,2,4,4,2355,FULFILLED,ARS,35850.0,7528.5,0.0,43378.5
5280,186,1440,2,3,3,2028,PAID,ARS,29400.0,6174.0,0.0,35574.0
5281,79,1400,1,,460,3175,CANCELLED,ARS,25650.0,5386.5,1200.0,32236.5
5282,593,627,1,,2871,2026,FULFILLED,ARS,44100.0,9261.0,900.0,54261.0
5283,119,638,1,,2723,350,PAID,ARS,36000.0,7560.0,900.0,44460.0
5284,21,703,2,1,1,1654,FULFILLED,ARS,13200.0,2772.0,0.0,15972.0
5285,418,1315,2,1,1,,REFUNDED,ARS,64800.0,13608.0,0.0,78408.0
5286,466,540,1,,611,3158,FULFILLED,ARS,34800.0,7308.0,900.0,43008.0
5287,484,352,1,,1275,1514,PAID,ARS,30000.0,6300.0,1200.0,37500.0
5288,259,565,1,,540,2763,FULFILLED,ARS,45000.0,9450.0,1200.0,55650.0
5289,356,549,1,,2008,848,FULFILLED,ARS,14175.0,2976.75,0.0,17151.75
5290,198,1273,1,,1790,2756,FULFILLED,ARS,79080.0,16606.8,1200.0,96886.8
5291,180,713,1,,42,2666,FULFILLED,ARS,21600.0,4536.0,1500.0,27636.0
5292,590,1439,1,,873,545,FULFILLED,ARS,53325.0,11198.25,1200.0,65723.25
5293,238,1070,1,,2775,3194,FULFILLED,ARS,22800.0,4788.0,900.0,28488.0
5294,136,281,2,1,1,1029,PAID,ARS,65700.0,13797.0,0.0,79497.0
5295,131,250,1,,1897,2722,FULFILLED,ARS,35280.0,7408.8,1500.0,44188.8
5296,373,728,1,,2889,2121,REFUNDED,ARS,24000.0,5040.0,0.0,29040.0
5297,109,758,1,,1193,2452,FULFILLED,ARS,12000.0,2520.0,900.0,15420.0
5298,157,486,1,,16,1304,FULFILLED,ARS,23940.0,5027.4,1200.0,30167.4
5299,38,284,2,2,2,791,PAID,ARS,61800.0,12978.0,0.0,74778.0
5300,489,391,1,,346,959,FULFILLED,ARS,21600.0,4536.0,1200.0,27336.0
5301,634,326,1,,1189,2279,FULFILLED,ARS,24300.0,5103.0,1200.0,30603.0
5302,79,511,1,,438,935,FULFILLED,ARS,19440.0,4082.4,900.0,24422.4
5303,445,866,1,,2599,1213,FULFILLED,ARS,22800.0,4788.0,1500.0,29088.0
5304,92,494,2,1,1,1413,FULFILLED,ARS,59100.0,12411.0,0.0,71511.0
5305,461,761,1,,3156,3002,FULFILLED,ARS,10584.0,2222.64,1200.0,14006.64
5306,193,1105,1,,1468,697,FULFILLED,ARS,90672.0,19041.12,1500.0,111213.12
5307,266,809,1,,1802,,CANCELLED,ARS,10800.0,2268.0,900.0,13968.0
5308,191,1259,2,1,1,936,FULFILLED,ARS,41700.0,8757.0,0.0,50457.0
5309,394,72,1,,2098,1101,CREATED,ARS,12000.0,2520.0,900.0,15420.0
5310,530,962,1,,18,924,FULFILLED,ARS,73950.0,15529.5,1200.0,90679.5
5311,322,365,1,,1852,41,FULFILLED,ARS,11760.0,2469.6,900.0,15129.6
5312,344,1440,1,,2243,1564,FULFILLED,ARS,64440.0,13532.4,1200.0,79172.4
5313,208,535,2,1,1,2748,PAID,ARS,31752.0,6667.92,0.0,38419.92
5314,399,638,2,1,1,352,FULFILLED,ARS,36000.0,7560.0,0.0,43560.0
5315,85,1322,1,,2174,2996,PAID,ARS,14700.0,3087.0,900.0,18687.0
5316,404,846,1,,2452,91,CANCELLED,ARS,10800.0,2268.0,0.0,13068.0
5317,184,212,1,,3184,1993,FULFILLED,ARS,46800.0,9828.0,900.0,57528.0
5318,600,155,2,3,3,,FULFILLED,ARS,12150.0,2551.5,0.0,14701.5
5319,272,1463,2,4,4,2625,PAID,ARS,28500.0,5985.0,0.0,34485.0
5320,202,328,2,1,1,886,FULFILLED,ARS,47250.0,9922.5,0.0,57172.5
5321,216,618,1,,2392,754,FULFILLED,ARS,32400.0,6804.0,0.0,39204.0
5322,460,440,2,3,3,1473,CANCELLED,ARS,26850.0,5638.5,0.0,32488.5
5323,221,670,2,4,4,1712,FULFILLED,ARS,46620.0,9790.2,0.0,56410.2
5324,579,578,1,,1432,184,PAID,ARS,14250.0,2992.5,1200.0,18442.5
5325,336,246,2,3,3,1372,FULFILLED,ARS,12000.0,2520.0,0.0,14520.0
5326,164,1308,1,,1633,893,FULFILLED,ARS,78030.0,16386.3,900.0,95316.3
5327,83,614,2,3,3,,FULFILLED,ARS,31752.0,6667.92,0.0,38419.92
5328,212,260,1,,1739,13,FULFILLED,ARS,11400.0,2394.0,1200.0,14994.0
5329,602,828,1,,841,561,FULFILLED,ARS,42750.0,8977.5,0.0,51727.5
5330,399,853,1,,1673,2560,PAID,ARS,40500.0,8505.0,900.0,49905.0
5331,122,891,1,,2491,,FULFILLED,ARS,83700.0,17577.0,1200.0,102477.0
5332,639,951,2,2,2,454,PAID,ARS,45000.0,9450.0,0.0,54450.0
5333,597,1005,2,3,3,1492,FULFILLED,ARS,30000.0,6300.0,0.0,36300.0
5334,105,201,2,4,4,2775,FULFILLED,ARS,25200.0,5292.0,0.0,30492.0
5335,373,100,2,1,1,1750,PAID,ARS,29400.0,6174.0,0.0,35574.0
5336,7,164,1,,2844,2561,CANCELLED,ARS,47025.0,9875.25,1200.0,58100.25
5337,337,1194,2,3,3,859,FULFILLED,ARS,22800.0,4788.0,0.0,27588.0
5338,579,290,1,,305,2371,FULFILLED,ARS,62280.0,13078.8,1200.0,76558.8
5339,188,101,1,,870,1007,FULFILLED,ARS,29400.0,6174.0,900.0,36474.0
5340,418,1082,1,,2306,704,FULFILLED,ARS,13500.0,2835.0,1200.0,17535.0
5341,174,1076,2,1,1,2916,FULFILLED,ARS,29400.0,6174.0,0.0,35574.0
5342,375,330,2,3,3,317,CANCELLED,ARS,46200.0,9702.0,0.0,55902.0
5343,440,212,1,,2128,118,CANCELLED,ARS,11760.0,2469.6,1200.0,15429.6
5344,630,504,1,,254,1575,FULFILLED,ARS,44520.0,9349.2,1200.0,55069.2
5345,401,637,1,,633,1902,PAID,ARS,61650.0,12946.5,1200.0,75796.5
5346,341,485,1,,1977,,FULFILLED,ARS,11400.0,2394.0,1200.0,14994.0
5347,404,1322,1,,627,2225,FULFILLED,ARS,42750.0,8977.5,0.0,51727.5
5348,518,303,2,4,4,2041,REFUNDED,ARS,40500.0,8505.0,0.0,49005.0
5349,622,724,2,1,1,2570,FULFILLED,ARS,36000.0,7560.0,0.0,43560.0
5350,102,1086,2,1,1,3105,PAID,ARS,58200.0,12222.0,0.0,70422.0
5351,440,514,2,1,1,609,FULFILLED,ARS,42750.0,8977.5,0.0,51727.5
5352,20,1475,1,,1157,462,CREATED,ARS,49500.0,10395.0,900.0,60795.0
5353,501,963,1,,3142,,CANCELLED,ARS,35280.0,7408.8,1200.0,43888.8
5354,132,330,2,3,3,,FULFILLED,ARS,30000.0,6300.0,0.0,36300.0
5355,614,435,2,2,2,1712,FULFILLED,ARS,43200.0,9072.0,0.0,52272.0
5356,125,1292,1,,2170,778,FULFILLED,ARS,27000.0,5670.0,1200.0,33870.0
5357,458,983,1,,2069,2935,CANCELLED,ARS,49200.0,10332.0,900.0,60432.0
5358,164,1235,1,,547,3138,FULFILLED,ARS,42000.0,8820.0,900.0,51720.0
5359,269,788,2,4,4,942,FULFILLED,ARS,37620.0,7900.2,0.0,45520.2
5360,118,786,2,4,4,740,FULFILLED,ARS,14700.0,3087.0,0.0,17787.0
5361,139,1323,1,,1129,3119,REFUNDED,ARS,13500.0,2835.0,1200.0,17535.0
5362,512,902,2,3,3,2739,FULFILLED,ARS,24720.0,5191.2,0.0,29911.2
5363,17,1220,2,3,3,2092,FULFILLED,ARS,35640.0,7484.4,0.0,43124.4
5364,467,1315,2,2,2,557,REFUNDED,ARS,35100.0,7371.0,0.0,42471.0
5365,63,774,1,,1474,794,FULFILLED,ARS,19440.0,4082.4,900.0,24422.4
5366,555,454,1,,2055,2885,FULFILLED,ARS,40500.0,8505.0,1500.0,50505.0
5367,240,1309,1,,3165,1980,FULFILLED,ARS,12348.0,2593.08,0.0,14941.08
5368,394,1108,1,,890,1409,PAID,ARS,78750.0,16537.5,0.0,95287.5
5369,623,596,2,3,3,3043,CREATED,ARS,57870.0,12152.7,0.0,70022.7
5370,506,283,2,4,4,1499,FULFILLED,ARS,52479.0,11020.59,0.0,63499.59
5371,342,1406,1,,1572,1634,CANCELLED,ARS,21600.0,4536.0,0.0,26136.0
5372,52,382,1,,1802,1962,FULFILLED,ARS,45000.0,9450.0,900.0,55350.0
5373,167,651,2,4,4,1668,FULFILLED,ARS,10800.0,2268.0,0.0,13068.0
5374,188,1160,1,,2177,762,FULFILLED,ARS,10800.0,2268.0,0.0,13068.0
5375,555,414,2,2,2,,FULFILLED,ARS,14250.0,2992.5,0.0,17242.5
5376,510,323,2,3,3,183,FULFILLED,ARS,12348.0,2593.08,0.0,14941.08
5377,298,824,1,,2543,2137,FULFILLED,ARS,13500.0,2835.0,900.0,17235.0
5378,323,1340,1,,2938,1124,FULFILLED,ARS,64140.0,13469.4,900.0,78509.4
5379,452,40,2,3,3,557,CANCELLED,ARS,35520.0,7459.2,0.0,42979.2
5380,638,1456,1,,2892,2074,REFUNDED,ARS,38808.0,8149.68,900.0,47857.68
5381,396,680,1,,1552,2653,FULFILLED,ARS,14250.0,2992.5,1200.0,18442.5
5382,212,995,1,,1306,1979,FULFILLED,ARS,34200.0,7182.0,0.0,41382.0
5383,6,27,2,4,4,3049,FULFILLED,ARS,27000.0,5670.0,0.0,32670.0
5384,326,54,1,,491,1435,FULFILLED,ARS,13500.0,2835.0,1200.0,17535.0
5385,428,623,1,,2912,,CREATED,ARS,34800.0,7308.0,1200.0,43308.0
5386,406,758,2,1,1,2532,PAID,ARS,21600.0,4536.0,0.0,26136.0
5387,392,997,1,,2553,1322,CREATED,ARS,35280.0,7408.8,0.0,42688.8
5388,380,1433,1,,1767,609,FULFILLED,ARS,41400.0,8694.0,0.0,50094.0
5389,608,61,1,,460,196,FULFILLED,ARS,40608.0,8527.68,1200.0,50335.68
5390,329,1092,1,,651,984,FULFILLED,ARS,42525.0,8930.25,1500.0,52955.25
5391,337,250,1,,1842,2316,FULFILLED,ARS,30000.0,6300.0,0.0,36300.0
5392,579,1043,2,1,1,112,FULFILLED,ARS,9720.0,2041.2,0.0,11761.2
5393,134,101,1,,3023,,FULFILLED,ARS,29160.0,6123.6,1200.0,36483.6
5394,36,719,1,,1555,1212,FULFILLED,ARS,14700.0,3087.0,900.0,18687.0
5395,235,544,1,,2488,1975,FULFILLED,ARS,12825.0,2693.25,900.0,16418.25
5396,112,1082,1,,1336,631,FULFILLED,ARS,67200.0,14112.0,1500.0,82812.0
5397,425,415,1,,1647,1635,PAID,ARS,32400.0,6804.0,1200.0,40404.0
5398,233,1428,1,,286,14,FULFILLED,ARS,44040.0,9248.4,1200.0,54488.4
5399,491,322,2,2,2,,FULFILLED,ARS,35280.0,7408.8,0.0,42688.8
5400,534,124,2,3,3,2778,FULFILLED,ARS,44100.0,9261.0,0.0,53361.0
5401,426,272,1,,35,3013,FULFILLED,ARS,75510.0,15857.1,1500.0,92867.1
5402,549,589,1,,618,1267,CANCELLED,ARS,66780.0,14023.8,0.0,80803.8
5403,30,505,2,2,2,1590,FULFILLED,ARS,75150.0,15781.5,0.0,90931.5
5404,460,1124,1,,2266,612,FULFILLED,ARS,22800.0,4788.0,1200.0,28788.0
5405,514,965,1,,899,1097,FULFILLED,ARS,65205.0,13693.05,0.0,78898.05
5406,102,320,1,,2896,226,FULFILLED,ARS,23520.0,4939.2,900.0,29359.2
5407,552,897,1,,2669,600,FULFILLED,ARS,15000.0,3150.0,900.0,19050.0
5408,33,1218,2,4,4,1886,REFUNDED,ARS,12000.0,2520.0,0.0,14520.0
5409,563,1483,2,1,1,2852,FULFILLED,ARS,14250.0,2992.5,0.0,17242.5
5410,176,694,1,,1026,1424,CANCELLED,ARS,46305.0,9724.05,1200.0,57229.05
5411,516,728,2,4,4,3151,FULFILLED,ARS,55098.0,11570.58,0.0,66668.58
5412,333,327,2,1,1,613,FULFILLED,ARS,12000.0,2520.0,0.0,14520.0
5413,63,43,1,,1739,851,FULFILLED,ARS,29700.0,6237.0,900.0,36837.0
5414,80,962,2,4,4,,FULFILLED,ARS,16170.0,3395.7,0.0,19565.7
5415,151,1417,2,3,3,3043,FULFILLED,ARS,29400.0,6174.0,0.0,35574.0
5416,491,634,1,,1062,2057,PAID,ARS,12348.0,2593.08,1500.0,16441.08
5417,321,1123,2,2,2,259,FULFILLED,ARS,14700.0,3087.0,0.0,17787.0
5418,37,260,2,4,4,112,REFUNDED,ARS,67620.0,14200.2,0.0,81820.2
5419,27,1158,1,,1434,,FULFILLED,ARS,32400.0,6804.0,0.0,39204.0
5420,580,616,1,,5,89,PAID,ARS,28500.0,5985.0,1200.0,35685.0
5421,636,838,2,3,3,1706,FULFILLED,ARS,53550.0,11245.5,0.0,64795.5
5422,74,1094,2,1,1,2733,FULFILLED,ARS,37800.0,7938.0,0.0,45738.0
5423,36,594,1,,1811,2209,FULFILLED,ARS,45000.0,9450.0,900.0,55350.0
5424,616,756,1,,329,2553,FULFILLED,ARS,44100.0,9261.0,1200.0,54561.0
5425,594,1019,2,4,4,2454,FULFILLED,ARS,40872.0,8583.12,0.0,49455.12
5426,380,618,2,1,1,2747,FULFILLED,ARS,64500.0,13545.0,0.0,78045.0
5427,175,75,2,3,3,702,FULFILLED,ARS,42750.0,8977.5,0.0,51727.5
5428,337,217,2,4,4,233,FULFILLED,ARS,29700.0,6237.0,0.0,35937.0
5429,127,1365,2,3,3,1661,FULFILLED,ARS,16170.0,3395.7,0.0,19565.7
5430,265,625,2,2,2,3049,CANCELLED,ARS,11970.0,2513.7,0.0,14483.7
5431,236,319,1,,2157,454,FULFILLED,ARS,11970.0,2513.7,1500.0,15983.7
5432,32,569,1,,2133,1772,FULFILLED,ARS,26040.0,5468.4,1500.0,33008.4
5433,421,1469,2,4,4,2515,FULFILLED,ARS,34200.0,7182.0,0.0,41382.0
5434,131,1265,2,3,3,2993,FULFILLED,ARS,44887.5,9426.38,0.0,54313.88
5435,218,128,2,3,3,977,PAID,ARS,28500.0,5985.0,0.0,34485.0
5436,272,377,2,3,3,347,FULFILLED,ARS,57222.0,12016.62,0.0,69238.62
5437,627,1452,1,,2878,1059,PAID,ARS,21600.0,4536.0,900.0,27036.0
5438,143,150,1,,1707,967,FULFILLED,ARS,15435.0,3241.35,1500.0,20176.35
5439,188,236,1,,1267,1645,FULFILLED,ARS,46305.0,9724.05,900.0,56929.05
5440,27,317,1,,1114,2951,FULFILLED,ARS,22800.0,4788.0,1500.0,29088.0
5441,214,879,1,,1657,2123,CANCELLED,ARS,29400.0,6174.0,1200.0,36774.0
5442,350,445,2,4,4,3155,PAID,ARS,25200.0,5292.0,0.0,30492.0
5443,226,924,2,3,3,,FULFILLED,ARS,46305.0,9724.05,0.0,56029.05
5444,487,859,1,,1892,2199,FULFILLED,ARS,32400.0,6804.0,1200.0,40404.0
5445,104,218,2,3,3,35,PAID,ARS,10800.0,2268.0,0.0,13068.0
5446,42,1191,2,3,3,2556,FULFILLED,ARS,21168.0,4445.28,0.0,25613.28
5447,81,522,2,2,2,2580,FULFILLED,ARS,44962.5,9442.12,0.0,54404.62
5448,163,600,1,,2094,439,FULFILLED,ARS,40500.0,8505.0,0.0,49005.0
5449,295,577,2,3,3,899,FULFILLED,ARS,45600.0,9576.0,0.0,55176.0
5450,98,41,2,2,2,2280,FULFILLED,ARS,28500.0,5985.0,0.0,34485.0
5451,592,1251,1,,1383,,FULFILLED,ARS,22800.0,4788.0,1200.0,28788.0
5452,436,887,2,3,3,2904,FULFILLED,ARS,36132.0,7587.72,0.0,43719.72
5453,489,922,1,,688,2282,FULFILLED,ARS,25080.0,5266.8,1200.0,31546.8
5454,298,645,2,4,4,1869,FULFILLED,ARS,36000.0,7560.0,0.0,43560.0
5455,182,1090,1,,1596,2671,FULFILLED,ARS,66750.0,14017.5,0.0,80767.5
5456,110,1323,2,1,1,,PAID,ARS,9720.0,2041.2,0.0,11761.2
5457,86,591,1,,95,549,FULFILLED,ARS,52500.0,11025.0,1500.0,65025.0
5458,636,67,1,,2975,970,FULFILLED,ARS,12000.0,2520.0,1500.0,16020.0
5459,132,305,1,,2450,1184,FULFILLED,ARS,34800.0,7308.0,1500.0,43608.0
5460,610,67,2,1,1,851,FULFILLED,ARS,35910.0,7541.1,0.0,43451.1
5461,464,1146,1,,2574,1178,REFUNDED,ARS,24000.0,5040.0,1200.0,30240.0
5462,367,264,2,3,3,893,FULFILLED,ARS,23520.0,4939.2,0.0,28459.2
5463,305,731,1,,2064,1366,FULFILLED,ARS,61200.0,12852.0,900.0,74952.0
5464,536,1236,1,,806,1588,FULFILLED,ARS,10260.0,2154.6,900.0,13314.6
5465,50,104,1,,1084,838,FULFILLED,ARS,15000.0,3150.0,1200.0,19350.0
5466,235,1164,2,1,1,1127,FULFILLED,ARS,36750.0,7717.5,0.0,44467.5
5467,638,436,1,,1467,120,FULFILLED,ARS,39690.0,8334.9,0.0,48024.9
5468,629,399,1,,2965,1218,FULFILLED,ARS,28500.0,5985.0,0.0,34485.0
5469,598,931,1,,3039,1104,CANCELLED,ARS,47280.0,9928.8,900.0,58108.8
5470,212,1191,1,,1765,72,REFUNDED,ARS,11760.0,2469.6,1200.0,15429.6
5471,199,1235,1,,763,181,FULFILLED,ARS,32400.0,6804.0,900.0,40104.0
5472,417,642,1,,3045,,FULFILLED,ARS,37860.0,7950.6,900.0,46710.6
5473,414,38,1,,29,574,FULFILLED,ARS,49530.0,10401.3,900.0,60831.3
5474,122,858,1,,2936,91,FULFILLED,ARS,65952.0,13849.92,0.0,79801.92
5475,510,766,1,,1007,3049,FULFILLED,ARS,13500.0,2835.0,0.0,16335.0
5476,101,88,2,4,4,2302,FULFILLED,ARS,10260.0,2154.6,0.0,12414.6
5477,498,358,1,,1941,2908,FULFILLED,ARS,40500.0,8505.0,1200.0,50205.0
5478,603,879,1,,345,1734,FULFILLED,ARS,11400.0,2394.0,900.0,14694.0
5479,511,516,2,2,2,,REFUNDED,ARS,14175.0,2976.75,0.0,17151.75
5480,301,22,1,,2794,,PAID,ARS,13500.0,2835.0,1200.0,17535.0
5481,69,376,2,1,1,344,FULFILLED,ARS,25872.0,5433.12,0.0,31305.12
5482,588,591,2,4,4,2290,FULFILLED,ARS,32340.0,6791.4,0.0,39131.4
5483,484,549,1,,2051,2594,FULFILLED,ARS,10800.0,2268.0,1200.0,14268.0
5484,107,783,1,,130,2074,PAID,ARS,73044.0,15339.24,1200.0,89583.24
5485,344,1155,1,,453,751,FULFILLED,ARS,13500.0,2835.0,1500.0,17835.0
5486,403,1472,1,,1746,130,PAID,ARS,30000.0,6300.0,900.0,37200.0
5487,92,637,1,,1725,,FULFILLED,ARS,11760.0,2469.6,900.0,15129.6
5488,199,372,2,2,2,2424,FULFILLED,ARS,24000.0,5040.0,0.0,29040.0
5489,523,664,1,,1891,2366,FULFILLED,ARS,63180.0,13267.8,1200.0,77647.8
5490,229,164,1,,2656,180,FULFILLED,ARS,12000.0,2520.0,1200.0,15720.0
5491,538,1062,2,1,1,2083,FULFILLED,ARS,52050.0,10930.5,0.0,62980.5
5492,177,990,1,,926,2344,FULFILLED,ARS,40500.0,8505.0,1200.0,50205.0
5493,403,708,2,2,2,1845,FULFILLED,ARS,40500.0,8505.0,0.0,49005.0
5494,484,1117,1,,2608,2086,PAID,ARS,36000.0,7560.0,900.0,44460.0
5495,307,1484,1,,845,3072,FULFILLED,ARS,21600.0,4536.0,900.0,27036.0
5496,514,732,2,1,1,,CANCELLED,ARS,35910.0,7541.1,0.0,43451.1
5497,519,393,1,,1467,1954,FULFILLED,ARS,32400.0,6804.0,1200.0,40404.0
5498,351,1403,1,,2124,2433,FULFILLED,ARS,12000.0,2520.0,1200.0,15720.0
5499,611,826,2,4,4,553,CANCELLED,ARS,27825.0,5843.25,0.0,33668.25
5500,17,1034,1,,1397,2327,CANCELLED,ARS,44550.0,9355.5,1500.0,55405.5
5501,241,1132,2,1,1,282,FULFILLED,ARS,23520.0,4939.2,0.0,28459.2
5502,350,985,2,1,1,,FULFILLED,ARS,14250.0,2992.5,0.0,17242.5
5503,182,665,2,1,1,2543,CANCELLED,ARS,15435.0,3241.35,0.0,18676.35
5504,622,1123,1,,2413,2157,FULFILLED,ARS,12000.0,2520.0,0.0,14520.0
5505,155,784,1,,3077,2121,FULFILLED,ARS,30000.0,6300.0,1200.0,37500.0
5506,502,602,2,4,4,302,FULFILLED,ARS,13500.0,2835.0,0.0,16335.0
5507,99,1059,2,4,4,1923,FULFILLED,ARS,91350.0,19183.5,0.0,110533.5
5508,232,1215,1,,3186,2001,FULFILLED,ARS,35910.0,7541.1,900.0,44351.1
5509,112,429,2,2,2,2653,FULFILLED,ARS,27000.0,5670.0,0.0,32670.0
5510,345,631,2,2,2,,FULFILLED,ARS,44887.5,9426.38,0.0,54313.88
5511,542,372,1,,2579,57,FULFILLED,ARS,24000.0,5040.0,1200.0,30240.0
5512,445,32,2,4,4,2160,FULFILLED,ARS,14250.0,2992.5,0.0,17242.5
5513,233,277,1,,1941,1099,FULFILLED,ARS,10800.0,2268.0,1200.0,14268.0
5514,633,243,2,3,3,2051,FULFILLED,ARS,14250.0,2992.5,0.0,17242.5
5515,189,693,2,2,2,,FULFILLED,ARS,40500.0,8505.0,0.0,49005.0
5516,328,1241,2,1,1,2652,FULFILLED,ARS,98775.0,20742.75,0.0,119517.75
5517,639,536,1,,2841,1208,FULFILLED,ARS,14700.0,3087.0,1500.0,19287.0
5518,204,1302,1,,3116,934,FULFILLED,ARS,65085.0,13667.85,0.0,78752.85
5519,527,1179,2,4,4,2361,REFUNDED,ARS,25650.0,5386.5,0.0,31036.5
5520,466,444,2,2,2,638,PAID,ARS,23520.0,4939.2,0.0,28459.2
5521,111,993,1,,1858,2380,FULFILLED,ARS,71280.0,14968.8,1500.0,87748.8
5522,629,939,1,,1903,1274,PAID,ARS,38475.0,8079.75,1200.0,47754.75
5523,140,502,1,,819,811,FULFILLED,ARS,64620.0,13570.2,1200.0,79390.2
5524,211,22,1,,2300,1984,FULFILLED,ARS,12825.0,2693.25,0.0,15518.25
5525,604,856,1,,2925,1623,FULFILLED,ARS,16500.0,3465.0,900.0,20865.0
5526,500,1436,2,2,2,814,PAID,ARS,24348.0,5113.08,0.0,29461.08
5527,2,1335,1,,2321,873,FULFILLED,ARS,10800.0,2268.0,1200.0,14268.0
5528,440,856,2,1,1,2990,FULFILLED,ARS,44100.0,9261.0,0.0,53361.0
5529,27,325,1,,1954,1818,FULFILLED,ARS,11970.0,2513.7,1200.0,15683.7
5530,188,229,1,,399,310,CANCELLED,ARS,61020.0,12814.2,0.0,73834.2
5531,374,357,2,2,2,,FULFILLED,ARS,28500.0,5985.0,0.0,34485.0
5532,29,29,2,4,4,,PAID,ARS,37800.0,7938.0,0.0,45738.0
5533,425,306,2,1,1,2139,FULFILLED,ARS,45000.0,9450.0,0.0,54450.0
5534,422,710,1,,2120,1229,FULFILLED,ARS,27000.0,5670.0,0.0,32670.0
5535,606,11,2,3,3,2553,FULFILLED,ARS,37044.0,7779.24,0.0,44823.24
5536,507,785,1,,518,2897,PAID,ARS,68685.0,14423.85,0.0,83108.85
5537,597,691,1,,1440,1589,FULFILLED,ARS,57450.0,12064.5,900.0,70414.5
5538,325,640,2,1,1,1546,FULFILLED,ARS,37080.0,7786.8,0.0,44866.8
5539,264,937,1,,1745,266,FULFILLED,ARS,44100.0,9261.0,1500.0,54861.0
5540,440,1479,2,2,2,1368,CREATED,ARS,41700.0,8757.0,0.0,50457.0
5541,184,365,1,,1475,466,FULFILLED,ARS,15750.0,3307.5,1200.0,20257.5
5542,328,719,1,,2670,1888,PAID,ARS,62100.0,13041.0,1500.0,76641.0
5543,492,455,1,,752,2757,FULFILLED,ARS,46455.0,9755.55,1200.0,57410.55
5544,468,1347,2,3,3,365,FULFILLED,ARS,22800.0,4788.0,0.0,27588.0
5545,480,244,1,,2474,3127,FULFILLED,ARS,10800.0,2268.0,900.0,13968.0
5546,7,1456,2,4,4,1807,CANCELLED,ARS,10584.0,2222.64,0.0,12806.64
5547,121,44,1,,664,1194,FULFILLED,ARS,19440.0,4082.4,1500.0,25022.4
5548,335,993,1,,1225,1732,FULFILLED,ARS,30870.0,6482.7,1500.0,38852.7
5549,474,1358,2,1,1,2712,FULFILLED,ARS,28500.0,5985.0,0.0,34485.0
5550,245,1103,2,4,4,1227,FULFILLED,ARS,12825.0,2693.25,0.0,15518.25
5551,63,1147,1,,3150,3021,CANCELLED,ARS,45000.0,9450.0,900.0,55350.0
5552,622,882,1,,24,1336,PAID,ARS,64500.0,13545.0,1200.0,79245.0
5553,184,1324,2,4,4,1156,FULFILLED,ARS,44625.0,9371.25,0.0,53996.25
5554,584,1102,1,,781,1090,FULFILLED,ARS,24000.0,5040.0,0.0,29040.0
5555,421,547,2,3,3,1144,FULFILLED,ARS,23520.0,4939.2,0.0,28459.2
5556,74,833,2,1,1,58,PAID,ARS,23520.0,4939.2,0.0,28459.2
5557,50,1481,1,,2440,944,CANCELLED,ARS,9720.0,2041.2,1200.0,12961.2
5558,92,51,1,,1815,2571,FULFILLED,ARS,29400.0,6174.0,900.0,36474.0
5559,194,1234,1,,864,2616,PAID,ARS,12348.0,2593.08,900.0,15841.08
5560,279,378,2,4,4,40,CANCELLED,ARS,10800.0,2268.0,0.0,13068.0
5561,375,1210,2,1,1,1624,REFUNDED,ARS,29700.0,6237.0,0.0,35937.0
5562,164,861,1,,1337,1424,PAID,ARS,10800.0,2268.0,900.0,13968.0
5563,489,861,1,,1450,305,FULFILLED,ARS,13230.0,2778.3,1500.0,17508.3
5564,604,389,2,4,4,887,CANCELLED,ARS,24000.0,5040.0,0.0,29040.0
5565,49,882,2,2,2,1571,FULFILLED,ARS,21600.0,4536.0,0.0,26136.0
5566,162,576,1,,1296,505,REFUNDED,ARS,39348.0,8263.08,1200.0,48811.08
5567,149,1333,1,,631,1760,FULFILLED,ARS,10800.0,2268.0,900.0,13968.0
5568,584,537,2,2,2,612,FULFILLED,ARS,15000.0,3150.0,0.0,18150.0
5569,6,825,1,,1856,429,FULFILLED,ARS,11400.0,2394.0,0.0,13794.0
5570,319,243,2,3,3,1211,FULFILLED,ARS,11760.0,2469.6,0.0,14229.6
5571,197,233,2,4,4,1362,FULFILLED,ARS,89100.0,18711.0,0.0,107811.0
5572,475,384,1,,1900,2556,FULFILLED,ARS,42750.0,8977.5,0.0,51727.5
5573,636,204,2,4,4,1786,FULFILLED,ARS,34020.0,7144.2,0.0,41164.2
5574,456,1272,1,,1953,1442,PAID,ARS,45000.0,9450.0,1200.0,55650.0
5575,109,1468,2,1,1,733,FULFILLED,ARS,32400.0,6804.0,0.0,39204.0
5576,72,1326,2,3,3,3123,FULFILLED,ARS,23520.0,4939.2,0.0,28459.2
5577,454,141,1,,1125,2117,FULFILLED,ARS,24696.0,5186.16,0.0,29882.16
5578,213,746,1,,3113,2043,FULFILLED,ARS,44887.5,9426.38,900.0,55213.88
5579,189,1479,2,2,2,19,FULFILLED,ARS,39690.0,8334.9,0.0,48024.9
5580,583,328,2,3,3,458,CANCELLED,ARS,49200.0,10332.0,0.0,59532.0
5581,484,276,1,,1787,,FULFILLED,ARS,27000.0,5670.0,1200.0,33870.0
5582,357,974,2,4,4,,FULFILLED,ARS,51450.0,10804.5,0.0,62254.5
5583,355,653,2,2,2,,PAID,ARS,10800.0,2268.0,0.0,13068.0
5584,42,993,1,,2623,583,FULFILLED,ARS,47520.0,9979.2,900.0,58399.2
5585,429,159,1,,1864,713,REFUNDED,ARS,26400.0,5544.0,1500.0,33444.0
5586,48,1451,1,,960,1617,PAID,ARS,23160.0,4863.6,900.0,28923.6
5587,360,866,2,4,4,1827,FULFILLED,ARS,14700.0,3087.0,0.0,17787.0
5588,205,88,1,,2722,1889,FULFILLED,ARS,25200.0,5292.0,0.0,30492.0
5589,231,994,2,3,3,3061,FULFILLED,ARS,15435.0,3241.35,0.0,18676.35
5590,277,1015,1,,732,832,FULFILLED,ARS,49056.0,10301.76,900.0,60257.76
5591,209,1351,1,,1238,1458,CANCELLED,ARS,22800.0,4788.0,900.0,28488.0
5592,134,304,1,,537,992,FULFILLED,ARS,35910.0,7541.1,1200.0,44651.1
5593,97,925,2,3,3,1904,PAID,ARS,29700.0,6237.0,0.0,35937.0
5594,527,283,2,4,4,2183,FULFILLED,ARS,47670.0,10010.7,0.0,57680.7
5595,93,1061,1,,2600,1229,FULFILLED,ARS,46305.0,9724.05,900.0,56929.05
5596,414,429,1,,318,653,FULFILLED,ARS,14700.0,3087.0,900.0,18687.0
5597,428,705,1,,115,625,PAID,ARS,10800.0,2268.0,900.0,13968.0
5598,293,516,1,,2969,2797,FULFILLED,ARS,14700.0,3087.0,0.0,17787.0
5599,340,978,1,,916,,PAID,ARS,46305.0,9724.05,0.0,56029.05
5600,326,332,1,,431,2012,PAID,ARS,15675.0,3291.75,900.0,19866.75
5601,338,43,2,3,3,2591,FULFILLED,ARS,61200.0,12852.0,0.0,74052.0
5602,478,853,1,,1389,730,FULFILLED,ARS,10260.0,2154.6,1500.0,13914.6
5603,478,209,2,4,4,3027,PAID,ARS,15435.0,3241.35,0.0,18676.35
5604,106,1476,1,,2000,1295,FULFILLED,ARS,15000.0,3150.0,1200.0,19350.0
5605,64,1331,1,,1530,812,FULFILLED,ARS,42840.0,8996.4,1500.0,53336.4
5606,429,1400,2,3,3,3104,FULFILLED,ARS,35280.0,7408.8,0.0,42688.8
5607,101,248,1,,963,2445,PAID,ARS,11400.0,2394.0,0.0,13794.0
5608,261,1105,1,,1743,2093,CANCELLED,ARS,45000.0,9450.0,1500.0,55950.0
5609,105,543,2,1,1,3000,FULFILLED,ARS,12000.0,2520.0,0.0,14520.0
5610,392,1452,2,2,2,1410,FULFILLED,ARS,70575.0,14820.75,0.0,85395.75
5611,637,483,1,,1195,4,CANCELLED,ARS,14250.0,2992.5,1200.0,18442.5
5612,303,135,2,2,2,1112,PAID,ARS,78300.0,16443.0,0.0,94743.0
5613,555,1462,1,,209,1846,FULFILLED,ARS,28350.0,5953.5,1500.0,35803.5
5614,512,1149,1,,1237,,FULFILLED,ARS,25500.0,5355.0,900.0,31755.0
5615,237,1485,2,2,2,848,FULFILLED,ARS,11970.0,2513.7,0.0,14483.7
5616,187,905,1,,601,1061,FULFILLED,ARS,65700.0,13797.0,1200.0,80697.0
5617,472,1236,2,1,1,,FULFILLED,ARS,45135.0,9478.35,0.0,54613.35
5618,559,176,1,,2010,1456,FULFILLED,ARS,11400.0,2394.0,1200.0,14994.0
5619,460,1319,2,3,3,401,CANCELLED,ARS,81450.0,17104.5,0.0,98554.5
5620,209,1386,1,,43,687,FULFILLED,ARS,49020.0,10294.2,1500.0,60814.2
5621,69,121,1,,2170,2373,FULFILLED,ARS,41040.0,8618.4,1500.0,51158.4
5622,597,954,1,,2224,2206,FULFILLED,ARS,32400.0,6804.0,1500.0,40704.0
5623,591,90,1,,71,969,FULFILLED,ARS,75435.0,15841.35,1500.0,92776.35
5624,613,347,1,,2839,1104,FULFILLED,ARS,19440.0,4082.4,900.0,24422.4
5625,279,1486,1,,1203,2729,FULFILLED,ARS,20520.0,4309.2,900.0,25729.2
5626,113,223,1,,1744,709,PAID,ARS,15000.0,3150.0,900.0,19050.0
5627,560,749,2,2,2,2218,REFUNDED,ARS,40500.0,8505.0,0.0,49005.0
5628,94,1199,2,2,2,2008,FULFILLED,ARS,70200.0,14742.0,0.0,84942.0
5629,628,58,1,,1295,2753,FULFILLED,ARS,49500.0,10395.0,1500.0,61395.0
5630,366,78,2,2,2,1448,FULFILLED,ARS,61044.0,12819.24,0.0,73863.24
5631,432,888,1,,2108,,FULFILLED,ARS,12540.0,2633.4,1200.0,16373.4
5632,364,1472,2,4,4,233,FULFILLED,ARS,36450.0,7654.5,0.0,44104.5
5633,604,1477,1,,3144,1205,FULFILLED,ARS,66270.0,13916.7,1200.0,81386.7
5634,290,1104,1,,1225,,FULFILLED,ARS,26100.0,5481.0,1200.0,32781.0
5635,326,1241,2,4,4,2402,CANCELLED,ARS,35280.0,7408.8,0.0,42688.8
5636,526,715,1,,3131,861,FULFILLED,ARS,46800.0,9828.0,900.0,57528.0
5637,341,1295,1,,2031,,FULFILLED,ARS,36000.0,7560.0,900.0,44460.0
5638,546,1237,2,3,3,2040,FULFILLED,ARS,97740.0,20525.4,0.0,118265.4
5639,507,1202,1,,528,1318,FULFILLED,ARS,44280.0,9298.8,1200.0,54778.8
5640,327,1014,2,1,1,2350,FULFILLED,ARS,30000.0,6300.0,0.0,36300.0
5641,28,701,2,3,3,65,PAID,ARS,69510.0,14597.1,0.0,84107.1
5642,201,232,1,,1781,1802,PAID,ARS,10800.0,2268.0,0.0,13068.0
5643,255,812,2,1,1,2477,FULFILLED,ARS,12540.0,2633.4,0.0,15173.4
5644,592,1322,1,,104,3059,FULFILLED,ARS,35280.0,7408.8,1200.0,43888.8
5645,70,1443,1,,2487,3121,FULFILLED,ARS,31350.0,6583.5,900.0,38833.5
5646,137,1047,1,,1766,565,FULFILLED,ARS,49260.0,10344.6,900.0,60504.6
5647,85,669,1,,2785,651,PAID,ARS,27510.0,5777.1,1200.0,34487.1
5648,488,23,1,,307,1475,FULFILLED,ARS,21600.0,4536.0,900.0,27036.0
5649,207,1163,1,,451,2485,FULFILLED,ARS,42750.0,8977.5,900.0,52627.5
5650,111,97,2,3,3,835,FULFILLED,ARS,11400.0,2394.0,0.0,13794.0
5651,583,366,1,,2883,2705,FULFILLED,ARS,68100.0,14301.0,1200.0,83601.0
5652,588,429,1,,1019,1756,PAID,ARS,11400.0,2394.0,900.0,14694.0
5653,201,524,2,1,1,1919,CANCELLED,ARS,47280.0,9928.8,0.0,57208.8
5654,522,1313,2,2,2,1694,FULFILLED,ARS,24300.0,5103.0,0.0,29403.0
5655,18,456,1,,2442,1513,CANCELLED,ARS,31752.0,6667.92,0.0,38419.92
5656,90,291,1,,2027,3082,FULFILLED,ARS,23400.0,4914.0,900.0,29214.0
5657,320,1359,1,,1882,2932,FULFILLED,ARS,10800.0,2268.0,1200.0,14268.0
5658,282,685,2,2,2,173,FULFILLED,ARS,28500.0,5985.0,0.0,34485.0
5659,440,1370,2,4,4,15,FULFILLED,ARS,72900.0,15309.0,0.0,88209.0
5660,298,350,2,2,2,,FULFILLED,ARS,26460.0,5556.6,0.0,32016.6
5661,54,1135,1,,3181,,FULFILLED,ARS,64350.0,13513.5,900.0,78763.5
5662,556,17,1,,593,492,REFUNDED,ARS,42150.0,8851.5,1200.0,52201.5
5663,429,208,2,3,3,2241,FULFILLED,ARS,28500.0,5985.0,0.0,34485.0
5664,507,511,2,4,4,1823,FULFILLED,ARS,71460.0,15006.6,0.0,86466.6
5665,96,951,1,,1376,2556,FULFILLED,ARS,12150.0,2551.5,0.0,14701.5
5666,30,43,1,,2563,808,CREATED,ARS,34560.0,7257.6,1500.0,43317.6
5667,202,1435,1,,2193,2778,FULFILLED,ARS,29700.0,6237.0,1500.0,37437.0
5668,461,748,2,2,2,1295,FULFILLED,ARS,24300.0,5103.0,0.0,29403.0
5669,614,542,1,,2195,1933,FULFILLED,ARS,30000.0,6300.0,0.0,36300.0
5670,447,430,1,,801,487,PAID,ARS,71250.0,14962.5,1500.0,87712.5
5671,390,7,2,4,4,2464,CANCELLED,ARS,43800.0,9198.0,0.0,52998.0
5672,390,1447,1,,2846,2744,CREATED,ARS,25872.0,5433.12,900.0,32205.12
5673,447,426,2,2,2,664,FULFILLED,ARS,21600.0,4536.0,0.0,26136.0
5674,82,1248,2,3,3,549,PAID,ARS,23520.0,4939.2,0.0,28459.2
5675,403,246,1,,416,1047,REFUNDED,ARS,42750.0,8977.5,0.0,51727.5
5676,91,665,1,,398,366,FULFILLED,ARS,11400.0,2394.0,900.0,14694.0
5677,534,337,2,1,1,1094,PAID,ARS,40500.0,8505.0,0.0,49005.0
5678,155,602,1,,1854,2319,PAID,ARS,66870.0,14042.7,0.0,80912.7
5679,523,118,1,,680,3041,FULFILLED,ARS,56100.0,11781.0,0.0,67881.0
5680,510,119,2,3,3,800,FULFILLED,ARS,57750.0,12127.5,0.0,69877.5
5681,444,996,1,,2847,1591,FULFILLED,ARS,22680.0,4762.8,1500.0,28942.8
5682,594,143,2,4,4,802,FULFILLED,ARS,34200.0,7182.0,0.0,41382.0
5683,328,191,1,,1450,3052,FULFILLED,ARS,45000.0,9450.0,0.0,54450.0
5684,307,616,1,,2738,2209,FULFILLED,ARS,10800.0,2268.0,1500.0,14568.0
5685,152,758,2,1,1,463,FULFILLED,ARS,39900.0,8379.0,0.0,48279.0
5686,331,605,1,,600,,FULFILLED,ARS,45000.0,9450.0,900.0,55350.0
5687,8,1038,1,,1331,2717,FULFILLED,ARS,32400.0,6804.0,0.0,39204.0
5688,213,754,1,,2605,512,FULFILLED,ARS,23520.0,4939.2,900.0,29359.2
5689,136,273,1,,2824,,FULFILLED,ARS,10800.0,2268.0,900.0,13968.0
5690,213,466,2,1,1,1744,FULFILLED,ARS,39660.0,8328.6,0.0,47988.6
5691,563,1246,2,1,1,1902,CREATED,ARS,22800.0,4788.0,0.0,27588.0
5692,377,706,2,4,4,966,FULFILLED,ARS,14175.0,2976.75,0.0,17151.75
5693,597,1196,1,,331,207,CANCELLED,ARS,11400.0,2394.0,0.0,13794.0
5694,203,1375,1,,1539,306,FULFILLED,ARS,21600.0,4536.0,900.0,27036.0
5695,133,6,2,3,3,1848,FULFILLED,ARS,60270.0,12656.7,0.0,72926.7
5696,50,729,2,4,4,2335,FULFILLED,ARS,10800.0,2268.0,0.0,13068.0
5697,286,1222,2,1,1,1934,REFUNDED,ARS,53400.0,11214.0,0.0,64614.0
5698,313,1493,1,,2130,2893,FULFILLED,ARS,11400.0,2394.0,1200.0,14994.0
5699,408,166,1,,3100,1153,FULFILLED,ARS,12348.0,2593.08,900.0,15841.08
5700,511,1056,1,,1291,1308,FULFILLED,ARS,26400.0,5544.0,1200.0,33144.0
5701,215,1278,1,,89,474,CANCELLED,ARS,48420.0,10168.2,1200.0,59788.2
5702,383,681,2,4,4,2696,REFUNDED,ARS,37800.0,7938.0,0.0,45738.0
5703,1,1042,2,2,2,2164,FULFILLED,ARS,15000.0,3150.0,0.0,18150.0
5704,161,1013,1,,2393,1524,PAID,ARS,10260.0,2154.6,900.0,13314.6
5705,285,1392,2,2,2,2206,FULFILLED,ARS,10260.0,2154.6,0.0,12414.6
5706,320,175,2,2,2,482,FULFILLED,ARS,64680.0,13582.8,0.0,78262.8
5707,230,1434,1,,2989,1164,FULFILLED,ARS,43200.0,9072.0,900.0,53172.0
5708,566,795,2,4,4,1632,CANCELLED,ARS,57600.0,12096.0,0.0,69696.0
5709,443,919,1,,2101,1750,FULFILLED,ARS,34200.0,7182.0,900.0,42282.0
5710,61,297,1,,2754,2797,CANCELLED,ARS,21168.0,4445.28,1200.0,26813.28
5711,544,530,1,,1207,1422,PAID,ARS,19440.0,4082.4,1200.0,24722.4
5712,341,608,2,2,2,,FULFILLED,ARS,42750.0,8977.5,0.0,51727.5
5713,193,574,1,,3185,1484,FULFILLED,ARS,24000.0,5040.0,1200.0,30240.0
5714,403,781,1,,2154,2017,FULFILLED,ARS,41160.0,8643.6,1200.0,51003.6
5715,488,1019,1,,3084,2552,FULFILLED,ARS,31752.0,6667.92,900.0,39319.92
5716,98,956,1,,755,2038,CREATED,ARS,35640.0,7484.4,0.0,43124.4
5717,10,1306,2,3,3,3030,FULFILLED,ARS,69222.0,14536.62,0.0,83758.62
5718,604,1382,2,4,4,918,FULFILLED,ARS,47250.0,9922.5,0.0,57172.5
5719,512,763,1,,581,732,CREATED,ARS,27000.0,5670.0,900.0,33570.0
5720,628,1090,1,,659,1359,CREATED,ARS,27000.0,5670.0,1200.0,33870.0
5721,341,743,2,2,2,1270,FULFILLED,ARS,46740.0,9815.4,0.0,56555.4
5722,618,319,2,1,1,570,FULFILLED,ARS,23520.0,4939.2,0.0,28459.2
5723,318,782,1,,2574,2156,FULFILLED,ARS,32520.0,6829.2,0.0,39349.2
5724,260,799,2,2,2,563,FULFILLED,ARS,25080.0,5266.8,0.0,30346.8
5725,198,870,2,4,4,549,FULFILLED,ARS,35280.0,7408.8,0.0,42688.8
5726,326,794,1,,2662,2329,REFUNDED,ARS,23520.0,4939.2,1200.0,29659.2
5727,119,1244,1,,1738,2545,CANCELLED,ARS,36000.0,7560.0,900.0,44460.0
5728,6,75,1,,1061,1794,FULFILLED,ARS,34440.0,7232.4,1500.0,43172.4
5729,70,576,1,,1093,2706,FULFILLED,ARS,40500.0,8505.0,1200.0,50205.0
5730,244,1326,1,,2891,2863,FULFILLED,ARS,21600.0,4536.0,900.0,27036.0
5731,341,731,1,,333,437,FULFILLED,ARS,30780.0,6463.8,900.0,38143.8
5732,131,1387,2,3,3,1836,FULFILLED,ARS,32400.0,6804.0,0.0,39204.0
5733,85,1112,1,,2148,166,CANCELLED,ARS,14250.0,2992.5,1200.0,18442.5
5734,10,13,1,,721,,CANCELLED,ARS,37044.0,7779.24,1500.0,46323.24
5735,216,297,1,,958,757,FULFILLED,ARS,38550.0,8095.5,1200.0,47845.5
5736,54,974,2,3,3,1411,PAID,ARS,32400.0,6804.0,0.0,39204.0
5737,228,1387,2,2,2,2154,FULFILLED,ARS,25872.0,5433.12,0.0,31305.12
5738,462,39,1,,1528,2100,FULFILLED,ARS,62700.0,13167.0,1500.0,77367.0
5739,229,192,1,,1864,167,FULFILLED,ARS,28950.0,6079.5,900.0,35929.5
5740,566,541,1,,1008,2498,REFUNDED,ARS,11400.0,2394.0,900.0,14694.0
5741,609,1297,1,,724,2354,FULFILLED,ARS,36000.0,7560.0,900.0,44460.0
5742,371,1389,1,,788,3193,FULFILLED,ARS,38100.0,8001.0,1500.0,47601.0
5743,584,1462,1,,3061,520,FULFILLED,ARS,15435.0,3241.35,1500.0,20176.35
5744,371,1406,1,,1642,1283,CANCELLED,ARS,32340.0,6791.4,900.0,40031.4
5745,340,1060,2,1,1,442,FULFILLED,ARS,26550.0,5575.5,0.0,32125.5
5746,245,973,2,3,3,,FULFILLED,ARS,42750.0,8977.5,0.0,51727.5
5747,224,523,1,,2204,2640,REFUNDED,ARS,22800.0,4788.0,900.0,28488.0
5748,192,1079,2,2,2,3045,FULFILLED,ARS,60408.0,12685.68,0.0,73093.68
5749,511,451,1,,2704,,PAID,ARS,89445.0,18783.45,900.0,109128.45
5750,82,210,1,,2124,245,FULFILLED,ARS,26460.0,5556.6,1500.0,33516.6
5751,316,273,1,,532,,PAID,ARS,21600.0,4536.0,1200.0,27336.0
5752,161,194,1,,1155,1750,CANCELLED,ARS,14250.0,2992.5,0.0,17242.5
5753,256,825,1,,1192,2316,FULFILLED,ARS,23940.0,5027.4,900.0,29867.4
5754,461,1358,2,1,1,473,FULFILLED,ARS,11760.0,2469.6,0.0,14229.6
5755,432,967,1,,735,2406,FULFILLED,ARS,35640.0,7484.4,1200.0,44324.4
5756,221,1377,1,,1195,1265,FULFILLED,ARS,72000.0,15120.0,0.0,87120.0
5757,96,573,2,4,4,1749,FULFILLED,ARS,32400.0,6804.0,0.0,39204.0
5758,146,1148,2,1,1,2137,FULFILLED,ARS,36300.0,7623.0,0.0,43923.0
5759,543,1274,2,4,4,2739,FULFILLED,ARS,34200.0,7182.0,0.0,41382.0
5760,183,147,2,4,4,384,FULFILLED,ARS,11970.0,2513.7,0.0,14483.7
5761,55,1119,2,1,1,925,FULFILLED,ARS,11760.0,2469.6,0.0,14229.6
5762,346,958,1,,979,2153,FULFILLED,ARS,10800.0,2268.0,1500.0,14568.0
5763,371,1006,2,4,4,1995,FULFILLED,ARS,34200.0,7182.0,0.0,41382.0
5764,461,752,1,,2177,,FULFILLED,ARS,34668.0,7280.28,1200.0,43148.28
5765,571,689,1,,2115,645,PAID,ARS,32400.0,6804.0,0.0,39204.0
5766,329,931,2,1,1,,FULFILLED,ARS,42240.0,8870.4,0.0,51110.4
5767,159,853,1,,2296,251,PAID,ARS,36000.0,7560.0,1200.0,44760.0
5768,611,1451,1,,1145,1317,FULFILLED,ARS,10800.0,2268.0,0.0,13068.0
5769,451,1045,1,,531,1893,PAID,ARS,44550.0,9355.5,1200.0,55105.5
5770,1,349,1,,1075,1588,REFUNDED,ARS,14700.0,3087.0,1200.0,18987.0
5771,300,855,1,,1325,2737,FULFILLED,ARS,30000.0,6300.0,900.0,37200.0
5772,16,381,1,,1933,,FULFILLED,ARS,45000.0,9450.0,900.0,55350.0
5773,614,1336,1,,1628,889,FULFILLED,ARS,24000.0,5040.0,900.0,29940.0
5774,406,209,1,,1177,2702,PAID,ARS,32400.0,6804.0,1500.0,40704.0
5775,327,233,1,,2188,2916,FULFILLED,ARS,11400.0,2394.0,1200.0,14994.0
5776,565,398,2,1,1,2807,FULFILLED,ARS,23760.0,4989.6,0.0,28749.6
5777,278,154,2,3,3,,CREATED,ARS,23520.0,4939.2,0.0,28459.2
5778,459,136,1,,162,685,FULFILLED,ARS,40200.0,8442.0,0.0,48642.0
5779,588,149,2,4,4,2490,FULFILLED,ARS,12000.0,2520.0,0.0,14520.0
5780,118,649,2,3,3,653,FULFILLED,ARS,12600.0,2646.0,0.0,15246.0
5781,627,680,1,,331,1170,FULFILLED,ARS,21600.0,4536.0,900.0,27036.0
5782,183,98,1,,3024,2161,PAID,ARS,15750.0,3307.5,1500.0,20557.5
5783,293,142,2,4,4,1110,FULFILLED,ARS,27570.0,5789.7,0.0,33359.7
5784,153,864,2,1,1,551,CANCELLED,ARS,21600.0,4536.0,0.0,26136.0
5785,382,953,1,,1524,2088,FULFILLED,ARS,12000.0,2520.0,1200.0,15720.0
5786,272,1355,1,,1471,430,FULFILLED,ARS,22800.0,4788.0,900.0,28488.0
5787,126,610,1,,23,3157,PAID,ARS,11760.0,2469.6,1200.0,15429.6
5788,387,536,2,3,3,3091,PAID,ARS,11400.0,2394.0,0.0,13794.0
5789,463,361,1,,1878,2699,FULFILLED,ARS,24000.0,5040.0,1200.0,30240.0
5790,17,1339,1,,2200,1822,FULFILLED,ARS,62400.0,13104.0,900.0,76404.0
5791,524,765,1,,380,,FULFILLED,ARS,11760.0,2469.6,1200.0,15429.6
5792,223,612,2,2,2,897,REFUNDED,ARS,12348.0,2593.08,0.0,14941.08
5793,621,1078,1,,259,947,FULFILLED,ARS,12000.0,2520.0,900.0,15420.0
5794,457,1469,1,,2167,1402,PAID,ARS,74025.0,15545.25,1200.0,90770.25
5795,519,849,2,2,2,2307,FULFILLED,ARS,32400.0,6804.0,0.0,39204.0
5796,585,222,1,,1878,471,FULFILLED,ARS,44100.0,9261.0,1200.0,54561.0
5797,254,972,1,,2875,40,PAID,ARS,27000.0,5670.0,1200.0,33870.0
5798,25,332,1,,1595,2478,FULFILLED,ARS,36096.0,7580.16,900.0,44576.16
5799,196,1333,1,,2713,978,FULFILLED,ARS,38475.0,8079.75,1200.0,47754.75
5800,222,1209,1,,877,1743,PAID,ARS,32400.0,6804.0,1500.0,40704.0
5801,32,254,1,,2174,2120,FULFILLED,ARS,37044.0,7779.24,1200.0,46023.24
5802,553,783,2,3,3,3195,FULFILLED,ARS,21600.0,4536.0,0.0,26136.0
5803,598,203,2,1,1,100,FULFILLED,ARS,29400.0,6174.0,0.0,35574.0
5804,89,570,1,,2316,2034,FULFILLED,ARS,90000.0,18900.0,900.0,109800.0
5805,148,1317,1,,3025,2310,FULFILLED,ARS,14700.0,3087.0,900.0,18687.0
5806,247,664,2,1,1,3001,FULFILLED,ARS,34200.0,7182.0,0.0,41382.0
5807,475,849,1,,1298,797,REFUNDED,ARS,10584.0,2222.64,900.0,13706.64
5808,506,1032,1,,2784,1397,FULFILLED,ARS,23940.0,5027.4,900.0,29867.4
5809,310,532,1,,437,629,PAID,ARS,28500.0,5985.0,1200.0,35685.0
5810,225,569,1,,2813,2136,FULFILLED,ARS,22800.0,4788.0,900.0,28488.0
5811,88,685,1,,2656,1039,FULFILLED,ARS,31920.0,6703.2,900.0,39523.2
5812,50,1136,1,,2036,853,CANCELLED,ARS,44550.0,9355.5,900.0,54805.5
5813,159,206,1,,2750,1238,FULFILLED,ARS,21600.0,4536.0,1500.0,27636.0
5814,315,900,1,,1512,2131,REFUNDED,ARS,60360.0,12675.6,0.0,73035.6
5815,530,1485,1,,291,1908,FULFILLED,ARS,58500.0,12285.0,1200.0,71985.0
5816,440,1360,1,,1047,,FULFILLED,ARS,21600.0,4536.0,900.0,27036.0
5817,529,649,2,2,2,1382,PAID,ARS,34200.0,7182.0,0.0,41382.0
5818,454,182,2,1,1,2406,FULFILLED,ARS,25200.0,5292.0,0.0,30492.0
5819,337,1282,1,,1104,,FULFILLED,ARS,19440.0,4082.4,900.0,24422.4
5820,332,1280,1,,1565,1397,FULFILLED,ARS,36000.0,7560.0,1200.0,44760.0
5821,563,444,1,,1229,894,FULFILLED,ARS,26250.0,5512.5,1200.0,32962.5
5822,81,467,1,,2112,1581,FULFILLED,ARS,24000.0,5040.0,1200.0,30240.0
5823,299,1033,1,,2381,967,FULFILLED,ARS,23148.0,4861.08,900.0,28909.08
5824,84,502,1,,1993,994,FULFILLED,ARS,24000.0,5040.0,1200.0,30240.0
5825,577,1167,1,,2243,606,FULFILLED,ARS,32400.0,6804.0,1200.0,40404.0
5826,322,818,2,2,2,3146,FULFILLED,ARS,29400.0,6174.0,0.0,35574.0
5827,407,468,1,,764,238,FULFILLED,ARS,14250.0,2992.5,1200.0,18442.5
5828,471,1151,1,,195,2422,PAID,ARS,44100.0,9261.0,1200.0,54561.0
5829,470,418,1,,908,1830,PAID,ARS,36000.0,7560.0,900.0,44460.0
5830,68,661,2,3,3,2697,CREATED,ARS,10260.0,2154.6,0.0,12414.6
5831,199,477,2,2,2,555,FULFILLED,ARS,49980.0,10495.8,0.0,60475.8
5832,100,1236,1,,1811,773,FULFILLED,ARS,24696.0,5186.16,900.0,30782.16
5833,72,1257,1,,712,2442,FULFILLED,ARS,42552.0,8935.92,1200.0,52687.92
5834,255,436,1,,909,,FULFILLED,ARS,25080.0,5266.8,1200.0,31546.8
5835,205,1206,1,,292,1116,FULFILLED,ARS,13200.0,2772.0,0.0,15972.0
5836,85,249,1,,2464,215,FULFILLED,ARS,41925.0,8804.25,1200.0,51929.25
5837,624,954,1,,2885,2045,FULFILLED,ARS,10800.0,2268.0,1200.0,14268.0
5838,319,391,2,3,3,383,FULFILLED,ARS,32400.0,6804.0,0.0,39204.0
5839,472,462,2,4,4,1070,FULFILLED,ARS,32400.0,6804.0,0.0,39204.0
5840,420,279,2,3,3,577,FULFILLED,ARS,14250.0,2992.5,0.0,17242.5
5841,608,1269,1,,289,259,PAID,ARS,36000.0,7560.0,0.0,43560.0
5842,602,1240,2,4,4,1373,FULFILLED,ARS,25650.0,5386.5,0.0,31036.5
5843,207,362,2,4,4,1115,FULFILLED,ARS,35280.0,7408.8,0.0,42688.8
5844,508,1120,2,4,4,,FULFILLED,ARS,14250.0,2992.5,0.0,17242.5
5845,399,347,1,,1627,3118,PAID,ARS,44100.0,9261.0,900.0,54261.0
5846,199,1222,1,,869,2296,PAID,ARS,56880.0,11944.8,1200.0,70024.8
5847,127,379,1,,327,434,PAID,ARS,10800.0,2268.0,0.0,13068.0
5848,304,1002,2,3,3,115,FULFILLED,ARS,66780.0,14023.8,0.0,80803.8
5849,457,1194,2,4,4,937,CANCELLED,ARS,44670.0,9380.7,0.0,54050.7
5850,107,302,2,3,3,221,FULFILLED,ARS,51435.0,10801.35,0.0,62236.35
5851,609,418,2,4,4,1792,FULFILLED,ARS,62280.0,13078.8,0.0,75358.8
5852,232,322,1,,717,2844,FULFILLED,ARS,33000.0,6930.0,900.0,40830.0
5853,116,590,2,2,2,,FULFILLED,ARS,44100.0,9261.0,0.0,53361.0
5854,493,1444,1,,454,1457,FULFILLED,ARS,23520.0,4939.2,900.0,29359.2
5855,628,1135,1,,1416,1386,FULFILLED,ARS,72018.0,15123.78,1200.0,88341.78
5856,604,1163,1,,1163,682,FULFILLED,ARS,35280.0,7408.8,900.0,43588.8
5857,381,591,1,,1595,2328,FULFILLED,ARS,49920.0,10483.2,900.0,61303.2
5858,377,338,1,,1118,854,FULFILLED,ARS,44100.0,9261.0,0.0,53361.0
5859,53,911,1,,2526,2059,FULFILLED,ARS,24300.0,5103.0,1500.0,30903.0
5860,414,46,2,1,1,697,FULFILLED,ARS,35280.0,7408.8,0.0,42688.8
5861,294,1344,2,2,2,322,PAID,ARS,61800.0,12978.0,0.0,74778.0
5862,543,314,2,3,3,2535,FULFILLED,ARS,14700.0,3087.0,0.0,17787.0
5863,213,932,1,,1107,2956,CANCELLED,ARS,58800.0,12348.0,1200.0,72348.0
5864,273,1358,1,,2659,748,FULFILLED,ARS,10800.0,2268.0,900.0,13968.0
5865,109,1162,2,2,2,2456,FULFILLED,ARS,44100.0,9261.0,0.0,53361.0
5866,373,1053,2,2,2,1227,FULFILLED,ARS,80505.0,16906.05,0.0,97411.05
5867,242,945,2,4,4,658,CANCELLED,ARS,32400.0,6804.0,0.0,39204.0
5868,409,697,1,,2603,3204,CANCELLED,ARS,26460.0,5556.6,1200.0,33216.6
5869,251,1101,2,1,1,386,FULFILLED,ARS,11400.0,2394.0,0.0,13794.0
5870,281,1406,2,2,2,788,FULFILLED,ARS,31752.0,6667.92,0.0,38419.92
5871,372,688,2,4,4,2710,FULFILLED,ARS,11400.0,2394.0,0.0,13794.0
5872,470,1269,2,2,2,968,CREATED,ARS,36450.0,7654.5,0.0,44104.5
5873,201,279,1,,990,2726,PAID,ARS,11760.0,2469.6,900.0,15129.6
5874,158,185,1,,2485,2419,PAID,ARS,11400.0,2394.0,1200.0,14994.0
5875,522,1492,1,,661,1159,FULFILLED,ARS,76380.0,16039.8,1200.0,93619.8
5876,409,277,1,,3157,3122,PAID,ARS,43950.0,9229.5,1200.0,54379.5
5877,548,1234,2,1,1,2560,FULFILLED,ARS,36000.0,7560.0,0.0,43560.0
5878,77,858,1,,2492,831,FULFILLED,ARS,27000.0,5670.0,1200.0,33870.0
5879,259,315,2,3,3,3004,FULFILLED,ARS,32940.0,6917.4,0.0,39857.4
5880,553,1151,2,1,1,949,FULFILLED,ARS,23520.0,4939.2,0.0,28459.2
5881,323,994,1,,694,1223,FULFILLED,ARS,48420.0,10168.2,900.0,59488.2
5882,177,9,2,3,3,2878,FULFILLED,ARS,71400.0,14994.0,0.0,86394.0
5883,268,1247,2,2,2,3165,FULFILLED,ARS,29925.0,6284.25,0.0,36209.25
5884,265,879,1,,754,2663,FULFILLED,ARS,58500.0,12285.0,1200.0,71985.0
5885,100,113,1,,2324,556,FULFILLED,ARS,36000.0,7560.0,900.0,44460.0
5886,18,1413,1,,2804,622,CANCELLED,ARS,13500.0,2835.0,1200.0,17535.0
5887,173,941,2,1,1,,PAID,ARS,22200.0,4662.0,0.0,26862.0
5888,194,1467,1,,301,1542,FULFILLED,ARS,21600.0,4536.0,1200.0,27336.0
5889,553,1188,1,,2620,1454,PAID,ARS,15000.0,3150.0,1200.0,19350.0
5890,581,1115,1,,3072,2932,FULFILLED,ARS,58500.0,12285.0,1200.0,71985.0
5891,142,1336,2,4,4,187,FULFILLED,ARS,23520.0,4939.2,0.0,28459.2
5892,18,1363,1,,313,2869,FULFILLED,ARS,15675.0,3291.75,0.0,18966.75
5893,149,785,2,3,3,1797,REFUNDED,ARS,39600.0,8316.0,0.0,47916.0
5894,420,1103,2,1,1,3066,REFUNDED,ARS,12000.0,2520.0,0.0,14520.0
5895,572,517,1,,2045,1717,CREATED,ARS,24000.0,5040.0,0.0,29040.0
5896,221,519,1,,1503,1193,FULFILLED,ARS,25650.0,5386.5,0.0,31036.5
5897,77,1319,1,,923,963,FULFILLED,ARS,21600.0,4536.0,900.0,27036.0
5898,198,182,2,1,1,,FULFILLED,ARS,87525.0,18380.25,0.0,105905.25
5899,213,316,2,1,1,,REFUNDED,ARS,44887.5,9426.38,0.0,54313.88
5900,425,990,1,,294,2481,FULFILLED,ARS,40500.0,8505.0,1200.0,50205.0
5901,303,500,1,,2393,2735,FULFILLED,ARS,40500.0,8505.0,900.0,49905.0
5902,295,353,1,,1944,542,FULFILLED,ARS,34950.0,7339.5,1500.0,43789.5
5903,262,980,1,,3112,56,PAID,ARS,55440.0,11642.4,900.0,67982.4
5904,524,1137,1,,332,223,FULFILLED,ARS,28500.0,5985.0,900.0,35385.0
5905,101,1122,1,,1994,3108,FULFILLED,ARS,49440.0,10382.4,900.0,60722.4
5906,138,588,1,,1225,3024,FULFILLED,ARS,11400.0,2394.0,1500.0,15294.0
5907,374,1144,2,3,3,2890,FULFILLED,ARS,34200.0,7182.0,0.0,41382.0
5908,162,1413,1,,211,221,FULFILLED,ARS,61110.0,12833.1,1500.0,75443.1
5909,134,1115,2,4,4,,CANCELLED,ARS,22800.0,4788.0,0.0,27588.0
5910,497,142,1,,387,2585,FULFILLED,ARS,15750.0,3307.5,900.0,19957.5
5911,74,969,2,4,4,2438,CANCELLED,ARS,25200.0,5292.0,0.0,30492.0
5912,532,1042,2,2,2,2920,FULFILLED,ARS,45864.0,9631.44,0.0,55495.44
5913,358,728,2,4,4,494,FULFILLED,ARS,25800.0,5418.0,0.0,31218.0
5914,222,1117,2,4,4,2303,CREATED,ARS,27000.0,5670.0,0.0,32670.0
5915,349,484,1,,1865,123,FULFILLED,ARS,30870.0,6482.7,900.0,38252.7
5916,483,1339,1,,2916,,PAID,ARS,14962.5,3142.12,900.0,19004.62
5917,515,1474,1,,1787,1909,FULFILLED,ARS,39900.0,8379.0,0.0,48279.0
5918,297,1161,1,,459,363,PAID,ARS,57000.0,11970.0,900.0,69870.0
5919,54,1149,2,4,4,2253,FULFILLED,ARS,44100.0,9261.0,0.0,53361.0
5920,205,477,1,,1212,345,PAID,ARS,29400.0,6174.0,1500.0,37074.0
5921,616,951,1,,2146,2748,REFUNDED,ARS,12000.0,2520.0,1200.0,15720.0
5922,515,508,1,,1426,3112,FULFILLED,ARS,62820.0,13192.2,1200.0,77212.2
5923,612,689,1,,2393,1404,FULFILLED,ARS,41100.0,8631.0,1500.0,51231.0
5924,275,289,2,4,4,1807,FULFILLED,ARS,38475.0,8079.75,0.0,46554.75
5925,597,1229,2,3,3,829,CREATED,ARS,14250.0,2992.5,0.0,17242.5
5926,381,1061,1,,872,2591,FULFILLED,ARS,12600.0,2646.0,900.0,16146.0
5927,249,1051,2,1,1,2312,FULFILLED,ARS,9720.0,2041.2,0.0,11761.2
5928,583,35,2,3,3,2528,FULFILLED,ARS,29400.0,6174.0,0.0,35574.0
5929,347,3,2,4,4,2217,FULFILLED,ARS,43050.0,9040.5,0.0,52090.5
5930,478,1186,1,,2920,,CANCELLED,ARS,28500.0,5985.0,1200.0,35685.0
5931,469,1232,2,1,1,2395,FULFILLED,ARS,53520.0,11239.2,0.0,64759.2
5932,122,1076,1,,43,1397,FULFILLED,ARS,14700.0,3087.0,1500.0,19287.0
5933,505,111,2,2,2,2703,FULFILLED,ARS,36300.0,7623.0,0.0,43923.0
5934,391,1149,2,1,1,,FULFILLED,ARS,66420.0,13948.2,0.0,80368.2
5935,513,1392,2,2,2,1231,FULFILLED,ARS,21168.0,4445.28,0.0,25613.28
5936,604,611,2,3,3,1936,FULFILLED,ARS,21600.0,4536.0,0.0,26136.0
5937,288,1313,1,,2042,500,PAID,ARS,48300.0,10143.0,1200.0,59643.0
5938,471,944,1,,222,1087,CANCELLED,ARS,12000.0,2520.0,1200.0,15720.0
5939,454,1362,1,,6,286,PAID,ARS,12000.0,2520.0,900.0,15420.0
5940,413,1225,2,1,1,96,FULFILLED,ARS,72000.0,15120.0,0.0,87120.0
5941,287,1406,1,,628,1342,FULFILLED,ARS,32400.0,6804.0,900.0,40104.0
5942,328,220,1,,155,2444,FULFILLED,ARS,30000.0,6300.0,1500.0,37800.0
5943,632,1160,1,,871,2819,FULFILLED,ARS,28500.0,5985.0,0.0,34485.0
5944,262,745,2,3,3,1283,FULFILLED,ARS,43350.0,9103.5,0.0,52453.5
5945,55,928,1,,1430,167,FULFILLED,ARS,25200.0,5292.0,1200.0,31692.0
5946,33,1377,1,,3059,2555,FULFILLED,ARS,55350.0,11623.5,0.0,66973.5
5947,49,1475,1,,2275,1201,FULFILLED,ARS,25650.0,5386.5,0.0,31036.5
5948,469,138,2,3,3,655,FULFILLED,ARS,24696.0,5186.16,0.0,29882.16
5949,280,697,1,,2245,1598,FULFILLED,ARS,14700.0,3087.0,1200.0,18987.0
5950,605,1393,1,,2281,3169,FULFILLED,ARS,27000.0,5670.0,1500.0,34170.0
5951,350,1000,1,,2066,2520,FULFILLED,ARS,25173.0,5286.33,1500.0,31959.33
5952,455,206,1,,1594,1717,CANCELLED,ARS,29700.0,6237.0,1500.0,37437.0
5953,556,722,1,,1333,1329,FULFILLED,ARS,22800.0,4788.0,900.0,28488.0
5954,392,1447,1,,1578,2667,FULFILLED,ARS,13500.0,2835.0,1500.0,17835.0
5955,459,1466,2,4,4,2432,FULFILLED,ARS,23520.0,4939.2,0.0,28459.2
5956,25,189,1,,941,1163,FULFILLED,ARS,10584.0,2222.64,1200.0,14006.64
5957,220,148,1,,230,1708,FULFILLED,ARS,36450.0,7654.5,900.0,45004.5
5958,579,1258,1,,1000,592,CANCELLED,ARS,59520.0,12499.2,900.0,72919.2
5959,218,596,1,,173,2061,FULFILLED,ARS,21168.0,4445.28,0.0,25613.28
5960,481,546,2,3,3,604,CANCELLED,ARS,62100.0,13041.0,0.0,75141.0
5961,391,100,2,2,2,331,FULFILLED,ARS,29400.0,6174.0,0.0,35574.0
5962,615,1473,1,,1247,2244,FULFILLED,ARS,36000.0,7560.0,1500.0,45060.0
5963,29,913,2,1,1,1406,FULFILLED,ARS,67410.0,14156.1,0.0,81566.1
5964,258,43,1,,1564,1124,PAID,ARS,50610.0,10628.1,1200.0,62438.1
5965,18,882,2,4,4,856,FULFILLED,ARS,20520.0,4309.2,0.0,24829.2
5966,339,979,1,,995,2375,PAID,ARS,57150.0,12001.5,1200.0,70351.5
5967,513,281,1,,2112,304,FULFILLED,ARS,24000.0,5040.0,1200.0,30240.0
5968,590,32,1,,2037,634,FULFILLED,ARS,57240.0,12020.4,0.0,69260.4
5969,443,1427,2,1,1,2226,FULFILLED,ARS,24000.0,5040.0,0.0,29040.0
5970,629,112,2,3,3,406,FULFILLED,ARS,12000.0,2520.0,0.0,14520.0
5971,583,187,1,,687,1732,FULFILLED,ARS,32400.0,6804.0,1500.0,40704.0
5972,521,757,1,,3102,876,FULFILLED,ARS,32400.0,6804.0,900.0,40104.0
5973,197,849,1,,2983,829,FULFILLED,ARS,21600.0,4536.0,900.0,27036.0
5974,339,902,1,,1715,261,FULFILLED,ARS,15000.0,3150.0,900.0,19050.0
5975,236,38,2,1,1,83,FULFILLED,ARS,9720.0,2041.2,0.0,11761.2
5976,297,1129,1,,1954,,FULFILLED,ARS,23520.0,4939.2,900.0,29359.2
5977,522,561,1,,2924,237,PAID,ARS,47250.0,9922.5,0.0,57172.5
5978,354,141,1,,2712,2489,PAID,ARS,35280.0,7408.8,1500.0,44188.8
5979,478,1236,1,,922,1108,PAID,ARS,48720.0,10231.2,0.0,58951.2
5980,127,276,1,,3041,645,FULFILLED,ARS,27000.0,5670.0,1200.0,33870.0
5981,298,375,2,2,2,743,PAID,ARS,29160.0,6123.6,0.0,35283.6
5982,518,370,2,3,3,110,FULFILLED,ARS,20520.0,4309.2,0.0,24829.2
5983,37,1304,2,1,1,425,FULFILLED,ARS,14700.0,3087.0,0.0,17787.0
5984,347,926,1,,3170,293,PAID,ARS,34200.0,7182.0,1500.0,42882.0
5985,498,468,2,2,2,128,PAID,ARS,39690.0,8334.9,0.0,48024.9
5986,419,562,2,2,2,1379,REFUNDED,ARS,10260.0,2154.6,0.0,12414.6
5987,49,986,1,,1234,503,FULFILLED,ARS,49530.0,10401.3,1200.0,61131.3
5988,531,1343,2,2,2,,FULFILLED,ARS,92790.0,19485.9,0.0,112275.9
5989,549,983,1,,3108,704,CANCELLED,ARS,52470.0,11018.7,900.0,64388.7
5990,427,1133,2,2,2,2875,FULFILLED,ARS,11340.0,2381.4,0.0,13721.4
5991,224,716,2,3,3,381,FULFILLED,ARS,14250.0,2992.5,0.0,17242.5
5992,404,333,1,,2377,,FULFILLED,ARS,30870.0,6482.7,1500.0,38852.7
5993,397,1297,1,,765,2519,FULFILLED,ARS,16170.0,3395.7,0.0,19565.7
5994,579,1344,1,,841,1753,CANCELLED,ARS,32400.0,6804.0,900.0,40104.0
5995,265,1099,2,3,3,107,FULFILLED,ARS,10800.0,2268.0,0.0,13068.0
5996,634,49,1,,1358,1066,FULFILLED,ARS,28500.0,5985.0,1500.0,35985.0
5997,43,444,2,3,3,534,FULFILLED,ARS,70500.0,14805.0,0.0,85305.0
5998,480,1215,1,,2862,983,CANCELLED,ARS,23520.0,4939.2,1500.0,29959.2
5999,130,610,2,2,2,247,FULFILLED,ARS,101700.0,21357.0,0.0,123057.0
6000,364,93,1,,1344,2718,FULFILLED,ARS,44887.5,9426.38,900.0,55213.88
6001,26,1318,2,3,3,2405,PAID,ARS,86730.0,18213.3,0.0,104943.3
6002,467,167,2,3,3,2710,REFUNDED,ARS,12000.0,2520.0,0.0,14520.0
6003,201,789,1,,778,1744,FULFILLED,ARS,36000.0,7560.0,1200.0,44760.0
6004,274,1290,1,,1671,511,FULFILLED,ARS,19440.0,4082.4,900.0,24422.4
6005,208,1340,2,4,4,1583,FULFILLED,ARS,10260.0,2154.6,0.0,12414.6
6006,35,327,1,,1783,997,PAID,ARS,23520.0,4939.2,0.0,28459.2
6007,62,1131,1,,645,475,PAID,ARS,63420.0,13318.2,1200.0,77938.2
6008,429,295,1,,2770,115,FULFILLED,ARS,45168.0,9485.28,900.0,55553.28
6009,345,580,1,,2758,1684,FULFILLED,ARS,25260.0,5304.6,900.0,31464.6
6010,447,364,1,,2716,,FULFILLED,ARS,28350.0,5953.5,900.0,35203.5
6011,362,353,1,,2371,1991,FULFILLED,ARS,36000.0,7560.0,0.0,43560.0
6012,161,966,2,1,1,483,FULFILLED,ARS,25500.0,5355.0,0.0,30855.0
6013,141,220,1,,1899,1174,CANCELLED,ARS,35280.0,7408.8,900.0,43588.8
6014,318,534,1,,838,557,FULFILLED,ARS,75480.0,15850.8,1200.0,92530.8
6015,300,1488,2,4,4,1657,FULFILLED,ARS,22800.0,4788.0,0.0,27588.0
6016,209,10,1,,1835,209,FULFILLED,ARS,50220.0,10546.2,0.0,60766.2
6017,518,269,1,,1374,367,FULFILLED,ARS,21600.0,4536.0,1200.0,27336.0
6018,346,724,1,,1955,1531,FULFILLED,ARS,45000.0,9450.0,900.0,55350.0
6019,463,37,1,,957,662,FULFILLED,ARS,47820.0,10042.2,900.0,58762.2
6020,66,459,2,3,3,1060,FULFILLED,ARS,21168.0,4445.28,0.0,25613.28
6021,472,1411,1,,2470,1401,CANCELLED,ARS,15000.0,3150.0,1200.0,19350.0
6022,604,382,2,4,4,1081,FULFILLED,ARS,29700.0,6237.0,0.0,35937.0
6023,226,1096,1,,1071,3041,FULFILLED,ARS,9720.0,2041.2,900.0,12661.2
6024,397,894,1,,2015,2682,FULFILLED,ARS,34200.0,7182.0,0.0,41382.0
6025,444,1403,2,2,2,1091,FULFILLED,ARS,34020.0,7144.2,0.0,41164.2
6026,526,647,1,,1355,63,FULFILLED,ARS,28500.0,5985.0,1200.0,35685.0
6027,229,65,2,4,4,2141,FULFILLED,ARS,13230.0,2778.3,0.0,16008.3
6028,536,259,1,,2426,1976,CANCELLED,ARS,11970.0,2513.7,0.0,14483.7
6029,426,210,1,,2850,161,FULFILLED,ARS,67680.0,14212.8,1200.0,83092.8
6030,163,584,1,,2662,2922,FULFILLED,ARS,10800.0,2268.0,1200.0,14268.0
6031,327,876,1,,2123,763,FULFILLED,ARS,16500.0,3465.0,900.0,20865.0
6032,372,221,1,,1823,2474,FULFILLED,ARS,48435.0,10171.35,1200.0,59806.35
6033,470,669,1,,2441,427,CANCELLED,ARS,56430.0,11850.3,1500.0,69780.3
6034,311,858,1,,2450,1712,FULFILLED,ARS,20520.0,4309.2,900.0,25729.2
6035,433,1179,1,,2912,723,FULFILLED,ARS,24000.0,5040.0,900.0,29940.0
6036,146,970,1,,2733,1527,FULFILLED,ARS,29925.0,6284.25,1200.0,37409.25
6037,633,982,2,3,3,556,CANCELLED,ARS,66600.0,13986.0,0.0,80586.0
6038,612,1090,2,2,2,1196,FULFILLED,ARS,30000.0,6300.0,0.0,36300.0
6039,407,939,1,,1530,2145,FULFILLED,ARS,35280.0,7408.8,1200.0,43888.8
6040,27,1276,1,,2283,1186,FULFILLED,ARS,21600.0,4536.0,1200.0,27336.0
6041,97,533,1,,7,1341,FULFILLED,ARS,40500.0,8505.0,1200.0,50205.0
6042,498,583,2,1,1,623,CANCELLED,ARS,35910.0,7541.1,0.0,43451.1
6043,573,987,2,4,4,2566,FULFILLED,ARS,64020.0,13444.2,0.0,77464.2
6044,302,1073,2,3,3,2357,FULFILLED,ARS,11340.0,2381.4,0.0,13721.4
6045,15,125,1,,2242,2779,FULFILLED,ARS,52470.0,11018.7,1500.0,64988.7
6046,501,86,2,1,1,253,FULFILLED,ARS,67905.0,14260.05,0.0,82165.05
6047,225,574,2,3,3,880,FULFILLED,ARS,36000.0,7560.0,0.0,43560.0
6048,91,31,1,,1976,1735,FULFILLED,ARS,44100.0,9261.0,900.0,54261.0
6049,344,109,2,1,1,1817,FULFILLED,ARS,62100.0,13041.0,0.0,75141.0
6050,221,1171,2,3,3,577,PAID,ARS,11760.0,2469.6,0.0,14229.6
6051,93,942,1,,1992,2980,FULFILLED,ARS,10800.0,2268.0,1200.0,14268.0
6052,49,1318,1,,2212,669,FULFILLED,ARS,53160.0,11163.6,1200.0,65523.6
6053,367,1024,2,1,1,1928,CREATED,ARS,85500.0,17955.0,0.0,103455.0
6054,605,27,2,2,2,1631,FULFILLED,ARS,21600.0,4536.0,0.0,26136.0
6055,596,347,1,,547,1800,FULFILLED,ARS,29925.0,6284.25,900.0,37109.25
6056,628,1161,1,,2849,1515,PAID,ARS,40200.0,8442.0,900.0,49542.0
6057,620,1134,2,4,4,2797,FULFILLED,ARS,30000.0,6300.0,0.0,36300.0
6058,568,495,1,,1733,1208,PAID,ARS,61200.0,12852.0,1500.0,75552.0
6059,255,75,2,3,3,1434,FULFILLED,ARS,11760.0,2469.6,0.0,14229.6
6060,357,598,2,1,1,2108,PAID,ARS,28500.0,5985.0,0.0,34485.0
6061,428,105,2,1,1,347,FULFILLED,ARS,39690.0,8334.9,0.0,48024.9
6062,78,459,2,4,4,,FULFILLED,ARS,94020.0,19744.2,0.0,113764.2
6063,2,1263,1,,3101,777,FULFILLED,ARS,9720.0,2041.2,900.0,12661.2
6064,31,1483,1,,2498,2038,FULFILLED,ARS,42240.0,8870.4,1200.0,52310.4
6065,627,1072,2,4,4,2792,PAID,ARS,21600.0,4536.0,0.0,26136.0
6066,193,1230,1,,2150,314,FULFILLED,ARS,56400.0,11844.0,1500.0,69744.0
6067,161,1314,2,4,4,3120,CANCELLED,ARS,10260.0,2154.6,0.0,12414.6
6068,286,1167,2,3,3,1456,FULFILLED,ARS,61650.0,12946.5,0.0,74596.5
6069,176,55,2,1,1,1753,FULFILLED,ARS,32400.0,6804.0,0.0,39204.0
6070,462,1188,1,,376,1867,FULFILLED,ARS,12150.0,2551.5,1500.0,16201.5
6071,494,1409,1,,2376,,FULFILLED,ARS,36000.0,7560.0,0.0,43560.0
6072,288,1463,2,4,4,2235,FULFILLED,ARS,48780.0,10243.8,0.0,59023.8
6073,589,1130,1,,400,2502,FULFILLED,ARS,25872.0,5433.12,1200.0,32505.12
6074,518,499,1,,2040,,FULFILLED,ARS,69660.0,14628.6,900.0,85188.6
6075,365,1005,2,4,4,2824,FULFILLED,ARS,40260.0,8454.6,0.0,48714.6
6076,355,727,1,,1133,1932,PAID,ARS,47025.0,9875.25,900.0,57800.25
6077,531,1472,2,2,2,1675,CANCELLED,ARS,37500.0,7875.0,0.0,45375.0
6078,17,920,2,2,2,1352,CREATED,ARS,9720.0,2041.2,0.0,11761.2
6079,383,376,2,4,4,359,FULFILLED,ARS,58560.0,12297.6,0.0,70857.6
6080,349,402,1,,634,3050,CANCELLED,ARS,39084.0,8207.64,900.0,48191.64
6081,536,724,2,4,4,157,FULFILLED,ARS,38940.0,8177.4,0.0,47117.4
6082,356,1406,1,,1598,287,FULFILLED,ARS,14175.0,2976.75,1200.0,18351.75
6083,26,979,2,4,4,2009,FULFILLED,ARS,48510.0,10187.1,0.0,58697.1
6084,169,1307,2,4,4,2065,PAID,ARS,32400.0,6804.0,0.0,39204.0
6085,65,743,1,,2426,129,FULFILLED,ARS,22800.0,4788.0,0.0,27588.0
6086,356,947,1,,2070,,PAID,ARS,25200.0,5292.0,1200.0,31692.0
6087,453,443,1,,1151,3021,FULFILLED,ARS,20520.0,4309.2,1500.0,26329.2
6088,123,921,2,2,2,3171,FULFILLED,ARS,69690.0,14634.9,0.0,84324.9
6089,285,934,2,4,4,1549,CREATED,ARS,13230.0,2778.3,0.0,16008.3
6090,637,1132,2,4,4,1055,FULFILLED,ARS,22680.0,4762.8,0.0,27442.8
6091,382,52,2,2,2,1138,FULFILLED,ARS,56400.0,11844.0,0.0,68244.0
6092,333,1111,1,,1669,1451,PAID,ARS,62916.0,13212.36,1200.0,77328.36
6093,112,505,2,2,2,1362,PAID,ARS,32400.0,6804.0,0.0,39204.0
6094,505,1286,2,4,4,2412,FULFILLED,ARS,35280.0,7408.8,0.0,42688.8
6095,547,220,1,,90,2093,FULFILLED,ARS,44887.5,9426.38,1200.0,55513.88
6096,462,673,2,2,2,3174,PAID,ARS,11760.0,2469.6,0.0,14229.6
6097,561,557,1,,45,,FULFILLED,ARS,13500.0,2835.0,1200.0,17535.0
6098,590,797,2,4,4,1288,FULFILLED,ARS,37800.0,7938.0,0.0,45738.0
6099,214,596,1,,2679,1731,FULFILLED,ARS,12000.0,2520.0,1200.0,15720.0
6100,449,1167,1,,1982,2748,PAID,ARS,44100.0,9261.0,900.0,54261.0
6101,184,658,1,,259,,FULFILLED,ARS,35280.0,7408.8,1500.0,44188.8
6102,107,518,1,,1260,2130,FULFILLED,ARS,64680.0,13582.8,1200.0,79462.8
6103,94,1318,1,,1314,879,FULFILLED,ARS,42750.0,8977.5,1200.0,52927.5
6104,171,721,2,3,3,,FULFILLED,ARS,24300.0,5103.0,0.0,29403.0
6105,624,275,1,,2796,2785,PAID,ARS,70875.0,14883.75,1200.0,86958.75
6106,597,1310,2,4,4,1399,PAID,ARS,11400.0,2394.0,0.0,13794.0
6107,633,555,2,1,1,1009,FULFILLED,ARS,15750.0,3307.5,0.0,19057.5
6108,270,1020,1,,387,1875,PAID,ARS,46305.0,9724.05,900.0,56929.05
6109,159,1013,1,,3137,2065,FULFILLED,ARS,22800.0,4788.0,1500.0,29088.0
6110,507,415,2,2,2,133,FULFILLED,ARS,35280.0,7408.8,0.0,42688.8
6111,359,1155,2,4,4,2280,CREATED,ARS,32400.0,6804.0,0.0,39204.0
6112,18,1426,1,,2318,118,FULFILLED,ARS,35280.0,7408.8,900.0,43588.8
6113,515,1269,2,1,1,2148,FULFILLED,ARS,34260.0,7194.6,0.0,41454.6
6114,247,1230,1,,3099,996,FULFILLED,ARS,27000.0,5670.0,900.0,33570.0
6115,324,972,2,3,3,982,FULFILLED,ARS,29400.0,6174.0,0.0,35574.0
6116,625,1107,1,,2762,2448,PAID,ARS,14962.5,3142.12,900.0,19004.62
6117,246,788,1,,1655,1930,FULFILLED,ARS,13500.0,2835.0,0.0,16335.0
6118,185,1120,1,,1597,992,FULFILLED,ARS,41880.0,8794.8,0.0,50674.8
6119,239,168,1,,603,1825,CREATED,ARS,23520.0,4939.2,1500.0,29959.2
6120,244,746,2,2,2,791,CANCELLED,ARS,10260.0,2154.6,0.0,12414.6
6121,441,127,1,,2637,1667,FULFILLED,ARS,28350.0,5953.5,1200.0,35503.5
6122,73,447,1,,680,2085,FULFILLED,ARS,47250.0,9922.5,900.0,58072.5
6123,207,815,1,,2895,,FULFILLED,ARS,24000.0,5040.0,900.0,29940.0
6124,348,882,1,,461,3062,FULFILLED,ARS,64800.0,13608.0,1200.0,79608.0
6125,404,1213,1,,2662,2555,FULFILLED,ARS,15000.0,3150.0,1200.0,19350.0
6126,334,1266,1,,1280,1782,FULFILLED,ARS,31185.0,6548.85,1500.0,39233.85
6127,323,195,1,,2595,2354,FULFILLED,ARS,14700.0,3087.0,1200.0,18987.0
6128,298,1128,2,3,3,751,FULFILLED,ARS,40500.0,8505.0,0.0,49005.0
6129,116,661,1,,284,1241,CANCELLED,ARS,58200.0,12222.0,1200.0,71622.0
6130,296,1054,1,,2520,2692,FULFILLED,ARS,55800.0,11718.0,1200.0,68718.0
6131,268,887,1,,2387,1161,FULFILLED,ARS,12600.0,2646.0,1200.0,16446.0
6132,44,71,1,,1168,425,CANCELLED,ARS,25650.0,5386.5,1200.0,32236.5
6133,448,1303,1,,977,3185,FULFILLED,ARS,29700.0,6237.0,1200.0,37137.0
6134,140,545,1,,2602,622,FULFILLED,ARS,24000.0,5040.0,1200.0,30240.0
6135,520,613,2,2,2,2388,REFUNDED,ARS,29160.0,6123.6,0.0,35283.6
6136,90,616,1,,545,588,CANCELLED,ARS,28500.0,5985.0,900.0,35385.0
6137,281,309,1,,482,2045,CREATED,ARS,20520.0,4309.2,900.0,25729.2
6138,218,740,1,,2541,2838,PAID,ARS,28500.0,5985.0,1200.0,35685.0
6139,474,1281,2,1,1,,PAID,ARS,11760.0,2469.6,0.0,14229.6
6140,180,347,2,3,3,482,FULFILLED,ARS,43950.0,9229.5,0.0,53179.5
6141,65,1385,1,,1768,286,FULFILLED,ARS,47400.0,9954.0,1200.0,58554.0
6142,473,547,2,4,4,2970,PAID,ARS,23520.0,4939.2,0.0,28459.2
6143,185,726,1,,2699,1108,FULFILLED,ARS,44100.0,9261.0,900.0,54261.0
6144,125,315,2,3,3,,REFUNDED,ARS,59400.0,12474.0,0.0,71874.0
6145,403,914,1,,680,1375,PAID,ARS,34200.0,7182.0,900.0,42282.0
6146,582,896,1,,2464,1674,FULFILLED,ARS,90450.0,18994.5,900.0,110344.5
6147,451,289,2,3,3,2979,CANCELLED,ARS,15000.0,3150.0,0.0,18150.0
6148,130,597,2,4,4,2335,PAID,ARS,54900.0,11529.0,0.0,66429.0
6149,467,195,1,,1874,2073,PAID,ARS,64200.0,13482.0,1500.0,79182.0
6150,601,1129,2,4,4,2759,FULFILLED,ARS,34200.0,7182.0,0.0,41382.0
6151,14,713,1,,1395,1121,FULFILLED,ARS,42750.0,8977.5,900.0,52627.5
6152,375,1158,1,,2427,2354,CANCELLED,ARS,72900.0,15309.0,1500.0,89709.0
6153,178,820,2,4,4,985,CANCELLED,ARS,64152.0,13471.92,0.0,77623.92
6154,227,425,1,,774,108,FULFILLED,ARS,40500.0,8505.0,900.0,49905.0
6155,56,461,1,,2650,2236,FULFILLED,ARS,12000.0,2520.0,0.0,14520.0
6156,271,804,2,1,1,2269,FULFILLED,ARS,39084.0,8207.64,0.0,47291.64
6157,463,83,1,,704,1394,PAID,ARS,79200.0,16632.0,1200.0,97032.0
6158,99,376,2,3,3,248,FULFILLED,ARS,44400.0,9324.0,0.0,53724.0
6159,125,1429,1,,896,790,FULFILLED,ARS,24348.0,5113.08,0.0,29461.08
6160,231,1360,1,,1553,203,FULFILLED,ARS,63000.0,13230.0,1200.0,77430.0
6161,516,900,1,,545,714,FULFILLED,ARS,26400.0,5544.0,1500.0,33444.0
6162,39,1039,1,,58,2781,FULFILLED,ARS,22800.0,4788.0,1500.0,29088.0
6163,266,1066,1,,2864,2834,FULFILLED,ARS,32400.0,6804.0,0.0,39204.0
6164,533,165,2,4,4,2198,FULFILLED,ARS,35280.0,7408.8,0.0,42688.8
6165,466,957,1,,881,2300,FULFILLED,ARS,11970.0,2513.7,900.0,15383.7
6166,639,1335,1,,2897,,PAID,ARS,101310.0,21275.1,1200.0,123785.1
6167,231,442,2,1,1,3117,FULFILLED,ARS,47250.0,9922.5,0.0,57172.5
6168,103,1443,2,1,1,1582,FULFILLED,ARS,21600.0,4536.0,0.0,26136.0
6169,77,492,1,,1923,330,FULFILLED,ARS,39600.0,8316.0,1200.0,49116.0
6170,269,944,1,,2643,285,PAID,ARS,27000.0,5670.0,900.0,33570.0
6171,502,370,1,,1299,,FULFILLED,ARS,25650.0,5386.5,1200.0,32236.5
6172,185,516,1,,351,,FULFILLED,ARS,14250.0,2992.5,1500.0,18742.5
6173,62,1392,1,,262,822,FULFILLED,ARS,29700.0,6237.0,1200.0,37137.0
6174,174,1019,2,2,2,,CREATED,ARS,29160.0,6123.6,0.0,35283.6
6175,134,337,1,,100,404,FULFILLED,ARS,36000.0,7560.0,900.0,44460.0
6176,442,387,1,,521,640,FULFILLED,ARS,13230.0,2778.3,1500.0,17508.3
6177,183,281,1,,2619,1980,FULFILLED,ARS,21600.0,4536.0,1200.0,27336.0
6178,477,628,1,,1308,2791,FULFILLED,ARS,12600.0,2646.0,900.0,16146.0
6179,527,952,1,,2681,1560,PAID,ARS,45000.0,9450.0,1500.0,55950.0
6180,248,1340,1,,1101,2896,FULFILLED,ARS,42750.0,8977.5,900.0,52627.5
6181,253,1076,1,,3174,2157,FULFILLED,ARS,64152.0,13471.92,0.0,77623.92
6182,63,185,1,,41,1069,FULFILLED,ARS,46650.0,9796.5,1200.0,57646.5
6183,630,475,1,,308,617,PAID,ARS,39600.0,8316.0,900.0,48816.0
6184,535,154,1,,3080,2566,FULFILLED,ARS,45600.0,9576.0,1200.0,56376.0
6185,68,1168,2,4,4,274,FULFILLED,ARS,79050.0,16600.5,0.0,95650.5
6186,633,309,1,,1377,255,FULFILLED,ARS,55272.0,11607.12,1200.0,68079.12
6187,150,828,2,4,4,128,REFUNDED,ARS,34020.0,7144.2,0.0,41164.2
6188,83,1200,1,,992,2718,FULFILLED,ARS,64350.0,13513.5,1200.0,79063.5
6189,238,1286,1,,1628,,FULFILLED,ARS,42780.0,8983.8,900.0,52663.8
6190,33,659,2,1,1,61,FULFILLED,ARS,56070.0,11774.7,0.0,67844.7
6191,544,430,1,,2797,2519,FULFILLED,ARS,22800.0,4788.0,900.0,28488.0
6192,440,704,1,,3011,265,FULFILLED,ARS,22800.0,4788.0,1200.0,28788.0
6193,172,1087,2,3,3,969,FULFILLED,ARS,29700.0,6237.0,0.0,35937.0
6194,363,63,1,,218,2488,FULFILLED,ARS,36000.0,7560.0,1200.0,44760.0
6195,411,1388,1,,850,18,REFUNDED,ARS,57712.5,12119.62,1500.0,71332.12
6196,11,987,2,1,1,1862,PAID,ARS,31752.0,6667.92,0.0,38419.92
6197,3,311,1,,1971,1322,FULFILLED,ARS,33000.0,6930.0,1200.0,41130.0
6198,291,379,2,4,4,1227,FULFILLED,ARS,32400.0,6804.0,0.0,39204.0
6199,186,585,1,,956,290,CREATED,ARS,14850.0,3118.5,900.0,18868.5
6200,594,877,1,,2706,1218,REFUNDED,ARS,64200.0,13482.0,900.0,78582.0
6201,576,416,2,3,3,1035,CANCELLED,ARS,32400.0,6804.0,0.0,39204.0
6202,327,173,1,,1857,,FULFILLED,ARS,32400.0,6804.0,900.0,40104.0
6203,606,659,1,,86,633,FULFILLED,ARS,31752.0,6667.92,900.0,39319.92
6204,426,4,1,,1911,1104,FULFILLED,ARS,27000.0,5670.0,1500.0,34170.0
6205,57,849,2,1,1,1488,FULFILLED,ARS,34200.0,7182.0,0.0,41382.0
6206,405,271,2,4,4,1918,FULFILLED,ARS,23520.0,4939.2,0.0,28459.2
6207,549,1388,1,,157,1842,FULFILLED,ARS,35640.0,7484.4,0.0,43124.4
6208,496,623,1,,1778,661,CANCELLED,ARS,29137.5,6118.88,1200.0,36456.38
6209,257,1388,1,,620,713,FULFILLED,ARS,31170.0,6545.7,900.0,38615.7
6210,195,1427,2,2,2,988,CANCELLED,ARS,11400.0,2394.0,0.0,13794.0
6211,44,1139,2,4,4,991,FULFILLED,ARS,30870.0,6482.7,0.0,37352.7
6212,602,463,1,,432,2435,FULFILLED,ARS,12348.0,2593.08,900.0,15841.08
6213,124,1430,1,,997,2519,FULFILLED,ARS,21600.0,4536.0,0.0,26136.0
6214,128,499,1,,1431,2590,PAID,ARS,58305.0,12244.05,900.0,71449.05
6215,107,67,1,,2854,2536,FULFILLED,ARS,41760.0,8769.6,900.0,51429.6
6216,601,249,1,,636,983,REFUNDED,ARS,13230.0,2778.3,0.0,16008.3
6217,338,764,1,,1440,2700,FULFILLED,ARS,22800.0,4788.0,1500.0,29088.0
6218,633,911,2,3,3,283,FULFILLED,ARS,42675.0,8961.75,0.0,51636.75
6219,548,801,2,3,3,2969,REFUNDED,ARS,24696.0,5186.16,0.0,29882.16
6220,459,130,1,,1165,2717,FULFILLED,ARS,78000.0,16380.0,900.0,95280.0
6221,593,1106,1,,900,1275,CANCELLED,ARS,29400.0,6174.0,1200.0,36774.0
6222,75,1441,1,,2607,2608,FULFILLED,ARS,106530.0,22371.3,1500.0,130401.3
6223,453,364,1,,230,2751,PAID,ARS,11970.0,2513.7,900.0,15383.7
6224,96,35,1,,3121,2901,PAID,ARS,11400.0,2394.0,1200.0,14994.0
6225,460,1451,1,,1000,1976,FULFILLED,ARS,13500.0,2835.0,900.0,17235.0
6226,48,679,1,,172,699,FULFILLED,ARS,32400.0,6804.0,900.0,40104.0
6227,15,1084,1,,2211,246,FULFILLED,ARS,23520.0,4939.2,1200.0,29659.2
6228,515,248,1,,729,208,FULFILLED,ARS,37800.0,7938.0,0.0,45738.0
6229,459,1249,1,,2033,1209,FULFILLED,ARS,12600.0,2646.0,1200.0,16446.0
6230,156,4,2,1,1,252,FULFILLED,ARS,35760.0,7509.6,0.0,43269.6
6231,328,1405,2,3,3,1072,CANCELLED,ARS,36000.0,7560.0,0.0,43560.0
6232,89,1212,2,4,4,2503,FULFILLED,ARS,47670.0,10010.7,0.0,57680.7
6233,513,962,1,,259,298,FULFILLED,ARS,28500.0,5985.0,900.0,35385.0
6234,160,1016,2,3,3,1454,CANCELLED,ARS,40230.0,8448.3,0.0,48678.3
6235,2,1346,1,,2965,1185,FULFILLED,ARS,23520.0,4939.2,1200.0,29659.2
6236,315,249,1,,2336,655,CANCELLED,ARS,62520.0,13129.2,900.0,76549.2
6237,136,1301,1,,3138,2783,PAID,ARS,43200.0,9072.0,1200.0,53472.0
6238,420,1224,2,4,4,236,CANCELLED,ARS,30780.0,6463.8,0.0,37243.8
6239,517,790,1,,2519,1879,FULFILLED,ARS,27000.0,5670.0,900.0,33570.0
6240,186,1307,1,,1395,1069,PAID,ARS,70200.0,14742.0,900.0,85842.0
6241,112,56,1,,2447,2010,FULFILLED,ARS,11400.0,2394.0,900.0,14694.0
6242,291,266,2,4,4,1573,PAID,ARS,38520.0,8089.2,0.0,46609.2
6243,367,80,2,1,1,1755,FULFILLED,ARS,21600.0,4536.0,0.0,26136.0
6244,515,1458,2,3,3,344,FULFILLED,ARS,10260.0,2154.6,0.0,12414.6
6245,59,685,1,,570,974,PAID,ARS,20520.0,4309.2,1500.0,26329.2
6246,324,1284,2,1,1,1477,FULFILLED,ARS,11760.0,2469.6,0.0,14229.6
6247,137,1460,2,1,1,2076,FULFILLED,ARS,14962.5,3142.12,0.0,18104.62
6248,104,1024,1,,1446,768,PAID,ARS,31500.0,6615.0,1200.0,39315.0
6249,496,937,1,,337,155,FULFILLED,ARS,14250.0,2992.5,1200.0,18442.5
6250,88,1489,2,1,1,2477,FULFILLED,ARS,22680.0,4762.8,0.0,27442.8
6251,156,1233,2,4,4,2915,FULFILLED,ARS,66420.0,13948.2,0.0,80368.2
6252,584,176,1,,2837,1212,FULFILLED,ARS,59520.0,12499.2,0.0,72019.2
6253,112,396,1,,3154,2727,FULFILLED,ARS,47628.0,10001.88,900.0,58529.88
6254,511,552,1,,828,682,FULFILLED,ARS,25650.0,5386.5,900.0,31936.5
6255,248,709,1,,2673,1665,FULFILLED,ARS,35850.0,7528.5,1500.0,44878.5
6256,529,1262,1,,12,2358,FULFILLED,ARS,25650.0,5386.5,1200.0,32236.5
6257,481,310,2,2,2,3035,PAID,ARS,14700.0,3087.0,0.0,17787.0
6258,254,1258,1,,3080,1844,FULFILLED,ARS,24000.0,5040.0,900.0,29940.0
6259,108,1039,2,3,3,3152,FULFILLED,ARS,44887.5,9426.38,0.0,54313.88
6260,405,145,1,,1506,847,FULFILLED,ARS,10260.0,2154.6,1200.0,13614.6
6261,22,928,1,,2542,,FULFILLED,ARS,33750.0,7087.5,1200.0,42037.5
6262,553,1061,1,,858,1719,FULFILLED,ARS,60780.0,12763.8,0.0,73543.8
6263,136,1421,2,1,1,3119,FULFILLED,ARS,40500.0,8505.0,0.0,49005.0
6264,576,1219,1,,2782,,PAID,ARS,69300.0,14553.0,900.0,84753.0
6265,628,510,1,,1239,783,REFUNDED,ARS,23520.0,4939.2,900.0,29359.2
6266,491,684,1,,596,1075,FULFILLED,ARS,21600.0,4536.0,900.0,27036.0
6267,294,727,1,,2981,319,FULFILLED,ARS,34020.0,7144.2,1200.0,42364.2
6268,381,584,1,,1086,2320,FULFILLED,ARS,53925.0,11324.25,1500.0,66749.25
6269,425,521,1,,2220,,CANCELLED,ARS,13500.0,2835.0,1200.0,17535.0
6270,389,475,1,,45,2238,FULFILLED,ARS,69900.0,14679.0,1200.0,85779.0
6271,309,1472,1,,1331,,PAID,ARS,14700.0,3087.0,900.0,18687.0
6272,483,188,1,,2796,1801,FULFILLED,ARS,57000.0,11970.0,1500.0,70470.0
6273,104,601,2,1,1,912,FULFILLED,ARS,14700.0,3087.0,0.0,17787.0
6274,597,407,1,,220,,FULFILLED,ARS,15750.0,3307.5,900.0,19957.5
6275,382,210,2,2,2,992,FULFILLED,ARS,48510.0,10187.1,0.0,58697.1
6276,264,1472,2,2,2,2502,REFUNDED,ARS,27000.0,5670.0,0.0,32670.0
6277,428,1317,2,1,1,3125,FULFILLED,ARS,21600.0,4536.0,0.0,26136.0
6278,333,1450,1,,2482,1103,FULFILLED,ARS,20520.0,4309.2,1500.0,26329.2
6279,578,724,1,,566,230,FULFILLED,ARS,28500.0,5985.0,0.0,34485.0
6280,382,942,1,,66,30,PAID,ARS,40500.0,8505.0,900.0,49905.0
6281,49,226,1,,773,1504,FULFILLED,ARS,11400.0,2394.0,1500.0,15294.0
6282,637,675,2,2,2,196,PAID,ARS,66960.0,14061.6,0.0,81021.6
6283,419,1366,1,,1366,365,FULFILLED,ARS,29400.0,6174.0,1200.0,36774.0
6284,314,1464,1,,3074,2582,PAID,ARS,23760.0,4989.6,1200.0,29949.6
6285,496,1317,2,2,2,2616,FULFILLED,ARS,24000.0,5040.0,0.0,29040.0
6286,322,321,1,,1978,219,REFUNDED,ARS,27000.0,5670.0,0.0,32670.0
6287,501,288,2,3,3,,PAID,ARS,21600.0,4536.0,0.0,26136.0
6288,46,839,1,,2502,1251,PAID,ARS,13500.0,2835.0,1200.0,17535.0
6289,16,63,2,4,4,2421,PAID,ARS,54540.0,11453.4,0.0,65993.4
6290,30,74,1,,2410,2979,FULFILLED,ARS,21600.0,4536.0,1200.0,27336.0
6291,173,1359,1,,2851,1609,FULFILLED,ARS,12936.0,2716.56,1200.0,16852.56
6292,542,735,1,,2964,1732,CANCELLED,ARS,30780.0,6463.8,0.0,37243.8
6293,338,583,2,2,2,679,FULFILLED,ARS,34200.0,7182.0,0.0,41382.0
6294,36,403,1,,1948,1740,PAID,ARS,14700.0,3087.0,900.0,18687.0
6295,265,144,2,4,4,997,FULFILLED,ARS,53640.0,11264.4,0.0,64904.4
6296,130,724,2,4,4,788,FULFILLED,ARS,35910.0,7541.1,0.0,43451.1
6297,105,508,1,,368,848,CANCELLED,ARS,24000.0,5040.0,900.0,29940.0
6298,423,1476,1,,832,,FULFILLED,ARS,15000.0,3150.0,900.0,19050.0
6299,72,1069,1,,1186,1680,CANCELLED,ARS,29925.0,6284.25,1500.0,37709.25
6300,508,92,1,,2789,2966,FULFILLED,ARS,39600.0,8316.0,900.0,48816.0
6301,72,376,1,,461,,FULFILLED,ARS,34020.0,7144.2,1500.0,42664.2
6302,358,251,2,4,4,2543,FULFILLED,ARS,45000.0,9450.0,0.0,54450.0
6303,282,665,1,,2694,2550,FULFILLED,ARS,28500.0,5985.0,1200.0,35685.0
6304,335,4,2,1,1,1300,REFUNDED,ARS,39787.5,8355.38,0.0,48142.88
6305,482,225,1,,3203,430,PAID,ARS,61560.0,12927.6,1200.0,75687.6
6306,476,1083,2,1,1,3127,FULFILLED,ARS,23940.0,5027.4,0.0,28967.4
6307,316,111,1,,206,1531,FULFILLED,ARS,23940.0,5027.4,900.0,29867.4
6308,197,1491,2,2,2,2999,FULFILLED,ARS,39600.0,8316.0,0.0,47916.0
6309,31,1340,1,,228,,FULFILLED,ARS,42750.0,8977.5,900.0,52627.5
6310,466,597,1,,525,1030,FULFILLED,ARS,10800.0,2268.0,1200.0,14268.0
6311,300,873,1,,1680,673,FULFILLED,ARS,11760.0,2469.6,1500.0,15729.6
6312,88,1021,2,1,1,2919,PAID,ARS,44550.0,9355.5,0.0,53905.5
6313,403,456,1,,2390,875,PAID,ARS,41040.0,8618.4,1500.0,51158.4
6314,397,413,2,3,3,2941,FULFILLED,ARS,25080.0,5266.8,0.0,30346.8
6315,68,748,2,3,3,1954,FULFILLED,ARS,79308.0,16654.68,0.0,95962.68
6316,161,1310,2,1,1,1277,FULFILLED,ARS,13500.0,2835.0,0.0,16335.0
6317,65,1271,1,,931,2685,FULFILLED,ARS,14250.0,2992.5,1200.0,18442.5
6318,272,964,1,,1131,2404,FULFILLED,ARS,12600.0,2646.0,1500.0,16746.0
6319,340,1178,1,,571,2666,FULFILLED,ARS,36300.0,7623.0,1500.0,45423.0
6320,501,292,1,,1423,1489,REFUNDED,ARS,25872.0,5433.12,900.0,32205.12
6321,418,1034,2,4,4,2182,FULFILLED,ARS,67200.0,14112.0,0.0,81312.0
6322,323,494,1,,3176,1774,PAID,ARS,47700.0,10017.0,1200.0,58917.0
6323,347,1025,1,,1715,410,FULFILLED,ARS,25872.0,5433.12,0.0,31305.12
6324,581,1045,2,2,2,590,CREATED,ARS,14700.0,3087.0,0.0,17787.0
6325,477,700,1,,2114,2588,FULFILLED,ARS,11340.0,2381.4,1200.0,14921.4
6326,172,1194,1,,1943,477,FULFILLED,ARS,10800.0,2268.0,1200.0,14268.0
6327,511,449,1,,1576,1095,FULFILLED,ARS,64680.0,13582.8,1200.0,79462.8
6328,272,220,2,4,4,,FULFILLED,ARS,49680.0,10432.8,0.0,60112.8
6329,630,1152,1,,2517,1737,FULFILLED,ARS,105975.0,22254.75,0.0,128229.75
6330,133,417,2,3,3,1354,CANCELLED,ARS,47040.0,9878.4,0.0,56918.4
6331,487,231,2,3,3,698,FULFILLED,ARS,29400.0,6174.0,0.0,35574.0
6332,31,142,1,,554,3018,PAID,ARS,40500.0,8505.0,900.0,49905.0
6333,170,867,1,,2295,2588,FULFILLED,ARS,24696.0,5186.16,0.0,29882.16
6334,422,1011,1,,2658,503,FULFILLED,ARS,13500.0,2835.0,1200.0,17535.0
6335,374,1363,1,,754,,FULFILLED,ARS,15000.0,3150.0,1200.0,19350.0
6336,463,1027,2,3,3,1856,FULFILLED,ARS,69480.0,14590.8,0.0,84070.8
6337,542,135,1,,1551,1469,FULFILLED,ARS,22800.0,4788.0,1200.0,28788.0
6338,441,582,1,,81,,FULFILLED,ARS,13500.0,2835.0,1200.0,17535.0
6339,272,525,1,,2834,3048,FULFILLED,ARS,25650.0,5386.5,900.0,31936.5
6340,501,463,2,3,3,1346,FULFILLED,ARS,59175.0,12426.75,0.0,71601.75
6341,323,1127,1,,357,,FULFILLED,ARS,31752.0,6667.92,1200.0,39619.92
6342,409,1263,1,,649,1632,FULFILLED,ARS,21600.0,4536.0,900.0,27036.0
6343,431,294,1,,818,587,FULFILLED,ARS,69660.0,14628.6,1500.0,85788.6
6344,437,594,2,3,3,2803,REFUNDED,ARS,57000.0,11970.0,0.0,68970.0
6345,17,195,2,2,2,1576,PAID,ARS,60900.0,12789.0,0.0,73689.0
6346,34,649,2,1,1,3083,PAID,ARS,14700.0,3087.0,0.0,17787.0
6347,306,1043,1,,2465,127,CANCELLED,ARS,25260.0,5304.6,900.0,31464.6
6348,582,932,1,,394,2293,FULFILLED,ARS,52620.0,11050.2,900.0,64570.2
6349,496,444,1,,1453,50,FULFILLED,ARS,14250.0,2992.5,900.0,18142.5
6350,564,87,1,,1680,2161,CREATED,ARS,24696.0,5186.16,0.0,29882.16
6351,302,819,1,,2034,475,FULFILLED,ARS,40500.0,8505.0,900.0,49905.0
6352,172,967,1,,2710,598,CANCELLED,ARS,60900.0,12789.0,1500.0,75189.0
6353,357,605,2,4,4,687,FULFILLED,ARS,42750.0,8977.5,0.0,51727.5
6354,224,1331,1,,1483,2661,CANCELLED,ARS,28200.0,5922.0,1200.0,35322.0
6355,227,527,2,2,2,2413,FULFILLED,ARS,32400.0,6804.0,0.0,39204.0
6356,246,660,1,,1808,1017,FULFILLED,ARS,89340.0,18761.4,1200.0,109301.4
6357,462,1355,1,,2320,2953,FULFILLED,ARS,44100.0,9261.0,900.0,54261.0
6358,185,336,1,,2903,2369,PAID,ARS,21168.0,4445.28,0.0,25613.28
6359,406,764,2,4,4,630,FULFILLED,ARS,11970.0,2513.7,0.0,14483.7
6360,393,321,1,,2164,3179,FULFILLED,ARS,36000.0,7560.0,0.0,43560.0
6361,305,307,1,,400,2989,FULFILLED,ARS,50100.0,10521.0,1200.0,61821.0
6362,27,1027,2,1,1,298,FULFILLED,ARS,72900.0,15309.0,0.0,88209.0
6363,278,1359,2,4,4,827,CANCELLED,ARS,9720.0,2041.2,0.0,11761.2
6364,469,723,1,,1366,1885,FULFILLED,ARS,14250.0,2992.5,900.0,18142.5
6365,407,1135,1,,681,,FULFILLED,ARS,23520.0,4939.2,1200.0,29659.2
6366,288,72,1,,2673,823,FULFILLED,ARS,36000.0,7560.0,1500.0,45060.0
6367,218,459,2,4,4,,REFUNDED,ARS,37800.0,7938.0,0.0,45738.0
6368,180,453,2,4,4,2593,FULFILLED,ARS,30000.0,6300.0,0.0,36300.0
6369,186,995,1,,2219,537,FULFILLED,ARS,48510.0,10187.1,900.0,59597.1
6370,460,316,2,4,4,1175,CANCELLED,ARS,15000.0,3150.0,0.0,18150.0
6371,606,1306,2,4,4,2234,FULFILLED,ARS,24696.0,5186.16,0.0,29882.16
6372,625,212,2,4,4,3066,FULFILLED,ARS,53400.0,11214.0,0.0,64614.0
6373,54,212,1,,3052,,PAID,ARS,22800.0,4788.0,1200.0,28788.0
6374,113,1378,1,,2507,901,FULFILLED,ARS,62400.0,13104.0,900.0,76404.0
6375,472,746,1,,166,2652,PAID,ARS,78300.0,16443.0,900.0,95643.0
6376,91,1327,1,,803,,FULFILLED,ARS,10800.0,2268.0,900.0,13968.0
6377,22,1323,2,3,3,709,PAID,ARS,28500.0,5985.0,0.0,34485.0
6378,274,1036,1,,2007,,FULFILLED,ARS,11400.0,2394.0,900.0,14694.0
6379,197,426,2,3,3,2324,REFUNDED,ARS,11760.0,2469.6,0.0,14229.6
6380,262,1045,1,,443,498,FULFILLED,ARS,22680.0,4762.8,1200.0,28642.8
6381,598,885,1,,845,2354,CANCELLED,ARS,49275.0,10347.75,0.0,59622.75
6382,508,1009,1,,2235,2916,FULFILLED,ARS,13200.0,2772.0,1200.0,17172.0
6383,26,220,2,2,2,1535,FULFILLED,ARS,25650.0,5386.5,0.0,31036.5
6384,216,705,1,,288,1559,FULFILLED,ARS,36150.0,7591.5,900.0,44641.5
6385,175,1037,1,,1107,2955,PAID,ARS,19440.0,4082.4,1200.0,24722.4
6386,162,789,1,,1047,2586,PAID,ARS,64500.0,13545.0,1500.0,79545.0
6387,162,79,1,,691,2755,PAID,ARS,34200.0,7182.0,900.0,42282.0
6388,1,768,1,,1363,779,FULFILLED,ARS,44688.0,9384.48,900.0,54972.48
6389,372,1253,2,2,2,2987,REFUNDED,ARS,56700.0,11907.0,0.0,68607.0
6390,183,340,1,,2630,814,FULFILLED,ARS,42540.0,8933.4,1500.0,52973.4
6391,433,87,1,,1379,2672,FULFILLED,ARS,64680.0,13582.8,1200.0,79462.8
6392,511,504,1,,917,2822,CANCELLED,ARS,14250.0,2992.5,900.0,18142.5
6393,5,575,1,,333,2948,PAID,ARS,30000.0,6300.0,1200.0,37500.0
6394,145,467,1,,884,562,FULFILLED,ARS,39690.0,8334.9,900.0,48924.9
6395,436,771,1,,1249,1552,FULFILLED,ARS,44100.0,9261.0,900.0,54261.0
6396,614,1306,1,,2579,,FULFILLED,ARS,69900.0,14679.0,0.0,84579.0
6397,52,465,2,2,2,1427,FULFILLED,ARS,47025.0,9875.25,0.0,56900.25
6398,611,877,2,4,4,848,PAID,ARS,12150.0,2551.5,0.0,14701.5
6399,73,602,1,,1309,8,REFUNDED,ARS,36000.0,7560.0,0.0,43560.0
6400,537,554,1,,1455,573,FULFILLED,ARS,25200.0,5292.0,900.0,31392.0
6401,318,1313,1,,1036,2168,FULFILLED,ARS,44550.0,9355.5,900.0,54805.5
6402,384,410,2,2,2,1279,FULFILLED,ARS,21600.0,4536.0,0.0,26136.0
6403,255,1312,2,2,2,1644,FULFILLED,ARS,30000.0,6300.0,0.0,36300.0
6404,581,289,2,1,1,,FULFILLED,ARS,11400.0,2394.0,0.0,13794.0
6405,503,429,2,1,1,2351,FULFILLED,ARS,12000.0,2520.0,0.0,14520.0
6406,608,699,1,,316,2784,FULFILLED,ARS,10584.0,2222.64,1200.0,14006.64
6407,425,267,2,2,2,3036,PAID,ARS,14250.0,2992.5,0.0,17242.5
6408,488,1228,1,,73,2185,REFUNDED,ARS,29925.0,6284.25,1200.0,37409.25
6409,278,476,1,,2495,1498,FULFILLED,ARS,14250.0,2992.5,900.0,18142.5
6410,380,1276,1,,2895,2235,FULFILLED,ARS,24000.0,5040.0,1200.0,30240.0
6411,119,648,2,2,2,2524,FULFILLED,ARS,13500.0,2835.0,0.0,16335.0
6412,17,851,2,4,4,612,PAID,ARS,40500.0,8505.0,0.0,49005.0
6413,361,1348,2,4,4,913,CANCELLED,ARS,30000.0,6300.0,0.0,36300.0
6414,56,1318,2,2,2,2317,FULFILLED,ARS,44400.0,9324.0,0.0,53724.0
6415,350,514,2,1,1,1851,FULFILLED,ARS,14850.0,3118.5,0.0,17968.5
6416,313,1093,1,,103,1607,PAID,ARS,42525.0,8930.25,900.0,52355.25
6417,257,1426,1,,1345,1357,FULFILLED,ARS,11880.0,2494.8,1200.0,15574.8
6418,553,996,2,2,2,1642,FULFILLED,ARS,42900.0,9009.0,0.0,51909.0
6419,373,718,2,2,2,777,CANCELLED,ARS,28500.0,5985.0,0.0,34485.0
6420,151,724,1,,2751,1429,PAID,ARS,63000.0,13230.0,900.0,77130.0
6421,72,114,1,,382,2245,PAID,ARS,53460.0,11226.6,1500.0,66186.6
6422,382,800,2,2,2,550,FULFILLED,ARS,12150.0,2551.5,0.0,14701.5
6423,411,1004,1,,670,800,PAID,ARS,39600.0,8316.0,1200.0,49116.0
6424,375,147,2,1,1,1839,FULFILLED,ARS,11760.0,2469.6,0.0,14229.6
6425,372,28,2,1,1,3019,REFUNDED,ARS,24000.0,5040.0,0.0,29040.0
6426,387,786,1,,426,107,FULFILLED,ARS,45000.0,9450.0,1200.0,55650.0
6427,569,153,2,3,3,2677,CANCELLED,ARS,11760.0,2469.6,0.0,14229.6
6428,308,1433,1,,1320,687,FULFILLED,ARS,35910.0,7541.1,900.0,44351.1
6429,525,1419,2,1,1,1511,PAID,ARS,71280.0,14968.8,0.0,86248.8
6430,613,389,2,4,4,2514,FULFILLED,ARS,10800.0,2268.0,0.0,13068.0
6431,165,233,2,3,3,1863,FULFILLED,ARS,97560.0,20487.6,0.0,118047.6
6432,424,746,1,,1494,1192,REFUNDED,ARS,62010.0,13022.1,0.0,75032.1
6433,427,894,2,1,1,2417,FULFILLED,ARS,56640.0,11894.4,0.0,68534.4
6434,621,1083,1,,497,608,FULFILLED,ARS,13500.0,2835.0,900.0,17235.0
6435,218,1347,1,,2610,347,FULFILLED,ARS,23520.0,4939.2,1200.0,29659.2
6436,84,24,2,4,4,2260,FULFILLED,ARS,45000.0,9450.0,0.0,54450.0
6437,512,1239,1,,450,839,FULFILLED,ARS,44100.0,9261.0,1200.0,54561.0
6438,444,1151,1,,819,1777,FULFILLED,ARS,21600.0,4536.0,1200.0,27336.0
6439,484,696,2,4,4,2088,PAID,ARS,49200.0,10332.0,0.0,59532.0
6440,63,1278,1,,372,1922,FULFILLED,ARS,14250.0,2992.5,1200.0,18442.5
6441,200,336,1,,3123,2503,PAID,ARS,34860.0,7320.6,900.0,43080.6
6442,524,1174,1,,2942,1437,PAID,ARS,27048.0,5680.08,0.0,32728.08
6443,362,668,1,,954,214,FULFILLED,ARS,35280.0,7408.8,1200.0,43888.8
6444,312,501,2,2,2,1802,FULFILLED,ARS,44550.0,9355.5,0.0,53905.5
6445,315,1292,2,1,1,791,CANCELLED,ARS,22800.0,4788.0,0.0,27588.0
6446,399,198,1,,2241,1664,REFUNDED,ARS,40500.0,8505.0,900.0,49905.0
6447,443,884,1,,232,2758,FULFILLED,ARS,56760.0,11919.6,900.0,69579.6
6448,373,1230,1,,1147,2819,FULFILLED,ARS,28500.0,5985.0,1500.0,35985.0
6449,635,212,2,2,2,2315,FULFILLED,ARS,10800.0,2268.0,0.0,13068.0
6450,344,1025,2,2,2,752,FULFILLED,ARS,10800.0,2268.0,0.0,13068.0
6451,217,1424,2,2,2,1202,FULFILLED,ARS,25575.0,5370.75,0.0,30945.75
6452,317,975,1,,452,1532,FULFILLED,ARS,9720.0,2041.2,900.0,12661.2
6453,394,820,1,,861,2094,FULFILLED,ARS,32400.0,6804.0,1500.0,40704.0
6454,294,1099,1,,2541,126,FULFILLED,ARS,75150.0,15781.5,1500.0,92431.5
6455,382,1175,1,,1058,1814,CANCELLED,ARS,11400.0,2394.0,900.0,14694.0
6456,57,860,2,4,4,2840,CANCELLED,ARS,13200.0,2772.0,0.0,15972.0
6457,311,132,2,3,3,2227,FULFILLED,ARS,11400.0,2394.0,0.0,13794.0
6458,604,573,1,,2053,1258,FULFILLED,ARS,29400.0,6174.0,900.0,36474.0
6459,58,199,2,4,4,3036,FULFILLED,ARS,21600.0,4536.0,0.0,26136.0
6460,345,539,1,,1890,2611,FULFILLED,ARS,20520.0,4309.2,1200.0,26029.2
6461,551,196,1,,2316,2674,FULFILLED,ARS,27000.0,5670.0,1200.0,33870.0
6462,144,267,1,,2179,3159,FULFILLED,ARS,27000.0,5670.0,1200.0,33870.0
6463,273,220,2,4,4,924,FULFILLED,ARS,42525.0,8930.25,0.0,51455.25
6464,70,604,1,,1925,1019,FULFILLED,ARS,85500.0,17955.0,0.0,103455.0
6465,168,73,1,,1300,151,FULFILLED,ARS,25200.0,5292.0,1200.0,31692.0
6466,330,1331,1,,36,1016,FULFILLED,ARS,29400.0,6174.0,1200.0,36774.0
6467,328,158,1,,2464,2188,FULFILLED,ARS,24000.0,5040.0,900.0,29940.0
6468,92,549,2,2,2,916,FULFILLED,ARS,59976.0,12594.96,0.0,72570.96
6469,73,1448,1,,950,2346,FULFILLED,ARS,45600.0,9576.0,1200.0,56376.0
6470,593,795,2,1,1,1437,CANCELLED,ARS,21600.0,4536.0,0.0,26136.0
6471,434,77,1,,2689,2381,FULFILLED,ARS,12825.0,2693.25,1500.0,17018.25
6472,572,1163,1,,1196,,FULFILLED,ARS,11400.0,2394.0,1500.0,15294.0
6473,459,1121,2,1,1,3065,FULFILLED,ARS,15000.0,3150.0,0.0,18150.0
6474,133,232,2,1,1,416,FULFILLED,ARS,36000.0,7560.0,0.0,43560.0
6475,189,329,1,,514,2215,PAID,ARS,11970.0,2513.7,900.0,15383.7
6476,43,1094,1,,2225,1363,FULFILLED,ARS,23520.0,4939.2,1200.0,29659.2
6477,509,944,1,,2902,140,FULFILLED,ARS,49650.0,10426.5,0.0,60076.5
6478,349,1304,1,,2132,2306,FULFILLED,ARS,10800.0,2268.0,900.0,13968.0
6479,5,61,2,1,1,528,FULFILLED,ARS,32400.0,6804.0,0.0,39204.0
6480,449,560,2,3,3,39,FULFILLED,ARS,33000.0,6930.0,0.0,39930.0
6481,320,299,1,,241,3014,FULFILLED,ARS,39900.0,8379.0,900.0,49179.0
6482,556,812,1,,3202,,PAID,ARS,35280.0,7408.8,1500.0,44188.8
6483,61,169,1,,1113,638,FULFILLED,ARS,115050.0,24160.5,1200.0,140410.5
6484,464,1136,2,1,1,211,REFUNDED,ARS,12000.0,2520.0,0.0,14520.0
6485,216,986,1,,2205,1764,FULFILLED,ARS,14700.0,3087.0,1200.0,18987.0
6486,608,1066,2,1,1,,FULFILLED,ARS,45000.0,9450.0,0.0,54450.0
6487,524,1041,2,1,1,2736,FULFILLED,ARS,59280.0,12448.8,0.0,71728.8
6488,255,152,2,2,2,710,REFUNDED,ARS,36300.0,7623.0,0.0,43923.0
6489,51,1402,2,3,3,,PAID,ARS,32340.0,6791.4,0.0,39131.4
6490,63,1032,1,,2927,173,FULFILLED,ARS,28500.0,5985.0,1200.0,35685.0
6491,182,508,1,,2715,1529,FULFILLED,ARS,64800.0,13608.0,900.0,79308.0
6492,454,32,1,,2189,533,FULFILLED,ARS,16170.0,3395.7,0.0,19565.7
6493,573,1373,1,,2050,974,FULFILLED,ARS,22800.0,4788.0,1500.0,29088.0
6494,343,1133,2,3,3,1864,FULFILLED,ARS,73950.0,15529.5,0.0,89479.5
6495,201,1336,1,,1223,1631,FULFILLED,ARS,37620.0,7900.2,0.0,45520.2
6496,50,1061,1,,2552,1517,FULFILLED,ARS,34200.0,7182.0,1200.0,42582.0
6497,530,1033,1,,1513,1844,CANCELLED,ARS,22800.0,4788.0,1500.0,29088.0
6498,607,993,2,2,2,179,FULFILLED,ARS,27111.0,5693.31,0.0,32804.31
6499,205,1034,1,,141,2664,FULFILLED,ARS,14250.0,2992.5,900.0,18142.5
6500,260,1468,2,1,1,1204,FULFILLED,ARS,25200.0,5292.0,0.0,30492.0
6501,236,419,1,,1129,792,FULFILLED,ARS,27000.0,5670.0,1200.0,33870.0
6502,306,1348,1,,690,250,CANCELLED,ARS,44100.0,9261.0,900.0,54261.0
6503,312,39,2,4,4,564,PAID,ARS,15675.0,3291.75,0.0,18966.75
6504,382,1006,1,,1347,436,REFUNDED,ARS,10800.0,2268.0,1200.0,14268.0
6505,148,311,2,1,1,1817,FULFILLED,ARS,60270.0,12656.7,0.0,72926.7
6506,78,373,1,,1591,,FULFILLED,ARS,27000.0,5670.0,1200.0,33870.0
6507,296,623,1,,2751,1520,FULFILLED,ARS,35520.0,7459.2,900.0,43879.2
6508,417,1313,1,,2168,95,FULFILLED,ARS,15000.0,3150.0,900.0,19050.0
6509,563,283,2,2,2,963,FULFILLED,ARS,41160.0,8643.6,0.0,49803.6
6510,515,734,1,,3046,2845,FULFILLED,ARS,92100.0,19341.0,1200.0,112641.0
6511,434,1182,2,2,2,519,FULFILLED,ARS,62100.0,13041.0,0.0,75141.0
6512,434,67,2,2,2,338,FULFILLED,ARS,61320.0,12877.2,0.0,74197.2
6513,28,919,1,,1034,1693,FULFILLED,ARS,23760.0,4989.6,1500.0,30249.6
6514,225,737,2,4,4,566,FULFILLED,ARS,12936.0,2716.56,0.0,15652.56
6515,539,1267,2,1,1,792,FULFILLED,ARS,14250.0,2992.5,0.0,17242.5
6516,423,1345,1,,385,1277,PAID,ARS,45870.0,9632.7,1200.0,56702.7
6517,93,1085,1,,1568,2168,FULFILLED,ARS,19440.0,4082.4,1200.0,24722.4
6518,555,126,1,,404,1768,FULFILLED,ARS,36000.0,7560.0,1200.0,44760.0
6519,236,20,1,,481,2951,FULFILLED,ARS,41160.0,8643.6,900.0,50703.6
6520,561,1183,1,,2633,2137,PAID,ARS,11760.0,2469.6,1200.0,15429.6
6521,138,1082,1,,480,3102,FULFILLED,ARS,21600.0,4536.0,1200.0,27336.0
6522,284,349,1,,45,1721,FULFILLED,ARS,37800.0,7938.0,900.0,46638.0
6523,307,569,1,,741,,FULFILLED,ARS,85387.5,17931.38,900.0,104218.88
6524,625,10,1,,1698,2530,CREATED,ARS,28500.0,5985.0,1200.0,35685.0
6525,383,1194,2,4,4,2127,FULFILLED,ARS,29160.0,6123.6,0.0,35283.6
6526,594,1350,1,,1693,2885,FULFILLED,ARS,46305.0,9724.05,0.0,56029.05
6527,286,1490,1,,563,1776,FULFILLED,ARS,10800.0,2268.0,900.0,13968.0
6528,630,517,2,4,4,3074,FULFILLED,ARS,54552.0,11455.92,0.0,66007.92
6529,262,907,1,,2558,2593,FULFILLED,ARS,29925.0,6284.25,900.0,37109.25
6530,259,115,1,,2282,,FULFILLED,ARS,42750.0,8977.5,1500.0,53227.5
6531,343,415,1,,2776,1102,FULFILLED,ARS,31350.0,6583.5,1200.0,39133.5
6532,175,801,2,3,3,2730,CANCELLED,ARS,21600.0,4536.0,0.0,26136.0
6533,27,847,1,,1548,3204,FULFILLED,ARS,45000.0,9450.0,900.0,55350.0
6534,35,622,1,,541,289,FULFILLED,ARS,30000.0,6300.0,0.0,36300.0
6535,97,1288,2,2,2,1644,CANCELLED,ARS,35280.0,7408.8,0.0,42688.8
6536,378,1045,2,2,2,2,FULFILLED,ARS,25080.0,5266.8,0.0,30346.8
6537,433,523,1,,1016,236,FULFILLED,ARS,59760.0,12549.6,1200.0,73509.6
6538,286,1419,2,3,3,1166,PAID,ARS,12150.0,2551.5,0.0,14701.5
6539,60,733,2,4,4,1012,FULFILLED,ARS,28500.0,5985.0,0.0,34485.0
6540,376,339,1,,2626,,FULFILLED,ARS,13500.0,2835.0,1500.0,17835.0
6541,240,1434,2,2,2,1642,PAID,ARS,12540.0,2633.4,0.0,15173.4
6542,27,853,2,2,2,121,CANCELLED,ARS,45360.0,9525.6,0.0,54885.6
6543,406,799,1,,503,2359,PAID,ARS,28462.5,5977.12,900.0,35339.62
6544,565,902,1,,2334,447,FULFILLED,ARS,22800.0,4788.0,1200.0,28788.0
6545,182,1133,1,,300,,FULFILLED,ARS,36000.0,7560.0,1200.0,44760.0
6546,384,1163,1,,2757,1378,PAID,ARS,46080.0,9676.8,1200.0,56956.8
6547,563,186,1,,1762,58,FULFILLED,ARS,37440.0,7862.4,0.0,45302.4
6548,596,671,1,,1482,1877,FULFILLED,ARS,26850.0,5638.5,900.0,33388.5
6549,589,1359,1,,218,1335,FULFILLED,ARS,14175.0,2976.75,1200.0,18351.75
6550,52,835,1,,2863,1957,FULFILLED,ARS,15750.0,3307.5,900.0,19957.5
6551,623,16,1,,1776,1704,FULFILLED,ARS,30870.0,6482.7,900.0,38252.7
6552,143,975,1,,1632,2672,FULFILLED,ARS,26400.0,5544.0,0.0,31944.0
6553,414,597,2,4,4,956,PAID,ARS,40500.0,8505.0,0.0,49005.0
6554,115,564,1,,2163,2051,CREATED,ARS,13500.0,2835.0,1500.0,17835.0
6555,361,229,1,,464,3170,FULFILLED,ARS,23520.0,4939.2,900.0,29359.2
6556,447,209,1,,2266,1581,FULFILLED,ARS,27000.0,5670.0,1200.0,33870.0
6557,343,236,1,,2289,1642,FULFILLED,ARS,15000.0,3150.0,900.0,19050.0
6558,20,942,2,4,4,2098,FULFILLED,ARS,37044.0,7779.24,0.0,44823.24
6559,423,1106,2,4,4,1469,FULFILLED,ARS,12000.0,2520.0,0.0,14520.0
6560,5,778,2,1,1,2157,PAID,ARS,35280.0,7408.8,0.0,42688.8
6561,357,787,1,,2385,886,FULFILLED,ARS,15435.0,3241.35,1200.0,19876.35
6562,527,355,1,,803,234,PAID,ARS,14850.0,3118.5,900.0,18868.5
6563,626,1477,1,,2186,2853,FULFILLED,ARS,23520.0,4939.2,1200.0,29659.2
6564,389,334,2,2,2,3059,PAID,ARS,25872.0,5433.12,0.0,31305.12
6565,510,10,1,,1210,922,CANCELLED,ARS,30000.0,6300.0,900.0,37200.0
6566,274,54,1,,1295,2312,FULFILLED,ARS,24300.0,5103.0,1200.0,30603.0
6567,256,361,1,,1392,1303,CANCELLED,ARS,12000.0,2520.0,1500.0,16020.0
6568,28,1392,1,,3193,2511,FULFILLED,ARS,27000.0,5670.0,1500.0,34170.0
6569,538,856,1,,408,,PAID,ARS,40500.0,8505.0,1200.0,50205.0
6570,195,543,2,3,3,1618,PAID,ARS,14250.0,2992.5,0.0,17242.5
6571,285,1356,1,,2788,2487,PAID,ARS,24000.0,5040.0,1500.0,30540.0
6572,114,656,2,3,3,2785,PAID,ARS,15000.0,3150.0,0.0,18150.0
6573,597,1096,2,2,2,373,REFUNDED,ARS,82800.0,17388.0,0.0,100188.0
6574,605,478,1,,2848,3008,FULFILLED,ARS,29160.0,6123.6,1500.0,36783.6
6575,351,328,1,,2333,2759,CANCELLED,ARS,22680.0,4762.8,0.0,27442.8
6576,98,585,2,2,2,2272,PAID,ARS,16500.0,3465.0,0.0,19965.0
6577,42,65,1,,1047,1199,FULFILLED,ARS,56400.0,11844.0,900.0,69144.0
6578,435,1379,1,,3196,2867,FULFILLED,ARS,26850.0,5638.5,900.0,33388.5
6579,92,212,2,4,4,2781,FULFILLED,ARS,44400.0,9324.0,0.0,53724.0
6580,111,705,1,,691,1918,FULFILLED,ARS,58320.0,12247.2,900.0,71467.2
6581,602,1249,1,,1766,1659,FULFILLED,ARS,40500.0,8505.0,900.0,49905.0
6582,328,702,2,4,4,1069,FULFILLED,ARS,68880.0,14464.8,0.0,83344.8
6583,366,764,2,2,2,231,FULFILLED,ARS,34200.0,7182.0,0.0,41382.0
6584,451,1378,2,4,4,2900,FULFILLED,ARS,82380.0,17299.8,0.0,99679.8
6585,493,204,1,,1291,1675,FULFILLED,ARS,70020.0,14704.2,1200.0,85924.2
6586,548,1383,1,,1008,374,CANCELLED,ARS,13200.0,2772.0,900.0,16872.0
6587,571,738,1,,2691,2304,FULFILLED,ARS,12540.0,2633.4,1200.0,16373.4
6588,317,332,1,,2427,636,REFUNDED,ARS,32265.0,6775.65,1200.0,40240.65
6589,390,1338,1,,2816,877,FULFILLED,ARS,51090.0,10728.9,1200.0,63018.9
6590,165,727,2,2,2,1892,FULFILLED,ARS,40500.0,8505.0,0.0,49005.0
6591,192,1491,1,,489,1157,FULFILLED,ARS,30000.0,6300.0,1200.0,37500.0
6592,283,136,2,2,2,2591,CANCELLED,ARS,30780.0,6463.8,0.0,37243.8
6593,261,1396,1,,1186,2136,FULFILLED,ARS,110925.0,23294.25,1500.0,135719.25
6594,52,555,2,1,1,1331,CANCELLED,ARS,15750.0,3307.5,0.0,19057.5
6595,248,1178,2,1,1,1315,PAID,ARS,22680.0,4762.8,0.0,27442.8
6596,156,235,1,,1169,,PAID,ARS,35280.0,7408.8,1200.0,43888.8
6597,366,539,1,,1746,2871,FULFILLED,ARS,13500.0,2835.0,0.0,16335.0
6598,471,553,2,2,2,,FULFILLED,ARS,34200.0,7182.0,0.0,41382.0
6599,343,376,2,4,4,1452,PAID,ARS,36450.0,7654.5,0.0,44104.5
6600,465,1377,1,,151,288,FULFILLED,ARS,22800.0,4788.0,1200.0,28788.0
6601,94,619,2,1,1,2110,FULFILLED,ARS,31752.0,6667.92,0.0,38419.92
6602,89,47,1,,1483,1008,FULFILLED,ARS,46305.0,9724.05,1200.0,57229.05
6603,39,666,2,2,2,1064,FULFILLED,ARS,12825.0,2693.25,0.0,15518.25
6604,263,778,1,,938,116,FULFILLED,ARS,58350.0,12253.5,1200.0,71803.5
6605,264,1457,1,,552,2228,FULFILLED,ARS,47628.0,10001.88,1500.0,59129.88
6606,157,932,1,,1798,2730,FULFILLED,ARS,63060.0,13242.6,1200.0,77502.6
6607,265,478,1,,2298,622,PAID,ARS,23520.0,4939.2,900.0,29359.2
6608,612,1480,1,,1162,1624,FULFILLED,ARS,45000.0,9450.0,1500.0,55950.0
6609,473,994,1,,2345,2983,FULFILLED,ARS,16500.0,3465.0,1200.0,21165.0
6610,319,165,2,1,1,1222,FULFILLED,ARS,45000.0,9450.0,0.0,54450.0
6611,346,1126,1,,1207,2788,REFUNDED,ARS,36108.0,7582.68,0.0,43690.68
6612,188,445,1,,2411,,FULFILLED,ARS,36300.0,7623.0,0.0,43923.0
6613,154,321,1,,2149,962,FULFILLED,ARS,37044.0,7779.24,900.0,45723.24
6614,572,975,1,,158,278,FULFILLED,ARS,40380.0,8479.8,0.0,48859.8
6615,202,916,2,4,4,3138,PAID,ARS,74700.0,15687.0,0.0,90387.0
6616,127,814,1,,387,4,CANCELLED,ARS,41250.0,8662.5,1200.0,51112.5
6617,530,1227,2,3,3,2056,FULFILLED,ARS,48210.0,10124.1,0.0,58334.1
6618,43,528,2,1,1,50,FULFILLED,ARS,44160.0,9273.6,0.0,53433.6
6619,349,809,2,1,1,,FULFILLED,ARS,38808.0,8149.68,0.0,46957.68
6620,541,1105,2,1,1,180,FULFILLED,ARS,35340.0,7421.4,0.0,42761.4
6621,487,261,1,,1790,1475,PAID,ARS,29700.0,6237.0,1200.0,37137.0
6622,138,751,2,2,2,757,PAID,ARS,14700.0,3087.0,0.0,17787.0
6623,588,648,2,3,3,2773,CANCELLED,ARS,33000.0,6930.0,0.0,39930.0
6624,588,118,2,3,3,1499,PAID,ARS,34200.0,7182.0,0.0,41382.0
6625,355,100,1,,1668,2459,FULFILLED,ARS,15000.0,3150.0,900.0,19050.0
6626,590,780,1,,1274,,PAID,ARS,14700.0,3087.0,1500.0,19287.0
6627,14,91,2,4,4,2454,FULFILLED,ARS,98100.0,20601.0,0.0,118701.0
6628,439,1355,2,1,1,2885,REFUNDED,ARS,11760.0,2469.6,0.0,14229.6
6629,59,279,1,,3025,2925,FULFILLED,ARS,26460.0,5556.6,900.0,32916.6
6630,443,651,1,,2818,,CANCELLED,ARS,38808.0,8149.68,1200.0,48157.68
6631,73,1359,1,,2574,1949,FULFILLED,ARS,23940.0,5027.4,900.0,29867.4
6632,189,589,1,,311,2711,PAID,ARS,34200.0,7182.0,900.0,42282.0
6633,620,1489,2,1,1,3168,PAID,ARS,39600.0,8316.0,0.0,47916.0
6634,258,776,2,1,1,2403,FULFILLED,ARS,12825.0,2693.25,0.0,15518.25
6635,402,257,1,,2532,2648,FULFILLED,ARS,21168.0,4445.28,900.0,26513.28
6636,625,252,1,,1907,676,FULFILLED,ARS,14250.0,2992.5,1200.0,18442.5
6637,428,1036,1,,1231,1352,FULFILLED,ARS,11400.0,2394.0,900.0,14694.0
6638,369,456,1,,2541,651,FULFILLED,ARS,46548.0,9775.08,0.0,56323.08
6639,492,707,1,,1363,255,FULFILLED,ARS,28500.0,5985.0,1200.0,35685.0
6640,575,548,1,,508,2487,CANCELLED,ARS,12150.0,2551.5,0.0,14701.5
6641,359,575,1,,2727,2501,REFUNDED,ARS,55500.0,11655.0,900.0,68055.0
6642,28,970,1,,337,2635,FULFILLED,ARS,42960.0,9021.6,1200.0,53181.6
6643,577,1310,1,,284,1234,REFUNDED,ARS,32400.0,6804.0,900.0,40104.0
6644,578,135,1,,1323,354,FULFILLED,ARS,35160.0,7383.6,1500.0,44043.6
6645,610,814,1,,2399,2621,PAID,ARS,56070.0,11774.7,1200.0,69044.7
6646,324,248,1,,1462,,FULFILLED,ARS,29400.0,6174.0,900.0,36474.0
6647,121,966,1,,419,1762,FULFILLED,ARS,63000.0,13230.0,1200.0,77430.0
6648,254,380,1,,2087,985,FULFILLED,ARS,27000.0,5670.0,0.0,32670.0
6649,19,1144,1,,2826,1053,PAID,ARS,11340.0,2381.4,1500.0,15221.4
6650,577,487,2,3,3,2199,FULFILLED,ARS,38475.0,8079.75,0.0,46554.75
6651,361,903,2,3,3,2680,CANCELLED,ARS,33600.0,7056.0,0.0,40656.0
6652,601,1383,1,,1652,1896,FULFILLED,ARS,36000.0,7560.0,1500.0,45060.0
6653,488,1292,1,,822,864,FULFILLED,ARS,13500.0,2835.0,1200.0,17535.0
6654,241,190,1,,1962,1014,FULFILLED,ARS,30000.0,6300.0,900.0,37200.0
6655,385,159,2,4,4,2638,FULFILLED,ARS,29700.0,6237.0,0.0,35937.0
6656,262,1229,1,,16,,CANCELLED,ARS,45000.0,9450.0,1200.0,55650.0
6657,123,886,1,,2341,858,CANCELLED,ARS,44100.0,9261.0,900.0,54261.0
6658,348,271,2,2,2,905,FULFILLED,ARS,14250.0,2992.5,0.0,17242.5
6659,425,143,1,,474,1632,FULFILLED,ARS,47025.0,9875.25,900.0,57800.25
6660,568,1043,2,1,1,658,FULFILLED,ARS,44850.0,9418.5,0.0,54268.5
6661,577,432,2,3,3,2808,FULFILLED,ARS,50962.5,10702.12,0.0,61664.62
6662,240,521,1,,1654,2155,PAID,ARS,14700.0,3087.0,1200.0,18987.0
6663,67,1159,1,,2255,2715,FULFILLED,ARS,15750.0,3307.5,1200.0,20257.5
6664,4,668,2,2,2,2625,FULFILLED,ARS,11880.0,2494.8,0.0,14374.8
6665,400,789,1,,2688,1937,CREATED,ARS,22800.0,4788.0,900.0,28488.0
6666,470,1315,1,,2068,7,FULFILLED,ARS,51300.0,10773.0,0.0,62073.0
6667,532,760,2,3,3,,FULFILLED,ARS,69000.0,14490.0,0.0,83490.0
6668,184,419,2,4,4,520,CANCELLED,ARS,24000.0,5040.0,0.0,29040.0
6669,225,1231,2,1,1,1978,FULFILLED,ARS,12000.0,2520.0,0.0,14520.0
6670,59,1222,2,3,3,2708,FULFILLED,ARS,12000.0,2520.0,0.0,14520.0
6671,209,1480,1,,2573,3199,PAID,ARS,21600.0,4536.0,900.0,27036.0
6672,289,1476,2,3,3,1284,CANCELLED,ARS,21600.0,4536.0,0.0,26136.0
6673,483,873,1,,2581,2111,PAID,ARS,49650.0,10426.5,900.0,60976.5
6674,229,201,2,3,3,2477,FULFILLED,ARS,55350.0,11623.5,0.0,66973.5
6675,85,301,2,2,2,2913,FULFILLED,ARS,35280.0,7408.8,0.0,42688.8
6676,109,1413,2,2,2,952,PAID,ARS,45000.0,9450.0,0.0,54450.0
6677,76,881,2,1,1,974,FULFILLED,ARS,42540.0,8933.4,0.0,51473.4
6678,204,606,1,,2973,982,CREATED,ARS,29925.0,6284.25,1200.0,37409.25
6679,617,649,1,,3169,816,FULFILLED,ARS,30780.0,6463.8,0.0,37243.8
6680,289,286,2,4,4,562,FULFILLED,ARS,39690.0,8334.9,0.0,48024.9
6681,639,318,1,,2032,477,FULFILLED,ARS,37044.0,7779.24,1200.0,46023.24
6682,492,1143,2,1,1,180,FULFILLED,ARS,11760.0,2469.6,0.0,14229.6
6683,195,1228,2,2,2,2772,PAID,ARS,34425.0,7229.25,0.0,41654.25
6684,228,948,1,,2558,1514,REFUNDED,ARS,24000.0,5040.0,0.0,29040.0
6685,343,1078,1,,996,2151,FULFILLED,ARS,28500.0,5985.0,1500.0,35985.0
6686,307,400,2,2,2,1917,PAID,ARS,14700.0,3087.0,0.0,17787.0
6687,178,942,2,3,3,2760,CANCELLED,ARS,40500.0,8505.0,0.0,49005.0
6688,577,518,1,,2484,2490,PAID,ARS,101010.0,21212.1,1200.0,123422.1
6689,143,815,2,4,4,2795,FULFILLED,ARS,44887.5,9426.38,0.0,54313.88
6690,35,743,1,,2433,2303,FULFILLED,ARS,14250.0,2992.5,900.0,18142.5
6691,32,736,2,3,3,558,FULFILLED,ARS,78300.0,16443.0,0.0,94743.0
6692,196,445,2,4,4,2866,FULFILLED,ARS,36000.0,7560.0,0.0,43560.0
6693,366,557,2,2,2,1087,FULFILLED,ARS,25080.0,5266.8,0.0,30346.8
6694,599,141,1,,3104,532,REFUNDED,ARS,23520.0,4939.2,1200.0,29659.2
6695,457,174,2,1,1,,FULFILLED,ARS,30780.0,6463.8,0.0,37243.8
6696,204,958,1,,2987,2309,CANCELLED,ARS,15000.0,3150.0,1200.0,19350.0
6697,488,990,1,,1791,281,FULFILLED,ARS,27000.0,5670.0,1500.0,34170.0
6698,201,1137,1,,584,1497,FULFILLED,ARS,12825.0,2693.25,0.0,15518.25
6699,269,402,1,,2841,11,PAID,ARS,24000.0,5040.0,1200.0,30240.0
6700,211,1143,2,2,2,832,CANCELLED,ARS,24300.0,5103.0,0.0,29403.0
6701,136,547,2,4,4,647,FULFILLED,ARS,35280.0,7408.8,0.0,42688.8
6702,286,22,2,2,2,26,FULFILLED,ARS,63210.0,13274.1,0.0,76484.1
6703,192,1222,1,,1813,1804,FULFILLED,ARS,34200.0,7182.0,0.0,41382.0
6704,36,340,1,,1385,751,FULFILLED,ARS,14250.0,2992.5,1200.0,18442.5
6705,68,243,1,,2605,2974,PAID,ARS,14250.0,2992.5,1200.0,18442.5
6706,572,28,1,,1355,359,REFUNDED,ARS,66270.0,13916.7,1200.0,81386.7
6707,337,158,2,4,4,1251,FULFILLED,ARS,58020.0,12184.2,0.0,70204.2
6708,27,238,2,3,3,2038,FULFILLED,ARS,14250.0,2992.5,0.0,17242.5
6709,349,1410,2,4,4,2059,CANCELLED,ARS,70680.0,14842.8,0.0,85522.8
6710,482,343,1,,1470,578,FULFILLED,ARS,44748.0,9397.08,1200.0,55345.08
6711,238,1252,1,,913,829,PAID,ARS,12000.0,2520.0,900.0,15420.0
6712,174,1347,1,,1127,1312,FULFILLED,ARS,25200.0,5292.0,0.0,30492.0
6713,432,765,1,,1369,,REFUNDED,ARS,22800.0,4788.0,0.0,27588.0
6714,572,841,1,,2873,2902,FULFILLED,ARS,9720.0,2041.2,1200.0,12961.2
6715,394,1487,1,,1199,3045,FULFILLED,ARS,12348.0,2593.08,1200.0,16141.08
6716,440,837,1,,2469,662,PAID,ARS,30000.0,6300.0,0.0,36300.0
6717,42,184,2,2,2,3111,FULFILLED,ARS,57000.0,11970.0,0.0,68970.0
6718,286,1166,2,1,1,1441,FULFILLED,ARS,29400.0,6174.0,0.0,35574.0
6719,288,997,1,,1535,3062,FULFILLED,ARS,12000.0,2520.0,1500.0,16020.0
6720,389,1034,1,,364,2334,FULFILLED,ARS,15675.0,3291.75,1500.0,20466.75
6721,224,398,1,,2667,1562,FULFILLED,ARS,44887.5,9426.38,0.0,54313.88
6722,39,162,2,1,1,,REFUNDED,ARS,35280.0,7408.8,0.0,42688.8
6723,222,501,2,2,2,1684,PAID,ARS,11760.0,2469.6,0.0,14229.6
6724,464,794,1,,70,548,FULFILLED,ARS,34200.0,7182.0,900.0,42282.0
6725,316,8,1,,2547,2840,FULFILLED,ARS,13500.0,2835.0,900.0,17235.0
6726,559,176,1,,995,884,CANCELLED,ARS,13500.0,2835.0,900.0,17235.0
6727,130,52,1,,1358,860,FULFILLED,ARS,27510.0,5777.1,900.0,34187.1
6728,437,451,1,,1517,274,FULFILLED,ARS,89790.0,18855.9,900.0,109545.9
6729,267,913,2,4,4,2654,FULFILLED,ARS,25650.0,5386.5,0.0,31036.5
6730,217,1425,1,,1700,2503,FULFILLED,ARS,10800.0,2268.0,900.0,13968.0
6731,597,1163,1,,360,1146,FULFILLED,ARS,35910.0,7541.1,1200.0,44651.1
6732,58,1199,1,,2014,2886,FULFILLED,ARS,30000.0,6300.0,1200.0,37500.0
6733,79,1433,1,,1716,2386,FULFILLED,ARS,32400.0,6804.0,0.0,39204.0
6734,176,1321,1,,777,751,FULFILLED,ARS,25080.0,5266.8,900.0,31246.8
6735,535,713,1,,595,2696,FULFILLED,ARS,79425.0,16679.25,1200.0,97304.25
6736,420,1331,1,,1766,1727,FULFILLED,ARS,11400.0,2394.0,0.0,13794.0
6737,181,979,2,4,4,752,FULFILLED,ARS,69000.0,14490.0,0.0,83490.0
6738,603,820,1,,2380,464,PAID,ARS,30000.0,6300.0,900.0,37200.0
6739,526,1267,1,,2065,3049,FULFILLED,ARS,21600.0,4536.0,1200.0,27336.0
6740,578,184,2,3,3,2348,FULFILLED,ARS,45000.0,9450.0,0.0,54450.0
6741,394,486,1,,2787,2363,FULFILLED,ARS,73620.0,15460.2,1200.0,90280.2
6742,296,417,1,,1480,1924,FULFILLED,ARS,40500.0,8505.0,1200.0,50205.0
6743,139,982,1,,537,1802,PAID,ARS,61200.0,12852.0,1500.0,75552.0
6744,271,1491,2,2,2,1135,CANCELLED,ARS,22800.0,4788.0,0.0,27588.0
6745,33,45,1,,797,1311,FULFILLED,ARS,9720.0,2041.2,1500.0,13261.2
6746,510,535,1,,2907,590,FULFILLED,ARS,63300.0,13293.0,900.0,77493.0
6747,132,177,1,,2033,1441,PAID,ARS,12600.0,2646.0,1200.0,16446.0
6748,563,1229,2,4,4,3109,FULFILLED,ARS,44887.5,9426.38,0.0,54313.88
6749,442,1317,1,,411,962,CANCELLED,ARS,39900.0,8379.0,1200.0,49479.0
6750,564,737,1,,2283,980,CANCELLED,ARS,27000.0,5670.0,1200.0,33870.0
6751,72,158,1,,727,2051,FULFILLED,ARS,45000.0,9450.0,900.0,55350.0
6752,207,915,2,3,3,912,FULFILLED,ARS,46215.0,9705.15,0.0,55920.15
6753,397,281,1,,122,2528,FULFILLED,ARS,59700.0,12537.0,1500.0,73737.0
6754,420,403,1,,3105,619,FULFILLED,ARS,36000.0,7560.0,900.0,44460.0
6755,562,955,1,,1970,919,FULFILLED,ARS,42750.0,8977.5,900.0,52627.5
6756,166,991,1,,212,586,FULFILLED,ARS,16170.0,3395.7,900.0,20465.7
6757,619,1128,2,2,2,2149,FULFILLED,ARS,37770.0,7931.7,0.0,45701.7
6758,98,1399,2,4,4,,FULFILLED,ARS,47250.0,9922.5,0.0,57172.5
6759,392,1366,2,4,4,2064,FULFILLED,ARS,27000.0,5670.0,0.0,32670.0
6760,205,654,1,,1244,1031,FULFILLED,ARS,12600.0,2646.0,1200.0,16446.0
6761,191,791,1,,931,2728,FULFILLED,ARS,46305.0,9724.05,1200.0,57229.05
6762,582,246,2,3,3,1835,FULFILLED,ARS,27675.0,5811.75,0.0,33486.75
6763,342,997,2,2,2,1457,FULFILLED,ARS,11340.0,2381.4,0.0,13721.4
6764,412,122,1,,3195,905,FULFILLED,ARS,14250.0,2992.5,900.0,18142.5
6765,467,522,2,4,4,3049,PAID,ARS,11400.0,2394.0,0.0,13794.0
6766,259,978,1,,2652,1131,FULFILLED,ARS,38580.0,8101.8,0.0,46681.8
6767,538,1380,1,,2730,43,FULFILLED,ARS,13500.0,2835.0,1200.0,17535.0
6768,435,731,2,1,1,1795,FULFILLED,ARS,51000.0,10710.0,0.0,61710.0
6769,485,406,1,,1083,535,FULFILLED,ARS,35100.0,7371.0,0.0,42471.0
6770,26,254,2,1,1,56,FULFILLED,ARS,44100.0,9261.0,0.0,53361.0
6771,20,412,1,,2952,2820,FULFILLED,ARS,36000.0,7560.0,1200.0,44760.0
6772,347,1233,1,,2237,960,FULFILLED,ARS,13500.0,2835.0,1200.0,17535.0
6773,55,335,2,2,2,1233,CREATED,ARS,10260.0,2154.6,0.0,12414.6
6774,486,867,1,,2,1969,FULFILLED,ARS,71400.0,14994.0,900.0,87294.0
6775,348,155,1,,933,3127,FULFILLED,ARS,46080.0,9676.8,900.0,56656.8
6776,282,168,2,2,2,,FULFILLED,ARS,37800.0,7938.0,0.0,45738.0
6777,25,1405,1,,2411,3093,FULFILLED,ARS,10800.0,2268.0,900.0,13968.0
6778,328,1255,1,,646,822,FULFILLED,ARS,60900.0,12789.0,900.0,74589.0
6779,464,66,1,,193,126,FULFILLED,ARS,10260.0,2154.6,0.0,12414.6
6780,83,228,2,2,2,971,CANCELLED,ARS,21168.0,4445.28,0.0,25613.28
6781,126,1191,2,2,2,2004,PAID,ARS,35910.0,7541.1,0.0,43451.1
6782,308,549,2,3,3,3149,FULFILLED,ARS,22680.0,4762.8,0.0,27442.8
6783,461,384,1,,1854,462,FULFILLED,ARS,14250.0,2992.5,0.0,17242.5
6784,193,565,2,1,1,3187,PAID,ARS,55800.0,11718.0,0.0,67518.0
6785,600,1398,2,3,3,1517,PAID,ARS,35340.0,7421.4,0.0,42761.4
6786,384,492,2,2,2,148,FULFILLED,ARS,44887.5,9426.38,0.0,54313.88
6787,348,1459,2,3,3,1185,REFUNDED,ARS,30000.0,6300.0,0.0,36300.0
6788,102,972,2,4,4,2060,FULFILLED,ARS,48510.0,10187.1,0.0,58697.1
6789,446,965,2,4,4,3197,FULFILLED,ARS,27000.0,5670.0,0.0,32670.0
6790,391,1161,2,4,4,1563,FULFILLED,ARS,35910.0,7541.1,0.0,43451.1
6791,138,1258,1,,3108,,CANCELLED,ARS,44887.5,9426.38,1200.0,55513.88
6792,175,322,1,,1965,1450,PAID,ARS,37620.0,7900.2,900.0,46420.2
6793,501,1023,2,3,3,161,FULFILLED,ARS,32400.0,6804.0,0.0,39204.0
6794,284,653,2,1,1,3153,FULFILLED,ARS,39690.0,8334.9,0.0,48024.9
6795,291,282,2,4,4,,REFUNDED,ARS,15750.0,3307.5,0.0,19057.5
6796,547,1400,1,,253,2269,FULFILLED,ARS,42750.0,8977.5,900.0,52627.5
6797,492,727,2,4,4,2720,FULFILLED,ARS,44887.5,9426.38,0.0,54313.88
6798,242,1238,1,,561,994,FULFILLED,ARS,45000.0,9450.0,900.0,55350.0
6799,398,769,1,,460,1051,FULFILLED,ARS,11400.0,2394.0,0.0,13794.0
6800,520,16,2,1,1,,FULFILLED,ARS,11400.0,2394.0,0.0,13794.0
6801,476,1116,1,,1412,,PAID,ARS,35640.0,7484.4,1200.0,44324.4
6802,272,118,2,1,1,492,REFUNDED,ARS,23760.0,4989.6,0.0,28749.6
6803,619,339,1,,1590,774,FULFILLED,ARS,44100.0,9261.0,1200.0,54561.0
6804,196,1296,1,,867,212,FULFILLED,ARS,67500.0,14175.0,900.0,82575.0
6805,74,1477,2,2,2,1184,PAID,ARS,20520.0,4309.2,0.0,24829.2
6806,326,418,1,,785,824,FULFILLED,ARS,76770.0,16121.7,1500.0,94391.7
6807,119,682,2,2,2,528,FULFILLED,ARS,12348.0,2593.08,0.0,14941.08
6808,86,1076,1,,3171,3009,FULFILLED,ARS,81000.0,17010.0,900.0,98910.0
6809,585,222,1,,1013,1197,FULFILLED,ARS,105660.0,22188.6,1200.0,129048.6
6810,588,810,1,,21,2511,FULFILLED,ARS,42750.0,8977.5,900.0,52627.5
6811,612,1311,1,,986,994,FULFILLED,ARS,11400.0,2394.0,0.0,13794.0
6812,629,767,1,,606,481,REFUNDED,ARS,23520.0,4939.2,1500.0,29959.2
6813,139,1094,1,,974,1648,FULFILLED,ARS,30000.0,6300.0,0.0,36300.0
6814,160,608,2,4,4,,CANCELLED,ARS,34200.0,7182.0,0.0,41382.0
6815,44,193,2,1,1,655,REFUNDED,ARS,11880.0,2494.8,0.0,14374.8
6816,94,1313,1,,844,,CANCELLED,ARS,37440.0,7862.4,1500.0,46802.4
6817,569,1128,2,2,2,2710,FULFILLED,ARS,35910.0,7541.1,0.0,43451.1
6818,463,161,2,4,4,2284,FULFILLED,ARS,34200.0,7182.0,0.0,41382.0
6819,588,311,2,2,2,,REFUNDED,ARS,33000.0,6930.0,0.0,39930.0
6820,565,768,1,,906,348,PAID,ARS,36450.0,7654.5,900.0,45004.5
6821,104,1363,1,,2698,150,PAID,ARS,68100.0,14301.0,900.0,83301.0
6822,106,362,2,1,1,2883,FULFILLED,ARS,14175.0,2976.75,0.0,17151.75
6823,112,311,2,4,4,1749,FULFILLED,ARS,89220.0,18736.2,0.0,107956.2
6824,280,1108,1,,168,,FULFILLED,ARS,40500.0,8505.0,0.0,49005.0
6825,139,1048,1,,741,1956,PAID,ARS,44100.0,9261.0,0.0,53361.0
6826,391,983,2,1,1,2546,CANCELLED,ARS,40500.0,8505.0,0.0,49005.0
6827,202,1240,1,,2616,,FULFILLED,ARS,55860.0,11730.6,1200.0,68790.6
6828,24,773,2,1,1,2474,FULFILLED,ARS,59130.0,12417.3,0.0,71547.3
6829,505,871,2,3,3,66,CREATED,ARS,11760.0,2469.6,0.0,14229.6
6830,276,245,1,,1351,2328,FULFILLED,ARS,42750.0,8977.5,1200.0,52927.5
6831,115,1355,1,,422,1610,FULFILLED,ARS,12000.0,2520.0,900.0,15420.0
6832,326,518,1,,2456,2351,FULFILLED,ARS,28500.0,5985.0,1200.0,35685.0
6833,200,116,1,,1695,733,FULFILLED,ARS,32400.0,6804.0,1500.0,40704.0
6834,240,902,1,,1321,729,FULFILLED,ARS,70650.0,14836.5,1500.0,86986.5
6835,437,1302,2,1,1,291,FULFILLED,ARS,23520.0,4939.2,0.0,28459.2
6836,5,565,1,,2014,1764,PAID,ARS,35280.0,7408.8,900.0,43588.8
6837,379,235,1,,478,,PAID,ARS,21600.0,4536.0,0.0,26136.0
6838,256,606,2,2,2,57,FULFILLED,ARS,12000.0,2520.0,0.0,14520.0
6839,571,467,2,1,1,,PAID,ARS,29400.0,6174.0,0.0,35574.0
6840,344,19,1,,2572,3173,FULFILLED,ARS,48375.0,10158.75,1200.0,59733.75
6841,203,1456,1,,32,1283,REFUNDED,ARS,25650.0,5386.5,900.0,31936.5
6842,374,321,1,,2501,1250,PAID,ARS,32400.0,6804.0,900.0,40104.0
6843,576,656,2,3,3,,FULFILLED,ARS,29400.0,6174.0,0.0,35574.0
6844,632,1209,1,,277,1894,FULFILLED,ARS,16170.0,3395.7,0.0,19565.7
6845,70,1198,2,1,1,3026,CREATED,ARS,15000.0,3150.0,0.0,18150.0
6846,381,466,1,,2803,3040,FULFILLED,ARS,66600.0,13986.0,1500.0,82086.0
6847,590,128,1,,2975,1485,PAID,ARS,37020.0,7774.2,900.0,45694.2
6848,250,1252,1,,749,1238,FULFILLED,ARS,36450.0,7654.5,0.0,44104.5
6849,532,86,1,,1267,2312,FULFILLED,ARS,40500.0,8505.0,0.0,49005.0
6850,18,312,1,,2955,2874,FULFILLED,ARS,34398.0,7223.58,900.0,42521.58
6851,567,360,2,4,4,2230,FULFILLED,ARS,36000.0,7560.0,0.0,43560.0
6852,255,823,1,,595,,FULFILLED,ARS,12150.0,2551.5,1200.0,15901.5
6853,206,1332,1,,2130,1647,CANCELLED,ARS,48252.0,10132.92,900.0,59284.92
6854,428,1388,1,,614,,FULFILLED,ARS,52470.0,11018.7,1200.0,64688.7
6855,46,39,2,4,4,3016,FULFILLED,ARS,40500.0,8505.0,0.0,49005.0
6856,252,192,1,,2098,,FULFILLED,ARS,38475.0,8079.75,1200.0,47754.75
6857,14,980,1,,221,1295,PAID,ARS,10584.0,2222.64,1200.0,14006.64
6858,624,492,1,,3014,762,FULFILLED,ARS,49500.0,10395.0,0.0,59895.0
6859,288,356,1,,1124,496,FULFILLED,ARS,26010.0,5462.1,900.0,32372.1
6860,2,1101,1,,929,3127,FULFILLED,ARS,10260.0,2154.6,900.0,13314.6
6861,259,1081,1,,2675,160,FULFILLED,ARS,14700.0,3087.0,900.0,18687.0
6862,532,1448,1,,15,1578,FULFILLED,ARS,12150.0,2551.5,900.0,15601.5
6863,380,1216,2,3,3,1491,FULFILLED,ARS,21600.0,4536.0,0.0,26136.0
6864,144,731,1,,1825,1107,FULFILLED,ARS,10800.0,2268.0,1200.0,14268.0
6865,551,522,1,,828,2514,FULFILLED,ARS,11760.0,2469.6,1200.0,15429.6
6866,601,96,1,,666,2428,FULFILLED,ARS,21600.0,4536.0,1200.0,27336.0
6867,435,831,2,4,4,1429,FULFILLED,ARS,28350.0,5953.5,0.0,34303.5
6868,397,1222,1,,984,209,FULFILLED,ARS,30000.0,6300.0,0.0,36300.0
6869,74,1216,2,4,4,71,FULFILLED,ARS,61740.0,12965.4,0.0,74705.4
6870,27,1384,1,,119,1076,FULFILLED,ARS,21600.0,4536.0,1200.0,27336.0
6871,311,660,1,,1602,1024,FULFILLED,ARS,12825.0,2693.25,1200.0,16718.25
6872,592,61,2,2,2,1137,PAID,ARS,21600.0,4536.0,0.0,26136.0
6873,88,489,1,,1393,2643,FULFILLED,ARS,36000.0,7560.0,900.0,44460.0
6874,263,89,2,1,1,1166,PAID,ARS,11760.0,2469.6,0.0,14229.6
6875,631,259,1,,486,2839,FULFILLED,ARS,34200.0,7182.0,1200.0,42582.0
6876,525,939,2,4,4,2613,FULFILLED,ARS,14962.5,3142.12,0.0,18104.62
6877,412,87,1,,1558,3188,FULFILLED,ARS,23520.0,4939.2,900.0,29359.2
6878,217,354,2,3,3,2695,FULFILLED,ARS,12936.0,2716.56,0.0,15652.56
6879,496,1118,1,,1875,812,FULFILLED,ARS,25200.0,5292.0,1200.0,31692.0
6880,502,435,2,2,2,3179,FULFILLED,ARS,39600.0,8316.0,0.0,47916.0
6881,328,175,2,4,4,509,FULFILLED,ARS,21600.0,4536.0,0.0,26136.0
6882,319,1370,1,,877,1280,FULFILLED,ARS,16500.0,3465.0,900.0,20865.0
6883,129,6,1,,1470,,FULFILLED,ARS,13200.0,2772.0,900.0,16872.0
6884,365,887,1,,2531,3202,CANCELLED,ARS,24000.0,5040.0,900.0,29940.0
6885,551,82,1,,2420,2021,FULFILLED,ARS,77805.0,16339.05,900.0,95044.05
6886,497,28,1,,1678,579,FULFILLED,ARS,11880.0,2494.8,900.0,15274.8
6887,379,789,1,,2116,1833,PAID,ARS,24000.0,5040.0,900.0,29940.0
6888,139,318,1,,3019,1651,FULFILLED,ARS,28500.0,5985.0,1200.0,35685.0
6889,196,642,1,,1270,832,PAID,ARS,15000.0,3150.0,900.0,19050.0
6890,168,1466,1,,1360,,CANCELLED,ARS,29400.0,6174.0,1500.0,37074.0
6891,497,50,1,,476,1248,FULFILLED,ARS,51744.0,10866.24,0.0,62610.24
6892,496,132,2,1,1,1002,PAID,ARS,22680.0,4762.8,0.0,27442.8
6893,101,209,1,,32,3025,FULFILLED,ARS,25650.0,5386.5,1200.0,32236.5
6894,566,685,1,,3176,425,FULFILLED,ARS,38430.0,8070.3,0.0,46500.3
6895,283,617,1,,1238,1634,CANCELLED,ARS,54150.0,11371.5,900.0,66421.5
6896,9,754,1,,1519,2168,CREATED,ARS,30000.0,6300.0,900.0,37200.0
6897,549,1302,2,1,1,1653,FULFILLED,ARS,23520.0,4939.2,0.0,28459.2
6898,5,1060,2,2,2,2322,FULFILLED,ARS,45000.0,9450.0,0.0,54450.0
6899,80,1063,2,2,2,83,FULFILLED,ARS,23520.0,4939.2,0.0,28459.2
6900,577,898,1,,1321,1833,CANCELLED,ARS,24000.0,5040.0,0.0,29040.0
6901,598,552,2,1,1,783,REFUNDED,ARS,74808.0,15709.68,0.0,90517.68
6902,178,231,1,,797,2231,PAID,ARS,32400.0,6804.0,900.0,40104.0
6903,355,958,1,,737,442,REFUNDED,ARS,22680.0,4762.8,1200.0,28642.8
6904,175,916,1,,2610,1286,FULFILLED,ARS,25650.0,5386.5,900.0,31936.5
6905,223,613,1,,388,2577,CANCELLED,ARS,74718.0,15690.78,1200.0,91608.78
6906,454,517,2,1,1,2496,FULFILLED,ARS,72600.0,15246.0,0.0,87846.0
6907,296,1330,1,,2664,3177,FULFILLED,ARS,48375.0,10158.75,1200.0,59733.75
6908,625,819,2,4,4,276,FULFILLED,ARS,44550.0,9355.5,0.0,53905.5
6909,501,1326,1,,546,1567,CANCELLED,ARS,23520.0,4939.2,900.0,29359.2
6910,70,746,1,,3204,,FULFILLED,ARS,21600.0,4536.0,900.0,27036.0
6911,465,641,1,,519,2130,PAID,ARS,29400.0,6174.0,1500.0,37074.0
6912,10,1495,1,,2562,2479,FULFILLED,ARS,24682.5,5183.32,1200.0,31065.82
6913,407,718,2,2,2,1050,FULFILLED,ARS,11400.0,2394.0,0.0,13794.0
6914,605,971,2,3,3,,FULFILLED,ARS,60252.0,12652.92,0.0,72904.92
6915,53,391,1,,1184,1082,FULFILLED,ARS,42750.0,8977.5,900.0,52627.5
6916,493,1007,2,1,1,1935,FULFILLED,ARS,10800.0,2268.0,0.0,13068.0
6917,63,184,1,,1203,3177,FULFILLED,ARS,57720.0,12121.2,900.0,70741.2
6918,374,333,1,,742,2812,FULFILLED,ARS,10800.0,2268.0,1500.0,14568.0
6919,111,458,2,1,1,838,FULFILLED,ARS,14700.0,3087.0,0.0,17787.0
6920,25,489,1,,608,694,PAID,ARS,36000.0,7560.0,1500.0,45060.0
6921,469,152,2,1,1,,FULFILLED,ARS,30750.0,6457.5,0.0,37207.5
6922,72,481,1,,1858,,FULFILLED,ARS,24696.0,5186.16,1200.0,31082.16
6923,354,1261,2,4,4,594,FULFILLED,ARS,14250.0,2992.5,0.0,17242.5
6924,539,111,2,3,3,2346,REFUNDED,ARS,59700.0,12537.0,0.0,72237.0
6925,562,477,2,3,3,118,FULFILLED,ARS,42750.0,8977.5,0.0,51727.5
6926,42,1309,1,,3109,2573,FULFILLED,ARS,22260.0,4674.6,1500.0,28434.6
6927,433,1381,1,,866,3131,REFUNDED,ARS,31752.0,6667.92,900.0,39319.92
6928,226,842,1,,2705,823,FULFILLED,ARS,45600.0,9576.0,1200.0,56376.0
6929,468,498,1,,2931,262,FULFILLED,ARS,24000.0,5040.0,900.0,29940.0
6930,215,903,2,1,1,2183,FULFILLED,ARS,22800.0,4788.0,0.0,27588.0
6931,637,516,2,4,4,1146,FULFILLED,ARS,49410.0,10376.1,0.0,59786.1
6932,109,176,1,,2951,1588,PAID,ARS,47100.0,9891.0,1200.0,58191.0
6933,268,1423,2,1,1,,FULFILLED,ARS,88425.0,18569.25,0.0,106994.25
6934,400,1368,2,3,3,457,FULFILLED,ARS,43800.0,9198.0,0.0,52998.0
6935,172,570,1,,2934,2444,FULFILLED,ARS,11400.0,2394.0,0.0,13794.0
6936,50,954,2,4,4,141,FULFILLED,ARS,81000.0,17010.0,0.0,98010.0
6937,300,696,1,,1291,1139,FULFILLED,ARS,25200.0,5292.0,900.0,31392.0
6938,2,1390,1,,3064,2646,PAID,ARS,29400.0,6174.0,1500.0,37074.0
6939,464,12,2,4,4,1186,FULFILLED,ARS,29400.0,6174.0,0.0,35574.0
6940,53,255,1,,2527,2133,PAID,ARS,28500.0,5985.0,1200.0,35685.0
6941,122,268,1,,2921,1595,PAID,ARS,15435.0,3241.35,1200.0,19876.35
6942,171,1040,1,,2414,927,FULFILLED,ARS,36000.0,7560.0,900.0,44460.0
6943,128,1126,1,,1538,1095,FULFILLED,ARS,21600.0,4536.0,1200.0,27336.0
6944,376,675,2,3,3,3177,REFUNDED,ARS,25200.0,5292.0,0.0,30492.0
6945,622,188,1,,54,3136,FULFILLED,ARS,36450.0,7654.5,900.0,45004.5
6946,623,184,2,2,2,1176,PAID,ARS,21600.0,4536.0,0.0,26136.0
6947,350,948,1,,1566,2566,FULFILLED,ARS,77025.0,16175.25,900.0,94100.25
6948,545,728,1,,2484,648,CREATED,ARS,53580.0,11251.8,1500.0,66331.8
6949,570,384,1,,990,2646,FULFILLED,ARS,76350.0,16033.5,900.0,93283.5
6950,313,1308,1,,3164,,FULFILLED,ARS,36000.0,7560.0,1500.0,45060.0
6951,152,575,1,,1822,456,FULFILLED,ARS,51600.0,10836.0,900.0,63336.0
6952,434,614,1,,2259,2084,PAID,ARS,68407.5,14365.58,900.0,83673.08
6953,411,993,1,,790,2440,FULFILLED,ARS,47100.0,9891.0,1200.0,58191.0
6954,447,1217,1,,1843,410,FULFILLED,ARS,45000.0,9450.0,1500.0,55950.0
6955,154,460,1,,1649,2350,CANCELLED,ARS,24720.0,5191.2,1200.0,31111.2
6956,582,1068,1,,2012,,FULFILLED,ARS,22800.0,4788.0,1200.0,28788.0
6957,455,1285,1,,335,2651,FULFILLED,ARS,32400.0,6804.0,900.0,40104.0
6958,335,317,1,,1630,132,CANCELLED,ARS,36300.0,7623.0,0.0,43923.0
6959,348,960,1,,1492,510,FULFILLED,ARS,28500.0,5985.0,1500.0,35985.0
6960,321,336,2,2,2,1672,FULFILLED,ARS,44100.0,9261.0,0.0,53361.0
6961,131,1246,2,2,2,1896,CANCELLED,ARS,21600.0,4536.0,0.0,26136.0
6962,513,1388,2,4,4,988,CANCELLED,ARS,74055.0,15551.55,0.0,89606.55
6963,459,1102,2,4,4,,REFUNDED,ARS,12000.0,2520.0,0.0,14520.0
6964,361,414,2,2,2,,FULFILLED,ARS,53100.0,11151.0,0.0,64251.0
6965,81,712,1,,1982,2307,FULFILLED,ARS,48510.0,10187.1,1200.0,59897.1
6966,466,848,1,,3106,763,CANCELLED,ARS,31752.0,6667.92,0.0,38419.92
6967,524,998,2,2,2,1330,FULFILLED,ARS,91140.0,19139.4,0.0,110279.4
6968,360,606,1,,2526,2233,FULFILLED,ARS,52020.0,10924.2,0.0,62944.2
6969,394,94,1,,2930,2331,CANCELLED,ARS,47250.0,9922.5,0.0,57172.5
6970,17,1289,2,3,3,2729,FULFILLED,ARS,15750.0,3307.5,0.0,19057.5
6971,294,697,1,,790,766,FULFILLED,ARS,29400.0,6174.0,1200.0,36774.0
6972,84,739,1,,2338,392,CANCELLED,ARS,21600.0,4536.0,900.0,27036.0
6973,529,235,2,4,4,,PAID,ARS,48570.0,10199.7,0.0,58769.7
6974,533,414,1,,728,66,FULFILLED,ARS,45000.0,9450.0,1500.0,55950.0
6975,479,487,1,,1778,2841,FULFILLED,ARS,24696.0,5186.16,0.0,29882.16
6976,264,632,2,1,1,1938,PAID,ARS,14850.0,3118.5,0.0,17968.5
6977,309,1405,2,4,4,2710,FULFILLED,ARS,37800.0,7938.0,0.0,45738.0
6978,556,1306,1,,2805,2116,FULFILLED,ARS,31752.0,6667.92,900.0,39319.92
6979,448,863,2,1,1,3041,CANCELLED,ARS,11760.0,2469.6,0.0,14229.6
6980,190,872,1,,827,2455,FULFILLED,ARS,45000.0,9450.0,1200.0,55650.0
6981,365,113,2,2,2,505,PAID,ARS,12000.0,2520.0,0.0,14520.0
6982,111,1064,1,,2898,,CREATED,ARS,30000.0,6300.0,1200.0,37500.0
6983,400,600,2,2,2,516,FULFILLED,ARS,40500.0,8505.0,0.0,49005.0
6984,350,246,2,2,2,379,CANCELLED,ARS,52170.0,10955.7,0.0,63125.7
6985,133,208,1,,2514,1948,FULFILLED,ARS,40500.0,8505.0,0.0,49005.0
6986,14,559,1,,1004,2077,FULFILLED,ARS,24000.0,5040.0,1200.0,30240.0
6987,547,235,1,,1317,336,PAID,ARS,36300.0,7623.0,0.0,43923.0
6988,76,666,2,1,1,1994,FULFILLED,ARS,40500.0,8505.0,0.0,49005.0
6989,606,314,1,,2702,817,FULFILLED,ARS,36000.0,7560.0,900.0,44460.0
6990,93,1183,2,1,1,1130,PAID,ARS,36000.0,7560.0,0.0,43560.0
6991,483,372,1,,1534,,PAID,ARS,12000.0,2520.0,900.0,15420.0
6992,631,979,1,,1953,186,FULFILLED,ARS,24300.0,5103.0,900.0,30303.0
6993,607,183,1,,1268,3151,FULFILLED,ARS,101070.0,21224.7,900.0,123194.7
6994,224,1148,2,1,1,2624,FULFILLED,ARS,23100.0,4851.0,0.0,27951.0
6995,209,695,1,,2049,257,CREATED,ARS,40500.0,8505.0,1200.0,50205.0
6996,177,1076,2,3,3,1257,FULFILLED,ARS,47040.0,9878.4,0.0,56918.4
6997,617,487,2,2,2,3115,FULFILLED,ARS,13200.0,2772.0,0.0,15972.0
6998,557,1209,1,,220,30,FULFILLED,ARS,36300.0,7623.0,1200.0,45123.0
6999,159,190,1,,2077,1414,FULFILLED,ARS,45000.0,9450.0,0.0,54450.0
7000,395,637,1,,1627,3147,FULFILLED,ARS,12825.0,2693.25,0.0,15518.25
7001,601,547,1,,2418,398,FULFILLED,ARS,14250.0,2992.5,1500.0,18742.5
7002,218,1015,2,1,1,739,REFUNDED,ARS,44100.0,9261.0,0.0,53361.0
7003,328,1019,1,,1472,992,PAID,ARS,46305.0,9724.05,900.0,56929.05
7004,365,962,2,3,3,277,CANCELLED,ARS,35280.0,7408.8,0.0,42688.8
7005,538,158,2,1,1,828,FULFILLED,ARS,70986.0,14907.06,0.0,85893.06
7006,44,885,1,,2066,2610,FULFILLED,ARS,50400.0,10584.0,0.0,60984.0
7007,17,843,2,3,3,2336,FULFILLED,ARS,68850.0,14458.5,0.0,83308.5
7008,553,292,1,,2433,1261,FULFILLED,ARS,23760.0,4989.6,0.0,28749.6
7009,400,445,2,2,2,1383,FULFILLED,ARS,11760.0,2469.6,0.0,14229.6
7010,428,171,1,,811,2661,FULFILLED,ARS,40500.0,8505.0,900.0,49905.0
7011,639,961,1,,2385,2621,FULFILLED,ARS,57823.5,12142.94,1200.0,71166.44
7012,613,1065,1,,779,2663,FULFILLED,ARS,10800.0,2268.0,1200.0,14268.0
7013,147,1464,2,2,2,1458,CANCELLED,ARS,63360.0,13305.6,0.0,76665.6
7014,84,663,1,,207,2927,FULFILLED,ARS,15000.0,3150.0,1200.0,19350.0
7015,365,208,2,2,2,2161,FULFILLED,ARS,22140.0,4649.4,0.0,26789.4
7016,338,45,1,,118,2859,FULFILLED,ARS,13200.0,2772.0,1200.0,17172.0
7017,100,136,1,,225,1544,FULFILLED,ARS,44100.0,9261.0,900.0,54261.0
7018,104,178,2,1,1,979,FULFILLED,ARS,63630.0,13362.3,0.0,76992.3
7019,576,1346,2,2,2,2441,FULFILLED,ARS,46320.0,9727.2,0.0,56047.2
7020,258,1330,1,,2260,2170,FULFILLED,ARS,64044.0,13449.24,900.0,78393.24
7021,562,317,1,,1353,,FULFILLED,ARS,14250.0,2992.5,1500.0,18742.5
7022,270,348,1,,840,1031,FULFILLED,ARS,27000.0,5670.0,1500.0,34170.0
7023,261,456,2,2,2,3093,FULFILLED,ARS,62910.0,13211.1,0.0,76121.1
7024,602,1282,1,,715,1276,PAID,ARS,48210.0,10124.1,900.0,59234.1
7025,17,270,2,1,1,3198,FULFILLED,ARS,10584.0,2222.64,0.0,12806.64
7026,355,1080,1,,2386,2058,FULFILLED,ARS,21600.0,4536.0,0.0,26136.0
7027,136,1500,2,1,1,1404,FULFILLED,ARS,36450.0,7654.5,0.0,44104.5
7028,13,353,1,,206,1647,FULFILLED,ARS,35280.0,7408.8,1200.0,43888.8
7029,3,701,1,,2336,90,FULFILLED,ARS,86070.0,18074.7,900.0,105044.7
7030,302,409,2,4,4,1843,FULFILLED,ARS,27000.0,5670.0,0.0,32670.0
7031,76,1377,1,,2833,2959,FULFILLED,ARS,60750.0,12757.5,900.0,74407.5
7032,402,240,2,3,3,3175,FULFILLED,ARS,14850.0,3118.5,0.0,17968.5
7033,300,75,1,,2640,2322,FULFILLED,ARS,21600.0,4536.0,900.0,27036.0
7034,510,1008,1,,133,1445,FULFILLED,ARS,10800.0,2268.0,1500.0,14568.0
7035,51,1066,1,,1791,1246,FULFILLED,ARS,9720.0,2041.2,1200.0,12961.2
7036,267,474,2,2,2,2291,FULFILLED,ARS,14250.0,2992.5,0.0,17242.5
7037,54,198,1,,1358,1512,FULFILLED,ARS,30000.0,6300.0,900.0,37200.0
7038,456,561,1,,436,2464,FULFILLED,ARS,52110.0,10943.1,1200.0,64253.1
7039,569,1162,1,,1230,2618,FULFILLED,ARS,60675.0,12741.75,900.0,74316.75
7040,560,1015,1,,2201,1673,FULFILLED,ARS,60000.0,12600.0,900.0,73500.0
7041,169,823,2,3,3,,FULFILLED,ARS,28500.0,5985.0,0.0,34485.0
7042,448,1321,2,2,2,55,PAID,ARS,40278.0,8458.38,0.0,48736.38
7043,254,1114,1,,283,1212,FULFILLED,ARS,30780.0,6463.8,1200.0,38443.8
7044,180,419,1,,2101,2779,FULFILLED,ARS,21600.0,4536.0,1200.0,27336.0
7045,233,1377,2,1,1,,CANCELLED,ARS,42750.0,8977.5,0.0,51727.5
7046,32,919,1,,2930,762,FULFILLED,ARS,45000.0,9450.0,0.0,54450.0
7047,187,399,1,,1008,2832,FULFILLED,ARS,12000.0,2520.0,1200.0,15720.0
7048,485,412,1,,757,1903,REFUNDED,ARS,11970.0,2513.7,1200.0,15683.7
7049,265,326,1,,1240,2059,PAID,ARS,12000.0,2520.0,1200.0,15720.0
7050,433,876,2,2,2,1882,PAID,ARS,30000.0,6300.0,0.0,36300.0
7051,279,1233,2,2,2,2569,REFUNDED,ARS,24300.0,5103.0,0.0,29403.0
7052,542,346,1,,2104,,CANCELLED,ARS,45000.0,9450.0,1200.0,55650.0
7053,280,255,1,,2508,736,PAID,ARS,34200.0,7182.0,0.0,41382.0
7054,1,1074,1,,1626,1917,FULFILLED,ARS,24696.0,5186.16,900.0,30782.16
7055,26,1259,1,,732,553,FULFILLED,ARS,23760.0,4989.6,1500.0,30249.6
7056,438,95,2,4,4,682,FULFILLED,ARS,27000.0,5670.0,0.0,32670.0
7057,607,498,2,4,4,3056,FULFILLED,ARS,14962.5,3142.12,0.0,18104.62
7058,278,214,1,,286,1240,FULFILLED,ARS,90705.0,19048.05,900.0,110653.05
7059,7,346,2,2,2,2937,PAID,ARS,22020.0,4624.2,0.0,26644.2
7060,493,1205,1,,206,1247,CREATED,ARS,38115.0,8004.15,900.0,47019.15
7061,591,1398,1,,1440,2121,FULFILLED,ARS,30870.0,6482.7,1200.0,38552.7
7062,510,437,1,,22,,FULFILLED,ARS,38808.0,8149.68,1500.0,48457.68
7063,618,1265,2,1,1,2808,FULFILLED,ARS,23940.0,5027.4,0.0,28967.4
7064,74,12,2,1,1,1989,PAID,ARS,28350.0,5953.5,0.0,34303.5
7065,546,500,1,,620,1101,PAID,ARS,34830.0,7314.3,900.0,43044.3
7066,332,946,1,,1973,2131,FULFILLED,ARS,81420.0,17098.2,1500.0,100018.2
7067,283,1415,2,2,2,2488,FULFILLED,ARS,27000.0,5670.0,0.0,32670.0
7068,140,468,1,,416,763,FULFILLED,ARS,42750.0,8977.5,0.0,51727.5
7069,431,1236,1,,18,2068,FULFILLED,ARS,34200.0,7182.0,900.0,42282.0
7070,54,583,1,,260,2566,PAID,ARS,63600.0,13356.0,1500.0,78456.0
7071,206,113,1,,219,38,PAID,ARS,90000.0,18900.0,1200.0,110100.0
7072,437,266,1,,642,2693,FULFILLED,ARS,27480.0,5770.8,900.0,34150.8
7073,172,1253,1,,1380,,REFUNDED,ARS,24840.0,5216.4,0.0,30056.4
7074,124,477,2,1,1,2599,FULFILLED,ARS,11970.0,2513.7,0.0,14483.7
7075,152,180,1,,1701,763,PAID,ARS,39150.0,8221.5,900.0,48271.5
7076,264,1012,1,,1699,,FULFILLED,ARS,59250.0,12442.5,900.0,72592.5
7077,207,492,2,4,4,1388,CREATED,ARS,22800.0,4788.0,0.0,27588.0
7078,601,488,2,3,3,1761,FULFILLED,ARS,14175.0,2976.75,0.0,17151.75
7079,39,529,2,2,2,427,FULFILLED,ARS,36000.0,7560.0,0.0,43560.0
7080,165,956,1,,2282,,FULFILLED,ARS,61020.0,12814.2,1200.0,75034.2
7081,72,1377,2,1,1,3088,FULFILLED,ARS,13200.0,2772.0,0.0,15972.0
7082,161,905,1,,165,2284,FULFILLED,ARS,42750.0,8977.5,900.0,52627.5
7083,4,1468,2,2,2,1506,FULFILLED,ARS,91950.0,19309.5,0.0,111259.5
7084,583,646,2,2,2,3009,FULFILLED,ARS,24000.0,5040.0,0.0,29040.0
7085,514,634,1,,2284,2324,FULFILLED,ARS,60300.0,12663.0,900.0,73863.0
7086,331,1075,1,,765,122,FULFILLED,ARS,36000.0,7560.0,900.0,44460.0
7087,268,1026,1,,2642,2434,PAID,ARS,15000.0,3150.0,0.0,18150.0
7088,86,1226,1,,787,2734,FULFILLED,ARS,32400.0,6804.0,1500.0,40704.0
7089,342,1224,1,,991,1113,FULFILLED,ARS,33000.0,6930.0,1200.0,41130.0
7090,203,407,2,2,2,2895,FULFILLED,ARS,12000.0,2520.0,0.0,14520.0
7091,535,971,1,,2359,748,FULFILLED,ARS,12348.0,2593.08,1200.0,16141.08
7092,235,398,1,,3124,1716,FULFILLED,ARS,14700.0,3087.0,1200.0,18987.0
7093,235,724,2,2,2,1237,FULFILLED,ARS,25650.0,5386.5,0.0,31036.5
7094,9,1204,1,,170,1692,PAID,ARS,51870.0,10892.7,1200.0,63962.7
7095,408,49,1,,2106,1666,CANCELLED,ARS,13500.0,2835.0,0.0,16335.0
7096,440,818,1,,2945,28,FULFILLED,ARS,45960.0,9651.6,900.0,56511.6
7097,240,1457,2,1,1,,FULFILLED,ARS,25200.0,5292.0,0.0,30492.0
7098,473,206,1,,1668,775,FULFILLED,ARS,36000.0,7560.0,900.0,44460.0
7099,241,483,1,,1502,501,CREATED,ARS,47250.0,9922.5,1500.0,58672.5
7100,621,31,1,,842,,FULFILLED,ARS,10800.0,2268.0,0.0,13068.0
7101,437,110,1,,3196,1522,FULFILLED,ARS,45000.0,9450.0,0.0,54450.0
7102,505,447,1,,2866,2994,PAID,ARS,36000.0,7560.0,900.0,44460.0
7103,337,264,2,2,2,,FULFILLED,ARS,38475.0,8079.75,0.0,46554.75
7104,30,1187,2,4,4,646,FULFILLED,ARS,11400.0,2394.0,0.0,13794.0
7105,169,134,1,,745,844,PAID,ARS,35280.0,7408.8,1200.0,43888.8
7106,638,1412,1,,2675,136,FULFILLED,ARS,12540.0,2633.4,900.0,16073.4
7107,606,1209,1,,1215,1273,FULFILLED,ARS,16170.0,3395.7,1200.0,20765.7
7108,455,621,2,4,4,2092,FULFILLED,ARS,70080.0,14716.8,0.0,84796.8
7109,522,1348,1,,3189,584,FULFILLED,ARS,47100.0,9891.0,1200.0,58191.0
7110,353,383,2,3,3,84,CANCELLED,ARS,22680.0,4762.8,0.0,27442.8
7111,35,230,2,4,4,2702,FULFILLED,ARS,61710.0,12959.1,0.0,74669.1
7112,143,1420,1,,723,1223,PAID,ARS,36000.0,7560.0,1200.0,44760.0
7113,487,1180,1,,1566,147,FULFILLED,ARS,21600.0,4536.0,1500.0,27636.0
7114,450,1338,1,,3001,1339,FULFILLED,ARS,28500.0,5985.0,1200.0,35685.0
7115,522,168,2,2,2,,FULFILLED,ARS,45000.0,9450.0,0.0,54450.0
7116,244,1465,2,4,4,1379,FULFILLED,ARS,11400.0,2394.0,0.0,13794.0
7117,581,832,1,,604,3029,PAID,ARS,24000.0,5040.0,1500.0,30540.0
7118,396,569,1,,665,,FULFILLED,ARS,30780.0,6463.8,1200.0,38443.8
7119,478,845,2,4,4,2822,PAID,ARS,32400.0,6804.0,0.0,39204.0
7120,350,961,1,,2380,2335,FULFILLED,ARS,25650.0,5386.5,1200.0,32236.5
7121,424,1383,2,3,3,1598,PAID,ARS,23760.0,4989.6,0.0,28749.6
7122,543,1211,2,1,1,,FULFILLED,ARS,28500.0,5985.0,0.0,34485.0
7123,596,316,1,,1675,1912,FULFILLED,ARS,75450.0,15844.5,0.0,91294.5
7124,474,1067,1,,553,612,CANCELLED,ARS,44160.0,9273.6,900.0,54333.6
7125,251,916,2,3,3,,FULFILLED,ARS,47250.0,9922.5,0.0,57172.5
7126,63,1125,2,3,3,608,FULFILLED,ARS,45000.0,9450.0,0.0,54450.0
7127,524,1120,2,4,4,,FULFILLED,ARS,65160.0,13683.6,0.0,78843.6
7128,71,1130,1,,2307,2016,FULFILLED,ARS,34200.0,7182.0,900.0,42282.0
7129,633,1426,1,,1322,1356,FULFILLED,ARS,32400.0,6804.0,900.0,40104.0
7130,249,101,2,1,1,1252,REFUNDED,ARS,45000.0,9450.0,0.0,54450.0
7131,71,1233,2,2,2,2994,FULFILLED,ARS,19440.0,4082.4,0.0,23522.4
7132,113,441,1,,2146,1531,FULFILLED,ARS,31500.0,6615.0,1200.0,39315.0
7133,347,1424,1,,1287,1350,CANCELLED,ARS,32340.0,6791.4,900.0,40031.4
7134,157,357,2,1,1,576,FULFILLED,ARS,10800.0,2268.0,0.0,13068.0
7135,378,875,2,4,4,2965,FULFILLED,ARS,41760.0,8769.6,0.0,50529.6
7136,579,405,1,,1756,1760,REFUNDED,ARS,49455.0,10385.55,0.0,59840.55
7137,453,32,2,2,2,1951,FULFILLED,ARS,16170.0,3395.7,0.0,19565.7
7138,401,229,1,,3096,,FULFILLED,ARS,40500.0,8505.0,1200.0,50205.0
7139,468,140,1,,2488,2921,PAID,ARS,11340.0,2381.4,900.0,14621.4
7140,302,1271,1,,464,1039,REFUNDED,ARS,21168.0,4445.28,900.0,26513.28
7141,417,297,2,1,1,723,FULFILLED,ARS,67500.0,14175.0,0.0,81675.0
7142,356,171,1,,1116,1347,FULFILLED,ARS,28500.0,5985.0,1200.0,35685.0
7143,299,1022,1,,962,360,REFUNDED,ARS,25650.0,5386.5,1200.0,32236.5
7144,243,425,2,1,1,2416,FULFILLED,ARS,13500.0,2835.0,0.0,16335.0
7145,235,250,1,,1970,1844,FULFILLED,ARS,48450.0,10174.5,1500.0,60124.5
7146,364,1472,2,1,1,1407,FULFILLED,ARS,14700.0,3087.0,0.0,17787.0
7147,577,1294,2,1,1,1435,PAID,ARS,76650.0,16096.5,0.0,92746.5
7148,128,364,2,4,4,2318,FULFILLED,ARS,41175.0,8646.75,0.0,49821.75
7149,570,669,2,2,2,2080,PAID,ARS,21600.0,4536.0,0.0,26136.0
7150,556,439,2,3,3,532,FULFILLED,ARS,42750.0,8977.5,0.0,51727.5
7151,352,887,2,1,1,3104,FULFILLED,ARS,28500.0,5985.0,0.0,34485.0
7152,568,1377,2,2,2,1987,PAID,ARS,125055.0,26261.55,0.0,151316.55
7153,614,390,1,,41,1033,FULFILLED,ARS,32400.0,6804.0,1500.0,40704.0
7154,577,1374,2,4,4,292,FULFILLED,ARS,36000.0,7560.0,0.0,43560.0
7155,615,751,1,,1530,564,FULFILLED,ARS,44887.5,9426.38,1200.0,55513.88
7156,258,906,1,,2839,2156,FULFILLED,ARS,22800.0,4788.0,0.0,27588.0
7157,636,1041,2,4,4,3142,FULFILLED,ARS,78300.0,16443.0,0.0,94743.0
7158,272,94,2,4,4,,FULFILLED,ARS,79200.0,16632.0,0.0,95832.0
7159,601,1224,2,2,2,2815,FULFILLED,ARS,45000.0,9450.0,0.0,54450.0
7160,273,1026,1,,2179,397,PAID,ARS,42750.0,8977.5,900.0,52627.5
7161,297,223,2,4,4,,FULFILLED,ARS,16170.0,3395.7,0.0,19565.7
7162,174,1030,1,,1431,,FULFILLED,ARS,11400.0,2394.0,1200.0,14994.0
7163,506,1458,2,2,2,1027,PAID,ARS,10800.0,2268.0,0.0,13068.0
7164,18,1180,2,2,2,885,FULFILLED,ARS,45927.0,9644.67,0.0,55571.67
7165,298,1498,1,,802,2319,FULFILLED,ARS,24300.0,5103.0,900.0,30303.0
7166,269,771,1,,2389,,REFUNDED,ARS,15675.0,3291.75,900.0,19866.75
7167,166,414,1,,209,2437,FULFILLED,ARS,27000.0,5670.0,900.0,33570.0
7168,407,705,2,2,2,1909,FULFILLED,ARS,64140.0,13469.4,0.0,77609.4
7169,375,1282,1,,2896,929,FULFILLED,ARS,37800.0,7938.0,0.0,45738.0
7170,620,713,1,,2487,2762,PAID,ARS,11400.0,2394.0,1200.0,14994.0
7171,458,737,1,,2471,2175,FULFILLED,ARS,51000.0,10710.0,900.0,62610.0
7172,392,1337,2,3,3,1759,FULFILLED,ARS,22800.0,4788.0,0.0,27588.0
7173,559,1060,1,,2860,251,FULFILLED,ARS,47250.0,9922.5,900.0,58072.5
7174,380,1100,2,1,1,1025,FULFILLED,ARS,29160.0,6123.6,0.0,35283.6
7175,367,719,1,,2123,1545,FULFILLED,ARS,35910.0,7541.1,1200.0,44651.1
7176,369,1450,1,,1837,1380,FULFILLED,ARS,60000.0,12600.0,900.0,73500.0
7177,248,176,1,,2815,2735,FULFILLED,ARS,23520.0,4939.2,0.0,28459.2
7178,464,756,1,,723,1491,PAID,ARS,9720.0,2041.2,1200.0,12961.2
7179,287,1246,2,1,1,557,FULFILLED,ARS,41362.5,8686.12,0.0,50048.62
7180,424,383,1,,754,2435,REFUNDED,ARS,115650.0,24286.5,900.0,140836.5
7181,399,1463,2,2,2,2236,REFUNDED,ARS,40500.0,8505.0,0.0,49005.0
7182,60,1177,1,,3002,2446,FULFILLED,ARS,46740.0,9815.4,900.0,57455.4
7183,502,321,2,1,1,808,FULFILLED,ARS,10260.0,2154.6,0.0,12414.6
7184,200,130,2,1,1,2320,FULFILLED,ARS,64680.0,13582.8,0.0,78262.8
7185,53,1083,2,3,3,691,FULFILLED,ARS,10800.0,2268.0,0.0,13068.0
7186,388,1161,1,,3168,257,FULFILLED,ARS,23160.0,4863.6,1200.0,29223.6
7187,94,785,2,2,2,950,CANCELLED,ARS,41760.0,8769.6,0.0,50529.6
7188,1,487,1,,1689,2561,PAID,ARS,24000.0,5040.0,1200.0,30240.0
7189,359,306,1,,2687,1821,FULFILLED,ARS,30000.0,6300.0,1500.0,37800.0
7190,187,1062,2,4,4,,FULFILLED,ARS,24000.0,5040.0,0.0,29040.0
7191,144,1356,2,1,1,,PAID,ARS,32400.0,6804.0,0.0,39204.0
7192,327,709,1,,618,,PAID,ARS,49500.0,10395.0,900.0,60795.0
7193,479,524,1,,2743,1782,FULFILLED,ARS,39600.0,8316.0,1500.0,49416.0
7194,324,1063,2,1,1,1513,FULFILLED,ARS,52200.0,10962.0,0.0,63162.0
7195,34,1149,1,,2124,446,FULFILLED,ARS,10584.0,2222.64,900.0,13706.64
7196,179,552,2,4,4,103,FULFILLED,ARS,21600.0,4536.0,0.0,26136.0
7197,247,1011,2,3,3,,FULFILLED,ARS,15000.0,3150.0,0.0,18150.0
7198,529,896,1,,2072,2062,FULFILLED,ARS,67800.0,14238.0,1200.0,83238.0
7199,286,762,1,,2407,3073,FULFILLED,ARS,58248.0,12232.08,900.0,71380.08
7200,377,812,2,3,3,2071,FULFILLED,ARS,60435.0,12691.35,0.0,73126.35
7201,108,785,1,,3051,292,FULFILLED,ARS,47250.0,9922.5,900.0,58072.5
7202,389,1088,2,4,4,606,PAID,ARS,13500.0,2835.0,0.0,16335.0
7203,391,137,2,2,2,2792,FULFILLED,ARS,32340.0,6791.4,0.0,39131.4
7204,303,1341,1,,1783,1525,FULFILLED,ARS,32400.0,6804.0,900.0,40104.0
7205,320,790,1,,2284,2138,FULFILLED,ARS,52050.0,10930.5,900.0,63880.5
7206,436,194,1,,2987,1136,FULFILLED,ARS,10260.0,2154.6,1200.0,13614.6
7207,438,1373,1,,2083,3033,FULFILLED,ARS,12600.0,2646.0,1200.0,16446.0
7208,597,754,2,4,4,,FULFILLED,ARS,11400.0,2394.0,0.0,13794.0
7209,523,841,1,,1228,582,FULFILLED,ARS,21168.0,4445.28,900.0,26513.28
7210,389,1292,1,,2651,3134,CANCELLED,ARS,26010.0,5462.1,1200.0,32672.1
7211,484,1300,1,,2764,,FULFILLED,ARS,21168.0,4445.28,0.0,25613.28
7212,521,1059,2,4,4,,FULFILLED,ARS,35280.0,7408.8,0.0,42688.8
7213,597,1420,2,2,2,1898,FULFILLED,ARS,60322.5,12667.72,0.0,72990.22
7214,522,1099,1,,3140,,FULFILLED,ARS,10800.0,2268.0,900.0,13968.0
7215,514,219,1,,1451,,PAID,ARS,20520.0,4309.2,900.0,25729.2
7216,348,516,2,4,4,2236,CANCELLED,ARS,15000.0,3150.0,0.0,18150.0
7217,358,355,2,2,2,2026,PAID,ARS,21600.0,4536.0,0.0,26136.0
7218,327,1448,1,,977,6,FULFILLED,ARS,76734.0,16114.14,1500.0,94348.14
7219,219,821,2,1,1,,FULFILLED,ARS,29700.0,6237.0,0.0,35937.0
7220,560,1494,1,,2321,1859,PAID,ARS,32400.0,6804.0,900.0,40104.0
7221,187,1265,1,,1470,1619,FULFILLED,ARS,35280.0,7408.8,0.0,42688.8
7222,577,901,1,,89,235,FULFILLED,ARS,51900.0,10899.0,1200.0,63999.0
7223,379,1268,1,,799,3027,FULFILLED,ARS,44700.0,9387.0,0.0,54087.0
7224,532,692,2,4,4,,FULFILLED,ARS,32400.0,6804.0,0.0,39204.0
7225,505,1497,1,,589,1640,PAID,ARS,15435.0,3241.35,1500.0,20176.35
7226,428,1104,1,,3139,2382,FULFILLED,ARS,10800.0,2268.0,1500.0,14568.0
7227,190,862,1,,18,437,FULFILLED,ARS,32340.0,6791.4,900.0,40031.4
7228,598,535,2,3,3,1528,FULFILLED,ARS,36000.0,7560.0,0.0,43560.0
7229,27,281,1,,124,3085,FULFILLED,ARS,32400.0,6804.0,0.0,39204.0
7230,518,629,1,,1161,1797,FULFILLED,ARS,15435.0,3241.35,1500.0,20176.35
7231,629,1161,1,,2947,741,CANCELLED,ARS,57240.0,12020.4,900.0,70160.4
7232,427,826,2,4,4,859,FULFILLED,ARS,48450.0,10174.5,0.0,58624.5
7233,343,890,2,3,3,2449,FULFILLED,ARS,34740.0,7295.4,0.0,42035.4
7234,147,333,1,,836,1305,PAID,ARS,54000.0,11340.0,1200.0,66540.0
7235,238,894,1,,2172,53,FULFILLED,ARS,29250.0,6142.5,1200.0,36592.5
7236,577,994,2,3,3,104,FULFILLED,ARS,28500.0,5985.0,0.0,34485.0
7237,201,936,1,,1415,2094,FULFILLED,ARS,64950.0,13639.5,1500.0,80089.5
7238,237,902,2,4,4,3096,CREATED,ARS,49200.0,10332.0,0.0,59532.0
7239,620,1139,1,,252,2595,FULFILLED,ARS,25935.0,5446.35,0.0,31381.35
7240,48,968,2,1,1,2597,FULFILLED,ARS,44748.0,9397.08,0.0,54145.08
7241,82,410,1,,2365,1853,CANCELLED,ARS,24840.0,5216.4,0.0,30056.4
7242,116,875,1,,194,1398,CANCELLED,ARS,36000.0,7560.0,900.0,44460.0
7243,514,387,2,3,3,2324,FULFILLED,ARS,33600.0,7056.0,0.0,40656.0
7244,608,880,1,,2818,3161,FULFILLED,ARS,13500.0,2835.0,1200.0,17535.0
7245,451,954,1,,1073,2802,FULFILLED,ARS,108810.0,22850.1,900.0,132560.1
7246,42,933,1,,8,2156,FULFILLED,ARS,44400.0,9324.0,900.0,54624.0
7247,316,1154,1,,380,701,FULFILLED,ARS,32400.0,6804.0,900.0,40104.0
7248,501,527,2,1,1,367,FULFILLED,ARS,21600.0,4536.0,0.0,26136.0
7249,185,1353,1,,2927,139,PAID,ARS,12150.0,2551.5,1200.0,15901.5
7250,412,667,2,3,3,2205,FULFILLED,ARS,45000.0,9450.0,0.0,54450.0
7251,337,506,1,,1879,,FULFILLED,ARS,25872.0,5433.12,0.0,31305.12
7252,385,517,2,2,2,2706,FULFILLED,ARS,34020.0,7144.2,0.0,41164.2
7253,318,609,1,,994,319,PAID,ARS,31350.0,6583.5,900.0,38833.5
7254,632,1139,1,,2105,,FULFILLED,ARS,40500.0,8505.0,1200.0,50205.0
7255,160,440,1,,761,1404,FULFILLED,ARS,29400.0,6174.0,900.0,36474.0
7256,303,32,2,3,3,3087,FULFILLED,ARS,11340.0,2381.4,0.0,13721.4
7257,351,452,1,,1944,774,PAID,ARS,45000.0,9450.0,1200.0,55650.0
7258,545,903,1,,2389,1958,FULFILLED,ARS,42750.0,8977.5,1500.0,53227.5
7259,421,850,2,1,1,335,FULFILLED,ARS,30780.0,6463.8,0.0,37243.8
7260,290,1186,1,,2468,,FULFILLED,ARS,67200.0,14112.0,900.0,82212.0
7261,509,905,1,,1089,,FULFILLED,ARS,37044.0,7779.24,900.0,45723.24
7262,211,1317,1,,586,844,FULFILLED,ARS,24696.0,5186.16,1500.0,31382.16
7263,287,1224,1,,177,810,FULFILLED,ARS,11400.0,2394.0,900.0,14694.0
7264,142,515,1,,2189,1057,FULFILLED,ARS,34200.0,7182.0,0.0,41382.0
7265,85,81,2,1,1,1468,PAID,ARS,28035.0,5887.35,0.0,33922.35
7266,367,838,1,,2823,974,FULFILLED,ARS,48600.0,10206.0,900.0,59706.0
7267,405,1047,1,,2178,3117,FULFILLED,ARS,34200.0,7182.0,900.0,42282.0
7268,533,949,2,3,3,,PAID,ARS,15750.0,3307.5,0.0,19057.5
7269,341,127,2,1,1,,FULFILLED,ARS,45780.0,9613.8,0.0,55393.8
7270,611,1192,2,3,3,1507,FULFILLED,ARS,65280.0,13708.8,0.0,78988.8
7271,310,1389,1,,1176,957,PAID,ARS,33000.0,6930.0,1200.0,41130.0
7272,480,1226,1,,1427,2564,FULFILLED,ARS,58200.0,12222.0,1500.0,71922.0
7273,500,895,2,1,1,830,REFUNDED,ARS,72600.0,15246.0,0.0,87846.0
7274,81,390,1,,2793,,FULFILLED,ARS,31350.0,6583.5,900.0,38833.5
7275,616,1130,2,4,4,,PAID,ARS,10800.0,2268.0,0.0,13068.0
7276,24,915,1,,1602,135,FULFILLED,ARS,24696.0,5186.16,900.0,30782.16
7277,570,354,2,4,4,921,PAID,ARS,40500.0,8505.0,0.0,49005.0
7278,105,552,1,,106,1354,CANCELLED,ARS,44100.0,9261.0,1200.0,54561.0
7279,521,944,1,,1296,1144,FULFILLED,ARS,24696.0,5186.16,900.0,30782.16
7280,462,746,1,,2781,932,FULFILLED,ARS,30870.0,6482.7,1500.0,38852.7
7281,453,988,1,,1963,639,FULFILLED,ARS,44100.0,9261.0,900.0,54261.0
7282,392,1184,2,3,3,1002,PAID,ARS,21600.0,4536.0,0.0,26136.0
7283,188,1019,1,,1864,987,FULFILLED,ARS,31500.0,6615.0,900.0,39015.0
7284,25,433,1,,1675,2074,FULFILLED,ARS,25650.0,5386.5,1200.0,32236.5
7285,187,678,2,1,1,620,PAID,ARS,36450.0,7654.5,0.0,44104.5
7286,266,873,1,,1524,1119,FULFILLED,ARS,67800.0,14238.0,900.0,82938.0
7287,413,1463,2,4,4,418,CANCELLED,ARS,25200.0,5292.0,0.0,30492.0
7288,563,658,1,,362,2941,FULFILLED,ARS,14700.0,3087.0,1200.0,18987.0
7289,390,181,2,1,1,2681,PAID,ARS,24300.0,5103.0,0.0,29403.0
7290,211,1268,1,,1147,300,FULFILLED,ARS,14700.0,3087.0,1200.0,18987.0
7291,513,435,1,,597,111,FULFILLED,ARS,44100.0,9261.0,900.0,54261.0
7292,315,543,1,,93,2363,FULFILLED,ARS,22800.0,4788.0,1200.0,28788.0
7293,308,848,1,,1609,724,FULFILLED,ARS,28350.0,5953.5,0.0,34303.5
7294,403,61,2,4,4,1390,FULFILLED,ARS,60105.0,12622.05,0.0,72727.05
7295,558,273,1,,2899,24,FULFILLED,ARS,23520.0,4939.2,900.0,29359.2
7296,506,597,1,,731,3133,FULFILLED,ARS,14700.0,3087.0,0.0,17787.0
7297,306,1395,2,4,4,479,FULFILLED,ARS,78390.0,16461.9,0.0,94851.9
7298,149,1371,1,,2279,2165,FULFILLED,ARS,10800.0,2268.0,0.0,13068.0
7299,271,1455,1,,7,2797,FULFILLED,ARS,37248.0,7822.08,1200.0,46270.08
7300,441,1141,1,,212,1901,FULFILLED,ARS,11760.0,2469.6,900.0,15129.6
7301,131,512,1,,1969,2058,FULFILLED,ARS,38760.0,8139.6,900.0,47799.6
7302,480,350,2,2,2,3111,CANCELLED,ARS,56820.0,11932.2,0.0,68752.2
7303,467,812,2,3,3,2233,FULFILLED,ARS,45000.0,9450.0,0.0,54450.0
7304,536,923,1,,85,1131,FULFILLED,ARS,14700.0,3087.0,1500.0,19287.0
7305,172,547,1,,69,1753,FULFILLED,ARS,53550.0,11245.5,0.0,64795.5
7306,433,1468,2,3,3,180,FULFILLED,ARS,32400.0,6804.0,0.0,39204.0
7307,351,1107,1,,747,,FULFILLED,ARS,40500.0,8505.0,900.0,49905.0
7308,317,486,2,3,3,1240,FULFILLED,ARS,110052.0,23110.92,0.0,133162.92
7309,103,393,1,,1713,759,PAID,ARS,31752.0,6667.92,1200.0,39619.92
7310,357,1076,2,1,1,311,FULFILLED,ARS,14250.0,2992.5,0.0,17242.5
7311,278,474,2,1,1,,FULFILLED,ARS,28350.0,5953.5,0.0,34303.5
7312,463,1312,1,,2329,1944,REFUNDED,ARS,23520.0,4939.2,0.0,28459.2
7313,135,1305,1,,2329,467,FULFILLED,ARS,36000.0,7560.0,0.0,43560.0
7314,311,1307,1,,1211,2232,CANCELLED,ARS,35910.0,7541.1,1200.0,44651.1
7315,424,1103,1,,3028,1951,PAID,ARS,30870.0,6482.7,0.0,37352.7
7316,162,240,1,,425,1766,FULFILLED,ARS,15675.0,3291.75,1200.0,20166.75
7317,614,160,1,,726,3089,FULFILLED,ARS,36000.0,7560.0,1500.0,45060.0
7318,51,548,1,,587,3201,FULFILLED,ARS,21600.0,4536.0,900.0,27036.0
7319,196,1302,1,,856,1495,FULFILLED,ARS,22680.0,4762.8,0.0,27442.8
7320,122,1110,1,,930,1773,FULFILLED,ARS,56400.0,11844.0,0.0,68244.0
7321,539,164,1,,620,368,CANCELLED,ARS,13500.0,2835.0,1500.0,17835.0
7322,535,208,1,,1907,2705,FULFILLED,ARS,58200.0,12222.0,900.0,71322.0
7323,519,291,1,,1622,1352,PAID,ARS,14850.0,3118.5,900.0,18868.5
7324,410,531,1,,2213,3086,FULFILLED,ARS,34200.0,7182.0,900.0,42282.0
7325,317,615,1,,641,3105,FULFILLED,ARS,35280.0,7408.8,1500.0,44188.8
7326,271,80,2,1,1,870,FULFILLED,ARS,32400.0,6804.0,0.0,39204.0
7327,104,1420,1,,380,866,PAID,ARS,45000.0,9450.0,1200.0,55650.0
7328,320,1219,2,2,2,477,FULFILLED,ARS,10800.0,2268.0,0.0,13068.0
7329,345,774,2,2,2,408,FULFILLED,ARS,64152.0,13471.92,0.0,77623.92
7330,509,1199,2,4,4,577,FULFILLED,ARS,44100.0,9261.0,0.0,53361.0
7331,473,1435,1,,3144,2830,PAID,ARS,44100.0,9261.0,1500.0,54861.0
7332,197,772,2,1,1,1291,FULFILLED,ARS,29700.0,6237.0,0.0,35937.0
7333,626,474,1,,836,1445,FULFILLED,ARS,32400.0,6804.0,900.0,40104.0
7334,296,882,1,,2226,,FULFILLED,ARS,64350.0,13513.5,1500.0,79363.5
7335,228,414,2,3,3,1900,FULFILLED,ARS,32400.0,6804.0,0.0,39204.0
7336,554,376,1,,1702,450,FULFILLED,ARS,92796.0,19487.16,900.0,113183.16
7337,402,1301,2,3,3,1819,FULFILLED,ARS,46800.0,9828.0,0.0,56628.0
7338,54,275,1,,86,3193,FULFILLED,ARS,43200.0,9072.0,0.0,52272.0
7339,616,1162,1,,395,2548,CANCELLED,ARS,34200.0,7182.0,900.0,42282.0
7340,427,343,1,,1075,1226,CANCELLED,ARS,22800.0,4788.0,900.0,28488.0
7341,275,983,2,2,2,,FULFILLED,ARS,15675.0,3291.75,0.0,18966.75
7342,409,448,1,,623,2456,FULFILLED,ARS,14250.0,2992.5,1200.0,18442.5
7343,214,861,1,,1852,865,FULFILLED,ARS,10260.0,2154.6,1200.0,13614.6
7344,190,1189,2,3,3,2848,FULFILLED,ARS,115020.0,24154.2,0.0,139174.2
7345,450,598,2,1,1,2202,FULFILLED,ARS,30000.0,6300.0,0.0,36300.0
7346,577,560,2,2,2,,FULFILLED,ARS,26460.0,5556.6,0.0,32016.6
7347,175,377,2,1,1,261,REFUNDED,ARS,35640.0,7484.4,0.0,43124.4
7348,421,118,2,2,2,2491,FULFILLED,ARS,36450.0,7654.5,0.0,44104.5
7349,284,840,1,,2326,,FULFILLED,ARS,29160.0,6123.6,1500.0,36783.6
7350,544,55,1,,2626,1989,FULFILLED,ARS,25872.0,5433.12,1500.0,32805.12
7351,75,1387,1,,1502,,FULFILLED,ARS,11400.0,2394.0,1500.0,15294.0
7352,156,1044,1,,371,568,FULFILLED,ARS,69900.0,14679.0,900.0,85479.0
7353,140,1068,1,,2007,1874,FULFILLED,ARS,86700.0,18207.0,1200.0,106107.0
7354,212,1324,1,,2284,35,CANCELLED,ARS,22800.0,4788.0,1200.0,28788.0
7355,118,907,1,,1953,2984,PAID,ARS,36696.0,7706.16,900.0,45302.16
7356,195,1281,1,,2548,2875,CANCELLED,ARS,55350.0,11623.5,1500.0,68473.5
7357,522,555,2,4,4,14,PAID,ARS,13500.0,2835.0,0.0,16335.0
7358,144,778,1,,3132,2450,FULFILLED,ARS,14250.0,2992.5,1200.0,18442.5
7359,552,1001,1,,2785,2845,FULFILLED,ARS,21600.0,4536.0,1200.0,27336.0
7360,531,1188,1,,1857,1469,FULFILLED,ARS,25080.0,5266.8,900.0,31246.8
7361,158,45,1,,3060,1542,FULFILLED,ARS,30000.0,6300.0,1500.0,37800.0
7362,276,1309,2,3,3,987,FULFILLED,ARS,40500.0,8505.0,0.0,49005.0
7363,545,771,2,4,4,1209,FULFILLED,ARS,14700.0,3087.0,0.0,17787.0
7364,378,510,2,3,3,2367,FULFILLED,ARS,46200.0,9702.0,0.0,55902.0
7365,74,1450,1,,2876,1910,FULFILLED,ARS,30000.0,6300.0,900.0,37200.0
7366,605,466,2,1,1,2468,REFUNDED,ARS,64680.0,13582.8,0.0,78262.8
7367,462,722,1,,1539,3187,PAID,ARS,11760.0,2469.6,1200.0,15429.6
7368,496,680,1,,2427,1698,FULFILLED,ARS,34200.0,7182.0,1500.0,42882.0
7369,458,451,2,2,2,2735,CREATED,ARS,30870.0,6482.7,0.0,37352.7
7370,9,1001,1,,989,358,FULFILLED,ARS,76800.0,16128.0,1200.0,94128.0
7371,139,1127,1,,630,315,PAID,ARS,51000.0,10710.0,900.0,62610.0
7372,637,1188,2,1,1,2842,CANCELLED,ARS,11400.0,2394.0,0.0,13794.0
7373,267,481,2,3,3,1361,CANCELLED,ARS,45000.0,9450.0,0.0,54450.0
7374,371,246,1,,1607,1305,CANCELLED,ARS,58560.0,12297.6,0.0,70857.6
7375,281,56,2,2,2,952,FULFILLED,ARS,30000.0,6300.0,0.0,36300.0
7376,282,547,1,,1412,,FULFILLED,ARS,49980.0,10495.8,1500.0,61975.8
7377,611,1304,2,2,2,823,PAID,ARS,99300.0,20853.0,0.0,120153.0
7378,274,1214,2,2,2,260,FULFILLED,ARS,62280.0,13078.8,0.0,75358.8
7379,275,903,1,,342,2550,FULFILLED,ARS,32400.0,6804.0,1200.0,40404.0
7380,208,1173,1,,3132,568,FULFILLED,ARS,76950.0,16159.5,900.0,94009.5
7381,410,181,1,,3187,2089,FULFILLED,ARS,54000.0,11340.0,900.0,66240.0
7382,565,65,2,2,2,493,PAID,ARS,79425.0,16679.25,0.0,96104.25
7383,252,1344,2,3,3,2663,PAID,ARS,35640.0,7484.4,0.0,43124.4
7384,53,1436,2,4,4,2100,FULFILLED,ARS,60600.0,12726.0,0.0,73326.0
7385,373,567,1,,2620,3158,REFUNDED,ARS,12600.0,2646.0,1200.0,16446.0
7386,349,100,1,,2448,2649,FULFILLED,ARS,14700.0,3087.0,900.0,18687.0
7387,208,1293,1,,1082,1228,FULFILLED,ARS,38475.0,8079.75,900.0,47454.75
7388,234,380,1,,2187,2354,FULFILLED,ARS,24000.0,5040.0,0.0,29040.0
7389,60,351,2,1,1,48,FULFILLED,ARS,28500.0,5985.0,0.0,34485.0
7390,246,1029,2,1,1,1178,FULFILLED,ARS,12000.0,2520.0,0.0,14520.0
7391,208,544,2,3,3,73,FULFILLED,ARS,73050.0,15340.5,0.0,88390.5
7392,482,916,2,4,4,1072,FULFILLED,ARS,35280.0,7408.8,0.0,42688.8
7393,281,291,2,3,3,1808,REFUNDED,ARS,14962.5,3142.12,0.0,18104.62
7394,11,253,2,3,3,,FULFILLED,ARS,40500.0,8505.0,0.0,49005.0
7395,563,922,1,,1679,1718,CANCELLED,ARS,11970.0,2513.7,900.0,15383.7
7396,167,347,1,,2545,673,FULFILLED,ARS,32400.0,6804.0,900.0,40104.0
7397,612,882,2,4,4,2539,FULFILLED,ARS,24000.0,5040.0,0.0,29040.0
7398,352,477,2,1,1,1151,FULFILLED,ARS,22800.0,4788.0,0.0,27588.0
7399,551,1061,2,3,3,1540,CANCELLED,ARS,24000.0,5040.0,0.0,29040.0
7400,503,292,1,,832,41,FULFILLED,ARS,56250.0,11812.5,1200.0,69262.5
7401,9,1450,1,,903,362,PAID,ARS,54300.0,11403.0,900.0,66603.0
7402,135,1342,2,2,2,190,FULFILLED,ARS,34200.0,7182.0,0.0,41382.0
7403,364,930,1,,431,,FULFILLED,ARS,31350.0,6583.5,0.0,37933.5
7404,360,918,1,,2721,1249,FULFILLED,ARS,36000.0,7560.0,1200.0,44760.0
7405,331,1233,2,3,3,1113,FULFILLED,ARS,37044.0,7779.24,0.0,44823.24
7406,436,856,2,4,4,572,FULFILLED,ARS,74887.5,15726.38,0.0,90613.88
7407,286,111,1,,94,2865,PAID,ARS,32340.0,6791.4,1500.0,40631.4
7408,85,10,2,3,3,,FULFILLED,ARS,59340.0,12461.4,0.0,71801.4
7409,98,1016,1,,1215,1423,FULFILLED,ARS,21600.0,4536.0,1200.0,27336.0
7410,626,874,1,,999,273,FULFILLED,ARS,30000.0,6300.0,900.0,37200.0
7411,189,789,1,,1512,539,FULFILLED,ARS,36000.0,7560.0,1500.0,45060.0
7412,320,119,2,2,2,,PAID,ARS,10260.0,2154.6,0.0,12414.6
7413,537,413,2,2,2,,CANCELLED,ARS,29400.0,6174.0,0.0,35574.0
7414,115,616,1,,656,1369,FULFILLED,ARS,12936.0,2716.56,900.0,16552.56
7415,583,1239,1,,970,12,FULFILLED,ARS,34020.0,7144.2,900.0,42064.2
7416,395,1053,2,3,3,2047,FULFILLED,ARS,98010.0,20582.1,0.0,118592.1
7417,91,255,1,,2836,2819,FULFILLED,ARS,35280.0,7408.8,900.0,43588.8
7418,139,1123,2,2,2,897,FULFILLED,ARS,10260.0,2154.6,0.0,12414.6
7419,588,1427,1,,2924,3170,PAID,ARS,72510.0,15227.1,900.0,88637.1
7420,127,205,2,1,1,1985,REFUNDED,ARS,21600.0,4536.0,0.0,26136.0
7421,456,878,2,4,4,3202,FULFILLED,ARS,40500.0,8505.0,0.0,49005.0
7422,583,1416,1,,1833,933,FULFILLED,ARS,35280.0,7408.8,1500.0,44188.8
7423,601,440,1,,3006,2281,PAID,ARS,22800.0,4788.0,900.0,28488.0
7424,418,1366,2,3,3,760,FULFILLED,ARS,25080.0,5266.8,0.0,30346.8
7425,309,487,1,,645,2679,REFUNDED,ARS,78120.0,16405.2,900.0,95425.2
7426,526,131,1,,2871,547,PAID,ARS,42750.0,8977.5,1200.0,52927.5
7427,126,121,2,4,4,577,FULFILLED,ARS,10260.0,2154.6,0.0,12414.6
7428,355,33,1,,173,1614,FULFILLED,ARS,11400.0,2394.0,900.0,14694.0
7429,535,1445,2,1,1,2395,FULFILLED,ARS,34020.0,7144.2,0.0,41164.2
7430,245,1031,1,,499,3070,FULFILLED,ARS,23520.0,4939.2,0.0,28459.2
7431,331,154,2,2,2,626,FULFILLED,ARS,14850.0,3118.5,0.0,17968.5
7432,50,515,1,,2934,,FULFILLED,ARS,29400.0,6174.0,1500.0,37074.0
7433,62,1333,2,4,4,1312,FULFILLED,ARS,10584.0,2222.64,0.0,12806.64
7434,424,1408,2,1,1,2138,FULFILLED,ARS,12600.0,2646.0,0.0,15246.0
7435,631,787,1,,2374,2836,PAID,ARS,10800.0,2268.0,900.0,13968.0
7436,116,679,2,2,2,501,FULFILLED,ARS,10800.0,2268.0,0.0,13068.0
7437,63,513,2,2,2,508,FULFILLED,ARS,44100.0,9261.0,0.0,53361.0
7438,30,328,1,,2701,3117,PAID,ARS,21600.0,4536.0,900.0,27036.0
7439,502,68,1,,2051,432,FULFILLED,ARS,21168.0,4445.28,1200.0,26813.28
7440,521,615,1,,1935,2791,PAID,ARS,11760.0,2469.6,0.0,14229.6
7441,621,247,1,,562,1863,REFUNDED,ARS,30780.0,6463.8,900.0,38143.8
7442,265,299,2,4,4,,CANCELLED,ARS,23940.0,5027.4,0.0,28967.4
7443,399,944,1,,60,2248,FULFILLED,ARS,15675.0,3291.75,1200.0,20166.75
7444,343,1048,2,2,2,831,FULFILLED,ARS,53214.0,11174.94,0.0,64388.94
7445,513,195,1,,1714,1037,FULFILLED,ARS,96444.0,20253.24,900.0,117597.24
7446,534,1076,1,,863,1264,PAID,ARS,30000.0,6300.0,900.0,37200.0
7447,463,629,1,,2128,2775,FULFILLED,ARS,14962.5,3142.12,900.0,19004.62
7448,262,1244,2,4,4,1388,PAID,ARS,63300.0,13293.0,0.0,76593.0
7449,325,1178,2,1,1,748,FULFILLED,ARS,27000.0,5670.0,0.0,32670.0
7450,55,1259,1,,1405,907,FULFILLED,ARS,31500.0,6615.0,900.0,39015.0
7451,627,1,1,,853,2602,FULFILLED,ARS,45120.0,9475.2,1200.0,55795.2
7452,488,873,1,,644,1280,FULFILLED,ARS,24300.0,5103.0,1200.0,30603.0
7453,564,1133,1,,1537,783,CANCELLED,ARS,27000.0,5670.0,1200.0,33870.0
7454,636,166,1,,3026,,FULFILLED,ARS,21600.0,4536.0,1500.0,27636.0
7455,178,373,2,4,4,2594,FULFILLED,ARS,42900.0,9009.0,0.0,51909.0
7456,126,1226,1,,2479,1404,FULFILLED,ARS,49200.0,10332.0,900.0,60432.0
7457,100,587,1,,2217,2784,FULFILLED,ARS,35280.0,7408.8,1200.0,43888.8
7458,315,1316,2,1,1,403,FULFILLED,ARS,13500.0,2835.0,0.0,16335.0
7459,448,766,2,4,4,2751,FULFILLED,ARS,12000.0,2520.0,0.0,14520.0
7460,84,584,2,3,3,1247,FULFILLED,ARS,13500.0,2835.0,0.0,16335.0
7461,416,594,2,3,3,1498,FULFILLED,ARS,14700.0,3087.0,0.0,17787.0
7462,335,1183,1,,337,362,CANCELLED,ARS,12150.0,2551.5,1200.0,15901.5
7463,117,1189,1,,2118,1369,PAID,ARS,12825.0,2693.25,1500.0,17018.25
7464,628,1123,2,2,2,101,FULFILLED,ARS,37800.0,7938.0,0.0,45738.0
7465,341,283,1,,980,1503,CREATED,ARS,24000.0,5040.0,1500.0,30540.0
7466,241,1236,1,,2409,,FULFILLED,ARS,36000.0,7560.0,1200.0,44760.0
7467,97,183,1,,3189,2098,FULFILLED,ARS,14250.0,2992.5,1500.0,18742.5
7468,388,340,2,1,1,13,FULFILLED,ARS,23520.0,4939.2,0.0,28459.2
7469,59,796,2,3,3,1684,FULFILLED,ARS,24300.0,5103.0,0.0,29403.0
7470,519,25,1,,2790,1671,PAID,ARS,77895.0,16357.95,1200.0,95452.95
7471,324,309,1,,255,2444,FULFILLED,ARS,11880.0,2494.8,1200.0,15574.8
7472,453,880,2,4,4,630,FULFILLED,ARS,56857.5,11940.08,0.0,68797.58
7473,203,314,1,,850,894,FULFILLED,ARS,49500.0,10395.0,1500.0,61395.0
7474,178,1011,1,,81,208,FULFILLED,ARS,34200.0,7182.0,1500.0,42882.0
7475,479,1356,1,,1615,928,FULFILLED,ARS,70560.0,14817.6,900.0,86277.6
7476,603,250,1,,1900,280,FULFILLED,ARS,35280.0,7408.8,900.0,43588.8
7477,177,971,1,,3002,2889,PAID,ARS,48000.0,10080.0,1500.0,59580.0
7478,347,1085,1,,313,2072,FULFILLED,ARS,40500.0,8505.0,0.0,49005.0
7479,350,355,1,,947,2369,CREATED,ARS,12600.0,2646.0,900.0,16146.0
7480,537,863,1,,936,194,FULFILLED,ARS,36000.0,7560.0,1200.0,44760.0
7481,62,777,2,1,1,635,PAID,ARS,10800.0,2268.0,0.0,13068.0
7482,373,446,2,3,3,485,CREATED,ARS,27000.0,5670.0,0.0,32670.0
7483,455,262,2,3,3,15,FULFILLED,ARS,29400.0,6174.0,0.0,35574.0
7484,468,1315,2,1,1,461,PAID,ARS,21600.0,4536.0,0.0,26136.0
7485,625,658,2,3,3,1677,FULFILLED,ARS,27000.0,5670.0,0.0,32670.0
7486,77,1043,2,1,1,,FULFILLED,ARS,85350.0,17923.5,0.0,103273.5
7487,621,347,1,,3021,2949,FULFILLED,ARS,32400.0,6804.0,1200.0,40404.0
7488,231,360,1,,172,,FULFILLED,ARS,48216.0,10125.36,900.0,59241.36
7489,63,989,1,,1634,1631,FULFILLED,ARS,23760.0,4989.6,1200.0,29949.6
7490,146,1227,1,,1916,1611,FULFILLED,ARS,42525.0,8930.25,900.0,52355.25
7491,439,1496,1,,1412,1310,PAID,ARS,22680.0,4762.8,1200.0,28642.8
7492,227,410,2,3,3,177,PAID,ARS,13500.0,2835.0,0.0,16335.0
7493,80,1489,1,,1135,2815,FULFILLED,ARS,23520.0,4939.2,1200.0,29659.2
7494,94,1146,1,,1180,1661,FULFILLED,ARS,29400.0,6174.0,900.0,36474.0
7495,505,1246,2,2,2,2977,FULFILLED,ARS,22680.0,4762.8,0.0,27442.8
7496,135,1306,1,,912,,PAID,ARS,11880.0,2494.8,1200.0,15574.8
7497,313,291,1,,1004,939,FULFILLED,ARS,13500.0,2835.0,1500.0,17835.0
7498,367,1005,1,,1754,3170,FULFILLED,ARS,27000.0,5670.0,0.0,32670.0
7499,198,592,2,2,2,2994,FULFILLED,ARS,11340.0,2381.4,0.0,13721.4
7500,73,1220,1,,1050,254,CANCELLED,ARS,66780.0,14023.8,0.0,80803.8
7501,401,999,2,3,3,1622,FULFILLED,ARS,12600.0,2646.0,0.0,15246.0
7502,281,647,2,1,1,2450,FULFILLED,ARS,45000.0,9450.0,0.0,54450.0
7503,156,421,2,1,1,119,FULFILLED,ARS,10800.0,2268.0,0.0,13068.0
7504,144,289,2,4,4,1858,FULFILLED,ARS,14700.0,3087.0,0.0,17787.0
7505,509,436,1,,667,2181,PAID,ARS,54000.0,11340.0,900.0,66240.0
7506,65,899,1,,524,,PAID,ARS,39690.0,8334.9,1500.0,49524.9
7507,126,1136,1,,381,2000,FULFILLED,ARS,37620.0,7900.2,900.0,46420.2
7508,1,691,1,,441,2770,FULFILLED,ARS,50355.0,10574.55,0.0,60929.55
7509,245,906,2,4,4,1626,CANCELLED,ARS,14700.0,3087.0,0.0,17787.0
7510,468,436,1,,1561,1579,FULFILLED,ARS,10800.0,2268.0,1200.0,14268.0
7511,575,851,2,3,3,370,FULFILLED,ARS,37044.0,7779.24,0.0,44823.24
7512,545,1455,2,3,3,451,CREATED,ARS,12000.0,2520.0,0.0,14520.0
7513,329,1421,2,4,4,2184,FULFILLED,ARS,74400.0,15624.0,0.0,90024.0
7514,259,629,2,1,1,661,FULFILLED,ARS,47100.0,9891.0,0.0,56991.0
7515,314,295,1,,775,1397,FULFILLED,ARS,36000.0,7560.0,1200.0,44760.0
7516,365,1148,2,2,2,2429,FULFILLED,ARS,30000.0,6300.0,0.0,36300.0
7517,377,248,1,,1266,584,PAID,ARS,14250.0,2992.5,900.0,18142.5
7518,242,377,1,,1055,211,PAID,ARS,22800.0,4788.0,1200.0,28788.0
7519,24,1008,1,,872,,FULFILLED,ARS,40500.0,8505.0,900.0,49905.0
7520,342,978,1,,2064,2318,FULFILLED,ARS,32400.0,6804.0,1200.0,40404.0
7521,78,1154,1,,2777,960,FULFILLED,ARS,40500.0,8505.0,0.0,49005.0
7522,278,1168,1,,2797,310,FULFILLED,ARS,32400.0,6804.0,1500.0,40704.0
7523,225,1178,2,1,1,1697,REFUNDED,ARS,36000.0,7560.0,0.0,43560.0
7524,251,344,1,,1740,2813,FULFILLED,ARS,33993.0,7138.53,1500.0,42631.53
7525,270,986,2,1,1,2184,FULFILLED,ARS,116347.5,24432.98,0.0,140780.48
7526,244,884,1,,2017,1045,FULFILLED,ARS,34200.0,7182.0,1200.0,42582.0
7527,149,1046,1,,2697,1340,FULFILLED,ARS,39270.0,8246.7,1200.0,48716.7
7528,617,244,1,,1265,519,FULFILLED,ARS,40500.0,8505.0,0.0,49005.0
7529,493,1246,1,,3088,1335,FULFILLED,ARS,12000.0,2520.0,1500.0,16020.0
7530,571,873,2,4,4,1290,FULFILLED,ARS,37800.0,7938.0,0.0,45738.0
7531,82,988,1,,318,2253,FULFILLED,ARS,84600.0,17766.0,900.0,103266.0
7532,419,597,2,2,2,1541,FULFILLED,ARS,22800.0,4788.0,0.0,27588.0
7533,19,1432,1,,1433,1826,REFUNDED,ARS,35850.0,7528.5,900.0,44278.5
7534,530,833,1,,2939,2336,CREATED,ARS,44550.0,9355.5,900.0,54805.5
7535,174,148,1,,964,2180,FULFILLED,ARS,40500.0,8505.0,1200.0,50205.0
7536,506,570,1,,3081,991,FULFILLED,ARS,23520.0,4939.2,900.0,29359.2
7537,235,1102,2,2,2,,FULFILLED,ARS,27000.0,5670.0,0.0,32670.0
7538,262,788,1,,687,2394,FULFILLED,ARS,55368.0,11627.28,1500.0,68495.28
7539,517,252,1,,2684,1285,FULFILLED,ARS,25650.0,5386.5,1200.0,32236.5
7540,140,1442,2,3,3,2855,PAID,ARS,34560.0,7257.6,0.0,41817.6
7541,83,483,2,1,1,2166,FULFILLED,ARS,14700.0,3087.0,0.0,17787.0
7542,344,946,2,4,4,1282,CANCELLED,ARS,59325.0,12458.25,0.0,71783.25
7543,403,603,1,,2905,1138,PAID,ARS,13500.0,2835.0,0.0,16335.0
7544,243,1410,1,,1941,2568,PAID,ARS,11400.0,2394.0,0.0,13794.0
7545,39,857,2,1,1,1455,FULFILLED,ARS,10800.0,2268.0,0.0,13068.0
7546,472,1080,2,1,1,3126,PAID,ARS,47025.0,9875.25,0.0,56900.25
7547,587,795,1,,1733,1134,FULFILLED,ARS,19440.0,4082.4,1200.0,24722.4
7548,509,926,2,1,1,535,FULFILLED,ARS,22800.0,4788.0,0.0,27588.0
7549,165,911,2,1,1,2105,FULFILLED,ARS,23520.0,4939.2,0.0,28459.2
7550,264,435,1,,2129,789,PAID,ARS,24000.0,5040.0,1200.0,30240.0
7551,2,597,1,,2574,1932,FULFILLED,ARS,12936.0,2716.56,1500.0,17152.56
7552,216,817,1,,2445,2538,CANCELLED,ARS,11970.0,2513.7,0.0,14483.7
7553,133,815,1,,2737,268,FULFILLED,ARS,37044.0,7779.24,1200.0,46023.24
7554,70,304,1,,2603,1179,FULFILLED,ARS,21600.0,4536.0,0.0,26136.0
7555,519,529,1,,2597,880,FULFILLED,ARS,20520.0,4309.2,1200.0,26029.2
7556,550,832,2,4,4,973,PAID,ARS,14700.0,3087.0,0.0,17787.0
7557,439,1235,1,,1385,540,CANCELLED,ARS,32400.0,6804.0,900.0,40104.0
7558,146,614,2,1,1,2918,PAID,ARS,36000.0,7560.0,0.0,43560.0
7559,24,951,2,3,3,2922,FULFILLED,ARS,12936.0,2716.56,0.0,15652.56
7560,275,1156,1,,1553,2465,FULFILLED,ARS,49800.0,10458.0,900.0,61158.0
7561,208,689,2,4,4,2306,CANCELLED,ARS,34200.0,7182.0,0.0,41382.0
7562,312,1482,1,,1381,1202,FULFILLED,ARS,28500.0,5985.0,900.0,35385.0
7563,29,243,2,1,1,770,PAID,ARS,76500.0,16065.0,0.0,92565.0
7564,379,547,1,,2733,,FULFILLED,ARS,29400.0,6174.0,900.0,36474.0
7565,102,292,1,,2299,1318,FULFILLED,ARS,25080.0,5266.8,900.0,31246.8
7566,531,1145,2,3,3,,PAID,ARS,32340.0,6791.4,0.0,39131.4
7567,298,87,1,,46,1611,PAID,ARS,62040.0,13028.4,900.0,75968.4
7568,189,1046,2,4,4,2296,FULFILLED,ARS,47025.0,9875.25,0.0,56900.25
7569,57,1071,1,,2484,2436,FULFILLED,ARS,56670.0,11900.7,1500.0,70070.7
7570,10,758,2,4,4,907,FULFILLED,ARS,46305.0,9724.05,0.0,56029.05
7571,628,149,2,4,4,1679,FULFILLED,ARS,54000.0,11340.0,0.0,65340.0
7572,203,809,1,,1379,3003,CANCELLED,ARS,35640.0,7484.4,1500.0,44624.4
7573,181,45,2,4,4,1916,PAID,ARS,35280.0,7408.8,0.0,42688.8
7574,552,423,1,,633,,PAID,ARS,43200.0,9072.0,0.0,52272.0
7575,258,1222,2,4,4,2734,FULFILLED,ARS,27000.0,5670.0,0.0,32670.0
7576,32,47,1,,690,2418,FULFILLED,ARS,72600.0,15246.0,900.0,88746.0
7577,198,699,1,,407,308,FULFILLED,ARS,27000.0,5670.0,0.0,32670.0
7578,209,552,1,,2249,537,FULFILLED,ARS,42150.0,8851.5,1500.0,52501.5
7579,474,1202,2,2,2,,FULFILLED,ARS,39600.0,8316.0,0.0,47916.0
7580,468,1365,1,,1499,14,FULFILLED,ARS,44100.0,9261.0,1500.0,54861.0
7581,282,409,2,1,1,2398,CANCELLED,ARS,42750.0,8977.5,0.0,51727.5
7582,168,524,2,4,4,1212,FULFILLED,ARS,34200.0,7182.0,0.0,41382.0
7583,467,949,2,4,4,783,REFUNDED,ARS,51810.0,10880.1,0.0,62690.1
7584,254,492,1,,3088,2781,FULFILLED,ARS,47280.0,9928.8,1500.0,58708.8
7585,415,1002,1,,2437,173,CREATED,ARS,20520.0,4309.2,900.0,25729.2
7586,527,976,2,4,4,259,FULFILLED,ARS,40500.0,8505.0,0.0,49005.0
7587,539,348,2,4,4,2534,FULFILLED,ARS,12600.0,2646.0,0.0,15246.0
7588,395,66,2,2,2,3031,FULFILLED,ARS,24000.0,5040.0,0.0,29040.0
7589,100,968,2,3,3,318,FULFILLED,ARS,45336.0,9520.56,0.0,54856.56
7590,216,996,1,,3078,2343,PAID,ARS,12348.0,2593.08,1200.0,16141.08
7591,602,66,2,3,3,906,FULFILLED,ARS,22680.0,4762.8,0.0,27442.8
7592,538,1048,1,,2750,2775,FULFILLED,ARS,78873.0,16563.33,900.0,96336.33
7593,276,820,1,,1334,,FULFILLED,ARS,30000.0,6300.0,1500.0,37800.0
7594,272,152,2,1,1,2986,FULFILLED,ARS,34200.0,7182.0,0.0,41382.0
7595,50,1431,1,,2456,2767,FULFILLED,ARS,12348.0,2593.08,1200.0,16141.08
7596,575,1031,1,,617,287,PAID,ARS,34200.0,7182.0,900.0,42282.0
7597,145,1237,1,,496,1423,FULFILLED,ARS,45000.0,9450.0,900.0,55350.0
7598,219,874,2,1,1,1499,FULFILLED,ARS,44100.0,9261.0,0.0,53361.0
7599,442,59,1,,3122,1890,FULFILLED,ARS,55098.0,11570.58,900.0,67568.58
7600,618,1243,2,4,4,2100,PAID,ARS,58800.0,12348.0,0.0,71148.0
7601,428,921,2,4,4,732,FULFILLED,ARS,72150.0,15151.5,0.0,87301.5
7602,419,1000,2,2,2,844,FULFILLED,ARS,34200.0,7182.0,0.0,41382.0
7603,91,484,1,,1110,2313,PAID,ARS,27898.5,5858.68,900.0,34657.18
7604,49,134,1,,2998,1815,CANCELLED,ARS,13200.0,2772.0,1200.0,17172.0
7605,621,1083,1,,967,2737,CANCELLED,ARS,14700.0,3087.0,900.0,18687.0
7606,384,540,2,4,4,2915,FULFILLED,ARS,61800.0,12978.0,0.0,74778.0
7607,314,976,2,3,3,1270,FULFILLED,ARS,40500.0,8505.0,0.0,49005.0
7608,359,926,1,,325,,FULFILLED,ARS,23520.0,4939.2,1200.0,29659.2
7609,402,881,1,,2635,2061,PAID,ARS,28350.0,5953.5,1200.0,35503.5
7610,171,1388,1,,2529,812,CANCELLED,ARS,21600.0,4536.0,900.0,27036.0
7611,383,121,2,4,4,335,FULFILLED,ARS,33000.0,6930.0,0.0,39930.0
7612,83,1117,2,1,1,565,FULFILLED,ARS,38475.0,8079.75,0.0,46554.75
7613,476,182,2,3,3,1560,FULFILLED,ARS,12600.0,2646.0,0.0,15246.0
7614,584,1156,1,,166,35,CANCELLED,ARS,108600.0,22806.0,1200.0,132606.0
7615,340,1075,1,,2036,2790,FULFILLED,ARS,84780.0,17803.8,900.0,103483.8
7616,541,1155,2,1,1,1587,REFUNDED,ARS,21600.0,4536.0,0.0,26136.0
7617,373,1393,1,,732,1762,FULFILLED,ARS,62100.0,13041.0,0.0,75141.0
7618,244,657,2,4,4,2152,FULFILLED,ARS,21168.0,4445.28,0.0,25613.28
7619,442,857,1,,2046,2736,FULFILLED,ARS,42750.0,8977.5,1500.0,53227.5
7620,229,92,1,,2387,,FULFILLED,ARS,38808.0,8149.68,1200.0,48157.68
7621,252,217,1,,1854,328,FULFILLED,ARS,98190.0,20619.9,1200.0,120009.9
7622,206,452,2,1,1,1442,FULFILLED,ARS,45000.0,9450.0,0.0,54450.0
7623,280,77,1,,1113,,FULFILLED,ARS,27900.0,5859.0,900.0,34659.0
7624,289,733,2,3,3,2497,PAID,ARS,14250.0,2992.5,0.0,17242.5
7625,475,344,1,,1484,1223,FULFILLED,ARS,15750.0,3307.5,0.0,19057.5
7626,498,425,1,,2789,2229,FULFILLED,ARS,12000.0,2520.0,1200.0,15720.0
7627,22,1188,2,1,1,1177,FULFILLED,ARS,59670.0,12530.7,0.0,72200.7
7628,160,226,1,,1385,2836,PAID,ARS,38808.0,8149.68,900.0,47857.68
7629,411,585,2,1,1,3068,REFUNDED,ARS,27348.0,5743.08,0.0,33091.08
7630,477,1392,1,,1909,,FULFILLED,ARS,51975.0,10914.75,1200.0,64089.75
7631,419,838,1,,1648,431,FULFILLED,ARS,45000.0,9450.0,900.0,55350.0
7632,209,616,1,,550,543,FULFILLED,ARS,81720.0,17161.2,900.0,99781.2
7633,53,662,2,2,2,2122,CANCELLED,ARS,71640.0,15044.4,0.0,86684.4
7634,499,411,1,,745,1582,FULFILLED,ARS,59280.0,12448.8,1500.0,73228.8
7635,227,3,1,,1066,616,FULFILLED,ARS,11760.0,2469.6,1200.0,15429.6
7636,186,1136,2,2,2,2622,FULFILLED,ARS,35910.0,7541.1,0.0,43451.1
7637,76,354,2,3,3,1826,FULFILLED,ARS,11760.0,2469.6,0.0,14229.6
7638,470,1289,2,2,2,2922,FULFILLED,ARS,61320.0,12877.2,0.0,74197.2
7639,258,941,2,1,1,1753,FULFILLED,ARS,39690.0,8334.9,0.0,48024.9
7640,595,334,1,,753,2247,FULFILLED,ARS,28035.0,5887.35,1200.0,35122.35
7641,313,854,2,2,2,2678,FULFILLED,ARS,35280.0,7408.8,0.0,42688.8
7642,635,1337,2,1,1,1048,FULFILLED,ARS,15000.0,3150.0,0.0,18150.0
7643,38,720,1,,1757,2165,REFUNDED,ARS,23520.0,4939.2,900.0,29359.2
7644,123,822,1,,1671,255,REFUNDED,ARS,12540.0,2633.4,1500.0,16673.4
7645,388,226,1,,157,976,FULFILLED,ARS,22800.0,4788.0,900.0,28488.0
7646,473,1224,2,1,1,,CANCELLED,ARS,26400.0,5544.0,0.0,31944.0
7647,635,3,1,,99,2922,FULFILLED,ARS,27000.0,5670.0,900.0,33570.0
7648,237,1395,1,,2504,237,PAID,ARS,34200.0,7182.0,1200.0,42582.0
7649,471,1179,2,4,4,1824,FULFILLED,ARS,24696.0,5186.16,0.0,29882.16
7650,180,883,2,2,2,1283,FULFILLED,ARS,74475.0,15639.75,0.0,90114.75
7651,367,690,2,4,4,2202,FULFILLED,ARS,42750.0,8977.5,0.0,51727.5
7652,572,132,2,3,3,2451,FULFILLED,ARS,22800.0,4788.0,0.0,27588.0
7653,209,303,1,,455,,CANCELLED,ARS,38475.0,8079.75,900.0,47454.75
7654,360,1444,1,,1253,2962,FULFILLED,ARS,24000.0,5040.0,1200.0,30240.0
7655,177,753,1,,1459,328,PAID,ARS,48570.0,10199.7,900.0,59669.7
7656,39,1066,1,,2189,1038,FULFILLED,ARS,21600.0,4536.0,900.0,27036.0
7657,517,359,2,4,4,2271,FULFILLED,ARS,36000.0,7560.0,0.0,43560.0
7658,261,120,2,2,2,1935,PAID,ARS,13500.0,2835.0,0.0,16335.0
7659,549,221,2,2,2,,FULFILLED,ARS,58500.0,12285.0,0.0,70785.0
7660,493,814,2,3,3,1388,FULFILLED,ARS,32400.0,6804.0,0.0,39204.0
7661,465,926,1,,714,2126,CANCELLED,ARS,54390.0,11421.9,900.0,66711.9
7662,236,98,1,,2477,804,FULFILLED,ARS,10800.0,2268.0,1200.0,14268.0
7663,273,1296,1,,1897,88,CANCELLED,ARS,27000.0,5670.0,900.0,33570.0
7664,448,193,1,,2539,,CANCELLED,ARS,33120.0,6955.2,0.0,40075.2
7665,476,628,1,,2234,,FULFILLED,ARS,51825.0,10883.25,1200.0,63908.25
7666,634,536,2,3,3,521,REFUNDED,ARS,11400.0,2394.0,0.0,13794.0
7667,383,1233,2,3,3,2183,FULFILLED,ARS,12825.0,2693.25,0.0,15518.25
7668,474,1465,2,4,4,1991,FULFILLED,ARS,78750.0,16537.5,0.0,95287.5
7669,137,946,2,3,3,474,REFUNDED,ARS,21600.0,4536.0,0.0,26136.0
7670,227,890,1,,1565,795,PAID,ARS,80820.0,16972.2,900.0,98692.2
7671,176,1477,2,1,1,1807,FULFILLED,ARS,35280.0,7408.8,0.0,42688.8
7672,466,137,2,4,4,1330,FULFILLED,ARS,59976.0,12594.96,0.0,72570.96
7673,609,1254,2,3,3,1556,FULFILLED,ARS,40500.0,8505.0,0.0,49005.0
7674,466,763,2,2,2,2310,PAID,ARS,24696.0,5186.16,0.0,29882.16
7675,369,974,1,,1849,257,FULFILLED,ARS,14250.0,2992.5,1200.0,18442.5
7676,551,1208,1,,332,1899,FULFILLED,ARS,24000.0,5040.0,1200.0,30240.0
7677,325,405,2,4,4,1226,FULFILLED,ARS,52410.0,11006.1,0.0,63416.1
7678,85,1466,1,,2452,2698,PAID,ARS,11400.0,2394.0,1500.0,15294.0
7679,242,1440,2,4,4,1592,FULFILLED,ARS,35280.0,7408.8,0.0,42688.8
7680,323,686,1,,2529,233,FULFILLED,ARS,78498.0,16484.58,900.0,95882.58
7681,74,1238,1,,2498,1400,REFUNDED,ARS,35760.0,7509.6,0.0,43269.6
7682,92,74,2,4,4,1022,FULFILLED,ARS,14175.0,2976.75,0.0,17151.75
7683,480,218,1,,1528,1907,FULFILLED,ARS,67410.0,14156.1,1200.0,82766.1
7684,353,421,1,,3201,1707,PAID,ARS,22800.0,4788.0,900.0,28488.0
7685,231,203,2,4,4,3143,FULFILLED,ARS,21600.0,4536.0,0.0,26136.0
7686,81,825,1,,2551,2744,FULFILLED,ARS,11400.0,2394.0,1200.0,14994.0
7687,190,1356,1,,2758,2051,FULFILLED,ARS,34200.0,7182.0,1200.0,42582.0
7688,610,793,2,2,2,3151,FULFILLED,ARS,24300.0,5103.0,0.0,29403.0
7689,515,648,2,1,1,236,FULFILLED,ARS,12000.0,2520.0,0.0,14520.0
7690,251,1377,2,3,3,1910,CANCELLED,ARS,22800.0,4788.0,0.0,27588.0
7691,509,336,2,1,1,3178,FULFILLED,ARS,30000.0,6300.0,0.0,36300.0
7692,445,409,1,,2984,2765,FULFILLED,ARS,72450.0,15214.5,1200.0,88864.5
7693,168,143,2,2,2,2268,FULFILLED,ARS,58050.0,12190.5,0.0,70240.5
7694,370,1389,1,,41,336,FULFILLED,ARS,24000.0,5040.0,900.0,29940.0
7695,478,1333,1,,2127,1699,CANCELLED,ARS,34200.0,7182.0,1200.0,42582.0
7696,334,1380,1,,458,2017,FULFILLED,ARS,112518.0,23628.78,1200.0,137346.78
7697,298,1316,2,4,4,412,FULFILLED,ARS,24825.0,5213.25,0.0,30038.25
7698,212,614,2,2,2,2942,FULFILLED,ARS,20520.0,4309.2,0.0,24829.2
7699,126,1451,2,2,2,301,FULFILLED,ARS,22800.0,4788.0,0.0,27588.0
7700,605,255,1,,906,575,FULFILLED,ARS,32400.0,6804.0,900.0,40104.0
7701,636,761,1,,1027,2682,CREATED,ARS,22770.0,4781.7,900.0,28451.7
7702,616,396,2,1,1,372,FULFILLED,ARS,21600.0,4536.0,0.0,26136.0
7703,631,1199,2,4,4,1476,FULFILLED,ARS,14250.0,2992.5,0.0,17242.5
7704,295,153,1,,1326,2085,FULFILLED,ARS,12000.0,2520.0,1500.0,16020.0
7705,288,1269,2,1,1,876,FULFILLED,ARS,51300.0,10773.0,0.0,62073.0
7706,608,1038,2,2,2,3186,FULFILLED,ARS,38808.0,8149.68,0.0,46957.68
7707,617,359,1,,663,1093,FULFILLED,ARS,28200.0,5922.0,900.0,35022.0
7708,559,632,1,,614,3117,FULFILLED,ARS,14250.0,2992.5,0.0,17242.5
7709,418,1302,2,3,3,567,FULFILLED,ARS,44100.0,9261.0,0.0,53361.0
7710,488,1327,1,,2997,1155,FULFILLED,ARS,14700.0,3087.0,1200.0,18987.0
7711,615,212,1,,964,1253,FULFILLED,ARS,22680.0,4762.8,1200.0,28642.8
7712,191,69,1,,3002,2193,PAID,ARS,29400.0,6174.0,1200.0,36774.0
7713,191,1449,1,,1741,1451,FULFILLED,ARS,22800.0,4788.0,1500.0,29088.0
7714,158,250,2,2,2,736,FULFILLED,ARS,26400.0,5544.0,0.0,31944.0
7715,275,717,1,,72,1941,FULFILLED,ARS,23940.0,5027.4,1500.0,30467.4
7716,420,466,2,4,4,2975,FULFILLED,ARS,57600.0,12096.0,0.0,69696.0
7717,98,217,1,,1738,330,FULFILLED,ARS,30000.0,6300.0,900.0,37200.0
7718,600,214,2,3,3,765,FULFILLED,ARS,27000.0,5670.0,0.0,32670.0
7719,495,1334,1,,384,2964,PAID,ARS,98550.0,20695.5,1500.0,120745.5
7720,319,782,2,3,3,1216,CANCELLED,ARS,22680.0,4762.8,0.0,27442.8
7721,194,801,1,,1754,151,FULFILLED,ARS,21600.0,4536.0,1200.0,27336.0
7722,343,415,1,,924,,FULFILLED,ARS,30000.0,6300.0,1200.0,37500.0
7723,557,6,2,3,3,301,FULFILLED,ARS,29400.0,6174.0,0.0,35574.0
7724,167,1021,1,,1222,1243,FULFILLED,ARS,63780.0,13393.8,0.0,77173.8
7725,170,1440,1,,1368,,FULFILLED,ARS,11400.0,2394.0,0.0,13794.0
7726,78,1318,2,2,2,1360,REFUNDED,ARS,47025.0,9875.25,0.0,56900.25
7727,445,43,2,4,4,1035,FULFILLED,ARS,71460.0,15006.6,0.0,86466.6
7728,466,710,2,2,2,3,FULFILLED,ARS,34200.0,7182.0,0.0,41382.0
7729,298,344,2,4,4,2687,FULFILLED,ARS,73020.0,15334.2,0.0,88354.2
7730,209,1440,1,,911,1088,FULFILLED,ARS,22800.0,4788.0,0.0,27588.0
7731,402,1420,1,,1306,234,FULFILLED,ARS,32400.0,6804.0,0.0,39204.0
7732,380,1470,2,4,4,,FULFILLED,ARS,27150.0,5701.5,0.0,32851.5
7733,80,47,2,4,4,2228,CREATED,ARS,65544.0,13764.24,0.0,79308.24
7734,625,189,2,2,2,2486,FULFILLED,ARS,30000.0,6300.0,0.0,36300.0
7735,95,1312,1,,572,2010,PAID,ARS,23520.0,4939.2,1500.0,29959.2
7736,455,594,1,,281,,FULFILLED,ARS,82800.0,17388.0,1200.0,101388.0
7737,316,543,1,,383,,FULFILLED,ARS,44100.0,9261.0,1500.0,54861.0
7738,196,686,1,,1275,1907,PAID,ARS,45000.0,9450.0,1200.0,55650.0
7739,155,106,2,4,4,2889,FULFILLED,ARS,69384.0,14570.64,0.0,83954.64
7740,13,1416,2,2,2,1100,FULFILLED,ARS,113250.0,23782.5,0.0,137032.5
7741,414,716,1,,2293,2117,FULFILLED,ARS,66600.0,13986.0,1200.0,81786.0
7742,306,707,1,,451,2226,FULFILLED,ARS,35970.0,7553.7,1200.0,44723.7
7743,391,367,1,,547,2637,FULFILLED,ARS,44887.5,9426.38,1200.0,55513.88
7744,272,1483,2,4,4,,PAID,ARS,74502.0,15645.42,0.0,90147.42
7745,194,216,1,,662,804,FULFILLED,ARS,29400.0,6174.0,1200.0,36774.0
7746,58,664,2,1,1,,PAID,ARS,36450.0,7654.5,0.0,44104.5
7747,58,27,1,,1282,1061,FULFILLED,ARS,83250.0,17482.5,1200.0,101932.5
7748,455,569,2,1,1,3135,PAID,ARS,67620.0,14200.2,0.0,81820.2
7749,228,185,1,,2501,1902,PAID,ARS,13200.0,2772.0,0.0,15972.0
7750,13,580,1,,1259,216,FULFILLED,ARS,79500.0,16695.0,1200.0,97395.0
7751,616,1428,2,4,4,19,FULFILLED,ARS,40500.0,8505.0,0.0,49005.0
7752,257,930,1,,3063,1135,FULFILLED,ARS,36000.0,7560.0,900.0,44460.0
7753,300,1242,1,,2873,2817,FULFILLED,ARS,38475.0,8079.75,0.0,46554.75
7754,586,580,1,,2633,130,CANCELLED,ARS,30000.0,6300.0,1500.0,37800.0
7755,174,194,1,,776,1111,FULFILLED,ARS,27000.0,5670.0,900.0,33570.0
7756,394,794,1,,2880,2457,CANCELLED,ARS,25762.5,5410.12,900.0,32072.62
7757,280,1378,1,,2446,586,CANCELLED,ARS,36000.0,7560.0,900.0,44460.0
7758,199,189,2,1,1,1376,FULFILLED,ARS,41325.0,8678.25,0.0,50003.25
7759,423,567,1,,1204,1976,FULFILLED,ARS,25872.0,5433.12,900.0,32205.12
7760,41,1021,2,2,2,1363,FULFILLED,ARS,19440.0,4082.4,0.0,23522.4
7761,304,1289,2,2,2,2882,FULFILLED,ARS,38808.0,8149.68,0.0,46957.68
7762,49,272,1,,732,,PAID,ARS,26400.0,5544.0,900.0,32844.0
7763,500,1338,1,,423,1944,FULFILLED,ARS,34200.0,7182.0,900.0,42282.0
7764,382,719,2,4,4,197,FULFILLED,ARS,12000.0,2520.0,0.0,14520.0
7765,133,1162,2,2,2,609,FULFILLED,ARS,37044.0,7779.24,0.0,44823.24
7766,47,507,1,,2034,,CREATED,ARS,21600.0,4536.0,1200.0,27336.0
7767,203,1391,2,1,1,1363,FULFILLED,ARS,52479.0,11020.59,0.0,63499.59
7768,472,252,2,1,1,931,FULFILLED,ARS,36000.0,7560.0,0.0,43560.0
7769,186,370,1,,1605,2635,PAID,ARS,22800.0,4788.0,900.0,28488.0
7770,636,658,2,3,3,1705,FULFILLED,ARS,23520.0,4939.2,0.0,28459.2
7771,351,929,2,4,4,2722,PAID,ARS,63120.0,13255.2,0.0,76375.2
7772,144,449,1,,2682,1836,FULFILLED,ARS,53460.0,11226.6,1500.0,66186.6
7773,218,447,1,,2697,,FULFILLED,ARS,38808.0,8149.68,900.0,47857.68
7774,613,863,1,,1971,,FULFILLED,ARS,10800.0,2268.0,900.0,13968.0
7775,154,1276,2,3,3,442,CANCELLED,ARS,35910.0,7541.1,0.0,43451.1
7776,456,1367,1,,1686,3055,PAID,ARS,23760.0,4989.6,900.0,29649.6
7777,377,209,1,,614,1169,FULFILLED,ARS,14250.0,2992.5,0.0,17242.5
7778,627,737,2,1,1,2068,FULFILLED,ARS,11760.0,2469.6,0.0,14229.6
7779,295,309,2,2,2,1728,FULFILLED,ARS,29400.0,6174.0,0.0,35574.0
7780,288,1050,1,,2485,1252,CANCELLED,ARS,9720.0,2041.2,1200.0,12961.2
7781,38,115,1,,655,2820,FULFILLED,ARS,29700.0,6237.0,900.0,36837.0
7782,623,549,2,3,3,933,FULFILLED,ARS,28350.0,5953.5,0.0,34303.5
7783,521,840,1,,1623,1349,PAID,ARS,49920.0,10483.2,1200.0,61603.2
7784,223,616,2,4,4,996,FULFILLED,ARS,59850.0,12568.5,0.0,72418.5
7785,468,885,1,,2792,,CANCELLED,ARS,27000.0,5670.0,1200.0,33870.0
7786,433,659,2,4,4,1374,REFUNDED,ARS,22800.0,4788.0,0.0,27588.0
7787,420,592,2,4,4,,PAID,ARS,22740.0,4775.4,0.0,27515.4
7788,294,205,1,,2058,1778,FULFILLED,ARS,68310.0,14345.1,1200.0,83855.1
7789,158,512,1,,2475,2265,FULFILLED,ARS,25650.0,5386.5,900.0,31936.5
7790,106,174,1,,2471,266,FULFILLED,ARS,12000.0,2520.0,1500.0,16020.0
7791,228,1484,1,,2729,2892,FULFILLED,ARS,31500.0,6615.0,0.0,38115.0
7792,236,1340,1,,2909,,FULFILLED,ARS,35280.0,7408.8,1200.0,43888.8
7793,465,794,2,3,3,2903,FULFILLED,ARS,10260.0,2154.6,0.0,12414.6
7794,170,521,1,,2553,1020,FULFILLED,ARS,9720.0,2041.2,900.0,12661.2
7795,235,1,1,,192,2821,CANCELLED,ARS,13500.0,2835.0,1200.0,17535.0
7796,419,1394,1,,1413,1886,FULFILLED,ARS,12348.0,2593.08,1200.0,16141.08
7797,577,521,2,4,4,1473,FULFILLED,ARS,42750.0,8977.5,0.0,51727.5
7798,196,900,1,,111,1919,FULFILLED,ARS,40500.0,8505.0,0.0,49005.0
7799,319,714,1,,2485,1945,FULFILLED,ARS,11400.0,2394.0,1200.0,14994.0
7800,18,822,1,,3060,791,FULFILLED,ARS,45000.0,9450.0,900.0,55350.0
7801,127,42,2,2,2,3060,FULFILLED,ARS,13500.0,2835.0,0.0,16335.0
7802,444,261,1,,2435,,PAID,ARS,27750.0,5827.5,1200.0,34777.5
7803,578,756,1,,2143,293,FULFILLED,ARS,50220.0,10546.2,1200.0,61966.2
7804,221,866,2,1,1,2081,FULFILLED,ARS,34020.0,7144.2,0.0,41164.2
7805,7,817,2,3,3,429,PAID,ARS,44688.0,9384.48,0.0,54072.48
7806,182,475,1,,587,1399,FULFILLED,ARS,36348.0,7633.08,0.0,43981.08
7807,87,803,1,,2165,2324,FULFILLED,ARS,31752.0,6667.92,1200.0,39619.92
7808,480,28,2,3,3,327,FULFILLED,ARS,34200.0,7182.0,0.0,41382.0
7809,452,586,2,3,3,1001,FULFILLED,ARS,30000.0,6300.0,0.0,36300.0
7810,481,1075,2,1,1,291,FULFILLED,ARS,44887.5,9426.38,0.0,54313.88
7811,620,441,1,,1921,177,FULFILLED,ARS,12000.0,2520.0,900.0,15420.0
7812,592,1462,2,4,4,2500,FULFILLED,ARS,39600.0,8316.0,0.0,47916.0
7813,575,320,2,2,2,250,PAID,ARS,40500.0,8505.0,0.0,49005.0
7814,51,866,2,4,4,661,FULFILLED,ARS,70110.0,14723.1,0.0,84833.1
7815,237,275,1,,3049,1719,FULFILLED,ARS,60600.0,12726.0,1500.0,74826.0
7816,278,224,1,,105,1432,FULFILLED,ARS,40500.0,8505.0,1500.0,50505.0
7817,37,1171,1,,190,1121,FULFILLED,ARS,32400.0,6804.0,900.0,40104.0
7818,270,361,1,,2119,235,FULFILLED,ARS,45000.0,9450.0,1500.0,55950.0
7819,249,232,1,,1206,2839,CANCELLED,ARS,78168.0,16415.28,1200.0,95783.28
7820,13,508,1,,600,986,FULFILLED,ARS,13230.0,2778.3,1200.0,17208.3
7821,311,1257,2,1,1,,REFUNDED,ARS,27000.0,5670.0,0.0,32670.0
7822,564,75,1,,482,2073,FULFILLED,ARS,15750.0,3307.5,0.0,19057.5
7823,233,1008,1,,2066,924,FULFILLED,ARS,33360.0,7005.6,0.0,40365.6
7824,471,179,1,,1056,2829,FULFILLED,ARS,27000.0,5670.0,900.0,33570.0
7825,269,409,2,1,1,1345,FULFILLED,ARS,21600.0,4536.0,0.0,26136.0
7826,250,437,1,,259,189,FULFILLED,ARS,45000.0,9450.0,1200.0,55650.0
7827,235,1339,2,2,2,,FULFILLED,ARS,10800.0,2268.0,0.0,13068.0
7828,168,700,1,,2365,2417,CANCELLED,ARS,22800.0,4788.0,0.0,27588.0
7829,273,939,1,,3046,2034,FULFILLED,ARS,25470.0,5348.7,900.0,31718.7
7830,13,1398,2,1,1,166,FULFILLED,ARS,12540.0,2633.4,0.0,15173.4
7831,281,1210,1,,675,1138,FULFILLED,ARS,38160.0,8013.6,1200.0,47373.6
7832,142,888,2,3,3,1699,PAID,ARS,14250.0,2992.5,0.0,17242.5
7833,485,549,1,,522,,FULFILLED,ARS,76725.0,16112.25,1200.0,94037.25
7834,123,651,2,3,3,675,FULFILLED,ARS,11400.0,2394.0,0.0,13794.0
7835,318,41,2,4,4,2249,PAID,ARS,35640.0,7484.4,0.0,43124.4
7836,372,1439,2,1,1,2569,FULFILLED,ARS,30000.0,6300.0,0.0,36300.0
7837,613,885,1,,2133,1619,FULFILLED,ARS,12540.0,2633.4,0.0,15173.4
7838,616,728,2,1,1,2912,FULFILLED,ARS,14250.0,2992.5,0.0,17242.5
7839,341,515,1,,1325,578,FULFILLED,ARS,22800.0,4788.0,900.0,28488.0
7840,429,494,1,,2605,,CANCELLED,ARS,14250.0,2992.5,900.0,18142.5
7841,570,619,1,,929,561,FULFILLED,ARS,65940.0,13847.4,1200.0,80987.4
7842,58,600,1,,360,554,CANCELLED,ARS,11400.0,2394.0,0.0,13794.0
7843,604,1315,1,,1689,3127,FULFILLED,ARS,56160.0,11793.6,1200.0,69153.6
7844,263,1033,1,,2103,1606,PAID,ARS,10800.0,2268.0,1200.0,14268.0
7845,20,151,2,4,4,2931,FULFILLED,ARS,29400.0,6174.0,0.0,35574.0
7846,462,847,1,,681,1656,REFUNDED,ARS,51225.0,10757.25,900.0,62882.25
7847,177,1169,1,,1603,802,FULFILLED,ARS,27000.0,5670.0,1200.0,33870.0
7848,72,704,1,,1324,428,FULFILLED,ARS,51600.0,10836.0,1500.0,63936.0
7849,52,1074,2,1,1,2293,PAID,ARS,12000.0,2520.0,0.0,14520.0
7850,60,877,1,,1859,2519,REFUNDED,ARS,35280.0,7408.8,1200.0,43888.8
7851,457,1271,1,,1512,1357,FULFILLED,ARS,41610.0,8738.1,1200.0,51548.1
7852,573,786,1,,2010,1188,FULFILLED,ARS,14700.0,3087.0,1200.0,18987.0
7853,22,1454,1,,374,2001,FULFILLED,ARS,30000.0,6300.0,1500.0,37800.0
7854,357,732,2,2,2,2844,CANCELLED,ARS,27000.0,5670.0,0.0,32670.0
7855,496,482,1,,2864,1673,CREATED,ARS,14700.0,3087.0,0.0,17787.0
7856,371,74,1,,2375,530,FULFILLED,ARS,34200.0,7182.0,1200.0,42582.0
7857,636,1238,1,,2313,,REFUNDED,ARS,36000.0,7560.0,1500.0,45060.0
7858,186,232,1,,2911,2229,FULFILLED,ARS,24000.0,5040.0,900.0,29940.0
7859,404,611,1,,1427,2310,REFUNDED,ARS,45600.0,9576.0,1200.0,56376.0
7860,538,1275,2,1,1,1603,FULFILLED,ARS,60480.0,12700.8,0.0,73180.8
7861,148,1483,1,,1185,1483,FULFILLED,ARS,24000.0,5040.0,1200.0,30240.0
7862,328,571,1,,1745,2162,FULFILLED,ARS,28500.0,5985.0,900.0,35385.0
7863,395,1008,2,2,2,1285,PAID,ARS,37350.0,7843.5,0.0,45193.5
7864,404,1048,1,,2620,1218,REFUNDED,ARS,35280.0,7408.8,1200.0,43888.8
7865,360,252,1,,699,1431,PAID,ARS,34200.0,7182.0,0.0,41382.0
7866,46,547,1,,1878,1430,FULFILLED,ARS,56430.0,11850.3,1200.0,69480.3
7867,519,1038,2,1,1,1715,CANCELLED,ARS,35280.0,7408.8,0.0,42688.8
7868,623,882,2,3,3,1437,PAID,ARS,34020.0,7144.2,0.0,41164.2
7869,588,261,1,,3031,975,FULFILLED,ARS,28500.0,5985.0,1500.0,35985.0
7870,597,770,1,,2460,96,REFUNDED,ARS,70872.0,14883.12,1200.0,86955.12
7871,514,95,2,3,3,1142,FULFILLED,ARS,21720.0,4561.2,0.0,26281.2
7872,157,1327,2,1,1,698,FULFILLED,ARS,60210.0,12644.1,0.0,72854.1
7873,508,960,1,,1711,2214,PAID,ARS,27000.0,5670.0,1200.0,33870.0
7874,484,523,2,2,2,1263,FULFILLED,ARS,42750.0,8977.5,0.0,51727.5
7875,14,1279,2,4,4,2921,FULFILLED,ARS,29400.0,6174.0,0.0,35574.0
7876,32,559,1,,2286,,FULFILLED,ARS,34875.0,7323.75,900.0,43098.75
7877,529,124,2,3,3,3018,PAID,ARS,25260.0,5304.6,0.0,30564.6
7878,234,113,2,4,4,1534,PAID,ARS,34200.0,7182.0,0.0,41382.0
7879,601,1419,2,2,2,1015,FULFILLED,ARS,42000.0,8820.0,0.0,50820.0
7880,57,1324,1,,1857,1096,FULFILLED,ARS,35280.0,7408.8,1200.0,43888.8
7881,569,311,1,,1975,133,FULFILLED,ARS,14700.0,3087.0,900.0,18687.0
7882,572,1135,1,,796,1934,FULFILLED,ARS,10800.0,2268.0,900.0,13968.0
7883,638,828,1,,3015,1400,PAID,ARS,14850.0,3118.5,1200.0,19168.5
7884,275,158,1,,1914,1581,FULFILLED,ARS,28500.0,5985.0,1500.0,35985.0
7885,113,50,2,2,2,1424,FULFILLED,ARS,44250.0,9292.5,0.0,53542.5
7886,449,446,2,4,4,2943,FULFILLED,ARS,23940.0,5027.4,0.0,28967.4
7887,376,27,1,,2501,2537,PAID,ARS,36000.0,7560.0,900.0,44460.0
7888,39,1158,1,,2886,2692,FULFILLED,ARS,29160.0,6123.6,1200.0,36483.6
7889,311,433,2,3,3,,FULFILLED,ARS,55440.0,11642.4,0.0,67082.4
7890,476,140,1,,2189,430,FULFILLED,ARS,12000.0,2520.0,0.0,14520.0
7891,607,609,2,2,2,981,REFUNDED,ARS,15435.0,3241.35,0.0,18676.35
7892,540,1361,1,,199,689,PAID,ARS,40500.0,8505.0,1200.0,50205.0
7893,395,1199,1,,1552,780,FULFILLED,ARS,10800.0,2268.0,900.0,13968.0
7894,299,19,2,4,4,619,PAID,ARS,24300.0,5103.0,0.0,29403.0
7895,46,981,2,4,4,728,FULFILLED,ARS,75000.0,15750.0,0.0,90750.0
7896,62,1353,1,,2625,1298,FULFILLED,ARS,11400.0,2394.0,900.0,14694.0
7897,191,1091,1,,1850,1295,FULFILLED,ARS,12150.0,2551.5,900.0,15601.5
7898,453,284,1,,3140,2219,REFUNDED,ARS,51600.0,10836.0,1200.0,63636.0
7899,514,31,1,,1670,3190,FULFILLED,ARS,56484.0,11861.64,1200.0,69545.64
7900,219,1392,1,,783,770,FULFILLED,ARS,14850.0,3118.5,1500.0,19468.5
7901,427,601,2,3,3,2852,FULFILLED,ARS,23940.0,5027.4,0.0,28967.4
7902,549,721,2,4,4,,REFUNDED,ARS,14250.0,2992.5,0.0,17242.5
7903,506,113,1,,1765,2599,FULFILLED,ARS,21600.0,4536.0,0.0,26136.0
7904,333,740,2,1,1,1115,PAID,ARS,45600.0,9576.0,0.0,55176.0
7905,256,868,1,,1656,612,FULFILLED,ARS,57960.0,12171.6,1200.0,71331.6
7906,476,1450,1,,1447,1281,CANCELLED,ARS,35280.0,7408.8,1200.0,43888.8
7907,494,1102,1,,3168,2394,FULFILLED,ARS,12540.0,2633.4,0.0,15173.4
7908,584,735,2,2,2,2146,CREATED,ARS,21600.0,4536.0,0.0,26136.0
7909,617,1373,2,3,3,630,FULFILLED,ARS,38475.0,8079.75,0.0,46554.75
7910,631,88,1,,1327,1773,CREATED,ARS,24300.0,5103.0,1200.0,30603.0
7911,442,427,2,2,2,1299,PAID,ARS,28500.0,5985.0,0.0,34485.0
7912,38,891,2,1,1,2339,FULFILLED,ARS,11400.0,2394.0,0.0,13794.0
7913,414,254,1,,1476,1330,PAID,ARS,13500.0,2835.0,1500.0,17835.0
7914,109,977,1,,2171,206,FULFILLED,ARS,36000.0,7560.0,0.0,43560.0
7915,343,409,1,,1770,2586,CANCELLED,ARS,34200.0,7182.0,1200.0,42582.0
7916,209,1355,2,4,4,2009,PAID,ARS,21168.0,4445.28,0.0,25613.28
7917,199,813,1,,7,1678,FULFILLED,ARS,31752.0,6667.92,1200.0,39619.92
7918,165,672,1,,851,1209,FULFILLED,ARS,29400.0,6174.0,1500.0,37074.0
7919,476,354,1,,1820,2139,FULFILLED,ARS,42372.0,8898.12,900.0,52170.12
7920,542,844,1,,905,3054,PAID,ARS,28500.0,5985.0,1200.0,35685.0
7921,240,829,1,,1678,,FULFILLED,ARS,32400.0,6804.0,1200.0,40404.0
7922,273,568,1,,3056,109,CANCELLED,ARS,44100.0,9261.0,1200.0,54561.0
7923,75,205,1,,667,2594,FULFILLED,ARS,14700.0,3087.0,900.0,18687.0
7924,270,1445,2,4,4,252,FULFILLED,ARS,29700.0,6237.0,0.0,35937.0
7925,316,402,2,2,2,1767,FULFILLED,ARS,12000.0,2520.0,0.0,14520.0
7926,32,1438,2,2,2,2494,FULFILLED,ARS,47820.0,10042.2,0.0,57862.2
7927,37,1029,2,1,1,2626,REFUNDED,ARS,55500.0,11655.0,0.0,67155.0
7928,464,1235,1,,2389,2167,FULFILLED,ARS,64500.0,13545.0,1200.0,79245.0
7929,106,125,1,,2213,2781,FULFILLED,ARS,36000.0,7560.0,1200.0,44760.0
7930,587,975,2,1,1,,REFUNDED,ARS,67200.0,14112.0,0.0,81312.0
7931,178,520,1,,8,791,FULFILLED,ARS,14175.0,2976.75,1500.0,18651.75
7932,112,1200,2,1,1,2690,FULFILLED,ARS,48510.0,10187.1,0.0,58697.1
7933,296,168,2,1,1,2849,REFUNDED,ARS,36450.0,7654.5,0.0,44104.5
7934,177,176,1,,634,1457,FULFILLED,ARS,53400.0,11214.0,1500.0,66114.0
7935,19,827,2,1,1,2439,FULFILLED,ARS,43200.0,9072.0,0.0,52272.0
7936,109,1323,1,,1155,1542,FULFILLED,ARS,30780.0,6463.8,0.0,37243.8
7937,17,486,1,,1898,2793,FULFILLED,ARS,44100.0,9261.0,1200.0,54561.0
7938,89,158,2,1,1,1956,PAID,ARS,40500.0,8505.0,0.0,49005.0
7939,176,179,1,,1163,1310,FULFILLED,ARS,40500.0,8505.0,900.0,49905.0
7940,557,637,1,,1150,2898,CANCELLED,ARS,43740.0,9185.4,1200.0,54125.4
7941,290,7,2,2,2,2969,FULFILLED,ARS,23940.0,5027.4,0.0,28967.4
7942,169,89,2,3,3,628,PAID,ARS,35280.0,7408.8,0.0,42688.8
7943,135,967,2,2,2,,FULFILLED,ARS,15000.0,3150.0,0.0,18150.0
7944,39,1056,1,,2200,240,FULFILLED,ARS,83250.0,17482.5,1200.0,101932.5
7945,36,77,2,3,3,2055,FULFILLED,ARS,40500.0,8505.0,0.0,49005.0
7946,119,957,1,,2093,908,FULFILLED,ARS,76410.0,16046.1,900.0,93356.1
7947,404,544,1,,79,2087,FULFILLED,ARS,34200.0,7182.0,1200.0,42582.0
7948,54,310,1,,2332,528,FULFILLED,ARS,37800.0,7938.0,1500.0,47238.0
7949,295,1336,2,3,3,2883,FULFILLED,ARS,79200.0,16632.0,0.0,95832.0
7950,598,692,1,,1291,1922,FULFILLED,ARS,38808.0,8149.68,900.0,47857.68
7951,334,125,1,,220,820,FULFILLED,ARS,36000.0,7560.0,1200.0,44760.0
7952,433,1319,1,,208,2351,FULFILLED,ARS,10800.0,2268.0,900.0,13968.0
7953,385,46,1,,566,469,FULFILLED,ARS,15675.0,3291.75,1200.0,20166.75
7954,586,1053,2,1,1,1142,FULFILLED,ARS,51300.0,10773.0,0.0,62073.0
7955,126,505,1,,2241,619,FULFILLED,ARS,11760.0,2469.6,0.0,14229.6
7956,273,590,1,,1972,3045,PAID,ARS,11970.0,2513.7,900.0,15383.7
7957,143,740,1,,1544,,FULFILLED,ARS,27000.0,5670.0,1200.0,33870.0
7958,620,1195,1,,2081,3084,REFUNDED,ARS,10800.0,2268.0,1200.0,14268.0
7959,147,514,2,4,4,350,FULFILLED,ARS,23814.0,5000.94,0.0,28814.94
7960,51,612,2,1,1,1351,CANCELLED,ARS,29400.0,6174.0,0.0,35574.0
7961,536,45,1,,37,96,FULFILLED,ARS,28500.0,5985.0,900.0,35385.0
7962,215,545,2,3,3,1735,FULFILLED,ARS,37620.0,7900.2,0.0,45520.2
7963,246,538,2,3,3,,FULFILLED,ARS,22800.0,4788.0,0.0,27588.0
7964,107,329,1,,39,2842,FULFILLED,ARS,12825.0,2693.25,900.0,16418.25
7965,636,406,2,2,2,163,FULFILLED,ARS,16500.0,3465.0,0.0,19965.0
7966,295,965,1,,1807,352,FULFILLED,ARS,73500.0,15435.0,900.0,89835.0
7967,456,579,1,,2435,3036,FULFILLED,ARS,42750.0,8977.5,1200.0,52927.5
7968,113,647,1,,1979,1707,FULFILLED,ARS,40500.0,8505.0,1200.0,50205.0
7969,488,821,2,1,1,1893,FULFILLED,ARS,42750.0,8977.5,0.0,51727.5
7970,129,192,1,,772,31,FULFILLED,ARS,21600.0,4536.0,900.0,27036.0
7971,469,134,2,1,1,2566,FULFILLED,ARS,22680.0,4762.8,0.0,27442.8
7972,277,640,2,2,2,554,PAID,ARS,11400.0,2394.0,0.0,13794.0
7973,101,1420,1,,1973,1321,FULFILLED,ARS,45000.0,9450.0,900.0,55350.0
7974,310,675,1,,227,1063,REFUNDED,ARS,40500.0,8505.0,1200.0,50205.0
7975,9,556,1,,2015,2378,FULFILLED,ARS,22800.0,4788.0,1200.0,28788.0
7976,98,930,1,,1087,1589,FULFILLED,ARS,14250.0,2992.5,1200.0,18442.5
7977,53,752,1,,462,,CANCELLED,ARS,13200.0,2772.0,0.0,15972.0
7978,474,343,2,2,2,623,FULFILLED,ARS,13200.0,2772.0,0.0,15972.0
7979,186,1098,2,2,2,,PAID,ARS,47040.0,9878.4,0.0,56918.4
7980,246,1188,2,3,3,1162,PAID,ARS,11400.0,2394.0,0.0,13794.0
7981,356,540,1,,433,2683,CANCELLED,ARS,28500.0,5985.0,1200.0,35685.0
7982,353,1005,1,,755,1939,FULFILLED,ARS,41925.0,8804.25,0.0,50729.25
7983,196,27,1,,2611,2542,FULFILLED,ARS,21168.0,4445.28,1500.0,27113.28
7984,522,1437,1,,2911,1881,FULFILLED,ARS,32400.0,6804.0,1200.0,40404.0
7985,402,1268,2,2,2,1992,FULFILLED,ARS,45420.0,9538.2,0.0,54958.2
7986,125,713,1,,1515,1574,FULFILLED,ARS,45000.0,9450.0,1200.0,55650.0
7987,344,759,1,,1256,204,PAID,ARS,13500.0,2835.0,900.0,17235.0
7988,256,396,1,,2639,71,FULFILLED,ARS,24000.0,5040.0,900.0,29940.0
7989,133,827,2,2,2,212,FULFILLED,ARS,13500.0,2835.0,0.0,16335.0
7990,264,1220,1,,2663,39,PAID,ARS,45000.0,9450.0,900.0,55350.0
7991,93,631,1,,2568,2361,PAID,ARS,30000.0,6300.0,1500.0,37800.0
7992,473,1163,1,,503,2770,FULFILLED,ARS,63420.0,13318.2,1200.0,77938.2
7993,356,1057,1,,3084,2569,PAID,ARS,14700.0,3087.0,0.0,17787.0
7994,619,1373,2,4,4,333,FULFILLED,ARS,21600.0,4536.0,0.0,26136.0
7995,218,776,1,,2740,194,FULFILLED,ARS,21600.0,4536.0,0.0,26136.0
7996,266,459,2,2,2,432,CANCELLED,ARS,54000.0,11340.0,0.0,65340.0
7997,565,699,2,2,2,,FULFILLED,ARS,30780.0,6463.8,0.0,37243.8
7998,370,67,1,,1640,2243,FULFILLED,ARS,10800.0,2268.0,1500.0,14568.0
7999,617,516,2,2,2,1608,FULFILLED,ARS,69900.0,14679.0,0.0,84579.0
8000,302,9,2,3,3,2783,FULFILLED,ARS,28500.0,5985.0,0.0,34485.0
8001,317,1424,2,4,4,1759,PAID,ARS,28950.0,6079.5,0.0,35029.5
8002,341,1019,1,,521,816,PAID,ARS,44400.0,9324.0,0.0,53724.0
8003,530,1069,1,,868,2600,FULFILLED,ARS,49068.0,10304.28,1200.0,60572.28
8004,97,1133,1,,2333,1773,FULFILLED,ARS,59400.0,12474.0,0.0,71874.0
8005,572,882,1,,1194,658,FULFILLED,ARS,44887.5,9426.38,900.0,55213.88
8006,563,677,2,1,1,1169,FULFILLED,ARS,66600.0,13986.0,0.0,80586.0
8007,121,20,1,,11,1463,FULFILLED,ARS,40650.0,8536.5,900.0,50086.5
8008,400,1151,1,,2548,2476,FULFILLED,ARS,23520.0,4939.2,0.0,28459.2
8009,593,293,2,3,3,904,FULFILLED,ARS,44100.0,9261.0,0.0,53361.0
8010,478,1124,2,1,1,2270,CANCELLED,ARS,36000.0,7560.0,0.0,43560.0
8011,626,340,1,,2856,136,FULFILLED,ARS,14175.0,2976.75,900.0,18051.75
8012,525,134,2,2,2,1601,FULFILLED,ARS,14700.0,3087.0,0.0,17787.0
8013,180,1315,1,,730,1616,FULFILLED,ARS,14175.0,2976.75,0.0,17151.75
8014,366,1189,1,,1253,2843,FULFILLED,ARS,44100.0,9261.0,1200.0,54561.0
8015,544,368,1,,1396,,FULFILLED,ARS,10800.0,2268.0,0.0,13068.0
8016,248,1251,2,2,2,1053,FULFILLED,ARS,10800.0,2268.0,0.0,13068.0
8017,18,1242,1,,1874,1499,FULFILLED,ARS,34920.0,7333.2,1200.0,43453.2
8018,572,987,1,,1344,,PAID,ARS,45000.0,9450.0,1200.0,55650.0
8019,348,596,1,,2158,1196,CANCELLED,ARS,10260.0,2154.6,1200.0,13614.6
8020,249,973,2,3,3,349,PAID,ARS,45000.0,9450.0,0.0,54450.0
8021,548,1210,1,,495,2986,FULFILLED,ARS,32400.0,6804.0,1200.0,40404.0
8022,173,14,1,,2719,1757,PAID,ARS,34020.0,7144.2,1200.0,42364.2
8023,157,409,1,,1283,326,FULFILLED,ARS,48900.0,10269.0,1200.0,60369.0
8024,316,616,1,,200,2170,REFUNDED,ARS,9720.0,2041.2,1200.0,12961.2
8025,438,233,2,2,2,1166,FULFILLED,ARS,26850.0,5638.5,0.0,32488.5
8026,546,835,1,,3096,,FULFILLED,ARS,52620.0,11050.2,900.0,64570.2
8027,394,90,1,,2661,2613,CREATED,ARS,96690.0,20304.9,1200.0,118194.9
8028,297,791,1,,1644,2310,FULFILLED,ARS,46260.0,9714.6,0.0,55974.6
8029,32,664,1,,1552,2822,FULFILLED,ARS,32400.0,6804.0,1200.0,40404.0
8030,426,1473,2,1,1,78,FULFILLED,ARS,24000.0,5040.0,0.0,29040.0
8031,137,436,2,2,2,1120,PAID,ARS,37044.0,7779.24,0.0,44823.24
8032,384,899,2,3,3,,FULFILLED,ARS,23400.0,4914.0,0.0,28314.0
8033,546,1202,1,,646,1638,FULFILLED,ARS,78660.0,16518.6,0.0,95178.6
8034,138,800,2,3,3,3082,PAID,ARS,14250.0,2992.5,0.0,17242.5
8035,265,303,2,3,3,2195,FULFILLED,ARS,46800.0,9828.0,0.0,56628.0
8036,76,401,2,1,1,670,CANCELLED,ARS,16170.0,3395.7,0.0,19565.7
8037,492,107,1,,2000,1919,FULFILLED,ARS,29925.0,6284.25,900.0,37109.25
8038,270,1092,2,2,2,539,PAID,ARS,43848.0,9208.08,0.0,53056.08
8039,368,1387,2,2,2,292,CANCELLED,ARS,13500.0,2835.0,0.0,16335.0
8040,499,427,1,,1362,2258,FULFILLED,ARS,76650.0,16096.5,900.0,93646.5
8041,261,963,2,2,2,2709,PAID,ARS,12936.0,2716.56,0.0,15652.56
8042,254,1471,2,1,1,1290,FULFILLED,ARS,14700.0,3087.0,0.0,17787.0
8043,406,118,2,3,3,2419,FULFILLED,ARS,12000.0,2520.0,0.0,14520.0
8044,600,552,1,,1880,2024,PAID,ARS,29400.0,6174.0,1200.0,36774.0
8045,235,543,1,,579,2310,CANCELLED,ARS,93900.0,19719.0,900.0,114519.0
8046,121,755,1,,3203,737,FULFILLED,ARS,32400.0,6804.0,900.0,40104.0
8047,586,1410,1,,134,2216,FULFILLED,ARS,43860.0,9210.6,0.0,53070.6
8048,240,47,2,4,4,2690,PAID,ARS,48510.0,10187.1,0.0,58697.1
8049,420,879,1,,2155,2464,FULFILLED,ARS,20520.0,4309.2,900.0,25729.2
8050,314,724,2,4,4,506,FULFILLED,ARS,50778.0,10663.38,0.0,61441.38
8051,551,1355,1,,1316,,FULFILLED,ARS,74880.0,15724.8,900.0,91504.8
8052,302,506,1,,882,1194,FULFILLED,ARS,10800.0,2268.0,900.0,13968.0
8053,119,1329,1,,573,106,PAID,ARS,10800.0,2268.0,1200.0,14268.0
8054,477,344,2,2,2,3157,CANCELLED,ARS,29925.0,6284.25,0.0,36209.25
8055,326,241,1,,658,351,FULFILLED,ARS,24000.0,5040.0,1200.0,30240.0
8056,336,406,2,2,2,3093,PAID,ARS,31752.0,6667.92,0.0,38419.92
8057,503,201,2,4,4,527,FULFILLED,ARS,42750.0,8977.5,0.0,51727.5
8058,173,1499,1,,2736,1689,FULFILLED,ARS,23520.0,4939.2,900.0,29359.2
8059,452,785,2,3,3,,FULFILLED,ARS,22800.0,4788.0,0.0,27588.0
8060,246,1493,2,4,4,1559,CANCELLED,ARS,11760.0,2469.6,0.0,14229.6
8061,129,797,1,,3199,692,FULFILLED,ARS,47025.0,9875.25,900.0,57800.25
8062,363,1008,1,,2894,1372,FULFILLED,ARS,22800.0,4788.0,900.0,28488.0
8063,468,1198,1,,426,2879,REFUNDED,ARS,24000.0,5040.0,0.0,29040.0
8064,410,1258,1,,3182,1262,FULFILLED,ARS,19440.0,4082.4,1200.0,24722.4
8065,64,68,2,2,2,700,FULFILLED,ARS,34200.0,7182.0,0.0,41382.0
8066,381,788,1,,2075,1554,PAID,ARS,32400.0,6804.0,900.0,40104.0
8067,383,594,1,,1976,,FULFILLED,ARS,36000.0,7560.0,1200.0,44760.0
8068,2,1149,1,,461,3026,FULFILLED,ARS,55860.0,11730.6,900.0,68490.6
8069,483,97,1,,2230,2772,PAID,ARS,12150.0,2551.5,1500.0,16201.5
8070,17,1457,1,,1041,2904,CANCELLED,ARS,29400.0,6174.0,1200.0,36774.0
8071,160,630,1,,2516,1619,FULFILLED,ARS,36000.0,7560.0,0.0,43560.0
8072,531,156,2,2,2,1197,FULFILLED,ARS,11970.0,2513.7,0.0,14483.7
8073,373,528,1,,2578,18,FULFILLED,ARS,62220.0,13066.2,1200.0,76486.2
8074,639,1148,2,2,2,,FULFILLED,ARS,23970.0,5033.7,0.0,29003.7
8075,504,457,2,2,2,1275,FULFILLED,ARS,22680.0,4762.8,0.0,27442.8
8076,474,691,1,,201,42,FULFILLED,ARS,47250.0,9922.5,900.0,58072.5
8077,219,1475,1,,789,,FULFILLED,ARS,47850.0,10048.5,1200.0,59098.5
8078,525,377,1,,2882,2564,PAID,ARS,30675.0,6441.75,0.0,37116.75
8079,209,656,1,,1827,396,FULFILLED,ARS,72900.0,15309.0,1200.0,89409.0
8080,176,475,1,,2789,2707,FULFILLED,ARS,21600.0,4536.0,1200.0,27336.0
8081,176,488,1,,2155,1589,FULFILLED,ARS,24000.0,5040.0,1200.0,30240.0
8082,610,279,2,4,4,3059,FULFILLED,ARS,37800.0,7938.0,0.0,45738.0
8083,143,719,1,,516,1364,FULFILLED,ARS,23940.0,5027.4,1500.0,30467.4
8084,554,371,1,,397,2952,FULFILLED,ARS,47250.0,9922.5,1200.0,58372.5
8085,337,728,2,4,4,2550,FULFILLED,ARS,48780.0,10243.8,0.0,59023.8
8086,498,1413,1,,997,1448,FULFILLED,ARS,78300.0,16443.0,1200.0,95943.0
8087,375,996,1,,2760,2474,PAID,ARS,10584.0,2222.64,900.0,13706.64
8088,630,992,1,,1448,1983,REFUNDED,ARS,42336.0,8890.56,1200.0,52426.56
8089,468,275,2,2,2,1124,FULFILLED,ARS,81450.0,17104.5,0.0,98554.5
8090,608,1448,1,,75,2642,PAID,ARS,14700.0,3087.0,1500.0,19287.0
8091,593,1277,1,,1326,2570,FULFILLED,ARS,29212.5,6134.62,900.0,36247.12
8092,446,215,1,,3115,,REFUNDED,ARS,12540.0,2633.4,1200.0,16373.4
8093,240,274,1,,3025,2994,PAID,ARS,44887.5,9426.38,0.0,54313.88
8094,28,174,2,2,2,2125,FULFILLED,ARS,13500.0,2835.0,0.0,16335.0
8095,323,251,2,1,1,,FULFILLED,ARS,21600.0,4536.0,0.0,26136.0
8096,478,386,1,,3099,895,FULFILLED,ARS,31500.0,6615.0,1200.0,39315.0
8097,9,602,1,,2936,120,FULFILLED,ARS,25650.0,5386.5,1200.0,32236.5
8098,16,884,1,,1708,1618,FULFILLED,ARS,45168.0,9485.28,1200.0,55853.28
8099,73,129,2,2,2,3096,FULFILLED,ARS,59400.0,12474.0,0.0,71874.0
8100,38,871,2,3,3,1875,FULFILLED,ARS,23520.0,4939.2,0.0,28459.2
8101,119,888,2,1,1,,REFUNDED,ARS,84180.0,17677.8,0.0,101857.8
8102,485,64,2,4,4,1660,FULFILLED,ARS,32400.0,6804.0,0.0,39204.0
8103,595,474,1,,1875,1847,FULFILLED,ARS,23520.0,4939.2,1200.0,29659.2
8104,616,473,2,1,1,2526,PAID,ARS,22800.0,4788.0,0.0,27588.0
8105,27,3,1,,2673,540,FULFILLED,ARS,10260.0,2154.6,1200.0,13614.6
8106,432,662,1,,3079,419,FULFILLED,ARS,12348.0,2593.08,0.0,14941.08
8107,19,533,1,,1873,,PAID,ARS,118687.5,24924.38,900.0,144511.88
8108,346,951,1,,208,1222,FULFILLED,ARS,34020.0,7144.2,900.0,42064.2
8109,293,431,2,3,3,1060,FULFILLED,ARS,30000.0,6300.0,0.0,36300.0
8110,200,124,2,1,1,1885,PAID,ARS,21600.0,4536.0,0.0,26136.0
8111,78,401,2,1,1,2183,CANCELLED,ARS,11760.0,2469.6,0.0,14229.6
8112,492,177,2,1,1,284,FULFILLED,ARS,87360.0,18345.6,0.0,105705.6
8113,605,2,2,3,3,1777,FULFILLED,ARS,13200.0,2772.0,0.0,15972.0
8114,336,1368,2,2,2,2726,FULFILLED,ARS,13500.0,2835.0,0.0,16335.0
8115,506,77,1,,2287,1529,FULFILLED,ARS,25200.0,5292.0,900.0,31392.0
8116,633,1427,1,,2577,1868,FULFILLED,ARS,13500.0,2835.0,1200.0,17535.0
8117,549,1052,1,,2566,1715,REFUNDED,ARS,15750.0,3307.5,1500.0,20557.5
8118,425,394,1,,1607,2097,CANCELLED,ARS,21600.0,4536.0,1200.0,27336.0
8119,406,1145,2,3,3,157,FULFILLED,ARS,32400.0,6804.0,0.0,39204.0
8120,208,778,1,,179,1868,PAID,ARS,25872.0,5433.12,1200.0,32505.12
8121,107,731,1,,1706,1661,FULFILLED,ARS,11340.0,2381.4,1200.0,14921.4
8122,523,332,2,1,1,,FULFILLED,ARS,38808.0,8149.68,0.0,46957.68
8123,535,1363,2,1,1,,FULFILLED,ARS,34200.0,7182.0,0.0,41382.0
8124,386,1480,1,,286,880,FULFILLED,ARS,11400.0,2394.0,1200.0,14994.0
8125,188,459,2,1,1,1490,FULFILLED,ARS,13500.0,2835.0,0.0,16335.0
8126,81,16,1,,3162,548,FULFILLED,ARS,78750.0,16537.5,0.0,95287.5
8127,326,1137,1,,2470,2173,FULFILLED,ARS,14175.0,2976.75,1200.0,18351.75
8128,145,1456,1,,1536,275,CANCELLED,ARS,45000.0,9450.0,0.0,54450.0
8129,427,1253,1,,277,1046,FULFILLED,ARS,14700.0,3087.0,0.0,17787.0
8130,221,1296,2,2,2,829,FULFILLED,ARS,12600.0,2646.0,0.0,15246.0
8131,347,475,2,2,2,1388,PAID,ARS,13230.0,2778.3,0.0,16008.3
8132,57,436,1,,1623,1269,FULFILLED,ARS,11340.0,2381.4,900.0,14621.4
8133,224,1114,1,,2769,1025,CANCELLED,ARS,34200.0,7182.0,1200.0,42582.0
8134,449,350,2,1,1,1693,FULFILLED,ARS,35910.0,7541.1,0.0,43451.1
8135,514,98,2,2,2,275,FULFILLED,ARS,34200.0,7182.0,0.0,41382.0
8136,374,766,1,,1875,2291,CREATED,ARS,40500.0,8505.0,1200.0,50205.0
8137,161,112,2,2,2,,FULFILLED,ARS,11400.0,2394.0,0.0,13794.0
8138,297,387,1,,3003,1813,PAID,ARS,10800.0,2268.0,1500.0,14568.0
8139,108,37,1,,2245,1053,FULFILLED,ARS,12000.0,2520.0,1500.0,16020.0
8140,234,354,1,,2367,1883,FULFILLED,ARS,13230.0,2778.3,0.0,16008.3
8141,427,154,2,4,4,2199,PAID,ARS,14250.0,2992.5,0.0,17242.5
8142,331,533,1,,2625,533,FULFILLED,ARS,37050.0,7780.5,1200.0,46030.5
8143,15,853,2,4,4,1789,CANCELLED,ARS,39600.0,8316.0,0.0,47916.0
8144,116,410,2,2,2,1736,FULFILLED,ARS,20520.0,4309.2,0.0,24829.2
8145,373,674,1,,825,1412,FULFILLED,ARS,38430.0,8070.3,1200.0,47700.3
8146,172,806,2,1,1,2087,FULFILLED,ARS,42180.0,8857.8,0.0,51037.8
8147,320,1003,2,1,1,202,FULFILLED,ARS,37044.0,7779.24,0.0,44823.24
8148,510,621,1,,3198,2449,PAID,ARS,32400.0,6804.0,1500.0,40704.0
8149,187,951,2,3,3,1023,FULFILLED,ARS,35280.0,7408.8,0.0,42688.8
8150,245,34,2,3,3,1560,PAID,ARS,15675.0,3291.75,0.0,18966.75
8151,504,3,1,,2946,3035,FULFILLED,ARS,11970.0,2513.7,0.0,14483.7
8152,540,1086,1,,1513,2998,FULFILLED,ARS,39660.0,8328.6,1500.0,49488.6
8153,356,1081,1,,1687,1105,FULFILLED,ARS,13500.0,2835.0,900.0,17235.0
8154,472,832,2,1,1,236,FULFILLED,ARS,79020.0,16594.2,0.0,95614.2
8155,401,714,2,2,2,885,FULFILLED,ARS,11400.0,2394.0,0.0,13794.0
8156,314,489,2,3,3,153,FULFILLED,ARS,29160.0,6123.6,0.0,35283.6
8157,337,57,1,,259,2959,FULFILLED,ARS,45120.0,9475.2,1500.0,56095.2
8158,632,631,2,1,1,,FULFILLED,ARS,34200.0,7182.0,0.0,41382.0
8159,439,1486,1,,813,3079,FULFILLED,ARS,88044.0,18489.24,1200.0,107733.24
8160,439,469,1,,957,872,FULFILLED,ARS,27000.0,5670.0,1500.0,34170.0
8161,293,1049,2,3,3,,FULFILLED,ARS,25872.0,5433.12,0.0,31305.12
8162,138,300,1,,2874,,FULFILLED,ARS,34200.0,7182.0,1200.0,42582.0
8163,490,1291,1,,1525,2707,PAID,ARS,32400.0,6804.0,1200.0,40404.0
8164,383,268,2,3,3,1121,FULFILLED,ARS,10800.0,2268.0,0.0,13068.0
8165,336,452,1,,732,2722,CREATED,ARS,45600.0,9576.0,900.0,56076.0
8166,27,541,1,,998,1528,FULFILLED,ARS,75780.0,15913.8,0.0,91693.8
8167,98,1315,1,,2801,2033,FULFILLED,ARS,12000.0,2520.0,900.0,15420.0
8168,471,1489,1,,724,517,FULFILLED,ARS,19440.0,4082.4,900.0,24422.4
8169,554,55,1,,3016,3079,FULFILLED,ARS,21600.0,4536.0,1200.0,27336.0
8170,619,73,2,1,1,2094,FULFILLED,ARS,72000.0,15120.0,0.0,87120.0
8171,140,315,1,,1321,476,FULFILLED,ARS,79830.0,16764.3,900.0,97494.3
8172,565,1254,2,4,4,1115,FULFILLED,ARS,11760.0,2469.6,0.0,14229.6
8173,149,1434,2,3,3,1304,PAID,ARS,78660.0,16518.6,0.0,95178.6
8174,598,1240,1,,2737,3064,REFUNDED,ARS,19440.0,4082.4,1500.0,25022.4
8175,69,1184,1,,1283,118,FULFILLED,ARS,38808.0,8149.68,1200.0,48157.68
8176,560,1045,1,,2371,617,CANCELLED,ARS,14250.0,2992.5,0.0,17242.5
8177,308,1476,1,,649,690,FULFILLED,ARS,48450.0,10174.5,1500.0,60124.5
8178,239,539,1,,422,2926,PAID,ARS,11760.0,2469.6,1500.0,15729.6
8179,542,342,1,,715,1544,FULFILLED,ARS,30000.0,6300.0,0.0,36300.0
8180,560,748,1,,1679,1920,FULFILLED,ARS,44550.0,9355.5,1200.0,55105.5
8181,502,1308,2,1,1,1289,FULFILLED,ARS,36000.0,7560.0,0.0,43560.0
8182,387,1245,2,2,2,,FULFILLED,ARS,42750.0,8977.5,0.0,51727.5
8183,503,487,1,,2499,1167,FULFILLED,ARS,42150.0,8851.5,900.0,51901.5
8184,296,1371,2,3,3,2233,FULFILLED,ARS,45000.0,9450.0,0.0,54450.0
8185,417,1493,1,,2838,713,FULFILLED,ARS,23520.0,4939.2,1200.0,29659.2
8186,304,1027,1,,2671,2511,FULFILLED,ARS,34200.0,7182.0,1200.0,42582.0
8187,576,778,1,,55,536,FULFILLED,ARS,42750.0,8977.5,0.0,51727.5
8188,456,240,1,,496,1094,FULFILLED,ARS,11340.0,2381.4,1200.0,14921.4
8189,256,254,2,3,3,2479,FULFILLED,ARS,22800.0,4788.0,0.0,27588.0
8190,338,621,1,,2447,3132,FULFILLED,ARS,11400.0,2394.0,1500.0,15294.0
8191,261,958,2,4,4,403,FULFILLED,ARS,10800.0,2268.0,0.0,13068.0
8192,484,1281,1,,2219,,FULFILLED,ARS,74250.0,15592.5,1200.0,91042.5
8193,348,483,2,3,3,2323,FULFILLED,ARS,76440.0,16052.4,0.0,92492.4
8194,616,674,2,4,4,,REFUNDED,ARS,51450.0,10804.5,0.0,62254.5
8195,38,520,2,4,4,2327,FULFILLED,ARS,35280.0,7408.8,0.0,42688.8
8196,497,757,1,,1745,1651,FULFILLED,ARS,34200.0,7182.0,1200.0,42582.0
8197,589,614,2,2,2,286,FULFILLED,ARS,15000.0,3150.0,0.0,18150.0
8198,302,1392,1,,2674,2261,REFUNDED,ARS,14250.0,2992.5,1200.0,18442.5
8199,280,748,2,4,4,574,FULFILLED,ARS,15750.0,3307.5,0.0,19057.5
8200,297,492,2,2,2,1167,FULFILLED,ARS,54720.0,11491.2,0.0,66211.2
8201,543,603,1,,1771,77,PAID,ARS,45000.0,9450.0,1200.0,55650.0
8202,463,161,2,3,3,963,CANCELLED,ARS,39690.0,8334.9,0.0,48024.9
8203,620,352,1,,1644,2267,FULFILLED,ARS,27000.0,5670.0,1500.0,34170.0
8204,465,929,1,,2196,1033,FULFILLED,ARS,21600.0,4536.0,900.0,27036.0
8205,105,991,1,,1913,2533,FULFILLED,ARS,22680.0,4762.8,900.0,28342.8
8206,92,179,1,,1567,1456,FULFILLED,ARS,23760.0,4989.6,900.0,29649.6
8207,519,658,2,4,4,2909,FULFILLED,ARS,68010.0,14282.1,0.0,82292.1
8208,293,1483,1,,1750,2279,PAID,ARS,23400.0,4914.0,900.0,29214.0
8209,632,735,1,,203,2313,FULFILLED,ARS,45000.0,9450.0,1200.0,55650.0
8210,238,1241,1,,1741,348,PAID,ARS,23760.0,4989.6,1200.0,29949.6
8211,596,1489,1,,2209,2337,CREATED,ARS,40500.0,8505.0,900.0,49905.0
8212,563,358,1,,2194,1449,FULFILLED,ARS,42750.0,8977.5,1200.0,52927.5
8213,613,478,2,1,1,1883,FULFILLED,ARS,12000.0,2520.0,0.0,14520.0
8214,113,700,2,1,1,853,FULFILLED,ARS,35280.0,7408.8,0.0,42688.8
8215,485,240,2,3,3,,FULFILLED,ARS,43500.0,9135.0,0.0,52635.0
8216,253,935,2,3,3,1023,FULFILLED,ARS,37050.0,7780.5,0.0,44830.5
8217,275,566,1,,2079,1650,FULFILLED,ARS,84600.0,17766.0,1200.0,103566.0
8218,366,2,2,4,4,1843,FULFILLED,ARS,12000.0,2520.0,0.0,14520.0
8219,474,99,1,,170,1261,FULFILLED,ARS,24000.0,5040.0,900.0,29940.0
8220,457,1355,1,,562,805,FULFILLED,ARS,47250.0,9922.5,0.0,57172.5
8221,168,980,2,2,2,2541,PAID,ARS,46305.0,9724.05,0.0,56029.05
8222,437,813,1,,2287,2036,FULFILLED,ARS,35280.0,7408.8,1200.0,43888.8
8223,521,1499,1,,2322,1743,FULFILLED,ARS,43800.0,9198.0,1200.0,54198.0
8224,621,902,1,,175,2242,FULFILLED,ARS,35910.0,7541.1,900.0,44351.1
8225,366,134,1,,2151,249,CANCELLED,ARS,21600.0,4536.0,0.0,26136.0
8226,70,1316,1,,1588,2808,FULFILLED,ARS,15000.0,3150.0,0.0,18150.0
8227,308,652,2,2,2,254,FULFILLED,ARS,44100.0,9261.0,0.0,53361.0
8228,417,149,1,,2440,1106,CANCELLED,ARS,40500.0,8505.0,1200.0,50205.0
8229,350,771,1,,2151,3201,FULFILLED,ARS,11400.0,2394.0,1200.0,14994.0
8230,471,424,2,1,1,3092,PAID,ARS,47250.0,9922.5,0.0,57172.5
8231,595,145,2,3,3,1658,CANCELLED,ARS,59100.0,12411.0,0.0,71511.0
8232,474,661,1,,1788,2693,PAID,ARS,28500.0,5985.0,900.0,35385.0
8233,298,969,1,,1167,546,FULFILLED,ARS,30000.0,6300.0,1200.0,37500.0
8234,445,804,1,,2045,1820,PAID,ARS,29250.0,6142.5,900.0,36292.5
8235,489,277,1,,673,1852,FULFILLED,ARS,14700.0,3087.0,1200.0,18987.0
8236,28,896,2,4,4,2403,FULFILLED,ARS,28500.0,5985.0,0.0,34485.0
8237,182,1339,2,1,1,469,CREATED,ARS,12348.0,2593.08,0.0,14941.08
8238,497,710,1,,827,2996,FULFILLED,ARS,20520.0,4309.2,1200.0,26029.2
8239,452,970,1,,2418,,FULFILLED,ARS,77520.0,16279.2,900.0,94699.2
8240,629,1027,1,,2848,966,FULFILLED,ARS,44577.0,9361.17,1200.0,55138.17
8241,315,228,1,,338,2242,FULFILLED,ARS,12936.0,2716.56,0.0,15652.56
8242,584,959,2,2,2,1381,FULFILLED,ARS,38475.0,8079.75,0.0,46554.75
8243,97,753,2,4,4,3062,PAID,ARS,62100.0,13041.0,0.0,75141.0
8244,455,402,1,,2954,2888,FULFILLED,ARS,44100.0,9261.0,900.0,54261.0
8245,577,59,2,2,2,1369,FULFILLED,ARS,10800.0,2268.0,0.0,13068.0
8246,441,1026,1,,721,376,FULFILLED,ARS,25650.0,5386.5,0.0,31036.5
8247,638,811,1,,1180,599,FULFILLED,ARS,11400.0,2394.0,1200.0,14994.0
8248,35,1309,1,,44,1754,FULFILLED,ARS,22800.0,4788.0,1500.0,29088.0
8249,398,1389,2,2,2,1361,CANCELLED,ARS,44160.0,9273.6,0.0,53433.6
8250,462,1173,1,,1191,,CANCELLED,ARS,21600.0,4536.0,900.0,27036.0
8251,321,618,1,,1468,,FULFILLED,ARS,21660.0,4548.6,1200.0,27408.6
8252,295,113,1,,1419,1649,FULFILLED,ARS,34200.0,7182.0,1500.0,42882.0
8253,153,657,1,,552,846,FULFILLED,ARS,23520.0,4939.2,1500.0,29959.2
8254,366,215,2,4,4,1197,PAID,ARS,31500.0,6615.0,0.0,38115.0
8255,75,1031,2,3,3,,FULFILLED,ARS,29160.0,6123.6,0.0,35283.6
8256,508,892,2,4,4,2686,FULFILLED,ARS,24300.0,5103.0,0.0,29403.0
8257,474,1215,2,1,1,1123,FULFILLED,ARS,35100.0,7371.0,0.0,42471.0
8258,161,528,1,,778,1240,FULFILLED,ARS,45000.0,9450.0,900.0,55350.0
8259,518,999,1,,2592,1529,FULFILLED,ARS,12600.0,2646.0,0.0,15246.0
8260,74,921,2,4,4,966,FULFILLED,ARS,24000.0,5040.0,0.0,29040.0
8261,388,634,1,,1578,423,FULFILLED,ARS,32400.0,6804.0,1200.0,40404.0
8262,36,411,1,,1207,1463,PAID,ARS,43200.0,9072.0,900.0,53172.0
8263,398,713,1,,951,2686,FULFILLED,ARS,48450.0,10174.5,1200.0,59824.5
8264,145,700,1,,1186,2918,PAID,ARS,45540.0,9563.4,900.0,56003.4
8265,217,1233,1,,1470,1755,FULFILLED,ARS,14250.0,2992.5,1500.0,18742.5
8266,71,566,1,,1461,494,FULFILLED,ARS,39690.0,8334.9,1200.0,49224.9
8267,48,547,1,,601,2200,FULFILLED,ARS,49620.0,10420.2,900.0,60940.2
8268,359,1075,1,,1324,205,PAID,ARS,65952.0,13849.92,0.0,79801.92
8269,408,256,2,4,4,1084,FULFILLED,ARS,47880.0,10054.8,0.0,57934.8
8270,1,498,2,4,4,2690,FULFILLED,ARS,39120.0,8215.2,0.0,47335.2
8271,458,1141,1,,1002,1301,FULFILLED,ARS,23760.0,4989.6,1200.0,29949.6
8272,54,1380,1,,1921,1463,FULFILLED,ARS,19440.0,4082.4,900.0,24422.4
8273,492,1217,2,3,3,365,FULFILLED,ARS,55800.0,11718.0,0.0,67518.0
8274,345,464,1,,1253,2915,PAID,ARS,40500.0,8505.0,900.0,49905.0
8275,255,256,1,,325,893,PAID,ARS,12600.0,2646.0,900.0,16146.0
8276,196,1182,1,,1241,812,FULFILLED,ARS,29400.0,6174.0,1200.0,36774.0
8277,108,281,1,,2012,2786,PAID,ARS,32400.0,6804.0,900.0,40104.0
8278,236,1093,2,3,3,426,REFUNDED,ARS,34200.0,7182.0,0.0,41382.0
8279,435,538,1,,2669,315,PAID,ARS,65850.0,13828.5,900.0,80578.5
8280,313,24,1,,2987,3173,FULFILLED,ARS,99562.5,20908.12,1200.0,121670.62
8281,74,377,1,,3184,2072,PAID,ARS,55260.0,11604.6,900.0,67764.6
8282,186,1062,1,,2911,1504,FULFILLED,ARS,41100.0,8631.0,0.0,49731.0
8283,561,208,2,3,3,844,PAID,ARS,32400.0,6804.0,0.0,39204.0
8284,250,950,2,2,2,336,PAID,ARS,14175.0,2976.75,0.0,17151.75
8285,231,695,2,2,2,2982,CANCELLED,ARS,37620.0,7900.2,0.0,45520.2
8286,508,959,2,3,3,1060,FULFILLED,ARS,22200.0,4662.0,0.0,26862.0
8287,329,1038,2,3,3,2856,FULFILLED,ARS,23760.0,4989.6,0.0,28749.6
8288,166,935,1,,2388,2796,FULFILLED,ARS,10260.0,2154.6,1200.0,13614.6
8289,217,288,2,1,1,2321,FULFILLED,ARS,36450.0,7654.5,0.0,44104.5
8290,517,40,2,3,3,2623,FULFILLED,ARS,57720.0,12121.2,0.0,69841.2
8291,618,103,1,,1980,2457,PAID,ARS,47400.0,9954.0,1200.0,58554.0
8292,514,229,1,,551,489,CANCELLED,ARS,13500.0,2835.0,1200.0,17535.0
8293,424,655,1,,1036,,FULFILLED,ARS,15000.0,3150.0,1200.0,19350.0
8294,65,857,1,,789,125,REFUNDED,ARS,29400.0,6174.0,900.0,36474.0
8295,145,968,1,,2764,1276,FULFILLED,ARS,30000.0,6300.0,1500.0,37800.0
8296,376,460,1,,2020,855,PAID,ARS,15000.0,3150.0,1500.0,19650.0
8297,266,429,1,,374,2088,FULFILLED,ARS,27000.0,5670.0,900.0,33570.0
8298,597,744,2,3,3,1580,FULFILLED,ARS,67308.0,14134.68,0.0,81442.68
8299,144,867,1,,2187,2772,FULFILLED,ARS,34200.0,7182.0,900.0,42282.0
8300,375,488,1,,2943,1017,PAID,ARS,70695.0,14845.95,900.0,86440.95
8301,121,1127,1,,2857,3173,REFUNDED,ARS,38220.0,8026.2,1500.0,47746.2
8302,579,358,2,2,2,1213,FULFILLED,ARS,37044.0,7779.24,0.0,44823.24
8303,364,479,1,,1533,651,PAID,ARS,12000.0,2520.0,0.0,14520.0
8304,303,1347,2,4,4,2119,FULFILLED,ARS,22680.0,4762.8,0.0,27442.8
8305,339,104,1,,1976,,FULFILLED,ARS,32400.0,6804.0,900.0,40104.0
8306,60,722,1,,755,1416,FULFILLED,ARS,35100.0,7371.0,900.0,43371.0
8307,534,1332,2,3,3,2065,FULFILLED,ARS,42750.0,8977.5,0.0,51727.5
8308,421,116,1,,791,,FULFILLED,ARS,25080.0,5266.8,1500.0,31846.8
8309,401,176,1,,935,2155,FULFILLED,ARS,43200.0,9072.0,1500.0,53772.0
8310,584,995,1,,131,2568,CANCELLED,ARS,14700.0,3087.0,900.0,18687.0
8311,496,234,1,,2823,309,FULFILLED,ARS,45000.0,9450.0,900.0,55350.0
8312,80,88,2,2,2,2737,FULFILLED,ARS,29925.0,6284.25,0.0,36209.25
8313,241,1155,2,1,1,886,FULFILLED,ARS,14700.0,3087.0,0.0,17787.0
8314,144,575,1,,357,2966,FULFILLED,ARS,36000.0,7560.0,1200.0,44760.0
8315,385,1002,1,,934,1035,FULFILLED,ARS,30000.0,6300.0,1200.0,37500.0
8316,565,383,1,,911,632,FULFILLED,ARS,104280.0,21898.8,900.0,127078.8
8317,636,446,1,,810,2246,REFUNDED,ARS,12150.0,2551.5,900.0,15601.5
8318,160,306,1,,2705,141,FULFILLED,ARS,47520.0,9979.2,1500.0,58999.2
8319,31,1480,2,4,4,2101,FULFILLED,ARS,36000.0,7560.0,0.0,43560.0
8320,564,988,1,,1598,1638,PAID,ARS,14700.0,3087.0,900.0,18687.0
8321,447,301,1,,2186,2535,FULFILLED,ARS,32340.0,6791.4,1200.0,40331.4
8322,518,806,1,,2480,250,FULFILLED,ARS,56100.0,11781.0,900.0,68781.0
8323,543,763,1,,1735,2227,FULFILLED,ARS,34200.0,7182.0,900.0,42282.0
8324,294,670,2,1,1,919,CANCELLED,ARS,15000.0,3150.0,0.0,18150.0
8325,242,319,1,,1771,886,FULFILLED,ARS,10800.0,2268.0,900.0,13968.0
8326,437,389,2,4,4,3169,CANCELLED,ARS,71850.0,15088.5,0.0,86938.5
8327,90,701,1,,1747,2632,REFUNDED,ARS,85972.5,18054.22,1200.0,105226.72
8328,260,15,1,,1962,183,FULFILLED,ARS,22800.0,4788.0,1200.0,28788.0
8329,548,299,1,,3091,2689,FULFILLED,ARS,12936.0,2716.56,1200.0,16852.56
8330,10,980,1,,2621,2227,FULFILLED,ARS,23520.0,4939.2,1200.0,29659.2
8331,2,308,2,3,3,2976,FULFILLED,ARS,36000.0,7560.0,0.0,43560.0
8332,113,743,2,1,1,3006,FULFILLED,ARS,23520.0,4939.2,0.0,28459.2
8333,52,1050,2,4,4,,PAID,ARS,11970.0,2513.7,0.0,14483.7
8334,13,45,1,,1451,2595,FULFILLED,ARS,53310.0,11195.1,1200.0,65705.1
8335,529,335,2,4,4,1107,FULFILLED,ARS,12000.0,2520.0,0.0,14520.0
8336,313,189,1,,1909,542,FULFILLED,ARS,22800.0,4788.0,0.0,27588.0
8337,204,14,1,,136,287,FULFILLED,ARS,55200.0,11592.0,900.0,67692.0
8338,48,1375,1,,2693,,FULFILLED,ARS,16170.0,3395.7,1200.0,20765.7
8339,75,534,1,,2129,,FULFILLED,ARS,25872.0,5433.12,1200.0,32505.12
8340,143,28,1,,2498,2620,PAID,ARS,11760.0,2469.6,1200.0,15429.6
8341,502,819,1,,489,1805,FULFILLED,ARS,51840.0,10886.4,900.0,63626.4
8342,600,7,2,3,3,2153,FULFILLED,ARS,38808.0,8149.68,0.0,46957.68
8343,575,450,1,,806,,FULFILLED,ARS,24000.0,5040.0,1200.0,30240.0
8344,293,739,2,1,1,697,FULFILLED,ARS,14700.0,3087.0,0.0,17787.0
8345,120,1078,1,,1056,519,PAID,ARS,35280.0,7408.8,1200.0,43888.8
8346,434,1342,2,2,2,1991,PAID,ARS,61275.0,12867.75,0.0,74142.75
8347,20,971,1,,466,1097,FULFILLED,ARS,71280.0,14968.8,0.0,86248.8
8348,439,526,2,1,1,,PAID,ARS,35640.0,7484.4,0.0,43124.4
8349,318,248,1,,3108,2738,FULFILLED,ARS,67500.0,14175.0,1500.0,83175.0
8350,391,1045,1,,1592,2096,FULFILLED,ARS,10800.0,2268.0,900.0,13968.0
8351,395,1257,1,,2806,3032,FULFILLED,ARS,62475.0,13119.75,1200.0,76794.75
8352,449,586,1,,2040,1719,FULFILLED,ARS,65400.0,13734.0,900.0,80034.0
8353,348,1101,2,4,4,2727,PAID,ARS,10800.0,2268.0,0.0,13068.0
8354,274,136,1,,1689,,FULFILLED,ARS,29160.0,6123.6,900.0,36183.6
8355,59,426,1,,2274,2050,FULFILLED,ARS,37620.0,7900.2,900.0,46420.2
8356,55,807,2,3,3,1523,FULFILLED,ARS,34020.0,7144.2,0.0,41164.2
8357,396,821,1,,852,893,FULFILLED,ARS,28035.0,5887.35,900.0,34822.35
8358,395,205,2,3,3,3129,FULFILLED,ARS,23940.0,5027.4,0.0,28967.4
8359,455,806,2,4,4,3034,FULFILLED,ARS,32400.0,6804.0,0.0,39204.0
8360,474,1295,1,,232,2374,FULFILLED,ARS,28686.0,6024.06,900.0,35610.06
8361,140,924,1,,1893,964,PAID,ARS,11400.0,2394.0,1500.0,15294.0
8362,470,1359,2,3,3,417,PAID,ARS,23100.0,4851.0,0.0,27951.0
8363,567,901,2,4,4,32,PAID,ARS,14700.0,3087.0,0.0,17787.0
8364,434,1060,1,,1292,526,FULFILLED,ARS,46650.0,9796.5,1200.0,57646.5
8365,165,138,2,1,1,2921,FULFILLED,ARS,60750.0,12757.5,0.0,73507.5
8366,308,1346,2,4,4,419,CANCELLED,ARS,36696.0,7706.16,0.0,44402.16
8367,400,1142,1,,2094,1659,FULFILLED,ARS,12000.0,2520.0,900.0,15420.0
8368,426,499,1,,1976,2060,FULFILLED,ARS,34200.0,7182.0,1200.0,42582.0
8369,144,1313,2,1,1,1260,FULFILLED,ARS,27000.0,5670.0,0.0,32670.0
8370,608,1295,2,4,4,2454,FULFILLED,ARS,84510.0,17747.1,0.0,102257.1
8371,307,703,1,,3102,2454,FULFILLED,ARS,32340.0,6791.4,1200.0,40331.4
8372,159,302,2,4,4,2857,FULFILLED,ARS,44100.0,9261.0,0.0,53361.0
8373,516,381,2,1,1,1556,FULFILLED,ARS,33000.0,6930.0,0.0,39930.0
8374,14,501,1,,2771,2746,FULFILLED,ARS,23520.0,4939.2,0.0,28459.2
8375,555,280,2,2,2,552,FULFILLED,ARS,32400.0,6804.0,0.0,39204.0
8376,49,189,2,3,3,642,FULFILLED,ARS,53550.0,11245.5,0.0,64795.5
8377,222,1301,1,,1846,1770,PAID,ARS,24000.0,5040.0,1200.0,30240.0
8378,417,889,1,,185,3041,FULFILLED,ARS,12000.0,2520.0,0.0,14520.0
8379,314,1102,1,,2752,39,PAID,ARS,57372.0,12048.12,1500.0,70920.12
8380,500,1378,2,1,1,115,FULFILLED,ARS,34800.0,7308.0,0.0,42108.0
8381,171,78,2,4,4,,FULFILLED,ARS,50220.0,10546.2,0.0,60766.2
8382,468,452,1,,70,2357,FULFILLED,ARS,34200.0,7182.0,900.0,42282.0
8383,189,1229,1,,78,146,CANCELLED,ARS,13200.0,2772.0,1200.0,17172.0
8384,522,1124,2,1,1,3075,FULFILLED,ARS,22800.0,4788.0,0.0,27588.0
8385,200,450,1,,593,238,FULFILLED,ARS,66900.0,14049.0,1200.0,82149.0
8386,22,877,1,,1607,2176,CANCELLED,ARS,13500.0,2835.0,1200.0,17535.0
8387,611,1409,2,1,1,1620,CANCELLED,ARS,10800.0,2268.0,0.0,13068.0
8388,82,113,2,1,1,2728,FULFILLED,ARS,20520.0,4309.2,0.0,24829.2
8389,358,1393,2,1,1,611,FULFILLED,ARS,11400.0,2394.0,0.0,13794.0
8390,367,1185,2,2,2,1731,FULFILLED,ARS,44100.0,9261.0,0.0,53361.0
8391,627,672,2,3,3,1793,FULFILLED,ARS,44100.0,9261.0,0.0,53361.0
8392,157,1313,1,,1573,1339,PAID,ARS,32340.0,6791.4,0.0,39131.4
8393,375,311,1,,2510,645,PAID,ARS,54000.0,11340.0,1200.0,66540.0
8394,335,1221,1,,2409,2584,FULFILLED,ARS,14700.0,3087.0,1200.0,18987.0
8395,498,954,1,,172,,CANCELLED,ARS,27075.0,5685.75,1200.0,33960.75
8396,180,647,1,,1584,1230,FULFILLED,ARS,57000.0,11970.0,0.0,68970.0
8397,150,1259,1,,1820,806,PAID,ARS,14850.0,3118.5,900.0,18868.5
8398,394,950,1,,2030,1913,FULFILLED,ARS,14700.0,3087.0,900.0,18687.0
8399,634,1223,1,,2504,2330,FULFILLED,ARS,34200.0,7182.0,1200.0,42582.0
8400,637,811,1,,583,2247,FULFILLED,ARS,70080.0,14716.8,1200.0,85996.8
8401,246,1445,2,1,1,,CANCELLED,ARS,26460.0,5556.6,0.0,32016.6
8402,93,397,1,,168,1415,FULFILLED,ARS,64200.0,13482.0,1200.0,78882.0
8403,490,1339,1,,2340,2092,FULFILLED,ARS,12936.0,2716.56,1200.0,16852.56
8404,436,468,1,,2930,1481,PAID,ARS,39690.0,8334.9,0.0,48024.9
8405,351,140,2,2,2,1182,FULFILLED,ARS,21600.0,4536.0,0.0,26136.0
8406,519,1261,1,,2222,909,FULFILLED,ARS,29400.0,6174.0,900.0,36474.0
8407,22,1268,1,,319,2118,FULFILLED,ARS,32400.0,6804.0,1200.0,40404.0
8408,374,924,2,1,1,1518,FULFILLED,ARS,52650.0,11056.5,0.0,63706.5
8409,216,93,1,,2536,,FULFILLED,ARS,32400.0,6804.0,900.0,40104.0
8410,389,1264,1,,1676,2782,CANCELLED,ARS,19440.0,4082.4,1200.0,24722.4
8411,412,1256,1,,2604,873,FULFILLED,ARS,62325.0,13088.25,1200.0,76613.25
8412,561,686,1,,1222,1400,FULFILLED,ARS,13500.0,2835.0,1200.0,17535.0
8413,118,1359,1,,2445,2427,PAID,ARS,22800.0,4788.0,1500.0,29088.0
8414,500,1199,2,1,1,713,PAID,ARS,22800.0,4788.0,0.0,27588.0
8415,80,260,2,1,1,1540,FULFILLED,ARS,24000.0,5040.0,0.0,29040.0
8416,481,210,1,,105,1751,FULFILLED,ARS,13230.0,2778.3,1500.0,17508.3
8417,311,155,1,,1089,345,FULFILLED,ARS,35280.0,7408.8,1200.0,43888.8
8418,16,695,1,,2530,2726,PAID,ARS,51000.0,10710.0,1200.0,62910.0
8419,310,81,1,,2525,543,FULFILLED,ARS,47250.0,9922.5,900.0,58072.5
8420,231,819,1,,3007,1694,CANCELLED,ARS,37800.0,7938.0,0.0,45738.0
8421,338,450,1,,757,876,PAID,ARS,44100.0,9261.0,1500.0,54861.0
8422,529,1338,2,2,2,1025,PAID,ARS,44100.0,9261.0,0.0,53361.0
8423,179,488,2,4,4,1590,PAID,ARS,26400.0,5544.0,0.0,31944.0
8424,477,367,1,,2065,2203,PAID,ARS,26220.0,5506.2,1500.0,33226.2
8425,257,212,1,,674,2321,FULFILLED,ARS,34200.0,7182.0,0.0,41382.0
8426,421,516,2,1,1,2882,FULFILLED,ARS,50242.5,10550.92,0.0,60793.42
8427,376,128,1,,1649,2555,CANCELLED,ARS,28350.0,5953.5,900.0,35203.5
8428,214,1279,2,4,4,2895,PAID,ARS,30780.0,6463.8,0.0,37243.8
8429,128,1377,1,,1962,1118,FULFILLED,ARS,23520.0,4939.2,1500.0,29959.2
8430,546,1323,1,,3122,2229,CANCELLED,ARS,26400.0,5544.0,1200.0,33144.0
8431,264,1272,2,1,1,66,REFUNDED,ARS,14250.0,2992.5,0.0,17242.5
8432,109,866,1,,1501,,FULFILLED,ARS,66060.0,13872.6,900.0,80832.6
8433,212,442,2,3,3,1402,FULFILLED,ARS,22680.0,4762.8,0.0,27442.8
8434,175,159,1,,2300,2972,FULFILLED,ARS,50700.0,10647.0,900.0,62247.0
8435,189,385,1,,55,1713,FULFILLED,ARS,89775.0,18852.75,900.0,109527.75
8436,49,739,2,1,1,1163,FULFILLED,ARS,28350.0,5953.5,0.0,34303.5
8437,536,351,1,,240,1203,CREATED,ARS,15000.0,3150.0,0.0,18150.0
8438,394,1181,1,,3140,2569,CREATED,ARS,77100.0,16191.0,1200.0,94491.0
8439,25,1392,1,,2146,763,FULFILLED,ARS,9720.0,2041.2,900.0,12661.2
8440,114,1169,2,4,4,2865,FULFILLED,ARS,67308.0,14134.68,0.0,81442.68
8441,441,220,1,,1100,2998,FULFILLED,ARS,11880.0,2494.8,1200.0,15574.8
8442,115,748,1,,81,1976,FULFILLED,ARS,12000.0,2520.0,900.0,15420.0
8443,425,321,2,4,4,1628,FULFILLED,ARS,32940.0,6917.4,0.0,39857.4
8444,477,707,2,1,1,2058,FULFILLED,ARS,21600.0,4536.0,0.0,26136.0
8445,589,1185,2,1,1,1301,PAID,ARS,27000.0,5670.0,0.0,32670.0
8446,116,369,2,2,2,1691,FULFILLED,ARS,39690.0,8334.9,0.0,48024.9
8447,470,685,2,2,2,647,FULFILLED,ARS,24000.0,5040.0,0.0,29040.0
8448,199,1244,1,,747,3045,PAID,ARS,67620.0,14200.2,1200.0,83020.2
8449,84,1082,1,,1355,,FULFILLED,ARS,76500.0,16065.0,0.0,92565.0
8450,586,764,2,4,4,1131,FULFILLED,ARS,23520.0,4939.2,0.0,28459.2
8451,180,1449,2,1,1,29,FULFILLED,ARS,23520.0,4939.2,0.0,28459.2
8452,529,670,1,,1920,2427,CANCELLED,ARS,43200.0,9072.0,1200.0,53472.0
8453,43,401,1,,218,,FULFILLED,ARS,40500.0,8505.0,1200.0,50205.0
8454,170,524,1,,3030,2886,PAID,ARS,11400.0,2394.0,1500.0,15294.0
8455,601,676,1,,1388,2859,FULFILLED,ARS,11760.0,2469.6,900.0,15129.6
8456,282,1416,1,,1145,1400,FULFILLED,ARS,28500.0,5985.0,1200.0,35685.0
8457,222,425,1,,1145,1202,FULFILLED,ARS,42930.0,9015.3,1200.0,53145.3
8458,155,1175,1,,1196,1397,PAID,ARS,30000.0,6300.0,0.0,36300.0
8459,35,59,2,3,3,1285,FULFILLED,ARS,37230.0,7818.3,0.0,45048.3
8460,84,1013,1,,360,1558,REFUNDED,ARS,12825.0,2693.25,0.0,15518.25
8461,46,1252,1,,587,975,FULFILLED,ARS,47970.0,10073.7,0.0,58043.7
8462,452,499,1,,600,2806,FULFILLED,ARS,71280.0,14968.8,900.0,87148.8
8463,376,72,1,,1734,,FULFILLED,ARS,26436.0,5551.56,0.0,31987.56
8464,2,1342,1,,2335,969,PAID,ARS,28350.0,5953.5,1200.0,35503.5
8465,241,362,1,,1568,2627,REFUNDED,ARS,36000.0,7560.0,1200.0,44760.0
8466,587,345,1,,2226,1083,FULFILLED,ARS,14962.5,3142.12,1200.0,19304.62
8467,73,286,2,4,4,2225,FULFILLED,ARS,27930.0,5865.3,0.0,33795.3
8468,175,331,2,1,1,1304,FULFILLED,ARS,28500.0,5985.0,0.0,34485.0
8469,299,1145,2,2,2,2020,FULFILLED,ARS,12000.0,2520.0,0.0,14520.0
8470,213,760,1,,248,93,FULFILLED,ARS,57264.0,12025.44,1200.0,70489.44
8471,565,213,1,,654,1433,PAID,ARS,34200.0,7182.0,1500.0,42882.0
8472,197,843,2,2,2,449,PAID,ARS,30780.0,6463.8,0.0,37243.8
8473,158,172,1,,1749,669,FULFILLED,ARS,11400.0,2394.0,900.0,14694.0
8474,308,1318,2,1,1,,PAID,ARS,29700.0,6237.0,0.0,35937.0
8475,542,764,2,3,3,562,PAID,ARS,22800.0,4788.0,0.0,27588.0
8476,494,953,1,,1474,494,PAID,ARS,35280.0,7408.8,900.0,43588.8
8477,399,525,1,,593,565,FULFILLED,ARS,38160.0,8013.6,900.0,47073.6
8478,587,1498,1,,2988,1465,PAID,ARS,75510.0,15857.1,1200.0,92567.1
8479,291,350,2,2,2,,FULFILLED,ARS,28500.0,5985.0,0.0,34485.0
8480,387,66,1,,2237,690,PAID,ARS,62625.0,13151.25,0.0,75776.25
8481,285,1324,1,,191,3161,FULFILLED,ARS,24000.0,5040.0,1200.0,30240.0
8482,230,1338,1,,2303,1234,FULFILLED,ARS,27000.0,5670.0,0.0,32670.0
8483,344,292,1,,2306,2389,PAID,ARS,29400.0,6174.0,1200.0,36774.0
8484,401,1377,1,,1901,2183,FULFILLED,ARS,55800.0,11718.0,0.0,67518.0
8485,249,3,2,3,3,1949,FULFILLED,ARS,29400.0,6174.0,0.0,35574.0
8486,379,748,1,,2571,1660,FULFILLED,ARS,47280.0,9928.8,1200.0,58408.8
8487,446,682,1,,1843,1854,FULFILLED,ARS,13230.0,2778.3,1200.0,17208.3
8488,182,1247,1,,1600,872,CREATED,ARS,55800.0,11718.0,900.0,68418.0
8489,16,738,1,,885,2985,FULFILLED,ARS,35280.0,7408.8,1200.0,43888.8
8490,527,724,2,4,4,362,FULFILLED,ARS,34200.0,7182.0,0.0,41382.0
8491,61,10,2,2,2,666,FULFILLED,ARS,45000.0,9450.0,0.0,54450.0
8492,401,1259,2,2,2,1565,FULFILLED,ARS,86820.0,18232.2,0.0,105052.2
8493,77,900,2,1,1,3030,FULFILLED,ARS,15000.0,3150.0,0.0,18150.0
8494,408,643,1,,118,2819,FULFILLED,ARS,61200.0,12852.0,900.0,74952.0
8495,205,497,2,4,4,1247,FULFILLED,ARS,76440.0,16052.4,0.0,92492.4
8496,565,1406,2,1,1,3009,FULFILLED,ARS,13500.0,2835.0,0.0,16335.0
8497,387,904,2,2,2,3108,REFUNDED,ARS,49224.0,10337.04,0.0,59561.04
8498,173,1224,1,,2372,2497,FULFILLED,ARS,67800.0,14238.0,0.0,82038.0
8499,318,163,2,3,3,,FULFILLED,ARS,13230.0,2778.3,0.0,16008.3
8500,321,969,1,,1570,1034,FULFILLED,ARS,32400.0,6804.0,0.0,39204.0
8501,463,711,1,,2146,1497,FULFILLED,ARS,62280.0,13078.8,900.0,76258.8
8502,564,933,1,,1565,2871,PAID,ARS,42750.0,8977.5,900.0,52627.5
8503,345,1100,1,,2958,1450,REFUNDED,ARS,15675.0,3291.75,1200.0,20166.75
8504,313,191,1,,3148,1883,REFUNDED,ARS,21168.0,4445.28,1200.0,26813.28
8505,495,956,2,4,4,3120,FULFILLED,ARS,25650.0,5386.5,0.0,31036.5
8506,452,591,2,2,2,2086,FULFILLED,ARS,38760.0,8139.6,0.0,46899.6
8507,292,955,2,1,1,2328,PAID,ARS,21600.0,4536.0,0.0,26136.0
8508,146,745,1,,44,89,FULFILLED,ARS,48825.0,10253.25,1200.0,60278.25
8509,549,1141,1,,2819,1368,FULFILLED,ARS,11760.0,2469.6,1200.0,15429.6
8510,594,913,1,,1462,884,FULFILLED,ARS,11400.0,2394.0,900.0,14694.0
8511,444,598,2,2,2,2867,FULFILLED,ARS,37044.0,7779.24,0.0,44823.24
8512,282,1313,1,,2435,383,FULFILLED,ARS,59310.0,12455.1,900.0,72665.1
8513,131,1464,1,,1489,2031,FULFILLED,ARS,11880.0,2494.8,1500.0,15874.8
8514,254,856,1,,1008,2346,FULFILLED,ARS,24300.0,5103.0,1200.0,30603.0
8515,422,1495,1,,1376,682,FULFILLED,ARS,27000.0,5670.0,1200.0,33870.0
8516,487,1080,1,,1777,2722,FULFILLED,ARS,53520.0,11239.2,1200.0,65959.2
8517,607,785,1,,39,190,FULFILLED,ARS,27000.0,5670.0,0.0,32670.0
8518,58,952,1,,2501,691,FULFILLED,ARS,21600.0,4536.0,900.0,27036.0
8519,550,193,1,,1186,1286,FULFILLED,ARS,34200.0,7182.0,1200.0,42582.0
8520,284,907,1,,2448,1538,FULFILLED,ARS,11400.0,2394.0,1500.0,15294.0
8521,385,729,2,2,2,2333,FULFILLED,ARS,40500.0,8505.0,0.0,49005.0
8522,389,747,1,,957,168,CANCELLED,ARS,25200.0,5292.0,1200.0,31692.0
8523,111,575,1,,2300,1748,PAID,ARS,83700.0,17577.0,900.0,102177.0
8524,387,766,1,,317,533,FULFILLED,ARS,45000.0,9450.0,900.0,55350.0
8525,293,408,2,3,3,2667,FULFILLED,ARS,40260.0,8454.6,0.0,48714.6
8526,223,503,2,4,4,1064,FULFILLED,ARS,38550.0,8095.5,0.0,46645.5
8527,153,24,1,,220,2772,FULFILLED,ARS,25800.0,5418.0,900.0,32118.0
8528,223,634,1,,1039,297,FULFILLED,ARS,81000.0,17010.0,1500.0,99510.0
8529,355,1343,1,,2244,232,REFUNDED,ARS,28425.0,5969.25,900.0,35294.25
8530,286,380,2,4,4,1013,PAID,ARS,32400.0,6804.0,0.0,39204.0
8531,551,1379,1,,2733,1031,FULFILLED,ARS,60000.0,12600.0,1500.0,74100.0
8532,363,560,1,,2476,1108,FULFILLED,ARS,10800.0,2268.0,1200.0,14268.0
8533,67,828,1,,109,,CANCELLED,ARS,37050.0,7780.5,0.0,44830.5
8534,45,1369,1,,3118,2754,REFUNDED,ARS,12825.0,2693.25,900.0,16418.25
8535,639,1408,2,4,4,,CREATED,ARS,11760.0,2469.6,0.0,14229.6
8536,506,1017,1,,1632,1113,PAID,ARS,21600.0,4536.0,1200.0,27336.0
8537,563,546,2,3,3,1821,CANCELLED,ARS,97122.0,20395.62,0.0,117517.62
8538,335,1347,2,4,4,765,FULFILLED,ARS,30780.0,6463.8,0.0,37243.8
8539,133,998,1,,1014,406,FULFILLED,ARS,56400.0,11844.0,1200.0,69444.0
8540,255,1489,1,,74,1108,FULFILLED,ARS,63000.0,13230.0,900.0,77130.0
8541,232,19,1,,1795,2515,FULFILLED,ARS,21600.0,4536.0,900.0,27036.0
8542,153,1483,1,,918,311,FULFILLED,ARS,25650.0,5386.5,900.0,31936.5
8543,68,1399,1,,2553,965,FULFILLED,ARS,35496.0,7454.16,1200.0,44150.16
8544,349,161,1,,959,2881,PAID,ARS,32400.0,6804.0,900.0,40104.0
8545,222,337,2,4,4,2838,FULFILLED,ARS,35640.0,7484.4,0.0,43124.4
8546,94,1202,2,2,2,105,CANCELLED,ARS,42525.0,8930.25,0.0,51455.25
8547,396,850,1,,531,2221,FULFILLED,ARS,12600.0,2646.0,1500.0,16746.0
8548,119,114,1,,3023,1918,FULFILLED,ARS,60564.0,12718.44,900.0,74182.44
8549,186,1074,1,,634,898,FULFILLED,ARS,21600.0,4536.0,0.0,26136.0
8550,260,1013,1,,2088,902,CANCELLED,ARS,15000.0,3150.0,1200.0,19350.0
8551,182,1129,1,,2637,925,FULFILLED,ARS,25800.0,5418.0,1200.0,32418.0
8552,160,90,2,2,2,1490,FULFILLED,ARS,67260.0,14124.6,0.0,81384.6
8553,146,334,2,4,4,3052,FULFILLED,ARS,51300.0,10773.0,0.0,62073.0
8554,379,141,1,,182,2977,FULFILLED,ARS,22800.0,4788.0,1500.0,29088.0
8555,591,386,2,1,1,1263,FULFILLED,ARS,46680.0,9802.8,0.0,56482.8
8556,339,785,2,4,4,1960,FULFILLED,ARS,79590.0,16713.9,0.0,96303.9
8557,482,1249,1,,763,1710,FULFILLED,ARS,58800.0,12348.0,900.0,72048.0
8558,408,719,1,,1300,1021,CREATED,ARS,54780.0,11503.8,900.0,67183.8
8559,36,671,2,4,4,2207,FULFILLED,ARS,10800.0,2268.0,0.0,13068.0
8560,618,1238,1,,186,1167,FULFILLED,ARS,35280.0,7408.8,1200.0,43888.8
8561,343,687,2,4,4,416,FULFILLED,ARS,44100.0,9261.0,0.0,53361.0
8562,157,1421,2,4,4,2417,FULFILLED,ARS,36000.0,7560.0,0.0,43560.0
8563,614,420,1,,3079,3061,PAID,ARS,30000.0,6300.0,0.0,36300.0
8564,567,578,1,,2245,3013,FULFILLED,ARS,11400.0,2394.0,1500.0,15294.0
8565,132,1156,1,,1821,1774,FULFILLED,ARS,29400.0,6174.0,900.0,36474.0
8566,552,779,1,,3017,3201,FULFILLED,ARS,29160.0,6123.6,1200.0,36483.6
8567,272,838,2,2,2,435,FULFILLED,ARS,84795.0,17806.95,0.0,102601.95
8568,209,1124,2,1,1,1744,PAID,ARS,15000.0,3150.0,0.0,18150.0
8569,17,1062,2,4,4,647,FULFILLED,ARS,30000.0,6300.0,0.0,36300.0
8570,415,185,2,3,3,1184,FULFILLED,ARS,13500.0,2835.0,0.0,16335.0
8571,109,1248,1,,782,2126,FULFILLED,ARS,58590.0,12303.9,900.0,71793.9
8572,167,584,2,1,1,310,FULFILLED,ARS,40500.0,8505.0,0.0,49005.0
8573,457,1313,2,1,1,3148,FULFILLED,ARS,57270.0,12026.7,0.0,69296.7
8574,506,162,1,,297,190,PAID,ARS,11760.0,2469.6,1200.0,15429.6
8575,117,157,1,,2381,251,FULFILLED,ARS,26820.0,5632.2,1200.0,33652.2
8576,636,580,2,4,4,2545,FULFILLED,ARS,11400.0,2394.0,0.0,13794.0
8577,203,1044,2,4,4,1478,FULFILLED,ARS,45360.0,9525.6,0.0,54885.6
8578,526,1382,1,,1965,3052,PAID,ARS,15000.0,3150.0,900.0,19050.0
8579,349,1128,1,,1689,3068,FULFILLED,ARS,15000.0,3150.0,900.0,19050.0
8580,355,320,2,1,1,2119,CANCELLED,ARS,22800.0,4788.0,0.0,27588.0
8581,501,1099,1,,561,2765,FULFILLED,ARS,57000.0,11970.0,1200.0,70170.0
8582,482,798,1,,345,1356,PAID,ARS,11340.0,2381.4,0.0,13721.4
8583,7,1336,2,1,1,632,FULFILLED,ARS,43968.0,9233.28,0.0,53201.28
8584,167,374,1,,918,2847,FULFILLED,ARS,23760.0,4989.6,1500.0,30249.6
8585,6,1456,1,,90,2988,CANCELLED,ARS,36000.0,7560.0,900.0,44460.0
8586,145,1048,1,,1298,,CANCELLED,ARS,25200.0,5292.0,900.0,31392.0
8587,165,244,1,,796,1258,FULFILLED,ARS,27000.0,5670.0,1200.0,33870.0
8588,6,112,1,,1414,3040,FULFILLED,ARS,42750.0,8977.5,1500.0,53227.5
8589,2,574,1,,1923,2772,FULFILLED,ARS,71850.0,15088.5,900.0,87838.5
8590,501,22,1,,2595,1291,FULFILLED,ARS,11400.0,2394.0,900.0,14694.0
8591,16,313,1,,1898,,FULFILLED,ARS,28500.0,5985.0,900.0,35385.0
8592,329,238,1,,2672,2008,PAID,ARS,23520.0,4939.2,0.0,28459.2
8593,382,1080,2,2,2,1139,FULFILLED,ARS,29400.0,6174.0,0.0,35574.0
8594,519,116,1,,697,,FULFILLED,ARS,45000.0,9450.0,1500.0,55950.0
8595,439,838,1,,2192,20,CANCELLED,ARS,89100.0,18711.0,1200.0,109011.0
8596,638,653,1,,3119,136,CANCELLED,ARS,11400.0,2394.0,1200.0,14994.0
8597,383,110,1,,2567,,PAID,ARS,42525.0,8930.25,900.0,52355.25
8598,207,722,1,,2097,911,FULFILLED,ARS,37800.0,7938.0,1200.0,46938.0
8599,462,1305,1,,1598,2542,FULFILLED,ARS,42000.0,8820.0,900.0,51720.0
8600,581,153,1,,3065,851,FULFILLED,ARS,14700.0,3087.0,1200.0,18987.0
8601,317,259,2,4,4,,PAID,ARS,93600.0,19656.0,0.0,113256.0
8602,480,219,1,,764,1567,CANCELLED,ARS,34020.0,7144.2,900.0,42064.2
8603,548,1436,1,,60,542,PAID,ARS,42750.0,8977.5,900.0,52627.5
8604,551,112,1,,1261,278,FULFILLED,ARS,23520.0,4939.2,1200.0,29659.2
8605,550,1182,2,2,2,837,FULFILLED,ARS,13500.0,2835.0,0.0,16335.0
8606,595,97,1,,1618,3128,FULFILLED,ARS,11340.0,2381.4,1200.0,14921.4
8607,469,1200,1,,1098,1245,FULFILLED,ARS,51000.0,10710.0,1500.0,63210.0
8608,463,61,2,4,4,2277,FULFILLED,ARS,43500.0,9135.0,0.0,52635.0
8609,595,1387,2,4,4,2614,FULFILLED,ARS,35340.0,7421.4,0.0,42761.4
8610,501,1082,1,,1090,,FULFILLED,ARS,47250.0,9922.5,1200.0,58372.5
8611,210,385,2,1,1,2333,FULFILLED,ARS,43110.0,9053.1,0.0,52163.1
8612,471,243,1,,363,1991,FULFILLED,ARS,72252.0,15172.92,1200.0,88624.92
8613,8,584,2,1,1,1011,FULFILLED,ARS,13500.0,2835.0,0.0,16335.0
8614,32,392,1,,1224,1471,FULFILLED,ARS,14700.0,3087.0,1200.0,18987.0
8615,61,295,1,,1343,1619,FULFILLED,ARS,36450.0,7654.5,0.0,44104.5
8616,124,1313,1,,3078,1820,FULFILLED,ARS,34200.0,7182.0,1500.0,42882.0
8617,418,684,2,2,2,1117,FULFILLED,ARS,42750.0,8977.5,0.0,51727.5
8618,79,681,1,,73,2864,FULFILLED,ARS,10584.0,2222.64,1200.0,14006.64
8619,515,660,2,3,3,370,FULFILLED,ARS,45000.0,9450.0,0.0,54450.0
8620,477,657,1,,410,2585,FULFILLED,ARS,10584.0,2222.64,1200.0,14006.64
8621,42,926,1,,543,871,FULFILLED,ARS,12000.0,2520.0,1200.0,15720.0
8622,535,15,1,,495,2777,FULFILLED,ARS,36000.0,7560.0,1200.0,44760.0
8623,638,1400,2,4,4,75,CANCELLED,ARS,65808.0,13819.68,0.0,79627.68
8624,427,1205,1,,2520,402,FULFILLED,ARS,37500.0,7875.0,1200.0,46575.0
8625,162,724,1,,3070,360,FULFILLED,ARS,46575.0,9780.75,1200.0,57555.75
8626,558,157,1,,2839,1424,PAID,ARS,39600.0,8316.0,900.0,48816.0
8627,167,128,1,,1078,354,FULFILLED,ARS,76980.0,16165.8,1500.0,94645.8
8628,614,1419,2,3,3,,FULFILLED,ARS,12825.0,2693.25,0.0,15518.25
8629,544,1262,1,,367,631,CANCELLED,ARS,14250.0,2992.5,1200.0,18442.5
8630,90,1400,1,,2212,799,PAID,ARS,83580.0,17551.8,900.0,102031.8
8631,44,839,1,,1396,2588,PAID,ARS,21600.0,4536.0,0.0,26136.0
8632,462,943,2,3,3,2270,FULFILLED,ARS,31350.0,6583.5,0.0,37933.5
8633,56,621,2,4,4,2633,FULFILLED,ARS,12000.0,2520.0,0.0,14520.0
8634,387,291,1,,150,1078,FULFILLED,ARS,31350.0,6583.5,0.0,37933.5
8635,337,875,2,2,2,2069,CANCELLED,ARS,73080.0,15346.8,0.0,88426.8
8636,410,130,2,4,4,2138,FULFILLED,ARS,26460.0,5556.6,0.0,32016.6
8637,258,610,2,2,2,1194,FULFILLED,ARS,35280.0,7408.8,0.0,42688.8
8638,355,484,1,,2994,359,REFUNDED,ARS,36000.0,7560.0,900.0,44460.0
8639,523,936,1,,3018,1074,CREATED,ARS,53550.0,11245.5,0.0,64795.5
8640,527,459,1,,1641,2293,FULFILLED,ARS,82890.0,17406.9,900.0,101196.9
8641,537,1438,1,,2056,748,FULFILLED,ARS,40500.0,8505.0,900.0,49905.0
8642,289,1205,2,1,1,1965,PAID,ARS,38475.0,8079.75,0.0,46554.75
8643,435,904,1,,2400,2648,FULFILLED,ARS,37800.0,7938.0,1200.0,46938.0
8644,86,427,1,,639,588,CANCELLED,ARS,26722.5,5611.72,900.0,33234.22
8645,355,212,1,,596,316,FULFILLED,ARS,40380.0,8479.8,1200.0,50059.8
8646,604,1414,1,,1378,1583,FULFILLED,ARS,13500.0,2835.0,900.0,17235.0
8647,376,1441,2,4,4,957,FULFILLED,ARS,22800.0,4788.0,0.0,27588.0
8648,28,587,1,,200,1374,FULFILLED,ARS,35280.0,7408.8,1200.0,43888.8
8649,443,1027,1,,1860,948,FULFILLED,ARS,12150.0,2551.5,1200.0,15901.5
8650,500,1446,2,1,1,,FULFILLED,ARS,20520.0,4309.2,0.0,24829.2
8651,149,730,1,,1730,2915,FULFILLED,ARS,107130.0,22497.3,1500.0,131127.3
8652,37,483,1,,2875,1740,PAID,ARS,11760.0,2469.6,900.0,15129.6
8653,217,1404,1,,1410,1291,FULFILLED,ARS,54000.0,11340.0,1200.0,66540.0
8654,164,1451,1,,2659,2735,FULFILLED,ARS,12000.0,2520.0,1200.0,15720.0
8655,88,230,1,,1566,367,REFUNDED,ARS,26460.0,5556.6,900.0,32916.6
8656,108,191,1,,1363,412,PAID,ARS,15000.0,3150.0,0.0,18150.0
8657,172,1221,1,,2852,1019,FULFILLED,ARS,57600.0,12096.0,900.0,70596.0
8658,274,248,2,1,1,2820,FULFILLED,ARS,14700.0,3087.0,0.0,17787.0
8659,364,2,2,1,1,,REFUNDED,ARS,23520.0,4939.2,0.0,28459.2
8660,60,1419,1,,2852,,FULFILLED,ARS,14250.0,2992.5,0.0,17242.5
8661,413,237,1,,1981,2745,FULFILLED,ARS,36000.0,7560.0,1200.0,44760.0
8662,139,1187,1,,1277,1557,FULFILLED,ARS,81000.0,17010.0,1500.0,99510.0
8663,234,380,2,3,3,,FULFILLED,ARS,59520.0,12499.2,0.0,72019.2
8664,446,879,2,3,3,3057,FULFILLED,ARS,37050.0,7780.5,0.0,44830.5
8665,131,422,1,,1082,708,FULFILLED,ARS,11880.0,2494.8,900.0,15274.8
8666,354,888,2,2,2,2875,CANCELLED,ARS,93825.0,19703.25,0.0,113528.25
8667,234,117,2,1,1,1273,FULFILLED,ARS,11760.0,2469.6,0.0,14229.6
8668,531,483,2,2,2,454,FULFILLED,ARS,35280.0,7408.8,0.0,42688.8
8669,199,846,2,4,4,2787,REFUNDED,ARS,19440.0,4082.4,0.0,23522.4
8670,245,1311,2,2,2,2320,FULFILLED,ARS,12000.0,2520.0,0.0,14520.0
8671,590,637,2,2,2,2062,FULFILLED,ARS,42750.0,8977.5,0.0,51727.5
8672,313,1392,2,1,1,1626,FULFILLED,ARS,11760.0,2469.6,0.0,14229.6
8673,127,587,2,3,3,2197,FULFILLED,ARS,57600.0,12096.0,0.0,69696.0
8674,528,1457,2,4,4,1965,PAID,ARS,34200.0,7182.0,0.0,41382.0
8675,266,290,1,,3087,1637,PAID,ARS,29925.0,6284.25,900.0,37109.25
8676,463,1198,1,,3068,2875,FULFILLED,ARS,37620.0,7900.2,1500.0,47020.2
8677,391,708,2,1,1,2941,FULFILLED,ARS,15000.0,3150.0,0.0,18150.0
8678,43,618,1,,2748,941,FULFILLED,ARS,48510.0,10187.1,900.0,59597.1
8679,520,426,1,,1493,1926,FULFILLED,ARS,10800.0,2268.0,1200.0,14268.0
8680,165,69,1,,2095,2643,FULFILLED,ARS,23520.0,4939.2,0.0,28459.2
8681,177,284,1,,914,783,FULFILLED,ARS,36000.0,7560.0,1200.0,44760.0
8682,209,576,1,,2489,2081,FULFILLED,ARS,42750.0,8977.5,1200.0,52927.5
8683,184,689,1,,446,499,FULFILLED,ARS,37044.0,7779.24,900.0,45723.24
8684,340,166,1,,1632,2179,FULFILLED,ARS,53850.0,11308.5,900.0,66058.5
8685,521,1060,1,,1453,544,FULFILLED,ARS,74430.0,15630.3,900.0,90960.3
8686,474,484,1,,1911,1992,PAID,ARS,44100.0,9261.0,900.0,54261.0
8687,389,645,2,3,3,,PAID,ARS,12600.0,2646.0,0.0,15246.0
8688,243,964,1,,644,1083,CANCELLED,ARS,87637.5,18403.88,900.0,106941.38
8689,221,1009,1,,1687,1924,FULFILLED,ARS,30000.0,6300.0,0.0,36300.0
8690,192,322,2,4,4,2,FULFILLED,ARS,23520.0,4939.2,0.0,28459.2
8691,180,849,2,2,2,50,FULFILLED,ARS,44550.0,9355.5,0.0,53905.5
8692,6,1311,1,,550,1374,REFUNDED,ARS,24696.0,5186.16,1200.0,31082.16
8693,296,257,1,,603,,CREATED,ARS,27000.0,5670.0,900.0,33570.0
8694,392,1288,2,1,1,773,PAID,ARS,64500.0,13545.0,0.0,78045.0
8695,136,1063,1,,2166,605,FULFILLED,ARS,28350.0,5953.5,900.0,35203.5
8696,560,394,2,4,4,2124,FULFILLED,ARS,34200.0,7182.0,0.0,41382.0
8697,22,1350,1,,1010,1206,FULFILLED,ARS,19440.0,4082.4,900.0,24422.4
8698,35,182,1,,2175,,PAID,ARS,39000.0,8190.0,1500.0,48690.0
8699,56,520,2,4,4,1035,FULFILLED,ARS,21600.0,4536.0,0.0,26136.0
8700,475,417,2,3,3,1673,FULFILLED,ARS,44887.5,9426.38,0.0,54313.88
8701,504,1429,1,,24,519,PAID,ARS,42750.0,8977.5,1500.0,53227.5
8702,320,860,1,,1620,62,FULFILLED,ARS,22800.0,4788.0,1200.0,28788.0
8703,61,780,1,,2726,2739,FULFILLED,ARS,67500.0,14175.0,1200.0,82875.0
8704,34,365,1,,3023,2278,CANCELLED,ARS,40110.0,8423.1,900.0,49433.1
8705,405,726,1,,2330,2010,FULFILLED,ARS,11400.0,2394.0,900.0,14694.0
8706,341,405,2,2,2,2394,FULFILLED,ARS,10800.0,2268.0,0.0,13068.0
8707,58,135,1,,2432,357,FULFILLED,ARS,12348.0,2593.08,1200.0,16141.08
8708,528,342,1,,522,2617,FULFILLED,ARS,35910.0,7541.1,900.0,44351.1
8709,521,56,2,3,3,1271,FULFILLED,ARS,50520.0,10609.2,0.0,61129.2
8710,523,679,1,,2367,,FULFILLED,ARS,20520.0,4309.2,0.0,24829.2
8711,613,441,1,,2303,1301,FULFILLED,ARS,40500.0,8505.0,0.0,49005.0
8712,310,546,1,,89,407,FULFILLED,ARS,34020.0,7144.2,0.0,41164.2
8713,500,453,2,4,4,,FULFILLED,ARS,46296.0,9722.16,0.0,56018.16
8714,180,818,1,,711,1674,FULFILLED,ARS,44100.0,9261.0,1200.0,54561.0
8715,463,1479,1,,2198,1853,FULFILLED,ARS,15000.0,3150.0,900.0,19050.0
8716,431,63,2,2,2,3001,CANCELLED,ARS,43575.0,9150.75,0.0,52725.75
8717,239,963,2,1,1,963,PAID,ARS,30870.0,6482.7,0.0,37352.7
8718,566,1465,1,,1241,,FULFILLED,ARS,10800.0,2268.0,1200.0,14268.0
8719,154,1293,1,,721,3088,FULFILLED,ARS,38475.0,8079.75,900.0,47454.75
8720,28,1464,1,,1658,2190,FULFILLED,ARS,39600.0,8316.0,900.0,48816.0
8721,189,986,2,3,3,1517,FULFILLED,ARS,59100.0,12411.0,0.0,71511.0
8722,521,593,2,1,1,3202,FULFILLED,ARS,27000.0,5670.0,0.0,32670.0
8723,413,1014,2,2,2,2038,FULFILLED,ARS,10260.0,2154.6,0.0,12414.6
8724,495,514,2,3,3,2421,PAID,ARS,45000.0,9450.0,0.0,54450.0
8725,204,1094,2,1,1,357,FULFILLED,ARS,34080.0,7156.8,0.0,41236.8
8726,97,1251,1,,821,1708,PAID,ARS,13500.0,2835.0,900.0,17235.0
8727,500,305,2,3,3,684,FULFILLED,ARS,35670.0,7490.7,0.0,43160.7
8728,420,123,1,,229,540,FULFILLED,ARS,25500.0,5355.0,900.0,31755.0
8729,289,1216,1,,3152,587,FULFILLED,ARS,21600.0,4536.0,1200.0,27336.0
8730,621,1117,1,,2702,,FULFILLED,ARS,11400.0,2394.0,1200.0,14994.0
8731,529,391,2,1,1,2307,PAID,ARS,47040.0,9878.4,0.0,56918.4
8732,236,475,2,3,3,2952,FULFILLED,ARS,27000.0,5670.0,0.0,32670.0
8733,377,1090,2,1,1,3202,FULFILLED,ARS,26460.0,5556.6,0.0,32016.6
8734,283,196,2,1,1,2782,FULFILLED,ARS,64800.0,13608.0,0.0,78408.0
8735,484,1111,2,3,3,762,FULFILLED,ARS,11760.0,2469.6,0.0,14229.6
8736,256,781,2,2,2,2335,FULFILLED,ARS,36450.0,7654.5,0.0,44104.5
8737,2,719,1,,2092,3001,FULFILLED,ARS,10800.0,2268.0,1200.0,14268.0
8738,636,825,1,,1163,3027,FULFILLED,ARS,27150.0,5701.5,1500.0,34351.5
8739,93,1483,1,,990,1623,PAID,ARS,44100.0,9261.0,1200.0,54561.0
8740,540,1489,1,,1383,,FULFILLED,ARS,31500.0,6615.0,1200.0,39315.0
8741,503,118,1,,2268,,FULFILLED,ARS,45000.0,9450.0,1200.0,55650.0
8742,321,524,2,4,4,2812,CANCELLED,ARS,10800.0,2268.0,0.0,13068.0
8743,562,599,2,4,4,1283,FULFILLED,ARS,27000.0,5670.0,0.0,32670.0
8744,435,1433,1,,2676,,CANCELLED,ARS,53760.0,11289.6,900.0,65949.6
8745,476,1128,1,,2781,971,FULFILLED,ARS,19440.0,4082.4,900.0,24422.4
8746,431,319,2,3,3,1168,FULFILLED,ARS,32400.0,6804.0,0.0,39204.0
8747,74,1148,1,,2301,2029,FULFILLED,ARS,38475.0,8079.75,1200.0,47754.75
8748,582,1468,1,,2006,860,CANCELLED,ARS,21600.0,4536.0,0.0,26136.0
8749,200,667,2,3,3,3202,FULFILLED,ARS,16170.0,3395.7,0.0,19565.7
8750,135,932,1,,2001,239,FULFILLED,ARS,32400.0,6804.0,900.0,40104.0
8751,140,1054,2,2,2,2708,PAID,ARS,11400.0,2394.0,0.0,13794.0
8752,331,346,1,,3014,1617,FULFILLED,ARS,15000.0,3150.0,900.0,19050.0
8753,222,1004,1,,1955,,FULFILLED,ARS,15750.0,3307.5,1200.0,20257.5
8754,270,272,1,,470,2066,FULFILLED,ARS,21168.0,4445.28,900.0,26513.28
8755,247,1201,2,3,3,3184,PAID,ARS,65550.0,13765.5,0.0,79315.5
8756,604,141,1,,3165,2027,CREATED,ARS,50400.0,10584.0,900.0,61884.0
8757,91,1336,1,,962,1130,FULFILLED,ARS,11760.0,2469.6,900.0,15129.6
8758,215,1346,1,,339,1843,PAID,ARS,22800.0,4788.0,1200.0,28788.0
8759,82,159,1,,3021,481,FULFILLED,ARS,94860.0,19920.6,900.0,115680.6
8760,472,589,2,3,3,2963,FULFILLED,ARS,75870.0,15932.7,0.0,91802.7
8761,529,1371,2,2,2,1011,FULFILLED,ARS,43200.0,9072.0,0.0,52272.0
8762,341,43,2,1,1,,CANCELLED,ARS,13500.0,2835.0,0.0,16335.0
8763,237,877,1,,2889,2840,FULFILLED,ARS,34020.0,7144.2,1200.0,42364.2
8764,499,479,1,,2885,2080,FULFILLED,ARS,19440.0,4082.4,900.0,24422.4
8765,195,891,2,1,1,421,CREATED,ARS,13500.0,2835.0,0.0,16335.0
8766,226,1172,1,,1195,379,REFUNDED,ARS,21600.0,4536.0,1200.0,27336.0
8767,147,1142,1,,2905,3004,PAID,ARS,30000.0,6300.0,900.0,37200.0
8768,473,187,1,,1732,1930,FULFILLED,ARS,45000.0,9450.0,900.0,55350.0
8769,117,1384,2,2,2,647,FULFILLED,ARS,32400.0,6804.0,0.0,39204.0
8770,83,289,2,3,3,,FULFILLED,ARS,85065.0,17863.65,0.0,102928.65
8771,42,174,2,1,1,2336,FULFILLED,ARS,29550.0,6205.5,0.0,35755.5
8772,493,920,1,,2103,1970,FULFILLED,ARS,26460.0,5556.6,1500.0,33516.6
8773,143,1120,1,,550,167,FULFILLED,ARS,14250.0,2992.5,1500.0,18742.5
8774,251,1048,1,,1733,2793,FULFILLED,ARS,22800.0,4788.0,1500.0,29088.0
8775,301,653,1,,586,1004,FULFILLED,ARS,48000.0,10080.0,0.0,58080.0
8776,84,1090,1,,11,769,FULFILLED,ARS,35280.0,7408.8,900.0,43588.8
8777,91,192,1,,553,1690,FULFILLED,ARS,32400.0,6804.0,1200.0,40404.0
8778,142,684,2,3,3,45,FULFILLED,ARS,54390.0,11421.9,0.0,65811.9
8779,171,1441,1,,111,3047,FULFILLED,ARS,47250.0,9922.5,0.0,57172.5
8780,288,467,1,,2108,1171,FULFILLED,ARS,21168.0,4445.28,1200.0,26813.28
8781,541,754,1,,577,3180,CREATED,ARS,39690.0,8334.9,900.0,48924.9
8782,62,1057,2,2,2,,PAID,ARS,42750.0,8977.5,0.0,51727.5
8783,368,100,2,1,1,438,FULFILLED,ARS,35280.0,7408.8,0.0,42688.8
8784,250,1139,1,,2198,2280,FULFILLED,ARS,58500.0,12285.0,0.0,70785.0
8785,291,1419,1,,2754,2057,FULFILLED,ARS,11760.0,2469.6,1200.0,15429.6
8786,602,686,1,,30,389,FULFILLED,ARS,51000.0,10710.0,1200.0,62910.0
8787,393,49,2,1,1,1796,FULFILLED,ARS,40200.0,8442.0,0.0,48642.0
8788,499,219,2,2,2,2306,PAID,ARS,23520.0,4939.2,0.0,28459.2
8789,306,652,2,3,3,108,FULFILLED,ARS,21600.0,4536.0,0.0,26136.0
8790,311,1431,2,3,3,2785,PAID,ARS,9720.0,2041.2,0.0,11761.2
8791,425,1423,1,,1063,667,FULFILLED,ARS,34200.0,7182.0,1200.0,42582.0
8792,406,208,2,4,4,667,CANCELLED,ARS,12000.0,2520.0,0.0,14520.0
8793,141,695,1,,1762,923,FULFILLED,ARS,38190.0,8019.9,900.0,47109.9
8794,93,1128,2,4,4,415,FULFILLED,ARS,34020.0,7144.2,0.0,41164.2
8795,415,838,1,,783,477,PAID,ARS,13500.0,2835.0,1200.0,17535.0
8796,343,72,2,4,4,,FULFILLED,ARS,73237.5,15379.88,0.0,88617.38
8797,482,765,1,,280,2892,FULFILLED,ARS,64800.0,13608.0,900.0,79308.0
8798,305,565,2,4,4,2611,FULFILLED,ARS,15435.0,3241.35,0.0,18676.35
8799,211,107,1,,2999,42,PAID,ARS,22800.0,4788.0,900.0,28488.0
8800,270,1248,1,,2825,3078,FULFILLED,ARS,61800.0,12978.0,900.0,75678.0
8801,474,1296,1,,1818,,PAID,ARS,31350.0,6583.5,1200.0,39133.5
8802,75,397,1,,518,1534,FULFILLED,ARS,58950.0,12379.5,1200.0,72529.5
8803,255,1434,1,,1880,1085,FULFILLED,ARS,22680.0,4762.8,900.0,28342.8
8804,15,394,1,,1462,2394,FULFILLED,ARS,13500.0,2835.0,900.0,17235.0
8805,312,213,2,2,2,809,FULFILLED,ARS,20520.0,4309.2,0.0,24829.2
8806,548,46,1,,2652,2527,PAID,ARS,11340.0,2381.4,1200.0,14921.4
8807,16,1191,1,,2202,3064,PAID,ARS,42750.0,8977.5,1500.0,53227.5
8808,189,1038,2,4,4,2580,FULFILLED,ARS,13500.0,2835.0,0.0,16335.0
8809,596,847,2,3,3,2421,FULFILLED,ARS,34320.0,7207.2,0.0,41527.2
8810,613,56,1,,984,1739,FULFILLED,ARS,35100.0,7371.0,1200.0,43671.0
8811,429,405,1,,215,2217,FULFILLED,ARS,24696.0,5186.16,1500.0,31382.16
8812,166,467,1,,1320,,FULFILLED,ARS,23520.0,4939.2,1500.0,29959.2
8813,111,33,1,,815,3093,FULFILLED,ARS,14850.0,3118.5,1200.0,19168.5
8814,602,239,2,4,4,2603,PAID,ARS,22800.0,4788.0,0.0,27588.0
8815,92,888,1,,3116,,FULFILLED,ARS,12150.0,2551.5,1200.0,15901.5
8816,140,622,2,2,2,2313,FULFILLED,ARS,21600.0,4536.0,0.0,26136.0
8817,62,533,1,,2374,1028,FULFILLED,ARS,23520.0,4939.2,1500.0,29959.2
8818,70,715,1,,442,763,FULFILLED,ARS,25650.0,5386.5,1500.0,32536.5
8819,151,126,1,,1272,2709,PAID,ARS,23520.0,4939.2,0.0,28459.2
8820,629,919,1,,1079,1613,FULFILLED,ARS,44550.0,9355.5,1200.0,55105.5
8821,505,221,2,3,3,2877,FULFILLED,ARS,14700.0,3087.0,0.0,17787.0
8822,556,266,1,,2120,2269,FULFILLED,ARS,27000.0,5670.0,900.0,33570.0
8823,186,604,1,,1115,1208,FULFILLED,ARS,49200.0,10332.0,0.0,59532.0
8824,392,684,2,3,3,2915,CANCELLED,ARS,78600.0,16506.0,0.0,95106.0
8825,208,439,1,,1453,,CREATED,ARS,39600.0,8316.0,1200.0,49116.0
8826,204,694,2,1,1,2194,FULFILLED,ARS,14250.0,2992.5,0.0,17242.5
8827,600,621,1,,1012,2588,PAID,ARS,36000.0,7560.0,1200.0,44760.0
8828,387,558,1,,623,75,CANCELLED,ARS,55692.0,11695.32,900.0,68287.32
8829,184,1005,1,,529,608,CANCELLED,ARS,23520.0,4939.2,1500.0,29959.2
8830,191,1274,1,,279,2002,FULFILLED,ARS,61560.0,12927.6,1200.0,75687.6
8831,23,1037,1,,2736,1360,FULFILLED,ARS,14700.0,3087.0,900.0,18687.0
8832,239,952,2,4,4,948,FULFILLED,ARS,25650.0,5386.5,0.0,31036.5
8833,519,1162,1,,1184,120,PAID,ARS,14250.0,2992.5,1200.0,18442.5
8834,388,779,1,,2474,1022,FULFILLED,ARS,40260.0,8454.6,900.0,49614.6
8835,60,975,2,2,2,1309,FULFILLED,ARS,21600.0,4536.0,0.0,26136.0
8836,550,876,1,,692,19,FULFILLED,ARS,14700.0,3087.0,1200.0,18987.0
8837,259,459,1,,3195,1618,FULFILLED,ARS,13230.0,2778.3,0.0,16008.3
8838,138,728,1,,2943,757,FULFILLED,ARS,21600.0,4536.0,1500.0,27636.0
8839,283,231,1,,1533,524,FULFILLED,ARS,29925.0,6284.25,0.0,36209.25
8840,255,774,1,,3142,2763,FULFILLED,ARS,14250.0,2992.5,900.0,18142.5
8841,201,228,2,3,3,3063,PAID,ARS,30000.0,6300.0,0.0,36300.0
8842,1,1386,1,,98,2734,FULFILLED,ARS,21600.0,4536.0,1200.0,27336.0
8843,159,618,1,,791,1438,FULFILLED,ARS,32400.0,6804.0,900.0,40104.0
8844,259,5,2,1,1,154,FULFILLED,ARS,40560.0,8517.6,0.0,49077.6
8845,22,950,1,,762,2226,FULFILLED,ARS,48510.0,10187.1,1500.0,60197.1
8846,297,1412,2,4,4,190,FULFILLED,ARS,40500.0,8505.0,0.0,49005.0
8847,551,475,1,,2267,1384,FULFILLED,ARS,40500.0,8505.0,900.0,49905.0
8848,115,769,1,,263,3006,FULFILLED,ARS,10800.0,2268.0,1200.0,14268.0
8849,180,13,2,1,1,559,FULFILLED,ARS,21600.0,4536.0,0.0,26136.0
8850,486,921,1,,207,1255,REFUNDED,ARS,22800.0,4788.0,900.0,28488.0
8851,99,1249,2,3,3,708,FULFILLED,ARS,14700.0,3087.0,0.0,17787.0
8852,493,1278,1,,986,,FULFILLED,ARS,43200.0,9072.0,1200.0,53472.0
8853,465,876,1,,928,2919,FULFILLED,ARS,32400.0,6804.0,1200.0,40404.0
8854,298,53,2,2,2,,FULFILLED,ARS,14175.0,2976.75,0.0,17151.75
8855,387,187,1,,2585,2592,PAID,ARS,11760.0,2469.6,900.0,15129.6
8856,494,935,1,,1142,1869,FULFILLED,ARS,19440.0,4082.4,1500.0,25022.4
8857,244,253,1,,692,1958,FULFILLED,ARS,22800.0,4788.0,1200.0,28788.0
8858,7,664,1,,1400,940,FULFILLED,ARS,13500.0,2835.0,900.0,17235.0
8859,2,886,1,,1777,,FULFILLED,ARS,23940.0,5027.4,1200.0,30167.4
8860,6,235,1,,1257,2988,PAID,ARS,11400.0,2394.0,1200.0,14994.0
8861,25,322,1,,1077,2854,PAID,ARS,14850.0,3118.5,900.0,18868.5
8862,626,1427,1,,1121,759,FULFILLED,ARS,14250.0,2992.5,1200.0,18442.5
8863,525,1439,1,,2491,253,FULFILLED,ARS,42525.0,8930.25,900.0,52355.25
8864,163,885,2,4,4,1219,FULFILLED,ARS,40500.0,8505.0,0.0,49005.0
8865,283,874,1,,2533,838,PAID,ARS,43312.5,9095.62,1500.0,53908.12
8866,140,1083,1,,381,2081,FULFILLED,ARS,44250.0,9292.5,0.0,53542.5
8867,43,720,2,3,3,70,REFUNDED,ARS,47520.0,9979.2,0.0,57499.2
8868,278,507,2,3,3,496,PAID,ARS,27000.0,5670.0,0.0,32670.0
8869,334,436,1,,2806,2080,FULFILLED,ARS,45000.0,9450.0,1200.0,55650.0
8870,571,237,1,,2516,1275,FULFILLED,ARS,23520.0,4939.2,900.0,29359.2
8871,113,1120,1,,620,2176,FULFILLED,ARS,12000.0,2520.0,1200.0,15720.0
8872,302,1081,1,,501,,FULFILLED,ARS,23940.0,5027.4,900.0,29867.4
8873,528,511,1,,146,3181,FULFILLED,ARS,14962.5,3142.12,1200.0,19304.62
8874,308,1330,2,4,4,590,PAID,ARS,33000.0,6930.0,0.0,39930.0
8875,458,662,2,3,3,846,CANCELLED,ARS,74100.0,15561.0,0.0,89661.0
8876,243,87,1,,588,831,FULFILLED,ARS,24000.0,5040.0,900.0,29940.0
8877,330,1429,1,,1336,3194,FULFILLED,ARS,35940.0,7547.4,1200.0,44687.4
8878,85,1251,1,,785,1596,FULFILLED,ARS,37500.0,7875.0,900.0,46275.0
8879,605,1228,1,,877,3098,PAID,ARS,24000.0,5040.0,900.0,29940.0
8880,230,1482,1,,1052,110,FULFILLED,ARS,40500.0,8505.0,1500.0,50505.0
8881,478,1114,1,,1836,3168,FULFILLED,ARS,71190.0,14949.9,900.0,87039.9
8882,624,1489,2,3,3,2316,FULFILLED,ARS,34920.0,7333.2,0.0,42253.2
8883,18,538,2,1,1,2159,CANCELLED,ARS,37620.0,7900.2,0.0,45520.2
8884,438,1306,1,,1557,2022,REFUNDED,ARS,71640.0,15044.4,1500.0,88184.4
8885,281,1088,2,1,1,651,REFUNDED,ARS,14250.0,2992.5,0.0,17242.5
8886,527,458,1,,1095,767,FULFILLED,ARS,14962.5,3142.12,1200.0,19304.62
8887,234,1105,1,,1593,1682,PAID,ARS,38808.0,8149.68,0.0,46957.68
8888,324,229,2,3,3,,PAID,ARS,101268.0,21266.28,0.0,122534.28
8889,534,1387,1,,1845,,FULFILLED,ARS,40500.0,8505.0,1500.0,50505.0
8890,236,75,1,,1510,1927,FULFILLED,ARS,11760.0,2469.6,1500.0,15729.6
8891,12,295,1,,2610,2903,FULFILLED,ARS,46680.0,9802.8,1200.0,57682.8
8892,211,705,1,,1043,2674,FULFILLED,ARS,87270.0,18326.7,1200.0,106796.7
8893,530,455,1,,730,761,FULFILLED,ARS,34200.0,7182.0,900.0,42282.0
8894,204,213,1,,2141,2753,REFUNDED,ARS,32400.0,6804.0,1500.0,40704.0
8895,478,465,1,,2458,93,FULFILLED,ARS,35280.0,7408.8,900.0,43588.8
8896,193,418,2,1,1,,FULFILLED,ARS,14175.0,2976.75,0.0,17151.75
8897,344,477,1,,2290,1787,FULFILLED,ARS,50100.0,10521.0,1500.0,62121.0
8898,491,619,2,1,1,2972,PAID,ARS,34020.0,7144.2,0.0,41164.2
8899,345,1101,1,,2342,348,FULFILLED,ARS,14700.0,3087.0,0.0,17787.0
8900,482,1062,1,,442,2675,CREATED,ARS,37800.0,7938.0,900.0,46638.0
8901,327,101,2,4,4,,FULFILLED,ARS,50400.0,10584.0,0.0,60984.0
8902,120,1270,1,,2599,553,REFUNDED,ARS,31350.0,6583.5,1200.0,39133.5
8903,363,1081,1,,1099,3136,PAID,ARS,14250.0,2992.5,900.0,18142.5
8904,252,1322,2,1,1,440,REFUNDED,ARS,60408.0,12685.68,0.0,73093.68
8905,157,1309,2,2,2,2330,FULFILLED,ARS,11340.0,2381.4,0.0,13721.4
8906,388,90,1,,2486,3130,FULFILLED,ARS,47025.0,9875.25,0.0,56900.25
8907,41,937,1,,2423,1972,FULFILLED,ARS,23520.0,4939.2,1200.0,29659.2
8908,108,1217,1,,56,2038,FULFILLED,ARS,16500.0,3465.0,1200.0,21165.0
8909,180,611,1,,766,2634,PAID,ARS,72252.0,15172.92,900.0,88324.92
8910,544,1374,2,2,2,2915,FULFILLED,ARS,13500.0,2835.0,0.0,16335.0
8911,288,701,1,,147,2911,FULFILLED,ARS,14850.0,3118.5,1500.0,19468.5
8912,561,1147,2,1,1,782,FULFILLED,ARS,41610.0,8738.1,0.0,50348.1
8913,368,14,2,4,4,454,FULFILLED,ARS,30000.0,6300.0,0.0,36300.0
8914,270,1499,1,,2518,2741,FULFILLED,ARS,30870.0,6482.7,0.0,37352.7
8915,605,1135,1,,1406,658,FULFILLED,ARS,38760.0,8139.6,0.0,46899.6
8916,632,1110,1,,1908,1085,FULFILLED,ARS,53550.0,11245.5,1500.0,66295.5
8917,593,1044,2,1,1,,FULFILLED,ARS,35910.0,7541.1,0.0,43451.1
8918,47,482,2,1,1,2813,CANCELLED,ARS,24000.0,5040.0,0.0,29040.0
8919,480,413,2,3,3,96,FULFILLED,ARS,69825.0,14663.25,0.0,84488.25
8920,319,891,1,,1721,,FULFILLED,ARS,29925.0,6284.25,900.0,37109.25
8921,274,310,1,,1687,1040,FULFILLED,ARS,50872.5,10683.22,0.0,61555.72
8922,26,1279,1,,939,1881,REFUNDED,ARS,14250.0,2992.5,0.0,17242.5
8923,634,223,2,1,1,112,FULFILLED,ARS,39690.0,8334.9,0.0,48024.9
8924,241,173,1,,2084,2365,FULFILLED,ARS,39600.0,8316.0,1500.0,49416.0
8925,72,1302,1,,3072,1420,REFUNDED,ARS,15435.0,3241.35,1200.0,19876.35
8926,297,454,2,4,4,270,FULFILLED,ARS,40500.0,8505.0,0.0,49005.0
8927,286,559,2,4,4,490,FULFILLED,ARS,50280.0,10558.8,0.0,60838.8
8928,548,894,2,2,2,2252,FULFILLED,ARS,10800.0,2268.0,0.0,13068.0
8929,106,805,1,,500,476,PAID,ARS,23520.0,4939.2,1200.0,29659.2
8930,448,1037,1,,2350,1769,FULFILLED,ARS,50850.0,10678.5,0.0,61528.5
8931,146,743,2,3,3,,CANCELLED,ARS,20520.0,4309.2,0.0,24829.2
8932,400,1413,1,,955,2017,PAID,ARS,12150.0,2551.5,0.0,14701.5
8933,156,386,1,,1776,1226,FULFILLED,ARS,22800.0,4788.0,900.0,28488.0
8934,430,1004,1,,2744,1332,FULFILLED,ARS,27000.0,5670.0,900.0,33570.0
8935,427,318,2,1,1,750,FULFILLED,ARS,21600.0,4536.0,0.0,26136.0
8936,23,7,1,,556,170,CANCELLED,ARS,10260.0,2154.6,1500.0,13914.6
8937,282,1453,2,3,3,836,CANCELLED,ARS,36000.0,7560.0,0.0,43560.0
8938,142,1167,1,,262,337,FULFILLED,ARS,42525.0,8930.25,1200.0,52655.25
8939,138,1248,1,,3174,,FULFILLED,ARS,23520.0,4939.2,1500.0,29959.2
8940,351,1184,1,,2348,208,FULFILLED,ARS,25872.0,5433.12,900.0,32205.12
8941,2,129,2,4,4,392,CANCELLED,ARS,22800.0,4788.0,0.0,27588.0
8942,555,69,1,,154,2758,FULFILLED,ARS,37620.0,7900.2,1200.0,46720.2
8943,251,1362,1,,2420,1262,PAID,ARS,40500.0,8505.0,0.0,49005.0
8944,322,683,2,4,4,925,FULFILLED,ARS,55080.0,11566.8,0.0,66646.8
8945,392,49,1,,548,3111,FULFILLED,ARS,12000.0,2520.0,1500.0,16020.0
8946,121,679,1,,226,1784,FULFILLED,ARS,27000.0,5670.0,900.0,33570.0
8947,438,117,2,4,4,2352,FULFILLED,ARS,44100.0,9261.0,0.0,53361.0
8948,141,621,2,3,3,1146,CANCELLED,ARS,14700.0,3087.0,0.0,17787.0
8949,449,1395,1,,152,707,REFUNDED,ARS,28500.0,5985.0,1500.0,35985.0
8950,23,271,1,,2135,1506,FULFILLED,ARS,48900.0,10269.0,1200.0,60369.0
8951,633,1275,1,,434,2290,FULFILLED,ARS,35640.0,7484.4,0.0,43124.4
8952,511,539,1,,1875,1566,CANCELLED,ARS,35280.0,7408.8,1200.0,43888.8
8953,247,541,1,,2127,320,PAID,ARS,38220.0,8026.2,0.0,46246.2
8954,454,791,1,,181,820,FULFILLED,ARS,10584.0,2222.64,900.0,13706.64
8955,491,864,1,,462,1959,PAID,ARS,21600.0,4536.0,1200.0,27336.0
8956,455,1171,1,,1609,2039,FULFILLED,ARS,22068.0,4634.28,900.0,27602.28
8957,9,331,2,3,3,,FULFILLED,ARS,34200.0,7182.0,0.0,41382.0
8958,598,468,2,3,3,1782,FULFILLED,ARS,64200.0,13482.0,0.0,77682.0
8959,576,722,1,,169,1220,FULFILLED,ARS,29160.0,6123.6,0.0,35283.6
8960,264,586,1,,3109,2450,FULFILLED,ARS,30780.0,6463.8,900.0,38143.8
8961,215,490,1,,7,,FULFILLED,ARS,36000.0,7560.0,900.0,44460.0
8962,10,527,1,,735,676,REFUNDED,ARS,15750.0,3307.5,0.0,19057.5
8963,360,1418,2,4,4,212,FULFILLED,ARS,47670.0,10010.7,0.0,57680.7
8964,106,216,1,,3010,1410,FULFILLED,ARS,40500.0,8505.0,900.0,49905.0
8965,21,1273,1,,1695,2396,FULFILLED,ARS,67050.0,14080.5,1200.0,82330.5
8966,424,262,1,,2196,2822,PAID,ARS,51480.0,10810.8,900.0,63190.8
8967,314,118,2,3,3,1117,CANCELLED,ARS,13200.0,2772.0,0.0,15972.0
8968,239,899,1,,1606,1421,FULFILLED,ARS,48510.0,10187.1,0.0,58697.1
8969,409,861,1,,2137,1465,FULFILLED,ARS,39690.0,8334.9,1200.0,49224.9
8970,132,337,1,,126,2231,PAID,ARS,11400.0,2394.0,900.0,14694.0
8971,357,1434,2,4,4,694,FULFILLED,ARS,32400.0,6804.0,0.0,39204.0
8972,531,1379,1,,154,3147,FULFILLED,ARS,39690.0,8334.9,1200.0,49224.9
8973,189,923,1,,1680,1858,CREATED,ARS,44550.0,9355.5,1200.0,55105.5
8974,554,741,2,3,3,1735,FULFILLED,ARS,14850.0,3118.5,0.0,17968.5
8975,560,160,1,,2635,3180,FULFILLED,ARS,51000.0,10710.0,1200.0,62910.0
8976,597,721,1,,305,1770,FULFILLED,ARS,13500.0,2835.0,1200.0,17535.0
8977,16,524,2,4,4,3188,FULFILLED,ARS,49980.0,10495.8,0.0,60475.8
8978,472,1042,1,,2104,1392,REFUNDED,ARS,38070.0,7994.7,0.0,46064.7
8979,237,768,1,,2451,837,CANCELLED,ARS,30870.0,6482.7,1200.0,38552.7
8980,478,949,2,3,3,2661,PAID,ARS,12000.0,2520.0,0.0,14520.0
8981,216,1427,1,,2435,2877,CREATED,ARS,11400.0,2394.0,1200.0,14994.0
8982,376,477,1,,2608,241,CREATED,ARS,10800.0,2268.0,1200.0,14268.0
8983,457,44,2,4,4,1769,FULFILLED,ARS,10800.0,2268.0,0.0,13068.0
8984,358,184,1,,610,766,FULFILLED,ARS,45000.0,9450.0,900.0,55350.0
8985,42,78,1,,2571,1226,CREATED,ARS,27000.0,5670.0,900.0,33570.0
8986,198,1378,2,2,2,1035,FULFILLED,ARS,46800.0,9828.0,0.0,56628.0
8987,191,168,1,,641,2575,PAID,ARS,34200.0,7182.0,1500.0,42882.0
8988,171,806,2,2,2,1784,FULFILLED,ARS,31350.0,6583.5,0.0,37933.5
8989,638,1149,1,,525,2377,REFUNDED,ARS,50100.0,10521.0,0.0,60621.0
8990,8,460,1,,1397,207,FULFILLED,ARS,28350.0,5953.5,1200.0,35503.5
8991,600,804,2,4,4,1028,FULFILLED,ARS,32400.0,6804.0,0.0,39204.0
8992,629,917,1,,2649,3050,FULFILLED,ARS,21600.0,4536.0,900.0,27036.0
8993,412,416,2,1,1,,FULFILLED,ARS,40500.0,8505.0,0.0,49005.0
8994,149,1070,2,1,1,632,FULFILLED,ARS,31752.0,6667.92,0.0,38419.92
8995,397,1219,2,4,4,2030,FULFILLED,ARS,36000.0,7560.0,0.0,43560.0
8996,542,246,2,2,2,1127,CREATED,ARS,12150.0,2551.5,0.0,14701.5
8997,484,960,2,1,1,1372,FULFILLED,ARS,40350.0,8473.5,0.0,48823.5
8998,22,1250,1,,3032,3091,CANCELLED,ARS,40500.0,8505.0,1500.0,50505.0
8999,432,1317,1,,2916,665,FULFILLED,ARS,81240.0,17060.4,900.0,99200.4
9000,421,361,1,,1285,1772,FULFILLED,ARS,27000.0,5670.0,900.0,33570.0
9001,238,196,2,3,3,1037,PAID,ARS,34200.0,7182.0,0.0,41382.0
9002,127,75,2,1,1,1722,PAID,ARS,29160.0,6123.6,0.0,35283.6
9003,571,513,1,,494,1068,PAID,ARS,14700.0,3087.0,1200.0,18987.0
9004,542,947,1,,2676,1738,FULFILLED,ARS,24000.0,5040.0,900.0,29940.0
9005,287,432,1,,827,748,PAID,ARS,34200.0,7182.0,1200.0,42582.0
9006,338,831,1,,2209,852,FULFILLED,ARS,11400.0,2394.0,900.0,14694.0
9007,367,1231,1,,684,1440,FULFILLED,ARS,31752.0,6667.92,1200.0,39619.92
9008,210,1408,1,,760,1860,PAID,ARS,45780.0,9613.8,1200.0,56593.8
9009,116,266,2,3,3,2840,FULFILLED,ARS,36960.0,7761.6,0.0,44721.6
9010,352,1213,2,1,1,1654,FULFILLED,ARS,24834.0,5215.14,0.0,30049.14
9011,444,1286,1,,1229,1721,FULFILLED,ARS,27000.0,5670.0,1200.0,33870.0
9012,200,1129,1,,4,1730,CANCELLED,ARS,58800.0,12348.0,0.0,71148.0
9013,264,1369,1,,1760,2584,FULFILLED,ARS,54810.0,11510.1,0.0,66320.1
9014,176,296,2,1,1,,REFUNDED,ARS,12540.0,2633.4,0.0,15173.4
9015,562,196,1,,1961,2470,CANCELLED,ARS,29400.0,6174.0,900.0,36474.0
9016,447,695,2,2,2,1735,FULFILLED,ARS,56767.5,11921.18,0.0,68688.68
9017,306,914,2,3,3,337,FULFILLED,ARS,31350.0,6583.5,0.0,37933.5
9018,597,1124,1,,2268,1924,FULFILLED,ARS,69660.0,14628.6,900.0,85188.6
9019,463,629,2,1,1,3093,FULFILLED,ARS,22770.0,4781.7,0.0,27551.7
9020,181,1234,2,1,1,1506,FULFILLED,ARS,82044.0,17229.24,0.0,99273.24
9021,630,1129,2,1,1,1556,FULFILLED,ARS,29925.0,6284.25,0.0,36209.25
9022,595,867,2,1,1,2031,FULFILLED,ARS,43200.0,9072.0,0.0,52272.0
9023,292,468,1,,1383,2996,FULFILLED,ARS,21600.0,4536.0,900.0,27036.0
9024,237,317,1,,3192,1375,FULFILLED,ARS,32400.0,6804.0,1500.0,40704.0
9025,318,619,1,,3120,,FULFILLED,ARS,36450.0,7654.5,1500.0,45604.5
9026,445,1269,1,,2087,2484,FULFILLED,ARS,27000.0,5670.0,900.0,33570.0
9027,291,1416,1,,969,2503,CANCELLED,ARS,52320.0,10987.2,900.0,64207.2
9028,573,747,1,,30,1299,FULFILLED,ARS,10260.0,2154.6,1500.0,13914.6
9029,427,493,1,,2043,,CANCELLED,ARS,66600.0,13986.0,900.0,81486.0
9030,258,1170,1,,2393,2613,FULFILLED,ARS,46440.0,9752.4,1200.0,57392.4
9031,391,1068,1,,1091,,PAID,ARS,26460.0,5556.6,900.0,32916.6
9032,569,1416,1,,875,210,FULFILLED,ARS,44100.0,9261.0,900.0,54261.0
9033,480,818,2,2,2,3198,FULFILLED,ARS,23760.0,4989.6,0.0,28749.6
9034,68,212,2,4,4,1357,FULFILLED,ARS,44550.0,9355.5,0.0,53905.5
9035,549,1196,2,2,2,871,FULFILLED,ARS,77616.0,16299.36,0.0,93915.36
9036,49,336,2,4,4,852,FULFILLED,ARS,40500.0,8505.0,0.0,49005.0
9037,171,205,1,,2563,572,FULFILLED,ARS,45600.0,9576.0,900.0,56076.0
9038,356,667,1,,1283,1243,FULFILLED,ARS,42750.0,8977.5,1200.0,52927.5
9039,244,1390,1,,1379,2457,FULFILLED,ARS,24000.0,5040.0,1200.0,30240.0
9040,248,597,1,,1281,2063,FULFILLED,ARS,54000.0,11340.0,1500.0,66840.0
9041,479,1290,2,2,2,1534,PAID,ARS,23520.0,4939.2,0.0,28459.2
9042,542,594,1,,715,3119,FULFILLED,ARS,80190.0,16839.9,1200.0,98229.9
9043,325,1192,1,,2371,2923,FULFILLED,ARS,45000.0,9450.0,900.0,55350.0
9044,601,86,1,,1212,1067,PAID,ARS,47025.0,9875.25,1200.0,58100.25
9045,323,178,1,,848,2616,PAID,ARS,13500.0,2835.0,1200.0,17535.0
9046,566,659,2,2,2,564,FULFILLED,ARS,35280.0,7408.8,0.0,42688.8
9047,457,349,2,3,3,608,FULFILLED,ARS,20520.0,4309.2,0.0,24829.2
9048,103,653,1,,3185,3175,CANCELLED,ARS,12000.0,2520.0,1200.0,15720.0
9049,127,984,1,,1297,2782,PAID,ARS,42750.0,8977.5,1200.0,52927.5
9050,263,1397,1,,2310,3184,FULFILLED,ARS,55200.0,11592.0,900.0,67692.0
9051,93,400,2,3,3,2578,FULFILLED,ARS,59700.0,12537.0,0.0,72237.0
9052,533,1227,2,3,3,2181,FULFILLED,ARS,11760.0,2469.6,0.0,14229.6
9053,442,714,1,,2463,2296,FULFILLED,ARS,80388.0,16881.48,900.0,98169.48
9054,89,677,1,,2436,811,FULFILLED,ARS,45000.0,9450.0,900.0,55350.0
9055,610,145,1,,2414,1705,PAID,ARS,25872.0,5433.12,1200.0,32505.12
9056,11,1366,2,4,4,,FULFILLED,ARS,45000.0,9450.0,0.0,54450.0
9057,278,824,2,2,2,,FULFILLED,ARS,10260.0,2154.6,0.0,12414.6
9058,457,1165,1,,28,2070,FULFILLED,ARS,14250.0,2992.5,1500.0,18742.5
9059,291,1158,1,,743,1928,FULFILLED,ARS,12150.0,2551.5,1200.0,15901.5
9060,114,1410,1,,1402,,FULFILLED,ARS,34200.0,7182.0,0.0,41382.0
9061,588,952,1,,2815,1616,FULFILLED,ARS,15000.0,3150.0,0.0,18150.0
9062,314,709,1,,28,2599,REFUNDED,ARS,47040.0,9878.4,0.0,56918.4
9063,485,1029,1,,2525,,FULFILLED,ARS,22800.0,4788.0,1200.0,28788.0
9064,154,1392,2,1,1,893,FULFILLED,ARS,12825.0,2693.25,0.0,15518.25
9065,142,1020,2,1,1,664,REFUNDED,ARS,13500.0,2835.0,0.0,16335.0
9066,391,649,1,,1034,2292,FULFILLED,ARS,43200.0,9072.0,0.0,52272.0
9067,192,21,1,,1559,12,PAID,ARS,29400.0,6174.0,900.0,36474.0
9068,328,459,1,,2888,,PAID,ARS,15750.0,3307.5,0.0,19057.5
9069,306,322,2,3,3,2150,PAID,ARS,24300.0,5103.0,0.0,29403.0
9070,262,446,2,1,1,1444,PAID,ARS,28500.0,5985.0,0.0,34485.0
9071,172,589,2,3,3,77,FULFILLED,ARS,24000.0,5040.0,0.0,29040.0
9072,506,1377,2,3,3,1462,CREATED,ARS,45000.0,9450.0,0.0,54450.0
9073,401,352,1,,146,117,PAID,ARS,12825.0,2693.25,1200.0,16718.25
9074,576,895,1,,50,1138,FULFILLED,ARS,26460.0,5556.6,1500.0,33516.6
9075,192,785,2,1,1,551,FULFILLED,ARS,44100.0,9261.0,0.0,53361.0
9076,342,1338,1,,2004,1182,PAID,ARS,40500.0,8505.0,1200.0,50205.0
9077,129,587,2,3,3,915,FULFILLED,ARS,36000.0,7560.0,0.0,43560.0
9078,257,69,2,4,4,,FULFILLED,ARS,10800.0,2268.0,0.0,13068.0
9079,401,1370,2,2,2,1624,PAID,ARS,16500.0,3465.0,0.0,19965.0
9080,142,1143,1,,1417,3117,CREATED,ARS,62568.0,13139.28,1200.0,76907.28
9081,424,768,1,,2713,1203,FULFILLED,ARS,14700.0,3087.0,900.0,18687.0
9082,45,1440,1,,2631,1604,FULFILLED,ARS,10584.0,2222.64,900.0,13706.64
9083,117,319,1,,2064,,CANCELLED,ARS,31752.0,6667.92,0.0,38419.92
9084,30,1300,2,1,1,717,FULFILLED,ARS,32400.0,6804.0,0.0,39204.0
9085,184,488,1,,1106,3052,FULFILLED,ARS,12000.0,2520.0,900.0,15420.0
9086,153,1192,2,1,1,2564,FULFILLED,ARS,22020.0,4624.2,0.0,26644.2
9087,289,1394,1,,1178,18,FULFILLED,ARS,80100.0,16821.0,1500.0,98421.0
9088,190,286,2,4,4,529,CANCELLED,ARS,23940.0,5027.4,0.0,28967.4
9089,356,267,2,2,2,794,FULFILLED,ARS,9720.0,2041.2,0.0,11761.2
9090,568,1273,1,,1917,1741,REFUNDED,ARS,29400.0,6174.0,1200.0,36774.0
9091,34,573,1,,1390,1944,FULFILLED,ARS,32400.0,6804.0,900.0,40104.0
9092,149,1328,1,,2072,1908,FULFILLED,ARS,42750.0,8977.5,1500.0,53227.5
9093,254,445,1,,2245,1992,FULFILLED,ARS,40500.0,8505.0,0.0,49005.0
9094,574,185,2,3,3,728,FULFILLED,ARS,35520.0,7459.2,0.0,42979.2
9095,349,38,2,4,4,,PAID,ARS,42750.0,8977.5,0.0,51727.5
9096,281,203,2,1,1,3041,FULFILLED,ARS,24000.0,5040.0,0.0,29040.0
9097,225,669,1,,10,3189,FULFILLED,ARS,43800.0,9198.0,0.0,52998.0
9098,581,21,1,,1683,2243,FULFILLED,ARS,11760.0,2469.6,1200.0,15429.6
9099,601,114,2,2,2,619,CANCELLED,ARS,11760.0,2469.6,0.0,14229.6
9100,280,1186,1,,825,2068,PAID,ARS,47100.0,9891.0,900.0,57891.0
9101,164,680,1,,568,696,REFUNDED,ARS,34200.0,7182.0,0.0,41382.0
9102,389,1336,1,,1415,150,FULFILLED,ARS,45000.0,9450.0,0.0,54450.0
9103,219,1253,1,,1096,2301,FULFILLED,ARS,81480.0,17110.8,1200.0,99790.8
9104,228,722,2,3,3,2546,FULFILLED,ARS,77283.0,16229.43,0.0,93512.43
9105,114,73,1,,2447,2429,CANCELLED,ARS,22800.0,4788.0,1200.0,28788.0
9106,25,1374,1,,2340,1504,FULFILLED,ARS,23520.0,4939.2,0.0,28459.2
9107,618,490,2,2,2,1601,FULFILLED,ARS,23520.0,4939.2,0.0,28459.2
9108,502,711,1,,784,1486,FULFILLED,ARS,29400.0,6174.0,1200.0,36774.0
9109,391,847,1,,809,1296,FULFILLED,ARS,31500.0,6615.0,1200.0,39315.0
9110,38,533,2,3,3,68,FULFILLED,ARS,13200.0,2772.0,0.0,15972.0
9111,237,897,2,4,4,90,PAID,ARS,63750.0,13387.5,0.0,77137.5
9112,306,1169,1,,1067,2325,FULFILLED,ARS,35280.0,7408.8,1500.0,44188.8
9113,303,165,1,,689,,FULFILLED,ARS,30000.0,6300.0,1500.0,37800.0
9114,172,566,1,,364,,FULFILLED,ARS,22800.0,4788.0,900.0,28488.0
9115,68,1221,2,4,4,2264,FULFILLED,ARS,22680.0,4762.8,0.0,27442.8
9116,146,429,2,1,1,331,FULFILLED,ARS,44100.0,9261.0,0.0,53361.0
9117,164,654,2,4,4,1622,FULFILLED,ARS,14700.0,3087.0,0.0,17787.0
9118,369,1375,2,1,1,3152,PAID,ARS,37800.0,7938.0,0.0,45738.0
9119,498,805,1,,416,1344,FULFILLED,ARS,78030.0,16386.3,1500.0,95916.3
9120,215,264,1,,2573,2018,FULFILLED,ARS,28350.0,5953.5,900.0,35203.5
9121,511,1085,2,4,4,1503,CANCELLED,ARS,14700.0,3087.0,0.0,17787.0
9122,540,785,1,,2705,2180,FULFILLED,ARS,32400.0,6804.0,1200.0,40404.0
9123,122,800,1,,1716,2987,CANCELLED,ARS,97470.0,20468.7,1200.0,119138.7
9124,155,866,2,2,2,2477,FULFILLED,ARS,23520.0,4939.2,0.0,28459.2
9125,341,1088,2,2,2,2714,FULFILLED,ARS,10800.0,2268.0,0.0,13068.0
9126,295,1322,2,1,1,635,FULFILLED,ARS,62910.0,13211.1,0.0,76121.1
9127,207,1083,1,,1186,,FULFILLED,ARS,62520.0,13129.2,1200.0,76849.2
9128,620,1135,1,,1735,2358,FULFILLED,ARS,32568.0,6839.28,0.0,39407.28
9129,242,985,2,1,1,,PAID,ARS,54750.0,11497.5,0.0,66247.5
9130,358,571,1,,671,991,CANCELLED,ARS,22680.0,4762.8,1200.0,28642.8
9131,518,1105,1,,227,,FULFILLED,ARS,24750.0,5197.5,1200.0,31147.5
9132,239,772,1,,823,3177,FULFILLED,ARS,52725.0,11072.25,900.0,64697.25
9133,281,1097,1,,792,2762,FULFILLED,ARS,24000.0,5040.0,1200.0,30240.0
9134,633,1274,1,,2385,567,FULFILLED,ARS,63600.0,13356.0,900.0,77856.0
9135,200,972,1,,3013,,FULFILLED,ARS,25080.0,5266.8,1200.0,31546.8
9136,31,1298,2,4,4,1156,FULFILLED,ARS,40500.0,8505.0,0.0,49005.0
9137,315,257,2,2,2,1532,FULFILLED,ARS,25500.0,5355.0,0.0,30855.0
9138,369,1326,2,4,4,1010,FULFILLED,ARS,14962.5,3142.12,0.0,18104.62
9139,351,814,2,3,3,945,FULFILLED,ARS,10800.0,2268.0,0.0,13068.0
9140,25,838,1,,831,919,CREATED,ARS,38475.0,8079.75,900.0,47454.75
9141,534,938,1,,450,1366,FULFILLED,ARS,13500.0,2835.0,900.0,17235.0
9142,557,209,1,,2133,754,FULFILLED,ARS,24000.0,5040.0,900.0,29940.0
9143,35,1318,1,,425,580,PAID,ARS,48780.0,10243.8,900.0,59923.8
9144,20,1041,2,2,2,2920,PAID,ARS,26700.0,5607.0,0.0,32307.0
9145,378,568,1,,1411,238,FULFILLED,ARS,33600.0,7056.0,1200.0,41856.0
9146,593,884,2,2,2,583,FULFILLED,ARS,53550.0,11245.5,0.0,64795.5
9147,587,465,2,2,2,2539,FULFILLED,ARS,13500.0,2835.0,0.0,16335.0
9148,553,436,1,,1899,2891,FULFILLED,ARS,64020.0,13444.2,1200.0,78664.2
9149,415,1246,1,,2924,2078,REFUNDED,ARS,49620.0,10420.2,900.0,60940.2
9150,50,436,2,4,4,687,FULFILLED,ARS,23760.0,4989.6,0.0,28749.6
9151,398,407,2,2,2,2269,FULFILLED,ARS,42525.0,8930.25,0.0,51455.25
9152,334,625,1,,1563,2890,FULFILLED,ARS,29400.0,6174.0,900.0,36474.0
9153,223,987,1,,1280,115,FULFILLED,ARS,34200.0,7182.0,0.0,41382.0
9154,112,811,2,4,4,141,FULFILLED,ARS,58500.0,12285.0,0.0,70785.0
9155,487,537,1,,2507,2139,FULFILLED,ARS,12000.0,2520.0,1200.0,15720.0
9156,590,1346,1,,618,1455,FULFILLED,ARS,15000.0,3150.0,900.0,19050.0
9157,243,1117,2,3,3,1637,FULFILLED,ARS,40230.0,8448.3,0.0,48678.3
9158,565,140,1,,2024,2982,PAID,ARS,32400.0,6804.0,900.0,40104.0
9159,500,209,1,,2416,292,PAID,ARS,16170.0,3395.7,900.0,20465.7
9160,388,1466,2,3,3,351,FULFILLED,ARS,52650.0,11056.5,0.0,63706.5
9161,355,1260,2,1,1,862,FULFILLED,ARS,42000.0,8820.0,0.0,50820.0
9162,291,247,1,,1764,835,PAID,ARS,24000.0,5040.0,900.0,29940.0
9163,363,1267,1,,1149,453,FULFILLED,ARS,23520.0,4939.2,900.0,29359.2
9164,542,327,2,1,1,2485,FULFILLED,ARS,42750.0,8977.5,0.0,51727.5
9165,154,735,1,,2398,2998,FULFILLED,ARS,55500.0,11655.0,0.0,67155.0
9166,284,779,1,,887,1699,FULFILLED,ARS,37620.0,7900.2,900.0,46420.2
9167,173,1270,2,2,2,2547,FULFILLED,ARS,25650.0,5386.5,0.0,31036.5
9168,261,1316,1,,1069,1399,FULFILLED,ARS,60900.0,12789.0,900.0,74589.0
9169,72,323,2,2,2,675,FULFILLED,ARS,56520.0,11869.2,0.0,68389.2
9170,108,1414,1,,1725,519,FULFILLED,ARS,36000.0,7560.0,1200.0,44760.0
9171,498,666,1,,3020,,PAID,ARS,21168.0,4445.28,1200.0,26813.28
9172,68,408,2,3,3,2692,CREATED,ARS,43218.0,9075.78,0.0,52293.78
9173,338,1141,1,,1794,1310,FULFILLED,ARS,46560.0,9777.6,900.0,57237.6
9174,291,1444,1,,1397,2264,FULFILLED,ARS,44887.5,9426.38,1500.0,55813.88
9175,638,1174,2,1,1,,PAID,ARS,12000.0,2520.0,0.0,14520.0
9176,388,284,1,,2598,1054,FULFILLED,ARS,11760.0,2469.6,900.0,15129.6
9177,107,601,1,,1103,1519,FULFILLED,ARS,35280.0,7408.8,900.0,43588.8
9178,495,664,1,,2953,1822,REFUNDED,ARS,53445.0,11223.45,0.0,64668.45
9179,292,50,2,3,3,2738,FULFILLED,ARS,38880.0,8164.8,0.0,47044.8
9180,13,878,1,,2716,1644,PAID,ARS,32400.0,6804.0,900.0,40104.0
9181,501,1004,1,,1459,2950,FULFILLED,ARS,21600.0,4536.0,0.0,26136.0
9182,600,180,1,,703,2841,FULFILLED,ARS,22800.0,4788.0,1200.0,28788.0
9183,447,1384,1,,1681,,FULFILLED,ARS,55500.0,11655.0,900.0,68055.0
9184,340,575,2,3,3,1370,FULFILLED,ARS,46680.0,9802.8,0.0,56482.8
9185,140,702,1,,2893,3149,FULFILLED,ARS,26460.0,5556.6,900.0,32916.6
9186,161,396,2,3,3,2049,FULFILLED,ARS,30780.0,6463.8,0.0,37243.8
9187,123,1388,2,3,3,642,CANCELLED,ARS,37236.0,7819.56,0.0,45055.56
9188,287,35,1,,221,2767,FULFILLED,ARS,20520.0,4309.2,1200.0,26029.2
9189,99,840,1,,33,,FULFILLED,ARS,13500.0,2835.0,1500.0,17835.0
9190,277,1458,2,4,4,595,FULFILLED,ARS,15000.0,3150.0,0.0,18150.0
9191,408,528,1,,228,1295,FULFILLED,ARS,35400.0,7434.0,0.0,42834.0
9192,103,320,1,,1835,2101,FULFILLED,ARS,13500.0,2835.0,1200.0,17535.0
9193,425,902,1,,3200,1123,REFUNDED,ARS,67044.0,14079.24,0.0,81123.24
9194,217,822,1,,1918,1183,FULFILLED,ARS,38700.0,8127.0,900.0,47727.0
9195,251,155,2,3,3,758,PAID,ARS,10800.0,2268.0,0.0,13068.0
9196,109,1029,1,,1849,2813,FULFILLED,ARS,35280.0,7408.8,1500.0,44188.8
9197,11,137,2,4,4,,PAID,ARS,22800.0,4788.0,0.0,27588.0
9198,81,1109,1,,3131,2845,FULFILLED,ARS,25260.0,5304.6,1500.0,32064.6
9199,10,451,1,,2410,3102,FULFILLED,ARS,42600.0,8946.0,900.0,52446.0
9200,93,610,2,3,3,2921,FULFILLED,ARS,21600.0,4536.0,0.0,26136.0
9201,523,1469,1,,235,465,CANCELLED,ARS,44550.0,9355.5,0.0,53905.5
9202,112,313,1,,1849,1972,FULFILLED,ARS,10800.0,2268.0,900.0,13968.0
9203,621,61,2,1,1,2681,FULFILLED,ARS,46320.0,9727.2,0.0,56047.2
9204,582,717,2,3,3,2063,FULFILLED,ARS,29925.0,6284.25,0.0,36209.25
9205,525,83,2,3,3,702,FULFILLED,ARS,12150.0,2551.5,0.0,14701.5
9206,251,214,1,,459,1602,PAID,ARS,40500.0,8505.0,900.0,49905.0
9207,160,1298,1,,2296,653,FULFILLED,ARS,30000.0,6300.0,900.0,37200.0
9208,157,1131,1,,2977,256,FULFILLED,ARS,59887.5,12576.38,900.0,73363.88
9209,27,416,1,,1533,2734,FULFILLED,ARS,19440.0,4082.4,1200.0,24722.4
9210,408,914,1,,852,1921,FULFILLED,ARS,44100.0,9261.0,900.0,54261.0
9211,412,469,1,,2393,,PAID,ARS,26220.0,5506.2,0.0,31726.2
9212,393,1153,1,,2310,480,REFUNDED,ARS,97020.0,20374.2,1200.0,118594.2
9213,417,795,1,,3204,,FULFILLED,ARS,27000.0,5670.0,900.0,33570.0
9214,33,138,1,,403,2518,PAID,ARS,25650.0,5386.5,900.0,31936.5
9215,112,922,2,4,4,,FULFILLED,ARS,15000.0,3150.0,0.0,18150.0
9216,128,146,2,3,3,156,CANCELLED,ARS,52500.0,11025.0,0.0,63525.0
9217,390,37,1,,2190,2678,FULFILLED,ARS,30000.0,6300.0,1200.0,37500.0
9218,73,88,1,,2662,977,FULFILLED,ARS,12000.0,2520.0,900.0,15420.0
9219,269,206,1,,2397,,FULFILLED,ARS,23520.0,4939.2,900.0,29359.2
9220,170,1099,1,,2816,8,PAID,ARS,53940.0,11327.4,900.0,66167.4
9221,499,1351,1,,86,2876,FULFILLED,ARS,15750.0,3307.5,1200.0,20257.5
9222,526,497,1,,1510,1696,FULFILLED,ARS,35910.0,7541.1,900.0,44351.1
9223,122,836,2,3,3,,FULFILLED,ARS,34200.0,7182.0,0.0,41382.0
9224,278,1203,2,1,1,626,FULFILLED,ARS,32400.0,6804.0,0.0,39204.0
9225,214,251,2,4,4,1470,FULFILLED,ARS,13500.0,2835.0,0.0,16335.0
9226,212,698,1,,2623,2829,FULFILLED,ARS,27000.0,5670.0,900.0,33570.0
9227,11,835,1,,1669,2126,PAID,ARS,21600.0,4536.0,1200.0,27336.0
9228,311,11,2,4,4,2540,FULFILLED,ARS,30000.0,6300.0,0.0,36300.0
9229,218,699,2,2,2,268,FULFILLED,ARS,39690.0,8334.9,0.0,48024.9
9230,366,9,1,,85,2290,FULFILLED,ARS,32400.0,6804.0,900.0,40104.0
9231,93,561,1,,2737,2050,CANCELLED,ARS,52044.0,10929.24,1200.0,64173.24
9232,537,1143,2,3,3,3023,FULFILLED,ARS,11880.0,2494.8,0.0,14374.8
9233,429,681,2,3,3,1460,FULFILLED,ARS,26010.0,5462.1,0.0,31472.1
9234,43,668,1,,149,3085,CANCELLED,ARS,14962.5,3142.12,1500.0,19604.62
9235,587,635,1,,1761,2083,FULFILLED,ARS,32400.0,6804.0,1200.0,40404.0
9236,266,284,1,,138,1919,FULFILLED,ARS,56880.0,11944.8,1500.0,70324.8
9237,516,366,2,4,4,1075,FULFILLED,ARS,41580.0,8731.8,0.0,50311.8
9238,573,851,1,,191,525,FULFILLED,ARS,25650.0,5386.5,1500.0,32536.5
9239,236,1161,1,,1062,3103,FULFILLED,ARS,20520.0,4309.2,1200.0,26029.2
9240,322,1436,1,,2167,2326,CANCELLED,ARS,65475.0,13749.75,0.0,79224.75
9241,546,1326,2,4,4,1867,FULFILLED,ARS,66270.0,13916.7,0.0,80186.7
9242,192,49,1,,1793,1670,CANCELLED,ARS,35280.0,7408.8,900.0,43588.8
9243,525,4,1,,2115,488,FULFILLED,ARS,35520.0,7459.2,900.0,43879.2
9244,595,855,2,3,3,2190,FULFILLED,ARS,21600.0,4536.0,0.0,26136.0
9245,392,89,1,,2765,342,FULFILLED,ARS,42750.0,8977.5,1500.0,53227.5
9246,316,114,1,,853,2150,FULFILLED,ARS,48900.0,10269.0,0.0,59169.0
9247,543,125,1,,484,116,REFUNDED,ARS,36000.0,7560.0,1200.0,44760.0
9248,602,96,1,,2008,2172,FULFILLED,ARS,26400.0,5544.0,1200.0,33144.0
9249,218,1378,2,4,4,939,CANCELLED,ARS,57960.0,12171.6,0.0,70131.6
9250,489,175,2,1,1,3016,FULFILLED,ARS,34200.0,7182.0,0.0,41382.0
9251,13,1010,1,,1700,7,PAID,ARS,45336.0,9520.56,1200.0,56056.56
9252,13,384,1,,1011,2549,FULFILLED,ARS,34200.0,7182.0,1500.0,42882.0
9253,221,244,2,1,1,2732,PAID,ARS,22800.0,4788.0,0.0,27588.0
9254,93,857,1,,2752,3009,PAID,ARS,29400.0,6174.0,0.0,35574.0
9255,229,1255,1,,2718,2733,FULFILLED,ARS,34200.0,7182.0,900.0,42282.0
9256,395,346,2,4,4,,PAID,ARS,11340.0,2381.4,0.0,13721.4
9257,177,828,1,,744,887,FULFILLED,ARS,44100.0,9261.0,900.0,54261.0
9258,174,1137,1,,2352,2956,PAID,ARS,38475.0,8079.75,0.0,46554.75
9259,211,1098,1,,700,,FULFILLED,ARS,77040.0,16178.4,1500.0,94718.4
9260,240,1055,2,3,3,1269,FULFILLED,ARS,12150.0,2551.5,0.0,14701.5
9261,8,1216,2,3,3,65,FULFILLED,ARS,12000.0,2520.0,0.0,14520.0
9262,84,912,1,,2004,1392,CREATED,ARS,29550.0,6205.5,900.0,36655.5
9263,161,784,2,1,1,697,FULFILLED,ARS,12600.0,2646.0,0.0,15246.0
9264,388,257,1,,776,953,FULFILLED,ARS,29400.0,6174.0,900.0,36474.0
9265,200,582,2,1,1,1618,FULFILLED,ARS,28500.0,5985.0,0.0,34485.0
9266,374,305,2,4,4,1262,FULFILLED,ARS,58968.0,12383.28,0.0,71351.28
9267,224,894,2,3,3,332,FULFILLED,ARS,35280.0,7408.8,0.0,42688.8
9268,322,656,2,3,3,,FULFILLED,ARS,35280.0,7408.8,0.0,42688.8
9269,117,442,1,,941,3184,FULFILLED,ARS,37800.0,7938.0,1200.0,46938.0
9270,278,1229,1,,1200,721,FULFILLED,ARS,26460.0,5556.6,1500.0,33516.6
9271,193,819,1,,2638,1758,CANCELLED,ARS,24696.0,5186.16,1200.0,31082.16
9272,497,193,1,,2179,1584,CREATED,ARS,37800.0,7938.0,900.0,46638.0
9273,415,432,2,4,4,1443,FULFILLED,ARS,27000.0,5670.0,0.0,32670.0
9274,428,1095,1,,2394,161,CANCELLED,ARS,55860.0,11730.6,0.0,67590.6
9275,56,781,2,4,4,842,PAID,ARS,15750.0,3307.5,0.0,19057.5
9276,52,562,1,,813,2405,REFUNDED,ARS,15000.0,3150.0,1200.0,19350.0
9277,88,318,1,,1619,255,FULFILLED,ARS,76230.0,16008.3,900.0,93138.3
9278,253,725,1,,83,619,PAID,ARS,35640.0,7484.4,0.0,43124.4
9279,50,746,1,,2364,1788,FULFILLED,ARS,42750.0,8977.5,1500.0,53227.5
9280,512,1214,2,1,1,3051,FULFILLED,ARS,28500.0,5985.0,0.0,34485.0
9281,586,302,1,,1660,104,FULFILLED,ARS,54720.0,11491.2,900.0,67111.2
9282,342,913,2,1,1,,PAID,ARS,66630.0,13992.3,0.0,80622.3
9283,203,1498,1,,3132,2379,PAID,ARS,73890.0,15516.9,900.0,90306.9
9284,266,1274,2,2,2,260,FULFILLED,ARS,14700.0,3087.0,0.0,17787.0
9285,347,916,1,,1365,,PAID,ARS,12000.0,2520.0,0.0,14520.0
9286,65,882,1,,1523,1164,CANCELLED,ARS,48510.0,10187.1,900.0,59597.1
9287,48,740,1,,1194,1491,FULFILLED,ARS,44100.0,9261.0,0.0,53361.0
9288,269,353,1,,1624,2490,FULFILLED,ARS,29400.0,6174.0,1200.0,36774.0
9289,159,1445,1,,2820,283,FULFILLED,ARS,56400.0,11844.0,1500.0,69744.0
9290,184,1464,2,3,3,1136,FULFILLED,ARS,47040.0,9878.4,0.0,56918.4
9291,230,760,2,3,3,2392,FULFILLED,ARS,52440.0,11012.4,0.0,63452.4
9292,373,1328,1,,1976,1768,FULFILLED,ARS,14700.0,3087.0,900.0,18687.0
9293,536,766,1,,1631,1673,CREATED,ARS,31350.0,6583.5,1200.0,39133.5
9294,312,452,1,,1272,730,FULFILLED,ARS,47970.0,10073.7,0.0,58043.7
9295,512,644,1,,1661,2992,FULFILLED,ARS,55800.0,11718.0,1200.0,68718.0
9296,380,804,2,2,2,2310,FULFILLED,ARS,44887.5,9426.38,0.0,54313.88
9297,519,830,1,,3089,1671,FULFILLED,ARS,28500.0,5985.0,1500.0,35985.0
9298,21,204,2,4,4,778,FULFILLED,ARS,14175.0,2976.75,0.0,17151.75
9299,439,987,1,,2969,878,FULFILLED,ARS,12600.0,2646.0,1200.0,16446.0
9300,341,427,2,3,3,1193,CREATED,ARS,11400.0,2394.0,0.0,13794.0
9301,47,913,1,,2380,2773,FULFILLED,ARS,10800.0,2268.0,900.0,13968.0
9302,206,741,2,1,1,1424,REFUNDED,ARS,10800.0,2268.0,0.0,13068.0
9303,70,778,2,1,1,2781,PAID,ARS,21600.0,4536.0,0.0,26136.0
9304,135,687,1,,2049,594,FULFILLED,ARS,24975.0,5244.75,900.0,31119.75
9305,187,165,2,2,2,2953,FULFILLED,ARS,13230.0,2778.3,0.0,16008.3
9306,621,112,1,,1787,1236,FULFILLED,ARS,21600.0,4536.0,900.0,27036.0
9307,28,356,2,1,1,1288,FULFILLED,ARS,23520.0,4939.2,0.0,28459.2
9308,625,1246,1,,2422,1371,FULFILLED,ARS,62280.0,13078.8,900.0,76258.8
9309,591,729,1,,2287,161,FULFILLED,ARS,49140.0,10319.4,900.0,60359.4
9310,354,862,2,3,3,249,FULFILLED,ARS,47025.0,9875.25,0.0,56900.25
9311,12,177,2,1,1,429,PAID,ARS,46942.5,9857.92,0.0,56800.42
9312,566,1100,1,,2599,1344,CANCELLED,ARS,24000.0,5040.0,0.0,29040.0
9313,517,83,2,2,2,907,FULFILLED,ARS,54510.0,11447.1,0.0,65957.1
9314,628,566,1,,2428,2738,FULFILLED,ARS,27000.0,5670.0,1200.0,33870.0
9315,536,715,1,,213,550,PAID,ARS,30000.0,6300.0,900.0,37200.0
9316,261,175,2,1,1,115,FULFILLED,ARS,12348.0,2593.08,0.0,14941.08
9317,234,965,1,,2368,2889,FULFILLED,ARS,35970.0,7553.7,1500.0,45023.7
9318,117,840,2,4,4,1925,FULFILLED,ARS,10800.0,2268.0,0.0,13068.0
9319,279,211,2,4,4,1692,FULFILLED,ARS,33480.0,7030.8,0.0,40510.8
9320,525,1084,1,,1295,715,REFUNDED,ARS,13500.0,2835.0,1500.0,17835.0
9321,497,860,1,,2459,2779,PAID,ARS,49500.0,10395.0,0.0,59895.0
9322,52,951,1,,1943,1804,FULFILLED,ARS,22800.0,4788.0,900.0,28488.0
9323,639,118,1,,1575,2258,FULFILLED,ARS,35280.0,7408.8,900.0,43588.8
9324,193,1294,1,,2841,1363,FULFILLED,ARS,12000.0,2520.0,1200.0,15720.0
9325,576,1052,2,2,2,1454,FULFILLED,ARS,24000.0,5040.0,0.0,29040.0
9326,130,615,2,3,3,1145,FULFILLED,ARS,72900.0,15309.0,0.0,88209.0
9327,219,1152,2,2,2,3169,FULFILLED,ARS,30870.0,6482.7,0.0,37352.7
9328,349,781,2,2,2,798,PAID,ARS,28500.0,5985.0,0.0,34485.0
9329,70,298,1,,2753,2374,FULFILLED,ARS,11760.0,2469.6,1200.0,15429.6
9330,95,1011,1,,1845,42,FULFILLED,ARS,35280.0,7408.8,1200.0,43888.8
9331,265,688,2,3,3,254,PAID,ARS,57000.0,11970.0,0.0,68970.0
9332,299,526,1,,1848,357,PAID,ARS,21600.0,4536.0,900.0,27036.0
9333,131,730,1,,2678,,FULFILLED,ARS,38400.0,8064.0,1200.0,47664.0
9334,544,908,1,,2894,37,PAID,ARS,11970.0,2513.7,900.0,15383.7
9335,185,1302,1,,237,1419,CREATED,ARS,59160.0,12423.6,0.0,71583.6
9336,296,510,2,4,4,2212,REFUNDED,ARS,29160.0,6123.6,0.0,35283.6
9337,138,971,2,3,3,799,FULFILLED,ARS,95400.0,20034.0,0.0,115434.0
9338,120,480,1,,3044,973,FULFILLED,ARS,49500.0,10395.0,900.0,60795.0
9339,178,304,2,4,4,2800,PAID,ARS,46620.0,9790.2,0.0,56410.2
9340,509,444,1,,419,1241,CANCELLED,ARS,42750.0,8977.5,1500.0,53227.5
9341,136,1067,1,,1437,2190,CANCELLED,ARS,16500.0,3465.0,1200.0,21165.0
9342,122,708,1,,2009,685,FULFILLED,ARS,39000.0,8190.0,900.0,48090.0
9343,160,262,2,2,2,1679,FULFILLED,ARS,36000.0,7560.0,0.0,43560.0
9344,6,114,2,4,4,,FULFILLED,ARS,15435.0,3241.35,0.0,18676.35
9345,475,573,2,1,1,1360,FULFILLED,ARS,43200.0,9072.0,0.0,52272.0
9346,628,423,2,2,2,50,CANCELLED,ARS,24000.0,5040.0,0.0,29040.0
9347,487,1246,1,,2495,7,FULFILLED,ARS,12150.0,2551.5,1500.0,16201.5
9348,187,375,2,1,1,2684,FULFILLED,ARS,83790.0,17595.9,0.0,101385.9
9349,219,378,1,,687,2476,FULFILLED,ARS,21168.0,4445.28,1200.0,26813.28
9350,618,1025,2,1,1,668,FULFILLED,ARS,29925.0,6284.25,0.0,36209.25
9351,565,1466,1,,561,2298,FULFILLED,ARS,72900.0,15309.0,1500.0,89709.0
9352,293,1353,1,,383,1684,FULFILLED,ARS,32400.0,6804.0,900.0,40104.0
9353,82,956,2,4,4,,FULFILLED,ARS,11760.0,2469.6,0.0,14229.6
9354,541,191,2,4,4,117,FULFILLED,ARS,34830.0,7314.3,0.0,42144.3
9355,143,1085,2,2,2,99,FULFILLED,ARS,39600.0,8316.0,0.0,47916.0
9356,526,979,2,1,1,2176,FULFILLED,ARS,48510.0,10187.1,0.0,58697.1
9357,340,1463,1,,2724,683,FULFILLED,ARS,21600.0,4536.0,900.0,27036.0
9358,526,423,1,,664,1162,FULFILLED,ARS,15000.0,3150.0,1200.0,19350.0
9359,82,770,1,,2039,1451,FULFILLED,ARS,57240.0,12020.4,1500.0,70760.4
9360,330,905,1,,2731,705,FULFILLED,ARS,62880.0,13204.8,0.0,76084.8
9361,246,498,1,,2856,1896,FULFILLED,ARS,10260.0,2154.6,1500.0,13914.6
9362,562,105,1,,1075,2325,FULFILLED,ARS,11400.0,2394.0,1200.0,14994.0
9363,554,530,1,,2084,2042,FULFILLED,ARS,11340.0,2381.4,900.0,14621.4
9364,145,537,2,4,4,1516,PAID,ARS,15750.0,3307.5,0.0,19057.5
9365,352,1199,2,2,2,1908,FULFILLED,ARS,32400.0,6804.0,0.0,39204.0
9366,208,1347,2,3,3,737,FULFILLED,ARS,37762.5,7930.12,0.0,45692.62
9367,320,173,1,,2865,2334,PAID,ARS,24696.0,5186.16,1200.0,31082.16
9368,137,1026,2,4,4,1753,FULFILLED,ARS,66045.0,13869.45,0.0,79914.45
9369,93,850,2,4,4,3101,PAID,ARS,44100.0,9261.0,0.0,53361.0
9370,210,736,1,,3117,2206,FULFILLED,ARS,32400.0,6804.0,1200.0,40404.0
9371,9,1339,2,3,3,436,CREATED,ARS,63450.0,13324.5,0.0,76774.5
9372,324,573,1,,1668,2437,PAID,ARS,34200.0,7182.0,1500.0,42882.0
9373,432,1409,2,1,1,1833,FULFILLED,ARS,28350.0,5953.5,0.0,34303.5
9374,470,363,1,,1230,1516,REFUNDED,ARS,35280.0,7408.8,900.0,43588.8
9375,243,33,2,4,4,383,FULFILLED,ARS,72900.0,15309.0,0.0,88209.0
9376,267,1433,2,4,4,772,CANCELLED,ARS,40500.0,8505.0,0.0,49005.0
9377,309,873,2,2,2,484,FULFILLED,ARS,52500.0,11025.0,0.0,63525.0
9378,315,270,1,,225,,FULFILLED,ARS,53325.0,11198.25,1200.0,65723.25
9379,333,1328,1,,247,,REFUNDED,ARS,63180.0,13267.8,0.0,76447.8
9380,273,730,2,3,3,2318,PAID,ARS,44887.5,9426.38,0.0,54313.88
9381,600,116,2,3,3,746,FULFILLED,ARS,11400.0,2394.0,0.0,13794.0
9382,544,1485,1,,2653,1613,FULFILLED,ARS,11400.0,2394.0,1200.0,14994.0
9383,374,1405,2,3,3,2705,CREATED,ARS,22800.0,4788.0,0.0,27588.0
9384,45,652,1,,1888,2546,REFUNDED,ARS,32400.0,6804.0,1200.0,40404.0
9385,248,979,1,,2070,669,FULFILLED,ARS,64740.0,13595.4,1200.0,79535.4
9386,484,275,1,,1366,9,FULFILLED,ARS,42750.0,8977.5,1200.0,52927.5
9387,546,1131,2,3,3,1563,FULFILLED,ARS,12000.0,2520.0,0.0,14520.0
9388,553,1108,1,,2551,1226,FULFILLED,ARS,35280.0,7408.8,1200.0,43888.8
9389,141,1176,1,,1713,1981,PAID,ARS,45000.0,9450.0,900.0,55350.0
9390,57,1435,1,,3197,2146,FULFILLED,ARS,90750.0,19057.5,1500.0,111307.5
9391,304,872,1,,2452,1422,FULFILLED,ARS,40500.0,8505.0,1200.0,50205.0
9392,436,1098,1,,928,920,FULFILLED,ARS,28500.0,5985.0,1200.0,35685.0
9393,2,287,1,,1586,,FULFILLED,ARS,66690.0,14004.9,900.0,81594.9
9394,610,1496,2,1,1,2921,FULFILLED,ARS,34200.0,7182.0,0.0,41382.0
9395,409,712,2,3,3,1829,FULFILLED,ARS,26460.0,5556.6,0.0,32016.6
9396,237,607,2,2,2,2086,FULFILLED,ARS,71280.0,14968.8,0.0,86248.8
9397,250,25,1,,293,1640,FULFILLED,ARS,68400.0,14364.0,1200.0,83964.0
9398,92,571,2,2,2,2402,FULFILLED,ARS,36000.0,7560.0,0.0,43560.0
9399,597,1444,2,4,4,1466,PAID,ARS,31500.0,6615.0,0.0,38115.0
9400,384,461,1,,1082,1777,FULFILLED,ARS,10800.0,2268.0,1500.0,14568.0
9401,452,1346,1,,2343,1765,PAID,ARS,27000.0,5670.0,1200.0,33870.0
9402,570,226,2,3,3,1239,FULFILLED,ARS,35850.0,7528.5,0.0,43378.5
9403,630,931,1,,226,2960,FULFILLED,ARS,14250.0,2992.5,0.0,17242.5
9404,530,523,1,,933,2047,FULFILLED,ARS,62280.0,13078.8,0.0,75358.8
9405,19,330,1,,1855,2565,REFUNDED,ARS,26700.0,5607.0,0.0,32307.0
9406,372,261,1,,2653,439,FULFILLED,ARS,34020.0,7144.2,900.0,42064.2
9407,42,325,2,4,4,2545,FULFILLED,ARS,40500.0,8505.0,0.0,49005.0
9408,64,751,2,1,1,,FULFILLED,ARS,42552.0,8935.92,0.0,51487.92
9409,524,1156,2,1,1,1110,CREATED,ARS,69120.0,14515.2,0.0,83635.2
9410,434,393,2,3,3,430,FULFILLED,ARS,53808.0,11299.68,0.0,65107.68
9411,524,3,1,,446,881,FULFILLED,ARS,31350.0,6583.5,900.0,38833.5
9412,420,801,2,4,4,2182,FULFILLED,ARS,10800.0,2268.0,0.0,13068.0
9413,179,85,1,,942,2686,CANCELLED,ARS,30000.0,6300.0,1200.0,37500.0
9414,423,808,1,,1248,,FULFILLED,ARS,11970.0,2513.7,1500.0,15983.7
9415,274,251,2,3,3,1185,FULFILLED,ARS,27195.0,5710.95,0.0,32905.95
9416,487,233,2,2,2,2252,FULFILLED,ARS,41160.0,8643.6,0.0,49803.6
9417,567,937,1,,362,1744,FULFILLED,ARS,48000.0,10080.0,1200.0,59280.0
9418,500,1094,1,,772,2204,PAID,ARS,11400.0,2394.0,1200.0,14994.0
9419,635,47,1,,490,1741,PAID,ARS,58800.0,12348.0,900.0,72048.0
9420,411,667,1,,256,2283,FULFILLED,ARS,14250.0,2992.5,900.0,18142.5
9421,454,827,1,,321,3085,FULFILLED,ARS,87570.0,18389.7,1200.0,107159.7
9422,84,143,1,,185,940,PAID,ARS,35910.0,7541.1,900.0,44351.1
9423,383,797,1,,2583,2705,PAID,ARS,14250.0,2992.5,1200.0,18442.5
9424,395,85,2,2,2,1443,FULFILLED,ARS,11760.0,2469.6,0.0,14229.6
9425,86,183,1,,1834,3146,CREATED,ARS,12936.0,2716.56,900.0,16552.56
9426,216,980,2,3,3,2204,PAID,ARS,46200.0,9702.0,0.0,55902.0
9427,539,576,2,3,3,1530,CANCELLED,ARS,35640.0,7484.4,0.0,43124.4
9428,465,1319,1,,2573,2535,FULFILLED,ARS,32400.0,6804.0,900.0,40104.0
9429,624,474,2,1,1,27,FULFILLED,ARS,50610.0,10628.1,0.0,61238.1
9430,413,809,1,,1693,1380,FULFILLED,ARS,24000.0,5040.0,1500.0,30540.0
9431,395,528,1,,2657,184,FULFILLED,ARS,40500.0,8505.0,900.0,49905.0
9432,536,1268,1,,1333,1144,FULFILLED,ARS,78750.0,16537.5,900.0,96187.5
9433,332,1028,1,,1261,845,FULFILLED,ARS,73800.0,15498.0,1500.0,90798.0
9434,120,1223,2,3,3,985,FULFILLED,ARS,31500.0,6615.0,0.0,38115.0
9435,600,138,1,,282,2002,PAID,ARS,14250.0,2992.5,1200.0,18442.5
9436,394,634,2,1,1,2595,FULFILLED,ARS,14175.0,2976.75,0.0,17151.75
9437,277,1461,2,4,4,3111,FULFILLED,ARS,42525.0,8930.25,0.0,51455.25
9438,353,621,2,4,4,,FULFILLED,ARS,39270.0,8246.7,0.0,47516.7
9439,496,375,1,,2884,,FULFILLED,ARS,42750.0,8977.5,1500.0,53227.5
9440,456,147,1,,3098,671,FULFILLED,ARS,57000.0,11970.0,1500.0,70470.0
9441,609,305,1,,705,2446,PAID,ARS,21600.0,4536.0,1200.0,27336.0
9442,24,562,1,,2360,1148,CANCELLED,ARS,44400.0,9324.0,900.0,54624.0
9443,270,1484,2,2,2,1925,PAID,ARS,10800.0,2268.0,0.0,13068.0
9444,380,1022,1,,1490,3117,FULFILLED,ARS,11760.0,2469.6,1500.0,15729.6
9445,29,1082,2,4,4,312,FULFILLED,ARS,15675.0,3291.75,0.0,18966.75
9446,40,1475,1,,1059,2576,FULFILLED,ARS,56520.0,11869.2,900.0,69289.2
9447,308,670,1,,1928,2413,FULFILLED,ARS,60000.0,12600.0,1200.0,73800.0
9448,501,836,2,1,1,3168,FULFILLED,ARS,22608.0,4747.68,0.0,27355.68
9449,36,1344,1,,2780,2875,PAID,ARS,11400.0,2394.0,900.0,14694.0
9450,339,524,2,2,2,735,FULFILLED,ARS,23520.0,4939.2,0.0,28459.2
9451,443,1207,2,4,4,1402,FULFILLED,ARS,22800.0,4788.0,0.0,27588.0
9452,247,985,2,4,4,148,FULFILLED,ARS,35280.0,7408.8,0.0,42688.8
9453,399,90,2,1,1,919,FULFILLED,ARS,12000.0,2520.0,0.0,14520.0
9454,45,1200,1,,1605,306,CANCELLED,ARS,45000.0,9450.0,900.0,55350.0
9455,349,1376,1,,777,2266,FULFILLED,ARS,12000.0,2520.0,900.0,15420.0
9456,566,752,1,,1049,2871,FULFILLED,ARS,27000.0,5670.0,900.0,33570.0
9457,385,1084,2,3,3,1263,FULFILLED,ARS,39690.0,8334.9,0.0,48024.9
9458,367,439,1,,1212,2478,FULFILLED,ARS,21600.0,4536.0,900.0,27036.0
9459,534,1228,1,,1540,1049,FULFILLED,ARS,31500.0,6615.0,1500.0,39615.0
9460,235,1289,1,,2407,835,PAID,ARS,13230.0,2778.3,0.0,16008.3
9461,111,523,2,4,4,1393,FULFILLED,ARS,31500.0,6615.0,0.0,38115.0
9462,430,1377,2,1,1,666,FULFILLED,ARS,33600.0,7056.0,0.0,40656.0
9463,504,184,2,3,3,2799,CANCELLED,ARS,30000.0,6300.0,0.0,36300.0
9464,501,1168,2,1,1,1383,FULFILLED,ARS,14700.0,3087.0,0.0,17787.0
9465,170,1332,2,1,1,1430,FULFILLED,ARS,26250.0,5512.5,0.0,31762.5
9466,148,254,2,1,1,874,PAID,ARS,22740.0,4775.4,0.0,27515.4
9467,264,826,1,,1420,2507,FULFILLED,ARS,34200.0,7182.0,1200.0,42582.0
9468,519,166,2,2,2,342,PAID,ARS,93300.0,19593.0,0.0,112893.0
9469,156,397,1,,2592,1250,FULFILLED,ARS,83250.0,17482.5,1200.0,101932.5
9470,209,152,1,,2509,2583,PAID,ARS,74880.0,15724.8,1500.0,92104.8
9471,91,1374,2,3,3,619,FULFILLED,ARS,30000.0,6300.0,0.0,36300.0
9472,618,521,2,3,3,727,FULFILLED,ARS,20520.0,4309.2,0.0,24829.2
9473,474,1117,1,,2371,1877,REFUNDED,ARS,42750.0,8977.5,0.0,51727.5
9474,422,849,2,4,4,984,FULFILLED,ARS,21600.0,4536.0,0.0,26136.0
9475,612,1182,1,,2587,821,FULFILLED,ARS,12600.0,2646.0,1200.0,16446.0
9476,385,121,2,4,4,2747,PAID,ARS,12600.0,2646.0,0.0,15246.0
9477,484,71,1,,575,964,FULFILLED,ARS,36000.0,7560.0,900.0,44460.0
9478,259,841,2,2,2,2063,FULFILLED,ARS,36000.0,7560.0,0.0,43560.0
9479,81,1224,1,,1044,,FULFILLED,ARS,44100.0,9261.0,0.0,53361.0
9480,446,719,1,,514,618,FULFILLED,ARS,11880.0,2494.8,1200.0,15574.8
9481,608,663,2,2,2,1267,PAID,ARS,29925.0,6284.25,0.0,36209.25
9482,9,351,2,4,4,1911,CANCELLED,ARS,72540.0,15233.4,0.0,87773.4
9483,576,856,1,,2872,1282,FULFILLED,ARS,11400.0,2394.0,900.0,14694.0
9484,429,158,1,,3074,1848,FULFILLED,ARS,28500.0,5985.0,1200.0,35685.0
9485,605,321,1,,828,843,FULFILLED,ARS,13500.0,2835.0,900.0,17235.0
9486,310,1033,1,,1395,797,FULFILLED,ARS,37044.0,7779.24,900.0,45723.24
9487,225,570,2,3,3,1061,FULFILLED,ARS,45000.0,9450.0,0.0,54450.0
9488,15,1496,2,2,2,70,FULFILLED,ARS,12000.0,2520.0,0.0,14520.0
9489,543,1464,2,1,1,1262,FULFILLED,ARS,40500.0,8505.0,0.0,49005.0
9490,24,300,2,2,2,1113,FULFILLED,ARS,22800.0,4788.0,0.0,27588.0
9491,511,238,2,4,4,,FULFILLED,ARS,29400.0,6174.0,0.0,35574.0
9492,440,659,1,,945,,FULFILLED,ARS,12348.0,2593.08,900.0,15841.08
9493,244,1170,2,4,4,2742,PAID,ARS,11880.0,2494.8,0.0,14374.8
9494,15,874,2,4,4,540,FULFILLED,ARS,47250.0,9922.5,0.0,57172.5
9495,324,1202,2,3,3,2298,PAID,ARS,36000.0,7560.0,0.0,43560.0
9496,93,12,2,2,2,2654,CANCELLED,ARS,15000.0,3150.0,0.0,18150.0
9497,466,220,2,4,4,2488,FULFILLED,ARS,34020.0,7144.2,0.0,41164.2
9498,113,535,1,,2637,2480,PAID,ARS,12540.0,2633.4,1500.0,16673.4
9499,249,1224,2,1,1,1329,FULFILLED,ARS,34200.0,7182.0,0.0,41382.0
9500,598,391,1,,547,,PAID,ARS,28500.0,5985.0,1200.0,35685.0
9501,261,22,1,,166,2765,FULFILLED,ARS,24000.0,5040.0,1500.0,30540.0
9502,312,679,1,,1873,3140,FULFILLED,ARS,49200.0,10332.0,1200.0,60732.0
9503,308,906,1,,2113,345,FULFILLED,ARS,37044.0,7779.24,900.0,45723.24
9504,77,705,1,,2560,2173,FULFILLED,ARS,12348.0,2593.08,900.0,15841.08
9505,240,281,2,3,3,3179,FULFILLED,ARS,28500.0,5985.0,0.0,34485.0
9506,448,672,1,,653,496,FULFILLED,ARS,40500.0,8505.0,900.0,49905.0
9507,607,1239,1,,1821,1830,PAID,ARS,22800.0,4788.0,1200.0,28788.0
9508,569,1058,2,1,1,2340,PAID,ARS,11340.0,2381.4,0.0,13721.4
9509,159,371,1,,2542,,FULFILLED,ARS,44100.0,9261.0,0.0,53361.0
9510,116,1297,1,,2625,2253,FULFILLED,ARS,23520.0,4939.2,1500.0,29959.2
9511,329,528,2,3,3,2807,FULFILLED,ARS,40200.0,8442.0,0.0,48642.0
9512,354,1432,1,,3111,2881,FULFILLED,ARS,44100.0,9261.0,900.0,54261.0
9513,545,1293,2,2,2,,FULFILLED,ARS,32400.0,6804.0,0.0,39204.0
9514,309,985,1,,2389,33,PAID,ARS,41700.0,8757.0,1200.0,51657.0
9515,31,478,1,,775,,FULFILLED,ARS,21600.0,4536.0,1500.0,27636.0
9516,6,752,1,,658,150,PAID,ARS,34200.0,7182.0,900.0,42282.0
9517,584,892,1,,2662,353,CREATED,ARS,48000.0,10080.0,900.0,58980.0
9518,279,1308,1,,1381,1531,FULFILLED,ARS,30000.0,6300.0,1200.0,37500.0
9519,479,59,2,3,3,288,FULFILLED,ARS,44400.0,9324.0,0.0,53724.0
9520,63,643,1,,2777,3200,REFUNDED,ARS,28848.0,6058.08,900.0,35806.08
9521,557,994,1,,404,2664,FULFILLED,ARS,30000.0,6300.0,900.0,37200.0
9522,89,165,2,1,1,1232,FULFILLED,ARS,13500.0,2835.0,0.0,16335.0
9523,584,1275,1,,389,161,PAID,ARS,25650.0,5386.5,1500.0,32536.5
9524,624,987,1,,397,2395,FULFILLED,ARS,27000.0,5670.0,1500.0,34170.0
9525,216,117,1,,1730,2082,FULFILLED,ARS,30000.0,6300.0,0.0,36300.0
9526,144,1315,2,3,3,750,PAID,ARS,36450.0,7654.5,0.0,44104.5
9527,460,517,1,,279,1884,FULFILLED,ARS,99900.0,20979.0,1200.0,122079.0
9528,147,1256,2,3,3,1289,FULFILLED,ARS,16170.0,3395.7,0.0,19565.7
9529,439,486,2,1,1,622,PAID,ARS,25650.0,5386.5,0.0,31036.5
9530,373,1132,1,,625,,CANCELLED,ARS,37044.0,7779.24,1500.0,46323.24
9531,491,139,2,1,1,695,CREATED,ARS,34200.0,7182.0,0.0,41382.0
9532,599,1330,1,,1537,569,PAID,ARS,42750.0,8977.5,900.0,52627.5
9533,615,1495,1,,2590,554,FULFILLED,ARS,63510.0,13337.1,1500.0,78347.1
9534,580,825,1,,2113,2313,FULFILLED,ARS,37620.0,7900.2,1500.0,47020.2
9535,266,538,2,1,1,3054,CANCELLED,ARS,27000.0,5670.0,0.0,32670.0
9536,97,264,2,1,1,,FULFILLED,ARS,10260.0,2154.6,0.0,12414.6
9537,588,216,1,,3068,1053,FULFILLED,ARS,44100.0,9261.0,1200.0,54561.0
9538,85,314,1,,1369,1082,CANCELLED,ARS,27000.0,5670.0,0.0,32670.0
9539,238,552,2,3,3,57,FULFILLED,ARS,37620.0,7900.2,0.0,45520.2
9540,269,1111,1,,177,435,PAID,ARS,28500.0,5985.0,1200.0,35685.0
9541,356,11,1,,2114,2441,FULFILLED,ARS,29400.0,6174.0,1500.0,37074.0
9542,383,857,2,1,1,2432,PAID,ARS,44887.5,9426.38,0.0,54313.88
9543,555,359,1,,1822,1089,FULFILLED,ARS,58080.0,12196.8,900.0,71176.8
9544,102,1207,2,3,3,2009,FULFILLED,ARS,15000.0,3150.0,0.0,18150.0
9545,160,1341,1,,1936,1775,PAID,ARS,88890.0,18666.9,1200.0,108756.9
9546,203,1297,1,,676,2472,CANCELLED,ARS,29400.0,6174.0,900.0,36474.0
9547,552,1343,1,,695,1436,FULFILLED,ARS,59760.0,12549.6,900.0,73209.6
9548,454,1391,1,,2475,1737,FULFILLED,ARS,14700.0,3087.0,1200.0,18987.0
9549,256,1491,2,4,4,,REFUNDED,ARS,27000.0,5670.0,0.0,32670.0
9550,17,1173,1,,2897,,FULFILLED,ARS,35280.0,7408.8,1500.0,44188.8
9551,21,299,1,,2714,2211,FULFILLED,ARS,19440.0,4082.4,1500.0,25022.4
9552,368,561,1,,2098,2033,FULFILLED,ARS,77760.0,16329.6,1200.0,95289.6
9553,196,786,1,,2501,326,FULFILLED,ARS,10800.0,2268.0,900.0,13968.0
9554,552,1,1,,2668,2247,FULFILLED,ARS,12150.0,2551.5,1200.0,15901.5
9555,559,712,1,,2739,,FULFILLED,ARS,14962.5,3142.12,1500.0,19604.62
9556,434,1172,1,,557,2868,FULFILLED,ARS,29400.0,6174.0,1200.0,36774.0
9557,489,687,2,1,1,2934,FULFILLED,ARS,28350.0,5953.5,0.0,34303.5
9558,5,162,1,,2087,250,CREATED,ARS,40500.0,8505.0,1500.0,50505.0
9559,566,493,1,,447,2736,PAID,ARS,32400.0,6804.0,900.0,40104.0
9560,343,1118,2,3,3,2241,FULFILLED,ARS,54150.0,11371.5,0.0,65521.5
9561,205,795,1,,2780,2236,CANCELLED,ARS,36000.0,7560.0,900.0,44460.0
9562,354,1074,1,,2021,688,FULFILLED,ARS,45000.0,9450.0,900.0,55350.0
9563,311,476,1,,2053,,PAID,ARS,33000.0,6930.0,1200.0,41130.0
9564,269,1450,2,3,3,2865,CANCELLED,ARS,12936.0,2716.56,0.0,15652.56
9565,392,104,1,,1108,574,PAID,ARS,56700.0,11907.0,1200.0,69807.0
9566,220,284,1,,3175,1398,FULFILLED,ARS,34200.0,7182.0,1200.0,42582.0
9567,637,1322,1,,2516,991,FULFILLED,ARS,36000.0,7560.0,1500.0,45060.0
9568,156,445,2,4,4,762,CREATED,ARS,35280.0,7408.8,0.0,42688.8
9569,156,1380,1,,1014,1492,CANCELLED,ARS,38808.0,8149.68,0.0,46957.68
9570,324,750,1,,1866,1766,PAID,ARS,37800.0,7938.0,1200.0,46938.0
9571,633,241,1,,147,2854,FULFILLED,ARS,27570.0,5789.7,0.0,33359.7
9572,631,513,2,1,1,2406,FULFILLED,ARS,23940.0,5027.4,0.0,28967.4
9573,95,1425,1,,1143,3050,FULFILLED,ARS,72000.0,15120.0,1200.0,88320.0
9574,544,1107,1,,626,1676,CANCELLED,ARS,48150.0,10111.5,1500.0,59761.5
9575,213,423,1,,9,1359,FULFILLED,ARS,38220.0,8026.2,900.0,47146.2
9576,248,1465,2,1,1,,FULFILLED,ARS,55200.0,11592.0,0.0,66792.0
9577,552,674,2,1,1,1282,FULFILLED,ARS,39600.0,8316.0,0.0,47916.0
9578,536,128,2,3,3,2172,FULFILLED,ARS,23520.0,4939.2,0.0,28459.2
9579,102,78,1,,2464,2779,FULFILLED,ARS,27000.0,5670.0,1200.0,33870.0
9580,186,216,1,,2967,,FULFILLED,ARS,40500.0,8505.0,1200.0,50205.0
9581,578,666,1,,2504,2458,FULFILLED,ARS,43935.0,9226.35,0.0,53161.35
9582,190,842,1,,1143,744,FULFILLED,ARS,10800.0,2268.0,900.0,13968.0
9583,466,1154,2,1,1,2710,FULFILLED,ARS,19440.0,4082.4,0.0,23522.4
9584,16,548,2,2,2,1520,FULFILLED,ARS,51030.0,10716.3,0.0,61746.3
9585,127,1287,1,,1309,,FULFILLED,ARS,29700.0,6237.0,900.0,36837.0
9586,85,1322,1,,1564,1638,FULFILLED,ARS,37044.0,7779.24,1200.0,46023.24
9587,231,487,2,4,4,441,FULFILLED,ARS,32400.0,6804.0,0.0,39204.0
9588,107,1003,1,,273,2570,FULFILLED,ARS,34200.0,7182.0,900.0,42282.0
9589,576,445,1,,413,2914,FULFILLED,ARS,24000.0,5040.0,900.0,29940.0
9590,125,402,1,,3106,560,FULFILLED,ARS,71280.0,14968.8,900.0,87148.8
9591,158,925,2,2,2,1027,FULFILLED,ARS,24000.0,5040.0,0.0,29040.0
9592,557,1308,2,4,4,2424,FULFILLED,ARS,42660.0,8958.6,0.0,51618.6
9593,549,995,2,2,2,742,FULFILLED,ARS,14250.0,2992.5,0.0,17242.5
9594,564,539,2,4,4,577,FULFILLED,ARS,34200.0,7182.0,0.0,41382.0
9595,597,1340,1,,173,2088,FULFILLED,ARS,34200.0,7182.0,1200.0,42582.0
9596,400,1072,1,,2568,2222,CANCELLED,ARS,37212.0,7814.52,900.0,45926.52
9597,100,942,2,3,3,,FULFILLED,ARS,42750.0,8977.5,0.0,51727.5
9598,58,1270,1,,1689,500,CANCELLED,ARS,33750.0,7087.5,900.0,41737.5
9599,368,929,1,,2311,849,FULFILLED,ARS,35640.0,7484.4,1200.0,44324.4
9600,431,1487,2,1,1,1072,PAID,ARS,37620.0,7900.2,0.0,45520.2
9601,80,437,2,1,1,816,PAID,ARS,39690.0,8334.9,0.0,48024.9
9602,351,554,1,,2825,1785,FULFILLED,ARS,19440.0,4082.4,900.0,24422.4
9603,2,948,1,,762,622,FULFILLED,ARS,15000.0,3150.0,1200.0,19350.0
9604,199,397,1,,817,2689,FULFILLED,ARS,42336.0,8890.56,0.0,51226.56
9605,105,988,2,4,4,1373,PAID,ARS,19440.0,4082.4,0.0,23522.4
9606,540,1216,1,,1285,2989,FULFILLED,ARS,28500.0,5985.0,1500.0,35985.0
9607,632,503,2,3,3,181,FULFILLED,ARS,15435.0,3241.35,0.0,18676.35
9608,111,687,1,,988,,FULFILLED,ARS,59940.0,12587.4,1200.0,73727.4
9609,148,1278,1,,1525,485,PAID,ARS,66372.0,13938.12,1200.0,81510.12
9610,227,114,2,2,2,,PAID,ARS,10800.0,2268.0,0.0,13068.0
9611,241,1315,2,3,3,937,PAID,ARS,42750.0,8977.5,0.0,51727.5
9612,194,436,1,,2842,1089,PAID,ARS,44040.0,9248.4,1200.0,54488.4
9613,3,54,1,,2412,1842,CANCELLED,ARS,51096.0,10730.16,1200.0,63026.16
9614,527,887,1,,2563,2613,FULFILLED,ARS,47250.0,9922.5,1200.0,58372.5
9615,599,852,2,1,1,1859,FULFILLED,ARS,29400.0,6174.0,0.0,35574.0
9616,153,176,1,,2740,927,CREATED,ARS,40500.0,8505.0,1500.0,50505.0
9617,360,996,2,1,1,32,FULFILLED,ARS,90480.0,19000.8,0.0,109480.8
9618,260,942,1,,2300,2625,PAID,ARS,38475.0,8079.75,900.0,47454.75
9619,190,909,2,1,1,3012,CANCELLED,ARS,66487.5,13962.38,0.0,80449.88
9620,493,610,1,,1698,1263,PAID,ARS,13230.0,2778.3,0.0,16008.3
9621,529,79,2,2,2,1233,FULFILLED,ARS,65550.0,13765.5,0.0,79315.5
9622,280,1003,1,,3001,866,FULFILLED,ARS,47025.0,9875.25,900.0,57800.25
9623,440,1140,2,1,1,2102,CANCELLED,ARS,29400.0,6174.0,0.0,35574.0
9624,2,887,1,,151,,PAID,ARS,31350.0,6583.5,0.0,37933.5
9625,466,396,2,1,1,455,FULFILLED,ARS,22680.0,4762.8,0.0,27442.8
9626,285,1193,1,,1882,646,PAID,ARS,81360.0,17085.6,1200.0,99645.6
9627,617,1010,1,,269,,FULFILLED,ARS,39600.0,8316.0,1200.0,49116.0
9628,69,327,1,,1433,646,PAID,ARS,24000.0,5040.0,1500.0,30540.0
9629,194,368,2,2,2,991,PAID,ARS,12936.0,2716.56,0.0,15652.56
9630,203,961,2,2,2,2706,PAID,ARS,35280.0,7408.8,0.0,42688.8
9631,393,52,1,,1945,1119,FULFILLED,ARS,83475.0,17529.75,1500.0,102504.75
9632,350,1300,2,2,2,3164,PAID,ARS,47025.0,9875.25,0.0,56900.25
9633,294,1079,1,,1339,675,FULFILLED,ARS,21600.0,4536.0,1500.0,27636.0
9634,82,1168,2,1,1,2127,FULFILLED,ARS,46305.0,9724.05,0.0,56029.05
9635,543,1254,1,,978,2146,FULFILLED,ARS,45000.0,9450.0,900.0,55350.0
9636,85,277,1,,793,2126,CREATED,ARS,24000.0,5040.0,900.0,29940.0
9637,593,1252,2,2,2,2840,PAID,ARS,29400.0,6174.0,0.0,35574.0
9638,83,999,1,,931,1101,PAID,ARS,12000.0,2520.0,1500.0,16020.0
9639,574,907,1,,1117,772,FULFILLED,ARS,40500.0,8505.0,1200.0,50205.0
9640,360,812,1,,2559,2155,PAID,ARS,30000.0,6300.0,900.0,37200.0
9641,357,240,1,,1557,3183,FULFILLED,ARS,35280.0,7408.8,1200.0,43888.8
9642,54,1146,1,,459,1588,FULFILLED,ARS,44887.5,9426.38,900.0,55213.88
9643,480,1009,1,,2954,2810,FULFILLED,ARS,12540.0,2633.4,900.0,16073.4
9644,392,1059,2,3,3,3134,FULFILLED,ARS,96570.0,20279.7,0.0,116849.7
9645,100,1176,2,1,1,,FULFILLED,ARS,54870.0,11522.7,0.0,66392.7
9646,190,637,1,,1547,2450,FULFILLED,ARS,36000.0,7560.0,1500.0,45060.0
9647,143,1455,1,,153,398,CANCELLED,ARS,42750.0,8977.5,1200.0,52927.5
9648,116,696,1,,3049,2659,PAID,ARS,14700.0,3087.0,0.0,17787.0
9649,430,224,1,,3197,,FULFILLED,ARS,16170.0,3395.7,1500.0,21065.7
9650,439,1494,1,,172,591,FULFILLED,ARS,36600.0,7686.0,900.0,45186.0
9651,615,1022,1,,3059,2270,PAID,ARS,21384.0,4490.64,1200.0,27074.64
9652,570,1463,1,,1970,1192,FULFILLED,ARS,41400.0,8694.0,900.0,50994.0
9653,316,714,1,,439,26,FULFILLED,ARS,42750.0,8977.5,1200.0,52927.5
9654,352,714,1,,1200,501,FULFILLED,ARS,15000.0,3150.0,1200.0,19350.0
9655,630,1458,2,2,2,2831,FULFILLED,ARS,21168.0,4445.28,0.0,25613.28
9656,428,239,2,2,2,275,PAID,ARS,54510.0,11447.1,0.0,65957.1
9657,635,525,1,,1054,,REFUNDED,ARS,45000.0,9450.0,1200.0,55650.0
9658,142,647,1,,1245,1012,PAID,ARS,31350.0,6583.5,1500.0,39433.5
9659,416,195,1,,118,940,FULFILLED,ARS,40635.0,8533.35,1200.0,50368.35
9660,187,558,2,4,4,1752,FULFILLED,ARS,30000.0,6300.0,0.0,36300.0
9661,533,1248,2,2,2,294,PAID,ARS,33120.0,6955.2,0.0,40075.2
9662,341,409,1,,2135,1889,FULFILLED,ARS,35280.0,7408.8,900.0,43588.8
9663,506,973,1,,328,117,CANCELLED,ARS,23940.0,5027.4,900.0,29867.4
9664,136,642,1,,1951,2267,REFUNDED,ARS,25080.0,5266.8,1500.0,31846.8
9665,314,533,1,,617,2804,FULFILLED,ARS,22800.0,4788.0,900.0,28488.0
9666,593,591,1,,2601,1095,FULFILLED,ARS,24000.0,5040.0,1200.0,30240.0
9667,164,919,1,,2531,615,FULFILLED,ARS,64980.0,13645.8,900.0,79525.8
9668,182,578,1,,1646,2652,PAID,ARS,21600.0,4536.0,0.0,26136.0
9669,334,1238,2,3,3,1703,FULFILLED,ARS,30000.0,6300.0,0.0,36300.0
9670,361,614,1,,532,1403,PAID,ARS,79740.0,16745.4,1500.0,97985.4
9671,263,142,2,1,1,250,PAID,ARS,59976.0,12594.96,0.0,72570.96
9672,489,1046,2,4,4,2986,FULFILLED,ARS,14700.0,3087.0,0.0,17787.0
9673,209,127,1,,1684,1543,FULFILLED,ARS,41400.0,8694.0,0.0,50094.0
9674,242,1372,1,,2104,2165,FULFILLED,ARS,11400.0,2394.0,900.0,14694.0
9675,569,238,1,,2429,113,FULFILLED,ARS,10800.0,2268.0,1200.0,14268.0
9676,535,1389,2,4,4,2710,FULFILLED,ARS,14250.0,2992.5,0.0,17242.5
9677,93,118,1,,3003,1508,CANCELLED,ARS,37044.0,7779.24,900.0,45723.24
9678,389,1047,2,3,3,380,CANCELLED,ARS,57000.0,11970.0,0.0,68970.0
9679,204,565,1,,3012,3054,FULFILLED,ARS,14700.0,3087.0,1500.0,19287.0
9680,478,499,1,,1578,218,REFUNDED,ARS,27000.0,5670.0,1200.0,33870.0
9681,194,252,1,,1099,445,FULFILLED,ARS,63900.0,13419.0,1200.0,78519.0
9682,576,1272,1,,265,3009,FULFILLED,ARS,34200.0,7182.0,1200.0,42582.0
9683,282,1402,2,3,3,1370,FULFILLED,ARS,35280.0,7408.8,0.0,42688.8
9684,352,410,2,4,4,1330,FULFILLED,ARS,37620.0,7900.2,0.0,45520.2
9685,128,165,1,,1963,2565,FULFILLED,ARS,72000.0,15120.0,900.0,88020.0
9686,124,1065,2,4,4,2734,FULFILLED,ARS,31752.0,6667.92,0.0,38419.92
9687,176,1296,2,2,2,3204,FULFILLED,ARS,28500.0,5985.0,0.0,34485.0
9688,383,855,1,,82,459,FULFILLED,ARS,94020.0,19744.2,1500.0,115264.2
9689,205,1238,1,,2283,2060,PAID,ARS,14700.0,3087.0,1200.0,18987.0
9690,564,912,1,,2112,1797,CANCELLED,ARS,76950.0,16159.5,0.0,93109.5
9691,352,1104,2,4,4,2942,FULFILLED,ARS,21600.0,4536.0,0.0,26136.0
9692,421,659,1,,1320,1179,FULFILLED,ARS,45000.0,9450.0,1200.0,55650.0
9693,121,220,2,3,3,,PAID,ARS,23520.0,4939.2,0.0,28459.2
9694,608,1198,1,,2372,1448,CANCELLED,ARS,69000.0,14490.0,1500.0,84990.0
9695,20,409,2,4,4,772,FULFILLED,ARS,36450.0,7654.5,0.0,44104.5
9696,176,839,1,,818,329,FULFILLED,ARS,10584.0,2222.64,900.0,13706.64
9697,294,80,1,,1628,1088,FULFILLED,ARS,14250.0,2992.5,900.0,18142.5
9698,99,1330,1,,1029,2368,FULFILLED,ARS,24000.0,5040.0,900.0,29940.0
9699,65,1104,1,,800,1525,FULFILLED,ARS,11340.0,2381.4,1200.0,14921.4
9700,373,749,1,,2171,1981,PAID,ARS,24696.0,5186.16,900.0,30782.16
9701,538,719,1,,2851,1156,FULFILLED,ARS,19440.0,4082.4,1200.0,24722.4
9702,503,809,1,,1955,2342,FULFILLED,ARS,28770.0,6041.7,900.0,35711.7
9703,569,1284,1,,2419,855,FULFILLED,ARS,14250.0,2992.5,900.0,18142.5
9704,258,1354,1,,355,3021,FULFILLED,ARS,34200.0,7182.0,900.0,42282.0
9705,275,653,1,,1779,,FULFILLED,ARS,19440.0,4082.4,1200.0,24722.4
9706,588,351,1,,2666,930,FULFILLED,ARS,53400.0,11214.0,900.0,65514.0
9707,541,199,1,,1542,221,CANCELLED,ARS,64800.0,13608.0,1500.0,79908.0
9708,131,619,1,,1919,466,PAID,ARS,31500.0,6615.0,1200.0,39315.0
9709,259,1413,2,1,1,580,FULFILLED,ARS,22680.0,4762.8,0.0,27442.8
9710,131,467,2,4,4,91,FULFILLED,ARS,11760.0,2469.6,0.0,14229.6
9711,246,338,2,4,4,,FULFILLED,ARS,23940.0,5027.4,0.0,28967.4
9712,525,415,2,1,1,2352,FULFILLED,ARS,35910.0,7541.1,0.0,43451.1
9713,140,1337,2,2,2,2235,FULFILLED,ARS,10800.0,2268.0,0.0,13068.0
9714,73,444,1,,661,2399,FULFILLED,ARS,14700.0,3087.0,0.0,17787.0
9715,615,812,1,,181,424,FULFILLED,ARS,44400.0,9324.0,0.0,53724.0
9716,459,265,1,,732,1787,FULFILLED,ARS,45030.0,9456.3,1200.0,55686.3
9717,517,748,2,1,1,2943,CANCELLED,ARS,21600.0,4536.0,0.0,26136.0
9718,50,945,1,,960,1240,FULFILLED,ARS,13500.0,2835.0,1200.0,17535.0
9719,61,1347,2,2,2,1051,FULFILLED,ARS,13230.0,2778.3,0.0,16008.3
9720,86,744,1,,1939,1898,PAID,ARS,32400.0,6804.0,900.0,40104.0
9721,219,1274,1,,2724,742,PAID,ARS,35343.0,7422.03,900.0,43665.03
9722,398,758,1,,1892,597,FULFILLED,ARS,15000.0,3150.0,900.0,19050.0
9723,217,851,1,,1262,2447,FULFILLED,ARS,11760.0,2469.6,900.0,15129.6
9724,214,1026,2,4,4,2021,FULFILLED,ARS,21600.0,4536.0,0.0,26136.0
9725,303,1185,1,,1229,2887,FULFILLED,ARS,22800.0,4788.0,900.0,28488.0
9726,341,193,1,,798,2953,FULFILLED,ARS,13500.0,2835.0,900.0,17235.0
9727,237,1322,1,,126,1052,CANCELLED,ARS,29400.0,6174.0,1200.0,36774.0
9728,557,1405,1,,686,956,FULFILLED,ARS,21600.0,4536.0,1200.0,27336.0
9729,3,757,1,,1078,1940,CREATED,ARS,28500.0,5985.0,1500.0,35985.0
9730,631,1146,2,2,2,2827,FULFILLED,ARS,57960.0,12171.6,0.0,70131.6
9731,182,404,2,2,2,2181,PAID,ARS,23520.0,4939.2,0.0,28459.2
9732,335,888,1,,39,1238,FULFILLED,ARS,28500.0,5985.0,1200.0,35685.0
9733,520,841,2,4,4,2078,FULFILLED,ARS,36000.0,7560.0,0.0,43560.0
9734,456,159,1,,450,1374,FULFILLED,ARS,37035.0,7777.35,1200.0,46012.35
9735,153,1376,2,1,1,1047,FULFILLED,ARS,26460.0,5556.6,0.0,32016.6
9736,492,1105,2,1,1,2446,FULFILLED,ARS,67260.0,14124.6,0.0,81384.6
9737,57,165,2,1,1,1410,FULFILLED,ARS,10260.0,2154.6,0.0,12414.6
9738,519,1356,1,,2611,1718,FULFILLED,ARS,21600.0,4536.0,900.0,27036.0
9739,249,692,2,1,1,41,FULFILLED,ARS,10260.0,2154.6,0.0,12414.6
9740,236,661,1,,2636,305,PAID,ARS,21600.0,4536.0,0.0,26136.0
9741,260,1170,2,2,2,1216,FULFILLED,ARS,21168.0,4445.28,0.0,25613.28
9742,150,195,2,2,2,1273,PAID,ARS,71100.0,14931.0,0.0,86031.0
9743,628,430,1,,766,192,PAID,ARS,68868.0,14462.28,1500.0,84830.28
9744,395,1087,2,4,4,745,FULFILLED,ARS,28350.0,5953.5,0.0,34303.5
9745,452,759,2,2,2,1945,FULFILLED,ARS,11970.0,2513.7,0.0,14483.7
9746,20,1419,1,,817,1496,FULFILLED,ARS,45000.0,9450.0,1200.0,55650.0
9747,12,423,1,,2217,,FULFILLED,ARS,12000.0,2520.0,900.0,15420.0
9748,202,1181,1,,2330,,FULFILLED,ARS,36000.0,7560.0,900.0,44460.0
9749,168,1457,1,,1011,,PAID,ARS,10800.0,2268.0,900.0,13968.0
9750,212,647,2,1,1,2573,FULFILLED,ARS,23940.0,5027.4,0.0,28967.4
9751,505,1451,1,,532,2869,FULFILLED,ARS,14250.0,2992.5,1200.0,18442.5
9752,316,809,2,1,1,1458,PAID,ARS,25260.0,5304.6,0.0,30564.6
9753,177,978,2,1,1,852,CANCELLED,ARS,24696.0,5186.16,0.0,29882.16
9754,476,1199,1,,2384,282,PAID,ARS,28350.0,5953.5,1200.0,35503.5
9755,121,1053,1,,299,2529,PAID,ARS,11760.0,2469.6,1500.0,15729.6
9756,54,1348,2,3,3,2028,FULFILLED,ARS,47250.0,9922.5,0.0,57172.5
9757,443,717,2,3,3,1635,FULFILLED,ARS,14250.0,2992.5,0.0,17242.5
9758,1,88,1,,1377,3086,FULFILLED,ARS,32400.0,6804.0,1200.0,40404.0
9759,304,938,2,4,4,3123,FULFILLED,ARS,57372.0,12048.12,0.0,69420.12
9760,251,1148,2,4,4,1963,FULFILLED,ARS,37800.0,7938.0,0.0,45738.0
9761,327,63,2,2,2,253,FULFILLED,ARS,45900.0,9639.0,0.0,55539.0
9762,524,835,1,,2485,2840,FULFILLED,ARS,46080.0,9676.8,1500.0,57256.8
9763,323,921,1,,970,119,FULFILLED,ARS,62790.0,13185.9,900.0,76875.9
9764,65,658,1,,1132,,PAID,ARS,25200.0,5292.0,900.0,31392.0
9765,135,901,2,3,3,1276,FULFILLED,ARS,58080.0,12196.8,0.0,70276.8
9766,460,1193,1,,1834,111,FULFILLED,ARS,31350.0,6583.5,1500.0,39433.5
9767,389,324,2,4,4,93,FULFILLED,ARS,50610.0,10628.1,0.0,61238.1
9768,244,17,1,,1214,418,FULFILLED,ARS,11760.0,2469.6,1200.0,15429.6
9769,334,239,1,,124,237,FULFILLED,ARS,40500.0,8505.0,1200.0,50205.0
9770,118,490,1,,2053,2625,PAID,ARS,28200.0,5922.0,0.0,34122.0
9771,298,1265,1,,808,271,FULFILLED,ARS,21600.0,4536.0,1200.0,27336.0
9772,418,509,2,3,3,2022,FULFILLED,ARS,23940.0,5027.4,0.0,28967.4
9773,341,1037,1,,283,2472,FULFILLED,ARS,14250.0,2992.5,0.0,17242.5
9774,92,547,1,,986,2344,FULFILLED,ARS,25050.0,5260.5,1200.0,31510.5
9775,233,634,2,1,1,2318,FULFILLED,ARS,10584.0,2222.64,0.0,12806.64
9776,371,1422,1,,1121,2495,FULFILLED,ARS,34200.0,7182.0,900.0,42282.0
9777,157,70,1,,2838,817,FULFILLED,ARS,34200.0,7182.0,1500.0,42882.0
9778,100,729,2,2,2,60,FULFILLED,ARS,69825.0,14663.25,0.0,84488.25
9779,616,890,1,,348,1207,PAID,ARS,34200.0,7182.0,1200.0,42582.0
9780,253,955,1,,2001,286,FULFILLED,ARS,36000.0,7560.0,900.0,44460.0
9781,324,1004,2,3,3,1906,FULFILLED,ARS,42750.0,8977.5,0.0,51727.5
9782,53,727,1,,1150,2900,FULFILLED,ARS,114030.0,23946.3,900.0,138876.3
9783,178,1231,1,,1471,1595,FULFILLED,ARS,45000.0,9450.0,900.0,55350.0
9784,218,861,1,,1666,646,FULFILLED,ARS,45600.0,9576.0,1200.0,56376.0
9785,593,665,1,,1795,2832,CANCELLED,ARS,24000.0,5040.0,900.0,29940.0
9786,307,893,2,3,3,2017,CANCELLED,ARS,40800.0,8568.0,0.0,49368.0
9787,230,501,1,,1246,241,CANCELLED,ARS,13500.0,2835.0,900.0,17235.0
9788,28,205,1,,1771,2812,FULFILLED,ARS,22800.0,4788.0,0.0,27588.0
9789,398,1213,1,,2020,1544,FULFILLED,ARS,24000.0,5040.0,1500.0,30540.0
9790,626,572,2,2,2,2974,PAID,ARS,38760.0,8139.6,0.0,46899.6
9791,21,215,1,,2381,,FULFILLED,ARS,51300.0,10773.0,1200.0,63273.0
9792,92,968,1,,216,,FULFILLED,ARS,30000.0,6300.0,1500.0,37800.0
9793,587,1489,2,2,2,,CANCELLED,ARS,12000.0,2520.0,0.0,14520.0
9794,532,1413,1,,1833,82,PAID,ARS,13230.0,2778.3,1500.0,17508.3
9795,43,1124,1,,1796,1542,FULFILLED,ARS,59925.0,12584.25,1200.0,73709.25
9796,271,830,1,,2301,854,FULFILLED,ARS,11760.0,2469.6,900.0,15129.6
9797,250,210,2,1,1,1412,FULFILLED,ARS,22800.0,4788.0,0.0,27588.0
9798,261,427,1,,213,2983,FULFILLED,ARS,38400.0,8064.0,1500.0,47964.0
9799,154,31,2,4,4,2161,FULFILLED,ARS,28500.0,5985.0,0.0,34485.0
9800,265,280,2,1,1,588,FULFILLED,ARS,40500.0,8505.0,0.0,49005.0
9801,297,867,2,3,3,615,REFUNDED,ARS,28500.0,5985.0,0.0,34485.0
9802,514,176,1,,1356,1462,FULFILLED,ARS,25080.0,5266.8,900.0,31246.8
9803,141,761,2,3,3,2793,FULFILLED,ARS,85500.0,17955.0,0.0,103455.0
9804,244,897,2,2,2,,CREATED,ARS,36000.0,7560.0,0.0,43560.0
9805,245,1315,1,,698,1863,FULFILLED,ARS,66600.0,13986.0,0.0,80586.0
9806,162,606,1,,1810,877,FULFILLED,ARS,60900.0,12789.0,900.0,74589.0
9807,438,1444,1,,2433,2674,FULFILLED,ARS,34200.0,7182.0,0.0,41382.0
9808,315,1320,2,3,3,634,PAID,ARS,32400.0,6804.0,0.0,39204.0
9809,69,348,1,,847,2261,FULFILLED,ARS,30780.0,6463.8,900.0,38143.8
9810,219,1226,2,2,2,140,PAID,ARS,30000.0,6300.0,0.0,36300.0
9811,150,1489,1,,727,2230,FULFILLED,ARS,11400.0,2394.0,900.0,14694.0
9812,397,293,2,4,4,2297,FULFILLED,ARS,11400.0,2394.0,0.0,13794.0
9813,83,232,2,4,4,,FULFILLED,ARS,16500.0,3465.0,0.0,19965.0
9814,254,553,2,2,2,666,REFUNDED,ARS,10260.0,2154.6,0.0,12414.6
9815,374,434,1,,84,1347,FULFILLED,ARS,62400.0,13104.0,1500.0,77004.0
9816,42,184,2,4,4,26,FULFILLED,ARS,70200.0,14742.0,0.0,84942.0
9817,177,1384,1,,2360,,PAID,ARS,11970.0,2513.7,1200.0,15683.7
9818,282,428,2,2,2,940,FULFILLED,ARS,21600.0,4536.0,0.0,26136.0
9819,269,1174,1,,1441,256,FULFILLED,ARS,32400.0,6804.0,1200.0,40404.0
9820,607,1383,2,4,4,546,FULFILLED,ARS,40500.0,8505.0,0.0,49005.0
9821,119,315,2,3,3,1750,FULFILLED,ARS,11400.0,2394.0,0.0,13794.0
9822,110,1468,1,,1383,392,CANCELLED,ARS,44550.0,9355.5,0.0,53905.5
9823,423,725,2,2,2,1585,CREATED,ARS,50490.0,10602.9,0.0,61092.9
9824,188,893,1,,3153,,PAID,ARS,30000.0,6300.0,1200.0,37500.0
9825,200,945,1,,2266,,FULFILLED,ARS,37620.0,7900.2,1200.0,46720.2
9826,166,1029,1,,876,,REFUNDED,ARS,54562.5,11458.12,1200.0,67220.62
9827,148,897,2,1,1,,FULFILLED,ARS,10260.0,2154.6,0.0,12414.6
9828,277,459,1,,1837,2871,FULFILLED,ARS,54360.0,11415.6,1200.0,66975.6
9829,36,1409,1,,1376,1781,FULFILLED,ARS,24696.0,5186.16,1500.0,31382.16
9830,485,1062,1,,92,577,REFUNDED,ARS,13500.0,2835.0,900.0,17235.0
9831,526,632,2,3,3,35,FULFILLED,ARS,32400.0,6804.0,0.0,39204.0
9832,5,644,2,2,2,1481,FULFILLED,ARS,57000.0,11970.0,0.0,68970.0
9833,161,150,2,4,4,875,FULFILLED,ARS,23520.0,4939.2,0.0,28459.2
9834,304,769,1,,924,1087,FULFILLED,ARS,14175.0,2976.75,900.0,18051.75
9835,31,415,2,3,3,909,REFUNDED,ARS,86790.0,18225.9,0.0,105015.9
9836,486,1003,2,1,1,2119,FULFILLED,ARS,42750.0,8977.5,0.0,51727.5
9837,135,1420,2,1,1,,REFUNDED,ARS,28500.0,5985.0,0.0,34485.0
9838,253,609,1,,2924,945,FULFILLED,ARS,29400.0,6174.0,0.0,35574.0
9839,452,434,2,4,4,512,FULFILLED,ARS,25500.0,5355.0,0.0,30855.0
9840,117,203,1,,2984,41,FULFILLED,ARS,60930.0,12795.3,0.0,73725.3
9841,456,871,2,2,2,1338,CANCELLED,ARS,22800.0,4788.0,0.0,27588.0
9842,398,895,1,,2574,914,FULFILLED,ARS,10800.0,2268.0,900.0,13968.0
9843,41,1427,2,4,4,182,FULFILLED,ARS,16170.0,3395.7,0.0,19565.7
9844,282,318,1,,1477,917,FULFILLED,ARS,79308.0,16654.68,900.0,96862.68
9845,441,143,1,,2829,718,FULFILLED,ARS,58080.0,12196.8,1200.0,71476.8
9846,200,824,2,3,3,253,CANCELLED,ARS,48825.0,10253.25,0.0,59078.25
9847,308,828,1,,2545,2009,FULFILLED,ARS,13230.0,2778.3,1500.0,17508.3
9848,226,534,1,,1251,276,PAID,ARS,24000.0,5040.0,900.0,29940.0
9849,144,958,1,,857,786,FULFILLED,ARS,16170.0,3395.7,900.0,20465.7
9850,261,541,2,4,4,624,FULFILLED,ARS,21600.0,4536.0,0.0,26136.0
9851,467,884,2,4,4,1389,CREATED,ARS,49200.0,10332.0,0.0,59532.0
9852,562,1020,2,4,4,,FULFILLED,ARS,79200.0,16632.0,0.0,95832.0
9853,166,603,1,,95,1628,FULFILLED,ARS,52248.0,10972.08,900.0,64120.08
9854,112,1325,1,,580,1199,FULFILLED,ARS,16500.0,3465.0,0.0,19965.0
9855,2,1287,1,,3155,176,FULFILLED,ARS,20520.0,4309.2,900.0,25729.2
9856,341,1246,1,,1167,163,PAID,ARS,22800.0,4788.0,1200.0,28788.0
9857,323,918,1,,1009,44,FULFILLED,ARS,25200.0,5292.0,900.0,31392.0
9858,491,137,2,3,3,868,FULFILLED,ARS,64500.0,13545.0,0.0,78045.0
9859,482,1029,1,,3067,1016,PAID,ARS,70200.0,14742.0,900.0,85842.0
9860,522,233,2,4,4,2987,FULFILLED,ARS,34200.0,7182.0,0.0,41382.0
9861,368,1379,1,,948,2051,FULFILLED,ARS,75750.0,15907.5,0.0,91657.5
9862,507,218,2,4,4,1756,FULFILLED,ARS,75780.0,15913.8,0.0,91693.8
9863,574,1027,1,,1575,3012,FULFILLED,ARS,71244.0,14961.24,1200.0,87405.24
9864,327,1372,2,1,1,2331,FULFILLED,ARS,44100.0,9261.0,0.0,53361.0
9865,34,1214,1,,2112,2968,FULFILLED,ARS,28200.0,5922.0,1200.0,35322.0
9866,197,1405,2,4,4,123,FULFILLED,ARS,29400.0,6174.0,0.0,35574.0
9867,128,1218,2,2,2,560,REFUNDED,ARS,21600.0,4536.0,0.0,26136.0
9868,550,788,1,,1729,1103,PAID,ARS,49200.0,10332.0,900.0,60432.0
9869,153,1274,2,2,2,1092,REFUNDED,ARS,29160.0,6123.6,0.0,35283.6
9870,317,553,1,,2513,3182,FULFILLED,ARS,45000.0,9450.0,900.0,55350.0
9871,625,1075,2,4,4,3109,CANCELLED,ARS,10260.0,2154.6,0.0,12414.6
9872,493,538,1,,2305,1902,FULFILLED,ARS,59520.0,12499.2,900.0,72919.2
9873,428,160,1,,1310,1272,FULFILLED,ARS,10800.0,2268.0,0.0,13068.0
9874,120,908,1,,2181,1225,REFUNDED,ARS,21600.0,4536.0,1500.0,27636.0
9875,528,750,1,,1136,,FULFILLED,ARS,28500.0,5985.0,1200.0,35685.0
9876,257,486,1,,2436,1365,FULFILLED,ARS,35640.0,7484.4,1200.0,44324.4
9877,555,171,2,2,2,1087,FULFILLED,ARS,58800.0,12348.0,0.0,71148.0
9878,197,22,1,,1785,,PAID,ARS,25500.0,5355.0,1200.0,32055.0
9879,443,610,1,,539,,FULFILLED,ARS,28500.0,5985.0,900.0,35385.0
9880,163,1465,1,,2097,1733,FULFILLED,ARS,35280.0,7408.8,900.0,43588.8
9881,69,1288,2,4,4,743,FULFILLED,ARS,52920.0,11113.2,0.0,64033.2
9882,518,613,1,,769,1092,CANCELLED,ARS,27000.0,5670.0,900.0,33570.0
9883,541,342,2,2,2,1604,FULFILLED,ARS,12600.0,2646.0,0.0,15246.0
9884,167,743,2,2,2,776,FULFILLED,ARS,55935.0,11746.35,0.0,67681.35
9885,457,14,2,2,2,2788,FULFILLED,ARS,14175.0,2976.75,0.0,17151.75
9886,75,1047,2,4,4,2110,FULFILLED,ARS,44100.0,9261.0,0.0,53361.0
9887,438,1464,1,,2425,2878,FULFILLED,ARS,36450.0,7654.5,0.0,44104.5
9888,112,1263,1,,846,2675,FULFILLED,ARS,24300.0,5103.0,1200.0,30603.0
9889,490,1384,1,,3151,,CREATED,ARS,14250.0,2992.5,0.0,17242.5
9890,447,564,1,,651,1751,PAID,ARS,22800.0,4788.0,1200.0,28788.0
9891,339,1405,1,,2736,2607,FULFILLED,ARS,29400.0,6174.0,1200.0,36774.0
9892,408,188,1,,413,,PAID,ARS,39720.0,8341.2,1200.0,49261.2
9893,298,1496,2,3,3,2761,FULFILLED,ARS,39690.0,8334.9,0.0,48024.9
9894,280,1360,2,1,1,1656,FULFILLED,ARS,53352.0,11203.92,0.0,64555.92
9895,19,622,2,4,4,302,FULFILLED,ARS,40500.0,8505.0,0.0,49005.0
9896,239,386,1,,485,2826,FULFILLED,ARS,26460.0,5556.6,0.0,32016.6
9897,398,214,2,3,3,2201,FULFILLED,ARS,84450.0,17734.5,0.0,102184.5
9898,25,895,1,,1446,2489,FULFILLED,ARS,10800.0,2268.0,900.0,13968.0
9899,502,837,2,3,3,1680,CANCELLED,ARS,34200.0,7182.0,0.0,41382.0
9900,621,829,2,1,1,2473,FULFILLED,ARS,23520.0,4939.2,0.0,28459.2
9901,507,1037,1,,3131,1548,PAID,ARS,55080.0,11566.8,1200.0,67846.8
9902,441,1059,2,1,1,38,PAID,ARS,32400.0,6804.0,0.0,39204.0
9903,411,66,1,,256,,FULFILLED,ARS,14700.0,3087.0,0.0,17787.0
9904,158,939,2,2,2,2745,PAID,ARS,10584.0,2222.64,0.0,12806.64
9905,500,489,2,3,3,,REFUNDED,ARS,69660.0,14628.6,0.0,84288.6
9906,15,1208,2,1,1,2317,FULFILLED,ARS,28500.0,5985.0,0.0,34485.0
9907,544,1172,2,4,4,1579,PAID,ARS,15675.0,3291.75,0.0,18966.75
9908,17,75,2,4,4,327,FULFILLED,ARS,14700.0,3087.0,0.0,17787.0
9909,572,573,2,4,4,,FULFILLED,ARS,11400.0,2394.0,0.0,13794.0
9910,264,612,1,,2716,679,FULFILLED,ARS,44887.5,9426.38,1500.0,55813.88
9911,301,1184,2,4,4,1226,FULFILLED,ARS,20520.0,4309.2,0.0,24829.2
9912,356,119,2,4,4,,FULFILLED,ARS,27000.0,5670.0,0.0,32670.0
9913,149,21,2,4,4,2749,FULFILLED,ARS,64800.0,13608.0,0.0,78408.0
9914,313,1179,2,2,2,,REFUNDED,ARS,36000.0,7560.0,0.0,43560.0
9915,222,1259,1,,2453,1351,FULFILLED,ARS,44887.5,9426.38,1200.0,55513.88
9916,248,234,2,3,3,3041,FULFILLED,ARS,45600.0,9576.0,0.0,55176.0
9917,575,354,1,,1657,128,FULFILLED,ARS,37410.0,7856.1,1500.0,46766.1
9918,30,1395,1,,288,731,FULFILLED,ARS,30000.0,6300.0,0.0,36300.0
9919,27,368,2,1,1,192,CREATED,ARS,23520.0,4939.2,0.0,28459.2
9920,476,1436,1,,849,2714,FULFILLED,ARS,27000.0,5670.0,0.0,32670.0
9921,98,224,2,2,2,2423,FULFILLED,ARS,27450.0,5764.5,0.0,33214.5
9922,382,447,2,1,1,1210,PAID,ARS,29400.0,6174.0,0.0,35574.0
9923,317,1116,1,,1546,1251,CANCELLED,ARS,34200.0,7182.0,1500.0,42882.0
9924,580,2,1,,2867,3201,FULFILLED,ARS,15000.0,3150.0,0.0,18150.0
9925,498,1070,2,4,4,2005,FULFILLED,ARS,45000.0,9450.0,0.0,54450.0
9926,28,540,1,,1128,2141,FULFILLED,ARS,75750.0,15907.5,1200.0,92857.5
9927,356,296,1,,390,33,FULFILLED,ARS,71025.0,14915.25,0.0,85940.25
9928,124,1258,2,4,4,611,FULFILLED,ARS,23760.0,4989.6,0.0,28749.6
9929,377,694,2,3,3,1286,FULFILLED,ARS,30870.0,6482.7,0.0,37352.7
9930,535,548,1,,737,2205,FULFILLED,ARS,27000.0,5670.0,1200.0,33870.0
9931,182,725,1,,2997,678,PAID,ARS,29160.0,6123.6,1200.0,36483.6
9932,581,843,2,4,4,933,PAID,ARS,42750.0,8977.5,0.0,51727.5
9933,309,181,1,,414,2651,FULFILLED,ARS,30780.0,6463.8,1200.0,38443.8
9934,456,881,2,1,1,3025,FULFILLED,ARS,33000.0,6930.0,0.0,39930.0
9935,336,813,1,,2211,356,FULFILLED,ARS,29400.0,6174.0,900.0,36474.0
9936,287,1245,1,,431,2013,FULFILLED,ARS,10800.0,2268.0,1500.0,14568.0
9937,600,183,1,,2387,2841,FULFILLED,ARS,36000.0,7560.0,1200.0,44760.0
9938,175,1266,1,,1236,132,FULFILLED,ARS,9720.0,2041.2,900.0,12661.2
9939,74,1287,1,,2096,1996,PAID,ARS,46800.0,9828.0,1200.0,57828.0
9940,287,773,1,,2791,1620,PAID,ARS,40500.0,8505.0,900.0,49905.0
9941,577,829,2,2,2,1441,FULFILLED,ARS,13500.0,2835.0,0.0,16335.0
9942,384,666,2,4,4,3112,FULFILLED,ARS,25650.0,5386.5,0.0,31036.5
9943,326,331,1,,1095,279,PAID,ARS,46305.0,9724.05,900.0,56929.05
9944,81,1457,2,2,2,1265,FULFILLED,ARS,25872.0,5433.12,0.0,31305.12
9945,368,763,1,,3172,247,CREATED,ARS,21600.0,4536.0,1200.0,27336.0
9946,601,149,2,3,3,1430,FULFILLED,ARS,14700.0,3087.0,0.0,17787.0
9947,637,1003,1,,184,521,FULFILLED,ARS,36000.0,7560.0,1500.0,45060.0
9948,515,1039,2,1,1,2012,FULFILLED,ARS,28500.0,5985.0,0.0,34485.0
9949,7,1415,1,,474,2197,REFUNDED,ARS,35280.0,7408.8,900.0,43588.8
9950,156,292,1,,820,457,REFUNDED,ARS,47250.0,9922.5,1200.0,58372.5
9951,374,405,1,,3033,2189,PAID,ARS,30780.0,6463.8,0.0,37243.8
9952,318,157,2,1,1,567,PAID,ARS,36000.0,7560.0,0.0,43560.0
9953,509,236,1,,773,813,REFUNDED,ARS,49500.0,10395.0,900.0,60795.0
9954,94,1178,2,4,4,2867,FULFILLED,ARS,10800.0,2268.0,0.0,13068.0
9955,441,819,2,3,3,,FULFILLED,ARS,39690.0,8334.9,0.0,48024.9
9956,259,550,1,,3063,2610,FULFILLED,ARS,36000.0,7560.0,900.0,44460.0
9957,508,1430,1,,2414,1528,FULFILLED,ARS,46650.0,9796.5,1200.0,57646.5
9958,443,1356,1,,2140,2839,FULFILLED,ARS,32400.0,6804.0,1200.0,40404.0
9959,378,868,1,,1267,2399,FULFILLED,ARS,59976.0,12594.96,1200.0,73770.96
9960,511,586,1,,3074,,FULFILLED,ARS,16500.0,3465.0,1200.0,21165.0
9961,68,401,1,,2326,2053,FULFILLED,ARS,11760.0,2469.6,1500.0,15729.6
9962,560,1161,1,,1255,426,FULFILLED,ARS,15435.0,3241.35,1500.0,20176.35
9963,166,1077,1,,3177,1305,FULFILLED,ARS,38475.0,8079.75,900.0,47454.75
9964,256,1145,2,4,4,355,FULFILLED,ARS,40500.0,8505.0,0.0,49005.0
9965,590,971,2,4,4,134,PAID,ARS,23520.0,4939.2,0.0,28459.2
9966,14,473,1,,2408,1645,PAID,ARS,14175.0,2976.75,1200.0,18351.75
9967,282,749,1,,1747,1278,PAID,ARS,15000.0,3150.0,0.0,18150.0
9968,479,1261,2,2,2,1083,PAID,ARS,11400.0,2394.0,0.0,13794.0
9969,396,1074,1,,861,,FULFILLED,ARS,63840.0,13406.4,1200.0,78446.4
9970,244,998,1,,2210,1711,PAID,ARS,24696.0,5186.16,900.0,30782.16
9971,124,861,1,,180,4,FULFILLED,ARS,43050.0,9040.5,1200.0,53290.5
9972,232,597,1,,876,889,FULFILLED,ARS,71460.0,15006.6,0.0,86466.6
9973,479,558,1,,131,,PAID,ARS,29400.0,6174.0,1200.0,36774.0
9974,69,651,1,,777,962,PAID,ARS,27000.0,5670.0,1200.0,33870.0
9975,255,839,2,4,4,133,FULFILLED,ARS,24000.0,5040.0,0.0,29040.0
9976,347,1361,2,2,2,2695,FULFILLED,ARS,34200.0,7182.0,0.0,41382.0
9977,188,1048,1,,822,1683,FULFILLED,ARS,63894.0,13417.74,0.0,77311.74
9978,114,420,1,,1593,2657,PAID,ARS,61200.0,12852.0,900.0,74952.0
9979,29,1136,2,1,1,,REFUNDED,ARS,30000.0,6300.0,0.0,36300.0
9980,30,665,2,1,1,2340,FULFILLED,ARS,30000.0,6300.0,0.0,36300.0
9981,291,1244,1,,1228,2496,FULFILLED,ARS,35280.0,7408.8,1200.0,43888.8
9982,182,413,1,,949,132,CANCELLED,ARS,11760.0,2469.6,1200.0,15429.6
9983,379,61,1,,3054,1256,FULFILLED,ARS,23940.0,5027.4,0.0,28967.4
9984,613,995,1,,1033,614,PAID,ARS,11970.0,2513.7,1500.0,15983.7
9985,337,566,2,3,3,823,FULFILLED,ARS,75300.0,15813.0,0.0,91113.0
9986,242,739,1,,1844,2289,FULFILLED,ARS,14962.5,3142.12,1500.0,19604.62
9987,281,400,2,3,3,198,FULFILLED,ARS,38475.0,8079.75,0.0,46554.75
9988,82,613,2,1,1,1279,FULFILLED,ARS,11970.0,2513.7,0.0,14483.7
9989,169,632,1,,2613,,FULFILLED,ARS,45000.0,9450.0,1200.0,55650.0
9990,44,233,1,,1701,2263,FULFILLED,ARS,87750.0,18427.5,1500.0,107677.5
9991,52,1104,1,,1745,2541,FULFILLED,ARS,30780.0,6463.8,900.0,38143.8
9992,545,101,1,,2955,226,FULFILLED,ARS,101550.0,21325.5,1200.0,124075.5
9993,157,1025,1,,1002,,PAID,ARS,23520.0,4939.2,900.0,29359.2
9994,452,1467,1,,1679,2520,FULFILLED,ARS,67800.0,14238.0,1500.0,83538.0
9995,159,946,1,,605,742,FULFILLED,ARS,23760.0,4989.6,900.0,29649.6
9996,375,1229,2,3,3,1981,FULFILLED,ARS,35280.0,7408.8,0.0,42688.8
9997,438,1477,2,4,4,414,FULFILLED,ARS,30780.0,6463.8,0.0,37243.8
9998,503,341,1,,2904,248,FULFILLED,ARS,37398.0,7853.58,900.0,46151.58
9999,428,1392,1,,2586,1557,FULFILLED,ARS,16500.0,3465.0,1200.0,21165.0
10000,156,1500,1,,125,1803,FULFILLED,ARS,80100.0,16821.0,1500.0,98421.0
10001,408,564,2,4,4,2069,FULFILLED,ARS,32400.0,6804.0,0.0,39204.0
10002,50,595,1,,2132,2257,FULFILLED,ARS,40110.0,8423.1,1500.0,50033.1
10003,278,893,1,,2354,1376,PAID,ARS,73260.0,15384.6,900.0,89544.6
10004,80,760,2,2,2,1892,FULFILLED,ARS,15000.0,3150.0,0.0,18150.0
10005,155,1223,1,,987,2713,PAID,ARS,11760.0,2469.6,0.0,14229.6
10006,222,981,2,1,1,3159,FULFILLED,ARS,23760.0,4989.6,0.0,28749.6
10007,330,392,2,3,3,674,FULFILLED,ARS,29160.0,6123.6,0.0,35283.6
10008,196,624,1,,3031,1194,PAID,ARS,34200.0,7182.0,1200.0,42582.0
10009,401,375,1,,2204,641,FULFILLED,ARS,31500.0,6615.0,0.0,38115.0
10010,44,514,1,,1626,2685,FULFILLED,ARS,42750.0,8977.5,900.0,52627.5
10011,184,295,2,3,3,,FULFILLED,ARS,38808.0,8149.68,0.0,46957.68
10012,15,1173,1,,3101,3097,CANCELLED,ARS,31752.0,6667.92,1200.0,39619.92
10013,161,1493,2,3,3,2713,CREATED,ARS,19440.0,4082.4,0.0,23522.4
10014,427,712,1,,1121,807,FULFILLED,ARS,27150.0,5701.5,0.0,32851.5
10015,253,1455,1,,2200,1580,PAID,ARS,12150.0,2551.5,900.0,15601.5
10016,398,691,1,,305,1016,FULFILLED,ARS,31500.0,6615.0,900.0,39015.0
10017,241,1445,2,2,2,854,FULFILLED,ARS,63900.0,13419.0,0.0,77319.0
10018,181,1451,2,3,3,1900,FULFILLED,ARS,24000.0,5040.0,0.0,29040.0
10019,448,236,1,,2514,1474,REFUNDED,ARS,24300.0,5103.0,1200.0,30603.0
10020,563,49,1,,2642,784,PAID,ARS,30000.0,6300.0,1200.0,37500.0
10021,225,935,1,,1650,2118,FULFILLED,ARS,10260.0,2154.6,900.0,13314.6
10022,63,1364,1,,2685,1369,PAID,ARS,44887.5,9426.38,1200.0,55513.88
10023,196,903,1,,2127,803,FULFILLED,ARS,11400.0,2394.0,0.0,13794.0
10024,461,966,1,,2588,2988,FULFILLED,ARS,30000.0,6300.0,0.0,36300.0
10025,366,433,1,,3106,182,FULFILLED,ARS,45000.0,9450.0,0.0,54450.0
10026,620,1248,2,3,3,2330,PAID,ARS,14250.0,2992.5,0.0,17242.5
10027,494,519,2,3,3,1375,FULFILLED,ARS,13500.0,2835.0,0.0,16335.0
10028,50,286,2,4,4,2524,PAID,ARS,40500.0,8505.0,0.0,49005.0
10029,135,391,2,2,2,676,CANCELLED,ARS,33360.0,7005.6,0.0,40365.6
10030,106,1445,2,2,2,824,FULFILLED,ARS,30780.0,6463.8,0.0,37243.8
10031,161,547,1,,3098,2664,FULFILLED,ARS,10800.0,2268.0,900.0,13968.0
10032,552,1093,2,3,3,2493,FULFILLED,ARS,43200.0,9072.0,0.0,52272.0
10033,596,1482,1,,958,2523,FULFILLED,ARS,10800.0,2268.0,900.0,13968.0
10034,351,1395,1,,128,1117,FULFILLED,ARS,20520.0,4309.2,1200.0,26029.2
10035,630,912,2,2,2,2657,FULFILLED,ARS,23520.0,4939.2,0.0,28459.2
10036,106,311,1,,1205,2640,REFUNDED,ARS,51000.0,10710.0,900.0,62610.0
10037,622,516,1,,1304,181,FULFILLED,ARS,24696.0,5186.16,1200.0,31082.16
10038,182,164,1,,1154,2660,PAID,ARS,11340.0,2381.4,1500.0,15221.4
10039,12,918,2,3,3,200,FULFILLED,ARS,13500.0,2835.0,0.0,16335.0
10040,349,893,2,2,2,2303,FULFILLED,ARS,14250.0,2992.5,0.0,17242.5
10041,515,797,1,,411,1835,CREATED,ARS,10800.0,2268.0,1200.0,14268.0
10042,441,1046,2,4,4,,FULFILLED,ARS,21600.0,4536.0,0.0,26136.0
10043,512,618,1,,267,,FULFILLED,ARS,27000.0,5670.0,1200.0,33870.0
10044,183,995,2,4,4,788,FULFILLED,ARS,30870.0,6482.7,0.0,37352.7
10045,475,400,1,,43,1648,FULFILLED,ARS,14962.5,3142.12,1200.0,19304.62
10046,455,920,1,,1067,238,FULFILLED,ARS,68460.0,14376.6,900.0,83736.6
10047,570,58,2,1,1,345,FULFILLED,ARS,70080.0,14716.8,0.0,84796.8
10048,14,1275,1,,1593,1392,FULFILLED,ARS,15675.0,3291.75,1500.0,20466.75
10049,373,1362,1,,3091,2549,FULFILLED,ARS,51600.0,10836.0,1200.0,63636.0
10050,39,1,1,,2281,2743,FULFILLED,ARS,24000.0,5040.0,1200.0,30240.0
10051,249,795,1,,649,2558,FULFILLED,ARS,12000.0,2520.0,1200.0,15720.0
10052,40,1306,2,3,3,792,CANCELLED,ARS,37800.0,7938.0,0.0,45738.0
10053,485,681,1,,2230,492,FULFILLED,ARS,30000.0,6300.0,900.0,37200.0
10054,583,1162,2,2,2,,FULFILLED,ARS,37230.0,7818.3,0.0,45048.3
10055,188,1204,2,4,4,691,FULFILLED,ARS,10800.0,2268.0,0.0,13068.0
10056,113,1442,2,1,1,2004,PAID,ARS,25650.0,5386.5,0.0,31036.5
10057,434,1216,2,3,3,2460,FULFILLED,ARS,23520.0,4939.2,0.0,28459.2
10058,122,1400,2,1,1,3196,CANCELLED,ARS,22800.0,4788.0,0.0,27588.0
10059,471,61,1,,979,586,PAID,ARS,14700.0,3087.0,900.0,18687.0
10060,532,298,1,,2256,2049,FULFILLED,ARS,100485.0,21101.85,1200.0,122786.85
10061,391,903,2,1,1,2548,FULFILLED,ARS,26100.0,5481.0,0.0,31581.0
10062,570,739,1,,2196,903,FULFILLED,ARS,35940.0,7547.4,0.0,43487.4
10063,424,1339,2,2,2,2401,FULFILLED,ARS,38370.0,8057.7,0.0,46427.7
10064,215,615,1,,1870,2612,FULFILLED,ARS,27000.0,5670.0,1200.0,33870.0
10065,322,1192,1,,1191,2664,CANCELLED,ARS,60900.0,12789.0,1500.0,75189.0
10066,36,1291,1,,2507,229,FULFILLED,ARS,21168.0,4445.28,900.0,26513.28
10067,436,1459,1,,6,72,FULFILLED,ARS,23520.0,4939.2,900.0,29359.2
10068,333,541,1,,1749,,FULFILLED,ARS,48420.0,10168.2,1500.0,60088.2
10069,362,797,1,,2439,2548,FULFILLED,ARS,36000.0,7560.0,0.0,43560.0
10070,51,537,2,2,2,2577,FULFILLED,ARS,11400.0,2394.0,0.0,13794.0
10071,411,1396,1,,2047,1067,FULFILLED,ARS,35280.0,7408.8,900.0,43588.8
10072,420,1160,1,,1334,485,FULFILLED,ARS,12000.0,2520.0,0.0,14520.0
10073,502,884,1,,97,1150,FULFILLED,ARS,36000.0,7560.0,1200.0,44760.0
10074,475,1209,2,4,4,107,FULFILLED,ARS,55935.0,11746.35,0.0,67681.35
10075,139,1174,1,,1286,,FULFILLED,ARS,87300.0,18333.0,1500.0,107133.0
10076,203,1159,2,1,1,837,CANCELLED,ARS,46305.0,9724.05,0.0,56029.05
10077,194,889,1,,589,1637,FULFILLED,ARS,29400.0,6174.0,1200.0,36774.0
10078,339,667,1,,1186,910,PAID,ARS,15000.0,3150.0,1500.0,19650.0
10079,469,1314,2,2,2,,FULFILLED,ARS,23940.0,5027.4,0.0,28967.4
10080,372,1133,1,,1112,641,PAID,ARS,32400.0,6804.0,0.0,39204.0
10081,242,1348,1,,157,807,FULFILLED,ARS,15750.0,3307.5,1200.0,20257.5
10082,53,1016,1,,1717,1669,REFUNDED,ARS,11400.0,2394.0,900.0,14694.0
10083,480,53,2,3,3,437,FULFILLED,ARS,10800.0,2268.0,0.0,13068.0
10084,334,229,1,,2780,3160,PAID,ARS,12348.0,2593.08,1200.0,16141.08
10085,79,794,1,,607,771,FULFILLED,ARS,11760.0,2469.6,1200.0,15429.6
10086,5,462,2,1,1,932,FULFILLED,ARS,30000.0,6300.0,0.0,36300.0
10087,50,1240,1,,2050,595,FULFILLED,ARS,24000.0,5040.0,900.0,29940.0
10088,618,681,2,1,1,2216,FULFILLED,ARS,11760.0,2469.6,0.0,14229.6
10089,213,522,1,,1249,1514,FULFILLED,ARS,32400.0,6804.0,900.0,40104.0
10090,604,262,1,,980,1946,FULFILLED,ARS,10800.0,2268.0,1200.0,14268.0
10091,238,543,1,,2817,2643,CANCELLED,ARS,34020.0,7144.2,0.0,41164.2
10092,371,451,1,,709,,CANCELLED,ARS,14700.0,3087.0,0.0,17787.0
10093,269,905,1,,3080,2425,FULFILLED,ARS,22800.0,4788.0,1200.0,28788.0
10094,94,360,1,,1143,1847,CANCELLED,ARS,11760.0,2469.6,1200.0,15429.6
10095,596,956,2,2,2,158,FULFILLED,ARS,34200.0,7182.0,0.0,41382.0
10096,455,295,1,,2357,275,FULFILLED,ARS,24000.0,5040.0,1200.0,30240.0
10097,428,129,1,,362,438,PAID,ARS,12000.0,2520.0,900.0,15420.0
10098,517,412,2,4,4,54,CANCELLED,ARS,29160.0,6123.6,0.0,35283.6
10099,431,5,1,,346,,FULFILLED,ARS,50568.0,10619.28,1200.0,62387.28
10100,471,1252,2,4,4,781,PAID,ARS,15000.0,3150.0,0.0,18150.0
10101,294,968,2,1,1,950,FULFILLED,ARS,24000.0,5040.0,0.0,29040.0
10102,178,313,1,,2524,1115,CANCELLED,ARS,52260.0,10974.6,900.0,64134.6
10103,376,967,1,,739,23,FULFILLED,ARS,40500.0,8505.0,900.0,49905.0
10104,394,805,2,1,1,889,FULFILLED,ARS,10800.0,2268.0,0.0,13068.0
10105,266,1271,1,,553,2945,FULFILLED,ARS,70710.0,14849.1,900.0,86459.1
10106,113,1040,2,1,1,978,CANCELLED,ARS,29400.0,6174.0,0.0,35574.0
10107,97,1118,2,3,3,2138,FULFILLED,ARS,60720.0,12751.2,0.0,73471.2
10108,299,135,2,1,1,,FULFILLED,ARS,61578.0,12931.38,0.0,74509.38
10109,607,138,1,,3058,2669,FULFILLED,ARS,12000.0,2520.0,1500.0,16020.0
10110,461,1163,1,,1108,1178,FULFILLED,ARS,16500.0,3465.0,1500.0,21465.0
10111,195,1318,1,,3113,,FULFILLED,ARS,24000.0,5040.0,1200.0,30240.0
10112,454,1332,1,,691,331,FULFILLED,ARS,28500.0,5985.0,1200.0,35685.0
10113,613,424,1,,478,1512,FULFILLED,ARS,43575.0,9150.75,900.0,53625.75
10114,601,350,2,3,3,3009,FULFILLED,ARS,21600.0,4536.0,0.0,26136.0
10115,612,731,1,,1465,610,FULFILLED,ARS,61680.0,12952.8,900.0,75532.8
10116,155,557,2,2,2,2802,FULFILLED,ARS,116550.0,24475.5,0.0,141025.5
10117,473,1174,2,1,1,759,CREATED,ARS,24696.0,5186.16,0.0,29882.16
10118,370,745,1,,304,317,FULFILLED,ARS,55785.0,11714.85,900.0,68399.85
10119,533,492,1,,2960,2832,FULFILLED,ARS,32400.0,6804.0,1500.0,40704.0
10120,134,835,2,4,4,1583,FULFILLED,ARS,27510.0,5777.1,0.0,33287.1
10121,190,196,1,,2488,1000,FULFILLED,ARS,35280.0,7408.8,1200.0,43888.8
10122,175,1468,2,2,2,,PAID,ARS,37800.0,7938.0,0.0,45738.0
10123,134,19,2,2,2,1263,FULFILLED,ARS,38220.0,8026.2,0.0,46246.2
10124,403,1042,1,,289,,FULFILLED,ARS,32400.0,6804.0,1500.0,40704.0
10125,382,495,1,,1751,1066,FULFILLED,ARS,15000.0,3150.0,900.0,19050.0
10126,387,743,2,1,1,2679,PAID,ARS,27000.0,5670.0,0.0,32670.0
10127,7,505,2,2,2,2317,FULFILLED,ARS,82530.0,17331.3,0.0,99861.3
10128,123,474,1,,1897,2959,FULFILLED,ARS,36000.0,7560.0,900.0,44460.0
10129,229,51,1,,1260,2493,PAID,ARS,36450.0,7654.5,900.0,45004.5
10130,278,882,1,,2820,2520,PAID,ARS,34200.0,7182.0,1200.0,42582.0
10131,389,77,2,1,1,1758,FULFILLED,ARS,51180.0,10747.8,0.0,61927.8
10132,241,348,2,4,4,,FULFILLED,ARS,63180.0,13267.8,0.0,76447.8
10133,153,1381,1,,218,740,FULFILLED,ARS,83280.0,17488.8,900.0,101668.8
10134,156,552,1,,2700,43,CANCELLED,ARS,12348.0,2593.08,1200.0,16141.08
10135,591,1184,1,,1200,,FULFILLED,ARS,26400.0,5544.0,1500.0,33444.0
10136,125,873,1,,356,1022,PAID,ARS,34200.0,7182.0,1200.0,42582.0
10137,98,744,1,,2220,2533,REFUNDED,ARS,27000.0,5670.0,0.0,32670.0
10138,212,284,2,4,4,300,FULFILLED,ARS,34200.0,7182.0,0.0,41382.0
10139,200,858,2,4,4,1832,FULFILLED,ARS,65325.0,13718.25,0.0,79043.25
10140,457,462,1,,2672,1640,PAID,ARS,23520.0,4939.2,900.0,29359.2
10141,448,1489,2,4,4,1582,FULFILLED,ARS,34200.0,7182.0,0.0,41382.0
10142,123,954,2,4,4,3046,FULFILLED,ARS,34200.0,7182.0,0.0,41382.0
10143,331,897,2,2,2,2715,FULFILLED,ARS,80100.0,16821.0,0.0,96921.0
10144,87,715,1,,1856,,FULFILLED,ARS,95835.0,20125.35,1500.0,117460.35
10145,102,498,1,,889,2279,PAID,ARS,35280.0,7408.8,1500.0,44188.8
10146,548,971,1,,656,325,CANCELLED,ARS,42936.0,9016.56,0.0,51952.56
10147,183,878,2,4,4,3001,FULFILLED,ARS,49500.0,10395.0,0.0,59895.0
10148,491,16,2,3,3,1292,FULFILLED,ARS,12000.0,2520.0,0.0,14520.0
10149,121,1491,2,2,2,301,CANCELLED,ARS,67800.0,14238.0,0.0,82038.0
10150,493,404,2,1,1,31,FULFILLED,ARS,28350.0,5953.5,0.0,34303.5
10151,557,177,1,,631,2067,FULFILLED,ARS,44100.0,9261.0,1500.0,54861.0
10152,240,1445,1,,2863,693,FULFILLED,ARS,21600.0,4536.0,900.0,27036.0
10153,91,409,1,,1969,1004,FULFILLED,ARS,42750.0,8977.5,900.0,52627.5
10154,89,1073,2,4,4,827,REFUNDED,ARS,13500.0,2835.0,0.0,16335.0
10155,155,692,2,4,4,2973,PAID,ARS,21600.0,4536.0,0.0,26136.0
10156,157,1230,1,,1612,554,FULFILLED,ARS,12825.0,2693.25,1200.0,16718.25
10157,275,1488,1,,175,1364,FULFILLED,ARS,32520.0,6829.2,900.0,40249.2
10158,419,1203,1,,1524,,FULFILLED,ARS,57960.0,12171.6,900.0,71031.6
10159,495,46,1,,20,2644,FULFILLED,ARS,10800.0,2268.0,900.0,13968.0
10160,622,757,1,,2053,846,FULFILLED,ARS,45000.0,9450.0,900.0,55350.0
10161,33,248,1,,3078,2560,FULFILLED,ARS,10800.0,2268.0,1200.0,14268.0
10162,419,1107,2,3,3,1406,FULFILLED,ARS,12150.0,2551.5,0.0,14701.5
10163,223,1158,2,3,3,1761,FULFILLED,ARS,11340.0,2381.4,0.0,13721.4
10164,414,102,1,,2806,911,PAID,ARS,37020.0,7774.2,900.0,45694.2
10165,522,1250,1,,1987,772,PAID,ARS,22680.0,4762.8,1500.0,28942.8
10166,3,100,2,4,4,1994,FULFILLED,ARS,12000.0,2520.0,0.0,14520.0
10167,106,40,1,,2477,1985,FULFILLED,ARS,61560.0,12927.6,900.0,75387.6
10168,445,956,1,,2563,2035,FULFILLED,ARS,40500.0,8505.0,1200.0,50205.0
10169,409,1463,1,,502,866,FULFILLED,ARS,44887.5,9426.38,1200.0,55513.88
10170,451,1247,2,2,2,823,FULFILLED,ARS,11760.0,2469.6,0.0,14229.6
10171,535,356,1,,2777,2534,FULFILLED,ARS,29160.0,6123.6,1200.0,36483.6
10172,126,69,1,,1454,1124,REFUNDED,ARS,14175.0,2976.75,1200.0,18351.75
10173,228,1428,2,2,2,1070,FULFILLED,ARS,25872.0,5433.12,0.0,31305.12
10174,90,1015,1,,1932,451,REFUNDED,ARS,60900.0,12789.0,900.0,74589.0
10175,411,57,1,,2854,144,FULFILLED,ARS,44550.0,9355.5,900.0,54805.5
10176,608,864,1,,166,1315,FULFILLED,ARS,58440.0,12272.4,1500.0,72212.4
10177,48,1175,1,,2518,,FULFILLED,ARS,11880.0,2494.8,900.0,15274.8
10178,583,981,1,,1880,450,FULFILLED,ARS,47400.0,9954.0,1200.0,58554.0
10179,118,585,1,,1887,2737,FULFILLED,ARS,12000.0,2520.0,1500.0,16020.0
10180,174,1317,1,,1290,1250,FULFILLED,ARS,25200.0,5292.0,0.0,30492.0
10181,233,798,2,4,4,550,CREATED,ARS,55687.5,11694.38,0.0,67381.88
10182,233,149,1,,1200,2116,FULFILLED,ARS,10800.0,2268.0,1200.0,14268.0
10183,527,690,1,,45,743,FULFILLED,ARS,22800.0,4788.0,900.0,28488.0
10184,206,1384,1,,168,1471,FULFILLED,ARS,35910.0,7541.1,1200.0,44651.1
10185,341,750,2,1,1,2840,FULFILLED,ARS,59820.0,12562.2,0.0,72382.2
10186,522,874,2,3,3,652,FULFILLED,ARS,44100.0,9261.0,0.0,53361.0
10187,425,282,1,,3156,686,FULFILLED,ARS,34020.0,7144.2,900.0,42064.2
10188,561,75,2,1,1,2630,FULFILLED,ARS,23760.0,4989.6,0.0,28749.6
10189,62,994,1,,3145,2243,FULFILLED,ARS,21600.0,4536.0,1200.0,27336.0
10190,89,634,1,,404,2063,PAID,ARS,10800.0,2268.0,900.0,13968.0
10191,477,748,1,,2345,908,FULFILLED,ARS,40500.0,8505.0,900.0,49905.0
10192,68,835,2,2,2,267,FULFILLED,ARS,24300.0,5103.0,0.0,29403.0
10193,307,11,1,,3177,1548,PAID,ARS,22680.0,4762.8,900.0,28342.8
10194,131,688,1,,349,2255,FULFILLED,ARS,34020.0,7144.2,1200.0,42364.2
10195,637,1460,1,,1066,,FULFILLED,ARS,45000.0,9450.0,900.0,55350.0
10196,612,1406,1,,1604,2625,FULFILLED,ARS,37044.0,7779.24,1200.0,46023.24
10197,194,334,2,1,1,2497,CANCELLED,ARS,21168.0,4445.28,0.0,25613.28
10198,261,880,1,,2136,605,FULFILLED,ARS,20520.0,4309.2,1500.0,26329.2
10199,15,814,2,4,4,2468,FULFILLED,ARS,48510.0,10187.1,0.0,58697.1
10200,93,1162,1,,2522,1153,FULFILLED,ARS,27000.0,5670.0,1200.0,33870.0
10201,388,867,2,3,3,2190,FULFILLED,ARS,59400.0,12474.0,0.0,71874.0
10202,37,682,2,1,1,1242,FULFILLED,ARS,28500.0,5985.0,0.0,34485.0
10203,85,294,1,,1751,72,FULFILLED,ARS,73425.0,15419.25,0.0,88844.25
10204,493,1061,2,4,4,286,FULFILLED,ARS,16170.0,3395.7,0.0,19565.7
10205,614,601,2,4,4,79,FULFILLED,ARS,23940.0,5027.4,0.0,28967.4
10206,98,676,1,,2424,2902,FULFILLED,ARS,10800.0,2268.0,1200.0,14268.0
10207,250,232,1,,1017,401,PAID,ARS,98775.0,20742.75,1200.0,120717.75
10208,8,417,1,,3184,2723,FULFILLED,ARS,23520.0,4939.2,900.0,29359.2
10209,306,393,1,,1854,2163,PAID,ARS,34200.0,7182.0,1200.0,42582.0
10210,374,556,2,4,4,1036,PAID,ARS,35280.0,7408.8,0.0,42688.8
10211,278,1029,2,4,4,2611,FULFILLED,ARS,31500.0,6615.0,0.0,38115.0
10212,559,588,1,,558,,FULFILLED,ARS,11760.0,2469.6,1500.0,15729.6
10213,210,980,2,2,2,1136,PAID,ARS,21600.0,4536.0,0.0,26136.0
10214,333,118,1,,1275,3189,FULFILLED,ARS,31350.0,6583.5,1500.0,39433.5
10215,414,677,1,,2684,2433,FULFILLED,ARS,34020.0,7144.2,900.0,42064.2
10216,415,26,1,,1985,2251,FULFILLED,ARS,21600.0,4536.0,0.0,26136.0
10217,596,315,1,,1720,589,PAID,ARS,71160.0,14943.6,1200.0,87303.6
10218,547,867,1,,2351,505,FULFILLED,ARS,47250.0,9922.5,1500.0,58672.5
10219,446,147,2,1,1,1533,FULFILLED,ARS,38808.0,8149.68,0.0,46957.68
10220,419,169,2,3,3,78,FULFILLED,ARS,45000.0,9450.0,0.0,54450.0
10221,473,148,2,3,3,1282,FULFILLED,ARS,14700.0,3087.0,0.0,17787.0
10222,244,1485,1,,382,1310,FULFILLED,ARS,51450.0,10804.5,0.0,62254.5
10223,553,986,1,,2368,2699,PAID,ARS,73710.0,15479.1,900.0,90089.1
10224,202,1300,2,2,2,,FULFILLED,ARS,48210.0,10124.1,0.0,58334.1
10225,459,904,1,,1033,529,FULFILLED,ARS,14250.0,2992.5,1200.0,18442.5
10226,408,714,1,,1727,2874,PAID,ARS,52500.0,11025.0,900.0,64425.0
10227,190,864,1,,165,1114,PAID,ARS,19440.0,4082.4,1200.0,24722.4
10228,430,1413,1,,1084,2800,PAID,ARS,21600.0,4536.0,1200.0,27336.0
10229,625,496,1,,2803,3042,FULFILLED,ARS,37800.0,7938.0,1500.0,47238.0
10230,214,1175,1,,1283,2008,PAID,ARS,44250.0,9292.5,0.0,53542.5
10231,537,1353,2,4,4,1502,FULFILLED,ARS,38475.0,8079.75,0.0,46554.75
10232,619,1207,1,,2864,2299,PAID,ARS,15750.0,3307.5,1200.0,20257.5
10233,505,76,1,,2489,918,FULFILLED,ARS,40500.0,8505.0,0.0,49005.0
10234,39,1245,1,,1921,2136,FULFILLED,ARS,35280.0,7408.8,0.0,42688.8
10235,62,1446,1,,1445,1774,FULFILLED,ARS,65550.0,13765.5,0.0,79315.5
10236,107,389,2,2,2,1320,FULFILLED,ARS,31350.0,6583.5,0.0,37933.5
10237,256,480,2,3,3,147,FULFILLED,ARS,41160.0,8643.6,0.0,49803.6
10238,334,1096,2,3,3,770,FULFILLED,ARS,27300.0,5733.0,0.0,33033.0
10239,149,46,1,,2070,2256,PAID,ARS,40500.0,8505.0,900.0,49905.0
10240,450,924,2,3,3,954,FULFILLED,ARS,70200.0,14742.0,0.0,84942.0
10241,419,168,1,,471,383,PAID,ARS,44100.0,9261.0,0.0,53361.0
10242,51,1117,2,3,3,928,FULFILLED,ARS,55080.0,11566.8,0.0,66646.8
10243,281,658,1,,876,744,FULFILLED,ARS,21600.0,4536.0,0.0,26136.0
10244,127,98,1,,2425,456,REFUNDED,ARS,11400.0,2394.0,1200.0,14994.0
10245,82,942,1,,2592,2553,CANCELLED,ARS,31185.0,6548.85,0.0,37733.85
10246,194,376,1,,1481,2418,CANCELLED,ARS,14250.0,2992.5,900.0,18142.5
10247,264,401,1,,583,1385,FULFILLED,ARS,40500.0,8505.0,900.0,49905.0
10248,329,1477,1,,3122,2244,FULFILLED,ARS,47025.0,9875.25,1200.0,58100.25
10249,161,1124,1,,2302,2143,REFUNDED,ARS,34200.0,7182.0,900.0,42282.0
10250,407,446,1,,2457,1828,FULFILLED,ARS,14175.0,2976.75,1200.0,18351.75
10251,113,1106,2,2,2,408,FULFILLED,ARS,10800.0,2268.0,0.0,13068.0
10252,77,1182,2,3,3,1502,REFUNDED,ARS,23520.0,4939.2,0.0,28459.2
10253,374,1433,1,,2294,1399,FULFILLED,ARS,27000.0,5670.0,0.0,32670.0
10254,168,298,2,3,3,1768,REFUNDED,ARS,52536.0,11032.56,0.0,63568.56
10255,546,580,2,2,2,1168,FULFILLED,ARS,21600.0,4536.0,0.0,26136.0
10256,266,878,2,2,2,2573,FULFILLED,ARS,26220.0,5506.2,0.0,31726.2
10257,58,671,1,,2289,3197,FULFILLED,ARS,15000.0,3150.0,1200.0,19350.0
10258,544,542,2,3,3,1262,FULFILLED,ARS,13500.0,2835.0,0.0,16335.0
10259,99,215,1,,494,557,FULFILLED,ARS,12000.0,2520.0,900.0,15420.0
10260,54,69,1,,2902,2141,CREATED,ARS,16500.0,3465.0,900.0,20865.0
10261,457,1414,2,3,3,2913,FULFILLED,ARS,54000.0,11340.0,0.0,65340.0
10262,140,335,1,,3159,1834,FULFILLED,ARS,14250.0,2992.5,1500.0,18742.5
10263,437,436,2,4,4,1271,FULFILLED,ARS,34200.0,7182.0,0.0,41382.0
10264,67,1309,1,,2422,1571,FULFILLED,ARS,44100.0,9261.0,900.0,54261.0
10265,617,1085,2,4,4,1799,CANCELLED,ARS,30870.0,6482.7,0.0,37352.7
10266,335,504,1,,2201,425,PAID,ARS,28500.0,5985.0,900.0,35385.0
10267,442,12,1,,928,104,FULFILLED,ARS,40500.0,8505.0,1200.0,50205.0
10268,636,545,2,1,1,980,PAID,ARS,38808.0,8149.68,0.0,46957.68
10269,154,162,1,,3135,220,FULFILLED,ARS,12540.0,2633.4,900.0,16073.4
10270,436,1399,1,,203,,FULFILLED,ARS,54390.0,11421.9,1200.0,67011.9
10271,306,1309,1,,480,2870,PAID,ARS,22800.0,4788.0,0.0,27588.0
10272,238,1381,1,,2012,2280,PAID,ARS,40500.0,8505.0,900.0,49905.0
10273,120,662,1,,622,1905,PAID,ARS,37020.0,7774.2,900.0,45694.2
10274,105,799,1,,2812,2357,FULFILLED,ARS,30000.0,6300.0,900.0,37200.0
10275,380,737,1,,2910,,FULFILLED,ARS,41160.0,8643.6,1500.0,51303.6
10276,207,1124,1,,1034,2823,FULFILLED,ARS,26400.0,5544.0,900.0,32844.0
10277,497,452,1,,1565,1243,FULFILLED,ARS,21600.0,4536.0,900.0,27036.0
10278,613,599,1,,445,1436,PAID,ARS,35280.0,7408.8,1500.0,44188.8
10279,13,1122,1,,951,2328,FULFILLED,ARS,10260.0,2154.6,900.0,13314.6
10280,22,94,2,3,3,2804,FULFILLED,ARS,55500.0,11655.0,0.0,67155.0
10281,418,1368,2,3,3,1955,FULFILLED,ARS,15675.0,3291.75,0.0,18966.75
10282,273,1247,1,,2116,885,CANCELLED,ARS,37800.0,7938.0,0.0,45738.0
10283,465,65,2,4,4,460,FULFILLED,ARS,14700.0,3087.0,0.0,17787.0
10284,315,1182,2,1,1,3023,FULFILLED,ARS,23760.0,4989.6,0.0,28749.6
10285,530,833,1,,1340,,REFUNDED,ARS,47400.0,9954.0,1200.0,58554.0
10286,69,41,1,,2962,1763,CANCELLED,ARS,24000.0,5040.0,0.0,29040.0
10287,15,217,2,3,3,250,PAID,ARS,49392.0,10372.32,0.0,59764.32
10288,26,479,2,3,3,1822,FULFILLED,ARS,23520.0,4939.2,0.0,28459.2
10289,484,1295,2,1,1,,FULFILLED,ARS,36000.0,7560.0,0.0,43560.0
10290,286,644,2,4,4,,FULFILLED,ARS,33000.0,6930.0,0.0,39930.0
10291,90,1355,1,,2702,3190,FULFILLED,ARS,15000.0,3150.0,1500.0,19650.0
10292,82,1193,2,4,4,1109,FULFILLED,ARS,16170.0,3395.7,0.0,19565.7
10293,27,324,1,,1393,3163,FULFILLED,ARS,20520.0,4309.2,0.0,24829.2
10294,330,503,1,,2425,384,FULFILLED,ARS,14700.0,3087.0,0.0,17787.0
10295,565,455,1,,2271,2695,CANCELLED,ARS,51948.0,10909.08,1200.0,64057.08
10296,442,1072,1,,2401,1529,CANCELLED,ARS,60000.0,12600.0,1200.0,73800.0
10297,330,351,1,,648,,FULFILLED,ARS,11400.0,2394.0,1200.0,14994.0
10298,538,175,1,,2315,2029,FULFILLED,ARS,30000.0,6300.0,0.0,36300.0
10299,351,1174,1,,2693,2932,FULFILLED,ARS,23760.0,4989.6,1200.0,29949.6
10300,547,1182,1,,1608,,FULFILLED,ARS,36450.0,7654.5,1500.0,45604.5
10301,3,75,2,3,3,1351,FULFILLED,ARS,89100.0,18711.0,0.0,107811.0
10302,258,846,2,4,4,1878,PAID,ARS,32400.0,6804.0,0.0,39204.0
10303,629,855,2,1,1,,FULFILLED,ARS,67200.0,14112.0,0.0,81312.0
10304,417,1424,1,,1056,729,FULFILLED,ARS,35280.0,7408.8,1200.0,43888.8
10305,133,18,2,4,4,564,FULFILLED,ARS,42120.0,8845.2,0.0,50965.2
10306,89,797,1,,1169,2243,FULFILLED,ARS,15675.0,3291.75,1500.0,20466.75
10307,376,234,1,,1591,1178,PAID,ARS,45600.0,9576.0,0.0,55176.0
10308,614,921,2,4,4,3101,FULFILLED,ARS,35100.0,7371.0,0.0,42471.0
10309,308,1293,1,,2568,1279,FULFILLED,ARS,20520.0,4309.2,900.0,25729.2
10310,488,78,1,,2719,81,FULFILLED,ARS,29160.0,6123.6,900.0,36183.6
10311,348,970,2,2,2,294,FULFILLED,ARS,9720.0,2041.2,0.0,11761.2
10312,349,27,2,1,1,868,FULFILLED,ARS,28350.0,5953.5,0.0,34303.5
10313,504,965,1,,2964,2738,FULFILLED,ARS,35910.0,7541.1,1200.0,44651.1
10314,77,1463,1,,1188,,FULFILLED,ARS,55350.0,11623.5,1200.0,68173.5
10315,388,330,1,,2302,734,FULFILLED,ARS,54300.0,11403.0,900.0,66603.0
10316,448,57,2,4,4,280,PAID,ARS,77520.0,16279.2,0.0,93799.2
10317,581,538,1,,79,1200,FULFILLED,ARS,53400.0,11214.0,900.0,65514.0
10318,35,695,2,1,1,470,PAID,ARS,10800.0,2268.0,0.0,13068.0
10319,492,948,1,,1649,1044,CANCELLED,ARS,50760.0,10659.6,900.0,62319.6
10320,214,39,2,3,3,1516,FULFILLED,ARS,24000.0,5040.0,0.0,29040.0
10321,83,472,1,,1279,155,FULFILLED,ARS,28500.0,5985.0,1200.0,35685.0
10322,108,1347,2,3,3,2350,REFUNDED,ARS,49260.0,10344.6,0.0,59604.6
10323,632,582,2,2,2,1363,PAID,ARS,21600.0,4536.0,0.0,26136.0
10324,292,271,1,,1500,213,FULFILLED,ARS,36000.0,7560.0,0.0,43560.0
10325,42,87,1,,1888,2695,FULFILLED,ARS,56448.0,11854.08,900.0,69202.08
10326,573,1150,1,,462,3006,FULFILLED,ARS,34020.0,7144.2,900.0,42064.2
10327,346,1298,2,1,1,588,FULFILLED,ARS,15000.0,3150.0,0.0,18150.0
10328,199,115,1,,2700,,FULFILLED,ARS,14250.0,2992.5,900.0,18142.5
10329,486,672,1,,40,1710,FULFILLED,ARS,30000.0,6300.0,1500.0,37800.0
10330,547,1379,1,,2213,770,FULFILLED,ARS,58896.0,12368.16,1200.0,72464.16
10331,452,956,1,,2639,2862,FULFILLED,ARS,64368.0,13517.28,1500.0,79385.28
10332,135,1177,2,1,1,,FULFILLED,ARS,11760.0,2469.6,0.0,14229.6
10333,618,476,2,4,4,2542,PAID,ARS,45000.0,9450.0,0.0,54450.0
10334,299,1393,1,,45,386,FULFILLED,ARS,29400.0,6174.0,1500.0,37074.0
10335,157,311,2,1,1,3108,FULFILLED,ARS,30870.0,6482.7,0.0,37352.7
10336,533,546,2,1,1,1485,FULFILLED,ARS,87300.0,18333.0,0.0,105633.0
10337,185,187,1,,664,2852,FULFILLED,ARS,60000.0,12600.0,1200.0,73800.0
10338,420,515,2,4,4,2535,FULFILLED,ARS,23520.0,4939.2,0.0,28459.2
10339,576,641,2,4,4,1712,FULFILLED,ARS,11400.0,2394.0,0.0,13794.0
10340,511,1169,1,,2880,2898,FULFILLED,ARS,24696.0,5186.16,900.0,30782.16
10341,115,459,2,4,4,1850,FULFILLED,ARS,24000.0,5040.0,0.0,29040.0
10342,497,190,1,,1408,295,PAID,ARS,36000.0,7560.0,1200.0,44760.0
10343,529,781,1,,1414,2110,FULFILLED,ARS,21600.0,4536.0,1500.0,27636.0
10344,591,581,2,1,1,331,FULFILLED,ARS,64800.0,13608.0,0.0,78408.0
10345,295,1105,1,,1496,1953,FULFILLED,ARS,120780.0,25363.8,900.0,147043.8
10346,474,1144,1,,2533,917,FULFILLED,ARS,42750.0,8977.5,900.0,52627.5
10347,262,359,1,,831,2647,PAID,ARS,29400.0,6174.0,900.0,36474.0
10348,80,517,1,,2059,1854,PAID,ARS,49260.0,10344.6,1200.0,60804.6
10349,149,589,1,,1743,1431,FULFILLED,ARS,14175.0,2976.75,1200.0,18351.75
10350,289,777,2,3,3,2017,PAID,ARS,24000.0,5040.0,0.0,29040.0
10351,503,67,1,,8,2675,CANCELLED,ARS,65310.0,13715.1,0.0,79025.1
10352,168,1268,2,1,1,796,CANCELLED,ARS,11340.0,2381.4,0.0,13721.4
10353,164,121,2,4,4,67,FULFILLED,ARS,36000.0,7560.0,0.0,43560.0
10354,439,140,1,,3119,2979,FULFILLED,ARS,39600.0,8316.0,900.0,48816.0
10355,86,1453,1,,1376,1213,FULFILLED,ARS,50700.0,10647.0,900.0,62247.0
10356,109,1337,2,1,1,601,FULFILLED,ARS,67680.0,14212.8,0.0,81892.8
10357,117,1223,2,4,4,862,REFUNDED,ARS,27000.0,5670.0,0.0,32670.0
10358,16,897,1,,3023,2658,CANCELLED,ARS,35280.0,7408.8,900.0,43588.8
10359,70,1098,1,,1206,,CANCELLED,ARS,32400.0,6804.0,0.0,39204.0
10360,439,1134,2,3,3,,FULFILLED,ARS,69000.0,14490.0,0.0,83490.0
10361,504,679,2,4,4,2922,FULFILLED,ARS,12150.0,2551.5,0.0,14701.5
10362,617,672,1,,894,459,FULFILLED,ARS,37800.0,7938.0,900.0,46638.0
10363,631,1405,1,,145,2492,FULFILLED,ARS,22680.0,4762.8,900.0,28342.8
10364,32,922,2,3,3,2079,PAID,ARS,46305.0,9724.05,0.0,56029.05
10365,167,33,1,,1000,2950,REFUNDED,ARS,28500.0,5985.0,900.0,35385.0
10366,410,109,2,4,4,1125,FULFILLED,ARS,44100.0,9261.0,0.0,53361.0
10367,560,423,1,,3104,3041,FULFILLED,ARS,59670.0,12530.7,1200.0,73400.7
10368,422,1254,1,,1140,868,CANCELLED,ARS,81300.0,17073.0,1200.0,99573.0
10369,632,895,1,,809,88,FULFILLED,ARS,53580.0,11251.8,900.0,65731.8
10370,64,745,2,4,4,2944,FULFILLED,ARS,36000.0,7560.0,0.0,43560.0
10371,134,363,2,4,4,2325,FULFILLED,ARS,42525.0,8930.25,0.0,51455.25
10372,145,700,2,1,1,2759,FULFILLED,ARS,26400.0,5544.0,0.0,31944.0
10373,25,126,1,,2936,2089,CANCELLED,ARS,31500.0,6615.0,1200.0,39315.0
10374,180,296,2,4,4,2637,CANCELLED,ARS,47025.0,9875.25,0.0,56900.25
10375,39,185,2,3,3,3014,CANCELLED,ARS,11340.0,2381.4,0.0,13721.4
10376,549,492,1,,426,160,FULFILLED,ARS,55860.0,11730.6,1500.0,69090.6
10377,362,745,1,,1283,2252,FULFILLED,ARS,30000.0,6300.0,1200.0,37500.0
10378,523,581,2,3,3,2407,FULFILLED,ARS,15000.0,3150.0,0.0,18150.0
10379,544,553,2,3,3,998,FULFILLED,ARS,35280.0,7408.8,0.0,42688.8
10380,116,386,2,4,4,,FULFILLED,ARS,20520.0,4309.2,0.0,24829.2
10381,389,838,1,,815,938,FULFILLED,ARS,54000.0,11340.0,0.0,65340.0
10382,157,126,2,2,2,2513,FULFILLED,ARS,26670.0,5600.7,0.0,32270.7
10383,340,866,1,,1700,762,PAID,ARS,34200.0,7182.0,900.0,42282.0
10384,445,1010,1,,2145,,FULFILLED,ARS,74100.0,15561.0,900.0,90561.0
10385,299,224,1,,3174,,FULFILLED,ARS,45000.0,9450.0,900.0,55350.0
10386,320,1263,2,3,3,2854,FULFILLED,ARS,12000.0,2520.0,0.0,14520.0
10387,421,570,1,,136,596,REFUNDED,ARS,37044.0,7779.24,900.0,45723.24
10388,186,650,2,4,4,159,CANCELLED,ARS,23520.0,4939.2,0.0,28459.2
10389,414,1348,1,,2384,553,FULFILLED,ARS,11400.0,2394.0,1500.0,15294.0
10390,383,72,2,2,2,2799,REFUNDED,ARS,12348.0,2593.08,0.0,14941.08
10391,442,238,1,,813,1336,FULFILLED,ARS,27450.0,5764.5,1200.0,34414.5
10392,63,809,1,,2903,2518,FULFILLED,ARS,59535.0,12502.35,1200.0,73237.35
10393,599,542,1,,2398,1989,FULFILLED,ARS,24000.0,5040.0,900.0,29940.0
10394,591,1471,2,1,1,2265,FULFILLED,ARS,49500.0,10395.0,0.0,59895.0
10395,475,18,2,4,4,,FULFILLED,ARS,15000.0,3150.0,0.0,18150.0
10396,352,93,1,,2881,164,FULFILLED,ARS,15000.0,3150.0,900.0,19050.0
10397,582,666,1,,657,328,FULFILLED,ARS,42750.0,8977.5,1500.0,53227.5
10398,40,147,2,2,2,2107,FULFILLED,ARS,45000.0,9450.0,0.0,54450.0
10399,600,168,1,,1968,925,CANCELLED,ARS,119700.0,25137.0,1200.0,146037.0
10400,568,305,1,,2846,2311,CREATED,ARS,32400.0,6804.0,1500.0,40704.0
10401,140,816,1,,3167,874,FULFILLED,ARS,35760.0,7509.6,900.0,44169.6
10402,313,1173,2,4,4,1144,FULFILLED,ARS,11760.0,2469.6,0.0,14229.6
10403,261,524,2,2,2,1650,FULFILLED,ARS,70020.0,14704.2,0.0,84724.2
10404,544,688,1,,1691,2218,PAID,ARS,49920.0,10483.2,1200.0,61603.2
10405,604,245,1,,173,639,PAID,ARS,28200.0,5922.0,900.0,35022.0
10406,218,422,2,1,1,3103,FULFILLED,ARS,20520.0,4309.2,0.0,24829.2
10407,637,716,2,4,4,1971,FULFILLED,ARS,46680.0,9802.8,0.0,56482.8
10408,544,744,2,3,3,788,PAID,ARS,28500.0,5985.0,0.0,34485.0
10409,264,614,2,1,1,19,FULFILLED,ARS,23520.0,4939.2,0.0,28459.2
10410,322,716,1,,3135,734,FULFILLED,ARS,23760.0,4989.6,1200.0,29949.6
10411,524,258,2,4,4,,FULFILLED,ARS,9720.0,2041.2,0.0,11761.2
10412,85,1139,2,4,4,1958,FULFILLED,ARS,25650.0,5386.5,0.0,31036.5
10413,576,171,1,,1867,2758,CANCELLED,ARS,21600.0,4536.0,1200.0,27336.0
10414,399,896,1,,1876,2866,FULFILLED,ARS,11760.0,2469.6,1200.0,15429.6
10415,568,1332,1,,2201,1924,REFUNDED,ARS,15000.0,3150.0,900.0,19050.0
10416,291,682,1,,700,342,FULFILLED,ARS,48510.0,10187.1,0.0,58697.1
10417,633,1265,2,1,1,2846,FULFILLED,ARS,35280.0,7408.8,0.0,42688.8
10418,48,234,1,,2176,2477,FULFILLED,ARS,11400.0,2394.0,900.0,14694.0
10419,40,1145,1,,1103,901,PAID,ARS,35280.0,7408.8,1500.0,44188.8
10420,452,965,1,,3034,714,PAID,ARS,14250.0,2992.5,0.0,17242.5
10421,490,47,1,,3010,3000,FULFILLED,ARS,21600.0,4536.0,900.0,27036.0
10422,510,501,1,,1228,1545,FULFILLED,ARS,24000.0,5040.0,1500.0,30540.0
10423,500,716,1,,2762,177,FULFILLED,ARS,36000.0,7560.0,1200.0,44760.0
10424,271,848,1,,2273,882,CANCELLED,ARS,13200.0,2772.0,1200.0,17172.0
10425,484,574,2,2,2,,FULFILLED,ARS,49500.0,10395.0,0.0,59895.0
10426,628,361,1,,2960,576,PAID,ARS,12000.0,2520.0,900.0,15420.0
10427,10,565,2,2,2,2465,PAID,ARS,71820.0,15082.2,0.0,86902.2
10428,258,1233,1,,1532,847,FULFILLED,ARS,29700.0,6237.0,0.0,35937.0
10429,242,433,2,2,2,,FULFILLED,ARS,30000.0,6300.0,0.0,36300.0
10430,394,66,1,,911,3183,FULFILLED,ARS,23520.0,4939.2,900.0,29359.2
10431,427,898,2,1,1,1829,PAID,ARS,32400.0,6804.0,0.0,39204.0
10432,596,1130,1,,438,,FULFILLED,ARS,57000.0,11970.0,900.0,69870.0
10433,174,892,1,,1182,888,FULFILLED,ARS,67050.0,14080.5,900.0,82030.5
10434,79,972,2,1,1,563,FULFILLED,ARS,13230.0,2778.3,0.0,16008.3
10435,244,486,1,,854,2514,FULFILLED,ARS,79950.0,16789.5,1200.0,97939.5
10436,598,173,1,,1062,,FULFILLED,ARS,44100.0,9261.0,1200.0,54561.0
10437,170,238,2,4,4,1000,FULFILLED,ARS,10584.0,2222.64,0.0,12806.64
10438,627,992,1,,2205,,PAID,ARS,32400.0,6804.0,0.0,39204.0
10439,394,341,1,,2928,1778,FULFILLED,ARS,65430.0,13740.3,1200.0,80370.3
10440,480,1321,2,3,3,746,FULFILLED,ARS,50148.0,10531.08,0.0,60679.08
10441,247,1334,2,2,2,2601,FULFILLED,ARS,14700.0,3087.0,0.0,17787.0
10442,106,315,2,1,1,2142,CANCELLED,ARS,87780.0,18433.8,0.0,106213.8
10443,117,839,1,,1900,1041,FULFILLED,ARS,44550.0,9355.5,900.0,54805.5
10444,102,643,1,,214,2297,FULFILLED,ARS,54768.0,11501.28,1200.0,67469.28
10445,141,196,2,2,2,2544,FULFILLED,ARS,19440.0,4082.4,0.0,23522.4
10446,85,1194,2,2,2,336,FULFILLED,ARS,32940.0,6917.4,0.0,39857.4
10447,269,1331,2,2,2,633,FULFILLED,ARS,31500.0,6615.0,0.0,38115.0
10448,288,1253,2,1,1,1513,FULFILLED,ARS,10800.0,2268.0,0.0,13068.0
10449,235,878,1,,259,1492,REFUNDED,ARS,21600.0,4536.0,900.0,27036.0
10450,416,862,1,,2229,1663,FULFILLED,ARS,36000.0,7560.0,1500.0,45060.0
10451,199,714,2,4,4,2070,FULFILLED,ARS,24300.0,5103.0,0.0,29403.0
10452,187,534,2,4,4,2952,PAID,ARS,70650.0,14836.5,0.0,85486.5
10453,135,1062,2,3,3,1140,FULFILLED,ARS,28350.0,5953.5,0.0,34303.5
10454,455,1234,2,2,2,2861,PAID,ARS,37500.0,7875.0,0.0,45375.0
10455,233,947,1,,766,287,FULFILLED,ARS,44100.0,9261.0,900.0,54261.0
10456,478,880,2,4,4,229,PAID,ARS,13500.0,2835.0,0.0,16335.0
10457,382,1195,1,,1101,1854,PAID,ARS,43350.0,9103.5,1200.0,53653.5
10458,309,862,1,,1926,2262,FULFILLED,ARS,10800.0,2268.0,1200.0,14268.0
10459,621,897,1,,352,1275,FULFILLED,ARS,32400.0,6804.0,1500.0,40704.0
10460,97,594,1,,2595,320,FULFILLED,ARS,14850.0,3118.5,1500.0,19468.5
10461,31,1234,1,,2815,53,FULFILLED,ARS,36000.0,7560.0,0.0,43560.0
10462,335,952,2,1,1,519,PAID,ARS,25650.0,5386.5,0.0,31036.5
10463,587,410,2,3,3,,FULFILLED,ARS,15435.0,3241.35,0.0,18676.35
10464,480,951,2,2,2,1653,FULFILLED,ARS,34020.0,7144.2,0.0,41164.2
10465,573,71,2,2,2,1590,FULFILLED,ARS,29925.0,6284.25,0.0,36209.25
10466,213,1245,1,,673,2723,CANCELLED,ARS,82170.0,17255.7,0.0,99425.7
10467,99,244,2,3,3,3169,FULFILLED,ARS,31752.0,6667.92,0.0,38419.92
10468,96,776,2,1,1,2098,PAID,ARS,44100.0,9261.0,0.0,53361.0
10469,519,1245,2,3,3,3025,FULFILLED,ARS,47025.0,9875.25,0.0,56900.25
10470,570,822,2,4,4,1064,CANCELLED,ARS,32400.0,6804.0,0.0,39204.0
10471,36,602,2,4,4,1861,FULFILLED,ARS,10800.0,2268.0,0.0,13068.0
10472,397,803,1,,508,1553,FULFILLED,ARS,49200.0,10332.0,1200.0,60732.0
10473,432,1309,2,1,1,2048,FULFILLED,ARS,40500.0,8505.0,0.0,49005.0
10474,618,204,1,,1958,1507,FULFILLED,ARS,11760.0,2469.6,1200.0,15429.6
10475,174,1489,1,,2812,393,FULFILLED,ARS,14175.0,2976.75,900.0,18051.75
10476,555,8,1,,924,2,FULFILLED,ARS,40500.0,8505.0,1200.0,50205.0
10477,574,196,1,,2602,314,FULFILLED,ARS,12150.0,2551.5,1200.0,15901.5
10478,137,479,1,,989,730,FULFILLED,ARS,47100.0,9891.0,0.0,56991.0
10479,255,1107,1,,1174,2817,FULFILLED,ARS,23220.0,4876.2,900.0,28996.2
10480,359,384,2,4,4,276,FULFILLED,ARS,21600.0,4536.0,0.0,26136.0
10481,457,206,1,,1502,798,CANCELLED,ARS,78525.0,16490.25,1200.0,96215.25
10482,46,928,2,1,1,,FULFILLED,ARS,12540.0,2633.4,0.0,15173.4
10483,628,672,1,,1953,2979,FULFILLED,ARS,12600.0,2646.0,900.0,16146.0
10484,195,876,2,2,2,3152,FULFILLED,ARS,25200.0,5292.0,0.0,30492.0
10485,344,980,1,,1089,,FULFILLED,ARS,41310.0,8675.1,1200.0,51185.1
10486,336,471,1,,1411,,FULFILLED,ARS,73020.0,15334.2,1200.0,89554.2
10487,22,32,2,4,4,1673,FULFILLED,ARS,95661.0,20088.81,0.0,115749.81
10488,255,714,1,,1733,944,FULFILLED,ARS,15000.0,3150.0,1500.0,19650.0
10489,301,53,2,2,2,1906,FULFILLED,ARS,44100.0,9261.0,0.0,53361.0
10490,229,140,2,1,1,1413,REFUNDED,ARS,38871.0,8162.91,0.0,47033.91
10491,151,986,1,,268,2719,FULFILLED,ARS,98850.0,20758.5,1200.0,120808.5
10492,622,1103,1,,1391,1627,CANCELLED,ARS,45600.0,9576.0,900.0,56076.0
10493,591,1034,2,2,2,2395,PAID,ARS,24000.0,5040.0,0.0,29040.0
10494,371,275,2,4,4,142,REFUNDED,ARS,82710.0,17369.1,0.0,100079.1
10495,418,263,2,4,4,79,FULFILLED,ARS,37620.0,7900.2,0.0,45520.2
10496,479,922,2,4,4,2871,FULFILLED,ARS,55500.0,11655.0,0.0,67155.0
10497,282,1068,2,3,3,2109,FULFILLED,ARS,13500.0,2835.0,0.0,16335.0
10498,455,1316,1,,2357,2408,PAID,ARS,13500.0,2835.0,1200.0,17535.0
10499,89,506,1,,2213,1257,FULFILLED,ARS,29250.0,6142.5,1200.0,36592.5
10500,553,1258,1,,519,3023,FULFILLED,ARS,22800.0,4788.0,1200.0,28788.0
10501,438,349,1,,1862,3050,FULFILLED,ARS,26460.0,5556.6,1200.0,33216.6
10502,116,476,2,2,2,,FULFILLED,ARS,57372.0,12048.12,0.0,69420.12
10503,582,1468,1,,430,878,PAID,ARS,15750.0,3307.5,900.0,19957.5
10504,639,885,1,,1451,2179,FULFILLED,ARS,71460.0,15006.6,900.0,87366.6
10505,336,1288,2,1,1,560,CANCELLED,ARS,25200.0,5292.0,0.0,30492.0
10506,316,1439,2,4,4,,FULFILLED,ARS,25200.0,5292.0,0.0,30492.0
10507,208,730,2,2,2,127,FULFILLED,ARS,37044.0,7779.24,0.0,44823.24
10508,58,194,2,4,4,774,FULFILLED,ARS,89175.0,18726.75,0.0,107901.75
10509,529,163,1,,2025,,FULFILLED,ARS,21600.0,4536.0,1500.0,27636.0
10510,550,286,2,2,2,,PAID,ARS,38475.0,8079.75,0.0,46554.75
10511,47,107,1,,2953,1650,CREATED,ARS,59520.0,12499.2,1200.0,73219.2
10512,514,1039,1,,2286,1541,FULFILLED,ARS,63210.0,13274.1,900.0,77384.1
10513,573,411,1,,327,,REFUNDED,ARS,11760.0,2469.6,1200.0,15429.6
10514,225,385,1,,2404,826,FULFILLED,ARS,10584.0,2222.64,900.0,13706.64
10515,460,713,1,,2588,1936,CANCELLED,ARS,14250.0,2992.5,1500.0,18742.5
10516,284,819,1,,3118,,PAID,ARS,45000.0,9450.0,1500.0,55950.0
10517,436,315,2,2,2,407,PAID,ARS,12540.0,2633.4,0.0,15173.4
10518,541,130,1,,1281,1178,REFUNDED,ARS,23760.0,4989.6,1200.0,29949.6
10519,191,895,2,1,1,1076,FULFILLED,ARS,14700.0,3087.0,0.0,17787.0
10520,201,1337,1,,2048,2106,FULFILLED,ARS,64020.0,13444.2,1200.0,78664.2
10521,594,919,2,2,2,184,PAID,ARS,46305.0,9724.05,0.0,56029.05
10522,549,318,2,4,4,2682,REFUNDED,ARS,21600.0,4536.0,0.0,26136.0
10523,177,354,1,,1817,,PAID,ARS,31350.0,6583.5,1200.0,39133.5
10524,41,906,2,3,3,272,FULFILLED,ARS,48000.0,10080.0,0.0,58080.0
10525,126,963,2,2,2,,FULFILLED,ARS,30000.0,6300.0,0.0,36300.0
10526,606,913,1,,365,,FULFILLED,ARS,40500.0,8505.0,1200.0,50205.0
10527,328,1382,2,2,2,1926,FULFILLED,ARS,28425.0,5969.25,0.0,34394.25
10528,19,1044,1,,2236,310,FULFILLED,ARS,23748.0,4987.08,900.0,29635.08
10529,384,431,1,,2349,221,PAID,ARS,78360.0,16455.6,900.0,95715.6
10530,554,2,1,,1488,2001,FULFILLED,ARS,13500.0,2835.0,1200.0,17535.0
10531,273,983,2,1,1,1737,FULFILLED,ARS,36000.0,7560.0,0.0,43560.0
10532,180,669,1,,2089,2729,FULFILLED,ARS,22800.0,4788.0,1200.0,28788.0
10533,624,436,2,2,2,882,REFUNDED,ARS,12000.0,2520.0,0.0,14520.0
10534,169,27,1,,1522,1770,FULFILLED,ARS,81000.0,17010.0,1200.0,99210.0
10535,210,96,1,,907,335,PAID,ARS,45000.0,9450.0,900.0,55350.0
10536,364,827,2,3,3,1012,CANCELLED,ARS,45120.0,9475.2,0.0,54595.2
10537,155,375,2,1,1,521,FULFILLED,ARS,28350.0,5953.5,0.0,34303.5
10538,137,1236,1,,2008,2695,FULFILLED,ARS,14250.0,2992.5,900.0,18142.5
10539,192,1232,2,3,3,659,FULFILLED,ARS,22800.0,4788.0,0.0,27588.0
10540,25,731,1,,1450,3028,FULFILLED,ARS,73035.0,15337.35,1200.0,89572.35
10541,286,898,1,,1102,2057,FULFILLED,ARS,24000.0,5040.0,1200.0,30240.0
10542,180,1169,2,4,4,2591,FULFILLED,ARS,14700.0,3087.0,0.0,17787.0
10543,117,826,1,,338,1340,FULFILLED,ARS,24300.0,5103.0,900.0,30303.0
10544,572,593,1,,609,2770,PAID,ARS,12600.0,2646.0,900.0,16146.0
10545,258,751,1,,731,2652,CREATED,ARS,24000.0,5040.0,1200.0,30240.0
10546,631,1316,2,2,2,2549,CANCELLED,ARS,44100.0,9261.0,0.0,53361.0
10547,188,907,2,3,3,,FULFILLED,ARS,30000.0,6300.0,0.0,36300.0
10548,363,1110,1,,425,14,FULFILLED,ARS,31350.0,6583.5,900.0,38833.5
10549,16,855,2,4,4,1157,PAID,ARS,30000.0,6300.0,0.0,36300.0
10550,316,1244,1,,1840,644,FULFILLED,ARS,35280.0,7408.8,1500.0,44188.8
10551,383,722,1,,2807,1274,FULFILLED,ARS,27000.0,5670.0,0.0,32670.0
10552,41,119,1,,1674,1415,FULFILLED,ARS,22800.0,4788.0,0.0,27588.0
10553,478,228,1,,1102,640,FULFILLED,ARS,30000.0,6300.0,900.0,37200.0
10554,417,166,2,2,2,1554,FULFILLED,ARS,22200.0,4662.0,0.0,26862.0
10555,632,460,2,1,1,654,PAID,ARS,42750.0,8977.5,0.0,51727.5
10556,517,1371,1,,1478,,FULFILLED,ARS,32400.0,6804.0,1500.0,40704.0
10557,69,301,2,4,4,,FULFILLED,ARS,40500.0,8505.0,0.0,49005.0
10558,188,1280,1,,183,1064,REFUNDED,ARS,42750.0,8977.5,1200.0,52927.5
10559,507,793,1,,2787,1667,FULFILLED,ARS,10260.0,2154.6,900.0,13314.6
10560,282,906,1,,3020,2632,REFUNDED,ARS,11760.0,2469.6,1200.0,15429.6
10561,617,68,1,,2479,41,FULFILLED,ARS,24000.0,5040.0,1200.0,30240.0
10562,593,585,1,,2371,1468,FULFILLED,ARS,43512.0,9137.52,1200.0,53849.52
10563,304,367,1,,872,1456,PAID,ARS,23520.0,4939.2,1200.0,29659.2
10564,88,624,1,,3145,,PAID,ARS,72324.0,15188.04,1500.0,89012.04
10565,381,1411,1,,2613,2588,FULFILLED,ARS,38412.0,8066.52,0.0,46478.52
10566,176,1102,1,,674,1070,FULFILLED,ARS,15675.0,3291.75,900.0,19866.75
10567,491,1345,1,,1358,635,FULFILLED,ARS,57264.0,12025.44,1200.0,70489.44
10568,468,302,2,4,4,3167,FULFILLED,ARS,28500.0,5985.0,0.0,34485.0
10569,150,792,2,1,1,262,FULFILLED,ARS,24000.0,5040.0,0.0,29040.0
10570,161,1375,2,1,1,2857,FULFILLED,ARS,55500.0,11655.0,0.0,67155.0
10571,22,1012,2,3,3,1775,FULFILLED,ARS,69300.0,14553.0,0.0,83853.0
10572,74,620,1,,1347,3010,FULFILLED,ARS,14250.0,2992.5,1200.0,18442.5
10573,476,414,1,,2316,330,FULFILLED,ARS,14175.0,2976.75,900.0,18051.75
10574,614,905,2,3,3,1951,FULFILLED,ARS,12000.0,2520.0,0.0,14520.0
10575,42,1104,1,,105,3189,FULFILLED,ARS,45000.0,9450.0,1200.0,55650.0
10576,42,213,2,4,4,2053,PAID,ARS,10800.0,2268.0,0.0,13068.0
10577,129,669,1,,1599,2351,FULFILLED,ARS,15000.0,3150.0,900.0,19050.0
10578,156,1201,1,,2787,2806,PAID,ARS,55920.0,11743.2,1500.0,69163.2
10579,245,1177,2,4,4,685,FULFILLED,ARS,36600.0,7686.0,0.0,44286.0
10580,451,584,1,,1451,813,FULFILLED,ARS,27000.0,5670.0,900.0,33570.0
10581,321,929,1,,1967,93,FULFILLED,ARS,32400.0,6804.0,900.0,40104.0
10582,101,554,1,,1338,2949,FULFILLED,ARS,37044.0,7779.24,1200.0,46023.24
10583,247,1093,2,4,4,,FULFILLED,ARS,29925.0,6284.25,0.0,36209.25
10584,523,1326,1,,2313,2310,FULFILLED,ARS,26970.0,5663.7,900.0,33533.7
10585,638,612,1,,196,2547,FULFILLED,ARS,30870.0,6482.7,0.0,37352.7
10586,142,271,1,,3138,1562,FULFILLED,ARS,40500.0,8505.0,0.0,49005.0
10587,487,832,1,,511,2592,FULFILLED,ARS,28200.0,5922.0,0.0,34122.0
10588,143,609,1,,754,2927,CANCELLED,ARS,23520.0,4939.2,900.0,29359.2
10589,166,331,2,4,4,,FULFILLED,ARS,14962.5,3142.12,0.0,18104.62
10590,127,405,1,,2972,982,PAID,ARS,24900.0,5229.0,900.0,31029.0
10591,107,987,1,,3185,1541,FULFILLED,ARS,21600.0,4536.0,1200.0,27336.0
10592,96,262,1,,1728,1257,FULFILLED,ARS,45000.0,9450.0,1200.0,55650.0
10593,347,148,1,,1414,888,REFUNDED,ARS,25200.0,5292.0,0.0,30492.0
10594,570,839,2,4,4,2488,FULFILLED,ARS,10800.0,2268.0,0.0,13068.0
10595,211,1281,2,2,2,2235,FULFILLED,ARS,21600.0,4536.0,0.0,26136.0
10596,324,1042,1,,159,1780,PAID,ARS,19440.0,4082.4,1200.0,24722.4
10597,79,924,1,,2951,283,FULFILLED,ARS,56889.0,11946.69,1200.0,70035.69
10598,80,583,2,1,1,1091,FULFILLED,ARS,23520.0,4939.2,0.0,28459.2
10599,231,1086,1,,1791,165,FULFILLED,ARS,21168.0,4445.28,900.0,26513.28
10600,528,779,1,,1,284,CANCELLED,ARS,59100.0,12411.0,900.0,72411.0
10601,429,85,1,,417,1342,FULFILLED,ARS,11400.0,2394.0,1200.0,14994.0
10602,316,18,1,,657,186,FULFILLED,ARS,15000.0,3150.0,1500.0,19650.0
10603,226,310,2,3,3,42,FULFILLED,ARS,45000.0,9450.0,0.0,54450.0
10604,314,477,1,,860,575,FULFILLED,ARS,14250.0,2992.5,1200.0,18442.5
10605,103,1266,1,,2609,946,FULFILLED,ARS,45000.0,9450.0,900.0,55350.0
10606,480,1173,1,,2330,1088,FULFILLED,ARS,9720.0,2041.2,900.0,12661.2
10607,285,13,2,1,1,3202,PAID,ARS,15750.0,3307.5,0.0,19057.5
10608,477,1193,1,,2555,2873,FULFILLED,ARS,37800.0,7938.0,1200.0,46938.0
10609,279,1231,1,,367,1987,FULFILLED,ARS,19440.0,4082.4,1500.0,25022.4
10610,380,467,2,3,3,359,CANCELLED,ARS,47250.0,9922.5,0.0,57172.5
10611,151,995,1,,491,,FULFILLED,ARS,22800.0,4788.0,900.0,28488.0
10612,251,1108,1,,2210,,FULFILLED,ARS,58500.0,12285.0,0.0,70785.0
10613,547,268,1,,945,,FULFILLED,ARS,63990.0,13437.9,900.0,78327.9
10614,486,1496,1,,2254,,FULFILLED,ARS,13500.0,2835.0,0.0,16335.0
10615,10,1022,2,3,3,2607,PAID,ARS,79140.0,16619.4,0.0,95759.4
10616,566,1479,1,,1748,1262,FULFILLED,ARS,55500.0,11655.0,1200.0,68355.0
10617,384,20,1,,1298,,FULFILLED,ARS,66300.0,13923.0,0.0,80223.0
10618,401,335,2,1,1,748,PAID,ARS,14250.0,2992.5,0.0,17242.5
10619,523,1310,1,,2191,244,FULFILLED,ARS,36000.0,7560.0,900.0,44460.0
10620,448,289,2,2,2,2702,FULFILLED,ARS,43200.0,9072.0,0.0,52272.0
10621,90,926,1,,2592,1940,REFUNDED,ARS,32400.0,6804.0,900.0,40104.0
10622,558,126,1,,3146,1823,PAID,ARS,21600.0,4536.0,0.0,26136.0
10623,374,252,2,1,1,1404,PAID,ARS,65970.0,13853.7,0.0,79823.7
10624,609,1070,1,,1341,1825,FULFILLED,ARS,40500.0,8505.0,1200.0,50205.0
10625,383,971,1,,2694,838,FULFILLED,ARS,65280.0,13708.8,900.0,79888.8
10626,635,1178,1,,1332,2971,PAID,ARS,46305.0,9724.05,900.0,56929.05
10627,471,717,2,1,1,1676,FULFILLED,ARS,10260.0,2154.6,0.0,12414.6
10628,347,1217,1,,2832,2,FULFILLED,ARS,67500.0,14175.0,900.0,82575.0
10629,575,513,1,,808,498,FULFILLED,ARS,12348.0,2593.08,1200.0,16141.08
10630,299,512,1,,1596,1672,REFUNDED,ARS,23520.0,4939.2,1500.0,29959.2
10631,292,316,1,,2683,1089,FULFILLED,ARS,47250.0,9922.5,900.0,58072.5
10632,202,1141,2,4,4,2594,FULFILLED,ARS,15000.0,3150.0,0.0,18150.0
10633,499,1062,1,,2504,1962,FULFILLED,ARS,10800.0,2268.0,1200.0,14268.0
10634,322,216,1,,3186,2330,FULFILLED,ARS,34200.0,7182.0,1200.0,42582.0
10635,240,1452,1,,1707,,FULFILLED,ARS,60300.0,12663.0,900.0,73863.0
10636,16,981,1,,1420,1969,PAID,ARS,47502.0,9975.42,900.0,58377.42
10637,116,193,2,2,2,2098,CANCELLED,ARS,35280.0,7408.8,0.0,42688.8
10638,183,529,2,4,4,268,FULFILLED,ARS,12000.0,2520.0,0.0,14520.0
10639,493,1418,1,,331,881,PAID,ARS,35640.0,7484.4,1200.0,44324.4
10640,405,1343,1,,1688,1633,FULFILLED,ARS,120870.0,25382.7,1500.0,147752.7
10641,233,703,1,,980,1816,FULFILLED,ARS,21600.0,4536.0,0.0,26136.0
10642,144,76,2,1,1,869,PAID,ARS,32400.0,6804.0,0.0,39204.0
10643,553,357,2,2,2,2108,PAID,ARS,13200.0,2772.0,0.0,15972.0
10644,450,1007,2,1,1,2158,FULFILLED,ARS,24000.0,5040.0,0.0,29040.0
10645,521,1439,1,,2868,80,FULFILLED,ARS,10584.0,2222.64,0.0,12806.64
10646,215,470,2,4,4,985,FULFILLED,ARS,66690.0,14004.9,0.0,80694.9
10647,386,890,1,,166,1305,CANCELLED,ARS,47025.0,9875.25,900.0,57800.25
10648,520,276,2,4,4,535,FULFILLED,ARS,42120.0,8845.2,0.0,50965.2
10649,13,145,1,,2104,67,FULFILLED,ARS,24000.0,5040.0,1200.0,30240.0
10650,431,1063,2,4,4,2150,FULFILLED,ARS,78750.0,16537.5,0.0,95287.5
10651,59,594,1,,1838,1962,FULFILLED,ARS,63270.0,13286.7,900.0,77456.7
10652,87,1420,1,,3003,2771,FULFILLED,ARS,34560.0,7257.6,1500.0,43317.6
10653,608,812,1,,1875,2912,PAID,ARS,12348.0,2593.08,1500.0,16441.08
10654,154,1394,2,3,3,,FULFILLED,ARS,10800.0,2268.0,0.0,13068.0
10655,336,196,1,,2743,406,FULFILLED,ARS,45000.0,9450.0,900.0,55350.0
10656,241,145,2,2,2,184,FULFILLED,ARS,75870.0,15932.7,0.0,91802.7
10657,570,832,1,,2716,1279,FULFILLED,ARS,24000.0,5040.0,0.0,29040.0
10658,280,1239,2,3,3,1756,FULFILLED,ARS,46305.0,9724.05,0.0,56029.05
10659,402,805,2,3,3,2338,PAID,ARS,36000.0,7560.0,0.0,43560.0
10660,567,889,1,,2094,2552,PAID,ARS,32400.0,6804.0,1500.0,40704.0
10661,245,944,2,2,2,2216,FULFILLED,ARS,14250.0,2992.5,0.0,17242.5
10662,81,1233,2,3,3,1222,FULFILLED,ARS,36000.0,7560.0,0.0,43560.0
10663,131,142,1,,2431,2933,CREATED,ARS,10800.0,2268.0,0.0,13068.0
10664,26,932,1,,2957,1556,CANCELLED,ARS,35640.0,7484.4,1200.0,44324.4
10665,497,46,2,2,2,,FULFILLED,ARS,23520.0,4939.2,0.0,28459.2
10666,356,518,1,,1749,288,REFUNDED,ARS,11760.0,2469.6,1200.0,15429.6
10667,142,442,1,,642,2424,FULFILLED,ARS,11400.0,2394.0,900.0,14694.0
10668,215,366,1,,886,2077,FULFILLED,ARS,33600.0,7056.0,900.0,41556.0
10669,562,908,2,2,2,204,FULFILLED,ARS,31350.0,6583.5,0.0,37933.5
10670,123,1157,1,,475,1640,FULFILLED,ARS,35280.0,7408.8,0.0,42688.8
10671,587,763,1,,2435,1954,FULFILLED,ARS,45900.0,9639.0,900.0,56439.0
10672,69,1057,1,,1530,746,CANCELLED,ARS,51300.0,10773.0,1500.0,63573.0
10673,62,1474,2,4,4,2946,FULFILLED,ARS,11400.0,2394.0,0.0,13794.0
10674,389,332,1,,1057,223,PAID,ARS,30000.0,6300.0,1200.0,37500.0
10675,216,1439,2,2,2,1444,FULFILLED,ARS,29160.0,6123.6,0.0,35283.6
10676,203,1004,2,4,4,974,PAID,ARS,55462.5,11647.12,0.0,67109.62
10677,591,538,1,,676,1677,FULFILLED,ARS,14700.0,3087.0,1200.0,18987.0
10678,340,1039,2,1,1,3011,FULFILLED,ARS,28500.0,5985.0,0.0,34485.0
10679,127,1145,1,,2983,3174,FULFILLED,ARS,36000.0,7560.0,900.0,44460.0
10680,353,943,2,4,4,,FULFILLED,ARS,47136.0,9898.56,0.0,57034.56
10681,27,1170,2,4,4,,REFUNDED,ARS,20520.0,4309.2,0.0,24829.2
10682,531,1020,1,,2673,2401,FULFILLED,ARS,12000.0,2520.0,900.0,15420.0
10683,612,1400,2,1,1,3052,FULFILLED,ARS,30000.0,6300.0,0.0,36300.0
10684,330,506,2,2,2,1635,REFUNDED,ARS,33000.0,6930.0,0.0,39930.0
10685,518,261,1,,801,2454,FULFILLED,ARS,14250.0,2992.5,0.0,17242.5
10686,180,1437,1,,2048,2310,FULFILLED,ARS,34200.0,7182.0,900.0,42282.0
10687,238,612,2,3,3,1757,FULFILLED,ARS,24000.0,5040.0,0.0,29040.0
10688,137,558,1,,2990,1328,REFUNDED,ARS,22800.0,4788.0,0.0,27588.0
10689,362,1040,2,2,2,3072,FULFILLED,ARS,10800.0,2268.0,0.0,13068.0
10690,284,487,1,,727,2806,FULFILLED,ARS,15000.0,3150.0,1200.0,19350.0
10691,354,834,1,,525,2653,CANCELLED,ARS,23520.0,4939.2,0.0,28459.2
10692,617,1188,2,3,3,42,FULFILLED,ARS,12825.0,2693.25,0.0,15518.25
10693,255,1291,1,,2967,,CREATED,ARS,46800.0,9828.0,1500.0,58128.0
10694,541,310,1,,2347,2647,FULFILLED,ARS,10800.0,2268.0,900.0,13968.0
10695,417,982,1,,2969,2974,FULFILLED,ARS,44550.0,9355.5,900.0,54805.5
10696,181,743,2,4,4,1464,FULFILLED,ARS,21168.0,4445.28,0.0,25613.28
10697,599,224,2,3,3,618,FULFILLED,ARS,22800.0,4788.0,0.0,27588.0
10698,596,1068,1,,1701,1667,FULFILLED,ARS,73500.0,15435.0,1200.0,90135.0
10699,344,113,1,,738,665,FULFILLED,ARS,22800.0,4788.0,900.0,28488.0
10700,272,1090,1,,1752,378,FULFILLED,ARS,63300.0,13293.0,1500.0,78093.0
10701,265,1033,1,,2356,1331,PAID,ARS,23940.0,5027.4,1200.0,30167.4
10702,356,1132,1,,2,3006,FULFILLED,ARS,59100.0,12411.0,900.0,72411.0
10703,635,292,2,3,3,831,FULFILLED,ARS,39000.0,8190.0,0.0,47190.0
10704,112,556,2,4,4,358,FULFILLED,ARS,27000.0,5670.0,0.0,32670.0
10705,480,519,1,,2148,1680,FULFILLED,ARS,82305.0,17284.05,1200.0,100789.05
10706,508,491,2,1,1,197,FULFILLED,ARS,56925.0,11954.25,0.0,68879.25
10707,516,811,1,,1476,2904,FULFILLED,ARS,37044.0,7779.24,900.0,45723.24
10708,347,687,2,1,1,1190,FULFILLED,ARS,44100.0,9261.0,0.0,53361.0
10709,565,921,2,1,1,3028,FULFILLED,ARS,23940.0,5027.4,0.0,28967.4
10710,369,622,2,4,4,861,PAID,ARS,24300.0,5103.0,0.0,29403.0
10711,353,789,2,1,1,1364,FULFILLED,ARS,13230.0,2778.3,0.0,16008.3
10712,390,126,2,1,1,3064,FULFILLED,ARS,32400.0,6804.0,0.0,39204.0
10713,510,1176,2,2,2,1943,FULFILLED,ARS,37275.0,7827.75,0.0,45102.75
10714,175,282,1,,3163,1492,REFUNDED,ARS,101100.0,21231.0,900.0,123231.0
10715,35,1132,1,,2461,2483,FULFILLED,ARS,49500.0,10395.0,1200.0,61095.0
10716,372,284,2,1,1,,REFUNDED,ARS,42750.0,8977.5,0.0,51727.5
10717,5,174,1,,2287,134,FULFILLED,ARS,11400.0,2394.0,0.0,13794.0
10718,594,1331,2,3,3,313,REFUNDED,ARS,59250.0,12442.5,0.0,71692.5
10719,622,1216,1,,462,225,CANCELLED,ARS,29925.0,6284.25,900.0,37109.25
10720,146,1194,2,1,1,2010,CANCELLED,ARS,11400.0,2394.0,0.0,13794.0
10721,225,982,1,,412,2301,FULFILLED,ARS,23520.0,4939.2,0.0,28459.2
10722,540,545,1,,2519,2929,FULFILLED,ARS,14700.0,3087.0,900.0,18687.0
10723,269,325,1,,2683,2283,FULFILLED,ARS,11400.0,2394.0,1500.0,15294.0
10724,586,867,1,,2326,2469,FULFILLED,ARS,40500.0,8505.0,1200.0,50205.0
10725,617,1059,1,,848,3115,FULFILLED,ARS,48510.0,10187.1,900.0,59597.1
10726,352,775,1,,1034,2563,PAID,ARS,40110.0,8423.1,900.0,49433.1
10727,9,354,2,2,2,428,FULFILLED,ARS,44100.0,9261.0,0.0,53361.0
10728,537,168,1,,1181,2518,FULFILLED,ARS,10584.0,2222.64,900.0,13706.64
10729,509,638,2,2,2,,CANCELLED,ARS,9720.0,2041.2,0.0,11761.2
10730,275,710,2,2,2,,FULFILLED,ARS,27000.0,5670.0,0.0,32670.0
10731,33,963,1,,2309,2000,FULFILLED,ARS,23940.0,5027.4,1200.0,30167.4
10732,617,1415,2,3,3,881,CREATED,ARS,12000.0,2520.0,0.0,14520.0
10733,440,599,2,1,1,895,FULFILLED,ARS,14850.0,3118.5,0.0,17968.5
10734,372,200,1,,2892,773,FULFILLED,ARS,45000.0,9450.0,900.0,55350.0
10735,154,1122,2,3,3,1478,FULFILLED,ARS,10260.0,2154.6,0.0,12414.6
10736,112,317,2,2,2,706,CANCELLED,ARS,9720.0,2041.2,0.0,11761.2
10737,61,1158,2,2,2,2622,FULFILLED,ARS,37800.0,7938.0,0.0,45738.0
10738,454,723,1,,214,507,FULFILLED,ARS,36000.0,7560.0,0.0,43560.0
10739,293,1083,1,,60,3155,PAID,ARS,42750.0,8977.5,1200.0,52927.5
10740,331,352,1,,1573,2449,FULFILLED,ARS,31500.0,6615.0,0.0,38115.0
10741,171,394,1,,1482,3185,FULFILLED,ARS,38475.0,8079.75,900.0,47454.75
10742,550,740,1,,1713,1936,CANCELLED,ARS,14250.0,2992.5,0.0,17242.5
10743,158,1418,2,1,1,1871,FULFILLED,ARS,41850.0,8788.5,0.0,50638.5
10744,220,530,1,,2914,2459,PAID,ARS,94500.0,19845.0,0.0,114345.0
10745,479,239,1,,957,1066,FULFILLED,ARS,40848.0,8578.08,1200.0,50626.08
10746,283,296,1,,1441,2754,PAID,ARS,76200.0,16002.0,1200.0,93402.0
10747,9,854,2,2,2,1632,CREATED,ARS,51300.0,10773.0,0.0,62073.0
10748,448,1221,2,3,3,1708,CANCELLED,ARS,13230.0,2778.3,0.0,16008.3
10749,379,229,1,,109,2813,FULFILLED,ARS,30780.0,6463.8,1200.0,38443.8
10750,448,1048,1,,2851,79,PAID,ARS,29400.0,6174.0,1200.0,36774.0
10751,430,698,1,,2934,2031,CREATED,ARS,28350.0,5953.5,1500.0,35803.5
10752,76,869,2,4,4,214,CANCELLED,ARS,13230.0,2778.3,0.0,16008.3
10753,178,463,1,,2147,843,PAID,ARS,45000.0,9450.0,900.0,55350.0
10754,23,268,1,,2260,1767,CANCELLED,ARS,67221.0,14116.41,1200.0,82537.41
10755,387,62,1,,69,2481,REFUNDED,ARS,19440.0,4082.4,900.0,24422.4
10756,111,1242,1,,2274,3071,PAID,ARS,14250.0,2992.5,1200.0,18442.5
10757,401,181,1,,1917,707,FULFILLED,ARS,28500.0,5985.0,0.0,34485.0
10758,150,1484,2,2,2,643,FULFILLED,ARS,22740.0,4775.4,0.0,27515.4
10759,486,41,1,,2747,1449,FULFILLED,ARS,49500.0,10395.0,1200.0,61095.0
10760,401,497,1,,2693,2936,FULFILLED,ARS,35640.0,7484.4,1500.0,44624.4
10761,404,389,1,,1721,2623,REFUNDED,ARS,34200.0,7182.0,1200.0,42582.0
10762,411,150,1,,1226,1105,FULFILLED,ARS,100620.0,21130.2,1200.0,122950.2
10763,559,1170,1,,1059,506,FULFILLED,ARS,55440.0,11642.4,1200.0,68282.4
10764,114,1462,2,1,1,2433,FULFILLED,ARS,29925.0,6284.25,0.0,36209.25
10765,376,1296,2,2,2,2815,CANCELLED,ARS,20520.0,4309.2,0.0,24829.2
10766,214,830,1,,2275,625,REFUNDED,ARS,39690.0,8334.9,1200.0,49224.9
10767,165,847,1,,1671,2233,FULFILLED,ARS,70200.0,14742.0,900.0,85842.0
10768,66,981,2,3,3,2540,FULFILLED,ARS,12150.0,2551.5,0.0,14701.5
10769,372,771,2,1,1,3061,FULFILLED,ARS,52200.0,10962.0,0.0,63162.0
10770,457,91,2,4,4,1759,FULFILLED,ARS,40260.0,8454.6,0.0,48714.6
10771,389,1173,1,,151,2313,FULFILLED,ARS,11400.0,2394.0,1200.0,14994.0
10772,394,1317,2,2,2,957,PAID,ARS,44550.0,9355.5,0.0,53905.5
10773,224,1202,1,,383,1555,PAID,ARS,30000.0,6300.0,1200.0,37500.0
10774,33,422,2,2,2,2961,FULFILLED,ARS,38475.0,8079.75,0.0,46554.75
10775,121,847,2,3,3,2616,CREATED,ARS,44370.0,9317.7,0.0,53687.7
10776,46,573,1,,2136,1294,FULFILLED,ARS,16500.0,3465.0,1200.0,21165.0
10777,301,1285,2,4,4,1629,CANCELLED,ARS,49200.0,10332.0,0.0,59532.0
10778,637,183,1,,2316,1493,CREATED,ARS,12000.0,2520.0,900.0,15420.0
10779,47,663,1,,1795,2882,FULFILLED,ARS,44100.0,9261.0,900.0,54261.0
10780,266,675,1,,1500,1199,FULFILLED,ARS,10260.0,2154.6,1200.0,13614.6
10781,256,306,1,,1255,184,FULFILLED,ARS,24000.0,5040.0,1200.0,30240.0
10782,609,476,2,1,1,2479,FULFILLED,ARS,11760.0,2469.6,0.0,14229.6
10783,355,77,1,,1273,810,FULFILLED,ARS,13200.0,2772.0,900.0,16872.0
10784,482,956,1,,1869,3196,FULFILLED,ARS,67680.0,14212.8,900.0,82792.8
10785,427,668,2,3,3,3124,PAID,ARS,28500.0,5985.0,0.0,34485.0
10786,578,439,1,,2716,1394,FULFILLED,ARS,48720.0,10231.2,0.0,58951.2
10787,290,1457,1,,2287,1389,FULFILLED,ARS,23520.0,4939.2,1500.0,29959.2
10788,242,725,2,4,4,785,FULFILLED,ARS,36000.0,7560.0,0.0,43560.0
10789,536,1457,1,,2504,901,FULFILLED,ARS,22680.0,4762.8,1200.0,28642.8
10790,266,507,2,4,4,2939,REFUNDED,ARS,11760.0,2469.6,0.0,14229.6
10791,426,129,2,4,4,922,PAID,ARS,109134.0,22918.14,0.0,132052.14
10792,293,1407,1,,1743,1190,PAID,ARS,10800.0,2268.0,1200.0,14268.0
10793,535,775,2,2,2,490,FULFILLED,ARS,29925.0,6284.25,0.0,36209.25
10794,95,661,1,,2444,1563,FULFILLED,ARS,42750.0,8977.5,1200.0,52927.5
10795,589,1084,2,3,3,67,FULFILLED,ARS,25650.0,5386.5,0.0,31036.5
10796,304,711,1,,2375,1218,FULFILLED,ARS,9720.0,2041.2,1200.0,12961.2
10797,420,658,1,,102,2060,PAID,ARS,27000.0,5670.0,900.0,33570.0
10798,204,820,1,,2014,2654,FULFILLED,ARS,24696.0,5186.16,1500.0,31382.16
10799,143,1139,1,,1580,2344,FULFILLED,ARS,102600.0,21546.0,0.0,124146.0
10800,149,1020,2,4,4,112,FULFILLED,ARS,16170.0,3395.7,0.0,19565.7
10801,43,650,2,4,4,2865,CANCELLED,ARS,27000.0,5670.0,0.0,32670.0
10802,53,1067,1,,497,1877,FULFILLED,ARS,22680.0,4762.8,0.0,27442.8
10803,366,676,1,,1066,678,CANCELLED,ARS,28500.0,5985.0,900.0,35385.0
10804,233,1416,1,,1344,1742,FULFILLED,ARS,29400.0,6174.0,900.0,36474.0
10805,28,908,1,,2250,,PAID,ARS,60000.0,12600.0,1200.0,73800.0
10806,169,1486,1,,3014,,FULFILLED,ARS,13500.0,2835.0,900.0,17235.0
10807,151,1064,1,,3043,,FULFILLED,ARS,32400.0,6804.0,900.0,40104.0
10808,154,529,1,,723,2893,FULFILLED,ARS,37770.0,7931.7,1500.0,47201.7
10809,310,805,1,,2208,1636,FULFILLED,ARS,69660.0,14628.6,900.0,85188.6
10810,26,927,1,,1485,2915,FULFILLED,ARS,35280.0,7408.8,1500.0,44188.8
10811,561,1062,2,4,4,,FULFILLED,ARS,15000.0,3150.0,0.0,18150.0
10812,75,288,1,,1941,,FULFILLED,ARS,35280.0,7408.8,1200.0,43888.8
10813,369,412,2,4,4,1089,FULFILLED,ARS,23760.0,4989.6,0.0,28749.6
10814,177,4,1,,1717,790,FULFILLED,ARS,11760.0,2469.6,1200.0,15429.6
10815,362,595,2,2,2,,REFUNDED,ARS,14700.0,3087.0,0.0,17787.0
10816,496,992,2,4,4,,FULFILLED,ARS,14175.0,2976.75,0.0,17151.75
10817,468,1202,2,1,1,1766,PAID,ARS,64260.0,13494.6,0.0,77754.6
10818,473,278,2,3,3,198,FULFILLED,ARS,34860.0,7320.6,0.0,42180.6
10819,413,767,2,4,4,,FULFILLED,ARS,14250.0,2992.5,0.0,17242.5
10820,494,672,2,4,4,3154,FULFILLED,ARS,23760.0,4989.6,0.0,28749.6
10821,383,425,2,1,1,2082,FULFILLED,ARS,67687.5,14214.38,0.0,81901.88
10822,632,673,1,,2543,1564,FULFILLED,ARS,24696.0,5186.16,1200.0,31082.16
10823,92,491,1,,2199,2513,FULFILLED,ARS,9720.0,2041.2,1200.0,12961.2
10824,592,1114,2,2,2,3170,CANCELLED,ARS,38010.0,7982.1,0.0,45992.1
10825,613,712,1,,2580,2999,PAID,ARS,13230.0,2778.3,1200.0,17208.3
10826,465,472,1,,1690,2496,FULFILLED,ARS,34200.0,7182.0,1200.0,42582.0
10827,502,440,2,3,3,2249,FULFILLED,ARS,32400.0,6804.0,0.0,39204.0
10828,59,844,2,3,3,1767,FULFILLED,ARS,75765.0,15910.65,0.0,91675.65
10829,458,1041,1,,958,1024,FULFILLED,ARS,30000.0,6300.0,900.0,37200.0
10830,350,58,2,1,1,152,FULFILLED,ARS,10800.0,2268.0,0.0,13068.0
10831,59,129,1,,1842,2977,FULFILLED,ARS,59062.5,12403.12,1200.0,72665.62
10832,446,1359,2,3,3,2504,FULFILLED,ARS,27000.0,5670.0,0.0,32670.0
10833,11,584,1,,2637,249,FULFILLED,ARS,32400.0,6804.0,900.0,40104.0
10834,479,672,2,1,1,1232,FULFILLED,ARS,77407.5,16255.58,0.0,93663.08
10835,394,942,1,,367,1900,FULFILLED,ARS,25080.0,5266.8,900.0,31246.8
10836,577,577,2,2,2,1430,FULFILLED,ARS,37800.0,7938.0,0.0,45738.0
10837,379,227,1,,480,2403,CANCELLED,ARS,12936.0,2716.56,1200.0,16852.56
10838,414,242,2,1,1,2885,FULFILLED,ARS,12150.0,2551.5,0.0,14701.5
10839,340,1468,2,3,3,1972,PAID,ARS,20520.0,4309.2,0.0,24829.2
10840,516,1092,1,,3097,148,FULFILLED,ARS,11340.0,2381.4,1500.0,15221.4
10841,46,1096,1,,847,634,FULFILLED,ARS,29400.0,6174.0,900.0,36474.0
10842,148,871,2,2,2,1281,FULFILLED,ARS,25650.0,5386.5,0.0,31036.5
10843,432,200,2,1,1,779,FULFILLED,ARS,23520.0,4939.2,0.0,28459.2
10844,159,1056,1,,10,2473,CANCELLED,ARS,13500.0,2835.0,1200.0,17535.0
10845,78,341,1,,3074,2660,FULFILLED,ARS,14700.0,3087.0,900.0,18687.0
10846,533,905,1,,2513,1804,FULFILLED,ARS,28500.0,5985.0,1200.0,35685.0
10847,597,124,1,,2939,,FULFILLED,ARS,30870.0,6482.7,900.0,38252.7
10848,57,420,1,,2831,382,FULFILLED,ARS,44100.0,9261.0,1200.0,54561.0
10849,272,698,2,1,1,93,FULFILLED,ARS,55800.0,11718.0,0.0,67518.0
10850,211,27,1,,2633,308,FULFILLED,ARS,26400.0,5544.0,900.0,32844.0
10851,280,989,1,,1956,2463,FULFILLED,ARS,14700.0,3087.0,1200.0,18987.0
10852,2,361,1,,1781,1840,PAID,ARS,56400.0,11844.0,900.0,69144.0
10853,634,1355,1,,321,3105,PAID,ARS,12000.0,2520.0,1500.0,16020.0
10854,336,250,1,,167,528,PAID,ARS,12000.0,2520.0,900.0,15420.0
10855,23,298,1,,2329,142,FULFILLED,ARS,35640.0,7484.4,0.0,43124.4
10856,601,365,2,4,4,1180,FULFILLED,ARS,12600.0,2646.0,0.0,15246.0
10857,507,427,1,,1028,3201,FULFILLED,ARS,42750.0,8977.5,1200.0,52927.5
10858,507,876,1,,406,1366,PAID,ARS,40500.0,8505.0,900.0,49905.0
10859,541,509,2,2,2,1353,FULFILLED,ARS,10260.0,2154.6,0.0,12414.6
10860,563,959,2,2,2,2008,PAID,ARS,38475.0,8079.75,0.0,46554.75
10861,147,1450,2,1,1,427,PAID,ARS,39000.0,8190.0,0.0,47190.0
10862,385,261,1,,2106,1288,FULFILLED,ARS,45000.0,9450.0,1200.0,55650.0
10863,183,541,1,,2302,1380,FULFILLED,ARS,55350.0,11623.5,1500.0,68473.5
10864,560,398,1,,2512,,FULFILLED,ARS,26100.0,5481.0,900.0,32481.0
10865,490,1286,1,,1943,,FULFILLED,ARS,13230.0,2778.3,900.0,16908.3
10866,215,826,2,1,1,1913,PAID,ARS,40500.0,8505.0,0.0,49005.0
10867,538,395,1,,593,1967,PAID,ARS,41436.0,8701.56,900.0,51037.56
10868,438,752,2,1,1,,FULFILLED,ARS,44100.0,9261.0,0.0,53361.0
10869,269,975,1,,2537,2075,FULFILLED,ARS,37044.0,7779.24,1500.0,46323.24
10870,347,899,1,,2770,2038,FULFILLED,ARS,52200.0,10962.0,900.0,64062.0
10871,551,28,1,,1637,,FULFILLED,ARS,44550.0,9355.5,1200.0,55105.5
10872,191,208,2,1,1,1918,FULFILLED,ARS,11400.0,2394.0,0.0,13794.0
10873,385,1165,2,2,2,3193,FULFILLED,ARS,11760.0,2469.6,0.0,14229.6
10874,384,1212,1,,383,63,PAID,ARS,37548.0,7885.08,0.0,45433.08
10875,623,1124,1,,2317,1757,FULFILLED,ARS,47025.0,9875.25,1200.0,58100.25
10876,549,1422,2,3,3,2267,FULFILLED,ARS,32400.0,6804.0,0.0,39204.0
10877,323,489,1,,952,347,PAID,ARS,76500.0,16065.0,1200.0,93765.0
10878,67,109,1,,116,443,CANCELLED,ARS,21600.0,4536.0,900.0,27036.0
10879,573,361,2,2,2,2370,PAID,ARS,34830.0,7314.3,0.0,42144.3
10880,617,578,1,,2815,117,FULFILLED,ARS,73890.0,15516.9,0.0,89406.9
10881,161,1067,1,,547,1234,FULFILLED,ARS,16170.0,3395.7,900.0,20465.7
10882,542,212,2,3,3,2716,REFUNDED,ARS,62640.0,13154.4,0.0,75794.4
10883,330,1100,2,3,3,1450,CREATED,ARS,22800.0,4788.0,0.0,27588.0
10884,552,24,1,,2957,153,FULFILLED,ARS,41100.0,8631.0,900.0,50631.0
10885,467,1226,1,,401,1435,FULFILLED,ARS,30870.0,6482.7,1500.0,38852.7
10886,639,341,1,,1712,,REFUNDED,ARS,30000.0,6300.0,1200.0,37500.0
10887,388,928,1,,1628,3176,FULFILLED,ARS,31752.0,6667.92,1500.0,39919.92
10888,375,12,2,2,2,2107,FULFILLED,ARS,36000.0,7560.0,0.0,43560.0
10889,167,45,2,4,4,1290,FULFILLED,ARS,29400.0,6174.0,0.0,35574.0
10890,60,1211,1,,1170,2138,FULFILLED,ARS,52200.0,10962.0,1200.0,64362.0
10891,471,501,1,,2751,1238,FULFILLED,ARS,54552.0,11455.92,1200.0,67207.92
10892,348,504,2,4,4,2192,FULFILLED,ARS,32400.0,6804.0,0.0,39204.0
10893,102,708,1,,638,3000,FULFILLED,ARS,49380.0,10369.8,0.0,59749.8
10894,540,1295,2,3,3,2528,FULFILLED,ARS,21600.0,4536.0,0.0,26136.0
10895,255,1144,2,2,2,802,CANCELLED,ARS,14700.0,3087.0,0.0,17787.0
10896,2,6,1,,2940,1320,PAID,ARS,42750.0,8977.5,900.0,52627.5
10897,414,851,1,,3029,118,PAID,ARS,12936.0,2716.56,0.0,15652.56
10898,95,256,1,,2496,888,FULFILLED,ARS,38475.0,8079.75,900.0,47454.75
10899,588,322,2,3,3,2434,FULFILLED,ARS,13500.0,2835.0,0.0,16335.0
10900,472,952,1,,1883,1476,FULFILLED,ARS,14962.5,3142.12,900.0,19004.62
10901,385,409,2,3,3,1409,PAID,ARS,23520.0,4939.2,0.0,28459.2
10902,124,723,1,,465,2160,REFUNDED,ARS,40500.0,8505.0,1500.0,50505.0
10903,17,797,1,,287,33,FULFILLED,ARS,36000.0,7560.0,900.0,44460.0
10904,42,645,2,3,3,2962,FULFILLED,ARS,48384.0,10160.64,0.0,58544.64
10905,550,812,1,,2795,1460,CREATED,ARS,10800.0,2268.0,900.0,13968.0
10906,1,1290,1,,674,1272,PAID,ARS,27000.0,5670.0,1200.0,33870.0
10907,188,1404,2,2,2,440,FULFILLED,ARS,26460.0,5556.6,0.0,32016.6
10908,399,657,1,,7,1925,FULFILLED,ARS,54000.0,11340.0,1200.0,66540.0
10909,130,858,2,1,1,144,PAID,ARS,10800.0,2268.0,0.0,13068.0
10910,363,866,2,1,1,2142,FULFILLED,ARS,54300.0,11403.0,0.0,65703.0
10911,534,300,1,,1933,1018,FULFILLED,ARS,66487.5,13962.38,900.0,81349.88
10912,550,386,2,1,1,2044,FULFILLED,ARS,25260.0,5304.6,0.0,30564.6
10913,162,450,1,,2693,1114,PAID,ARS,66975.0,14064.75,1200.0,82239.75
10914,176,128,1,,166,3145,FULFILLED,ARS,24150.0,5071.5,900.0,30121.5
10915,240,1298,2,3,3,2149,PAID,ARS,21600.0,4536.0,0.0,26136.0
10916,258,1288,1,,1209,1305,CANCELLED,ARS,32340.0,6791.4,900.0,40031.4
10917,143,681,1,,727,44,FULFILLED,ARS,69000.0,14490.0,1200.0,84690.0
10918,27,689,1,,2994,989,FULFILLED,ARS,10800.0,2268.0,0.0,13068.0
10919,152,40,1,,201,2657,PAID,ARS,26460.0,5556.6,1200.0,33216.6
10920,159,780,1,,1435,3165,FULFILLED,ARS,83025.0,17435.25,0.0,100460.25
10921,161,1498,1,,1675,751,FULFILLED,ARS,47250.0,9922.5,900.0,58072.5
10922,501,1398,1,,2129,774,FULFILLED,ARS,42750.0,8977.5,1200.0,52927.5
10923,613,1164,2,2,2,817,FULFILLED,ARS,43800.0,9198.0,0.0,52998.0
10924,239,394,1,,70,646,FULFILLED,ARS,24000.0,5040.0,1200.0,30240.0
10925,112,1077,2,2,2,843,FULFILLED,ARS,24300.0,5103.0,0.0,29403.0
10926,136,1339,1,,2994,2868,FULFILLED,ARS,28500.0,5985.0,900.0,35385.0
10927,424,983,2,2,2,47,REFUNDED,ARS,34200.0,7182.0,0.0,41382.0
10928,73,541,2,3,3,349,FULFILLED,ARS,27000.0,5670.0,0.0,32670.0
10929,302,967,1,,42,2269,FULFILLED,ARS,16170.0,3395.7,900.0,20465.7
10930,508,1405,2,2,2,,FULFILLED,ARS,89880.0,18874.8,0.0,108754.8
10931,627,147,1,,2023,2654,FULFILLED,ARS,27000.0,5670.0,1200.0,33870.0
10932,599,1093,2,3,3,1442,FULFILLED,ARS,31500.0,6615.0,0.0,38115.0
10933,354,1452,1,,1647,1974,FULFILLED,ARS,33000.0,6930.0,900.0,40830.0
10934,11,1409,2,2,2,2466,FULFILLED,ARS,12150.0,2551.5,0.0,14701.5
10935,453,900,1,,903,309,REFUNDED,ARS,12540.0,2633.4,900.0,16073.4
10936,547,948,1,,778,2974,CANCELLED,ARS,31752.0,6667.92,1500.0,39919.92
10937,385,1160,1,,436,1918,REFUNDED,ARS,79200.0,16632.0,900.0,96732.0
10938,295,330,2,4,4,2120,FULFILLED,ARS,79087.5,16608.38,0.0,95695.88
10939,464,1194,2,4,4,905,CANCELLED,ARS,13500.0,2835.0,0.0,16335.0
10940,57,428,1,,16,179,FULFILLED,ARS,105487.5,22152.38,1200.0,128839.88
10941,85,445,1,,1057,3053,CANCELLED,ARS,11760.0,2469.6,900.0,15129.6
10942,311,1264,1,,2599,1883,CANCELLED,ARS,10260.0,2154.6,0.0,12414.6
10943,299,801,1,,2887,1438,FULFILLED,ARS,58995.0,12388.95,1500.0,72883.95
10944,204,1032,2,4,4,1035,FULFILLED,ARS,10800.0,2268.0,0.0,13068.0
10945,441,274,2,4,4,756,PAID,ARS,36600.0,7686.0,0.0,44286.0
10946,503,1151,1,,56,1664,FULFILLED,ARS,30000.0,6300.0,0.0,36300.0
10947,317,1125,1,,1956,2919,FULFILLED,ARS,21600.0,4536.0,900.0,27036.0
10948,120,989,2,3,3,,FULFILLED,ARS,75525.0,15860.25,0.0,91385.25
10949,244,1130,2,1,1,2151,CANCELLED,ARS,36450.0,7654.5,0.0,44104.5
10950,339,1466,2,1,1,2617,FULFILLED,ARS,19440.0,4082.4,0.0,23522.4
10951,628,662,1,,2712,2190,REFUNDED,ARS,30000.0,6300.0,1200.0,37500.0
10952,452,1166,1,,3147,716,PAID,ARS,20520.0,4309.2,1500.0,26329.2
10953,620,847,1,,425,273,FULFILLED,ARS,62130.0,13047.3,900.0,76077.3
10954,547,503,2,1,1,1175,REFUNDED,ARS,75150.0,15781.5,0.0,90931.5
10955,48,732,2,1,1,2731,CANCELLED,ARS,24900.0,5229.0,0.0,30129.0
10956,621,1107,1,,300,725,FULFILLED,ARS,14700.0,3087.0,900.0,18687.0
10957,451,308,1,,910,348,FULFILLED,ARS,51219.0,10755.99,1200.0,63174.99
10958,75,438,2,4,4,1308,FULFILLED,ARS,22800.0,4788.0,0.0,27588.0
10959,289,503,2,2,2,1870,FULFILLED,ARS,13230.0,2778.3,0.0,16008.3
10960,301,1453,1,,215,979,FULFILLED,ARS,37620.0,7900.2,0.0,45520.2
10961,309,751,1,,2270,550,CANCELLED,ARS,24000.0,5040.0,0.0,29040.0
10962,385,1000,2,4,4,,FULFILLED,ARS,35640.0,7484.4,0.0,43124.4
10963,560,354,1,,3107,1031,PAID,ARS,26700.0,5607.0,1200.0,33507.0
10964,570,885,1,,1864,2737,FULFILLED,ARS,35280.0,7408.8,900.0,43588.8
10965,530,1233,1,,3196,745,FULFILLED,ARS,30000.0,6300.0,900.0,37200.0
10966,373,325,2,1,1,1435,FULFILLED,ARS,29160.0,6123.6,0.0,35283.6
10967,575,412,1,,3156,690,FULFILLED,ARS,28500.0,5985.0,900.0,35385.0
10968,236,1236,2,1,1,296,FULFILLED,ARS,63750.0,13387.5,0.0,77137.5
10969,347,61,2,1,1,2753,FULFILLED,ARS,27000.0,5670.0,0.0,32670.0
10970,210,747,2,3,3,1603,PAID,ARS,71370.0,14987.7,0.0,86357.7
10971,515,843,2,1,1,2003,CREATED,ARS,11400.0,2394.0,0.0,13794.0
10972,359,335,2,1,1,520,FULFILLED,ARS,11760.0,2469.6,0.0,14229.6
10973,45,285,2,2,2,442,FULFILLED,ARS,45000.0,9450.0,0.0,54450.0
10974,414,928,1,,1082,120,FULFILLED,ARS,42180.0,8857.8,1200.0,52237.8
10975,127,790,1,,1632,744,PAID,ARS,22800.0,4788.0,900.0,28488.0
10976,394,1398,1,,861,99,FULFILLED,ARS,12000.0,2520.0,900.0,15420.0
10977,458,782,2,3,3,916,FULFILLED,ARS,72324.0,15188.04,0.0,87512.04
10978,197,1088,1,,2573,394,PAID,ARS,97650.0,20506.5,1200.0,119356.5
10979,93,1171,2,1,1,,FULFILLED,ARS,11760.0,2469.6,0.0,14229.6
10980,191,1178,1,,1311,2872,PAID,ARS,23520.0,4939.2,1200.0,29659.2
10981,399,1103,2,2,2,1781,FULFILLED,ARS,72075.0,15135.75,0.0,87210.75
10982,401,28,1,,1358,2545,FULFILLED,ARS,44286.0,9300.06,1200.0,54786.06
10983,527,1148,2,4,4,1721,PAID,ARS,14250.0,2992.5,0.0,17242.5
10984,318,1381,1,,337,2727,PAID,ARS,28500.0,5985.0,900.0,35385.0
10985,68,1132,1,,1763,1224,FULFILLED,ARS,51540.0,10823.4,0.0,62363.4
10986,20,99,2,3,3,725,PAID,ARS,11760.0,2469.6,0.0,14229.6
10987,449,380,1,,2225,2376,FULFILLED,ARS,85500.0,17955.0,900.0,104355.0
10988,177,441,1,,1898,978,PAID,ARS,12825.0,2693.25,1200.0,16718.25
10989,93,1341,2,2,2,2645,CANCELLED,ARS,47250.0,9922.5,0.0,57172.5
10990,185,1095,2,2,2,730,PAID,ARS,12000.0,2520.0,0.0,14520.0
10991,480,1139,1,,2635,,FULFILLED,ARS,29400.0,6174.0,900.0,36474.0
10992,336,775,1,,1368,2747,FULFILLED,ARS,49230.0,10338.3,1200.0,60768.3
10993,149,783,2,1,1,2303,FULFILLED,ARS,22800.0,4788.0,0.0,27588.0
10994,413,115,1,,2893,2078,FULFILLED,ARS,66150.0,13891.5,0.0,80041.5
10995,607,45,1,,2556,2120,FULFILLED,ARS,21600.0,4536.0,1500.0,27636.0
10996,284,691,2,2,2,2512,FULFILLED,ARS,68400.0,14364.0,0.0,82764.0
10997,4,353,1,,1788,446,FULFILLED,ARS,24000.0,5040.0,900.0,29940.0
10998,137,1332,1,,2207,2269,REFUNDED,ARS,42552.0,8935.92,1200.0,52687.92
10999,618,86,1,,2633,1244,FULFILLED,ARS,68490.0,14382.9,1500.0,84372.9
11000,275,1214,1,,758,1389,FULFILLED,ARS,67350.0,14143.5,900.0,82393.5
11001,541,487,1,,2066,467,FULFILLED,ARS,13500.0,2835.0,1500.0,17835.0
11002,313,1048,2,2,2,,PAID,ARS,69690.0,14634.9,0.0,84324.9
11003,423,1472,2,3,3,1816,FULFILLED,ARS,64125.0,13466.25,0.0,77591.25
11004,611,693,2,4,4,,FULFILLED,ARS,15000.0,3150.0,0.0,18150.0
11005,54,1264,1,,2902,330,CANCELLED,ARS,38475.0,8079.75,900.0,47454.75
11006,441,1219,1,,2683,,PAID,ARS,72870.0,15302.7,0.0,88172.7
11007,146,18,2,2,2,1254,FULFILLED,ARS,40500.0,8505.0,0.0,49005.0
11008,480,11,1,,2589,1049,FULFILLED,ARS,24000.0,5040.0,1200.0,30240.0
11009,51,1054,1,,2773,1807,PAID,ARS,35280.0,7408.8,1200.0,43888.8
11010,575,650,2,2,2,2309,FULFILLED,ARS,22800.0,4788.0,0.0,27588.0
11011,38,1169,2,2,2,2283,FULFILLED,ARS,45000.0,9450.0,0.0,54450.0
11012,161,811,1,,2091,1786,FULFILLED,ARS,10260.0,2154.6,1200.0,13614.6
11013,589,844,1,,1504,262,FULFILLED,ARS,35280.0,7408.8,1200.0,43888.8
11014,101,62,2,3,3,686,FULFILLED,ARS,10800.0,2268.0,0.0,13068.0
11015,341,1099,1,,462,1100,PAID,ARS,25650.0,5386.5,1200.0,32236.5
11016,559,254,1,,3189,1669,FULFILLED,ARS,10584.0,2222.64,1200.0,14006.64
11017,378,1467,1,,1937,1488,FULFILLED,ARS,52260.0,10974.6,1500.0,64734.6
11018,599,326,2,4,4,2028,REFUNDED,ARS,35280.0,7408.8,0.0,42688.8
11019,506,1087,2,3,3,1680,FULFILLED,ARS,30000.0,6300.0,0.0,36300.0
11020,394,695,1,,3076,3142,PAID,ARS,12000.0,2520.0,900.0,15420.0
11021,518,791,2,4,4,1207,FULFILLED,ARS,63000.0,13230.0,0.0,76230.0
11022,246,16,1,,2925,429,FULFILLED,ARS,26100.0,5481.0,1200.0,32781.0
11023,284,919,2,1,1,502,FULFILLED,ARS,21600.0,4536.0,0.0,26136.0
11024,391,512,1,,2117,2217,CANCELLED,ARS,40500.0,8505.0,900.0,49905.0
11025,76,798,2,3,3,546,FULFILLED,ARS,27000.0,5670.0,0.0,32670.0
11026,570,878,2,1,1,2668,FULFILLED,ARS,56742.0,11915.82,0.0,68657.82
11027,175,6,2,3,3,518,FULFILLED,ARS,15000.0,3150.0,0.0,18150.0
11028,410,611,1,,2265,702,CREATED,ARS,35280.0,7408.8,900.0,43588.8
11029,40,644,1,,2601,2099,FULFILLED,ARS,70500.0,14805.0,900.0,86205.0
11030,247,967,1,,60,3025,FULFILLED,ARS,23520.0,4939.2,1200.0,29659.2
11031,208,987,1,,2493,2643,CANCELLED,ARS,11760.0,2469.6,900.0,15129.6
11032,608,1146,1,,83,1150,FULFILLED,ARS,22140.0,4649.4,1500.0,28289.4
11033,6,227,1,,2447,327,FULFILLED,ARS,56820.0,11932.2,1200.0,69952.2
11034,296,1378,1,,535,1055,FULFILLED,ARS,28500.0,5985.0,900.0,35385.0
11035,19,112,1,,1750,2227,CANCELLED,ARS,24108.0,5062.68,1500.0,30670.68
11036,205,393,1,,2825,2754,FULFILLED,ARS,11400.0,2394.0,1500.0,15294.0
11037,595,489,2,2,2,1029,FULFILLED,ARS,48936.0,10276.56,0.0,59212.56
11038,617,831,2,2,2,2579,PAID,ARS,29925.0,6284.25,0.0,36209.25
11039,249,951,1,,840,487,FULFILLED,ARS,64125.0,13466.25,1200.0,78791.25
11040,237,150,1,,3180,1257,FULFILLED,ARS,32400.0,6804.0,1200.0,40404.0
11041,305,1306,2,3,3,687,FULFILLED,ARS,12000.0,2520.0,0.0,14520.0
11042,338,849,2,3,3,,FULFILLED,ARS,10800.0,2268.0,0.0,13068.0
11043,268,165,1,,2909,2367,FULFILLED,ARS,29925.0,6284.25,0.0,36209.25
11044,386,1090,2,1,1,2697,PAID,ARS,86805.0,18229.05,0.0,105034.05
11045,138,63,1,,1820,680,FULFILLED,ARS,51168.0,10745.28,0.0,61913.28
11046,23,47,2,1,1,991,FULFILLED,ARS,40500.0,8505.0,0.0,49005.0
11047,93,197,1,,786,2000,FULFILLED,ARS,14700.0,3087.0,1500.0,19287.0
11048,407,951,1,,476,819,FULFILLED,ARS,14700.0,3087.0,900.0,18687.0
11049,330,384,1,,2881,3031,FULFILLED,ARS,44100.0,9261.0,1500.0,54861.0
11050,280,359,1,,2820,336,FULFILLED,ARS,12150.0,2551.5,1200.0,15901.5
11051,232,505,2,1,1,1599,FULFILLED,ARS,32400.0,6804.0,0.0,39204.0
11052,371,296,1,,888,,FULFILLED,ARS,76650.0,16096.5,1200.0,93946.5
11053,599,32,1,,2525,,FULFILLED,ARS,23520.0,4939.2,900.0,29359.2
11054,367,459,2,2,2,,FULFILLED,ARS,32400.0,6804.0,0.0,39204.0
11055,34,468,1,,309,,PAID,ARS,81810.0,17180.1,900.0,99890.1
11056,152,1204,2,2,2,1882,FULFILLED,ARS,22800.0,4788.0,0.0,27588.0
11057,98,1329,1,,1231,2337,CANCELLED,ARS,52320.0,10987.2,900.0,64207.2
11058,108,835,1,,2570,2964,FULFILLED,ARS,13200.0,2772.0,900.0,16872.0
11059,562,828,2,4,4,2745,FULFILLED,ARS,25650.0,5386.5,0.0,31036.5
11060,366,1175,1,,2246,2034,FULFILLED,ARS,30000.0,6300.0,1200.0,37500.0
11061,12,1486,1,,2262,1559,REFUNDED,ARS,24300.0,5103.0,0.0,29403.0
11062,215,1319,2,3,3,1467,FULFILLED,ARS,10800.0,2268.0,0.0,13068.0
11063,562,78,2,2,2,411,FULFILLED,ARS,28500.0,5985.0,0.0,34485.0
11064,203,1439,1,,1150,411,FULFILLED,ARS,47250.0,9922.5,900.0,58072.5
11065,183,1405,1,,2444,,FULFILLED,ARS,11760.0,2469.6,900.0,15129.6
11066,397,255,1,,2111,2659,FULFILLED,ARS,73500.0,15435.0,900.0,89835.0
11067,582,251,1,,1889,967,FULFILLED,ARS,24300.0,5103.0,900.0,30303.0
11068,350,849,1,,2079,,PAID,ARS,51300.0,10773.0,1200.0,63273.0
11069,518,1380,1,,529,499,FULFILLED,ARS,45000.0,9450.0,1200.0,55650.0
11070,34,393,2,4,4,654,CANCELLED,ARS,20520.0,4309.2,0.0,24829.2
11071,65,1129,1,,2032,753,FULFILLED,ARS,14250.0,2992.5,0.0,17242.5
11072,635,27,2,1,1,1289,FULFILLED,ARS,31500.0,6615.0,0.0,38115.0
11073,436,1324,1,,2490,2087,CANCELLED,ARS,57000.0,11970.0,1200.0,70170.0
11074,434,965,2,4,4,1614,FULFILLED,ARS,30780.0,6463.8,0.0,37243.8
11075,240,804,1,,2414,2390,FULFILLED,ARS,13500.0,2835.0,1500.0,17835.0
11076,202,1107,2,4,4,1451,FULFILLED,ARS,34200.0,7182.0,0.0,41382.0
11077,137,1186,1,,2799,3193,FULFILLED,ARS,64500.0,13545.0,900.0,78945.0
11078,92,186,2,3,3,728,PAID,ARS,24000.0,5040.0,0.0,29040.0
11079,443,778,1,,2465,795,FULFILLED,ARS,24000.0,5040.0,0.0,29040.0
11080,63,31,1,,1539,503,FULFILLED,ARS,29400.0,6174.0,900.0,36474.0
11081,535,207,1,,2517,1361,FULFILLED,ARS,23940.0,5027.4,1200.0,30167.4
11082,409,1010,1,,1836,136,FULFILLED,ARS,21600.0,4536.0,900.0,27036.0
11083,171,1178,1,,2765,1304,PAID,ARS,50610.0,10628.1,1200.0,62438.1
11084,523,1419,1,,1005,818,CANCELLED,ARS,12600.0,2646.0,900.0,16146.0
11085,467,1202,1,,1908,3117,FULFILLED,ARS,76950.0,16159.5,1200.0,94309.5
11086,132,1462,1,,1644,,CANCELLED,ARS,90450.0,18994.5,0.0,109444.5
11087,367,299,1,,272,,FULFILLED,ARS,10800.0,2268.0,1200.0,14268.0
11088,448,896,1,,1562,1239,CANCELLED,ARS,79200.0,16632.0,1500.0,97332.0
11089,312,800,2,2,2,896,FULFILLED,ARS,45000.0,9450.0,0.0,54450.0
11090,91,304,2,2,2,847,FULFILLED,ARS,30780.0,6463.8,0.0,37243.8
11091,4,1268,2,2,2,2878,FULFILLED,ARS,14250.0,2992.5,0.0,17242.5
11092,601,1135,2,1,1,,FULFILLED,ARS,30870.0,6482.7,0.0,37352.7
11093,57,915,1,,412,1665,PAID,ARS,13500.0,2835.0,900.0,17235.0
11094,346,1400,2,2,2,3043,FULFILLED,ARS,45000.0,9450.0,0.0,54450.0
11095,361,1342,2,4,4,3074,FULFILLED,ARS,24000.0,5040.0,0.0,29040.0
11096,602,464,1,,281,306,FULFILLED,ARS,20520.0,4309.2,900.0,25729.2
11097,283,556,1,,2916,1892,FULFILLED,ARS,11760.0,2469.6,0.0,14229.6
11098,601,999,2,3,3,2227,FULFILLED,ARS,12000.0,2520.0,0.0,14520.0
11099,31,1011,1,,210,,FULFILLED,ARS,27000.0,5670.0,1200.0,33870.0
11100,482,1314,2,3,3,2579,PAID,ARS,15000.0,3150.0,0.0,18150.0
11101,318,1387,1,,2754,1900,FULFILLED,ARS,23520.0,4939.2,1200.0,29659.2
11102,510,849,1,,453,,FULFILLED,ARS,12936.0,2716.56,1500.0,17152.56
11103,359,183,1,,1741,3191,PAID,ARS,37800.0,7938.0,1500.0,47238.0
11104,83,589,2,3,3,,FULFILLED,ARS,57720.0,12121.2,0.0,69841.2
11105,245,675,1,,2791,5,CANCELLED,ARS,59100.0,12411.0,1200.0,72711.0
11106,350,1051,1,,2190,1501,FULFILLED,ARS,22200.0,4662.0,900.0,27762.0
11107,232,1093,1,,1673,,FULFILLED,ARS,24000.0,5040.0,0.0,29040.0
11108,150,687,2,3,3,1422,FULFILLED,ARS,21600.0,4536.0,0.0,26136.0
11109,308,1456,1,,1387,493,FULFILLED,ARS,10800.0,2268.0,900.0,13968.0
11110,515,862,1,,1170,2339,FULFILLED,ARS,44100.0,9261.0,0.0,53361.0
11111,183,1127,2,1,1,173,PAID,ARS,23520.0,4939.2,0.0,28459.2
11112,623,80,1,,283,,CANCELLED,ARS,86887.5,18246.38,1200.0,106333.88
11113,384,855,1,,1790,797,FULFILLED,ARS,27000.0,5670.0,1500.0,34170.0
11114,520,252,2,2,2,415,FULFILLED,ARS,12936.0,2716.56,0.0,15652.56
11115,256,465,1,,2594,1256,FULFILLED,ARS,14700.0,3087.0,1200.0,18987.0
11116,601,1073,2,1,1,2440,PAID,ARS,28500.0,5985.0,0.0,34485.0
11117,353,865,2,1,1,1555,FULFILLED,ARS,75240.0,15800.4,0.0,91040.4
11118,455,482,2,4,4,,FULFILLED,ARS,102750.0,21577.5,0.0,124327.5
11119,44,405,1,,1741,1504,CANCELLED,ARS,11760.0,2469.6,900.0,15129.6
11120,172,353,1,,3180,324,FULFILLED,ARS,44100.0,9261.0,1200.0,54561.0
11121,421,171,1,,313,34,PAID,ARS,50715.0,10650.15,1500.0,62865.15
11122,585,281,2,3,3,2247,FULFILLED,ARS,42750.0,8977.5,0.0,51727.5
11123,587,1067,1,,2467,793,FULFILLED,ARS,42750.0,8977.5,1500.0,53227.5
11124,132,1376,1,,1508,2317,FULFILLED,ARS,54720.0,11491.2,900.0,67111.2
11125,92,231,1,,2624,,FULFILLED,ARS,10584.0,2222.64,900.0,13706.64
11126,265,17,1,,3175,323,FULFILLED,ARS,21600.0,4536.0,0.0,26136.0
11127,305,939,2,1,1,2003,CANCELLED,ARS,52500.0,11025.0,0.0,63525.0
11128,56,486,2,2,2,1535,FULFILLED,ARS,44100.0,9261.0,0.0,53361.0
11129,467,1184,1,,3127,2064,FULFILLED,ARS,87672.0,18411.12,1500.0,107583.12
11130,352,843,1,,1002,1682,FULFILLED,ARS,50250.0,10552.5,1200.0,62002.5
11131,123,1383,1,,2206,825,FULFILLED,ARS,38808.0,8149.68,900.0,47857.68
11132,636,1412,1,,443,308,CANCELLED,ARS,36000.0,7560.0,1500.0,45060.0
11133,67,1346,1,,65,2778,FULFILLED,ARS,40500.0,8505.0,900.0,49905.0
11134,468,652,2,1,1,170,FULFILLED,ARS,11340.0,2381.4,0.0,13721.4
11135,489,294,1,,3037,911,PAID,ARS,40500.0,8505.0,0.0,49005.0
11136,30,1187,1,,920,1197,FULFILLED,ARS,40500.0,8505.0,1200.0,50205.0
11137,404,1487,2,2,2,2511,FULFILLED,ARS,16170.0,3395.7,0.0,19565.7
11138,363,512,1,,1156,1143,FULFILLED,ARS,24000.0,5040.0,1200.0,30240.0
11139,615,897,1,,1300,832,FULFILLED,ARS,63888.0,13416.48,1200.0,78504.48
11140,542,700,1,,2836,2414,FULFILLED,ARS,24300.0,5103.0,900.0,30303.0
11141,574,552,1,,2744,,FULFILLED,ARS,81096.0,17030.16,1200.0,99326.16
11142,499,984,1,,1096,2363,FULFILLED,ARS,44550.0,9355.5,1500.0,55405.5
11143,543,684,2,4,4,2315,FULFILLED,ARS,45000.0,9450.0,0.0,54450.0
11144,332,874,2,3,3,2170,FULFILLED,ARS,12150.0,2551.5,0.0,14701.5
11145,628,1459,2,4,4,3124,FULFILLED,ARS,70200.0,14742.0,0.0,84942.0
11146,387,349,2,4,4,1175,CANCELLED,ARS,73530.0,15441.3,0.0,88971.3
11147,562,54,1,,1438,416,CANCELLED,ARS,57705.0,12118.05,900.0,70723.05
11148,294,554,1,,1380,366,FULFILLED,ARS,36000.0,7560.0,900.0,44460.0
11149,220,558,2,4,4,2711,FULFILLED,ARS,35700.0,7497.0,0.0,43197.0
11150,226,134,1,,3000,1534,FULFILLED,ARS,12825.0,2693.25,900.0,16418.25
11151,438,1239,1,,151,2053,FULFILLED,ARS,13230.0,2778.3,900.0,16908.3
11152,325,538,1,,3026,2688,REFUNDED,ARS,14250.0,2992.5,900.0,18142.5
11153,621,783,2,3,3,1595,FULFILLED,ARS,48780.0,10243.8,0.0,59023.8
11154,25,280,2,3,3,156,FULFILLED,ARS,34020.0,7144.2,0.0,41164.2
11155,215,590,2,2,2,,FULFILLED,ARS,9720.0,2041.2,0.0,11761.2
11156,593,895,2,3,3,,FULFILLED,ARS,28350.0,5953.5,0.0,34303.5
11157,282,104,1,,842,696,PAID,ARS,9720.0,2041.2,1200.0,12961.2
11158,9,358,1,,998,2010,FULFILLED,ARS,47025.0,9875.25,1200.0,58100.25
11159,299,564,1,,921,1143,FULFILLED,ARS,29400.0,6174.0,1200.0,36774.0
11160,492,1025,2,1,1,440,FULFILLED,ARS,32400.0,6804.0,0.0,39204.0
11161,217,789,2,1,1,1917,FULFILLED,ARS,24696.0,5186.16,0.0,29882.16
11162,486,1150,1,,328,505,CREATED,ARS,44280.0,9298.8,0.0,53578.8
11163,36,222,1,,1397,,FULFILLED,ARS,45960.0,9651.6,1200.0,56811.6
11164,77,1366,1,,2841,1267,FULFILLED,ARS,24300.0,5103.0,1200.0,30603.0
11165,417,1026,1,,712,233,FULFILLED,ARS,11760.0,2469.6,0.0,14229.6
11166,391,955,1,,2883,1012,CANCELLED,ARS,12348.0,2593.08,1500.0,16441.08
11167,276,5,1,,1547,,FULFILLED,ARS,14250.0,2992.5,900.0,18142.5
11168,147,1321,2,1,1,2661,FULFILLED,ARS,30870.0,6482.7,0.0,37352.7
11169,236,178,2,2,2,153,REFUNDED,ARS,21600.0,4536.0,0.0,26136.0
11170,222,1137,2,4,4,1018,PAID,ARS,29400.0,6174.0,0.0,35574.0
11171,586,494,2,2,2,2790,FULFILLED,ARS,51525.0,10820.25,0.0,62345.25
11172,597,939,1,,577,630,FULFILLED,ARS,28500.0,5985.0,900.0,35385.0
11173,347,385,1,,540,2669,FULFILLED,ARS,16170.0,3395.7,1200.0,20765.7
11174,283,634,1,,2208,1965,FULFILLED,ARS,24000.0,5040.0,900.0,29940.0
11175,252,406,2,4,4,,FULFILLED,ARS,22800.0,4788.0,0.0,27588.0
11176,417,774,1,,25,2962,FULFILLED,ARS,49812.0,10460.52,900.0,61172.52
11177,117,273,1,,2055,3027,CANCELLED,ARS,36060.0,7572.6,1500.0,45132.6
11178,300,507,1,,579,3042,PAID,ARS,23940.0,5027.4,1200.0,30167.4
11179,195,937,2,2,2,1545,CANCELLED,ARS,63876.0,13413.96,0.0,77289.96
11180,242,194,1,,470,1654,FULFILLED,ARS,60480.0,12700.8,1500.0,74680.8
11181,438,700,1,,2394,190,FULFILLED,ARS,15000.0,3150.0,1200.0,19350.0
11182,198,890,2,4,4,1322,CANCELLED,ARS,12540.0,2633.4,0.0,15173.4
11183,460,760,1,,898,1855,FULFILLED,ARS,42525.0,8930.25,1500.0,52955.25
11184,285,1398,1,,684,550,FULFILLED,ARS,21600.0,4536.0,1200.0,27336.0
11185,349,995,2,1,1,2029,CANCELLED,ARS,81045.0,17019.45,0.0,98064.45
11186,388,897,2,4,4,1735,FULFILLED,ARS,13500.0,2835.0,0.0,16335.0
11187,593,1326,1,,758,2270,FULFILLED,ARS,34200.0,7182.0,0.0,41382.0
11188,27,1043,1,,71,454,FULFILLED,ARS,13500.0,2835.0,1200.0,17535.0
11189,347,713,2,2,2,1106,FULFILLED,ARS,44700.0,9387.0,0.0,54087.0
11190,489,1337,1,,166,295,PAID,ARS,24000.0,5040.0,0.0,29040.0
11191,214,1129,2,3,3,2921,FULFILLED,ARS,35910.0,7541.1,0.0,43451.1
11192,543,212,1,,2454,2885,REFUNDED,ARS,20520.0,4309.2,1200.0,26029.2
11193,60,29,1,,1816,886,CANCELLED,ARS,44550.0,9355.5,900.0,54805.5
11194,369,248,2,4,4,3169,FULFILLED,ARS,34020.0,7144.2,0.0,41164.2
11195,83,82,1,,1790,4,FULFILLED,ARS,11400.0,2394.0,900.0,14694.0
11196,481,110,1,,1672,1543,PAID,ARS,74850.0,15718.5,1500.0,92068.5
11197,466,304,2,2,2,739,CANCELLED,ARS,34200.0,7182.0,0.0,41382.0
11198,160,1105,1,,621,1866,FULFILLED,ARS,42750.0,8977.5,1500.0,53227.5
11199,294,829,2,1,1,1086,FULFILLED,ARS,14850.0,3118.5,0.0,17968.5
11200,412,1060,1,,2263,634,FULFILLED,ARS,32400.0,6804.0,1500.0,40704.0
11201,205,1063,1,,2414,2830,FULFILLED,ARS,46305.0,9724.05,1200.0,57229.05
11202,404,453,2,4,4,2330,FULFILLED,ARS,21600.0,4536.0,0.0,26136.0
11203,339,259,2,4,4,71,FULFILLED,ARS,14700.0,3087.0,0.0,17787.0
11204,253,132,2,2,2,1135,FULFILLED,ARS,31752.0,6667.92,0.0,38419.92
11205,478,1141,1,,1454,2101,FULFILLED,ARS,27000.0,5670.0,0.0,32670.0
11206,411,72,2,4,4,2357,PAID,ARS,10800.0,2268.0,0.0,13068.0
11207,284,1195,1,,2794,1521,FULFILLED,ARS,40500.0,8505.0,1500.0,50505.0
11208,385,1166,2,2,2,336,PAID,ARS,13500.0,2835.0,0.0,16335.0
11209,452,170,2,2,2,2870,PAID,ARS,23520.0,4939.2,0.0,28459.2
11210,573,9,1,,2571,,FULFILLED,ARS,14175.0,2976.75,1200.0,18351.75
11211,449,1210,1,,1081,1617,FULFILLED,ARS,91125.0,19136.25,0.0,110261.25
11212,508,1182,1,,1708,1027,FULFILLED,ARS,39600.0,8316.0,1200.0,49116.0
11213,26,236,2,2,2,2580,REFUNDED,ARS,12000.0,2520.0,0.0,14520.0
11214,544,1315,1,,776,1496,FULFILLED,ARS,21600.0,4536.0,1200.0,27336.0
11215,256,822,1,,93,1738,FULFILLED,ARS,10260.0,2154.6,1200.0,13614.6
11216,350,1312,1,,667,,PAID,ARS,58800.0,12348.0,900.0,72048.0
11217,508,473,1,,2066,1589,FULFILLED,ARS,59520.0,12499.2,900.0,72919.2
11218,441,817,2,2,2,39,FULFILLED,ARS,30870.0,6482.7,0.0,37352.7
11219,37,790,1,,1755,2765,FULFILLED,ARS,24000.0,5040.0,0.0,29040.0
11220,81,661,2,2,2,,CANCELLED,ARS,14850.0,3118.5,0.0,17968.5
11221,272,1168,1,,2677,1811,PAID,ARS,71550.0,15025.5,900.0,87475.5
11222,314,713,1,,100,3134,FULFILLED,ARS,81900.0,17199.0,1200.0,100299.0
11223,384,265,2,3,3,2551,FULFILLED,ARS,44887.5,9426.38,0.0,54313.88
11224,59,1243,1,,2517,1303,FULFILLED,ARS,42750.0,8977.5,900.0,52627.5
11225,400,1053,1,,1652,2389,FULFILLED,ARS,35910.0,7541.1,900.0,44351.1
11226,378,1364,1,,2401,1237,FULFILLED,ARS,62700.0,13167.0,1500.0,77367.0
11227,510,1436,1,,2547,,PAID,ARS,65550.0,13765.5,900.0,80215.5
11228,160,34,2,4,4,985,FULFILLED,ARS,45000.0,9450.0,0.0,54450.0
11229,502,353,2,4,4,1465,FULFILLED,ARS,95748.0,20107.08,0.0,115855.08
11230,518,1009,2,3,3,458,FULFILLED,ARS,24000.0,5040.0,0.0,29040.0
11231,173,295,2,3,3,1776,FULFILLED,ARS,34200.0,7182.0,0.0,41382.0
11232,574,1354,2,4,4,2812,FULFILLED,ARS,49410.0,10376.1,0.0,59786.1
11233,591,514,2,2,2,2442,CANCELLED,ARS,66300.0,13923.0,0.0,80223.0
11234,594,1453,2,1,1,954,FULFILLED,ARS,9720.0,2041.2,0.0,11761.2
11235,26,879,1,,2469,550,FULFILLED,ARS,30870.0,6482.7,1200.0,38552.7
11236,591,304,2,3,3,2458,FULFILLED,ARS,38808.0,8149.68,0.0,46957.68
11237,64,191,1,,2689,1177,CANCELLED,ARS,29700.0,6237.0,1200.0,37137.0
11238,187,735,2,1,1,1384,FULFILLED,ARS,89880.0,18874.8,0.0,108754.8
11239,582,1425,1,,2949,748,FULFILLED,ARS,12936.0,2716.56,1200.0,16852.56
11240,234,433,2,2,2,537,FULFILLED,ARS,41100.0,8631.0,0.0,49731.0
11241,164,58,2,3,3,2045,CANCELLED,ARS,11760.0,2469.6,0.0,14229.6
11242,529,624,2,4,4,2992,FULFILLED,ARS,99600.0,20916.0,0.0,120516.0
11243,13,1309,2,4,4,2529,FULFILLED,ARS,12600.0,2646.0,0.0,15246.0
11244,181,868,2,3,3,426,CANCELLED,ARS,27000.0,5670.0,0.0,32670.0
11245,553,1187,2,2,2,1875,FULFILLED,ARS,13500.0,2835.0,0.0,16335.0
11246,582,357,1,,60,2105,FULFILLED,ARS,11400.0,2394.0,900.0,14694.0
11247,155,1131,1,,2975,1470,FULFILLED,ARS,23880.0,5014.8,1200.0,30094.8
11248,39,478,1,,3192,,FULFILLED,ARS,71250.0,14962.5,900.0,87112.5
11249,60,10,1,,2173,151,PAID,ARS,64800.0,13608.0,900.0,79308.0
11250,605,804,1,,869,,FULFILLED,ARS,44550.0,9355.5,900.0,54805.5
11251,429,1074,1,,432,609,FULFILLED,ARS,15000.0,3150.0,1500.0,19650.0
11252,445,776,1,,2738,1967,FULFILLED,ARS,74025.0,15545.25,900.0,90470.25
11253,509,1118,2,2,2,2275,PAID,ARS,29925.0,6284.25,0.0,36209.25
11254,511,218,1,,1613,2814,PAID,ARS,74340.0,15611.4,1200.0,91151.4
11255,630,498,2,3,3,2307,FULFILLED,ARS,59280.0,12448.8,0.0,71728.8
11256,560,989,2,4,4,2941,PAID,ARS,40500.0,8505.0,0.0,49005.0
11257,473,542,2,2,2,1831,FULFILLED,ARS,64440.0,13532.4,0.0,77972.4
11258,546,1024,2,4,4,2043,FULFILLED,ARS,22800.0,4788.0,0.0,27588.0
11259,370,1210,2,2,2,825,FULFILLED,ARS,11340.0,2381.4,0.0,13721.4
11260,152,68,1,,290,3032,FULFILLED,ARS,22680.0,4762.8,900.0,28342.8
11261,51,605,1,,1642,,FULFILLED,ARS,35280.0,7408.8,0.0,42688.8
11262,106,599,2,4,4,2370,FULFILLED,ARS,45900.0,9639.0,0.0,55539.0
11263,531,1193,2,3,3,706,FULFILLED,ARS,35280.0,7408.8,0.0,42688.8
11264,479,558,1,,1432,3188,REFUNDED,ARS,29400.0,6174.0,0.0,35574.0
11265,429,332,2,2,2,2687,FULFILLED,ARS,39690.0,8334.9,0.0,48024.9
11266,220,860,1,,2927,1796,FULFILLED,ARS,59175.0,12426.75,900.0,72501.75
11267,381,1028,2,3,3,311,FULFILLED,ARS,59130.0,12417.3,0.0,71547.3
11268,436,677,1,,521,841,FULFILLED,ARS,32400.0,6804.0,1200.0,40404.0
11269,100,804,2,2,2,898,FULFILLED,ARS,14175.0,2976.75,0.0,17151.75
11270,457,1101,2,1,1,539,FULFILLED,ARS,27000.0,5670.0,0.0,32670.0
11271,173,1085,1,,3184,,FULFILLED,ARS,84750.0,17797.5,1200.0,103747.5
11272,500,625,1,,1174,1650,FULFILLED,ARS,28500.0,5985.0,1200.0,35685.0
11273,364,88,1,,493,1292,PAID,ARS,36450.0,7654.5,1500.0,45604.5
11274,614,509,1,,2307,3004,FULFILLED,ARS,15750.0,3307.5,1200.0,20257.5
11275,255,1065,2,3,3,817,FULFILLED,ARS,70380.0,14779.8,0.0,85159.8
11276,120,1073,2,4,4,1034,FULFILLED,ARS,27000.0,5670.0,0.0,32670.0
11277,156,945,2,1,1,1975,FULFILLED,ARS,40500.0,8505.0,0.0,49005.0
11278,373,601,2,4,4,1253,PAID,ARS,15675.0,3291.75,0.0,18966.75
11279,464,1237,1,,193,,FULFILLED,ARS,69300.0,14553.0,1500.0,85353.0
11280,36,1131,1,,2530,2190,CANCELLED,ARS,49050.0,10300.5,0.0,59350.5
11281,447,1016,2,4,4,2712,FULFILLED,ARS,39300.0,8253.0,0.0,47553.0
11282,70,338,2,1,1,727,PAID,ARS,30870.0,6482.7,0.0,37352.7
11283,521,1011,2,3,3,2088,FULFILLED,ARS,34020.0,7144.2,0.0,41164.2
11284,459,440,1,,2883,,FULFILLED,ARS,44100.0,9261.0,1200.0,54561.0
11285,456,176,1,,2931,2293,FULFILLED,ARS,49200.0,10332.0,1500.0,61032.0
11286,220,60,1,,615,2233,CANCELLED,ARS,21600.0,4536.0,0.0,26136.0
11287,467,986,2,3,3,125,PAID,ARS,47250.0,9922.5,0.0,57172.5
11288,177,538,1,,2489,2450,CREATED,ARS,27000.0,5670.0,1200.0,33870.0
11289,155,1204,1,,406,1314,FULFILLED,ARS,34560.0,7257.6,900.0,42717.6
11290,377,1388,2,2,2,1073,FULFILLED,ARS,51600.0,10836.0,0.0,62436.0
11291,261,778,1,,77,2298,PAID,ARS,21600.0,4536.0,900.0,27036.0
11292,31,715,2,3,3,1924,PAID,ARS,23520.0,4939.2,0.0,28459.2
11293,12,203,2,1,1,536,FULFILLED,ARS,13500.0,2835.0,0.0,16335.0
11294,200,928,2,2,2,1321,FULFILLED,ARS,15000.0,3150.0,0.0,18150.0
11295,414,750,1,,2583,2741,FULFILLED,ARS,62280.0,13078.8,900.0,76258.8
11296,358,253,1,,2105,636,FULFILLED,ARS,23760.0,4989.6,1200.0,29949.6
11297,125,441,2,2,2,2993,FULFILLED,ARS,53865.0,11311.65,0.0,65176.65
11298,210,1401,1,,2339,1920,FULFILLED,ARS,44100.0,9261.0,900.0,54261.0
11299,77,45,1,,2754,2207,CREATED,ARS,10800.0,2268.0,900.0,13968.0
11300,595,56,1,,2927,2287,FULFILLED,ARS,39690.0,8334.9,1500.0,49524.9
11301,134,517,1,,1954,2716,REFUNDED,ARS,50460.0,10596.6,1200.0,62256.6
11302,500,385,2,1,1,860,FULFILLED,ARS,14250.0,2992.5,0.0,17242.5
11303,3,1268,1,,45,414,CANCELLED,ARS,58995.0,12388.95,1200.0,72583.95
11304,270,1260,2,3,3,2144,CANCELLED,ARS,79380.0,16669.8,0.0,96049.8
11305,150,744,1,,800,1970,PAID,ARS,30870.0,6482.7,900.0,38252.7
11306,112,625,1,,1414,,FULFILLED,ARS,12000.0,2520.0,900.0,15420.0
11307,423,1177,1,,2392,,FULFILLED,ARS,15000.0,3150.0,0.0,18150.0
11308,468,590,2,3,3,2207,FULFILLED,ARS,45000.0,9450.0,0.0,54450.0
11309,1,1200,1,,454,2135,FULFILLED,ARS,14962.5,3142.12,1500.0,19604.62
11310,172,554,1,,1211,880,FULFILLED,ARS,53040.0,11138.4,0.0,64178.4
11311,328,546,1,,1623,2536,FULFILLED,ARS,30870.0,6482.7,1500.0,38852.7
11312,224,895,2,3,3,427,FULFILLED,ARS,67680.0,14212.8,0.0,81892.8
11313,414,850,1,,2391,2243,CREATED,ARS,51000.0,10710.0,1200.0,62910.0
11314,619,960,1,,2273,2252,FULFILLED,ARS,56400.0,11844.0,1500.0,69744.0
11315,555,46,1,,685,,FULFILLED,ARS,72090.0,15138.9,900.0,88128.9
11316,409,519,1,,2680,707,FULFILLED,ARS,25650.0,5386.5,900.0,31936.5
11317,238,1232,1,,476,2172,CREATED,ARS,23520.0,4939.2,900.0,29359.2
11318,320,452,2,3,3,2288,FULFILLED,ARS,21600.0,4536.0,0.0,26136.0
11319,328,754,1,,1991,1549,CANCELLED,ARS,11760.0,2469.6,1200.0,15429.6
11320,215,1069,2,3,3,1241,CANCELLED,ARS,19440.0,4082.4,0.0,23522.4
11321,33,184,1,,1789,193,FULFILLED,ARS,30000.0,6300.0,1200.0,37500.0
11322,390,661,1,,709,6,FULFILLED,ARS,45000.0,9450.0,900.0,55350.0
11323,630,296,1,,356,1054,FULFILLED,ARS,87637.5,18403.88,1200.0,107241.38
11324,161,1411,1,,1301,961,CREATED,ARS,28500.0,5985.0,900.0,35385.0
11325,459,264,1,,316,989,FULFILLED,ARS,23760.0,4989.6,1200.0,29949.6
11326,182,394,2,1,1,916,FULFILLED,ARS,23520.0,4939.2,0.0,28459.2
11327,558,1339,1,,3147,2638,FULFILLED,ARS,96072.0,20175.12,1200.0,117447.12
11328,66,1351,2,1,1,2366,FULFILLED,ARS,15000.0,3150.0,0.0,18150.0
11329,262,288,2,4,4,3111,FULFILLED,ARS,60900.0,12789.0,0.0,73689.0
11330,556,438,1,,1747,612,PAID,ARS,13500.0,2835.0,1200.0,17535.0
11331,33,890,2,3,3,1353,FULFILLED,ARS,27000.0,5670.0,0.0,32670.0
11332,140,1257,1,,1146,726,FULFILLED,ARS,14175.0,2976.75,0.0,17151.75
11333,530,1210,2,2,2,2430,FULFILLED,ARS,30870.0,6482.7,0.0,37352.7
11334,548,1037,1,,437,821,FULFILLED,ARS,24936.0,5236.56,900.0,31072.56
11335,54,90,2,1,1,2306,FULFILLED,ARS,70305.0,14764.05,0.0,85069.05
11336,581,214,1,,1040,603,PAID,ARS,35280.0,7408.8,1200.0,43888.8
11337,65,866,1,,1273,1964,FULFILLED,ARS,13200.0,2772.0,900.0,16872.0
11338,368,1215,2,4,4,2031,FULFILLED,ARS,32400.0,6804.0,0.0,39204.0
11339,202,181,2,2,2,3018,FULFILLED,ARS,44550.0,9355.5,0.0,53905.5
11340,342,1416,1,,1496,1124,REFUNDED,ARS,44100.0,9261.0,0.0,53361.0
11341,48,1460,1,,1095,2642,FULFILLED,ARS,11760.0,2469.6,900.0,15129.6
11342,246,176,1,,2855,410,PAID,ARS,30870.0,6482.7,1500.0,38852.7
11343,298,299,1,,1237,,FULFILLED,ARS,31350.0,6583.5,0.0,37933.5
11344,46,211,1,,349,3067,PAID,ARS,40500.0,8505.0,0.0,49005.0
11345,468,1116,2,2,2,281,FULFILLED,ARS,38475.0,8079.75,0.0,46554.75
11346,259,93,1,,2572,2912,FULFILLED,ARS,38700.0,8127.0,0.0,46827.0
11347,428,9,2,4,4,1018,FULFILLED,ARS,25380.0,5329.8,0.0,30709.8
11348,375,423,2,1,1,2961,FULFILLED,ARS,85500.0,17955.0,0.0,103455.0
11349,421,686,2,2,2,1021,FULFILLED,ARS,14250.0,2992.5,0.0,17242.5
11350,103,732,2,3,3,,FULFILLED,ARS,39600.0,8316.0,0.0,47916.0
11351,361,882,2,4,4,2367,FULFILLED,ARS,35280.0,7408.8,0.0,42688.8
11352,36,412,1,,922,2128,FULFILLED,ARS,33000.0,6930.0,1500.0,41430.0
11353,115,253,1,,467,2155,FULFILLED,ARS,23520.0,4939.2,1500.0,29959.2
11354,434,1018,1,,1031,2344,FULFILLED,ARS,46305.0,9724.05,0.0,56029.05
11355,467,11,1,,60,3007,PAID,ARS,41250.0,8662.5,900.0,50812.5
11356,267,1385,1,,1447,,FULFILLED,ARS,9720.0,2041.2,1200.0,12961.2
11357,496,1460,2,2,2,849,REFUNDED,ARS,38808.0,8149.68,0.0,46957.68
11358,480,576,1,,176,723,FULFILLED,ARS,73272.0,15387.12,0.0,88659.12
11359,252,34,2,3,3,2104,FULFILLED,ARS,32400.0,6804.0,0.0,39204.0
11360,190,737,1,,211,2866,FULFILLED,ARS,25050.0,5260.5,1500.0,31810.5
11361,411,637,2,3,3,707,FULFILLED,ARS,25872.0,5433.12,0.0,31305.12
11362,126,1248,2,1,1,2734,FULFILLED,ARS,27000.0,5670.0,0.0,32670.0
11363,3,874,1,,1134,746,FULFILLED,ARS,40500.0,8505.0,1500.0,50505.0
11364,213,1375,2,1,1,,FULFILLED,ARS,71925.0,15104.25,0.0,87029.25
11365,72,922,2,4,4,1183,FULFILLED,ARS,14175.0,2976.75,0.0,17151.75
11366,325,921,1,,1420,1830,FULFILLED,ARS,80010.0,16802.1,0.0,96812.1
11367,264,1439,2,1,1,1736,PAID,ARS,32400.0,6804.0,0.0,39204.0
11368,156,327,1,,2623,3138,FULFILLED,ARS,32400.0,6804.0,900.0,40104.0
11369,50,475,2,2,2,3089,FULFILLED,ARS,23520.0,4939.2,0.0,28459.2
11370,357,900,1,,1139,2899,FULFILLED,ARS,56400.0,11844.0,900.0,69144.0
11371,360,1009,2,2,2,465,FULFILLED,ARS,27000.0,5670.0,0.0,32670.0
11372,512,862,2,1,1,2390,FULFILLED,ARS,25872.0,5433.12,0.0,31305.12
11373,307,1461,1,,3134,5,CANCELLED,ARS,38808.0,8149.68,900.0,47857.68
11374,383,497,2,2,2,1246,FULFILLED,ARS,30000.0,6300.0,0.0,36300.0
11375,539,854,1,,659,,FULFILLED,ARS,42750.0,8977.5,1500.0,53227.5
11376,210,1350,1,,3131,2073,FULFILLED,ARS,43092.0,9049.32,900.0,53041.32
11377,231,400,2,3,3,1616,PAID,ARS,11760.0,2469.6,0.0,14229.6
11378,349,528,2,1,1,1387,FULFILLED,ARS,70560.0,14817.6,0.0,85377.6
11379,260,628,1,,96,432,REFUNDED,ARS,36000.0,7560.0,1200.0,44760.0
11380,632,1237,2,2,2,1564,FULFILLED,ARS,44100.0,9261.0,0.0,53361.0
11381,500,1164,1,,665,2110,PAID,ARS,29925.0,6284.25,1500.0,37709.25
11382,479,256,1,,767,842,PAID,ARS,11340.0,2381.4,900.0,14621.4
11383,211,63,1,,624,756,FULFILLED,ARS,52308.0,10984.68,900.0,64192.68
11384,347,2,2,4,4,,FULFILLED,ARS,24000.0,5040.0,0.0,29040.0
11385,51,796,2,3,3,,CANCELLED,ARS,32400.0,6804.0,0.0,39204.0
11386,41,247,1,,385,,CANCELLED,ARS,23520.0,4939.2,1200.0,29659.2
11387,562,775,1,,903,,CANCELLED,ARS,26460.0,5556.6,900.0,32916.6
11388,39,224,2,1,1,273,REFUNDED,ARS,57720.0,12121.2,0.0,69841.2
11389,229,664,1,,1629,1044,CANCELLED,ARS,52260.0,10974.6,0.0,63234.6
11390,256,1027,1,,2414,2459,FULFILLED,ARS,11970.0,2513.7,1200.0,15683.7
11391,139,673,2,3,3,3150,FULFILLED,ARS,44887.5,9426.38,0.0,54313.88
11392,278,1017,1,,100,1048,PAID,ARS,35850.0,7528.5,900.0,44278.5
11393,48,1459,1,,1185,,FULFILLED,ARS,12348.0,2593.08,1200.0,16141.08
11394,338,860,1,,2875,3119,PAID,ARS,91200.0,19152.0,1500.0,111852.0
11395,608,8,2,2,2,,FULFILLED,ARS,85113.0,17873.73,0.0,102986.73
11396,593,158,2,4,4,1064,REFUNDED,ARS,34200.0,7182.0,0.0,41382.0
11397,404,547,2,2,2,1499,FULFILLED,ARS,10800.0,2268.0,0.0,13068.0
11398,10,1192,1,,187,1885,CANCELLED,ARS,90120.0,18925.2,900.0,109945.2
11399,637,383,2,4,4,2817,FULFILLED,ARS,35280.0,7408.8,0.0,42688.8
11400,81,87,1,,1738,2221,FULFILLED,ARS,27000.0,5670.0,900.0,33570.0
11401,259,972,1,,1370,1862,FULFILLED,ARS,59310.0,12455.1,900.0,72665.1
11402,388,10,2,1,1,391,FULFILLED,ARS,72900.0,15309.0,0.0,88209.0
11403,212,833,2,2,2,300,PAID,ARS,30000.0,6300.0,0.0,36300.0
11404,137,66,2,3,3,850,PAID,ARS,29400.0,6174.0,0.0,35574.0
11405,50,982,1,,279,885,PAID,ARS,28500.0,5985.0,0.0,34485.0
11406,574,876,1,,2227,2893,FULFILLED,ARS,12000.0,2520.0,900.0,15420.0
11407,233,904,2,3,3,2377,FULFILLED,ARS,22680.0,4762.8,0.0,27442.8
11408,584,1010,1,,3175,3143,FULFILLED,ARS,13500.0,2835.0,1200.0,17535.0
11409,592,755,1,,939,2237,FULFILLED,ARS,56100.0,11781.0,900.0,68781.0
11410,102,1256,2,4,4,,PAID,ARS,32400.0,6804.0,0.0,39204.0
11411,583,593,2,3,3,1603,FULFILLED,ARS,55950.0,11749.5,0.0,67699.5
11412,221,1457,1,,470,1462,FULFILLED,ARS,32400.0,6804.0,900.0,40104.0
11413,93,1334,1,,7,963,FULFILLED,ARS,12600.0,2646.0,1200.0,16446.0
11414,501,526,1,,672,522,PAID,ARS,55500.0,11655.0,1200.0,68355.0
11415,502,317,1,,2115,1486,FULFILLED,ARS,84690.0,17784.9,0.0,102474.9
11416,445,1190,1,,883,1968,PAID,ARS,23760.0,4989.6,900.0,29649.6
11417,405,589,1,,363,,FULFILLED,ARS,82350.0,17293.5,0.0,99643.5
11418,463,481,2,3,3,3012,PAID,ARS,34200.0,7182.0,0.0,41382.0
11419,49,652,2,4,4,1645,FULFILLED,ARS,11970.0,2513.7,0.0,14483.7
11420,281,23,1,,1247,2356,FULFILLED,ARS,20520.0,4309.2,900.0,25729.2
11421,289,1369,1,,2637,,FULFILLED,ARS,26460.0,5556.6,1200.0,33216.6
11422,144,534,1,,397,2077,FULFILLED,ARS,13500.0,2835.0,1200.0,17535.0
11423,543,603,1,,3054,,FULFILLED,ARS,25200.0,5292.0,900.0,31392.0
11424,270,1279,1,,1168,207,FULFILLED,ARS,35280.0,7408.8,1200.0,43888.8
11425,400,1451,1,,3082,1373,FULFILLED,ARS,11400.0,2394.0,1500.0,15294.0
11426,516,847,1,,210,2917,PAID,ARS,76500.0,16065.0,1200.0,93765.0
11427,484,972,1,,1446,264,FULFILLED,ARS,75150.0,15781.5,0.0,90931.5
11428,353,349,1,,943,3146,FULFILLED,ARS,10584.0,2222.64,1500.0,14306.64
11429,338,1254,2,2,2,716,FULFILLED,ARS,48258.0,10134.18,0.0,58392.18
11430,285,893,1,,230,,PAID,ARS,56880.0,11944.8,900.0,69724.8
11431,330,1407,1,,1539,322,CREATED,ARS,107694.0,22615.74,0.0,130309.74
11432,160,378,2,1,1,626,FULFILLED,ARS,14700.0,3087.0,0.0,17787.0
11433,606,615,1,,1298,3163,FULFILLED,ARS,12348.0,2593.08,900.0,15841.08
11434,259,346,2,3,3,2743,FULFILLED,ARS,40500.0,8505.0,0.0,49005.0
11435,611,807,1,,1188,121,FULFILLED,ARS,33000.0,6930.0,900.0,40830.0
11436,599,14,1,,644,2570,FULFILLED,ARS,44250.0,9292.5,1200.0,54742.5
11437,257,1294,1,,1009,466,FULFILLED,ARS,58800.0,12348.0,1200.0,72348.0
11438,619,1462,1,,2490,764,FULFILLED,ARS,29400.0,6174.0,0.0,35574.0
11439,344,669,2,3,3,2981,FULFILLED,ARS,14962.5,3142.12,0.0,18104.62
11440,254,420,2,2,2,3032,FULFILLED,ARS,32400.0,6804.0,0.0,39204.0
11441,479,1297,1,,3085,2566,CANCELLED,ARS,26220.0,5506.2,1200.0,32926.2
11442,466,1235,2,4,4,753,FULFILLED,ARS,37044.0,7779.24,0.0,44823.24
11443,266,1244,1,,571,1627,FULFILLED,ARS,32400.0,6804.0,900.0,40104.0
11444,569,320,1,,2981,1358,FULFILLED,ARS,85050.0,17860.5,900.0,103810.5
11445,99,1240,1,,1575,,CANCELLED,ARS,20520.0,4309.2,900.0,25729.2
11446,439,486,1,,2286,2938,FULFILLED,ARS,30000.0,6300.0,0.0,36300.0
11447,207,789,1,,3006,2425,PAID,ARS,12000.0,2520.0,0.0,14520.0
11448,512,147,2,4,4,1929,FULFILLED,ARS,76500.0,16065.0,0.0,92565.0
11449,591,82,2,4,4,2978,FULFILLED,ARS,21600.0,4536.0,0.0,26136.0
11450,89,566,2,4,4,2641,PAID,ARS,52470.0,11018.7,0.0,63488.7
11451,5,1471,2,4,4,1925,FULFILLED,ARS,68670.0,14420.7,0.0,83090.7
11452,477,336,1,,1228,1547,CREATED,ARS,36000.0,7560.0,900.0,44460.0
11453,494,792,1,,1019,682,FULFILLED,ARS,15435.0,3241.35,1200.0,19876.35
11454,134,1447,1,,3127,2713,FULFILLED,ARS,40500.0,8505.0,900.0,49905.0
11455,259,1214,2,3,3,1605,FULFILLED,ARS,11880.0,2494.8,0.0,14374.8
11456,545,973,2,3,3,1114,FULFILLED,ARS,22800.0,4788.0,0.0,27588.0
11457,568,1169,2,1,1,2321,FULFILLED,ARS,40500.0,8505.0,0.0,49005.0
11458,68,843,1,,213,1611,FULFILLED,ARS,28350.0,5953.5,900.0,35203.5
11459,617,1393,1,,1849,865,PAID,ARS,25872.0,5433.12,1500.0,32805.12
11460,20,800,2,2,2,2555,FULFILLED,ARS,52500.0,11025.0,0.0,63525.0
11461,527,1084,2,4,4,1443,FULFILLED,ARS,22680.0,4762.8,0.0,27442.8
11462,268,793,2,2,2,497,FULFILLED,ARS,21600.0,4536.0,0.0,26136.0
11463,618,1242,2,2,2,912,CANCELLED,ARS,24510.0,5147.1,0.0,29657.1
11464,535,525,1,,2527,1017,FULFILLED,ARS,26400.0,5544.0,0.0,31944.0
11465,338,1004,2,3,3,2596,FULFILLED,ARS,24000.0,5040.0,0.0,29040.0
11466,121,1138,1,,709,1328,FULFILLED,ARS,23940.0,5027.4,1200.0,30167.4
11467,490,1420,1,,1900,1534,FULFILLED,ARS,44100.0,9261.0,900.0,54261.0
11468,216,603,1,,2133,1875,FULFILLED,ARS,28500.0,5985.0,1500.0,35985.0
11469,253,170,2,4,4,2774,FULFILLED,ARS,74790.0,15705.9,0.0,90495.9
11470,387,850,1,,1927,280,CANCELLED,ARS,19440.0,4082.4,900.0,24422.4
11471,622,1128,1,,712,1688,FULFILLED,ARS,60225.0,12647.25,1500.0,74372.25
11472,287,561,1,,3057,2234,PAID,ARS,15675.0,3291.75,0.0,18966.75
11473,368,1179,1,,1539,,FULFILLED,ARS,46305.0,9724.05,1200.0,57229.05
11474,274,461,1,,2871,3169,PAID,ARS,14850.0,3118.5,1500.0,19468.5
11475,39,1276,1,,1604,3099,FULFILLED,ARS,53400.0,11214.0,900.0,65514.0
11476,233,1306,2,2,2,1201,FULFILLED,ARS,45000.0,9450.0,0.0,54450.0
11477,240,94,1,,2161,1566,FULFILLED,ARS,32400.0,6804.0,1200.0,40404.0
11478,148,331,1,,2483,2737,FULFILLED,ARS,27630.0,5802.3,1500.0,34932.3
11479,214,667,1,,1090,2878,FULFILLED,ARS,66060.0,13872.6,0.0,79932.6
11480,314,353,2,4,4,96,FULFILLED,ARS,34200.0,7182.0,0.0,41382.0
11481,626,501,1,,1477,3078,FULFILLED,ARS,14700.0,3087.0,1500.0,19287.0
11482,124,1475,1,,618,1109,REFUNDED,ARS,14250.0,2992.5,1200.0,18442.5
11483,315,1262,1,,1481,1989,CANCELLED,ARS,39690.0,8334.9,900.0,48924.9
11484,153,726,1,,1804,154,FULFILLED,ARS,47025.0,9875.25,0.0,56900.25
11485,395,92,1,,1946,120,FULFILLED,ARS,56250.0,11812.5,1200.0,69262.5
11486,259,157,2,4,4,860,FULFILLED,ARS,23760.0,4989.6,0.0,28749.6
11487,131,498,2,2,2,582,FULFILLED,ARS,45000.0,9450.0,0.0,54450.0
11488,174,508,1,,151,795,FULFILLED,ARS,23520.0,4939.2,1200.0,29659.2
11489,141,254,2,4,4,2841,PAID,ARS,52380.0,10999.8,0.0,63379.8
11490,258,659,2,2,2,1136,PAID,ARS,49455.0,10385.55,0.0,59840.55
11491,86,947,1,,2451,2749,FULFILLED,ARS,32340.0,6791.4,1200.0,40331.4
11492,617,430,1,,362,1372,FULFILLED,ARS,40500.0,8505.0,1500.0,50505.0
11493,304,837,1,,1215,2818,PAID,ARS,63780.0,13393.8,1200.0,78373.8
11494,25,425,2,1,1,1014,REFUNDED,ARS,94872.0,19923.12,0.0,114795.12
11495,323,1033,1,,2830,69,PAID,ARS,10260.0,2154.6,0.0,12414.6
11496,348,893,1,,100,2073,FULFILLED,ARS,12000.0,2520.0,0.0,14520.0
11497,597,863,1,,1300,808,FULFILLED,ARS,24000.0,5040.0,1200.0,30240.0
11498,499,444,1,,896,2657,CANCELLED,ARS,21600.0,4536.0,900.0,27036.0
11499,76,230,1,,1816,,FULFILLED,ARS,32040.0,6728.4,900.0,39668.4
11500,16,928,1,,542,810,PAID,ARS,36168.0,7595.28,1200.0,44963.28
11501,430,42,1,,218,3152,FULFILLED,ARS,89760.0,18849.6,900.0,109509.6
11502,149,14,2,1,1,358,FULFILLED,ARS,79200.0,16632.0,0.0,95832.0
11503,246,294,2,3,3,18,FULFILLED,ARS,23760.0,4989.6,0.0,28749.6
11504,359,24,1,,1569,,FULFILLED,ARS,34200.0,7182.0,900.0,42282.0
11505,547,1292,1,,389,2589,CANCELLED,ARS,21600.0,4536.0,900.0,27036.0
11506,282,837,1,,1786,2534,FULFILLED,ARS,44100.0,9261.0,1200.0,54561.0
11507,508,1151,1,,245,2579,CANCELLED,ARS,23400.0,4914.0,1200.0,29514.0
11508,458,150,1,,2840,1928,FULFILLED,ARS,36450.0,7654.5,1200.0,45304.5
11509,137,909,1,,1262,,FULFILLED,ARS,13500.0,2835.0,1200.0,17535.0
11510,399,966,1,,654,584,FULFILLED,ARS,31200.0,6552.0,1200.0,38952.0
11511,221,199,1,,2287,2679,FULFILLED,ARS,101700.0,21357.0,1500.0,124557.0
11512,432,177,1,,1427,21,PAID,ARS,47025.0,9875.25,1200.0,58100.25
11513,190,82,1,,35,1861,FULFILLED,ARS,20520.0,4309.2,900.0,25729.2
11514,384,141,2,2,2,1219,FULFILLED,ARS,31752.0,6667.92,0.0,38419.92
11515,222,916,1,,1013,2101,FULFILLED,ARS,74280.0,15598.8,0.0,89878.8
11516,561,1357,2,1,1,859,FULFILLED,ARS,30000.0,6300.0,0.0,36300.0
11517,455,658,1,,467,424,PAID,ARS,84600.0,17766.0,900.0,103266.0
11518,384,234,2,1,1,3185,FULFILLED,ARS,33000.0,6930.0,0.0,39930.0
11519,420,162,1,,569,,FULFILLED,ARS,46305.0,9724.05,900.0,56929.05
11520,405,647,1,,2533,310,PAID,ARS,12600.0,2646.0,1200.0,16446.0
11521,138,284,1,,113,1988,FULFILLED,ARS,43410.0,9116.1,1500.0,54026.1
11522,522,8,1,,815,2335,FULFILLED,ARS,11400.0,2394.0,1200.0,14994.0
11523,399,1260,1,,2289,927,FULFILLED,ARS,35640.0,7484.4,1200.0,44324.4
11524,154,1435,2,2,2,1399,FULFILLED,ARS,35880.0,7534.8,0.0,43414.8
11525,423,131,1,,2930,1969,PAID,ARS,44550.0,9355.5,1200.0,55105.5
11526,80,10,1,,314,1303,FULFILLED,ARS,45000.0,9450.0,1200.0,55650.0
11527,299,736,1,,2343,1942,FULFILLED,ARS,23520.0,4939.2,1200.0,29659.2
11528,295,915,2,3,3,2275,FULFILLED,ARS,12540.0,2633.4,0.0,15173.4
11529,204,75,1,,1765,1203,FULFILLED,ARS,14175.0,2976.75,0.0,17151.75
11530,157,69,2,1,1,267,FULFILLED,ARS,28098.0,5900.58,0.0,33998.58
11531,285,325,2,3,3,2762,FULFILLED,ARS,66690.0,14004.9,0.0,80694.9
11532,100,610,2,2,2,,REFUNDED,ARS,91125.0,19136.25,0.0,110261.25
11533,362,321,1,,2243,2030,PAID,ARS,15750.0,3307.5,1500.0,20557.5
11534,3,1016,1,,1818,511,FULFILLED,ARS,31500.0,6615.0,900.0,39015.0
11535,216,1399,2,2,2,2335,CANCELLED,ARS,30000.0,6300.0,0.0,36300.0
11536,215,1426,1,,2973,162,FULFILLED,ARS,36000.0,7560.0,1200.0,44760.0
11537,137,972,2,2,2,2233,FULFILLED,ARS,61980.0,13015.8,0.0,74995.8
11538,298,577,1,,619,,FULFILLED,ARS,22800.0,4788.0,900.0,28488.0
11539,56,311,2,3,3,1627,PAID,ARS,34200.0,7182.0,0.0,41382.0
11540,403,619,2,1,1,2960,FULFILLED,ARS,84900.0,17829.0,0.0,102729.0
11541,360,301,1,,529,,FULFILLED,ARS,14250.0,2992.5,1200.0,18442.5
11542,222,1178,1,,901,2438,FULFILLED,ARS,27000.0,5670.0,900.0,33570.0
11543,30,854,2,4,4,2191,FULFILLED,ARS,81480.0,17110.8,0.0,98590.8
11544,276,622,2,3,3,2751,FULFILLED,ARS,36000.0,7560.0,0.0,43560.0
11545,105,768,1,,3140,1042,FULFILLED,ARS,13500.0,2835.0,1200.0,17535.0
11546,52,719,1,,527,,FULFILLED,ARS,40500.0,8505.0,900.0,49905.0
11547,80,651,2,4,4,2971,FULFILLED,ARS,22560.0,4737.6,0.0,27297.6
11548,326,476,2,1,1,3115,FULFILLED,ARS,47250.0,9922.5,0.0,57172.5
11549,411,340,1,,2441,2242,CREATED,ARS,55800.0,11718.0,900.0,68418.0
11550,572,1250,2,4,4,451,FULFILLED,ARS,56880.0,11944.8,0.0,68824.8
11551,626,760,1,,2194,1046,CREATED,ARS,99780.0,20953.8,1200.0,121933.8
11552,381,580,1,,2630,2139,FULFILLED,ARS,38808.0,8149.68,900.0,47857.68
11553,256,581,1,,2482,1037,FULFILLED,ARS,24300.0,5103.0,900.0,30303.0
11554,350,1406,1,,1686,526,FULFILLED,ARS,72300.0,15183.0,1200.0,88683.0
11555,362,476,2,1,1,1514,FULFILLED,ARS,29400.0,6174.0,0.0,35574.0
11556,323,1476,2,4,4,2875,FULFILLED,ARS,35760.0,7509.6,0.0,43269.6
11557,127,53,1,,2230,2644,FULFILLED,ARS,13500.0,2835.0,1200.0,17535.0
11558,382,86,2,2,2,,FULFILLED,ARS,37500.0,7875.0,0.0,45375.0
11559,433,201,1,,1669,,REFUNDED,ARS,22800.0,4788.0,1500.0,29088.0
11560,469,1016,1,,2244,1113,FULFILLED,ARS,43500.0,9135.0,1500.0,54135.0
11561,309,514,1,,750,2909,PAID,ARS,113715.0,23880.15,900.0,138495.15
11562,471,272,1,,3134,1105,PAID,ARS,55134.0,11578.14,900.0,67612.14
11563,349,1027,1,,3039,2298,CANCELLED,ARS,41685.0,8753.85,1500.0,51938.85
11564,401,485,1,,2431,28,PAID,ARS,21600.0,4536.0,1200.0,27336.0
11565,230,447,2,2,2,2539,FULFILLED,ARS,45000.0,9450.0,0.0,54450.0
11566,459,1088,2,2,2,,CANCELLED,ARS,65550.0,13765.5,0.0,79315.5
11567,621,1092,1,,2240,1334,PAID,ARS,32400.0,6804.0,0.0,39204.0
11568,582,819,1,,3062,406,FULFILLED,ARS,34200.0,7182.0,0.0,41382.0
11569,331,1449,2,4,4,2628,FULFILLED,ARS,61200.0,12852.0,0.0,74052.0
11570,57,806,1,,1965,2717,REFUNDED,ARS,36348.0,7633.08,1200.0,45181.08
11571,4,1478,2,2,2,2540,PAID,ARS,45000.0,9450.0,0.0,54450.0
11572,540,527,2,4,4,2822,FULFILLED,ARS,22800.0,4788.0,0.0,27588.0
11573,424,1497,2,3,3,1493,CANCELLED,ARS,11880.0,2494.8,0.0,14374.8
11574,444,36,2,2,2,2338,FULFILLED,ARS,28050.0,5890.5,0.0,33940.5
11575,312,169,1,,233,1914,FULFILLED,ARS,44100.0,9261.0,0.0,53361.0
11576,379,915,1,,512,2875,FULFILLED,ARS,11970.0,2513.7,0.0,14483.7
11577,315,1166,1,,1694,812,CANCELLED,ARS,32400.0,6804.0,900.0,40104.0
11578,432,626,2,4,4,1304,FULFILLED,ARS,14700.0,3087.0,0.0,17787.0
11579,215,1250,2,2,2,1808,FULFILLED,ARS,52800.0,11088.0,0.0,63888.0
11580,559,44,1,,1310,2521,FULFILLED,ARS,36450.0,7654.5,1200.0,45304.5
11581,220,112,1,,2029,513,FULFILLED,ARS,32400.0,6804.0,1200.0,40404.0
11582,355,141,1,,517,,PAID,ARS,23520.0,4939.2,1200.0,29659.2
11583,375,330,2,2,2,298,FULFILLED,ARS,16170.0,3395.7,0.0,19565.7
11584,467,1384,1,,2344,1673,PAID,ARS,46305.0,9724.05,1200.0,57229.05
11585,257,1086,1,,1611,,FULFILLED,ARS,15435.0,3241.35,0.0,18676.35
11586,507,581,1,,1961,1516,FULFILLED,ARS,13500.0,2835.0,900.0,17235.0
11587,399,1033,1,,1684,2780,FULFILLED,ARS,32400.0,6804.0,900.0,40104.0
11588,210,1384,1,,2673,,FULFILLED,ARS,104490.0,21942.9,1500.0,127932.9
11589,128,910,2,4,4,,FULFILLED,ARS,42300.0,8883.0,0.0,51183.0
11590,174,548,1,,2008,1651,PAID,ARS,35280.0,7408.8,0.0,42688.8
11591,576,57,2,2,2,871,FULFILLED,ARS,11970.0,2513.7,0.0,14483.7
11592,34,483,1,,464,1517,FULFILLED,ARS,22800.0,4788.0,900.0,28488.0
11593,548,1267,1,,2594,2426,FULFILLED,ARS,29160.0,6123.6,0.0,35283.6
11594,570,1214,1,,2896,2103,FULFILLED,ARS,42000.0,8820.0,0.0,50820.0
11595,570,508,1,,2215,1136,REFUNDED,ARS,72360.0,15195.6,900.0,88455.6
11596,98,151,2,2,2,1776,PAID,ARS,14250.0,2992.5,0.0,17242.5
11597,401,1110,2,3,3,1154,FULFILLED,ARS,55512.0,11657.52,0.0,67169.52
11598,307,915,2,1,1,1520,CREATED,ARS,41400.0,8694.0,0.0,50094.0
11599,55,1422,1,,1714,2319,FULFILLED,ARS,44688.0,9384.48,0.0,54072.48
11600,452,959,1,,2492,1433,FULFILLED,ARS,24300.0,5103.0,0.0,29403.0
11601,22,1184,1,,736,,PAID,ARS,34020.0,7144.2,0.0,41164.2
11602,247,1204,2,4,4,1858,FULFILLED,ARS,27000.0,5670.0,0.0,32670.0
11603,548,1296,1,,2436,247,FULFILLED,ARS,25650.0,5386.5,1500.0,32536.5
11604,636,160,1,,1833,,FULFILLED,ARS,42750.0,8977.5,1500.0,53227.5
11605,339,795,1,,2235,2474,REFUNDED,ARS,13500.0,2835.0,0.0,16335.0
11606,11,366,2,3,3,2729,PAID,ARS,47250.0,9922.5,0.0,57172.5
11607,554,707,1,,3083,849,FULFILLED,ARS,37044.0,7779.24,1200.0,46023.24
11608,561,326,2,3,3,579,FULFILLED,ARS,27000.0,5670.0,0.0,32670.0
11609,145,976,1,,1658,605,FULFILLED,ARS,49650.0,10426.5,900.0,60976.5
11610,30,1276,1,,246,376,FULFILLED,ARS,23640.0,4964.4,900.0,29504.4
11611,138,172,1,,1749,,REFUNDED,ARS,23520.0,4939.2,0.0,28459.2
11612,630,928,2,1,1,1237,FULFILLED,ARS,23520.0,4939.2,0.0,28459.2
11613,13,334,1,,1297,2142,FULFILLED,ARS,12348.0,2593.08,900.0,15841.08
11614,441,1095,1,,236,1992,FULFILLED,ARS,23940.0,5027.4,900.0,29867.4
11615,142,923,2,2,2,788,CANCELLED,ARS,47025.0,9875.25,0.0,56900.25
11616,406,1141,2,2,2,2201,FULFILLED,ARS,12000.0,2520.0,0.0,14520.0
11617,631,318,2,2,2,1680,CANCELLED,ARS,65835.0,13825.35,0.0,79660.35
11618,170,148,1,,438,2775,PAID,ARS,56250.0,11812.5,1200.0,69262.5
11619,621,592,1,,2363,346,PAID,ARS,12825.0,2693.25,1200.0,16718.25
11620,552,944,2,3,3,1846,FULFILLED,ARS,12825.0,2693.25,0.0,15518.25
11621,123,435,2,1,1,1478,FULFILLED,ARS,16500.0,3465.0,0.0,19965.0
11622,191,319,2,4,4,2152,CREATED,ARS,15435.0,3241.35,0.0,18676.35
11623,589,1121,1,,2135,891,FULFILLED,ARS,42525.0,8930.25,1200.0,52655.25
11624,72,536,1,,2990,563,FULFILLED,ARS,36000.0,7560.0,0.0,43560.0
11625,11,770,1,,2796,,FULFILLED,ARS,46305.0,9724.05,1200.0,57229.05
11626,276,325,2,1,1,1491,FULFILLED,ARS,46710.0,9809.1,0.0,56519.1
11627,265,1496,1,,2081,2864,FULFILLED,ARS,11760.0,2469.6,1200.0,15429.6
11628,294,1127,1,,270,1599,FULFILLED,ARS,58350.0,12253.5,1500.0,72103.5
11629,63,356,1,,470,2216,FULFILLED,ARS,32400.0,6804.0,1500.0,40704.0
11630,559,1429,2,3,3,978,FULFILLED,ARS,15000.0,3150.0,0.0,18150.0
11631,170,158,1,,1453,562,FULFILLED,ARS,21168.0,4445.28,1200.0,26813.28
11632,533,984,1,,1234,1203,FULFILLED,ARS,44550.0,9355.5,900.0,54805.5
11633,381,330,2,2,2,834,PAID,ARS,22800.0,4788.0,0.0,27588.0
11634,419,67,2,1,1,981,PAID,ARS,13500.0,2835.0,0.0,16335.0
11635,283,808,1,,3019,,FULFILLED,ARS,12000.0,2520.0,1200.0,15720.0
11636,122,58,2,1,1,3010,CANCELLED,ARS,14250.0,2992.5,0.0,17242.5
11637,171,95,1,,990,1440,CANCELLED,ARS,11760.0,2469.6,1200.0,15429.6
11638,5,1234,1,,1427,,FULFILLED,ARS,39840.0,8366.4,900.0,49106.4
11639,277,1161,1,,1097,1607,PAID,ARS,12000.0,2520.0,0.0,14520.0
11640,598,1061,2,2,2,2662,REFUNDED,ARS,30000.0,6300.0,0.0,36300.0
11641,28,993,2,4,4,1213,REFUNDED,ARS,23520.0,4939.2,0.0,28459.2
11642,74,1470,2,4,4,195,PAID,ARS,13500.0,2835.0,0.0,16335.0
11643,631,848,1,,469,1528,FULFILLED,ARS,35280.0,7408.8,1200.0,43888.8
11644,497,804,1,,778,2081,CANCELLED,ARS,44100.0,9261.0,1200.0,54561.0
11645,289,980,2,4,4,2816,FULFILLED,ARS,22800.0,4788.0,0.0,27588.0
11646,423,1032,1,,1468,2954,FULFILLED,ARS,35850.0,7528.5,900.0,44278.5
11647,161,160,2,3,3,2469,FULFILLED,ARS,27000.0,5670.0,0.0,32670.0
11648,342,327,1,,2542,686,FULFILLED,ARS,44100.0,9261.0,1200.0,54561.0
11649,46,1002,1,,1251,1492,FULFILLED,ARS,24696.0,5186.16,0.0,29882.16
11650,556,1198,1,,26,3193,FULFILLED,ARS,12348.0,2593.08,1200.0,16141.08
11651,482,221,1,,1339,648,FULFILLED,ARS,53700.0,11277.0,1200.0,66177.0
11652,259,1373,1,,1071,956,PAID,ARS,30000.0,6300.0,1500.0,37800.0
11653,157,952,1,,2988,2302,CREATED,ARS,10800.0,2268.0,900.0,13968.0
11654,27,237,1,,2372,661,FULFILLED,ARS,42240.0,8870.4,1200.0,52310.4
11655,46,744,2,4,4,2270,PAID,ARS,32400.0,6804.0,0.0,39204.0
11656,571,311,1,,2144,791,FULFILLED,ARS,30000.0,6300.0,1200.0,37500.0
11657,528,214,1,,2916,1921,FULFILLED,ARS,48600.0,10206.0,0.0,58806.0
11658,105,137,1,,291,996,FULFILLED,ARS,11760.0,2469.6,1200.0,15429.6
11659,3,437,1,,1886,3114,PAID,ARS,80670.0,16940.7,1500.0,99110.7
11660,171,362,2,4,4,2760,FULFILLED,ARS,11880.0,2494.8,0.0,14374.8
11661,225,604,1,,744,1954,FULFILLED,ARS,36000.0,7560.0,900.0,44460.0
11662,197,1165,1,,1500,1007,FULFILLED,ARS,14700.0,3087.0,900.0,18687.0
11663,174,856,2,2,2,131,FULFILLED,ARS,11760.0,2469.6,0.0,14229.6
11664,449,256,2,4,4,2166,PAID,ARS,34200.0,7182.0,0.0,41382.0
11665,108,493,1,,2937,124,FULFILLED,ARS,23520.0,4939.2,1200.0,29659.2
11666,218,121,2,3,3,2212,PAID,ARS,49500.0,10395.0,0.0,59895.0
11667,233,86,1,,2918,1630,FULFILLED,ARS,23520.0,4939.2,900.0,29359.2
11668,469,236,1,,1220,915,FULFILLED,ARS,28500.0,5985.0,1200.0,35685.0
11669,258,1035,1,,93,,CANCELLED,ARS,36000.0,7560.0,0.0,43560.0
11670,284,1397,1,,2037,3031,PAID,ARS,30000.0,6300.0,900.0,37200.0
11671,23,7,1,,1017,,FULFILLED,ARS,29925.0,6284.25,1500.0,37709.25
11672,153,1258,2,1,1,2877,FULFILLED,ARS,85500.0,17955.0,0.0,103455.0
11673,155,1430,2,3,3,708,FULFILLED,ARS,40500.0,8505.0,0.0,49005.0
11674,333,970,1,,1199,2825,FULFILLED,ARS,15000.0,3150.0,1200.0,19350.0
11675,569,134,2,3,3,878,FULFILLED,ARS,42000.0,8820.0,0.0,50820.0
11676,493,1245,2,4,4,202,FULFILLED,ARS,22680.0,4762.8,0.0,27442.8
11677,577,646,2,2,2,1878,FULFILLED,ARS,36000.0,7560.0,0.0,43560.0
11678,355,1285,2,1,1,337,PAID,ARS,29400.0,6174.0,0.0,35574.0
11679,36,1124,1,,429,630,FULFILLED,ARS,35280.0,7408.8,1500.0,44188.8
11680,158,854,1,,3186,1361,FULFILLED,ARS,31752.0,6667.92,900.0,39319.92
11681,466,223,2,3,3,,FULFILLED,ARS,44250.0,9292.5,0.0,53542.5
11682,111,460,1,,2449,1355,FULFILLED,ARS,29400.0,6174.0,900.0,36474.0
11683,530,1122,2,2,2,850,PAID,ARS,45000.0,9450.0,0.0,54450.0
11684,605,1201,2,3,3,3046,FULFILLED,ARS,36000.0,7560.0,0.0,43560.0
11685,482,1425,1,,2578,2301,FULFILLED,ARS,30870.0,6482.7,900.0,38252.7
11686,4,1129,2,3,3,750,FULFILLED,ARS,11880.0,2494.8,0.0,14374.8
11687,619,889,1,,2047,1489,FULFILLED,ARS,29400.0,6174.0,1500.0,37074.0
11688,40,1400,1,,318,2387,PAID,ARS,12000.0,2520.0,900.0,15420.0
11689,183,719,1,,2765,,FULFILLED,ARS,24300.0,5103.0,900.0,30303.0
11690,16,598,2,4,4,3187,FULFILLED,ARS,23520.0,4939.2,0.0,28459.2
11691,309,575,1,,2517,1019,FULFILLED,ARS,15000.0,3150.0,900.0,19050.0
11692,610,1429,2,4,4,200,FULFILLED,ARS,37800.0,7938.0,0.0,45738.0
11693,615,693,1,,2320,2379,REFUNDED,ARS,13230.0,2778.3,0.0,16008.3
11694,428,151,1,,2396,1031,CREATED,ARS,55920.0,11743.2,900.0,68563.2
11695,600,800,1,,184,1029,FULFILLED,ARS,43110.0,9053.1,1200.0,53363.1
11696,527,61,1,,1524,1749,FULFILLED,ARS,12000.0,2520.0,1200.0,15720.0
11697,167,428,1,,3126,1658,FULFILLED,ARS,34200.0,7182.0,1200.0,42582.0
11698,161,921,1,,1083,2037,FULFILLED,ARS,30000.0,6300.0,1200.0,37500.0
11699,289,1244,1,,1118,3137,FULFILLED,ARS,30000.0,6300.0,1500.0,37800.0
11700,408,1434,1,,1390,1986,FULFILLED,ARS,60252.0,12652.92,1200.0,74104.92
11701,221,1327,1,,2359,1556,FULFILLED,ARS,15675.0,3291.75,1200.0,20166.75
11702,245,912,1,,1891,1606,FULFILLED,ARS,21600.0,4536.0,1500.0,27636.0
11703,281,723,1,,878,2694,FULFILLED,ARS,21600.0,4536.0,1500.0,27636.0
11704,141,1435,2,2,2,1949,PAID,ARS,48450.0,10174.5,0.0,58624.5
11705,254,691,2,1,1,3085,FULFILLED,ARS,11760.0,2469.6,0.0,14229.6
11706,86,369,2,3,3,851,PAID,ARS,14250.0,2992.5,0.0,17242.5
11707,315,1028,1,,1640,2298,FULFILLED,ARS,13500.0,2835.0,900.0,17235.0
11708,22,1001,1,,2034,2771,PAID,ARS,41160.0,8643.6,900.0,50703.6
11709,228,1040,2,2,2,1134,FULFILLED,ARS,20520.0,4309.2,0.0,24829.2
11710,265,1067,1,,1280,,PAID,ARS,23520.0,4939.2,900.0,29359.2
11711,102,311,1,,1391,1144,FULFILLED,ARS,30000.0,6300.0,1500.0,37800.0
11712,408,627,1,,1910,2060,FULFILLED,ARS,21600.0,4536.0,900.0,27036.0
11713,571,639,2,4,4,355,FULFILLED,ARS,30000.0,6300.0,0.0,36300.0
11714,627,655,2,3,3,744,CREATED,ARS,91125.0,19136.25,0.0,110261.25
11715,175,1252,1,,314,,FULFILLED,ARS,45225.0,9497.25,0.0,54722.25
11716,404,314,2,3,3,2951,FULFILLED,ARS,16500.0,3465.0,0.0,19965.0
11717,106,1180,1,,2088,675,FULFILLED,ARS,44160.0,9273.6,1200.0,54633.6
11718,353,365,2,1,1,387,CANCELLED,ARS,12000.0,2520.0,0.0,14520.0
11719,372,1310,2,4,4,2920,FULFILLED,ARS,11760.0,2469.6,0.0,14229.6
11720,608,367,1,,2458,902,PAID,ARS,60780.0,12763.8,900.0,74443.8
11721,470,1252,1,,1709,526,FULFILLED,ARS,23520.0,4939.2,900.0,29359.2
11722,41,607,1,,154,,FULFILLED,ARS,45000.0,9450.0,1500.0,55950.0
11723,36,1122,1,,343,1445,CANCELLED,ARS,20520.0,4309.2,1200.0,26029.2
11724,35,842,2,2,2,927,PAID,ARS,15000.0,3150.0,0.0,18150.0
11725,511,1461,1,,1621,961,FULFILLED,ARS,39658.5,8328.28,1200.0,49186.78
11726,63,208,1,,522,2842,FULFILLED,ARS,32400.0,6804.0,1200.0,40404.0
11727,163,1268,2,3,3,1252,FULFILLED,ARS,11400.0,2394.0,0.0,13794.0
11728,128,234,2,3,3,2493,FULFILLED,ARS,48510.0,10187.1,0.0,58697.1
11729,230,427,1,,918,3170,FULFILLED,ARS,26460.0,5556.6,1500.0,33516.6
11730,344,964,1,,600,727,PAID,ARS,23520.0,4939.2,1200.0,29659.2
11731,273,802,1,,3119,96,FULFILLED,ARS,57210.0,12014.1,1500.0,70724.1
11732,281,38,1,,2528,,CREATED,ARS,34020.0,7144.2,900.0,42064.2
11733,343,204,2,3,3,1208,FULFILLED,ARS,21600.0,4536.0,0.0,26136.0
11734,354,524,1,,2393,2798,PAID,ARS,13500.0,2835.0,1200.0,17535.0
11735,419,31,1,,2249,56,FULFILLED,ARS,14250.0,2992.5,0.0,17242.5
11736,271,834,2,1,1,1270,FULFILLED,ARS,29400.0,6174.0,0.0,35574.0
11737,350,994,1,,1364,149,REFUNDED,ARS,31500.0,6615.0,900.0,39015.0
11738,314,439,2,4,4,231,FULFILLED,ARS,13500.0,2835.0,0.0,16335.0
11739,180,1279,2,1,1,2510,FULFILLED,ARS,42750.0,8977.5,0.0,51727.5
11740,262,1268,1,,1263,2421,FULFILLED,ARS,12540.0,2633.4,1500.0,16673.4
11741,76,775,1,,1835,1851,FULFILLED,ARS,11340.0,2381.4,1500.0,15221.4
11742,144,172,2,4,4,,FULFILLED,ARS,10800.0,2268.0,0.0,13068.0
11743,437,834,2,2,2,873,FULFILLED,ARS,12000.0,2520.0,0.0,14520.0
11744,203,1094,2,4,4,296,FULFILLED,ARS,66600.0,13986.0,0.0,80586.0
11745,392,1091,1,,906,1974,FULFILLED,ARS,41850.0,8788.5,1200.0,51838.5
11746,91,1086,2,4,4,2484,FULFILLED,ARS,47040.0,9878.4,0.0,56918.4
11747,67,1352,1,,720,2427,FULFILLED,ARS,14250.0,2992.5,1200.0,18442.5
11748,170,554,1,,1502,1027,FULFILLED,ARS,32400.0,6804.0,900.0,40104.0
11749,206,1424,1,,2426,2308,FULFILLED,ARS,13230.0,2778.3,900.0,16908.3
11750,137,304,1,,2337,1446,PAID,ARS,15750.0,3307.5,1200.0,20257.5
11751,347,1071,1,,691,197,FULFILLED,ARS,32400.0,6804.0,900.0,40104.0
11752,633,1092,1,,589,,REFUNDED,ARS,36450.0,7654.5,1200.0,45304.5
11753,222,153,1,,2763,1138,REFUNDED,ARS,72480.0,15220.8,900.0,88600.8
11754,578,1231,1,,502,19,CREATED,ARS,21168.0,4445.28,900.0,26513.28
11755,589,540,1,,1575,,FULFILLED,ARS,57900.0,12159.0,1500.0,71559.0
11756,278,654,1,,3197,2424,PAID,ARS,14250.0,2992.5,1500.0,18742.5
11757,328,774,2,4,4,2233,FULFILLED,ARS,12000.0,2520.0,0.0,14520.0
11758,74,302,1,,2654,2392,FULFILLED,ARS,21600.0,4536.0,1200.0,27336.0
11759,567,1071,1,,84,1228,FULFILLED,ARS,40200.0,8442.0,900.0,49542.0
11760,214,6,1,,980,2175,FULFILLED,ARS,40500.0,8505.0,1200.0,50205.0
11761,210,1443,1,,2499,,FULFILLED,ARS,44400.0,9324.0,1200.0,54924.0
11762,233,49,2,1,1,2503,FULFILLED,ARS,44550.0,9355.5,0.0,53905.5
11763,287,1039,1,,263,2019,FULFILLED,ARS,40500.0,8505.0,900.0,49905.0
11764,103,1090,1,,870,2610,FULFILLED,ARS,31752.0,6667.92,1200.0,39619.92
11765,453,353,1,,1154,578,FULFILLED,ARS,29925.0,6284.25,1500.0,37709.25
11766,159,1295,2,2,2,175,FULFILLED,ARS,21600.0,4536.0,0.0,26136.0
11767,564,239,2,1,1,,FULFILLED,ARS,34200.0,7182.0,0.0,41382.0
11768,316,269,2,1,1,1697,FULFILLED,ARS,68520.0,14389.2,0.0,82909.2
11769,256,872,1,,1508,476,PAID,ARS,11400.0,2394.0,1200.0,14994.0
11770,24,522,2,1,1,2453,REFUNDED,ARS,27000.0,5670.0,0.0,32670.0
11771,344,127,2,1,1,398,PAID,ARS,40500.0,8505.0,0.0,49005.0
11772,163,1315,2,2,2,1196,FULFILLED,ARS,21600.0,4536.0,0.0,26136.0
11773,355,788,2,1,1,1095,CANCELLED,ARS,10800.0,2268.0,0.0,13068.0
11774,489,838,1,,730,3124,FULFILLED,ARS,23970.0,5033.7,900.0,29903.7
11775,396,92,2,1,1,1899,FULFILLED,ARS,22608.0,4747.68,0.0,27355.68
11776,273,556,2,2,2,2764,FULFILLED,ARS,11760.0,2469.6,0.0,14229.6
11777,251,1316,1,,1721,2597,FULFILLED,ARS,47025.0,9875.25,1200.0,58100.25
11778,116,524,1,,561,630,FULFILLED,ARS,11970.0,2513.7,900.0,15383.7
11779,369,389,1,,1892,1056,REFUNDED,ARS,15675.0,3291.75,900.0,19866.75
11780,329,419,1,,2482,1836,FULFILLED,ARS,40500.0,8505.0,900.0,49905.0
11781,3,1323,1,,1511,1198,FULFILLED,ARS,26400.0,5544.0,1200.0,33144.0
11782,270,274,1,,1691,600,FULFILLED,ARS,35280.0,7408.8,900.0,43588.8
11783,4,124,1,,1416,1459,FULFILLED,ARS,13500.0,2835.0,900.0,17235.0
11784,9,918,1,,2049,2693,FULFILLED,ARS,22800.0,4788.0,900.0,28488.0
11785,497,638,1,,1314,810,FULFILLED,ARS,14250.0,2992.5,900.0,18142.5
11786,406,896,1,,2728,1619,FULFILLED,ARS,11760.0,2469.6,900.0,15129.6
11787,246,1035,1,,627,2721,FULFILLED,ARS,34020.0,7144.2,0.0,41164.2
11788,623,99,2,1,1,671,FULFILLED,ARS,45000.0,9450.0,0.0,54450.0
11789,286,227,2,3,3,843,FULFILLED,ARS,52470.0,11018.7,0.0,63488.7
11790,153,4,1,,2835,249,FULFILLED,ARS,46800.0,9828.0,900.0,57528.0
11791,563,405,1,,1909,1112,PAID,ARS,30000.0,6300.0,1200.0,37500.0
11792,492,661,1,,1778,863,FULFILLED,ARS,11760.0,2469.6,0.0,14229.6
11793,440,144,1,,1558,,PAID,ARS,29400.0,6174.0,0.0,35574.0
11794,586,1053,2,1,1,1584,FULFILLED,ARS,12600.0,2646.0,0.0,15246.0
11795,284,415,2,3,3,66,PAID,ARS,74242.5,15590.92,0.0,89833.42
11796,372,960,2,1,1,1409,FULFILLED,ARS,27000.0,5670.0,0.0,32670.0
11797,61,67,2,4,4,1694,FULFILLED,ARS,44100.0,9261.0,0.0,53361.0
11798,125,267,1,,2249,2906,FULFILLED,ARS,70776.0,14862.96,900.0,86538.96
11799,25,666,2,1,1,711,FULFILLED,ARS,38808.0,8149.68,0.0,46957.68
11800,356,360,2,4,4,2716,FULFILLED,ARS,40380.0,8479.8,0.0,48859.8
11801,522,393,2,3,3,839,FULFILLED,ARS,32400.0,6804.0,0.0,39204.0
11802,551,786,1,,1384,1435,PAID,ARS,14250.0,2992.5,900.0,18142.5
11803,117,22,2,4,4,1488,FULFILLED,ARS,28500.0,5985.0,0.0,34485.0
11804,509,1297,2,1,1,355,FULFILLED,ARS,11400.0,2394.0,0.0,13794.0
11805,17,29,1,,971,779,FULFILLED,ARS,23760.0,4989.6,1200.0,29949.6
11806,106,1112,2,1,1,670,FULFILLED,ARS,12000.0,2520.0,0.0,14520.0
11807,169,990,2,2,2,2930,FULFILLED,ARS,11400.0,2394.0,0.0,13794.0
11808,172,42,1,,1827,511,PAID,ARS,15675.0,3291.75,900.0,19866.75
11809,515,1413,1,,2895,3138,FULFILLED,ARS,99720.0,20941.2,1200.0,121861.2
11810,247,1186,1,,1385,1950,FULFILLED,ARS,11970.0,2513.7,1200.0,15683.7
11811,620,1396,1,,1030,2372,FULFILLED,ARS,34200.0,7182.0,1200.0,42582.0
11812,216,1147,1,,245,955,CREATED,ARS,45120.0,9475.2,1200.0,55795.2
11813,403,323,1,,737,,REFUNDED,ARS,37620.0,7900.2,900.0,46420.2
11814,639,176,2,1,1,1732,FULFILLED,ARS,12150.0,2551.5,0.0,14701.5
11815,234,543,2,4,4,2108,FULFILLED,ARS,36000.0,7560.0,0.0,43560.0
11816,10,1156,1,,1870,2051,FULFILLED,ARS,21600.0,4536.0,900.0,27036.0
11817,74,708,2,4,4,2491,FULFILLED,ARS,21600.0,4536.0,0.0,26136.0
11818,327,757,1,,642,682,PAID,ARS,30000.0,6300.0,1500.0,37800.0
11819,492,136,1,,376,3064,FULFILLED,ARS,10800.0,2268.0,1200.0,14268.0
11820,91,287,1,,2737,1306,FULFILLED,ARS,34104.0,7161.84,900.0,42165.84
11821,25,945,2,2,2,730,CANCELLED,ARS,24960.0,5241.6,0.0,30201.6
11822,289,973,1,,147,,FULFILLED,ARS,34200.0,7182.0,0.0,41382.0
11823,256,768,1,,2541,2308,FULFILLED,ARS,27900.0,5859.0,900.0,34659.0
11824,413,539,1,,1312,,FULFILLED,ARS,57540.0,12083.4,900.0,70523.4
11825,172,627,2,2,2,549,FULFILLED,ARS,12000.0,2520.0,0.0,14520.0
11826,472,1455,1,,594,1398,CANCELLED,ARS,62760.0,13179.6,0.0,75939.6
11827,546,1130,2,4,4,182,FULFILLED,ARS,21600.0,4536.0,0.0,26136.0
11828,595,1465,1,,1287,1742,CANCELLED,ARS,14700.0,3087.0,1200.0,18987.0
11829,70,666,1,,1731,1850,FULFILLED,ARS,81243.0,17061.03,0.0,98304.03
11830,187,820,1,,1121,605,PAID,ARS,60390.0,12681.9,1200.0,74271.9
11831,526,932,1,,2092,1650,FULFILLED,ARS,29400.0,6174.0,900.0,36474.0
11832,582,753,1,,1777,2292,FULFILLED,ARS,21600.0,4536.0,1500.0,27636.0
11833,249,459,1,,2881,3009,PAID,ARS,64008.0,13441.68,1200.0,78649.68
11834,323,1467,1,,101,1517,FULFILLED,ARS,74700.0,15687.0,1200.0,91587.0
11835,106,1096,2,2,2,439,FULFILLED,ARS,37800.0,7938.0,0.0,45738.0
11836,169,1486,2,3,3,,CANCELLED,ARS,30000.0,6300.0,0.0,36300.0
11837,58,113,1,,1880,2401,FULFILLED,ARS,27000.0,5670.0,1200.0,33870.0
11838,526,3,2,2,2,582,FULFILLED,ARS,20520.0,4309.2,0.0,24829.2
11839,399,850,2,4,4,,FULFILLED,ARS,22680.0,4762.8,0.0,27442.8
11840,337,1304,2,1,1,,FULFILLED,ARS,32400.0,6804.0,0.0,39204.0
11841,587,220,2,2,2,,FULFILLED,ARS,25872.0,5433.12,0.0,31305.12
11842,96,784,1,,294,37,CREATED,ARS,29400.0,6174.0,0.0,35574.0
11843,590,227,1,,1036,1793,PAID,ARS,40800.0,8568.0,900.0,50268.0
11844,471,837,1,,2058,2114,FULFILLED,ARS,12000.0,2520.0,1200.0,15720.0
11845,86,994,1,,3073,2410,FULFILLED,ARS,27150.0,5701.5,1200.0,34051.5
11846,346,934,2,4,4,392,FULFILLED,ARS,14700.0,3087.0,0.0,17787.0
11847,436,587,1,,2811,604,FULFILLED,ARS,12150.0,2551.5,0.0,14701.5
11848,612,954,2,3,3,2214,FULFILLED,ARS,45000.0,9450.0,0.0,54450.0
11849,241,1169,1,,686,642,FULFILLED,ARS,42750.0,8977.5,1500.0,53227.5
11850,65,303,1,,1889,1503,PAID,ARS,42750.0,8977.5,900.0,52627.5
11851,314,783,1,,2717,1160,FULFILLED,ARS,13500.0,2835.0,1200.0,17535.0
11852,39,949,1,,1851,557,FULFILLED,ARS,42750.0,8977.5,900.0,52627.5
11853,580,1377,1,,1645,2878,FULFILLED,ARS,45000.0,9450.0,900.0,55350.0
11854,356,871,1,,372,1879,FULFILLED,ARS,12936.0,2716.56,1200.0,16852.56
11855,153,628,2,4,4,703,PAID,ARS,13500.0,2835.0,0.0,16335.0
11856,62,352,2,1,1,1541,FULFILLED,ARS,29160.0,6123.6,0.0,35283.6
11857,190,357,2,3,3,1648,FULFILLED,ARS,21600.0,4536.0,0.0,26136.0
11858,393,185,1,,1366,1382,FULFILLED,ARS,14700.0,3087.0,1200.0,18987.0
11859,178,51,2,2,2,2935,FULFILLED,ARS,10800.0,2268.0,0.0,13068.0
11860,86,848,1,,1513,2281,FULFILLED,ARS,25650.0,5386.5,900.0,31936.5
11861,93,875,2,1,1,,FULFILLED,ARS,19440.0,4082.4,0.0,23522.4
11862,188,247,2,3,3,936,FULFILLED,ARS,14700.0,3087.0,0.0,17787.0
11863,374,813,1,,1775,,PAID,ARS,28500.0,5985.0,1200.0,35685.0
11864,433,1484,1,,1434,1841,FULFILLED,ARS,52290.0,10980.9,1200.0,64470.9
11865,18,383,1,,2707,2228,FULFILLED,ARS,47250.0,9922.5,1500.0,58672.5
11866,335,630,1,,305,,FULFILLED,ARS,32400.0,6804.0,900.0,40104.0
11867,598,1168,1,,690,56,CANCELLED,ARS,13500.0,2835.0,1200.0,17535.0
11868,414,3,2,4,4,2143,FULFILLED,ARS,21600.0,4536.0,0.0,26136.0
11869,512,441,1,,1305,2108,FULFILLED,ARS,13500.0,2835.0,0.0,16335.0
11870,5,1091,1,,1403,1668,PAID,ARS,23160.0,4863.6,900.0,28923.6
11871,608,412,2,2,2,2774,PAID,ARS,40500.0,8505.0,0.0,49005.0
11872,613,574,1,,1436,920,FULFILLED,ARS,42750.0,8977.5,900.0,52627.5
11873,513,243,1,,2683,2398,FULFILLED,ARS,15750.0,3307.5,1500.0,20557.5
11874,607,95,2,1,1,351,FULFILLED,ARS,12000.0,2520.0,0.0,14520.0
11875,449,545,1,,2273,1991,PAID,ARS,40500.0,8505.0,900.0,49905.0
11876,488,940,2,2,2,1730,FULFILLED,ARS,28500.0,5985.0,0.0,34485.0
11877,351,1318,2,3,3,283,PAID,ARS,76725.0,16112.25,0.0,92837.25
11878,110,922,1,,1623,1351,FULFILLED,ARS,27112.5,5693.62,900.0,33706.12
11879,344,649,2,1,1,1645,FULFILLED,ARS,28500.0,5985.0,0.0,34485.0
11880,616,283,1,,2451,1871,FULFILLED,ARS,19440.0,4082.4,1200.0,24722.4
11881,507,878,1,,3001,3155,FULFILLED,ARS,29400.0,6174.0,1200.0,36774.0
11882,144,109,2,2,2,2576,FULFILLED,ARS,29400.0,6174.0,0.0,35574.0
11883,50,1490,1,,1502,2493,FULFILLED,ARS,29400.0,6174.0,900.0,36474.0
11884,439,673,2,1,1,,FULFILLED,ARS,27000.0,5670.0,0.0,32670.0
11885,126,570,2,1,1,2807,FULFILLED,ARS,71160.0,14943.6,0.0,86103.6
11886,409,366,1,,1228,847,FULFILLED,ARS,42750.0,8977.5,1500.0,53227.5
11887,192,530,2,2,2,2659,FULFILLED,ARS,40500.0,8505.0,0.0,49005.0
11888,187,1336,1,,2602,2576,FULFILLED,ARS,34200.0,7182.0,900.0,42282.0
11889,380,19,1,,2877,1392,PAID,ARS,44100.0,9261.0,900.0,54261.0
11890,617,152,1,,1014,1248,FULFILLED,ARS,11760.0,2469.6,1200.0,15429.6
11891,514,358,1,,2772,,FULFILLED,ARS,11760.0,2469.6,900.0,15129.6
11892,604,1133,2,4,4,1191,FULFILLED,ARS,49500.0,10395.0,0.0,59895.0
11893,425,1079,1,,2836,684,FULFILLED,ARS,10800.0,2268.0,1500.0,14568.0
11894,91,779,1,,113,1416,PAID,ARS,26400.0,5544.0,0.0,31944.0
11895,578,840,1,,2307,2320,PAID,ARS,35910.0,7541.1,900.0,44351.1
11896,434,971,2,4,4,2769,FULFILLED,ARS,35280.0,7408.8,0.0,42688.8
11897,156,137,1,,1159,2231,FULFILLED,ARS,42750.0,8977.5,1500.0,53227.5
11898,310,1031,2,3,3,2681,FULFILLED,ARS,57285.0,12029.85,0.0,69314.85
11899,173,650,1,,2983,,CANCELLED,ARS,82507.5,17326.58,1200.0,101034.08
11900,24,820,1,,517,2285,REFUNDED,ARS,33000.0,6930.0,900.0,40830.0
11901,362,714,1,,911,457,FULFILLED,ARS,50736.0,10654.56,1200.0,62590.56
11902,223,682,2,1,1,1193,FULFILLED,ARS,15750.0,3307.5,0.0,19057.5
11903,489,478,2,1,1,1650,FULFILLED,ARS,34200.0,7182.0,0.0,41382.0
11904,7,808,1,,699,82,FULFILLED,ARS,72450.0,15214.5,900.0,88564.5
11905,66,779,1,,3104,2443,FULFILLED,ARS,14250.0,2992.5,0.0,17242.5
11906,212,217,1,,913,3129,FULFILLED,ARS,23520.0,4939.2,900.0,29359.2
11907,582,629,1,,1681,715,FULFILLED,ARS,47880.0,10054.8,900.0,58834.8
11908,467,999,1,,2450,2907,FULFILLED,ARS,12150.0,2551.5,900.0,15601.5
11909,298,660,1,,969,533,FULFILLED,ARS,29400.0,6174.0,1200.0,36774.0
11910,336,1468,1,,3028,203,FULFILLED,ARS,76140.0,15989.4,1200.0,93329.4
11911,569,1118,2,4,4,720,FULFILLED,ARS,75150.0,15781.5,0.0,90931.5
11912,411,652,1,,1494,643,FULFILLED,ARS,16170.0,3395.7,0.0,19565.7
11913,511,970,1,,284,230,FULFILLED,ARS,21600.0,4536.0,1200.0,27336.0
11914,450,810,1,,2489,3085,FULFILLED,ARS,74520.0,15649.2,1200.0,91369.2
11915,378,663,1,,664,161,FULFILLED,ARS,45000.0,9450.0,1200.0,55650.0
11916,102,150,1,,2802,686,FULFILLED,ARS,11340.0,2381.4,0.0,13721.4
11917,139,1347,1,,2898,3177,FULFILLED,ARS,23970.0,5033.7,900.0,29903.7
11918,609,643,1,,1722,,FULFILLED,ARS,11760.0,2469.6,900.0,15129.6
11919,252,645,1,,2610,,FULFILLED,ARS,34800.0,7308.0,900.0,43008.0
11920,474,72,2,4,4,1056,REFUNDED,ARS,70500.0,14805.0,0.0,85305.0
11921,272,1412,2,1,1,2599,FULFILLED,ARS,52479.0,11020.59,0.0,63499.59
11922,210,1305,1,,2193,2526,PAID,ARS,13500.0,2835.0,1200.0,17535.0
11923,476,413,2,2,2,266,FULFILLED,ARS,45000.0,9450.0,0.0,54450.0
11924,375,473,1,,2113,1450,PAID,ARS,35280.0,7408.8,1500.0,44188.8
11925,65,333,1,,220,1159,FULFILLED,ARS,32400.0,6804.0,1200.0,40404.0
11926,430,868,1,,263,494,PAID,ARS,29400.0,6174.0,900.0,36474.0
11927,82,298,1,,698,803,FULFILLED,ARS,47040.0,9878.4,900.0,57818.4
11928,51,13,2,1,1,2930,FULFILLED,ARS,34320.0,7207.2,0.0,41527.2
11929,351,362,1,,2864,86,FULFILLED,ARS,61350.0,12883.5,900.0,75133.5
11930,136,993,1,,3147,2644,PAID,ARS,15435.0,3241.35,0.0,18676.35
11931,83,442,2,4,4,1418,FULFILLED,ARS,14962.5,3142.12,0.0,18104.62
11932,353,550,1,,2233,1158,CREATED,ARS,11760.0,2469.6,1200.0,15429.6
11933,333,100,1,,1464,685,CANCELLED,ARS,24696.0,5186.16,0.0,29882.16
11934,118,263,1,,2448,538,FULFILLED,ARS,25260.0,5304.6,1200.0,31764.6
11935,564,614,2,4,4,3013,FULFILLED,ARS,39900.0,8379.0,0.0,48279.0
11936,144,732,2,3,3,1816,PAID,ARS,12600.0,2646.0,0.0,15246.0
11937,281,1125,1,,995,2878,PAID,ARS,60270.0,12656.7,1200.0,74126.7
11938,129,444,1,,343,1536,FULFILLED,ARS,24300.0,5103.0,900.0,30303.0
11939,139,949,2,1,1,2397,FULFILLED,ARS,29400.0,6174.0,0.0,35574.0
11940,534,1305,1,,3169,1957,FULFILLED,ARS,36450.0,7654.5,900.0,45004.5
11941,604,322,1,,1343,2164,CREATED,ARS,34200.0,7182.0,1200.0,42582.0
11942,585,518,1,,1815,2664,FULFILLED,ARS,13500.0,2835.0,1500.0,17835.0
11943,190,476,1,,1156,374,PAID,ARS,31350.0,6583.5,1500.0,39433.5
11944,323,1344,2,2,2,2063,PAID,ARS,9720.0,2041.2,0.0,11761.2
11945,497,248,1,,1314,330,FULFILLED,ARS,55272.0,11607.12,1200.0,68079.12
11946,444,1433,2,4,4,271,FULFILLED,ARS,27000.0,5670.0,0.0,32670.0
11947,346,1192,1,,2209,2909,CANCELLED,ARS,13500.0,2835.0,1200.0,17535.0
11948,240,355,2,3,3,,FULFILLED,ARS,57300.0,12033.0,0.0,69333.0
11949,13,1465,2,1,1,1204,PAID,ARS,47700.0,10017.0,0.0,57717.0
11950,586,91,2,4,4,,FULFILLED,ARS,60000.0,12600.0,0.0,72600.0
11951,317,10,2,2,2,92,FULFILLED,ARS,53820.0,11302.2,0.0,65122.2
11952,289,368,1,,671,448,PAID,ARS,15000.0,3150.0,1200.0,19350.0
11953,569,599,1,,599,,PAID,ARS,40500.0,8505.0,0.0,49005.0
11954,578,308,2,3,3,1082,FULFILLED,ARS,34200.0,7182.0,0.0,41382.0
11955,63,848,1,,3160,586,FULFILLED,ARS,30780.0,6463.8,1200.0,38443.8
11956,245,1207,1,,2588,1407,REFUNDED,ARS,13500.0,2835.0,900.0,17235.0
11957,409,272,1,,560,2102,FULFILLED,ARS,57900.0,12159.0,900.0,70959.0
11958,223,123,2,4,4,544,FULFILLED,ARS,10584.0,2222.64,0.0,12806.64
11959,406,580,1,,512,,FULFILLED,ARS,90510.0,19007.1,1500.0,111017.1
11960,395,222,2,2,2,946,FULFILLED,ARS,32400.0,6804.0,0.0,39204.0
11961,346,1045,2,1,1,628,CREATED,ARS,21600.0,4536.0,0.0,26136.0
11962,575,1477,2,2,2,1577,PAID,ARS,12540.0,2633.4,0.0,15173.4
11963,150,27,1,,1809,586,FULFILLED,ARS,30000.0,6300.0,1200.0,37500.0
11964,2,607,2,1,1,,FULFILLED,ARS,47280.0,9928.8,0.0,57208.8
11965,500,994,2,1,1,2736,FULFILLED,ARS,37620.0,7900.2,0.0,45520.2
11966,370,1272,1,,1103,794,FULFILLED,ARS,21600.0,4536.0,900.0,27036.0
11967,423,371,2,2,2,770,FULFILLED,ARS,37044.0,7779.24,0.0,44823.24
11968,296,690,1,,1337,1975,FULFILLED,ARS,11760.0,2469.6,1200.0,15429.6
11969,500,256,1,,808,3172,FULFILLED,ARS,27000.0,5670.0,900.0,33570.0
11970,505,1110,1,,835,50,FULFILLED,ARS,28500.0,5985.0,1200.0,35685.0
11971,627,951,1,,2353,1583,FULFILLED,ARS,37800.0,7938.0,1200.0,46938.0
11972,560,631,1,,45,1002,PAID,ARS,10800.0,2268.0,900.0,13968.0
11973,569,1217,2,1,1,594,FULFILLED,ARS,78750.0,16537.5,0.0,95287.5
11974,589,520,1,,608,2552,REFUNDED,ARS,23520.0,4939.2,900.0,29359.2
11975,481,1230,1,,1912,617,FULFILLED,ARS,25200.0,5292.0,1200.0,31692.0
11976,308,732,1,,2961,,CREATED,ARS,24000.0,5040.0,900.0,29940.0
11977,455,397,2,3,3,1348,FULFILLED,ARS,15675.0,3291.75,0.0,18966.75
11978,380,626,1,,2383,2406,FULFILLED,ARS,55500.0,11655.0,1500.0,68655.0
11979,290,440,2,4,4,279,REFUNDED,ARS,24000.0,5040.0,0.0,29040.0
11980,4,741,2,1,1,2929,FULFILLED,ARS,35400.0,7434.0,0.0,42834.0
11981,267,972,1,,2138,123,FULFILLED,ARS,43500.0,9135.0,0.0,52635.0
11982,224,213,1,,2854,2133,CANCELLED,ARS,32340.0,6791.4,1500.0,40631.4
11983,50,760,1,,1205,294,PAID,ARS,43650.0,9166.5,1200.0,54016.5
11984,114,35,1,,253,880,FULFILLED,ARS,38520.0,8089.2,900.0,47509.2
11985,150,1308,2,1,1,1867,FULFILLED,ARS,30780.0,6463.8,0.0,37243.8
11986,249,1174,1,,2565,1258,FULFILLED,ARS,92520.0,19429.2,1200.0,113149.2
11987,445,1269,2,4,4,752,FULFILLED,ARS,54510.0,11447.1,0.0,65957.1
11988,201,1147,2,4,4,1262,FULFILLED,ARS,28500.0,5985.0,0.0,34485.0
11989,180,943,1,,2075,2321,CANCELLED,ARS,53268.0,11186.28,900.0,65354.28
11990,478,1334,2,2,2,2657,CANCELLED,ARS,13500.0,2835.0,0.0,16335.0
11991,73,1270,1,,1816,3019,FULFILLED,ARS,29160.0,6123.6,1200.0,36483.6
11992,397,1055,2,4,4,2509,FULFILLED,ARS,13500.0,2835.0,0.0,16335.0
11993,419,1288,1,,2560,780,FULFILLED,ARS,39600.0,8316.0,1200.0,49116.0
11994,271,765,1,,475,2480,FULFILLED,ARS,49530.0,10401.3,900.0,60831.3
11995,203,1392,2,1,1,2921,PAID,ARS,15000.0,3150.0,0.0,18150.0
11996,528,1341,2,4,4,2535,FULFILLED,ARS,27000.0,5670.0,0.0,32670.0
11997,247,425,1,,3169,,FULFILLED,ARS,21168.0,4445.28,0.0,25613.28
11998,490,1095,1,,2822,981,REFUNDED,ARS,64020.0,13444.2,1500.0,78964.2
11999,567,75,2,3,3,86,PAID,ARS,14250.0,2992.5,0.0,17242.5
12000,598,1423,1,,1140,1681,FULFILLED,ARS,55476.0,11649.96,1200.0,68325.96
