order_item_sk,order_date_sk,customer_sk,channel_sk,store_sk,bill_addr_sk,product_sk,quantity,unit_price,discount_amount,line_total
1,331,356,1,,1914,2,2,15000.0,0.0,30000.0
2,331,356,1,,1914,1,2,12000.0,2400.0,21600.0
3,31,601,1,,2807,1,1,12000.0,240.0,11760.0
4,31,601,1,,2807,2,2,15000.0,600.0,29400.0
5,31,601,1,,2807,1,2,12600.0,2520.0,22680.0
6,423,1234,1,,130,1,1,12000.0,240.0,11760.0
7,423,1234,1,,130,2,1,15000.0,1500.0,13500.0
8,426,156,1,,2669,1,1,12000.0,1200.0,10800.0
9,426,156,1,,2669,2,1,15000.0,300.0,14700.0
10,90,616,2,4,297,2,2,15750.0,1575.0,29925.0
11,90,616,2,4,297,2,1,15000.0,750.0,14250.0
12,72,614,2,2,727,1,2,12000.0,0.0,24000.0
13,562,188,1,,436,2,1,15000.0,750.0,14250.0
14,316,17,1,,,2,1,15000.0,1500.0,13500.0
15,238,1148,1,,1022,1,3,12000.0,0.0,36000.0
16,238,1148,1,,1022,2,3,15000.0,4500.0,40500.0
17,238,1148,1,,1022,1,1,12600.0,0.0,12600.0
18,90,1037,1,,101,2,1,13500.0,675.0,12825.0
19,73,1336,2,1,,2,1,15000.0,300.0,14700.0
20,534,1239,2,4,1163,2,1,15000.0,300.0,14700.0
21,534,1239,2,4,1163,1,2,10800.0,2160.0,19440.0
22,222,1426,2,3,2393,1,3,12000.0,720.0,35280.0
23,448,862,2,1,346,2,3,15750.0,2362.5,44887.5
24,448,862,2,1,346,1,3,12000.0,1800.0,34200.0
25,448,862,2,1,346,1,2,12000.0,1200.0,22800.0
26,596,181,1,,1242,1,1,12000.0,240.0,11760.0
27,259,700,1,,2272,1,2,12000.0,480.0,23520.0
28,605,475,1,,589,1,2,12600.0,2520.0,22680.0
29,416,753,2,2,2056,2,2,15750.0,630.0,30870.0
30,416,753,2,2,2056,1,3,12000.0,0.0,36000.0
31,196,1151,1,,1716,2,1,13500.0,270.0,13230.0
32,196,1151,1,,1716,1,2,13200.0,2640.0,23760.0
33,196,1151,1,,1716,2,3,15000.0,0.0,45000.0
34,477,793,1,,1527,1,3,12600.0,756.0,37044.0
35,127,866,1,,2937,2,3,16500.0,0.0,49500.0
36,632,1110,1,,2250,1,2,12000.0,480.0,23520.0
37,91,854,2,1,1466,1,2,12000.0,0.0,24000.0
38,552,379,2,3,2102,2,2,15000.0,600.0,29400.0
39,552,379,2,3,2102,1,1,12000.0,0.0,12000.0
40,552,379,2,3,2102,2,2,15000.0,3000.0,27000.0
41,427,441,2,2,532,1,1,12000.0,240.0,11760.0
42,604,125,1,,1985,2,3,15750.0,2362.5,44887.5
43,604,125,1,,1985,1,2,12600.0,0.0,25200.0
44,347,1201,1,,3168,2,1,15000.0,1500.0,13500.0
45,337,1055,1,,2325,1,2,12000.0,1200.0,22800.0
46,138,382,1,,342,1,1,12000.0,0.0,12000.0
47,623,1456,1,,414,2,2,16500.0,660.0,32340.0
48,623,1456,1,,414,1,3,12000.0,3600.0,32400.0
49,526,1377,2,4,2585,1,3,12000.0,1800.0,34200.0
50,496,1375,2,4,928,1,2,12000.0,480.0,23520.0
51,440,821,1,,2185,2,2,15000.0,3000.0,27000.0
52,160,1475,2,4,2316,2,1,15000.0,300.0,14700.0
53,322,634,2,2,1160,2,3,15750.0,2362.5,44887.5
54,322,634,2,2,1160,2,3,15000.0,4500.0,40500.0
55,12,585,2,1,2440,1,2,12000.0,2400.0,21600.0
56,268,180,1,,3142,1,2,12000.0,1200.0,22800.0
57,268,180,1,,3142,2,2,15000.0,3000.0,27000.0
58,26,482,1,,1548,1,2,12600.0,504.0,24696.0
59,33,620,2,1,307,1,1,12000.0,240.0,11760.0
60,144,603,2,1,3134,1,3,10800.0,3240.0,29160.0
61,144,603,2,1,3134,2,2,15000.0,0.0,30000.0
62,64,1028,1,,2288,1,1,12000.0,600.0,11400.0
63,14,1005,2,3,,2,1,15000.0,750.0,14250.0
64,14,1005,2,3,,1,1,10800.0,540.0,10260.0
65,271,790,1,,742,1,1,10800.0,540.0,10260.0
66,142,665,1,,2230,1,3,13200.0,0.0,39600.0
67,611,562,1,,,2,2,15000.0,600.0,29400.0
68,611,562,1,,,2,3,15000.0,900.0,44100.0
69,32,998,1,,2030,1,3,12000.0,0.0,36000.0
70,12,276,1,,,2,2,16500.0,0.0,33000.0
71,68,1469,2,2,,1,1,12000.0,1200.0,10800.0
72,257,408,2,2,2369,1,2,12000.0,480.0,23520.0
73,224,1360,2,2,178,2,3,13500.0,0.0,40500.0
74,207,1423,1,,1107,2,2,15000.0,1500.0,28500.0
75,259,741,1,,1344,2,2,15750.0,630.0,30870.0
76,309,969,1,,,1,3,12000.0,720.0,35280.0
77,309,969,1,,,1,3,12000.0,720.0,35280.0
78,223,729,1,,2599,2,2,15000.0,3000.0,27000.0
79,76,251,2,4,2469,1,1,12600.0,252.0,12348.0
80,570,1087,2,1,2309,2,3,15000.0,2250.0,42750.0
81,468,659,1,,2450,1,2,12000.0,0.0,24000.0
82,468,659,1,,2450,2,3,16500.0,2475.0,47025.0
83,418,338,2,4,630,2,1,15000.0,750.0,14250.0
84,418,338,2,4,630,2,1,15750.0,1575.0,14175.0
85,265,1068,1,,3,2,1,16500.0,1650.0,14850.0
86,265,1068,1,,3,2,2,15000.0,1500.0,28500.0
87,183,958,1,,1977,1,3,12000.0,1800.0,34200.0
88,183,958,1,,1977,2,2,15000.0,0.0,30000.0
89,56,428,2,4,337,1,3,10800.0,3240.0,29160.0
90,426,1337,1,,298,1,1,12000.0,0.0,12000.0
91,358,1442,2,3,696,2,3,15000.0,0.0,45000.0
92,151,939,1,,3172,1,3,12600.0,756.0,37044.0
93,429,1409,1,,3175,2,1,16500.0,1650.0,14850.0
94,261,1062,1,,2637,1,3,12000.0,720.0,35280.0
95,26,988,1,,1191,1,3,12000.0,720.0,35280.0
96,467,778,1,,1602,2,1,15000.0,300.0,14700.0
97,336,77,1,,1747,2,1,15750.0,315.0,15435.0
98,336,77,1,,1747,1,2,12000.0,0.0,24000.0
99,336,77,1,,1747,2,3,15000.0,0.0,45000.0
100,164,700,1,,1472,2,3,15000.0,900.0,44100.0
101,572,425,1,,2747,1,1,12000.0,0.0,12000.0
102,204,1271,2,3,1522,1,1,12000.0,240.0,11760.0
103,33,1129,1,,2125,2,1,13500.0,675.0,12825.0
104,342,1224,1,,485,2,1,15750.0,315.0,15435.0
105,349,446,1,,3072,1,2,12600.0,1260.0,23940.0
106,349,446,1,,3072,1,3,12000.0,3600.0,32400.0
107,447,867,1,,1944,2,2,15000.0,600.0,29400.0
108,61,127,1,,423,1,2,12000.0,480.0,23520.0
109,339,874,2,1,208,1,2,12000.0,480.0,23520.0
110,375,814,1,,374,2,1,15000.0,750.0,14250.0
111,375,814,1,,374,1,2,13200.0,0.0,26400.0
112,625,1189,1,,2306,1,1,10800.0,0.0,10800.0
113,625,1189,1,,2306,1,2,12000.0,2400.0,21600.0
114,316,584,1,,2170,2,1,15000.0,300.0,14700.0
115,399,1433,1,,2160,1,2,12000.0,1200.0,22800.0
116,399,1433,1,,2160,2,2,15000.0,0.0,30000.0
117,630,670,1,,2091,1,3,12000.0,1800.0,34200.0
118,41,464,1,,2869,2,1,16500.0,0.0,16500.0
119,41,464,1,,2869,1,2,12000.0,2400.0,21600.0
120,330,535,1,,,2,1,15000.0,0.0,15000.0
121,426,655,1,,2539,1,1,12600.0,252.0,12348.0
122,596,833,1,,855,1,1,12000.0,1200.0,10800.0
123,348,490,1,,1319,1,1,12000.0,600.0,11400.0
124,34,360,1,,104,2,2,15000.0,600.0,29400.0
125,34,360,1,,104,2,2,15000.0,3000.0,27000.0
126,535,1227,1,,2146,2,1,15000.0,750.0,14250.0
127,27,624,1,,2890,1,2,12000.0,0.0,24000.0
128,27,624,1,,2890,2,1,13500.0,675.0,12825.0
129,48,228,1,,1743,2,3,15750.0,2362.5,44887.5
130,48,228,1,,1743,2,3,15750.0,945.0,46305.0
131,165,770,1,,530,2,2,15000.0,0.0,30000.0
132,319,54,2,2,2329,2,3,15000.0,0.0,45000.0
133,319,54,2,2,2329,1,2,12000.0,0.0,24000.0
134,319,54,2,2,2329,2,1,16500.0,825.0,15675.0
135,362,1006,2,4,2237,1,3,12000.0,1800.0,34200.0
136,362,1006,2,4,2237,2,3,13500.0,0.0,40500.0
137,634,247,1,,1236,2,3,16500.0,990.0,48510.0
138,509,1127,2,3,1319,1,3,12000.0,720.0,35280.0
139,164,757,2,2,2453,2,1,15750.0,315.0,15435.0
140,382,520,1,,3135,1,3,12600.0,1890.0,35910.0
141,58,258,1,,1515,1,1,12000.0,0.0,12000.0
142,212,467,1,,1636,1,1,10800.0,0.0,10800.0
143,212,467,1,,1636,1,1,12600.0,252.0,12348.0
144,90,3,1,,2640,1,3,12000.0,0.0,36000.0
145,324,334,1,,2620,1,3,12000.0,720.0,35280.0
146,85,802,2,3,553,1,3,10800.0,1620.0,30780.0
147,83,999,1,,255,2,2,15000.0,0.0,30000.0
148,133,176,1,,462,1,2,12000.0,2400.0,21600.0
149,405,801,1,,607,2,1,15000.0,0.0,15000.0
150,143,1113,1,,751,1,3,12600.0,3780.0,34020.0
151,551,810,2,4,,2,3,15750.0,945.0,46305.0
152,113,581,2,4,704,1,2,12000.0,2400.0,21600.0
153,113,581,2,4,704,1,1,12000.0,600.0,11400.0
154,521,1284,2,2,3026,1,2,12000.0,480.0,23520.0
155,521,1284,2,2,3026,2,3,16500.0,4950.0,44550.0
156,355,1333,1,,2902,2,1,15750.0,315.0,15435.0
157,425,24,2,2,806,1,3,12600.0,3780.0,34020.0
158,425,24,2,2,806,2,3,15000.0,2250.0,42750.0
159,21,1222,2,1,1895,1,1,13200.0,264.0,12936.0
160,261,63,2,1,2180,1,1,10800.0,1080.0,9720.0
161,50,1078,1,,2864,1,2,12000.0,2400.0,21600.0
162,183,1091,1,,2787,1,3,13200.0,0.0,39600.0
163,385,524,1,,3173,1,2,12000.0,0.0,24000.0
164,594,1229,1,,1458,1,3,13200.0,792.0,38808.0
165,563,458,2,4,2845,2,1,15000.0,300.0,14700.0
166,109,68,1,,1466,1,1,12000.0,240.0,11760.0
167,355,959,2,4,2706,1,3,13200.0,1980.0,37620.0
168,608,356,2,1,3167,1,3,12000.0,0.0,36000.0
169,541,530,1,,1284,2,1,15000.0,300.0,14700.0
170,37,1420,1,,1268,1,1,10800.0,216.0,10584.0
171,37,1420,1,,1268,2,3,15000.0,900.0,44100.0
172,191,279,2,3,954,2,3,15000.0,4500.0,40500.0
173,191,279,2,3,954,1,1,12000.0,1200.0,10800.0
174,164,779,2,3,206,2,1,15000.0,0.0,15000.0
175,59,1383,1,,3141,2,2,15000.0,1500.0,28500.0
176,59,1383,1,,3141,2,2,15750.0,3150.0,28350.0
177,476,1189,1,,885,1,1,10800.0,1080.0,9720.0
178,476,1189,1,,885,2,3,15000.0,4500.0,40500.0
179,476,1189,1,,885,1,3,12000.0,3600.0,32400.0
180,626,1016,1,,1995,1,3,12000.0,720.0,35280.0
181,626,1016,1,,1995,2,2,15000.0,3000.0,27000.0
182,507,595,2,3,164,2,1,13500.0,1350.0,12150.0
183,25,902,2,4,2020,1,3,13200.0,0.0,39600.0
184,208,317,1,,2601,2,2,13500.0,540.0,26460.0
185,166,1229,2,2,,2,1,15000.0,0.0,15000.0
186,6,279,2,3,63,1,3,12000.0,720.0,35280.0
187,6,279,2,3,63,2,2,15000.0,3000.0,27000.0
188,151,1498,2,4,2609,1,1,12000.0,600.0,11400.0
189,151,1498,2,4,2609,1,2,10800.0,0.0,21600.0
190,386,140,1,,2026,2,2,15000.0,1500.0,28500.0
191,320,1115,1,,462,1,1,12000.0,240.0,11760.0
192,3,1240,1,,1477,1,3,12000.0,1800.0,34200.0
193,97,590,1,,1328,2,1,15000.0,1500.0,13500.0
194,414,645,2,3,1878,2,1,13500.0,270.0,13230.0
195,335,545,2,1,2477,1,1,13200.0,1320.0,11880.0
196,542,1208,1,,3064,2,1,15000.0,750.0,14250.0
197,542,1208,1,,3064,1,1,13200.0,264.0,12936.0
198,542,1208,1,,3064,1,2,12000.0,480.0,23520.0
199,158,551,2,1,1113,1,3,12000.0,1800.0,34200.0
200,158,551,2,1,1113,1,3,12000.0,3600.0,32400.0
201,40,569,2,1,214,2,2,16500.0,3300.0,29700.0
202,566,1305,1,,,2,2,15000.0,0.0,30000.0
203,126,280,1,,194,2,3,15750.0,2362.5,44887.5
204,126,280,1,,194,1,3,12600.0,0.0,37800.0
205,342,1338,1,,,2,2,16500.0,660.0,32340.0
206,342,1338,1,,,2,2,15000.0,3000.0,27000.0
207,538,84,1,,592,1,3,12000.0,720.0,35280.0
208,387,655,1,,81,2,1,15000.0,1500.0,13500.0
209,516,513,2,4,3049,2,2,16500.0,660.0,32340.0
210,107,884,2,3,849,1,3,12000.0,720.0,35280.0
211,8,385,2,2,1553,1,1,10800.0,1080.0,9720.0
212,527,723,2,2,752,1,1,12000.0,1200.0,10800.0
213,183,110,2,1,2113,2,3,15750.0,4725.0,42525.0
214,43,1197,1,,2708,1,1,12000.0,0.0,12000.0
215,303,833,2,2,1194,2,3,15000.0,2250.0,42750.0
216,392,371,2,3,1185,1,1,12000.0,0.0,12000.0
217,392,371,2,3,1185,2,3,15750.0,0.0,47250.0
218,115,905,2,1,1807,2,2,15000.0,0.0,30000.0
219,196,389,1,,3180,1,1,12600.0,252.0,12348.0
220,165,1299,2,4,,2,2,15000.0,600.0,29400.0
221,295,725,1,,,2,3,15000.0,0.0,45000.0
222,578,645,2,4,161,1,2,12000.0,1200.0,22800.0
223,55,584,1,,984,1,2,10800.0,0.0,21600.0
224,419,436,1,,3083,1,3,12000.0,0.0,36000.0
225,419,436,1,,3083,2,2,15000.0,3000.0,27000.0
226,605,293,1,,2895,1,2,12000.0,480.0,23520.0
227,574,1065,1,,,2,1,15000.0,1500.0,13500.0
228,574,1065,1,,,2,2,15750.0,1575.0,29925.0
229,384,1234,1,,1645,2,1,13500.0,675.0,12825.0
230,384,1234,1,,1645,1,1,10800.0,540.0,10260.0
231,384,1234,1,,1645,1,2,12000.0,0.0,24000.0
232,57,400,1,,2133,2,3,13500.0,0.0,40500.0
233,190,251,1,,,1,1,12000.0,1200.0,10800.0
234,89,764,2,4,,2,2,15000.0,0.0,30000.0
235,424,1490,1,,2733,1,1,12000.0,240.0,11760.0
236,128,181,1,,607,1,2,12000.0,1200.0,22800.0
237,533,693,1,,1849,2,2,15750.0,0.0,31500.0
238,251,672,2,2,2475,1,1,12000.0,240.0,11760.0
239,152,786,1,,1699,1,1,12000.0,0.0,12000.0
240,422,1347,2,2,1260,2,1,16500.0,1650.0,14850.0
241,328,628,1,,,2,1,13500.0,675.0,12825.0
242,489,1485,2,2,3036,2,1,15000.0,1500.0,13500.0
243,590,805,1,,1866,2,3,15000.0,900.0,44100.0
244,590,805,1,,1866,2,2,15000.0,1500.0,28500.0
245,142,445,1,,2685,1,2,12600.0,0.0,25200.0
246,317,560,1,,2249,1,2,12000.0,480.0,23520.0
247,252,403,1,,1525,1,2,13200.0,1320.0,25080.0
248,300,693,2,1,1838,2,2,13500.0,0.0,27000.0
249,497,274,2,2,2613,2,1,15000.0,1500.0,13500.0
250,200,804,1,,600,1,3,12600.0,756.0,37044.0
251,200,804,1,,600,1,2,12000.0,1200.0,22800.0
252,212,1495,1,,2585,1,1,12000.0,600.0,11400.0
253,409,48,2,1,2002,1,3,12000.0,3600.0,32400.0
254,601,661,2,3,2869,2,2,15000.0,3000.0,27000.0
255,123,984,1,,3020,1,3,12600.0,756.0,37044.0
256,157,1384,1,,1811,1,1,12000.0,240.0,11760.0
257,625,788,1,,1179,2,3,15000.0,4500.0,40500.0
258,625,788,1,,1179,1,1,12000.0,1200.0,10800.0
259,625,788,1,,1179,1,3,12600.0,756.0,37044.0
260,68,456,2,2,1133,1,1,12000.0,0.0,12000.0
261,46,427,1,,,1,3,12000.0,3600.0,32400.0
262,622,866,1,,913,1,1,12000.0,1200.0,10800.0
263,622,866,1,,913,1,3,12000.0,1800.0,34200.0
264,425,371,1,,352,2,1,15000.0,1500.0,13500.0
265,425,371,1,,352,2,2,16500.0,660.0,32340.0
266,592,1000,1,,1481,2,2,15000.0,0.0,30000.0
267,100,1404,1,,2536,1,1,12000.0,1200.0,10800.0
268,34,1159,1,,,1,3,10800.0,3240.0,29160.0
269,444,1040,1,,,1,2,13200.0,0.0,26400.0
270,444,1040,1,,,1,2,12000.0,2400.0,21600.0
271,269,464,1,,2887,1,1,12000.0,1200.0,10800.0
272,269,464,1,,2887,1,1,12000.0,1200.0,10800.0
273,321,166,1,,1631,1,1,12600.0,0.0,12600.0
274,321,166,1,,1631,2,2,15750.0,3150.0,28350.0
275,452,1056,2,3,1262,1,3,12000.0,0.0,36000.0
276,322,925,2,3,2299,1,3,12000.0,3600.0,32400.0
277,393,488,1,,678,2,1,15000.0,1500.0,13500.0
278,393,488,1,,678,2,2,15000.0,3000.0,27000.0
279,274,903,1,,459,2,1,15000.0,300.0,14700.0
280,573,70,1,,1448,1,2,12000.0,480.0,23520.0
281,493,1459,1,,,1,1,12600.0,252.0,12348.0
282,467,500,2,2,1838,2,3,16500.0,4950.0,44550.0
283,459,361,1,,370,1,2,12600.0,0.0,25200.0
284,445,476,1,,683,2,1,15000.0,1500.0,13500.0
285,566,1400,2,1,1780,1,3,12000.0,720.0,35280.0
286,566,1400,2,1,1780,2,2,15750.0,0.0,31500.0
287,415,945,1,,106,1,1,12000.0,240.0,11760.0
288,107,1443,1,,1390,2,1,15750.0,0.0,15750.0
289,201,1430,1,,2114,1,2,12600.0,2520.0,22680.0
290,29,1330,1,,613,2,3,13500.0,2025.0,38475.0
291,29,1330,1,,613,1,1,13200.0,660.0,12540.0
292,496,274,1,,3105,2,1,16500.0,825.0,15675.0
293,96,1251,2,2,455,2,1,15750.0,787.5,14962.5
294,96,1251,2,2,455,2,3,15000.0,0.0,45000.0
295,186,176,1,,299,1,1,10800.0,540.0,10260.0
296,186,176,1,,299,1,2,12000.0,2400.0,21600.0
297,164,42,2,2,1205,1,1,12000.0,1200.0,10800.0
298,164,42,2,2,1205,1,3,12000.0,1800.0,34200.0
299,630,582,1,,1139,1,1,12000.0,600.0,11400.0
300,493,4,2,1,73,1,2,12000.0,480.0,23520.0
301,243,569,2,2,2286,1,2,12000.0,2400.0,21600.0
302,359,157,2,1,708,1,2,12600.0,2520.0,22680.0
303,447,649,1,,230,2,3,15000.0,4500.0,40500.0
304,583,1230,1,,55,1,3,12600.0,3780.0,34020.0
305,198,197,1,,3115,1,3,10800.0,3240.0,29160.0
306,199,731,1,,1940,1,3,12000.0,720.0,35280.0
307,452,506,1,,2901,1,3,12000.0,720.0,35280.0
308,466,751,2,2,3016,2,1,15000.0,1500.0,13500.0
309,364,485,1,,201,1,3,12000.0,3600.0,32400.0
310,160,823,1,,2287,2,3,15750.0,0.0,47250.0
311,418,680,1,,2906,1,1,13200.0,264.0,12936.0
312,418,680,1,,2906,1,2,12000.0,0.0,24000.0
313,324,417,1,,531,2,1,15000.0,0.0,15000.0
314,514,677,1,,1685,1,2,12000.0,480.0,23520.0
315,276,1327,2,2,2411,1,2,12000.0,2400.0,21600.0
316,370,593,2,1,,1,1,12000.0,0.0,12000.0
317,370,593,2,1,,1,1,12000.0,0.0,12000.0
318,319,606,2,1,1048,1,3,12000.0,0.0,36000.0
319,447,137,2,2,2139,1,2,10800.0,432.0,21168.0
320,51,487,1,,1298,1,1,12600.0,630.0,11970.0
321,51,487,1,,1298,2,3,13500.0,810.0,39690.0
322,294,909,1,,179,2,2,15000.0,3000.0,27000.0
323,294,909,1,,179,1,1,12000.0,0.0,12000.0
324,285,179,2,1,2962,2,2,15000.0,3000.0,27000.0
325,285,179,2,1,2962,1,3,12000.0,3600.0,32400.0
326,593,183,1,,1611,1,3,12600.0,756.0,37044.0
327,525,536,1,,2922,2,1,16500.0,0.0,16500.0
328,257,1341,2,1,,1,2,10800.0,1080.0,20520.0
329,494,378,2,1,,2,1,15000.0,300.0,14700.0
330,494,378,2,1,,2,2,13500.0,1350.0,25650.0
331,636,548,1,,476,1,3,12000.0,0.0,36000.0
332,636,548,1,,476,2,2,13500.0,1350.0,25650.0
333,337,757,1,,116,2,1,15750.0,315.0,15435.0
334,300,522,2,4,2139,1,1,12000.0,1200.0,10800.0
335,110,1384,2,3,290,1,3,13200.0,0.0,39600.0
336,265,473,1,,1994,2,3,15750.0,4725.0,42525.0
337,75,1316,2,3,1075,1,3,12000.0,1800.0,34200.0
338,62,1356,2,1,1674,2,3,15000.0,900.0,44100.0
339,479,266,1,,597,1,2,12600.0,504.0,24696.0
340,479,266,1,,597,1,2,12000.0,2400.0,21600.0
341,287,1359,2,2,1810,1,2,10800.0,432.0,21168.0
342,226,843,1,,1968,2,1,15000.0,300.0,14700.0
343,275,599,1,,83,1,2,12000.0,480.0,23520.0
344,516,1048,2,1,723,2,2,15000.0,600.0,29400.0
345,516,1048,2,1,723,2,2,15000.0,1500.0,28500.0
346,361,319,1,,1480,2,2,15000.0,1500.0,28500.0
347,613,846,1,,661,1,2,13200.0,528.0,25872.0
348,347,1491,1,,3128,2,2,16500.0,0.0,33000.0
349,592,79,1,,1306,1,2,12000.0,0.0,24000.0
350,323,748,1,,862,1,3,12000.0,720.0,35280.0
351,366,537,1,,987,2,3,15000.0,4500.0,40500.0
352,597,303,2,2,2401,1,1,12600.0,1260.0,11340.0
353,597,303,2,2,2401,2,3,15750.0,945.0,46305.0
354,118,1065,1,,1988,1,3,13200.0,0.0,39600.0
355,118,1065,1,,1988,1,1,13200.0,264.0,12936.0
356,493,606,1,,2324,1,2,12000.0,480.0,23520.0
357,493,606,1,,2324,2,1,16500.0,825.0,15675.0
358,60,553,1,,1948,2,2,15000.0,3000.0,27000.0
359,439,656,1,,1668,1,1,12000.0,600.0,11400.0
360,287,786,1,,54,2,3,15750.0,945.0,46305.0
361,287,786,1,,54,1,2,12000.0,1200.0,22800.0
362,47,663,2,1,1839,1,1,12000.0,240.0,11760.0
363,43,833,1,,1046,1,3,12000.0,720.0,35280.0
364,43,833,1,,1046,1,3,12000.0,0.0,36000.0
365,299,844,1,,2889,1,2,13200.0,0.0,26400.0
366,61,720,1,,1437,1,3,12000.0,720.0,35280.0
367,272,169,2,1,2353,1,2,12000.0,0.0,24000.0
368,272,169,2,1,2353,2,3,13500.0,810.0,39690.0
369,173,969,1,,95,1,1,12000.0,1200.0,10800.0
370,173,969,1,,95,1,1,12000.0,1200.0,10800.0
371,512,268,2,4,2908,1,2,12000.0,0.0,24000.0
372,288,122,2,1,3023,2,2,15000.0,0.0,30000.0
373,288,122,2,1,3023,1,1,12000.0,0.0,12000.0
374,429,617,1,,164,1,2,10800.0,0.0,21600.0
375,593,608,1,,1523,2,3,15000.0,900.0,44100.0
376,202,732,2,1,1458,2,1,15000.0,300.0,14700.0
377,202,732,2,1,1458,1,1,12600.0,0.0,12600.0
378,436,211,1,,600,1,2,12000.0,1200.0,22800.0
379,436,211,1,,600,1,2,10800.0,432.0,21168.0
380,363,475,1,,432,1,2,10800.0,2160.0,19440.0
381,568,949,1,,1549,2,1,13500.0,675.0,12825.0
382,69,426,2,2,2971,2,2,15000.0,0.0,30000.0
383,69,426,2,2,2971,2,2,15000.0,1500.0,28500.0
384,304,386,1,,1037,2,1,15000.0,0.0,15000.0
385,193,500,1,,1798,2,2,15000.0,600.0,29400.0
386,534,677,2,1,1764,2,3,15000.0,2250.0,42750.0
387,398,33,2,1,2085,1,1,12000.0,240.0,11760.0
388,423,194,1,,1296,2,3,15750.0,0.0,47250.0
389,423,194,1,,1296,2,2,13500.0,540.0,26460.0
390,309,78,1,,3031,1,1,12000.0,240.0,11760.0
391,309,78,1,,3031,2,3,13500.0,4050.0,36450.0
392,309,78,1,,3031,1,3,13200.0,1980.0,37620.0
393,291,102,1,,825,2,3,16500.0,2475.0,47025.0
394,485,1072,2,4,2657,2,1,15000.0,300.0,14700.0
395,485,1072,2,4,2657,1,1,12600.0,630.0,11970.0
396,599,754,1,,3164,1,2,12000.0,2400.0,21600.0
397,113,195,1,,46,1,3,12000.0,0.0,36000.0
398,452,862,2,4,433,1,2,10800.0,1080.0,20520.0
399,180,240,2,2,491,2,1,15000.0,0.0,15000.0
400,589,682,2,1,761,2,3,15000.0,900.0,44100.0
401,309,849,2,1,536,1,3,12000.0,1800.0,34200.0
402,127,807,2,3,,1,3,12000.0,0.0,36000.0
403,324,901,1,,,1,3,12000.0,3600.0,32400.0
404,324,901,1,,,1,1,12000.0,240.0,11760.0
405,127,61,1,,,1,2,12000.0,0.0,24000.0
406,585,1082,1,,1246,2,2,13500.0,0.0,27000.0
407,585,1082,1,,1246,2,2,16500.0,3300.0,29700.0
408,76,1286,2,3,3149,1,3,12000.0,3600.0,32400.0
409,75,1416,1,,1586,2,1,15000.0,1500.0,13500.0
410,75,1416,1,,1586,2,3,15750.0,2362.5,44887.5
411,75,1416,1,,1586,2,3,13500.0,810.0,39690.0
412,469,979,1,,2941,1,2,12600.0,0.0,25200.0
413,120,800,1,,959,2,3,15000.0,2250.0,42750.0
414,120,800,1,,959,1,2,13200.0,0.0,26400.0
415,256,800,1,,920,2,1,15000.0,1500.0,13500.0
416,87,757,1,,802,2,1,15000.0,1500.0,13500.0
417,100,1194,2,1,2964,1,3,12600.0,0.0,37800.0
418,370,673,1,,,1,2,12000.0,2400.0,21600.0
419,373,1266,2,2,2233,2,2,15750.0,1575.0,29925.0
420,420,7,2,2,2850,2,2,15750.0,1575.0,29925.0
421,505,1040,2,3,148,2,3,15000.0,0.0,45000.0
422,505,1040,2,3,148,2,1,15000.0,750.0,14250.0
423,289,873,1,,1127,2,1,15000.0,0.0,15000.0
424,289,873,1,,1127,1,1,12000.0,240.0,11760.0
425,491,1336,1,,386,2,1,15750.0,1575.0,14175.0
426,491,1336,1,,386,2,2,15000.0,0.0,30000.0
427,483,708,2,1,1521,2,1,15750.0,1575.0,14175.0
428,483,708,2,1,1521,2,3,15000.0,0.0,45000.0
429,229,380,1,,4,2,2,16500.0,3300.0,29700.0
430,280,634,2,4,2997,1,1,12600.0,0.0,12600.0
431,111,578,1,,2574,1,1,12000.0,240.0,11760.0
432,596,1479,1,,2062,2,1,15000.0,750.0,14250.0
433,596,1479,1,,2062,2,1,15000.0,0.0,15000.0
434,580,1399,1,,1855,2,3,15000.0,900.0,44100.0
435,580,1399,1,,1855,2,2,16500.0,0.0,33000.0
436,325,522,2,4,2659,1,3,10800.0,1620.0,30780.0
437,457,247,2,1,752,1,2,10800.0,1080.0,20520.0
438,457,247,2,1,752,1,2,12600.0,504.0,24696.0
439,377,96,2,4,193,2,2,16500.0,0.0,33000.0
440,377,96,2,4,193,1,2,12600.0,504.0,24696.0
441,288,798,2,2,,1,2,13200.0,2640.0,23760.0
442,168,21,1,,2288,1,3,12000.0,1800.0,34200.0
443,168,21,1,,2288,1,3,12000.0,720.0,35280.0
444,375,1236,1,,1582,1,2,12600.0,504.0,24696.0
445,407,130,1,,1458,2,3,13500.0,2025.0,38475.0
446,407,130,1,,1458,2,2,15000.0,1500.0,28500.0
447,75,169,1,,2389,1,3,13200.0,3960.0,35640.0
448,349,973,2,2,2436,1,2,12000.0,0.0,24000.0
449,359,1449,1,,2195,2,3,15000.0,4500.0,40500.0
450,359,1449,1,,2195,2,1,15750.0,315.0,15435.0
451,626,210,1,,3168,1,3,12000.0,0.0,36000.0
452,626,210,1,,3168,2,1,15000.0,300.0,14700.0
453,351,737,1,,2218,1,1,13200.0,264.0,12936.0
454,493,1350,1,,1764,1,2,12000.0,480.0,23520.0
455,493,1350,1,,1764,1,3,12000.0,1800.0,34200.0
456,41,170,1,,1984,2,3,16500.0,990.0,48510.0
457,41,170,1,,1984,1,1,12000.0,600.0,11400.0
458,201,217,1,,2687,1,1,12000.0,0.0,12000.0
459,201,217,1,,2687,1,2,13200.0,0.0,26400.0
460,256,254,1,,2749,2,1,15000.0,1500.0,13500.0
461,82,1400,1,,722,2,2,13500.0,540.0,26460.0
462,82,1400,1,,722,1,1,12000.0,240.0,11760.0
463,494,1213,1,,1905,2,3,15000.0,900.0,44100.0
464,218,1410,1,,167,1,1,12000.0,1200.0,10800.0
465,356,128,2,2,2350,1,2,12600.0,0.0,25200.0
466,280,499,1,,1440,2,1,15000.0,750.0,14250.0
467,224,494,1,,2641,1,1,12600.0,1260.0,11340.0
468,224,494,1,,2641,1,1,12000.0,1200.0,10800.0
469,205,755,1,,561,2,2,16500.0,0.0,33000.0
470,122,518,1,,359,1,3,12600.0,3780.0,34020.0
471,437,1171,2,4,261,1,3,12000.0,1800.0,34200.0
472,231,1261,1,,2085,2,3,15000.0,900.0,44100.0
473,320,468,2,4,2981,1,1,10800.0,540.0,10260.0
474,242,503,1,,803,1,3,12000.0,0.0,36000.0
475,78,1073,2,3,863,1,3,12000.0,720.0,35280.0
476,124,997,2,1,1525,2,2,15000.0,3000.0,27000.0
477,413,435,1,,1597,2,2,15750.0,3150.0,28350.0
478,494,1401,2,4,74,1,3,12000.0,1800.0,34200.0
479,495,202,1,,2684,1,1,13200.0,0.0,13200.0
480,344,920,1,,,2,3,15000.0,4500.0,40500.0
481,522,1101,1,,,2,3,15000.0,900.0,44100.0
482,60,305,1,,1282,1,1,12000.0,240.0,11760.0
483,555,268,1,,2452,2,2,15000.0,1500.0,28500.0
484,191,636,2,3,3010,2,2,15000.0,600.0,29400.0
485,267,736,2,4,3148,1,2,12000.0,1200.0,22800.0
486,267,736,2,4,3148,1,3,10800.0,3240.0,29160.0
487,385,938,1,,1982,1,3,13200.0,3960.0,35640.0
488,385,938,1,,1982,1,2,12000.0,480.0,23520.0
489,227,356,1,,2344,1,3,12000.0,0.0,36000.0
490,159,544,1,,874,1,1,12000.0,600.0,11400.0
491,596,952,2,2,3061,1,2,12600.0,504.0,24696.0
492,598,1016,1,,2287,1,3,12000.0,1800.0,34200.0
493,598,1016,1,,2287,1,3,12000.0,3600.0,32400.0
494,562,1183,1,,1945,2,3,15750.0,945.0,46305.0
495,475,1154,1,,2955,2,2,13500.0,0.0,27000.0
496,307,1056,1,,1505,1,2,12000.0,2400.0,21600.0
497,346,666,2,1,1635,1,3,12000.0,3600.0,32400.0
498,596,1010,2,2,325,2,2,15750.0,1575.0,29925.0
499,15,977,1,,1694,2,2,15000.0,0.0,30000.0
500,234,172,1,,683,1,1,12600.0,630.0,11970.0
501,49,1179,1,,1331,1,1,12600.0,0.0,12600.0
502,470,1048,2,2,3000,2,3,15000.0,900.0,44100.0
503,541,480,1,,2379,2,1,15750.0,1575.0,14175.0
504,350,164,2,2,833,2,3,15000.0,2250.0,42750.0
505,215,902,2,1,1027,2,2,15000.0,0.0,30000.0
506,614,1096,1,,254,2,3,13500.0,810.0,39690.0
507,532,1208,1,,1379,1,1,10800.0,0.0,10800.0
508,165,538,2,2,,2,2,16500.0,660.0,32340.0
509,165,538,2,2,,2,2,13500.0,2700.0,24300.0
510,504,695,1,,1944,2,2,15750.0,0.0,31500.0
511,504,695,1,,1944,1,3,12600.0,3780.0,34020.0
512,173,766,1,,1019,2,2,15000.0,0.0,30000.0
513,325,295,2,2,236,2,2,16500.0,3300.0,29700.0
514,325,295,2,2,236,2,1,13500.0,675.0,12825.0
515,525,864,1,,1406,1,3,12000.0,720.0,35280.0
516,132,314,2,2,796,2,2,15750.0,3150.0,28350.0
517,132,314,2,2,796,2,1,15000.0,300.0,14700.0
518,132,314,2,2,796,1,3,10800.0,0.0,32400.0
519,297,299,2,1,,2,1,15000.0,750.0,14250.0
520,452,786,1,,2754,1,3,12000.0,0.0,36000.0
521,155,356,1,,2023,2,2,15000.0,1500.0,28500.0
522,155,356,1,,2023,2,1,15000.0,0.0,15000.0
523,124,792,1,,413,1,1,10800.0,540.0,10260.0
524,76,88,1,,770,2,1,15750.0,0.0,15750.0
525,38,1426,1,,,2,1,15000.0,1500.0,13500.0
526,228,1,2,2,1229,2,2,15000.0,600.0,29400.0
527,80,803,2,3,1971,1,1,12000.0,240.0,11760.0
528,578,589,1,,1438,2,3,13500.0,2025.0,38475.0
529,153,1238,2,3,2722,1,3,12600.0,756.0,37044.0
530,227,293,1,,1973,1,3,13200.0,3960.0,35640.0
531,227,293,1,,1973,1,1,12600.0,1260.0,11340.0
532,552,882,1,,2425,1,1,12000.0,0.0,12000.0
533,89,913,1,,400,2,2,15000.0,0.0,30000.0
534,89,913,1,,400,1,3,12000.0,720.0,35280.0
535,277,960,2,2,1347,2,1,15000.0,0.0,15000.0
536,277,960,2,2,1347,1,3,12000.0,3600.0,32400.0
537,438,1084,2,1,2362,1,1,12600.0,0.0,12600.0
538,541,1411,2,2,3100,2,3,13500.0,0.0,40500.0
539,354,889,1,,2167,1,3,13200.0,3960.0,35640.0
540,349,814,1,,2030,2,3,15000.0,0.0,45000.0
541,437,293,1,,582,1,2,13200.0,1320.0,25080.0
542,437,293,1,,582,1,1,12000.0,240.0,11760.0
543,232,1121,1,,1877,2,2,15000.0,600.0,29400.0
544,232,1121,1,,1877,1,3,13200.0,3960.0,35640.0
545,238,696,2,1,1508,2,3,15000.0,2250.0,42750.0
546,543,331,1,,1707,1,1,12000.0,600.0,11400.0
547,543,331,1,,1707,2,1,15000.0,750.0,14250.0
548,317,106,1,,1657,2,2,15750.0,630.0,30870.0
549,612,918,2,2,2640,1,3,12000.0,3600.0,32400.0
550,567,305,1,,,1,3,12000.0,720.0,35280.0
551,313,381,1,,649,2,3,13500.0,2025.0,38475.0
552,324,176,2,3,,1,2,12000.0,480.0,23520.0
553,148,1269,2,2,2017,1,2,12000.0,0.0,24000.0
554,498,128,1,,,1,2,12600.0,0.0,25200.0
555,498,128,1,,,2,1,15000.0,750.0,14250.0
556,486,424,2,2,2976,2,1,15000.0,300.0,14700.0
557,521,7,2,4,788,2,2,16500.0,660.0,32340.0
558,90,105,2,3,2636,1,2,13200.0,0.0,26400.0
559,179,1415,1,,2354,2,2,15000.0,3000.0,27000.0
560,179,1415,1,,2354,1,1,12000.0,600.0,11400.0
561,82,283,1,,2507,2,2,15000.0,1500.0,28500.0
562,82,283,1,,2507,1,3,12600.0,1890.0,35910.0
563,344,1430,2,2,176,1,1,12000.0,600.0,11400.0
564,244,673,1,,140,1,3,12000.0,3600.0,32400.0
565,419,1419,1,,1921,2,2,15000.0,3000.0,27000.0
566,419,1419,1,,1921,2,2,15000.0,1500.0,28500.0
567,526,39,2,1,1882,1,2,12000.0,480.0,23520.0
568,191,189,1,,2762,1,1,12000.0,240.0,11760.0
569,635,526,2,2,,1,1,10800.0,216.0,10584.0
570,192,790,1,,246,1,3,12000.0,0.0,36000.0
571,188,464,1,,2446,2,1,13500.0,1350.0,12150.0
572,188,464,1,,2446,1,2,12000.0,480.0,23520.0
573,50,262,1,,764,2,2,15000.0,600.0,29400.0
574,468,1051,2,1,266,1,3,10800.0,3240.0,29160.0
575,468,1051,2,1,266,2,2,16500.0,3300.0,29700.0
576,394,582,1,,1138,1,3,12600.0,0.0,37800.0
577,615,3,1,,2662,1,3,12600.0,3780.0,34020.0
578,20,678,1,,1624,1,3,13200.0,1980.0,37620.0
579,375,369,1,,1779,1,1,10800.0,0.0,10800.0
580,103,71,1,,2242,1,2,12000.0,0.0,24000.0
581,140,1251,1,,2395,2,3,15000.0,2250.0,42750.0
582,140,1251,1,,2395,2,1,16500.0,330.0,16170.0
583,230,143,2,4,784,1,3,12000.0,0.0,36000.0
584,306,126,1,,,2,3,15000.0,2250.0,42750.0
585,489,945,2,4,1053,2,3,16500.0,990.0,48510.0
586,4,592,1,,332,1,2,12000.0,1200.0,22800.0
587,302,462,2,2,1334,1,1,12600.0,1260.0,11340.0
588,302,462,2,2,1334,2,3,16500.0,0.0,49500.0
589,78,274,1,,1286,1,3,12600.0,756.0,37044.0
590,145,703,2,3,955,2,3,15000.0,900.0,44100.0
591,478,723,2,1,526,2,3,15750.0,4725.0,42525.0
592,478,723,2,1,526,2,1,15000.0,300.0,14700.0
593,478,723,2,1,526,2,3,15000.0,2250.0,42750.0
594,382,310,1,,632,1,3,13200.0,3960.0,35640.0
595,205,410,2,2,698,1,2,12000.0,0.0,24000.0
596,226,495,1,,2611,1,3,12000.0,720.0,35280.0
597,313,457,1,,3154,1,3,12000.0,720.0,35280.0
598,377,852,2,1,2187,1,1,12000.0,600.0,11400.0
599,93,793,1,,1947,2,2,13500.0,540.0,26460.0
600,93,793,1,,1947,2,2,15000.0,0.0,30000.0
601,250,789,1,,,2,1,15750.0,0.0,15750.0
602,101,1075,2,4,2354,2,2,15000.0,1500.0,28500.0
603,425,814,1,,2625,2,3,15750.0,2362.5,44887.5
604,105,1270,1,,830,1,1,12000.0,240.0,11760.0
605,509,442,1,,84,1,3,12000.0,3600.0,32400.0
606,205,1109,1,,2916,2,2,15000.0,3000.0,27000.0
607,205,1109,1,,2916,1,3,12000.0,720.0,35280.0
608,205,1109,1,,2916,1,2,10800.0,0.0,21600.0
609,270,1107,2,4,1550,1,1,13200.0,0.0,13200.0
610,270,1107,2,4,1550,2,3,13500.0,810.0,39690.0
611,270,1107,2,4,1550,2,1,15000.0,300.0,14700.0
612,636,1229,1,,251,2,1,13500.0,675.0,12825.0
613,301,498,1,,,1,2,12000.0,0.0,24000.0
614,301,498,1,,,2,1,15750.0,0.0,15750.0
615,350,738,1,,1255,1,2,13200.0,2640.0,23760.0
616,92,1412,1,,2191,2,1,15750.0,315.0,15435.0
617,84,1462,1,,1267,1,1,12000.0,1200.0,10800.0
618,84,1462,1,,1267,1,1,12600.0,1260.0,11340.0
619,147,167,1,,1158,2,3,15000.0,0.0,45000.0
620,607,1066,1,,545,1,1,12000.0,1200.0,10800.0
621,101,1075,2,1,75,1,3,12600.0,756.0,37044.0
622,218,1393,1,,1078,2,2,16500.0,1650.0,31350.0
623,218,1393,1,,1078,1,2,12000.0,0.0,24000.0
624,218,1393,1,,1078,2,3,15000.0,900.0,44100.0
625,561,181,1,,187,2,1,15000.0,750.0,14250.0
626,561,181,1,,187,2,3,15000.0,4500.0,40500.0
627,368,746,2,2,66,1,3,12000.0,3600.0,32400.0
628,303,1188,1,,1497,1,3,13200.0,1980.0,37620.0
629,528,803,1,,3128,2,3,13500.0,810.0,39690.0
630,39,316,2,2,1278,2,1,15000.0,300.0,14700.0
631,12,56,2,1,317,1,3,12000.0,1800.0,34200.0
632,573,1427,1,,2585,1,1,12600.0,252.0,12348.0
633,424,1172,1,,2875,1,3,12000.0,3600.0,32400.0
634,216,613,2,1,1694,2,1,15000.0,750.0,14250.0
635,500,941,2,2,1578,1,2,12000.0,1200.0,22800.0
636,453,748,1,,264,2,1,15000.0,0.0,15000.0
637,453,748,1,,264,2,3,15000.0,900.0,44100.0
638,503,780,1,,2102,1,1,12000.0,600.0,11400.0
639,39,642,2,3,295,1,1,12000.0,1200.0,10800.0
640,556,320,2,2,1194,2,3,15000.0,900.0,44100.0
641,525,843,2,3,837,1,3,12000.0,0.0,36000.0
642,29,956,2,2,,1,1,12000.0,0.0,12000.0
643,29,956,2,2,,2,1,13500.0,1350.0,12150.0
644,342,348,2,1,2903,2,2,16500.0,1650.0,31350.0
645,8,445,1,,673,1,1,12000.0,0.0,12000.0
646,584,758,1,,2493,1,2,13200.0,0.0,26400.0
647,179,481,1,,509,2,3,15000.0,2250.0,42750.0
648,206,1303,2,3,264,2,1,15000.0,1500.0,13500.0
649,206,1303,2,3,264,2,2,15000.0,600.0,29400.0
650,366,1020,2,4,2828,1,2,12000.0,0.0,24000.0
651,141,1376,1,,2641,2,3,15000.0,0.0,45000.0
652,602,1083,2,1,1345,1,3,12000.0,3600.0,32400.0
653,602,1083,2,1,1345,1,2,12000.0,480.0,23520.0
654,274,760,2,1,387,1,1,12000.0,1200.0,10800.0
655,274,760,2,1,387,2,1,15000.0,300.0,14700.0
656,321,1011,2,2,1742,1,1,12000.0,1200.0,10800.0
657,636,913,2,3,1837,2,1,15000.0,0.0,15000.0
658,636,913,2,3,1837,2,1,15750.0,315.0,15435.0
659,543,1012,1,,3151,1,1,12000.0,240.0,11760.0
660,207,1228,1,,3141,2,3,15750.0,945.0,46305.0
661,486,1180,2,3,1379,2,2,16500.0,3300.0,29700.0
662,486,1180,2,3,1379,1,3,13200.0,0.0,39600.0
663,319,173,1,,1421,2,1,15000.0,300.0,14700.0
664,247,143,2,1,355,1,2,12000.0,0.0,24000.0
665,247,143,2,1,355,2,3,15000.0,0.0,45000.0
666,247,1036,1,,978,2,1,15000.0,300.0,14700.0
667,553,829,1,,,2,1,15750.0,1575.0,14175.0
668,467,214,1,,688,2,3,15000.0,0.0,45000.0
669,467,214,1,,688,1,1,12000.0,600.0,11400.0
670,140,1242,2,1,2468,2,2,15000.0,0.0,30000.0
671,277,1379,1,,910,1,2,12000.0,2400.0,21600.0
672,598,1415,1,,696,1,3,12000.0,720.0,35280.0
673,405,511,1,,,1,2,12000.0,1200.0,22800.0
674,470,920,2,2,1987,1,3,12000.0,1800.0,34200.0
675,341,69,1,,42,1,3,12600.0,1890.0,35910.0
676,557,492,2,4,1304,2,1,15750.0,0.0,15750.0
677,155,523,1,,1405,1,2,10800.0,2160.0,19440.0
678,581,1382,1,,2882,2,3,15000.0,900.0,44100.0
679,246,310,1,,993,2,1,15000.0,0.0,15000.0
680,246,310,1,,993,1,2,12000.0,2400.0,21600.0
681,246,310,1,,993,1,2,12000.0,0.0,24000.0
682,7,457,1,,2567,2,3,16500.0,0.0,49500.0
683,625,396,1,,2141,1,1,12000.0,240.0,11760.0
684,348,538,2,3,,2,2,13500.0,540.0,26460.0
685,287,6,2,1,2658,2,2,15000.0,3000.0,27000.0
686,287,6,2,1,2658,1,2,10800.0,0.0,21600.0
687,287,6,2,1,2658,2,2,15000.0,1500.0,28500.0
688,1,733,1,,1648,2,1,16500.0,1650.0,14850.0
689,443,56,2,1,2423,1,3,10800.0,0.0,32400.0
690,443,56,2,1,2423,1,3,12000.0,720.0,35280.0
691,443,56,2,1,2423,1,2,12000.0,2400.0,21600.0
692,172,367,1,,993,1,2,12000.0,0.0,24000.0
693,539,812,2,1,2117,1,1,12000.0,1200.0,10800.0
694,112,669,1,,2944,1,3,12600.0,0.0,37800.0
695,112,669,1,,2944,1,1,12000.0,240.0,11760.0
696,29,566,1,,2110,1,3,10800.0,1620.0,30780.0
697,29,566,1,,2110,2,3,16500.0,0.0,49500.0
698,240,1055,1,,2923,1,2,12000.0,1200.0,22800.0
699,240,1055,1,,2923,2,2,15750.0,1575.0,29925.0
700,239,577,1,,643,1,2,12000.0,0.0,24000.0
701,239,577,1,,643,1,1,12000.0,0.0,12000.0
702,264,689,2,3,2667,1,2,12000.0,480.0,23520.0
703,134,787,2,4,1856,2,3,15000.0,0.0,45000.0
704,13,32,1,,2150,1,2,12000.0,2400.0,21600.0
705,50,434,1,,1429,2,3,15000.0,900.0,44100.0
706,505,1470,2,2,,2,2,15000.0,0.0,30000.0
707,53,226,2,3,630,2,1,15000.0,0.0,15000.0
708,293,1190,1,,515,1,3,12000.0,0.0,36000.0
709,293,1190,1,,515,1,1,12000.0,240.0,11760.0
710,132,1004,1,,2377,1,2,12000.0,480.0,23520.0
711,344,1315,2,4,2705,2,2,16500.0,0.0,33000.0
712,285,701,1,,,2,1,15000.0,1500.0,13500.0
713,484,843,1,,3012,1,3,12000.0,1800.0,34200.0
714,418,1167,1,,1327,1,2,10800.0,1080.0,20520.0
715,465,681,1,,2280,1,2,12000.0,480.0,23520.0
716,465,681,1,,2280,1,2,12600.0,504.0,24696.0
717,427,513,2,4,1158,1,3,12000.0,0.0,36000.0
718,243,970,2,1,2541,1,3,12600.0,3780.0,34020.0
719,351,383,1,,70,2,2,13500.0,2700.0,24300.0
720,425,527,1,,2111,1,2,10800.0,432.0,21168.0
721,425,527,1,,2111,1,2,12000.0,2400.0,21600.0
722,458,757,1,,2526,1,1,12000.0,1200.0,10800.0
723,366,12,2,3,2594,1,1,12000.0,0.0,12000.0
724,123,1022,1,,273,1,3,12600.0,756.0,37044.0
725,209,619,1,,91,2,1,15000.0,750.0,14250.0
726,83,461,2,3,1001,2,1,16500.0,1650.0,14850.0
727,453,1454,2,1,2781,1,2,12600.0,504.0,24696.0
728,321,1199,1,,389,1,2,13200.0,2640.0,23760.0
729,519,1398,1,,,1,2,12000.0,0.0,24000.0
730,627,401,1,,139,2,2,15750.0,1575.0,29925.0
731,439,1360,1,,,1,2,12000.0,1200.0,22800.0
732,471,768,1,,530,1,3,12600.0,3780.0,34020.0
733,638,295,1,,744,1,2,12000.0,0.0,24000.0
734,638,295,1,,744,1,1,12000.0,1200.0,10800.0
735,480,1270,2,2,,1,2,12000.0,2400.0,21600.0
736,176,999,2,3,1498,1,3,12000.0,0.0,36000.0
737,511,264,1,,3152,2,3,15000.0,900.0,44100.0
738,579,1372,1,,606,2,1,15000.0,1500.0,13500.0
739,388,103,2,1,3058,1,3,10800.0,3240.0,29160.0
740,99,493,2,3,1527,2,2,15000.0,600.0,29400.0
741,267,136,2,4,2658,2,3,15000.0,0.0,45000.0
742,377,1399,2,1,2782,2,1,15000.0,750.0,14250.0
743,377,1399,2,1,2782,2,3,15000.0,900.0,44100.0
744,494,1364,1,,2353,2,3,15750.0,0.0,47250.0
745,440,1437,1,,2114,1,3,12000.0,1800.0,34200.0
746,521,108,1,,957,1,3,12000.0,1800.0,34200.0
747,80,1480,2,2,1548,2,1,13500.0,1350.0,12150.0
748,134,1220,2,4,2752,1,2,12600.0,0.0,25200.0
749,134,1220,2,4,2752,1,1,12000.0,0.0,12000.0
750,162,439,1,,1764,2,3,15000.0,4500.0,40500.0
751,162,439,1,,1764,2,2,15000.0,0.0,30000.0
752,465,68,1,,850,1,2,12000.0,1200.0,22800.0
753,218,691,2,4,3002,2,2,15000.0,3000.0,27000.0
754,172,1039,2,4,1729,1,2,10800.0,2160.0,19440.0
755,172,1039,2,4,1729,1,1,12600.0,1260.0,11340.0
756,497,1259,2,1,100,1,1,12000.0,600.0,11400.0
757,245,1373,2,1,2421,2,2,15000.0,1500.0,28500.0
758,112,274,2,3,3147,2,1,13500.0,0.0,13500.0
759,245,1372,2,1,2706,2,3,15750.0,0.0,47250.0
760,13,1385,1,,32,1,3,12000.0,720.0,35280.0
761,88,433,1,,1009,1,3,12000.0,3600.0,32400.0
762,485,531,2,1,16,2,3,13500.0,810.0,39690.0
763,152,1152,1,,65,1,2,12000.0,2400.0,21600.0
764,381,1031,2,2,302,1,3,12000.0,0.0,36000.0
765,323,524,2,1,165,2,1,15750.0,787.5,14962.5
766,487,196,1,,1257,1,1,13200.0,0.0,13200.0
767,128,90,1,,,1,2,12600.0,504.0,24696.0
768,128,90,1,,,1,3,12000.0,3600.0,32400.0
769,91,1426,1,,1639,2,1,15000.0,1500.0,13500.0
770,281,844,1,,1892,1,2,12000.0,2400.0,21600.0
771,340,1440,1,,,1,3,12000.0,720.0,35280.0
772,169,978,1,,1620,1,1,12000.0,240.0,11760.0
773,169,978,1,,1620,2,1,15000.0,1500.0,13500.0
774,141,1150,2,3,177,2,1,15000.0,0.0,15000.0
775,141,1150,2,3,177,1,1,12000.0,1200.0,10800.0
776,603,402,1,,,1,1,12000.0,0.0,12000.0
777,603,402,1,,,2,2,15000.0,600.0,29400.0
778,366,334,2,2,,2,1,16500.0,330.0,16170.0
779,416,99,1,,1280,2,2,15000.0,0.0,30000.0
780,416,99,1,,1280,1,1,12000.0,240.0,11760.0
781,416,99,1,,1280,1,2,12000.0,0.0,24000.0
782,579,1420,2,1,1984,1,1,12600.0,630.0,11970.0
783,579,1420,2,1,1984,2,1,13500.0,0.0,13500.0
784,181,903,1,,18,2,3,15000.0,2250.0,42750.0
785,181,903,1,,18,2,1,15750.0,787.5,14962.5
786,299,258,1,,,1,2,12000.0,0.0,24000.0
787,54,223,2,2,2682,1,2,12000.0,2400.0,21600.0
788,218,376,2,3,2620,1,3,12000.0,720.0,35280.0
789,437,919,1,,499,2,3,15000.0,2250.0,42750.0
790,314,900,1,,87,1,1,10800.0,540.0,10260.0
791,314,900,1,,87,2,1,15750.0,315.0,15435.0
792,225,639,2,1,1839,2,3,16500.0,2475.0,47025.0
793,56,188,1,,2098,2,3,15000.0,900.0,44100.0
794,56,188,1,,2098,1,2,12000.0,480.0,23520.0
795,297,147,2,4,24,1,2,12600.0,504.0,24696.0
796,60,1119,1,,1336,2,3,15000.0,0.0,45000.0
797,377,41,1,,1608,2,3,15000.0,4500.0,40500.0
798,249,589,1,,1107,2,1,15000.0,750.0,14250.0
799,340,358,1,,2520,2,3,15750.0,4725.0,42525.0
800,494,358,1,,141,1,1,12600.0,252.0,12348.0
801,494,358,1,,141,1,2,12000.0,2400.0,21600.0
802,302,855,1,,2610,2,3,16500.0,990.0,48510.0
803,165,142,2,2,2961,1,1,10800.0,216.0,10584.0
804,50,79,2,3,1544,2,1,13500.0,1350.0,12150.0
805,154,338,1,,1300,1,3,10800.0,3240.0,29160.0
806,321,1019,2,1,293,2,3,15000.0,4500.0,40500.0
807,321,1019,2,1,293,2,1,15000.0,1500.0,13500.0
808,146,590,2,2,283,1,3,13200.0,1980.0,37620.0
809,482,1120,1,,,1,1,12600.0,630.0,11970.0
810,482,1120,1,,,1,2,12600.0,0.0,25200.0
811,482,1120,1,,,1,3,12000.0,1800.0,34200.0
812,229,1154,1,,222,1,2,12000.0,480.0,23520.0
813,501,1228,1,,,1,3,12000.0,3600.0,32400.0
814,595,172,1,,2427,1,2,13200.0,1320.0,25080.0
815,398,593,2,3,1519,1,1,10800.0,216.0,10584.0
816,398,593,2,3,1519,2,2,15750.0,630.0,30870.0
817,398,593,2,3,1519,2,2,16500.0,0.0,33000.0
818,31,681,2,2,2320,2,2,15000.0,0.0,30000.0
819,479,840,1,,1283,1,2,12000.0,0.0,24000.0
820,479,840,1,,1283,2,2,13500.0,2700.0,24300.0
821,172,1145,1,,1493,1,3,10800.0,648.0,31752.0
822,381,412,1,,2752,2,2,15000.0,0.0,30000.0
823,574,400,1,,1965,1,2,12000.0,480.0,23520.0
824,51,698,1,,586,1,3,12000.0,720.0,35280.0
825,298,751,1,,2846,1,2,12600.0,0.0,25200.0
826,298,751,1,,2846,2,3,15000.0,900.0,44100.0
827,534,1495,1,,606,1,3,10800.0,648.0,31752.0
828,534,1495,1,,606,1,2,12000.0,0.0,24000.0
829,292,1207,1,,,2,3,15750.0,0.0,47250.0
830,292,1207,1,,,1,3,13200.0,1980.0,37620.0
831,168,691,2,2,1900,2,2,15000.0,1500.0,28500.0
832,310,144,2,4,1762,1,2,12000.0,0.0,24000.0
833,310,144,2,4,1762,2,1,15000.0,1500.0,13500.0
834,191,136,2,3,1089,1,3,12600.0,0.0,37800.0
835,191,136,2,3,1089,1,1,12600.0,1260.0,11340.0
836,191,136,2,3,1089,1,3,12000.0,1800.0,34200.0
837,59,984,2,2,2217,2,3,15750.0,4725.0,42525.0
838,184,165,2,4,267,1,3,13200.0,792.0,38808.0
839,395,893,1,,811,1,2,12000.0,480.0,23520.0
840,395,893,1,,811,1,3,12600.0,756.0,37044.0
841,472,1117,1,,1067,2,2,15000.0,3000.0,27000.0
842,255,992,2,3,1521,2,1,13500.0,675.0,12825.0
843,255,992,2,3,1521,1,2,12000.0,0.0,24000.0
844,288,1325,2,3,2107,1,3,12000.0,720.0,35280.0
845,212,232,2,4,972,1,3,12600.0,756.0,37044.0
846,269,1051,1,,2106,2,3,13500.0,810.0,39690.0
847,421,809,2,1,2069,1,3,12000.0,1800.0,34200.0
848,421,809,2,1,2069,1,1,12000.0,240.0,11760.0
849,421,809,2,1,2069,1,2,12600.0,504.0,24696.0
850,281,442,1,,2912,1,2,10800.0,0.0,21600.0
851,387,385,2,4,2432,1,3,10800.0,648.0,31752.0
852,27,24,2,3,1142,2,2,15750.0,3150.0,28350.0
853,51,548,2,3,1264,2,3,15000.0,900.0,44100.0
854,110,1429,1,,2455,2,2,16500.0,1650.0,31350.0
855,418,1417,2,2,2164,1,1,12600.0,252.0,12348.0
856,271,750,1,,,1,3,12600.0,1890.0,35910.0
857,271,750,1,,,2,2,15000.0,3000.0,27000.0
858,287,1451,1,,2249,1,1,12000.0,0.0,12000.0
859,287,1451,1,,2249,2,3,15750.0,4725.0,42525.0
860,41,1147,1,,272,1,2,10800.0,2160.0,19440.0
861,611,1489,1,,634,2,2,15000.0,600.0,29400.0
862,611,1489,1,,634,2,2,13500.0,0.0,27000.0
863,611,1489,1,,634,1,3,12600.0,1890.0,35910.0
864,441,1216,1,,3112,1,3,12000.0,720.0,35280.0
865,441,1216,1,,3112,2,1,15000.0,0.0,15000.0
866,205,758,1,,170,2,1,15000.0,300.0,14700.0
867,206,1297,1,,3069,2,3,15000.0,0.0,45000.0
868,554,561,1,,2878,1,3,13200.0,0.0,39600.0
869,624,1017,1,,1181,1,3,10800.0,1620.0,30780.0
870,527,404,1,,3026,1,1,12000.0,1200.0,10800.0
871,237,31,2,4,2139,1,2,12000.0,480.0,23520.0
872,464,648,1,,1900,2,1,15000.0,1500.0,13500.0
873,233,157,1,,2161,1,3,12000.0,0.0,36000.0
874,416,527,2,1,1942,2,2,15750.0,3150.0,28350.0
875,522,6,1,,323,2,1,15000.0,300.0,14700.0
876,161,108,1,,119,1,3,12000.0,1800.0,34200.0
877,242,1469,1,,884,2,2,15750.0,1575.0,29925.0
878,242,1469,1,,884,1,1,12000.0,600.0,11400.0
879,339,414,2,3,2021,1,2,12600.0,0.0,25200.0
880,100,1285,1,,2452,2,3,15000.0,2250.0,42750.0
881,100,1285,1,,2452,2,3,15750.0,2362.5,44887.5
882,152,1394,1,,1185,2,2,16500.0,1650.0,31350.0
883,318,473,2,2,2952,2,1,13500.0,1350.0,12150.0
884,162,366,2,1,2240,1,1,12000.0,240.0,11760.0
885,475,1394,1,,195,2,3,15000.0,0.0,45000.0
886,466,1484,2,1,331,2,2,16500.0,660.0,32340.0
887,513,171,1,,2489,1,2,12000.0,480.0,23520.0
888,545,1262,2,3,2760,2,2,15000.0,3000.0,27000.0
889,257,1123,1,,1263,1,3,12000.0,3600.0,32400.0
890,259,343,1,,468,2,3,15000.0,900.0,44100.0
891,259,343,1,,468,1,1,12600.0,0.0,12600.0
892,171,1433,1,,1046,1,3,12000.0,3600.0,32400.0
893,124,1100,1,,516,1,2,12000.0,0.0,24000.0
894,108,73,1,,1291,1,1,13200.0,660.0,12540.0
895,538,1165,2,3,2484,2,3,15000.0,900.0,44100.0
896,564,383,2,3,3033,2,3,15000.0,4500.0,40500.0
897,538,1313,1,,1304,1,2,12000.0,0.0,24000.0
898,301,997,2,2,597,2,3,16500.0,990.0,48510.0
899,352,3,2,1,3125,2,2,13500.0,540.0,26460.0
900,352,3,2,1,3125,1,3,12000.0,0.0,36000.0
901,143,323,1,,2061,1,2,12600.0,0.0,25200.0
902,107,961,1,,3056,2,3,15000.0,4500.0,40500.0
903,341,1130,2,2,,1,3,12600.0,1890.0,35910.0
904,313,318,1,,1452,2,3,15000.0,0.0,45000.0
905,42,579,2,3,288,1,1,12600.0,630.0,11970.0
906,42,579,2,3,288,2,3,16500.0,2475.0,47025.0
907,90,1341,1,,1090,1,2,10800.0,2160.0,19440.0
908,148,350,1,,2236,1,1,12600.0,0.0,12600.0
909,148,350,1,,2236,2,3,15750.0,4725.0,42525.0
910,298,810,1,,1913,2,2,15000.0,3000.0,27000.0
911,242,1289,2,2,2691,2,3,15000.0,4500.0,40500.0
912,192,567,2,2,933,1,2,10800.0,0.0,21600.0
913,603,797,1,,651,2,1,15000.0,300.0,14700.0
914,173,1169,1,,847,1,3,13200.0,0.0,39600.0
915,173,1169,1,,847,1,3,13200.0,3960.0,35640.0
916,173,1169,1,,847,2,2,15000.0,1500.0,28500.0
917,625,326,1,,387,1,3,12000.0,720.0,35280.0
918,625,326,1,,387,1,2,12000.0,0.0,24000.0
919,625,326,1,,387,1,1,13200.0,0.0,13200.0
920,416,97,2,3,2519,1,3,12600.0,1890.0,35910.0
921,8,1158,2,2,1500,1,2,12000.0,2400.0,21600.0
922,44,293,1,,2906,1,2,12000.0,0.0,24000.0
923,536,788,2,2,718,1,3,12000.0,720.0,35280.0
924,251,881,2,1,788,2,1,15000.0,300.0,14700.0
925,485,1345,1,,2750,2,3,15000.0,0.0,45000.0
926,462,660,2,1,1548,2,1,15000.0,750.0,14250.0
927,53,954,1,,2577,2,1,15000.0,1500.0,13500.0
928,290,889,2,4,2948,2,1,15000.0,300.0,14700.0
929,290,889,2,4,2948,1,3,12000.0,1800.0,34200.0
930,473,396,1,,141,2,2,16500.0,660.0,32340.0
931,69,1425,2,3,2607,1,1,12000.0,600.0,11400.0
932,222,1147,2,3,,1,2,13200.0,1320.0,25080.0
933,341,1368,2,4,1978,2,1,15000.0,0.0,15000.0
934,50,601,1,,617,1,3,12000.0,720.0,35280.0
935,300,767,1,,1711,2,3,15000.0,900.0,44100.0
936,300,767,1,,1711,2,1,16500.0,0.0,16500.0
937,620,949,2,2,798,2,3,13500.0,2025.0,38475.0
938,178,1242,1,,3037,2,3,15750.0,2362.5,44887.5
939,439,1110,1,,507,1,1,12000.0,240.0,11760.0
940,533,164,2,1,1691,2,1,15000.0,0.0,15000.0
941,370,762,2,4,1597,1,1,12000.0,240.0,11760.0
942,181,1116,1,,23,1,3,12000.0,720.0,35280.0
943,181,1116,1,,23,1,3,12000.0,3600.0,32400.0
944,46,937,1,,2693,2,3,15750.0,2362.5,44887.5
945,289,1052,2,3,924,1,3,10800.0,3240.0,29160.0
946,607,899,1,,,2,1,15000.0,300.0,14700.0
947,5,1406,2,4,3132,1,1,12000.0,0.0,12000.0
948,72,586,1,,963,1,2,12600.0,0.0,25200.0
949,48,1415,1,,1957,1,1,12000.0,240.0,11760.0
950,48,1415,1,,1957,2,2,15750.0,3150.0,28350.0
951,139,391,1,,2150,2,3,15000.0,2250.0,42750.0
952,139,391,1,,2150,1,2,12600.0,1260.0,23940.0
953,235,1041,2,2,973,1,2,13200.0,528.0,25872.0
954,593,458,1,,2108,1,3,12000.0,3600.0,32400.0
955,593,458,1,,2108,1,2,12000.0,2400.0,21600.0
956,269,604,1,,715,1,3,12000.0,0.0,36000.0
957,335,624,1,,2019,2,2,15000.0,1500.0,28500.0
958,105,1028,1,,2353,1,2,10800.0,432.0,21168.0
959,487,504,1,,2247,2,1,15000.0,1500.0,13500.0
960,517,193,2,4,204,1,1,13200.0,264.0,12936.0
961,186,121,1,,2454,1,3,12000.0,3600.0,32400.0
962,535,1302,1,,2924,1,2,12000.0,480.0,23520.0
963,300,1495,1,,2148,2,2,15750.0,0.0,31500.0
964,300,1495,1,,2148,2,3,15750.0,945.0,46305.0
965,217,958,1,,2218,2,2,15000.0,600.0,29400.0
966,217,958,1,,2218,2,2,13500.0,1350.0,25650.0
967,604,1024,2,3,2912,1,3,12000.0,720.0,35280.0
968,604,1024,2,3,2912,2,1,15000.0,0.0,15000.0
969,421,814,2,3,1710,1,1,12000.0,1200.0,10800.0
970,9,1036,1,,1357,1,3,12000.0,0.0,36000.0
971,149,640,1,,2704,1,2,10800.0,432.0,21168.0
972,43,915,1,,2972,2,2,15750.0,0.0,31500.0
973,520,544,2,1,2583,2,3,15000.0,900.0,44100.0
974,585,483,2,3,,1,1,12000.0,0.0,12000.0
975,430,878,2,2,422,1,3,12600.0,1890.0,35910.0
976,430,878,2,2,422,2,3,15000.0,2250.0,42750.0
977,350,820,1,,1619,1,1,10800.0,540.0,10260.0
978,70,879,2,4,1612,2,1,13500.0,675.0,12825.0
979,110,1468,2,2,2392,2,2,15000.0,600.0,29400.0
980,110,1468,2,2,2392,1,3,12000.0,720.0,35280.0
981,243,440,1,,1504,2,3,15000.0,900.0,44100.0
982,192,1295,1,,2842,1,1,12000.0,1200.0,10800.0
983,222,1123,1,,3126,2,1,15000.0,1500.0,13500.0
984,202,1006,1,,1495,1,3,10800.0,0.0,32400.0
985,202,1006,1,,1495,1,1,10800.0,540.0,10260.0
986,382,217,1,,3053,1,2,12000.0,2400.0,21600.0
987,367,258,1,,1521,2,1,13500.0,270.0,13230.0
988,367,258,1,,1521,1,3,12000.0,3600.0,32400.0
989,181,751,2,1,1921,1,2,12000.0,0.0,24000.0
990,421,955,2,2,719,1,1,12600.0,0.0,12600.0
991,303,867,1,,13,1,2,13200.0,0.0,26400.0
992,270,584,1,,1235,2,3,15750.0,4725.0,42525.0
993,550,99,2,2,1279,2,3,15000.0,900.0,44100.0
994,388,593,1,,472,1,3,12000.0,3600.0,32400.0
995,574,868,1,,,1,3,12000.0,0.0,36000.0
996,620,903,2,3,274,1,3,12000.0,3600.0,32400.0
997,620,903,2,3,274,2,3,13500.0,0.0,40500.0
998,620,903,2,3,274,2,3,15000.0,0.0,45000.0
999,603,445,1,,,2,2,16500.0,660.0,32340.0
1000,603,445,1,,,2,2,15000.0,1500.0,28500.0
1001,594,857,1,,1333,2,2,15000.0,600.0,29400.0
1002,594,857,1,,1333,1,2,13200.0,528.0,25872.0
1003,366,633,2,4,581,1,3,12600.0,1890.0,35910.0
1004,230,1428,1,,333,2,3,15000.0,900.0,44100.0
1005,3,196,1,,1511,2,2,15000.0,3000.0,27000.0
1006,351,212,1,,3044,1,2,12000.0,480.0,23520.0
1007,482,925,1,,871,1,1,13200.0,660.0,12540.0
1008,455,698,1,,2322,1,2,10800.0,1080.0,20520.0
1009,128,1135,1,,2826,1,3,12600.0,3780.0,34020.0
1010,256,165,1,,1851,1,3,12000.0,0.0,36000.0
1011,321,960,1,,1052,2,3,15000.0,0.0,45000.0
1012,250,696,1,,785,1,3,10800.0,648.0,31752.0
1013,299,436,1,,914,1,1,10800.0,540.0,10260.0
1014,637,1393,1,,1158,1,1,12000.0,240.0,11760.0
1015,362,127,1,,2971,1,1,12000.0,0.0,12000.0
1016,362,127,1,,2971,1,1,12000.0,0.0,12000.0
1017,360,326,1,,1987,2,1,16500.0,825.0,15675.0
1018,507,912,2,2,1039,1,2,12000.0,0.0,24000.0
1019,204,1041,1,,334,2,3,15000.0,4500.0,40500.0
1020,489,130,1,,3192,1,2,12600.0,1260.0,23940.0
1021,326,422,1,,2742,1,3,13200.0,0.0,39600.0
1022,60,110,2,3,1641,1,1,12000.0,1200.0,10800.0
1023,60,110,2,3,1641,1,3,12000.0,3600.0,32400.0
1024,7,1043,1,,951,1,3,12000.0,3600.0,32400.0
1025,396,841,2,1,,2,2,15750.0,3150.0,28350.0
1026,217,4,1,,1329,1,1,12000.0,1200.0,10800.0
1027,328,1307,1,,349,1,2,12000.0,1200.0,22800.0
1028,589,1113,2,3,369,1,3,12000.0,1800.0,34200.0
1029,391,1490,1,,2310,1,3,12000.0,0.0,36000.0
1030,391,1490,1,,2310,1,3,10800.0,648.0,31752.0
1031,391,1490,1,,2310,1,1,12000.0,600.0,11400.0
1032,408,435,2,1,1623,1,1,10800.0,0.0,10800.0
1033,403,905,1,,,2,2,15000.0,1500.0,28500.0
1034,403,905,1,,,1,2,13200.0,1320.0,25080.0
1035,477,724,1,,1634,1,2,10800.0,432.0,21168.0
1036,97,1436,1,,1107,2,3,15000.0,2250.0,42750.0
1037,194,904,1,,2438,2,3,13500.0,4050.0,36450.0
1038,194,904,1,,2438,2,3,15000.0,0.0,45000.0
1039,301,1186,2,1,1624,1,2,12000.0,480.0,23520.0
1040,260,941,1,,2605,2,3,15000.0,4500.0,40500.0
1041,260,941,1,,2605,1,1,12600.0,0.0,12600.0
1042,260,941,1,,2605,1,3,12000.0,1800.0,34200.0
1043,545,564,1,,103,1,2,13200.0,2640.0,23760.0
1044,545,564,1,,103,2,2,15000.0,0.0,30000.0
1045,546,965,1,,,2,1,15000.0,750.0,14250.0
1046,136,595,1,,2523,2,1,15000.0,0.0,15000.0
1047,316,445,1,,,2,2,15000.0,0.0,30000.0
1048,316,445,1,,,1,2,12000.0,2400.0,21600.0
1049,227,987,1,,135,2,3,15000.0,2250.0,42750.0
1050,483,874,2,3,740,1,3,12000.0,3600.0,32400.0
1051,483,874,2,3,740,2,3,15000.0,4500.0,40500.0
1052,611,1493,2,4,1580,1,1,12000.0,600.0,11400.0
1053,103,677,1,,1609,1,3,12000.0,720.0,35280.0
1054,103,677,1,,1609,1,3,10800.0,648.0,31752.0
1055,103,677,1,,1609,1,1,12000.0,0.0,12000.0
1056,11,1247,2,3,1074,2,2,15000.0,1500.0,28500.0
1057,11,1247,2,3,1074,1,3,10800.0,648.0,31752.0
1058,436,616,2,3,3109,2,1,15000.0,1500.0,13500.0
1059,36,718,1,,2155,1,2,12000.0,0.0,24000.0
1060,467,1366,1,,834,1,3,12000.0,0.0,36000.0
1061,420,765,1,,56,1,1,12600.0,1260.0,11340.0
1062,420,765,1,,56,1,1,12000.0,1200.0,10800.0
1063,493,633,2,4,469,1,2,12000.0,1200.0,22800.0
1064,627,807,1,,2308,2,3,15750.0,0.0,47250.0
1065,49,175,1,,3023,1,1,12000.0,240.0,11760.0
1066,292,544,1,,1821,1,1,10800.0,540.0,10260.0
1067,212,1226,2,2,1724,2,2,13500.0,0.0,27000.0
1068,504,268,2,2,147,1,3,12000.0,720.0,35280.0
1069,53,290,2,1,3115,2,1,15000.0,1500.0,13500.0
1070,202,642,2,1,3023,1,1,12000.0,600.0,11400.0
1071,202,642,2,1,3023,1,3,12000.0,720.0,35280.0
1072,429,884,2,3,2654,2,2,15000.0,600.0,29400.0
1073,586,1175,2,4,1362,1,2,12000.0,480.0,23520.0
1074,376,48,1,,805,2,2,15000.0,600.0,29400.0
1075,283,62,1,,631,1,2,12600.0,0.0,25200.0
1076,291,671,1,,546,1,2,12000.0,2400.0,21600.0
1077,536,590,1,,419,1,2,12000.0,480.0,23520.0
1078,536,590,1,,419,1,1,10800.0,1080.0,9720.0
1079,484,1202,2,4,,2,3,15000.0,2250.0,42750.0
1080,414,958,2,4,128,1,1,12000.0,0.0,12000.0
1081,473,57,1,,2969,2,3,15000.0,0.0,45000.0
1082,552,917,2,3,1275,2,3,15000.0,900.0,44100.0
1083,552,917,2,3,1275,2,1,16500.0,330.0,16170.0
1084,64,907,2,2,2406,2,3,15000.0,900.0,44100.0
1085,64,907,2,2,2406,1,1,12600.0,252.0,12348.0
1086,279,599,1,,3135,2,1,15000.0,0.0,15000.0
1087,279,599,1,,3135,1,3,12600.0,0.0,37800.0
1088,195,1494,1,,1058,1,2,10800.0,1080.0,20520.0
1089,12,852,1,,2548,2,1,13500.0,1350.0,12150.0
1090,450,16,1,,2367,1,2,12600.0,2520.0,22680.0
1091,26,112,1,,635,1,1,12000.0,240.0,11760.0
1092,26,112,1,,635,2,3,15750.0,945.0,46305.0
1093,309,858,2,1,1348,1,3,12600.0,0.0,37800.0
1094,333,761,1,,,1,1,13200.0,264.0,12936.0
1095,266,1163,1,,968,1,2,10800.0,2160.0,19440.0
1096,266,1163,1,,968,2,3,15000.0,2250.0,42750.0
1097,348,1413,2,4,2085,2,2,15000.0,600.0,29400.0
1098,348,1413,2,4,2085,2,2,15000.0,0.0,30000.0
1099,178,1475,2,3,101,1,1,12000.0,1200.0,10800.0
1100,278,168,1,,513,1,3,12000.0,1800.0,34200.0
1101,78,1336,2,2,1926,1,2,12000.0,0.0,24000.0
1102,628,1092,2,3,1226,2,3,13500.0,810.0,39690.0
1103,176,685,1,,3096,1,1,10800.0,216.0,10584.0
1104,176,685,1,,3096,1,2,12000.0,480.0,23520.0
1105,176,685,1,,3096,1,3,12000.0,720.0,35280.0
1106,350,689,1,,1287,2,1,15750.0,787.5,14962.5
1107,314,239,1,,3143,1,2,12000.0,480.0,23520.0
1108,314,239,1,,3143,1,3,12000.0,1800.0,34200.0
1109,348,1437,1,,,1,2,12000.0,2400.0,21600.0
1110,425,303,2,2,2936,1,3,10800.0,0.0,32400.0
1111,471,591,1,,1969,2,3,15000.0,0.0,45000.0
1112,565,291,1,,535,2,2,16500.0,660.0,32340.0
1113,54,1224,1,,3063,2,2,15750.0,1575.0,29925.0
1114,521,313,1,,3110,1,3,12000.0,0.0,36000.0
1115,73,1411,1,,551,1,3,13200.0,3960.0,35640.0
1116,582,30,1,,232,1,1,12600.0,252.0,12348.0
1117,241,1371,1,,85,1,1,12600.0,630.0,11970.0
1118,241,1371,1,,85,1,2,12600.0,2520.0,22680.0
1119,604,167,1,,1804,1,2,10800.0,432.0,21168.0
1120,122,281,1,,1809,1,2,12600.0,1260.0,23940.0
1121,572,64,1,,2875,1,2,12600.0,2520.0,22680.0
1122,420,172,2,3,189,2,1,13500.0,270.0,13230.0
1123,337,637,1,,3128,2,3,15000.0,0.0,45000.0
1124,222,1006,1,,2272,2,2,15000.0,1500.0,28500.0
1125,87,539,2,2,2737,2,1,16500.0,0.0,16500.0
1126,575,590,1,,577,2,3,16500.0,4950.0,44550.0
1127,592,1294,2,2,2704,1,1,10800.0,540.0,10260.0
1128,592,1294,2,2,2704,1,1,12600.0,630.0,11970.0
1129,94,60,2,2,909,2,3,15000.0,0.0,45000.0
1130,499,136,1,,1625,2,2,13500.0,0.0,27000.0
1131,584,1356,1,,,2,2,15000.0,3000.0,27000.0
1132,88,371,1,,1105,1,1,12000.0,1200.0,10800.0
1133,594,1406,2,2,2623,2,3,15750.0,945.0,46305.0
1134,409,1104,1,,710,1,2,10800.0,1080.0,20520.0
1135,358,817,1,,3033,1,1,12600.0,630.0,11970.0
1136,523,240,1,,2786,2,3,15000.0,4500.0,40500.0
1137,298,476,1,,378,1,2,12000.0,480.0,23520.0
1138,298,476,1,,378,1,2,10800.0,1080.0,20520.0
1139,116,1115,1,,2131,2,3,13500.0,810.0,39690.0
1140,116,1115,1,,2131,1,3,13200.0,792.0,38808.0
1141,116,1115,1,,2131,1,3,12000.0,720.0,35280.0
1142,412,412,1,,333,2,3,15000.0,0.0,45000.0
1143,535,671,2,4,2983,1,3,12000.0,3600.0,32400.0
1144,139,328,2,1,2337,1,3,12000.0,1800.0,34200.0
1145,249,371,1,,1869,2,2,15000.0,600.0,29400.0
1146,115,1048,1,,1048,2,1,13500.0,675.0,12825.0
1147,420,1259,1,,,2,2,15000.0,0.0,30000.0
1148,420,1259,1,,,1,1,10800.0,216.0,10584.0
1149,519,397,2,3,346,2,2,15000.0,3000.0,27000.0
1150,519,397,2,3,346,2,1,15750.0,1575.0,14175.0
1151,479,470,1,,1344,2,2,15000.0,600.0,29400.0
1152,405,555,2,4,2465,1,2,10800.0,432.0,21168.0
1153,103,1257,2,2,1245,1,1,12600.0,630.0,11970.0
1154,446,757,1,,886,2,3,15000.0,4500.0,40500.0
1155,98,216,1,,3172,1,2,12600.0,2520.0,22680.0
1156,98,216,1,,3172,1,2,12000.0,2400.0,21600.0
1157,301,1176,2,1,1297,2,2,15000.0,3000.0,27000.0
1158,146,2,2,1,2760,1,1,12000.0,0.0,12000.0
1159,457,1295,2,4,2318,1,1,10800.0,1080.0,9720.0
1160,234,1335,2,3,2539,1,2,10800.0,2160.0,19440.0
1161,75,1445,2,3,998,1,2,12000.0,480.0,23520.0
1162,75,1445,2,3,998,1,2,10800.0,1080.0,20520.0
1163,213,691,1,,2273,1,1,10800.0,540.0,10260.0
1164,237,780,1,,1258,1,3,12000.0,720.0,35280.0
1165,237,780,1,,1258,2,1,15750.0,787.5,14962.5
1166,556,338,1,,1016,1,1,13200.0,0.0,13200.0
1167,37,380,1,,2570,1,2,12000.0,2400.0,21600.0
1168,360,582,1,,3138,2,2,15000.0,600.0,29400.0
1169,360,582,1,,3138,2,1,15000.0,750.0,14250.0
1170,356,711,1,,1243,2,3,15000.0,2250.0,42750.0
1171,596,991,1,,2720,2,1,15750.0,787.5,14962.5
1172,289,500,2,4,2463,2,3,15000.0,900.0,44100.0
1173,226,99,2,2,2066,1,2,12600.0,0.0,25200.0
1174,292,1002,1,,1274,2,2,16500.0,0.0,33000.0
1175,592,1310,1,,2539,1,3,12000.0,0.0,36000.0
1176,526,1276,2,2,1107,2,3,15000.0,2250.0,42750.0
1177,23,307,1,,874,1,2,12000.0,0.0,24000.0
1178,23,307,1,,874,2,3,15000.0,4500.0,40500.0
1179,154,1133,2,4,1253,1,2,12000.0,480.0,23520.0
1180,605,1234,2,3,2958,2,2,15000.0,600.0,29400.0
1181,605,1234,2,3,2958,2,2,15000.0,600.0,29400.0
1182,605,1234,2,3,2958,1,2,10800.0,0.0,21600.0
1183,638,573,2,3,2048,1,3,10800.0,648.0,31752.0
1184,162,1008,1,,2146,1,1,12000.0,0.0,12000.0
1185,162,1008,1,,2146,2,1,13500.0,270.0,13230.0
1186,129,1124,1,,3189,1,2,12000.0,480.0,23520.0
1187,135,139,1,,1772,1,3,13200.0,0.0,39600.0
1188,135,139,1,,1772,2,3,15750.0,0.0,47250.0
1189,422,771,2,1,42,1,1,12600.0,1260.0,11340.0
1190,13,960,2,3,1383,2,2,15000.0,0.0,30000.0
1191,13,960,2,3,1383,2,2,15750.0,630.0,30870.0
1192,624,210,2,2,1722,1,1,13200.0,264.0,12936.0
1193,624,210,2,2,1722,1,3,12000.0,0.0,36000.0
1194,467,498,2,1,2747,2,1,16500.0,1650.0,14850.0
1195,193,1058,1,,3118,2,3,16500.0,2475.0,47025.0
1196,193,1058,1,,3118,1,2,12000.0,2400.0,21600.0
1197,375,350,1,,1308,1,3,12000.0,0.0,36000.0
1198,468,4,2,2,214,2,3,15000.0,0.0,45000.0
1199,468,4,2,2,214,2,1,15000.0,750.0,14250.0
1200,126,200,2,4,1347,1,1,10800.0,0.0,10800.0
1201,375,474,1,,2595,1,2,12600.0,504.0,24696.0
1202,147,1073,2,1,2494,1,1,12600.0,252.0,12348.0
1203,282,679,1,,321,1,1,12000.0,0.0,12000.0
1204,101,564,1,,1235,1,3,13200.0,792.0,38808.0
1205,101,564,1,,1235,1,3,12000.0,720.0,35280.0
1206,90,981,2,1,1596,2,2,15000.0,3000.0,27000.0
1207,90,981,2,1,1596,1,2,12600.0,504.0,24696.0
1208,564,560,1,,1790,2,2,16500.0,0.0,33000.0
1209,209,403,2,3,2658,1,1,12000.0,0.0,12000.0
1210,362,228,2,2,610,1,2,12000.0,2400.0,21600.0
1211,362,228,2,2,610,1,1,12600.0,630.0,11970.0
1212,169,331,1,,2053,2,3,13500.0,0.0,40500.0
1213,527,555,2,4,,2,3,13500.0,4050.0,36450.0
1214,409,641,1,,1748,2,1,15000.0,0.0,15000.0
1215,409,641,1,,1748,2,1,15000.0,750.0,14250.0
1216,576,1450,1,,3066,1,2,12000.0,480.0,23520.0
1217,461,591,2,1,2591,1,3,12000.0,0.0,36000.0
1218,595,934,2,2,965,1,1,12600.0,1260.0,11340.0
1219,503,316,2,1,1974,1,1,12000.0,1200.0,10800.0
1220,244,774,1,,,2,2,15000.0,0.0,30000.0
1221,244,774,1,,,1,2,10800.0,0.0,21600.0
1222,566,1049,1,,2164,1,2,10800.0,0.0,21600.0
1223,42,592,1,,2930,1,3,12000.0,720.0,35280.0
1224,42,592,1,,2930,2,2,15750.0,0.0,31500.0
1225,469,797,1,,3050,2,2,15000.0,0.0,30000.0
1226,469,797,1,,3050,2,2,16500.0,660.0,32340.0
1227,32,1287,1,,,1,2,12000.0,2400.0,21600.0
1228,340,405,1,,709,1,3,12000.0,720.0,35280.0
1229,347,1023,1,,1749,1,3,12000.0,720.0,35280.0
1230,347,1023,1,,1749,2,3,16500.0,990.0,48510.0
1231,461,649,1,,1442,1,3,10800.0,3240.0,29160.0
1232,526,772,2,4,,1,2,10800.0,2160.0,19440.0
1233,200,1290,2,1,1530,1,1,10800.0,540.0,10260.0
1234,345,1001,1,,,2,2,15000.0,3000.0,27000.0
1235,230,611,1,,1488,1,1,10800.0,540.0,10260.0
1236,183,1414,1,,1574,2,1,15000.0,1500.0,13500.0
1237,443,888,1,,1895,1,1,13200.0,1320.0,11880.0
1238,350,40,1,,2179,1,1,13200.0,660.0,12540.0
1239,413,186,1,,1939,1,2,12000.0,0.0,24000.0
1240,9,58,2,3,1805,1,1,12000.0,1200.0,10800.0
1241,9,58,2,3,1805,2,1,15750.0,315.0,15435.0
1242,516,1072,1,,674,2,3,15000.0,0.0,45000.0
1243,15,818,1,,539,1,3,12000.0,0.0,36000.0
1244,457,1267,2,4,540,1,3,12000.0,3600.0,32400.0
1245,158,1101,2,1,1929,1,1,12000.0,240.0,11760.0
1246,141,1466,2,2,2667,1,1,12000.0,240.0,11760.0
1247,4,1471,2,2,1389,2,3,13500.0,810.0,39690.0
1248,4,1471,2,2,1389,2,1,15000.0,300.0,14700.0
1249,114,4,2,4,2568,2,3,15000.0,2250.0,42750.0
1250,114,4,2,4,2568,2,3,16500.0,990.0,48510.0
1251,31,142,2,4,3127,2,3,15000.0,4500.0,40500.0
1252,115,1018,2,3,623,1,3,12600.0,0.0,37800.0
1253,384,1305,1,,257,2,3,15000.0,0.0,45000.0
1254,339,174,2,4,,1,1,12000.0,0.0,12000.0
1255,570,371,2,4,1470,1,3,10800.0,0.0,32400.0
1256,116,1174,1,,1832,1,2,12600.0,504.0,24696.0
1257,116,1174,1,,1832,2,1,15750.0,787.5,14962.5
1258,638,640,2,4,964,1,1,12000.0,600.0,11400.0
1259,638,640,2,4,964,2,2,15000.0,0.0,30000.0
1260,617,58,2,1,2349,2,3,15000.0,2250.0,42750.0
1261,162,494,1,,,2,3,15000.0,4500.0,40500.0
1262,223,1416,1,,80,1,2,12000.0,1200.0,22800.0
1263,459,680,1,,,1,2,10800.0,432.0,21168.0
1264,305,693,1,,1955,1,3,10800.0,648.0,31752.0
1265,539,728,2,2,1980,1,2,12000.0,0.0,24000.0
1266,92,1011,1,,607,1,2,12000.0,1200.0,22800.0
1267,593,787,2,1,997,1,3,10800.0,1620.0,30780.0
1268,593,787,2,1,997,1,3,13200.0,3960.0,35640.0
1269,484,564,1,,3165,1,1,12000.0,1200.0,10800.0
1270,618,509,1,,466,2,1,15750.0,315.0,15435.0
1271,578,1280,2,3,2399,1,1,12000.0,240.0,11760.0
1272,316,1119,2,1,786,2,3,15750.0,945.0,46305.0
1273,557,1393,1,,779,1,3,12600.0,756.0,37044.0
1274,241,1392,1,,804,1,2,12600.0,0.0,25200.0
1275,91,331,2,3,3048,2,2,15750.0,3150.0,28350.0
1276,91,331,2,3,3048,2,2,16500.0,1650.0,31350.0
1277,107,16,1,,2304,1,1,12600.0,252.0,12348.0
1278,107,16,1,,2304,2,3,15000.0,0.0,45000.0
1279,629,655,1,,1116,2,2,15000.0,600.0,29400.0
1280,103,1220,1,,3197,2,1,13500.0,1350.0,12150.0
1281,429,833,1,,314,1,2,12000.0,0.0,24000.0
1282,623,1418,1,,,2,1,15750.0,315.0,15435.0
1283,205,671,2,2,2852,2,3,15000.0,900.0,44100.0
1284,22,727,2,3,183,1,3,12000.0,0.0,36000.0
1285,521,734,1,,1492,1,2,10800.0,0.0,21600.0
1286,521,734,1,,1492,1,3,12000.0,1800.0,34200.0
1287,257,1158,1,,,2,2,15750.0,3150.0,28350.0
1288,610,635,2,1,2890,2,1,15000.0,750.0,14250.0
1289,610,635,2,1,2890,2,1,15750.0,0.0,15750.0
1290,500,549,1,,1364,2,1,15750.0,787.5,14962.5
1291,499,863,2,4,1212,1,2,12600.0,1260.0,23940.0
1292,499,863,2,4,1212,1,3,12000.0,720.0,35280.0
1293,184,917,2,1,,1,1,12600.0,1260.0,11340.0
1294,206,884,1,,2988,1,3,12600.0,0.0,37800.0
1295,305,783,1,,384,1,3,12000.0,1800.0,34200.0
1296,394,1080,2,4,563,2,3,15750.0,2362.5,44887.5
1297,394,1080,2,4,563,2,1,15000.0,750.0,14250.0
1298,99,195,1,,1465,2,3,15750.0,945.0,46305.0
1299,104,81,2,1,1213,1,2,12600.0,0.0,25200.0
1300,104,81,2,1,1213,2,3,15750.0,945.0,46305.0
1301,359,299,2,4,2818,1,2,13200.0,1320.0,25080.0
1302,359,299,2,4,2818,1,2,12600.0,504.0,24696.0
1303,86,293,1,,373,1,2,10800.0,0.0,21600.0
1304,86,293,1,,373,1,2,10800.0,432.0,21168.0
1305,86,293,1,,373,1,3,12000.0,720.0,35280.0
1306,581,1318,2,2,2010,1,2,12000.0,0.0,24000.0
1307,581,1318,2,2,2010,2,2,15000.0,1500.0,28500.0
1308,116,1176,1,,916,1,2,12600.0,2520.0,22680.0
1309,614,435,2,2,504,1,2,10800.0,1080.0,20520.0
1310,428,1209,2,1,173,1,1,13200.0,1320.0,11880.0
1311,291,664,2,2,842,2,1,15000.0,1500.0,13500.0
1312,291,664,2,2,842,2,1,15000.0,750.0,14250.0
1313,97,1375,1,,2287,1,2,12000.0,0.0,24000.0
1314,631,866,1,,2776,2,3,15000.0,900.0,44100.0
1315,218,582,1,,2913,2,3,15000.0,900.0,44100.0
1316,218,582,1,,2913,1,2,10800.0,1080.0,20520.0
1317,42,505,2,3,2709,1,2,13200.0,2640.0,23760.0
1318,507,353,2,2,,1,3,12000.0,0.0,36000.0
1319,39,990,1,,2031,1,1,12000.0,600.0,11400.0
1320,342,648,1,,43,2,2,15000.0,0.0,30000.0
1321,634,596,1,,,2,2,15000.0,600.0,29400.0
1322,634,596,1,,,2,3,16500.0,2475.0,47025.0
1323,226,276,1,,1369,1,3,12000.0,1800.0,34200.0
1324,336,478,1,,2795,2,3,15000.0,2250.0,42750.0
1325,191,1207,2,4,1324,2,1,15000.0,0.0,15000.0
1326,264,533,1,,1624,1,1,10800.0,0.0,10800.0
1327,572,1393,2,4,,2,1,15000.0,750.0,14250.0
1328,572,1393,2,4,,2,3,15000.0,0.0,45000.0
1329,250,843,1,,3179,1,3,13200.0,3960.0,35640.0
1330,250,843,1,,3179,1,2,12000.0,480.0,23520.0
1331,613,252,2,1,654,2,1,15000.0,750.0,14250.0
1332,613,252,2,1,654,1,2,12600.0,504.0,24696.0
1333,257,787,2,1,2373,1,2,12000.0,1200.0,22800.0
1334,257,787,2,1,2373,1,3,10800.0,1620.0,30780.0
1335,137,16,1,,723,2,2,15000.0,0.0,30000.0
1336,575,324,1,,1968,2,3,15000.0,4500.0,40500.0
1337,621,601,2,1,,2,1,15000.0,1500.0,13500.0
1338,621,601,2,1,,2,1,15000.0,300.0,14700.0
1339,61,1368,2,1,721,1,2,12000.0,1200.0,22800.0
1340,61,1368,2,1,721,2,2,15000.0,3000.0,27000.0
1341,40,1306,2,2,2389,2,2,15000.0,0.0,30000.0
1342,504,339,1,,733,1,3,12000.0,720.0,35280.0
1343,266,1108,2,2,2569,2,2,13500.0,2700.0,24300.0
1344,311,1154,1,,341,1,2,12000.0,2400.0,21600.0
1345,366,527,1,,2584,2,2,16500.0,3300.0,29700.0
1346,366,527,1,,2584,2,3,15000.0,4500.0,40500.0
1347,230,319,1,,,2,2,15000.0,0.0,30000.0
1348,230,319,1,,,2,3,15750.0,4725.0,42525.0
1349,287,756,2,4,1283,1,1,10800.0,1080.0,9720.0
1350,287,756,2,4,1283,2,1,15000.0,0.0,15000.0
1351,481,299,1,,1498,2,1,15000.0,300.0,14700.0
1352,316,317,1,,3120,2,3,16500.0,0.0,49500.0
1353,345,917,2,3,2078,2,1,15000.0,300.0,14700.0
1354,333,1378,2,1,1855,1,2,12000.0,0.0,24000.0
1355,292,416,1,,879,2,2,15000.0,600.0,29400.0
1356,539,962,1,,1609,1,2,10800.0,1080.0,20520.0
1357,10,453,1,,1763,2,2,13500.0,1350.0,25650.0
1358,201,113,1,,3040,1,2,12000.0,0.0,24000.0
1359,5,645,1,,1370,2,3,15000.0,900.0,44100.0
1360,97,1212,1,,715,2,3,15000.0,900.0,44100.0
1361,330,468,2,4,1533,1,3,13200.0,792.0,38808.0
1362,178,183,1,,1222,1,3,12600.0,756.0,37044.0
1363,178,183,1,,1222,2,1,15000.0,1500.0,13500.0
1364,498,1096,1,,109,2,1,15750.0,315.0,15435.0
1365,316,1436,2,1,2622,1,3,12000.0,720.0,35280.0
1366,316,1436,2,1,2622,1,2,10800.0,0.0,21600.0
1367,189,1404,1,,2798,1,2,12000.0,480.0,23520.0
1368,57,134,1,,400,1,2,12000.0,1200.0,22800.0
1369,207,691,1,,748,1,3,12000.0,720.0,35280.0
1370,423,92,1,,561,2,3,15000.0,4500.0,40500.0
1371,423,92,1,,561,2,3,15000.0,0.0,45000.0
1372,409,1288,1,,,2,1,15750.0,0.0,15750.0
1373,434,918,1,,2026,1,1,10800.0,0.0,10800.0
1374,25,370,1,,2027,2,2,15000.0,600.0,29400.0
1375,25,370,1,,2027,1,1,12000.0,240.0,11760.0
1376,415,1206,1,,832,1,1,12000.0,240.0,11760.0
1377,415,1206,1,,832,1,1,12000.0,0.0,12000.0
1378,407,104,2,2,1670,2,2,15000.0,600.0,29400.0
1379,259,1356,2,2,2731,2,2,15000.0,1500.0,28500.0
1380,259,1356,2,2,2731,1,2,10800.0,2160.0,19440.0
1381,436,1059,1,,,1,3,12600.0,3780.0,34020.0
1382,436,1059,1,,,2,1,15000.0,750.0,14250.0
1383,436,1059,1,,,1,1,12600.0,252.0,12348.0
1384,614,642,1,,1768,1,3,10800.0,1620.0,30780.0
1385,37,138,1,,561,2,2,16500.0,3300.0,29700.0
1386,37,138,1,,561,1,2,12000.0,1200.0,22800.0
1387,108,484,2,4,2730,1,3,12000.0,0.0,36000.0
1388,256,888,1,,1642,1,2,13200.0,528.0,25872.0
1389,485,264,2,2,2254,2,2,13500.0,0.0,27000.0
1390,304,1409,1,,1431,1,3,12000.0,1800.0,34200.0
1391,408,1072,2,4,1414,1,2,12000.0,0.0,24000.0
1392,604,417,1,,1904,1,2,10800.0,2160.0,19440.0
1393,215,642,1,,287,1,2,12600.0,1260.0,23940.0
1394,627,1047,1,,1266,1,3,12000.0,0.0,36000.0
1395,627,1047,1,,1266,1,3,12000.0,720.0,35280.0
1396,30,1412,1,,2087,2,2,15750.0,1575.0,29925.0
1397,609,1394,1,,2262,1,3,10800.0,3240.0,29160.0
1398,609,1394,1,,2262,1,1,12000.0,600.0,11400.0
1399,32,1215,2,1,322,2,3,15000.0,2250.0,42750.0
1400,32,1215,2,1,322,2,3,15750.0,945.0,46305.0
1401,295,649,2,1,2847,2,1,15750.0,0.0,15750.0
1402,142,1031,2,1,2078,1,2,12000.0,0.0,24000.0
1403,509,315,1,,210,1,1,12000.0,600.0,11400.0
1404,166,1076,2,4,1370,2,1,16500.0,0.0,16500.0
1405,166,1076,2,4,1370,2,1,13500.0,1350.0,12150.0
1406,52,1245,2,1,2233,1,1,12000.0,1200.0,10800.0
1407,604,679,1,,1484,2,1,15000.0,300.0,14700.0
1408,617,248,1,,2157,1,2,12000.0,2400.0,21600.0
1409,124,958,1,,794,1,2,12000.0,0.0,24000.0
1410,351,740,2,4,1742,1,1,13200.0,264.0,12936.0
1411,351,740,2,4,1742,1,3,12000.0,0.0,36000.0
1412,351,740,2,4,1742,1,1,12000.0,240.0,11760.0
1413,437,800,1,,2012,2,2,15000.0,0.0,30000.0
1414,455,1427,2,1,3,1,1,12000.0,1200.0,10800.0
1415,455,1427,2,1,3,2,2,16500.0,1650.0,31350.0
1416,189,1379,1,,2859,2,2,15000.0,600.0,29400.0
1417,441,54,1,,923,2,3,15000.0,900.0,44100.0
1418,441,54,1,,923,1,3,12000.0,0.0,36000.0
1419,178,66,1,,2350,2,1,15750.0,0.0,15750.0
1420,178,66,1,,2350,2,1,15000.0,300.0,14700.0
1421,41,447,2,3,619,2,3,16500.0,0.0,49500.0
1422,376,1351,1,,238,2,3,15750.0,4725.0,42525.0
1423,154,161,1,,1501,2,1,15000.0,750.0,14250.0
1424,326,545,1,,978,1,3,12000.0,1800.0,34200.0
1425,326,545,1,,978,1,1,12600.0,1260.0,11340.0
1426,326,545,1,,978,2,2,15000.0,0.0,30000.0
1427,408,1248,1,,2803,2,2,13500.0,1350.0,25650.0
1428,421,513,2,3,2402,2,3,13500.0,0.0,40500.0
1429,351,397,1,,1817,1,1,12000.0,1200.0,10800.0
1430,13,1015,1,,680,1,2,10800.0,1080.0,20520.0
1431,13,1015,1,,680,1,2,12000.0,2400.0,21600.0
1432,300,1200,1,,859,1,3,13200.0,1980.0,37620.0
1433,32,23,1,,924,1,2,13200.0,2640.0,23760.0
1434,282,1029,1,,,2,3,15000.0,2250.0,42750.0
1435,51,819,1,,2449,1,3,13200.0,0.0,39600.0
1436,120,494,1,,3054,2,2,15000.0,0.0,30000.0
1437,120,494,1,,3054,1,2,12000.0,1200.0,22800.0
1438,601,1406,2,1,26,1,2,12000.0,0.0,24000.0
1439,578,1177,1,,,2,3,13500.0,0.0,40500.0
1440,630,1234,1,,883,1,1,10800.0,540.0,10260.0
1441,623,520,1,,1056,1,3,12000.0,1800.0,34200.0
1442,285,810,2,2,1427,2,2,13500.0,1350.0,25650.0
1443,354,468,1,,2855,1,2,12600.0,0.0,25200.0
1444,452,1331,2,3,2831,1,3,12000.0,720.0,35280.0
1445,452,1331,2,3,2831,1,1,12000.0,240.0,11760.0
1446,474,145,2,4,319,1,2,12600.0,0.0,25200.0
1447,455,39,1,,1857,1,1,12000.0,0.0,12000.0
1448,26,175,1,,,1,3,12000.0,1800.0,34200.0
1449,26,175,1,,,2,1,13500.0,0.0,13500.0
1450,109,276,2,3,,2,1,15000.0,0.0,15000.0
1451,202,1054,1,,866,2,3,16500.0,2475.0,47025.0
1452,202,1054,1,,866,2,1,15750.0,0.0,15750.0
1453,527,690,2,2,2645,1,1,12000.0,600.0,11400.0
1454,566,828,1,,1471,1,2,12000.0,1200.0,22800.0
1455,89,302,2,4,2012,2,2,16500.0,3300.0,29700.0
1456,89,302,2,4,2012,2,3,15000.0,900.0,44100.0
1457,89,302,2,4,2012,1,2,12000.0,480.0,23520.0
1458,189,604,1,,401,1,1,10800.0,216.0,10584.0
1459,37,298,1,,242,1,1,13200.0,264.0,12936.0
1460,549,887,2,3,3173,2,1,15000.0,300.0,14700.0
1461,341,1083,1,,1934,2,2,15000.0,3000.0,27000.0
1462,308,859,1,,1730,2,3,15000.0,0.0,45000.0
1463,237,220,2,4,2993,1,3,13200.0,0.0,39600.0
1464,193,774,2,2,1900,2,3,13500.0,2025.0,38475.0
1465,216,547,1,,1666,1,2,12000.0,0.0,24000.0
1466,207,1127,2,2,1542,1,2,10800.0,432.0,21168.0
1467,207,1127,2,2,1542,1,3,12000.0,3600.0,32400.0
1468,433,839,1,,1340,1,2,12000.0,1200.0,22800.0
1469,570,771,2,3,1256,2,1,15750.0,787.5,14962.5
1470,492,1296,2,4,2895,2,3,15000.0,2250.0,42750.0
1471,478,447,1,,1698,2,1,13500.0,1350.0,12150.0
1472,478,447,1,,1698,1,3,12000.0,0.0,36000.0
1473,157,158,2,3,368,2,2,16500.0,660.0,32340.0
1474,584,1169,1,,1797,1,3,13200.0,0.0,39600.0
1475,531,1010,2,4,1191,1,2,12000.0,1200.0,22800.0
1476,394,758,2,1,1366,1,1,12600.0,1260.0,11340.0
1477,47,974,2,2,564,2,2,15000.0,600.0,29400.0
1478,504,978,2,2,2329,1,3,12600.0,0.0,37800.0
1479,73,447,2,4,846,1,2,13200.0,0.0,26400.0
1480,235,660,1,,3184,1,1,12000.0,240.0,11760.0
1481,235,660,1,,3184,1,1,12600.0,0.0,12600.0
1482,284,918,2,3,2552,1,1,13200.0,264.0,12936.0
1483,474,1015,1,,2125,1,3,12600.0,756.0,37044.0
1484,581,641,1,,2014,2,1,15000.0,0.0,15000.0
1485,322,1184,1,,288,1,3,12600.0,756.0,37044.0
1486,285,1355,1,,2883,1,3,12000.0,0.0,36000.0
1487,300,1399,2,3,,1,2,10800.0,0.0,21600.0
1488,279,333,2,1,1456,1,3,13200.0,792.0,38808.0
1489,279,333,2,1,1456,1,1,12000.0,1200.0,10800.0
1490,622,214,2,1,103,1,2,12000.0,480.0,23520.0
1491,451,1010,2,3,1167,2,1,16500.0,825.0,15675.0
1492,431,531,2,2,778,1,1,12600.0,1260.0,11340.0
1493,506,232,1,,1078,1,2,12600.0,504.0,24696.0
1494,637,545,1,,1374,2,3,15750.0,0.0,47250.0
1495,104,414,1,,2389,2,1,15000.0,300.0,14700.0
1496,319,14,1,,8,2,1,15000.0,0.0,15000.0
1497,535,1059,1,,2460,2,2,15000.0,600.0,29400.0
1498,258,1008,1,,1793,2,3,15000.0,4500.0,40500.0
1499,216,1470,1,,1342,1,3,10800.0,3240.0,29160.0
1500,369,146,1,,1553,1,3,10800.0,0.0,32400.0
1501,542,365,1,,2707,1,2,12600.0,0.0,25200.0
1502,406,1098,2,2,1523,1,3,10800.0,0.0,32400.0
1503,596,1146,1,,367,1,3,12000.0,1800.0,34200.0
1504,552,1109,2,1,3009,1,3,13200.0,1980.0,37620.0
1505,621,308,2,1,,2,3,15750.0,0.0,47250.0
1506,573,578,2,1,1887,2,3,15750.0,0.0,47250.0
1507,540,697,1,,1856,2,1,15000.0,0.0,15000.0
1508,395,110,1,,729,1,3,12000.0,720.0,35280.0
1509,395,110,1,,729,1,1,12000.0,1200.0,10800.0
1510,334,427,1,,2337,2,3,16500.0,990.0,48510.0
1511,110,695,1,,,2,1,13500.0,675.0,12825.0
1512,110,695,1,,,2,1,15000.0,0.0,15000.0
1513,19,493,1,,1606,1,2,12000.0,2400.0,21600.0
1514,277,776,1,,1736,2,2,13500.0,540.0,26460.0
1515,58,1278,1,,2251,1,3,10800.0,648.0,31752.0
1516,366,297,1,,981,2,3,15750.0,945.0,46305.0
1517,143,1455,2,3,2119,1,3,12000.0,3600.0,32400.0
1518,283,728,1,,992,2,3,16500.0,0.0,49500.0
1519,283,728,1,,992,1,2,12000.0,2400.0,21600.0
1520,283,728,1,,992,1,3,12000.0,3600.0,32400.0
1521,497,62,2,1,755,2,3,15750.0,2362.5,44887.5
1522,199,1071,2,3,140,1,3,12600.0,0.0,37800.0
1523,601,880,1,,2798,1,2,12000.0,1200.0,22800.0
1524,106,77,1,,2567,1,3,12000.0,1800.0,34200.0
1525,110,1138,1,,1689,1,3,13200.0,3960.0,35640.0
1526,443,1500,2,3,2393,1,2,12000.0,0.0,24000.0
1527,101,688,1,,1392,2,2,15000.0,3000.0,27000.0
1528,101,688,1,,1392,1,1,12600.0,630.0,11970.0
1529,101,688,1,,1392,1,3,12000.0,720.0,35280.0
1530,18,598,2,4,1945,1,1,12000.0,0.0,12000.0
1531,56,477,2,3,12,2,1,15000.0,300.0,14700.0
1532,351,936,1,,1238,1,2,13200.0,1320.0,25080.0
1533,198,244,1,,,1,2,12000.0,2400.0,21600.0
1534,198,244,1,,,1,3,10800.0,0.0,32400.0
1535,198,244,1,,,1,3,12600.0,0.0,37800.0
1536,416,1360,1,,529,1,1,12000.0,0.0,12000.0
1537,103,449,1,,2598,1,3,12000.0,0.0,36000.0
1538,220,659,2,4,2848,1,3,12000.0,0.0,36000.0
1539,486,457,2,2,1312,1,2,13200.0,528.0,25872.0
1540,486,457,2,2,1312,2,3,15000.0,4500.0,40500.0
1541,539,136,1,,2931,1,3,12600.0,1890.0,35910.0
1542,539,136,1,,2931,1,2,13200.0,2640.0,23760.0
1543,564,1171,2,2,7,1,2,12600.0,504.0,24696.0
1544,379,171,1,,462,1,3,12000.0,3600.0,32400.0
1545,596,425,1,,2848,2,2,15000.0,1500.0,28500.0
1546,513,333,1,,,2,3,15000.0,900.0,44100.0
1547,513,333,1,,,2,1,15000.0,750.0,14250.0
1548,513,333,1,,,1,2,12000.0,1200.0,22800.0
1549,257,1466,1,,1262,2,3,15000.0,0.0,45000.0
1550,62,336,1,,1764,2,3,13500.0,0.0,40500.0
1551,62,336,1,,1764,1,3,10800.0,0.0,32400.0
1552,538,1296,1,,484,2,3,13500.0,2025.0,38475.0
1553,233,514,1,,,1,3,10800.0,648.0,31752.0
1554,412,951,1,,1335,2,1,15000.0,0.0,15000.0
1555,254,1126,2,1,967,2,3,15000.0,4500.0,40500.0
1556,187,802,1,,749,1,2,12600.0,0.0,25200.0
1557,187,802,1,,749,2,3,15000.0,0.0,45000.0
1558,451,1382,1,,2005,2,2,15000.0,1500.0,28500.0
1559,320,1142,2,1,2055,2,2,15000.0,1500.0,28500.0
1560,33,1408,2,2,2953,1,3,12000.0,1800.0,34200.0
1561,33,1408,2,2,2953,1,2,12000.0,1200.0,22800.0
1562,428,61,1,,,1,1,12000.0,240.0,11760.0
1563,584,239,1,,2573,2,3,15000.0,900.0,44100.0
1564,584,239,1,,2573,1,2,12000.0,0.0,24000.0
1565,125,304,2,3,1245,2,2,15000.0,3000.0,27000.0
1566,113,133,1,,1369,1,3,12000.0,1800.0,34200.0
1567,391,1280,1,,2842,1,2,12000.0,2400.0,21600.0
1568,389,687,1,,834,1,3,12000.0,3600.0,32400.0
1569,267,577,2,1,875,2,3,15000.0,4500.0,40500.0
1570,267,577,2,1,875,2,2,15000.0,1500.0,28500.0
1571,103,1414,1,,225,1,1,10800.0,540.0,10260.0
1572,103,1414,1,,225,1,3,12000.0,0.0,36000.0
1573,147,286,1,,1683,1,1,13200.0,1320.0,11880.0
1574,248,675,2,3,3128,2,3,15000.0,0.0,45000.0
1575,248,675,2,3,3128,2,2,16500.0,0.0,33000.0
1576,437,775,2,2,242,1,3,10800.0,648.0,31752.0
1577,404,1224,1,,372,2,1,13500.0,0.0,13500.0
1578,346,822,1,,,2,2,15000.0,600.0,29400.0
1579,122,839,1,,,2,1,15000.0,0.0,15000.0
1580,30,353,1,,425,1,2,12000.0,1200.0,22800.0
1581,576,779,2,4,2093,2,3,15000.0,2250.0,42750.0
1582,308,1317,2,1,1186,1,3,13200.0,0.0,39600.0
1583,365,1247,1,,821,1,3,10800.0,648.0,31752.0
1584,598,1315,1,,,1,2,12000.0,2400.0,21600.0
1585,341,820,2,3,1966,1,2,12000.0,2400.0,21600.0
1586,210,633,1,,2343,1,3,12000.0,0.0,36000.0
1587,210,633,1,,2343,1,1,10800.0,540.0,10260.0
1588,28,187,1,,2609,1,3,12000.0,720.0,35280.0
1589,323,1443,1,,789,2,1,15000.0,750.0,14250.0
1590,535,1225,1,,2979,1,2,12600.0,1260.0,23940.0
1591,541,1092,2,1,2350,2,3,16500.0,2475.0,47025.0
1592,77,193,2,4,3137,2,1,15000.0,1500.0,13500.0
1593,77,193,2,4,3137,2,3,13500.0,810.0,39690.0
1594,55,184,1,,559,2,1,15000.0,300.0,14700.0
1595,55,184,1,,559,1,1,12000.0,0.0,12000.0
1596,103,1356,1,,2436,2,1,15000.0,0.0,15000.0
1597,637,167,2,3,1350,1,1,12600.0,1260.0,11340.0
1598,186,215,1,,,2,3,13500.0,0.0,40500.0
1599,507,416,2,1,262,1,3,12600.0,756.0,37044.0
1600,263,1312,1,,72,2,3,13500.0,810.0,39690.0
1601,279,352,2,2,2038,1,1,12000.0,0.0,12000.0
1602,484,700,1,,2922,2,1,15000.0,300.0,14700.0
1603,484,700,1,,2922,1,1,12000.0,240.0,11760.0
1604,414,608,1,,1136,2,1,15750.0,0.0,15750.0
1605,458,529,1,,,2,3,15000.0,900.0,44100.0
1606,422,980,2,1,2654,1,2,12000.0,0.0,24000.0
1607,422,980,2,1,2654,2,2,15750.0,3150.0,28350.0
1608,329,825,1,,2131,1,1,12600.0,630.0,11970.0
1609,329,825,1,,2131,2,3,16500.0,4950.0,44550.0
1610,58,470,2,2,3200,1,3,12000.0,720.0,35280.0
1611,58,470,2,2,3200,2,2,15750.0,0.0,31500.0
1612,330,590,1,,1772,2,3,16500.0,4950.0,44550.0
1613,85,449,1,,2414,2,1,15000.0,750.0,14250.0
1614,87,814,1,,2702,1,3,12600.0,1890.0,35910.0
1615,105,638,2,4,1052,1,3,12000.0,720.0,35280.0
1616,88,747,1,,245,1,3,12600.0,3780.0,34020.0
1617,611,932,2,3,1432,1,3,12000.0,720.0,35280.0
1618,611,541,1,,310,1,3,12000.0,1800.0,34200.0
1619,611,541,1,,310,2,1,15000.0,300.0,14700.0
1620,383,517,1,,1578,2,1,16500.0,330.0,16170.0
1621,258,1119,1,,2281,1,1,12000.0,1200.0,10800.0
1622,440,549,1,,1756,1,2,13200.0,1320.0,25080.0
1623,277,774,2,2,686,2,1,16500.0,825.0,15675.0
1624,528,1293,1,,451,1,3,12600.0,1890.0,35910.0
1625,508,1301,1,,1048,2,3,13500.0,4050.0,36450.0
1626,609,460,2,4,1554,1,2,12000.0,480.0,23520.0
1627,78,658,1,,307,2,2,15000.0,0.0,30000.0
1628,361,1370,2,3,1750,1,3,12600.0,3780.0,34020.0
1629,68,299,1,,,2,2,15000.0,600.0,29400.0
1630,68,299,1,,,1,1,12600.0,1260.0,11340.0
1631,414,122,1,,36,1,1,12600.0,1260.0,11340.0
1632,414,122,1,,36,2,1,15000.0,0.0,15000.0
1633,158,1413,2,4,2652,2,3,16500.0,4950.0,44550.0
1634,158,1413,2,4,2652,1,2,12600.0,1260.0,23940.0
1635,524,235,2,3,2611,1,3,12000.0,0.0,36000.0
1636,524,235,2,3,2611,1,2,10800.0,2160.0,19440.0
1637,173,880,1,,1456,1,3,12000.0,720.0,35280.0
1638,180,1116,1,,,2,2,15750.0,0.0,31500.0
1639,287,920,1,,1269,2,3,15750.0,0.0,47250.0
1640,287,920,1,,1269,1,3,13200.0,792.0,38808.0
1641,287,920,1,,1269,1,3,12600.0,3780.0,34020.0
1642,429,934,1,,252,2,1,15000.0,750.0,14250.0
1643,27,184,1,,,2,1,15000.0,300.0,14700.0
1644,329,1401,1,,2563,1,1,12000.0,240.0,11760.0
1645,513,1257,1,,808,1,1,12000.0,240.0,11760.0
1646,269,1360,1,,2728,1,1,12000.0,600.0,11400.0
1647,94,63,1,,1101,2,3,15750.0,945.0,46305.0
1648,561,767,1,,,1,3,12000.0,720.0,35280.0
1649,561,767,1,,,2,2,16500.0,3300.0,29700.0
1650,380,677,1,,404,1,1,12000.0,1200.0,10800.0
1651,159,446,1,,743,1,1,12600.0,0.0,12600.0
1652,159,446,1,,743,1,1,12000.0,240.0,11760.0
1653,191,15,1,,,1,2,12000.0,0.0,24000.0
1654,183,1207,1,,1258,1,3,12000.0,1800.0,34200.0
1655,286,721,2,1,2428,1,2,12600.0,1260.0,23940.0
1656,106,142,1,,1786,1,1,12000.0,240.0,11760.0
1657,207,570,1,,585,1,2,12000.0,2400.0,21600.0
1658,49,1111,2,1,1222,1,3,12000.0,3600.0,32400.0
1659,49,1111,2,1,1222,1,2,12000.0,0.0,24000.0
1660,113,1226,1,,,2,1,15750.0,787.5,14962.5
1661,633,165,1,,2621,1,3,12000.0,0.0,36000.0
1662,554,60,2,2,130,2,2,15000.0,600.0,29400.0
1663,192,293,1,,3136,2,1,15000.0,0.0,15000.0
1664,192,293,1,,3136,1,3,10800.0,1620.0,30780.0
1665,423,385,1,,1693,1,1,12000.0,240.0,11760.0
1666,28,748,1,,2478,1,1,10800.0,216.0,10584.0
1667,310,559,1,,2760,2,2,15750.0,630.0,30870.0
1668,60,151,2,4,2037,2,1,15000.0,1500.0,13500.0
1669,92,189,1,,3009,1,3,12600.0,3780.0,34020.0
1670,24,1438,1,,2612,2,1,15000.0,0.0,15000.0
1671,160,503,1,,1853,2,2,15000.0,0.0,30000.0
1672,160,503,1,,1853,1,1,12000.0,0.0,12000.0
1673,513,889,1,,1714,2,1,15000.0,0.0,15000.0
1674,513,889,1,,1714,1,1,10800.0,0.0,10800.0
1675,531,430,2,2,2955,1,2,12000.0,2400.0,21600.0
1676,531,430,2,2,2955,1,2,13200.0,528.0,25872.0
1677,316,998,1,,2955,2,3,15000.0,2250.0,42750.0
1678,560,612,1,,2343,1,1,12000.0,600.0,11400.0
1679,560,612,1,,2343,1,1,10800.0,1080.0,9720.0
1680,421,658,1,,2645,1,2,10800.0,0.0,21600.0
1681,421,658,1,,2645,2,2,16500.0,3300.0,29700.0
1682,452,44,1,,1266,1,3,13200.0,3960.0,35640.0
1683,39,892,1,,618,1,3,10800.0,648.0,31752.0
1684,39,892,1,,618,1,3,10800.0,1620.0,30780.0
1685,106,1360,1,,1248,2,3,13500.0,2025.0,38475.0
1686,73,252,1,,1195,2,1,15000.0,0.0,15000.0
1687,624,197,2,1,460,2,3,15000.0,4500.0,40500.0
1688,624,197,2,1,460,2,3,15000.0,0.0,45000.0
1689,624,197,2,1,460,2,3,15000.0,900.0,44100.0
1690,135,342,2,2,1784,2,1,15000.0,1500.0,13500.0
1691,60,925,2,1,1130,1,3,12000.0,0.0,36000.0
1692,480,779,1,,1753,2,3,15000.0,0.0,45000.0
1693,35,285,1,,3117,1,1,13200.0,0.0,13200.0
1694,325,1121,1,,160,2,3,15000.0,2250.0,42750.0
1695,637,916,1,,2540,2,1,15000.0,0.0,15000.0
1696,637,916,1,,2540,2,1,15000.0,0.0,15000.0
1697,86,818,2,2,1217,2,2,15000.0,3000.0,27000.0
1698,333,826,1,,972,1,2,12600.0,0.0,25200.0
1699,355,1082,1,,517,1,2,12000.0,480.0,23520.0
1700,79,999,1,,740,1,1,10800.0,216.0,10584.0
1701,137,488,1,,38,1,1,12600.0,252.0,12348.0
1702,53,1155,1,,3139,1,3,12000.0,720.0,35280.0
1703,228,1092,2,2,2514,1,1,12000.0,0.0,12000.0
1704,154,221,1,,1221,1,2,10800.0,2160.0,19440.0
1705,154,221,1,,1221,1,2,12000.0,1200.0,22800.0
1706,138,865,1,,3073,1,3,12000.0,720.0,35280.0
1707,466,715,2,1,2178,2,1,15000.0,750.0,14250.0
1708,168,180,1,,1900,1,2,10800.0,2160.0,19440.0
1709,428,650,2,4,2872,1,3,13200.0,3960.0,35640.0
1710,83,208,1,,2913,2,3,15000.0,900.0,44100.0
1711,52,1406,2,3,257,1,2,12000.0,2400.0,21600.0
1712,52,1406,2,3,257,2,2,15000.0,1500.0,28500.0
1713,52,1406,2,3,257,1,1,13200.0,264.0,12936.0
1714,287,353,1,,3184,2,1,16500.0,0.0,16500.0
1715,280,1263,1,,796,1,1,12000.0,1200.0,10800.0
1716,255,1094,2,2,,1,1,10800.0,1080.0,9720.0
1717,201,318,2,4,1304,2,2,13500.0,1350.0,25650.0
1718,121,1257,1,,854,2,3,13500.0,2025.0,38475.0
1719,121,1257,1,,854,1,2,12000.0,2400.0,21600.0
1720,144,551,2,3,742,2,2,15000.0,1500.0,28500.0
1721,72,918,1,,2728,1,2,12000.0,2400.0,21600.0
1722,72,918,1,,2728,1,3,12600.0,756.0,37044.0
1723,89,800,2,2,1117,1,1,10800.0,0.0,10800.0
1724,193,1152,1,,,2,3,15000.0,900.0,44100.0
1725,243,1471,1,,1715,2,2,15000.0,1500.0,28500.0
1726,618,696,1,,2001,2,2,15000.0,3000.0,27000.0
1727,188,945,2,1,1885,2,2,15000.0,600.0,29400.0
1728,407,214,1,,1122,1,1,12000.0,1200.0,10800.0
1729,407,214,1,,1122,1,3,10800.0,3240.0,29160.0
1730,293,465,1,,2404,1,2,12000.0,0.0,24000.0
1731,77,998,1,,,1,2,12000.0,0.0,24000.0
1732,77,998,1,,,1,3,12600.0,3780.0,34020.0
1733,222,144,1,,1728,2,1,15000.0,0.0,15000.0
1734,364,683,1,,,2,3,15000.0,2250.0,42750.0
1735,466,937,1,,1216,1,2,12000.0,2400.0,21600.0
1736,466,937,1,,1216,1,3,13200.0,792.0,38808.0
1737,177,500,1,,44,2,2,15000.0,1500.0,28500.0
1738,101,237,2,4,84,1,3,10800.0,1620.0,30780.0
1739,101,237,2,4,84,2,3,15000.0,0.0,45000.0
1740,227,1371,1,,1971,2,2,15000.0,3000.0,27000.0
1741,462,479,1,,1443,1,3,12600.0,756.0,37044.0
1742,462,479,1,,1443,2,1,13500.0,270.0,13230.0
1743,495,786,2,2,130,1,1,12000.0,600.0,11400.0
1744,170,1148,2,1,839,1,3,12000.0,1800.0,34200.0
1745,170,1148,2,1,839,2,1,15000.0,1500.0,13500.0
1746,317,756,2,3,964,1,3,12000.0,1800.0,34200.0
1747,636,1266,2,2,3123,1,1,12000.0,1200.0,10800.0
1748,235,276,2,3,,2,2,15000.0,1500.0,28500.0
1749,563,174,2,2,153,2,1,15000.0,300.0,14700.0
1750,563,174,2,2,153,2,3,13500.0,810.0,39690.0
1751,624,9,2,2,1089,2,3,15000.0,0.0,45000.0
1752,179,326,1,,2861,1,1,10800.0,1080.0,9720.0
1753,514,1213,2,2,1056,1,2,10800.0,432.0,21168.0
1754,621,550,2,4,1214,1,2,12600.0,504.0,24696.0
1755,398,837,2,2,2361,1,2,12000.0,0.0,24000.0
1756,3,1303,2,1,1855,1,1,10800.0,540.0,10260.0
1757,3,1303,2,1,1855,2,2,15000.0,1500.0,28500.0
1758,518,327,1,,1318,2,3,16500.0,4950.0,44550.0
1759,464,1206,2,1,989,1,1,12000.0,0.0,12000.0
1760,24,942,1,,920,1,1,12000.0,1200.0,10800.0
1761,24,942,1,,920,1,2,12000.0,2400.0,21600.0
1762,526,379,2,2,1310,2,3,15000.0,2250.0,42750.0
1763,526,379,2,2,1310,2,3,15000.0,900.0,44100.0
1764,420,186,1,,2370,1,1,12000.0,0.0,12000.0
1765,523,1264,1,,2655,1,3,12000.0,720.0,35280.0
1766,502,1327,2,1,2686,1,1,13200.0,0.0,13200.0
1767,413,498,1,,1694,1,1,12000.0,600.0,11400.0
1768,314,1439,1,,1789,1,1,12600.0,0.0,12600.0
1769,501,545,2,2,1409,2,1,15750.0,1575.0,14175.0
1770,501,545,2,2,1409,2,2,15000.0,3000.0,27000.0
1771,499,833,1,,425,1,3,12000.0,3600.0,32400.0
1772,238,646,1,,2986,2,1,15000.0,1500.0,13500.0
1773,212,732,1,,138,1,2,12000.0,2400.0,21600.0
1774,181,213,1,,1844,2,2,15750.0,0.0,31500.0
1775,181,213,1,,1844,1,2,12000.0,1200.0,22800.0
1776,370,1365,2,3,2998,1,3,12000.0,720.0,35280.0
1777,309,545,2,1,3047,1,3,10800.0,648.0,31752.0
1778,380,821,2,3,2641,1,1,12000.0,1200.0,10800.0
1779,482,641,2,1,1661,2,2,15750.0,0.0,31500.0
1780,417,468,1,,3,1,2,12000.0,480.0,23520.0
1781,417,468,1,,3,1,3,12000.0,720.0,35280.0
1782,353,609,2,2,1684,2,1,13500.0,675.0,12825.0
1783,353,609,2,2,1684,2,2,15000.0,600.0,29400.0
1784,353,609,2,2,1684,1,3,12600.0,756.0,37044.0
1785,584,880,1,,181,1,3,12000.0,0.0,36000.0
1786,604,237,1,,1644,1,2,12000.0,1200.0,22800.0
1787,339,506,1,,,1,3,12000.0,3600.0,32400.0
1788,228,716,1,,,1,1,12000.0,0.0,12000.0
1789,588,1141,1,,2076,1,3,10800.0,648.0,31752.0
1790,461,1492,1,,289,1,2,12000.0,1200.0,22800.0
1791,461,1492,1,,289,2,1,15000.0,0.0,15000.0
1792,498,1465,1,,378,2,3,13500.0,2025.0,38475.0
1793,335,1133,1,,2359,1,1,10800.0,216.0,10584.0
1794,335,1133,1,,2359,2,2,15000.0,0.0,30000.0
1795,559,1120,1,,1930,1,3,12000.0,3600.0,32400.0
1796,17,692,1,,1950,2,3,15750.0,0.0,47250.0
1797,426,1176,1,,,1,3,12000.0,1800.0,34200.0
1798,476,188,1,,,1,3,12000.0,3600.0,32400.0
1799,465,700,1,,2075,1,3,10800.0,1620.0,30780.0
1800,457,194,2,2,2110,2,1,15000.0,1500.0,13500.0
1801,363,1054,1,,2619,1,1,12600.0,1260.0,11340.0
1802,363,1054,1,,2619,2,1,15000.0,0.0,15000.0
1803,405,993,2,1,,1,1,10800.0,540.0,10260.0
1804,405,993,2,1,,1,3,12000.0,0.0,36000.0
1805,446,337,1,,614,1,2,10800.0,0.0,21600.0
1806,446,337,1,,614,1,3,12000.0,720.0,35280.0
1807,218,218,2,2,1406,1,1,10800.0,540.0,10260.0
1808,73,1456,1,,2237,1,3,12000.0,720.0,35280.0
1809,271,259,2,1,,2,2,15000.0,3000.0,27000.0
1810,190,279,2,4,2523,1,1,12000.0,1200.0,10800.0
1811,190,279,2,4,2523,1,1,10800.0,216.0,10584.0
1812,501,132,1,,785,2,1,16500.0,825.0,15675.0
1813,50,1250,2,2,1400,2,3,15000.0,4500.0,40500.0
1814,537,1354,2,1,1829,1,3,12000.0,720.0,35280.0
1815,537,1354,2,1,1829,1,3,12000.0,3600.0,32400.0
1816,537,1354,2,1,1829,2,2,15750.0,630.0,30870.0
1817,597,1447,1,,2423,1,1,12600.0,1260.0,11340.0
1818,280,995,2,2,583,1,2,13200.0,2640.0,23760.0
1819,280,995,2,2,583,1,2,12000.0,1200.0,22800.0
1820,296,755,1,,1931,1,1,12000.0,0.0,12000.0
1821,213,964,1,,94,2,1,15000.0,0.0,15000.0
1822,206,147,1,,,1,1,12000.0,600.0,11400.0
1823,411,1340,2,1,1871,2,1,13500.0,0.0,13500.0
1824,411,1340,2,1,1871,1,3,10800.0,648.0,31752.0
1825,486,544,1,,330,1,1,12000.0,600.0,11400.0
1826,544,667,1,,746,1,3,12000.0,3600.0,32400.0
1827,260,1200,2,4,,1,3,12000.0,0.0,36000.0
1828,164,1251,1,,1588,1,2,10800.0,2160.0,19440.0
1829,239,1187,1,,2293,1,1,12000.0,240.0,11760.0
1830,239,1187,1,,2293,2,1,15000.0,1500.0,13500.0
1831,24,1158,2,3,280,1,3,12000.0,720.0,35280.0
1832,277,250,1,,3141,2,3,15750.0,2362.5,44887.5
1833,357,618,1,,1233,1,1,13200.0,264.0,12936.0
1834,560,1319,2,3,2417,2,1,15750.0,0.0,15750.0
1835,313,5,2,2,1007,2,3,15750.0,4725.0,42525.0
1836,397,1390,1,,2855,2,3,16500.0,4950.0,44550.0
1837,397,1390,1,,2855,2,1,15750.0,1575.0,14175.0
1838,367,761,1,,2592,2,3,13500.0,2025.0,38475.0
1839,334,16,2,4,,1,2,12000.0,1200.0,22800.0
1840,334,16,2,4,,2,2,13500.0,540.0,26460.0
1841,209,261,1,,89,1,1,12000.0,240.0,11760.0
1842,580,18,1,,1533,1,2,12600.0,2520.0,22680.0
1843,580,18,1,,1533,1,1,13200.0,0.0,13200.0
1844,580,18,1,,1533,2,3,15000.0,0.0,45000.0
1845,559,1320,1,,1011,2,3,15000.0,4500.0,40500.0
1846,100,1010,1,,2611,2,1,15000.0,300.0,14700.0
1847,89,614,2,1,3142,2,3,15750.0,945.0,46305.0
1848,89,614,2,1,3142,2,3,13500.0,2025.0,38475.0
1849,481,1264,1,,1993,1,1,12000.0,1200.0,10800.0
1850,238,1134,1,,1819,2,2,13500.0,1350.0,25650.0
1851,406,385,1,,2909,1,1,13200.0,264.0,12936.0
1852,406,385,1,,2909,2,2,15000.0,0.0,30000.0
1853,201,235,1,,2038,2,1,15000.0,1500.0,13500.0
1854,311,1388,1,,16,1,1,12600.0,252.0,12348.0
1855,538,398,1,,34,1,3,12000.0,720.0,35280.0
1856,560,774,1,,2010,1,1,13200.0,0.0,13200.0
1857,521,833,1,,1733,2,1,15000.0,300.0,14700.0
1858,18,195,2,2,2698,2,2,15000.0,1500.0,28500.0
1859,364,355,2,2,,1,2,12000.0,0.0,24000.0
1860,487,1095,2,2,2577,1,1,12000.0,600.0,11400.0
1861,189,1374,2,2,82,1,3,12000.0,720.0,35280.0
1862,189,1374,2,2,82,2,3,15750.0,4725.0,42525.0
1863,189,1374,2,2,82,2,2,15750.0,0.0,31500.0
1864,393,1426,1,,,2,2,15750.0,630.0,30870.0
1865,193,1226,1,,3040,1,1,12000.0,600.0,11400.0
1866,350,561,1,,,2,3,16500.0,2475.0,47025.0
1867,121,756,1,,2847,2,2,13500.0,2700.0,24300.0
1868,121,756,1,,2847,2,1,15000.0,0.0,15000.0
1869,119,418,2,1,2513,1,1,12000.0,0.0,12000.0
1870,132,1213,1,,1381,2,3,15000.0,4500.0,40500.0
1871,324,600,2,3,2364,1,2,13200.0,1320.0,25080.0
1872,212,242,2,3,739,1,2,13200.0,0.0,26400.0
1873,212,242,2,3,739,1,2,12000.0,0.0,24000.0
1874,276,341,2,1,2034,1,3,12000.0,0.0,36000.0
1875,549,325,2,1,3053,2,3,16500.0,990.0,48510.0
1876,549,325,2,1,3053,2,1,15000.0,0.0,15000.0
1877,39,104,1,,1602,1,1,12000.0,240.0,11760.0
1878,280,1125,2,1,1871,2,1,15000.0,1500.0,13500.0
1879,280,1125,2,1,1871,2,2,15000.0,3000.0,27000.0
1880,580,598,1,,,2,2,15000.0,600.0,29400.0
1881,580,598,1,,,2,3,15000.0,0.0,45000.0
1882,580,598,1,,,1,1,10800.0,1080.0,9720.0
1883,447,20,1,,3130,2,3,15000.0,4500.0,40500.0
1884,447,20,1,,3130,2,2,15750.0,1575.0,29925.0
1885,566,656,1,,2147,1,3,12000.0,0.0,36000.0
1886,637,319,2,3,2443,1,2,12000.0,480.0,23520.0
1887,637,319,2,3,2443,2,2,15000.0,3000.0,27000.0
1888,59,922,2,3,690,2,3,15750.0,945.0,46305.0
1889,59,922,2,3,690,1,3,13200.0,1980.0,37620.0
1890,94,868,2,1,2109,1,2,12000.0,1200.0,22800.0
1891,152,31,2,1,3127,1,1,10800.0,1080.0,9720.0
1892,8,890,2,4,525,2,3,15000.0,0.0,45000.0
1893,538,643,1,,1310,2,1,15000.0,300.0,14700.0
1894,317,1110,1,,665,2,1,13500.0,0.0,13500.0
1895,261,1210,1,,1094,1,2,12000.0,1200.0,22800.0
1896,261,1210,1,,1094,2,1,15000.0,750.0,14250.0
1897,261,1210,1,,1094,1,2,12000.0,1200.0,22800.0
1898,193,1041,2,1,1248,1,2,12000.0,0.0,24000.0
1899,150,561,1,,2600,2,2,13500.0,1350.0,25650.0
1900,150,561,1,,2600,1,3,12600.0,3780.0,34020.0
1901,369,812,1,,750,1,1,12600.0,1260.0,11340.0
1902,319,1219,2,3,3095,1,3,13200.0,1980.0,37620.0
1903,69,1246,2,3,2928,1,2,12000.0,0.0,24000.0
1904,69,1246,2,3,2928,1,1,12600.0,0.0,12600.0
1905,340,116,1,,2356,1,3,12600.0,1890.0,35910.0
1906,353,204,2,2,1630,1,2,12000.0,480.0,23520.0
1907,485,116,2,3,2438,1,1,12600.0,0.0,12600.0
1908,190,491,1,,1420,1,1,12600.0,0.0,12600.0
1909,601,1281,1,,1012,2,3,15000.0,900.0,44100.0
1910,601,1281,1,,1012,1,3,12600.0,756.0,37044.0
1911,484,384,2,2,1588,1,2,12000.0,2400.0,21600.0
1912,484,384,2,2,1588,1,3,12000.0,3600.0,32400.0
1913,484,384,2,2,1588,2,2,15000.0,600.0,29400.0
1914,580,595,2,3,2635,1,1,12000.0,600.0,11400.0
1915,421,185,1,,1616,2,1,15000.0,300.0,14700.0
1916,421,185,1,,1616,1,1,10800.0,1080.0,9720.0
1917,566,1329,1,,1914,2,3,15000.0,4500.0,40500.0
1918,20,458,2,4,1145,1,3,12000.0,3600.0,32400.0
1919,20,458,2,4,1145,1,2,10800.0,432.0,21168.0
1920,82,711,1,,845,1,1,12000.0,1200.0,10800.0
1921,42,1169,1,,23,2,3,15000.0,0.0,45000.0
1922,164,1185,1,,472,1,1,12000.0,1200.0,10800.0
1923,164,1185,1,,472,2,3,15000.0,900.0,44100.0
1924,121,1042,2,1,1539,1,1,12000.0,1200.0,10800.0
1925,121,1042,2,1,1539,2,1,15750.0,0.0,15750.0
1926,121,1042,2,1,1539,1,3,12000.0,1800.0,34200.0
1927,48,941,2,1,1277,1,2,12600.0,504.0,24696.0
1928,191,963,2,3,229,1,2,12000.0,480.0,23520.0
1929,191,963,2,3,229,2,3,13500.0,810.0,39690.0
1930,404,642,1,,3154,1,2,12600.0,0.0,25200.0
1931,404,642,1,,3154,1,2,12000.0,480.0,23520.0
1932,105,948,2,1,873,2,2,15000.0,600.0,29400.0
1933,105,948,2,1,873,2,1,15000.0,1500.0,13500.0
1934,105,948,2,1,873,1,2,12600.0,504.0,24696.0
1935,131,1356,1,,2311,1,3,10800.0,1620.0,30780.0
1936,34,708,1,,356,2,1,16500.0,825.0,15675.0
1937,34,708,1,,356,2,1,15000.0,300.0,14700.0
1938,47,841,2,1,1931,2,2,13500.0,1350.0,25650.0
1939,592,1325,2,2,2800,1,1,12000.0,0.0,12000.0
1940,592,1325,2,2,2800,2,1,15000.0,300.0,14700.0
1941,4,703,1,,1020,1,1,12000.0,1200.0,10800.0
1942,273,748,1,,161,1,3,12600.0,3780.0,34020.0
1943,124,1219,2,4,,2,1,15000.0,300.0,14700.0
1944,83,1358,2,1,769,2,1,13500.0,675.0,12825.0
1945,83,1358,2,1,769,1,3,12000.0,3600.0,32400.0
1946,198,395,1,,2463,1,2,12000.0,0.0,24000.0
1947,198,395,1,,2463,1,1,12000.0,1200.0,10800.0
1948,333,536,1,,,1,3,12000.0,1800.0,34200.0
1949,333,536,1,,,1,2,10800.0,0.0,21600.0
1950,531,31,2,1,,2,3,15000.0,4500.0,40500.0
1951,531,31,2,1,,2,3,16500.0,0.0,49500.0
1952,1,1414,1,,1766,2,3,15000.0,4500.0,40500.0
1953,82,963,1,,,1,2,12000.0,480.0,23520.0
1954,582,780,1,,2458,1,1,13200.0,1320.0,11880.0
1955,582,780,1,,2458,1,2,10800.0,432.0,21168.0
1956,3,489,1,,2316,1,3,12600.0,0.0,37800.0
1957,476,42,2,3,97,2,2,13500.0,2700.0,24300.0
1958,476,42,2,3,97,2,1,13500.0,675.0,12825.0
1959,102,228,2,1,2357,2,2,16500.0,660.0,32340.0
1960,102,228,2,1,2357,1,2,13200.0,2640.0,23760.0
1961,410,670,1,,1043,1,2,12000.0,0.0,24000.0
1962,204,652,2,2,2811,2,3,13500.0,810.0,39690.0
1963,258,308,2,1,,1,3,10800.0,3240.0,29160.0
1964,258,308,2,1,,1,3,12000.0,0.0,36000.0
1965,363,1094,1,,2085,1,2,12000.0,0.0,24000.0
1966,363,1094,1,,2085,2,3,15000.0,900.0,44100.0
1967,191,76,2,3,804,2,1,15000.0,300.0,14700.0
1968,191,76,2,3,804,2,2,15000.0,1500.0,28500.0
1969,229,1435,1,,95,1,1,12000.0,1200.0,10800.0
1970,277,703,1,,2743,1,1,13200.0,264.0,12936.0
1971,577,792,2,1,491,1,1,13200.0,0.0,13200.0
1972,138,332,1,,2284,1,1,10800.0,540.0,10260.0
1973,396,69,1,,1391,2,1,15000.0,750.0,14250.0
1974,396,69,1,,1391,2,3,13500.0,4050.0,36450.0
1975,396,69,1,,1391,1,2,12600.0,504.0,24696.0
1976,183,311,2,4,413,2,1,15000.0,750.0,14250.0
1977,506,724,1,,,2,2,15750.0,3150.0,28350.0
1978,564,1238,1,,339,1,2,12600.0,1260.0,23940.0
1979,83,488,2,3,,2,3,15750.0,945.0,46305.0
1980,311,1435,2,3,2939,1,3,12000.0,1800.0,34200.0
1981,486,612,2,3,979,2,1,15000.0,1500.0,13500.0
1982,53,1116,2,3,2196,2,2,16500.0,0.0,33000.0
1983,235,1496,1,,,2,1,15000.0,0.0,15000.0
1984,235,1496,1,,,2,1,15000.0,300.0,14700.0
1985,27,559,2,2,2428,1,1,12600.0,630.0,11970.0
1986,366,745,2,3,850,1,3,12000.0,1800.0,34200.0
1987,366,745,2,3,850,2,3,16500.0,0.0,49500.0
1988,345,790,1,,2312,2,2,15750.0,630.0,30870.0
1989,345,790,1,,2312,1,2,12000.0,0.0,24000.0
1990,101,67,2,4,1105,1,1,12000.0,0.0,12000.0
1991,421,1029,1,,1247,1,3,10800.0,0.0,32400.0
1992,599,1360,2,1,80,2,3,15000.0,4500.0,40500.0
1993,540,1366,1,,1652,1,2,12000.0,0.0,24000.0
1994,416,404,1,,2336,1,3,12600.0,756.0,37044.0
1995,350,102,2,2,,1,1,12000.0,1200.0,10800.0
1996,639,1386,1,,1502,2,2,16500.0,3300.0,29700.0
1997,131,1026,1,,1906,2,1,15000.0,750.0,14250.0
1998,131,1026,1,,1906,1,2,12600.0,0.0,25200.0
1999,131,1026,1,,1906,1,3,12600.0,1890.0,35910.0
2000,212,185,1,,,2,2,13500.0,2700.0,24300.0
2001,87,875,1,,803,1,3,12000.0,0.0,36000.0
2002,518,1054,2,4,1976,1,1,12000.0,240.0,11760.0
2003,518,1054,2,4,1976,1,1,12600.0,1260.0,11340.0
2004,577,351,1,,1002,2,1,15000.0,750.0,14250.0
2005,609,1162,1,,1691,1,3,12000.0,0.0,36000.0
2006,366,1237,1,,1895,2,3,15000.0,0.0,45000.0
2007,614,633,2,1,1653,2,3,15750.0,4725.0,42525.0
2008,250,405,1,,2089,2,3,15000.0,4500.0,40500.0
2009,331,244,1,,,1,1,12000.0,0.0,12000.0
2010,331,244,1,,,1,2,12600.0,0.0,25200.0
2011,522,1048,2,1,2525,1,2,13200.0,1320.0,25080.0
2012,522,1048,2,1,2525,2,1,13500.0,675.0,12825.0
2013,158,324,2,1,1929,1,1,12000.0,1200.0,10800.0
2014,158,324,2,1,1929,1,3,12000.0,0.0,36000.0
2015,325,179,1,,982,1,3,12600.0,1890.0,35910.0
2016,357,518,2,4,3026,2,1,15000.0,750.0,14250.0
2017,357,518,2,4,3026,1,2,12000.0,480.0,23520.0
2018,472,222,1,,140,2,2,15000.0,600.0,29400.0
2019,436,1301,1,,2286,2,1,15750.0,1575.0,14175.0
2020,186,884,1,,619,1,2,12000.0,2400.0,21600.0
2021,219,865,2,3,2863,1,3,12000.0,1800.0,34200.0
2022,1,576,1,,736,2,3,15000.0,2250.0,42750.0
2023,1,576,1,,736,1,2,12000.0,1200.0,22800.0
2024,245,642,2,1,2602,1,1,12000.0,600.0,11400.0
2025,393,1318,1,,1634,1,3,12600.0,3780.0,34020.0
2026,463,1392,1,,2702,1,2,10800.0,2160.0,19440.0
2027,463,1392,1,,2702,1,2,10800.0,0.0,21600.0
2028,88,22,2,3,942,2,2,15750.0,1575.0,29925.0
2029,505,1086,2,1,2131,1,3,12000.0,1800.0,34200.0
2030,315,995,1,,547,2,1,15750.0,1575.0,14175.0
2031,315,995,1,,547,1,2,12600.0,504.0,24696.0
2032,317,1362,1,,678,2,2,15000.0,3000.0,27000.0
2033,317,1362,1,,678,2,2,15000.0,1500.0,28500.0
2034,317,1362,1,,678,2,1,15000.0,1500.0,13500.0
2035,101,1176,2,3,313,2,1,15000.0,300.0,14700.0
2036,239,991,2,3,268,1,1,12000.0,1200.0,10800.0
2037,92,461,2,4,2910,2,1,15000.0,1500.0,13500.0
2038,92,461,2,4,2910,1,1,12000.0,600.0,11400.0
2039,413,656,2,4,2714,2,2,16500.0,660.0,32340.0
2040,98,1327,1,,2853,1,1,12000.0,1200.0,10800.0
2041,98,1327,1,,2853,2,3,15000.0,900.0,44100.0
2042,151,974,2,3,61,1,3,12000.0,0.0,36000.0
2043,426,305,1,,1168,2,3,15000.0,2250.0,42750.0
2044,549,858,1,,1449,2,3,13500.0,0.0,40500.0
2045,533,1078,1,,341,2,3,15000.0,2250.0,42750.0
2046,533,1078,1,,341,1,1,12000.0,0.0,12000.0
2047,163,1382,1,,1505,2,1,15000.0,750.0,14250.0
2048,9,739,2,3,2501,1,2,12000.0,2400.0,21600.0
2049,532,878,1,,2454,2,1,15000.0,750.0,14250.0
2050,532,878,1,,2454,1,2,12000.0,480.0,23520.0
2051,465,863,1,,1026,2,3,15000.0,4500.0,40500.0
2052,82,504,2,3,876,2,1,15000.0,750.0,14250.0
2053,372,810,1,,493,2,2,15000.0,3000.0,27000.0
2054,398,1339,1,,2550,1,3,12000.0,720.0,35280.0
2055,387,769,1,,665,1,3,12000.0,0.0,36000.0
2056,233,952,1,,3038,2,1,15750.0,0.0,15750.0
2057,138,389,1,,,1,2,13200.0,0.0,26400.0
2058,138,389,1,,,2,3,15000.0,0.0,45000.0
2059,599,1039,1,,707,2,1,15750.0,0.0,15750.0
2060,184,91,1,,2751,1,3,12000.0,3600.0,32400.0
2061,173,1190,1,,2598,1,3,12000.0,720.0,35280.0
2062,574,762,2,1,1518,1,2,12000.0,1200.0,22800.0
2063,574,762,2,1,1518,1,2,12600.0,504.0,24696.0
2064,84,520,2,1,2118,1,3,12000.0,1800.0,34200.0
2065,84,520,2,1,2118,1,3,12000.0,3600.0,32400.0
2066,472,604,2,2,670,1,3,10800.0,1620.0,30780.0
2067,472,604,2,2,670,1,2,12000.0,480.0,23520.0
2068,361,1133,1,,1413,2,3,15000.0,900.0,44100.0
2069,336,1401,1,,983,1,2,10800.0,432.0,21168.0
2070,336,1401,1,,983,2,2,15750.0,0.0,31500.0
2071,136,298,2,1,,1,2,12000.0,0.0,24000.0
2072,423,1104,1,,923,2,1,13500.0,270.0,13230.0
2073,308,1309,1,,,1,2,12000.0,1200.0,22800.0
2074,499,483,2,4,1160,1,3,12000.0,720.0,35280.0
2075,172,208,1,,2835,1,1,12000.0,1200.0,10800.0
2076,619,1493,2,4,408,1,3,12000.0,720.0,35280.0
2077,141,746,1,,1208,1,1,12000.0,0.0,12000.0
2078,405,1263,1,,2900,2,2,15000.0,3000.0,27000.0
2079,470,878,1,,1253,1,2,12000.0,480.0,23520.0
2080,470,878,1,,1253,2,1,15000.0,750.0,14250.0
2081,582,625,2,4,2315,2,1,15750.0,787.5,14962.5
2082,473,1236,1,,508,2,1,15000.0,750.0,14250.0
2083,473,1236,1,,508,2,1,15750.0,1575.0,14175.0
2084,495,700,1,,1183,1,2,12000.0,1200.0,22800.0
2085,465,777,1,,334,2,1,15750.0,787.5,14962.5
2086,43,1341,1,,2622,1,2,12000.0,0.0,24000.0
2087,295,1168,1,,1193,1,2,10800.0,1080.0,20520.0
2088,73,715,2,2,1545,1,2,12000.0,1200.0,22800.0
2089,450,26,2,4,2977,1,3,12000.0,1800.0,34200.0
2090,194,1469,1,,1812,1,3,12000.0,720.0,35280.0
2091,194,1469,1,,1812,2,2,15750.0,0.0,31500.0
2092,354,783,1,,2539,2,1,15000.0,0.0,15000.0
2093,248,1323,2,1,1308,2,1,13500.0,270.0,13230.0
2094,546,8,2,4,,2,3,13500.0,0.0,40500.0
2095,546,8,2,4,,2,2,16500.0,3300.0,29700.0
2096,363,336,2,2,748,2,3,13500.0,0.0,40500.0
2097,363,336,2,2,748,1,3,12000.0,720.0,35280.0
2098,151,386,1,,2851,2,3,15000.0,0.0,45000.0
2099,630,1375,2,4,716,1,3,12000.0,3600.0,32400.0
2100,530,162,1,,273,1,3,12000.0,720.0,35280.0
2101,64,1203,2,3,1531,1,3,12000.0,720.0,35280.0
2102,255,835,1,,707,1,3,13200.0,3960.0,35640.0
2103,75,566,2,1,1495,1,3,13200.0,3960.0,35640.0
2104,75,566,2,1,1495,2,1,13500.0,0.0,13500.0
2105,406,383,1,,1606,2,2,13500.0,0.0,27000.0
2106,164,746,1,,,1,2,10800.0,2160.0,19440.0
2107,164,746,1,,,1,1,12000.0,0.0,12000.0
2108,96,383,2,1,573,1,1,12000.0,0.0,12000.0
2109,96,383,2,1,573,1,1,12000.0,1200.0,10800.0
2110,633,1419,1,,2663,1,2,12000.0,0.0,24000.0
2111,633,1419,1,,2663,1,2,10800.0,0.0,21600.0
2112,633,1419,1,,2663,1,2,12000.0,0.0,24000.0
2113,326,1037,2,3,678,2,1,15000.0,750.0,14250.0
2114,25,775,2,3,832,1,1,12000.0,1200.0,10800.0
2115,432,1015,1,,,2,3,15750.0,2362.5,44887.5
2116,525,1197,2,1,,2,1,13500.0,0.0,13500.0
2117,525,1197,2,1,,1,2,12000.0,1200.0,22800.0
2118,454,773,2,3,676,1,3,12000.0,0.0,36000.0
2119,454,773,2,3,676,2,2,15000.0,0.0,30000.0
2120,556,413,1,,1163,2,2,16500.0,660.0,32340.0
2121,604,681,1,,3013,2,1,15000.0,750.0,14250.0
2122,604,681,1,,3013,2,3,15000.0,4500.0,40500.0
2123,524,1425,2,4,3001,1,1,12600.0,252.0,12348.0
2124,590,394,1,,1158,2,3,15000.0,2250.0,42750.0
2125,533,942,2,2,1767,2,1,15000.0,300.0,14700.0
2126,533,942,2,2,1767,1,2,12000.0,480.0,23520.0
2127,533,942,2,2,1767,2,2,15750.0,1575.0,29925.0
2128,521,1238,2,2,450,2,3,15000.0,4500.0,40500.0
2129,521,1238,2,2,450,2,2,15000.0,0.0,30000.0
2130,439,1045,1,,2995,1,3,12000.0,3600.0,32400.0
2131,505,594,2,4,1361,1,3,12000.0,720.0,35280.0
2132,505,594,2,4,1361,1,3,12000.0,720.0,35280.0
2133,504,58,1,,1104,2,1,15750.0,1575.0,14175.0
2134,392,1008,2,4,776,2,3,16500.0,4950.0,44550.0
2135,392,1008,2,4,776,1,2,10800.0,1080.0,20520.0
2136,392,1008,2,4,776,2,2,13500.0,1350.0,25650.0
2137,136,1028,2,3,884,1,2,12600.0,504.0,24696.0
2138,136,1028,2,3,884,1,1,13200.0,264.0,12936.0
2139,489,1024,2,4,2312,1,3,12000.0,0.0,36000.0
2140,349,426,1,,2136,1,2,12600.0,0.0,25200.0
2141,518,90,1,,1766,2,2,15750.0,630.0,30870.0
2142,621,728,1,,2604,2,3,13500.0,2025.0,38475.0
2143,94,294,1,,2182,2,3,15000.0,2250.0,42750.0
2144,443,200,1,,566,2,1,13500.0,270.0,13230.0
2145,62,676,2,2,448,2,3,13500.0,0.0,40500.0
2146,424,694,1,,3106,2,3,16500.0,0.0,49500.0
2147,476,800,2,4,310,2,2,15750.0,3150.0,28350.0
2148,497,1418,1,,1243,1,1,12000.0,1200.0,10800.0
2149,101,245,1,,2528,1,3,12600.0,3780.0,34020.0
2150,504,441,1,,1563,1,3,12000.0,3600.0,32400.0
2151,437,393,1,,186,2,3,15000.0,4500.0,40500.0
2152,437,393,1,,186,2,3,15000.0,2250.0,42750.0
2153,627,1428,1,,1201,2,3,15000.0,2250.0,42750.0
2154,184,852,1,,1942,2,3,15000.0,900.0,44100.0
2155,38,379,1,,47,1,2,12000.0,1200.0,22800.0
2156,262,653,1,,2828,1,2,12000.0,480.0,23520.0
2157,559,230,1,,3050,1,3,12600.0,0.0,37800.0
2158,598,310,1,,56,1,3,12000.0,0.0,36000.0
2159,576,689,1,,1954,2,1,15000.0,1500.0,13500.0
2160,187,715,2,2,1547,1,2,12000.0,1200.0,22800.0
2161,592,520,1,,342,1,1,12000.0,600.0,11400.0
2162,592,520,1,,342,2,2,15000.0,0.0,30000.0
2163,575,896,1,,971,2,3,15000.0,2250.0,42750.0
2164,561,703,1,,3080,2,3,15000.0,0.0,45000.0
2165,323,1365,2,3,1739,1,1,12600.0,0.0,12600.0
2166,363,746,2,2,,2,1,15000.0,0.0,15000.0
2167,439,789,2,2,1178,1,3,13200.0,1980.0,37620.0
2168,549,77,1,,2207,1,2,12000.0,1200.0,22800.0
2169,164,953,1,,1520,2,3,15000.0,4500.0,40500.0
2170,164,953,1,,1520,2,2,15000.0,3000.0,27000.0
2171,271,515,1,,548,1,1,12000.0,0.0,12000.0
2172,240,1066,1,,2218,1,2,12000.0,0.0,24000.0
2173,120,1081,1,,1087,1,2,13200.0,2640.0,23760.0
2174,120,1081,1,,1087,1,1,12000.0,0.0,12000.0
2175,120,1081,1,,1087,2,3,13500.0,0.0,40500.0
2176,305,1232,1,,868,1,3,12600.0,1890.0,35910.0
2177,196,585,2,4,2349,2,2,15000.0,1500.0,28500.0
2178,451,624,2,1,2020,1,2,12000.0,2400.0,21600.0
2179,451,624,2,1,2020,1,1,12000.0,600.0,11400.0
2180,77,931,2,1,2911,2,2,15000.0,0.0,30000.0
2181,204,932,1,,859,2,1,15000.0,300.0,14700.0
2182,204,932,1,,859,2,1,15000.0,0.0,15000.0
2183,40,930,1,,1166,1,1,12000.0,600.0,11400.0
2184,436,1114,2,3,407,1,1,12000.0,240.0,11760.0
2185,12,746,1,,2635,1,3,13200.0,1980.0,37620.0
2186,596,1306,1,,2976,1,2,12000.0,1200.0,22800.0
2187,9,741,1,,498,1,2,12000.0,2400.0,21600.0
2188,486,1305,2,4,2707,2,3,13500.0,810.0,39690.0
2189,434,435,1,,1683,1,2,12000.0,480.0,23520.0
2190,434,435,1,,1683,1,1,10800.0,0.0,10800.0
2191,364,217,2,2,,2,1,15000.0,0.0,15000.0
2192,364,217,2,2,,2,1,15000.0,300.0,14700.0
2193,513,944,2,3,2224,1,3,12000.0,1800.0,34200.0
2194,513,944,2,3,2224,1,2,12000.0,0.0,24000.0
2195,338,595,2,1,412,1,1,12000.0,0.0,12000.0
2196,338,595,2,1,412,1,1,12000.0,600.0,11400.0
2197,9,156,2,2,2981,1,2,10800.0,0.0,21600.0
2198,533,1323,2,2,2183,2,2,15000.0,3000.0,27000.0
2199,533,1323,2,2,2183,1,3,12000.0,0.0,36000.0
2200,152,1345,1,,261,2,1,15000.0,300.0,14700.0
2201,26,860,1,,2629,1,2,12000.0,2400.0,21600.0
2202,205,136,2,1,5,1,2,12000.0,2400.0,21600.0
2203,277,1460,2,1,405,1,2,10800.0,2160.0,19440.0
2204,277,1460,2,1,405,1,3,10800.0,3240.0,29160.0
2205,320,23,1,,2925,1,1,12000.0,1200.0,10800.0
2206,98,258,1,,1226,1,1,12000.0,600.0,11400.0
2207,47,1343,2,4,1159,1,1,13200.0,0.0,13200.0
2208,47,1343,2,4,1159,1,3,10800.0,1620.0,30780.0
2209,103,311,1,,40,1,3,13200.0,1980.0,37620.0
2210,103,311,1,,40,1,2,12000.0,1200.0,22800.0
2211,275,662,1,,1776,1,1,12000.0,1200.0,10800.0
2212,135,538,2,1,173,1,1,12000.0,1200.0,10800.0
2213,284,1212,1,,2220,1,1,13200.0,264.0,12936.0
2214,428,282,2,1,197,2,2,15000.0,600.0,29400.0
2215,44,1248,1,,3064,2,3,15000.0,4500.0,40500.0
2216,310,294,2,3,,1,2,13200.0,1320.0,25080.0
2217,86,1148,1,,825,2,3,15000.0,0.0,45000.0
2218,436,475,1,,1422,2,3,15000.0,2250.0,42750.0
2219,608,1492,1,,1614,1,1,12000.0,1200.0,10800.0
2220,608,1492,1,,1614,2,2,15000.0,0.0,30000.0
2221,319,1004,1,,704,1,1,12600.0,252.0,12348.0
2222,319,1004,1,,704,1,2,12000.0,0.0,24000.0
2223,507,427,1,,,2,2,16500.0,1650.0,31350.0
2224,507,427,1,,,2,2,15000.0,3000.0,27000.0
2225,395,1490,1,,26,2,3,13500.0,4050.0,36450.0
2226,329,1403,1,,,1,2,12600.0,1260.0,23940.0
2227,103,142,1,,3146,1,2,12000.0,0.0,24000.0
2228,564,890,2,3,,1,3,12600.0,1890.0,35910.0
2229,353,1265,1,,2925,1,2,13200.0,0.0,26400.0
2230,63,612,1,,2153,2,3,15750.0,945.0,46305.0
2231,8,166,1,,2332,2,1,13500.0,675.0,12825.0
2232,153,330,2,2,2141,2,3,16500.0,990.0,48510.0
2233,153,330,2,2,2141,2,1,15000.0,300.0,14700.0
2234,176,1467,2,3,987,2,1,16500.0,0.0,16500.0
2235,406,899,1,,1987,1,2,12600.0,504.0,24696.0
2236,406,899,1,,1987,1,3,10800.0,648.0,31752.0
2237,258,728,1,,1922,1,2,12000.0,480.0,23520.0
2238,147,1097,2,3,1262,2,3,13500.0,810.0,39690.0
2239,147,1097,2,3,1262,2,1,15000.0,750.0,14250.0
2240,423,1003,1,,1493,2,1,15750.0,1575.0,14175.0
2241,197,1147,2,3,2541,1,1,12600.0,0.0,12600.0
2242,249,747,2,4,85,2,3,15750.0,945.0,46305.0
2243,249,747,2,4,85,2,3,15000.0,900.0,44100.0
2244,249,747,2,4,85,1,1,12000.0,240.0,11760.0
2245,375,956,2,4,1785,2,1,15750.0,787.5,14962.5
2246,29,379,2,4,2297,2,2,15750.0,3150.0,28350.0
2247,349,115,1,,3058,2,2,15750.0,630.0,30870.0
2248,438,293,1,,1450,2,2,15750.0,630.0,30870.0
2249,457,1002,2,2,1190,1,2,13200.0,1320.0,25080.0
2250,457,1002,2,2,1190,2,3,15750.0,945.0,46305.0
2251,457,1002,2,2,1190,2,3,13500.0,2025.0,38475.0
2252,589,1015,2,1,1208,2,2,16500.0,1650.0,31350.0
2253,390,126,1,,,1,1,12000.0,0.0,12000.0
2254,390,126,1,,,2,3,15000.0,2250.0,42750.0
2255,231,946,1,,595,1,1,12000.0,600.0,11400.0
2256,576,1005,1,,2314,2,1,15000.0,1500.0,13500.0
2257,307,1018,1,,74,1,2,10800.0,0.0,21600.0
2258,175,333,2,4,352,1,2,12000.0,480.0,23520.0
2259,409,77,2,3,1573,2,1,16500.0,330.0,16170.0
2260,458,493,1,,1814,2,3,15750.0,945.0,46305.0
2261,228,793,2,4,,2,3,16500.0,2475.0,47025.0
2262,228,793,2,4,,1,2,12000.0,480.0,23520.0
2263,233,864,2,3,,1,1,12000.0,600.0,11400.0
2264,176,982,2,3,2663,2,3,15000.0,4500.0,40500.0
2265,280,146,1,,1700,1,3,12000.0,0.0,36000.0
2266,173,10,2,4,2204,1,2,12000.0,0.0,24000.0
2267,173,10,2,4,2204,1,3,12000.0,1800.0,34200.0
2268,281,174,1,,1879,1,2,13200.0,1320.0,25080.0
2269,613,210,1,,3019,2,2,15000.0,600.0,29400.0
2270,529,1326,2,3,891,1,1,12000.0,240.0,11760.0
2271,377,1032,2,3,997,1,3,13200.0,3960.0,35640.0
2272,377,1032,2,3,997,1,2,12000.0,480.0,23520.0
2273,342,708,1,,794,1,3,12000.0,3600.0,32400.0
2274,260,956,1,,825,1,1,12000.0,0.0,12000.0
2275,65,1468,1,,1988,2,3,15000.0,4500.0,40500.0
2276,65,1468,1,,1988,2,2,16500.0,3300.0,29700.0
2277,277,182,1,,3055,1,3,12000.0,720.0,35280.0
2278,282,295,2,2,1930,2,1,16500.0,1650.0,14850.0
2279,282,295,2,2,1930,2,2,15000.0,600.0,29400.0
2280,493,1388,2,4,1695,2,3,15000.0,2250.0,42750.0
2281,493,1388,2,4,1695,1,1,12600.0,0.0,12600.0
2282,578,282,1,,2640,1,2,12600.0,2520.0,22680.0
2283,590,1365,1,,1646,1,3,12000.0,1800.0,34200.0
2284,569,505,2,2,820,1,2,13200.0,528.0,25872.0
2285,473,774,1,,616,1,1,12000.0,0.0,12000.0
2286,473,774,1,,616,1,3,12000.0,1800.0,34200.0
2287,510,504,1,,2686,1,2,12000.0,480.0,23520.0
2288,104,748,1,,,1,3,12000.0,1800.0,34200.0
2289,512,479,2,1,3199,1,2,12000.0,480.0,23520.0
2290,616,975,1,,2828,2,2,13500.0,540.0,26460.0
2291,616,975,1,,2828,1,2,12000.0,480.0,23520.0
2292,616,975,1,,2828,2,2,15000.0,0.0,30000.0
2293,548,156,1,,2220,1,1,12000.0,240.0,11760.0
2294,560,380,2,4,,2,2,15000.0,1500.0,28500.0
2295,571,823,1,,2941,1,1,12000.0,240.0,11760.0
2296,200,561,2,1,1220,2,3,15000.0,900.0,44100.0
2297,200,561,2,1,1220,1,2,12600.0,0.0,25200.0
2298,51,40,1,,2572,2,1,15000.0,1500.0,13500.0
2299,51,40,1,,2572,1,3,13200.0,792.0,38808.0
2300,51,40,1,,2572,2,2,15000.0,1500.0,28500.0
2301,499,270,2,1,,1,1,12600.0,630.0,11970.0
2302,206,557,1,,,1,1,12600.0,0.0,12600.0
2303,166,303,2,1,2483,1,3,10800.0,3240.0,29160.0
2304,166,303,2,1,2483,2,1,13500.0,1350.0,12150.0
2305,246,345,1,,481,1,1,12000.0,240.0,11760.0
2306,110,676,2,2,2793,1,2,12600.0,0.0,25200.0
2307,344,1373,2,3,653,2,2,15000.0,600.0,29400.0
2308,117,564,2,3,2954,1,1,12000.0,1200.0,10800.0
2309,117,564,2,3,2954,2,2,16500.0,1650.0,31350.0
2310,145,182,2,3,94,2,3,15000.0,900.0,44100.0
2311,128,216,2,4,429,2,3,15000.0,0.0,45000.0
2312,598,752,1,,885,1,3,12000.0,720.0,35280.0
2313,369,413,1,,,1,1,12600.0,630.0,11970.0
2314,369,413,1,,,1,1,12000.0,1200.0,10800.0
2315,275,1384,1,,3034,1,2,12000.0,1200.0,22800.0
2316,13,478,2,4,1393,1,1,12000.0,240.0,11760.0
2317,63,1049,1,,598,1,2,12000.0,0.0,24000.0
2318,63,1049,1,,598,1,3,12000.0,0.0,36000.0
2319,123,1271,1,,1739,1,3,10800.0,0.0,32400.0
2320,220,471,2,1,1852,1,3,12600.0,3780.0,34020.0
2321,220,471,2,1,1852,2,3,15000.0,2250.0,42750.0
2322,220,471,2,1,1852,1,2,12000.0,480.0,23520.0
2323,415,650,2,4,,1,2,10800.0,432.0,21168.0
2324,210,685,2,4,169,2,2,15000.0,600.0,29400.0
2325,210,685,2,4,169,2,3,15000.0,900.0,44100.0
2326,515,936,1,,1844,1,2,12000.0,1200.0,22800.0
2327,583,1189,1,,2320,2,1,15000.0,0.0,15000.0
2328,277,1130,1,,2341,1,3,13200.0,0.0,39600.0
2329,277,1130,1,,2341,1,3,12000.0,1800.0,34200.0
2330,499,233,1,,,1,2,10800.0,2160.0,19440.0
2331,423,626,1,,622,1,1,12600.0,1260.0,11340.0
2332,5,545,2,4,2645,1,3,12000.0,1800.0,34200.0
2333,5,545,2,4,2645,2,2,15000.0,1500.0,28500.0
2334,186,147,2,4,,1,3,12000.0,0.0,36000.0
2335,354,946,1,,2400,1,2,12600.0,1260.0,23940.0
2336,550,267,2,1,,1,2,13200.0,0.0,26400.0
2337,336,1200,2,1,97,2,1,15000.0,1500.0,13500.0
2338,336,1200,2,1,97,1,1,12000.0,1200.0,10800.0
2339,634,106,2,2,2314,2,3,13500.0,810.0,39690.0
2340,634,106,2,2,2314,2,2,15750.0,630.0,30870.0
2341,400,656,1,,2216,1,3,12000.0,0.0,36000.0
2342,417,1324,2,4,974,1,1,12000.0,240.0,11760.0
2343,218,1133,2,2,820,2,2,15000.0,1500.0,28500.0
2344,181,921,2,4,,1,3,12600.0,1890.0,35910.0
2345,146,16,1,,2350,1,3,12000.0,720.0,35280.0
2346,231,1099,1,,,1,1,12000.0,600.0,11400.0
2347,57,920,2,3,983,2,3,13500.0,0.0,40500.0
2348,268,503,1,,,2,2,15000.0,0.0,30000.0
2349,531,1057,2,4,851,2,1,15000.0,0.0,15000.0
2350,537,1044,1,,2063,2,2,15000.0,600.0,29400.0
2351,372,1012,1,,1965,2,2,15000.0,1500.0,28500.0
2352,511,163,2,1,1002,1,2,12000.0,0.0,24000.0
2353,217,347,2,4,238,2,2,15000.0,1500.0,28500.0
2354,637,634,1,,912,1,2,13200.0,0.0,26400.0
2355,128,1463,1,,1147,1,2,12000.0,0.0,24000.0
2356,128,1463,1,,1147,2,3,15750.0,0.0,47250.0
2357,295,123,1,,2739,1,2,13200.0,1320.0,25080.0
2358,295,123,1,,2739,1,1,10800.0,1080.0,9720.0
2359,634,638,1,,2406,1,3,12000.0,3600.0,32400.0
2360,634,638,1,,2406,2,2,15000.0,3000.0,27000.0
2361,586,1230,1,,2603,1,1,12000.0,0.0,12000.0
2362,308,689,2,1,2951,1,1,12000.0,0.0,12000.0
2363,219,1069,1,,319,1,3,10800.0,0.0,32400.0
2364,219,1069,1,,319,2,2,15000.0,1500.0,28500.0
2365,118,1335,1,,1418,1,2,10800.0,1080.0,20520.0
2366,326,1312,2,4,2228,2,1,13500.0,270.0,13230.0
2367,25,992,2,4,1244,2,2,15000.0,3000.0,27000.0
2368,307,713,2,4,548,2,2,15000.0,600.0,29400.0
2369,307,713,2,4,548,1,1,12000.0,240.0,11760.0
2370,564,1477,2,2,1752,1,1,12000.0,1200.0,10800.0
2371,485,1333,1,,,1,2,12000.0,0.0,24000.0
2372,380,980,1,,,1,1,12000.0,1200.0,10800.0
2373,380,980,1,,,1,2,12000.0,1200.0,22800.0
2374,380,980,1,,,2,2,13500.0,1350.0,25650.0
2375,472,977,2,4,2954,2,3,15000.0,900.0,44100.0
2376,193,1254,1,,500,1,1,10800.0,540.0,10260.0
2377,204,1126,1,,534,2,3,15000.0,4500.0,40500.0
2378,204,1126,1,,534,1,2,12000.0,1200.0,22800.0
2379,306,436,1,,1637,1,1,12000.0,0.0,12000.0
2380,189,1117,1,,3131,2,2,15000.0,3000.0,27000.0
2381,288,276,2,1,170,2,2,15000.0,1500.0,28500.0
2382,399,551,1,,1164,1,1,12000.0,1200.0,10800.0
2383,399,551,1,,1164,1,2,12000.0,2400.0,21600.0
2384,447,1479,2,1,2538,1,3,12000.0,3600.0,32400.0
2385,13,274,2,2,2243,2,1,15000.0,1500.0,13500.0
2386,181,361,2,3,285,1,2,12600.0,0.0,25200.0
2387,255,17,1,,2086,1,3,12000.0,3600.0,32400.0
2388,35,713,1,,102,2,2,16500.0,660.0,32340.0
2389,582,1142,2,4,1481,1,1,12000.0,600.0,11400.0
2390,262,1094,1,,4,2,2,13500.0,0.0,27000.0
2391,606,637,1,,113,2,1,13500.0,270.0,13230.0
2392,287,1416,1,,,1,3,12000.0,0.0,36000.0
2393,269,949,1,,2519,1,3,12000.0,720.0,35280.0
2394,269,949,1,,2519,1,3,12000.0,1800.0,34200.0
2395,60,1146,1,,1708,2,2,16500.0,660.0,32340.0
2396,60,1146,1,,1708,1,2,12000.0,2400.0,21600.0
2397,60,1146,1,,1708,1,1,12000.0,0.0,12000.0
2398,72,1482,1,,2122,1,1,12600.0,0.0,12600.0
2399,257,496,1,,1992,1,3,12000.0,720.0,35280.0
2400,583,991,1,,2899,1,2,12600.0,504.0,24696.0
2401,583,991,1,,2899,1,2,12000.0,1200.0,22800.0
2402,205,915,2,2,1459,1,3,10800.0,0.0,32400.0
2403,454,970,2,3,2420,1,2,12000.0,2400.0,21600.0
2404,325,1166,2,3,,2,1,15000.0,300.0,14700.0
2405,338,1038,2,3,1733,2,2,15000.0,3000.0,27000.0
2406,338,1038,2,3,1733,1,1,10800.0,216.0,10584.0
2407,588,1103,2,4,1210,1,1,12600.0,630.0,11970.0
2408,588,1103,2,4,1210,1,3,12000.0,720.0,35280.0
2409,588,1103,2,4,1210,1,1,12600.0,1260.0,11340.0
2410,287,1326,1,,2405,1,2,10800.0,2160.0,19440.0
2411,287,1326,1,,2405,1,2,12000.0,2400.0,21600.0
2412,373,1066,2,4,492,2,2,16500.0,3300.0,29700.0
2413,154,1067,1,,353,1,3,12000.0,1800.0,34200.0
2414,596,202,2,1,1059,2,1,15000.0,0.0,15000.0
2415,596,202,2,1,1059,2,2,13500.0,540.0,26460.0
2416,272,1456,1,,882,2,2,15000.0,3000.0,27000.0
2417,508,101,2,4,1853,2,1,15000.0,0.0,15000.0
2418,206,312,2,1,738,1,1,12000.0,600.0,11400.0
2419,358,982,2,2,,2,3,15750.0,4725.0,42525.0
2420,128,650,2,3,2105,2,2,15000.0,600.0,29400.0
2421,209,645,2,2,2289,2,3,15000.0,900.0,44100.0
2422,10,852,2,3,2978,1,2,12600.0,2520.0,22680.0
2423,290,1291,1,,579,2,2,15750.0,630.0,30870.0
2424,433,916,1,,,1,1,10800.0,216.0,10584.0
2425,327,680,1,,466,1,1,12600.0,630.0,11970.0
2426,227,1001,2,3,1446,1,3,10800.0,0.0,32400.0
2427,550,1301,2,3,1647,1,3,12000.0,0.0,36000.0
2428,611,1065,1,,2237,1,2,10800.0,1080.0,20520.0
2429,611,1065,1,,2237,2,2,15750.0,3150.0,28350.0
2430,230,1045,1,,1584,1,3,12000.0,0.0,36000.0
2431,230,1045,1,,1584,1,2,10800.0,1080.0,20520.0
2432,397,849,2,2,579,1,3,12000.0,1800.0,34200.0
2433,47,1307,2,1,1501,1,2,12000.0,0.0,24000.0
2434,47,1307,2,1,1501,1,1,12600.0,1260.0,11340.0
2435,533,731,1,,2558,1,1,12000.0,1200.0,10800.0
2436,212,221,1,,3099,2,2,15000.0,1500.0,28500.0
2437,19,1115,2,1,2987,2,2,15000.0,0.0,30000.0
2438,404,388,1,,1985,1,1,13200.0,264.0,12936.0
2439,34,789,1,,1951,1,2,12000.0,0.0,24000.0
2440,34,789,1,,1951,1,2,12000.0,0.0,24000.0
2441,531,1390,1,,2985,1,3,12000.0,0.0,36000.0
2442,75,93,2,1,3180,2,3,15000.0,0.0,45000.0
2443,75,93,2,1,3180,2,2,15000.0,3000.0,27000.0
2444,75,93,2,1,3180,1,2,12000.0,0.0,24000.0
2445,163,452,1,,2996,2,3,15000.0,2250.0,42750.0
2446,379,103,1,,874,2,2,13500.0,540.0,26460.0
2447,379,103,1,,874,2,1,15000.0,300.0,14700.0
2448,446,204,1,,2335,1,2,12600.0,1260.0,23940.0
2449,527,1126,1,,1360,2,3,15750.0,0.0,47250.0
2450,399,1496,2,4,3037,2,2,15000.0,1500.0,28500.0
2451,353,1192,1,,1545,2,3,15000.0,4500.0,40500.0
2452,38,797,1,,2338,1,2,12000.0,0.0,24000.0
2453,154,391,2,4,3103,2,1,15000.0,1500.0,13500.0
2454,154,391,2,4,3103,1,2,12000.0,0.0,24000.0
2455,274,1336,2,2,3076,1,2,12600.0,1260.0,23940.0
2456,274,1336,2,2,3076,1,1,12000.0,1200.0,10800.0
2457,209,434,2,3,1137,2,3,16500.0,0.0,49500.0
2458,435,724,1,,,1,1,12000.0,240.0,11760.0
2459,521,1157,1,,480,2,1,15000.0,0.0,15000.0
2460,521,1157,1,,480,2,3,15000.0,2250.0,42750.0
2461,209,450,2,2,301,2,2,15000.0,1500.0,28500.0
2462,526,655,1,,,2,2,15000.0,0.0,30000.0
2463,282,688,1,,1275,1,3,12000.0,3600.0,32400.0
2464,267,274,2,2,1958,2,2,15750.0,630.0,30870.0
2465,362,815,1,,1726,1,1,12000.0,600.0,11400.0
2466,362,815,1,,1726,2,3,15000.0,900.0,44100.0
2467,270,1202,2,1,1541,2,2,15000.0,1500.0,28500.0
2468,127,208,1,,2742,1,3,12000.0,0.0,36000.0
2469,439,1119,1,,1268,2,3,13500.0,2025.0,38475.0
2470,341,871,2,4,430,1,2,12000.0,1200.0,22800.0
2471,401,1089,1,,2984,2,1,15000.0,1500.0,13500.0
2472,401,1089,1,,2984,1,2,10800.0,0.0,21600.0
2473,244,1313,1,,888,1,3,12600.0,3780.0,34020.0
2474,230,1169,2,1,2416,1,3,12000.0,720.0,35280.0
2475,380,497,2,1,330,1,1,12000.0,1200.0,10800.0
2476,380,497,2,1,330,1,3,13200.0,0.0,39600.0
2477,189,274,1,,2811,2,1,15750.0,787.5,14962.5
2478,152,1391,1,,2121,2,3,15000.0,2250.0,42750.0
2479,441,682,1,,2393,2,2,15000.0,0.0,30000.0
2480,545,1063,2,2,44,2,2,15000.0,600.0,29400.0
2481,219,535,1,,2714,2,1,16500.0,330.0,16170.0
2482,465,1140,2,3,1148,2,2,15000.0,3000.0,27000.0
2483,465,1140,2,3,1148,1,1,12600.0,630.0,11970.0
2484,465,1140,2,3,1148,1,2,12600.0,1260.0,23940.0
2485,122,712,1,,1851,1,1,10800.0,216.0,10584.0
2486,97,771,2,3,2960,1,3,12000.0,720.0,35280.0
2487,567,1234,2,3,3145,1,3,12000.0,720.0,35280.0
2488,567,1234,2,3,3145,2,2,16500.0,660.0,32340.0
2489,557,193,1,,1165,2,1,15000.0,750.0,14250.0
2490,141,1481,2,3,3054,2,2,15000.0,3000.0,27000.0
2491,255,1420,1,,2038,2,1,13500.0,270.0,13230.0
2492,306,866,1,,2063,1,1,12000.0,600.0,11400.0
2493,306,866,1,,2063,1,3,12000.0,1800.0,34200.0
2494,217,1360,1,,1646,1,1,12000.0,240.0,11760.0
2495,217,1360,1,,1646,2,1,13500.0,675.0,12825.0
2496,94,26,2,2,2084,1,3,10800.0,1620.0,30780.0
2497,315,890,2,1,260,1,2,12000.0,480.0,23520.0
2498,432,1466,2,2,1510,1,3,10800.0,648.0,31752.0
2499,22,1114,1,,449,1,1,12000.0,1200.0,10800.0
2500,22,1114,1,,449,2,1,15000.0,1500.0,13500.0
2501,65,952,2,2,,1,2,13200.0,1320.0,25080.0
2502,308,235,1,,2523,2,1,15000.0,750.0,14250.0
2503,516,264,1,,1657,1,1,12000.0,240.0,11760.0
2504,198,649,1,,,1,2,12600.0,0.0,25200.0
2505,361,1220,1,,1725,2,3,16500.0,2475.0,47025.0
2506,260,868,1,,1861,1,1,10800.0,1080.0,9720.0
2507,498,298,1,,,1,1,12000.0,0.0,12000.0
2508,399,447,1,,2748,1,2,12000.0,1200.0,22800.0
2509,353,464,2,3,2478,1,3,12000.0,0.0,36000.0
2510,101,49,1,,,1,3,10800.0,648.0,31752.0
2511,209,454,1,,1466,1,1,12000.0,0.0,12000.0
2512,563,1185,2,4,2140,1,3,12000.0,3600.0,32400.0
2513,402,226,1,,1091,2,3,16500.0,2475.0,47025.0
2514,113,147,2,2,2376,2,2,15000.0,600.0,29400.0
2515,258,899,1,,1461,2,2,15750.0,1575.0,29925.0
2516,529,1306,2,3,400,1,2,10800.0,2160.0,19440.0
2517,151,768,2,1,1818,1,3,12000.0,720.0,35280.0
2518,584,59,2,3,1025,2,2,15000.0,3000.0,27000.0
2519,210,772,2,4,2316,1,3,10800.0,648.0,31752.0
2520,624,656,1,,1805,2,2,13500.0,0.0,27000.0
2521,15,903,2,4,768,2,3,15000.0,2250.0,42750.0
2522,526,30,2,1,2620,1,2,12600.0,2520.0,22680.0
2523,617,301,2,1,2374,1,1,12600.0,1260.0,11340.0
2524,617,301,2,1,2374,1,1,12000.0,240.0,11760.0
2525,533,779,2,4,2484,2,1,15000.0,0.0,15000.0
2526,533,779,2,4,2484,1,2,13200.0,528.0,25872.0
2527,533,779,2,4,2484,2,2,15000.0,0.0,30000.0
2528,413,883,1,,789,2,2,15000.0,1500.0,28500.0
2529,20,737,1,,,1,1,12000.0,1200.0,10800.0
2530,630,1160,1,,2371,1,2,12000.0,1200.0,22800.0
2531,336,140,1,,760,1,3,12000.0,1800.0,34200.0
2532,493,218,1,,1270,2,3,15000.0,4500.0,40500.0
2533,187,562,2,3,,2,3,15000.0,0.0,45000.0
2534,518,294,1,,2922,1,1,10800.0,1080.0,9720.0
2535,449,1053,2,1,280,2,1,16500.0,825.0,15675.0
2536,139,733,2,1,361,1,3,12000.0,0.0,36000.0
2537,139,733,2,1,361,2,3,15000.0,0.0,45000.0
2538,139,733,2,1,361,2,3,15000.0,0.0,45000.0
2539,449,548,2,1,1600,2,1,15000.0,0.0,15000.0
2540,316,370,2,1,3070,2,1,15750.0,787.5,14962.5
2541,92,1293,2,2,617,1,2,12000.0,480.0,23520.0
2542,372,1458,1,,1828,2,2,15000.0,1500.0,28500.0
2543,372,1458,1,,1828,1,2,12000.0,2400.0,21600.0
2544,383,233,2,2,2972,2,1,13500.0,270.0,13230.0
2545,383,233,2,2,2972,1,2,13200.0,528.0,25872.0
2546,333,820,1,,421,1,1,12000.0,240.0,11760.0
2547,42,1300,1,,1153,2,1,15000.0,750.0,14250.0
2548,438,1468,2,1,987,1,2,12000.0,1200.0,22800.0
2549,438,1468,2,1,987,2,2,15000.0,3000.0,27000.0
2550,435,503,1,,802,1,2,12000.0,480.0,23520.0
2551,515,734,1,,558,1,1,10800.0,216.0,10584.0
2552,138,1479,1,,840,1,2,12000.0,480.0,23520.0
2553,138,1479,1,,840,1,1,12000.0,240.0,11760.0
2554,138,1479,1,,840,2,1,15000.0,750.0,14250.0
2555,280,494,2,4,,1,2,12000.0,480.0,23520.0
2556,297,296,2,2,1962,1,1,12000.0,600.0,11400.0
2557,509,957,2,4,935,2,2,15000.0,3000.0,27000.0
2558,585,851,2,3,3018,1,2,10800.0,2160.0,19440.0
2559,587,1068,1,,312,2,2,13500.0,540.0,26460.0
2560,272,387,2,3,737,1,2,12000.0,2400.0,21600.0
2561,272,387,2,3,737,2,3,15000.0,2250.0,42750.0
2562,364,634,1,,3200,1,3,12600.0,756.0,37044.0
2563,364,634,1,,3200,2,1,15000.0,1500.0,13500.0
2564,256,533,1,,344,1,3,10800.0,1620.0,30780.0
2565,306,851,2,2,2031,1,2,10800.0,0.0,21600.0
2566,306,851,2,2,2031,2,2,15000.0,600.0,29400.0
2567,395,1393,1,,1009,2,1,15000.0,1500.0,13500.0
2568,473,27,2,1,1735,2,2,15750.0,1575.0,29925.0
2569,473,27,2,1,1735,2,2,16500.0,660.0,32340.0
2570,177,782,2,2,1578,2,1,15750.0,787.5,14962.5
2571,386,195,1,,467,1,1,10800.0,1080.0,9720.0
2572,386,195,1,,467,2,2,15000.0,3000.0,27000.0
2573,68,278,2,1,1207,1,3,12000.0,1800.0,34200.0
2574,456,904,2,2,2322,1,1,13200.0,0.0,13200.0
2575,462,555,1,,433,1,3,12000.0,0.0,36000.0
2576,169,131,1,,948,2,3,15000.0,900.0,44100.0
2577,169,131,1,,948,1,3,12000.0,720.0,35280.0
2578,82,1309,1,,69,1,1,13200.0,660.0,12540.0
2579,589,1496,1,,1326,2,1,15000.0,300.0,14700.0
2580,291,1260,1,,1119,1,2,12000.0,2400.0,21600.0
2581,51,9,1,,1043,2,2,15000.0,600.0,29400.0
2582,247,129,1,,2807,1,1,12600.0,630.0,11970.0
2583,193,349,1,,2151,1,3,12000.0,3600.0,32400.0
2584,478,1399,2,2,99,1,2,12000.0,480.0,23520.0
2585,439,197,2,4,,2,1,15750.0,0.0,15750.0
2586,619,729,2,1,659,1,1,12600.0,252.0,12348.0
2587,213,414,1,,2714,1,3,10800.0,0.0,32400.0
2588,30,1394,1,,2187,2,2,16500.0,1650.0,31350.0
2589,471,1380,1,,2900,1,3,10800.0,648.0,31752.0
2590,426,1087,2,4,,1,1,13200.0,264.0,12936.0
2591,426,1087,2,4,,2,3,15000.0,0.0,45000.0
2592,462,1218,1,,749,2,3,15000.0,4500.0,40500.0
2593,462,1218,1,,749,1,3,12000.0,720.0,35280.0
2594,59,650,2,4,2051,1,1,12000.0,1200.0,10800.0
2595,59,650,2,4,2051,2,2,13500.0,0.0,27000.0
2596,472,114,1,,1491,1,2,13200.0,2640.0,23760.0
2597,245,1004,1,,296,2,3,13500.0,4050.0,36450.0
2598,303,567,1,,1581,2,1,15750.0,315.0,15435.0
2599,303,567,1,,1581,2,3,15750.0,0.0,47250.0
2600,248,967,1,,2688,2,3,15000.0,4500.0,40500.0
2601,493,944,1,,440,1,2,12600.0,504.0,24696.0
2602,267,1150,1,,3040,1,1,12000.0,1200.0,10800.0
2603,267,1150,1,,3040,1,2,12000.0,2400.0,21600.0
2604,299,1301,1,,848,2,2,13500.0,2700.0,24300.0
2605,299,1301,1,,848,2,1,15000.0,1500.0,13500.0
2606,299,1301,1,,848,2,2,15000.0,3000.0,27000.0
2607,516,415,2,3,1687,2,3,15000.0,4500.0,40500.0
2608,241,197,2,2,674,2,1,15000.0,1500.0,13500.0
2609,532,1280,2,3,900,1,1,12000.0,240.0,11760.0
2610,532,1280,2,3,900,1,2,12000.0,2400.0,21600.0
2611,532,1280,2,3,900,1,3,12600.0,3780.0,34020.0
2612,141,707,1,,526,1,3,12000.0,1800.0,34200.0
2613,141,707,1,,526,2,2,15000.0,600.0,29400.0
2614,266,750,1,,1061,1,3,12000.0,3600.0,32400.0
2615,147,420,1,,329,1,1,13200.0,660.0,12540.0
2616,97,264,1,,2315,1,1,12000.0,240.0,11760.0
2617,188,451,2,3,795,2,3,15750.0,0.0,47250.0
2618,82,554,2,2,1472,2,2,15000.0,600.0,29400.0
2619,82,554,2,2,1472,2,1,13500.0,1350.0,12150.0
2620,163,863,2,2,902,2,3,15000.0,4500.0,40500.0
2621,163,863,2,2,902,1,2,12000.0,2400.0,21600.0
2622,183,1469,1,,1244,1,1,12000.0,240.0,11760.0
2623,574,530,2,4,230,1,3,12000.0,0.0,36000.0
2624,586,1191,2,2,358,2,3,15000.0,900.0,44100.0
2625,91,258,2,3,2052,1,1,12000.0,1200.0,10800.0
2626,91,258,2,3,2052,2,1,15000.0,1500.0,13500.0
2627,91,258,2,3,2052,1,1,12000.0,1200.0,10800.0
2628,429,82,1,,2,2,2,13500.0,540.0,26460.0
2629,348,18,1,,441,1,1,12000.0,1200.0,10800.0
2630,74,282,2,2,654,2,2,15000.0,1500.0,28500.0
2631,126,1322,1,,3093,1,3,13200.0,792.0,38808.0
2632,320,1459,2,4,717,1,1,12600.0,252.0,12348.0
2633,578,186,2,2,705,2,2,15000.0,3000.0,27000.0
2634,369,405,1,,3067,2,1,15750.0,1575.0,14175.0
2635,135,1056,1,,2732,1,1,12000.0,240.0,11760.0
2636,544,1134,1,,645,1,1,13200.0,264.0,12936.0
2637,363,407,1,,2925,1,2,12000.0,480.0,23520.0
2638,87,280,1,,2330,1,1,10800.0,540.0,10260.0
2639,639,1401,2,4,2047,2,3,13500.0,810.0,39690.0
2640,334,586,1,,230,1,3,10800.0,1620.0,30780.0
2641,317,359,1,,,1,2,12000.0,0.0,24000.0
2642,312,498,1,,1434,2,2,13500.0,540.0,26460.0
2643,617,952,2,4,1301,2,3,15750.0,945.0,46305.0
2644,617,952,2,4,1301,1,3,12000.0,1800.0,34200.0
2645,487,763,1,,817,1,2,12000.0,480.0,23520.0
2646,222,1454,2,2,607,2,2,15000.0,600.0,29400.0
2647,478,388,1,,5,1,3,12000.0,1800.0,34200.0
2648,551,1047,1,,85,2,1,15000.0,0.0,15000.0
2649,155,574,2,4,1092,1,2,12000.0,480.0,23520.0
2650,570,1108,2,2,450,1,3,12000.0,3600.0,32400.0
2651,570,1108,2,2,450,1,3,10800.0,3240.0,29160.0
2652,570,1108,2,2,450,2,1,13500.0,675.0,12825.0
2653,306,791,2,2,3120,1,2,12000.0,2400.0,21600.0
2654,264,353,1,,298,1,3,12000.0,720.0,35280.0
2655,541,1162,1,,1922,1,2,10800.0,2160.0,19440.0
2656,236,1062,1,,802,1,3,13200.0,1980.0,37620.0
2657,392,895,2,2,2625,1,2,10800.0,1080.0,20520.0
2658,599,731,1,,493,2,1,15000.0,1500.0,13500.0
2659,599,731,1,,493,2,1,15000.0,750.0,14250.0
2660,315,16,1,,182,2,1,15000.0,750.0,14250.0
2661,315,16,1,,182,2,2,15000.0,600.0,29400.0
2662,337,1390,2,2,2205,1,1,12000.0,0.0,12000.0
2663,489,1166,1,,449,1,2,12000.0,2400.0,21600.0
2664,253,884,2,4,879,1,2,13200.0,2640.0,23760.0
2665,253,884,2,4,879,2,3,15000.0,900.0,44100.0
2666,216,322,1,,,2,3,15000.0,2250.0,42750.0
2667,16,177,1,,1858,1,1,12000.0,0.0,12000.0
2668,277,283,2,1,1146,1,3,10800.0,1620.0,30780.0
2669,376,346,1,,3198,2,1,15000.0,0.0,15000.0
2670,168,1170,1,,923,2,2,15000.0,3000.0,27000.0
2671,141,471,1,,2320,2,2,16500.0,0.0,33000.0
2672,230,1493,1,,1580,1,1,12000.0,240.0,11760.0
2673,279,825,2,3,508,1,1,12000.0,1200.0,10800.0
2674,122,324,1,,432,2,2,16500.0,1650.0,31350.0
2675,246,1393,1,,3014,1,2,13200.0,2640.0,23760.0
2676,600,645,2,1,2916,2,1,15750.0,0.0,15750.0
2677,467,107,1,,2663,1,1,12600.0,1260.0,11340.0
2678,467,107,1,,2663,2,3,15000.0,2250.0,42750.0
2679,433,1335,1,,975,1,3,12000.0,720.0,35280.0
2680,505,549,1,,2681,1,2,12000.0,1200.0,22800.0
2681,449,1235,1,,,2,2,13500.0,1350.0,25650.0
2682,449,1235,1,,,1,2,10800.0,2160.0,19440.0
2683,87,1281,1,,2153,2,3,15000.0,0.0,45000.0
2684,114,307,1,,2564,2,2,15750.0,1575.0,29925.0
2685,98,619,1,,379,1,2,12000.0,1200.0,22800.0
2686,271,828,1,,23,1,2,12000.0,2400.0,21600.0
2687,178,477,2,1,703,1,1,13200.0,264.0,12936.0
2688,340,516,1,,192,1,2,13200.0,2640.0,23760.0
2689,340,516,1,,192,1,1,10800.0,0.0,10800.0
2690,340,516,1,,192,2,3,15000.0,2250.0,42750.0
2691,141,1324,1,,2840,1,1,12000.0,600.0,11400.0
2692,18,321,1,,1512,2,3,16500.0,2475.0,47025.0
2693,453,902,2,4,1852,2,2,15000.0,0.0,30000.0
2694,480,82,1,,2956,2,2,15000.0,3000.0,27000.0
2695,543,809,1,,3199,1,2,12000.0,1200.0,22800.0
2696,108,246,1,,1989,2,3,15000.0,0.0,45000.0
2697,62,1235,1,,78,2,1,15750.0,0.0,15750.0
2698,192,196,1,,2238,1,1,12000.0,600.0,11400.0
2699,152,1163,1,,1246,1,3,12000.0,3600.0,32400.0
2700,504,709,2,1,72,2,2,15000.0,0.0,30000.0
2701,304,382,1,,,1,2,12600.0,1260.0,23940.0
2702,304,382,1,,,2,3,15750.0,2362.5,44887.5
2703,189,202,1,,,2,1,15000.0,300.0,14700.0
2704,189,202,1,,,1,2,10800.0,432.0,21168.0
2705,189,202,1,,,1,3,13200.0,1980.0,37620.0
2706,23,304,1,,3026,2,2,16500.0,660.0,32340.0
2707,11,560,1,,2995,1,1,12600.0,0.0,12600.0
2708,351,571,2,1,1460,1,1,13200.0,1320.0,11880.0
2709,365,131,2,1,474,1,3,12000.0,1800.0,34200.0
2710,46,1484,2,4,,1,2,12000.0,2400.0,21600.0
2711,345,241,1,,1188,1,2,10800.0,0.0,21600.0
2712,240,1098,2,2,671,1,3,10800.0,0.0,32400.0
2713,240,1098,2,2,671,2,2,15750.0,630.0,30870.0
2714,90,835,2,1,1044,2,2,16500.0,3300.0,29700.0
2715,145,1246,2,4,913,1,2,12000.0,2400.0,21600.0
2716,50,1499,1,,1145,1,2,12600.0,504.0,24696.0
2717,558,919,1,,2173,1,1,12000.0,240.0,11760.0
2718,210,1120,2,2,868,1,3,12600.0,3780.0,34020.0
2719,210,1120,2,2,868,2,1,15750.0,315.0,15435.0
2720,62,1364,1,,576,1,3,12000.0,720.0,35280.0
2721,451,85,1,,1240,2,2,15000.0,1500.0,28500.0
2722,143,971,2,1,2946,2,3,16500.0,4950.0,44550.0
2723,143,971,2,1,2946,1,1,12000.0,600.0,11400.0
2724,117,431,2,4,59,1,3,12000.0,1800.0,34200.0
2725,117,431,2,4,59,1,2,10800.0,1080.0,20520.0
2726,46,927,2,4,2137,2,1,13500.0,0.0,13500.0
2727,420,27,1,,192,2,3,16500.0,4950.0,44550.0
2728,626,120,1,,2460,1,2,12000.0,480.0,23520.0
2729,453,917,1,,2238,2,2,15000.0,600.0,29400.0
2730,86,1138,1,,2698,1,2,12000.0,480.0,23520.0
2731,146,1139,1,,,1,3,12600.0,1890.0,35910.0
2732,475,588,1,,2223,2,2,15000.0,600.0,29400.0
2733,475,588,1,,2223,1,1,12000.0,0.0,12000.0
2734,363,1336,1,,2025,1,1,12000.0,240.0,11760.0
2735,142,702,1,,2712,2,1,15000.0,1500.0,13500.0
2736,274,779,2,2,3196,1,3,12000.0,0.0,36000.0
2737,362,483,1,,1019,1,3,13200.0,792.0,38808.0
2738,362,483,1,,1019,1,2,12000.0,0.0,24000.0
2739,478,757,2,4,1885,1,3,12000.0,1800.0,34200.0
2740,469,927,2,4,1369,2,3,15750.0,2362.5,44887.5
2741,316,560,1,,175,1,2,12600.0,0.0,25200.0
2742,306,832,1,,3161,2,2,15000.0,1500.0,28500.0
2743,306,832,1,,3161,1,3,12000.0,0.0,36000.0
2744,118,301,1,,334,1,1,10800.0,540.0,10260.0
2745,125,425,1,,156,1,2,12600.0,1260.0,23940.0
2746,283,1453,1,,2641,1,1,13200.0,264.0,12936.0
2747,454,1135,1,,873,1,1,10800.0,540.0,10260.0
2748,583,149,1,,2164,1,2,12600.0,1260.0,23940.0
2749,110,12,1,,1774,2,2,15000.0,3000.0,27000.0
2750,110,12,1,,1774,1,1,12000.0,240.0,11760.0
2751,110,12,1,,1774,2,3,13500.0,0.0,40500.0
2752,438,1328,1,,1575,2,1,15000.0,0.0,15000.0
2753,157,492,2,2,2127,2,2,15000.0,0.0,30000.0
2754,505,343,1,,866,1,1,12000.0,0.0,12000.0
2755,505,343,1,,866,1,3,12000.0,3600.0,32400.0
2756,203,729,2,1,1792,1,2,12000.0,0.0,24000.0
2757,8,1261,2,3,1856,1,3,12000.0,3600.0,32400.0
2758,8,1261,2,3,1856,2,3,15000.0,900.0,44100.0
2759,532,829,2,4,2535,1,1,12600.0,0.0,12600.0
2760,37,342,1,,2985,2,2,15000.0,1500.0,28500.0
2761,174,944,2,4,1318,1,3,13200.0,3960.0,35640.0
2762,174,944,2,4,1318,2,3,13500.0,2025.0,38475.0
2763,214,1499,2,4,2148,1,3,12000.0,720.0,35280.0
2764,214,1499,2,4,2148,1,3,12000.0,0.0,36000.0
2765,563,852,2,4,,1,1,12000.0,600.0,11400.0
2766,563,852,2,4,,1,3,10800.0,1620.0,30780.0
2767,563,852,2,4,,1,3,10800.0,3240.0,29160.0
2768,311,52,2,1,,2,1,13500.0,675.0,12825.0
2769,85,397,1,,2511,2,2,16500.0,3300.0,29700.0
2770,85,397,1,,2511,1,1,12000.0,0.0,12000.0
2771,85,397,1,,2511,1,3,12000.0,1800.0,34200.0
2772,44,1111,1,,340,2,3,13500.0,810.0,39690.0
2773,504,1380,1,,2491,2,2,15000.0,3000.0,27000.0
2774,504,1380,1,,2491,1,3,12000.0,720.0,35280.0
2775,504,1380,1,,2491,1,2,12000.0,1200.0,22800.0
2776,25,1359,1,,371,2,2,15000.0,1500.0,28500.0
2777,25,1359,1,,371,1,2,12000.0,480.0,23520.0
2778,25,1359,1,,371,1,3,12600.0,1890.0,35910.0
2779,135,332,1,,1599,1,1,12600.0,0.0,12600.0
2780,4,631,1,,2779,2,1,15000.0,750.0,14250.0
2781,4,631,1,,2779,1,1,12000.0,600.0,11400.0
2782,458,1055,2,1,2044,1,2,12600.0,0.0,25200.0
2783,458,1055,2,1,2044,2,2,13500.0,540.0,26460.0
2784,501,1478,1,,370,1,1,12000.0,0.0,12000.0
2785,14,831,2,2,1252,2,3,15000.0,900.0,44100.0
2786,596,1108,2,2,,1,3,12000.0,3600.0,32400.0
2787,596,1108,2,2,,1,2,12000.0,480.0,23520.0
2788,526,1227,2,3,2630,2,3,16500.0,4950.0,44550.0
2789,526,1227,2,3,2630,2,1,15000.0,300.0,14700.0
2790,565,1049,2,4,1668,2,2,15000.0,0.0,30000.0
2791,565,1049,2,4,1668,2,3,13500.0,2025.0,38475.0
2792,139,582,2,3,2276,1,3,12000.0,0.0,36000.0
2793,139,582,2,3,2276,2,1,15750.0,0.0,15750.0
2794,481,119,1,,2288,2,3,15000.0,4500.0,40500.0
2795,102,6,1,,1204,2,1,16500.0,330.0,16170.0
2796,492,736,2,2,3008,2,3,15750.0,4725.0,42525.0
2797,419,611,2,2,1352,2,2,15000.0,600.0,29400.0
2798,237,921,2,1,2589,1,3,12000.0,0.0,36000.0
2799,237,921,2,1,2589,1,1,12000.0,1200.0,10800.0
2800,109,259,1,,1446,2,1,15000.0,300.0,14700.0
2801,78,795,1,,1977,2,1,13500.0,675.0,12825.0
2802,185,5,1,,2992,1,1,12000.0,240.0,11760.0
2803,439,178,2,2,2542,1,2,12000.0,480.0,23520.0
2804,439,178,2,2,2542,1,3,12000.0,720.0,35280.0
2805,432,708,1,,2039,1,3,12000.0,720.0,35280.0
2806,185,1062,1,,2640,1,1,10800.0,216.0,10584.0
2807,412,463,1,,2068,1,3,13200.0,1980.0,37620.0
2808,520,819,2,1,2943,1,3,12000.0,1800.0,34200.0
2809,586,106,1,,1010,1,3,12000.0,1800.0,34200.0
2810,586,106,1,,1010,1,3,12600.0,3780.0,34020.0
2811,179,353,1,,169,2,2,16500.0,1650.0,31350.0
2812,454,1270,1,,1549,2,3,16500.0,0.0,49500.0
2813,480,320,1,,295,2,3,15000.0,0.0,45000.0
2814,335,1053,2,3,1497,1,1,10800.0,540.0,10260.0
2815,537,474,1,,,2,2,15000.0,0.0,30000.0
2816,537,474,1,,,1,2,12000.0,1200.0,22800.0
2817,537,474,1,,,1,3,12000.0,3600.0,32400.0
2818,468,991,2,3,1537,1,1,12000.0,1200.0,10800.0
2819,425,161,1,,702,1,1,12600.0,1260.0,11340.0
2820,542,1395,1,,1280,2,3,16500.0,990.0,48510.0
2821,542,1395,1,,1280,2,3,15000.0,0.0,45000.0
2822,410,937,2,4,,1,2,12000.0,480.0,23520.0
2823,8,373,1,,2607,2,2,15000.0,3000.0,27000.0
2824,590,1001,2,2,1206,1,2,10800.0,1080.0,20520.0
2825,156,399,2,4,35,2,2,13500.0,2700.0,24300.0
2826,156,399,2,4,35,1,3,12000.0,3600.0,32400.0
2827,185,663,1,,1330,1,2,12000.0,480.0,23520.0
2828,185,663,1,,1330,1,1,12600.0,252.0,12348.0
2829,120,240,1,,1166,1,3,12000.0,3600.0,32400.0
2830,375,255,1,,325,2,3,13500.0,810.0,39690.0
2831,250,1061,2,1,811,2,3,13500.0,4050.0,36450.0
2832,250,1061,2,1,811,1,3,12600.0,1890.0,35910.0
2833,250,1061,2,1,811,2,3,15000.0,4500.0,40500.0
2834,310,216,1,,1026,1,2,12600.0,2520.0,22680.0
2835,407,526,1,,2111,1,3,12000.0,1800.0,34200.0
2836,114,1030,2,1,2234,1,3,10800.0,0.0,32400.0
2837,114,1030,2,1,2234,1,3,12600.0,1890.0,35910.0
2838,327,802,1,,3098,2,1,15000.0,750.0,14250.0
2839,435,1337,1,,3201,2,1,15000.0,750.0,14250.0
2840,435,1337,1,,3201,1,2,12600.0,504.0,24696.0
2841,592,690,1,,397,2,3,15750.0,4725.0,42525.0
2842,592,690,1,,397,1,2,12000.0,1200.0,22800.0
2843,227,1323,2,3,2194,1,2,12000.0,480.0,23520.0
2844,500,204,1,,156,2,1,15000.0,0.0,15000.0
2845,271,155,1,,2287,1,3,12000.0,0.0,36000.0
2846,345,559,2,2,2127,1,3,12000.0,3600.0,32400.0
2847,310,1137,1,,724,1,2,12000.0,480.0,23520.0
2848,141,132,1,,1962,1,2,12000.0,480.0,23520.0
2849,604,674,2,3,1748,1,2,10800.0,2160.0,19440.0
2850,185,747,1,,230,1,1,13200.0,264.0,12936.0
2851,307,503,2,2,,2,3,15000.0,900.0,44100.0
2852,95,55,1,,2249,1,2,10800.0,0.0,21600.0
2853,95,55,1,,2249,2,2,15000.0,600.0,29400.0
2854,95,55,1,,2249,1,2,10800.0,1080.0,20520.0
2855,618,146,1,,2709,1,3,12000.0,1800.0,34200.0
2856,618,146,1,,2709,2,2,15000.0,0.0,30000.0
2857,597,978,2,3,671,2,2,13500.0,2700.0,24300.0
2858,597,978,2,3,671,1,2,12000.0,480.0,23520.0
2859,597,978,2,3,671,1,1,12000.0,600.0,11400.0
2860,467,1414,1,,3009,2,3,15000.0,900.0,44100.0
2861,467,1414,1,,3009,1,3,12000.0,0.0,36000.0
2862,102,1406,2,1,2037,1,2,12600.0,0.0,25200.0
2863,422,1188,1,,2689,1,2,12600.0,0.0,25200.0
2864,328,212,1,,2341,2,3,15000.0,2250.0,42750.0
2865,328,212,1,,2341,1,2,12600.0,0.0,25200.0
2866,39,1075,2,1,,2,2,16500.0,0.0,33000.0
2867,609,974,1,,3177,1,2,12000.0,1200.0,22800.0
2868,172,1476,2,2,,1,3,12600.0,1890.0,35910.0
2869,392,1438,1,,2754,2,1,15000.0,300.0,14700.0
2870,33,1012,2,4,3087,2,1,15000.0,750.0,14250.0
2871,490,27,2,1,939,1,1,12600.0,0.0,12600.0
2872,388,723,2,4,640,2,2,15000.0,3000.0,27000.0
2873,622,247,1,,2677,1,3,12000.0,720.0,35280.0
2874,457,304,1,,,2,3,15000.0,0.0,45000.0
2875,57,394,1,,1088,2,1,15750.0,787.5,14962.5
2876,57,394,1,,1088,1,2,12000.0,2400.0,21600.0
2877,375,1485,2,2,780,2,1,15000.0,1500.0,13500.0
2878,109,1210,1,,364,2,2,15000.0,0.0,30000.0
2879,7,381,1,,1913,1,1,12000.0,240.0,11760.0
2880,70,1108,2,3,3014,2,1,13500.0,675.0,12825.0
2881,564,1171,2,2,2440,1,1,12600.0,630.0,11970.0
2882,35,834,2,1,2163,1,2,12000.0,0.0,24000.0
2883,35,834,2,1,2163,2,3,15000.0,0.0,45000.0
2884,456,746,1,,1885,2,1,13500.0,0.0,13500.0
2885,172,796,1,,2870,1,2,12000.0,480.0,23520.0
2886,577,814,2,2,,1,3,12600.0,1890.0,35910.0
2887,598,843,1,,2946,2,3,15000.0,0.0,45000.0
2888,539,218,1,,377,2,1,15750.0,1575.0,14175.0
2889,47,209,2,4,2685,1,2,12000.0,1200.0,22800.0
2890,535,367,2,1,893,1,1,12000.0,600.0,11400.0
2891,115,902,1,,3110,2,1,16500.0,1650.0,14850.0
2892,149,1484,2,4,2621,1,1,13200.0,0.0,13200.0
2893,149,1484,2,4,2621,1,1,12000.0,240.0,11760.0
2894,389,1094,1,,227,2,3,13500.0,2025.0,38475.0
2895,19,1113,2,3,1815,1,2,12600.0,2520.0,22680.0
2896,124,930,1,,1738,2,2,13500.0,2700.0,24300.0
2897,124,930,1,,1738,1,2,12000.0,480.0,23520.0
2898,124,930,1,,1738,1,1,12000.0,1200.0,10800.0
2899,468,1135,2,1,767,1,1,12000.0,600.0,11400.0
2900,565,476,1,,848,1,2,12000.0,0.0,24000.0
2901,565,476,1,,848,2,1,15000.0,750.0,14250.0
2902,277,972,2,2,1458,1,1,12000.0,0.0,12000.0
2903,277,972,2,2,1458,1,1,12000.0,600.0,11400.0
2904,146,872,2,4,1896,1,3,12600.0,3780.0,34020.0
2905,269,1396,2,2,960,1,1,12000.0,240.0,11760.0
2906,269,1396,2,2,960,2,3,15000.0,900.0,44100.0
2907,192,998,2,2,2695,2,3,15750.0,0.0,47250.0
2908,518,69,1,,964,2,3,15000.0,4500.0,40500.0
2909,624,873,1,,3085,2,3,15000.0,4500.0,40500.0
2910,339,862,2,3,1276,2,1,15000.0,750.0,14250.0
2911,339,862,2,3,1276,2,2,15750.0,1575.0,29925.0
2912,457,1029,1,,1589,2,2,15750.0,630.0,30870.0
2913,500,721,2,3,221,1,3,12000.0,0.0,36000.0
2914,445,150,2,4,578,1,2,12600.0,1260.0,23940.0
2915,445,150,2,4,578,1,2,12000.0,480.0,23520.0
2916,390,1004,1,,1999,2,2,15000.0,1500.0,28500.0
2917,481,450,2,1,1404,1,2,10800.0,0.0,21600.0
2918,481,450,2,1,1404,1,2,12000.0,1200.0,22800.0
2919,481,450,2,1,1404,1,2,10800.0,432.0,21168.0
2920,88,172,2,1,959,2,2,15750.0,1575.0,29925.0
2921,417,1376,2,3,814,2,2,15000.0,1500.0,28500.0
2922,637,234,2,4,535,1,1,12600.0,1260.0,11340.0
2923,511,234,1,,1107,1,1,12600.0,1260.0,11340.0
2924,425,117,1,,1545,2,1,15000.0,0.0,15000.0
2925,425,117,1,,1545,2,2,13500.0,1350.0,25650.0
2926,5,37,1,,70,1,1,12000.0,0.0,12000.0
2927,29,1116,2,4,,2,1,15000.0,0.0,15000.0
2928,470,235,1,,1248,1,3,10800.0,1620.0,30780.0
2929,500,285,1,,512,1,1,12000.0,0.0,12000.0
2930,61,1188,1,,3055,1,1,12000.0,1200.0,10800.0
2931,638,230,2,1,2244,2,3,15000.0,900.0,44100.0
2932,638,230,2,1,2244,2,3,15000.0,0.0,45000.0
2933,499,1399,2,4,1513,2,1,16500.0,330.0,16170.0
2934,381,1363,1,,,2,1,15000.0,0.0,15000.0
2935,307,855,2,3,1596,1,3,10800.0,648.0,31752.0
2936,307,855,2,3,1596,1,3,10800.0,1620.0,30780.0
2937,301,498,1,,1305,1,1,12000.0,1200.0,10800.0
2938,158,140,1,,1860,1,1,12000.0,600.0,11400.0
2939,366,956,2,1,2450,1,1,12000.0,240.0,11760.0
2940,366,956,2,1,2450,2,2,15000.0,0.0,30000.0
2941,261,235,2,1,1953,1,1,12000.0,0.0,12000.0
2942,485,1268,1,,1390,1,1,12000.0,600.0,11400.0
2943,103,1322,1,,3180,1,2,12600.0,504.0,24696.0
2944,103,1322,1,,3180,2,3,16500.0,0.0,49500.0
2945,398,194,1,,140,1,3,10800.0,0.0,32400.0
2946,371,1446,1,,1917,1,3,12600.0,3780.0,34020.0
2947,186,502,2,1,2551,1,1,12000.0,0.0,12000.0
2948,396,1410,2,3,2590,1,3,12000.0,0.0,36000.0
2949,514,951,1,,107,1,2,12000.0,0.0,24000.0
2950,599,1124,1,,1105,2,3,15000.0,0.0,45000.0
2951,599,1124,1,,1105,1,1,12600.0,1260.0,11340.0
2952,137,1005,2,2,2706,2,1,13500.0,675.0,12825.0
2953,137,1005,2,2,2706,2,3,15000.0,900.0,44100.0
2954,98,578,2,4,2186,1,1,12000.0,240.0,11760.0
2955,500,881,1,,2029,2,2,13500.0,0.0,27000.0
2956,500,881,1,,2029,2,1,15000.0,300.0,14700.0
2957,373,865,2,3,2520,1,2,12000.0,480.0,23520.0
2958,228,411,2,3,1298,1,3,13200.0,1980.0,37620.0
2959,411,1412,2,4,2402,1,1,12600.0,1260.0,11340.0
2960,14,167,1,,332,1,1,12000.0,600.0,11400.0
2961,51,623,1,,1146,1,2,13200.0,2640.0,23760.0
2962,51,623,1,,1146,1,3,12000.0,1800.0,34200.0
2963,51,623,1,,1146,2,3,15000.0,4500.0,40500.0
2964,441,1245,1,,1221,1,1,13200.0,0.0,13200.0
2965,441,1245,1,,1221,1,3,12000.0,720.0,35280.0
2966,164,1389,1,,689,2,1,15000.0,1500.0,13500.0
2967,292,354,1,,,1,3,12600.0,3780.0,34020.0
2968,344,217,1,,151,2,3,15000.0,4500.0,40500.0
2969,63,502,2,2,545,2,1,15000.0,300.0,14700.0
2970,196,320,1,,2919,1,3,12000.0,1800.0,34200.0
2971,196,320,1,,2919,1,3,12000.0,0.0,36000.0
2972,196,320,1,,2919,1,3,12600.0,1890.0,35910.0
2973,392,590,1,,1886,1,1,13200.0,0.0,13200.0
2974,286,1358,1,,2964,1,1,13200.0,1320.0,11880.0
2975,358,1413,2,3,2140,2,2,13500.0,1350.0,25650.0
2976,440,1183,1,,1621,2,1,15000.0,0.0,15000.0
2977,255,1270,1,,724,2,3,15750.0,2362.5,44887.5
2978,469,991,1,,863,2,2,15000.0,3000.0,27000.0
2979,469,991,1,,863,1,2,12600.0,2520.0,22680.0
2980,97,748,1,,2577,2,2,15750.0,1575.0,29925.0
2981,304,1315,1,,3130,2,3,15000.0,4500.0,40500.0
2982,622,529,2,1,1880,1,2,10800.0,0.0,21600.0
2983,354,1186,1,,87,1,1,12000.0,0.0,12000.0
2984,354,1186,1,,87,1,3,12600.0,1890.0,35910.0
2985,216,826,1,,2689,2,3,15000.0,4500.0,40500.0
2986,216,826,1,,2689,2,2,13500.0,2700.0,24300.0
2987,168,53,1,,2004,2,1,15000.0,0.0,15000.0
2988,229,810,2,3,376,2,3,15000.0,900.0,44100.0
2989,418,1442,2,1,1109,2,3,13500.0,0.0,40500.0
2990,202,397,2,3,2438,1,1,12000.0,600.0,11400.0
2991,202,397,2,3,2438,2,2,15000.0,0.0,30000.0
2992,171,292,1,,,1,1,12000.0,0.0,12000.0
2993,248,73,1,,,1,1,12000.0,0.0,12000.0
2994,639,462,1,,1473,2,2,15000.0,0.0,30000.0
2995,639,462,1,,1473,2,2,15000.0,1500.0,28500.0
2996,576,1441,1,,3028,1,1,12000.0,0.0,12000.0
2997,71,696,1,,1520,2,3,15750.0,0.0,47250.0
2998,619,568,2,2,1368,1,1,12000.0,240.0,11760.0
2999,528,888,1,,2429,1,3,12000.0,0.0,36000.0
3000,104,1065,2,4,637,2,3,15000.0,2250.0,42750.0
3001,104,1065,2,4,637,2,3,16500.0,4950.0,44550.0
3002,141,667,1,,3193,1,3,12000.0,720.0,35280.0
3003,141,667,1,,3193,2,3,15000.0,0.0,45000.0
3004,466,156,1,,15,1,1,12000.0,0.0,12000.0
3005,17,272,1,,573,1,3,12000.0,720.0,35280.0
3006,271,515,1,,1971,2,2,15000.0,1500.0,28500.0
3007,271,515,1,,1971,1,2,12000.0,0.0,24000.0
3008,271,515,1,,1971,2,1,13500.0,675.0,12825.0
3009,331,1109,2,1,2433,2,2,13500.0,1350.0,25650.0
3010,331,1109,2,1,2433,1,3,12000.0,720.0,35280.0
3011,331,1109,2,1,2433,1,3,10800.0,1620.0,30780.0
3012,306,4,2,1,151,2,2,15000.0,3000.0,27000.0
3013,580,1406,2,3,2010,1,1,12000.0,0.0,12000.0
3014,449,701,2,4,2710,2,1,13500.0,675.0,12825.0
3015,264,438,2,1,730,2,2,15000.0,0.0,30000.0
3016,165,275,1,,2967,1,2,12600.0,0.0,25200.0
3017,165,275,1,,2967,2,2,15000.0,3000.0,27000.0
3018,94,1054,1,,1626,1,3,10800.0,648.0,31752.0
3019,94,1054,1,,1626,2,3,15000.0,900.0,44100.0
3020,233,831,2,2,2585,1,2,12000.0,0.0,24000.0
3021,62,161,2,3,236,1,3,13200.0,1980.0,37620.0
3022,12,1379,1,,1019,2,2,15000.0,3000.0,27000.0
3023,279,1004,1,,1158,1,1,13200.0,1320.0,11880.0
3024,290,7,1,,643,2,2,13500.0,1350.0,25650.0
3025,138,728,1,,393,1,3,12000.0,0.0,36000.0
3026,138,728,1,,393,1,2,12000.0,1200.0,22800.0
3027,138,728,1,,393,1,1,12000.0,0.0,12000.0
3028,399,832,1,,2863,2,1,15000.0,1500.0,13500.0
3029,507,177,1,,3100,1,2,12000.0,1200.0,22800.0
3030,376,526,2,2,2711,1,1,10800.0,0.0,10800.0
3031,376,526,2,2,2711,1,1,12600.0,0.0,12600.0
3032,202,312,2,1,1002,2,3,15750.0,2362.5,44887.5
3033,289,297,1,,1059,2,2,15000.0,3000.0,27000.0
3034,289,297,1,,1059,2,3,15000.0,2250.0,42750.0
3035,244,472,2,4,2979,2,2,15750.0,1575.0,29925.0
3036,507,133,1,,1994,1,3,12000.0,0.0,36000.0
3037,507,133,1,,1994,1,2,13200.0,2640.0,23760.0
3038,74,718,2,4,214,1,2,10800.0,2160.0,19440.0
3039,74,718,2,4,214,1,3,12000.0,0.0,36000.0
3040,347,378,1,,972,1,2,12000.0,1200.0,22800.0
3041,86,1390,1,,1616,2,2,15000.0,600.0,29400.0
3042,90,1114,2,3,2530,2,1,15000.0,750.0,14250.0
3043,195,102,2,3,2268,1,2,10800.0,432.0,21168.0
3044,516,484,1,,1908,1,1,12000.0,240.0,11760.0
3045,357,1297,2,2,518,1,3,12000.0,1800.0,34200.0
3046,140,716,1,,1140,1,2,12000.0,480.0,23520.0
3047,64,1009,1,,984,1,3,10800.0,3240.0,29160.0
3048,489,860,1,,2191,2,3,16500.0,0.0,49500.0
3049,172,118,1,,1916,2,1,13500.0,675.0,12825.0
3050,222,891,1,,2937,1,3,12000.0,3600.0,32400.0
3051,403,1091,2,2,2132,1,3,13200.0,0.0,39600.0
3052,403,1091,2,2,2132,1,1,10800.0,540.0,10260.0
3053,403,1091,2,2,2132,2,2,13500.0,540.0,26460.0
3054,449,1373,1,,,2,1,15000.0,0.0,15000.0
3055,449,1373,1,,,1,1,12000.0,0.0,12000.0
3056,403,557,2,4,1510,2,1,15000.0,750.0,14250.0
3057,403,557,2,4,1510,2,1,16500.0,1650.0,14850.0
3058,326,757,1,,1469,2,3,13500.0,0.0,40500.0
3059,18,1015,1,,42,1,2,12000.0,2400.0,21600.0
3060,18,1015,1,,42,2,1,15000.0,1500.0,13500.0
3061,138,635,1,,2007,2,2,13500.0,0.0,27000.0
3062,138,635,1,,2007,1,2,12600.0,2520.0,22680.0
3063,426,498,1,,1501,2,1,16500.0,1650.0,14850.0
3064,224,886,2,4,2097,1,2,12000.0,0.0,24000.0
3065,488,1127,2,4,,2,3,16500.0,990.0,48510.0
3066,488,1127,2,4,,2,1,13500.0,675.0,12825.0
3067,105,1220,1,,883,1,1,12000.0,0.0,12000.0
3068,320,16,1,,2518,1,1,12000.0,1200.0,10800.0
3069,320,16,1,,2518,2,3,16500.0,2475.0,47025.0
3070,79,350,1,,,2,1,15000.0,300.0,14700.0
3071,114,37,1,,989,1,2,12000.0,2400.0,21600.0
3072,299,1445,1,,1095,1,1,12600.0,252.0,12348.0
3073,16,18,1,,2772,1,1,12600.0,0.0,12600.0
3074,99,975,1,,2218,2,1,15000.0,300.0,14700.0
3075,407,304,2,3,341,2,1,15000.0,300.0,14700.0
3076,373,1199,1,,,1,3,10800.0,0.0,32400.0
3077,113,437,2,2,486,1,1,12000.0,600.0,11400.0
3078,173,424,1,,373,1,3,12600.0,0.0,37800.0
3079,245,1364,1,,2612,2,2,15000.0,0.0,30000.0
3080,452,979,1,,1388,1,1,12000.0,1200.0,10800.0
3081,549,110,1,,3119,2,2,15750.0,1575.0,29925.0
3082,549,110,1,,3119,2,2,15000.0,1500.0,28500.0
3083,319,751,1,,2627,2,2,15000.0,0.0,30000.0
3084,319,751,1,,2627,1,3,10800.0,648.0,31752.0
3085,180,1427,1,,89,1,3,12000.0,3600.0,32400.0
3086,441,252,1,,3175,2,2,13500.0,1350.0,25650.0
3087,341,846,2,2,,1,2,13200.0,2640.0,23760.0
3088,431,1183,1,,40,1,1,13200.0,264.0,12936.0
3089,540,874,1,,631,2,2,15750.0,630.0,30870.0
3090,540,874,1,,631,1,3,10800.0,3240.0,29160.0
3091,579,469,1,,245,1,2,12000.0,0.0,24000.0
3092,496,637,1,,1557,2,2,15000.0,0.0,30000.0
3093,527,1068,2,3,202,2,3,15000.0,2250.0,42750.0
3094,527,1068,2,3,202,1,2,12000.0,480.0,23520.0
3095,587,1230,2,3,2703,2,1,13500.0,270.0,13230.0
3096,455,249,1,,1027,2,1,16500.0,825.0,15675.0
3097,455,249,1,,1027,1,3,12000.0,720.0,35280.0
3098,336,390,1,,225,2,1,15000.0,750.0,14250.0
3099,40,162,2,2,1711,2,2,15000.0,600.0,29400.0
3100,436,493,2,1,2562,2,2,15000.0,3000.0,27000.0
3101,282,1231,1,,2385,1,2,13200.0,1320.0,25080.0
3102,307,382,1,,2160,1,2,12000.0,2400.0,21600.0
3103,439,887,1,,2396,1,2,12000.0,1200.0,22800.0
3104,367,949,1,,,2,3,15000.0,900.0,44100.0
3105,367,949,1,,,1,3,12000.0,3600.0,32400.0
3106,289,78,1,,3162,2,3,15000.0,900.0,44100.0
3107,289,78,1,,3162,1,2,12000.0,480.0,23520.0
3108,257,747,1,,978,1,1,12000.0,600.0,11400.0
3109,151,138,1,,1109,1,2,13200.0,1320.0,25080.0
3110,602,1058,1,,1025,2,3,15000.0,900.0,44100.0
3111,532,189,2,2,1586,1,3,13200.0,3960.0,35640.0
3112,505,507,1,,2556,1,1,12600.0,630.0,11970.0
3113,505,507,1,,2556,2,2,16500.0,0.0,33000.0
3114,132,1374,2,4,1453,1,1,12000.0,1200.0,10800.0
3115,366,85,1,,,1,3,12600.0,0.0,37800.0
3116,219,239,1,,1193,1,2,12000.0,2400.0,21600.0
3117,182,17,1,,2192,1,2,13200.0,528.0,25872.0
3118,89,351,1,,1175,1,2,10800.0,1080.0,20520.0
3119,89,351,1,,1175,1,1,12600.0,252.0,12348.0
3120,160,1421,1,,1140,2,2,15000.0,1500.0,28500.0
3121,150,719,2,2,135,1,2,12000.0,480.0,23520.0
3122,66,58,1,,1016,1,2,12000.0,0.0,24000.0
3123,257,245,1,,354,1,3,12600.0,756.0,37044.0
3124,595,1320,2,2,1015,2,1,15000.0,1500.0,13500.0
3125,595,1320,2,2,1015,1,1,12000.0,600.0,11400.0
3126,595,1320,2,2,1015,2,1,15000.0,0.0,15000.0
3127,336,947,2,1,1428,2,2,16500.0,0.0,33000.0
3128,279,29,1,,1948,1,1,12000.0,240.0,11760.0
3129,279,29,1,,1948,1,2,12000.0,480.0,23520.0
3130,198,375,1,,347,2,1,15000.0,300.0,14700.0
3131,41,314,1,,2448,2,1,13500.0,0.0,13500.0
3132,477,974,1,,1879,1,1,12000.0,240.0,11760.0
3133,477,974,1,,1879,2,1,15000.0,750.0,14250.0
3134,249,345,1,,1840,2,1,15750.0,315.0,15435.0
3135,249,345,1,,1840,2,2,15000.0,600.0,29400.0
3136,461,1331,1,,2730,1,1,12000.0,0.0,12000.0
3137,237,1008,2,1,,2,1,15000.0,300.0,14700.0
3138,569,588,2,4,2540,1,1,12000.0,0.0,12000.0
3139,445,274,1,,1720,2,2,15000.0,1500.0,28500.0
3140,236,1488,2,2,2164,2,1,15000.0,750.0,14250.0
3141,200,1089,1,,608,1,3,13200.0,1980.0,37620.0
3142,196,1472,1,,1032,1,2,10800.0,432.0,21168.0
3143,396,1294,1,,1441,2,3,15000.0,2250.0,42750.0
3144,449,10,2,2,1541,1,2,12000.0,480.0,23520.0
3145,449,10,2,2,1541,1,1,12000.0,1200.0,10800.0
3146,320,905,1,,991,2,2,15000.0,3000.0,27000.0
3147,330,392,1,,691,1,3,10800.0,648.0,31752.0
3148,330,392,1,,691,2,1,15000.0,0.0,15000.0
3149,330,392,1,,691,1,1,12000.0,600.0,11400.0
3150,292,872,1,,501,1,1,12000.0,600.0,11400.0
3151,292,872,1,,501,1,1,12600.0,630.0,11970.0
3152,111,825,1,,2418,1,2,12000.0,1200.0,22800.0
3153,111,825,1,,2418,1,1,12000.0,240.0,11760.0
3154,132,625,2,3,343,2,3,15000.0,2250.0,42750.0
3155,57,1389,1,,221,1,3,12000.0,3600.0,32400.0
3156,140,5,1,,1036,1,2,12000.0,2400.0,21600.0
3157,154,74,2,1,2594,1,1,13200.0,264.0,12936.0
3158,621,805,1,,2407,2,3,15000.0,4500.0,40500.0
3159,621,805,1,,2407,2,3,16500.0,0.0,49500.0
3160,264,893,1,,1864,1,2,12000.0,2400.0,21600.0
3161,476,347,1,,,1,3,12600.0,1890.0,35910.0
3162,476,347,1,,,2,3,13500.0,810.0,39690.0
3163,101,705,2,4,906,1,3,12000.0,0.0,36000.0
3164,101,705,2,4,906,1,2,12000.0,2400.0,21600.0
3165,76,1342,1,,1927,1,3,12000.0,3600.0,32400.0
3166,76,1342,1,,1927,1,3,10800.0,648.0,31752.0
3167,519,97,1,,974,2,3,15000.0,2250.0,42750.0
3168,136,1308,2,1,432,1,2,12000.0,1200.0,22800.0
3169,136,1308,2,1,432,1,3,12000.0,1800.0,34200.0
3170,170,714,2,1,2778,1,3,12000.0,1800.0,34200.0
3171,170,714,2,1,2778,1,2,12000.0,480.0,23520.0
3172,587,1357,1,,441,1,3,12000.0,720.0,35280.0
3173,609,1092,1,,78,2,2,13500.0,2700.0,24300.0
3174,609,1092,1,,78,2,2,15000.0,3000.0,27000.0
3175,504,513,2,1,,2,2,13500.0,0.0,27000.0
3176,491,263,2,2,3085,1,1,10800.0,216.0,10584.0
3177,624,437,2,4,854,1,3,12000.0,0.0,36000.0
3178,8,1216,1,,232,1,3,13200.0,0.0,39600.0
3179,167,1391,2,3,1743,1,3,12000.0,720.0,35280.0
3180,103,348,1,,388,2,3,15000.0,0.0,45000.0
3181,356,429,1,,2703,2,2,15000.0,1500.0,28500.0
3182,605,388,2,3,176,1,2,13200.0,528.0,25872.0
3183,232,1062,1,,2538,1,2,10800.0,432.0,21168.0
3184,9,536,1,,1544,1,3,12000.0,3600.0,32400.0
3185,322,516,1,,2264,2,2,13500.0,1350.0,25650.0
3186,322,516,1,,2264,1,3,12000.0,1800.0,34200.0
3187,423,1025,2,3,862,2,1,15000.0,0.0,15000.0
3188,16,1405,2,1,2751,2,3,15000.0,0.0,45000.0
3189,520,1317,1,,2245,1,3,12000.0,1800.0,34200.0
3190,520,1317,1,,2245,1,1,12000.0,1200.0,10800.0
3191,20,1200,2,4,1464,1,3,12000.0,3600.0,32400.0
3192,450,984,2,4,1860,1,3,12000.0,0.0,36000.0
3193,450,984,2,4,1860,1,2,12000.0,2400.0,21600.0
3194,49,1465,2,4,171,1,3,13200.0,3960.0,35640.0
3195,622,831,1,,2637,1,3,10800.0,0.0,32400.0
3196,622,831,1,,2637,1,2,10800.0,432.0,21168.0
3197,345,1206,1,,115,1,3,12600.0,0.0,37800.0
3198,277,1431,2,4,1860,1,2,13200.0,0.0,26400.0
3199,277,1431,2,4,1860,2,2,13500.0,540.0,26460.0
3200,277,1431,2,4,1860,1,3,12600.0,1890.0,35910.0
3201,615,1288,1,,2614,2,2,15000.0,3000.0,27000.0
3202,145,812,1,,2630,2,2,15000.0,600.0,29400.0
3203,445,587,1,,3181,2,1,15000.0,0.0,15000.0
3204,445,587,1,,3181,2,2,15750.0,1575.0,29925.0
3205,238,709,2,2,2943,1,1,12000.0,600.0,11400.0
3206,115,544,2,2,3127,2,1,13500.0,675.0,12825.0
3207,503,1174,2,3,2670,2,1,13500.0,0.0,13500.0
3208,503,1174,2,3,2670,1,1,10800.0,0.0,10800.0
3209,433,249,1,,3063,1,2,12000.0,480.0,23520.0
3210,433,249,1,,3063,1,1,12000.0,0.0,12000.0
3211,354,709,1,,1348,1,2,10800.0,2160.0,19440.0
3212,360,368,2,4,453,2,2,13500.0,2700.0,24300.0
3213,572,991,1,,1932,1,3,12000.0,3600.0,32400.0
3214,242,217,2,1,2795,2,2,16500.0,1650.0,31350.0
3215,559,146,1,,332,2,3,15000.0,2250.0,42750.0
3216,67,1376,1,,3061,1,1,12000.0,1200.0,10800.0
3217,67,1376,1,,3061,1,1,12000.0,600.0,11400.0
3218,183,583,1,,1365,1,3,10800.0,648.0,31752.0
3219,183,583,1,,1365,1,3,12000.0,1800.0,34200.0
3220,47,779,1,,1660,2,3,15000.0,900.0,44100.0
3221,47,779,1,,1660,1,1,12000.0,240.0,11760.0
3222,373,216,1,,1692,2,2,15000.0,1500.0,28500.0
3223,373,216,1,,1692,2,1,15750.0,1575.0,14175.0
3224,564,1266,2,4,2260,2,3,13500.0,2025.0,38475.0
3225,551,629,1,,441,2,1,15750.0,0.0,15750.0
3226,551,629,1,,441,1,2,10800.0,2160.0,19440.0
3227,372,245,2,4,2180,1,2,10800.0,0.0,21600.0
3228,607,1256,2,4,242,1,1,10800.0,0.0,10800.0
3229,282,1195,1,,518,1,3,12000.0,720.0,35280.0
3230,27,191,2,3,1443,2,1,15000.0,1500.0,13500.0
3231,604,1477,1,,3059,1,1,12000.0,0.0,12000.0
3232,604,1477,1,,3059,1,1,12000.0,240.0,11760.0
3233,93,464,2,4,414,1,2,12000.0,0.0,24000.0
3234,199,667,2,2,78,1,3,12000.0,720.0,35280.0
3235,480,622,1,,2917,1,2,12600.0,504.0,24696.0
3236,619,866,1,,1104,1,1,12600.0,252.0,12348.0
3237,619,866,1,,1104,2,1,15000.0,0.0,15000.0
3238,124,308,1,,23,2,1,15000.0,750.0,14250.0
3239,159,304,2,1,434,1,3,12000.0,3600.0,32400.0
3240,159,304,2,1,434,1,2,12000.0,1200.0,22800.0
3241,82,1405,1,,1784,1,3,12600.0,756.0,37044.0
3242,390,1369,2,3,2678,2,3,15000.0,0.0,45000.0
3243,318,849,1,,1011,2,1,15000.0,300.0,14700.0
3244,318,849,1,,1011,1,1,12000.0,600.0,11400.0
3245,539,658,1,,1304,1,1,12000.0,240.0,11760.0
3246,126,1400,2,4,1532,1,1,12600.0,0.0,12600.0
3247,95,345,1,,2183,2,3,15000.0,0.0,45000.0
3248,264,617,1,,2094,1,3,12000.0,1800.0,34200.0
3249,270,219,2,4,2531,1,1,13200.0,1320.0,11880.0
3250,275,1253,1,,104,1,1,10800.0,540.0,10260.0
3251,275,1253,1,,104,1,3,10800.0,3240.0,29160.0
3252,275,1253,1,,104,1,1,12000.0,240.0,11760.0
3253,9,377,2,4,2748,1,1,12000.0,600.0,11400.0
3254,9,377,2,4,2748,2,3,15000.0,0.0,45000.0
3255,336,577,2,2,1567,2,3,15000.0,0.0,45000.0
3256,452,769,1,,1100,1,3,10800.0,3240.0,29160.0
3257,566,209,1,,2144,2,3,15000.0,2250.0,42750.0
3258,2,449,1,,1241,1,2,12000.0,2400.0,21600.0
3259,2,449,1,,1241,1,2,12000.0,1200.0,22800.0
3260,2,449,1,,1241,2,3,15000.0,900.0,44100.0
3261,168,859,2,1,,1,1,10800.0,216.0,10584.0
3262,483,960,1,,855,2,2,15000.0,0.0,30000.0
3263,483,960,1,,855,2,3,15000.0,900.0,44100.0
3264,336,1120,1,,3203,2,1,13500.0,0.0,13500.0
3265,458,993,1,,323,1,2,12000.0,480.0,23520.0
3266,209,375,2,3,2964,1,3,12000.0,0.0,36000.0
3267,332,421,2,2,123,2,1,15000.0,300.0,14700.0
3268,292,1219,2,4,274,1,1,12000.0,0.0,12000.0
3269,403,1418,2,1,2697,1,1,12000.0,0.0,12000.0
3270,403,1418,2,1,2697,2,1,13500.0,675.0,12825.0
3271,396,1034,1,,631,2,3,15000.0,0.0,45000.0
3272,330,801,1,,3160,2,2,15000.0,600.0,29400.0
3273,388,89,2,3,,1,3,10800.0,1620.0,30780.0
3274,388,89,2,3,,2,2,16500.0,3300.0,29700.0
3275,572,436,2,1,971,1,2,10800.0,2160.0,19440.0
3276,636,281,1,,1527,1,3,12000.0,1800.0,34200.0
3277,211,593,1,,3063,1,3,12600.0,756.0,37044.0
3278,211,593,1,,3063,2,3,15000.0,900.0,44100.0
3279,211,593,1,,3063,2,3,15750.0,2362.5,44887.5
3280,180,996,2,2,2552,2,3,15000.0,4500.0,40500.0
3281,574,205,1,,,1,1,12600.0,630.0,11970.0
3282,9,520,1,,867,2,3,13500.0,0.0,40500.0
3283,601,12,1,,720,1,1,12000.0,600.0,11400.0
3284,288,126,1,,902,2,3,15750.0,945.0,46305.0
3285,175,826,2,1,1604,2,3,15750.0,2362.5,44887.5
3286,451,1062,1,,,1,1,12000.0,600.0,11400.0
3287,19,382,2,3,2975,1,1,10800.0,1080.0,9720.0
3288,19,382,2,3,2975,1,2,12000.0,2400.0,21600.0
3289,109,668,1,,2457,1,1,10800.0,540.0,10260.0
3290,382,1049,1,,,2,3,13500.0,4050.0,36450.0
3291,382,1049,1,,,2,2,15000.0,3000.0,27000.0
3292,187,1479,1,,1340,1,1,12000.0,0.0,12000.0
3293,633,586,2,1,2567,1,1,13200.0,264.0,12936.0
3294,386,983,1,,1854,1,3,12000.0,3600.0,32400.0
3295,173,921,1,,2241,1,2,12000.0,0.0,24000.0
3296,272,837,1,,3060,2,3,15000.0,0.0,45000.0
3297,615,1404,2,4,,1,1,12000.0,600.0,11400.0
3298,615,1404,2,4,,2,2,15000.0,0.0,30000.0
3299,327,605,2,4,1120,1,3,12000.0,1800.0,34200.0
3300,96,836,1,,1291,1,3,12000.0,0.0,36000.0
3301,492,30,1,,160,2,2,15000.0,0.0,30000.0
3302,207,1358,1,,2838,1,1,10800.0,1080.0,9720.0
3303,293,569,1,,2246,2,1,15000.0,1500.0,13500.0
3304,247,459,2,1,2059,1,1,12600.0,252.0,12348.0
3305,594,870,1,,2661,1,3,10800.0,648.0,31752.0
3306,238,1123,1,,,2,1,15750.0,0.0,15750.0
3307,373,146,2,3,2728,1,3,10800.0,1620.0,30780.0
3308,66,826,2,1,2224,2,2,16500.0,0.0,33000.0
3309,66,826,2,1,2224,1,2,12000.0,2400.0,21600.0
3310,31,1228,1,,574,1,1,10800.0,540.0,10260.0
3311,107,495,1,,958,2,3,15750.0,0.0,47250.0
3312,127,1159,2,1,2595,2,3,15000.0,0.0,45000.0
3313,529,1344,1,,1708,1,1,12000.0,1200.0,10800.0
3314,270,847,1,,1551,1,2,12000.0,2400.0,21600.0
3315,270,690,1,,1910,1,2,13200.0,528.0,25872.0
3316,530,985,1,,1983,2,1,15000.0,300.0,14700.0
3317,440,1413,2,2,1923,2,2,15750.0,3150.0,28350.0
3318,97,1280,2,3,1846,2,1,15750.0,1575.0,14175.0
3319,444,1130,1,,1628,2,3,15750.0,0.0,47250.0
3320,444,1130,1,,1628,2,3,15000.0,4500.0,40500.0
3321,444,1130,1,,1628,2,3,15000.0,900.0,44100.0
3322,549,247,1,,1731,1,3,10800.0,3240.0,29160.0
3323,609,666,2,1,1724,1,1,12000.0,600.0,11400.0
3324,217,995,1,,657,1,3,12000.0,720.0,35280.0
3325,217,995,1,,657,2,2,15750.0,3150.0,28350.0
3326,485,1081,1,,3055,1,1,13200.0,0.0,13200.0
3327,485,1081,1,,3055,1,1,12000.0,1200.0,10800.0
3328,289,723,1,,2234,1,1,12000.0,600.0,11400.0
3329,79,1284,2,1,577,1,1,12000.0,240.0,11760.0
3330,351,1372,2,4,2773,2,3,15000.0,2250.0,42750.0
3331,303,397,1,,1348,1,1,10800.0,0.0,10800.0
3332,193,508,1,,,2,3,15750.0,0.0,47250.0
3333,512,1212,2,1,1920,1,3,12000.0,0.0,36000.0
3334,59,765,1,,1701,1,2,12000.0,2400.0,21600.0
3335,412,444,1,,1627,1,2,13200.0,528.0,25872.0
3336,232,798,1,,1515,1,1,12000.0,240.0,11760.0
3337,217,1380,2,2,153,1,1,12000.0,0.0,12000.0
3338,176,260,1,,553,1,3,13200.0,0.0,39600.0
3339,563,25,1,,504,2,3,15000.0,0.0,45000.0
3340,558,1301,2,2,2677,2,1,15000.0,1500.0,13500.0
3341,102,600,2,4,1793,2,2,15750.0,630.0,30870.0
3342,60,678,1,,625,2,1,15000.0,750.0,14250.0
3343,60,678,1,,625,2,3,15750.0,2362.5,44887.5
3344,60,678,1,,625,1,1,12000.0,600.0,11400.0
3345,577,1500,1,,3037,2,3,15000.0,900.0,44100.0
3346,577,1500,1,,3037,1,3,12000.0,720.0,35280.0
3347,459,1414,1,,2711,2,2,16500.0,3300.0,29700.0
3348,532,490,1,,643,2,1,15750.0,787.5,14962.5
3349,532,490,1,,643,1,1,12000.0,240.0,11760.0
3350,454,932,1,,2508,1,3,10800.0,3240.0,29160.0
3351,47,812,2,1,14,1,2,10800.0,0.0,21600.0
3352,47,812,2,1,14,2,1,15000.0,0.0,15000.0
3353,47,812,2,1,14,1,3,10800.0,1620.0,30780.0
3354,252,1160,1,,2215,1,2,12600.0,1260.0,23940.0
3355,373,290,1,,2109,1,2,10800.0,432.0,21168.0
3356,530,891,1,,,2,1,15750.0,1575.0,14175.0
3357,161,870,1,,1756,1,3,12600.0,3780.0,34020.0
3358,9,991,2,2,1887,1,1,12000.0,240.0,11760.0
3359,9,991,2,2,1887,1,1,12600.0,0.0,12600.0
3360,121,793,1,,346,1,3,10800.0,648.0,31752.0
3361,121,793,1,,346,1,1,10800.0,0.0,10800.0
3362,169,741,1,,403,2,1,13500.0,675.0,12825.0
3363,488,229,1,,92,1,2,12000.0,480.0,23520.0
3364,38,177,2,2,2241,1,2,12600.0,1260.0,23940.0
3365,70,706,1,,2837,2,1,16500.0,1650.0,14850.0
3366,65,665,1,,2483,2,2,15000.0,1500.0,28500.0
3367,65,665,1,,2483,1,1,10800.0,216.0,10584.0
3368,363,510,2,2,803,1,3,12000.0,3600.0,32400.0
3369,258,1172,1,,1603,1,2,12000.0,2400.0,21600.0
3370,326,392,2,2,1725,2,3,15000.0,0.0,45000.0
3371,508,163,1,,2862,1,1,12000.0,0.0,12000.0
3372,379,918,1,,1831,1,1,12000.0,1200.0,10800.0
3373,379,918,1,,1831,2,1,13500.0,0.0,13500.0
3374,40,788,2,2,170,1,1,12000.0,600.0,11400.0
3375,40,788,2,2,170,2,1,13500.0,1350.0,12150.0
3376,201,1008,1,,3128,2,2,15000.0,1500.0,28500.0
3377,621,157,1,,3075,2,3,15000.0,2250.0,42750.0
3378,621,157,1,,3075,1,2,12600.0,2520.0,22680.0
3379,126,1387,1,,1061,2,1,15750.0,0.0,15750.0
3380,126,1387,1,,1061,1,3,12000.0,720.0,35280.0
3381,556,448,1,,80,1,3,13200.0,792.0,38808.0
3382,209,180,1,,1630,1,1,12600.0,252.0,12348.0
3383,262,988,1,,,2,1,15750.0,787.5,14962.5
3384,627,1133,1,,1898,1,3,12000.0,720.0,35280.0
3385,188,441,1,,,2,3,15000.0,4500.0,40500.0
3386,216,44,1,,169,1,2,10800.0,0.0,21600.0
3387,507,194,1,,1279,1,1,10800.0,1080.0,9720.0
3388,134,622,1,,3179,2,1,15000.0,0.0,15000.0
3389,134,622,1,,3179,2,3,13500.0,2025.0,38475.0
3390,415,81,1,,1641,1,3,12600.0,3780.0,34020.0
3391,603,525,1,,,1,2,12600.0,504.0,24696.0
3392,489,204,2,2,,2,3,15000.0,0.0,45000.0
3393,336,1393,2,2,621,2,2,15000.0,3000.0,27000.0
3394,173,1057,1,,866,1,3,12600.0,3780.0,34020.0
3395,354,310,1,,3028,2,3,15750.0,4725.0,42525.0
3396,354,310,1,,3028,2,3,13500.0,810.0,39690.0
3397,354,310,1,,3028,1,2,12000.0,480.0,23520.0
3398,16,358,1,,2400,1,3,13200.0,3960.0,35640.0
3399,193,1271,1,,1505,2,1,13500.0,0.0,13500.0
3400,193,1271,1,,1505,1,3,12600.0,3780.0,34020.0
3401,503,1158,1,,1995,2,2,13500.0,2700.0,24300.0
3402,550,492,2,4,518,2,2,15000.0,600.0,29400.0
3403,388,1207,1,,532,1,2,12000.0,1200.0,22800.0
3404,495,1015,2,3,2074,1,1,12600.0,0.0,12600.0
3405,353,698,2,2,592,1,2,13200.0,528.0,25872.0
3406,353,698,2,2,592,1,2,10800.0,432.0,21168.0
3407,407,860,2,4,2377,1,2,13200.0,528.0,25872.0
3408,407,860,2,4,2377,1,1,12000.0,600.0,11400.0
3409,369,1258,1,,1676,1,2,10800.0,2160.0,19440.0
3410,369,1258,1,,1676,2,3,13500.0,2025.0,38475.0
3411,323,1032,1,,869,2,3,15000.0,2250.0,42750.0
3412,623,26,1,,1220,1,2,12000.0,480.0,23520.0
3413,209,268,1,,2174,1,3,12000.0,3600.0,32400.0
3414,209,268,1,,2174,1,3,12000.0,1800.0,34200.0
3415,124,1242,1,,1100,1,3,12600.0,3780.0,34020.0
3416,97,393,1,,344,2,2,15000.0,0.0,30000.0
3417,97,393,1,,344,2,2,15000.0,0.0,30000.0
3418,255,99,2,4,2866,1,1,12000.0,1200.0,10800.0
3419,630,518,1,,1398,2,2,13500.0,2700.0,24300.0
3420,250,420,1,,2707,1,2,10800.0,432.0,21168.0
3421,250,420,1,,2707,1,3,12000.0,0.0,36000.0
3422,63,323,2,3,1939,1,2,12600.0,2520.0,22680.0
3423,63,323,2,3,1939,2,1,15000.0,300.0,14700.0
3424,54,1359,1,,1081,2,2,13500.0,540.0,26460.0
3425,54,1359,1,,1081,1,2,12000.0,0.0,24000.0
3426,397,988,1,,334,1,3,12000.0,3600.0,32400.0
3427,397,988,1,,334,1,1,13200.0,0.0,13200.0
3428,404,687,2,3,1125,2,1,15000.0,1500.0,13500.0
3429,176,395,1,,1502,1,2,12000.0,0.0,24000.0
3430,355,35,2,3,1851,1,2,13200.0,0.0,26400.0
3431,429,264,2,2,537,1,2,13200.0,0.0,26400.0
3432,429,264,2,2,537,2,1,15000.0,0.0,15000.0
3433,429,264,2,2,537,1,3,10800.0,0.0,32400.0
3434,287,1085,1,,2031,1,2,10800.0,0.0,21600.0
3435,317,1023,1,,2156,2,3,15000.0,4500.0,40500.0
3436,406,789,1,,18,2,3,15000.0,0.0,45000.0
3437,406,789,1,,18,1,2,12000.0,0.0,24000.0
3438,406,789,1,,18,2,1,13500.0,0.0,13500.0
3439,567,524,2,2,1093,1,3,12000.0,0.0,36000.0
3440,567,524,2,2,1093,1,3,12000.0,3600.0,32400.0
3441,167,189,1,,1360,1,1,12600.0,1260.0,11340.0
3442,167,189,1,,1360,1,3,12000.0,1800.0,34200.0
3443,510,806,2,4,139,2,3,16500.0,0.0,49500.0
3444,268,1241,1,,,2,3,15000.0,0.0,45000.0
3445,39,1210,1,,1647,2,2,15000.0,3000.0,27000.0
3446,543,1034,1,,89,2,1,15000.0,750.0,14250.0
3447,543,1034,1,,89,1,2,12600.0,0.0,25200.0
3448,539,653,2,1,2046,2,1,15000.0,1500.0,13500.0
3449,539,653,2,1,2046,2,1,15000.0,0.0,15000.0
3450,111,662,2,1,1943,1,1,12000.0,0.0,12000.0
3451,281,726,2,3,3189,2,2,15000.0,0.0,30000.0
3452,413,1306,1,,3168,2,3,15750.0,945.0,46305.0
3453,146,1383,2,3,997,2,3,15000.0,900.0,44100.0
3454,146,1383,2,3,997,1,2,12000.0,2400.0,21600.0
3455,577,489,1,,649,2,1,15000.0,750.0,14250.0
3456,552,1476,1,,2328,2,3,15000.0,2250.0,42750.0
3457,552,1476,1,,2328,1,3,10800.0,0.0,32400.0
3458,145,90,2,3,760,1,2,12000.0,1200.0,22800.0
3459,18,938,1,,1551,2,2,15000.0,0.0,30000.0
3460,15,1239,1,,1139,1,1,13200.0,0.0,13200.0
3461,217,594,2,4,2576,2,2,15000.0,600.0,29400.0
3462,169,1277,2,4,2463,1,3,13200.0,3960.0,35640.0
3463,599,1386,1,,1027,1,3,12000.0,1800.0,34200.0
3464,310,88,1,,748,1,2,12000.0,2400.0,21600.0
3465,303,1274,1,,2420,1,3,13200.0,792.0,38808.0
3466,303,1274,1,,2420,1,2,12600.0,0.0,25200.0
3467,303,1274,1,,2420,2,3,15000.0,0.0,45000.0
3468,565,1083,2,2,1341,1,2,12000.0,480.0,23520.0
3469,229,405,1,,2278,1,1,12000.0,1200.0,10800.0
3470,414,1206,2,1,780,1,2,12000.0,0.0,24000.0
3471,414,1206,2,1,780,1,1,12600.0,252.0,12348.0
3472,269,427,1,,411,1,3,12000.0,1800.0,34200.0
3473,624,1230,1,,1365,1,3,12000.0,3600.0,32400.0
3474,624,1230,1,,1365,1,2,12000.0,2400.0,21600.0
3475,505,119,2,3,1233,1,2,12600.0,0.0,25200.0
3476,505,119,2,3,1233,2,2,16500.0,3300.0,29700.0
3477,171,1305,1,,3147,1,2,12000.0,0.0,24000.0
3478,627,1274,2,3,1362,1,1,10800.0,540.0,10260.0
3479,81,77,1,,2128,2,2,16500.0,3300.0,29700.0
3480,467,136,1,,1918,1,1,12600.0,252.0,12348.0
3481,467,136,1,,1918,2,1,15000.0,300.0,14700.0
3482,75,782,2,2,2236,2,3,13500.0,2025.0,38475.0
3483,200,293,1,,1641,1,3,13200.0,792.0,38808.0
3484,309,481,2,3,1085,1,3,10800.0,0.0,32400.0
3485,399,593,1,,860,1,1,13200.0,0.0,13200.0
3486,142,617,1,,1716,2,2,15000.0,1500.0,28500.0
3487,142,617,1,,1716,2,3,15000.0,4500.0,40500.0
3488,311,1021,2,1,1844,2,2,15000.0,0.0,30000.0
3489,102,382,2,2,2543,1,3,13200.0,3960.0,35640.0
3490,306,1356,2,4,2266,1,1,13200.0,0.0,13200.0
3491,498,464,1,,,2,1,15000.0,300.0,14700.0
3492,498,464,1,,,1,3,12000.0,3600.0,32400.0
3493,27,618,1,,1920,2,2,16500.0,1650.0,31350.0
3494,296,950,2,3,2726,1,1,12600.0,1260.0,11340.0
3495,296,950,2,3,2726,1,3,12000.0,0.0,36000.0
3496,159,1371,2,1,1117,1,3,12000.0,720.0,35280.0
3497,53,1007,2,2,1447,1,2,13200.0,2640.0,23760.0
3498,53,1007,2,2,1447,2,2,15000.0,1500.0,28500.0
3499,480,48,1,,110,1,3,13200.0,792.0,38808.0
3500,344,1231,2,2,1786,2,3,15000.0,0.0,45000.0
3501,180,1143,2,2,2504,2,3,13500.0,0.0,40500.0
3502,180,1143,2,2,2504,2,1,15000.0,1500.0,13500.0
3503,424,1374,2,3,1020,1,2,12000.0,2400.0,21600.0
3504,314,1014,1,,,2,3,15750.0,4725.0,42525.0
3505,344,1161,1,,2844,1,1,12000.0,600.0,11400.0
3506,155,423,1,,2352,1,3,12000.0,3600.0,32400.0
3507,10,52,1,,,2,2,15750.0,0.0,31500.0
3508,574,1112,1,,1827,1,2,12000.0,480.0,23520.0
3509,574,1112,1,,1827,1,1,12600.0,252.0,12348.0
3510,245,1046,1,,1472,2,2,15000.0,600.0,29400.0
3511,361,555,2,3,2451,2,3,15000.0,900.0,44100.0
3512,361,555,2,3,2451,1,3,12000.0,720.0,35280.0
3513,419,24,1,,1095,2,2,15000.0,1500.0,28500.0
3514,132,506,2,2,600,1,2,12000.0,1200.0,22800.0
3515,337,1211,1,,2722,1,1,10800.0,216.0,10584.0
3516,337,1211,1,,2722,1,2,12000.0,1200.0,22800.0
3517,199,859,1,,2911,2,2,16500.0,1650.0,31350.0
3518,199,859,1,,2911,2,1,15750.0,0.0,15750.0
3519,315,1376,1,,226,2,1,13500.0,1350.0,12150.0
3520,521,83,2,1,,1,3,12600.0,3780.0,34020.0
3521,521,83,2,1,,2,2,15000.0,600.0,29400.0
3522,608,284,1,,2039,1,3,12000.0,3600.0,32400.0
3523,399,517,2,1,880,1,1,12000.0,600.0,11400.0
3524,97,521,2,1,855,2,3,15000.0,2250.0,42750.0
3525,26,585,1,,416,2,3,15000.0,4500.0,40500.0
3526,26,585,1,,416,1,2,13200.0,0.0,26400.0
3527,225,282,2,3,1981,2,3,15000.0,900.0,44100.0
3528,495,1234,2,1,1727,1,2,13200.0,1320.0,25080.0
3529,154,1350,2,4,3077,1,3,12000.0,720.0,35280.0
3530,154,1350,2,4,3077,1,3,12000.0,0.0,36000.0
3531,154,1350,2,4,3077,2,1,15000.0,1500.0,13500.0
3532,490,31,1,,2971,2,3,16500.0,4950.0,44550.0
3533,490,31,1,,2971,1,3,12000.0,720.0,35280.0
3534,359,1356,1,,2367,2,2,15000.0,3000.0,27000.0
3535,439,1392,1,,2436,1,2,10800.0,432.0,21168.0
3536,475,702,2,4,,2,2,13500.0,540.0,26460.0
3537,21,1414,1,,2232,1,1,12000.0,0.0,12000.0
3538,204,216,1,,44,2,2,15750.0,3150.0,28350.0
3539,421,87,1,,1356,2,1,16500.0,1650.0,14850.0
3540,216,173,2,2,2333,2,2,15000.0,0.0,30000.0
3541,33,767,2,2,2503,2,1,13500.0,270.0,13230.0
3542,636,49,1,,3076,2,2,15000.0,0.0,30000.0
3543,636,49,1,,3076,2,3,15750.0,0.0,47250.0
3544,369,706,1,,,2,3,16500.0,0.0,49500.0
3545,350,1456,1,,468,1,1,12000.0,1200.0,10800.0
3546,350,1456,1,,468,2,2,15000.0,1500.0,28500.0
3547,627,87,2,1,,1,2,10800.0,432.0,21168.0
3548,428,1066,2,3,2229,1,3,10800.0,1620.0,30780.0
3549,125,1398,2,3,1771,1,1,10800.0,0.0,10800.0
3550,255,544,1,,2103,2,2,15000.0,600.0,29400.0
3551,255,544,1,,2103,1,3,12000.0,0.0,36000.0
3552,132,135,1,,1604,2,2,15000.0,1500.0,28500.0
3553,372,806,1,,2596,2,2,15000.0,600.0,29400.0
3554,490,1230,1,,2950,1,1,12000.0,600.0,11400.0
3555,490,1230,1,,2950,1,2,12000.0,0.0,24000.0
3556,65,995,1,,2428,1,3,12000.0,720.0,35280.0
3557,65,995,1,,2428,1,3,10800.0,1620.0,30780.0
3558,483,629,2,1,1465,1,3,12000.0,720.0,35280.0
3559,182,1312,1,,2403,2,1,15000.0,750.0,14250.0
3560,398,1339,1,,2365,2,1,15000.0,0.0,15000.0
3561,398,1339,1,,2365,1,2,12000.0,0.0,24000.0
3562,327,1172,2,3,457,2,1,15750.0,787.5,14962.5
3563,13,1064,2,3,2515,1,1,12000.0,1200.0,10800.0
3564,583,913,2,2,,2,1,15000.0,1500.0,13500.0
3565,551,295,1,,606,2,3,15000.0,0.0,45000.0
3566,299,461,1,,2298,2,3,15000.0,900.0,44100.0
3567,544,326,1,,249,1,3,10800.0,1620.0,30780.0
3568,544,326,1,,249,2,3,15000.0,4500.0,40500.0
3569,544,326,1,,249,2,1,15000.0,300.0,14700.0
3570,94,971,1,,3158,2,2,16500.0,660.0,32340.0
3571,94,971,1,,3158,2,2,15000.0,0.0,30000.0
3572,169,70,2,4,2936,2,2,16500.0,660.0,32340.0
3573,63,415,1,,809,2,1,15000.0,750.0,14250.0
3574,65,292,2,3,870,2,1,15000.0,750.0,14250.0
3575,626,717,1,,718,1,3,12000.0,720.0,35280.0
3576,626,717,1,,718,1,1,12000.0,240.0,11760.0
3577,609,904,1,,310,1,3,12000.0,3600.0,32400.0
3578,609,904,1,,310,1,1,12600.0,0.0,12600.0
3579,609,904,1,,310,1,2,12000.0,480.0,23520.0
3580,630,437,1,,1778,1,3,12600.0,1890.0,35910.0
3581,630,437,1,,1778,2,2,15750.0,0.0,31500.0
3582,599,1396,2,3,1607,2,2,13500.0,1350.0,25650.0
3583,524,393,1,,595,2,2,15000.0,0.0,30000.0
3584,632,1289,1,,,2,3,15000.0,0.0,45000.0
3585,632,1289,1,,,2,2,13500.0,1350.0,25650.0
3586,186,394,2,3,1839,1,1,12000.0,1200.0,10800.0
3587,343,1413,2,2,125,1,2,12000.0,480.0,23520.0
3588,343,1413,2,2,125,1,3,12000.0,720.0,35280.0
3589,230,1157,2,1,813,2,2,15750.0,0.0,31500.0
3590,230,1157,2,1,813,2,1,15000.0,300.0,14700.0
3591,621,1308,1,,3126,2,3,15000.0,4500.0,40500.0
3592,621,1308,1,,3126,1,2,12600.0,2520.0,22680.0
3593,282,628,1,,,1,1,10800.0,540.0,10260.0
3594,342,317,1,,152,2,3,15750.0,2362.5,44887.5
3595,190,55,2,1,1955,2,3,16500.0,990.0,48510.0
3596,567,339,2,1,2289,1,3,12000.0,3600.0,32400.0
3597,567,339,2,1,2289,1,1,10800.0,540.0,10260.0
3598,355,1277,1,,2019,2,1,16500.0,0.0,16500.0
3599,355,1277,1,,2019,1,2,12000.0,480.0,23520.0
3600,95,823,1,,1249,1,3,12000.0,720.0,35280.0
3601,77,272,1,,1149,1,3,12000.0,0.0,36000.0
3602,186,1147,1,,2543,1,2,12000.0,480.0,23520.0
3603,186,1147,1,,2543,1,2,13200.0,0.0,26400.0
3604,375,594,2,1,2923,1,2,12000.0,2400.0,21600.0
3605,351,639,1,,2534,1,2,13200.0,2640.0,23760.0
3606,615,172,1,,877,2,1,15750.0,315.0,15435.0
3607,609,1182,1,,1818,2,1,15750.0,0.0,15750.0
3608,400,35,1,,2445,2,1,16500.0,0.0,16500.0
3609,47,572,2,1,820,1,2,12000.0,2400.0,21600.0
3610,47,572,2,1,820,2,1,15750.0,1575.0,14175.0
3611,391,816,1,,549,1,2,12000.0,480.0,23520.0
3612,391,816,1,,549,1,1,12000.0,600.0,11400.0
3613,162,359,1,,,2,3,15000.0,900.0,44100.0
3614,162,359,1,,,1,1,12000.0,0.0,12000.0
3615,508,272,1,,1691,2,2,16500.0,1650.0,31350.0
3616,508,272,1,,1691,1,1,12000.0,240.0,11760.0
3617,539,402,2,4,2875,1,1,10800.0,216.0,10584.0
3618,83,1137,1,,446,1,2,12600.0,2520.0,22680.0
3619,166,1267,2,3,1797,1,1,12000.0,600.0,11400.0
3620,166,1267,2,3,1797,1,3,12000.0,0.0,36000.0
3621,166,1267,2,3,1797,2,3,15000.0,4500.0,40500.0
3622,321,603,1,,1035,1,3,12000.0,0.0,36000.0
3623,259,606,2,4,2773,1,2,12000.0,2400.0,21600.0
3624,349,1268,1,,4,2,2,15000.0,0.0,30000.0
3625,594,1393,1,,593,1,1,12600.0,0.0,12600.0
3626,557,1486,1,,,2,3,16500.0,990.0,48510.0
3627,469,1453,1,,,2,1,15000.0,1500.0,13500.0
3628,328,1352,1,,950,1,2,12000.0,1200.0,22800.0
3629,94,1357,2,1,257,1,3,12000.0,1800.0,34200.0
3630,386,725,2,1,2200,1,1,12000.0,600.0,11400.0
3631,618,260,2,3,2396,2,2,16500.0,660.0,32340.0
3632,399,378,2,3,2065,1,3,12000.0,0.0,36000.0
3633,399,378,2,3,2065,2,2,15000.0,3000.0,27000.0
3634,383,1425,1,,2015,2,1,15000.0,300.0,14700.0
3635,383,1425,1,,2015,1,3,13200.0,3960.0,35640.0
3636,383,1425,1,,2015,1,3,12000.0,3600.0,32400.0
3637,188,85,1,,1839,2,3,15000.0,2250.0,42750.0
3638,188,85,1,,1839,1,3,12600.0,0.0,37800.0
3639,618,1313,2,3,2604,2,3,16500.0,4950.0,44550.0
3640,384,704,2,4,1268,1,3,12000.0,0.0,36000.0
3641,384,704,2,4,1268,1,2,12000.0,2400.0,21600.0
3642,288,1133,2,2,2045,1,2,10800.0,1080.0,20520.0
3643,288,1133,2,2,2045,1,2,12000.0,2400.0,21600.0
3644,420,176,1,,2738,1,2,12000.0,2400.0,21600.0
3645,420,176,1,,2738,2,3,16500.0,2475.0,47025.0
3646,192,264,1,,1171,1,2,12000.0,1200.0,22800.0
3647,192,264,1,,1171,1,1,10800.0,216.0,10584.0
3648,142,882,2,1,,1,2,12600.0,2520.0,22680.0
3649,142,882,2,1,,1,2,12000.0,1200.0,22800.0
3650,616,529,1,,174,2,1,13500.0,675.0,12825.0
3651,616,529,1,,174,2,1,15000.0,0.0,15000.0
3652,616,529,1,,174,2,2,16500.0,0.0,33000.0
3653,184,511,2,1,2207,2,3,13500.0,4050.0,36450.0
3654,300,1192,2,4,,2,3,13500.0,0.0,40500.0
3655,526,866,2,2,996,2,2,15750.0,630.0,30870.0
3656,451,147,1,,1569,1,3,12000.0,1800.0,34200.0
3657,14,846,2,2,972,1,3,12600.0,0.0,37800.0
3658,481,487,1,,2664,1,3,10800.0,1620.0,30780.0
3659,481,487,1,,2664,1,3,12000.0,1800.0,34200.0
3660,313,1252,2,4,2493,1,1,12000.0,240.0,11760.0
3661,313,1252,2,4,2493,1,2,12000.0,0.0,24000.0
3662,315,746,2,1,2929,1,2,10800.0,0.0,21600.0
3663,315,746,2,1,2929,1,3,13200.0,792.0,38808.0
3664,315,746,2,1,2929,1,3,12000.0,720.0,35280.0
3665,579,760,1,,1869,1,3,10800.0,1620.0,30780.0
3666,586,414,2,1,,1,2,13200.0,1320.0,25080.0
3667,586,414,2,1,,1,1,12600.0,252.0,12348.0
3668,158,180,2,3,3030,2,3,15000.0,900.0,44100.0
3669,158,180,2,3,3030,1,3,12000.0,3600.0,32400.0
3670,176,369,1,,2873,2,3,16500.0,4950.0,44550.0
3671,176,369,1,,2873,1,3,12600.0,756.0,37044.0
3672,345,1391,1,,1029,1,2,13200.0,528.0,25872.0
3673,345,1391,1,,1029,2,1,15750.0,0.0,15750.0
3674,175,1181,1,,3177,1,1,12600.0,0.0,12600.0
3675,210,841,1,,300,2,1,15000.0,750.0,14250.0
3676,453,282,1,,225,1,3,12000.0,3600.0,32400.0
3677,175,1491,1,,1998,2,1,15000.0,750.0,14250.0
3678,175,1491,1,,1998,1,2,10800.0,2160.0,19440.0
3679,175,1491,1,,1998,1,1,12000.0,240.0,11760.0
3680,238,787,2,2,921,2,1,15000.0,300.0,14700.0
3681,238,787,2,2,921,2,2,15000.0,600.0,29400.0
3682,537,484,2,2,68,2,1,15000.0,0.0,15000.0
3683,537,484,2,2,68,2,1,15000.0,0.0,15000.0
3684,575,559,1,,123,1,3,12600.0,1890.0,35910.0
3685,575,559,1,,123,2,2,13500.0,0.0,27000.0
3686,512,872,1,,875,1,3,12000.0,720.0,35280.0
3687,467,568,1,,,2,1,15000.0,0.0,15000.0
3688,610,578,2,1,2314,1,2,12000.0,0.0,24000.0
3689,70,291,2,1,2467,1,2,12000.0,2400.0,21600.0
3690,416,549,1,,3143,1,3,10800.0,648.0,31752.0
3691,167,511,1,,749,1,3,12000.0,3600.0,32400.0
3692,467,185,1,,817,1,1,10800.0,0.0,10800.0
3693,467,185,1,,817,1,2,12000.0,2400.0,21600.0
3694,432,575,2,3,43,2,3,15000.0,2250.0,42750.0
3695,156,798,1,,1861,2,3,13500.0,810.0,39690.0
3696,320,1108,1,,3044,2,3,15000.0,0.0,45000.0
3697,97,1145,2,3,,1,3,12000.0,720.0,35280.0
3698,97,1145,2,3,,2,2,15000.0,0.0,30000.0
3699,492,1421,1,,1322,2,2,13500.0,2700.0,24300.0
3700,392,613,1,,1827,2,2,15000.0,600.0,29400.0
3701,392,613,1,,1827,2,1,15750.0,787.5,14962.5
3702,466,67,2,1,2983,2,3,15000.0,900.0,44100.0
3703,540,415,1,,579,2,3,16500.0,2475.0,47025.0
3704,80,1101,2,2,900,1,2,12000.0,2400.0,21600.0
3705,465,939,1,,1007,2,3,13500.0,810.0,39690.0
3706,279,700,1,,2301,1,3,12600.0,0.0,37800.0
3707,422,258,1,,1293,1,2,10800.0,0.0,21600.0
3708,532,623,1,,96,1,1,13200.0,660.0,12540.0
3709,532,623,1,,96,2,3,13500.0,0.0,40500.0
3710,498,164,1,,256,1,3,12000.0,3600.0,32400.0
3711,498,164,1,,256,1,1,12000.0,1200.0,10800.0
3712,416,684,2,2,1431,1,1,12000.0,0.0,12000.0
3713,465,271,2,4,2199,1,3,12600.0,1890.0,35910.0
3714,292,816,2,4,3139,1,1,12600.0,630.0,11970.0
3715,228,1449,2,3,,2,1,15000.0,300.0,14700.0
3716,517,1293,1,,,2,1,15000.0,750.0,14250.0
3717,558,1097,1,,182,2,1,15000.0,300.0,14700.0
3718,14,1184,2,1,2827,1,1,13200.0,1320.0,11880.0
3719,194,877,2,4,529,2,3,15000.0,0.0,45000.0
3720,194,877,2,4,529,1,2,12000.0,1200.0,22800.0
3721,152,475,2,3,2072,2,1,15000.0,0.0,15000.0
3722,496,1287,2,2,323,1,1,12000.0,600.0,11400.0
3723,496,1287,2,2,323,2,3,16500.0,2475.0,47025.0
3724,440,1113,1,,582,2,1,15000.0,1500.0,13500.0
3725,440,1113,1,,582,1,1,12000.0,0.0,12000.0
3726,624,1048,1,,980,1,2,13200.0,1320.0,25080.0
3727,603,300,1,,2574,2,2,15000.0,0.0,30000.0
3728,374,175,1,,1160,2,2,15000.0,3000.0,27000.0
3729,442,514,1,,1066,1,1,13200.0,1320.0,11880.0
3730,442,514,1,,1066,1,2,12000.0,1200.0,22800.0
3731,119,1448,1,,,1,2,12000.0,480.0,23520.0
3732,611,1361,2,1,954,2,1,16500.0,330.0,16170.0
3733,153,883,2,4,268,1,2,12000.0,2400.0,21600.0
3734,343,302,2,1,3111,1,2,12000.0,1200.0,22800.0
3735,183,638,1,,2972,1,1,10800.0,0.0,10800.0
3736,183,638,1,,2972,1,1,12600.0,1260.0,11340.0
3737,183,638,1,,2972,2,1,15750.0,315.0,15435.0
3738,583,537,1,,166,1,1,12000.0,0.0,12000.0
3739,279,922,1,,,2,1,16500.0,825.0,15675.0
3740,343,740,2,3,1028,1,1,12000.0,600.0,11400.0
3741,215,1474,1,,2689,1,3,12000.0,0.0,36000.0
3742,377,1234,1,,512,1,1,10800.0,0.0,10800.0
3743,377,1234,1,,512,1,2,13200.0,0.0,26400.0
3744,360,1095,1,,980,2,3,16500.0,4950.0,44550.0
3745,360,1095,1,,980,2,2,13500.0,540.0,26460.0
3746,168,610,1,,166,1,3,13200.0,0.0,39600.0
3747,168,610,1,,166,1,3,12000.0,720.0,35280.0
3748,497,1326,2,1,,1,1,12000.0,1200.0,10800.0
3749,434,1267,1,,152,1,3,12000.0,3600.0,32400.0
3750,413,694,2,2,682,2,2,13500.0,0.0,27000.0
3751,85,373,2,3,,1,2,12000.0,1200.0,22800.0
3752,85,373,2,3,,2,1,15000.0,0.0,15000.0
3753,352,1068,1,,3158,1,1,12000.0,600.0,11400.0
3754,352,1068,1,,3158,2,1,15000.0,750.0,14250.0
3755,352,1068,1,,3158,2,3,15000.0,900.0,44100.0
3756,110,1209,1,,3061,2,1,13500.0,675.0,12825.0
3757,110,1209,1,,3061,1,3,12000.0,3600.0,32400.0
3758,220,1370,1,,1802,1,2,10800.0,432.0,21168.0
3759,319,357,2,2,1310,1,1,12000.0,1200.0,10800.0
3760,613,1071,1,,131,2,1,15000.0,1500.0,13500.0
3761,54,1110,1,,847,1,2,13200.0,2640.0,23760.0
3762,574,896,2,2,1638,1,3,12000.0,720.0,35280.0
3763,541,1084,2,4,2875,1,3,12000.0,720.0,35280.0
3764,541,1084,2,4,2875,1,3,13200.0,792.0,38808.0
3765,350,463,1,,1275,1,3,12000.0,720.0,35280.0
3766,84,1090,1,,1976,1,3,10800.0,0.0,32400.0
3767,84,1090,1,,1976,2,2,15000.0,3000.0,27000.0
3768,348,462,2,2,,1,1,13200.0,660.0,12540.0
3769,348,462,2,2,,2,2,13500.0,540.0,26460.0
3770,348,462,2,2,,1,3,12000.0,3600.0,32400.0
3771,197,918,2,3,2558,2,1,15000.0,750.0,14250.0
3772,147,717,1,,2002,2,1,15000.0,300.0,14700.0
3773,276,1418,2,4,,2,3,15000.0,0.0,45000.0
3774,612,1083,2,2,2817,1,3,12000.0,0.0,36000.0
3775,498,444,2,4,359,2,2,16500.0,0.0,33000.0
3776,261,411,1,,,1,3,10800.0,3240.0,29160.0
3777,256,183,1,,1965,2,2,15750.0,0.0,31500.0
3778,360,414,1,,2580,1,1,12000.0,1200.0,10800.0
3779,98,19,1,,903,2,1,15000.0,1500.0,13500.0
3780,185,276,1,,344,1,2,12000.0,0.0,24000.0
3781,185,276,1,,344,2,1,15000.0,300.0,14700.0
3782,423,798,1,,1890,1,3,13200.0,1980.0,37620.0
3783,635,1384,1,,2601,2,2,15000.0,3000.0,27000.0
3784,635,1384,1,,2601,2,3,15000.0,900.0,44100.0
3785,635,1384,1,,2601,1,3,13200.0,3960.0,35640.0
3786,519,757,2,3,1728,1,1,12000.0,1200.0,10800.0
3787,519,757,2,3,1728,2,3,15750.0,945.0,46305.0
3788,519,757,2,3,1728,2,3,15000.0,4500.0,40500.0
3789,159,961,2,4,764,1,3,13200.0,0.0,39600.0
3790,358,1111,2,4,2634,1,3,12600.0,0.0,37800.0
3791,307,624,1,,2377,2,3,15000.0,4500.0,40500.0
3792,582,1300,1,,468,1,1,12000.0,1200.0,10800.0
3793,494,183,2,2,412,2,2,15750.0,3150.0,28350.0
3794,407,448,1,,1373,1,2,12600.0,2520.0,22680.0
3795,407,448,1,,1373,1,2,10800.0,0.0,21600.0
3796,627,768,1,,2515,2,1,15750.0,1575.0,14175.0
3797,193,85,2,4,2923,2,3,15750.0,0.0,47250.0
3798,282,1103,1,,,2,2,15000.0,0.0,30000.0
3799,123,472,1,,51,2,1,15000.0,0.0,15000.0
3800,602,2,1,,793,1,1,12000.0,0.0,12000.0
3801,55,1003,1,,884,2,3,15000.0,900.0,44100.0
3802,546,69,2,2,1718,1,3,12000.0,1800.0,34200.0
3803,387,310,1,,2161,1,3,12000.0,0.0,36000.0
3804,514,639,2,2,471,1,1,12000.0,240.0,11760.0
3805,501,159,1,,2795,2,2,15000.0,3000.0,27000.0
3806,495,388,1,,2054,1,1,12600.0,0.0,12600.0
3807,353,870,1,,1493,1,3,10800.0,3240.0,29160.0
3808,544,551,1,,2645,1,3,12000.0,3600.0,32400.0
3809,278,434,1,,1766,2,1,15000.0,300.0,14700.0
3810,278,434,1,,1766,2,3,15000.0,900.0,44100.0
3811,278,434,1,,1766,1,3,12000.0,0.0,36000.0
3812,629,810,1,,1562,2,3,15000.0,0.0,45000.0
3813,542,1320,2,1,2982,2,2,15000.0,3000.0,27000.0
3814,542,1320,2,1,2982,1,2,10800.0,432.0,21168.0
3815,569,634,1,,2154,2,3,15750.0,4725.0,42525.0
3816,569,634,1,,2154,2,3,15000.0,0.0,45000.0
3817,249,334,1,,1135,2,2,15750.0,3150.0,28350.0
3818,249,334,1,,1135,2,2,13500.0,1350.0,25650.0
3819,567,495,1,,,1,2,12000.0,1200.0,22800.0
3820,567,495,1,,,2,2,16500.0,660.0,32340.0
3821,149,1227,1,,1763,1,1,12000.0,240.0,11760.0
3822,6,637,2,4,1395,1,3,12000.0,0.0,36000.0
3823,283,304,1,,928,1,3,10800.0,648.0,31752.0
3824,234,695,1,,436,2,2,15000.0,1500.0,28500.0
3825,234,695,1,,436,2,2,15000.0,3000.0,27000.0
3826,234,695,1,,436,2,3,13500.0,810.0,39690.0
3827,201,899,2,2,932,1,3,12000.0,720.0,35280.0
3828,28,1296,1,,2807,2,2,13500.0,540.0,26460.0
3829,113,94,2,1,2309,1,3,12000.0,0.0,36000.0
3830,113,94,2,1,2309,1,3,12000.0,3600.0,32400.0
3831,427,820,2,4,20,1,1,12000.0,600.0,11400.0
3832,53,618,2,4,1092,2,2,15750.0,0.0,31500.0
3833,400,1327,1,,1025,2,2,15750.0,0.0,31500.0
3834,400,1327,1,,1025,1,2,12000.0,2400.0,21600.0
3835,413,4,1,,1277,2,1,15000.0,0.0,15000.0
3836,615,1131,1,,21,1,1,12000.0,600.0,11400.0
3837,107,635,1,,2339,2,2,15750.0,3150.0,28350.0
3838,555,1458,1,,750,2,1,15000.0,1500.0,13500.0
3839,611,612,1,,1399,2,3,15000.0,4500.0,40500.0
3840,611,612,1,,1399,1,2,13200.0,2640.0,23760.0
3841,621,802,1,,2499,2,1,15000.0,300.0,14700.0
3842,621,802,1,,2499,1,3,12000.0,720.0,35280.0
3843,273,378,1,,5,2,3,15000.0,2250.0,42750.0
3844,273,378,1,,5,2,2,15000.0,3000.0,27000.0
3845,561,895,2,2,,2,1,16500.0,330.0,16170.0
3846,562,1171,2,4,2832,1,3,12000.0,1800.0,34200.0
3847,245,812,2,2,2330,2,2,15000.0,1500.0,28500.0
3848,428,334,1,,2892,1,3,12600.0,3780.0,34020.0
3849,428,334,1,,2892,1,2,12000.0,2400.0,21600.0
3850,238,204,1,,330,1,1,12000.0,240.0,11760.0
3851,238,204,1,,330,2,3,13500.0,4050.0,36450.0
3852,470,77,2,1,3038,2,3,13500.0,2025.0,38475.0
3853,236,1409,2,2,2890,1,1,12000.0,1200.0,10800.0
3854,236,1409,2,2,2890,2,2,15000.0,0.0,30000.0
3855,236,1409,2,2,2890,2,1,15000.0,750.0,14250.0
3856,567,700,1,,689,1,2,13200.0,528.0,25872.0
3857,542,442,2,4,1003,2,3,13500.0,2025.0,38475.0
3858,528,562,1,,,1,3,12000.0,1800.0,34200.0
3859,201,184,1,,2744,1,3,10800.0,1620.0,30780.0
3860,408,1195,2,4,,2,1,15000.0,1500.0,13500.0
3861,408,1195,2,4,,1,1,12000.0,600.0,11400.0
3862,584,1357,2,4,2975,1,3,12600.0,1890.0,35910.0
3863,584,1357,2,4,2975,1,3,12000.0,0.0,36000.0
3864,281,808,1,,2078,1,3,12600.0,1890.0,35910.0
3865,281,808,1,,2078,2,3,16500.0,2475.0,47025.0
3866,69,175,1,,1209,2,3,15750.0,0.0,47250.0
3867,544,1042,1,,2722,2,3,13500.0,4050.0,36450.0
3868,545,384,2,3,,2,1,15000.0,1500.0,13500.0
3869,44,46,2,2,1361,1,3,12600.0,0.0,37800.0
3870,44,46,2,2,1361,2,1,15750.0,315.0,15435.0
3871,482,185,2,2,2499,2,1,15750.0,0.0,15750.0
3872,482,185,2,2,2499,2,3,15000.0,4500.0,40500.0
3873,152,275,1,,2488,2,2,15000.0,3000.0,27000.0
3874,125,749,1,,2681,1,2,12000.0,480.0,23520.0
3875,125,749,1,,2681,1,2,10800.0,1080.0,20520.0
3876,184,54,1,,583,1,2,10800.0,432.0,21168.0
3877,184,54,1,,583,1,3,12600.0,3780.0,34020.0
3878,452,192,1,,2837,1,2,10800.0,1080.0,20520.0
3879,280,707,2,2,,1,2,12600.0,0.0,25200.0
3880,392,502,2,2,312,2,2,15000.0,600.0,29400.0
3881,103,67,2,1,739,1,1,13200.0,264.0,12936.0
3882,103,67,2,1,739,1,1,12000.0,1200.0,10800.0
3883,235,1198,1,,1856,1,2,12600.0,0.0,25200.0
3884,235,1198,1,,1856,2,2,15000.0,1500.0,28500.0
3885,239,334,2,2,2237,1,2,12000.0,0.0,24000.0
3886,239,334,2,2,2237,2,1,15750.0,315.0,15435.0
3887,284,686,2,2,837,2,2,15000.0,0.0,30000.0
3888,437,1406,2,1,1108,2,1,15000.0,0.0,15000.0
3889,254,1168,1,,999,1,3,13200.0,0.0,39600.0
3890,154,1458,2,1,2709,1,3,12000.0,0.0,36000.0
3891,301,822,2,3,2813,1,1,12000.0,600.0,11400.0
3892,272,916,1,,2151,1,3,10800.0,648.0,31752.0
3893,74,129,2,4,1175,1,1,10800.0,0.0,10800.0
3894,83,952,2,4,1361,2,1,15000.0,300.0,14700.0
3895,204,1153,2,4,1569,1,2,10800.0,2160.0,19440.0
3896,204,1153,2,4,1569,1,2,12000.0,1200.0,22800.0
3897,553,1441,1,,1650,2,3,15000.0,900.0,44100.0
3898,553,1441,1,,1650,1,2,12000.0,0.0,24000.0
3899,29,399,2,3,965,1,2,12000.0,0.0,24000.0
3900,46,884,2,2,2158,2,1,15000.0,750.0,14250.0
3901,435,503,1,,1039,2,2,15000.0,3000.0,27000.0
3902,218,53,2,4,2983,1,1,12000.0,600.0,11400.0
3903,419,1206,1,,2516,1,3,12000.0,3600.0,32400.0
3904,419,1206,1,,2516,2,1,15000.0,750.0,14250.0
3905,481,591,2,3,500,2,2,15000.0,0.0,30000.0
3906,481,591,2,3,500,2,1,15000.0,0.0,15000.0
3907,528,40,1,,3062,1,1,13200.0,1320.0,11880.0
3908,528,40,1,,3062,2,1,13500.0,675.0,12825.0
3909,21,596,2,4,2618,2,2,13500.0,2700.0,24300.0
3910,30,832,1,,3157,1,3,12000.0,3600.0,32400.0
3911,282,542,1,,1251,2,3,15000.0,2250.0,42750.0
3912,282,542,1,,1251,2,2,13500.0,2700.0,24300.0
3913,282,542,1,,1251,1,2,12600.0,1260.0,23940.0
3914,162,748,2,1,2726,1,1,10800.0,216.0,10584.0
3915,162,748,2,1,2726,1,1,12000.0,240.0,11760.0
3916,72,760,2,1,3094,2,3,15000.0,4500.0,40500.0
3917,453,1272,2,1,3186,1,3,10800.0,1620.0,30780.0
3918,397,1330,2,2,624,1,1,13200.0,0.0,13200.0
3919,464,984,1,,3028,2,1,15000.0,300.0,14700.0
3920,502,1208,1,,,2,1,13500.0,1350.0,12150.0
3921,502,1208,1,,,1,2,12000.0,0.0,24000.0
3922,458,623,2,1,1706,2,3,15750.0,2362.5,44887.5
3923,458,623,2,1,1706,1,3,10800.0,3240.0,29160.0
3924,339,1056,1,,2051,2,2,13500.0,2700.0,24300.0
3925,136,953,1,,1252,2,2,15750.0,0.0,31500.0
3926,417,687,2,4,2185,1,1,12600.0,252.0,12348.0
3927,321,722,2,1,2079,2,3,13500.0,810.0,39690.0
3928,246,39,1,,1852,2,3,15000.0,4500.0,40500.0
3929,270,1035,1,,725,1,2,10800.0,432.0,21168.0
3930,528,1245,1,,,1,1,12000.0,240.0,11760.0
3931,55,892,1,,544,1,2,12600.0,504.0,24696.0
3932,278,1246,1,,2938,2,1,15750.0,315.0,15435.0
3933,278,1246,1,,2938,2,1,13500.0,270.0,13230.0
3934,28,1271,2,4,1867,2,1,15000.0,1500.0,13500.0
3935,228,1418,1,,2727,2,1,15000.0,750.0,14250.0
3936,196,1256,1,,2425,1,3,13200.0,1980.0,37620.0
3937,546,1061,2,1,2219,2,2,16500.0,660.0,32340.0
3938,387,743,2,4,1188,2,1,13500.0,0.0,13500.0
3939,633,1050,1,,2159,1,1,12000.0,600.0,11400.0
3940,633,1050,1,,2159,1,3,12000.0,0.0,36000.0
3941,633,1050,1,,2159,1,2,12000.0,1200.0,22800.0
3942,541,1028,1,,3140,1,3,12600.0,1890.0,35910.0
3943,220,920,1,,1043,2,3,15000.0,4500.0,40500.0
3944,304,1208,1,,,1,2,12000.0,0.0,24000.0
3945,304,1208,1,,,2,3,15000.0,2250.0,42750.0
3946,636,489,1,,443,2,2,16500.0,3300.0,29700.0
3947,245,1272,2,3,309,1,1,10800.0,0.0,10800.0
3948,238,1079,1,,571,1,2,12000.0,1200.0,22800.0
3949,418,346,2,3,3197,2,2,15000.0,1500.0,28500.0
3950,67,253,1,,1677,2,1,15000.0,0.0,15000.0
3951,253,428,2,1,2252,2,2,15000.0,600.0,29400.0
3952,253,428,2,1,2252,1,1,12000.0,240.0,11760.0
3953,530,312,2,1,178,1,1,12000.0,600.0,11400.0
3954,608,441,1,,,2,1,15000.0,0.0,15000.0
3955,623,658,2,3,989,1,3,12000.0,1800.0,34200.0
3956,35,179,1,,2152,2,2,15000.0,600.0,29400.0
3957,39,944,1,,637,1,1,12000.0,240.0,11760.0
3958,39,944,1,,637,1,2,12600.0,0.0,25200.0
3959,478,739,1,,474,1,1,12600.0,630.0,11970.0
3960,485,1298,1,,,1,1,12000.0,600.0,11400.0
3961,485,1298,1,,,2,3,13500.0,2025.0,38475.0
3962,9,18,2,3,624,2,3,15000.0,0.0,45000.0
3963,32,615,2,1,369,2,1,15000.0,750.0,14250.0
3964,579,421,2,3,2550,2,3,13500.0,810.0,39690.0
3965,252,584,1,,,1,1,12000.0,1200.0,10800.0
3966,252,584,1,,,2,3,15000.0,900.0,44100.0
3967,631,173,1,,1559,2,3,15750.0,0.0,47250.0
3968,496,928,1,,382,2,1,15000.0,750.0,14250.0
3969,511,1351,2,2,,1,1,12000.0,1200.0,10800.0
3970,529,555,1,,2943,2,1,16500.0,825.0,15675.0
3971,402,61,1,,1303,2,3,15000.0,2250.0,42750.0
3972,319,840,1,,401,2,3,15000.0,2250.0,42750.0
3973,545,928,1,,2098,2,1,15000.0,750.0,14250.0
3974,474,511,2,3,2314,1,1,12000.0,1200.0,10800.0
3975,474,511,2,3,2314,1,1,12000.0,0.0,12000.0
3976,40,1068,1,,1847,1,3,10800.0,3240.0,29160.0
3977,247,409,1,,3162,1,2,13200.0,2640.0,23760.0
3978,4,487,1,,2196,1,3,12000.0,1800.0,34200.0
3979,588,1188,2,1,343,2,2,13500.0,2700.0,24300.0
3980,157,157,1,,2147,1,1,10800.0,216.0,10584.0
3981,625,747,2,1,1981,2,3,16500.0,4950.0,44550.0
3982,170,914,2,4,113,1,3,12000.0,1800.0,34200.0
3983,119,197,1,,266,1,3,12000.0,1800.0,34200.0
3984,119,197,1,,266,2,2,15000.0,0.0,30000.0
3985,182,294,1,,2370,2,1,13500.0,675.0,12825.0
3986,360,1411,1,,1511,1,2,12000.0,2400.0,21600.0
3987,45,639,1,,845,2,2,15000.0,3000.0,27000.0
3988,402,471,2,3,,2,3,15000.0,0.0,45000.0
3989,188,559,1,,,1,3,12000.0,720.0,35280.0
3990,297,690,1,,1059,1,3,12000.0,1800.0,34200.0
3991,297,690,1,,1059,2,2,15750.0,1575.0,29925.0
3992,356,469,1,,1990,1,2,12000.0,480.0,23520.0
3993,356,469,1,,1990,1,2,13200.0,2640.0,23760.0
3994,280,214,1,,1492,2,2,15000.0,0.0,30000.0
3995,142,200,1,,2642,1,3,12000.0,3600.0,32400.0
3996,223,1062,1,,3031,2,2,15000.0,0.0,30000.0
3997,129,224,2,2,3181,1,1,10800.0,0.0,10800.0
3998,129,224,2,2,3181,1,2,13200.0,0.0,26400.0
3999,91,672,1,,1081,2,2,15000.0,0.0,30000.0
4000,66,335,1,,2871,2,2,15750.0,0.0,31500.0
4001,66,335,1,,2871,1,3,12000.0,0.0,36000.0
4002,27,924,2,3,,2,1,15750.0,315.0,15435.0
4003,27,924,2,3,,1,2,12000.0,2400.0,21600.0
4004,258,152,1,,,1,1,12000.0,600.0,11400.0
4005,47,1281,2,3,3057,1,1,12000.0,1200.0,10800.0
4006,47,1281,2,3,3057,2,3,15000.0,0.0,45000.0
4007,135,611,2,3,429,2,2,15750.0,630.0,30870.0
4008,135,611,2,3,429,1,2,12000.0,480.0,23520.0
4009,121,1324,1,,1098,1,3,12000.0,3600.0,32400.0
4010,585,771,1,,1026,1,1,13200.0,1320.0,11880.0
4011,585,771,1,,1026,1,2,12000.0,2400.0,21600.0
4012,472,900,1,,356,1,3,12000.0,1800.0,34200.0
4013,472,900,1,,356,1,2,12000.0,1200.0,22800.0
4014,546,270,1,,986,1,2,10800.0,432.0,21168.0
4015,546,270,1,,986,1,1,12000.0,600.0,11400.0
4016,387,40,1,,1896,2,2,13500.0,2700.0,24300.0
4017,266,28,1,,1453,1,2,10800.0,432.0,21168.0
4018,266,28,1,,1453,2,3,15000.0,4500.0,40500.0
4019,588,1342,1,,299,1,1,12000.0,1200.0,10800.0
4020,73,1270,1,,2129,2,1,15750.0,315.0,15435.0
4021,403,346,1,,2765,1,3,12000.0,1800.0,34200.0
4022,2,104,2,4,2365,1,3,12000.0,3600.0,32400.0
4023,423,607,1,,2490,2,1,15000.0,0.0,15000.0
4024,131,1375,2,4,2059,1,1,12600.0,1260.0,11340.0
4025,481,1056,2,2,,2,2,16500.0,3300.0,29700.0
4026,481,1056,2,2,,2,1,15000.0,1500.0,13500.0
4027,352,194,1,,1855,2,2,15000.0,600.0,29400.0
4028,352,194,1,,1855,2,1,13500.0,270.0,13230.0
4029,352,194,1,,1855,1,2,12000.0,0.0,24000.0
4030,439,1197,1,,2224,2,1,15000.0,300.0,14700.0
4031,439,1197,1,,2224,2,2,15750.0,3150.0,28350.0
4032,42,860,1,,,1,3,12600.0,1890.0,35910.0
4033,45,267,1,,2203,2,2,15750.0,3150.0,28350.0
4034,45,267,1,,2203,2,2,16500.0,660.0,32340.0
4035,566,231,2,2,1675,1,1,10800.0,0.0,10800.0
4036,538,1025,1,,1629,2,3,13500.0,2025.0,38475.0
4037,45,103,1,,1556,2,1,15000.0,1500.0,13500.0
4038,45,103,1,,1556,1,2,10800.0,432.0,21168.0
4039,45,103,1,,1556,1,3,12000.0,1800.0,34200.0
4040,515,704,2,1,1752,1,2,12000.0,1200.0,22800.0
4041,515,704,2,1,1752,2,3,16500.0,2475.0,47025.0
4042,1,785,1,,280,1,1,12600.0,252.0,12348.0
4043,472,1054,1,,646,1,1,12000.0,600.0,11400.0
4044,472,1054,1,,646,1,1,12600.0,1260.0,11340.0
4045,392,800,2,2,497,2,1,15000.0,750.0,14250.0
4046,110,1266,1,,2667,2,2,16500.0,0.0,33000.0
4047,111,1387,1,,2761,1,3,12600.0,1890.0,35910.0
4048,481,1223,2,2,857,2,2,15000.0,1500.0,28500.0
4049,517,663,1,,2211,2,3,16500.0,2475.0,47025.0
4050,517,663,1,,2211,2,1,15750.0,1575.0,14175.0
4051,346,161,1,,1074,2,2,15750.0,3150.0,28350.0
4052,346,161,1,,1074,2,1,13500.0,1350.0,12150.0
4053,300,493,2,4,779,2,2,15000.0,3000.0,27000.0
4054,130,1099,1,,1255,1,2,10800.0,0.0,21600.0
4055,130,1099,1,,1255,2,3,15000.0,900.0,44100.0
4056,214,1196,1,,2437,1,2,12000.0,1200.0,22800.0
4057,214,1196,1,,2437,2,1,15000.0,1500.0,13500.0
4058,339,1497,2,4,,1,1,12000.0,0.0,12000.0
4059,339,1497,2,4,,1,2,12000.0,480.0,23520.0
4060,540,408,1,,296,1,2,12000.0,0.0,24000.0
4061,540,408,1,,296,2,2,15000.0,1500.0,28500.0
4062,505,61,2,1,3191,1,2,12000.0,0.0,24000.0
4063,447,1447,1,,2277,2,3,15000.0,0.0,45000.0
4064,447,1447,1,,2277,2,1,15750.0,787.5,14962.5
4065,447,1447,1,,2277,2,2,15000.0,3000.0,27000.0
4066,509,514,2,2,2591,2,2,15750.0,1575.0,29925.0
4067,546,93,1,,2612,2,3,15750.0,945.0,46305.0
4068,546,93,1,,2612,1,1,12000.0,600.0,11400.0
4069,178,817,2,3,1460,1,3,10800.0,648.0,31752.0
4070,58,1085,2,4,3079,1,3,12000.0,1800.0,34200.0
4071,541,176,2,2,652,1,1,12600.0,252.0,12348.0
4072,541,176,2,2,652,2,2,15000.0,3000.0,27000.0
4073,541,176,2,2,652,2,1,15000.0,750.0,14250.0
4074,345,1177,1,,2179,1,3,12600.0,3780.0,34020.0
4075,345,1177,1,,2179,2,1,15000.0,750.0,14250.0
4076,345,1177,1,,2179,2,3,13500.0,4050.0,36450.0
4077,275,1253,1,,2066,2,2,15750.0,3150.0,28350.0
4078,1,209,2,4,,2,3,16500.0,990.0,48510.0
4079,298,817,2,3,1980,1,2,13200.0,0.0,26400.0
4080,310,881,2,4,,2,3,15000.0,0.0,45000.0
4081,235,177,2,1,69,1,3,12000.0,720.0,35280.0
4082,235,177,2,1,69,2,1,15000.0,300.0,14700.0
4083,602,226,1,,704,1,2,12600.0,504.0,24696.0
4084,606,265,2,1,650,2,2,15000.0,1500.0,28500.0
4085,606,265,2,1,650,2,1,15000.0,300.0,14700.0
4086,606,265,2,1,650,2,1,15000.0,750.0,14250.0
4087,553,286,1,,1131,2,1,15000.0,300.0,14700.0
4088,624,652,1,,269,1,1,12600.0,252.0,12348.0
4089,344,558,2,4,3183,1,3,10800.0,1620.0,30780.0
4090,258,1009,1,,1689,1,3,12600.0,3780.0,34020.0
4091,258,1009,1,,1689,2,3,15750.0,4725.0,42525.0
4092,464,639,1,,2941,2,3,15000.0,0.0,45000.0
4093,413,209,1,,3130,2,2,15000.0,1500.0,28500.0
4094,44,55,1,,1740,1,1,12000.0,0.0,12000.0
4095,235,1428,2,3,2116,1,3,12000.0,720.0,35280.0
4096,615,726,2,1,1356,1,2,12600.0,1260.0,23940.0
4097,43,586,2,3,1160,2,2,15000.0,0.0,30000.0
4098,43,586,2,3,1160,1,1,12000.0,600.0,11400.0
4099,464,1447,1,,1962,1,1,12600.0,1260.0,11340.0
4100,464,1447,1,,1962,1,1,10800.0,540.0,10260.0
4101,24,447,1,,1247,2,2,15000.0,1500.0,28500.0
4102,613,940,1,,433,1,1,13200.0,0.0,13200.0
4103,45,26,2,2,665,2,3,15000.0,900.0,44100.0
4104,93,973,2,1,2247,2,3,15000.0,0.0,45000.0
4105,93,973,2,1,2247,1,1,12000.0,0.0,12000.0
4106,453,975,1,,1062,2,3,15000.0,2250.0,42750.0
4107,106,203,2,1,568,2,2,15000.0,0.0,30000.0
4108,106,203,2,1,568,2,2,15000.0,0.0,30000.0
4109,415,481,1,,1355,2,3,15000.0,4500.0,40500.0
4110,243,1372,2,1,,1,1,10800.0,1080.0,9720.0
4111,243,1372,2,1,,1,3,10800.0,0.0,32400.0
4112,232,667,1,,3071,1,2,12000.0,2400.0,21600.0
4113,43,1312,2,3,2615,1,2,12600.0,504.0,24696.0
4114,216,1493,2,4,1724,1,2,12000.0,1200.0,22800.0
4115,216,1493,2,4,1724,1,1,12000.0,0.0,12000.0
4116,537,702,2,2,630,1,1,12000.0,0.0,12000.0
4117,157,582,1,,3052,1,3,12600.0,3780.0,34020.0
4118,157,582,1,,3052,1,3,12000.0,0.0,36000.0
4119,186,584,1,,971,1,2,12000.0,480.0,23520.0
4120,186,584,1,,971,1,2,12000.0,0.0,24000.0
4121,259,904,1,,836,1,1,12000.0,0.0,12000.0
4122,521,342,1,,3200,2,3,15000.0,4500.0,40500.0
4123,263,680,2,4,261,1,2,12000.0,2400.0,21600.0
4124,419,709,1,,2798,1,1,12000.0,0.0,12000.0
4125,486,521,1,,609,2,3,15750.0,2362.5,44887.5
4126,287,289,2,2,1917,2,2,15000.0,1500.0,28500.0
4127,287,289,2,2,1917,2,2,15750.0,3150.0,28350.0
4128,287,289,2,2,1917,1,3,10800.0,1620.0,30780.0
4129,302,293,1,,,1,1,12000.0,0.0,12000.0
4130,379,288,2,2,356,2,3,15000.0,2250.0,42750.0
4131,379,288,2,2,356,1,1,12000.0,0.0,12000.0
4132,593,1449,2,1,1217,1,1,12000.0,1200.0,10800.0
4133,628,1177,1,,1850,1,3,12000.0,0.0,36000.0
4134,434,423,1,,475,2,1,15750.0,315.0,15435.0
4135,610,1399,2,2,2294,1,2,12000.0,480.0,23520.0
4136,556,1151,1,,791,1,2,13200.0,528.0,25872.0
4137,75,1139,1,,2296,2,1,15000.0,300.0,14700.0
4138,197,1261,1,,1373,1,1,12000.0,1200.0,10800.0
4139,216,739,1,,2117,2,2,15750.0,3150.0,28350.0
4140,75,98,1,,253,1,3,12000.0,720.0,35280.0
4141,239,1228,1,,2955,2,1,15000.0,300.0,14700.0
4142,239,1228,1,,2955,1,3,12000.0,720.0,35280.0
4143,572,206,2,1,376,1,1,12600.0,0.0,12600.0
4144,475,1235,1,,122,2,3,15000.0,4500.0,40500.0
4145,249,1353,2,2,1056,1,1,12000.0,240.0,11760.0
4146,426,154,1,,2921,2,3,15750.0,0.0,47250.0
4147,390,754,1,,457,2,3,15000.0,0.0,45000.0
4148,447,368,1,,131,2,2,15000.0,1500.0,28500.0
4149,101,1133,2,2,1208,2,3,15000.0,4500.0,40500.0
4150,161,1247,1,,864,2,2,13500.0,2700.0,24300.0
4151,619,1358,2,3,3197,2,1,13500.0,270.0,13230.0
4152,619,1358,2,3,3197,2,3,15000.0,2250.0,42750.0
4153,619,1358,2,3,3197,2,1,15750.0,315.0,15435.0
4154,243,1321,1,,1549,1,1,12000.0,1200.0,10800.0
4155,382,201,2,4,2309,2,1,15000.0,0.0,15000.0
4156,233,603,2,2,1101,1,1,13200.0,660.0,12540.0
4157,567,813,2,4,2903,2,3,13500.0,0.0,40500.0
4158,567,813,2,4,2903,1,3,12000.0,1800.0,34200.0
4159,181,574,2,1,1389,1,1,12000.0,240.0,11760.0
4160,225,1165,2,1,1182,2,2,15000.0,0.0,30000.0
4161,198,413,1,,2203,2,3,15000.0,2250.0,42750.0
4162,159,212,1,,1698,1,1,12000.0,1200.0,10800.0
4163,159,212,1,,1698,1,1,12000.0,1200.0,10800.0
4164,399,822,1,,2841,1,2,13200.0,1320.0,25080.0
4165,449,71,2,1,1041,1,1,12000.0,1200.0,10800.0
4166,106,647,1,,3180,2,2,13500.0,1350.0,25650.0
4167,223,233,1,,1943,1,1,12000.0,1200.0,10800.0
4168,223,233,1,,1943,1,2,12000.0,1200.0,22800.0
4169,133,199,1,,2007,2,3,15000.0,0.0,45000.0
4170,18,353,2,1,,2,3,15000.0,2250.0,42750.0
4171,18,353,2,1,,1,2,13200.0,2640.0,23760.0
4172,243,1038,2,1,554,2,3,15000.0,4500.0,40500.0
4173,43,1192,1,,1714,1,2,12000.0,2400.0,21600.0
4174,577,807,1,,2000,1,3,12600.0,756.0,37044.0
4175,313,713,2,2,235,1,1,12000.0,0.0,12000.0
4176,92,442,1,,135,1,2,12000.0,0.0,24000.0
4177,475,152,1,,2225,2,1,13500.0,1350.0,12150.0
4178,475,152,1,,2225,2,3,15000.0,2250.0,42750.0
4179,159,520,2,3,2535,1,2,10800.0,432.0,21168.0
4180,444,858,1,,2865,1,1,10800.0,1080.0,9720.0
4181,316,888,1,,388,1,1,12000.0,0.0,12000.0
4182,316,888,1,,388,1,3,12000.0,720.0,35280.0
4183,316,888,1,,388,2,3,15000.0,2250.0,42750.0
4184,407,1367,2,4,1920,2,1,15000.0,1500.0,13500.0
4185,407,1367,2,4,1920,2,1,13500.0,270.0,13230.0
4186,621,1109,2,4,2725,1,2,13200.0,2640.0,23760.0
4187,621,1109,2,4,2725,1,3,12000.0,1800.0,34200.0
4188,493,1068,1,,1624,1,2,12000.0,2400.0,21600.0
4189,33,994,2,3,412,2,1,15750.0,0.0,15750.0
4190,338,347,1,,2065,1,1,12000.0,600.0,11400.0
4191,338,347,1,,2065,1,2,13200.0,528.0,25872.0
4192,240,1388,2,2,1744,1,1,10800.0,1080.0,9720.0
4193,626,66,1,,1106,1,1,13200.0,660.0,12540.0
4194,626,66,1,,1106,2,1,13500.0,675.0,12825.0
4195,626,66,1,,1106,1,1,12600.0,252.0,12348.0
4196,162,1124,1,,1211,1,1,10800.0,0.0,10800.0
4197,35,950,2,2,688,1,1,12000.0,240.0,11760.0
4198,35,950,2,2,688,2,2,13500.0,1350.0,25650.0
4199,35,950,2,2,688,2,1,15000.0,1500.0,13500.0
4200,237,588,1,,1592,1,3,10800.0,648.0,31752.0
4201,541,949,1,,2591,1,2,12000.0,2400.0,21600.0
4202,517,722,1,,194,1,2,12600.0,504.0,24696.0
4203,206,271,2,3,2262,1,2,13200.0,0.0,26400.0
4204,353,738,1,,2632,2,1,15000.0,0.0,15000.0
4205,508,1167,2,2,2607,2,2,15000.0,0.0,30000.0
4206,259,974,1,,1807,1,1,12600.0,630.0,11970.0
4207,623,1473,2,3,1873,1,1,12000.0,1200.0,10800.0
4208,257,77,1,,2094,1,1,12000.0,600.0,11400.0
4209,257,77,1,,2094,2,2,16500.0,0.0,33000.0
4210,44,469,1,,,2,1,13500.0,1350.0,12150.0
4211,44,469,1,,,2,2,15750.0,3150.0,28350.0
4212,519,508,1,,1547,1,3,12600.0,756.0,37044.0
4213,519,508,1,,1547,1,1,12000.0,240.0,11760.0
4214,519,508,1,,1547,1,1,12000.0,240.0,11760.0
4215,123,1293,2,2,2909,1,3,12000.0,3600.0,32400.0
4216,123,1293,2,2,2909,1,1,12600.0,630.0,11970.0
4217,338,717,1,,2552,1,3,12000.0,0.0,36000.0
4218,338,717,1,,2552,2,3,15000.0,2250.0,42750.0
4219,269,1233,1,,2218,2,3,15000.0,4500.0,40500.0
4220,578,954,2,1,1375,2,1,16500.0,0.0,16500.0
4221,565,174,2,1,2641,1,1,12000.0,0.0,12000.0
4222,487,732,1,,2865,1,3,12000.0,3600.0,32400.0
4223,479,1281,1,,2537,1,2,12000.0,1200.0,22800.0
4224,220,1430,2,4,239,1,2,12600.0,0.0,25200.0
4225,520,238,2,1,2552,1,1,12000.0,0.0,12000.0
4226,449,221,1,,1361,1,1,12000.0,240.0,11760.0
4227,259,685,2,3,1514,1,2,12600.0,504.0,24696.0
4228,53,592,1,,2750,1,3,12000.0,720.0,35280.0
4229,188,142,1,,1883,2,3,16500.0,990.0,48510.0
4230,188,142,1,,1883,2,3,15000.0,0.0,45000.0
4231,199,970,1,,237,1,2,12000.0,1200.0,22800.0
4232,533,995,2,3,1396,2,2,13500.0,1350.0,25650.0
4233,166,444,2,4,3081,2,1,15000.0,0.0,15000.0
4234,151,297,1,,,1,1,12000.0,240.0,11760.0
4235,429,947,1,,567,1,3,13200.0,792.0,38808.0
4236,429,947,1,,567,1,3,10800.0,1620.0,30780.0
4237,162,57,1,,2743,1,2,12600.0,2520.0,22680.0
4238,559,38,1,,1705,2,2,15000.0,1500.0,28500.0
4239,559,38,1,,1705,1,2,12000.0,0.0,24000.0
4240,469,376,2,3,119,2,3,15000.0,900.0,44100.0
4241,170,503,1,,1339,1,2,12000.0,2400.0,21600.0
4242,506,1095,1,,2300,2,2,15000.0,1500.0,28500.0
4243,136,1338,1,,515,1,2,12000.0,1200.0,22800.0
4244,472,909,1,,1714,1,1,10800.0,216.0,10584.0
4245,246,932,2,1,,2,1,15000.0,300.0,14700.0
4246,175,912,1,,1489,2,3,15000.0,4500.0,40500.0
4247,175,912,1,,1489,1,1,10800.0,540.0,10260.0
4248,353,1161,1,,1176,1,2,12000.0,0.0,24000.0
4249,258,189,1,,1617,2,3,13500.0,4050.0,36450.0
4250,582,488,2,1,2962,1,2,12000.0,0.0,24000.0
4251,600,946,2,3,2958,1,2,10800.0,0.0,21600.0
4252,281,475,2,4,2909,1,3,10800.0,3240.0,29160.0
4253,410,692,1,,2395,1,3,12000.0,1800.0,34200.0
4254,216,506,2,1,2061,2,2,15000.0,0.0,30000.0
4255,553,733,2,3,3088,1,2,10800.0,1080.0,20520.0
4256,539,151,1,,292,1,3,13200.0,792.0,38808.0
4257,539,151,1,,292,1,2,12000.0,480.0,23520.0
4258,314,1276,1,,1984,2,2,16500.0,1650.0,31350.0
4259,378,320,1,,,2,1,13500.0,270.0,13230.0
4260,378,320,1,,,1,1,13200.0,0.0,13200.0
4261,561,514,2,2,,1,1,12000.0,600.0,11400.0
4262,290,1447,1,,2234,1,3,12000.0,720.0,35280.0
4263,604,833,1,,2352,2,2,13500.0,540.0,26460.0
4264,604,833,1,,2352,1,2,12000.0,480.0,23520.0
4265,551,1096,1,,1800,1,3,12000.0,720.0,35280.0
4266,530,521,2,2,2681,1,2,12600.0,1260.0,23940.0
4267,530,521,2,2,2681,2,2,16500.0,0.0,33000.0
4268,475,960,2,2,1325,2,3,16500.0,4950.0,44550.0
4269,227,1397,1,,,2,3,15000.0,2250.0,42750.0
4270,227,1397,1,,,2,3,15000.0,4500.0,40500.0
4271,438,254,2,3,,2,3,15000.0,900.0,44100.0
4272,232,1447,1,,1324,1,2,12600.0,504.0,24696.0
4273,232,1447,1,,1324,2,2,15750.0,0.0,31500.0
4274,201,572,2,3,2871,2,2,15000.0,600.0,29400.0
4275,31,926,1,,141,1,2,12000.0,2400.0,21600.0
4276,303,818,2,1,1316,2,2,15000.0,3000.0,27000.0
4277,303,818,2,1,1316,2,3,13500.0,0.0,40500.0
4278,276,157,1,,1518,2,2,15000.0,1500.0,28500.0
4279,276,157,1,,1518,1,2,10800.0,2160.0,19440.0
4280,533,1005,1,,,1,1,12600.0,0.0,12600.0
4281,146,1166,2,3,2843,1,2,12000.0,480.0,23520.0
4282,234,1306,1,,1522,2,3,15000.0,4500.0,40500.0
4283,234,1306,1,,1522,2,1,15000.0,1500.0,13500.0
4284,75,1452,2,1,,2,2,15000.0,600.0,29400.0
4285,417,1206,1,,681,1,2,12600.0,0.0,25200.0
4286,530,1463,1,,2561,2,1,15000.0,750.0,14250.0
4287,530,1463,1,,2561,1,2,12000.0,2400.0,21600.0
4288,206,231,1,,1873,2,1,15000.0,1500.0,13500.0
4289,226,122,2,1,2430,2,2,16500.0,660.0,32340.0
4290,518,1077,1,,472,2,3,13500.0,810.0,39690.0
4291,412,1056,1,,1770,1,3,10800.0,3240.0,29160.0
4292,73,494,1,,1457,2,3,15000.0,2250.0,42750.0
4293,73,494,1,,1457,1,3,12000.0,0.0,36000.0
4294,611,228,1,,2524,1,3,10800.0,1620.0,30780.0
4295,595,209,2,1,563,2,3,15000.0,4500.0,40500.0
4296,623,65,1,,3078,2,3,15000.0,2250.0,42750.0
4297,623,65,1,,3078,2,2,13500.0,1350.0,25650.0
4298,159,552,1,,193,1,3,12000.0,3600.0,32400.0
4299,410,342,1,,882,1,1,12000.0,0.0,12000.0
4300,410,342,1,,882,2,1,15000.0,0.0,15000.0
4301,347,266,1,,23,1,1,12000.0,240.0,11760.0
4302,35,1116,1,,2302,2,3,15000.0,4500.0,40500.0
4303,563,92,1,,1859,1,1,12000.0,600.0,11400.0
4304,2,1204,1,,1546,1,3,12000.0,0.0,36000.0
4305,350,664,1,,761,1,1,12000.0,240.0,11760.0
4306,193,1459,1,,2385,2,2,15000.0,1500.0,28500.0
4307,593,1166,1,,2098,2,2,15000.0,600.0,29400.0
4308,593,1166,1,,2098,1,1,12000.0,1200.0,10800.0
4309,593,1166,1,,2098,1,3,10800.0,1620.0,30780.0
4310,237,253,1,,840,2,2,15000.0,600.0,29400.0
4311,237,253,1,,840,2,2,15000.0,1500.0,28500.0
4312,584,249,2,1,1907,1,2,12000.0,0.0,24000.0
4313,141,948,1,,,1,2,12000.0,2400.0,21600.0
4314,543,754,2,2,1162,1,1,12000.0,240.0,11760.0
4315,427,1427,2,3,1070,1,2,12000.0,2400.0,21600.0
4316,220,1351,2,3,1043,1,3,12000.0,0.0,36000.0
4317,404,401,1,,1395,2,2,15000.0,1500.0,28500.0
4318,420,609,2,4,1955,1,2,12000.0,0.0,24000.0
4319,102,720,1,,1080,1,3,10800.0,0.0,32400.0
4320,519,1000,1,,2279,2,2,15000.0,0.0,30000.0
4321,540,1143,1,,3082,1,2,12600.0,1260.0,23940.0
4322,108,871,2,4,393,2,3,16500.0,4950.0,44550.0
4323,610,1336,2,3,1525,2,3,15000.0,0.0,45000.0
4324,610,1336,2,3,1525,1,2,12000.0,0.0,24000.0
4325,427,357,2,2,2317,1,2,12000.0,1200.0,22800.0
4326,394,1352,2,4,1390,1,1,10800.0,540.0,10260.0
4327,238,1312,2,2,514,2,1,15000.0,750.0,14250.0
4328,257,272,1,,2781,1,1,12000.0,0.0,12000.0
4329,120,1284,2,1,2913,1,2,12000.0,0.0,24000.0
4330,56,738,1,,,1,2,12600.0,2520.0,22680.0
4331,188,69,2,1,1571,1,3,12000.0,1800.0,34200.0
4332,270,1237,1,,1179,2,3,15000.0,4500.0,40500.0
4333,203,83,1,,3081,2,3,15000.0,0.0,45000.0
4334,270,1172,1,,1416,1,2,12000.0,1200.0,22800.0
4335,550,489,2,2,803,1,3,12600.0,0.0,37800.0
4336,443,451,1,,3107,1,1,12000.0,600.0,11400.0
4337,21,918,2,3,2097,1,3,13200.0,1980.0,37620.0
4338,158,491,1,,,1,2,12000.0,1200.0,22800.0
4339,476,1232,1,,,2,2,15000.0,600.0,29400.0
4340,508,477,1,,2549,2,2,15000.0,600.0,29400.0
4341,330,1466,2,3,1179,1,1,12000.0,0.0,12000.0
4342,214,1369,2,3,3009,1,1,13200.0,660.0,12540.0
4343,214,1369,2,3,3009,2,2,15000.0,600.0,29400.0
4344,127,254,1,,,1,1,12000.0,0.0,12000.0
4345,25,388,2,1,126,1,2,12000.0,1200.0,22800.0
4346,606,1415,1,,2453,2,3,15750.0,0.0,47250.0
4347,154,1434,1,,1385,1,3,12000.0,1800.0,34200.0
4348,125,204,2,1,595,2,2,13500.0,2700.0,24300.0
4349,125,204,2,1,595,1,3,12000.0,720.0,35280.0
4350,507,902,1,,210,1,3,13200.0,792.0,38808.0
4351,32,653,2,3,1098,1,2,12000.0,2400.0,21600.0
4352,415,427,1,,3066,1,2,10800.0,2160.0,19440.0
4353,58,439,2,4,2426,2,2,13500.0,540.0,26460.0
4354,58,439,2,4,2426,2,1,13500.0,0.0,13500.0
4355,622,816,1,,1306,2,2,15750.0,3150.0,28350.0
4356,622,816,1,,1306,1,3,10800.0,0.0,32400.0
4357,95,19,1,,,2,1,16500.0,825.0,15675.0
4358,160,1480,2,4,1191,2,3,16500.0,4950.0,44550.0
4359,109,619,1,,500,1,1,12000.0,0.0,12000.0
4360,135,907,1,,705,1,2,10800.0,0.0,21600.0
4361,585,411,1,,554,1,1,13200.0,1320.0,11880.0
4362,585,411,1,,554,2,1,16500.0,825.0,15675.0
4363,597,1472,2,1,846,2,1,15000.0,750.0,14250.0
4364,597,1472,2,1,846,2,3,15000.0,0.0,45000.0
4365,114,1414,1,,,2,1,16500.0,825.0,15675.0
4366,602,1437,2,3,2974,1,3,10800.0,1620.0,30780.0
4367,602,1437,2,3,2974,1,2,12000.0,1200.0,22800.0
4368,602,1437,2,3,2974,1,3,12000.0,1800.0,34200.0
4369,556,993,2,1,1278,1,2,12000.0,480.0,23520.0
4370,298,882,2,3,2201,2,2,15000.0,600.0,29400.0
4371,366,1485,1,,,2,3,15750.0,2362.5,44887.5
4372,108,1422,2,1,231,1,3,12000.0,720.0,35280.0
4373,555,594,2,1,2242,2,3,15000.0,900.0,44100.0
4374,551,791,1,,3095,2,2,13500.0,2700.0,24300.0
4375,551,791,1,,3095,2,3,15750.0,2362.5,44887.5
4376,450,417,2,4,1607,1,1,10800.0,0.0,10800.0
4377,479,760,1,,1685,1,3,12000.0,1800.0,34200.0
4378,518,527,1,,1154,1,3,10800.0,648.0,31752.0
4379,638,604,2,4,1526,1,2,12600.0,2520.0,22680.0
4380,638,604,2,4,1526,1,1,12000.0,0.0,12000.0
4381,120,1132,1,,2812,1,1,12000.0,600.0,11400.0
4382,120,1132,1,,2812,2,3,15000.0,2250.0,42750.0
4383,381,726,1,,339,1,2,12000.0,2400.0,21600.0
4384,297,133,1,,119,2,2,13500.0,0.0,27000.0
4385,364,1292,1,,1034,1,2,13200.0,528.0,25872.0
4386,364,1292,1,,1034,2,1,15750.0,0.0,15750.0
4387,313,466,1,,939,2,2,13500.0,1350.0,25650.0
4388,313,466,1,,939,1,1,12600.0,252.0,12348.0
4389,313,466,1,,939,1,2,12000.0,2400.0,21600.0
4390,129,433,1,,2166,2,2,15000.0,3000.0,27000.0
4391,171,358,1,,905,1,2,12000.0,1200.0,22800.0
4392,356,130,2,3,2326,1,2,12600.0,2520.0,22680.0
4393,356,130,2,3,2326,1,3,12000.0,720.0,35280.0
4394,624,1153,2,3,833,2,3,15000.0,0.0,45000.0
4395,589,1275,2,1,174,1,1,12000.0,1200.0,10800.0
4396,267,62,1,,,1,3,12000.0,1800.0,34200.0
4397,540,682,1,,2051,2,2,13500.0,540.0,26460.0
4398,78,1370,1,,2989,1,1,12000.0,1200.0,10800.0
4399,157,858,1,,1813,2,3,13500.0,2025.0,38475.0
4400,157,858,1,,1813,2,3,15000.0,0.0,45000.0
4401,442,222,1,,1584,2,1,15000.0,0.0,15000.0
4402,331,671,1,,938,2,3,15000.0,4500.0,40500.0
4403,331,671,1,,938,1,2,12000.0,480.0,23520.0
4404,243,415,1,,1784,2,1,15000.0,750.0,14250.0
4405,1,1415,2,4,1407,1,3,12000.0,1800.0,34200.0
4406,1,1415,2,4,1407,2,1,15750.0,787.5,14962.5
4407,201,533,2,4,644,2,2,15000.0,0.0,30000.0
4408,201,533,2,4,644,1,3,10800.0,1620.0,30780.0
4409,556,978,2,1,16,2,1,16500.0,0.0,16500.0
4410,91,1387,2,2,609,2,3,15000.0,900.0,44100.0
4411,91,1387,2,2,609,2,2,16500.0,0.0,33000.0
4412,78,907,1,,1340,1,1,12000.0,1200.0,10800.0
4413,275,820,1,,466,1,3,12000.0,720.0,35280.0
4414,9,1223,2,1,2446,2,2,16500.0,660.0,32340.0
4415,9,1223,2,1,2446,2,3,15000.0,2250.0,42750.0
4416,553,641,1,,2344,1,1,12000.0,0.0,12000.0
4417,555,1319,1,,920,1,1,10800.0,216.0,10584.0
4418,555,1319,1,,920,2,1,15000.0,300.0,14700.0
4419,96,1421,1,,1010,2,3,15000.0,2250.0,42750.0
4420,628,63,2,2,,2,1,15000.0,750.0,14250.0
4421,628,63,2,2,,1,1,12000.0,600.0,11400.0
4422,577,1309,2,4,,1,2,12000.0,1200.0,22800.0
4423,577,1309,2,4,,2,2,13500.0,1350.0,25650.0
4424,577,1309,2,4,,1,3,12600.0,756.0,37044.0
4425,379,855,2,3,1275,1,3,12000.0,0.0,36000.0
4426,183,1483,2,4,2066,2,3,13500.0,4050.0,36450.0
4427,459,858,1,,2498,1,1,13200.0,1320.0,11880.0
4428,412,1390,2,3,862,2,2,15000.0,0.0,30000.0
4429,447,929,2,3,2422,1,3,12000.0,720.0,35280.0
4430,203,809,2,4,1405,1,1,12000.0,240.0,11760.0
4431,163,1236,2,2,1776,2,2,15000.0,0.0,30000.0
4432,163,1236,2,2,1776,1,2,12000.0,480.0,23520.0
4433,163,1236,2,2,1776,2,2,15000.0,600.0,29400.0
4434,571,816,1,,2101,2,3,16500.0,2475.0,47025.0
4435,577,143,1,,2016,1,3,12000.0,3600.0,32400.0
4436,295,984,2,3,1929,2,3,15000.0,4500.0,40500.0
4437,387,529,2,2,190,1,1,12000.0,600.0,11400.0
4438,387,529,2,2,190,1,1,12600.0,0.0,12600.0
4439,356,4,2,3,1320,2,1,16500.0,825.0,15675.0
4440,453,506,1,,1721,2,1,15000.0,300.0,14700.0
4441,85,942,2,2,,1,2,12000.0,0.0,24000.0
4442,624,210,1,,63,1,2,12000.0,2400.0,21600.0
4443,639,1324,2,1,244,1,3,12000.0,0.0,36000.0
4444,639,1324,2,1,244,2,2,15000.0,1500.0,28500.0
4445,187,1102,1,,466,2,2,15000.0,3000.0,27000.0
4446,322,146,2,4,827,1,1,12000.0,600.0,11400.0
4447,322,146,2,4,827,1,3,12000.0,3600.0,32400.0
4448,250,1120,2,2,32,2,1,15000.0,750.0,14250.0
4449,531,1160,2,3,933,2,2,16500.0,3300.0,29700.0
4450,422,863,2,2,1418,1,1,12000.0,1200.0,10800.0
4451,422,863,2,2,1418,2,1,15750.0,1575.0,14175.0
4452,89,540,2,1,287,1,1,12000.0,240.0,11760.0
4453,89,540,2,1,287,2,1,15750.0,315.0,15435.0
4454,89,540,2,1,287,1,2,12000.0,480.0,23520.0
4455,604,610,1,,164,1,1,13200.0,1320.0,11880.0
4456,604,610,1,,164,1,3,12000.0,1800.0,34200.0
4457,210,31,1,,2196,1,3,13200.0,0.0,39600.0
4458,210,31,1,,2196,1,2,12600.0,2520.0,22680.0
4459,549,449,2,3,691,1,3,10800.0,0.0,32400.0
4460,32,769,2,1,1801,2,3,15000.0,900.0,44100.0
4461,519,1402,2,3,2838,1,3,12000.0,0.0,36000.0
4462,456,908,2,1,1818,2,2,15000.0,3000.0,27000.0
4463,456,908,2,1,1818,1,2,10800.0,432.0,21168.0
4464,351,624,1,,,1,2,13200.0,0.0,26400.0
4465,180,608,1,,2885,2,3,15000.0,900.0,44100.0
4466,63,37,1,,1712,1,3,13200.0,1980.0,37620.0
4467,339,1482,1,,2426,2,3,15000.0,2250.0,42750.0
4468,339,1482,1,,2426,2,3,16500.0,2475.0,47025.0
4469,100,1058,2,4,1268,2,1,15750.0,787.5,14962.5
4470,524,286,1,,334,1,1,12000.0,600.0,11400.0
4471,524,286,1,,334,2,1,15000.0,1500.0,13500.0
4472,628,1008,1,,436,2,3,15000.0,4500.0,40500.0
4473,45,668,1,,1900,1,1,12000.0,240.0,11760.0
4474,47,117,2,3,1188,2,3,15000.0,2250.0,42750.0
4475,47,117,2,3,1188,2,3,15000.0,4500.0,40500.0
4476,260,851,1,,673,1,2,12600.0,2520.0,22680.0
4477,582,51,2,1,259,2,3,15000.0,4500.0,40500.0
4478,582,51,2,1,259,2,2,15000.0,0.0,30000.0
4479,322,1117,1,,,1,1,12600.0,0.0,12600.0
4480,47,1029,1,,1234,1,1,12000.0,0.0,12000.0
4481,214,1139,1,,2610,1,1,12000.0,600.0,11400.0
4482,214,1139,1,,2610,2,2,16500.0,1650.0,31350.0
4483,599,1378,2,3,242,1,3,12000.0,1800.0,34200.0
4484,57,1271,2,2,264,2,2,15000.0,600.0,29400.0
4485,57,1271,2,2,264,1,1,12000.0,600.0,11400.0
4486,234,1424,1,,239,2,1,15000.0,1500.0,13500.0
4487,565,489,2,4,1938,2,1,15750.0,0.0,15750.0
4488,565,489,2,4,1938,2,1,16500.0,1650.0,14850.0
4489,472,744,1,,,2,3,15000.0,900.0,44100.0
4490,192,323,1,,1842,1,1,12000.0,240.0,11760.0
4491,192,323,1,,1842,1,1,12000.0,1200.0,10800.0
4492,454,1471,1,,2197,2,1,15000.0,300.0,14700.0
4493,198,1469,1,,2521,1,3,12600.0,0.0,37800.0
4494,467,1191,2,4,1641,1,2,12000.0,480.0,23520.0
4495,467,1191,2,4,1641,1,3,12600.0,0.0,37800.0
4496,495,335,1,,,2,1,15000.0,300.0,14700.0
4497,77,717,1,,2313,2,1,15000.0,750.0,14250.0
4498,77,717,1,,2313,1,1,12000.0,240.0,11760.0
4499,624,911,1,,465,1,1,12000.0,240.0,11760.0
4500,624,911,1,,465,2,2,15000.0,0.0,30000.0
4501,636,184,2,1,1451,2,2,15000.0,600.0,29400.0
4502,78,957,1,,1642,1,2,12000.0,1200.0,22800.0
4503,497,797,2,1,52,1,3,12000.0,720.0,35280.0
4504,503,22,2,4,302,1,2,12000.0,480.0,23520.0
4505,235,260,1,,1772,1,3,12000.0,1800.0,34200.0
4506,442,835,1,,182,2,3,15000.0,0.0,45000.0
4507,442,835,1,,182,2,3,15000.0,2250.0,42750.0
4508,154,1316,2,2,712,1,1,10800.0,1080.0,9720.0
4509,257,240,1,,2972,1,2,10800.0,1080.0,20520.0
4510,298,790,2,3,1669,2,3,15000.0,0.0,45000.0
4511,609,1380,1,,1891,2,1,15750.0,0.0,15750.0
4512,9,936,2,4,2389,1,1,12000.0,600.0,11400.0
4513,9,936,2,4,2389,1,2,12000.0,2400.0,21600.0
4514,621,274,1,,1668,2,3,15000.0,900.0,44100.0
4515,38,1177,2,2,,2,2,13500.0,540.0,26460.0
4516,38,1177,2,2,,1,1,12600.0,630.0,11970.0
4517,565,623,1,,1998,1,1,12600.0,1260.0,11340.0
4518,565,623,1,,1998,1,1,12000.0,0.0,12000.0
4519,396,419,1,,1277,2,1,15750.0,1575.0,14175.0
4520,195,1308,2,3,728,2,1,15000.0,1500.0,13500.0
4521,150,508,1,,2145,2,2,15750.0,0.0,31500.0
4522,150,508,1,,2145,1,3,12000.0,1800.0,34200.0
4523,16,1234,2,4,,1,3,12000.0,1800.0,34200.0
4524,240,992,1,,627,2,1,15000.0,0.0,15000.0
4525,143,143,2,2,359,2,2,15750.0,1575.0,29925.0
4526,143,143,2,2,359,2,1,15000.0,300.0,14700.0
4527,575,763,1,,1105,2,2,15000.0,3000.0,27000.0
4528,81,784,1,,1299,2,1,15000.0,300.0,14700.0
4529,304,1473,2,3,2275,2,3,15000.0,0.0,45000.0
4530,502,1344,2,4,984,2,3,15000.0,900.0,44100.0
4531,221,457,1,,960,1,1,12000.0,0.0,12000.0
4532,221,457,1,,960,1,3,12000.0,720.0,35280.0
4533,607,228,1,,1432,1,3,12000.0,720.0,35280.0
4534,607,228,1,,1432,1,1,12000.0,1200.0,10800.0
4535,68,1500,1,,635,2,1,15000.0,1500.0,13500.0
4536,54,84,1,,1084,1,2,12600.0,1260.0,23940.0
4537,340,692,1,,1209,1,3,12600.0,3780.0,34020.0
4538,340,692,1,,1209,1,3,12000.0,720.0,35280.0
4539,530,302,2,4,1754,2,3,15000.0,900.0,44100.0
4540,161,297,1,,96,1,1,12000.0,240.0,11760.0
4541,161,297,1,,96,1,1,12000.0,0.0,12000.0
4542,463,159,2,3,333,2,1,15000.0,0.0,15000.0
4543,463,159,2,3,333,1,1,12000.0,600.0,11400.0
4544,500,1248,1,,2593,1,3,10800.0,3240.0,29160.0
4545,500,1248,1,,2593,1,2,12000.0,480.0,23520.0
4546,606,319,1,,2883,1,3,12600.0,1890.0,35910.0
4547,510,1126,1,,1788,2,2,15750.0,3150.0,28350.0
4548,366,1079,1,,635,2,2,15000.0,1500.0,28500.0
4549,470,553,1,,1320,1,3,10800.0,0.0,32400.0
4550,470,553,1,,1320,2,2,15000.0,600.0,29400.0
4551,496,835,1,,,2,3,15000.0,0.0,45000.0
4552,467,1358,1,,1238,2,2,15000.0,3000.0,27000.0
4553,467,1358,1,,1238,1,3,12000.0,3600.0,32400.0
4554,537,1243,2,1,,1,2,12000.0,480.0,23520.0
4555,85,1397,1,,1739,1,3,10800.0,3240.0,29160.0
4556,85,1397,1,,1739,2,2,15750.0,1575.0,29925.0
4557,472,437,2,4,,2,1,15000.0,750.0,14250.0
4558,472,437,2,4,,2,2,16500.0,0.0,33000.0
4559,472,437,2,4,,1,3,12000.0,0.0,36000.0
4560,6,241,2,4,953,1,1,12000.0,1200.0,10800.0
4561,573,1246,1,,1524,1,2,13200.0,528.0,25872.0
4562,573,1246,1,,1524,2,2,15000.0,600.0,29400.0
4563,391,1076,1,,541,1,2,12000.0,480.0,23520.0
4564,335,1217,2,4,915,2,2,16500.0,1650.0,31350.0
4565,31,884,1,,834,1,3,10800.0,1620.0,30780.0
4566,189,1370,2,2,1193,2,3,15000.0,4500.0,40500.0
4567,98,1376,1,,2786,2,2,16500.0,0.0,33000.0
4568,35,249,1,,2546,2,1,15000.0,300.0,14700.0
4569,152,917,1,,1932,1,1,12000.0,240.0,11760.0
4570,330,168,2,4,303,2,3,15750.0,4725.0,42525.0
4571,266,566,1,,3038,1,2,13200.0,0.0,26400.0
4572,625,43,2,1,3063,1,3,12000.0,3600.0,32400.0
4573,113,813,1,,2739,2,2,15000.0,0.0,30000.0
4574,73,323,1,,829,1,1,12000.0,1200.0,10800.0
4575,357,26,1,,1739,1,2,13200.0,1320.0,25080.0
4576,357,26,1,,1739,1,1,12000.0,1200.0,10800.0
4577,7,396,2,2,1376,1,3,12000.0,1800.0,34200.0
4578,597,487,2,3,1306,1,3,12000.0,720.0,35280.0
4579,597,487,2,3,1306,2,1,13500.0,270.0,13230.0
4580,57,551,2,4,1739,2,1,13500.0,270.0,13230.0
4581,57,551,2,4,1739,1,3,12000.0,720.0,35280.0
4582,57,551,2,4,1739,2,1,15000.0,750.0,14250.0
4583,478,1101,1,,907,2,2,15000.0,600.0,29400.0
4584,468,790,2,2,787,1,1,12000.0,240.0,11760.0
4585,425,242,1,,2723,1,2,12000.0,480.0,23520.0
4586,92,1399,2,3,1660,2,1,15000.0,300.0,14700.0
4587,410,1389,1,,2940,1,1,12000.0,1200.0,10800.0
4588,241,1290,2,4,,1,1,12600.0,0.0,12600.0
4589,241,1290,2,4,,2,1,13500.0,270.0,13230.0
4590,634,221,2,4,1414,1,3,13200.0,0.0,39600.0
4591,634,221,2,4,1414,1,3,12000.0,3600.0,32400.0
4592,634,221,2,4,1414,2,2,13500.0,540.0,26460.0
4593,110,1161,2,1,2164,2,3,15750.0,945.0,46305.0
4594,312,570,1,,2938,2,2,15000.0,1500.0,28500.0
4595,410,847,1,,,2,2,15750.0,1575.0,29925.0
4596,410,847,1,,,1,2,12000.0,0.0,24000.0
4597,331,372,2,2,1531,1,2,12000.0,0.0,24000.0
4598,331,372,2,2,1531,2,3,15000.0,0.0,45000.0
4599,145,390,1,,978,1,2,13200.0,528.0,25872.0
4600,15,434,2,2,2639,2,2,15000.0,600.0,29400.0
4601,15,434,2,2,2639,2,3,13500.0,4050.0,36450.0
4602,140,1342,1,,614,1,1,12000.0,600.0,11400.0
4603,634,71,1,,482,2,3,15000.0,0.0,45000.0
4604,473,868,2,4,207,1,2,12600.0,504.0,24696.0
4605,239,1176,1,,1227,2,2,13500.0,540.0,26460.0
4606,239,1176,1,,1227,2,3,15000.0,4500.0,40500.0
4607,557,1423,1,,256,2,3,15000.0,900.0,44100.0
4608,557,1423,1,,256,1,2,10800.0,432.0,21168.0
4609,279,668,2,2,2351,2,3,16500.0,0.0,49500.0
4610,564,655,1,,2954,1,1,12000.0,600.0,11400.0
4611,500,292,1,,1178,1,3,12600.0,0.0,37800.0
4612,493,712,2,4,1457,1,1,12000.0,0.0,12000.0
4613,80,1421,1,,86,2,3,15000.0,900.0,44100.0
4614,80,1421,1,,86,2,1,15000.0,0.0,15000.0
4615,218,1290,1,,,1,2,12000.0,480.0,23520.0
4616,13,576,2,4,729,1,2,12000.0,480.0,23520.0
4617,437,612,2,1,1337,2,1,15750.0,315.0,15435.0
4618,437,612,2,1,1337,2,1,13500.0,1350.0,12150.0
4619,439,227,2,4,2682,1,1,12000.0,0.0,12000.0
4620,23,590,1,,,1,3,12000.0,0.0,36000.0
4621,23,590,1,,,2,1,13500.0,270.0,13230.0
4622,54,1498,1,,734,2,2,15000.0,0.0,30000.0
4623,587,184,1,,199,1,1,12000.0,240.0,11760.0
4624,223,88,1,,3059,1,2,12000.0,1200.0,22800.0
4625,440,1321,1,,582,1,2,12600.0,2520.0,22680.0
4626,440,1321,1,,582,2,3,15000.0,4500.0,40500.0
4627,524,528,1,,1776,2,2,16500.0,1650.0,31350.0
4628,587,1259,1,,2063,1,1,10800.0,216.0,10584.0
4629,493,817,2,2,73,2,3,15750.0,0.0,47250.0
4630,493,817,2,2,73,1,2,13200.0,528.0,25872.0
4631,633,85,2,4,50,1,3,12600.0,1890.0,35910.0
4632,633,85,2,4,50,1,2,13200.0,2640.0,23760.0
4633,633,85,2,4,50,2,2,15000.0,600.0,29400.0
4634,267,771,2,3,1077,2,2,15000.0,0.0,30000.0
4635,195,1386,1,,3119,1,2,12600.0,504.0,24696.0
4636,153,514,1,,2346,1,2,10800.0,2160.0,19440.0
4637,337,1252,2,3,2014,2,1,15750.0,315.0,15435.0
4638,337,1252,2,3,2014,1,1,12000.0,1200.0,10800.0
4639,327,1427,1,,2992,1,3,12000.0,1800.0,34200.0
4640,327,1427,1,,2992,2,2,15000.0,600.0,29400.0
4641,606,965,1,,48,1,2,12000.0,2400.0,21600.0
4642,611,1139,1,,2006,2,2,15000.0,3000.0,27000.0
4643,193,1197,2,3,1354,1,2,12000.0,1200.0,22800.0
4644,193,1197,2,3,1354,1,1,12000.0,0.0,12000.0
4645,380,1252,1,,1355,2,2,15000.0,0.0,30000.0
4646,380,1252,1,,1355,2,1,15000.0,1500.0,13500.0
4647,192,976,2,4,2885,2,3,16500.0,990.0,48510.0
4648,436,549,2,4,732,1,1,12600.0,252.0,12348.0
4649,262,1301,1,,855,1,2,10800.0,432.0,21168.0
4650,214,331,1,,756,1,2,10800.0,0.0,21600.0
4651,116,219,1,,262,2,3,15750.0,0.0,47250.0
4652,119,422,2,1,580,2,3,16500.0,4950.0,44550.0
4653,270,181,1,,2257,2,1,13500.0,270.0,13230.0
4654,270,181,1,,2257,2,1,15000.0,300.0,14700.0
4655,295,1073,1,,661,2,1,16500.0,1650.0,14850.0
4656,293,1362,1,,1711,2,2,15750.0,3150.0,28350.0
4657,244,1436,2,3,1421,1,2,13200.0,0.0,26400.0
4658,96,364,1,,1810,2,2,13500.0,1350.0,25650.0
4659,22,343,1,,1921,1,3,10800.0,0.0,32400.0
4660,68,1044,1,,2397,2,1,13500.0,1350.0,12150.0
4661,135,805,2,4,977,1,1,12000.0,1200.0,10800.0
4662,135,805,2,4,977,2,3,16500.0,990.0,48510.0
4663,366,1121,2,1,,2,2,16500.0,3300.0,29700.0
4664,366,1121,2,1,,1,2,12600.0,0.0,25200.0
4665,409,1395,2,3,96,1,2,10800.0,0.0,21600.0
4666,286,728,1,,523,2,2,15750.0,0.0,31500.0
4667,518,688,2,1,2617,1,2,12000.0,2400.0,21600.0
4668,169,831,1,,,2,3,15000.0,2250.0,42750.0
4669,591,744,1,,92,2,2,15750.0,1575.0,29925.0
4670,274,1371,2,2,901,2,1,15750.0,315.0,15435.0
4671,274,1371,2,2,901,1,2,10800.0,432.0,21168.0
4672,274,1371,2,2,901,1,2,12000.0,0.0,24000.0
4673,64,167,1,,,1,1,12600.0,252.0,12348.0
4674,138,111,1,,809,1,2,12000.0,0.0,24000.0
4675,138,111,1,,809,1,1,12000.0,240.0,11760.0
4676,334,580,1,,3193,1,1,12000.0,0.0,12000.0
4677,5,117,2,1,2788,1,1,10800.0,1080.0,9720.0
4678,637,1264,1,,2491,2,3,13500.0,0.0,40500.0
4679,512,233,1,,568,1,3,12000.0,0.0,36000.0
4680,129,671,1,,749,1,1,10800.0,540.0,10260.0
4681,129,671,1,,749,1,1,12000.0,240.0,11760.0
4682,94,94,1,,226,1,3,12000.0,0.0,36000.0
4683,94,94,1,,226,1,1,12000.0,600.0,11400.0
4684,172,390,2,4,1123,2,2,15000.0,3000.0,27000.0
4685,368,305,1,,1686,2,1,15000.0,750.0,14250.0
4686,368,305,1,,1686,1,1,12000.0,0.0,12000.0
4687,329,400,1,,2604,1,2,12000.0,0.0,24000.0
4688,329,400,1,,2604,1,1,12000.0,240.0,11760.0
4689,72,396,1,,789,2,3,15000.0,2250.0,42750.0
4690,360,1168,1,,798,2,1,15000.0,750.0,14250.0
4691,360,1168,1,,798,2,1,15000.0,0.0,15000.0
4692,408,655,2,3,315,1,3,12000.0,1800.0,34200.0
4693,408,655,2,3,315,1,3,12000.0,1800.0,34200.0
4694,549,343,1,,1377,2,1,15000.0,0.0,15000.0
4695,549,343,1,,1377,1,1,12600.0,630.0,11970.0
4696,446,684,1,,583,1,2,12000.0,2400.0,21600.0
4697,168,1150,1,,531,2,2,15000.0,3000.0,27000.0
4698,168,1150,1,,531,1,1,12000.0,1200.0,10800.0
4699,48,1028,2,3,993,2,2,13500.0,540.0,26460.0
4700,129,585,2,1,2439,1,2,12000.0,2400.0,21600.0
4701,510,1294,1,,2568,2,1,15000.0,0.0,15000.0
4702,285,455,2,4,,2,1,15750.0,1575.0,14175.0
4703,628,1141,2,1,1552,2,3,13500.0,2025.0,38475.0
4704,588,376,2,2,3175,2,1,15000.0,1500.0,13500.0
4705,139,1154,1,,1482,1,2,12000.0,480.0,23520.0
4706,139,1154,1,,1482,1,1,10800.0,216.0,10584.0
4707,289,1498,1,,1998,1,1,10800.0,0.0,10800.0
4708,633,603,2,3,482,1,1,12000.0,0.0,12000.0
4709,61,1002,2,3,2287,2,3,15750.0,2362.5,44887.5
4710,61,1002,2,3,2287,1,3,12000.0,0.0,36000.0
4711,243,924,1,,1833,1,2,12000.0,1200.0,22800.0
4712,536,1309,2,1,167,2,1,15000.0,750.0,14250.0
4713,519,1212,2,4,2473,2,1,15000.0,1500.0,13500.0
4714,553,974,2,2,2494,1,3,12000.0,720.0,35280.0
4715,128,1154,2,1,2784,1,1,10800.0,540.0,10260.0
4716,128,1154,2,1,2784,1,3,12000.0,720.0,35280.0
4717,611,105,1,,2681,2,2,16500.0,1650.0,31350.0
4718,305,335,1,,918,1,3,12000.0,720.0,35280.0
4719,49,421,2,1,,1,3,10800.0,1620.0,30780.0
4720,573,77,1,,1567,1,3,12000.0,1800.0,34200.0
4721,573,77,1,,1567,2,1,15750.0,787.5,14962.5
4722,55,1399,2,1,80,2,1,15000.0,0.0,15000.0
4723,115,761,1,,575,1,2,12000.0,480.0,23520.0
4724,597,160,2,2,2173,1,2,10800.0,1080.0,20520.0
4725,231,555,1,,3113,2,1,13500.0,0.0,13500.0
4726,231,555,1,,3113,2,3,13500.0,810.0,39690.0
4727,211,634,1,,851,1,3,12000.0,0.0,36000.0
4728,66,1187,2,4,2061,2,1,16500.0,330.0,16170.0
4729,612,1329,1,,,1,1,12000.0,0.0,12000.0
4730,591,1231,1,,268,1,3,13200.0,792.0,38808.0
4731,591,1231,1,,268,1,3,10800.0,648.0,31752.0
4732,591,1231,1,,268,2,2,15000.0,0.0,30000.0
4733,459,571,2,1,3164,1,2,10800.0,1080.0,20520.0
4734,419,1336,2,1,2225,2,3,16500.0,0.0,49500.0
4735,58,243,2,1,1979,1,2,10800.0,0.0,21600.0
4736,58,243,2,1,1979,1,1,10800.0,540.0,10260.0
4737,332,678,2,3,1439,2,1,15000.0,750.0,14250.0
4738,49,791,1,,2671,2,3,15000.0,2250.0,42750.0
4739,49,791,1,,2671,2,1,15750.0,787.5,14962.5
4740,492,580,1,,28,2,1,15000.0,300.0,14700.0
4741,343,121,2,3,195,2,3,15750.0,4725.0,42525.0
4742,562,1130,2,4,1099,2,2,15000.0,0.0,30000.0
4743,146,1275,2,4,2027,2,3,15000.0,900.0,44100.0
4744,146,1275,2,4,2027,1,2,12000.0,1200.0,22800.0
4745,113,1039,1,,412,1,3,13200.0,1980.0,37620.0
4746,287,171,2,3,2078,1,2,10800.0,432.0,21168.0
4747,511,132,2,1,1208,2,3,16500.0,4950.0,44550.0
4748,383,889,2,3,1217,1,2,10800.0,1080.0,20520.0
4749,383,889,2,3,1217,2,1,16500.0,330.0,16170.0
4750,47,640,1,,1964,1,3,10800.0,1620.0,30780.0
4751,510,841,1,,2489,2,3,15000.0,4500.0,40500.0
4752,381,1188,2,4,1600,1,2,12000.0,1200.0,22800.0
4753,308,1319,1,,,1,2,12000.0,2400.0,21600.0
4754,373,580,1,,917,2,1,15000.0,300.0,14700.0
4755,289,589,1,,877,1,1,12600.0,0.0,12600.0
4756,413,204,1,,,1,3,12000.0,3600.0,32400.0
4757,100,867,1,,1536,2,3,13500.0,2025.0,38475.0
4758,267,250,1,,101,2,1,13500.0,675.0,12825.0
4759,487,1215,1,,504,2,1,15000.0,300.0,14700.0
4760,108,1363,2,4,1395,1,1,13200.0,1320.0,11880.0
4761,546,589,1,,505,1,3,10800.0,3240.0,29160.0
4762,546,589,1,,505,2,2,13500.0,540.0,26460.0
4763,140,1462,1,,489,1,3,10800.0,3240.0,29160.0
4764,539,837,2,4,2398,2,3,13500.0,0.0,40500.0
4765,343,1210,2,1,266,1,3,12000.0,1800.0,34200.0
4766,331,370,2,3,1570,1,2,10800.0,2160.0,19440.0
4767,581,1474,2,4,1011,1,3,10800.0,648.0,31752.0
4768,581,1474,2,4,1011,1,1,12000.0,240.0,11760.0
4769,581,1474,2,4,1011,1,2,10800.0,2160.0,19440.0
4770,327,294,2,1,2274,2,2,15750.0,3150.0,28350.0
4771,501,1427,1,,1983,2,2,15000.0,1500.0,28500.0
4772,163,119,1,,660,2,3,13500.0,0.0,40500.0
4773,163,119,1,,660,2,1,15750.0,1575.0,14175.0
4774,3,485,1,,,2,3,15000.0,4500.0,40500.0
4775,30,583,2,4,1192,2,2,15000.0,600.0,29400.0
4776,30,583,2,4,1192,1,2,12600.0,504.0,24696.0
4777,477,1463,1,,160,1,1,12000.0,600.0,11400.0
4778,458,160,1,,2694,2,2,15000.0,1500.0,28500.0
4779,595,629,1,,73,2,3,13500.0,2025.0,38475.0
4780,595,629,1,,73,2,1,15000.0,0.0,15000.0
4781,219,727,2,1,1247,1,3,10800.0,648.0,31752.0
4782,124,590,1,,579,2,3,15000.0,0.0,45000.0
4783,295,443,1,,2550,2,2,15000.0,600.0,29400.0
4784,77,705,1,,1794,2,1,15750.0,315.0,15435.0
4785,497,188,1,,,2,1,15000.0,750.0,14250.0
4786,104,1097,2,4,1411,1,3,12000.0,1800.0,34200.0
4787,416,1328,2,4,2563,2,1,15000.0,300.0,14700.0
4788,3,304,2,3,2411,1,2,12600.0,0.0,25200.0
4789,562,876,1,,2211,2,3,15750.0,4725.0,42525.0
4790,562,876,1,,2211,1,2,12000.0,1200.0,22800.0
4791,123,1116,1,,2548,1,1,12000.0,240.0,11760.0
4792,440,1219,1,,568,2,3,16500.0,990.0,48510.0
4793,386,1134,1,,1945,2,1,15000.0,300.0,14700.0
4794,61,1074,2,4,213,1,2,12000.0,1200.0,22800.0
4795,61,1074,2,4,213,1,2,13200.0,0.0,26400.0
4796,508,350,1,,510,1,2,13200.0,528.0,25872.0
4797,355,1406,1,,2808,1,2,12000.0,1200.0,22800.0
4798,414,1176,2,4,2827,1,1,13200.0,1320.0,11880.0
4799,414,1176,2,4,2827,2,3,15000.0,2250.0,42750.0
4800,58,1367,1,,773,2,3,15000.0,0.0,45000.0
4801,193,232,1,,2966,2,3,15750.0,2362.5,44887.5
4802,542,844,1,,681,2,3,15000.0,900.0,44100.0
4803,524,671,1,,980,1,3,12000.0,720.0,35280.0
4804,226,407,1,,2378,1,2,10800.0,2160.0,19440.0
4805,423,944,1,,1322,2,1,13500.0,675.0,12825.0
4806,292,327,2,2,814,2,1,15750.0,315.0,15435.0
4807,180,199,1,,77,1,3,10800.0,648.0,31752.0
4808,180,199,1,,77,1,2,12000.0,480.0,23520.0
4809,359,1409,1,,1994,2,2,15000.0,600.0,29400.0
4810,359,1409,1,,1994,2,2,15750.0,630.0,30870.0
4811,60,949,2,2,345,1,2,12000.0,480.0,23520.0
4812,60,949,2,2,345,2,2,13500.0,540.0,26460.0
4813,311,900,1,,1662,2,3,15000.0,2250.0,42750.0
4814,67,932,2,1,2175,2,2,15000.0,0.0,30000.0
4815,15,683,2,1,2725,2,3,16500.0,2475.0,47025.0
4816,47,1360,2,4,2874,2,2,16500.0,1650.0,31350.0
4817,251,505,1,,,2,3,15000.0,2250.0,42750.0
4818,538,371,1,,1100,2,1,13500.0,1350.0,12150.0
4819,6,535,1,,738,2,1,15000.0,750.0,14250.0
4820,293,446,1,,302,1,2,12600.0,0.0,25200.0
4821,293,446,1,,302,1,3,12000.0,3600.0,32400.0
4822,518,610,2,4,2274,1,1,12000.0,0.0,12000.0
4823,518,610,2,4,2274,2,2,15750.0,0.0,31500.0
4824,171,243,1,,619,2,1,15000.0,1500.0,13500.0
4825,312,1469,2,2,2624,1,2,12000.0,1200.0,22800.0
4826,425,86,1,,26,1,3,13200.0,0.0,39600.0
4827,564,437,1,,424,1,1,12600.0,252.0,12348.0
4828,564,437,1,,424,2,1,15000.0,0.0,15000.0
4829,226,199,1,,2601,1,3,12000.0,720.0,35280.0
4830,226,199,1,,2601,2,2,15750.0,1575.0,29925.0
4831,118,350,1,,60,1,3,12000.0,0.0,36000.0
4832,118,350,1,,60,2,2,15000.0,1500.0,28500.0
4833,46,105,2,1,1144,2,1,15000.0,750.0,14250.0
4834,46,105,2,1,1144,2,2,15000.0,3000.0,27000.0
4835,117,698,1,,211,1,2,12000.0,480.0,23520.0
4836,59,1236,1,,2781,1,2,12000.0,480.0,23520.0
4837,363,1305,1,,681,1,2,12600.0,1260.0,23940.0
4838,522,1262,1,,1416,1,1,12000.0,0.0,12000.0
4839,522,1262,1,,1416,2,3,15000.0,4500.0,40500.0
4840,363,1325,2,4,1852,2,3,15750.0,2362.5,44887.5
4841,11,117,1,,,1,1,10800.0,216.0,10584.0
4842,11,117,1,,,1,3,13200.0,1980.0,37620.0
4843,631,1322,1,,509,2,2,15750.0,3150.0,28350.0
4844,35,694,2,3,3000,2,3,15000.0,900.0,44100.0
4845,201,1092,2,2,3174,2,2,15000.0,3000.0,27000.0
4846,89,279,1,,1481,2,2,16500.0,3300.0,29700.0
4847,7,1277,2,1,461,1,2,12000.0,2400.0,21600.0
4848,553,983,2,3,1218,1,1,12000.0,240.0,11760.0
4849,79,1300,1,,1033,2,2,15750.0,1575.0,29925.0
4850,304,727,2,4,2189,1,3,12000.0,3600.0,32400.0
4851,176,496,1,,2927,1,2,12000.0,1200.0,22800.0
4852,221,657,1,,2682,1,3,12600.0,1890.0,35910.0
4853,380,277,1,,,1,1,12000.0,1200.0,10800.0
4854,269,523,1,,243,1,3,12000.0,0.0,36000.0
4855,316,126,1,,1785,2,2,15000.0,600.0,29400.0
4856,111,1034,2,1,745,2,1,16500.0,1650.0,14850.0
4857,377,358,2,4,2428,1,1,12000.0,0.0,12000.0
4858,87,637,1,,968,1,3,12000.0,3600.0,32400.0
4859,244,691,2,2,24,1,3,12600.0,3780.0,34020.0
4860,315,380,2,4,212,2,1,15000.0,750.0,14250.0
4861,315,380,2,4,212,1,3,12000.0,720.0,35280.0
4862,315,380,2,4,212,2,2,15000.0,1500.0,28500.0
4863,240,1253,1,,,1,1,12000.0,240.0,11760.0
4864,240,1253,1,,,1,1,10800.0,0.0,10800.0
4865,204,1068,2,4,2640,1,3,12000.0,720.0,35280.0
4866,422,1188,1,,892,2,3,15000.0,2250.0,42750.0
4867,593,1354,1,,1178,2,1,15000.0,0.0,15000.0
4868,272,1109,2,2,428,1,3,13200.0,792.0,38808.0
4869,255,1399,2,1,2363,2,1,13500.0,270.0,13230.0
4870,255,1399,2,1,2363,1,2,12000.0,480.0,23520.0
4871,133,672,2,1,245,1,1,12000.0,240.0,11760.0
4872,133,672,2,1,245,2,2,16500.0,3300.0,29700.0
4873,110,1351,2,1,3059,1,3,12000.0,0.0,36000.0
4874,110,1351,2,1,3059,1,1,12000.0,0.0,12000.0
4875,110,1351,2,1,3059,2,2,15750.0,3150.0,28350.0
4876,209,725,1,,2013,2,1,15000.0,0.0,15000.0
4877,209,725,1,,2013,1,3,12000.0,0.0,36000.0
4878,170,1288,2,3,813,2,2,15750.0,3150.0,28350.0
4879,193,542,1,,3120,2,3,15750.0,945.0,46305.0
4880,628,205,1,,,2,1,15000.0,0.0,15000.0
4881,628,205,1,,,1,3,12600.0,3780.0,34020.0
4882,114,421,1,,2148,1,1,12600.0,0.0,12600.0
4883,238,433,1,,,1,3,12000.0,0.0,36000.0
4884,238,433,1,,,2,2,15750.0,630.0,30870.0
4885,175,313,1,,1276,2,1,15750.0,0.0,15750.0
4886,39,556,2,4,,1,3,12000.0,1800.0,34200.0
4887,468,1225,1,,1799,1,2,12000.0,0.0,24000.0
4888,225,1326,1,,229,1,2,12000.0,0.0,24000.0
4889,225,1326,1,,229,1,3,12000.0,3600.0,32400.0
4890,535,513,1,,1202,1,1,10800.0,0.0,10800.0
4891,126,196,1,,352,2,3,16500.0,0.0,49500.0
4892,126,196,1,,352,1,1,12600.0,0.0,12600.0
4893,273,377,1,,,1,2,12000.0,2400.0,21600.0
4894,160,400,2,2,2697,1,2,12000.0,0.0,24000.0
4895,447,1177,1,,906,2,1,15750.0,0.0,15750.0
4896,447,1177,1,,906,1,3,12000.0,1800.0,34200.0
4897,71,833,1,,172,2,3,15000.0,0.0,45000.0
4898,71,833,1,,172,2,1,16500.0,0.0,16500.0
4899,266,308,1,,1072,1,1,12600.0,630.0,11970.0
4900,261,291,2,4,49,1,3,12000.0,0.0,36000.0
4901,548,727,1,,478,2,1,15000.0,750.0,14250.0
4902,361,587,2,3,,2,3,15000.0,2250.0,42750.0
4903,337,448,2,2,,2,1,15000.0,1500.0,13500.0
4904,156,1144,2,1,411,2,2,13500.0,2700.0,24300.0
4905,156,1144,2,1,411,1,2,12000.0,0.0,24000.0
4906,475,516,1,,351,1,2,12600.0,0.0,25200.0
4907,293,1123,1,,2732,1,2,12000.0,2400.0,21600.0
4908,143,1203,1,,2291,1,3,12000.0,3600.0,32400.0
4909,79,377,2,1,3114,1,1,12000.0,600.0,11400.0
4910,79,377,2,1,3114,2,2,15000.0,0.0,30000.0
4911,91,991,1,,157,1,3,12600.0,0.0,37800.0
4912,492,240,1,,2137,1,2,12000.0,1200.0,22800.0
4913,453,1155,2,4,,1,1,12000.0,240.0,11760.0
4914,85,46,2,3,1576,1,3,12600.0,756.0,37044.0
4915,285,1102,1,,1204,1,1,12600.0,1260.0,11340.0
4916,329,1402,1,,237,1,1,12600.0,630.0,11970.0
4917,329,1402,1,,237,2,1,15000.0,750.0,14250.0
4918,359,429,1,,1683,1,2,12000.0,1200.0,22800.0
4919,359,429,1,,1683,1,3,12000.0,3600.0,32400.0
4920,206,1106,2,2,1815,1,3,12000.0,3600.0,32400.0
4921,253,1067,1,,,1,1,10800.0,540.0,10260.0
4922,19,125,1,,,2,1,15000.0,300.0,14700.0
4923,608,352,1,,2915,2,1,13500.0,270.0,13230.0
4924,65,592,2,2,3134,1,1,13200.0,660.0,12540.0
4925,47,231,2,1,287,1,3,12600.0,1890.0,35910.0
4926,89,23,1,,2929,1,3,13200.0,1980.0,37620.0
4927,402,622,1,,1103,1,2,12000.0,480.0,23520.0
4928,398,971,2,2,256,2,3,15000.0,2250.0,42750.0
4929,398,971,2,2,256,1,3,12000.0,0.0,36000.0
4930,291,724,2,4,2199,1,3,10800.0,648.0,31752.0
4931,418,150,1,,772,1,2,10800.0,432.0,21168.0
4932,154,683,1,,,1,2,12600.0,0.0,25200.0
4933,274,1219,1,,2907,2,1,15000.0,750.0,14250.0
4934,274,1219,1,,2907,1,3,13200.0,3960.0,35640.0
4935,274,1219,1,,2907,2,1,15000.0,1500.0,13500.0
4936,25,71,1,,1437,2,1,16500.0,825.0,15675.0
4937,152,120,2,1,1843,2,3,15000.0,4500.0,40500.0
4938,370,937,2,3,3019,2,2,16500.0,3300.0,29700.0
4939,169,1122,1,,,2,2,13500.0,540.0,26460.0
4940,554,1380,1,,2009,1,3,12000.0,0.0,36000.0
4941,554,1380,1,,2009,1,3,12000.0,0.0,36000.0
4942,554,1380,1,,2009,1,3,12000.0,0.0,36000.0
4943,332,910,2,3,894,1,3,12600.0,3780.0,34020.0
4944,369,787,1,,,1,3,12600.0,756.0,37044.0
4945,253,1155,1,,2790,1,2,12600.0,1260.0,23940.0
4946,515,86,1,,2583,1,2,13200.0,0.0,26400.0
4947,392,938,2,4,,2,1,15000.0,750.0,14250.0
4948,110,1058,2,4,1711,1,1,12000.0,0.0,12000.0
4949,70,414,2,2,2189,2,2,13500.0,0.0,27000.0
4950,70,414,2,2,2189,2,1,15000.0,300.0,14700.0
4951,253,166,1,,205,1,2,12000.0,1200.0,22800.0
4952,365,1427,2,3,3130,1,3,13200.0,1980.0,37620.0
4953,130,362,2,4,767,2,1,15000.0,750.0,14250.0
4954,214,1491,1,,1621,2,3,15750.0,2362.5,44887.5
4955,214,1491,1,,1621,2,1,15000.0,1500.0,13500.0
4956,214,1491,1,,1621,2,1,15000.0,750.0,14250.0
4957,399,465,1,,413,1,2,12000.0,2400.0,21600.0
4958,397,724,2,3,616,2,2,16500.0,0.0,33000.0
4959,255,1342,1,,1480,2,2,15000.0,1500.0,28500.0
4960,608,244,2,2,2622,1,3,12000.0,720.0,35280.0
4961,121,747,1,,801,2,3,15000.0,900.0,44100.0
4962,121,747,1,,801,2,3,13500.0,0.0,40500.0
4963,379,1225,1,,,1,2,12000.0,2400.0,21600.0
4964,379,1225,1,,,1,1,10800.0,540.0,10260.0
4965,301,115,2,1,1237,2,3,16500.0,990.0,48510.0
4966,413,831,1,,2150,1,2,10800.0,0.0,21600.0
4967,413,831,1,,2150,2,3,15000.0,900.0,44100.0
4968,359,102,1,,2309,2,1,15000.0,0.0,15000.0
4969,417,666,1,,2915,1,1,13200.0,0.0,13200.0
4970,457,1121,2,2,1112,1,3,12000.0,0.0,36000.0
4971,595,841,1,,211,1,2,12000.0,0.0,24000.0
4972,421,1412,1,,326,1,1,12000.0,240.0,11760.0
4973,3,1210,1,,2404,2,2,15000.0,0.0,30000.0
4974,319,362,1,,,2,1,15000.0,300.0,14700.0
4975,319,362,1,,,1,3,12000.0,3600.0,32400.0
4976,333,1009,1,,2354,1,1,13200.0,660.0,12540.0
4977,333,1009,1,,2354,2,2,16500.0,660.0,32340.0
4978,458,830,1,,2339,1,2,10800.0,1080.0,20520.0
4979,458,830,1,,2339,2,1,15000.0,1500.0,13500.0
4980,618,995,2,3,3009,1,1,12000.0,0.0,12000.0
4981,486,504,1,,2883,1,2,10800.0,432.0,21168.0
4982,546,1093,2,4,2438,1,3,13200.0,3960.0,35640.0
4983,533,805,1,,2084,1,1,12000.0,600.0,11400.0
4984,313,657,1,,2951,1,1,12000.0,240.0,11760.0
4985,455,965,1,,543,1,2,12000.0,0.0,24000.0
4986,455,965,1,,543,1,2,12000.0,0.0,24000.0
4987,455,965,1,,543,2,1,13500.0,270.0,13230.0
4988,609,439,2,3,476,1,2,12000.0,1200.0,22800.0
4989,134,457,1,,304,2,2,15000.0,0.0,30000.0
4990,134,457,1,,304,1,2,12000.0,480.0,23520.0
4991,303,958,1,,2980,1,2,12000.0,2400.0,21600.0
4992,303,958,1,,2980,1,3,10800.0,1620.0,30780.0
4993,147,725,1,,2077,1,1,13200.0,0.0,13200.0
4994,147,725,1,,2077,1,2,12000.0,480.0,23520.0
4995,147,725,1,,2077,2,2,15000.0,600.0,29400.0
4996,31,256,2,2,787,2,3,15000.0,2250.0,42750.0
4997,117,919,2,2,3039,2,1,13500.0,270.0,13230.0
4998,266,292,2,3,323,1,2,12000.0,2400.0,21600.0
4999,339,1377,1,,296,2,1,13500.0,270.0,13230.0
5000,399,290,1,,2107,1,1,12000.0,0.0,12000.0
5001,539,1273,1,,2675,2,3,15000.0,0.0,45000.0
5002,550,1056,2,2,,2,1,15000.0,750.0,14250.0
5003,302,601,1,,803,1,2,13200.0,2640.0,23760.0
5004,302,601,1,,803,1,3,12000.0,3600.0,32400.0
5005,219,1500,1,,,2,3,15000.0,4500.0,40500.0
5006,137,1241,1,,1651,2,3,13500.0,810.0,39690.0
5007,339,874,2,3,2871,1,2,10800.0,432.0,21168.0
5008,329,911,1,,2601,2,3,15000.0,900.0,44100.0
5009,420,910,1,,290,1,2,10800.0,432.0,21168.0
5010,451,1089,2,2,1477,1,3,10800.0,0.0,32400.0
5011,451,1089,2,2,1477,2,2,15000.0,600.0,29400.0
5012,83,855,1,,570,2,3,15750.0,4725.0,42525.0
5013,228,543,1,,277,2,2,15000.0,0.0,30000.0
5014,283,738,2,1,2122,2,2,15000.0,3000.0,27000.0
5015,338,1043,1,,507,2,2,13500.0,0.0,27000.0
5016,555,733,1,,871,2,1,15000.0,750.0,14250.0
5017,177,77,1,,,2,2,16500.0,0.0,33000.0
5018,177,77,1,,,1,3,12000.0,1800.0,34200.0
5019,177,77,1,,,1,1,12000.0,1200.0,10800.0
5020,517,1067,1,,1995,2,2,15000.0,600.0,29400.0
5021,7,387,1,,2582,1,2,10800.0,1080.0,20520.0
5022,7,387,1,,2582,2,1,13500.0,1350.0,12150.0
5023,357,942,2,1,,2,1,15750.0,1575.0,14175.0
5024,438,863,2,1,156,2,3,15000.0,4500.0,40500.0
5025,563,1368,2,2,2677,1,3,12000.0,720.0,35280.0
5026,563,1368,2,2,2677,2,3,15000.0,0.0,45000.0
5027,453,722,1,,2988,2,3,15000.0,4500.0,40500.0
5028,490,168,1,,1617,1,2,12000.0,1200.0,22800.0
5029,243,625,1,,127,1,1,13200.0,660.0,12540.0
5030,116,1021,1,,,2,3,15000.0,2250.0,42750.0
5031,178,739,1,,2620,1,1,13200.0,0.0,13200.0
5032,178,739,1,,2620,2,3,15000.0,2250.0,42750.0
5033,490,1362,1,,2096,2,3,13500.0,0.0,40500.0
5034,403,921,1,,2881,1,3,10800.0,1620.0,30780.0
5035,462,1071,2,2,505,1,3,12000.0,0.0,36000.0
5036,122,759,1,,428,2,2,13500.0,0.0,27000.0
5037,122,759,1,,428,2,2,15000.0,600.0,29400.0
5038,499,285,1,,2806,2,2,13500.0,540.0,26460.0
5039,303,200,2,3,734,2,2,15000.0,600.0,29400.0
5040,534,1377,1,,1852,1,1,12000.0,0.0,12000.0
5041,534,1377,1,,1852,1,3,12000.0,3600.0,32400.0
5042,125,278,2,2,1561,1,1,12000.0,600.0,11400.0
5043,595,519,2,2,1988,2,1,15000.0,1500.0,13500.0
5044,248,1476,1,,,2,1,15000.0,300.0,14700.0
5045,96,1026,1,,2207,2,3,16500.0,2475.0,47025.0
5046,96,1026,1,,2207,1,2,13200.0,528.0,25872.0
5047,19,820,1,,,2,1,15000.0,750.0,14250.0
5048,232,1140,1,,3048,1,1,12000.0,240.0,11760.0
5049,251,382,2,1,5,2,2,15000.0,3000.0,27000.0
5050,93,246,1,,66,1,3,12000.0,1800.0,34200.0
5051,540,798,1,,,1,3,12000.0,1800.0,34200.0
5052,41,1167,1,,869,1,2,13200.0,528.0,25872.0
5053,417,1454,1,,505,1,3,12600.0,0.0,37800.0
5054,235,488,2,3,977,1,1,12000.0,600.0,11400.0
5055,387,1116,1,,543,2,1,15750.0,1575.0,14175.0
5056,387,1116,1,,543,2,1,15750.0,0.0,15750.0
5057,387,1116,1,,543,2,2,15000.0,3000.0,27000.0
5058,290,15,1,,598,2,1,15000.0,0.0,15000.0
5059,290,15,1,,598,1,2,13200.0,1320.0,25080.0
5060,595,332,2,1,,1,3,12000.0,3600.0,32400.0
5061,595,332,2,1,,1,1,12000.0,600.0,11400.0
5062,92,707,2,1,116,1,2,12000.0,1200.0,22800.0
5063,563,238,1,,1354,2,3,15000.0,0.0,45000.0
5064,563,238,1,,1354,2,2,15000.0,1500.0,28500.0
5065,88,66,2,2,1569,1,3,12000.0,720.0,35280.0
5066,559,407,1,,635,2,3,15000.0,4500.0,40500.0
5067,260,1095,1,,1795,1,3,10800.0,648.0,31752.0
5068,241,553,2,1,1910,2,3,15000.0,0.0,45000.0
5069,112,533,1,,2183,2,2,15000.0,0.0,30000.0
5070,112,533,1,,2183,1,1,12000.0,600.0,11400.0
5071,346,332,1,,2774,2,1,15000.0,300.0,14700.0
5072,466,730,1,,759,1,2,12000.0,2400.0,21600.0
5073,466,730,1,,759,1,3,12600.0,1890.0,35910.0
5074,234,615,2,3,450,2,3,15000.0,900.0,44100.0
5075,121,1274,1,,,2,2,15000.0,1500.0,28500.0
5076,423,1275,2,2,,2,1,15750.0,0.0,15750.0
5077,117,595,2,3,72,2,3,15000.0,2250.0,42750.0
5078,634,1086,1,,1145,2,1,15000.0,300.0,14700.0
5079,513,945,1,,482,1,1,10800.0,0.0,10800.0
5080,513,945,1,,482,1,2,10800.0,432.0,21168.0
5081,128,1296,2,4,1235,1,1,12000.0,240.0,11760.0
5082,128,1296,2,4,1235,1,2,13200.0,1320.0,25080.0
5083,637,1467,1,,2219,1,1,13200.0,264.0,12936.0
5084,509,468,1,,788,2,3,15750.0,0.0,47250.0
5085,509,468,1,,788,2,2,15750.0,1575.0,29925.0
5086,48,23,2,1,1958,2,1,15000.0,750.0,14250.0
5087,354,175,2,1,1752,2,1,15000.0,300.0,14700.0
5088,354,175,2,1,1752,2,2,15000.0,0.0,30000.0
5089,333,1157,1,,1895,1,3,12000.0,1800.0,34200.0
5090,333,1157,1,,1895,2,3,15000.0,900.0,44100.0
5091,510,481,1,,1187,1,3,13200.0,1980.0,37620.0
5092,358,975,1,,2300,1,3,12000.0,720.0,35280.0
5093,358,975,1,,2300,1,3,12000.0,720.0,35280.0
5094,358,975,1,,2300,2,2,15000.0,0.0,30000.0
5095,399,760,2,4,2348,2,1,16500.0,825.0,15675.0
5096,277,586,1,,2682,1,3,12000.0,720.0,35280.0
5097,478,1407,1,,53,1,3,12000.0,720.0,35280.0
5098,347,974,1,,2189,2,1,13500.0,0.0,13500.0
5099,347,974,1,,2189,1,3,10800.0,1620.0,30780.0
5100,292,1446,1,,223,2,3,15000.0,0.0,45000.0
5101,292,1446,1,,223,1,1,12000.0,1200.0,10800.0
5102,490,1298,1,,1575,2,2,15000.0,0.0,30000.0
5103,363,588,2,2,2257,1,3,13200.0,0.0,39600.0
5104,619,668,1,,895,2,3,15000.0,0.0,45000.0
5105,191,1294,1,,1563,1,3,12000.0,720.0,35280.0
5106,391,266,1,,2636,1,3,12000.0,0.0,36000.0
5107,2,1323,2,2,2835,2,3,15000.0,4500.0,40500.0
5108,459,1117,1,,1686,2,2,15000.0,600.0,29400.0
5109,46,306,1,,1553,1,3,13200.0,1980.0,37620.0
5110,235,850,1,,2171,1,2,12000.0,480.0,23520.0
5111,235,850,1,,2171,2,1,13500.0,270.0,13230.0
5112,132,732,2,3,,1,1,10800.0,0.0,10800.0
5113,265,961,1,,2174,2,2,13500.0,540.0,26460.0
5114,104,193,2,3,2636,1,3,12000.0,0.0,36000.0
5115,104,193,2,3,2636,2,3,15000.0,2250.0,42750.0
5116,104,193,2,3,2636,1,3,10800.0,0.0,32400.0
5117,213,345,1,,2658,1,3,12000.0,3600.0,32400.0
5118,234,92,1,,2656,1,3,12000.0,0.0,36000.0
5119,118,313,2,4,1115,2,1,15000.0,0.0,15000.0
5120,207,99,2,3,2102,1,3,12000.0,1800.0,34200.0
5121,207,99,2,3,2102,1,3,13200.0,0.0,39600.0
5122,187,1270,1,,2240,1,3,12000.0,1800.0,34200.0
5123,560,919,2,4,981,2,1,15000.0,0.0,15000.0
5124,624,1343,1,,,1,2,13200.0,2640.0,23760.0
5125,456,424,1,,2679,2,3,13500.0,4050.0,36450.0
5126,456,424,1,,2679,2,2,15000.0,0.0,30000.0
5127,62,884,1,,2965,1,3,12000.0,1800.0,34200.0
5128,335,1398,1,,461,1,3,12600.0,3780.0,34020.0
5129,458,747,2,2,,1,1,12000.0,240.0,11760.0
5130,372,1285,1,,2859,1,3,12000.0,1800.0,34200.0
5131,128,120,1,,1558,1,1,13200.0,1320.0,11880.0
5132,608,1449,2,1,1528,1,2,12000.0,2400.0,21600.0
5133,90,814,1,,1201,2,1,15000.0,1500.0,13500.0
5134,90,814,1,,1201,1,1,12000.0,600.0,11400.0
5135,73,462,2,2,461,1,3,12000.0,720.0,35280.0
5136,73,462,2,2,461,1,2,12000.0,2400.0,21600.0
5137,352,127,1,,1101,1,2,12600.0,1260.0,23940.0
5138,83,509,2,2,2694,1,3,12000.0,0.0,36000.0
5139,83,509,2,2,2694,1,1,12000.0,600.0,11400.0
5140,263,308,1,,3076,1,3,12000.0,720.0,35280.0
5141,322,199,1,,2053,1,3,12600.0,0.0,37800.0
5142,322,199,1,,2053,2,3,15000.0,2250.0,42750.0
5143,409,320,1,,179,1,2,12000.0,480.0,23520.0
5144,409,320,1,,179,2,3,15000.0,4500.0,40500.0
5145,328,471,2,2,3158,2,3,16500.0,990.0,48510.0
5146,623,927,1,,695,1,1,12000.0,0.0,12000.0
5147,363,1353,2,4,1644,2,1,15750.0,315.0,15435.0
5148,363,1353,2,4,1644,1,3,12000.0,1800.0,34200.0
5149,112,1307,1,,166,1,2,12000.0,480.0,23520.0
5150,112,1307,1,,166,2,2,15000.0,600.0,29400.0
5151,267,506,2,2,,2,1,15750.0,0.0,15750.0
5152,267,506,2,2,,1,2,13200.0,2640.0,23760.0
5153,90,575,2,1,2428,1,3,12000.0,3600.0,32400.0
5154,466,79,2,1,1559,1,3,10800.0,648.0,31752.0
5155,397,1118,1,,1322,1,2,12000.0,1200.0,22800.0
5156,18,735,1,,728,1,1,12600.0,0.0,12600.0
5157,18,735,1,,728,1,2,12000.0,2400.0,21600.0
5158,4,1246,2,3,514,2,2,15000.0,600.0,29400.0
5159,4,1246,2,3,514,1,1,12000.0,240.0,11760.0
5160,483,1078,1,,,1,1,12000.0,600.0,11400.0
5161,139,1142,1,,,2,1,15000.0,0.0,15000.0
5162,126,474,2,1,1035,2,1,15000.0,0.0,15000.0
5163,563,1015,2,4,1171,1,2,12600.0,1260.0,23940.0
5164,294,970,2,1,,1,3,12000.0,0.0,36000.0
5165,77,962,2,1,,2,3,13500.0,810.0,39690.0
5166,336,1224,2,1,950,1,1,12000.0,1200.0,10800.0
5167,387,1330,1,,1552,1,2,12000.0,2400.0,21600.0
5168,387,1330,1,,1552,1,2,12000.0,0.0,24000.0
5169,589,1121,2,2,3011,2,2,15000.0,0.0,30000.0
5170,580,1,2,2,,1,3,12000.0,3600.0,32400.0
5171,240,530,1,,543,1,2,12000.0,1200.0,22800.0
5172,357,793,2,2,74,1,3,12600.0,756.0,37044.0
5173,100,348,2,2,820,2,2,13500.0,540.0,26460.0
5174,281,621,1,,3168,2,1,15000.0,1500.0,13500.0
5175,281,621,1,,3168,2,2,15750.0,3150.0,28350.0
5176,281,621,1,,3168,2,1,15000.0,0.0,15000.0
5177,102,279,2,1,1987,2,1,15000.0,0.0,15000.0
5178,508,462,1,,613,2,3,15000.0,4500.0,40500.0
5179,192,78,2,1,,1,1,12600.0,630.0,11970.0
5180,172,613,1,,773,2,2,15000.0,1500.0,28500.0
5181,456,1101,2,1,1159,2,1,15000.0,300.0,14700.0
5182,157,154,1,,163,1,2,12600.0,504.0,24696.0
5183,157,154,1,,163,2,1,15000.0,300.0,14700.0
5184,168,558,1,,1476,2,1,13500.0,1350.0,12150.0
5185,283,373,1,,558,1,3,12000.0,3600.0,32400.0
5186,283,373,1,,558,1,2,12000.0,0.0,24000.0
5187,390,1385,1,,2049,2,1,15000.0,1500.0,13500.0
5188,239,1235,2,2,490,1,3,12000.0,3600.0,32400.0
5189,239,1235,2,2,490,2,1,15000.0,750.0,14250.0
5190,235,346,1,,1219,1,3,12000.0,1800.0,34200.0
5191,466,1413,2,3,1489,2,1,13500.0,0.0,13500.0
5192,84,1072,2,1,2832,2,3,15000.0,0.0,45000.0
5193,117,59,1,,39,2,3,15000.0,900.0,44100.0
5194,471,748,1,,161,1,3,12000.0,0.0,36000.0
5195,11,1433,2,2,,2,3,15000.0,900.0,44100.0
5196,113,172,2,2,41,1,3,13200.0,1980.0,37620.0
5197,113,172,2,2,41,1,3,13200.0,0.0,39600.0
5198,318,380,1,,839,1,3,12600.0,1890.0,35910.0
5199,318,380,1,,839,1,1,12600.0,630.0,11970.0
5200,501,1245,1,,530,2,2,15000.0,600.0,29400.0
5201,341,345,1,,2785,1,3,12000.0,1800.0,34200.0
5202,524,1237,1,,103,2,1,15000.0,750.0,14250.0
5203,404,190,2,4,2225,2,1,15000.0,0.0,15000.0
5204,73,731,2,1,342,1,1,10800.0,1080.0,9720.0
5205,566,1423,1,,,2,2,15000.0,1500.0,28500.0
5206,486,1262,1,,1359,2,1,15000.0,1500.0,13500.0
5207,611,615,1,,132,1,1,12000.0,600.0,11400.0
5208,611,615,1,,132,1,1,12600.0,0.0,12600.0
5209,611,615,1,,132,1,2,12000.0,1200.0,22800.0
5210,76,1481,2,3,2697,1,2,12000.0,2400.0,21600.0
5211,258,657,2,4,2739,1,2,10800.0,432.0,21168.0
5212,438,1304,2,4,1072,2,3,15000.0,2250.0,42750.0
5213,615,1438,2,2,1995,2,3,15000.0,0.0,45000.0
5214,615,1438,2,2,1995,1,2,10800.0,432.0,21168.0
5215,187,1275,2,1,,2,2,16500.0,1650.0,31350.0
5216,398,1251,2,4,994,2,2,15000.0,600.0,29400.0
5217,571,439,1,,314,1,1,10800.0,540.0,10260.0
5218,571,439,1,,314,2,2,15000.0,600.0,29400.0
5219,363,1110,1,,1838,1,1,10800.0,216.0,10584.0
5220,363,1110,1,,1838,2,2,13500.0,0.0,27000.0
5221,341,385,2,1,1778,2,1,15000.0,750.0,14250.0
5222,370,1163,2,1,,1,2,10800.0,1080.0,20520.0
5223,259,91,1,,3147,1,2,10800.0,0.0,21600.0
5224,259,91,1,,3147,1,3,10800.0,1620.0,30780.0
5225,259,91,1,,3147,1,2,12000.0,1200.0,22800.0
5226,386,79,1,,1747,1,1,12000.0,1200.0,10800.0
5227,37,724,1,,2542,2,3,15000.0,0.0,45000.0
5228,498,602,1,,872,2,2,13500.0,1350.0,25650.0
5229,473,299,2,3,575,2,2,15000.0,600.0,29400.0
5230,557,879,1,,2135,1,1,12000.0,0.0,12000.0
5231,266,872,2,4,2478,2,1,15000.0,750.0,14250.0
5232,266,872,2,4,2478,1,2,12000.0,2400.0,21600.0
5233,87,1194,1,,136,1,3,12000.0,720.0,35280.0
5234,256,620,1,,2269,2,1,13500.0,675.0,12825.0
5235,594,521,1,,2946,2,3,15000.0,4500.0,40500.0
5236,302,257,2,4,2892,2,3,15000.0,4500.0,40500.0
5237,491,309,2,4,2700,1,3,10800.0,648.0,31752.0
5238,461,974,2,4,2508,2,2,15000.0,600.0,29400.0
5239,461,974,2,4,2508,2,1,15750.0,1575.0,14175.0
5240,522,308,2,1,2183,1,2,12000.0,2400.0,21600.0
5241,304,1418,1,,2030,2,3,15000.0,2250.0,42750.0
5242,349,106,2,2,,1,3,12000.0,0.0,36000.0
5243,325,858,1,,3071,1,2,12000.0,480.0,23520.0
5244,174,41,2,2,541,1,3,10800.0,1620.0,30780.0
5245,62,115,2,1,3114,2,3,15000.0,0.0,45000.0
5246,527,546,1,,2822,1,2,12600.0,504.0,24696.0
5247,527,546,1,,2822,2,2,15000.0,600.0,29400.0
5248,633,686,2,1,2301,2,3,15750.0,2362.5,44887.5
5249,192,831,1,,2478,1,2,12000.0,2400.0,21600.0
5250,186,806,1,,2138,2,2,16500.0,1650.0,31350.0
5251,463,640,2,3,870,1,2,12000.0,0.0,24000.0
5252,603,305,1,,3154,1,2,13200.0,1320.0,25080.0
5253,21,803,1,,314,1,2,10800.0,0.0,21600.0
5254,10,1221,2,3,,1,1,12000.0,1200.0,10800.0
5255,10,1221,2,3,,2,3,13500.0,4050.0,36450.0
5256,3,868,2,1,468,1,2,12000.0,1200.0,22800.0
5257,304,817,1,,130,2,2,15000.0,0.0,30000.0
5258,526,640,1,,2142,2,2,15000.0,1500.0,28500.0
5259,512,991,1,,1449,2,2,15000.0,600.0,29400.0
5260,276,1353,1,,1828,1,1,10800.0,1080.0,9720.0
5261,225,228,1,,2858,2,1,15750.0,1575.0,14175.0
5262,225,228,1,,2858,1,1,12000.0,0.0,12000.0
5263,555,1021,2,2,76,1,2,10800.0,1080.0,20520.0
5264,227,50,1,,2752,1,3,12000.0,0.0,36000.0
5265,34,949,2,2,387,1,2,12000.0,2400.0,21600.0
5266,34,949,2,2,387,1,2,12000.0,480.0,23520.0
5267,347,671,2,4,2411,2,2,15000.0,600.0,29400.0
5268,347,671,2,4,2411,2,2,13500.0,1350.0,25650.0
5269,482,449,1,,642,1,2,12600.0,0.0,25200.0
5270,327,202,1,,2578,2,2,16500.0,1650.0,31350.0
5271,327,202,1,,2578,1,3,12000.0,3600.0,32400.0
5272,360,479,2,3,1277,2,2,15000.0,1500.0,28500.0
5273,474,204,1,,242,1,1,12600.0,1260.0,11340.0
5274,538,539,2,2,625,1,3,10800.0,0.0,32400.0
5275,97,500,2,2,2900,2,3,13500.0,2025.0,38475.0
5276,358,1202,1,,1155,1,3,13200.0,1980.0,37620.0
5277,524,1259,2,3,2810,1,1,13200.0,1320.0,11880.0
5278,524,1259,2,3,2810,1,3,12000.0,1800.0,34200.0
5279,475,397,2,4,1020,2,3,15750.0,2362.5,44887.5
5280,287,787,1,,1583,2,1,13500.0,0.0,13500.0
5281,259,463,2,4,1858,2,1,15000.0,0.0,15000.0
5282,159,1044,2,3,639,2,3,15000.0,4500.0,40500.0
5283,159,1044,2,3,639,1,2,12600.0,1260.0,23940.0
5284,159,1044,2,3,639,1,3,12600.0,756.0,37044.0
5285,276,1154,1,,344,2,1,15000.0,1500.0,13500.0
5286,346,485,1,,323,1,3,12600.0,0.0,37800.0
5287,346,485,1,,323,2,1,15000.0,1500.0,13500.0
5288,264,1070,1,,378,1,1,12000.0,240.0,11760.0
5289,264,1070,1,,378,1,2,12000.0,0.0,24000.0
5290,264,1070,1,,378,2,3,13500.0,2025.0,38475.0
5291,295,415,2,4,598,2,3,16500.0,4950.0,44550.0
5292,18,280,1,,1682,2,3,13500.0,0.0,40500.0
5293,423,1422,2,3,3076,1,2,13200.0,2640.0,23760.0
5294,423,1422,2,3,3076,1,3,12000.0,1800.0,34200.0
5295,38,1245,1,,,2,1,15000.0,0.0,15000.0
5296,637,742,1,,2034,2,2,13500.0,1350.0,25650.0
5297,216,72,1,,1091,2,2,15750.0,0.0,31500.0
5298,216,72,1,,1091,1,3,12000.0,0.0,36000.0
5299,459,15,1,,2444,2,2,15000.0,600.0,29400.0
5300,13,76,1,,1580,1,3,12000.0,3600.0,32400.0
5301,352,935,1,,2000,1,2,12000.0,0.0,24000.0
5302,435,897,1,,2764,2,3,15000.0,900.0,44100.0
5303,247,1265,2,2,2557,2,2,13500.0,1350.0,25650.0
5304,283,835,1,,2495,1,2,12000.0,0.0,24000.0
5305,184,1149,1,,2804,2,1,15000.0,0.0,15000.0
5306,130,1285,1,,,1,3,12000.0,1800.0,34200.0
5307,11,1120,2,4,,2,2,15750.0,630.0,30870.0
5308,252,42,1,,,2,2,15000.0,0.0,30000.0
5309,252,42,1,,,2,1,15000.0,750.0,14250.0
5310,261,1127,1,,2097,2,3,15750.0,4725.0,42525.0
5311,434,578,2,4,3023,1,2,12000.0,1200.0,22800.0
5312,229,28,1,,,2,3,16500.0,0.0,49500.0
5313,378,1201,2,2,367,1,3,13200.0,3960.0,35640.0
5314,632,1041,2,3,2002,1,1,12000.0,240.0,11760.0
5315,56,210,1,,2478,2,1,13500.0,1350.0,12150.0
5316,56,210,1,,2478,2,3,15000.0,2250.0,42750.0
5317,34,649,2,4,2952,2,2,15000.0,0.0,30000.0
5318,34,649,2,4,2952,2,3,15000.0,2250.0,42750.0
5319,34,649,2,4,2952,1,2,12000.0,2400.0,21600.0
5320,580,59,2,3,223,1,3,12000.0,1800.0,34200.0
5321,281,167,2,4,1539,2,2,15750.0,0.0,31500.0
5322,117,1107,1,,,2,2,15000.0,0.0,30000.0
5323,294,181,1,,3172,1,2,12000.0,1200.0,22800.0
5324,294,181,1,,3172,2,1,15000.0,300.0,14700.0
5325,302,1382,2,4,97,1,2,12000.0,480.0,23520.0
5326,595,352,1,,2021,1,2,13200.0,528.0,25872.0
5327,33,606,1,,2793,2,2,15000.0,600.0,29400.0
5328,79,756,2,1,160,1,2,12000.0,0.0,24000.0
5329,79,756,2,1,160,1,1,10800.0,1080.0,9720.0
5330,286,1295,1,,2945,1,2,12000.0,480.0,23520.0
5331,286,1295,1,,2945,1,2,12000.0,0.0,24000.0
5332,286,1295,1,,2945,2,1,15000.0,0.0,15000.0
5333,203,47,1,,560,2,2,15000.0,1500.0,28500.0
5334,237,901,2,4,1396,1,3,12600.0,0.0,37800.0
5335,121,447,2,2,3104,1,1,12000.0,0.0,12000.0
5336,467,914,1,,2793,2,2,15000.0,3000.0,27000.0
5337,367,1462,2,2,2696,2,2,13500.0,540.0,26460.0
5338,279,164,2,2,1377,2,3,16500.0,990.0,48510.0
5339,287,960,1,,1886,1,1,12000.0,240.0,11760.0
5340,416,1001,1,,1134,1,1,10800.0,540.0,10260.0
5341,550,390,2,2,,1,1,12000.0,600.0,11400.0
5342,590,1011,1,,1748,2,2,15000.0,600.0,29400.0
5343,590,1011,1,,1748,1,1,12000.0,600.0,11400.0
5344,204,1369,1,,1727,1,3,12600.0,1890.0,35910.0
5345,453,235,1,,2271,1,3,12000.0,0.0,36000.0
5346,534,458,2,4,2399,2,2,15000.0,3000.0,27000.0
5347,534,458,2,4,2399,2,1,15000.0,1500.0,13500.0
5348,534,458,2,4,2399,2,2,15000.0,1500.0,28500.0
5349,501,1475,2,1,,1,3,10800.0,648.0,31752.0
5350,4,609,1,,,1,1,12000.0,600.0,11400.0
5351,572,668,1,,,2,3,13500.0,4050.0,36450.0
5352,121,789,2,1,2106,1,2,12000.0,0.0,24000.0
5353,574,279,2,1,2223,1,1,12600.0,1260.0,11340.0
5354,401,489,2,2,574,2,1,15000.0,0.0,15000.0
5355,401,489,2,2,574,1,3,12600.0,1890.0,35910.0
5356,474,1388,1,,2370,2,3,13500.0,0.0,40500.0
5357,474,1388,1,,2370,1,1,10800.0,1080.0,9720.0
5358,415,752,1,,2259,2,3,16500.0,0.0,49500.0
5359,288,1217,1,,784,1,3,12000.0,0.0,36000.0
5360,528,1064,1,,1040,1,1,12600.0,0.0,12600.0
5361,528,1064,1,,1040,2,2,15000.0,1500.0,28500.0
5362,507,735,1,,374,2,3,13500.0,0.0,40500.0
5363,424,133,2,4,2691,1,3,12000.0,0.0,36000.0
5364,424,133,2,4,2691,1,2,10800.0,2160.0,19440.0
5365,625,358,1,,2437,1,1,12000.0,1200.0,10800.0
5366,468,1440,1,,,1,1,12000.0,240.0,11760.0
5367,468,1440,1,,,2,2,15000.0,1500.0,28500.0
5368,636,1067,1,,577,2,2,16500.0,1650.0,31350.0
5369,636,1067,1,,577,2,3,15000.0,4500.0,40500.0
5370,422,512,1,,1408,2,3,15000.0,900.0,44100.0
5371,234,434,1,,2588,1,1,10800.0,216.0,10584.0
5372,234,434,1,,2588,1,2,12600.0,504.0,24696.0
5373,329,64,1,,1397,1,1,10800.0,540.0,10260.0
5374,485,485,1,,2093,2,1,15000.0,750.0,14250.0
5375,563,1014,2,3,2097,1,3,12000.0,0.0,36000.0
5376,563,1014,2,3,2097,2,1,15000.0,1500.0,13500.0
5377,482,204,1,,623,2,2,13500.0,0.0,27000.0
5378,37,1491,1,,2080,2,1,15750.0,787.5,14962.5
5379,582,1356,1,,,1,2,12000.0,480.0,23520.0
5380,186,501,1,,671,1,1,12000.0,600.0,11400.0
5381,186,501,1,,671,2,1,13500.0,1350.0,12150.0
5382,42,214,1,,174,2,3,13500.0,2025.0,38475.0
5383,515,340,2,4,254,1,2,13200.0,0.0,26400.0
5384,473,775,2,1,1107,2,3,16500.0,2475.0,47025.0
5385,473,775,2,1,1107,1,2,12000.0,2400.0,21600.0
5386,231,1073,1,,448,2,2,15000.0,0.0,30000.0
5387,629,343,2,3,1994,1,3,10800.0,0.0,32400.0
5388,629,343,2,3,1994,1,1,12000.0,0.0,12000.0
5389,629,343,2,3,1994,2,2,15000.0,600.0,29400.0
5390,516,1119,1,,1312,2,2,15000.0,600.0,29400.0
5391,516,1119,1,,1312,2,3,15000.0,4500.0,40500.0
5392,637,1449,2,2,323,1,2,12000.0,0.0,24000.0
5393,507,51,1,,3204,2,2,15000.0,3000.0,27000.0
5394,504,1292,1,,2104,1,2,12000.0,2400.0,21600.0
5395,504,1292,1,,2104,1,1,12000.0,240.0,11760.0
5396,148,419,1,,,2,2,13500.0,0.0,27000.0
5397,356,985,2,3,197,2,3,15000.0,0.0,45000.0
5398,356,985,2,3,197,1,1,13200.0,264.0,12936.0
5399,16,1327,1,,512,1,2,12000.0,480.0,23520.0
5400,16,1327,1,,512,1,1,12000.0,600.0,11400.0
5401,249,904,1,,647,1,1,12000.0,240.0,11760.0
5402,249,904,1,,647,1,2,13200.0,2640.0,23760.0
5403,138,232,2,4,,1,3,13200.0,1980.0,37620.0
5404,255,759,1,,1697,1,1,10800.0,540.0,10260.0
5405,3,1340,1,,610,2,3,15000.0,0.0,45000.0
5406,338,554,1,,2504,1,3,10800.0,0.0,32400.0
5407,223,1158,1,,1555,1,2,12000.0,0.0,24000.0
5408,70,1163,2,2,2282,1,3,12000.0,1800.0,34200.0
5409,144,1379,1,,916,1,1,12600.0,252.0,12348.0
5410,455,296,1,,1342,1,2,12000.0,0.0,24000.0
5411,455,296,1,,1342,1,2,12600.0,0.0,25200.0
5412,295,236,1,,1756,1,2,10800.0,1080.0,20520.0
5413,295,236,1,,1756,2,1,13500.0,270.0,13230.0
5414,295,236,1,,1756,1,3,12000.0,3600.0,32400.0
5415,618,1394,1,,3168,2,3,15000.0,4500.0,40500.0
5416,618,1394,1,,3168,2,3,16500.0,0.0,49500.0
5417,289,269,2,3,,2,2,16500.0,660.0,32340.0
5418,289,269,2,3,,1,1,12000.0,240.0,11760.0
5419,519,448,1,,2288,2,2,15750.0,3150.0,28350.0
5420,526,1074,1,,2113,1,3,12600.0,3780.0,34020.0
5421,130,1313,1,,424,1,3,12000.0,3600.0,32400.0
5422,376,363,1,,,2,3,15000.0,4500.0,40500.0
5423,624,801,1,,2385,2,3,16500.0,4950.0,44550.0
5424,361,1068,1,,1539,1,3,12000.0,3600.0,32400.0
5425,361,1068,1,,1539,1,2,12000.0,0.0,24000.0
5426,407,333,1,,2261,1,2,12600.0,1260.0,23940.0
5427,268,276,1,,1139,1,2,12000.0,1200.0,22800.0
5428,268,276,1,,1139,1,3,12600.0,3780.0,34020.0
5429,412,481,1,,1040,1,2,13200.0,0.0,26400.0
5430,224,784,1,,1901,2,3,15000.0,2250.0,42750.0
5431,224,784,1,,1901,1,1,12000.0,1200.0,10800.0
5432,552,1451,2,4,,1,1,12600.0,252.0,12348.0
5433,552,1451,2,4,,2,1,15750.0,0.0,15750.0
5434,435,849,2,2,2937,1,2,12000.0,480.0,23520.0
5435,435,849,2,2,2937,1,3,13200.0,0.0,39600.0
5436,59,94,1,,,2,2,15000.0,0.0,30000.0
5437,395,752,1,,1297,1,2,12000.0,2400.0,21600.0
5438,340,624,2,1,2272,1,2,10800.0,1080.0,20520.0
5439,340,624,2,1,2272,2,3,15750.0,0.0,47250.0
5440,340,624,2,1,2272,2,1,13500.0,675.0,12825.0
5441,502,1051,2,1,2613,1,3,12000.0,720.0,35280.0
5442,502,1051,2,1,2613,1,1,12000.0,1200.0,10800.0
5443,210,505,2,2,332,2,1,15000.0,750.0,14250.0
5444,123,127,2,2,732,2,2,15000.0,0.0,30000.0
5445,109,1111,1,,2380,1,3,12000.0,0.0,36000.0
5446,499,652,2,1,981,1,2,12600.0,0.0,25200.0
5447,452,246,1,,1062,1,1,12000.0,600.0,11400.0
5448,452,246,1,,1062,2,3,15000.0,2250.0,42750.0
5449,436,839,1,,218,2,2,15750.0,0.0,31500.0
5450,525,689,2,1,1108,2,1,15000.0,0.0,15000.0
5451,525,689,2,1,1108,2,1,15000.0,750.0,14250.0
5452,84,758,1,,107,1,3,12000.0,1800.0,34200.0
5453,457,500,2,3,992,1,2,12000.0,480.0,23520.0
5454,144,1262,1,,2205,1,2,12000.0,2400.0,21600.0
5455,326,415,2,4,2639,1,2,12000.0,2400.0,21600.0
5456,14,51,1,,303,2,1,13500.0,0.0,13500.0
5457,380,352,2,1,3057,1,2,12000.0,2400.0,21600.0
5458,63,653,2,1,1283,1,2,12000.0,0.0,24000.0
5459,63,653,2,1,1283,1,1,10800.0,1080.0,9720.0
5460,63,653,2,1,1283,2,1,15000.0,750.0,14250.0
5461,145,223,1,,33,1,3,12000.0,1800.0,34200.0
5462,557,1275,2,1,543,1,2,12000.0,480.0,23520.0
5463,268,522,2,1,3132,1,1,12000.0,600.0,11400.0
5464,268,522,2,1,3132,2,2,15000.0,3000.0,27000.0
5465,496,1496,1,,,2,3,15000.0,4500.0,40500.0
5466,191,879,2,1,350,1,3,12000.0,0.0,36000.0
5467,393,1230,2,1,2640,2,3,16500.0,0.0,49500.0
5468,393,1230,2,1,2640,1,2,12000.0,1200.0,22800.0
5469,297,577,1,,1036,1,3,12600.0,3780.0,34020.0
5470,564,822,1,,2974,2,1,15000.0,0.0,15000.0
5471,564,822,1,,2974,2,2,13500.0,1350.0,25650.0
5472,245,1431,1,,1429,2,1,15000.0,1500.0,13500.0
5473,375,248,1,,242,2,2,15750.0,1575.0,29925.0
5474,375,248,1,,242,2,1,15000.0,1500.0,13500.0
5475,375,248,1,,242,2,1,16500.0,0.0,16500.0
5476,78,1278,1,,2008,1,1,12000.0,1200.0,10800.0
5477,142,392,2,4,1037,1,2,12000.0,480.0,23520.0
5478,459,460,2,3,1007,2,3,15750.0,4725.0,42525.0
5479,502,1347,2,1,780,2,1,16500.0,825.0,15675.0
5480,502,1347,2,1,780,2,1,16500.0,330.0,16170.0
5481,246,534,2,4,1858,1,3,12600.0,0.0,37800.0
5482,246,534,2,4,1858,2,1,16500.0,1650.0,14850.0
5483,217,1166,1,,1713,1,2,12000.0,480.0,23520.0
5484,127,1246,2,4,36,1,2,10800.0,2160.0,19440.0
5485,94,412,2,3,2,1,1,12000.0,1200.0,10800.0
5486,581,1026,1,,,2,1,15000.0,300.0,14700.0
5487,581,1026,1,,,2,3,15000.0,0.0,45000.0
5488,179,1249,2,2,1352,1,3,12000.0,3600.0,32400.0
5489,372,47,2,1,2268,2,1,15000.0,750.0,14250.0
5490,372,47,2,1,2268,2,3,15000.0,0.0,45000.0
5491,372,47,2,1,2268,2,3,15750.0,2362.5,44887.5
5492,197,488,1,,2815,1,2,12000.0,1200.0,22800.0
5493,306,771,2,1,2394,1,3,10800.0,0.0,32400.0
5494,638,872,1,,3145,1,2,12600.0,0.0,25200.0
5495,205,339,1,,163,1,3,12000.0,1800.0,34200.0
5496,205,339,1,,163,1,2,12000.0,0.0,24000.0
5497,12,344,2,1,2775,1,3,12000.0,1800.0,34200.0
5498,452,533,2,4,1202,1,3,10800.0,3240.0,29160.0
5499,452,533,2,4,1202,2,1,13500.0,1350.0,12150.0
5500,603,893,2,1,1683,1,2,10800.0,432.0,21168.0
5501,196,489,2,4,986,1,3,12600.0,1890.0,35910.0
5502,196,489,2,4,986,1,1,10800.0,216.0,10584.0
5503,196,489,2,4,986,2,1,15000.0,1500.0,13500.0
5504,593,1410,2,4,1181,1,3,12000.0,1800.0,34200.0
5505,593,1410,2,4,1181,1,1,12000.0,1200.0,10800.0
5506,101,106,2,2,2440,1,2,12000.0,2400.0,21600.0
5507,101,106,2,2,2440,2,1,13500.0,675.0,12825.0
5508,399,243,2,3,1249,2,2,15000.0,0.0,30000.0
5509,399,243,2,3,1249,2,1,15000.0,750.0,14250.0
5510,112,1114,2,4,2989,2,1,15000.0,300.0,14700.0
5511,112,1114,2,4,2989,1,1,12000.0,240.0,11760.0
5512,113,1406,2,3,508,2,3,15750.0,2362.5,44887.5
5513,113,1406,2,3,508,2,3,15000.0,0.0,45000.0
5514,437,575,1,,820,1,2,12000.0,480.0,23520.0
5515,335,473,2,4,1445,2,1,15000.0,1500.0,13500.0
5516,555,1031,2,1,1767,1,2,12000.0,1200.0,22800.0
5517,165,1385,1,,2725,1,2,12000.0,480.0,23520.0
5518,165,1385,1,,2725,2,3,15000.0,900.0,44100.0
5519,68,1190,1,,2075,1,1,12000.0,600.0,11400.0
5520,51,1470,2,2,601,2,2,15000.0,600.0,29400.0
5521,353,387,1,,362,1,3,10800.0,648.0,31752.0
5522,292,162,2,2,891,2,3,15000.0,4500.0,40500.0
5523,282,294,1,,2909,2,2,15000.0,3000.0,27000.0
5524,282,294,1,,2909,1,2,12000.0,0.0,24000.0
5525,282,294,1,,2909,2,2,13500.0,1350.0,25650.0
5526,113,947,2,1,1768,2,2,15000.0,1500.0,28500.0
5527,215,930,1,,1817,2,3,15000.0,900.0,44100.0
5528,527,1016,2,4,2716,2,3,15000.0,0.0,45000.0
5529,420,627,2,1,2187,1,2,12000.0,0.0,24000.0
5530,74,691,1,,2772,2,2,15000.0,600.0,29400.0
5531,439,1185,1,,796,2,2,13500.0,0.0,27000.0
5532,439,1185,1,,796,1,3,12000.0,1800.0,34200.0
5533,359,409,1,,1957,1,3,12000.0,1800.0,34200.0
5534,231,611,1,,2970,1,2,10800.0,1080.0,20520.0
5535,615,876,1,,391,2,3,15000.0,4500.0,40500.0
5536,205,11,1,,1482,2,2,15000.0,1500.0,28500.0
5537,495,1103,1,,832,2,3,16500.0,4950.0,44550.0
5538,100,931,1,,1900,1,1,12000.0,0.0,12000.0
5539,464,1132,1,,1052,1,3,12000.0,3600.0,32400.0
5540,187,1487,1,,,2,1,13500.0,675.0,12825.0
5541,187,1487,1,,,1,1,10800.0,216.0,10584.0
5542,309,171,1,,790,1,1,12600.0,1260.0,11340.0
5543,516,529,1,,616,1,1,12000.0,600.0,11400.0
5544,597,433,1,,788,2,1,13500.0,0.0,13500.0
5545,29,461,1,,1431,1,2,12000.0,1200.0,22800.0
5546,623,1172,2,2,1185,2,2,16500.0,3300.0,29700.0
5547,616,816,1,,242,2,2,15000.0,600.0,29400.0
5548,616,816,1,,242,1,1,12000.0,0.0,12000.0
5549,538,1032,1,,303,1,2,13200.0,528.0,25872.0
5550,501,1261,1,,2199,2,3,15750.0,4725.0,42525.0
5551,501,1261,1,,2199,1,3,12600.0,1890.0,35910.0
5552,88,348,1,,2931,1,3,13200.0,792.0,38808.0
5553,332,436,2,4,2759,2,1,13500.0,0.0,13500.0
5554,546,604,1,,1681,2,3,15750.0,2362.5,44887.5
5555,254,615,1,,1607,2,3,15000.0,4500.0,40500.0
5556,55,361,1,,791,1,3,12600.0,756.0,37044.0
5557,47,855,1,,1080,2,2,13500.0,540.0,26460.0
5558,47,855,1,,1080,2,3,15000.0,0.0,45000.0
5559,582,1018,1,,558,2,1,13500.0,270.0,13230.0
5560,461,212,2,2,1237,2,1,16500.0,330.0,16170.0
5561,461,212,2,2,1237,2,2,15000.0,3000.0,27000.0
5562,461,212,2,2,1237,2,1,15750.0,0.0,15750.0
5563,214,359,1,,1030,1,1,12000.0,240.0,11760.0
5564,102,1322,1,,1164,2,2,15000.0,1500.0,28500.0
5565,102,1322,1,,1164,2,3,15750.0,4725.0,42525.0
5566,476,271,1,,1656,2,1,13500.0,270.0,13230.0
5567,476,271,1,,1656,2,2,15000.0,3000.0,27000.0
5568,476,271,1,,1656,2,2,15000.0,0.0,30000.0
5569,407,369,1,,168,2,1,15000.0,1500.0,13500.0
5570,611,670,1,,1696,1,2,12600.0,0.0,25200.0
5571,611,670,1,,1696,1,1,12000.0,600.0,11400.0
5572,319,510,1,,,1,1,12000.0,600.0,11400.0
5573,453,274,2,4,1684,1,1,12000.0,0.0,12000.0
5574,498,1490,2,2,1472,2,3,15000.0,900.0,44100.0
5575,15,469,2,1,2204,2,1,15000.0,750.0,14250.0
5576,115,1012,1,,2328,1,2,12000.0,1200.0,22800.0
5577,115,1012,1,,2328,1,3,12600.0,0.0,37800.0
5578,115,1012,1,,2328,2,2,15000.0,3000.0,27000.0
5579,28,1318,1,,2770,1,3,12000.0,720.0,35280.0
5580,141,1081,1,,2404,2,1,15000.0,1500.0,13500.0
5581,282,495,2,1,931,1,1,12000.0,240.0,11760.0
5582,45,480,2,4,2817,1,2,10800.0,0.0,21600.0
5583,45,480,2,4,2817,1,3,12600.0,1890.0,35910.0
5584,213,1236,2,2,1424,2,1,15750.0,315.0,15435.0
5585,325,1237,1,,2682,1,2,12000.0,1200.0,22800.0
5586,325,1237,1,,2682,2,2,13500.0,2700.0,24300.0
5587,100,147,2,1,1928,2,1,15000.0,300.0,14700.0
5588,100,147,2,1,1928,1,2,12000.0,2400.0,21600.0
5589,266,1126,2,4,1390,2,1,15000.0,0.0,15000.0
5590,588,201,2,2,2698,1,3,12000.0,3600.0,32400.0
5591,515,569,1,,2254,2,3,15000.0,2250.0,42750.0
5592,15,1255,1,,1205,1,1,12000.0,600.0,11400.0
5593,266,392,1,,1645,1,3,12600.0,0.0,37800.0
5594,90,649,2,4,2339,1,1,12000.0,0.0,12000.0
5595,555,1270,1,,2071,2,3,13500.0,810.0,39690.0
5596,322,1230,1,,2652,2,2,15000.0,600.0,29400.0
5597,365,433,1,,1359,1,2,12000.0,2400.0,21600.0
5598,397,403,1,,2837,2,2,15000.0,3000.0,27000.0
5599,16,967,1,,2749,1,2,12000.0,1200.0,22800.0
5600,524,1048,2,1,,2,2,15000.0,0.0,30000.0
5601,563,651,2,1,557,1,1,13200.0,264.0,12936.0
5602,563,651,2,1,557,1,3,12000.0,3600.0,32400.0
5603,494,552,2,1,465,1,1,12000.0,600.0,11400.0
5604,494,552,2,1,465,1,3,13200.0,792.0,38808.0
5605,409,724,1,,,2,3,15000.0,2250.0,42750.0
5606,312,308,1,,1185,2,3,15000.0,4500.0,40500.0
5607,474,298,2,4,2910,1,2,10800.0,432.0,21168.0
5608,158,324,1,,,1,3,12000.0,720.0,35280.0
5609,202,1340,2,3,1431,1,3,12000.0,1800.0,34200.0
5610,202,1340,2,3,1431,1,3,12600.0,1890.0,35910.0
5611,107,981,1,,311,2,2,15000.0,1500.0,28500.0
5612,229,1432,2,4,260,1,1,12000.0,600.0,11400.0
5613,350,950,1,,,2,3,15000.0,0.0,45000.0
5614,626,487,1,,2636,2,3,15000.0,4500.0,40500.0
5615,2,1311,1,,23,1,1,12600.0,0.0,12600.0
5616,491,768,1,,520,2,2,15000.0,0.0,30000.0
5617,491,768,1,,520,1,1,12000.0,1200.0,10800.0
5618,297,189,2,2,889,2,3,13500.0,4050.0,36450.0
5619,7,1111,1,,317,2,2,15750.0,630.0,30870.0
5620,558,1272,1,,2431,1,3,12000.0,720.0,35280.0
5621,558,1272,1,,2431,1,2,12000.0,480.0,23520.0
5622,558,1272,1,,2431,1,3,12600.0,3780.0,34020.0
5623,239,1034,2,1,2314,2,1,15000.0,0.0,15000.0
5624,239,1034,2,1,2314,1,3,12600.0,0.0,37800.0
5625,298,996,2,4,686,2,3,13500.0,4050.0,36450.0
5626,298,996,2,4,686,2,2,13500.0,1350.0,25650.0
5627,515,1368,2,3,1762,1,3,12000.0,0.0,36000.0
5628,487,285,1,,442,1,2,10800.0,1080.0,20520.0
5629,306,1000,2,3,,2,2,15000.0,3000.0,27000.0
5630,166,978,2,1,,2,2,15000.0,600.0,29400.0
5631,109,1255,2,3,408,1,3,12000.0,1800.0,34200.0
5632,576,155,1,,158,2,1,15000.0,0.0,15000.0
5633,576,155,1,,158,2,3,13500.0,4050.0,36450.0
5634,486,64,1,,2724,2,2,13500.0,2700.0,24300.0
5635,85,906,1,,2024,2,2,15000.0,1500.0,28500.0
5636,85,906,1,,2024,1,3,12000.0,0.0,36000.0
5637,259,257,1,,403,1,3,12000.0,0.0,36000.0
5638,581,850,1,,,1,2,12000.0,1200.0,22800.0
5639,119,1287,2,2,432,1,3,10800.0,3240.0,29160.0
5640,430,14,1,,775,2,2,15000.0,1500.0,28500.0
5641,430,14,1,,775,2,2,15000.0,1500.0,28500.0
5642,357,142,1,,2749,1,1,12000.0,240.0,11760.0
5643,357,142,1,,2749,2,3,13500.0,810.0,39690.0
5644,357,142,1,,2749,1,2,10800.0,432.0,21168.0
5645,319,190,1,,2855,1,3,12000.0,3600.0,32400.0
5646,36,747,1,,1653,1,1,10800.0,216.0,10584.0
5647,401,401,1,,2401,2,1,15000.0,0.0,15000.0
5648,509,1306,2,2,,1,3,10800.0,3240.0,29160.0
5649,509,1306,2,2,,1,3,12600.0,0.0,37800.0
5650,8,677,1,,627,1,1,12000.0,240.0,11760.0
5651,578,236,1,,955,2,3,15000.0,2250.0,42750.0
5652,271,1420,1,,1370,2,3,16500.0,2475.0,47025.0
5653,620,197,1,,2386,2,1,15750.0,787.5,14962.5
5654,310,428,1,,2649,2,2,16500.0,1650.0,31350.0
5655,394,1304,2,2,711,2,3,15000.0,0.0,45000.0
5656,235,1398,2,2,676,2,3,15000.0,0.0,45000.0
5657,235,1398,2,2,676,1,1,12000.0,0.0,12000.0
5658,572,1159,1,,1716,2,2,15000.0,1500.0,28500.0
5659,309,996,1,,135,2,2,15000.0,600.0,29400.0
5660,43,988,1,,2649,2,1,15000.0,300.0,14700.0
5661,245,824,1,,2449,2,3,15000.0,2250.0,42750.0
5662,208,900,1,,2279,2,3,15000.0,900.0,44100.0
5663,465,800,2,1,1144,1,1,10800.0,0.0,10800.0
5664,229,869,2,3,1256,2,2,15000.0,1500.0,28500.0
5665,338,1262,2,2,441,1,3,12000.0,3600.0,32400.0
5666,338,1262,2,2,441,2,3,15750.0,2362.5,44887.5
5667,338,1262,2,2,441,1,3,12000.0,1800.0,34200.0
5668,236,915,2,2,763,1,2,12000.0,1200.0,22800.0
5669,236,915,2,2,763,2,1,15000.0,750.0,14250.0
5670,602,255,1,,489,2,3,16500.0,2475.0,47025.0
5671,388,254,1,,1828,1,1,10800.0,216.0,10584.0
5672,388,254,1,,1828,2,3,15000.0,900.0,44100.0
5673,204,563,2,2,2498,2,2,15750.0,1575.0,29925.0
5674,595,1151,2,2,1065,2,3,15750.0,4725.0,42525.0
5675,496,542,1,,2238,1,1,12000.0,1200.0,10800.0
5676,496,542,1,,2238,1,2,12000.0,0.0,24000.0
5677,496,542,1,,2238,1,1,12000.0,1200.0,10800.0
5678,212,80,2,3,1310,2,1,15750.0,1575.0,14175.0
5679,212,80,2,3,1310,2,3,16500.0,0.0,49500.0
5680,532,429,1,,2870,1,2,12000.0,0.0,24000.0
5681,454,1455,2,3,1006,1,2,10800.0,0.0,21600.0
5682,115,805,1,,884,1,1,12600.0,252.0,12348.0
5683,115,805,1,,884,1,3,12000.0,3600.0,32400.0
5684,115,805,1,,884,2,1,15000.0,1500.0,13500.0
5685,37,711,1,,2181,2,2,15000.0,3000.0,27000.0
5686,37,711,1,,2181,2,1,15750.0,315.0,15435.0
5687,380,123,1,,1154,1,1,12600.0,1260.0,11340.0
5688,454,969,2,1,401,1,2,12000.0,480.0,23520.0
5689,336,612,2,1,,1,2,12600.0,2520.0,22680.0
5690,336,612,2,1,,2,3,15000.0,0.0,45000.0
5691,55,850,1,,2187,1,1,12000.0,1200.0,10800.0
5692,291,58,2,2,2522,2,2,15000.0,1500.0,28500.0
5693,619,440,1,,1980,2,3,15000.0,0.0,45000.0
5694,364,477,1,,586,2,1,15000.0,750.0,14250.0
5695,261,328,1,,103,1,2,12000.0,0.0,24000.0
5696,144,64,2,4,114,1,1,12600.0,630.0,11970.0
5697,242,9,1,,2248,2,2,15000.0,1500.0,28500.0
5698,55,1018,1,,665,1,2,10800.0,2160.0,19440.0
5699,406,887,1,,3102,2,1,16500.0,330.0,16170.0
5700,565,809,1,,2294,1,2,12600.0,2520.0,22680.0
5701,269,187,1,,158,2,2,15750.0,0.0,31500.0
5702,64,594,2,3,,2,3,13500.0,4050.0,36450.0
5703,572,1416,1,,997,2,2,15000.0,3000.0,27000.0
5704,572,1416,1,,997,1,2,12000.0,0.0,24000.0
5705,428,698,2,2,1689,2,2,15000.0,1500.0,28500.0
5706,26,869,1,,267,1,1,12000.0,240.0,11760.0
5707,503,823,1,,1610,1,3,10800.0,1620.0,30780.0
5708,371,170,1,,2041,1,2,12600.0,504.0,24696.0
5709,371,170,1,,2041,1,2,12000.0,0.0,24000.0
5710,547,1022,2,2,2631,2,1,15000.0,300.0,14700.0
5711,168,946,1,,926,2,1,15000.0,1500.0,13500.0
5712,168,946,1,,926,2,1,16500.0,330.0,16170.0
5713,168,946,1,,926,2,2,15000.0,3000.0,27000.0
5714,336,1273,2,1,1545,1,2,12000.0,0.0,24000.0
5715,584,752,2,4,2521,2,1,15000.0,750.0,14250.0
5716,562,338,1,,2331,2,3,15000.0,900.0,44100.0
5717,172,1223,1,,2987,1,1,12600.0,252.0,12348.0
5718,291,1014,2,4,1980,2,2,15000.0,0.0,30000.0
5719,291,1014,2,4,1980,2,2,13500.0,0.0,27000.0
5720,192,1204,2,1,1836,2,3,15000.0,2250.0,42750.0
5721,79,227,1,,1812,2,2,15000.0,1500.0,28500.0
5722,506,54,1,,3031,1,3,12000.0,0.0,36000.0
5723,119,1095,2,2,278,2,1,15000.0,750.0,14250.0
5724,133,955,1,,1172,1,2,12000.0,1200.0,22800.0
5725,200,756,1,,,2,2,13500.0,1350.0,25650.0
5726,148,999,1,,1963,2,2,13500.0,0.0,27000.0
5727,581,628,2,3,68,2,3,13500.0,4050.0,36450.0
5728,427,29,1,,763,1,1,12600.0,0.0,12600.0
5729,412,892,2,3,870,1,3,12600.0,756.0,37044.0
5730,412,892,2,3,870,2,1,15000.0,0.0,15000.0
5731,122,1280,2,4,2826,2,1,15750.0,787.5,14962.5
5732,53,1129,1,,1778,2,3,16500.0,4950.0,44550.0
5733,566,782,1,,,2,2,16500.0,0.0,33000.0
5734,566,782,1,,,2,3,15750.0,945.0,46305.0
5735,566,782,1,,,1,2,12000.0,0.0,24000.0
5736,341,1038,1,,2145,1,1,12000.0,0.0,12000.0
5737,341,1038,1,,2145,2,1,15750.0,315.0,15435.0
5738,383,790,2,1,2650,2,3,13500.0,2025.0,38475.0
5739,383,790,2,1,2650,1,3,12000.0,720.0,35280.0
5740,42,1430,2,4,1140,2,3,15750.0,945.0,46305.0
5741,97,85,1,,2282,1,1,12000.0,600.0,11400.0
5742,97,85,1,,2282,1,1,12000.0,240.0,11760.0
5743,340,15,1,,546,2,1,15750.0,787.5,14962.5
5744,340,15,1,,546,2,3,15750.0,4725.0,42525.0
5745,328,72,1,,1307,2,3,15750.0,0.0,47250.0
5746,40,636,2,4,2046,1,3,12600.0,0.0,37800.0
5747,518,1089,1,,56,2,3,13500.0,0.0,40500.0
5748,518,1089,1,,56,1,2,12000.0,0.0,24000.0
5749,415,791,1,,2763,1,1,12000.0,1200.0,10800.0
5750,359,144,2,1,1950,2,2,16500.0,0.0,33000.0
5751,117,1195,1,,279,2,2,13500.0,2700.0,24300.0
5752,398,901,1,,980,1,2,10800.0,432.0,21168.0
5753,9,1320,2,2,1047,1,1,13200.0,1320.0,11880.0
5754,263,306,1,,884,1,1,12600.0,630.0,11970.0
5755,132,28,2,1,1801,1,2,12600.0,1260.0,23940.0
5756,325,884,2,4,791,2,3,15000.0,900.0,44100.0
5757,107,382,2,3,355,1,3,12000.0,0.0,36000.0
5758,107,382,2,3,355,2,2,16500.0,660.0,32340.0
5759,250,1286,2,1,2645,2,1,16500.0,330.0,16170.0
5760,347,156,2,1,540,2,1,15000.0,1500.0,13500.0
5761,347,156,2,1,540,1,2,12600.0,2520.0,22680.0
5762,232,1119,1,,156,1,3,12000.0,3600.0,32400.0
5763,188,1395,2,2,1286,2,2,13500.0,1350.0,25650.0
5764,568,402,1,,1086,1,1,12600.0,630.0,11970.0
5765,338,981,1,,540,1,1,13200.0,264.0,12936.0
5766,44,1247,1,,953,1,3,12600.0,756.0,37044.0
5767,44,1247,1,,953,1,1,12000.0,0.0,12000.0
5768,386,770,1,,2815,2,3,15000.0,2250.0,42750.0
5769,424,1304,2,1,3179,1,2,10800.0,0.0,21600.0
5770,325,1486,1,,2973,2,1,16500.0,0.0,16500.0
5771,373,475,2,2,1408,1,1,10800.0,540.0,10260.0
5772,529,305,2,2,629,2,1,15000.0,300.0,14700.0
5773,529,305,2,2,629,1,1,12600.0,0.0,12600.0
5774,293,1484,2,1,1664,1,1,12000.0,1200.0,10800.0
5775,293,1484,2,1,1664,2,1,13500.0,0.0,13500.0
5776,171,829,1,,239,2,2,16500.0,1650.0,31350.0
5777,430,1373,1,,2544,2,2,15000.0,600.0,29400.0
5778,630,539,1,,,1,1,12000.0,1200.0,10800.0
5779,121,1388,1,,1807,2,1,15000.0,300.0,14700.0
5780,249,475,1,,2594,1,2,12600.0,0.0,25200.0
5781,192,1441,1,,546,1,1,12000.0,600.0,11400.0
5782,98,1252,2,2,2952,1,1,13200.0,264.0,12936.0
5783,98,1252,2,2,2952,1,2,12000.0,0.0,24000.0
5784,227,384,1,,1810,1,3,12000.0,1800.0,34200.0
5785,379,329,2,3,1563,1,2,12000.0,0.0,24000.0
5786,49,542,1,,1328,2,2,16500.0,1650.0,31350.0
5787,249,139,1,,66,2,2,15000.0,0.0,30000.0
5788,249,139,1,,66,2,2,15000.0,0.0,30000.0
5789,271,936,2,4,2202,1,2,12600.0,0.0,25200.0
5790,271,936,2,4,2202,1,2,13200.0,1320.0,25080.0
5791,384,547,2,3,877,2,2,15000.0,600.0,29400.0
5792,583,378,1,,962,2,1,16500.0,330.0,16170.0
5793,31,37,1,,2538,2,1,15000.0,0.0,15000.0
5794,310,1467,1,,2530,1,1,10800.0,1080.0,9720.0
5795,310,1467,1,,2530,2,3,15750.0,945.0,46305.0
5796,310,1113,2,2,635,1,3,12000.0,720.0,35280.0
5797,310,1113,2,2,635,2,2,15000.0,1500.0,28500.0
5798,310,1113,2,2,635,1,1,12600.0,252.0,12348.0
5799,11,450,1,,227,2,1,15000.0,1500.0,13500.0
5800,278,822,1,,2200,1,2,12000.0,0.0,24000.0
5801,82,155,1,,,1,3,12000.0,1800.0,34200.0
5802,82,155,1,,,2,1,15000.0,750.0,14250.0
5803,56,1307,1,,2055,2,2,15750.0,630.0,30870.0
5804,56,1307,1,,2055,1,1,12600.0,630.0,11970.0
5805,559,112,1,,,1,2,12000.0,0.0,24000.0
5806,110,1089,1,,1239,2,2,15000.0,3000.0,27000.0
5807,78,1321,2,4,940,2,1,16500.0,330.0,16170.0
5808,170,611,1,,850,1,3,12000.0,1800.0,34200.0
5809,170,611,1,,850,2,3,15000.0,4500.0,40500.0
5810,46,168,1,,1894,2,1,15000.0,1500.0,13500.0
5811,510,851,1,,,1,2,10800.0,432.0,21168.0
5812,510,851,1,,,1,2,12000.0,1200.0,22800.0
5813,247,626,1,,1926,1,3,12000.0,720.0,35280.0
5814,247,626,1,,1926,1,2,12600.0,1260.0,23940.0
5815,247,626,1,,1926,2,1,15000.0,300.0,14700.0
5816,211,1459,1,,119,1,3,12000.0,1800.0,34200.0
5817,314,1290,1,,191,2,2,15000.0,0.0,30000.0
5818,288,1340,2,1,,1,3,12000.0,1800.0,34200.0
5819,386,943,1,,402,1,3,12000.0,720.0,35280.0
5820,386,943,1,,402,2,2,16500.0,3300.0,29700.0
5821,386,943,1,,402,2,2,15000.0,0.0,30000.0
5822,612,99,1,,2012,1,3,12000.0,720.0,35280.0
5823,398,704,1,,2035,1,1,10800.0,1080.0,9720.0
5824,497,1248,1,,,1,2,12600.0,504.0,24696.0
5825,467,507,2,2,3127,2,1,15000.0,300.0,14700.0
5826,194,37,1,,566,1,3,12000.0,1800.0,34200.0
5827,476,1090,2,1,225,2,3,16500.0,990.0,48510.0
5828,476,1090,2,1,225,2,1,15000.0,1500.0,13500.0
5829,350,23,1,,3075,1,1,10800.0,1080.0,9720.0
5830,350,23,1,,3075,2,3,13500.0,2025.0,38475.0
5831,330,959,1,,203,1,3,12600.0,1890.0,35910.0
5832,464,819,2,1,,2,1,15000.0,300.0,14700.0
5833,565,927,2,1,1331,2,2,15000.0,600.0,29400.0
5834,565,927,2,1,1331,1,3,12000.0,0.0,36000.0
5835,136,860,2,3,3143,2,2,15000.0,0.0,30000.0
5836,478,1189,2,1,2638,2,1,15000.0,750.0,14250.0
5837,478,1189,2,1,2638,1,1,12600.0,252.0,12348.0
5838,148,916,1,,1989,2,1,15000.0,300.0,14700.0
5839,639,292,1,,2598,2,2,15000.0,0.0,30000.0
5840,412,488,2,1,,2,2,16500.0,3300.0,29700.0
5841,364,536,1,,3168,2,1,16500.0,825.0,15675.0
5842,278,1237,1,,1013,2,3,13500.0,2025.0,38475.0
5843,386,1023,2,3,402,2,2,15000.0,600.0,29400.0
5844,386,1023,2,3,402,2,3,15000.0,4500.0,40500.0
5845,195,1234,1,,482,1,3,12000.0,720.0,35280.0
5846,566,245,1,,3047,1,3,10800.0,1620.0,30780.0
5847,254,298,2,1,685,1,2,12000.0,0.0,24000.0
5848,58,36,1,,2365,1,2,12600.0,504.0,24696.0
5849,405,1262,1,,2607,2,1,15000.0,0.0,15000.0
5850,405,1262,1,,2607,1,1,10800.0,540.0,10260.0
5851,262,518,1,,167,1,2,12000.0,0.0,24000.0
5852,562,882,2,1,,2,1,13500.0,1350.0,12150.0
5853,559,301,1,,1371,1,2,10800.0,0.0,21600.0
5854,531,1159,2,2,2953,2,2,15000.0,600.0,29400.0
5855,425,605,1,,1970,2,1,13500.0,675.0,12825.0
5856,425,605,1,,1970,1,1,12000.0,1200.0,10800.0
5857,52,55,1,,1526,1,3,12000.0,0.0,36000.0
5858,409,1126,1,,703,1,2,12000.0,1200.0,22800.0
5859,82,449,1,,1033,1,3,10800.0,0.0,32400.0
5860,553,1424,1,,3035,2,2,15750.0,3150.0,28350.0
5861,123,68,2,3,460,1,3,12000.0,0.0,36000.0
5862,457,303,1,,345,2,2,15750.0,1575.0,29925.0
5863,196,1338,2,2,843,2,2,16500.0,3300.0,29700.0
5864,369,1256,2,3,,1,1,10800.0,1080.0,9720.0
5865,255,1111,1,,262,2,1,15750.0,0.0,15750.0
5866,255,1111,1,,262,2,2,15000.0,1500.0,28500.0
5867,581,1487,1,,1686,2,3,15000.0,900.0,44100.0
5868,462,715,1,,228,2,2,15000.0,600.0,29400.0
5869,391,818,1,,2900,2,2,15000.0,600.0,29400.0
5870,191,1365,1,,2911,1,2,12000.0,2400.0,21600.0
5871,191,1365,1,,2911,2,3,15000.0,0.0,45000.0
5872,150,1465,1,,2131,1,2,12600.0,504.0,24696.0
5873,493,1215,1,,1447,1,3,10800.0,1620.0,30780.0
5874,564,522,1,,1534,2,1,15750.0,0.0,15750.0
5875,145,943,1,,2979,1,2,12000.0,2400.0,21600.0
5876,145,943,1,,2979,2,1,16500.0,0.0,16500.0
5877,145,943,1,,2979,1,2,10800.0,1080.0,20520.0
5878,623,358,1,,3087,2,1,15000.0,0.0,15000.0
5879,49,253,2,1,933,2,2,15750.0,0.0,31500.0
5880,307,96,1,,,2,2,16500.0,0.0,33000.0
5881,183,335,2,3,,2,2,15000.0,3000.0,27000.0
5882,267,166,2,1,834,1,1,12000.0,0.0,12000.0
5883,370,606,1,,1920,1,1,12600.0,252.0,12348.0
5884,583,1198,1,,2933,1,3,10800.0,0.0,32400.0
5885,565,981,2,1,1050,1,2,12000.0,480.0,23520.0
5886,565,981,2,1,1050,1,2,10800.0,0.0,21600.0
5887,457,85,1,,1678,1,1,12600.0,0.0,12600.0
5888,158,644,2,3,637,1,2,12000.0,480.0,23520.0
5889,158,644,2,3,637,2,2,15000.0,3000.0,27000.0
5890,465,227,1,,2123,1,2,12000.0,480.0,23520.0
5891,335,491,1,,1581,2,3,13500.0,810.0,39690.0
5892,27,96,1,,1065,1,3,12000.0,3600.0,32400.0
5893,27,96,1,,1065,2,2,15000.0,600.0,29400.0
5894,27,96,1,,1065,1,1,12600.0,0.0,12600.0
5895,468,1233,2,1,1057,1,1,10800.0,216.0,10584.0
5896,589,581,1,,,1,3,10800.0,3240.0,29160.0
5897,427,1044,1,,1970,1,1,12600.0,1260.0,11340.0
5898,163,501,1,,2490,2,1,15000.0,1500.0,13500.0
5899,502,733,1,,357,2,2,13500.0,0.0,27000.0
5900,28,298,1,,2730,1,1,13200.0,660.0,12540.0
5901,28,298,1,,2730,1,1,12600.0,630.0,11970.0
5902,538,858,1,,1072,2,3,15000.0,0.0,45000.0
5903,75,689,2,2,3189,2,3,15750.0,945.0,46305.0
5904,30,331,1,,2152,2,3,15750.0,2362.5,44887.5
5905,30,331,1,,2152,1,1,12000.0,240.0,11760.0
5906,575,1134,1,,2050,2,3,13500.0,0.0,40500.0
5907,48,638,1,,1335,2,2,15750.0,630.0,30870.0
5908,48,638,1,,1335,1,1,12000.0,240.0,11760.0
5909,460,499,2,1,940,2,3,15000.0,0.0,45000.0
5910,268,588,1,,2178,1,3,12000.0,0.0,36000.0
5911,497,716,2,1,714,2,2,15000.0,0.0,30000.0
5912,497,716,2,1,714,1,3,13200.0,1980.0,37620.0
5913,254,495,2,4,98,2,3,15000.0,0.0,45000.0
5914,254,495,2,4,98,1,2,12000.0,0.0,24000.0
5915,254,495,2,4,98,1,1,12000.0,1200.0,10800.0
5916,486,1370,1,,128,1,1,10800.0,0.0,10800.0
5917,486,1370,1,,128,1,2,12000.0,1200.0,22800.0
5918,486,1370,1,,128,1,1,12000.0,600.0,11400.0
5919,480,617,1,,1046,1,3,12000.0,3600.0,32400.0
5920,480,617,1,,1046,1,3,12000.0,0.0,36000.0
5921,442,246,1,,710,2,1,13500.0,675.0,12825.0
5922,531,208,1,,,2,3,15000.0,900.0,44100.0
5923,127,732,1,,295,1,3,13200.0,3960.0,35640.0
5924,587,61,1,,2922,1,2,12000.0,2400.0,21600.0
5925,587,61,1,,2922,2,2,15000.0,600.0,29400.0
5926,587,61,1,,2922,1,3,12000.0,1800.0,34200.0
5927,412,546,1,,,1,1,10800.0,540.0,10260.0
5928,621,973,1,,462,2,3,15000.0,2250.0,42750.0
5929,34,1058,2,2,2436,1,2,10800.0,1080.0,20520.0
5930,34,1058,2,2,2436,1,3,12600.0,1890.0,35910.0
5931,422,665,1,,1023,2,1,15750.0,315.0,15435.0
5932,453,1168,1,,2455,1,3,12000.0,1800.0,34200.0
5933,180,41,2,4,2924,2,1,15750.0,315.0,15435.0
5934,111,677,1,,238,1,1,12600.0,1260.0,11340.0
5935,458,404,1,,2866,1,3,10800.0,3240.0,29160.0
5936,225,642,2,4,2696,1,2,12000.0,0.0,24000.0
5937,78,896,1,,,1,1,12600.0,252.0,12348.0
5938,78,896,1,,,2,2,15000.0,0.0,30000.0
5939,515,555,2,2,2870,2,1,15000.0,750.0,14250.0
5940,515,555,2,2,2870,2,3,15000.0,900.0,44100.0
5941,187,423,1,,3046,1,2,13200.0,0.0,26400.0
5942,252,694,1,,19,1,1,12000.0,600.0,11400.0
5943,252,694,1,,19,1,3,12600.0,756.0,37044.0
5944,530,1299,2,3,2690,2,1,15000.0,750.0,14250.0
5945,95,1373,2,3,2942,2,2,13500.0,2700.0,24300.0
5946,578,1037,1,,1718,2,2,15000.0,600.0,29400.0
5947,578,1037,1,,1718,1,2,12000.0,2400.0,21600.0
5948,578,1037,1,,1718,2,1,15750.0,1575.0,14175.0
5949,616,302,1,,2905,2,2,15000.0,0.0,30000.0
5950,204,940,1,,3066,2,3,15000.0,0.0,45000.0
5951,204,940,1,,3066,2,1,15000.0,1500.0,13500.0
5952,629,714,1,,1267,2,1,15000.0,750.0,14250.0
5953,350,1026,2,1,326,2,1,13500.0,0.0,13500.0
5954,361,259,2,3,,1,2,12000.0,2400.0,21600.0
5955,159,430,2,1,859,1,2,12000.0,480.0,23520.0
5956,199,1017,2,4,3106,2,1,15000.0,750.0,14250.0
5957,376,26,1,,2715,2,1,16500.0,1650.0,14850.0
5958,59,736,2,4,2981,2,3,15750.0,0.0,47250.0
5959,59,736,2,4,2981,2,3,15000.0,4500.0,40500.0
5960,406,1481,1,,,1,2,12600.0,504.0,24696.0
5961,484,1483,1,,1754,1,3,12600.0,0.0,37800.0
5962,484,1483,1,,1754,2,3,15000.0,4500.0,40500.0
5963,223,522,2,3,2891,1,3,12000.0,0.0,36000.0
5964,223,522,2,3,2891,2,3,15750.0,945.0,46305.0
5965,177,1450,2,4,,1,1,12000.0,0.0,12000.0
5966,52,1033,1,,1556,2,2,13500.0,540.0,26460.0
5967,202,957,1,,2909,1,2,12000.0,1200.0,22800.0
5968,407,1363,1,,176,1,1,13200.0,0.0,13200.0
5969,440,1300,1,,245,1,3,12600.0,3780.0,34020.0
5970,527,620,2,1,2311,1,1,12000.0,0.0,12000.0
5971,527,620,2,1,2311,1,1,12000.0,240.0,11760.0
5972,185,1024,2,4,869,2,1,15000.0,750.0,14250.0
5973,441,995,1,,112,1,1,12600.0,252.0,12348.0
5974,470,119,1,,1901,2,3,15000.0,2250.0,42750.0
5975,493,124,2,4,3200,2,1,15000.0,0.0,15000.0
5976,473,603,1,,2954,1,3,12000.0,1800.0,34200.0
5977,540,500,2,2,417,2,1,15000.0,1500.0,13500.0
5978,33,1464,2,4,2796,1,3,13200.0,792.0,38808.0
5979,33,1464,2,4,2796,1,3,13200.0,1980.0,37620.0
5980,33,1464,2,4,2796,1,3,12600.0,1890.0,35910.0
5981,593,515,1,,122,2,3,15000.0,4500.0,40500.0
5982,593,515,1,,122,2,1,15000.0,750.0,14250.0
5983,235,359,1,,1394,2,3,15000.0,2250.0,42750.0
5984,406,207,1,,,2,3,16500.0,0.0,49500.0
5985,144,362,1,,1093,2,1,15750.0,787.5,14962.5
5986,278,254,1,,2327,2,3,15000.0,2250.0,42750.0
5987,319,809,1,,2353,1,2,12000.0,480.0,23520.0
5988,598,494,1,,2007,1,2,12600.0,1260.0,23940.0
5989,598,494,1,,2007,2,3,15000.0,4500.0,40500.0
5990,598,494,1,,2007,1,2,12000.0,0.0,24000.0
5991,379,879,2,1,1141,1,3,12000.0,720.0,35280.0
5992,553,159,1,,,1,3,12600.0,0.0,37800.0
5993,553,159,1,,,2,3,15000.0,0.0,45000.0
5994,122,1074,2,4,214,1,2,12000.0,1200.0,22800.0
5995,88,29,2,4,759,1,3,10800.0,3240.0,29160.0
5996,633,338,1,,,2,3,15000.0,0.0,45000.0
5997,17,751,1,,1392,2,1,15000.0,0.0,15000.0
5998,17,751,1,,1392,1,3,13200.0,0.0,39600.0
5999,391,1461,1,,2714,2,1,15000.0,0.0,15000.0
6000,129,772,1,,2259,2,2,15000.0,3000.0,27000.0
6001,550,878,1,,41,1,3,12000.0,1800.0,34200.0
6002,212,332,1,,1667,1,2,12000.0,480.0,23520.0
6003,212,332,1,,1667,2,3,16500.0,2475.0,47025.0
6004,212,332,1,,1667,2,2,15750.0,0.0,31500.0
6005,35,464,2,2,90,1,2,12600.0,0.0,25200.0
6006,35,464,2,2,90,2,1,15000.0,0.0,15000.0
6007,272,1146,1,,1595,1,1,12000.0,1200.0,10800.0
6008,538,1212,2,4,730,1,1,12000.0,0.0,12000.0
6009,130,1050,2,4,2133,1,1,12000.0,600.0,11400.0
6010,621,938,1,,173,1,2,13200.0,2640.0,23760.0
6011,621,938,1,,173,2,1,15750.0,787.5,14962.5
6012,433,300,1,,492,2,1,15000.0,1500.0,13500.0
6013,359,992,1,,2804,1,3,12000.0,1800.0,34200.0
6014,277,447,2,1,1978,2,2,15000.0,1500.0,28500.0
6015,581,957,2,1,2269,2,3,16500.0,990.0,48510.0
6016,581,957,2,1,2269,2,3,15000.0,4500.0,40500.0
6017,581,957,2,1,2269,2,2,15000.0,3000.0,27000.0
6018,292,472,2,4,2195,1,1,12600.0,0.0,12600.0
6019,558,1304,2,4,1544,2,1,15000.0,1500.0,13500.0
6020,610,254,1,,2549,1,3,12000.0,720.0,35280.0
6021,610,254,1,,2549,1,3,12000.0,0.0,36000.0
6022,396,1125,2,1,1437,1,3,10800.0,648.0,31752.0
6023,630,107,1,,680,2,3,15000.0,900.0,44100.0
6024,503,1237,1,,,1,1,12000.0,600.0,11400.0
6025,503,1237,1,,,2,3,15000.0,0.0,45000.0
6026,361,293,2,4,286,1,3,12600.0,1890.0,35910.0
6027,237,879,2,1,3049,1,1,12600.0,0.0,12600.0
6028,205,246,1,,2020,1,1,12000.0,600.0,11400.0
6029,500,1032,2,1,554,2,2,16500.0,1650.0,31350.0
6030,193,1021,2,2,313,2,3,13500.0,0.0,40500.0
6031,193,1021,2,2,313,2,1,16500.0,825.0,15675.0
6032,98,1024,1,,,1,2,12000.0,1200.0,22800.0
6033,98,1024,1,,,2,3,15000.0,4500.0,40500.0
6034,462,525,2,2,2573,1,3,12000.0,3600.0,32400.0
6035,253,1080,1,,2552,2,3,15000.0,0.0,45000.0
6036,253,1080,1,,2552,1,3,12000.0,0.0,36000.0
6037,157,610,2,4,24,1,3,10800.0,648.0,31752.0
6038,157,610,2,4,24,1,2,10800.0,1080.0,20520.0
6039,262,485,1,,513,2,3,15000.0,0.0,45000.0
6040,92,1034,1,,,2,1,15000.0,750.0,14250.0
6041,167,61,2,1,969,2,1,15000.0,750.0,14250.0
6042,167,61,2,1,969,1,3,12000.0,720.0,35280.0
6043,282,801,2,1,2420,1,2,12000.0,1200.0,22800.0
6044,282,801,2,1,2420,1,2,10800.0,432.0,21168.0
6045,158,382,1,,3,1,3,12000.0,720.0,35280.0
6046,158,382,1,,3,2,2,15000.0,0.0,30000.0
6047,605,774,1,,3022,1,2,12000.0,0.0,24000.0
6048,91,634,2,1,8,1,2,13200.0,528.0,25872.0
6049,368,1029,1,,2701,2,3,15000.0,2250.0,42750.0
6050,6,1363,1,,1584,2,2,13500.0,0.0,27000.0
6051,68,690,2,2,2531,1,3,10800.0,1620.0,30780.0
6052,145,178,1,,15,2,2,13500.0,1350.0,25650.0
6053,605,811,2,1,1086,1,1,12000.0,1200.0,10800.0
6054,605,811,2,1,1086,1,3,12600.0,0.0,37800.0
6055,353,251,1,,8,2,3,15750.0,0.0,47250.0
6056,353,251,1,,8,2,3,15750.0,945.0,46305.0
6057,258,70,1,,339,1,1,12600.0,0.0,12600.0
6058,544,1281,2,1,2596,2,3,13500.0,0.0,40500.0
6059,352,435,1,,2695,1,3,10800.0,3240.0,29160.0
6060,509,383,1,,393,1,3,13200.0,1980.0,37620.0
6061,389,34,1,,2240,1,2,12000.0,1200.0,22800.0
6062,389,34,1,,2240,1,1,12000.0,0.0,12000.0
6063,60,217,2,2,1200,1,2,12000.0,0.0,24000.0
6064,132,851,2,1,518,1,2,13200.0,2640.0,23760.0
6065,248,1428,2,3,1592,1,1,12000.0,240.0,11760.0
6066,303,1448,1,,,2,1,13500.0,1350.0,12150.0
6067,303,1448,1,,,1,1,10800.0,216.0,10584.0
6068,100,1383,2,1,,1,3,13200.0,792.0,38808.0
6069,100,1383,2,1,,1,3,12000.0,0.0,36000.0
6070,294,1497,2,1,2734,1,1,12000.0,240.0,11760.0
6071,406,661,2,2,721,1,2,13200.0,0.0,26400.0
6072,122,1165,1,,195,2,1,15000.0,0.0,15000.0
6073,310,145,2,4,,1,3,12000.0,3600.0,32400.0
6074,53,961,1,,784,2,2,16500.0,660.0,32340.0
6075,418,960,1,,229,1,3,10800.0,3240.0,29160.0
6076,430,1270,2,4,716,2,3,13500.0,2025.0,38475.0
6077,430,1270,2,4,716,1,3,12000.0,720.0,35280.0
6078,544,508,1,,2206,1,3,10800.0,1620.0,30780.0
6079,544,508,1,,2206,2,2,13500.0,0.0,27000.0
6080,416,1232,2,4,2876,1,3,12000.0,3600.0,32400.0
6081,416,1232,2,4,2876,1,1,12000.0,1200.0,10800.0
6082,96,1494,2,3,,2,1,15000.0,1500.0,13500.0
6083,96,1494,2,3,,2,2,13500.0,2700.0,24300.0
6084,373,422,2,1,891,2,2,15000.0,0.0,30000.0
6085,148,1157,1,,1868,1,2,12000.0,1200.0,22800.0
6086,25,154,1,,162,1,3,12000.0,3600.0,32400.0
6087,507,394,2,1,709,1,1,10800.0,216.0,10584.0
6088,412,394,2,1,,2,2,15000.0,3000.0,27000.0
6089,412,394,2,1,,1,3,12000.0,1800.0,34200.0
6090,577,153,2,4,,2,3,15000.0,900.0,44100.0
6091,539,1465,2,4,2274,1,1,12000.0,240.0,11760.0
6092,621,461,2,4,2759,1,3,12000.0,1800.0,34200.0
6093,324,900,2,4,1071,1,1,10800.0,540.0,10260.0
6094,504,852,1,,1607,1,1,12000.0,0.0,12000.0
6095,183,1015,2,2,1777,2,3,15000.0,4500.0,40500.0
6096,183,1015,2,2,1777,1,2,12000.0,1200.0,22800.0
6097,603,1385,2,2,,2,3,15750.0,0.0,47250.0
6098,603,1385,2,2,,1,1,12600.0,1260.0,11340.0
6099,79,1311,1,,2342,2,3,16500.0,0.0,49500.0
6100,79,1311,1,,2342,2,2,15000.0,3000.0,27000.0
6101,366,1034,1,,697,2,2,15000.0,3000.0,27000.0
6102,442,384,1,,170,1,3,12000.0,1800.0,34200.0
6103,442,384,1,,170,1,2,12000.0,480.0,23520.0
6104,571,744,1,,538,2,2,15000.0,0.0,30000.0
6105,571,744,1,,538,1,2,12600.0,0.0,25200.0
6106,284,932,2,4,1106,1,2,12000.0,480.0,23520.0
6107,284,932,2,4,1106,1,2,12600.0,0.0,25200.0
6108,339,640,1,,535,1,1,12000.0,0.0,12000.0
6109,574,930,2,2,1934,1,2,12000.0,2400.0,21600.0
6110,449,1164,1,,458,1,3,12000.0,720.0,35280.0
6111,449,1164,1,,458,2,1,15000.0,750.0,14250.0
6112,449,1164,1,,458,2,2,15750.0,0.0,31500.0
6113,144,700,1,,312,2,2,15000.0,600.0,29400.0
6114,144,700,1,,312,2,3,16500.0,4950.0,44550.0
6115,86,608,1,,1475,1,3,12000.0,3600.0,32400.0
6116,417,1076,1,,399,2,1,15000.0,300.0,14700.0
6117,562,113,2,1,1701,2,2,15000.0,0.0,30000.0
6118,261,883,1,,270,2,3,15000.0,900.0,44100.0
6119,416,177,1,,1241,2,1,15750.0,1575.0,14175.0
6120,416,177,1,,1241,1,3,12600.0,1890.0,35910.0
6121,253,609,1,,207,2,2,13500.0,1350.0,25650.0
6122,227,688,2,2,1401,2,2,15000.0,0.0,30000.0
6123,227,688,2,2,1401,2,3,16500.0,4950.0,44550.0
6124,512,438,1,,123,2,2,15000.0,3000.0,27000.0
6125,176,315,1,,2021,1,3,10800.0,0.0,32400.0
6126,39,67,2,2,717,1,3,10800.0,3240.0,29160.0
6127,39,67,2,2,717,1,1,12000.0,240.0,11760.0
6128,525,868,2,1,2117,2,3,13500.0,2025.0,38475.0
6129,525,868,2,1,2117,2,2,15750.0,1575.0,29925.0
6130,356,110,1,,699,1,2,12000.0,2400.0,21600.0
6131,356,110,1,,699,2,1,15000.0,0.0,15000.0
6132,463,482,2,3,3049,1,3,12000.0,3600.0,32400.0
6133,132,684,2,1,975,2,1,13500.0,1350.0,12150.0
6134,271,1116,1,,2434,1,3,12000.0,720.0,35280.0
6135,271,1116,1,,2434,1,3,12000.0,1800.0,34200.0
6136,628,371,1,,2953,1,2,12000.0,2400.0,21600.0
6137,628,371,1,,2953,1,2,12000.0,480.0,23520.0
6138,560,20,1,,1117,2,3,15750.0,0.0,47250.0
6139,234,488,1,,499,2,1,15000.0,0.0,15000.0
6140,234,488,1,,499,2,2,15750.0,0.0,31500.0
6141,17,539,1,,2685,2,2,15750.0,3150.0,28350.0
6142,17,539,1,,2685,2,1,15000.0,750.0,14250.0
6143,213,1183,2,3,2111,1,2,12600.0,504.0,24696.0
6144,213,1183,2,3,2111,1,2,12000.0,1200.0,22800.0
6145,269,145,2,4,2749,1,2,12000.0,0.0,24000.0
6146,272,1296,1,,2163,2,3,13500.0,0.0,40500.0
6147,117,713,1,,2924,1,1,12000.0,0.0,12000.0
6148,348,541,1,,1521,1,1,13200.0,264.0,12936.0
6149,453,157,2,1,1712,1,2,12600.0,0.0,25200.0
6150,453,157,2,1,1712,2,2,15000.0,1500.0,28500.0
6151,453,157,2,1,1712,1,1,12000.0,0.0,12000.0
6152,274,1370,1,,3153,2,1,15000.0,750.0,14250.0
6153,559,1455,2,3,1241,1,1,12600.0,630.0,11970.0
6154,417,657,2,1,860,2,2,15000.0,0.0,30000.0
6155,584,955,2,4,1367,1,3,12000.0,0.0,36000.0
6156,584,955,2,4,1367,2,1,15000.0,750.0,14250.0
6157,584,955,2,4,1367,1,2,13200.0,0.0,26400.0
6158,110,84,2,4,2124,1,3,12000.0,1800.0,34200.0
6159,247,900,2,1,,1,1,12000.0,1200.0,10800.0
6160,549,479,1,,542,1,3,12000.0,1800.0,34200.0
6161,549,479,1,,542,2,1,15000.0,1500.0,13500.0
6162,370,164,1,,2397,1,3,13200.0,3960.0,35640.0
6163,503,255,2,2,3007,1,2,12000.0,0.0,24000.0
6164,625,733,1,,577,2,2,15750.0,3150.0,28350.0
6165,591,192,2,1,2713,1,3,10800.0,648.0,31752.0
6166,380,1083,2,2,188,1,1,10800.0,540.0,10260.0
6167,380,1083,2,2,188,2,1,15000.0,750.0,14250.0
6168,455,780,2,4,789,2,2,15000.0,3000.0,27000.0
6169,239,242,1,,1521,1,2,10800.0,1080.0,20520.0
6170,184,555,1,,147,2,3,15000.0,2250.0,42750.0
6171,400,256,1,,842,2,1,16500.0,0.0,16500.0
6172,61,635,1,,,2,3,13500.0,810.0,39690.0
6173,197,349,2,3,938,1,3,12000.0,1800.0,34200.0
6174,197,349,2,3,938,1,1,10800.0,216.0,10584.0
6175,418,306,1,,2034,2,1,15000.0,300.0,14700.0
6176,13,969,2,3,1566,1,3,12000.0,1800.0,34200.0
6177,13,969,2,3,1566,2,2,15000.0,3000.0,27000.0
6178,249,1180,2,3,2025,1,2,12000.0,1200.0,22800.0
6179,98,37,1,,101,2,3,15750.0,945.0,46305.0
6180,98,37,1,,101,1,2,12000.0,1200.0,22800.0
6181,98,37,1,,101,2,2,15000.0,600.0,29400.0
6182,603,846,1,,946,1,1,12000.0,240.0,11760.0
6183,202,329,1,,2375,1,3,12600.0,756.0,37044.0
6184,214,140,2,3,2722,1,2,13200.0,528.0,25872.0
6185,495,163,2,2,2138,1,2,12000.0,0.0,24000.0
6186,403,86,1,,2431,1,2,12000.0,0.0,24000.0
6187,259,521,2,2,2845,2,1,15000.0,1500.0,13500.0
6188,577,487,1,,959,2,1,15750.0,1575.0,14175.0
6189,577,487,1,,959,2,1,13500.0,675.0,12825.0
6190,611,639,2,2,2842,2,3,15000.0,2250.0,42750.0
6191,211,1191,1,,,2,1,15000.0,0.0,15000.0
6192,379,1377,2,4,2145,1,1,12000.0,0.0,12000.0
6193,102,286,2,4,2986,2,1,15000.0,300.0,14700.0
6194,510,1324,2,3,1890,2,3,15750.0,0.0,47250.0
6195,250,702,2,1,991,2,2,15750.0,0.0,31500.0
6196,18,694,1,,641,2,2,13500.0,2700.0,24300.0
6197,628,665,2,1,1818,2,3,13500.0,2025.0,38475.0
6198,47,244,2,1,1241,2,2,15000.0,0.0,30000.0
6199,47,244,2,1,1241,1,3,12000.0,0.0,36000.0
6200,481,585,1,,553,1,2,12000.0,0.0,24000.0
6201,564,651,1,,472,2,1,13500.0,270.0,13230.0
6202,399,1408,1,,1878,1,2,12600.0,2520.0,22680.0
6203,503,339,2,2,2893,1,3,12000.0,720.0,35280.0
6204,27,1110,2,3,1141,2,1,15000.0,0.0,15000.0
6205,478,1311,2,4,1141,1,3,10800.0,0.0,32400.0
6206,55,827,1,,1809,1,1,12000.0,240.0,11760.0
6207,610,1382,1,,1791,1,3,13200.0,3960.0,35640.0
6208,610,1382,1,,1791,1,3,12600.0,1890.0,35910.0
6209,610,1382,1,,1791,2,1,15750.0,787.5,14962.5
6210,355,554,1,,2215,1,3,12000.0,3600.0,32400.0
6211,355,554,1,,2215,1,3,10800.0,3240.0,29160.0
6212,152,710,1,,2596,1,2,12000.0,2400.0,21600.0
6213,386,1085,1,,2588,2,1,15000.0,750.0,14250.0
6214,153,449,1,,1776,1,2,10800.0,0.0,21600.0
6215,8,1359,1,,1569,1,3,13200.0,0.0,39600.0
6216,421,956,1,,2106,2,1,15750.0,1575.0,14175.0
6217,247,143,2,4,1510,1,2,13200.0,528.0,25872.0
6218,79,12,1,,1739,1,2,12000.0,2400.0,21600.0
6219,15,29,1,,,1,2,13200.0,2640.0,23760.0
6220,636,688,1,,2044,1,1,12000.0,600.0,11400.0
6221,100,991,2,4,,1,2,13200.0,1320.0,25080.0
6222,439,468,2,4,580,1,2,12000.0,2400.0,21600.0
6223,206,650,1,,1739,1,3,12000.0,0.0,36000.0
6224,195,1002,1,,2890,1,2,12000.0,1200.0,22800.0
6225,331,539,1,,494,2,2,15750.0,0.0,31500.0
6226,32,397,2,3,2820,2,3,13500.0,2025.0,38475.0
6227,262,1059,2,1,3093,2,2,15000.0,0.0,30000.0
6228,147,363,1,,,1,1,12000.0,0.0,12000.0
6229,234,806,2,4,1560,1,3,10800.0,3240.0,29160.0
6230,130,949,2,4,120,2,1,15000.0,0.0,15000.0
6231,130,949,2,4,120,2,1,15000.0,750.0,14250.0
6232,130,949,2,4,120,2,3,15000.0,2250.0,42750.0
6233,173,837,1,,2086,1,3,12600.0,756.0,37044.0
6234,447,1035,2,3,,1,1,13200.0,660.0,12540.0
6235,342,485,1,,790,1,1,12000.0,240.0,11760.0
6236,466,778,1,,1653,2,3,13500.0,810.0,39690.0
6237,207,1076,1,,2095,1,3,12000.0,1800.0,34200.0
6238,271,658,1,,490,1,1,12000.0,600.0,11400.0
6239,271,658,1,,490,2,1,15750.0,787.5,14962.5
6240,82,1402,1,,2812,2,1,15750.0,787.5,14962.5
6241,82,1402,1,,2812,2,3,15000.0,4500.0,40500.0
6242,464,303,1,,2616,1,1,10800.0,0.0,10800.0
6243,529,1078,1,,3101,1,3,12600.0,1890.0,35910.0
6244,489,1388,2,3,2582,2,1,15000.0,0.0,15000.0
6245,489,1388,2,3,2582,1,2,12000.0,480.0,23520.0
6246,489,1388,2,3,2582,1,2,12000.0,1200.0,22800.0
6247,291,1286,2,2,325,1,3,12000.0,3600.0,32400.0
6248,191,703,2,3,,1,1,12600.0,252.0,12348.0
6249,622,250,2,4,2898,1,2,12000.0,1200.0,22800.0
6250,30,781,1,,,1,1,12600.0,1260.0,11340.0
6251,30,781,1,,,1,2,12600.0,504.0,24696.0
6252,406,1033,2,1,1421,1,2,12600.0,504.0,24696.0
6253,139,1255,1,,306,2,1,15000.0,300.0,14700.0
6254,632,703,1,,1875,1,2,10800.0,1080.0,20520.0
6255,196,824,1,,1858,1,3,12600.0,3780.0,34020.0
6256,335,863,1,,864,2,3,15000.0,2250.0,42750.0
6257,547,348,1,,1568,2,3,15000.0,4500.0,40500.0
6258,240,1186,2,4,1442,1,3,12000.0,3600.0,32400.0
6259,583,618,2,4,1839,2,1,13500.0,675.0,12825.0
6260,72,244,2,4,2162,2,1,15000.0,0.0,15000.0
6261,629,1082,1,,927,1,3,12600.0,0.0,37800.0
6262,282,97,1,,407,1,3,13200.0,3960.0,35640.0
6263,433,502,2,1,,2,1,15000.0,750.0,14250.0
6264,148,284,1,,3141,1,2,12000.0,480.0,23520.0
6265,377,1112,1,,1043,2,3,15000.0,2250.0,42750.0
6266,633,864,2,3,2853,1,2,12000.0,0.0,24000.0
6267,579,1288,2,1,369,2,2,15000.0,3000.0,27000.0
6268,579,1288,2,1,369,1,3,10800.0,3240.0,29160.0
6269,56,1169,1,,1158,1,1,12000.0,600.0,11400.0
6270,135,1271,1,,1855,2,2,15000.0,600.0,29400.0
6271,267,996,2,1,575,2,3,15750.0,945.0,46305.0
6272,161,737,2,1,1014,1,2,13200.0,528.0,25872.0
6273,421,467,1,,2308,1,2,12000.0,2400.0,21600.0
6274,421,467,1,,2308,2,1,15750.0,1575.0,14175.0
6275,477,232,1,,2835,1,1,10800.0,540.0,10260.0
6276,477,232,1,,2835,2,2,15000.0,1500.0,28500.0
6277,264,808,1,,2851,2,1,15750.0,1575.0,14175.0
6278,264,808,1,,2851,2,2,15000.0,0.0,30000.0
6279,264,808,1,,2851,1,3,10800.0,0.0,32400.0
6280,104,1141,1,,1388,1,1,12000.0,0.0,12000.0
6281,156,363,2,3,987,2,1,15000.0,300.0,14700.0
6282,504,720,1,,1750,2,2,15000.0,1500.0,28500.0
6283,504,720,1,,1750,2,3,15000.0,900.0,44100.0
6284,488,507,1,,1237,2,3,13500.0,0.0,40500.0
6285,488,507,1,,1237,1,1,12000.0,0.0,12000.0
6286,172,1040,1,,2008,1,1,12000.0,1200.0,10800.0
6287,172,1040,1,,2008,2,1,15000.0,750.0,14250.0
6288,172,1040,1,,2008,1,3,13200.0,792.0,38808.0
6289,599,180,1,,2010,1,2,13200.0,0.0,26400.0
6290,83,1385,2,3,79,1,1,12000.0,1200.0,10800.0
6291,593,185,2,4,582,1,1,12000.0,600.0,11400.0
6292,64,238,1,,281,1,2,13200.0,1320.0,25080.0
6293,73,536,1,,1859,1,3,12000.0,1800.0,34200.0
6294,629,1229,1,,2095,1,3,12600.0,1890.0,35910.0
6295,528,814,1,,3035,1,2,12600.0,504.0,24696.0
6296,498,1055,1,,1576,2,3,15750.0,4725.0,42525.0
6297,102,1196,1,,87,1,1,12000.0,600.0,11400.0
6298,330,1068,2,3,2828,1,2,10800.0,2160.0,19440.0
6299,330,1068,2,3,2828,2,2,15750.0,1575.0,29925.0
6300,300,865,2,2,624,2,2,15000.0,600.0,29400.0
6301,502,1331,1,,587,2,2,15000.0,1500.0,28500.0
6302,502,1331,1,,587,1,2,12000.0,2400.0,21600.0
6303,27,299,1,,836,1,2,12000.0,480.0,23520.0
6304,201,1394,2,4,732,2,1,15000.0,0.0,15000.0
6305,201,1394,2,4,732,2,1,15000.0,750.0,14250.0
6306,457,912,2,1,2568,1,3,12000.0,0.0,36000.0
6307,403,858,1,,2911,1,3,12000.0,1800.0,34200.0
6308,69,899,2,4,3189,1,2,10800.0,432.0,21168.0
6309,69,899,2,4,3189,1,3,13200.0,0.0,39600.0
6310,406,229,2,2,795,2,2,15000.0,3000.0,27000.0
6311,597,134,2,1,1372,1,2,12000.0,0.0,24000.0
6312,204,657,1,,648,2,3,15000.0,0.0,45000.0
6313,204,657,1,,648,1,3,12600.0,756.0,37044.0
6314,204,657,1,,648,1,1,10800.0,0.0,10800.0
6315,428,210,1,,827,1,1,10800.0,216.0,10584.0
6316,428,210,1,,827,2,2,15000.0,600.0,29400.0
6317,268,1400,1,,950,1,1,12600.0,1260.0,11340.0
6318,180,23,2,1,1844,2,2,15000.0,3000.0,27000.0
6319,180,23,2,1,1844,1,3,12000.0,3600.0,32400.0
6320,180,23,2,1,1844,1,3,10800.0,648.0,31752.0
6321,582,339,2,1,1577,1,2,12600.0,0.0,25200.0
6322,198,1043,2,2,1048,2,1,13500.0,1350.0,12150.0
6323,222,829,1,,1672,2,3,15000.0,0.0,45000.0
6324,432,932,2,1,2105,1,2,13200.0,0.0,26400.0
6325,432,932,2,1,2105,2,1,15000.0,750.0,14250.0
6326,106,433,2,1,219,1,1,13200.0,660.0,12540.0
6327,522,1280,2,2,988,2,3,15750.0,4725.0,42525.0
6328,160,1463,2,1,2664,2,2,15750.0,630.0,30870.0
6329,163,1314,2,2,3135,2,1,15000.0,1500.0,13500.0
6330,124,812,1,,100,2,3,15000.0,900.0,44100.0
6331,583,1159,2,4,1885,2,1,15000.0,300.0,14700.0
6332,389,1424,1,,,2,2,15000.0,600.0,29400.0
6333,438,276,1,,,1,3,12000.0,3600.0,32400.0
6334,438,276,1,,,1,1,12000.0,0.0,12000.0
6335,458,132,2,2,84,2,3,15000.0,4500.0,40500.0
6336,609,270,2,3,532,1,1,12000.0,1200.0,10800.0
6337,436,779,2,1,2901,2,1,15000.0,300.0,14700.0
6338,436,779,2,1,2901,1,2,12000.0,0.0,24000.0
6339,132,1015,2,4,2331,2,3,16500.0,4950.0,44550.0
6340,400,314,2,3,2330,1,1,10800.0,540.0,10260.0
6341,135,1489,1,,2415,2,2,16500.0,0.0,33000.0
6342,198,425,1,,2375,1,3,12600.0,756.0,37044.0
6343,211,157,2,1,2001,2,1,13500.0,0.0,13500.0
6344,211,157,2,1,2001,1,2,12000.0,2400.0,21600.0
6345,592,1421,2,2,324,2,3,15750.0,945.0,46305.0
6346,592,1421,2,2,324,2,2,13500.0,0.0,27000.0
6347,371,384,1,,,1,2,12000.0,2400.0,21600.0
6348,58,1336,2,2,833,1,3,12000.0,720.0,35280.0
6349,201,1330,1,,,2,2,15750.0,0.0,31500.0
6350,201,1330,1,,,2,2,15000.0,600.0,29400.0
6351,308,943,1,,2370,2,2,15000.0,3000.0,27000.0
6352,308,943,1,,2370,1,3,12000.0,0.0,36000.0
6353,308,943,1,,2370,2,1,15000.0,1500.0,13500.0
6354,433,225,1,,3156,1,3,12000.0,720.0,35280.0
6355,432,784,2,4,961,2,1,15000.0,1500.0,13500.0
6356,432,784,2,4,961,2,3,15000.0,0.0,45000.0
6357,551,1209,2,4,708,1,3,12000.0,3600.0,32400.0
6358,631,339,1,,2968,1,3,13200.0,1980.0,37620.0
6359,225,920,2,2,2833,1,3,10800.0,1620.0,30780.0
6360,225,920,2,2,2833,1,2,10800.0,432.0,21168.0
6361,400,627,1,,841,2,2,15000.0,3000.0,27000.0
6362,161,261,2,2,1021,2,1,16500.0,0.0,16500.0
6363,161,261,2,2,1021,2,3,15750.0,4725.0,42525.0
6364,161,672,1,,,1,3,12000.0,1800.0,34200.0
6365,161,672,1,,,1,3,12000.0,0.0,36000.0
6366,292,1350,1,,389,1,2,12000.0,480.0,23520.0
6367,292,1350,1,,389,1,3,12000.0,1800.0,34200.0
6368,484,259,2,3,1413,2,2,15750.0,630.0,30870.0
6369,484,259,2,3,1413,2,1,15000.0,1500.0,13500.0
6370,332,1354,2,4,2437,1,2,12000.0,1200.0,22800.0
6371,332,1354,2,4,2437,1,1,12600.0,0.0,12600.0
6372,504,1310,1,,169,2,3,13500.0,0.0,40500.0
6373,504,1310,1,,169,1,3,12600.0,0.0,37800.0
6374,520,1224,2,2,372,1,2,12000.0,2400.0,21600.0
6375,183,850,1,,,1,2,12000.0,1200.0,22800.0
6376,111,1284,2,1,,2,1,13500.0,675.0,12825.0
6377,482,1127,2,1,915,2,1,16500.0,825.0,15675.0
6378,371,133,2,2,725,1,3,10800.0,0.0,32400.0
6379,372,1154,1,,351,2,1,15000.0,300.0,14700.0
6380,484,73,2,4,1864,1,2,12000.0,0.0,24000.0
6381,248,1222,1,,3046,2,1,15750.0,0.0,15750.0
6382,34,119,1,,1974,1,1,12000.0,0.0,12000.0
6383,538,1190,2,2,,1,2,12600.0,1260.0,23940.0
6384,105,1500,1,,1749,2,2,15000.0,1500.0,28500.0
6385,85,148,2,3,784,1,3,12600.0,0.0,37800.0
6386,239,233,1,,1412,1,2,13200.0,1320.0,25080.0
6387,12,685,1,,2724,1,1,12000.0,0.0,12000.0
6388,609,1183,2,1,2643,1,2,13200.0,1320.0,25080.0
6389,11,427,2,1,,1,2,12600.0,0.0,25200.0
6390,88,996,1,,2536,2,3,15000.0,2250.0,42750.0
6391,47,74,2,1,984,2,3,15000.0,900.0,44100.0
6392,502,407,1,,2814,2,1,16500.0,825.0,15675.0
6393,502,407,1,,2814,2,2,13500.0,2700.0,24300.0
6394,191,1121,1,,2382,2,2,15000.0,1500.0,28500.0
6395,419,1209,1,,2921,1,2,12000.0,2400.0,21600.0
6396,122,494,1,,2613,1,3,13200.0,792.0,38808.0
6397,122,494,1,,2613,2,2,15000.0,1500.0,28500.0
6398,122,494,1,,2613,2,2,13500.0,2700.0,24300.0
6399,316,1026,1,,2473,1,3,12600.0,756.0,37044.0
6400,584,773,1,,148,1,1,12000.0,600.0,11400.0
6401,467,91,1,,256,1,1,10800.0,1080.0,9720.0
6402,216,301,1,,2349,1,2,12000.0,1200.0,22800.0
6403,286,33,2,1,413,1,1,13200.0,660.0,12540.0
6404,286,33,2,1,413,2,3,15000.0,4500.0,40500.0
6405,528,1480,1,,2086,2,1,15000.0,1500.0,13500.0
6406,528,1480,1,,2086,1,2,12000.0,0.0,24000.0
6407,179,635,2,1,3083,2,3,15000.0,900.0,44100.0
6408,198,823,1,,382,1,1,12000.0,240.0,11760.0
6409,205,49,2,1,157,2,3,15000.0,0.0,45000.0
6410,242,422,1,,2724,1,3,12000.0,3600.0,32400.0
6411,479,649,2,2,,1,3,12000.0,3600.0,32400.0
6412,319,351,2,4,,2,2,15750.0,0.0,31500.0
6413,307,1335,1,,2568,2,2,15000.0,0.0,30000.0
6414,496,382,2,2,1473,1,2,10800.0,2160.0,19440.0
6415,467,1466,1,,2866,2,3,15750.0,0.0,47250.0
6416,530,546,1,,1579,1,2,13200.0,2640.0,23760.0
6417,182,160,2,3,3083,2,1,15000.0,0.0,15000.0
6418,87,1075,2,4,2187,1,2,12600.0,1260.0,23940.0
6419,87,1075,2,4,2187,1,1,12000.0,0.0,12000.0
6420,335,455,2,1,177,2,2,15000.0,0.0,30000.0
6421,367,241,1,,2931,2,2,16500.0,1650.0,31350.0
6422,367,241,1,,2931,1,2,12600.0,2520.0,22680.0
6423,367,241,1,,2931,1,1,12000.0,240.0,11760.0
6424,454,710,2,2,228,1,1,12000.0,0.0,12000.0
6425,440,645,1,,1087,1,3,12000.0,3600.0,32400.0
6426,440,645,1,,1087,1,3,12600.0,0.0,37800.0
6427,164,367,2,2,151,2,2,15000.0,600.0,29400.0
6428,164,367,2,2,151,2,1,15000.0,750.0,14250.0
6429,320,890,2,4,1018,2,2,15000.0,1500.0,28500.0
6430,320,890,2,4,1018,2,3,15000.0,900.0,44100.0
6431,512,927,1,,1348,1,2,12000.0,480.0,23520.0
6432,489,133,1,,2652,1,3,12000.0,1800.0,34200.0
6433,385,524,2,2,1976,1,2,12000.0,0.0,24000.0
6434,385,524,2,2,1976,1,3,12000.0,720.0,35280.0
6435,309,635,1,,200,1,2,12000.0,480.0,23520.0
6436,178,1206,1,,2666,1,2,13200.0,0.0,26400.0
6437,55,1461,1,,1524,2,2,15000.0,3000.0,27000.0
6438,55,1461,1,,1524,1,1,10800.0,0.0,10800.0
6439,459,601,1,,2363,1,3,12000.0,3600.0,32400.0
6440,355,1057,1,,1120,1,3,12600.0,3780.0,34020.0
6441,220,357,2,4,540,1,1,12000.0,1200.0,10800.0
6442,79,1261,1,,,1,3,10800.0,0.0,32400.0
6443,403,26,1,,491,1,2,12600.0,504.0,24696.0
6444,479,588,2,3,1157,1,3,10800.0,0.0,32400.0
6445,40,17,1,,2013,1,2,12000.0,1200.0,22800.0
6446,128,730,1,,1925,2,1,15750.0,0.0,15750.0
6447,128,730,1,,1925,2,1,15000.0,0.0,15000.0
6448,560,874,2,4,3109,2,2,15000.0,600.0,29400.0
6449,428,961,1,,2588,2,2,15750.0,630.0,30870.0
6450,47,1127,1,,2863,2,3,15000.0,2250.0,42750.0
6451,412,1324,1,,296,2,3,15000.0,2250.0,42750.0
6452,344,8,1,,1402,1,1,12000.0,1200.0,10800.0
6453,117,906,2,3,1087,1,2,12000.0,0.0,24000.0
6454,471,807,1,,335,1,3,13200.0,3960.0,35640.0
6455,227,1111,2,3,125,2,3,15000.0,4500.0,40500.0
6456,227,1111,2,3,125,1,1,12000.0,600.0,11400.0
6457,215,1279,1,,2957,2,3,13500.0,0.0,40500.0
6458,161,728,1,,2382,1,2,12000.0,1200.0,22800.0
6459,161,728,1,,2382,1,3,12000.0,720.0,35280.0
6460,422,337,1,,2078,1,2,10800.0,2160.0,19440.0
6461,639,1302,1,,2107,1,3,13200.0,0.0,39600.0
6462,283,832,2,4,,1,2,10800.0,0.0,21600.0
6463,605,226,2,4,2050,2,1,15750.0,1575.0,14175.0
6464,141,810,2,2,2006,2,2,15000.0,600.0,29400.0
6465,141,810,2,2,2006,1,3,12000.0,3600.0,32400.0
6466,141,810,2,2,2006,2,3,15000.0,4500.0,40500.0
6467,402,923,2,1,1890,2,1,16500.0,825.0,15675.0
6468,516,816,1,,,1,2,12600.0,1260.0,23940.0
6469,516,816,1,,,2,3,15000.0,4500.0,40500.0
6470,78,1205,1,,384,1,3,12000.0,3600.0,32400.0
6471,78,1205,1,,384,1,3,12000.0,0.0,36000.0
6472,78,1205,1,,384,1,2,12000.0,480.0,23520.0
6473,382,240,1,,2099,2,2,15000.0,1500.0,28500.0
6474,238,867,1,,2735,1,1,12000.0,240.0,11760.0
6475,238,867,1,,2735,1,2,10800.0,432.0,21168.0
6476,570,60,2,3,3100,2,3,15000.0,900.0,44100.0
6477,283,676,1,,2227,1,2,10800.0,432.0,21168.0
6478,283,676,1,,2227,1,3,12000.0,720.0,35280.0
6479,549,1029,2,1,1721,1,3,12000.0,3600.0,32400.0
6480,30,453,2,3,,1,3,10800.0,1620.0,30780.0
6481,335,1480,2,1,2150,1,2,12000.0,2400.0,21600.0
6482,335,1480,2,1,2150,2,1,15000.0,0.0,15000.0
6483,335,1480,2,1,2150,1,3,12000.0,720.0,35280.0
6484,340,865,1,,,1,2,12000.0,480.0,23520.0
6485,340,865,1,,,1,3,12600.0,3780.0,34020.0
6486,20,922,1,,604,2,2,15000.0,3000.0,27000.0
6487,20,922,1,,604,2,1,16500.0,330.0,16170.0
6488,91,883,2,4,444,1,2,12000.0,1200.0,22800.0
6489,91,883,2,4,444,1,3,12000.0,0.0,36000.0
6490,455,204,1,,981,2,3,16500.0,4950.0,44550.0
6491,87,983,2,3,1335,2,1,15000.0,1500.0,13500.0
6492,87,983,2,3,1335,2,2,15000.0,600.0,29400.0
6493,207,34,2,2,3148,1,2,12000.0,480.0,23520.0
6494,258,517,2,2,195,2,3,15000.0,4500.0,40500.0
6495,258,517,2,2,195,1,3,12000.0,3600.0,32400.0
6496,258,517,2,2,195,1,2,12000.0,2400.0,21600.0
6497,148,181,2,1,605,2,2,15000.0,1500.0,28500.0
6498,628,477,2,2,1925,2,2,15000.0,3000.0,27000.0
6499,590,344,1,,2941,1,2,12000.0,2400.0,21600.0
6500,60,206,2,2,25,2,1,15000.0,1500.0,13500.0
6501,418,861,1,,40,1,2,13200.0,1320.0,25080.0
6502,288,301,1,,3135,2,1,16500.0,0.0,16500.0
6503,432,1130,2,3,295,2,2,15000.0,0.0,30000.0
6504,432,1130,2,3,295,1,3,12000.0,0.0,36000.0
6505,149,1116,2,4,2181,2,2,15000.0,3000.0,27000.0
6506,409,81,1,,1171,2,2,16500.0,0.0,33000.0
6507,351,954,2,4,3076,1,3,12000.0,720.0,35280.0
6508,351,954,2,4,3076,2,3,15000.0,0.0,45000.0
6509,412,77,2,2,,2,1,15000.0,0.0,15000.0
6510,316,549,2,3,1013,2,3,15000.0,4500.0,40500.0
6511,227,547,2,3,497,1,2,12000.0,2400.0,21600.0
6512,311,991,2,3,1314,2,1,15000.0,300.0,14700.0
6513,311,991,2,3,1314,2,1,15000.0,750.0,14250.0
6514,311,991,2,3,1314,2,1,15000.0,750.0,14250.0
6515,240,605,1,,2707,1,1,13200.0,0.0,13200.0
6516,240,605,1,,2707,1,2,12000.0,2400.0,21600.0
6517,240,605,1,,2707,1,1,12000.0,600.0,11400.0
6518,82,249,2,3,,1,2,13200.0,0.0,26400.0
6519,109,547,2,3,955,1,3,12000.0,720.0,35280.0
6520,606,1343,2,3,,2,3,15750.0,4725.0,42525.0
6521,606,1343,2,3,,1,3,12000.0,0.0,36000.0
6522,364,1498,1,,2851,2,2,15000.0,3000.0,27000.0
6523,364,1498,1,,2851,2,3,15000.0,4500.0,40500.0
6524,351,1337,2,4,549,2,3,13500.0,2025.0,38475.0
6525,208,142,2,4,645,1,2,12000.0,2400.0,21600.0
6526,128,1390,2,4,423,1,1,10800.0,540.0,10260.0
6527,128,1390,2,4,423,2,1,13500.0,0.0,13500.0
6528,214,1211,1,,2298,2,2,16500.0,1650.0,31350.0
6529,522,1299,2,4,,1,2,12000.0,0.0,24000.0
6530,420,1351,2,1,685,2,1,15000.0,300.0,14700.0
6531,616,638,1,,1905,1,2,12000.0,1200.0,22800.0
6532,616,638,1,,1905,2,3,13500.0,810.0,39690.0
6533,528,50,2,2,287,1,1,12000.0,0.0,12000.0
6534,528,50,2,2,287,2,1,15750.0,0.0,15750.0
6535,366,314,1,,2033,1,2,12600.0,504.0,24696.0
6536,366,314,1,,2033,2,1,15750.0,787.5,14962.5
6537,29,1398,2,4,1091,1,1,12600.0,1260.0,11340.0
6538,264,340,1,,,2,3,15750.0,0.0,47250.0
6539,131,1162,2,3,,1,1,12000.0,600.0,11400.0
6540,20,1500,2,4,810,2,1,15750.0,0.0,15750.0
6541,234,1240,2,2,2858,2,3,13500.0,2025.0,38475.0
6542,617,1251,2,3,1348,2,1,15000.0,1500.0,13500.0
6543,617,1251,2,3,1348,2,2,15000.0,3000.0,27000.0
6544,112,1484,1,,2342,1,3,13200.0,792.0,38808.0
6545,112,1484,1,,2342,1,2,12000.0,1200.0,22800.0
6546,609,395,1,,,1,1,12600.0,0.0,12600.0
6547,609,395,1,,,2,1,15000.0,300.0,14700.0
6548,365,839,2,4,205,1,3,12600.0,3780.0,34020.0
6549,365,839,2,4,205,2,2,13500.0,2700.0,24300.0
6550,365,839,2,4,205,1,1,10800.0,216.0,10584.0
6551,590,643,1,,2554,2,2,13500.0,540.0,26460.0
6552,590,643,1,,2554,1,3,12000.0,3600.0,32400.0
6553,198,231,1,,1799,1,2,10800.0,1080.0,20520.0
6554,294,69,1,,1971,1,2,12000.0,480.0,23520.0
6555,303,348,1,,,1,3,12000.0,1800.0,34200.0
6556,279,621,1,,2576,1,3,12000.0,720.0,35280.0
6557,208,1138,2,1,1660,2,3,15000.0,2250.0,42750.0
6558,215,1104,1,,2585,1,1,12000.0,240.0,11760.0
6559,215,1104,1,,2585,1,1,12000.0,240.0,11760.0
6560,219,302,1,,,1,2,12000.0,1200.0,22800.0
6561,462,334,1,,,2,2,15000.0,1500.0,28500.0
6562,339,660,2,2,3039,2,3,16500.0,0.0,49500.0
6563,493,704,2,3,2009,1,1,12600.0,0.0,12600.0
6564,493,704,2,3,2009,2,1,15000.0,300.0,14700.0
6565,389,201,1,,2752,2,2,15000.0,600.0,29400.0
6566,341,256,2,2,632,1,1,12600.0,0.0,12600.0
6567,25,1136,1,,1963,2,1,15000.0,750.0,14250.0
6568,605,1059,1,,,2,1,15000.0,750.0,14250.0
6569,605,1059,1,,,2,1,15000.0,750.0,14250.0
6570,596,152,1,,61,1,1,12000.0,1200.0,10800.0
6571,469,582,1,,977,1,3,10800.0,3240.0,29160.0
6572,396,1138,1,,,1,1,10800.0,0.0,10800.0
6573,296,1154,1,,838,2,3,15000.0,900.0,44100.0
6574,224,898,1,,436,1,2,12600.0,0.0,25200.0
6575,231,819,2,2,711,1,1,13200.0,1320.0,11880.0
6576,21,497,1,,1945,1,2,13200.0,0.0,26400.0
6577,602,95,1,,1310,2,3,15000.0,0.0,45000.0
6578,602,95,1,,1310,2,1,15000.0,300.0,14700.0
6579,484,423,2,3,2770,2,3,15750.0,2362.5,44887.5
6580,71,548,2,1,1830,1,3,12000.0,1800.0,34200.0
6581,570,234,2,1,231,2,1,16500.0,1650.0,14850.0
6582,570,234,2,1,231,2,2,16500.0,0.0,33000.0
6583,278,63,1,,1382,1,1,12000.0,240.0,11760.0
6584,278,63,1,,1382,1,2,12000.0,1200.0,22800.0
6585,192,1226,1,,1888,2,1,15000.0,0.0,15000.0
6586,498,33,2,2,693,1,2,12600.0,504.0,24696.0
6587,129,475,1,,1443,1,1,12000.0,1200.0,10800.0
6588,129,475,1,,1443,1,2,13200.0,1320.0,25080.0
6589,623,1359,2,2,2106,1,2,12600.0,504.0,24696.0
6590,405,401,2,2,2029,1,2,12000.0,480.0,23520.0
6591,560,1189,1,,,1,2,12000.0,2400.0,21600.0
6592,560,1189,1,,,1,1,12000.0,1200.0,10800.0
6593,488,824,2,4,2417,1,1,12000.0,0.0,12000.0
6594,330,648,1,,1499,2,2,15000.0,1500.0,28500.0
6595,569,894,2,4,1103,1,2,12000.0,0.0,24000.0
6596,246,1227,1,,3057,1,3,12000.0,3600.0,32400.0
6597,287,817,2,2,2536,2,2,15000.0,3000.0,27000.0
6598,287,817,2,2,2536,2,3,15750.0,2362.5,44887.5
6599,334,1335,2,2,2670,1,1,12600.0,252.0,12348.0
6600,334,1335,2,2,2670,2,3,15000.0,4500.0,40500.0
6601,334,1335,2,2,2670,1,1,12000.0,600.0,11400.0
6602,536,1224,2,3,967,2,2,15000.0,0.0,30000.0
6603,44,994,1,,2983,2,2,15750.0,0.0,31500.0
6604,44,994,1,,2983,1,2,12000.0,0.0,24000.0
6605,236,1304,2,3,491,2,1,15750.0,0.0,15750.0
6606,58,329,2,4,794,2,1,15000.0,750.0,14250.0
6607,26,548,1,,1310,2,1,13500.0,1350.0,12150.0
6608,99,942,1,,2465,1,3,12000.0,720.0,35280.0
6609,490,1276,2,2,468,1,2,12000.0,480.0,23520.0
6610,614,112,2,3,2772,2,1,15000.0,300.0,14700.0
6611,497,1224,1,,1805,2,1,15000.0,0.0,15000.0
6612,69,1132,1,,98,1,3,12000.0,0.0,36000.0
6613,495,256,2,4,1574,1,3,12600.0,3780.0,34020.0
6614,240,424,1,,356,1,3,12000.0,3600.0,32400.0
6615,122,554,2,1,2945,2,1,13500.0,0.0,13500.0
6616,122,554,2,1,2945,2,1,16500.0,1650.0,14850.0
6617,122,554,2,1,2945,1,2,13200.0,0.0,26400.0
6618,16,724,2,2,488,1,2,12000.0,2400.0,21600.0
6619,283,821,1,,800,1,3,10800.0,0.0,32400.0
6620,114,1022,2,2,2164,1,1,12000.0,240.0,11760.0
6621,440,200,1,,2697,2,3,15000.0,2250.0,42750.0
6622,440,200,1,,2697,1,3,12000.0,0.0,36000.0
6623,594,191,1,,437,1,2,10800.0,0.0,21600.0
6624,558,1079,2,3,2481,2,1,15000.0,1500.0,13500.0
6625,558,1079,2,3,2481,1,2,10800.0,0.0,21600.0
6626,256,656,2,1,2969,2,3,13500.0,2025.0,38475.0
6627,172,400,1,,1840,2,1,15000.0,1500.0,13500.0
6628,416,578,1,,1154,2,1,15000.0,300.0,14700.0
6629,416,578,1,,1154,1,1,12000.0,1200.0,10800.0
6630,70,812,2,3,1767,2,1,16500.0,330.0,16170.0
6631,70,812,2,3,1767,1,2,10800.0,0.0,21600.0
6632,70,812,2,3,1767,2,2,13500.0,1350.0,25650.0
6633,442,296,1,,1072,1,2,12600.0,1260.0,23940.0
6634,151,762,1,,2098,2,2,15750.0,3150.0,28350.0
6635,540,712,2,4,2917,1,1,12000.0,1200.0,10800.0
6636,127,80,2,1,2935,1,3,12000.0,3600.0,32400.0
6637,127,80,2,1,2935,2,1,16500.0,825.0,15675.0
6638,127,80,2,1,2935,1,3,10800.0,0.0,32400.0
6639,173,362,2,2,1712,1,1,12000.0,600.0,11400.0
6640,552,194,2,4,2308,2,3,15000.0,4500.0,40500.0
6641,469,1028,1,,732,2,2,15000.0,3000.0,27000.0
6642,177,20,1,,470,2,2,13500.0,1350.0,25650.0
6643,177,20,1,,470,2,3,15000.0,900.0,44100.0
6644,299,16,1,,1007,1,2,13200.0,528.0,25872.0
6645,503,1453,1,,2101,2,2,13500.0,0.0,27000.0
6646,116,1465,1,,2319,1,1,12000.0,240.0,11760.0
6647,116,1465,1,,2319,2,2,15000.0,0.0,30000.0
6648,116,1465,1,,2319,2,1,15750.0,787.5,14962.5
6649,47,147,1,,,2,2,15000.0,1500.0,28500.0
6650,448,144,2,2,2979,1,2,12600.0,504.0,24696.0
6651,448,144,2,2,2979,2,3,15000.0,2250.0,42750.0
6652,338,1425,1,,1853,1,3,10800.0,1620.0,30780.0
6653,338,1425,1,,1853,2,1,15000.0,750.0,14250.0
6654,236,665,2,4,1400,1,2,12000.0,1200.0,22800.0
6655,14,130,1,,175,1,3,12600.0,756.0,37044.0
6656,252,371,1,,1997,1,1,12600.0,252.0,12348.0
6657,500,343,2,2,2572,2,2,15000.0,3000.0,27000.0
6658,495,1281,2,4,1740,1,1,10800.0,0.0,10800.0
6659,207,1304,1,,561,1,2,12000.0,480.0,23520.0
6660,390,766,1,,1045,2,2,15000.0,600.0,29400.0
6661,390,766,1,,1045,1,1,12000.0,1200.0,10800.0
6662,312,845,1,,253,2,1,15750.0,315.0,15435.0
6663,312,845,1,,253,2,3,15000.0,0.0,45000.0
6664,121,35,2,3,2322,1,2,12000.0,480.0,23520.0
6665,455,47,2,3,350,1,1,10800.0,540.0,10260.0
6666,575,590,1,,2086,1,1,12000.0,1200.0,10800.0
6667,296,28,1,,1481,2,1,15000.0,1500.0,13500.0
6668,493,695,2,1,1601,1,3,13200.0,3960.0,35640.0
6669,493,695,2,1,1601,1,1,12000.0,240.0,11760.0
6670,425,1013,1,,1803,1,3,12600.0,0.0,37800.0
6671,425,1013,1,,1803,1,2,12000.0,480.0,23520.0
6672,575,159,2,2,,2,3,15000.0,0.0,45000.0
6673,575,159,2,2,,1,3,12000.0,720.0,35280.0
6674,459,589,1,,2336,1,1,12000.0,1200.0,10800.0
6675,459,589,1,,2336,2,1,16500.0,330.0,16170.0
6676,631,833,1,,2062,1,3,12000.0,0.0,36000.0
6677,631,833,1,,2062,1,3,12000.0,3600.0,32400.0
6678,263,211,1,,2553,2,1,13500.0,0.0,13500.0
6679,263,211,1,,2553,2,1,15750.0,0.0,15750.0
6680,295,208,2,3,,2,2,15750.0,0.0,31500.0
6681,509,1025,2,4,810,2,1,13500.0,1350.0,12150.0
6682,45,928,1,,,2,2,15000.0,0.0,30000.0
6683,447,852,1,,626,1,1,12000.0,1200.0,10800.0
6684,447,852,1,,626,2,2,15750.0,3150.0,28350.0
6685,46,687,2,1,155,2,2,15000.0,1500.0,28500.0
6686,46,687,2,1,155,1,3,12000.0,1800.0,34200.0
6687,46,687,2,1,155,1,3,12000.0,720.0,35280.0
6688,577,638,2,4,878,2,1,15750.0,0.0,15750.0
6689,336,1094,1,,2774,1,2,12000.0,2400.0,21600.0
6690,147,68,1,,512,2,2,15000.0,0.0,30000.0
6691,147,68,1,,512,2,2,15000.0,0.0,30000.0
6692,147,68,1,,512,1,3,10800.0,1620.0,30780.0
6693,198,1269,1,,1560,1,3,13200.0,3960.0,35640.0
6694,198,1269,1,,1560,2,3,15000.0,900.0,44100.0
6695,45,142,1,,502,2,2,13500.0,540.0,26460.0
6696,312,1205,1,,1012,1,2,12000.0,480.0,23520.0
6697,312,1205,1,,1012,2,1,15000.0,0.0,15000.0
6698,34,460,1,,452,2,3,15750.0,0.0,47250.0
6699,34,460,1,,452,2,2,16500.0,0.0,33000.0
6700,474,859,2,3,2726,1,1,12000.0,1200.0,10800.0
6701,153,1144,2,2,,1,2,10800.0,432.0,21168.0
6702,212,145,2,1,2562,1,3,12000.0,3600.0,32400.0
6703,114,1204,2,4,,2,1,15000.0,750.0,14250.0
6704,503,896,1,,1462,2,1,13500.0,270.0,13230.0
6705,503,896,1,,1462,1,3,12000.0,0.0,36000.0
6706,291,1144,1,,,1,1,10800.0,0.0,10800.0
6707,551,1007,2,4,1997,1,3,12000.0,1800.0,34200.0
6708,526,964,1,,,1,2,12000.0,0.0,24000.0
6709,132,496,1,,58,2,2,15000.0,600.0,29400.0
6710,297,483,2,4,1840,2,2,15000.0,0.0,30000.0
6711,297,483,2,4,1840,2,1,15000.0,300.0,14700.0
6712,209,418,1,,1604,2,3,15000.0,0.0,45000.0
6713,564,18,1,,1247,2,1,15000.0,1500.0,13500.0
6714,564,18,1,,1247,2,2,15000.0,1500.0,28500.0
6715,64,1104,1,,1166,1,3,12000.0,720.0,35280.0
6716,64,1104,1,,1166,1,3,10800.0,3240.0,29160.0
6717,401,706,1,,953,1,1,10800.0,216.0,10584.0
6718,568,460,1,,2107,1,2,12000.0,480.0,23520.0
6719,568,460,1,,2107,1,3,12000.0,0.0,36000.0
6720,568,460,1,,2107,2,2,16500.0,660.0,32340.0
6721,11,1424,1,,180,2,1,15000.0,300.0,14700.0
6722,73,519,1,,3104,1,1,12600.0,0.0,12600.0
6723,73,519,1,,3104,1,1,12000.0,1200.0,10800.0
6724,383,57,2,3,360,1,3,10800.0,0.0,32400.0
6725,383,57,2,3,360,2,3,15000.0,0.0,45000.0
6726,206,1013,1,,,1,3,10800.0,648.0,31752.0
6727,404,497,1,,2318,2,3,15000.0,900.0,44100.0
6728,364,724,1,,510,2,1,15000.0,0.0,15000.0
6729,126,1211,2,4,539,2,2,15000.0,3000.0,27000.0
6730,269,978,1,,1500,1,3,12000.0,0.0,36000.0
6731,260,67,2,4,2862,2,2,15000.0,0.0,30000.0
6732,406,694,2,4,1521,1,1,12000.0,0.0,12000.0
6733,406,694,2,4,1521,1,2,12000.0,480.0,23520.0
6734,356,4,1,,2620,1,3,12000.0,1800.0,34200.0
6735,407,434,1,,1181,1,2,12000.0,0.0,24000.0
6736,401,385,1,,138,1,1,12000.0,240.0,11760.0
6737,270,539,2,1,1172,1,2,10800.0,2160.0,19440.0
6738,147,306,1,,292,1,3,13200.0,3960.0,35640.0
6739,147,306,1,,292,2,1,13500.0,270.0,13230.0
6740,147,306,1,,292,2,2,13500.0,1350.0,25650.0
6741,356,441,1,,564,1,1,12000.0,600.0,11400.0
6742,356,441,1,,564,1,2,10800.0,1080.0,20520.0
6743,359,1090,1,,1558,2,2,15000.0,1500.0,28500.0
6744,359,1090,1,,1558,2,3,13500.0,810.0,39690.0
6745,462,1405,1,,,2,1,15000.0,300.0,14700.0
6746,32,712,1,,2093,2,1,16500.0,330.0,16170.0
6747,32,712,1,,2093,1,1,12600.0,630.0,11970.0
6748,141,66,1,,1270,1,1,12600.0,0.0,12600.0
6749,293,788,2,2,2208,1,2,12000.0,0.0,24000.0
6750,163,355,2,3,2090,1,3,13200.0,1980.0,37620.0
6751,618,913,1,,1683,2,1,15750.0,315.0,15435.0
6752,439,902,1,,641,1,1,12000.0,240.0,11760.0
6753,207,1123,2,2,2847,1,1,10800.0,540.0,10260.0
6754,169,776,2,1,,1,3,10800.0,0.0,32400.0
6755,169,776,2,1,,2,3,15000.0,900.0,44100.0
6756,169,776,2,1,,1,2,13200.0,0.0,26400.0
6757,175,811,1,,2628,1,1,12000.0,0.0,12000.0
6758,175,811,1,,2628,1,1,12000.0,600.0,11400.0
6759,608,1342,1,,968,1,3,12600.0,0.0,37800.0
6760,225,544,1,,252,2,2,16500.0,1650.0,31350.0
6761,528,277,1,,1915,1,1,12000.0,1200.0,10800.0
6762,328,922,2,3,2466,1,2,12000.0,2400.0,21600.0
6763,389,1327,1,,1838,1,2,12000.0,2400.0,21600.0
6764,9,147,2,4,2529,1,1,12000.0,240.0,11760.0
6765,292,761,2,2,1593,1,3,10800.0,648.0,31752.0
6766,472,1368,1,,2892,2,1,15000.0,300.0,14700.0
6767,472,1368,1,,2892,2,2,15750.0,1575.0,29925.0
6768,232,661,1,,2367,1,3,12000.0,3600.0,32400.0
6769,586,1348,2,3,2325,1,3,12000.0,3600.0,32400.0
6770,586,1348,2,3,2325,2,3,13500.0,2025.0,38475.0
6771,113,241,1,,3187,2,1,15000.0,0.0,15000.0
6772,65,273,1,,2638,1,3,12000.0,3600.0,32400.0
6773,65,273,1,,2638,2,1,13500.0,675.0,12825.0
6774,250,156,2,2,106,1,1,12000.0,240.0,11760.0
6775,164,1492,1,,158,1,3,10800.0,3240.0,29160.0
6776,164,1492,1,,158,2,2,16500.0,660.0,32340.0
6777,198,1123,2,1,336,2,1,15000.0,0.0,15000.0
6778,358,773,2,3,,2,3,15000.0,900.0,44100.0
6779,36,79,2,3,1595,2,2,15000.0,1500.0,28500.0
6780,36,79,2,3,1595,1,2,12000.0,480.0,23520.0
6781,180,262,1,,189,1,2,12000.0,1200.0,22800.0
6782,346,1040,2,2,,2,2,16500.0,3300.0,29700.0
6783,346,1040,2,2,,1,2,12000.0,1200.0,22800.0
6784,346,1040,2,2,,1,3,12000.0,0.0,36000.0
6785,629,1250,2,3,3138,2,2,13500.0,0.0,27000.0
6786,533,717,1,,2535,2,3,13500.0,810.0,39690.0
6787,533,717,1,,2535,1,1,12000.0,1200.0,10800.0
6788,265,173,1,,2343,1,2,12000.0,480.0,23520.0
6789,391,1011,1,,156,1,2,12000.0,0.0,24000.0
6790,391,1011,1,,156,1,1,12000.0,1200.0,10800.0
6791,469,276,1,,1329,2,3,15750.0,2362.5,44887.5
6792,65,803,1,,3169,2,1,15000.0,1500.0,13500.0
6793,65,803,1,,3169,2,3,15000.0,4500.0,40500.0
6794,65,803,1,,3169,2,1,15000.0,1500.0,13500.0
6795,285,177,2,4,2083,1,1,10800.0,0.0,10800.0
6796,118,1042,1,,892,1,3,12000.0,3600.0,32400.0
6797,579,809,1,,,2,1,13500.0,1350.0,12150.0
6798,133,257,2,3,987,1,1,12000.0,1200.0,10800.0
6799,133,257,2,3,987,1,3,12600.0,756.0,37044.0
6800,49,649,2,2,37,1,1,12000.0,240.0,11760.0
6801,466,964,2,3,2724,2,2,15750.0,630.0,30870.0
6802,168,1349,2,2,234,2,3,15000.0,900.0,44100.0
6803,486,1418,1,,1423,1,1,13200.0,660.0,12540.0
6804,429,1396,2,3,1230,1,3,12600.0,3780.0,34020.0
6805,550,152,2,3,3071,1,1,13200.0,660.0,12540.0
6806,550,577,2,1,1521,2,2,15000.0,0.0,30000.0
6807,550,577,2,1,1521,1,3,12000.0,3600.0,32400.0
6808,433,112,1,,2032,2,2,15000.0,0.0,30000.0
6809,523,1216,1,,,1,3,12000.0,1800.0,34200.0
6810,519,473,2,2,68,2,3,15000.0,0.0,45000.0
6811,496,343,1,,,2,3,16500.0,4950.0,44550.0
6812,496,343,1,,,2,3,15000.0,4500.0,40500.0
6813,596,821,1,,1489,1,1,13200.0,264.0,12936.0
6814,161,108,1,,44,1,1,12000.0,600.0,11400.0
6815,161,108,1,,44,2,1,16500.0,1650.0,14850.0
6816,599,687,1,,2883,1,3,12000.0,0.0,36000.0
6817,599,687,1,,2883,1,2,12000.0,2400.0,21600.0
6818,604,520,1,,1052,1,1,12000.0,240.0,11760.0
6819,331,1426,2,2,1412,1,1,12000.0,240.0,11760.0
6820,77,1008,1,,3103,2,1,15000.0,1500.0,13500.0
6821,77,1008,1,,3103,2,1,15000.0,1500.0,13500.0
6822,77,1008,1,,3103,1,1,13200.0,660.0,12540.0
6823,167,1449,2,1,2791,1,1,12600.0,0.0,12600.0
6824,167,1449,2,1,2791,1,2,12000.0,1200.0,22800.0
6825,476,109,1,,762,1,2,13200.0,1320.0,25080.0
6826,553,23,1,,2296,2,3,15000.0,900.0,44100.0
6827,203,820,1,,2389,1,1,13200.0,264.0,12936.0
6828,203,820,1,,2389,1,3,12600.0,1890.0,35910.0
6829,241,824,1,,325,2,3,15000.0,4500.0,40500.0
6830,148,641,2,1,1716,1,1,12000.0,240.0,11760.0
6831,148,641,2,1,1716,2,1,16500.0,825.0,15675.0
6832,506,1206,1,,819,1,2,12000.0,2400.0,21600.0
6833,37,446,2,2,951,1,2,12000.0,480.0,23520.0
6834,133,497,2,2,625,2,3,15000.0,900.0,44100.0
6835,25,882,2,3,1338,2,3,15000.0,900.0,44100.0
6836,25,882,2,3,1338,1,1,12600.0,1260.0,11340.0
6837,25,882,2,3,1338,1,2,12000.0,1200.0,22800.0
6838,44,1477,1,,2879,2,2,15000.0,0.0,30000.0
6839,414,1129,2,1,2426,1,3,12000.0,1800.0,34200.0
6840,49,144,2,1,1452,2,2,15000.0,1500.0,28500.0
6841,417,6,2,2,1693,2,2,16500.0,0.0,33000.0
6842,400,107,2,1,2036,1,2,12000.0,1200.0,22800.0
6843,631,1033,1,,2846,1,3,12000.0,720.0,35280.0
6844,594,297,1,,1798,1,1,10800.0,216.0,10584.0
6845,546,529,1,,1830,2,2,13500.0,540.0,26460.0
6846,332,1371,2,3,2847,1,1,12000.0,600.0,11400.0
6847,38,219,2,2,825,1,1,12000.0,0.0,12000.0
6848,557,405,1,,1904,1,1,12000.0,240.0,11760.0
6849,385,954,1,,,1,3,10800.0,648.0,31752.0
6850,312,963,1,,2808,1,1,13200.0,660.0,12540.0
6851,312,963,1,,2808,2,2,15750.0,3150.0,28350.0
6852,312,963,1,,2808,1,3,12000.0,720.0,35280.0
6853,500,1171,1,,2853,1,3,12000.0,3600.0,32400.0
6854,500,1171,1,,2853,1,1,12600.0,1260.0,11340.0
6855,122,413,2,3,,2,1,15000.0,0.0,15000.0
6856,377,1137,2,1,2927,1,1,12000.0,1200.0,10800.0
6857,603,884,2,4,2342,1,2,12000.0,0.0,24000.0
6858,272,1285,2,1,3105,2,3,15000.0,0.0,45000.0
6859,272,1285,2,1,3105,2,3,15000.0,4500.0,40500.0
6860,551,983,2,2,2696,1,2,12000.0,2400.0,21600.0
6861,9,247,2,4,,1,3,12000.0,3600.0,32400.0
6862,476,1081,2,4,749,1,2,12000.0,480.0,23520.0
6863,289,253,1,,1575,1,3,12000.0,3600.0,32400.0
6864,311,1473,1,,1091,1,2,12000.0,480.0,23520.0
6865,311,1473,1,,1091,2,3,13500.0,2025.0,38475.0
6866,311,1473,1,,1091,2,1,15750.0,315.0,15435.0
6867,111,329,1,,,1,1,13200.0,660.0,12540.0
6868,413,671,1,,1429,1,3,12600.0,756.0,37044.0
6869,413,671,1,,1429,1,2,12600.0,504.0,24696.0
6870,248,282,1,,855,2,3,15000.0,4500.0,40500.0
6871,277,583,2,3,3115,1,3,12000.0,720.0,35280.0
6872,106,1052,2,3,2034,2,2,15000.0,3000.0,27000.0
6873,437,552,1,,2745,1,3,12600.0,1890.0,35910.0
6874,352,503,2,4,1297,1,1,12000.0,0.0,12000.0
6875,352,503,2,4,1297,2,2,15000.0,1500.0,28500.0
6876,371,46,2,4,2313,1,2,12600.0,504.0,24696.0
6877,371,46,2,4,2313,2,1,15000.0,750.0,14250.0
6878,2,594,1,,3037,2,2,15000.0,1500.0,28500.0
6879,2,594,1,,3037,2,2,15000.0,600.0,29400.0
6880,4,719,1,,1302,2,2,16500.0,660.0,32340.0
6881,319,1084,1,,2695,2,1,13500.0,0.0,13500.0
6882,400,12,2,4,1840,2,1,16500.0,825.0,15675.0
6883,400,12,2,4,1840,1,2,12000.0,2400.0,21600.0
6884,539,1479,2,4,625,1,3,12000.0,1800.0,34200.0
6885,498,122,1,,690,2,2,13500.0,1350.0,25650.0
6886,586,598,1,,1812,1,2,12000.0,2400.0,21600.0
6887,410,1156,1,,3014,1,3,12000.0,3600.0,32400.0
6888,410,1156,1,,3014,1,3,12600.0,0.0,37800.0
6889,80,1035,2,2,,2,3,15000.0,900.0,44100.0
6890,285,811,2,3,752,2,1,15000.0,750.0,14250.0
6891,341,69,1,,597,1,1,12600.0,1260.0,11340.0
6892,341,69,1,,597,1,3,12000.0,1800.0,34200.0
6893,341,69,1,,597,1,2,12000.0,480.0,23520.0
6894,206,1496,2,1,946,1,3,12000.0,0.0,36000.0
6895,41,605,1,,2259,2,2,15750.0,3150.0,28350.0
6896,300,1378,2,4,2349,1,2,12000.0,480.0,23520.0
6897,409,606,1,,634,2,3,13500.0,810.0,39690.0
6898,61,59,1,,1616,2,1,15000.0,0.0,15000.0
6899,533,421,1,,705,2,3,15000.0,2250.0,42750.0
6900,228,1334,2,1,495,1,1,12000.0,1200.0,10800.0
6901,317,983,1,,2988,1,3,12000.0,720.0,35280.0
6902,59,676,1,,350,2,2,15000.0,1500.0,28500.0
6903,453,1394,2,3,3090,1,3,12000.0,1800.0,34200.0
6904,326,953,1,,,2,3,15750.0,4725.0,42525.0
6905,367,401,2,2,,2,3,15000.0,0.0,45000.0
6906,9,1367,1,,2522,1,3,12000.0,0.0,36000.0
6907,393,662,1,,675,1,3,12600.0,1890.0,35910.0
6908,393,662,1,,675,1,3,12000.0,1800.0,34200.0
6909,283,684,2,3,90,1,2,13200.0,2640.0,23760.0
6910,283,684,2,3,90,2,1,15000.0,750.0,14250.0
6911,239,914,2,4,1524,2,1,15000.0,300.0,14700.0
6912,426,235,2,3,,1,1,12600.0,0.0,12600.0
6913,514,223,2,2,1109,2,3,15000.0,4500.0,40500.0
6914,514,223,2,2,1109,2,2,15000.0,0.0,30000.0
6915,515,38,1,,,2,2,13500.0,2700.0,24300.0
6916,102,482,1,,,1,2,10800.0,432.0,21168.0
6917,526,1352,1,,916,1,3,10800.0,648.0,31752.0
6918,526,1352,1,,916,1,1,12000.0,0.0,12000.0
6919,40,385,2,1,155,1,2,13200.0,1320.0,25080.0
6920,77,126,1,,2527,2,1,13500.0,0.0,13500.0
6921,82,635,1,,2050,2,2,15000.0,0.0,30000.0
6922,78,709,1,,2494,2,3,13500.0,0.0,40500.0
6923,88,1469,2,4,101,1,2,12000.0,1200.0,22800.0
6924,437,752,1,,529,1,1,10800.0,0.0,10800.0
6925,482,1366,2,2,1357,2,1,15750.0,0.0,15750.0
6926,482,1366,2,2,1357,1,3,13200.0,792.0,38808.0
6927,337,474,2,1,125,1,1,12000.0,600.0,11400.0
6928,579,136,1,,1248,2,3,13500.0,2025.0,38475.0
6929,208,930,1,,600,1,1,13200.0,660.0,12540.0
6930,208,930,1,,600,1,3,12000.0,0.0,36000.0
6931,288,150,1,,1730,1,2,12000.0,2400.0,21600.0
6932,488,836,1,,2935,1,2,12000.0,2400.0,21600.0
6933,488,836,1,,2935,1,2,12000.0,1200.0,22800.0
6934,488,836,1,,2935,2,1,13500.0,0.0,13500.0
6935,556,779,1,,1402,2,3,15000.0,2250.0,42750.0
6936,167,127,1,,3077,2,3,16500.0,0.0,49500.0
6937,336,1409,1,,2804,2,1,15000.0,300.0,14700.0
6938,238,1475,2,1,,2,3,16500.0,0.0,49500.0
6939,238,1475,2,1,,2,3,15000.0,4500.0,40500.0
6940,352,222,2,3,2038,1,3,12000.0,720.0,35280.0
6941,369,1396,1,,1465,1,1,12000.0,240.0,11760.0
6942,314,1132,2,3,2865,1,2,10800.0,432.0,21168.0
6943,314,1132,2,3,2865,1,2,12000.0,480.0,23520.0
6944,544,1301,2,2,,1,2,12000.0,480.0,23520.0
6945,544,1301,2,2,,2,1,15000.0,750.0,14250.0
6946,305,42,2,4,1333,1,3,12000.0,3600.0,32400.0
6947,491,900,1,,927,2,3,15000.0,2250.0,42750.0
6948,43,890,1,,489,1,2,12000.0,480.0,23520.0
6949,72,303,2,4,2891,1,1,12000.0,0.0,12000.0
6950,145,754,2,2,724,2,3,15000.0,900.0,44100.0
6951,469,1023,2,4,1893,2,2,13500.0,1350.0,25650.0
6952,462,163,2,2,2129,1,3,13200.0,792.0,38808.0
6953,37,682,2,3,2754,2,3,13500.0,810.0,39690.0
6954,478,680,1,,1231,1,2,12000.0,2400.0,21600.0
6955,94,1340,1,,1984,2,3,15750.0,0.0,47250.0
6956,204,412,1,,1356,2,3,15000.0,900.0,44100.0
6957,205,384,1,,567,2,3,16500.0,0.0,49500.0
6958,412,949,1,,,2,3,15000.0,4500.0,40500.0
6959,108,630,2,3,1210,1,3,12600.0,0.0,37800.0
6960,228,1480,2,3,2857,2,3,15000.0,4500.0,40500.0
6961,47,493,1,,2306,1,1,10800.0,1080.0,9720.0
6962,302,337,2,1,36,2,2,15000.0,1500.0,28500.0
6963,153,1364,1,,740,1,2,12000.0,0.0,24000.0
6964,385,357,1,,456,1,3,12000.0,3600.0,32400.0
6965,511,532,2,2,202,1,1,12600.0,252.0,12348.0
6966,608,781,2,3,11,2,1,15000.0,300.0,14700.0
6967,608,781,2,3,11,1,2,12000.0,480.0,23520.0
6968,375,659,1,,1615,1,2,12000.0,480.0,23520.0
6969,66,382,2,2,2010,2,3,15000.0,0.0,45000.0
6970,241,1048,2,4,,2,2,15000.0,3000.0,27000.0
6971,304,855,1,,,2,3,15000.0,0.0,45000.0
6972,550,1413,2,1,1014,1,1,12000.0,0.0,12000.0
6973,435,1304,2,3,806,2,3,15000.0,2250.0,42750.0
6974,533,1015,2,4,2363,1,2,12000.0,2400.0,21600.0
6975,394,796,2,1,1466,1,2,12000.0,2400.0,21600.0
6976,39,877,2,2,241,1,2,12000.0,0.0,24000.0
6977,349,658,1,,3191,2,2,15000.0,600.0,29400.0
6978,239,451,2,2,182,2,1,15000.0,0.0,15000.0
6979,239,451,2,2,182,2,2,13500.0,2700.0,24300.0
6980,636,1007,1,,2209,2,1,15000.0,1500.0,13500.0
6981,636,1007,1,,2209,2,2,13500.0,2700.0,24300.0
6982,74,1071,2,2,1100,1,2,12600.0,0.0,25200.0
6983,264,326,2,3,809,1,3,12000.0,720.0,35280.0
6984,589,1329,1,,102,1,1,12000.0,240.0,11760.0
6985,271,403,1,,2210,1,1,13200.0,0.0,13200.0
6986,295,138,2,1,797,1,2,13200.0,0.0,26400.0
6987,140,821,1,,930,2,1,13500.0,0.0,13500.0
6988,531,607,1,,88,2,3,15000.0,900.0,44100.0
6989,509,1210,2,2,1837,1,3,12000.0,3600.0,32400.0
6990,259,211,2,4,109,1,3,12600.0,3780.0,34020.0
6991,155,1217,2,1,,1,1,12000.0,240.0,11760.0
6992,155,1217,2,1,,1,2,12000.0,480.0,23520.0
6993,244,630,2,1,3033,1,2,12000.0,480.0,23520.0
6994,59,1127,1,,69,2,3,15000.0,4500.0,40500.0
6995,59,1127,1,,69,1,1,13200.0,1320.0,11880.0
6996,176,1339,1,,1399,2,1,15000.0,0.0,15000.0
6997,580,1296,1,,3192,2,2,15000.0,1500.0,28500.0
6998,188,408,2,3,,2,3,13500.0,810.0,39690.0
6999,599,1056,1,,1584,2,1,15750.0,315.0,15435.0
7000,81,349,1,,2285,2,2,16500.0,3300.0,29700.0
7001,170,151,2,2,2595,1,1,12000.0,0.0,12000.0
7002,282,1261,1,,3144,1,2,10800.0,432.0,21168.0
7003,258,676,1,,,2,2,15000.0,600.0,29400.0
7004,185,77,1,,2126,1,3,12000.0,3600.0,32400.0
7005,613,1171,1,,,2,3,15000.0,2250.0,42750.0
7006,613,1171,1,,,1,1,13200.0,1320.0,11880.0
7007,593,1339,1,,2045,2,2,15000.0,600.0,29400.0
7008,222,711,2,2,2608,2,1,16500.0,1650.0,14850.0
7009,534,1140,2,2,669,2,2,15000.0,600.0,29400.0
7010,123,1176,1,,1305,2,2,15000.0,600.0,29400.0
7011,616,265,1,,639,1,3,12000.0,3600.0,32400.0
7012,421,711,2,3,2256,1,2,13200.0,528.0,25872.0
7013,463,490,1,,1805,2,1,15000.0,1500.0,13500.0
7014,463,490,1,,1805,1,1,10800.0,1080.0,9720.0
7015,496,837,1,,,1,3,13200.0,3960.0,35640.0
7016,600,180,1,,2414,2,2,15000.0,600.0,29400.0
7017,600,180,1,,2414,2,1,15750.0,315.0,15435.0
7018,625,452,2,2,1615,1,1,10800.0,0.0,10800.0
7019,625,452,2,2,1615,1,1,12000.0,1200.0,10800.0
7020,474,644,1,,801,2,2,15000.0,3000.0,27000.0
7021,506,1276,2,4,1685,1,3,12000.0,720.0,35280.0
7022,512,370,1,,2655,1,1,12000.0,240.0,11760.0
7023,305,455,1,,1100,2,3,13500.0,0.0,40500.0
7024,48,275,1,,837,1,1,12600.0,630.0,11970.0
7025,593,1420,2,1,1290,2,1,13500.0,270.0,13230.0
7026,593,1420,2,1,1290,1,3,12000.0,720.0,35280.0
7027,593,1420,2,1,1290,1,1,12000.0,600.0,11400.0
7028,71,808,1,,2067,2,1,15000.0,300.0,14700.0
7029,71,808,1,,2067,2,1,15000.0,1500.0,13500.0
7030,383,535,1,,1363,1,2,12000.0,2400.0,21600.0
7031,383,535,1,,1363,2,2,15000.0,600.0,29400.0
7032,174,179,1,,2516,2,3,15000.0,900.0,44100.0
7033,603,267,2,2,74,1,3,12000.0,3600.0,32400.0
7034,62,1382,1,,2800,2,3,16500.0,4950.0,44550.0
7035,62,1382,1,,2800,2,3,15750.0,2362.5,44887.5
7036,587,934,2,4,2357,1,1,12000.0,1200.0,10800.0
7037,587,934,2,4,2357,1,3,13200.0,792.0,38808.0
7038,493,1217,1,,586,2,2,15000.0,600.0,29400.0
7039,632,209,1,,76,2,3,15000.0,4500.0,40500.0
7040,530,1317,2,3,55,2,1,15000.0,300.0,14700.0
7041,621,873,2,1,120,2,3,15000.0,900.0,44100.0
7042,621,873,2,1,120,2,3,16500.0,0.0,49500.0
7043,597,133,2,4,1001,2,2,15000.0,1500.0,28500.0
7044,317,220,2,3,,1,2,12600.0,0.0,25200.0
7045,273,848,1,,,1,1,12000.0,240.0,11760.0
7046,456,1090,1,,,1,2,12000.0,480.0,23520.0
7047,448,494,1,,867,1,2,12000.0,480.0,23520.0
7048,237,991,2,3,2832,1,1,12600.0,0.0,12600.0
7049,584,32,2,2,1082,2,3,15000.0,4500.0,40500.0
7050,116,840,2,3,3098,1,2,12000.0,480.0,23520.0
7051,130,829,2,3,2276,2,2,15000.0,1500.0,28500.0
7052,617,685,1,,709,2,3,13500.0,810.0,39690.0
7053,153,1303,1,,638,2,3,15000.0,0.0,45000.0
7054,163,514,1,,,1,2,12000.0,0.0,24000.0
7055,163,514,1,,,2,2,15000.0,3000.0,27000.0
7056,638,131,2,2,1616,1,1,13200.0,264.0,12936.0
7057,584,680,1,,2007,1,3,10800.0,648.0,31752.0
7058,132,165,1,,1585,2,2,15750.0,630.0,30870.0
7059,187,1409,2,2,769,2,3,15000.0,0.0,45000.0
7060,430,548,2,2,,2,1,15000.0,0.0,15000.0
7061,197,941,1,,125,2,3,15000.0,4500.0,40500.0
7062,197,941,1,,125,2,2,15750.0,1575.0,29925.0
7063,23,456,2,3,1706,1,1,12000.0,1200.0,10800.0
7064,70,675,1,,30,2,2,15000.0,0.0,30000.0
7065,405,303,1,,1481,2,3,15000.0,2250.0,42750.0
7066,342,1371,2,4,438,1,3,12000.0,1800.0,34200.0
7067,278,225,2,3,340,2,2,15750.0,1575.0,29925.0
7068,179,741,1,,1005,2,1,15000.0,300.0,14700.0
7069,220,507,2,4,3049,2,3,15000.0,2250.0,42750.0
7070,354,381,1,,,1,2,12000.0,2400.0,21600.0
7071,380,166,2,4,2355,1,2,10800.0,0.0,21600.0
7072,380,166,2,4,2355,2,1,15000.0,750.0,14250.0
7073,186,1440,2,3,2028,2,2,15000.0,600.0,29400.0
7074,79,1400,1,,3175,2,2,13500.0,1350.0,25650.0
7075,593,627,1,,2026,2,3,15000.0,900.0,44100.0
7076,119,638,1,,350,1,3,12000.0,0.0,36000.0
7077,21,703,2,1,1654,1,1,13200.0,0.0,13200.0
7078,418,1315,2,1,,1,3,12000.0,3600.0,32400.0
7079,418,1315,2,1,,1,3,12000.0,3600.0,32400.0
7080,466,540,1,,3158,1,2,12000.0,1200.0,22800.0
7081,466,540,1,,3158,1,1,12000.0,0.0,12000.0
7082,484,352,1,,1514,2,2,15000.0,0.0,30000.0
7083,259,565,1,,2763,2,3,15000.0,0.0,45000.0
7084,356,549,1,,848,2,1,15750.0,1575.0,14175.0
7085,198,1273,1,,2756,1,3,12000.0,3600.0,32400.0
7086,198,1273,1,,2756,1,1,12000.0,600.0,11400.0
7087,198,1273,1,,2756,1,3,12000.0,720.0,35280.0
7088,180,713,1,,2666,1,2,12000.0,2400.0,21600.0
7089,590,1439,1,,545,2,3,13500.0,0.0,40500.0
7090,590,1439,1,,545,2,1,13500.0,675.0,12825.0
7091,238,1070,1,,3194,1,2,12000.0,1200.0,22800.0
7092,136,281,2,1,1029,2,3,15000.0,900.0,44100.0
7093,136,281,2,1,1029,1,2,12000.0,2400.0,21600.0
7094,131,250,1,,2722,1,3,12000.0,720.0,35280.0
7095,373,728,1,,2121,1,2,12000.0,0.0,24000.0
7096,109,758,1,,2452,1,1,12000.0,0.0,12000.0
7097,157,486,1,,1304,1,2,12600.0,1260.0,23940.0
7098,38,284,2,2,791,1,3,10800.0,0.0,32400.0
7099,38,284,2,2,791,2,2,15000.0,600.0,29400.0
7100,489,391,1,,959,1,2,12000.0,2400.0,21600.0
7101,634,326,1,,2279,2,2,13500.0,2700.0,24300.0
7102,79,511,1,,935,1,2,10800.0,2160.0,19440.0
7103,445,866,1,,1213,1,2,12000.0,1200.0,22800.0
7104,92,494,2,1,1413,2,1,15000.0,0.0,15000.0
7105,92,494,2,1,1413,2,3,15000.0,900.0,44100.0
7106,461,761,1,,3002,1,1,10800.0,216.0,10584.0
7107,193,1105,1,,697,1,3,12000.0,3600.0,32400.0
7108,193,1105,1,,697,1,2,13200.0,528.0,25872.0
7109,193,1105,1,,697,1,3,10800.0,0.0,32400.0
7110,266,809,1,,,1,1,12000.0,1200.0,10800.0
7111,191,1259,2,1,936,2,2,15000.0,3000.0,27000.0
7112,191,1259,2,1,936,2,1,15000.0,300.0,14700.0
7113,394,72,1,,1101,1,1,12000.0,0.0,12000.0
7114,530,962,1,,924,2,1,15000.0,300.0,14700.0
7115,530,962,1,,924,2,3,13500.0,4050.0,36450.0
7116,530,962,1,,924,1,2,12000.0,1200.0,22800.0
7117,322,365,1,,41,1,1,12000.0,240.0,11760.0
7118,344,1440,1,,1564,1,2,12600.0,1260.0,23940.0
7119,344,1440,1,,1564,2,3,15000.0,4500.0,40500.0
7120,208,535,2,1,2748,1,3,10800.0,648.0,31752.0
7121,399,638,2,1,352,1,3,12000.0,0.0,36000.0
7122,85,1322,1,,2996,2,1,15000.0,300.0,14700.0
7123,404,846,1,,91,1,1,12000.0,1200.0,10800.0
7124,184,212,1,,1993,1,2,12000.0,0.0,24000.0
7125,184,212,1,,1993,1,2,12000.0,1200.0,22800.0
7126,600,155,2,3,,2,1,13500.0,1350.0,12150.0
7127,272,1463,2,4,2625,2,2,15000.0,1500.0,28500.0
7128,202,328,2,1,886,2,3,15750.0,0.0,47250.0
7129,216,618,1,,754,1,3,12000.0,3600.0,32400.0
7130,460,440,2,3,1473,2,1,16500.0,1650.0,14850.0
7131,460,440,2,3,1473,1,1,12000.0,0.0,12000.0
7132,221,670,2,4,1712,1,3,12600.0,3780.0,34020.0
7133,221,670,2,4,1712,1,1,12600.0,0.0,12600.0
7134,579,578,1,,184,2,1,15000.0,750.0,14250.0
7135,336,246,2,3,1372,1,1,12000.0,0.0,12000.0
7136,164,1308,1,,893,2,3,15000.0,2250.0,42750.0
7137,164,1308,1,,893,1,3,12000.0,720.0,35280.0
7138,83,614,2,3,,1,3,10800.0,648.0,31752.0
7139,212,260,1,,13,1,1,12000.0,600.0,11400.0
7140,602,828,1,,561,2,3,15000.0,2250.0,42750.0
7141,399,853,1,,2560,2,3,15000.0,4500.0,40500.0
7142,122,891,1,,,2,1,15000.0,300.0,14700.0
7143,122,891,1,,,1,2,12000.0,0.0,24000.0
7144,122,891,1,,,2,3,15000.0,0.0,45000.0
7145,639,951,2,2,454,2,3,15000.0,0.0,45000.0
7146,597,1005,2,3,1492,2,2,15000.0,0.0,30000.0
7147,105,201,2,4,2775,1,2,12600.0,0.0,25200.0
7148,373,100,2,1,1750,2,2,15000.0,600.0,29400.0
7149,7,164,1,,2561,2,3,16500.0,2475.0,47025.0
7150,337,1194,2,3,859,1,2,12000.0,1200.0,22800.0
7151,579,290,1,,2371,1,3,12000.0,720.0,35280.0
7152,579,290,1,,2371,2,2,13500.0,0.0,27000.0
7153,188,101,1,,1007,2,2,15000.0,600.0,29400.0
7154,418,1082,1,,704,2,1,15000.0,1500.0,13500.0
7155,174,1076,2,1,2916,2,2,15000.0,600.0,29400.0
7156,375,330,2,3,317,1,3,12000.0,1800.0,34200.0
7157,375,330,2,3,317,1,1,12000.0,0.0,12000.0
7158,440,212,1,,118,1,1,12000.0,240.0,11760.0
7159,630,504,1,,1575,1,2,12000.0,0.0,24000.0
7160,630,504,1,,1575,1,2,10800.0,1080.0,20520.0
7161,401,637,1,,1902,1,2,12600.0,0.0,25200.0
7162,401,637,1,,1902,2,3,13500.0,4050.0,36450.0
7163,341,485,1,,,1,1,12000.0,600.0,11400.0
7164,404,1322,1,,2225,2,3,15000.0,2250.0,42750.0
7165,518,303,2,4,2041,2,3,15000.0,4500.0,40500.0
7166,622,724,2,1,2570,1,3,12000.0,0.0,36000.0
7167,102,1086,2,1,3105,1,2,12000.0,0.0,24000.0
7168,102,1086,2,1,3105,1,3,12000.0,1800.0,34200.0
7169,440,514,2,1,609,2,3,15000.0,2250.0,42750.0
7170,20,1475,1,,462,1,3,12000.0,0.0,36000.0
7171,20,1475,1,,462,2,1,13500.0,0.0,13500.0
7172,501,963,1,,,1,3,12000.0,720.0,35280.0
7173,132,330,2,3,,2,2,15000.0,0.0,30000.0
7174,614,435,2,2,1712,1,1,10800.0,0.0,10800.0
7175,614,435,2,2,1712,1,3,12000.0,3600.0,32400.0
7176,125,1292,1,,778,2,2,15000.0,3000.0,27000.0
7177,458,983,1,,2935,1,1,13200.0,0.0,13200.0
7178,458,983,1,,2935,1,3,12000.0,0.0,36000.0
7179,164,1235,1,,3138,1,1,12600.0,0.0,12600.0
7180,164,1235,1,,3138,2,2,15000.0,600.0,29400.0
7181,269,788,2,4,942,1,3,13200.0,1980.0,37620.0
7182,118,786,2,4,740,2,1,15000.0,300.0,14700.0
7183,139,1323,1,,3119,2,1,15000.0,1500.0,13500.0
7184,512,902,2,3,2739,1,1,10800.0,1080.0,9720.0
7185,512,902,2,3,2739,2,1,15000.0,0.0,15000.0
7186,17,1220,2,3,2092,1,3,13200.0,3960.0,35640.0
7187,467,1315,2,2,557,2,1,15000.0,1500.0,13500.0
7188,467,1315,2,2,557,1,2,12000.0,2400.0,21600.0
7189,63,774,1,,794,1,2,10800.0,2160.0,19440.0
7190,555,454,1,,2885,2,3,15000.0,4500.0,40500.0
7191,240,1309,1,,1980,1,1,12600.0,252.0,12348.0
7192,394,1108,1,,1409,1,3,12000.0,0.0,36000.0
7193,394,1108,1,,1409,2,3,15000.0,2250.0,42750.0
7194,623,596,2,3,3043,2,2,15750.0,630.0,30870.0
7195,623,596,2,3,3043,2,2,15000.0,3000.0,27000.0
7196,506,283,2,4,1499,1,3,12600.0,756.0,37044.0
7197,506,283,2,4,1499,2,1,15750.0,315.0,15435.0
7198,342,1406,1,,1634,1,2,12000.0,2400.0,21600.0
7199,52,382,1,,1962,2,3,15000.0,0.0,45000.0
7200,167,651,2,4,1668,1,1,12000.0,1200.0,10800.0
7201,188,1160,1,,762,1,1,12000.0,1200.0,10800.0
7202,555,414,2,2,,2,1,15000.0,750.0,14250.0
7203,510,323,2,3,183,1,1,12600.0,252.0,12348.0
7204,298,824,1,,2137,2,1,15000.0,1500.0,13500.0
7205,323,1340,1,,1124,1,1,12600.0,1260.0,11340.0
7206,323,1340,1,,1124,2,2,13500.0,2700.0,24300.0
7207,323,1340,1,,1124,2,2,15000.0,1500.0,28500.0
7208,452,40,2,3,557,1,1,12000.0,0.0,12000.0
7209,452,40,2,3,557,1,2,12000.0,480.0,23520.0
7210,638,1456,1,,2074,1,3,13200.0,792.0,38808.0
7211,396,680,1,,2653,2,1,15000.0,750.0,14250.0
7212,212,995,1,,1979,1,3,12000.0,1800.0,34200.0
7213,6,27,2,4,3049,2,2,13500.0,0.0,27000.0
7214,326,54,1,,1435,2,1,15000.0,1500.0,13500.0
7215,428,623,1,,,1,2,12000.0,0.0,24000.0
7216,428,623,1,,,1,1,10800.0,0.0,10800.0
7217,406,758,2,1,2532,1,2,12000.0,2400.0,21600.0
7218,392,997,1,,1322,1,3,12000.0,720.0,35280.0
7219,380,1433,1,,609,2,2,15000.0,600.0,29400.0
7220,380,1433,1,,609,1,1,12000.0,0.0,12000.0
7221,608,61,1,,196,1,2,10800.0,432.0,21168.0
7222,608,61,1,,196,1,2,10800.0,2160.0,19440.0
7223,329,1092,1,,984,2,3,15750.0,4725.0,42525.0
7224,337,250,1,,2316,2,2,15000.0,0.0,30000.0
7225,579,1043,2,1,112,1,1,10800.0,1080.0,9720.0
7226,134,101,1,,,1,3,10800.0,3240.0,29160.0
7227,36,719,1,,1212,2,1,15000.0,300.0,14700.0
7228,235,544,1,,1975,2,1,13500.0,675.0,12825.0
7229,112,1082,1,,631,2,2,15000.0,600.0,29400.0
7230,112,1082,1,,631,1,3,12600.0,0.0,37800.0
7231,425,415,1,,1635,1,3,12000.0,3600.0,32400.0
7232,233,1428,1,,14,1,2,10800.0,1080.0,20520.0
7233,233,1428,1,,14,1,2,12000.0,480.0,23520.0
7234,491,322,2,2,,1,3,12000.0,720.0,35280.0
7235,534,124,2,3,2778,2,3,15000.0,900.0,44100.0
7236,426,272,1,,3013,2,3,16500.0,990.0,48510.0
7237,426,272,1,,3013,2,2,15000.0,3000.0,27000.0
7238,549,589,1,,1267,1,2,12600.0,2520.0,22680.0
7239,549,589,1,,1267,2,3,15000.0,900.0,44100.0
7240,30,505,2,2,1590,2,3,15000.0,2250.0,42750.0
7241,30,505,2,2,1590,1,3,12000.0,3600.0,32400.0
7242,460,1124,1,,612,1,2,12000.0,1200.0,22800.0
7243,514,965,1,,1097,2,3,15750.0,4725.0,42525.0
7244,514,965,1,,1097,1,2,12600.0,2520.0,22680.0
7245,102,320,1,,226,1,2,12000.0,480.0,23520.0
7246,552,897,1,,600,2,1,15000.0,0.0,15000.0
7247,33,1218,2,4,1886,1,1,12000.0,0.0,12000.0
7248,563,1483,2,1,2852,2,1,15000.0,750.0,14250.0
7249,176,694,1,,1424,2,3,15750.0,945.0,46305.0
7250,516,728,2,4,3151,1,1,12600.0,252.0,12348.0
7251,516,728,2,4,3151,2,3,15000.0,2250.0,42750.0
7252,333,327,2,1,613,1,1,12000.0,0.0,12000.0
7253,63,43,1,,851,2,2,16500.0,3300.0,29700.0
7254,80,962,2,4,,2,1,16500.0,330.0,16170.0
7255,151,1417,2,3,3043,2,2,15000.0,600.0,29400.0
7256,491,634,1,,2057,1,1,12600.0,252.0,12348.0
7257,321,1123,2,2,259,2,1,15000.0,300.0,14700.0
7258,37,260,2,4,112,2,3,15000.0,900.0,44100.0
7259,37,260,2,4,112,1,2,12000.0,480.0,23520.0
7260,27,1158,1,,,1,3,10800.0,0.0,32400.0
7261,580,616,1,,89,2,2,15000.0,1500.0,28500.0
7262,636,838,2,3,1706,2,3,15000.0,2250.0,42750.0
7263,636,838,2,3,1706,1,1,12000.0,1200.0,10800.0
7264,74,1094,2,1,2733,2,2,15000.0,3000.0,27000.0
7265,74,1094,2,1,2733,1,1,12000.0,1200.0,10800.0
7266,36,594,1,,2209,2,3,15000.0,0.0,45000.0
7267,616,756,1,,2553,2,3,15000.0,900.0,44100.0
7268,594,1019,2,4,2454,1,2,13200.0,528.0,25872.0
7269,594,1019,2,4,2454,2,1,15000.0,0.0,15000.0
7270,380,618,2,1,2747,2,3,16500.0,0.0,49500.0
7271,380,618,2,1,2747,2,1,15000.0,0.0,15000.0
7272,175,75,2,3,702,2,3,15000.0,2250.0,42750.0
7273,337,217,2,4,233,2,2,16500.0,3300.0,29700.0
7274,127,1365,2,3,1661,2,1,16500.0,330.0,16170.0
7275,265,625,2,2,3049,1,1,12600.0,630.0,11970.0
7276,236,319,1,,454,1,1,12600.0,630.0,11970.0
7277,32,569,1,,1772,1,1,12600.0,1260.0,11340.0
7278,32,569,1,,1772,2,1,15000.0,300.0,14700.0
7279,421,1469,2,4,2515,1,3,12000.0,1800.0,34200.0
7280,131,1265,2,3,2993,2,3,15750.0,2362.5,44887.5
7281,218,128,2,3,977,2,2,15000.0,1500.0,28500.0
7282,272,377,2,3,347,1,2,13200.0,528.0,25872.0
7283,272,377,2,3,347,2,2,16500.0,1650.0,31350.0
7284,627,1452,1,,1059,1,2,12000.0,2400.0,21600.0
7285,143,150,1,,967,2,1,15750.0,315.0,15435.0
7286,188,236,1,,1645,2,3,15750.0,945.0,46305.0
7287,27,317,1,,2951,1,2,12000.0,1200.0,22800.0
7288,214,879,1,,2123,2,2,15000.0,600.0,29400.0
7289,350,445,2,4,3155,1,2,12600.0,0.0,25200.0
7290,226,924,2,3,,2,3,15750.0,945.0,46305.0
7291,487,859,1,,2199,1,3,10800.0,0.0,32400.0
7292,104,218,2,3,35,1,1,10800.0,0.0,10800.0
7293,42,1191,2,3,2556,1,2,10800.0,432.0,21168.0
7294,81,522,2,2,2580,2,1,15750.0,787.5,14962.5
7295,81,522,2,2,2580,2,2,15000.0,0.0,30000.0
7296,163,600,1,,439,2,3,15000.0,4500.0,40500.0
7297,295,577,2,3,899,1,3,12000.0,1800.0,34200.0
7298,295,577,2,3,899,1,1,12000.0,600.0,11400.0
7299,98,41,2,2,2280,2,2,15000.0,1500.0,28500.0
7300,592,1251,1,,,1,2,12000.0,1200.0,22800.0
7301,436,887,2,3,2904,1,1,10800.0,540.0,10260.0
7302,436,887,2,3,2904,1,2,13200.0,528.0,25872.0
7303,489,922,1,,2282,1,2,13200.0,1320.0,25080.0
7304,298,645,2,4,1869,1,3,12000.0,0.0,36000.0
7305,182,1090,1,,2671,1,2,12000.0,0.0,24000.0
7306,182,1090,1,,2671,2,3,15000.0,2250.0,42750.0
7307,110,1323,2,1,,1,1,10800.0,1080.0,9720.0
7308,86,591,1,,549,2,3,15000.0,4500.0,40500.0
7309,86,591,1,,549,1,1,12000.0,0.0,12000.0
7310,636,67,1,,970,1,1,12000.0,0.0,12000.0
7311,132,305,1,,1184,1,1,12000.0,1200.0,10800.0
7312,132,305,1,,1184,1,2,12000.0,0.0,24000.0
7313,610,67,2,1,851,1,3,12600.0,1890.0,35910.0
7314,464,1146,1,,1178,1,2,12000.0,0.0,24000.0
7315,367,264,2,3,893,1,2,12000.0,480.0,23520.0
7316,305,731,1,,1366,1,3,12000.0,0.0,36000.0
7317,305,731,1,,1366,1,2,12600.0,0.0,25200.0
7318,536,1236,1,,1588,1,1,10800.0,540.0,10260.0
7319,50,104,1,,838,2,1,15000.0,0.0,15000.0
7320,235,1164,2,1,1127,2,1,13500.0,270.0,13230.0
7321,235,1164,2,1,1127,1,2,12000.0,480.0,23520.0
7322,638,436,1,,120,2,3,13500.0,810.0,39690.0
7323,629,399,1,,1218,2,2,15000.0,1500.0,28500.0
7324,598,931,1,,1104,1,1,12000.0,0.0,12000.0
7325,598,931,1,,1104,1,3,12000.0,720.0,35280.0
7326,212,1191,1,,72,1,1,12000.0,240.0,11760.0
7327,199,1235,1,,181,1,3,12000.0,3600.0,32400.0
7328,417,642,1,,,2,2,13500.0,540.0,26460.0
7329,417,642,1,,,1,1,12000.0,600.0,11400.0
7330,414,38,1,,574,1,3,12000.0,720.0,35280.0
7331,414,38,1,,574,2,1,15000.0,750.0,14250.0
7332,122,858,1,,91,1,3,12000.0,1800.0,34200.0
7333,122,858,1,,91,1,3,10800.0,648.0,31752.0
7334,510,766,1,,3049,2,1,15000.0,1500.0,13500.0
7335,101,88,2,4,2302,1,1,10800.0,540.0,10260.0
7336,498,358,1,,2908,2,3,15000.0,4500.0,40500.0
7337,603,879,1,,1734,1,1,12000.0,600.0,11400.0
7338,511,516,2,2,,2,1,15750.0,1575.0,14175.0
7339,301,22,1,,,2,1,15000.0,1500.0,13500.0
7340,69,376,2,1,344,1,2,13200.0,528.0,25872.0
7341,588,591,2,4,2290,2,2,16500.0,660.0,32340.0
7342,484,549,1,,2594,1,1,10800.0,0.0,10800.0
7343,107,783,1,,2074,1,3,12600.0,756.0,37044.0
7344,107,783,1,,2074,1,3,12000.0,0.0,36000.0
7345,344,1155,1,,751,2,1,15000.0,1500.0,13500.0
7346,403,1472,1,,130,2,2,15000.0,0.0,30000.0
7347,92,637,1,,,1,1,12000.0,240.0,11760.0
7348,199,372,2,2,2424,1,2,12000.0,0.0,24000.0
7349,523,664,1,,2366,1,3,10800.0,1620.0,30780.0
7350,523,664,1,,2366,1,3,12000.0,3600.0,32400.0
7351,229,164,1,,180,1,1,12000.0,0.0,12000.0
7352,538,1062,2,1,2083,2,1,15000.0,750.0,14250.0
7353,538,1062,2,1,2083,1,3,12600.0,0.0,37800.0
7354,177,990,1,,2344,2,2,15000.0,3000.0,27000.0
7355,177,990,1,,2344,2,1,15000.0,1500.0,13500.0
7356,403,708,2,2,1845,2,3,15000.0,4500.0,40500.0
7357,484,1117,1,,2086,1,3,12000.0,0.0,36000.0
7358,307,1484,1,,3072,1,2,10800.0,0.0,21600.0
7359,514,732,2,1,,1,3,12600.0,1890.0,35910.0
7360,519,393,1,,1954,1,3,12000.0,3600.0,32400.0
7361,351,1403,1,,2433,1,1,12000.0,0.0,12000.0
7362,611,826,2,4,553,2,1,13500.0,675.0,12825.0
7363,611,826,2,4,553,2,1,15000.0,0.0,15000.0
7364,17,1034,1,,2327,2,3,16500.0,4950.0,44550.0
7365,241,1132,2,1,282,1,2,12000.0,480.0,23520.0
7366,350,985,2,1,,2,1,15000.0,750.0,14250.0
7367,182,665,2,1,2543,2,1,15750.0,315.0,15435.0
7368,622,1123,1,,2157,1,1,12000.0,0.0,12000.0
7369,155,784,1,,2121,2,2,15000.0,0.0,30000.0
7370,502,602,2,4,302,2,1,15000.0,1500.0,13500.0
7371,99,1059,2,4,1923,2,3,15750.0,0.0,47250.0
7372,99,1059,2,4,1923,2,3,15000.0,900.0,44100.0
7373,232,1215,1,,2001,1,3,12600.0,1890.0,35910.0
7374,112,429,2,2,2653,2,2,15000.0,3000.0,27000.0
7375,345,631,2,2,,2,3,15750.0,2362.5,44887.5
7376,542,372,1,,57,1,2,12000.0,0.0,24000.0
7377,445,32,2,4,2160,2,1,15000.0,750.0,14250.0
7378,233,277,1,,1099,1,1,12000.0,1200.0,10800.0
7379,633,243,2,3,2051,2,1,15000.0,750.0,14250.0
7380,189,693,2,2,,2,3,15000.0,4500.0,40500.0
7381,328,1241,2,1,2652,2,1,13500.0,1350.0,12150.0
7382,328,1241,2,1,2652,1,3,13200.0,0.0,39600.0
7383,328,1241,2,1,2652,2,3,16500.0,2475.0,47025.0
7384,639,536,1,,1208,2,1,15000.0,300.0,14700.0
7385,204,1302,1,,934,2,1,16500.0,825.0,15675.0
7386,204,1302,1,,934,1,1,10800.0,1080.0,9720.0
7387,204,1302,1,,934,2,3,13500.0,810.0,39690.0
7388,527,1179,2,4,2361,2,2,13500.0,1350.0,25650.0
7389,466,444,2,2,638,1,2,12000.0,480.0,23520.0
7390,111,993,1,,2380,1,3,12000.0,0.0,36000.0
7391,111,993,1,,2380,1,3,12000.0,720.0,35280.0
7392,629,939,1,,1274,2,3,13500.0,2025.0,38475.0
7393,140,502,1,,811,2,3,15000.0,900.0,44100.0
7394,140,502,1,,811,1,2,10800.0,1080.0,20520.0
7395,211,22,1,,1984,2,1,13500.0,675.0,12825.0
7396,604,856,1,,1623,2,1,16500.0,0.0,16500.0
7397,500,1436,2,2,814,1,1,12600.0,252.0,12348.0
7398,500,1436,2,2,814,1,1,12000.0,0.0,12000.0
7399,2,1335,1,,873,1,1,10800.0,0.0,10800.0
7400,440,856,2,1,2990,2,3,15000.0,900.0,44100.0
7401,27,325,1,,1818,1,1,12600.0,630.0,11970.0
7402,188,229,1,,310,2,2,15000.0,3000.0,27000.0
7403,188,229,1,,310,1,3,12600.0,3780.0,34020.0
7404,374,357,2,2,,2,2,15000.0,1500.0,28500.0
7405,29,29,2,4,,1,3,12600.0,0.0,37800.0
7406,425,306,2,1,2139,2,3,15000.0,0.0,45000.0
7407,422,710,1,,1229,2,2,15000.0,3000.0,27000.0
7408,606,11,2,3,2553,1,3,12600.0,756.0,37044.0
7409,507,785,1,,2897,2,1,13500.0,675.0,12825.0
7410,507,785,1,,2897,2,3,15000.0,900.0,44100.0
7411,507,785,1,,2897,1,1,12000.0,240.0,11760.0
7412,597,691,1,,1589,2,1,15000.0,300.0,14700.0
7413,597,691,1,,1589,2,3,15000.0,2250.0,42750.0
7414,325,640,2,1,1546,1,2,13200.0,1320.0,25080.0
7415,325,640,2,1,1546,1,1,12000.0,0.0,12000.0
7416,264,937,1,,266,2,3,15000.0,900.0,44100.0
7417,440,1479,2,2,1368,1,1,13200.0,660.0,12540.0
7418,440,1479,2,2,1368,1,3,10800.0,3240.0,29160.0
7419,184,365,1,,466,2,1,15750.0,0.0,15750.0
7420,328,719,1,,1888,1,1,12600.0,0.0,12600.0
7421,328,719,1,,1888,2,3,16500.0,0.0,49500.0
7422,492,455,1,,2757,2,1,16500.0,825.0,15675.0
7423,492,455,1,,2757,1,3,10800.0,1620.0,30780.0
7424,468,1347,2,3,365,1,2,12000.0,1200.0,22800.0
7425,480,244,1,,3127,1,1,10800.0,0.0,10800.0
7426,7,1456,2,4,1807,1,1,10800.0,216.0,10584.0
7427,121,44,1,,1194,1,2,10800.0,2160.0,19440.0
7428,335,993,1,,1732,2,2,15750.0,630.0,30870.0
7429,474,1358,2,1,2712,2,2,15000.0,1500.0,28500.0
7430,245,1103,2,4,1227,2,1,13500.0,675.0,12825.0
7431,63,1147,1,,3021,2,3,15000.0,0.0,45000.0
7432,622,882,1,,1336,2,3,15000.0,4500.0,40500.0
7433,622,882,1,,1336,1,2,12000.0,0.0,24000.0
7434,184,1324,2,4,1156,2,2,15750.0,1575.0,29925.0
7435,184,1324,2,4,1156,2,1,15000.0,300.0,14700.0
7436,584,1102,1,,1090,1,2,12000.0,0.0,24000.0
7437,421,547,2,3,1144,1,2,12000.0,480.0,23520.0
7438,74,833,2,1,58,1,2,12000.0,480.0,23520.0
7439,50,1481,1,,944,1,1,10800.0,1080.0,9720.0
7440,92,51,1,,2571,2,2,15000.0,600.0,29400.0
7441,194,1234,1,,2616,1,1,12600.0,252.0,12348.0
7442,279,378,2,4,40,1,1,12000.0,1200.0,10800.0
7443,375,1210,2,1,1624,2,2,16500.0,3300.0,29700.0
7444,164,861,1,,1424,1,1,12000.0,1200.0,10800.0
7445,489,861,1,,305,2,1,13500.0,270.0,13230.0
7446,604,389,2,4,887,1,2,12000.0,0.0,24000.0
7447,49,882,2,2,1571,1,2,12000.0,2400.0,21600.0
7448,162,576,1,,505,2,2,15000.0,3000.0,27000.0
7449,162,576,1,,505,1,1,12600.0,252.0,12348.0
7450,149,1333,1,,1760,1,1,12000.0,1200.0,10800.0
7451,584,537,2,2,612,2,1,15000.0,0.0,15000.0
7452,6,825,1,,429,1,1,12000.0,600.0,11400.0
7453,319,243,2,3,1211,1,1,12000.0,240.0,11760.0
7454,197,233,2,4,1362,2,3,15000.0,0.0,45000.0
7455,197,233,2,4,1362,2,3,15000.0,900.0,44100.0
7456,475,384,1,,2556,2,3,15000.0,2250.0,42750.0
7457,636,204,2,4,1786,1,3,12600.0,3780.0,34020.0
7458,456,1272,1,,1442,2,3,15000.0,0.0,45000.0
7459,109,1468,2,1,733,1,3,10800.0,0.0,32400.0
7460,72,1326,2,3,3123,1,2,12000.0,480.0,23520.0
7461,454,141,1,,2117,1,2,12600.0,504.0,24696.0
7462,213,746,1,,2043,2,3,15750.0,2362.5,44887.5
7463,189,1479,2,2,19,2,3,13500.0,810.0,39690.0
7464,583,328,2,3,458,1,3,12000.0,1800.0,34200.0
7465,583,328,2,3,458,2,1,15000.0,0.0,15000.0
7466,484,276,1,,,2,2,15000.0,3000.0,27000.0
7467,357,974,2,4,,1,1,12000.0,240.0,11760.0
7468,357,974,2,4,,2,3,13500.0,810.0,39690.0
7469,355,653,2,2,,1,1,12000.0,1200.0,10800.0
7470,42,993,1,,583,1,3,12600.0,3780.0,34020.0
7471,42,993,1,,583,2,1,15000.0,1500.0,13500.0
7472,429,159,1,,713,1,2,13200.0,0.0,26400.0
7473,48,1451,1,,1617,1,1,12000.0,240.0,11760.0
7474,48,1451,1,,1617,1,1,12000.0,600.0,11400.0
7475,360,866,2,4,1827,2,1,15000.0,300.0,14700.0
7476,205,88,1,,1889,1,2,12600.0,0.0,25200.0
7477,231,994,2,3,3061,2,1,15750.0,315.0,15435.0
7478,277,1015,1,,832,1,1,13200.0,264.0,12936.0
7479,277,1015,1,,832,1,2,12000.0,480.0,23520.0
7480,277,1015,1,,832,1,1,12600.0,0.0,12600.0
7481,209,1351,1,,1458,1,2,12000.0,1200.0,22800.0
7482,134,304,1,,992,1,3,12600.0,1890.0,35910.0
7483,97,925,2,3,1904,2,1,15000.0,0.0,15000.0
7484,97,925,2,3,1904,2,1,15000.0,300.0,14700.0
7485,527,283,2,4,2183,2,2,15750.0,0.0,31500.0
7486,527,283,2,4,2183,2,1,16500.0,330.0,16170.0
7487,93,1061,1,,1229,2,3,15750.0,945.0,46305.0
7488,414,429,1,,653,2,1,15000.0,300.0,14700.0
7489,428,705,1,,625,1,1,12000.0,1200.0,10800.0
7490,293,516,1,,2797,2,1,15000.0,300.0,14700.0
7491,340,978,1,,,2,3,15750.0,945.0,46305.0
7492,326,332,1,,2012,2,1,16500.0,825.0,15675.0
7493,338,43,2,3,2591,2,2,15000.0,3000.0,27000.0
7494,338,43,2,3,2591,1,3,12000.0,1800.0,34200.0
7495,478,853,1,,730,1,1,10800.0,540.0,10260.0
7496,478,209,2,4,3027,2,1,15750.0,315.0,15435.0
7497,106,1476,1,,1295,2,1,15000.0,0.0,15000.0
7498,64,1331,1,,812,1,1,12600.0,1260.0,11340.0
7499,64,1331,1,,812,2,2,15750.0,0.0,31500.0
7500,429,1400,2,3,3104,1,3,12000.0,720.0,35280.0
7501,101,248,1,,2445,1,1,12000.0,600.0,11400.0
7502,261,1105,1,,2093,2,3,15000.0,0.0,45000.0
7503,105,543,2,1,3000,1,1,12000.0,0.0,12000.0
7504,392,1452,2,2,1410,2,3,15000.0,2250.0,42750.0
7505,392,1452,2,2,1410,2,1,13500.0,675.0,12825.0
7506,392,1452,2,2,1410,2,1,15000.0,0.0,15000.0
7507,637,483,1,,4,2,1,15000.0,750.0,14250.0
7508,303,135,2,2,1112,2,3,15000.0,900.0,44100.0
7509,303,135,2,2,1112,1,3,12000.0,1800.0,34200.0
7510,555,1462,1,,1846,2,2,15750.0,3150.0,28350.0
7511,512,1149,1,,,2,1,15000.0,300.0,14700.0
7512,512,1149,1,,,1,1,12000.0,1200.0,10800.0
7513,237,1485,2,2,848,1,1,12600.0,630.0,11970.0
7514,187,905,1,,1061,2,3,15000.0,900.0,44100.0
7515,187,905,1,,1061,1,2,12000.0,2400.0,21600.0
7516,472,1236,2,1,,2,1,15750.0,315.0,15435.0
7517,472,1236,2,1,,2,2,16500.0,3300.0,29700.0
7518,559,176,1,,1456,1,1,12000.0,600.0,11400.0
7519,460,1319,2,3,401,2,3,15000.0,0.0,45000.0
7520,460,1319,2,3,401,2,3,13500.0,4050.0,36450.0
7521,209,1386,1,,687,1,1,12000.0,600.0,11400.0
7522,209,1386,1,,687,1,3,13200.0,1980.0,37620.0
7523,69,121,1,,2373,2,2,15000.0,1500.0,28500.0
7524,69,121,1,,2373,1,1,13200.0,660.0,12540.0
7525,597,954,1,,2206,1,3,12000.0,3600.0,32400.0
7526,591,90,1,,969,2,1,15750.0,315.0,15435.0
7527,591,90,1,,969,1,2,12000.0,0.0,24000.0
7528,591,90,1,,969,1,3,12000.0,0.0,36000.0
7529,613,347,1,,1104,1,2,10800.0,2160.0,19440.0
7530,279,1486,1,,2729,1,2,10800.0,1080.0,20520.0
7531,113,223,1,,709,2,1,15000.0,0.0,15000.0
7532,560,749,2,2,2218,2,3,15000.0,4500.0,40500.0
7533,94,1199,2,2,2008,1,1,12600.0,0.0,12600.0
7534,94,1199,2,2,2008,2,3,15000.0,0.0,45000.0
7535,94,1199,2,2,2008,1,1,12600.0,0.0,12600.0
7536,628,58,1,,2753,2,3,16500.0,0.0,49500.0
7537,366,78,2,2,1448,1,2,12000.0,0.0,24000.0
7538,366,78,2,2,1448,1,3,12600.0,756.0,37044.0
7539,432,888,1,,,1,1,13200.0,660.0,12540.0
7540,364,1472,2,4,233,2,3,13500.0,4050.0,36450.0
7541,604,1477,1,,1205,1,2,12000.0,480.0,23520.0
7542,604,1477,1,,1205,2,3,15000.0,2250.0,42750.0
7543,290,1104,1,,,2,1,15000.0,300.0,14700.0
7544,290,1104,1,,,1,1,12000.0,600.0,11400.0
7545,326,1241,2,4,2402,1,3,12000.0,720.0,35280.0
7546,526,715,1,,861,1,1,12000.0,1200.0,10800.0
7547,526,715,1,,861,1,3,12000.0,0.0,36000.0
7548,341,1295,1,,,1,3,12000.0,0.0,36000.0
7549,546,1237,2,3,2040,2,2,15000.0,600.0,29400.0
7550,546,1237,2,3,2040,1,3,12000.0,0.0,36000.0
7551,546,1237,2,3,2040,2,2,16500.0,660.0,32340.0
7552,507,1202,1,,1318,1,3,10800.0,0.0,32400.0
7553,507,1202,1,,1318,1,1,13200.0,1320.0,11880.0
7554,327,1014,2,1,2350,2,2,15000.0,0.0,30000.0
7555,28,701,2,3,65,1,1,10800.0,540.0,10260.0
7556,28,701,2,3,65,2,1,15000.0,750.0,14250.0
7557,28,701,2,3,65,2,3,15000.0,0.0,45000.0
7558,201,232,1,,1802,1,1,12000.0,1200.0,10800.0
7559,255,812,2,1,2477,1,1,13200.0,660.0,12540.0
7560,592,1322,1,,3059,1,3,12000.0,720.0,35280.0
7561,70,1443,1,,3121,2,2,16500.0,1650.0,31350.0
7562,137,1047,1,,565,1,2,12000.0,1200.0,22800.0
7563,137,1047,1,,565,2,2,13500.0,540.0,26460.0
7564,85,669,1,,651,2,1,15750.0,0.0,15750.0
7565,85,669,1,,651,1,1,12000.0,240.0,11760.0
7566,488,23,1,,1475,1,2,10800.0,0.0,21600.0
7567,207,1163,1,,2485,2,3,15000.0,2250.0,42750.0
7568,111,97,2,3,835,1,1,12000.0,600.0,11400.0
7569,583,366,1,,2705,1,3,13200.0,0.0,39600.0
7570,583,366,1,,2705,2,2,15000.0,1500.0,28500.0
7571,588,429,1,,1756,1,1,12000.0,600.0,11400.0
7572,201,524,2,1,1919,1,1,12000.0,0.0,12000.0
7573,201,524,2,1,1919,1,3,12000.0,720.0,35280.0
7574,522,1313,2,2,1694,2,2,13500.0,2700.0,24300.0
7575,18,456,1,,1513,1,3,10800.0,648.0,31752.0
7576,90,291,1,,3082,1,1,12000.0,600.0,11400.0
7577,90,291,1,,3082,1,1,12000.0,0.0,12000.0
7578,320,1359,1,,2932,1,1,12000.0,1200.0,10800.0
7579,282,685,2,2,173,2,2,15000.0,1500.0,28500.0
7580,440,1370,2,4,15,2,3,15000.0,4500.0,40500.0
7581,440,1370,2,4,15,1,3,10800.0,0.0,32400.0
7582,298,350,2,2,,2,2,13500.0,540.0,26460.0
7583,54,1135,1,,,1,2,12000.0,2400.0,21600.0
7584,54,1135,1,,,2,3,15000.0,2250.0,42750.0
7585,556,17,1,,492,1,1,10800.0,0.0,10800.0
7586,556,17,1,,492,2,2,16500.0,1650.0,31350.0
7587,429,208,2,3,2241,2,2,15000.0,1500.0,28500.0
7588,507,511,2,4,1823,1,1,13200.0,1320.0,11880.0
7589,507,511,2,4,1823,2,2,13500.0,2700.0,24300.0
7590,507,511,2,4,1823,1,3,12000.0,720.0,35280.0
7591,96,951,1,,2556,2,1,13500.0,1350.0,12150.0
7592,30,43,1,,808,1,1,12000.0,240.0,11760.0
7593,30,43,1,,808,1,2,12000.0,1200.0,22800.0
7594,202,1435,1,,2778,2,1,15000.0,0.0,15000.0
7595,202,1435,1,,2778,2,1,15000.0,300.0,14700.0
7596,461,748,2,2,1295,1,1,12000.0,1200.0,10800.0
7597,461,748,2,2,1295,2,1,15000.0,1500.0,13500.0
7598,614,542,1,,1933,2,1,15000.0,750.0,14250.0
7599,614,542,1,,1933,2,1,15750.0,0.0,15750.0
7600,447,430,1,,487,2,3,15000.0,2250.0,42750.0
7601,447,430,1,,487,2,2,15000.0,1500.0,28500.0
7602,390,7,2,4,2464,1,3,12000.0,3600.0,32400.0
7603,390,7,2,4,2464,1,1,12000.0,600.0,11400.0
7604,390,1447,1,,2744,1,2,13200.0,528.0,25872.0
7605,447,426,2,2,664,1,2,12000.0,2400.0,21600.0
7606,82,1248,2,3,549,1,2,12000.0,480.0,23520.0
7607,403,246,1,,1047,2,3,15000.0,2250.0,42750.0
7608,91,665,1,,366,1,1,12000.0,600.0,11400.0
7609,534,337,2,1,1094,2,3,15000.0,4500.0,40500.0
7610,155,602,1,,2319,1,3,12000.0,0.0,36000.0
7611,155,602,1,,2319,2,2,15750.0,630.0,30870.0
7612,523,118,1,,3041,2,3,15000.0,900.0,44100.0
7613,523,118,1,,3041,1,1,12000.0,0.0,12000.0
7614,510,119,2,3,800,2,3,15000.0,2250.0,42750.0
7615,510,119,2,3,800,2,1,15000.0,0.0,15000.0
7616,444,996,1,,1591,1,2,12600.0,2520.0,22680.0
7617,594,143,2,4,802,1,3,12000.0,1800.0,34200.0
7618,328,191,1,,3052,2,3,15000.0,0.0,45000.0
7619,307,616,1,,2209,1,1,10800.0,0.0,10800.0
7620,152,758,2,1,463,1,2,13200.0,0.0,26400.0
7621,152,758,2,1,463,2,1,13500.0,0.0,13500.0
7622,331,605,1,,,2,3,15000.0,0.0,45000.0
7623,8,1038,1,,2717,1,3,10800.0,0.0,32400.0
7624,213,754,1,,512,1,2,12000.0,480.0,23520.0
7625,136,273,1,,,1,1,12000.0,1200.0,10800.0
7626,213,466,2,1,1744,1,1,10800.0,540.0,10260.0
7627,213,466,2,1,1744,2,2,15000.0,600.0,29400.0
7628,563,1246,2,1,1902,1,2,12000.0,1200.0,22800.0
7629,377,706,2,4,966,2,1,15750.0,1575.0,14175.0
7630,597,1196,1,,207,1,1,12000.0,600.0,11400.0
7631,203,1375,1,,306,1,2,12000.0,2400.0,21600.0
7632,133,6,2,3,1848,2,3,15000.0,900.0,44100.0
7633,133,6,2,3,1848,2,1,16500.0,330.0,16170.0
7634,50,729,2,4,2335,1,1,12000.0,1200.0,10800.0
7635,286,1222,2,1,1934,1,2,12000.0,0.0,24000.0
7636,286,1222,2,1,1934,2,2,15000.0,600.0,29400.0
7637,313,1493,1,,2893,1,1,12000.0,600.0,11400.0
7638,408,166,1,,1153,1,1,12600.0,252.0,12348.0
7639,511,1056,1,,1308,1,2,13200.0,0.0,26400.0
7640,215,1278,1,,474,1,1,12000.0,1200.0,10800.0
7641,215,1278,1,,474,1,3,13200.0,1980.0,37620.0
7642,383,681,2,4,2696,1,3,12600.0,0.0,37800.0
7643,1,1042,2,2,2164,2,1,15000.0,0.0,15000.0
7644,161,1013,1,,1524,1,1,10800.0,540.0,10260.0
7645,285,1392,2,2,2206,1,1,10800.0,540.0,10260.0
7646,320,175,2,2,482,1,3,12000.0,720.0,35280.0
7647,320,175,2,2,482,2,2,15000.0,600.0,29400.0
7648,230,1434,1,,1164,2,2,15000.0,1500.0,28500.0
7649,230,1434,1,,1164,2,1,15000.0,300.0,14700.0
7650,566,795,2,4,1632,1,3,12000.0,3600.0,32400.0
7651,566,795,2,4,1632,1,2,12600.0,0.0,25200.0
7652,443,919,1,,1750,1,3,12000.0,1800.0,34200.0
7653,61,297,1,,2797,1,2,10800.0,432.0,21168.0
7654,544,530,1,,1422,1,2,10800.0,2160.0,19440.0
7655,341,608,2,2,,2,3,15000.0,2250.0,42750.0
7656,193,574,1,,1484,1,2,12000.0,0.0,24000.0
7657,403,781,1,,2017,2,2,15000.0,600.0,29400.0
7658,403,781,1,,2017,1,1,12000.0,240.0,11760.0
7659,488,1019,1,,2552,1,3,10800.0,648.0,31752.0
7660,98,956,1,,2038,1,3,13200.0,3960.0,35640.0
7661,10,1306,2,3,3030,1,2,13200.0,528.0,25872.0
7662,10,1306,2,3,3030,2,2,15750.0,3150.0,28350.0
7663,10,1306,2,3,3030,2,1,15000.0,0.0,15000.0
7664,604,1382,2,4,918,2,3,15750.0,0.0,47250.0
7665,512,763,1,,732,2,2,15000.0,3000.0,27000.0
7666,628,1090,1,,1359,2,2,13500.0,0.0,27000.0
7667,341,743,2,2,1270,1,2,12000.0,1200.0,22800.0
7668,341,743,2,2,1270,1,2,12600.0,1260.0,23940.0
7669,618,319,2,1,570,1,2,12000.0,480.0,23520.0
7670,318,782,1,,2156,1,1,12000.0,0.0,12000.0
7671,318,782,1,,2156,1,2,10800.0,1080.0,20520.0
7672,260,799,2,2,563,1,2,13200.0,1320.0,25080.0
7673,198,870,2,4,549,1,3,12000.0,720.0,35280.0
7674,326,794,1,,2329,1,2,12000.0,480.0,23520.0
7675,119,1244,1,,2545,1,3,12000.0,0.0,36000.0
7676,6,75,1,,1794,1,1,12000.0,240.0,11760.0
7677,6,75,1,,1794,1,2,12600.0,2520.0,22680.0
7678,70,576,1,,2706,2,3,15000.0,4500.0,40500.0
7679,244,1326,1,,2863,1,2,12000.0,2400.0,21600.0
7680,341,731,1,,437,1,3,10800.0,1620.0,30780.0
7681,131,1387,2,3,1836,1,3,12000.0,3600.0,32400.0
7682,85,1112,1,,166,2,1,15000.0,750.0,14250.0
7683,10,13,1,,,1,3,12600.0,756.0,37044.0
7684,216,297,1,,757,2,2,13500.0,2700.0,24300.0
7685,216,297,1,,757,2,1,15000.0,750.0,14250.0
7686,54,974,2,3,1411,1,3,12000.0,3600.0,32400.0
7687,228,1387,2,2,2154,1,2,13200.0,528.0,25872.0
7688,462,39,1,,2100,1,1,13200.0,0.0,13200.0
7689,462,39,1,,2100,2,3,16500.0,0.0,49500.0
7690,229,192,1,,167,2,1,15000.0,750.0,14250.0
7691,229,192,1,,167,2,1,15000.0,300.0,14700.0
7692,566,541,1,,2498,1,1,12000.0,600.0,11400.0
7693,609,1297,1,,2354,1,3,12000.0,0.0,36000.0
7694,371,1389,1,,3193,2,1,16500.0,0.0,16500.0
7695,371,1389,1,,3193,1,2,12000.0,2400.0,21600.0
7696,584,1462,1,,520,2,1,15750.0,315.0,15435.0
7697,371,1406,1,,1283,2,2,16500.0,660.0,32340.0
7698,340,1060,2,1,442,1,1,12000.0,1200.0,10800.0
7699,340,1060,2,1,442,2,1,15750.0,0.0,15750.0
7700,245,973,2,3,,2,3,15000.0,2250.0,42750.0
7701,224,523,1,,2640,1,2,12000.0,1200.0,22800.0
7702,192,1079,2,2,3045,1,2,12000.0,2400.0,21600.0
7703,192,1079,2,2,3045,1,3,13200.0,792.0,38808.0
7704,511,451,1,,,1,3,12000.0,0.0,36000.0
7705,511,451,1,,,2,2,15750.0,1575.0,29925.0
7706,511,451,1,,,1,2,12000.0,480.0,23520.0
7707,82,210,1,,245,2,2,13500.0,540.0,26460.0
7708,316,273,1,,,1,2,12000.0,2400.0,21600.0
7709,161,194,1,,1750,2,1,15000.0,750.0,14250.0
7710,256,825,1,,2316,1,2,12600.0,1260.0,23940.0
7711,461,1358,2,1,473,1,1,12000.0,240.0,11760.0
7712,432,967,1,,2406,1,3,13200.0,3960.0,35640.0
7713,221,1377,1,,1265,2,3,15000.0,4500.0,40500.0
7714,221,1377,1,,1265,2,2,15750.0,0.0,31500.0
7715,96,573,2,4,1749,1,3,12000.0,3600.0,32400.0
7716,146,1148,2,1,2137,1,2,12000.0,2400.0,21600.0
7717,146,1148,2,1,2137,2,1,15000.0,300.0,14700.0
7718,543,1274,2,4,2739,1,1,12000.0,600.0,11400.0
7719,543,1274,2,4,2739,1,2,12000.0,1200.0,22800.0
7720,183,147,2,4,384,1,1,12600.0,630.0,11970.0
7721,55,1119,2,1,925,1,1,12000.0,240.0,11760.0
7722,346,958,1,,2153,1,1,12000.0,1200.0,10800.0
7723,371,1006,2,4,1995,1,3,12000.0,1800.0,34200.0
7724,461,752,1,,,1,2,10800.0,432.0,21168.0
7725,461,752,1,,,2,1,15000.0,1500.0,13500.0
7726,571,689,1,,645,1,3,12000.0,3600.0,32400.0
7727,329,931,2,1,,1,2,12000.0,1200.0,22800.0
7728,329,931,2,1,,1,2,10800.0,2160.0,19440.0
7729,159,853,1,,251,1,3,12000.0,0.0,36000.0
7730,611,1451,1,,1317,1,1,10800.0,0.0,10800.0
7731,451,1045,1,,1893,2,3,16500.0,4950.0,44550.0
7732,1,349,1,,1588,2,1,15000.0,300.0,14700.0
7733,300,855,1,,2737,2,2,15000.0,0.0,30000.0
7734,16,381,1,,,2,3,15000.0,0.0,45000.0
7735,614,1336,1,,889,1,2,12000.0,0.0,24000.0
7736,406,209,1,,2702,1,3,12000.0,3600.0,32400.0
7737,327,233,1,,2916,1,1,12000.0,600.0,11400.0
7738,565,398,2,1,2807,1,2,13200.0,2640.0,23760.0
7739,278,154,2,3,,1,2,12000.0,480.0,23520.0
7740,459,136,1,,685,2,2,15000.0,3000.0,27000.0
7741,459,136,1,,685,1,1,13200.0,0.0,13200.0
7742,588,149,2,4,2490,1,1,12000.0,0.0,12000.0
7743,118,649,2,3,653,1,1,12600.0,0.0,12600.0
7744,627,680,1,,1170,1,2,12000.0,2400.0,21600.0
7745,183,98,1,,2161,2,1,15750.0,0.0,15750.0
7746,293,142,2,4,1110,2,1,16500.0,330.0,16170.0
7747,293,142,2,4,1110,1,1,12000.0,600.0,11400.0
7748,153,864,2,1,551,1,2,12000.0,2400.0,21600.0
7749,382,953,1,,2088,1,1,12000.0,0.0,12000.0
7750,272,1355,1,,430,1,2,12000.0,1200.0,22800.0
7751,126,610,1,,3157,1,1,12000.0,240.0,11760.0
7752,387,536,2,3,3091,1,1,12000.0,600.0,11400.0
7753,463,361,1,,2699,1,2,12000.0,0.0,24000.0
7754,17,1339,1,,1822,2,2,15000.0,0.0,30000.0
7755,17,1339,1,,1822,1,3,12000.0,3600.0,32400.0
7756,524,765,1,,,1,1,12000.0,240.0,11760.0
7757,223,612,2,2,897,1,1,12600.0,252.0,12348.0
7758,621,1078,1,,947,1,1,12000.0,0.0,12000.0
7759,457,1469,1,,1402,2,3,15000.0,900.0,44100.0
7760,457,1469,1,,1402,2,2,15750.0,1575.0,29925.0
7761,519,849,2,2,2307,1,3,10800.0,0.0,32400.0
7762,585,222,1,,471,2,3,15000.0,900.0,44100.0
7763,254,972,1,,40,2,2,15000.0,3000.0,27000.0
7764,25,332,1,,2478,1,2,12600.0,504.0,24696.0
7765,25,332,1,,2478,1,1,12000.0,600.0,11400.0
7766,196,1333,1,,978,2,3,13500.0,2025.0,38475.0
7767,222,1209,1,,1743,1,3,12000.0,3600.0,32400.0
7768,32,254,1,,2120,1,3,12600.0,756.0,37044.0
7769,553,783,2,3,3195,1,2,12000.0,2400.0,21600.0
7770,598,203,2,1,100,2,2,15000.0,600.0,29400.0
7771,89,570,1,,2034,2,2,15000.0,0.0,30000.0
7772,89,570,1,,2034,2,3,15000.0,0.0,45000.0
7773,89,570,1,,2034,2,1,15000.0,0.0,15000.0
7774,148,1317,1,,2310,2,1,15000.0,300.0,14700.0
7775,247,664,2,1,3001,1,3,12000.0,1800.0,34200.0
7776,475,849,1,,797,1,1,10800.0,216.0,10584.0
7777,506,1032,1,,1397,1,2,12600.0,1260.0,23940.0
7778,310,532,1,,629,2,2,15000.0,1500.0,28500.0
7779,225,569,1,,2136,1,2,12000.0,1200.0,22800.0
7780,88,685,1,,1039,1,2,10800.0,1080.0,20520.0
7781,88,685,1,,1039,1,1,12000.0,600.0,11400.0
7782,50,1136,1,,853,2,3,16500.0,4950.0,44550.0
7783,159,206,1,,1238,1,2,12000.0,2400.0,21600.0
7784,315,900,1,,2131,1,3,12000.0,720.0,35280.0
7785,315,900,1,,2131,1,2,13200.0,1320.0,25080.0
7786,530,1485,1,,1908,2,1,15000.0,1500.0,13500.0
7787,530,1485,1,,1908,2,3,15000.0,0.0,45000.0
7788,440,1360,1,,,1,2,12000.0,2400.0,21600.0
7789,529,649,2,2,1382,1,3,12000.0,1800.0,34200.0
7790,454,182,2,1,2406,1,2,12600.0,0.0,25200.0
7791,337,1282,1,,,1,2,10800.0,2160.0,19440.0
7792,332,1280,1,,1397,1,3,12000.0,0.0,36000.0
7793,563,444,1,,894,1,1,12000.0,0.0,12000.0
7794,563,444,1,,894,2,1,15000.0,750.0,14250.0
7795,81,467,1,,1581,1,2,12000.0,0.0,24000.0
7796,299,1033,1,,967,1,1,12600.0,252.0,12348.0
7797,299,1033,1,,967,1,1,12000.0,1200.0,10800.0
7798,84,502,1,,994,1,2,12000.0,0.0,24000.0
7799,577,1167,1,,606,1,3,12000.0,3600.0,32400.0
7800,322,818,2,2,3146,2,2,15000.0,600.0,29400.0
7801,407,468,1,,238,2,1,15000.0,750.0,14250.0
7802,471,1151,1,,2422,2,3,15000.0,900.0,44100.0
7803,470,418,1,,1830,1,3,12000.0,0.0,36000.0
7804,68,661,2,3,2697,1,1,10800.0,540.0,10260.0
7805,199,477,2,2,555,2,1,15000.0,300.0,14700.0
7806,199,477,2,2,555,1,3,12000.0,720.0,35280.0
7807,100,1236,1,,773,1,2,12600.0,504.0,24696.0
7808,72,1257,1,,2442,1,3,10800.0,648.0,31752.0
7809,72,1257,1,,2442,1,1,10800.0,0.0,10800.0
7810,255,436,1,,,1,2,13200.0,1320.0,25080.0
7811,205,1206,1,,1116,1,1,13200.0,0.0,13200.0
7812,85,249,1,,215,1,1,12000.0,0.0,12000.0
7813,85,249,1,,215,2,2,15750.0,1575.0,29925.0
7814,624,954,1,,2045,1,1,10800.0,0.0,10800.0
7815,319,391,2,3,383,1,3,12000.0,3600.0,32400.0
7816,472,462,2,4,1070,1,3,12000.0,3600.0,32400.0
7817,420,279,2,3,577,2,1,15000.0,750.0,14250.0
7818,608,1269,1,,259,1,3,12000.0,0.0,36000.0
7819,602,1240,2,4,1373,2,2,13500.0,1350.0,25650.0
7820,207,362,2,4,1115,1,3,12000.0,720.0,35280.0
7821,508,1120,2,4,,2,1,15000.0,750.0,14250.0
7822,399,347,1,,3118,2,3,15000.0,900.0,44100.0
7823,199,1222,1,,2296,1,3,12000.0,720.0,35280.0
7824,199,1222,1,,2296,1,2,12000.0,2400.0,21600.0
7825,127,379,1,,434,1,1,10800.0,0.0,10800.0
7826,304,1002,2,3,115,2,2,15750.0,0.0,31500.0
7827,304,1002,2,3,115,1,3,12000.0,720.0,35280.0
7828,457,1194,2,4,937,2,2,15000.0,1500.0,28500.0
7829,457,1194,2,4,937,2,1,16500.0,330.0,16170.0
7830,107,302,2,3,221,1,3,12000.0,0.0,36000.0
7831,107,302,2,3,221,2,1,15750.0,315.0,15435.0
7832,609,418,2,4,1792,1,2,12600.0,2520.0,22680.0
7833,609,418,2,4,1792,1,3,13200.0,0.0,39600.0
7834,232,322,1,,2844,2,2,16500.0,0.0,33000.0
7835,116,590,2,2,,2,3,15000.0,900.0,44100.0
7836,493,1444,1,,1457,1,2,12000.0,480.0,23520.0
7837,628,1135,1,,1386,2,1,16500.0,1650.0,14850.0
7838,628,1135,1,,1386,1,3,12000.0,0.0,36000.0
7839,628,1135,1,,1386,1,2,10800.0,432.0,21168.0
7840,604,1163,1,,682,1,3,12000.0,720.0,35280.0
7841,381,591,1,,2328,1,2,10800.0,1080.0,20520.0
7842,381,591,1,,2328,2,2,15000.0,600.0,29400.0
7843,377,338,1,,854,2,3,15000.0,900.0,44100.0
7844,53,911,1,,2059,2,2,13500.0,2700.0,24300.0
7845,414,46,2,1,697,1,3,12000.0,720.0,35280.0
7846,294,1344,2,2,322,1,3,12600.0,0.0,37800.0
7847,294,1344,2,2,322,1,2,12000.0,0.0,24000.0
7848,543,314,2,3,2535,2,1,15000.0,300.0,14700.0
7849,213,932,1,,2956,1,2,12000.0,480.0,23520.0
7850,213,932,1,,2956,1,3,12000.0,720.0,35280.0
7851,273,1358,1,,748,1,1,12000.0,1200.0,10800.0
7852,109,1162,2,2,2456,2,3,15000.0,900.0,44100.0
7853,373,1053,2,2,1227,2,3,15750.0,945.0,46305.0
7854,373,1053,2,2,1227,1,3,12000.0,1800.0,34200.0
7855,242,945,2,4,658,1,3,12000.0,3600.0,32400.0
7856,409,697,1,,3204,2,1,13500.0,270.0,13230.0
7857,409,697,1,,3204,2,1,13500.0,270.0,13230.0
7858,251,1101,2,1,386,1,1,12000.0,600.0,11400.0
7859,281,1406,2,2,788,1,3,10800.0,648.0,31752.0
7860,372,688,2,4,2710,1,1,12000.0,600.0,11400.0
7861,470,1269,2,2,968,2,3,13500.0,4050.0,36450.0
7862,201,279,1,,2726,1,1,12000.0,240.0,11760.0
7863,158,185,1,,2419,1,1,12000.0,600.0,11400.0
7864,522,1492,1,,1159,1,1,12000.0,240.0,11760.0
7865,522,1492,1,,1159,1,3,13200.0,1980.0,37620.0
7866,522,1492,1,,1159,2,2,13500.0,0.0,27000.0
7867,409,277,1,,3122,2,2,16500.0,3300.0,29700.0
7868,409,277,1,,3122,2,1,15000.0,750.0,14250.0
7869,548,1234,2,1,2560,1,3,12000.0,0.0,36000.0
7870,77,858,1,,831,2,2,15000.0,3000.0,27000.0
7871,259,315,2,3,3004,1,1,12600.0,1260.0,11340.0
7872,259,315,2,3,3004,1,2,10800.0,0.0,21600.0
7873,553,1151,2,1,949,1,2,12000.0,480.0,23520.0
7874,323,994,1,,1223,1,3,13200.0,1980.0,37620.0
7875,323,994,1,,1223,1,1,10800.0,0.0,10800.0
7876,177,9,2,3,2878,1,1,12600.0,0.0,12600.0
7877,177,9,2,3,2878,2,1,15000.0,300.0,14700.0
7878,177,9,2,3,2878,2,3,15000.0,900.0,44100.0
7879,268,1247,2,2,3165,2,2,15750.0,1575.0,29925.0
7880,265,879,1,,2663,2,3,15000.0,0.0,45000.0
7881,265,879,1,,2663,2,1,15000.0,1500.0,13500.0
7882,100,113,1,,556,1,3,12000.0,0.0,36000.0
7883,18,1413,1,,622,2,1,15000.0,1500.0,13500.0
7884,173,941,2,1,,1,1,12000.0,600.0,11400.0
7885,173,941,2,1,,1,1,12000.0,1200.0,10800.0
7886,194,1467,1,,1542,1,2,12000.0,2400.0,21600.0
7887,553,1188,1,,1454,2,1,15000.0,0.0,15000.0
7888,581,1115,1,,2932,2,1,15000.0,1500.0,13500.0
7889,581,1115,1,,2932,2,3,15000.0,0.0,45000.0
7890,142,1336,2,4,187,1,2,12000.0,480.0,23520.0
7891,18,1363,1,,2869,2,1,16500.0,825.0,15675.0
7892,149,785,2,3,1797,1,3,13200.0,0.0,39600.0
7893,420,1103,2,1,3066,1,1,12000.0,0.0,12000.0
7894,572,517,1,,1717,1,1,13200.0,0.0,13200.0
7895,572,517,1,,1717,1,1,12000.0,1200.0,10800.0
7896,221,519,1,,1193,2,2,13500.0,1350.0,25650.0
7897,77,1319,1,,963,1,2,12000.0,2400.0,21600.0
7898,198,182,2,1,,2,3,15750.0,4725.0,42525.0
7899,198,182,2,1,,2,3,15000.0,0.0,45000.0
7900,213,316,2,1,,2,3,15750.0,2362.5,44887.5
7901,425,990,1,,2481,2,3,15000.0,4500.0,40500.0
7902,303,500,1,,2735,2,3,13500.0,0.0,40500.0
7903,295,353,1,,542,1,2,12000.0,1200.0,22800.0
7904,295,353,1,,542,2,1,13500.0,1350.0,12150.0
7905,262,980,1,,56,1,2,10800.0,2160.0,19440.0
7906,262,980,1,,56,1,3,12000.0,0.0,36000.0
7907,524,1137,1,,223,2,2,15000.0,1500.0,28500.0
7908,101,1122,1,,3108,2,2,15000.0,0.0,30000.0
7909,101,1122,1,,3108,1,2,10800.0,2160.0,19440.0
7910,138,588,1,,3024,1,1,12000.0,600.0,11400.0
7911,374,1144,2,3,2890,1,3,12000.0,1800.0,34200.0
7912,162,1413,1,,221,1,1,12600.0,0.0,12600.0
7913,162,1413,1,,221,2,3,16500.0,990.0,48510.0
7914,134,1115,2,4,,1,2,12000.0,1200.0,22800.0
7915,497,142,1,,2585,2,1,15750.0,0.0,15750.0
7916,74,969,2,4,2438,1,2,12600.0,0.0,25200.0
7917,532,1042,2,2,2920,1,1,10800.0,216.0,10584.0
7918,532,1042,2,2,2920,1,3,12000.0,720.0,35280.0
7919,358,728,2,4,494,2,1,15000.0,0.0,15000.0
7920,358,728,2,4,494,1,1,10800.0,0.0,10800.0
7921,222,1117,2,4,2303,2,2,15000.0,3000.0,27000.0
7922,349,484,1,,123,2,2,15750.0,630.0,30870.0
7923,483,1339,1,,,2,1,15750.0,787.5,14962.5
7924,515,1474,1,,1909,2,2,15000.0,1500.0,28500.0
7925,515,1474,1,,1909,1,1,12000.0,600.0,11400.0
7926,297,1161,1,,363,2,2,15000.0,0.0,30000.0
7927,297,1161,1,,363,2,2,15000.0,3000.0,27000.0
7928,54,1149,2,4,2253,2,3,15000.0,900.0,44100.0
7929,205,477,1,,345,2,2,15000.0,600.0,29400.0
7930,616,951,1,,2748,1,1,12000.0,0.0,12000.0
7931,515,508,1,,3112,1,3,13200.0,1980.0,37620.0
7932,515,508,1,,3112,1,2,12600.0,0.0,25200.0
7933,612,689,1,,1404,1,1,12000.0,600.0,11400.0
7934,612,689,1,,1404,2,2,16500.0,3300.0,29700.0
7935,275,289,2,4,1807,2,3,13500.0,2025.0,38475.0
7936,597,1229,2,3,829,2,1,15000.0,750.0,14250.0
7937,381,1061,1,,2591,1,1,12600.0,0.0,12600.0
7938,249,1051,2,1,2312,1,1,10800.0,1080.0,9720.0
7939,583,35,2,3,2528,2,2,15000.0,600.0,29400.0
7940,347,3,2,4,2217,2,1,15000.0,300.0,14700.0
7941,347,3,2,4,2217,2,2,15750.0,3150.0,28350.0
7942,478,1186,1,,,2,2,15000.0,1500.0,28500.0
7943,469,1232,2,1,2395,2,2,15000.0,0.0,30000.0
7944,469,1232,2,1,2395,1,2,12000.0,480.0,23520.0
7945,122,1076,1,,1397,2,1,15000.0,300.0,14700.0
7946,505,111,2,2,2703,1,2,12000.0,2400.0,21600.0
7947,505,111,2,2,2703,2,1,15000.0,300.0,14700.0
7948,391,1149,2,1,,1,3,12600.0,3780.0,34020.0
7949,391,1149,2,1,,1,3,12000.0,3600.0,32400.0
7950,513,1392,2,2,1231,1,2,10800.0,432.0,21168.0
7951,604,611,2,3,1936,1,2,12000.0,2400.0,21600.0
7952,288,1313,1,,500,2,2,13500.0,2700.0,24300.0
7953,288,1313,1,,500,1,2,12000.0,0.0,24000.0
7954,471,944,1,,1087,1,1,12000.0,0.0,12000.0
7955,454,1362,1,,286,1,1,12000.0,0.0,12000.0
7956,413,1225,2,1,96,1,3,12000.0,0.0,36000.0
7957,413,1225,2,1,96,1,3,12000.0,0.0,36000.0
7958,287,1406,1,,1342,1,3,10800.0,0.0,32400.0
7959,328,220,1,,2444,2,2,15000.0,0.0,30000.0
7960,632,1160,1,,2819,2,2,15000.0,1500.0,28500.0
7961,262,745,2,3,1283,1,1,12000.0,0.0,12000.0
7962,262,745,2,3,1283,2,2,16500.0,1650.0,31350.0
7963,55,928,1,,167,1,2,12600.0,0.0,25200.0
7964,33,1377,1,,2555,2,2,15000.0,3000.0,27000.0
7965,33,1377,1,,2555,2,2,15750.0,3150.0,28350.0
7966,49,1475,1,,1201,2,2,13500.0,1350.0,25650.0
7967,469,138,2,3,655,1,2,12600.0,504.0,24696.0
7968,280,697,1,,1598,2,1,15000.0,300.0,14700.0
7969,605,1393,1,,3169,2,2,15000.0,3000.0,27000.0
7970,350,1000,1,,2520,1,1,12600.0,252.0,12348.0
7971,350,1000,1,,2520,2,1,13500.0,675.0,12825.0
7972,455,206,1,,1717,2,2,16500.0,3300.0,29700.0
7973,556,722,1,,1329,1,2,12000.0,1200.0,22800.0
7974,392,1447,1,,2667,2,1,15000.0,1500.0,13500.0
7975,459,1466,2,4,2432,1,2,12000.0,480.0,23520.0
7976,25,189,1,,1163,1,1,10800.0,216.0,10584.0
7977,220,148,1,,1708,2,3,13500.0,4050.0,36450.0
7978,579,1258,1,,592,1,2,12000.0,480.0,23520.0
7979,579,1258,1,,592,1,3,12000.0,0.0,36000.0
7980,218,596,1,,2061,1,2,10800.0,432.0,21168.0
7981,481,546,2,3,604,1,2,12000.0,2400.0,21600.0
7982,481,546,2,3,604,2,3,13500.0,0.0,40500.0
7983,391,100,2,2,331,2,2,15000.0,600.0,29400.0
7984,615,1473,1,,2244,1,3,12000.0,0.0,36000.0
7985,29,913,2,1,1406,1,3,12600.0,1890.0,35910.0
7986,29,913,2,1,1406,2,2,15750.0,0.0,31500.0
7987,258,43,1,,1124,2,1,15000.0,300.0,14700.0
7988,258,43,1,,1124,1,3,12600.0,1890.0,35910.0
7989,18,882,2,4,856,1,2,10800.0,1080.0,20520.0
7990,339,979,1,,2375,2,1,13500.0,1350.0,12150.0
7991,339,979,1,,2375,2,3,15000.0,0.0,45000.0
7992,513,281,1,,304,1,2,12000.0,0.0,24000.0
7993,590,32,1,,634,1,3,13200.0,3960.0,35640.0
7994,590,32,1,,634,1,2,10800.0,0.0,21600.0
7995,443,1427,2,1,2226,1,2,12000.0,0.0,24000.0
7996,629,112,2,3,406,1,1,12000.0,0.0,12000.0
7997,583,187,1,,1732,1,3,12000.0,3600.0,32400.0
7998,521,757,1,,876,1,3,10800.0,0.0,32400.0
7999,197,849,1,,829,1,2,12000.0,2400.0,21600.0
8000,339,902,1,,261,2,1,15000.0,0.0,15000.0
8001,236,38,2,1,83,1,1,10800.0,1080.0,9720.0
8002,297,1129,1,,,1,2,12000.0,480.0,23520.0
8003,522,561,1,,237,2,3,15750.0,0.0,47250.0
8004,354,141,1,,2489,1,3,12000.0,720.0,35280.0
8005,478,1236,1,,1108,2,1,15000.0,300.0,14700.0
8006,478,1236,1,,1108,1,3,12600.0,3780.0,34020.0
8007,127,276,1,,645,2,2,15000.0,3000.0,27000.0
8008,298,375,2,2,743,1,3,10800.0,3240.0,29160.0
8009,518,370,2,3,110,1,2,10800.0,1080.0,20520.0
8010,37,1304,2,1,425,2,1,15000.0,300.0,14700.0
8011,347,926,1,,293,1,3,12000.0,1800.0,34200.0
8012,498,468,2,2,128,2,3,13500.0,810.0,39690.0
8013,419,562,2,2,1379,1,1,10800.0,540.0,10260.0
8014,49,986,1,,503,1,3,12000.0,720.0,35280.0
8015,49,986,1,,503,2,1,15000.0,750.0,14250.0
8016,531,1343,2,2,,1,2,12000.0,2400.0,21600.0
8017,531,1343,2,2,,2,2,15750.0,0.0,31500.0
8018,531,1343,2,2,,2,3,13500.0,810.0,39690.0
8019,549,983,1,,704,2,2,15750.0,630.0,30870.0
8020,549,983,1,,704,1,2,12000.0,2400.0,21600.0
8021,427,1133,2,2,2875,1,1,12600.0,1260.0,11340.0
8022,224,716,2,3,381,2,1,15000.0,750.0,14250.0
8023,404,333,1,,,2,2,15750.0,630.0,30870.0
8024,397,1297,1,,2519,2,1,16500.0,330.0,16170.0
8025,579,1344,1,,1753,1,3,12000.0,3600.0,32400.0
8026,265,1099,2,3,107,1,1,12000.0,1200.0,10800.0
8027,634,49,1,,1066,2,2,15000.0,1500.0,28500.0
8028,43,444,2,3,534,2,2,15000.0,0.0,30000.0
8029,43,444,2,3,534,2,3,15000.0,4500.0,40500.0
8030,480,1215,1,,983,1,2,12000.0,480.0,23520.0
8031,130,610,2,2,247,1,3,12000.0,1800.0,34200.0
8032,130,610,2,2,247,2,3,15000.0,4500.0,40500.0
8033,130,610,2,2,247,2,2,15000.0,3000.0,27000.0
8034,364,93,1,,2718,2,3,15750.0,2362.5,44887.5
8035,26,1318,2,3,2405,2,1,15000.0,300.0,14700.0
8036,26,1318,2,3,2405,2,3,16500.0,990.0,48510.0
8037,26,1318,2,3,2405,1,2,12000.0,480.0,23520.0
8038,467,167,2,3,2710,1,1,12000.0,0.0,12000.0
8039,201,789,1,,1744,1,3,12000.0,0.0,36000.0
8040,274,1290,1,,511,1,2,10800.0,2160.0,19440.0
8041,208,1340,2,4,1583,1,1,10800.0,540.0,10260.0
8042,35,327,1,,997,1,2,12000.0,480.0,23520.0
8043,62,1131,1,,475,2,2,15000.0,600.0,29400.0
8044,62,1131,1,,475,1,3,12600.0,3780.0,34020.0
8045,429,295,1,,115,1,2,12000.0,0.0,24000.0
8046,429,295,1,,115,1,2,10800.0,432.0,21168.0
8047,345,580,1,,1684,2,1,15000.0,1500.0,13500.0
8048,345,580,1,,1684,1,1,12000.0,240.0,11760.0
8049,447,364,1,,,2,2,15750.0,3150.0,28350.0
8050,362,353,1,,1991,1,3,12000.0,0.0,36000.0
8051,161,966,2,1,483,2,1,15000.0,1500.0,13500.0
8052,161,966,2,1,483,1,1,12000.0,0.0,12000.0
8053,141,220,1,,1174,1,3,12000.0,720.0,35280.0
8054,318,534,1,,557,2,2,15000.0,600.0,29400.0
8055,318,534,1,,557,1,1,12000.0,1200.0,10800.0
8056,318,534,1,,557,1,3,12000.0,720.0,35280.0
8057,300,1488,2,4,1657,1,2,12000.0,1200.0,22800.0
8058,209,10,1,,209,1,2,12000.0,480.0,23520.0
8059,209,10,1,,209,1,1,13200.0,0.0,13200.0
8060,209,10,1,,209,2,1,15000.0,1500.0,13500.0
8061,518,269,1,,367,1,2,10800.0,0.0,21600.0
8062,346,724,1,,1531,2,3,15000.0,0.0,45000.0
8063,463,37,1,,662,1,3,12000.0,720.0,35280.0
8064,463,37,1,,662,1,1,13200.0,660.0,12540.0
8065,66,459,2,3,1060,1,2,10800.0,432.0,21168.0
8066,472,1411,1,,1401,2,1,15000.0,0.0,15000.0
8067,604,382,2,4,1081,2,2,16500.0,3300.0,29700.0
8068,226,1096,1,,3041,1,1,10800.0,1080.0,9720.0
8069,397,894,1,,2682,1,3,12000.0,1800.0,34200.0
8070,444,1403,2,2,1091,1,3,12600.0,3780.0,34020.0
8071,526,647,1,,63,2,2,15000.0,1500.0,28500.0
8072,229,65,2,4,2141,2,1,13500.0,270.0,13230.0
8073,536,259,1,,1976,1,1,12600.0,630.0,11970.0
8074,426,210,1,,161,1,3,12000.0,3600.0,32400.0
8075,426,210,1,,161,1,3,12000.0,720.0,35280.0
8076,163,584,1,,2922,1,1,10800.0,0.0,10800.0
8077,327,876,1,,763,2,1,16500.0,0.0,16500.0
8078,372,221,1,,2474,2,2,16500.0,0.0,33000.0
8079,372,221,1,,2474,2,1,15750.0,315.0,15435.0
8080,470,669,1,,427,2,2,13500.0,1350.0,25650.0
8081,470,669,1,,427,1,3,10800.0,1620.0,30780.0
8082,311,858,1,,1712,1,2,10800.0,1080.0,20520.0
8083,433,1179,1,,723,1,2,12000.0,0.0,24000.0
8084,146,970,1,,1527,2,2,15750.0,1575.0,29925.0
8085,633,982,2,3,556,1,3,12000.0,1800.0,34200.0
8086,633,982,2,3,556,1,3,10800.0,0.0,32400.0
8087,612,1090,2,2,1196,2,2,15000.0,0.0,30000.0
8088,407,939,1,,2145,1,3,12000.0,720.0,35280.0
8089,27,1276,1,,1186,1,2,10800.0,0.0,21600.0
8090,97,533,1,,1341,2,3,15000.0,4500.0,40500.0
8091,498,583,2,1,623,1,3,12600.0,1890.0,35910.0
8092,573,987,2,4,2566,2,3,15000.0,4500.0,40500.0
8093,573,987,2,4,2566,1,2,12000.0,480.0,23520.0
8094,302,1073,2,3,2357,1,1,12600.0,1260.0,11340.0
8095,15,125,1,,2779,2,2,15750.0,630.0,30870.0
8096,15,125,1,,2779,1,2,12000.0,2400.0,21600.0
8097,501,86,2,1,253,2,3,15750.0,945.0,46305.0
8098,501,86,2,1,253,1,2,12000.0,2400.0,21600.0
8099,225,574,2,3,880,1,3,12000.0,0.0,36000.0
8100,91,31,1,,1735,2,3,15000.0,900.0,44100.0
8101,344,109,2,1,1817,2,2,16500.0,3300.0,29700.0
8102,344,109,2,1,1817,1,3,10800.0,0.0,32400.0
8103,221,1171,2,3,577,1,1,12000.0,240.0,11760.0
8104,93,942,1,,2980,1,1,10800.0,0.0,10800.0
8105,49,1318,1,,669,1,2,13200.0,2640.0,23760.0
8106,49,1318,1,,669,2,2,15000.0,600.0,29400.0
8107,367,1024,2,1,1928,2,3,15000.0,4500.0,40500.0
8108,367,1024,2,1,1928,2,3,15000.0,0.0,45000.0
8109,605,27,2,2,1631,1,2,12000.0,2400.0,21600.0
8110,596,347,1,,1800,2,2,15750.0,1575.0,29925.0
8111,628,1161,1,,1515,2,1,15000.0,0.0,15000.0
8112,628,1161,1,,1515,1,2,12600.0,0.0,25200.0
8113,620,1134,2,4,2797,2,2,15000.0,0.0,30000.0
8114,568,495,1,,1208,1,2,12000.0,2400.0,21600.0
8115,568,495,1,,1208,1,3,13200.0,0.0,39600.0
8116,255,75,2,3,1434,1,1,12000.0,240.0,11760.0
8117,357,598,2,1,2108,2,2,15000.0,1500.0,28500.0
8118,428,105,2,1,347,2,3,13500.0,810.0,39690.0
8119,78,459,2,4,,1,3,13200.0,1980.0,37620.0
8120,78,459,2,4,,2,2,15000.0,3000.0,27000.0
8121,78,459,2,4,,2,2,15000.0,600.0,29400.0
8122,2,1263,1,,777,1,1,10800.0,1080.0,9720.0
8123,31,1483,1,,2038,1,2,10800.0,2160.0,19440.0
8124,31,1483,1,,2038,1,2,12000.0,1200.0,22800.0
8125,627,1072,2,4,2792,1,2,12000.0,2400.0,21600.0
8126,193,1230,1,,314,1,2,12000.0,0.0,24000.0
8127,193,1230,1,,314,1,3,12000.0,3600.0,32400.0
8128,161,1314,2,4,3120,1,1,10800.0,540.0,10260.0
8129,286,1167,2,3,1456,1,3,12000.0,0.0,36000.0
8130,286,1167,2,3,1456,2,2,13500.0,1350.0,25650.0
8131,176,55,2,1,1753,1,3,12000.0,3600.0,32400.0
8132,462,1188,1,,1867,2,1,13500.0,1350.0,12150.0
8133,494,1409,1,,,1,3,12000.0,0.0,36000.0
8134,288,1463,2,4,2235,2,1,13500.0,0.0,13500.0
8135,288,1463,2,4,2235,1,3,12000.0,720.0,35280.0
8136,589,1130,1,,2502,1,2,13200.0,528.0,25872.0
8137,518,499,1,,,1,1,12000.0,240.0,11760.0
8138,518,499,1,,,2,2,15000.0,600.0,29400.0
8139,518,499,1,,,2,2,15000.0,1500.0,28500.0
8140,365,1005,2,4,2824,1,1,10800.0,540.0,10260.0
8141,365,1005,2,4,2824,2,2,15000.0,0.0,30000.0
8142,355,727,1,,1932,2,3,16500.0,2475.0,47025.0
8143,531,1472,2,2,1675,2,1,13500.0,0.0,13500.0
8144,531,1472,2,2,1675,1,2,12000.0,0.0,24000.0
8145,17,920,2,2,1352,1,1,10800.0,1080.0,9720.0
8146,383,376,2,4,359,2,2,15000.0,600.0,29400.0
8147,383,376,2,4,359,1,3,10800.0,3240.0,29160.0
8148,349,402,1,,3050,2,2,15000.0,1500.0,28500.0
8149,349,402,1,,3050,1,1,10800.0,216.0,10584.0
8150,536,724,2,4,157,2,1,15000.0,0.0,15000.0
8151,536,724,2,4,157,1,2,12600.0,1260.0,23940.0
8152,356,1406,1,,287,2,1,15750.0,1575.0,14175.0
8153,26,979,2,4,2009,2,3,16500.0,990.0,48510.0
8154,169,1307,2,4,2065,1,3,12000.0,3600.0,32400.0
8155,65,743,1,,129,1,2,12000.0,1200.0,22800.0
8156,356,947,1,,,1,2,12600.0,0.0,25200.0
8157,453,443,1,,3021,1,2,10800.0,1080.0,20520.0
8158,123,921,2,2,3171,2,2,15000.0,0.0,30000.0
8159,123,921,2,2,3171,2,3,13500.0,810.0,39690.0
8160,285,934,2,4,1549,2,1,13500.0,270.0,13230.0
8161,637,1132,2,4,1055,1,2,12600.0,2520.0,22680.0
8162,382,52,2,2,1138,2,2,15000.0,600.0,29400.0
8163,382,52,2,2,1138,2,2,15000.0,3000.0,27000.0
8164,333,1111,1,,1451,1,1,13200.0,264.0,12936.0
8165,333,1111,1,,1451,2,1,15000.0,300.0,14700.0
8166,333,1111,1,,1451,1,3,12000.0,720.0,35280.0
8167,112,505,2,2,1362,1,3,12000.0,3600.0,32400.0
8168,505,1286,2,4,2412,1,3,12000.0,720.0,35280.0
8169,547,220,1,,2093,2,3,15750.0,2362.5,44887.5
8170,462,673,2,2,3174,1,1,12000.0,240.0,11760.0
8171,561,557,1,,,2,1,13500.0,0.0,13500.0
8172,590,797,2,4,1288,1,3,12600.0,0.0,37800.0
8173,214,596,1,,1731,1,1,12000.0,0.0,12000.0
8174,449,1167,1,,2748,2,3,15000.0,900.0,44100.0
8175,184,658,1,,,1,3,12000.0,720.0,35280.0
8176,107,518,1,,2130,1,3,12000.0,720.0,35280.0
8177,107,518,1,,2130,2,2,15000.0,600.0,29400.0
8178,94,1318,1,,879,2,3,15000.0,2250.0,42750.0
8179,171,721,2,3,,2,2,13500.0,2700.0,24300.0
8180,624,275,1,,2785,1,3,12000.0,3600.0,32400.0
8181,624,275,1,,2785,2,3,13500.0,2025.0,38475.0
8182,597,1310,2,4,1399,1,1,12000.0,600.0,11400.0
8183,633,555,2,1,1009,2,1,15750.0,0.0,15750.0
8184,270,1020,1,,1875,2,3,15750.0,945.0,46305.0
8185,159,1013,1,,2065,1,2,12000.0,1200.0,22800.0
8186,507,415,2,2,133,1,3,12000.0,720.0,35280.0
8187,359,1155,2,4,2280,1,3,12000.0,3600.0,32400.0
8188,18,1426,1,,118,1,3,12000.0,720.0,35280.0
8189,515,1269,2,1,2148,1,1,10800.0,540.0,10260.0
8190,515,1269,2,1,2148,1,2,12000.0,0.0,24000.0
8191,247,1230,1,,996,2,2,15000.0,3000.0,27000.0
8192,324,972,2,3,982,2,2,15000.0,600.0,29400.0
8193,625,1107,1,,2448,2,1,15750.0,787.5,14962.5
8194,246,788,1,,1930,2,1,15000.0,1500.0,13500.0
8195,185,1120,1,,992,2,2,15000.0,0.0,30000.0
8196,185,1120,1,,992,1,1,13200.0,1320.0,11880.0
8197,239,168,1,,1825,1,2,12000.0,480.0,23520.0
8198,244,746,2,2,791,1,1,10800.0,540.0,10260.0
8199,441,127,1,,1667,2,2,15750.0,3150.0,28350.0
8200,73,447,1,,2085,2,3,15750.0,0.0,47250.0
8201,207,815,1,,,1,2,12000.0,0.0,24000.0
8202,348,882,1,,3062,1,3,12600.0,3780.0,34020.0
8203,348,882,1,,3062,1,3,10800.0,1620.0,30780.0
8204,404,1213,1,,2555,2,1,15000.0,0.0,15000.0
8205,334,1266,1,,1782,2,1,15750.0,315.0,15435.0
8206,334,1266,1,,1782,2,1,15750.0,0.0,15750.0
8207,323,195,1,,2354,2,1,15000.0,300.0,14700.0
8208,298,1128,2,3,751,2,3,15000.0,4500.0,40500.0
8209,116,661,1,,1241,1,2,12000.0,0.0,24000.0
8210,116,661,1,,1241,1,3,12000.0,1800.0,34200.0
8211,296,1054,1,,2692,1,1,12000.0,1200.0,10800.0
8212,296,1054,1,,2692,2,3,15000.0,0.0,45000.0
8213,268,887,1,,1161,1,1,12600.0,0.0,12600.0
8214,44,71,1,,425,2,2,13500.0,1350.0,25650.0
8215,448,1303,1,,3185,2,1,15000.0,300.0,14700.0
8216,448,1303,1,,3185,2,1,15000.0,0.0,15000.0
8217,140,545,1,,622,1,2,12000.0,0.0,24000.0
8218,520,613,2,2,2388,1,3,10800.0,3240.0,29160.0
8219,90,616,1,,588,2,2,15000.0,1500.0,28500.0
8220,281,309,1,,2045,1,2,10800.0,1080.0,20520.0
8221,218,740,1,,2838,2,2,15000.0,1500.0,28500.0
8222,474,1281,2,1,,1,1,12000.0,240.0,11760.0
8223,180,347,2,3,482,1,1,12600.0,0.0,12600.0
8224,180,347,2,3,482,2,2,16500.0,1650.0,31350.0
8225,65,1385,1,,286,1,3,12000.0,1800.0,34200.0
8226,65,1385,1,,286,1,1,13200.0,0.0,13200.0
8227,473,547,2,4,2970,1,2,12000.0,480.0,23520.0
8228,185,726,1,,1108,2,3,15000.0,900.0,44100.0
8229,125,315,2,3,,2,2,15000.0,3000.0,27000.0
8230,125,315,2,3,,1,3,12000.0,3600.0,32400.0
8231,403,914,1,,1375,1,3,12000.0,1800.0,34200.0
8232,582,896,1,,1674,2,1,15000.0,1500.0,13500.0
8233,582,896,1,,1674,2,3,15000.0,2250.0,42750.0
8234,582,896,1,,1674,1,3,12000.0,1800.0,34200.0
8235,451,289,2,3,2979,2,1,15000.0,0.0,15000.0
8236,130,597,2,4,2335,1,1,10800.0,0.0,10800.0
8237,130,597,2,4,2335,2,3,15000.0,900.0,44100.0
8238,467,195,1,,2073,2,1,15000.0,300.0,14700.0
8239,467,195,1,,2073,2,3,16500.0,0.0,49500.0
8240,601,1129,2,4,2759,1,3,12000.0,1800.0,34200.0
8241,14,713,1,,1121,2,3,15000.0,2250.0,42750.0
8242,375,1158,1,,2354,2,2,15000.0,1500.0,28500.0
8243,375,1158,1,,2354,1,3,12000.0,3600.0,32400.0
8244,375,1158,1,,2354,1,1,12000.0,0.0,12000.0
8245,178,820,2,4,985,1,3,10800.0,648.0,31752.0
8246,178,820,2,4,985,1,3,12000.0,3600.0,32400.0
8247,227,425,1,,108,2,3,15000.0,4500.0,40500.0
8248,56,461,1,,2236,1,1,12000.0,0.0,12000.0
8249,271,804,2,1,2269,2,2,15000.0,1500.0,28500.0
8250,271,804,2,1,2269,1,1,10800.0,216.0,10584.0
8251,463,83,1,,1394,2,3,15000.0,0.0,45000.0
8252,463,83,1,,1394,1,3,12000.0,1800.0,34200.0
8253,99,376,2,3,248,1,2,12000.0,1200.0,22800.0
8254,99,376,2,3,248,1,2,12000.0,2400.0,21600.0
8255,125,1429,1,,790,1,1,12000.0,0.0,12000.0
8256,125,1429,1,,790,1,1,12600.0,252.0,12348.0
8257,231,1360,1,,203,1,2,12000.0,2400.0,21600.0
8258,231,1360,1,,203,2,2,15000.0,0.0,30000.0
8259,231,1360,1,,203,1,1,12000.0,600.0,11400.0
8260,516,900,1,,714,1,2,13200.0,0.0,26400.0
8261,39,1039,1,,2781,1,2,12000.0,1200.0,22800.0
8262,266,1066,1,,2834,1,3,12000.0,3600.0,32400.0
8263,533,165,2,4,2198,1,3,12000.0,720.0,35280.0
8264,466,957,1,,2300,1,1,12600.0,630.0,11970.0
8265,639,1335,1,,,2,3,15000.0,0.0,45000.0
8266,639,1335,1,,,1,1,12000.0,240.0,11760.0
8267,639,1335,1,,,2,3,16500.0,4950.0,44550.0
8268,231,442,2,1,3117,2,3,15750.0,0.0,47250.0
8269,103,1443,2,1,1582,1,2,12000.0,2400.0,21600.0
8270,77,492,1,,330,1,3,13200.0,0.0,39600.0
8271,269,944,1,,285,2,2,13500.0,0.0,27000.0
8272,502,370,1,,,2,2,13500.0,1350.0,25650.0
8273,185,516,1,,,2,1,15000.0,750.0,14250.0
8274,62,1392,1,,822,2,2,16500.0,3300.0,29700.0
8275,174,1019,2,2,,1,3,10800.0,3240.0,29160.0
8276,134,337,1,,404,1,3,12000.0,0.0,36000.0
8277,442,387,1,,640,2,1,13500.0,270.0,13230.0
8278,183,281,1,,1980,1,2,12000.0,2400.0,21600.0
8279,477,628,1,,2791,1,1,12600.0,0.0,12600.0
8280,527,952,1,,1560,2,3,15000.0,0.0,45000.0
8281,248,1340,1,,2896,2,3,15000.0,2250.0,42750.0
8282,253,1076,1,,2157,1,3,10800.0,648.0,31752.0
8283,253,1076,1,,2157,1,3,12000.0,3600.0,32400.0
8284,63,185,1,,1069,2,1,15000.0,750.0,14250.0
8285,63,185,1,,1069,1,3,10800.0,0.0,32400.0
8286,630,475,1,,617,1,3,13200.0,0.0,39600.0
8287,535,154,1,,2566,2,2,16500.0,0.0,33000.0
8288,535,154,1,,2566,1,1,12600.0,0.0,12600.0
8289,68,1168,2,4,274,1,2,12000.0,2400.0,21600.0
8290,68,1168,2,4,274,2,3,15000.0,2250.0,42750.0
8291,68,1168,2,4,274,2,1,15000.0,300.0,14700.0
8292,633,309,1,,255,1,3,10800.0,648.0,31752.0
8293,633,309,1,,255,1,2,12000.0,480.0,23520.0
8294,150,828,2,4,128,1,3,12600.0,3780.0,34020.0
8295,83,1200,1,,2718,2,2,15750.0,3150.0,28350.0
8296,83,1200,1,,2718,1,3,12000.0,0.0,36000.0
8297,238,1286,1,,,1,3,10800.0,1620.0,30780.0
8298,238,1286,1,,,1,1,12000.0,0.0,12000.0
8299,33,659,2,1,61,1,1,12600.0,630.0,11970.0
8300,33,659,2,1,61,2,3,15000.0,900.0,44100.0
8301,544,430,1,,2519,1,2,12000.0,1200.0,22800.0
8302,440,704,1,,265,1,2,12000.0,1200.0,22800.0
8303,172,1087,2,3,969,2,2,16500.0,3300.0,29700.0
8304,363,63,1,,2488,1,3,12000.0,0.0,36000.0
8305,411,1388,1,,18,2,1,15750.0,787.5,14962.5
8306,411,1388,1,,18,2,3,15000.0,2250.0,42750.0
8307,11,987,2,1,1862,1,3,10800.0,648.0,31752.0
8308,3,311,1,,1322,2,2,16500.0,0.0,33000.0
8309,291,379,2,4,1227,1,3,12000.0,3600.0,32400.0
8310,186,585,1,,290,2,1,16500.0,1650.0,14850.0
8311,594,877,1,,1218,2,2,15000.0,0.0,30000.0
8312,594,877,1,,1218,1,3,12000.0,1800.0,34200.0
8313,576,416,2,3,1035,1,3,12000.0,3600.0,32400.0
8314,327,173,1,,,1,3,12000.0,3600.0,32400.0
8315,606,659,1,,633,1,3,10800.0,648.0,31752.0
8316,426,4,1,,1104,2,2,15000.0,3000.0,27000.0
8317,57,849,2,1,1488,1,3,12000.0,1800.0,34200.0
8318,405,271,2,4,1918,1,2,12000.0,480.0,23520.0
8319,549,1388,1,,1842,1,3,13200.0,3960.0,35640.0
8320,496,623,1,,661,2,1,15750.0,1575.0,14175.0
8321,496,623,1,,661,2,1,15750.0,787.5,14962.5
8322,257,1388,1,,713,2,1,15000.0,0.0,15000.0
8323,257,1388,1,,713,2,1,16500.0,330.0,16170.0
8324,195,1427,2,2,988,1,1,12000.0,600.0,11400.0
8325,44,1139,2,4,991,2,2,15750.0,630.0,30870.0
8326,602,463,1,,2435,1,1,12600.0,252.0,12348.0
8327,124,1430,1,,2519,1,2,12000.0,2400.0,21600.0
8328,128,499,1,,2590,2,3,15750.0,945.0,46305.0
8329,128,499,1,,2590,1,1,12000.0,0.0,12000.0
8330,107,67,1,,2536,2,2,15000.0,0.0,30000.0
8331,107,67,1,,2536,1,1,12000.0,240.0,11760.0
8332,601,249,1,,983,2,1,13500.0,270.0,13230.0
8333,338,764,1,,2700,1,2,12000.0,1200.0,22800.0
8334,633,911,2,3,283,2,2,15000.0,1500.0,28500.0
8335,633,911,2,3,283,2,1,15750.0,1575.0,14175.0
8336,548,801,2,3,2969,1,2,12600.0,504.0,24696.0
8337,459,130,1,,2717,1,2,12000.0,0.0,24000.0
8338,459,130,1,,2717,1,2,12000.0,2400.0,21600.0
8339,459,130,1,,2717,1,3,12000.0,3600.0,32400.0
8340,593,1106,1,,1275,2,2,15000.0,600.0,29400.0
8341,75,1441,1,,2608,1,2,12000.0,0.0,24000.0
8342,75,1441,1,,2608,1,3,12000.0,720.0,35280.0
8343,75,1441,1,,2608,2,3,15750.0,0.0,47250.0
8344,453,364,1,,2751,1,1,12600.0,630.0,11970.0
8345,96,35,1,,2901,1,1,12000.0,600.0,11400.0
8346,460,1451,1,,1976,2,1,15000.0,1500.0,13500.0
8347,48,679,1,,699,1,3,12000.0,3600.0,32400.0
8348,15,1084,1,,246,1,2,12000.0,480.0,23520.0
8349,515,248,1,,208,1,3,12600.0,0.0,37800.0
8350,459,1249,1,,1209,1,1,12600.0,0.0,12600.0
8351,156,4,2,1,252,1,1,12000.0,240.0,11760.0
8352,156,4,2,1,252,1,2,12000.0,0.0,24000.0
8353,328,1405,2,3,1072,1,3,12000.0,0.0,36000.0
8354,89,1212,2,4,2503,1,3,12600.0,1890.0,35910.0
8355,89,1212,2,4,2503,1,1,12000.0,240.0,11760.0
8356,513,962,1,,298,2,2,15000.0,1500.0,28500.0
8357,160,1016,2,3,1454,2,2,13500.0,0.0,27000.0
8358,160,1016,2,3,1454,2,1,13500.0,270.0,13230.0
8359,2,1346,1,,1185,1,2,12000.0,480.0,23520.0
8360,315,249,1,,655,2,2,15000.0,0.0,30000.0
8361,315,249,1,,655,1,1,10800.0,1080.0,9720.0
8362,315,249,1,,655,1,2,12000.0,1200.0,22800.0
8363,136,1301,1,,2783,1,1,12000.0,1200.0,10800.0
8364,136,1301,1,,2783,1,3,12000.0,3600.0,32400.0
8365,420,1224,2,4,236,1,3,10800.0,1620.0,30780.0
8366,517,790,1,,1879,2,2,15000.0,3000.0,27000.0
8367,186,1307,1,,1069,2,2,13500.0,0.0,27000.0
8368,186,1307,1,,1069,1,3,10800.0,0.0,32400.0
8369,186,1307,1,,1069,1,1,12000.0,1200.0,10800.0
8370,112,56,1,,2010,1,1,12000.0,600.0,11400.0
8371,291,266,2,4,1573,1,2,12000.0,480.0,23520.0
8372,291,266,2,4,1573,2,1,15000.0,0.0,15000.0
8373,367,80,2,1,1755,1,2,12000.0,2400.0,21600.0
8374,515,1458,2,3,344,1,1,10800.0,540.0,10260.0
8375,59,685,1,,974,1,2,10800.0,1080.0,20520.0
8376,324,1284,2,1,1477,1,1,12000.0,240.0,11760.0
8377,137,1460,2,1,2076,2,1,15750.0,787.5,14962.5
8378,104,1024,1,,768,2,2,15750.0,0.0,31500.0
8379,496,937,1,,155,2,1,15000.0,750.0,14250.0
8380,88,1489,2,1,2477,1,2,12600.0,2520.0,22680.0
8381,156,1233,2,4,2915,1,3,10800.0,0.0,32400.0
8382,156,1233,2,4,2915,1,3,12600.0,3780.0,34020.0
8383,584,176,1,,1212,1,3,12000.0,0.0,36000.0
8384,584,176,1,,1212,1,2,12000.0,480.0,23520.0
8385,112,396,1,,2727,1,2,10800.0,432.0,21168.0
8386,112,396,1,,2727,2,2,13500.0,540.0,26460.0
8387,511,552,1,,682,2,2,13500.0,1350.0,25650.0
8388,248,709,1,,1665,1,2,12000.0,2400.0,21600.0
8389,248,709,1,,1665,2,1,15000.0,750.0,14250.0
8390,529,1262,1,,2358,2,2,13500.0,1350.0,25650.0
8391,481,310,2,2,3035,2,1,15000.0,300.0,14700.0
8392,254,1258,1,,1844,1,2,12000.0,0.0,24000.0
8393,108,1039,2,3,3152,2,3,15750.0,2362.5,44887.5
8394,405,145,1,,847,1,1,10800.0,540.0,10260.0
8395,22,928,1,,,1,2,12000.0,2400.0,21600.0
8396,22,928,1,,,2,1,13500.0,1350.0,12150.0
8397,553,1061,1,,1719,1,3,10800.0,1620.0,30780.0
8398,553,1061,1,,1719,2,2,15000.0,0.0,30000.0
8399,136,1421,2,1,3119,2,3,15000.0,4500.0,40500.0
8400,576,1219,1,,,2,2,15000.0,600.0,29400.0
8401,576,1219,1,,,2,2,15000.0,1500.0,28500.0
8402,576,1219,1,,,1,1,12000.0,600.0,11400.0
8403,628,510,1,,783,1,2,12000.0,480.0,23520.0
8404,491,684,1,,1075,1,2,12000.0,2400.0,21600.0
8405,294,727,1,,319,1,3,12600.0,3780.0,34020.0
8406,381,584,1,,2320,1,1,12000.0,600.0,11400.0
8407,381,584,1,,2320,2,3,15750.0,4725.0,42525.0
8408,425,521,1,,,2,1,15000.0,1500.0,13500.0
8409,389,475,1,,2238,2,3,15000.0,4500.0,40500.0
8410,389,475,1,,2238,2,2,15000.0,600.0,29400.0
8411,309,1472,1,,,2,1,15000.0,300.0,14700.0
8412,483,188,1,,1801,1,2,12000.0,0.0,24000.0
8413,483,188,1,,1801,2,2,16500.0,0.0,33000.0
8414,104,601,2,1,912,2,1,15000.0,300.0,14700.0
8415,597,407,1,,,2,1,15750.0,0.0,15750.0
8416,382,210,2,2,992,2,3,16500.0,990.0,48510.0
8417,264,1472,2,2,2502,2,2,15000.0,3000.0,27000.0
8418,428,1317,2,1,3125,1,2,12000.0,2400.0,21600.0
8419,333,1450,1,,1103,1,2,10800.0,1080.0,20520.0
8420,578,724,1,,230,2,2,15000.0,1500.0,28500.0
8421,382,942,1,,30,2,3,15000.0,4500.0,40500.0
8422,49,226,1,,1504,1,1,12000.0,600.0,11400.0
8423,637,675,2,2,196,2,3,13500.0,0.0,40500.0
8424,637,675,2,2,196,2,1,15000.0,300.0,14700.0
8425,637,675,2,2,196,1,1,12000.0,240.0,11760.0
8426,419,1366,1,,365,2,2,15000.0,600.0,29400.0
8427,314,1464,1,,2582,1,1,12000.0,0.0,12000.0
8428,314,1464,1,,2582,1,1,12000.0,240.0,11760.0
8429,496,1317,2,2,2616,1,2,12000.0,0.0,24000.0
8430,322,321,1,,219,2,2,15000.0,3000.0,27000.0
8431,501,288,2,3,,1,2,12000.0,2400.0,21600.0
8432,46,839,1,,1251,2,1,15000.0,1500.0,13500.0
8433,16,63,2,4,2421,1,1,13200.0,660.0,12540.0
8434,16,63,2,4,2421,2,2,15000.0,1500.0,28500.0
8435,16,63,2,4,2421,2,1,15000.0,1500.0,13500.0
8436,30,74,1,,2979,1,2,12000.0,2400.0,21600.0
8437,173,1359,1,,1609,1,1,13200.0,264.0,12936.0
8438,542,735,1,,1732,1,3,10800.0,1620.0,30780.0
8439,338,583,2,2,679,1,3,12000.0,1800.0,34200.0
8440,36,403,1,,1740,2,1,15000.0,300.0,14700.0
8441,265,144,2,4,997,1,2,10800.0,2160.0,19440.0
8442,265,144,2,4,997,1,3,12000.0,1800.0,34200.0
8443,130,724,2,4,788,1,3,12600.0,1890.0,35910.0
8444,105,508,1,,848,1,2,12000.0,0.0,24000.0
8445,423,1476,1,,,2,1,15000.0,0.0,15000.0
8446,72,1069,1,,1680,2,2,15750.0,1575.0,29925.0
8447,508,92,1,,2966,1,3,13200.0,0.0,39600.0
8448,72,376,1,,,1,3,12600.0,3780.0,34020.0
8449,358,251,2,4,2543,2,3,15000.0,0.0,45000.0
8450,282,665,1,,2550,2,2,15000.0,1500.0,28500.0
8451,335,4,2,1,1300,1,1,12000.0,0.0,12000.0
8452,335,4,2,1,1300,2,1,15750.0,787.5,14962.5
8453,335,4,2,1,1300,2,1,13500.0,675.0,12825.0
8454,482,225,1,,430,1,3,10800.0,3240.0,29160.0
8455,482,225,1,,430,1,3,12000.0,3600.0,32400.0
8456,476,1083,2,1,3127,1,2,12600.0,1260.0,23940.0
8457,316,111,1,,1531,1,2,12600.0,1260.0,23940.0
8458,197,1491,2,2,2999,1,3,13200.0,0.0,39600.0
8459,31,1340,1,,,2,3,15000.0,2250.0,42750.0
8460,466,597,1,,1030,1,1,10800.0,0.0,10800.0
8461,300,873,1,,673,1,1,12000.0,240.0,11760.0
8462,88,1021,2,1,2919,2,3,16500.0,4950.0,44550.0
8463,403,456,1,,875,1,2,12000.0,2400.0,21600.0
8464,403,456,1,,875,1,2,10800.0,2160.0,19440.0
8465,397,413,2,3,2941,1,2,13200.0,1320.0,25080.0
8466,68,748,2,3,1954,2,3,15000.0,4500.0,40500.0
8467,68,748,2,3,1954,1,3,13200.0,792.0,38808.0
8468,161,1310,2,1,1277,2,1,15000.0,1500.0,13500.0
8469,65,1271,1,,2685,2,1,15000.0,750.0,14250.0
8470,272,964,1,,2404,1,1,12600.0,0.0,12600.0
8471,340,1178,1,,2666,2,1,13500.0,0.0,13500.0
8472,340,1178,1,,2666,1,2,12000.0,1200.0,22800.0
8473,501,292,1,,1489,1,2,13200.0,528.0,25872.0
8474,418,1034,2,4,2182,2,2,15000.0,600.0,29400.0
8475,418,1034,2,4,2182,1,3,12600.0,0.0,37800.0
8476,323,494,1,,1774,1,3,12000.0,1800.0,34200.0
8477,323,494,1,,1774,2,1,13500.0,0.0,13500.0
8478,347,1025,1,,410,1,2,13200.0,528.0,25872.0
8479,581,1045,2,2,590,2,1,15000.0,300.0,14700.0
8480,477,700,1,,2588,1,1,12600.0,1260.0,11340.0
8481,172,1194,1,,477,1,1,12000.0,1200.0,10800.0
8482,511,449,1,,1095,1,3,12000.0,3600.0,32400.0
8483,511,449,1,,1095,1,1,12000.0,240.0,11760.0
8484,511,449,1,,1095,1,2,10800.0,1080.0,20520.0
8485,272,220,2,4,,2,1,13500.0,270.0,13230.0
8486,272,220,2,4,,2,3,13500.0,4050.0,36450.0
8487,630,1152,1,,1737,2,2,13500.0,1350.0,25650.0
8488,630,1152,1,,1737,2,3,15750.0,945.0,46305.0
8489,630,1152,1,,1737,1,3,12600.0,3780.0,34020.0
8490,133,417,2,3,1354,1,3,12000.0,720.0,35280.0
8491,133,417,2,3,1354,1,1,12000.0,240.0,11760.0
8492,487,231,2,3,698,2,2,15000.0,600.0,29400.0
8493,31,142,1,,3018,2,3,15000.0,4500.0,40500.0
8494,170,867,1,,2588,1,2,12600.0,504.0,24696.0
8495,422,1011,1,,503,2,1,15000.0,1500.0,13500.0
8496,374,1363,1,,,2,1,15000.0,0.0,15000.0
8497,463,1027,2,3,1856,1,3,12000.0,1800.0,34200.0
8498,463,1027,2,3,1856,1,3,12000.0,720.0,35280.0
8499,542,135,1,,1469,1,2,12000.0,1200.0,22800.0
8500,441,582,1,,,2,1,13500.0,0.0,13500.0
8501,272,525,1,,3048,2,2,13500.0,1350.0,25650.0
8502,501,463,2,3,1346,2,3,15000.0,0.0,45000.0
8503,501,463,2,3,1346,2,1,15750.0,1575.0,14175.0
8504,323,1127,1,,,1,3,10800.0,648.0,31752.0
8505,409,1263,1,,1632,1,2,12000.0,2400.0,21600.0
8506,431,294,1,,587,1,3,13200.0,3960.0,35640.0
8507,431,294,1,,587,1,3,12600.0,3780.0,34020.0
8508,437,594,2,3,2803,2,1,15000.0,750.0,14250.0
8509,437,594,2,3,2803,2,3,15000.0,2250.0,42750.0
8510,17,195,2,2,1576,1,3,10800.0,0.0,32400.0
8511,17,195,2,2,1576,2,2,15000.0,1500.0,28500.0
8512,34,649,2,1,3083,2,1,15000.0,300.0,14700.0
8513,306,1043,1,,127,1,1,12000.0,240.0,11760.0
8514,306,1043,1,,127,2,1,15000.0,1500.0,13500.0
8515,582,932,1,,2293,2,1,15000.0,0.0,15000.0
8516,582,932,1,,2293,1,3,13200.0,1980.0,37620.0
8517,496,444,1,,50,2,1,15000.0,750.0,14250.0
8518,564,87,1,,2161,1,2,12600.0,504.0,24696.0
8519,302,819,1,,475,2,2,16500.0,3300.0,29700.0
8520,302,819,1,,475,1,1,10800.0,0.0,10800.0
8521,172,967,1,,598,2,3,16500.0,0.0,49500.0
8522,172,967,1,,598,1,1,12000.0,600.0,11400.0
8523,357,605,2,4,687,2,3,15000.0,2250.0,42750.0
8524,224,1331,1,,2661,2,1,15000.0,1500.0,13500.0
8525,224,1331,1,,2661,2,1,15000.0,300.0,14700.0
8526,227,527,2,2,2413,1,3,10800.0,0.0,32400.0
8527,246,660,1,,1017,1,3,10800.0,1620.0,30780.0
8528,246,660,1,,1017,1,3,10800.0,3240.0,29160.0
8529,246,660,1,,1017,2,2,15000.0,600.0,29400.0
8530,462,1355,1,,2953,2,3,15000.0,900.0,44100.0
8531,185,336,1,,2369,1,2,10800.0,432.0,21168.0
8532,406,764,2,4,630,1,1,12600.0,630.0,11970.0
8533,393,321,1,,3179,1,3,12000.0,0.0,36000.0
8534,305,307,1,,2989,2,1,15000.0,0.0,15000.0
8535,305,307,1,,2989,1,2,12000.0,2400.0,21600.0
8536,305,307,1,,2989,2,1,15000.0,1500.0,13500.0
8537,27,1027,2,1,298,1,3,12000.0,3600.0,32400.0
8538,27,1027,2,1,298,2,3,15000.0,4500.0,40500.0
8539,278,1359,2,4,827,1,1,10800.0,1080.0,9720.0
8540,469,723,1,,1885,2,1,15000.0,750.0,14250.0
8541,407,1135,1,,,1,2,12000.0,480.0,23520.0
8542,288,72,1,,823,1,3,12000.0,0.0,36000.0
8543,218,459,2,4,,1,3,12600.0,0.0,37800.0
8544,180,453,2,4,2593,2,2,15000.0,0.0,30000.0
8545,186,995,1,,537,2,3,16500.0,990.0,48510.0
8546,460,316,2,4,1175,2,1,15000.0,0.0,15000.0
8547,606,1306,2,4,2234,1,2,12600.0,504.0,24696.0
8548,625,212,2,4,3066,2,2,15000.0,600.0,29400.0
8549,625,212,2,4,3066,1,2,12000.0,0.0,24000.0
8550,54,212,1,,,1,2,12000.0,1200.0,22800.0
8551,113,1378,1,,901,1,3,12000.0,3600.0,32400.0
8552,113,1378,1,,901,2,2,15000.0,0.0,30000.0
8553,472,746,1,,2652,2,3,15000.0,4500.0,40500.0
8554,472,746,1,,2652,1,3,12600.0,0.0,37800.0
8555,91,1327,1,,,1,1,10800.0,0.0,10800.0
8556,22,1323,2,3,709,2,2,15000.0,1500.0,28500.0
8557,274,1036,1,,,1,1,12000.0,600.0,11400.0
8558,197,426,2,3,2324,1,1,12000.0,240.0,11760.0
8559,262,1045,1,,498,1,2,12600.0,2520.0,22680.0
8560,598,885,1,,2354,1,1,12000.0,1200.0,10800.0
8561,598,885,1,,2354,2,3,13500.0,2025.0,38475.0
8562,508,1009,1,,2916,1,1,13200.0,0.0,13200.0
8563,26,220,2,2,1535,2,2,13500.0,1350.0,25650.0
8564,216,705,1,,1559,2,1,13500.0,1350.0,12150.0
8565,216,705,1,,1559,1,2,12000.0,0.0,24000.0
8566,175,1037,1,,2955,1,2,10800.0,2160.0,19440.0
8567,162,789,1,,2586,1,2,12000.0,0.0,24000.0
8568,162,789,1,,2586,2,3,13500.0,0.0,40500.0
8569,162,79,1,,2755,1,3,12000.0,1800.0,34200.0
8570,1,768,1,,779,1,2,10800.0,432.0,21168.0
8571,1,768,1,,779,1,2,12000.0,480.0,23520.0
8572,372,1253,2,2,2987,1,3,12600.0,3780.0,34020.0
8573,372,1253,2,2,2987,1,2,12600.0,2520.0,22680.0
8574,183,340,1,,814,2,2,15000.0,0.0,30000.0
8575,183,340,1,,814,1,1,13200.0,660.0,12540.0
8576,433,87,1,,2672,1,3,12000.0,720.0,35280.0
8577,433,87,1,,2672,2,2,15000.0,600.0,29400.0
8578,511,504,1,,2822,2,1,15000.0,750.0,14250.0
8579,5,575,1,,2948,2,2,15000.0,0.0,30000.0
8580,145,467,1,,562,2,3,13500.0,810.0,39690.0
8581,436,771,1,,1552,2,3,15000.0,900.0,44100.0
8582,614,1306,1,,,2,2,15000.0,600.0,29400.0
8583,614,1306,1,,,2,3,15000.0,4500.0,40500.0
8584,52,465,2,2,1427,2,3,16500.0,2475.0,47025.0
8585,611,877,2,4,848,2,1,13500.0,1350.0,12150.0
8586,73,602,1,,8,1,3,12000.0,0.0,36000.0
8587,537,554,1,,573,1,2,12600.0,0.0,25200.0
8588,318,1313,1,,2168,2,3,16500.0,4950.0,44550.0
8589,384,410,2,2,1279,1,2,12000.0,2400.0,21600.0
8590,255,1312,2,2,1644,2,2,15000.0,0.0,30000.0
8591,581,289,2,1,,1,1,12000.0,600.0,11400.0
8592,503,429,2,1,2351,1,1,12000.0,0.0,12000.0
8593,608,699,1,,2784,1,1,10800.0,216.0,10584.0
8594,425,267,2,2,3036,2,1,15000.0,750.0,14250.0
8595,488,1228,1,,2185,2,2,15750.0,1575.0,29925.0
8596,278,476,1,,1498,2,1,15000.0,750.0,14250.0
8597,380,1276,1,,2235,1,2,12000.0,0.0,24000.0
8598,119,648,2,2,2524,2,1,15000.0,1500.0,13500.0
8599,17,851,2,4,612,2,3,15000.0,4500.0,40500.0
8600,361,1348,2,4,913,2,2,15000.0,0.0,30000.0
8601,56,1318,2,2,2317,1,2,12000.0,2400.0,21600.0
8602,56,1318,2,2,2317,1,2,12000.0,1200.0,22800.0
8603,350,514,2,1,1851,2,1,16500.0,1650.0,14850.0
8604,313,1093,1,,1607,2,3,15750.0,4725.0,42525.0
8605,257,1426,1,,1357,1,1,13200.0,1320.0,11880.0
8606,553,996,2,2,1642,2,2,15000.0,600.0,29400.0
8607,553,996,2,2,1642,2,1,15000.0,1500.0,13500.0
8608,373,718,2,2,777,2,2,15000.0,1500.0,28500.0
8609,151,724,1,,1429,1,1,12000.0,0.0,12000.0
8610,151,724,1,,1429,2,2,15000.0,3000.0,27000.0
8611,151,724,1,,1429,1,2,12000.0,0.0,24000.0
8612,72,114,1,,2245,1,3,10800.0,3240.0,29160.0
8613,72,114,1,,2245,2,2,13500.0,2700.0,24300.0
8614,382,800,2,2,550,2,1,13500.0,1350.0,12150.0
8615,411,1004,1,,800,1,3,13200.0,0.0,39600.0
8616,375,147,2,1,1839,1,1,12000.0,240.0,11760.0
8617,372,28,2,1,3019,1,2,12000.0,0.0,24000.0
8618,387,786,1,,107,2,3,15000.0,0.0,45000.0
8619,569,153,2,3,2677,1,1,12000.0,240.0,11760.0
8620,308,1433,1,,687,1,3,12600.0,1890.0,35910.0
8621,525,1419,2,1,1511,1,3,12000.0,0.0,36000.0
8622,525,1419,2,1,1511,1,3,12000.0,720.0,35280.0
8623,613,389,2,4,2514,1,1,10800.0,0.0,10800.0
8624,165,233,2,3,1863,2,2,13500.0,0.0,27000.0
8625,165,233,2,3,1863,2,2,13500.0,540.0,26460.0
8626,165,233,2,3,1863,2,3,15000.0,900.0,44100.0
8627,424,746,1,,1192,2,1,15000.0,1500.0,13500.0
8628,424,746,1,,1192,2,3,16500.0,990.0,48510.0
8629,427,894,2,1,2417,1,1,13200.0,660.0,12540.0
8630,427,894,2,1,2417,2,3,15000.0,900.0,44100.0
8631,621,1083,1,,608,2,1,15000.0,1500.0,13500.0
8632,218,1347,1,,347,1,2,12000.0,480.0,23520.0
8633,84,24,2,4,2260,2,3,15000.0,0.0,45000.0
8634,512,1239,1,,839,2,3,15000.0,900.0,44100.0
8635,444,1151,1,,1777,1,2,12000.0,2400.0,21600.0
8636,484,696,2,4,2088,2,1,15000.0,0.0,15000.0
8637,484,696,2,4,2088,1,3,12000.0,1800.0,34200.0
8638,63,1278,1,,1922,2,1,15000.0,750.0,14250.0
8639,200,336,1,,2503,1,1,12600.0,1260.0,11340.0
8640,200,336,1,,2503,1,2,12000.0,480.0,23520.0
8641,524,1174,1,,1437,1,1,12600.0,252.0,12348.0
8642,524,1174,1,,1437,2,1,15000.0,300.0,14700.0
8643,362,668,1,,214,1,3,12000.0,720.0,35280.0
8644,312,501,2,2,1802,2,3,16500.0,4950.0,44550.0
8645,315,1292,2,1,791,1,2,12000.0,1200.0,22800.0
8646,399,198,1,,1664,2,3,13500.0,0.0,40500.0
8647,443,884,1,,2758,1,1,12000.0,240.0,11760.0
8648,443,884,1,,2758,2,3,15000.0,0.0,45000.0
8649,373,1230,1,,2819,2,2,15000.0,1500.0,28500.0
8650,635,212,2,2,2315,1,1,12000.0,1200.0,10800.0
8651,344,1025,2,2,752,1,1,12000.0,1200.0,10800.0
8652,217,1424,2,2,1202,2,1,15750.0,1575.0,14175.0
8653,217,1424,2,2,1202,1,1,12000.0,600.0,11400.0
8654,317,975,1,,1532,1,1,10800.0,1080.0,9720.0
8655,394,820,1,,2094,1,3,12000.0,3600.0,32400.0
8656,294,1099,1,,126,1,3,12000.0,3600.0,32400.0
8657,294,1099,1,,126,2,3,15000.0,2250.0,42750.0
8658,382,1175,1,,1814,1,1,12000.0,600.0,11400.0
8659,57,860,2,4,2840,1,1,13200.0,0.0,13200.0
8660,311,132,2,3,2227,1,1,12000.0,600.0,11400.0
8661,604,573,1,,1258,2,2,15000.0,600.0,29400.0
8662,58,199,2,4,3036,1,2,12000.0,2400.0,21600.0
8663,345,539,1,,2611,1,2,10800.0,1080.0,20520.0
8664,551,196,1,,2674,2,2,15000.0,3000.0,27000.0
8665,144,267,1,,3159,2,2,15000.0,3000.0,27000.0
8666,273,220,2,4,924,2,3,15750.0,4725.0,42525.0
8667,70,604,1,,1019,2,3,13500.0,0.0,40500.0
8668,70,604,1,,1019,2,3,15000.0,0.0,45000.0
8669,168,73,1,,151,1,2,12600.0,0.0,25200.0
8670,330,1331,1,,1016,2,1,15000.0,300.0,14700.0
8671,330,1331,1,,1016,2,1,15000.0,300.0,14700.0
8672,328,158,1,,2188,1,2,12000.0,0.0,24000.0
8673,92,549,2,2,916,1,3,12000.0,720.0,35280.0
8674,92,549,2,2,916,1,2,12600.0,504.0,24696.0
8675,73,1448,1,,2346,1,2,12000.0,2400.0,21600.0
8676,73,1448,1,,2346,1,2,12000.0,0.0,24000.0
8677,593,795,2,1,1437,1,2,10800.0,0.0,21600.0
8678,434,77,1,,2381,2,1,13500.0,675.0,12825.0
8679,572,1163,1,,,1,1,12000.0,600.0,11400.0
8680,459,1121,2,1,3065,2,1,15000.0,0.0,15000.0
8681,133,232,2,1,416,1,3,12000.0,0.0,36000.0
8682,189,329,1,,2215,1,1,12600.0,630.0,11970.0
8683,43,1094,1,,1363,1,2,12000.0,480.0,23520.0
8684,509,944,1,,140,1,1,12600.0,630.0,11970.0
8685,509,944,1,,140,1,2,12600.0,2520.0,22680.0
8686,509,944,1,,140,2,1,15000.0,0.0,15000.0
8687,349,1304,1,,2306,1,1,12000.0,1200.0,10800.0
8688,5,61,2,1,528,1,3,12000.0,3600.0,32400.0
8689,449,560,2,3,39,2,2,16500.0,0.0,33000.0
8690,320,299,1,,3014,2,2,15000.0,1500.0,28500.0
8691,320,299,1,,3014,1,1,12000.0,600.0,11400.0
8692,556,812,1,,,1,3,12000.0,720.0,35280.0
8693,61,169,1,,638,2,3,16500.0,4950.0,44550.0
8694,61,169,1,,638,2,3,13500.0,0.0,40500.0
8695,61,169,1,,638,2,2,15000.0,0.0,30000.0
8696,464,1136,2,1,211,1,1,12000.0,0.0,12000.0
8697,216,986,1,,1764,2,1,15000.0,300.0,14700.0
8698,608,1066,2,1,,2,1,15000.0,0.0,15000.0
8699,608,1066,2,1,,2,2,15000.0,0.0,30000.0
8700,524,1041,2,1,2736,1,3,10800.0,1620.0,30780.0
8701,524,1041,2,1,2736,2,2,15000.0,1500.0,28500.0
8702,255,152,2,2,710,2,1,15000.0,1500.0,13500.0
8703,255,152,2,2,710,1,2,12000.0,1200.0,22800.0
8704,51,1402,2,3,,2,1,16500.0,330.0,16170.0
8705,51,1402,2,3,,2,1,16500.0,330.0,16170.0
8706,63,1032,1,,173,2,2,15000.0,1500.0,28500.0
8707,182,508,1,,1529,1,3,12000.0,3600.0,32400.0
8708,182,508,1,,1529,1,3,10800.0,0.0,32400.0
8709,454,32,1,,533,2,1,16500.0,330.0,16170.0
8710,573,1373,1,,974,1,2,12000.0,1200.0,22800.0
8711,343,1133,2,3,1864,2,1,15000.0,750.0,14250.0
8712,343,1133,2,3,1864,2,3,15000.0,0.0,45000.0
8713,343,1133,2,3,1864,2,1,15000.0,300.0,14700.0
8714,201,1336,1,,1631,1,3,13200.0,1980.0,37620.0
8715,50,1061,1,,1517,1,3,12000.0,1800.0,34200.0
8716,530,1033,1,,1844,1,2,12000.0,1200.0,22800.0
8717,607,993,2,2,179,2,1,15750.0,1575.0,14175.0
8718,607,993,2,2,179,1,1,13200.0,264.0,12936.0
8719,205,1034,1,,2664,2,1,15000.0,750.0,14250.0
8720,260,1468,2,1,1204,1,2,12600.0,0.0,25200.0
8721,236,419,1,,792,2,2,13500.0,0.0,27000.0
8722,306,1348,1,,250,2,3,15000.0,900.0,44100.0
8723,312,39,2,4,564,2,1,16500.0,825.0,15675.0
8724,382,1006,1,,436,1,1,12000.0,1200.0,10800.0
8725,148,311,2,1,1817,2,3,16500.0,990.0,48510.0
8726,148,311,2,1,1817,1,1,12000.0,240.0,11760.0
8727,78,373,1,,,2,2,13500.0,0.0,27000.0
8728,296,623,1,,1520,1,2,12000.0,480.0,23520.0
8729,296,623,1,,1520,1,1,12000.0,0.0,12000.0
8730,417,1313,1,,95,2,1,15000.0,0.0,15000.0
8731,563,283,2,2,963,1,1,12000.0,240.0,11760.0
8732,563,283,2,2,963,2,2,15000.0,600.0,29400.0
8733,515,734,1,,2845,2,2,15000.0,1500.0,28500.0
8734,515,734,1,,2845,2,2,15000.0,600.0,29400.0
8735,515,734,1,,2845,1,3,12000.0,1800.0,34200.0
8736,434,1182,2,2,519,2,3,15000.0,4500.0,40500.0
8737,434,1182,2,2,519,1,2,12000.0,2400.0,21600.0
8738,434,67,2,2,338,1,2,12000.0,480.0,23520.0
8739,434,67,2,2,338,1,3,12600.0,0.0,37800.0
8740,28,919,1,,1693,1,2,13200.0,2640.0,23760.0
8741,225,737,2,4,566,1,1,13200.0,264.0,12936.0
8742,539,1267,2,1,792,2,1,15000.0,750.0,14250.0
8743,423,1345,1,,1277,2,1,15000.0,0.0,15000.0
8744,423,1345,1,,1277,2,2,15750.0,630.0,30870.0
8745,93,1085,1,,2168,1,2,10800.0,2160.0,19440.0
8746,555,126,1,,1768,1,3,12000.0,0.0,36000.0
8747,236,20,1,,2951,2,2,13500.0,540.0,26460.0
8748,236,20,1,,2951,2,1,15000.0,300.0,14700.0
8749,561,1183,1,,2137,1,1,12000.0,240.0,11760.0
8750,138,1082,1,,3102,1,2,12000.0,2400.0,21600.0
8751,284,349,1,,1721,1,3,12600.0,0.0,37800.0
8752,307,569,1,,,2,3,15000.0,4500.0,40500.0
8753,307,569,1,,,2,3,15750.0,2362.5,44887.5
8754,625,10,1,,2530,2,2,15000.0,1500.0,28500.0
8755,383,1194,2,4,2127,1,3,10800.0,3240.0,29160.0
8756,594,1350,1,,2885,2,3,15750.0,945.0,46305.0
8757,286,1490,1,,1776,1,1,12000.0,1200.0,10800.0
8758,630,517,2,4,3074,1,2,12000.0,1200.0,22800.0
8759,630,517,2,4,3074,1,3,10800.0,648.0,31752.0
8760,262,907,1,,2593,2,2,15750.0,1575.0,29925.0
8761,259,115,1,,,2,3,15000.0,2250.0,42750.0
8762,343,415,1,,1102,2,2,16500.0,1650.0,31350.0
8763,175,801,2,3,2730,1,2,10800.0,0.0,21600.0
8764,27,847,1,,3204,2,3,15000.0,0.0,45000.0
8765,35,622,1,,289,2,2,15000.0,0.0,30000.0
8766,97,1288,2,2,1644,1,3,12000.0,720.0,35280.0
8767,378,1045,2,2,2,1,2,13200.0,1320.0,25080.0
8768,433,523,1,,236,2,3,16500.0,0.0,49500.0
8769,433,523,1,,236,1,1,10800.0,540.0,10260.0
8770,286,1419,2,3,1166,2,1,13500.0,1350.0,12150.0
8771,60,733,2,4,1012,2,2,15000.0,1500.0,28500.0
8772,376,339,1,,,2,1,15000.0,1500.0,13500.0
8773,240,1434,2,2,1642,1,1,13200.0,660.0,12540.0
8774,27,853,2,2,121,2,2,15750.0,1575.0,29925.0
8775,27,853,2,2,121,2,1,15750.0,315.0,15435.0
8776,406,799,1,,2359,2,1,15750.0,787.5,14962.5
8777,406,799,1,,2359,2,1,15000.0,1500.0,13500.0
8778,565,902,1,,447,1,2,12000.0,1200.0,22800.0
8779,182,1133,1,,,1,3,12000.0,0.0,36000.0
8780,384,1163,1,,1378,1,3,12000.0,720.0,35280.0
8781,384,1163,1,,1378,1,1,12000.0,1200.0,10800.0
8782,563,186,1,,58,1,2,12600.0,1260.0,23940.0
8783,563,186,1,,58,2,1,15000.0,1500.0,13500.0
8784,596,671,1,,1877,2,1,15000.0,750.0,14250.0
8785,596,671,1,,1877,1,1,12600.0,0.0,12600.0
8786,589,1359,1,,1335,2,1,15750.0,1575.0,14175.0
8787,52,835,1,,1957,2,1,15750.0,0.0,15750.0
8788,623,16,1,,1704,2,2,15750.0,630.0,30870.0
8789,143,975,1,,2672,1,2,13200.0,0.0,26400.0
8790,414,597,2,4,956,2,3,15000.0,4500.0,40500.0
8791,115,564,1,,2051,2,1,15000.0,1500.0,13500.0
8792,361,229,1,,3170,1,2,12000.0,480.0,23520.0
8793,447,209,1,,1581,2,2,15000.0,3000.0,27000.0
8794,343,236,1,,1642,2,1,15000.0,0.0,15000.0
8795,20,942,2,4,2098,1,3,12600.0,756.0,37044.0
8796,423,1106,2,4,1469,1,1,12000.0,0.0,12000.0
8797,5,778,2,1,2157,1,3,12000.0,720.0,35280.0
8798,357,787,1,,886,2,1,15750.0,315.0,15435.0
8799,527,355,1,,234,2,1,16500.0,1650.0,14850.0
8800,626,1477,1,,2853,1,2,12000.0,480.0,23520.0
8801,389,334,2,2,3059,1,2,13200.0,528.0,25872.0
8802,510,10,1,,922,2,2,15000.0,0.0,30000.0
8803,274,54,1,,2312,2,2,13500.0,2700.0,24300.0
8804,256,361,1,,1303,1,1,12000.0,0.0,12000.0
8805,28,1392,1,,2511,2,2,15000.0,3000.0,27000.0
8806,538,856,1,,,2,3,13500.0,0.0,40500.0
8807,195,543,2,3,1618,2,1,15000.0,750.0,14250.0
8808,285,1356,1,,2487,1,2,12000.0,0.0,24000.0
8809,114,656,2,3,2785,2,1,15000.0,0.0,15000.0
8810,597,1096,2,2,373,1,2,12000.0,1200.0,22800.0
8811,597,1096,2,2,373,2,3,15000.0,0.0,45000.0
8812,597,1096,2,2,373,2,1,15000.0,0.0,15000.0
8813,605,478,1,,3008,1,3,10800.0,3240.0,29160.0
8814,351,328,1,,2759,1,2,12600.0,2520.0,22680.0
8815,98,585,2,2,2272,2,1,16500.0,0.0,16500.0
8816,42,65,1,,1199,1,1,12000.0,600.0,11400.0
8817,42,65,1,,1199,2,3,15000.0,0.0,45000.0
8818,435,1379,1,,2867,1,1,12000.0,0.0,12000.0
8819,435,1379,1,,2867,2,1,16500.0,1650.0,14850.0
8820,92,212,2,4,2781,1,3,10800.0,0.0,32400.0
8821,92,212,2,4,2781,1,1,12000.0,0.0,12000.0
8822,111,705,1,,1918,1,2,12600.0,2520.0,22680.0
8823,111,705,1,,1918,1,3,13200.0,3960.0,35640.0
8824,602,1249,1,,1659,2,3,13500.0,0.0,40500.0
8825,328,702,2,4,1069,2,2,15000.0,0.0,30000.0
8826,328,702,2,4,1069,1,1,13200.0,1320.0,11880.0
8827,328,702,2,4,1069,2,2,13500.0,0.0,27000.0
8828,366,764,2,2,231,1,3,12000.0,1800.0,34200.0
8829,451,1378,2,4,2900,1,3,12000.0,720.0,35280.0
8830,451,1378,2,4,2900,1,3,12000.0,3600.0,32400.0
8831,451,1378,2,4,2900,2,1,15000.0,300.0,14700.0
8832,493,204,1,,1675,1,3,12000.0,0.0,36000.0
8833,493,204,1,,1675,1,3,12600.0,3780.0,34020.0
8834,548,1383,1,,374,1,1,13200.0,0.0,13200.0
8835,571,738,1,,2304,1,1,13200.0,660.0,12540.0
8836,317,332,1,,636,1,2,10800.0,2160.0,19440.0
8837,317,332,1,,636,2,1,13500.0,675.0,12825.0
8838,390,1338,1,,877,1,2,12000.0,480.0,23520.0
8839,390,1338,1,,877,2,1,16500.0,330.0,16170.0
8840,390,1338,1,,877,1,1,12000.0,600.0,11400.0
8841,165,727,2,2,1892,2,3,13500.0,0.0,40500.0
8842,192,1491,1,,1157,2,2,15000.0,0.0,30000.0
8843,283,136,2,2,2591,1,3,10800.0,1620.0,30780.0
8844,261,1396,1,,2136,2,2,15750.0,3150.0,28350.0
8845,261,1396,1,,2136,2,3,15000.0,900.0,44100.0
8846,261,1396,1,,2136,2,3,13500.0,2025.0,38475.0
8847,52,555,2,1,1331,2,1,15750.0,0.0,15750.0
8848,248,1178,2,1,1315,1,2,12600.0,2520.0,22680.0
8849,156,235,1,,,1,3,12000.0,720.0,35280.0
8850,366,539,1,,2871,2,1,13500.0,0.0,13500.0
8851,471,553,2,2,,1,3,12000.0,1800.0,34200.0
8852,343,376,2,4,1452,2,3,13500.0,4050.0,36450.0
8853,465,1377,1,,288,1,2,12000.0,1200.0,22800.0
8854,94,619,2,1,2110,1,3,10800.0,648.0,31752.0
8855,89,47,1,,1008,2,3,15750.0,945.0,46305.0
8856,39,666,2,2,1064,2,1,13500.0,675.0,12825.0
8857,263,778,1,,116,2,2,15000.0,0.0,30000.0
8858,263,778,1,,116,2,2,15750.0,3150.0,28350.0
8859,264,1457,1,,2228,1,1,12600.0,252.0,12348.0
8860,264,1457,1,,2228,1,3,12000.0,720.0,35280.0
8861,157,932,1,,2730,2,3,15000.0,4500.0,40500.0
8862,157,932,1,,2730,1,1,12000.0,240.0,11760.0
8863,157,932,1,,2730,1,1,12000.0,1200.0,10800.0
8864,265,478,1,,622,1,2,12000.0,480.0,23520.0
8865,612,1480,1,,1624,2,3,15000.0,0.0,45000.0
8866,473,994,1,,2983,2,1,16500.0,0.0,16500.0
8867,319,165,2,1,1222,2,3,15000.0,0.0,45000.0
8868,346,1126,1,,2788,1,2,13200.0,2640.0,23760.0
8869,346,1126,1,,2788,1,1,12600.0,252.0,12348.0
8870,188,445,1,,,2,1,13500.0,0.0,13500.0
8871,188,445,1,,,1,2,12000.0,1200.0,22800.0
8872,154,321,1,,962,1,3,12600.0,756.0,37044.0
8873,572,975,1,,278,1,1,13200.0,1320.0,11880.0
8874,572,975,1,,278,2,2,15000.0,1500.0,28500.0
8875,202,916,2,4,3138,1,3,12000.0,1800.0,34200.0
8876,202,916,2,4,3138,2,3,15000.0,4500.0,40500.0
8877,127,814,1,,4,2,1,15000.0,750.0,14250.0
8878,127,814,1,,4,2,2,13500.0,0.0,27000.0
8879,530,1227,2,3,2056,2,3,13500.0,4050.0,36450.0
8880,530,1227,2,3,2056,1,1,12000.0,240.0,11760.0
8881,43,528,2,1,50,1,1,12000.0,240.0,11760.0
8882,43,528,2,1,50,1,3,12000.0,3600.0,32400.0
8883,349,809,2,1,,1,3,13200.0,792.0,38808.0
8884,541,1105,2,1,180,1,1,12000.0,600.0,11400.0
8885,541,1105,2,1,180,1,2,12600.0,1260.0,23940.0
8886,487,261,1,,1475,2,1,15000.0,300.0,14700.0
8887,487,261,1,,1475,2,1,15000.0,0.0,15000.0
8888,138,751,2,2,757,2,1,15000.0,300.0,14700.0
8889,588,648,2,3,2773,2,2,16500.0,0.0,33000.0
8890,588,118,2,3,1499,1,3,12000.0,1800.0,34200.0
8891,355,100,1,,2459,2,1,15000.0,0.0,15000.0
8892,590,780,1,,,2,1,15000.0,300.0,14700.0
8893,14,91,2,4,2454,2,3,15000.0,2250.0,42750.0
8894,14,91,2,4,2454,2,3,15000.0,4500.0,40500.0
8895,14,91,2,4,2454,2,1,16500.0,1650.0,14850.0
8896,439,1355,2,1,2885,1,1,12000.0,240.0,11760.0
8897,59,279,1,,2925,2,2,13500.0,540.0,26460.0
8898,443,651,1,,,1,3,13200.0,792.0,38808.0
8899,73,1359,1,,1949,1,2,12600.0,1260.0,23940.0
8900,189,589,1,,2711,1,3,12000.0,1800.0,34200.0
8901,620,1489,2,1,3168,1,3,13200.0,0.0,39600.0
8902,258,776,2,1,2403,2,1,13500.0,675.0,12825.0
8903,402,257,1,,2648,1,2,10800.0,432.0,21168.0
8904,625,252,1,,676,2,1,15000.0,750.0,14250.0
8905,428,1036,1,,1352,1,1,12000.0,600.0,11400.0
8906,369,456,1,,651,1,1,12600.0,252.0,12348.0
8907,369,456,1,,651,1,3,12000.0,1800.0,34200.0
8908,492,707,1,,255,2,2,15000.0,1500.0,28500.0
8909,575,548,1,,2487,2,1,13500.0,1350.0,12150.0
8910,359,575,1,,2501,2,1,15000.0,0.0,15000.0
8911,359,575,1,,2501,2,3,13500.0,0.0,40500.0
8912,28,970,1,,2635,1,2,10800.0,2160.0,19440.0
8913,28,970,1,,2635,1,2,12000.0,480.0,23520.0
8914,577,1310,1,,1234,1,2,12000.0,2400.0,21600.0
8915,577,1310,1,,1234,1,1,12000.0,1200.0,10800.0
8916,578,135,1,,354,1,2,13200.0,2640.0,23760.0
8917,578,135,1,,354,1,1,12000.0,600.0,11400.0
8918,610,814,1,,2621,2,2,15750.0,630.0,30870.0
8919,610,814,1,,2621,1,2,12600.0,0.0,25200.0
8920,324,248,1,,,2,2,15000.0,600.0,29400.0
8921,121,966,1,,1762,2,2,15000.0,3000.0,27000.0
8922,121,966,1,,1762,1,3,12000.0,0.0,36000.0
8923,254,380,1,,985,2,2,15000.0,3000.0,27000.0
8924,19,1144,1,,1053,1,1,12600.0,1260.0,11340.0
8925,577,487,2,3,2199,2,3,13500.0,2025.0,38475.0
8926,361,903,2,3,2680,1,1,10800.0,0.0,10800.0
8927,361,903,2,3,2680,1,2,12000.0,1200.0,22800.0
8928,601,1383,1,,1896,1,3,12000.0,0.0,36000.0
8929,488,1292,1,,864,2,1,15000.0,1500.0,13500.0
8930,241,190,1,,1014,2,2,15000.0,0.0,30000.0
8931,385,159,2,4,2638,2,2,16500.0,3300.0,29700.0
8932,262,1229,1,,,2,3,15000.0,0.0,45000.0
8933,123,886,1,,858,2,1,15000.0,300.0,14700.0
8934,123,886,1,,858,2,2,15000.0,600.0,29400.0
8935,348,271,2,2,905,2,1,15000.0,750.0,14250.0
8936,425,143,1,,1632,2,3,16500.0,2475.0,47025.0
8937,568,1043,2,1,658,2,1,16500.0,1650.0,14850.0
8938,568,1043,2,1,658,2,2,15000.0,0.0,30000.0
8939,577,432,2,3,2808,1,3,12000.0,0.0,36000.0
8940,577,432,2,3,2808,2,1,15750.0,787.5,14962.5
8941,240,521,1,,2155,2,1,15000.0,300.0,14700.0
8942,67,1159,1,,2715,2,1,15750.0,0.0,15750.0
8943,4,668,2,2,2625,1,1,13200.0,1320.0,11880.0
8944,400,789,1,,1937,1,2,12000.0,1200.0,22800.0
8945,470,1315,1,,7,1,2,12000.0,1200.0,22800.0
8946,470,1315,1,,7,2,2,15000.0,1500.0,28500.0
8947,532,760,2,3,,2,3,15000.0,4500.0,40500.0
8948,532,760,2,3,,2,2,15000.0,1500.0,28500.0
8949,184,419,2,4,520,1,2,12000.0,0.0,24000.0
8950,225,1231,2,1,1978,1,1,12000.0,0.0,12000.0
8951,59,1222,2,3,2708,1,1,12000.0,0.0,12000.0
8952,209,1480,1,,3199,1,2,12000.0,2400.0,21600.0
8953,289,1476,2,3,1284,1,2,12000.0,2400.0,21600.0
8954,483,873,1,,2111,1,1,12000.0,600.0,11400.0
8955,483,873,1,,2111,1,2,12000.0,0.0,24000.0
8956,483,873,1,,2111,2,1,15000.0,750.0,14250.0
8957,229,201,2,3,2477,2,2,15750.0,3150.0,28350.0
8958,229,201,2,3,2477,2,2,15000.0,3000.0,27000.0
8959,85,301,2,2,2913,1,3,12000.0,720.0,35280.0
8960,109,1413,2,2,952,2,3,15000.0,0.0,45000.0
8961,76,881,2,1,974,1,3,10800.0,1620.0,30780.0
8962,76,881,2,1,974,1,1,12000.0,240.0,11760.0
8963,204,606,1,,982,2,2,15750.0,1575.0,29925.0
8964,617,649,1,,816,1,3,10800.0,1620.0,30780.0
8965,289,286,2,4,562,2,3,13500.0,810.0,39690.0
8966,639,318,1,,477,1,3,12600.0,756.0,37044.0
8967,492,1143,2,1,180,1,1,12000.0,240.0,11760.0
8968,195,1228,2,2,2772,1,2,12000.0,2400.0,21600.0
8969,195,1228,2,2,2772,2,1,13500.0,675.0,12825.0
8970,228,948,1,,1514,1,2,12000.0,0.0,24000.0
8971,343,1078,1,,2151,2,2,15000.0,1500.0,28500.0
8972,307,400,2,2,1917,2,1,15000.0,300.0,14700.0
8973,178,942,2,3,2760,2,3,15000.0,4500.0,40500.0
8974,577,518,1,,2490,2,3,13500.0,0.0,40500.0
8975,577,518,1,,2490,1,1,12000.0,0.0,12000.0
8976,577,518,1,,2490,2,3,16500.0,990.0,48510.0
8977,143,815,2,4,2795,2,3,15750.0,2362.5,44887.5
8978,35,743,1,,2303,2,1,15000.0,750.0,14250.0
8979,32,736,2,3,558,2,3,15000.0,900.0,44100.0
8980,32,736,2,3,558,1,3,12000.0,1800.0,34200.0
8981,196,445,2,4,2866,1,3,12000.0,0.0,36000.0
8982,366,557,2,2,1087,1,2,13200.0,1320.0,25080.0
8983,599,141,1,,532,1,2,12000.0,480.0,23520.0
8984,457,174,2,1,,1,3,10800.0,1620.0,30780.0
8985,204,958,1,,2309,2,1,15000.0,0.0,15000.0
8986,488,990,1,,281,2,2,13500.0,0.0,27000.0
8987,201,1137,1,,1497,2,1,13500.0,675.0,12825.0
8988,269,402,1,,11,1,2,12000.0,0.0,24000.0
8989,211,1143,2,2,832,2,2,13500.0,2700.0,24300.0
8990,136,547,2,4,647,1,3,12000.0,720.0,35280.0
8991,286,22,2,2,26,1,2,12000.0,480.0,23520.0
8992,286,22,2,2,26,2,3,13500.0,810.0,39690.0
8993,192,1222,1,,1804,1,3,12000.0,1800.0,34200.0
8994,36,340,1,,751,2,1,15000.0,750.0,14250.0
8995,68,243,1,,2974,2,1,15000.0,750.0,14250.0
8996,572,28,1,,359,1,2,12000.0,480.0,23520.0
8997,572,28,1,,359,2,3,15000.0,2250.0,42750.0
8998,337,158,2,4,1251,1,3,12600.0,3780.0,34020.0
8999,337,158,2,4,1251,1,2,12000.0,0.0,24000.0
9000,27,238,2,3,2038,2,1,15000.0,750.0,14250.0
9001,349,1410,2,4,2059,1,3,12000.0,720.0,35280.0
9002,349,1410,2,4,2059,1,2,12000.0,1200.0,22800.0
9003,349,1410,2,4,2059,1,1,12600.0,0.0,12600.0
9004,482,343,1,,578,1,3,12000.0,3600.0,32400.0
9005,482,343,1,,578,1,1,12600.0,252.0,12348.0
9006,238,1252,1,,829,1,1,12000.0,0.0,12000.0
9007,174,1347,1,,1312,1,2,12600.0,0.0,25200.0
9008,432,765,1,,,1,2,12000.0,1200.0,22800.0
9009,572,841,1,,2902,1,1,10800.0,1080.0,9720.0
9010,394,1487,1,,3045,1,1,12600.0,252.0,12348.0
9011,440,837,1,,662,2,2,15000.0,0.0,30000.0
9012,42,184,2,2,3111,2,2,13500.0,0.0,27000.0
9013,42,184,2,2,3111,2,2,15000.0,0.0,30000.0
9014,286,1166,2,1,1441,2,2,15000.0,600.0,29400.0
9015,288,997,1,,3062,1,1,12000.0,0.0,12000.0
9016,389,1034,1,,2334,2,1,16500.0,825.0,15675.0
9017,224,398,1,,1562,2,3,15750.0,2362.5,44887.5
9018,39,162,2,1,,1,3,12000.0,720.0,35280.0
9019,222,501,2,2,1684,1,1,12000.0,240.0,11760.0
9020,464,794,1,,548,1,3,12000.0,1800.0,34200.0
9021,316,8,1,,2840,2,1,15000.0,1500.0,13500.0
9022,559,176,1,,884,2,1,15000.0,1500.0,13500.0
9023,130,52,1,,860,1,1,12000.0,240.0,11760.0
9024,130,52,1,,860,2,1,15750.0,0.0,15750.0
9025,437,451,1,,274,1,3,12000.0,720.0,35280.0
9026,437,451,1,,274,2,3,15000.0,2250.0,42750.0
9027,437,451,1,,274,1,1,12000.0,240.0,11760.0
9028,267,913,2,4,2654,2,2,13500.0,1350.0,25650.0
9029,217,1425,1,,2503,1,1,12000.0,1200.0,10800.0
9030,597,1163,1,,1146,1,3,12600.0,1890.0,35910.0
9031,58,1199,1,,2886,2,2,15000.0,0.0,30000.0
9032,79,1433,1,,2386,1,3,12000.0,3600.0,32400.0
9033,176,1321,1,,751,1,2,13200.0,1320.0,25080.0
9034,535,713,1,,2696,2,3,16500.0,2475.0,47025.0
9035,535,713,1,,2696,1,3,12000.0,3600.0,32400.0
9036,420,1331,1,,1727,1,1,12000.0,600.0,11400.0
9037,181,979,2,4,752,1,3,13200.0,0.0,39600.0
9038,181,979,2,4,752,2,2,15000.0,600.0,29400.0
9039,603,820,1,,464,2,2,15000.0,0.0,30000.0
9040,526,1267,1,,3049,1,2,12000.0,2400.0,21600.0
9041,578,184,2,3,2348,2,3,15000.0,0.0,45000.0
9042,394,486,1,,2363,1,3,12000.0,0.0,36000.0
9043,394,486,1,,2363,1,3,13200.0,1980.0,37620.0
9044,296,417,1,,1924,2,3,15000.0,4500.0,40500.0
9045,139,982,1,,1802,2,2,13500.0,0.0,27000.0
9046,139,982,1,,1802,1,3,12000.0,1800.0,34200.0
9047,271,1491,2,2,1135,1,1,12000.0,600.0,11400.0
9048,271,1491,2,2,1135,1,1,12000.0,600.0,11400.0
9049,33,45,1,,1311,1,1,10800.0,1080.0,9720.0
9050,510,535,1,,590,2,3,15000.0,4500.0,40500.0
9051,510,535,1,,590,1,2,12000.0,1200.0,22800.0
9052,132,177,1,,1441,1,1,12600.0,0.0,12600.0
9053,563,1229,2,4,3109,2,3,15750.0,2362.5,44887.5
9054,442,1317,1,,962,2,1,15000.0,300.0,14700.0
9055,442,1317,1,,962,1,2,12600.0,0.0,25200.0
9056,564,737,1,,980,2,2,15000.0,3000.0,27000.0
9057,72,158,1,,2051,2,3,15000.0,0.0,45000.0
9058,207,915,2,3,912,1,3,10800.0,1620.0,30780.0
9059,207,915,2,3,912,2,1,15750.0,315.0,15435.0
9060,397,281,1,,2528,2,3,15000.0,0.0,45000.0
9061,397,281,1,,2528,2,1,15000.0,300.0,14700.0
9062,420,403,1,,619,1,3,12000.0,0.0,36000.0
9063,562,955,1,,919,2,3,15000.0,2250.0,42750.0
9064,166,991,1,,586,2,1,16500.0,330.0,16170.0
9065,619,1128,2,2,2149,2,1,15000.0,750.0,14250.0
9066,619,1128,2,2,2149,1,2,12000.0,480.0,23520.0
9067,98,1399,2,4,,2,3,15750.0,0.0,47250.0
9068,392,1366,2,4,2064,2,2,15000.0,3000.0,27000.0
9069,205,654,1,,1031,1,1,12600.0,0.0,12600.0
9070,191,791,1,,2728,2,3,15750.0,945.0,46305.0
9071,582,246,2,3,1835,2,1,15750.0,1575.0,14175.0
9072,582,246,2,3,1835,2,1,13500.0,0.0,13500.0
9073,342,997,2,2,1457,1,1,12600.0,1260.0,11340.0
9074,412,122,1,,905,2,1,15000.0,750.0,14250.0
9075,467,522,2,4,3049,1,1,12000.0,600.0,11400.0
9076,259,978,1,,1131,1,1,13200.0,660.0,12540.0
9077,259,978,1,,1131,2,1,15000.0,1500.0,13500.0
9078,259,978,1,,1131,1,1,13200.0,660.0,12540.0
9079,538,1380,1,,43,2,1,15000.0,1500.0,13500.0
9080,435,731,2,1,1795,1,2,12000.0,0.0,24000.0
9081,435,731,2,1,1795,2,2,15000.0,3000.0,27000.0
9082,485,406,1,,535,1,2,12000.0,2400.0,21600.0
9083,485,406,1,,535,2,1,13500.0,0.0,13500.0
9084,26,254,2,1,56,2,3,15000.0,900.0,44100.0
9085,20,412,1,,2820,1,3,12000.0,0.0,36000.0
9086,347,1233,1,,960,2,1,15000.0,1500.0,13500.0
9087,55,335,2,2,1233,1,1,10800.0,540.0,10260.0
9088,486,867,1,,1969,2,1,15000.0,0.0,15000.0
9089,486,867,1,,1969,1,2,12000.0,0.0,24000.0
9090,486,867,1,,1969,1,3,10800.0,0.0,32400.0
9091,348,155,1,,3127,1,3,12000.0,720.0,35280.0
9092,348,155,1,,3127,1,1,12000.0,1200.0,10800.0
9093,282,168,2,2,,1,3,12600.0,0.0,37800.0
9094,25,1405,1,,3093,1,1,12000.0,1200.0,10800.0
9095,328,1255,1,,822,1,3,12000.0,3600.0,32400.0
9096,328,1255,1,,822,2,2,15000.0,1500.0,28500.0
9097,464,66,1,,126,1,1,10800.0,540.0,10260.0
9098,83,228,2,2,971,1,2,10800.0,432.0,21168.0
9099,126,1191,2,2,2004,1,3,12600.0,1890.0,35910.0
9100,308,549,2,3,3149,1,2,12600.0,2520.0,22680.0
9101,461,384,1,,462,2,1,15000.0,750.0,14250.0
9102,193,565,2,1,3187,2,3,15000.0,0.0,45000.0
9103,193,565,2,1,3187,1,1,12000.0,1200.0,10800.0
9104,600,1398,2,3,1517,1,2,12000.0,0.0,24000.0
9105,600,1398,2,3,1517,1,1,12600.0,1260.0,11340.0
9106,384,492,2,2,148,2,3,15750.0,2362.5,44887.5
9107,348,1459,2,3,1185,2,2,15000.0,0.0,30000.0
9108,102,972,2,4,2060,2,3,16500.0,990.0,48510.0
9109,446,965,2,4,3197,2,2,15000.0,3000.0,27000.0
9110,391,1161,2,4,1563,1,3,12600.0,1890.0,35910.0
9111,138,1258,1,,,2,3,15750.0,2362.5,44887.5
9112,175,322,1,,1450,1,3,13200.0,1980.0,37620.0
9113,501,1023,2,3,161,1,3,10800.0,0.0,32400.0
9114,284,653,2,1,3153,2,3,13500.0,810.0,39690.0
9115,291,282,2,4,,2,1,15750.0,0.0,15750.0
9116,547,1400,1,,2269,2,3,15000.0,2250.0,42750.0
9117,492,727,2,4,2720,2,3,15750.0,2362.5,44887.5
9118,242,1238,1,,994,2,3,15000.0,0.0,45000.0
9119,398,769,1,,1051,1,1,12000.0,600.0,11400.0
9120,520,16,2,1,,1,1,12000.0,600.0,11400.0
9121,476,1116,1,,,1,3,13200.0,3960.0,35640.0
9122,272,118,2,1,492,1,2,13200.0,2640.0,23760.0
9123,619,339,1,,774,2,3,15000.0,900.0,44100.0
9124,196,1296,1,,212,2,2,15750.0,0.0,31500.0
9125,196,1296,1,,212,1,1,12000.0,0.0,12000.0
9126,196,1296,1,,212,1,2,12000.0,0.0,24000.0
9127,74,1477,2,2,1184,1,2,10800.0,1080.0,20520.0
9128,326,418,1,,824,2,3,15000.0,2250.0,42750.0
9129,326,418,1,,824,1,3,12600.0,3780.0,34020.0
9130,119,682,2,2,528,1,1,12600.0,252.0,12348.0
9131,86,1076,1,,3009,2,3,15000.0,4500.0,40500.0
9132,86,1076,1,,3009,2,3,15000.0,4500.0,40500.0
9133,585,222,1,,1197,2,2,15000.0,3000.0,27000.0
9134,585,222,1,,1197,2,3,15000.0,2250.0,42750.0
9135,585,222,1,,1197,1,3,12600.0,1890.0,35910.0
9136,588,810,1,,2511,2,3,15000.0,2250.0,42750.0
9137,612,1311,1,,994,1,1,12000.0,600.0,11400.0
9138,629,767,1,,481,1,2,12000.0,480.0,23520.0
9139,139,1094,1,,1648,2,2,15000.0,0.0,30000.0
9140,160,608,2,4,,1,3,12000.0,1800.0,34200.0
9141,44,193,2,1,655,1,1,13200.0,1320.0,11880.0
9142,94,1313,1,,,2,1,15000.0,1500.0,13500.0
9143,94,1313,1,,,1,2,12600.0,1260.0,23940.0
9144,569,1128,2,2,2710,1,3,12600.0,1890.0,35910.0
9145,463,161,2,4,2284,1,3,12000.0,1800.0,34200.0
9146,588,311,2,2,,2,2,16500.0,0.0,33000.0
9147,565,768,1,,348,2,3,13500.0,4050.0,36450.0
9148,104,1363,1,,150,1,2,12000.0,0.0,24000.0
9149,104,1363,1,,150,2,3,15000.0,900.0,44100.0
9150,106,362,2,1,2883,2,1,15750.0,1575.0,14175.0
9151,112,311,2,4,1749,1,2,12000.0,2400.0,21600.0
9152,112,311,2,4,1749,2,2,16500.0,660.0,32340.0
9153,112,311,2,4,1749,1,3,12000.0,720.0,35280.0
9154,280,1108,1,,,2,3,13500.0,0.0,40500.0
9155,139,1048,1,,1956,2,3,15000.0,900.0,44100.0
9156,391,983,2,1,2546,2,3,15000.0,4500.0,40500.0
9157,202,1240,1,,,2,3,15000.0,900.0,44100.0
9158,202,1240,1,,,1,1,12000.0,240.0,11760.0
9159,24,773,2,1,2474,2,3,13500.0,810.0,39690.0
9160,24,773,2,1,2474,1,2,10800.0,2160.0,19440.0
9161,505,871,2,3,66,1,1,12000.0,240.0,11760.0
9162,276,245,1,,2328,2,3,15000.0,2250.0,42750.0
9163,115,1355,1,,1610,1,1,12000.0,0.0,12000.0
9164,326,518,1,,2351,2,2,15000.0,1500.0,28500.0
9165,200,116,1,,733,1,3,12000.0,3600.0,32400.0
9166,240,902,1,,729,2,3,13500.0,4050.0,36450.0
9167,240,902,1,,729,1,3,12000.0,1800.0,34200.0
9168,437,1302,2,1,291,1,2,12000.0,480.0,23520.0
9169,5,565,1,,1764,1,3,12000.0,720.0,35280.0
9170,379,235,1,,,1,2,12000.0,2400.0,21600.0
9171,256,606,2,2,57,1,1,12000.0,0.0,12000.0
9172,571,467,2,1,,2,2,15000.0,600.0,29400.0
9173,344,19,1,,3173,2,1,15750.0,1575.0,14175.0
9174,344,19,1,,3173,1,3,12000.0,1800.0,34200.0
9175,203,1456,1,,1283,2,2,13500.0,1350.0,25650.0
9176,374,321,1,,1250,1,3,10800.0,0.0,32400.0
9177,576,656,2,3,,2,2,15000.0,600.0,29400.0
9178,632,1209,1,,1894,2,1,16500.0,330.0,16170.0
9179,70,1198,2,1,3026,2,1,15000.0,0.0,15000.0
9180,381,466,1,,3040,1,3,12000.0,3600.0,32400.0
9181,381,466,1,,3040,1,2,12000.0,1200.0,22800.0
9182,381,466,1,,3040,1,1,12000.0,600.0,11400.0
9183,590,128,1,,1485,1,2,12000.0,480.0,23520.0
9184,590,128,1,,1485,2,1,15000.0,1500.0,13500.0
9185,250,1252,1,,1238,2,3,13500.0,4050.0,36450.0
9186,532,86,1,,2312,2,3,13500.0,0.0,40500.0
9187,18,312,1,,2874,2,1,13500.0,270.0,13230.0
9188,18,312,1,,2874,1,2,10800.0,432.0,21168.0
9189,567,360,2,4,2230,1,1,12000.0,0.0,12000.0
9190,567,360,2,4,2230,1,2,12000.0,0.0,24000.0
9191,255,823,1,,,2,1,13500.0,1350.0,12150.0
9192,206,1332,1,,1647,2,1,16500.0,0.0,16500.0
9193,206,1332,1,,1647,1,3,10800.0,648.0,31752.0
9194,428,1388,1,,,1,1,10800.0,1080.0,9720.0
9195,428,1388,1,,,2,3,15000.0,2250.0,42750.0
9196,46,39,2,4,3016,2,3,15000.0,4500.0,40500.0
9197,252,192,1,,,2,3,13500.0,2025.0,38475.0
9198,14,980,1,,1295,1,1,10800.0,216.0,10584.0
9199,624,492,1,,762,2,1,15000.0,1500.0,13500.0
9200,624,492,1,,762,1,3,12000.0,0.0,36000.0
9201,288,356,1,,496,2,1,15000.0,750.0,14250.0
9202,288,356,1,,496,1,1,12000.0,240.0,11760.0
9203,2,1101,1,,3127,1,1,10800.0,540.0,10260.0
9204,259,1081,1,,160,2,1,15000.0,300.0,14700.0
9205,532,1448,1,,1578,2,1,13500.0,1350.0,12150.0
9206,380,1216,2,3,1491,1,2,12000.0,2400.0,21600.0
9207,144,731,1,,1107,1,1,12000.0,1200.0,10800.0
9208,551,522,1,,2514,1,1,12000.0,240.0,11760.0
9209,601,96,1,,2428,1,2,12000.0,2400.0,21600.0
9210,435,831,2,4,1429,2,2,15750.0,3150.0,28350.0
9211,397,1222,1,,209,2,2,15000.0,0.0,30000.0
9212,74,1216,2,4,71,2,2,16500.0,660.0,32340.0
9213,74,1216,2,4,71,2,2,15000.0,600.0,29400.0
9214,27,1384,1,,1076,1,2,12000.0,2400.0,21600.0
9215,311,660,1,,1024,2,1,13500.0,675.0,12825.0
9216,592,61,2,2,1137,1,2,12000.0,2400.0,21600.0
9217,88,489,1,,2643,1,3,12000.0,0.0,36000.0
9218,263,89,2,1,1166,1,1,12000.0,240.0,11760.0
9219,631,259,1,,2839,1,1,12000.0,600.0,11400.0
9220,631,259,1,,2839,1,1,12000.0,0.0,12000.0
9221,631,259,1,,2839,1,1,12000.0,1200.0,10800.0
9222,525,939,2,4,2613,2,1,15750.0,787.5,14962.5
9223,412,87,1,,3188,1,2,12000.0,480.0,23520.0
9224,217,354,2,3,2695,1,1,13200.0,264.0,12936.0
9225,496,1118,1,,812,1,2,12600.0,0.0,25200.0
9226,502,435,2,2,3179,1,3,13200.0,0.0,39600.0
9227,328,175,2,4,509,1,2,12000.0,2400.0,21600.0
9228,319,1370,1,,1280,2,1,16500.0,0.0,16500.0
9229,129,6,1,,,1,1,13200.0,0.0,13200.0
9230,365,887,1,,3202,1,2,12000.0,0.0,24000.0
9231,551,82,1,,2021,1,3,10800.0,1620.0,30780.0
9232,551,82,1,,2021,2,3,16500.0,2475.0,47025.0
9233,497,28,1,,579,1,1,13200.0,1320.0,11880.0
9234,379,789,1,,1833,1,2,12000.0,0.0,24000.0
9235,139,318,1,,1651,2,1,15000.0,0.0,15000.0
9236,139,318,1,,1651,2,1,15000.0,1500.0,13500.0
9237,196,642,1,,832,2,1,15000.0,0.0,15000.0
9238,168,1466,1,,,2,2,15000.0,600.0,29400.0
9239,497,50,1,,1248,1,3,12600.0,756.0,37044.0
9240,497,50,1,,1248,2,1,15000.0,300.0,14700.0
9241,496,132,2,1,1002,1,2,12600.0,2520.0,22680.0
9242,101,209,1,,3025,2,2,13500.0,1350.0,25650.0
9243,566,685,1,,425,1,2,12600.0,2520.0,22680.0
9244,566,685,1,,425,2,1,15750.0,0.0,15750.0
9245,283,617,1,,1634,2,2,13500.0,1350.0,25650.0
9246,283,617,1,,1634,2,2,15000.0,1500.0,28500.0
9247,9,754,1,,2168,2,2,15000.0,0.0,30000.0
9248,549,1302,2,1,1653,1,2,12000.0,480.0,23520.0
9249,5,1060,2,2,2322,2,3,15000.0,0.0,45000.0
9250,80,1063,2,2,83,1,2,12000.0,480.0,23520.0
9251,577,898,1,,1833,1,2,12000.0,0.0,24000.0
9252,598,552,2,1,783,1,3,13200.0,792.0,38808.0
9253,598,552,2,1,783,1,1,12000.0,0.0,12000.0
9254,598,552,2,1,783,1,2,12000.0,0.0,24000.0
9255,178,231,1,,2231,1,3,12000.0,3600.0,32400.0
9256,355,958,1,,442,1,2,12600.0,2520.0,22680.0
9257,175,916,1,,1286,2,2,13500.0,1350.0,25650.0
9258,223,613,1,,2577,1,3,12600.0,1890.0,35910.0
9259,223,613,1,,2577,1,3,13200.0,792.0,38808.0
9260,454,517,2,1,2496,2,3,15000.0,900.0,44100.0
9261,454,517,2,1,2496,2,2,15000.0,1500.0,28500.0
9262,296,1330,1,,3177,2,1,15750.0,1575.0,14175.0
9263,296,1330,1,,3177,1,3,12000.0,1800.0,34200.0
9264,625,819,2,4,276,2,3,16500.0,4950.0,44550.0
9265,501,1326,1,,1567,1,2,12000.0,480.0,23520.0
9266,70,746,1,,,1,2,12000.0,2400.0,21600.0
9267,465,641,1,,2130,2,2,15000.0,600.0,29400.0
9268,10,1495,1,,2479,2,1,15750.0,787.5,14962.5
9269,10,1495,1,,2479,1,1,10800.0,1080.0,9720.0
9270,407,718,2,2,1050,1,1,12000.0,600.0,11400.0
9271,605,971,2,3,,1,3,10800.0,648.0,31752.0
9272,605,971,2,3,,2,2,15000.0,1500.0,28500.0
9273,53,391,1,,1082,2,3,15000.0,2250.0,42750.0
9274,493,1007,2,1,1935,1,1,12000.0,1200.0,10800.0
9275,63,184,1,,3177,1,2,12000.0,480.0,23520.0
9276,63,184,1,,3177,1,3,12000.0,1800.0,34200.0
9277,374,333,1,,2812,1,1,10800.0,0.0,10800.0
9278,111,458,2,1,838,2,1,15000.0,300.0,14700.0
9279,25,489,1,,694,1,3,12000.0,0.0,36000.0
9280,469,152,2,1,,2,1,16500.0,0.0,16500.0
9281,469,152,2,1,,2,1,15000.0,750.0,14250.0
9282,72,481,1,,,1,2,12600.0,504.0,24696.0
9283,354,1261,2,4,594,2,1,15000.0,750.0,14250.0
9284,539,111,2,3,2346,2,3,15000.0,0.0,45000.0
9285,539,111,2,3,2346,2,1,15000.0,300.0,14700.0
9286,562,477,2,3,118,2,3,15000.0,2250.0,42750.0
9287,42,1309,1,,2573,1,1,10800.0,540.0,10260.0
9288,42,1309,1,,2573,1,1,12000.0,0.0,12000.0
9289,433,1381,1,,3131,1,3,10800.0,648.0,31752.0
9290,226,842,1,,823,1,2,10800.0,0.0,21600.0
9291,226,842,1,,823,1,2,12000.0,0.0,24000.0
9292,468,498,1,,262,1,2,12000.0,0.0,24000.0
9293,215,903,2,1,2183,1,2,12000.0,1200.0,22800.0
9294,637,516,2,4,1146,2,2,13500.0,1350.0,25650.0
9295,637,516,2,4,1146,1,2,13200.0,2640.0,23760.0
9296,109,176,1,,1588,2,1,15000.0,300.0,14700.0
9297,109,176,1,,1588,1,3,12000.0,3600.0,32400.0
9298,268,1423,2,1,,2,1,13500.0,675.0,12825.0
9299,268,1423,2,1,,1,3,12000.0,0.0,36000.0
9300,268,1423,2,1,,1,3,13200.0,0.0,39600.0
9301,400,1368,2,3,457,1,1,12000.0,600.0,11400.0
9302,400,1368,2,3,457,1,3,12000.0,3600.0,32400.0
9303,172,570,1,,2444,1,1,12000.0,600.0,11400.0
9304,50,954,2,4,141,2,3,15000.0,0.0,45000.0
9305,50,954,2,4,141,1,3,12000.0,0.0,36000.0
9306,300,696,1,,1139,1,2,12600.0,0.0,25200.0
9307,2,1390,1,,2646,2,2,15000.0,600.0,29400.0
9308,464,12,2,4,1186,2,2,15000.0,600.0,29400.0
9309,53,255,1,,2133,2,2,15000.0,1500.0,28500.0
9310,122,268,1,,1595,2,1,15750.0,315.0,15435.0
9311,171,1040,1,,927,1,3,12000.0,0.0,36000.0
9312,128,1126,1,,1095,1,2,12000.0,2400.0,21600.0
9313,376,675,2,3,3177,1,2,12600.0,0.0,25200.0
9314,622,188,1,,3136,2,3,13500.0,4050.0,36450.0
9315,623,184,2,2,1176,1,2,12000.0,2400.0,21600.0
9316,350,948,1,,2566,2,3,16500.0,2475.0,47025.0
9317,350,948,1,,2566,2,2,15000.0,0.0,30000.0
9318,545,728,1,,648,1,2,12000.0,1200.0,22800.0
9319,545,728,1,,648,1,3,10800.0,1620.0,30780.0
9320,570,384,1,,2646,2,2,16500.0,1650.0,31350.0
9321,570,384,1,,2646,2,3,15000.0,0.0,45000.0
9322,313,1308,1,,,1,3,12000.0,0.0,36000.0
9323,152,575,1,,456,1,3,13200.0,0.0,39600.0
9324,152,575,1,,456,1,1,12000.0,0.0,12000.0
9325,434,614,1,,2084,1,2,12000.0,480.0,23520.0
9326,434,614,1,,2084,2,3,15750.0,2362.5,44887.5
9327,411,993,1,,2440,1,2,12000.0,1200.0,22800.0
9328,411,993,1,,2440,2,2,13500.0,2700.0,24300.0
9329,447,1217,1,,410,2,3,15000.0,0.0,45000.0
9330,154,460,1,,2350,1,1,10800.0,1080.0,9720.0
9331,154,460,1,,2350,2,1,15000.0,0.0,15000.0
9332,582,1068,1,,,1,2,12000.0,1200.0,22800.0
9333,455,1285,1,,2651,1,3,12000.0,3600.0,32400.0
9334,335,317,1,,132,2,1,13500.0,0.0,13500.0
9335,335,317,1,,132,1,2,12000.0,1200.0,22800.0
9336,348,960,1,,510,2,2,15000.0,1500.0,28500.0
9337,321,336,2,2,1672,2,3,15000.0,900.0,44100.0
9338,131,1246,2,2,1896,1,2,12000.0,2400.0,21600.0
9339,513,1388,2,4,988,2,3,15750.0,945.0,46305.0
9340,513,1388,2,4,988,2,1,15000.0,750.0,14250.0
9341,513,1388,2,4,988,2,1,15000.0,1500.0,13500.0
9342,459,1102,2,4,,1,1,12000.0,0.0,12000.0
9343,361,414,2,2,,2,3,15000.0,4500.0,40500.0
9344,361,414,2,2,,1,1,12600.0,0.0,12600.0
9345,81,712,1,,2307,2,3,16500.0,990.0,48510.0
9346,466,848,1,,763,1,3,10800.0,648.0,31752.0
9347,524,998,2,2,1330,2,3,15000.0,900.0,44100.0
9348,524,998,2,2,1330,1,3,13200.0,3960.0,35640.0
9349,524,998,2,2,1330,1,1,12000.0,600.0,11400.0
9350,360,606,1,,2233,1,2,12000.0,480.0,23520.0
9351,360,606,1,,2233,2,1,15000.0,1500.0,13500.0
9352,360,606,1,,2233,2,1,15000.0,0.0,15000.0
9353,394,94,1,,2331,2,3,15750.0,0.0,47250.0
9354,17,1289,2,3,2729,2,1,15750.0,0.0,15750.0
9355,294,697,1,,766,2,2,15000.0,600.0,29400.0
9356,84,739,1,,392,1,2,12000.0,2400.0,21600.0
9357,529,235,2,4,,1,3,12000.0,3600.0,32400.0
9358,529,235,2,4,,2,1,16500.0,330.0,16170.0
9359,533,414,1,,66,1,1,12600.0,0.0,12600.0
9360,533,414,1,,66,1,3,12000.0,3600.0,32400.0
9361,479,487,1,,2841,1,2,12600.0,504.0,24696.0
9362,264,632,2,1,1938,2,1,16500.0,1650.0,14850.0
9363,309,1405,2,4,2710,1,3,12600.0,0.0,37800.0
9364,556,1306,1,,2116,1,3,10800.0,648.0,31752.0
9365,448,863,2,1,3041,1,1,12000.0,240.0,11760.0
9366,190,872,1,,2455,2,3,15000.0,0.0,45000.0
9367,365,113,2,2,505,1,1,12000.0,0.0,12000.0
9368,111,1064,1,,,2,2,15000.0,0.0,30000.0
9369,400,600,2,2,516,2,3,15000.0,4500.0,40500.0
9370,350,246,2,2,379,1,3,12000.0,0.0,36000.0
9371,350,246,2,2,379,2,1,16500.0,330.0,16170.0
9372,133,208,1,,1948,2,3,13500.0,0.0,40500.0
9373,14,559,1,,2077,1,2,12000.0,0.0,24000.0
9374,547,235,1,,336,2,1,15000.0,1500.0,13500.0
9375,547,235,1,,336,1,2,12000.0,1200.0,22800.0
9376,76,666,2,1,1994,2,3,15000.0,4500.0,40500.0
9377,606,314,1,,817,1,3,12000.0,0.0,36000.0
9378,93,1183,2,1,1130,1,3,12000.0,0.0,36000.0
9379,483,372,1,,,1,1,12000.0,0.0,12000.0
9380,631,979,1,,186,2,2,13500.0,2700.0,24300.0
9381,607,183,1,,3151,2,3,15000.0,2250.0,42750.0
9382,607,183,1,,3151,1,3,12600.0,3780.0,34020.0
9383,607,183,1,,3151,2,2,13500.0,2700.0,24300.0
9384,224,1148,2,1,2624,1,1,12600.0,1260.0,11340.0
9385,224,1148,2,1,2624,1,1,12000.0,240.0,11760.0
9386,209,695,1,,257,2,3,15000.0,4500.0,40500.0
9387,177,1076,2,3,1257,1,3,13200.0,3960.0,35640.0
9388,177,1076,2,3,1257,1,1,12000.0,600.0,11400.0
9389,617,487,2,2,3115,1,1,13200.0,0.0,13200.0
9390,557,1209,1,,30,1,2,12000.0,2400.0,21600.0
9391,557,1209,1,,30,2,1,15000.0,300.0,14700.0
9392,159,190,1,,1414,2,3,15000.0,0.0,45000.0
9393,395,637,1,,3147,2,1,13500.0,675.0,12825.0
9394,601,547,1,,398,2,1,15000.0,750.0,14250.0
9395,218,1015,2,1,739,2,3,15000.0,900.0,44100.0
9396,328,1019,1,,992,2,3,15750.0,945.0,46305.0
9397,365,962,2,3,277,1,3,12000.0,720.0,35280.0
9398,538,158,2,1,828,2,3,15750.0,0.0,47250.0
9399,538,158,2,1,828,1,1,12000.0,1200.0,10800.0
9400,538,158,2,1,828,1,1,13200.0,264.0,12936.0
9401,44,885,1,,2610,1,2,13200.0,0.0,26400.0
9402,44,885,1,,2610,1,2,12000.0,0.0,24000.0
9403,17,843,2,3,2336,2,1,16500.0,1650.0,14850.0
9404,17,843,2,3,2336,2,2,13500.0,0.0,27000.0
9405,17,843,2,3,2336,2,2,15000.0,3000.0,27000.0
9406,553,292,1,,1261,1,2,13200.0,2640.0,23760.0
9407,400,445,2,2,1383,1,1,12000.0,240.0,11760.0
9408,428,171,1,,2661,2,3,15000.0,4500.0,40500.0
9409,639,961,1,,2621,1,1,13200.0,264.0,12936.0
9410,639,961,1,,2621,2,3,15750.0,2362.5,44887.5
9411,613,1065,1,,2663,1,1,12000.0,1200.0,10800.0
9412,147,1464,2,2,1458,1,3,10800.0,3240.0,29160.0
9413,147,1464,2,2,1458,1,3,12000.0,1800.0,34200.0
9414,84,663,1,,2927,2,1,15000.0,0.0,15000.0
9415,365,208,2,2,2161,1,1,13200.0,1320.0,11880.0
9416,365,208,2,2,2161,1,1,10800.0,540.0,10260.0
9417,338,45,1,,2859,1,1,13200.0,0.0,13200.0
9418,100,136,1,,1544,2,3,15000.0,900.0,44100.0
9419,104,178,2,1,979,2,2,15750.0,3150.0,28350.0
9420,104,178,2,1,979,1,3,12000.0,720.0,35280.0
9421,576,1346,2,2,2441,1,2,12000.0,480.0,23520.0
9422,576,1346,2,2,2441,1,2,12000.0,1200.0,22800.0
9423,258,1330,1,,2170,2,1,15000.0,0.0,15000.0
9424,258,1330,1,,2170,1,3,12600.0,756.0,37044.0
9425,258,1330,1,,2170,1,1,12000.0,0.0,12000.0
9426,562,317,1,,,2,1,15000.0,750.0,14250.0
9427,270,348,1,,1031,2,2,15000.0,3000.0,27000.0
9428,261,456,2,2,3093,1,3,12600.0,1890.0,35910.0
9429,261,456,2,2,3093,2,2,15000.0,3000.0,27000.0
9430,602,1282,1,,1276,1,1,12000.0,240.0,11760.0
9431,602,1282,1,,1276,2,3,13500.0,4050.0,36450.0
9432,17,270,2,1,3198,1,1,10800.0,216.0,10584.0
9433,355,1080,1,,2058,1,2,12000.0,2400.0,21600.0
9434,136,1500,2,1,1404,2,2,13500.0,1350.0,25650.0
9435,136,1500,2,1,1404,1,1,12000.0,1200.0,10800.0
9436,13,353,1,,1647,1,3,12000.0,720.0,35280.0
9437,3,701,1,,90,1,3,13200.0,1980.0,37620.0
9438,3,701,1,,90,1,2,12000.0,1200.0,22800.0
9439,3,701,1,,90,2,2,13500.0,1350.0,25650.0
9440,302,409,2,4,1843,2,2,15000.0,3000.0,27000.0
9441,76,1377,1,,2959,2,3,13500.0,4050.0,36450.0
9442,76,1377,1,,2959,2,2,13500.0,2700.0,24300.0
9443,402,240,2,3,3175,2,1,16500.0,1650.0,14850.0
9444,300,75,1,,2322,1,2,12000.0,2400.0,21600.0
9445,510,1008,1,,1445,1,1,12000.0,1200.0,10800.0
9446,51,1066,1,,1246,1,1,10800.0,1080.0,9720.0
9447,267,474,2,2,2291,2,1,15000.0,750.0,14250.0
9448,54,198,1,,1512,2,2,15000.0,0.0,30000.0
9449,456,561,1,,2464,2,2,15750.0,3150.0,28350.0
9450,456,561,1,,2464,1,2,13200.0,2640.0,23760.0
9451,569,1162,1,,2618,2,3,15000.0,0.0,45000.0
9452,569,1162,1,,2618,2,1,16500.0,825.0,15675.0
9453,560,1015,1,,1673,1,2,12000.0,0.0,24000.0
9454,560,1015,1,,1673,1,3,12000.0,0.0,36000.0
9455,169,823,2,3,,2,2,15000.0,1500.0,28500.0
9456,448,1321,2,2,55,1,1,12600.0,252.0,12348.0
9457,448,1321,2,2,55,1,1,12000.0,240.0,11760.0
9458,448,1321,2,2,55,2,1,16500.0,330.0,16170.0
9459,254,1114,1,,1212,1,3,10800.0,1620.0,30780.0
9460,180,419,1,,2779,1,2,12000.0,2400.0,21600.0
9461,233,1377,2,1,,2,3,15000.0,2250.0,42750.0
9462,32,919,1,,762,2,3,15000.0,0.0,45000.0
9463,187,399,1,,2832,1,1,12000.0,0.0,12000.0
9464,485,412,1,,1903,1,1,12600.0,630.0,11970.0
9465,265,326,1,,2059,1,1,12000.0,0.0,12000.0
9466,433,876,2,2,1882,2,2,15000.0,0.0,30000.0
9467,279,1233,2,2,2569,2,2,13500.0,2700.0,24300.0
9468,542,346,1,,,2,3,15000.0,0.0,45000.0
9469,280,255,1,,736,1,3,12000.0,1800.0,34200.0
9470,1,1074,1,,1917,1,2,12600.0,504.0,24696.0
9471,26,1259,1,,553,1,1,12000.0,240.0,11760.0
9472,26,1259,1,,553,1,1,12000.0,0.0,12000.0
9473,438,95,2,4,682,2,2,15000.0,3000.0,27000.0
9474,607,498,2,4,3056,2,1,15750.0,787.5,14962.5
9475,278,214,1,,1240,2,2,16500.0,0.0,33000.0
9476,278,214,1,,1240,2,3,15750.0,945.0,46305.0
9477,278,214,1,,1240,1,1,12000.0,600.0,11400.0
9478,7,346,2,2,2937,1,1,10800.0,540.0,10260.0
9479,7,346,2,2,2937,1,1,12000.0,240.0,11760.0
9480,493,1205,1,,1247,1,2,12600.0,1260.0,23940.0
9481,493,1205,1,,1247,2,1,15750.0,1575.0,14175.0
9482,591,1398,1,,2121,2,2,15750.0,630.0,30870.0
9483,510,437,1,,,1,3,13200.0,792.0,38808.0
9484,618,1265,2,1,2808,1,2,12600.0,1260.0,23940.0
9485,74,12,2,1,1989,2,2,15750.0,3150.0,28350.0
9486,546,500,1,,1101,1,2,12000.0,2400.0,21600.0
9487,546,500,1,,1101,2,1,13500.0,270.0,13230.0
9488,332,946,1,,2131,1,1,12000.0,240.0,11760.0
9489,332,946,1,,2131,1,3,10800.0,3240.0,29160.0
9490,332,946,1,,2131,2,3,15000.0,4500.0,40500.0
9491,283,1415,2,2,2488,2,2,13500.0,0.0,27000.0
9492,140,468,1,,763,2,3,15000.0,2250.0,42750.0
9493,431,1236,1,,2068,1,3,12000.0,1800.0,34200.0
9494,54,583,1,,2566,2,2,15000.0,600.0,29400.0
9495,54,583,1,,2566,1,3,12000.0,1800.0,34200.0
9496,206,113,1,,38,2,3,15000.0,2250.0,42750.0
9497,206,113,1,,38,2,3,15750.0,0.0,47250.0
9498,437,266,1,,2693,2,1,15000.0,750.0,14250.0
9499,437,266,1,,2693,2,1,13500.0,270.0,13230.0
9500,172,1253,1,,,1,1,12600.0,1260.0,11340.0
9501,172,1253,1,,,2,1,15000.0,1500.0,13500.0
9502,124,477,2,1,2599,1,1,12600.0,630.0,11970.0
9503,152,180,1,,763,2,2,13500.0,1350.0,25650.0
9504,152,180,1,,763,2,1,15000.0,1500.0,13500.0
9505,264,1012,1,,,2,3,15000.0,0.0,45000.0
9506,264,1012,1,,,2,1,15000.0,750.0,14250.0
9507,207,492,2,4,1388,1,2,12000.0,1200.0,22800.0
9508,601,488,2,3,1761,2,1,15750.0,1575.0,14175.0
9509,39,529,2,2,427,1,3,12000.0,0.0,36000.0
9510,165,956,1,,,2,3,15000.0,4500.0,40500.0
9511,165,956,1,,,1,2,10800.0,1080.0,20520.0
9512,72,1377,2,1,3088,1,1,13200.0,0.0,13200.0
9513,161,905,1,,2284,2,3,15000.0,2250.0,42750.0
9514,4,1468,2,2,1506,2,3,15000.0,4500.0,40500.0
9515,4,1468,2,2,1506,2,3,13500.0,4050.0,36450.0
9516,4,1468,2,2,1506,2,1,15000.0,0.0,15000.0
9517,583,646,2,2,3009,1,2,12000.0,0.0,24000.0
9518,514,634,1,,2324,1,1,12000.0,1200.0,10800.0
9519,514,634,1,,2324,2,3,16500.0,0.0,49500.0
9520,331,1075,1,,122,1,3,12000.0,0.0,36000.0
9521,268,1026,1,,2434,2,1,15000.0,0.0,15000.0
9522,86,1226,1,,2734,1,3,10800.0,0.0,32400.0
9523,342,1224,1,,1113,1,1,12000.0,600.0,11400.0
9524,342,1224,1,,1113,1,2,12000.0,2400.0,21600.0
9525,203,407,2,2,2895,1,1,12000.0,0.0,12000.0
9526,535,971,1,,748,1,1,12600.0,252.0,12348.0
9527,235,398,1,,1716,2,1,15000.0,300.0,14700.0
9528,235,724,2,2,1237,2,2,13500.0,1350.0,25650.0
9529,9,1204,1,,1692,1,3,13200.0,1980.0,37620.0
9530,9,1204,1,,1692,2,1,15000.0,750.0,14250.0
9531,408,49,1,,1666,2,1,15000.0,1500.0,13500.0
9532,440,818,1,,28,1,1,12000.0,240.0,11760.0
9533,440,818,1,,28,1,3,12000.0,1800.0,34200.0
9534,240,1457,2,1,,1,2,12600.0,0.0,25200.0
9535,473,206,1,,775,1,3,12000.0,0.0,36000.0
9536,241,483,1,,501,2,2,15750.0,0.0,31500.0
9537,241,483,1,,501,2,1,15750.0,0.0,15750.0
9538,621,31,1,,,1,1,10800.0,0.0,10800.0
9539,437,110,1,,1522,2,3,15000.0,0.0,45000.0
9540,505,447,1,,2994,1,3,12000.0,0.0,36000.0
9541,337,264,2,2,,2,3,13500.0,2025.0,38475.0
9542,30,1187,2,4,646,1,1,12000.0,600.0,11400.0
9543,169,134,1,,844,1,3,12000.0,720.0,35280.0
9544,638,1412,1,,136,1,1,13200.0,660.0,12540.0
9545,606,1209,1,,1273,2,1,16500.0,330.0,16170.0
9546,455,621,2,4,2092,2,3,15000.0,0.0,45000.0
9547,455,621,2,4,2092,1,2,13200.0,1320.0,25080.0
9548,522,1348,1,,584,1,2,12000.0,2400.0,21600.0
9549,522,1348,1,,584,1,1,10800.0,0.0,10800.0
9550,522,1348,1,,584,2,1,15000.0,300.0,14700.0
9551,353,383,2,3,84,1,1,12000.0,1200.0,10800.0
9552,353,383,2,3,84,1,1,13200.0,1320.0,11880.0
9553,35,230,2,4,2702,1,1,13200.0,0.0,13200.0
9554,35,230,2,4,2702,2,3,16500.0,990.0,48510.0
9555,143,1420,1,,1223,1,3,12000.0,0.0,36000.0
9556,487,1180,1,,147,1,2,12000.0,2400.0,21600.0
9557,450,1338,1,,1339,2,2,15000.0,1500.0,28500.0
9558,522,168,2,2,,2,3,15000.0,0.0,45000.0
9559,244,1465,2,4,1379,1,1,12000.0,600.0,11400.0
9560,581,832,1,,3029,1,2,12000.0,0.0,24000.0
9561,396,569,1,,,1,3,10800.0,1620.0,30780.0
9562,478,845,2,4,2822,1,3,12000.0,3600.0,32400.0
9563,350,961,1,,2335,2,2,13500.0,1350.0,25650.0
9564,424,1383,2,3,1598,1,2,13200.0,2640.0,23760.0
9565,543,1211,2,1,,2,2,15000.0,1500.0,28500.0
9566,596,316,1,,1912,2,2,16500.0,1650.0,31350.0
9567,596,316,1,,1912,2,3,15000.0,900.0,44100.0
9568,474,1067,1,,612,1,3,12000.0,3600.0,32400.0
9569,474,1067,1,,612,1,1,12000.0,240.0,11760.0
9570,251,916,2,3,,2,3,15750.0,0.0,47250.0
9571,63,1125,2,3,608,2,3,15000.0,0.0,45000.0
9572,524,1120,2,4,,1,3,12000.0,0.0,36000.0
9573,524,1120,2,4,,1,3,10800.0,3240.0,29160.0
9574,71,1130,1,,2016,1,3,12000.0,1800.0,34200.0
9575,633,1426,1,,1356,1,3,12000.0,3600.0,32400.0
9576,249,101,2,1,1252,2,3,15000.0,0.0,45000.0
9577,71,1233,2,2,2994,1,2,10800.0,2160.0,19440.0
9578,113,441,1,,1531,2,2,15750.0,0.0,31500.0
9579,347,1424,1,,1350,2,2,16500.0,660.0,32340.0
9580,157,357,2,1,576,1,1,12000.0,1200.0,10800.0
9581,378,875,2,4,2965,1,1,12600.0,0.0,12600.0
9582,378,875,2,4,2965,1,3,10800.0,3240.0,29160.0
9583,579,405,1,,1760,2,1,15750.0,1575.0,14175.0
9584,579,405,1,,1760,1,3,12000.0,720.0,35280.0
9585,453,32,2,2,1951,2,1,16500.0,330.0,16170.0
9586,401,229,1,,,2,3,15000.0,4500.0,40500.0
9587,468,140,1,,2921,1,1,12600.0,1260.0,11340.0
9588,302,1271,1,,1039,1,2,10800.0,432.0,21168.0
9589,417,297,2,1,723,2,2,15000.0,3000.0,27000.0
9590,417,297,2,1,723,2,3,15000.0,4500.0,40500.0
9591,356,171,1,,1347,2,2,15000.0,1500.0,28500.0
9592,299,1022,1,,360,2,2,13500.0,1350.0,25650.0
9593,243,425,2,1,2416,2,1,15000.0,1500.0,13500.0
9594,235,250,1,,1844,1,1,12000.0,0.0,12000.0
9595,235,250,1,,1844,2,3,13500.0,4050.0,36450.0
9596,364,1472,2,1,1407,2,1,15000.0,300.0,14700.0
9597,577,1294,2,1,1435,2,2,13500.0,1350.0,25650.0
9598,577,1294,2,1,1435,1,2,12000.0,0.0,24000.0
9599,577,1294,2,1,1435,2,2,15000.0,3000.0,27000.0
9600,128,364,2,4,2318,2,2,15000.0,3000.0,27000.0
9601,128,364,2,4,2318,2,1,15750.0,1575.0,14175.0
9602,570,669,2,2,2080,1,2,12000.0,2400.0,21600.0
9603,556,439,2,3,532,2,3,15000.0,2250.0,42750.0
9604,352,887,2,1,3104,2,2,15000.0,1500.0,28500.0
9605,568,1377,2,2,1987,2,3,15750.0,945.0,46305.0
9606,568,1377,2,2,1987,1,3,12000.0,0.0,36000.0
9607,568,1377,2,2,1987,2,3,15000.0,2250.0,42750.0
9608,614,390,1,,1033,1,3,12000.0,3600.0,32400.0
9609,577,1374,2,4,292,1,3,12000.0,0.0,36000.0
9610,615,751,1,,564,2,3,15750.0,2362.5,44887.5
9611,258,906,1,,2156,1,2,12000.0,1200.0,22800.0
9612,636,1041,2,4,3142,1,3,12600.0,0.0,37800.0
9613,636,1041,2,4,3142,2,3,15000.0,4500.0,40500.0
9614,272,94,2,4,,1,3,12000.0,1800.0,34200.0
9615,272,94,2,4,,2,3,15000.0,0.0,45000.0
9616,601,1224,2,2,2815,2,3,15000.0,0.0,45000.0
9617,273,1026,1,,397,2,3,15000.0,2250.0,42750.0
9618,297,223,2,4,,2,1,16500.0,330.0,16170.0
9619,174,1030,1,,,1,1,12000.0,600.0,11400.0
9620,506,1458,2,2,1027,1,1,10800.0,0.0,10800.0
9621,18,1180,2,2,885,1,1,10800.0,216.0,10584.0
9622,18,1180,2,2,885,2,1,15750.0,1575.0,14175.0
9623,18,1180,2,2,885,1,2,10800.0,432.0,21168.0
9624,298,1498,1,,2319,2,2,13500.0,2700.0,24300.0
9625,269,771,1,,,2,1,16500.0,825.0,15675.0
9626,166,414,1,,2437,2,2,15000.0,3000.0,27000.0
9627,407,705,2,2,1909,1,3,13200.0,3960.0,35640.0
9628,407,705,2,2,1909,2,2,15000.0,1500.0,28500.0
9629,375,1282,1,,929,1,3,12600.0,0.0,37800.0
9630,620,713,1,,2762,1,1,12000.0,600.0,11400.0
9631,458,737,1,,2175,1,2,12000.0,2400.0,21600.0
9632,458,737,1,,2175,2,2,15000.0,600.0,29400.0
9633,392,1337,2,3,1759,1,2,12000.0,1200.0,22800.0
9634,559,1060,1,,251,2,3,15750.0,0.0,47250.0
9635,380,1100,2,1,1025,1,3,10800.0,3240.0,29160.0
9636,367,719,1,,1545,1,3,12600.0,1890.0,35910.0
9637,369,1450,1,,1380,1,3,12000.0,0.0,36000.0
9638,369,1450,1,,1380,1,2,12000.0,0.0,24000.0
9639,248,176,1,,2735,1,2,12000.0,480.0,23520.0
9640,464,756,1,,1491,1,1,10800.0,1080.0,9720.0
9641,287,1246,2,1,557,2,1,15750.0,787.5,14962.5
9642,287,1246,2,1,557,1,2,13200.0,0.0,26400.0
9643,424,383,1,,2435,1,3,12600.0,1890.0,35910.0
9644,424,383,1,,2435,2,3,15000.0,900.0,44100.0
9645,424,383,1,,2435,1,3,13200.0,3960.0,35640.0
9646,399,1463,2,2,2236,2,3,15000.0,4500.0,40500.0
9647,60,1177,1,,2446,1,2,12000.0,1200.0,22800.0
9648,60,1177,1,,2446,1,2,12600.0,1260.0,23940.0
9649,502,321,2,1,808,1,1,10800.0,540.0,10260.0
9650,200,130,2,1,2320,2,2,15000.0,600.0,29400.0
9651,200,130,2,1,2320,1,3,12000.0,720.0,35280.0
9652,53,1083,2,3,691,1,1,12000.0,1200.0,10800.0
9653,388,1161,1,,257,1,1,12000.0,600.0,11400.0
9654,388,1161,1,,257,1,1,12000.0,240.0,11760.0
9655,94,785,2,2,950,2,2,15000.0,0.0,30000.0
9656,94,785,2,2,950,1,1,12000.0,240.0,11760.0
9657,1,487,1,,2561,1,2,12000.0,0.0,24000.0
9658,359,306,1,,1821,2,2,15000.0,0.0,30000.0
9659,187,1062,2,4,,1,2,12000.0,0.0,24000.0
9660,144,1356,2,1,,1,3,12000.0,3600.0,32400.0
9661,327,709,1,,,2,3,16500.0,0.0,49500.0
9662,479,524,1,,1782,1,3,13200.0,0.0,39600.0
9663,324,1063,2,1,1513,2,2,15000.0,600.0,29400.0
9664,324,1063,2,1,1513,1,2,12000.0,1200.0,22800.0
9665,34,1149,1,,446,1,1,10800.0,216.0,10584.0
9666,179,552,2,4,103,1,2,12000.0,2400.0,21600.0
9667,247,1011,2,3,,2,1,15000.0,0.0,15000.0
9668,529,896,1,,2062,1,1,12000.0,1200.0,10800.0
9669,529,896,1,,2062,2,2,15000.0,0.0,30000.0
9670,529,896,1,,2062,2,2,15000.0,3000.0,27000.0
9671,286,762,1,,3073,1,2,10800.0,2160.0,19440.0
9672,286,762,1,,3073,1,3,13200.0,792.0,38808.0
9673,377,812,2,3,2071,2,3,15000.0,0.0,45000.0
9674,377,812,2,3,2071,2,1,15750.0,315.0,15435.0
9675,108,785,1,,292,2,3,15750.0,0.0,47250.0
9676,389,1088,2,4,606,2,1,15000.0,1500.0,13500.0
9677,391,137,2,2,2792,2,2,16500.0,660.0,32340.0
9678,303,1341,1,,1525,1,3,10800.0,0.0,32400.0
9679,320,790,1,,2138,1,2,12000.0,1200.0,22800.0
9680,320,790,1,,2138,2,1,15000.0,0.0,15000.0
9681,320,790,1,,2138,2,1,15000.0,750.0,14250.0
9682,436,194,1,,1136,1,1,10800.0,540.0,10260.0
9683,438,1373,1,,3033,1,1,12600.0,0.0,12600.0
9684,597,754,2,4,,1,1,12000.0,600.0,11400.0
9685,523,841,1,,582,1,2,10800.0,432.0,21168.0
9686,389,1292,1,,3134,2,1,15000.0,750.0,14250.0
9687,389,1292,1,,3134,1,1,12000.0,240.0,11760.0
9688,484,1300,1,,,1,2,10800.0,432.0,21168.0
9689,521,1059,2,4,,1,3,12000.0,720.0,35280.0
9690,597,1420,2,2,1898,2,3,15750.0,2362.5,44887.5
9691,597,1420,2,2,1898,2,1,15750.0,315.0,15435.0
9692,522,1099,1,,,1,1,12000.0,1200.0,10800.0
9693,514,219,1,,,1,2,10800.0,1080.0,20520.0
9694,348,516,2,4,2236,2,1,15000.0,0.0,15000.0
9695,358,355,2,2,2026,1,2,12000.0,2400.0,21600.0
9696,327,1448,1,,6,2,1,16500.0,330.0,16170.0
9697,327,1448,1,,6,1,3,12600.0,756.0,37044.0
9698,327,1448,1,,6,1,2,12000.0,480.0,23520.0
9699,219,821,2,1,,2,2,16500.0,3300.0,29700.0
9700,560,1494,1,,1859,1,3,12000.0,3600.0,32400.0
9701,187,1265,1,,1619,1,3,12000.0,720.0,35280.0
9702,577,901,1,,235,1,1,12000.0,600.0,11400.0
9703,577,901,1,,235,2,3,15000.0,4500.0,40500.0
9704,379,1268,1,,3027,2,1,15000.0,300.0,14700.0
9705,379,1268,1,,3027,2,2,15000.0,0.0,30000.0
9706,532,692,2,4,,1,3,12000.0,3600.0,32400.0
9707,505,1497,1,,1640,2,1,15750.0,315.0,15435.0
9708,428,1104,1,,2382,1,1,12000.0,1200.0,10800.0
9709,190,862,1,,437,2,2,16500.0,660.0,32340.0
9710,598,535,2,3,1528,1,3,12000.0,0.0,36000.0
9711,27,281,1,,3085,1,3,12000.0,3600.0,32400.0
9712,518,629,1,,1797,2,1,15750.0,315.0,15435.0
9713,629,1161,1,,741,2,2,13500.0,540.0,26460.0
9714,629,1161,1,,741,1,3,10800.0,1620.0,30780.0
9715,427,826,2,4,859,2,1,15000.0,750.0,14250.0
9716,427,826,2,4,859,1,3,12000.0,1800.0,34200.0
9717,343,890,2,3,2449,1,1,12000.0,1200.0,10800.0
9718,343,890,2,3,2449,1,2,12600.0,1260.0,23940.0
9719,147,333,1,,1305,1,2,10800.0,0.0,21600.0
9720,147,333,1,,1305,1,3,12000.0,3600.0,32400.0
9721,238,894,1,,53,2,1,15750.0,0.0,15750.0
9722,238,894,1,,53,2,1,13500.0,0.0,13500.0
9723,577,994,2,3,104,2,2,15000.0,1500.0,28500.0
9724,201,936,1,,2094,2,1,15000.0,0.0,15000.0
9725,201,936,1,,2094,2,1,15000.0,1500.0,13500.0
9726,201,936,1,,2094,2,3,13500.0,4050.0,36450.0
9727,237,902,2,4,3096,1,2,13200.0,0.0,26400.0
9728,237,902,2,4,3096,1,2,12000.0,1200.0,22800.0
9729,620,1139,1,,2595,2,1,15750.0,1575.0,14175.0
9730,620,1139,1,,2595,1,1,12000.0,240.0,11760.0
9731,48,968,2,1,2597,1,3,10800.0,0.0,32400.0
9732,48,968,2,1,2597,1,1,12600.0,252.0,12348.0
9733,82,410,1,,1853,2,1,15000.0,1500.0,13500.0
9734,82,410,1,,1853,1,1,12600.0,1260.0,11340.0
9735,116,875,1,,1398,1,3,12000.0,0.0,36000.0
9736,514,387,2,3,2324,1,1,12000.0,0.0,12000.0
9737,514,387,2,3,2324,1,2,12000.0,2400.0,21600.0
9738,608,880,1,,3161,2,1,15000.0,1500.0,13500.0
9739,451,954,1,,2802,1,3,10800.0,0.0,32400.0
9740,451,954,1,,2802,2,3,15000.0,4500.0,40500.0
9741,451,954,1,,2802,1,3,12600.0,1890.0,35910.0
9742,42,933,1,,2156,1,1,12000.0,0.0,12000.0
9743,42,933,1,,2156,1,3,10800.0,0.0,32400.0
9744,316,1154,1,,701,1,3,12000.0,3600.0,32400.0
9745,501,527,2,1,367,1,2,10800.0,0.0,21600.0
9746,185,1353,1,,139,2,1,13500.0,1350.0,12150.0
9747,412,667,2,3,2205,2,3,15000.0,0.0,45000.0
9748,337,506,1,,,1,2,13200.0,528.0,25872.0
9749,385,517,2,2,2706,1,3,12600.0,3780.0,34020.0
9750,318,609,1,,319,2,2,16500.0,1650.0,31350.0
9751,632,1139,1,,,2,3,13500.0,0.0,40500.0
9752,160,440,1,,1404,2,2,15000.0,600.0,29400.0
9753,303,32,2,3,3087,1,1,12600.0,1260.0,11340.0
9754,351,452,1,,774,2,3,15000.0,0.0,45000.0
9755,545,903,1,,1958,2,3,15000.0,2250.0,42750.0
9756,421,850,2,1,335,1,3,10800.0,1620.0,30780.0
9757,290,1186,1,,,1,3,12000.0,1800.0,34200.0
9758,290,1186,1,,,2,2,16500.0,0.0,33000.0
9759,509,905,1,,,1,3,12600.0,756.0,37044.0
9760,211,1317,1,,844,1,2,12600.0,504.0,24696.0
9761,287,1224,1,,810,1,1,12000.0,600.0,11400.0
9762,142,515,1,,1057,1,3,12000.0,1800.0,34200.0
9763,85,81,2,1,1468,2,1,15750.0,315.0,15435.0
9764,85,81,2,1,1468,1,1,12600.0,0.0,12600.0
9765,367,838,1,,974,1,2,10800.0,0.0,21600.0
9766,367,838,1,,974,2,2,15000.0,3000.0,27000.0
9767,405,1047,1,,3117,1,3,12000.0,1800.0,34200.0
9768,533,949,2,3,,2,1,15750.0,0.0,15750.0
9769,341,127,2,1,,1,3,10800.0,1620.0,30780.0
9770,341,127,2,1,,2,1,15000.0,0.0,15000.0
9771,611,1192,2,3,1507,1,3,12000.0,720.0,35280.0
9772,611,1192,2,3,1507,2,2,15000.0,0.0,30000.0
9773,310,1389,1,,957,2,2,16500.0,0.0,33000.0
9774,480,1226,1,,2564,1,2,12000.0,0.0,24000.0
9775,480,1226,1,,2564,1,3,12000.0,1800.0,34200.0
9776,500,895,2,1,830,2,1,15000.0,0.0,15000.0
9777,500,895,2,1,830,2,3,15000.0,0.0,45000.0
9778,500,895,2,1,830,1,1,12600.0,0.0,12600.0
9779,81,390,1,,,2,2,16500.0,1650.0,31350.0
9780,616,1130,2,4,,1,1,12000.0,1200.0,10800.0
9781,24,915,1,,135,1,2,12600.0,504.0,24696.0
9782,570,354,2,4,921,2,3,15000.0,4500.0,40500.0
9783,105,552,1,,1354,2,3,15000.0,900.0,44100.0
9784,521,944,1,,1144,1,2,12600.0,504.0,24696.0
9785,462,746,1,,932,2,2,15750.0,630.0,30870.0
9786,453,988,1,,639,2,3,15000.0,900.0,44100.0
9787,392,1184,2,3,1002,1,2,12000.0,2400.0,21600.0
9788,188,1019,1,,987,2,2,15750.0,0.0,31500.0
9789,25,433,1,,2074,2,2,13500.0,1350.0,25650.0
9790,187,678,2,1,620,2,3,13500.0,4050.0,36450.0
9791,266,873,1,,1119,1,2,12000.0,1200.0,22800.0
9792,266,873,1,,1119,2,3,15000.0,0.0,45000.0
9793,413,1463,2,4,418,1,2,12600.0,0.0,25200.0
9794,563,658,1,,2941,2,1,15000.0,300.0,14700.0
9795,390,181,2,1,2681,2,2,13500.0,2700.0,24300.0
9796,211,1268,1,,300,2,1,15000.0,300.0,14700.0
9797,513,435,1,,111,2,3,15000.0,900.0,44100.0
9798,315,543,1,,2363,1,2,12000.0,1200.0,22800.0
9799,308,848,1,,724,2,2,15750.0,3150.0,28350.0
9800,403,61,2,4,1390,1,3,12000.0,720.0,35280.0
9801,403,61,2,4,1390,1,1,12000.0,0.0,12000.0
9802,403,61,2,4,1390,2,1,13500.0,675.0,12825.0
9803,558,273,1,,24,1,2,12000.0,480.0,23520.0
9804,506,597,1,,3133,2,1,15000.0,300.0,14700.0
9805,306,1395,2,4,479,2,3,15000.0,2250.0,42750.0
9806,306,1395,2,4,479,1,3,13200.0,3960.0,35640.0
9807,149,1371,1,,2165,1,1,12000.0,1200.0,10800.0
9808,271,1455,1,,2797,1,1,12600.0,252.0,12348.0
9809,271,1455,1,,2797,2,1,15000.0,1500.0,13500.0
9810,271,1455,1,,2797,1,1,12000.0,600.0,11400.0
9811,441,1141,1,,1901,1,1,12000.0,240.0,11760.0
9812,131,512,1,,2058,1,1,10800.0,540.0,10260.0
9813,131,512,1,,2058,2,2,15000.0,1500.0,28500.0
9814,480,350,2,2,3111,1,3,12600.0,3780.0,34020.0
9815,480,350,2,2,3111,1,2,12000.0,1200.0,22800.0
9816,467,812,2,3,2233,2,3,15000.0,0.0,45000.0
9817,536,923,1,,1131,2,1,15000.0,300.0,14700.0
9818,172,547,1,,1753,2,3,15000.0,2250.0,42750.0
9819,172,547,1,,1753,1,1,12000.0,1200.0,10800.0
9820,433,1468,2,3,180,1,3,10800.0,0.0,32400.0
9821,351,1107,1,,,2,3,15000.0,4500.0,40500.0
9822,317,486,2,3,1240,2,3,15000.0,900.0,44100.0
9823,317,486,2,3,1240,1,3,10800.0,648.0,31752.0
9824,317,486,2,3,1240,1,3,12000.0,1800.0,34200.0
9825,103,393,1,,759,1,3,10800.0,648.0,31752.0
9826,357,1076,2,1,311,2,1,15000.0,750.0,14250.0
9827,278,474,2,1,,2,2,15750.0,3150.0,28350.0
9828,463,1312,1,,1944,1,2,12000.0,480.0,23520.0
9829,135,1305,1,,467,1,3,12000.0,0.0,36000.0
9830,311,1307,1,,2232,1,3,12600.0,1890.0,35910.0
9831,424,1103,1,,1951,2,2,15750.0,630.0,30870.0
9832,162,240,1,,1766,2,1,16500.0,825.0,15675.0
9833,614,160,1,,3089,1,3,12000.0,0.0,36000.0
9834,51,548,1,,3201,1,2,12000.0,2400.0,21600.0
9835,196,1302,1,,1495,1,2,12600.0,2520.0,22680.0
9836,122,1110,1,,1773,1,1,12000.0,600.0,11400.0
9837,122,1110,1,,1773,2,1,15000.0,0.0,15000.0
9838,122,1110,1,,1773,2,2,15000.0,0.0,30000.0
9839,539,164,1,,368,2,1,15000.0,1500.0,13500.0
9840,535,208,1,,2705,1,3,12000.0,1800.0,34200.0
9841,535,208,1,,2705,1,2,12000.0,0.0,24000.0
9842,519,291,1,,1352,2,1,16500.0,1650.0,14850.0
9843,410,531,1,,3086,1,3,12000.0,1800.0,34200.0
9844,317,615,1,,3105,1,3,12000.0,720.0,35280.0
9845,271,80,2,1,870,1,3,12000.0,3600.0,32400.0
9846,104,1420,1,,866,2,3,15000.0,0.0,45000.0
9847,320,1219,2,2,477,1,1,12000.0,1200.0,10800.0
9848,345,774,2,2,408,1,3,10800.0,648.0,31752.0
9849,345,774,2,2,408,1,3,12000.0,3600.0,32400.0
9850,509,1199,2,4,577,2,3,15000.0,900.0,44100.0
9851,473,1435,1,,2830,2,3,15000.0,900.0,44100.0
9852,197,772,2,1,1291,2,2,16500.0,3300.0,29700.0
9853,626,474,1,,1445,1,3,12000.0,3600.0,32400.0
9854,296,882,1,,,1,2,12000.0,2400.0,21600.0
9855,296,882,1,,,2,3,15000.0,2250.0,42750.0
9856,228,414,2,3,1900,1,3,12000.0,3600.0,32400.0
9857,554,376,1,,450,1,2,12600.0,504.0,24696.0
9858,554,376,1,,450,2,3,15000.0,900.0,44100.0
9859,554,376,1,,450,1,2,12000.0,0.0,24000.0
9860,402,1301,2,3,1819,1,1,12000.0,1200.0,10800.0
9861,402,1301,2,3,1819,1,3,12000.0,0.0,36000.0
9862,54,275,1,,3193,1,2,12000.0,2400.0,21600.0
9863,54,275,1,,3193,1,2,10800.0,0.0,21600.0
9864,616,1162,1,,2548,1,3,12000.0,1800.0,34200.0
9865,427,343,1,,1226,1,2,12000.0,1200.0,22800.0
9866,275,983,2,2,,2,1,16500.0,825.0,15675.0
9867,409,448,1,,2456,2,1,15000.0,750.0,14250.0
9868,214,861,1,,865,1,1,10800.0,540.0,10260.0
9869,190,1189,2,3,2848,2,3,15000.0,2250.0,42750.0
9870,190,1189,2,3,2848,2,3,16500.0,990.0,48510.0
9871,190,1189,2,3,2848,1,2,13200.0,2640.0,23760.0
9872,450,598,2,1,2202,2,2,15000.0,0.0,30000.0
9873,577,560,2,2,,2,2,13500.0,540.0,26460.0
9874,175,377,2,1,261,1,3,13200.0,3960.0,35640.0
9875,421,118,2,2,2491,2,3,13500.0,4050.0,36450.0
9876,284,840,1,,,1,3,10800.0,3240.0,29160.0
9877,544,55,1,,1989,1,2,13200.0,528.0,25872.0
9878,75,1387,1,,,1,1,12000.0,600.0,11400.0
9879,156,1044,1,,568,2,2,15000.0,600.0,29400.0
9880,156,1044,1,,568,2,3,15000.0,4500.0,40500.0
9881,140,1068,1,,1874,1,3,10800.0,0.0,32400.0
9882,140,1068,1,,1874,1,2,12000.0,1200.0,22800.0
9883,140,1068,1,,1874,2,2,15750.0,0.0,31500.0
9884,212,1324,1,,35,1,2,12000.0,1200.0,22800.0
9885,118,907,1,,2984,1,2,12600.0,504.0,24696.0
9886,118,907,1,,2984,1,1,12000.0,0.0,12000.0
9887,195,1281,1,,2875,2,2,15000.0,3000.0,27000.0
9888,195,1281,1,,2875,2,2,15750.0,3150.0,28350.0
9889,522,555,2,4,14,2,1,15000.0,1500.0,13500.0
9890,144,778,1,,2450,2,1,15000.0,750.0,14250.0
9891,552,1001,1,,2845,1,2,12000.0,2400.0,21600.0
9892,531,1188,1,,1469,1,2,13200.0,1320.0,25080.0
9893,158,45,1,,1542,2,2,15000.0,0.0,30000.0
9894,276,1309,2,3,987,2,3,15000.0,4500.0,40500.0
9895,545,771,2,4,1209,2,1,15000.0,300.0,14700.0
9896,378,510,2,3,2367,1,3,12000.0,1800.0,34200.0
9897,378,510,2,3,2367,1,1,12000.0,0.0,12000.0
9898,74,1450,1,,1910,2,2,15000.0,0.0,30000.0
9899,605,466,2,1,2468,2,1,16500.0,330.0,16170.0
9900,605,466,2,1,2468,2,3,16500.0,990.0,48510.0
9901,462,722,1,,3187,1,1,12000.0,240.0,11760.0
9902,496,680,1,,1698,1,3,12000.0,1800.0,34200.0
9903,458,451,2,2,2735,2,2,15750.0,630.0,30870.0
9904,9,1001,1,,358,1,3,12000.0,3600.0,32400.0
9905,9,1001,1,,358,2,2,15000.0,600.0,29400.0
9906,9,1001,1,,358,2,1,15000.0,0.0,15000.0
9907,139,1127,1,,315,2,1,15000.0,0.0,15000.0
9908,139,1127,1,,315,1,3,12000.0,0.0,36000.0
9909,637,1188,2,1,2842,1,1,12000.0,600.0,11400.0
9910,267,481,2,3,1361,2,3,15000.0,0.0,45000.0
9911,371,246,1,,1305,1,3,10800.0,3240.0,29160.0
9912,371,246,1,,1305,2,2,15000.0,600.0,29400.0
9913,281,56,2,2,952,2,2,15000.0,0.0,30000.0
9914,282,547,1,,,1,2,12000.0,480.0,23520.0
9915,282,547,1,,,2,2,13500.0,540.0,26460.0
9916,611,1304,2,2,823,2,3,15000.0,900.0,44100.0
9917,611,1304,2,2,823,2,3,15000.0,4500.0,40500.0
9918,611,1304,2,2,823,2,1,15000.0,300.0,14700.0
9919,274,1214,2,2,260,1,3,12000.0,720.0,35280.0
9920,274,1214,2,2,260,2,2,15000.0,3000.0,27000.0
9921,275,903,1,,2550,1,3,10800.0,0.0,32400.0
9922,208,1173,1,,568,2,3,16500.0,2475.0,47025.0
9923,208,1173,1,,568,2,2,15750.0,1575.0,29925.0
9924,410,181,1,,2089,2,1,13500.0,0.0,13500.0
9925,410,181,1,,2089,2,3,15000.0,4500.0,40500.0
9926,565,65,2,2,493,1,3,12000.0,3600.0,32400.0
9927,565,65,2,2,493,2,3,16500.0,2475.0,47025.0
9928,252,1344,2,3,2663,1,3,13200.0,3960.0,35640.0
9929,53,1436,2,4,2100,1,2,12000.0,1200.0,22800.0
9930,53,1436,2,4,2100,1,3,12600.0,0.0,37800.0
9931,373,567,1,,3158,1,1,12600.0,0.0,12600.0
9932,349,100,1,,2649,2,1,15000.0,300.0,14700.0
9933,208,1293,1,,1228,2,3,13500.0,2025.0,38475.0
9934,234,380,1,,2354,1,2,12000.0,0.0,24000.0
9935,60,351,2,1,48,2,1,16500.0,0.0,16500.0
9936,60,351,2,1,48,1,1,12000.0,0.0,12000.0
9937,246,1029,2,1,1178,1,1,12000.0,0.0,12000.0
9938,208,544,2,3,73,2,3,16500.0,4950.0,44550.0
9939,208,544,2,3,73,2,2,15000.0,1500.0,28500.0
9940,482,916,2,4,1072,1,3,12000.0,720.0,35280.0
9941,281,291,2,3,1808,2,1,15750.0,787.5,14962.5
9942,11,253,2,3,,2,3,15000.0,4500.0,40500.0
9943,563,922,1,,1718,1,1,12600.0,630.0,11970.0
9944,167,347,1,,673,1,3,12000.0,3600.0,32400.0
9945,612,882,2,4,2539,1,2,12000.0,0.0,24000.0
9946,352,477,2,1,1151,1,2,12000.0,1200.0,22800.0
9947,551,1061,2,3,1540,1,2,12000.0,0.0,24000.0
9948,503,292,1,,41,2,2,13500.0,0.0,27000.0
9949,503,292,1,,41,2,1,15000.0,1500.0,13500.0
9950,503,292,1,,41,2,1,15750.0,0.0,15750.0
9951,9,1450,1,,362,2,1,15000.0,300.0,14700.0
9952,9,1450,1,,362,1,3,13200.0,0.0,39600.0
9953,135,1342,2,2,190,1,3,12000.0,1800.0,34200.0
9954,364,930,1,,,2,2,16500.0,1650.0,31350.0
9955,360,918,1,,1249,1,3,12000.0,0.0,36000.0
9956,331,1233,2,3,1113,1,3,12600.0,756.0,37044.0
9957,436,856,2,4,572,2,2,15000.0,0.0,30000.0
9958,436,856,2,4,572,2,3,15750.0,2362.5,44887.5
9959,286,111,1,,2865,2,2,16500.0,660.0,32340.0
9960,85,10,2,3,,2,2,16500.0,660.0,32340.0
9961,85,10,2,3,,2,2,15000.0,3000.0,27000.0
9962,98,1016,1,,1423,1,2,12000.0,2400.0,21600.0
9963,626,874,1,,273,2,2,15000.0,0.0,30000.0
9964,189,789,1,,539,1,3,12000.0,0.0,36000.0
9965,320,119,2,2,,1,1,10800.0,540.0,10260.0
9966,537,413,2,2,,2,2,15000.0,600.0,29400.0
9967,115,616,1,,1369,1,1,13200.0,264.0,12936.0
9968,583,1239,1,,12,1,3,12600.0,3780.0,34020.0
9969,395,1053,2,3,2047,2,3,16500.0,990.0,48510.0
9970,395,1053,2,3,2047,2,3,16500.0,0.0,49500.0
9971,91,255,1,,2819,1,3,12000.0,720.0,35280.0
9972,139,1123,2,2,897,1,1,10800.0,540.0,10260.0
9973,588,1427,1,,3170,2,3,16500.0,990.0,48510.0
9974,588,1427,1,,3170,1,2,12000.0,0.0,24000.0
9975,127,205,2,1,1985,1,2,12000.0,2400.0,21600.0
9976,456,878,2,4,3202,2,3,15000.0,4500.0,40500.0
9977,583,1416,1,,933,1,3,12000.0,720.0,35280.0
9978,601,440,1,,2281,1,2,12000.0,1200.0,22800.0
9979,418,1366,2,3,760,1,2,13200.0,1320.0,25080.0
9980,309,487,1,,2679,2,2,15000.0,3000.0,27000.0
9981,309,487,1,,2679,1,3,13200.0,1980.0,37620.0
9982,309,487,1,,2679,2,1,15000.0,1500.0,13500.0
9983,526,131,1,,547,2,3,15000.0,2250.0,42750.0
9984,126,121,2,4,577,1,1,10800.0,540.0,10260.0
9985,355,33,1,,1614,1,1,12000.0,600.0,11400.0
9986,535,1445,2,1,2395,1,3,12600.0,3780.0,34020.0
9987,245,1031,1,,3070,1,2,12000.0,480.0,23520.0
9988,331,154,2,2,626,2,1,16500.0,1650.0,14850.0
9989,50,515,1,,,2,2,15000.0,600.0,29400.0
9990,62,1333,2,4,1312,1,1,10800.0,216.0,10584.0
9991,424,1408,2,1,2138,1,1,12600.0,0.0,12600.0
9992,631,787,1,,2836,1,1,12000.0,1200.0,10800.0
9993,116,679,2,2,501,1,1,12000.0,1200.0,10800.0
9994,63,513,2,2,508,2,3,15000.0,900.0,44100.0
9995,30,328,1,,3117,1,2,12000.0,2400.0,21600.0
9996,502,68,1,,432,1,2,10800.0,432.0,21168.0
9997,521,615,1,,2791,1,1,12000.0,240.0,11760.0
9998,621,247,1,,1863,1,3,10800.0,1620.0,30780.0
9999,265,299,2,4,,1,2,12600.0,1260.0,23940.0
10000,399,944,1,,2248,2,1,16500.0,825.0,15675.0
10001,343,1048,2,2,831,1,3,12600.0,756.0,37044.0
10002,343,1048,2,2,831,2,1,16500.0,330.0,16170.0
10003,513,195,1,,1037,2,2,15000.0,0.0,30000.0
10004,513,195,1,,1037,1,3,12600.0,756.0,37044.0
10005,513,195,1,,1037,2,2,15000.0,600.0,29400.0
10006,534,1076,1,,1264,2,2,15000.0,0.0,30000.0
10007,463,629,1,,2775,2,1,15750.0,787.5,14962.5
10008,262,1244,2,4,1388,1,2,12000.0,1200.0,22800.0
10009,262,1244,2,4,1388,2,3,15000.0,4500.0,40500.0
10010,325,1178,2,1,748,2,2,15000.0,3000.0,27000.0
10011,55,1259,1,,907,2,2,15750.0,0.0,31500.0
10012,627,1,1,,2602,1,2,12000.0,480.0,23520.0
10013,627,1,1,,2602,1,2,10800.0,0.0,21600.0
10014,488,873,1,,1280,2,2,13500.0,2700.0,24300.0
10015,564,1133,1,,783,2,2,15000.0,3000.0,27000.0
10016,636,166,1,,,1,2,12000.0,2400.0,21600.0
10017,178,373,2,4,2594,2,2,15000.0,600.0,29400.0
10018,178,373,2,4,2594,2,1,15000.0,1500.0,13500.0
10019,126,1226,1,,1404,1,3,12000.0,1800.0,34200.0
10020,126,1226,1,,1404,2,1,15000.0,0.0,15000.0
10021,100,587,1,,2784,1,3,12000.0,720.0,35280.0
10022,315,1316,2,1,403,2,1,15000.0,1500.0,13500.0
10023,448,766,2,4,2751,1,1,12000.0,0.0,12000.0
10024,84,584,2,3,1247,2,1,15000.0,1500.0,13500.0
10025,416,594,2,3,1498,2,1,15000.0,300.0,14700.0
10026,335,1183,1,,362,2,1,13500.0,1350.0,12150.0
10027,117,1189,1,,1369,2,1,13500.0,675.0,12825.0
10028,628,1123,2,2,101,1,3,12600.0,0.0,37800.0
10029,341,283,1,,1503,1,2,12000.0,0.0,24000.0
10030,241,1236,1,,,1,3,12000.0,0.0,36000.0
10031,97,183,1,,2098,2,1,15000.0,750.0,14250.0
10032,388,340,2,1,13,1,2,12000.0,480.0,23520.0
10033,59,796,2,3,1684,2,2,13500.0,2700.0,24300.0
10034,519,25,1,,1671,2,3,16500.0,2475.0,47025.0
10035,519,25,1,,1671,2,2,15750.0,630.0,30870.0
10036,324,309,1,,2444,1,1,13200.0,1320.0,11880.0
10037,453,880,2,4,630,1,1,12600.0,630.0,11970.0
10038,453,880,2,4,630,2,3,15750.0,2362.5,44887.5
10039,203,314,1,,894,2,3,16500.0,0.0,49500.0
10040,178,1011,1,,208,1,3,12000.0,1800.0,34200.0
10041,479,1356,1,,928,2,3,15000.0,900.0,44100.0
10042,479,1356,1,,928,2,2,13500.0,540.0,26460.0
10043,603,250,1,,280,1,3,12000.0,720.0,35280.0
10044,177,971,1,,2889,1,2,12000.0,0.0,24000.0
10045,177,971,1,,2889,1,2,12000.0,0.0,24000.0
10046,347,1085,1,,2072,2,3,13500.0,0.0,40500.0
10047,350,355,1,,2369,1,1,12600.0,0.0,12600.0
10048,537,863,1,,194,1,3,12000.0,0.0,36000.0
10049,62,777,2,1,635,1,1,12000.0,1200.0,10800.0
10050,373,446,2,3,485,2,2,15000.0,3000.0,27000.0
10051,455,262,2,3,15,2,2,15000.0,600.0,29400.0
10052,468,1315,2,1,461,1,2,12000.0,2400.0,21600.0
10053,625,658,2,3,1677,2,2,13500.0,0.0,27000.0
10054,77,1043,2,1,,2,2,16500.0,1650.0,31350.0
10055,77,1043,2,1,,1,3,12000.0,3600.0,32400.0
10056,77,1043,2,1,,1,2,10800.0,0.0,21600.0
10057,621,347,1,,2949,1,3,12000.0,3600.0,32400.0
10058,231,360,1,,,1,1,13200.0,264.0,12936.0
10059,231,360,1,,,1,3,12000.0,720.0,35280.0
10060,63,989,1,,1631,1,2,13200.0,2640.0,23760.0
10061,146,1227,1,,1611,2,3,15750.0,4725.0,42525.0
10062,439,1496,1,,1310,1,2,12600.0,2520.0,22680.0
10063,227,410,2,3,177,2,1,15000.0,1500.0,13500.0
10064,80,1489,1,,2815,1,2,12000.0,480.0,23520.0
10065,94,1146,1,,1661,2,2,15000.0,600.0,29400.0
10066,505,1246,2,2,2977,1,2,12600.0,2520.0,22680.0
10067,135,1306,1,,,1,1,13200.0,1320.0,11880.0
10068,313,291,1,,939,2,1,15000.0,1500.0,13500.0
10069,367,1005,1,,3170,2,2,15000.0,3000.0,27000.0
10070,198,592,2,2,2994,1,1,12600.0,1260.0,11340.0
10071,73,1220,1,,254,2,3,15000.0,900.0,44100.0
10072,73,1220,1,,254,1,2,12600.0,2520.0,22680.0
10073,401,999,2,3,1622,1,1,12600.0,0.0,12600.0
10074,281,647,2,1,2450,2,3,15000.0,0.0,45000.0
10075,156,421,2,1,119,1,1,12000.0,1200.0,10800.0
10076,144,289,2,4,1858,2,1,15000.0,300.0,14700.0
10077,509,436,1,,2181,1,1,12000.0,1200.0,10800.0
10078,509,436,1,,2181,1,3,12000.0,3600.0,32400.0
10079,509,436,1,,2181,1,1,10800.0,0.0,10800.0
10080,65,899,1,,,2,3,13500.0,810.0,39690.0
10081,126,1136,1,,2000,1,3,13200.0,1980.0,37620.0
10082,1,691,1,,2770,2,1,15750.0,315.0,15435.0
10083,1,691,1,,2770,1,1,12000.0,600.0,11400.0
10084,1,691,1,,2770,1,2,12000.0,480.0,23520.0
10085,245,906,2,4,1626,2,1,15000.0,300.0,14700.0
10086,468,436,1,,1579,1,1,10800.0,0.0,10800.0
10087,575,851,2,3,370,1,3,12600.0,756.0,37044.0
10088,545,1455,2,3,451,1,1,12000.0,0.0,12000.0
10089,329,1421,2,4,2184,2,3,15000.0,0.0,45000.0
10090,329,1421,2,4,2184,2,2,15000.0,600.0,29400.0
10091,259,629,2,1,661,1,3,12000.0,3600.0,32400.0
10092,259,629,2,1,661,2,1,15000.0,300.0,14700.0
10093,314,295,1,,1397,1,3,12000.0,0.0,36000.0
10094,365,1148,2,2,2429,2,2,15000.0,0.0,30000.0
10095,377,248,1,,584,2,1,15000.0,750.0,14250.0
10096,242,377,1,,211,1,2,12000.0,1200.0,22800.0
10097,24,1008,1,,,2,3,15000.0,4500.0,40500.0
10098,342,978,1,,2318,1,3,12000.0,3600.0,32400.0
10099,78,1154,1,,960,2,3,15000.0,4500.0,40500.0
10100,278,1168,1,,310,1,3,10800.0,0.0,32400.0
10101,225,1178,2,1,1697,1,3,12000.0,0.0,36000.0
10102,251,344,1,,2813,2,1,13500.0,675.0,12825.0
10103,251,344,1,,2813,1,2,10800.0,432.0,21168.0
10104,270,986,2,1,2184,2,3,15750.0,2362.5,44887.5
10105,270,986,2,1,2184,2,3,15000.0,0.0,45000.0
10106,270,986,2,1,2184,2,2,13500.0,540.0,26460.0
10107,244,884,1,,1045,1,3,12000.0,1800.0,34200.0
10108,149,1046,1,,1340,2,1,15750.0,0.0,15750.0
10109,149,1046,1,,1340,1,2,12000.0,480.0,23520.0
10110,617,244,1,,519,2,3,15000.0,4500.0,40500.0
10111,493,1246,1,,1335,1,1,12000.0,0.0,12000.0
10112,571,873,2,4,1290,1,3,12600.0,0.0,37800.0
10113,82,988,1,,2253,2,3,15000.0,4500.0,40500.0
10114,82,988,1,,2253,2,3,15000.0,900.0,44100.0
10115,419,597,2,2,1541,1,2,12000.0,1200.0,22800.0
10116,19,1432,1,,1826,2,1,15000.0,750.0,14250.0
10117,19,1432,1,,1826,1,2,12000.0,2400.0,21600.0
10118,530,833,1,,2336,2,3,16500.0,4950.0,44550.0
10119,174,148,1,,2180,2,3,15000.0,4500.0,40500.0
10120,506,570,1,,991,1,2,12000.0,480.0,23520.0
10121,235,1102,2,2,,2,2,13500.0,0.0,27000.0
10122,262,788,1,,2394,1,3,12000.0,1800.0,34200.0
10123,262,788,1,,2394,1,2,10800.0,432.0,21168.0
10124,517,252,1,,1285,2,2,13500.0,1350.0,25650.0
10125,140,1442,2,3,2855,1,1,12000.0,240.0,11760.0
10126,140,1442,2,3,2855,1,2,12000.0,1200.0,22800.0
10127,83,483,2,1,2166,2,1,15000.0,300.0,14700.0
10128,344,946,2,4,1282,2,2,15000.0,600.0,29400.0
10129,344,946,2,4,1282,2,2,15750.0,1575.0,29925.0
10130,403,603,1,,1138,2,1,15000.0,1500.0,13500.0
10131,243,1410,1,,2568,1,1,12000.0,600.0,11400.0
10132,39,857,2,1,1455,1,1,10800.0,0.0,10800.0
10133,472,1080,2,1,3126,2,3,16500.0,2475.0,47025.0
10134,587,795,1,,1134,1,2,10800.0,2160.0,19440.0
10135,509,926,2,1,535,1,2,12000.0,1200.0,22800.0
10136,165,911,2,1,2105,1,2,12000.0,480.0,23520.0
10137,264,435,1,,789,1,2,12000.0,0.0,24000.0
10138,2,597,1,,1932,1,1,13200.0,264.0,12936.0
10139,216,817,1,,2538,1,1,12600.0,630.0,11970.0
10140,133,815,1,,268,1,3,12600.0,756.0,37044.0
10141,70,304,1,,1179,1,2,10800.0,0.0,21600.0
10142,519,529,1,,880,1,2,10800.0,1080.0,20520.0
10143,550,832,2,4,973,2,1,15000.0,300.0,14700.0
10144,439,1235,1,,540,1,3,12000.0,3600.0,32400.0
10145,146,614,2,1,2918,1,3,12000.0,0.0,36000.0
10146,24,951,2,3,2922,1,1,13200.0,264.0,12936.0
10147,275,1156,1,,2465,2,2,15000.0,3000.0,27000.0
10148,275,1156,1,,2465,1,2,12000.0,1200.0,22800.0
10149,208,689,2,4,2306,1,3,12000.0,1800.0,34200.0
10150,312,1482,1,,1202,2,2,15000.0,1500.0,28500.0
10151,29,243,2,1,770,1,3,12000.0,0.0,36000.0
10152,29,243,2,1,770,2,3,15000.0,4500.0,40500.0
10153,379,547,1,,,2,2,15000.0,600.0,29400.0
10154,102,292,1,,1318,1,2,13200.0,1320.0,25080.0
10155,531,1145,2,3,,2,2,16500.0,660.0,32340.0
10156,298,87,1,,1611,2,1,15000.0,750.0,14250.0
10157,298,87,1,,1611,2,3,13500.0,4050.0,36450.0
10158,298,87,1,,1611,1,1,12600.0,1260.0,11340.0
10159,189,1046,2,4,2296,2,3,16500.0,2475.0,47025.0
10160,57,1071,1,,2436,2,1,16500.0,330.0,16170.0
10161,57,1071,1,,2436,2,3,15000.0,4500.0,40500.0
10162,10,758,2,4,907,2,3,15750.0,945.0,46305.0
10163,628,149,2,4,1679,1,3,10800.0,0.0,32400.0
10164,628,149,2,4,1679,1,2,12000.0,2400.0,21600.0
10165,203,809,1,,3003,1,3,13200.0,3960.0,35640.0
10166,181,45,2,4,1916,1,3,12000.0,720.0,35280.0
10167,552,423,1,,,1,1,12000.0,1200.0,10800.0
10168,552,423,1,,,1,3,12000.0,3600.0,32400.0
10169,258,1222,2,4,2734,2,2,15000.0,3000.0,27000.0
10170,32,47,1,,2418,2,3,15000.0,900.0,44100.0
10171,32,47,1,,2418,2,2,15000.0,1500.0,28500.0
10172,198,699,1,,308,2,2,13500.0,0.0,27000.0
10173,209,552,1,,537,1,1,10800.0,0.0,10800.0
10174,209,552,1,,537,2,2,16500.0,1650.0,31350.0
10175,474,1202,2,2,,1,3,13200.0,0.0,39600.0
10176,468,1365,1,,14,2,3,15000.0,900.0,44100.0
10177,282,409,2,1,2398,2,3,15000.0,2250.0,42750.0
10178,168,524,2,4,1212,1,3,12000.0,1800.0,34200.0
10179,467,949,2,4,783,1,3,13200.0,3960.0,35640.0
10180,467,949,2,4,783,2,1,16500.0,330.0,16170.0
10181,254,492,1,,2781,1,1,12000.0,0.0,12000.0
10182,254,492,1,,2781,1,3,12000.0,720.0,35280.0
10183,415,1002,1,,173,1,2,10800.0,1080.0,20520.0
10184,527,976,2,4,259,2,3,15000.0,4500.0,40500.0
10185,539,348,2,4,2534,1,1,12600.0,0.0,12600.0
10186,395,66,2,2,3031,1,2,12000.0,0.0,24000.0
10187,100,968,2,3,318,1,3,12000.0,3600.0,32400.0
10188,100,968,2,3,318,1,1,13200.0,264.0,12936.0
10189,216,996,1,,2343,1,1,12600.0,252.0,12348.0
10190,602,66,2,3,906,1,2,12600.0,2520.0,22680.0
10191,538,1048,1,,2775,1,1,12000.0,600.0,11400.0
10192,538,1048,1,,2775,1,2,10800.0,432.0,21168.0
10193,538,1048,1,,2775,2,3,15750.0,945.0,46305.0
10194,276,820,1,,,2,2,15000.0,0.0,30000.0
10195,272,152,2,1,2986,1,1,12000.0,600.0,11400.0
10196,272,152,2,1,2986,1,2,12000.0,1200.0,22800.0
10197,50,1431,1,,2767,1,1,12600.0,252.0,12348.0
10198,575,1031,1,,287,1,3,12000.0,1800.0,34200.0
10199,145,1237,1,,1423,2,3,15000.0,0.0,45000.0
10200,219,874,2,1,1499,2,3,15000.0,900.0,44100.0
10201,442,59,1,,1890,2,3,15000.0,2250.0,42750.0
10202,442,59,1,,1890,1,1,12600.0,252.0,12348.0
10203,618,1243,2,4,2100,1,3,12000.0,0.0,36000.0
10204,618,1243,2,4,2100,1,2,12000.0,1200.0,22800.0
10205,428,921,2,4,732,2,3,15000.0,2250.0,42750.0
10206,428,921,2,4,732,2,2,15000.0,600.0,29400.0
10207,419,1000,2,2,844,1,3,12000.0,1800.0,34200.0
10208,91,484,1,,2313,1,1,13200.0,264.0,12936.0
10209,91,484,1,,2313,2,1,15750.0,787.5,14962.5
10210,49,134,1,,1815,1,1,13200.0,0.0,13200.0
10211,621,1083,1,,2737,2,1,15000.0,300.0,14700.0
10212,384,540,2,4,2915,2,2,15000.0,600.0,29400.0
10213,384,540,2,4,2915,1,3,10800.0,0.0,32400.0
10214,314,976,2,3,1270,2,3,15000.0,4500.0,40500.0
10215,359,926,1,,,1,2,12000.0,480.0,23520.0
10216,402,881,1,,2061,2,2,15750.0,3150.0,28350.0
10217,171,1388,1,,812,1,2,12000.0,2400.0,21600.0
10218,383,121,2,4,335,2,2,16500.0,0.0,33000.0
10219,83,1117,2,1,565,2,3,13500.0,2025.0,38475.0
10220,476,182,2,3,1560,1,1,12600.0,0.0,12600.0
10221,584,1156,1,,35,1,2,12000.0,0.0,24000.0
10222,584,1156,1,,35,2,3,15000.0,900.0,44100.0
10223,584,1156,1,,35,2,3,15000.0,4500.0,40500.0
10224,340,1075,1,,2790,1,3,12000.0,720.0,35280.0
10225,340,1075,1,,2790,2,1,15000.0,1500.0,13500.0
10226,340,1075,1,,2790,1,3,12000.0,0.0,36000.0
10227,541,1155,2,1,1587,1,2,12000.0,2400.0,21600.0
10228,373,1393,1,,1762,2,3,13500.0,4050.0,36450.0
10229,373,1393,1,,1762,2,2,13500.0,1350.0,25650.0
10230,244,657,2,4,2152,1,2,10800.0,432.0,21168.0
10231,442,857,1,,2736,2,3,15000.0,2250.0,42750.0
10232,229,92,1,,,1,3,13200.0,792.0,38808.0
10233,252,217,1,,328,2,2,13500.0,0.0,27000.0
10234,252,217,1,,328,1,2,12600.0,1260.0,23940.0
10235,252,217,1,,328,2,3,15750.0,0.0,47250.0
10236,206,452,2,1,1442,2,3,15000.0,0.0,45000.0
10237,280,77,1,,,1,1,12000.0,600.0,11400.0
10238,280,77,1,,,2,1,16500.0,0.0,16500.0
10239,289,733,2,3,2497,2,1,15000.0,750.0,14250.0
10240,475,344,1,,1223,2,1,15750.0,0.0,15750.0
10241,498,425,1,,2229,1,1,12000.0,0.0,12000.0
10242,22,1188,2,1,1177,1,3,12600.0,1890.0,35910.0
10243,22,1188,2,1,1177,1,2,13200.0,2640.0,23760.0
10244,160,226,1,,2836,1,3,13200.0,792.0,38808.0
10245,411,585,2,1,3068,2,1,15000.0,0.0,15000.0
10246,411,585,2,1,3068,1,1,12600.0,252.0,12348.0
10247,477,1392,1,,,2,1,15000.0,1500.0,13500.0
10248,477,1392,1,,,2,3,13500.0,2025.0,38475.0
10249,419,838,1,,431,2,3,15000.0,0.0,45000.0
10250,209,616,1,,543,2,3,15000.0,900.0,44100.0
10251,209,616,1,,543,1,3,13200.0,1980.0,37620.0
10252,53,662,2,2,2122,1,3,13200.0,3960.0,35640.0
10253,53,662,2,2,2122,1,3,12000.0,0.0,36000.0
10254,499,411,1,,1582,1,3,12000.0,720.0,35280.0
10255,499,411,1,,1582,1,2,12000.0,0.0,24000.0
10256,227,3,1,,616,1,1,12000.0,240.0,11760.0
10257,186,1136,2,2,2622,2,1,13500.0,1350.0,12150.0
10258,186,1136,2,2,2622,1,2,13200.0,2640.0,23760.0
10259,76,354,2,3,1826,1,1,12000.0,240.0,11760.0
10260,470,1289,2,2,2922,1,2,12000.0,480.0,23520.0
10261,470,1289,2,2,2922,1,3,12600.0,0.0,37800.0
10262,258,941,2,1,1753,2,3,13500.0,810.0,39690.0
10263,595,334,1,,2247,2,1,15750.0,315.0,15435.0
10264,595,334,1,,2247,1,1,12600.0,0.0,12600.0
10265,313,854,2,2,2678,1,1,12000.0,240.0,11760.0
10266,313,854,2,2,2678,1,2,12000.0,480.0,23520.0
10267,635,1337,2,1,1048,2,1,15000.0,0.0,15000.0
10268,38,720,1,,2165,1,2,12000.0,480.0,23520.0
10269,123,822,1,,255,1,1,13200.0,660.0,12540.0
10270,388,226,1,,976,1,1,12000.0,0.0,12000.0
10271,388,226,1,,976,1,1,10800.0,0.0,10800.0
10272,473,1224,2,1,,1,2,13200.0,0.0,26400.0
10273,635,3,1,,2922,2,2,15000.0,3000.0,27000.0
10274,237,1395,1,,237,1,3,12000.0,1800.0,34200.0
10275,471,1179,2,4,1824,1,2,12600.0,504.0,24696.0
10276,180,883,2,2,1283,2,3,13500.0,2025.0,38475.0
10277,180,883,2,2,1283,1,3,12000.0,0.0,36000.0
10278,367,690,2,4,2202,2,3,15000.0,2250.0,42750.0
10279,572,132,2,3,2451,1,2,12000.0,1200.0,22800.0
10280,209,303,1,,,2,3,13500.0,2025.0,38475.0
10281,360,1444,1,,2962,1,2,12000.0,0.0,24000.0
10282,177,753,1,,328,2,1,16500.0,330.0,16170.0
10283,177,753,1,,328,1,3,12000.0,3600.0,32400.0
10284,39,1066,1,,1038,1,2,12000.0,2400.0,21600.0
10285,517,359,2,4,2271,1,3,12000.0,0.0,36000.0
10286,261,120,2,2,1935,2,1,15000.0,1500.0,13500.0
10287,549,221,2,2,,2,1,15000.0,1500.0,13500.0
10288,549,221,2,2,,2,3,15000.0,0.0,45000.0
10289,493,814,2,3,1388,1,3,12000.0,3600.0,32400.0
10290,465,926,1,,2126,1,2,12000.0,480.0,23520.0
10291,465,926,1,,2126,2,2,15750.0,630.0,30870.0
10292,236,98,1,,804,1,1,10800.0,0.0,10800.0
10293,273,1296,1,,88,2,2,13500.0,0.0,27000.0
10294,448,193,1,,,1,2,10800.0,1080.0,20520.0
10295,448,193,1,,,1,1,12600.0,0.0,12600.0
10296,476,628,1,,,1,1,12000.0,0.0,12000.0
10297,476,628,1,,,2,1,13500.0,675.0,12825.0
10298,476,628,1,,,2,2,15000.0,3000.0,27000.0
10299,634,536,2,3,521,1,1,12000.0,600.0,11400.0
10300,383,1233,2,3,2183,2,1,13500.0,675.0,12825.0
10301,474,1465,2,4,1991,1,3,12000.0,0.0,36000.0
10302,474,1465,2,4,1991,2,3,15000.0,2250.0,42750.0
10303,137,946,2,3,474,1,2,12000.0,2400.0,21600.0
10304,227,890,1,,795,1,3,12600.0,3780.0,34020.0
10305,227,890,1,,795,1,3,12000.0,0.0,36000.0
10306,227,890,1,,795,1,1,12000.0,1200.0,10800.0
10307,176,1477,2,1,1807,1,3,12000.0,720.0,35280.0
10308,466,137,2,4,1330,1,3,13200.0,792.0,38808.0
10309,466,137,2,4,1330,1,2,10800.0,432.0,21168.0
10310,609,1254,2,3,1556,2,3,15000.0,4500.0,40500.0
10311,466,763,2,2,2310,1,2,12600.0,504.0,24696.0
10312,369,974,1,,257,2,1,15000.0,750.0,14250.0
10313,551,1208,1,,1899,1,2,12000.0,0.0,24000.0
10314,325,405,2,4,1226,1,1,12000.0,240.0,11760.0
10315,325,405,2,4,1226,2,1,15000.0,0.0,15000.0
10316,325,405,2,4,1226,2,2,13500.0,1350.0,25650.0
10317,85,1466,1,,2698,1,1,12000.0,600.0,11400.0
10318,242,1440,2,4,1592,1,2,12000.0,480.0,23520.0
10319,242,1440,2,4,1592,1,1,12000.0,240.0,11760.0
10320,323,686,1,,233,1,3,13200.0,792.0,38808.0
10321,323,686,1,,233,2,3,13500.0,810.0,39690.0
10322,74,1238,1,,1400,1,2,13200.0,2640.0,23760.0
10323,74,1238,1,,1400,1,1,12000.0,0.0,12000.0
10324,92,74,2,4,1022,2,1,15750.0,1575.0,14175.0
10325,480,218,1,,1907,2,2,15750.0,0.0,31500.0
10326,480,218,1,,1907,1,3,12600.0,1890.0,35910.0
10327,353,421,1,,1707,1,2,12000.0,1200.0,22800.0
10328,231,203,2,4,3143,1,2,12000.0,2400.0,21600.0
10329,81,825,1,,2744,1,1,12000.0,600.0,11400.0
10330,190,1356,1,,2051,1,3,12000.0,1800.0,34200.0
10331,610,793,2,2,3151,2,2,13500.0,2700.0,24300.0
10332,515,648,2,1,236,1,1,12000.0,0.0,12000.0
10333,251,1377,2,3,1910,1,2,12000.0,1200.0,22800.0
10334,509,336,2,1,3178,2,2,15000.0,0.0,30000.0
10335,445,409,1,,2765,1,3,12000.0,0.0,36000.0
10336,445,409,1,,2765,2,3,13500.0,4050.0,36450.0
10337,168,143,2,2,2268,2,1,15000.0,1500.0,13500.0
10338,168,143,2,2,2268,2,3,16500.0,4950.0,44550.0
10339,370,1389,1,,336,1,2,12000.0,0.0,24000.0
10340,478,1333,1,,1699,1,3,12000.0,1800.0,34200.0
10341,334,1380,1,,2017,2,3,15000.0,900.0,44100.0
10342,334,1380,1,,2017,1,2,10800.0,432.0,21168.0
10343,334,1380,1,,2017,2,3,15750.0,0.0,47250.0
10344,298,1316,2,4,412,2,1,13500.0,675.0,12825.0
10345,298,1316,2,4,412,1,1,12000.0,0.0,12000.0
10346,212,614,2,2,2942,1,2,10800.0,1080.0,20520.0
10347,126,1451,2,2,301,1,2,12000.0,1200.0,22800.0
10348,605,255,1,,575,1,3,10800.0,0.0,32400.0
10349,636,761,1,,2682,1,1,12600.0,630.0,11970.0
10350,636,761,1,,2682,1,1,12000.0,1200.0,10800.0
10351,616,396,2,1,372,1,2,12000.0,2400.0,21600.0
10352,631,1199,2,4,1476,2,1,15000.0,750.0,14250.0
10353,295,153,1,,2085,1,1,12000.0,0.0,12000.0
10354,288,1269,2,1,876,2,2,15000.0,3000.0,27000.0
10355,288,1269,2,1,876,2,2,13500.0,2700.0,24300.0
10356,608,1038,2,2,3186,1,3,13200.0,792.0,38808.0
10357,617,359,1,,1093,2,1,15000.0,1500.0,13500.0
10358,617,359,1,,1093,2,1,15000.0,300.0,14700.0
10359,559,632,1,,3117,2,1,15000.0,750.0,14250.0
10360,418,1302,2,3,567,2,3,15000.0,900.0,44100.0
10361,488,1327,1,,1155,2,1,15000.0,300.0,14700.0
10362,615,212,1,,1253,1,2,12600.0,2520.0,22680.0
10363,191,69,1,,2193,2,2,15000.0,600.0,29400.0
10364,191,1449,1,,1451,1,2,12000.0,1200.0,22800.0
10365,158,250,2,2,736,1,2,13200.0,0.0,26400.0
10366,275,717,1,,1941,1,2,12600.0,1260.0,23940.0
10367,420,466,2,4,2975,2,3,15000.0,0.0,45000.0
10368,420,466,2,4,2975,1,1,12600.0,0.0,12600.0
10369,98,217,1,,330,2,2,15000.0,0.0,30000.0
10370,600,214,2,3,765,2,2,15000.0,3000.0,27000.0
10371,495,1334,1,,2964,2,3,15000.0,4500.0,40500.0
10372,495,1334,1,,2964,2,2,13500.0,1350.0,25650.0
10373,495,1334,1,,2964,1,3,12000.0,3600.0,32400.0
10374,319,782,2,3,1216,1,2,12600.0,2520.0,22680.0
10375,194,801,1,,151,1,2,12000.0,2400.0,21600.0
10376,343,415,1,,,2,2,15000.0,0.0,30000.0
10377,557,6,2,3,301,2,2,15000.0,600.0,29400.0
10378,167,1021,1,,1243,1,3,12000.0,720.0,35280.0
10379,167,1021,1,,1243,2,2,15000.0,1500.0,28500.0
10380,170,1440,1,,,1,1,12000.0,600.0,11400.0
10381,78,1318,2,2,1360,2,3,16500.0,2475.0,47025.0
10382,445,43,2,4,1035,2,3,15000.0,0.0,45000.0
10383,445,43,2,4,1035,2,2,13500.0,540.0,26460.0
10384,466,710,2,2,3,1,3,12000.0,1800.0,34200.0
10385,298,344,2,4,2687,1,2,12000.0,480.0,23520.0
10386,298,344,2,4,2687,2,3,16500.0,0.0,49500.0
10387,209,1440,1,,1088,1,2,12000.0,1200.0,22800.0
10388,402,1420,1,,234,1,3,12000.0,3600.0,32400.0
10389,380,1470,2,4,,2,1,15750.0,0.0,15750.0
10390,380,1470,2,4,,1,1,12000.0,600.0,11400.0
10391,80,47,2,4,2228,1,3,12600.0,756.0,37044.0
10392,80,47,2,4,2228,2,2,15000.0,1500.0,28500.0
10393,625,189,2,2,2486,2,2,15000.0,0.0,30000.0
10394,95,1312,1,,2010,1,2,12000.0,480.0,23520.0
10395,455,594,1,,,1,2,12000.0,0.0,24000.0
10396,455,594,1,,,1,2,13200.0,0.0,26400.0
10397,455,594,1,,,1,3,12000.0,3600.0,32400.0
10398,316,543,1,,,2,3,15000.0,900.0,44100.0
10399,196,686,1,,1907,2,3,15000.0,0.0,45000.0
10400,155,106,2,4,2889,2,2,16500.0,660.0,32340.0
10401,155,106,2,4,2889,1,3,12600.0,756.0,37044.0
10402,13,1416,2,2,1100,1,2,13200.0,0.0,26400.0
10403,13,1416,2,2,1100,2,3,15000.0,2250.0,42750.0
10404,13,1416,2,2,1100,2,3,15000.0,900.0,44100.0
10405,414,716,1,,2117,1,3,12000.0,3600.0,32400.0
10406,414,716,1,,2117,1,3,12000.0,1800.0,34200.0
10407,306,707,1,,2226,1,1,12600.0,630.0,11970.0
10408,306,707,1,,2226,1,2,12000.0,0.0,24000.0
10409,391,367,1,,2637,2,3,15750.0,2362.5,44887.5
10410,272,1483,2,4,,1,3,10800.0,648.0,31752.0
10411,272,1483,2,4,,2,3,15000.0,2250.0,42750.0
10412,194,216,1,,804,2,2,15000.0,600.0,29400.0
10413,58,664,2,1,,1,2,12000.0,2400.0,21600.0
10414,58,664,2,1,,2,1,16500.0,1650.0,14850.0
10415,58,27,1,,1061,2,3,15000.0,4500.0,40500.0
10416,58,27,1,,1061,2,3,15000.0,2250.0,42750.0
10417,455,569,2,1,3135,1,3,13200.0,1980.0,37620.0
10418,455,569,2,1,3135,2,2,15000.0,0.0,30000.0
10419,228,185,1,,1902,1,1,13200.0,0.0,13200.0
10420,13,580,1,,216,2,2,15000.0,0.0,30000.0
10421,13,580,1,,216,2,3,16500.0,0.0,49500.0
10422,616,1428,2,4,19,2,3,15000.0,4500.0,40500.0
10423,257,930,1,,1135,1,3,12000.0,0.0,36000.0
10424,300,1242,1,,2817,2,3,13500.0,2025.0,38475.0
10425,586,580,1,,130,2,2,15000.0,0.0,30000.0
10426,174,194,1,,1111,2,2,13500.0,0.0,27000.0
10427,394,794,1,,2457,1,1,12000.0,1200.0,10800.0
10428,394,794,1,,2457,2,1,15750.0,787.5,14962.5
10429,280,1378,1,,586,1,3,12000.0,0.0,36000.0
10430,199,189,2,1,1376,2,2,15750.0,1575.0,29925.0
10431,199,189,2,1,1376,1,1,12000.0,600.0,11400.0
10432,423,567,1,,1976,1,2,13200.0,528.0,25872.0
10433,41,1021,2,2,1363,1,2,10800.0,2160.0,19440.0
10434,304,1289,2,2,2882,1,3,13200.0,792.0,38808.0
10435,49,272,1,,,1,2,13200.0,0.0,26400.0
10436,500,1338,1,,1944,1,3,12000.0,1800.0,34200.0
10437,382,719,2,4,197,1,1,12000.0,0.0,12000.0
10438,133,1162,2,2,609,1,3,12600.0,756.0,37044.0
10439,47,507,1,,,1,2,12000.0,2400.0,21600.0
10440,203,1391,2,1,1363,1,3,12600.0,756.0,37044.0
10441,203,1391,2,1,1363,2,1,15750.0,315.0,15435.0
10442,472,252,2,1,931,1,3,12000.0,0.0,36000.0
10443,186,370,1,,2635,1,2,12000.0,1200.0,22800.0
10444,636,658,2,3,1705,1,2,12000.0,480.0,23520.0
10445,351,929,2,4,2722,1,2,12000.0,480.0,23520.0
10446,351,929,2,4,2722,1,3,13200.0,0.0,39600.0
10447,144,449,1,,1836,2,2,15000.0,3000.0,27000.0
10448,144,449,1,,1836,2,2,13500.0,540.0,26460.0
10449,218,447,1,,,1,3,13200.0,792.0,38808.0
10450,613,863,1,,,1,1,10800.0,0.0,10800.0
10451,154,1276,2,3,442,1,3,12600.0,1890.0,35910.0
10452,456,1367,1,,3055,1,2,13200.0,2640.0,23760.0
10453,377,209,1,,1169,2,1,15000.0,750.0,14250.0
10454,627,737,2,1,2068,1,1,12000.0,240.0,11760.0
10455,295,309,2,2,1728,2,2,15000.0,600.0,29400.0
10456,288,1050,1,,1252,1,1,10800.0,1080.0,9720.0
10457,38,115,1,,2820,2,1,15000.0,0.0,15000.0
10458,38,115,1,,2820,2,1,15000.0,300.0,14700.0
10459,623,549,2,3,933,2,2,15750.0,3150.0,28350.0
10460,521,840,1,,1349,1,2,12000.0,480.0,23520.0
10461,521,840,1,,1349,1,2,13200.0,0.0,26400.0
10462,223,616,2,4,996,2,3,15000.0,900.0,44100.0
10463,223,616,2,4,996,2,1,15750.0,0.0,15750.0
10464,468,885,1,,,2,2,15000.0,3000.0,27000.0
10465,433,659,2,4,1374,1,2,12000.0,1200.0,22800.0
10466,420,592,2,4,,1,1,12000.0,600.0,11400.0
10467,420,592,2,4,,1,1,12600.0,1260.0,11340.0
10468,294,205,1,,1778,1,3,12600.0,1890.0,35910.0
10469,294,205,1,,1778,1,3,12000.0,3600.0,32400.0
10470,158,512,1,,2265,2,2,13500.0,1350.0,25650.0
10471,106,174,1,,266,1,1,12000.0,0.0,12000.0
10472,228,1484,1,,2892,2,2,15750.0,0.0,31500.0
10473,236,1340,1,,,1,3,12000.0,720.0,35280.0
10474,465,794,2,3,2903,1,1,10800.0,540.0,10260.0
10475,170,521,1,,1020,1,1,10800.0,1080.0,9720.0
10476,235,1,1,,2821,2,1,15000.0,1500.0,13500.0
10477,419,1394,1,,1886,1,1,12600.0,252.0,12348.0
10478,577,521,2,4,1473,2,2,15000.0,1500.0,28500.0
10479,577,521,2,4,1473,2,1,15000.0,750.0,14250.0
10480,196,900,1,,1919,2,3,13500.0,0.0,40500.0
10481,319,714,1,,1945,1,1,12000.0,600.0,11400.0
10482,18,822,1,,791,2,2,15000.0,0.0,30000.0
10483,18,822,1,,791,2,1,15000.0,0.0,15000.0
10484,127,42,2,2,3060,2,1,15000.0,1500.0,13500.0
10485,444,261,1,,,2,1,13500.0,0.0,13500.0
10486,444,261,1,,,2,1,15000.0,750.0,14250.0
10487,578,756,1,,293,1,1,10800.0,1080.0,9720.0
10488,578,756,1,,293,2,3,15000.0,4500.0,40500.0
10489,221,866,2,1,2081,1,3,12600.0,3780.0,34020.0
10490,7,817,2,3,429,1,2,12000.0,480.0,23520.0
10491,7,817,2,3,429,1,2,10800.0,432.0,21168.0
10492,182,475,1,,1399,1,1,12600.0,252.0,12348.0
10493,182,475,1,,1399,1,2,12000.0,0.0,24000.0
10494,87,803,1,,2324,1,3,10800.0,648.0,31752.0
10495,480,28,2,3,327,1,3,12000.0,1800.0,34200.0
10496,452,586,2,3,1001,2,2,15000.0,0.0,30000.0
10497,481,1075,2,1,291,2,3,15750.0,2362.5,44887.5
10498,620,441,1,,177,1,1,12000.0,0.0,12000.0
10499,592,1462,2,4,2500,1,3,13200.0,0.0,39600.0
10500,575,320,2,2,250,2,3,15000.0,4500.0,40500.0
10501,51,866,2,4,661,1,2,12000.0,2400.0,21600.0
10502,51,866,2,4,661,2,3,16500.0,990.0,48510.0
10503,237,275,1,,1719,1,3,12600.0,0.0,37800.0
10504,237,275,1,,1719,1,2,12000.0,1200.0,22800.0
10505,278,224,1,,1432,2,3,15000.0,4500.0,40500.0
10506,37,1171,1,,1121,1,3,10800.0,0.0,32400.0
10507,270,361,1,,235,2,3,15000.0,0.0,45000.0
10508,249,232,1,,2839,2,2,15000.0,0.0,30000.0
10509,249,232,1,,2839,1,2,10800.0,432.0,21168.0
10510,249,232,1,,2839,2,2,15000.0,3000.0,27000.0
10511,13,508,1,,986,2,1,13500.0,270.0,13230.0
10512,311,1257,2,1,,2,2,15000.0,3000.0,27000.0
10513,564,75,1,,2073,2,1,15750.0,0.0,15750.0
10514,233,1008,1,,924,1,1,12000.0,240.0,11760.0
10515,233,1008,1,,924,1,2,12000.0,2400.0,21600.0
10516,471,179,1,,2829,2,2,15000.0,3000.0,27000.0
10517,269,409,2,1,1345,1,2,12000.0,2400.0,21600.0
10518,250,437,1,,189,2,3,15000.0,0.0,45000.0
10519,235,1339,2,2,,1,1,12000.0,1200.0,10800.0
10520,168,700,1,,2417,1,2,12000.0,1200.0,22800.0
10521,273,939,1,,2034,2,1,15000.0,1500.0,13500.0
10522,273,939,1,,2034,1,1,12600.0,630.0,11970.0
10523,13,1398,2,1,166,1,1,13200.0,660.0,12540.0
10524,281,1210,1,,1138,1,1,12000.0,240.0,11760.0
10525,281,1210,1,,1138,1,2,13200.0,0.0,26400.0
10526,142,888,2,3,1699,2,1,15000.0,750.0,14250.0
10527,485,549,1,,,1,3,12000.0,1800.0,34200.0
10528,485,549,1,,,2,3,15750.0,4725.0,42525.0
10529,123,651,2,3,675,1,1,12000.0,600.0,11400.0
10530,318,41,2,4,2249,1,3,13200.0,3960.0,35640.0
10531,372,1439,2,1,2569,2,2,15000.0,0.0,30000.0
10532,613,885,1,,1619,1,1,13200.0,660.0,12540.0
10533,616,728,2,1,2912,2,1,15000.0,750.0,14250.0
10534,341,515,1,,578,1,2,12000.0,1200.0,22800.0
10535,429,494,1,,,2,1,15000.0,750.0,14250.0
10536,570,619,1,,561,2,2,16500.0,660.0,32340.0
10537,570,619,1,,561,1,2,12000.0,1200.0,22800.0
10538,570,619,1,,561,1,1,12000.0,1200.0,10800.0
10539,58,600,1,,554,1,1,12000.0,600.0,11400.0
10540,604,1315,1,,3127,1,3,12000.0,3600.0,32400.0
10541,604,1315,1,,3127,1,2,13200.0,2640.0,23760.0
10542,263,1033,1,,1606,1,1,12000.0,1200.0,10800.0
10543,20,151,2,4,2931,2,2,15000.0,600.0,29400.0
10544,462,847,1,,1656,2,2,15000.0,3000.0,27000.0
10545,462,847,1,,1656,2,1,13500.0,675.0,12825.0
10546,462,847,1,,1656,1,1,12000.0,600.0,11400.0
10547,177,1169,1,,802,2,2,15000.0,3000.0,27000.0
10548,72,704,1,,428,2,2,15000.0,0.0,30000.0
10549,72,704,1,,428,1,2,12000.0,2400.0,21600.0
10550,52,1074,2,1,2293,1,1,12000.0,0.0,12000.0
10551,60,877,1,,2519,1,3,12000.0,720.0,35280.0
10552,457,1271,1,,1357,1,1,10800.0,540.0,10260.0
10553,457,1271,1,,1357,2,2,16500.0,1650.0,31350.0
10554,573,786,1,,1188,2,1,15000.0,300.0,14700.0
10555,22,1454,1,,2001,2,2,15000.0,0.0,30000.0
10556,357,732,2,2,2844,2,2,15000.0,3000.0,27000.0
10557,496,482,1,,1673,2,1,15000.0,300.0,14700.0
10558,371,74,1,,530,1,3,12000.0,1800.0,34200.0
10559,636,1238,1,,,1,3,12000.0,0.0,36000.0
10560,186,232,1,,2229,1,2,12000.0,0.0,24000.0
10561,404,611,1,,2310,1,3,12000.0,1800.0,34200.0
10562,404,611,1,,2310,1,1,12000.0,600.0,11400.0
10563,538,1275,2,1,1603,2,3,15750.0,945.0,46305.0
10564,538,1275,2,1,1603,2,1,15750.0,1575.0,14175.0
10565,148,1483,1,,1483,1,2,12000.0,0.0,24000.0
10566,328,571,1,,2162,2,2,15000.0,1500.0,28500.0
10567,395,1008,2,2,1285,1,2,12000.0,2400.0,21600.0
10568,395,1008,2,2,1285,2,1,15750.0,0.0,15750.0
10569,404,1048,1,,1218,1,3,12000.0,720.0,35280.0
10570,360,252,1,,1431,1,3,12000.0,1800.0,34200.0
10571,46,547,1,,1430,1,3,12600.0,1890.0,35910.0
10572,46,547,1,,1430,1,2,10800.0,1080.0,20520.0
10573,519,1038,2,1,1715,1,3,12000.0,720.0,35280.0
10574,623,882,2,3,1437,1,1,10800.0,0.0,10800.0
10575,623,882,2,3,1437,1,1,10800.0,1080.0,9720.0
10576,623,882,2,3,1437,2,1,15000.0,1500.0,13500.0
10577,588,261,1,,975,2,2,15000.0,1500.0,28500.0
10578,597,770,1,,96,2,3,15000.0,0.0,45000.0
10579,597,770,1,,96,1,2,13200.0,528.0,25872.0
10580,514,95,2,3,1142,1,1,12000.0,0.0,12000.0
10581,514,95,2,3,1142,1,1,10800.0,1080.0,9720.0
10582,157,1327,2,1,698,2,3,13500.0,4050.0,36450.0
10583,157,1327,2,1,698,1,2,13200.0,2640.0,23760.0
10584,508,960,1,,2214,2,2,15000.0,3000.0,27000.0
10585,484,523,2,2,1263,2,3,15000.0,2250.0,42750.0
10586,14,1279,2,4,2921,2,2,15000.0,600.0,29400.0
10587,32,559,1,,,2,1,15750.0,315.0,15435.0
10588,32,559,1,,,1,2,10800.0,2160.0,19440.0
10589,529,124,2,3,3018,1,1,12000.0,240.0,11760.0
10590,529,124,2,3,3018,2,1,15000.0,1500.0,13500.0
10591,234,113,2,4,1534,1,3,12000.0,1800.0,34200.0
10592,601,1419,2,2,1015,2,1,15000.0,1500.0,13500.0
10593,601,1419,2,2,1015,2,2,15000.0,1500.0,28500.0
10594,57,1324,1,,1096,1,3,12000.0,720.0,35280.0
10595,569,311,1,,133,2,1,15000.0,300.0,14700.0
10596,572,1135,1,,1934,1,1,10800.0,0.0,10800.0
10597,638,828,1,,1400,2,1,16500.0,1650.0,14850.0
10598,275,158,1,,1581,2,2,15000.0,1500.0,28500.0
10599,113,50,2,2,1424,2,2,15000.0,0.0,30000.0
10600,113,50,2,2,1424,2,1,15000.0,750.0,14250.0
10601,449,446,2,4,2943,1,2,12600.0,1260.0,23940.0
10602,376,27,1,,2537,1,3,12000.0,0.0,36000.0
10603,39,1158,1,,2692,1,3,10800.0,3240.0,29160.0
10604,311,433,2,3,,1,1,12600.0,1260.0,11340.0
10605,311,433,2,3,,2,3,15000.0,900.0,44100.0
10606,476,140,1,,430,1,1,12000.0,0.0,12000.0
10607,607,609,2,2,981,2,1,15750.0,315.0,15435.0
10608,540,1361,1,,689,2,3,15000.0,4500.0,40500.0
10609,395,1199,1,,780,1,1,12000.0,1200.0,10800.0
10610,299,19,2,4,619,2,2,13500.0,2700.0,24300.0
10611,46,981,2,4,728,2,2,15000.0,0.0,30000.0
10612,46,981,2,4,728,2,3,15000.0,0.0,45000.0
10613,62,1353,1,,1298,1,1,12000.0,600.0,11400.0
10614,191,1091,1,,1295,2,1,13500.0,1350.0,12150.0
10615,453,284,1,,2219,1,2,12000.0,2400.0,21600.0
10616,453,284,1,,2219,2,2,15000.0,0.0,30000.0
10617,514,31,1,,3190,1,3,12000.0,3600.0,32400.0
10618,514,31,1,,3190,2,1,15000.0,1500.0,13500.0
10619,514,31,1,,3190,1,1,10800.0,216.0,10584.0
10620,219,1392,1,,770,2,1,16500.0,1650.0,14850.0
10621,427,601,2,3,2852,1,2,12600.0,1260.0,23940.0
10622,549,721,2,4,,2,1,15000.0,750.0,14250.0
10623,506,113,1,,2599,1,2,12000.0,2400.0,21600.0
10624,333,740,2,1,1115,1,2,12000.0,0.0,24000.0
10625,333,740,2,1,1115,1,2,12000.0,2400.0,21600.0
10626,256,868,1,,612,1,3,12000.0,1800.0,34200.0
10627,256,868,1,,612,1,2,13200.0,2640.0,23760.0
10628,476,1450,1,,1281,1,3,12000.0,720.0,35280.0
10629,494,1102,1,,2394,1,1,13200.0,660.0,12540.0
10630,584,735,2,2,2146,1,2,12000.0,2400.0,21600.0
10631,617,1373,2,3,630,2,3,13500.0,2025.0,38475.0
10632,631,88,1,,1773,2,2,13500.0,2700.0,24300.0
10633,442,427,2,2,1299,2,2,15000.0,1500.0,28500.0
10634,38,891,2,1,2339,1,1,12000.0,600.0,11400.0
10635,414,254,1,,1330,2,1,15000.0,1500.0,13500.0
10636,109,977,1,,206,1,3,12000.0,0.0,36000.0
10637,343,409,1,,2586,1,3,12000.0,1800.0,34200.0
10638,209,1355,2,4,2009,1,2,10800.0,432.0,21168.0
10639,199,813,1,,1678,1,3,10800.0,648.0,31752.0
10640,165,672,1,,1209,2,2,15000.0,600.0,29400.0
10641,476,354,1,,2139,1,2,13200.0,528.0,25872.0
10642,476,354,1,,2139,2,1,16500.0,0.0,16500.0
10643,542,844,1,,3054,2,2,15000.0,1500.0,28500.0
10644,240,829,1,,,1,3,12000.0,3600.0,32400.0
10645,273,568,1,,109,2,3,15000.0,900.0,44100.0
10646,75,205,1,,2594,2,1,15000.0,300.0,14700.0
10647,270,1445,2,4,252,2,2,16500.0,3300.0,29700.0
10648,316,402,2,2,1767,1,1,12000.0,0.0,12000.0
10649,32,1438,2,2,2494,1,1,13200.0,660.0,12540.0
10650,32,1438,2,2,2494,1,3,12000.0,720.0,35280.0
10651,37,1029,2,1,2626,1,1,12000.0,600.0,11400.0
10652,37,1029,2,1,2626,2,3,15000.0,900.0,44100.0
10653,464,1235,1,,2167,2,2,15000.0,1500.0,28500.0
10654,464,1235,1,,2167,1,3,12000.0,0.0,36000.0
10655,106,125,1,,2781,1,3,12000.0,0.0,36000.0
10656,587,975,2,1,,2,2,16500.0,0.0,33000.0
10657,587,975,2,1,,1,3,12000.0,1800.0,34200.0
10658,178,520,1,,791,2,1,15750.0,1575.0,14175.0
10659,112,1200,2,1,2690,2,3,16500.0,990.0,48510.0
10660,296,168,2,1,2849,2,3,13500.0,4050.0,36450.0
10661,177,176,1,,1457,1,2,13200.0,0.0,26400.0
10662,177,176,1,,1457,2,2,13500.0,0.0,27000.0
10663,19,827,2,1,2439,2,1,15000.0,300.0,14700.0
10664,19,827,2,1,2439,2,2,15000.0,1500.0,28500.0
10665,109,1323,1,,1542,1,3,10800.0,1620.0,30780.0
10666,17,486,1,,2793,2,3,15000.0,900.0,44100.0
10667,89,158,2,1,1956,2,3,15000.0,4500.0,40500.0
10668,176,179,1,,1310,2,3,15000.0,4500.0,40500.0
10669,557,637,1,,2898,1,3,12000.0,3600.0,32400.0
10670,557,637,1,,2898,1,1,12600.0,1260.0,11340.0
10671,290,7,2,2,2969,1,2,12600.0,1260.0,23940.0
10672,169,89,2,3,628,1,3,12000.0,720.0,35280.0
10673,135,967,2,2,,2,1,15000.0,0.0,15000.0
10674,39,1056,1,,240,2,3,15000.0,4500.0,40500.0
10675,39,1056,1,,240,2,3,15000.0,2250.0,42750.0
10676,36,77,2,3,2055,2,3,13500.0,0.0,40500.0
10677,119,957,1,,908,2,3,15000.0,4500.0,40500.0
10678,119,957,1,,908,1,3,12600.0,1890.0,35910.0
10679,404,544,1,,2087,1,3,12000.0,1800.0,34200.0
10680,54,310,1,,528,1,3,12600.0,0.0,37800.0
10681,295,1336,2,3,2883,2,3,15000.0,0.0,45000.0
10682,295,1336,2,3,2883,1,3,12000.0,1800.0,34200.0
10683,598,692,1,,1922,1,3,13200.0,792.0,38808.0
10684,334,125,1,,820,1,3,12000.0,0.0,36000.0
10685,433,1319,1,,2351,1,1,12000.0,1200.0,10800.0
10686,385,46,1,,469,2,1,16500.0,825.0,15675.0
10687,586,1053,2,1,1142,1,2,12000.0,1200.0,22800.0
10688,586,1053,2,1,1142,2,2,15000.0,1500.0,28500.0
10689,126,505,1,,619,1,1,12000.0,240.0,11760.0
10690,273,590,1,,3045,1,1,12600.0,630.0,11970.0
10691,143,740,1,,,2,2,15000.0,3000.0,27000.0
10692,620,1195,1,,3084,1,1,12000.0,1200.0,10800.0
10693,147,514,2,4,350,1,1,10800.0,216.0,10584.0
10694,147,514,2,4,350,2,1,13500.0,270.0,13230.0
10695,51,612,2,1,1351,2,2,15000.0,600.0,29400.0
10696,536,45,1,,96,2,2,15000.0,1500.0,28500.0
10697,215,545,2,3,1735,1,3,13200.0,1980.0,37620.0
10698,246,538,2,3,,1,2,12000.0,1200.0,22800.0
10699,107,329,1,,2842,2,1,13500.0,675.0,12825.0
10700,636,406,2,2,163,2,1,16500.0,0.0,16500.0
10701,295,965,1,,352,2,2,15000.0,1500.0,28500.0
10702,295,965,1,,352,2,3,15000.0,0.0,45000.0
10703,456,579,1,,3036,2,3,15000.0,2250.0,42750.0
10704,113,647,1,,1707,2,3,15000.0,4500.0,40500.0
10705,488,821,2,1,1893,2,3,15000.0,2250.0,42750.0
10706,129,192,1,,31,1,2,12000.0,2400.0,21600.0
10707,469,134,2,1,2566,1,2,12600.0,2520.0,22680.0
10708,277,640,2,2,554,1,1,12000.0,600.0,11400.0
10709,101,1420,1,,1321,2,3,15000.0,0.0,45000.0
10710,310,675,1,,1063,2,3,15000.0,4500.0,40500.0
10711,9,556,1,,2378,1,2,12000.0,1200.0,22800.0
10712,98,930,1,,1589,2,1,15000.0,750.0,14250.0
10713,53,752,1,,,1,1,13200.0,0.0,13200.0
10714,474,343,2,2,623,1,1,13200.0,0.0,13200.0
10715,186,1098,2,2,,1,3,12000.0,720.0,35280.0
10716,186,1098,2,2,,1,1,12000.0,240.0,11760.0
10717,246,1188,2,3,1162,1,1,12000.0,600.0,11400.0
10718,356,540,1,,2683,2,1,15000.0,0.0,15000.0
10719,356,540,1,,2683,2,1,15000.0,1500.0,13500.0
10720,353,1005,1,,1939,2,2,15750.0,1575.0,29925.0
10721,353,1005,1,,1939,1,1,12000.0,0.0,12000.0
10722,196,27,1,,2542,1,2,10800.0,432.0,21168.0
10723,522,1437,1,,1881,1,3,10800.0,0.0,32400.0
10724,402,1268,2,2,1992,1,1,12000.0,600.0,11400.0
10725,402,1268,2,2,1992,1,3,12600.0,3780.0,34020.0
10726,125,713,1,,1574,2,3,15000.0,0.0,45000.0
10727,344,759,1,,204,2,1,15000.0,1500.0,13500.0
10728,256,396,1,,71,1,2,12000.0,0.0,24000.0
10729,133,827,2,2,212,2,1,15000.0,1500.0,13500.0
10730,264,1220,1,,39,2,3,15000.0,0.0,45000.0
10731,93,631,1,,2361,2,2,15000.0,0.0,30000.0
10732,473,1163,1,,2770,1,3,12600.0,3780.0,34020.0
10733,473,1163,1,,2770,2,2,15000.0,600.0,29400.0
10734,356,1057,1,,2569,2,1,15000.0,300.0,14700.0
10735,619,1373,2,4,333,1,2,12000.0,2400.0,21600.0
10736,218,776,1,,194,1,2,12000.0,2400.0,21600.0
10737,266,459,2,2,432,1,3,12000.0,3600.0,32400.0
10738,266,459,2,2,432,1,2,12000.0,2400.0,21600.0
10739,565,699,2,2,,1,3,10800.0,1620.0,30780.0
10740,370,67,1,,2243,1,1,10800.0,0.0,10800.0
10741,617,516,2,2,1608,2,2,15000.0,600.0,29400.0
10742,617,516,2,2,1608,2,3,13500.0,0.0,40500.0
10743,302,9,2,3,2783,2,2,15000.0,1500.0,28500.0
10744,317,1424,2,4,1759,2,1,15000.0,300.0,14700.0
10745,317,1424,2,4,1759,2,1,15000.0,750.0,14250.0
10746,341,1019,1,,816,2,1,15000.0,300.0,14700.0
10747,341,1019,1,,816,2,2,16500.0,3300.0,29700.0
10748,530,1069,1,,2600,1,1,10800.0,540.0,10260.0
10749,530,1069,1,,2600,1,3,13200.0,792.0,38808.0
10750,97,1133,1,,1773,1,3,12600.0,0.0,37800.0
10751,97,1133,1,,1773,1,2,12000.0,2400.0,21600.0
10752,572,882,1,,658,2,3,15750.0,2362.5,44887.5
10753,563,677,2,1,1169,1,3,13200.0,0.0,39600.0
10754,563,677,2,1,1169,2,2,13500.0,0.0,27000.0
10755,121,20,1,,1463,2,2,15000.0,1500.0,28500.0
10756,121,20,1,,1463,2,1,13500.0,1350.0,12150.0
10757,400,1151,1,,2476,1,2,12000.0,480.0,23520.0
10758,593,293,2,3,904,2,3,15000.0,900.0,44100.0
10759,478,1124,2,1,2270,1,3,12000.0,0.0,36000.0
10760,626,340,1,,136,2,1,15750.0,1575.0,14175.0
10761,525,134,2,2,1601,2,1,15000.0,300.0,14700.0
10762,180,1315,1,,1616,2,1,15750.0,1575.0,14175.0
10763,366,1189,1,,2843,2,3,15000.0,900.0,44100.0
10764,544,368,1,,,1,1,12000.0,1200.0,10800.0
10765,248,1251,2,2,1053,1,1,10800.0,0.0,10800.0
10766,18,1242,1,,1499,1,1,12000.0,600.0,11400.0
10767,18,1242,1,,1499,1,2,12000.0,480.0,23520.0
10768,572,987,1,,,2,3,15000.0,0.0,45000.0
10769,348,596,1,,1196,1,1,10800.0,540.0,10260.0
10770,249,973,2,3,349,1,1,12000.0,0.0,12000.0
10771,249,973,2,3,349,2,2,16500.0,0.0,33000.0
10772,548,1210,1,,2986,1,3,12000.0,3600.0,32400.0
10773,173,14,1,,1757,1,3,12600.0,3780.0,34020.0
10774,157,409,1,,326,1,3,12000.0,3600.0,32400.0
10775,157,409,1,,326,2,1,16500.0,0.0,16500.0
10776,316,616,1,,2170,1,1,10800.0,1080.0,9720.0
10777,438,233,2,2,1166,2,1,15000.0,300.0,14700.0
10778,438,233,2,2,1166,2,1,13500.0,1350.0,12150.0
10779,546,835,1,,,1,3,13200.0,1980.0,37620.0
10780,546,835,1,,,2,1,15000.0,0.0,15000.0
10781,394,90,1,,2613,2,3,15000.0,2250.0,42750.0
10782,394,90,1,,2613,2,2,15000.0,0.0,30000.0
10783,394,90,1,,2613,1,2,12600.0,1260.0,23940.0
10784,297,791,1,,2310,1,3,12000.0,0.0,36000.0
10785,297,791,1,,2310,1,1,10800.0,540.0,10260.0
10786,32,664,1,,2822,1,3,12000.0,3600.0,32400.0
10787,426,1473,2,1,78,1,2,12000.0,0.0,24000.0
10788,137,436,2,2,1120,1,3,12600.0,756.0,37044.0
10789,384,899,2,3,,1,1,12000.0,600.0,11400.0
10790,384,899,2,3,,1,1,12000.0,0.0,12000.0
10791,546,1202,1,,1638,2,3,15000.0,2250.0,42750.0
10792,546,1202,1,,1638,1,3,12600.0,1890.0,35910.0
10793,138,800,2,3,3082,2,1,15000.0,750.0,14250.0
10794,265,303,2,3,2195,1,2,12000.0,0.0,24000.0
10795,265,303,2,3,2195,1,2,12000.0,1200.0,22800.0
10796,76,401,2,1,670,2,1,16500.0,330.0,16170.0
10797,492,107,1,,1919,2,2,15750.0,1575.0,29925.0
10798,270,1092,2,2,539,1,2,12600.0,2520.0,22680.0
10799,270,1092,2,2,539,1,2,10800.0,432.0,21168.0
10800,368,1387,2,2,292,2,1,15000.0,1500.0,13500.0
10801,499,427,1,,2258,2,2,15000.0,600.0,29400.0
10802,499,427,1,,2258,2,3,15750.0,0.0,47250.0
10803,261,963,2,2,2709,1,1,13200.0,264.0,12936.0
10804,254,1471,2,1,1290,2,1,15000.0,300.0,14700.0
10805,406,118,2,3,2419,1,1,12000.0,0.0,12000.0
10806,600,552,1,,2024,2,2,15000.0,600.0,29400.0
10807,235,543,1,,2310,2,3,15000.0,900.0,44100.0
10808,235,543,1,,2310,1,2,12000.0,1200.0,22800.0
10809,235,543,1,,2310,2,2,13500.0,0.0,27000.0
10810,121,755,1,,737,1,3,10800.0,0.0,32400.0
10811,586,1410,1,,2216,2,1,15000.0,300.0,14700.0
10812,586,1410,1,,2216,1,3,10800.0,3240.0,29160.0
10813,240,47,2,4,2690,1,1,12600.0,0.0,12600.0
10814,240,47,2,4,2690,1,3,12600.0,1890.0,35910.0
10815,420,879,1,,2464,1,2,10800.0,1080.0,20520.0
10816,314,724,2,4,506,1,1,12600.0,630.0,11970.0
10817,314,724,2,4,506,1,3,13200.0,792.0,38808.0
10818,551,1355,1,,,1,3,13200.0,0.0,39600.0
10819,551,1355,1,,,1,3,12000.0,720.0,35280.0
10820,302,506,1,,1194,1,1,12000.0,1200.0,10800.0
10821,119,1329,1,,106,1,1,12000.0,1200.0,10800.0
10822,477,344,2,2,3157,2,2,15750.0,1575.0,29925.0
10823,326,241,1,,351,1,2,12000.0,0.0,24000.0
10824,336,406,2,2,3093,1,3,10800.0,648.0,31752.0
10825,503,201,2,4,527,2,3,15000.0,2250.0,42750.0
10826,173,1499,1,,1689,1,2,12000.0,480.0,23520.0
10827,452,785,2,3,,1,2,12000.0,1200.0,22800.0
10828,246,1493,2,4,1559,1,1,12000.0,240.0,11760.0
10829,129,797,1,,692,2,3,16500.0,2475.0,47025.0
10830,363,1008,1,,1372,1,2,12000.0,1200.0,22800.0
10831,468,1198,1,,2879,1,2,12000.0,0.0,24000.0
10832,410,1258,1,,1262,1,2,10800.0,2160.0,19440.0
10833,64,68,2,2,700,1,3,12000.0,1800.0,34200.0
10834,381,788,1,,1554,1,3,12000.0,3600.0,32400.0
10835,383,594,1,,,1,1,12000.0,0.0,12000.0
10836,383,594,1,,,1,2,12000.0,0.0,24000.0
10837,2,1149,1,,3026,2,2,15000.0,600.0,29400.0
10838,2,1149,1,,3026,2,2,13500.0,540.0,26460.0
10839,483,97,1,,2772,2,1,13500.0,1350.0,12150.0
10840,17,1457,1,,2904,2,2,15000.0,600.0,29400.0
10841,160,630,1,,1619,1,3,12000.0,0.0,36000.0
10842,531,156,2,2,1197,1,1,12600.0,630.0,11970.0
10843,373,528,1,,18,2,2,15750.0,630.0,30870.0
10844,373,528,1,,18,2,2,16500.0,1650.0,31350.0
10845,639,1148,2,2,,1,1,10800.0,1080.0,9720.0
10846,639,1148,2,2,,2,1,15000.0,750.0,14250.0
10847,504,457,2,2,1275,1,2,12600.0,2520.0,22680.0
10848,474,691,1,,42,2,3,15750.0,0.0,47250.0
10849,219,1475,1,,,2,1,16500.0,1650.0,14850.0
10850,219,1475,1,,,2,2,16500.0,0.0,33000.0
10851,525,377,1,,2564,2,1,16500.0,825.0,15675.0
10852,525,377,1,,2564,2,1,15000.0,0.0,15000.0
10853,209,656,1,,396,2,3,15000.0,4500.0,40500.0
10854,209,656,1,,396,1,3,12000.0,3600.0,32400.0
10855,176,475,1,,2707,1,2,12000.0,2400.0,21600.0
10856,176,488,1,,1589,1,2,12000.0,0.0,24000.0
10857,610,279,2,4,3059,1,3,12600.0,0.0,37800.0
10858,143,719,1,,1364,1,2,12600.0,1260.0,23940.0
10859,554,371,1,,2952,2,3,15750.0,0.0,47250.0
10860,337,728,2,4,2550,1,3,12000.0,720.0,35280.0
10861,337,728,2,4,2550,2,1,15000.0,1500.0,13500.0
10862,498,1413,1,,1448,2,2,13500.0,540.0,26460.0
10863,498,1413,1,,1448,1,2,10800.0,2160.0,19440.0
10864,498,1413,1,,1448,1,3,12000.0,3600.0,32400.0
10865,375,996,1,,2474,1,1,10800.0,216.0,10584.0
10866,630,992,1,,1983,1,1,13200.0,264.0,12936.0
10867,630,992,1,,1983,2,2,15000.0,600.0,29400.0
10868,468,275,2,2,1124,2,3,15000.0,0.0,45000.0
10869,468,275,2,2,1124,2,3,13500.0,4050.0,36450.0
10870,608,1448,1,,2642,2,1,15000.0,300.0,14700.0
10871,593,1277,1,,2570,2,1,15750.0,787.5,14962.5
10872,593,1277,1,,2570,2,1,15000.0,750.0,14250.0
10873,446,215,1,,,1,1,13200.0,660.0,12540.0
10874,240,274,1,,2994,2,3,15750.0,2362.5,44887.5
10875,28,174,2,2,2125,2,1,15000.0,1500.0,13500.0
10876,323,251,2,1,,1,2,12000.0,2400.0,21600.0
10877,478,386,1,,895,2,2,15750.0,0.0,31500.0
10878,9,602,1,,120,2,2,13500.0,1350.0,25650.0
10879,16,884,1,,1618,1,2,12000.0,0.0,24000.0
10880,16,884,1,,1618,1,2,10800.0,432.0,21168.0
10881,73,129,2,2,3096,2,2,15000.0,0.0,30000.0
10882,73,129,2,2,3096,2,2,15000.0,600.0,29400.0
10883,38,871,2,3,1875,1,2,12000.0,480.0,23520.0
10884,119,888,2,1,,2,1,15000.0,0.0,15000.0
10885,119,888,2,1,,2,3,15000.0,900.0,44100.0
10886,119,888,2,1,,1,2,13200.0,1320.0,25080.0
10887,485,64,2,4,1660,1,3,12000.0,3600.0,32400.0
10888,595,474,1,,1847,1,1,10800.0,216.0,10584.0
10889,595,474,1,,1847,1,1,13200.0,264.0,12936.0
10890,616,473,2,1,2526,1,2,12000.0,1200.0,22800.0
10891,27,3,1,,540,1,1,10800.0,540.0,10260.0
10892,432,662,1,,419,1,1,12600.0,252.0,12348.0
10893,19,533,1,,,1,3,12600.0,0.0,37800.0
10894,19,533,1,,,1,3,12000.0,0.0,36000.0
10895,19,533,1,,,2,3,15750.0,2362.5,44887.5
10896,346,951,1,,1222,1,3,12600.0,3780.0,34020.0
10897,293,431,2,3,1060,2,2,15000.0,0.0,30000.0
10898,200,124,2,1,1885,1,2,10800.0,0.0,21600.0
10899,78,401,2,1,2183,1,1,12000.0,240.0,11760.0
10900,492,177,2,1,284,1,2,12000.0,0.0,24000.0
10901,492,177,2,1,284,1,3,12000.0,1800.0,34200.0
10902,492,177,2,1,284,1,3,10800.0,3240.0,29160.0
10903,605,2,2,3,1777,1,1,13200.0,0.0,13200.0
10904,336,1368,2,2,2726,2,1,15000.0,1500.0,13500.0
10905,506,77,1,,1529,1,2,12600.0,0.0,25200.0
10906,633,1427,1,,1868,2,1,15000.0,1500.0,13500.0
10907,549,1052,1,,1715,2,1,15750.0,0.0,15750.0
10908,425,394,1,,2097,1,2,10800.0,0.0,21600.0
10909,406,1145,2,3,157,1,3,12000.0,3600.0,32400.0
10910,208,778,1,,1868,1,2,13200.0,528.0,25872.0
10911,107,731,1,,1661,1,1,12600.0,1260.0,11340.0
10912,523,332,2,1,,1,3,13200.0,792.0,38808.0
10913,535,1363,2,1,,1,3,12000.0,1800.0,34200.0
10914,386,1480,1,,880,1,1,12000.0,600.0,11400.0
10915,188,459,2,1,1490,2,1,15000.0,1500.0,13500.0
10916,81,16,1,,548,1,3,12000.0,0.0,36000.0
10917,81,16,1,,548,2,3,15000.0,2250.0,42750.0
10918,326,1137,1,,2173,2,1,15750.0,1575.0,14175.0
10919,145,1456,1,,275,2,3,15000.0,0.0,45000.0
10920,427,1253,1,,1046,2,1,15000.0,300.0,14700.0
10921,221,1296,2,2,829,1,1,12600.0,0.0,12600.0
10922,347,475,2,2,1388,2,1,13500.0,270.0,13230.0
10923,57,436,1,,1269,1,1,12600.0,1260.0,11340.0
10924,224,1114,1,,1025,1,3,12000.0,1800.0,34200.0
10925,449,350,2,1,1693,1,3,12600.0,1890.0,35910.0
10926,514,98,2,2,275,1,3,12000.0,1800.0,34200.0
10927,374,766,1,,2291,2,3,15000.0,4500.0,40500.0
10928,161,112,2,2,,1,1,12000.0,600.0,11400.0
10929,297,387,1,,1813,1,1,10800.0,0.0,10800.0
10930,108,37,1,,1053,1,1,12000.0,0.0,12000.0
10931,234,354,1,,1883,2,1,13500.0,270.0,13230.0
10932,427,154,2,4,2199,2,1,15000.0,750.0,14250.0
10933,331,533,1,,533,1,2,12000.0,1200.0,22800.0
10934,331,533,1,,533,2,1,15000.0,750.0,14250.0
10935,15,853,2,4,1789,1,3,13200.0,0.0,39600.0
10936,116,410,2,2,1736,1,2,10800.0,1080.0,20520.0
10937,373,674,1,,1412,2,2,13500.0,540.0,26460.0
10938,373,674,1,,1412,1,1,12600.0,630.0,11970.0
10939,172,806,2,1,2087,1,1,12000.0,600.0,11400.0
10940,172,806,2,1,2087,1,3,10800.0,1620.0,30780.0
10941,320,1003,2,1,202,1,3,12600.0,756.0,37044.0
10942,510,621,1,,2449,1,3,12000.0,3600.0,32400.0
10943,187,951,2,3,1023,1,3,12000.0,720.0,35280.0
10944,245,34,2,3,1560,2,1,16500.0,825.0,15675.0
10945,504,3,1,,3035,1,1,12600.0,630.0,11970.0
10946,540,1086,1,,2998,1,1,10800.0,540.0,10260.0
10947,540,1086,1,,2998,2,2,15000.0,600.0,29400.0
10948,356,1081,1,,1105,2,1,15000.0,1500.0,13500.0
10949,472,832,2,1,236,1,3,12600.0,3780.0,34020.0
10950,472,832,2,1,236,2,3,15000.0,0.0,45000.0
10951,401,714,2,2,885,1,1,12000.0,600.0,11400.0
10952,314,489,2,3,153,1,3,10800.0,3240.0,29160.0
10953,337,57,1,,2959,2,2,15750.0,630.0,30870.0
10954,337,57,1,,2959,2,1,15000.0,750.0,14250.0
10955,632,631,2,1,,1,3,12000.0,1800.0,34200.0
10956,439,1486,1,,3079,1,3,12600.0,756.0,37044.0
10957,439,1486,1,,3079,1,3,12000.0,0.0,36000.0
10958,439,1486,1,,3079,2,1,15000.0,0.0,15000.0
10959,439,469,1,,872,2,2,15000.0,3000.0,27000.0
10960,293,1049,2,3,,1,2,13200.0,528.0,25872.0
10961,138,300,1,,,1,3,12000.0,1800.0,34200.0
10962,490,1291,1,,2707,1,3,12000.0,3600.0,32400.0
10963,383,268,2,3,1121,1,1,12000.0,1200.0,10800.0
10964,336,452,1,,2722,1,2,12000.0,2400.0,21600.0
10965,336,452,1,,2722,1,2,12000.0,0.0,24000.0
10966,27,541,1,,1528,1,3,12000.0,720.0,35280.0
10967,27,541,1,,1528,2,3,15000.0,4500.0,40500.0
10968,98,1315,1,,2033,1,1,12000.0,0.0,12000.0
10969,471,1489,1,,517,1,2,10800.0,2160.0,19440.0
10970,554,55,1,,3079,1,2,12000.0,2400.0,21600.0
10971,619,73,2,1,2094,2,3,15000.0,2250.0,42750.0
10972,619,73,2,1,2094,2,1,15000.0,750.0,14250.0
10973,619,73,2,1,2094,2,1,15000.0,0.0,15000.0
10974,140,315,1,,476,2,3,16500.0,4950.0,44550.0
10975,140,315,1,,476,1,3,12000.0,720.0,35280.0
10976,565,1254,2,4,1115,1,1,12000.0,240.0,11760.0
10977,149,1434,2,3,1304,1,3,12600.0,1890.0,35910.0
10978,149,1434,2,3,1304,2,3,15000.0,2250.0,42750.0
10979,598,1240,1,,3064,1,2,10800.0,2160.0,19440.0
10980,69,1184,1,,118,1,3,13200.0,792.0,38808.0
10981,560,1045,1,,617,2,1,15000.0,750.0,14250.0
10982,308,1476,1,,690,2,1,15000.0,750.0,14250.0
10983,308,1476,1,,690,1,3,12000.0,1800.0,34200.0
10984,239,539,1,,2926,1,1,12000.0,240.0,11760.0
10985,542,342,1,,1544,2,2,15000.0,0.0,30000.0
10986,560,748,1,,1920,2,3,16500.0,4950.0,44550.0
10987,502,1308,2,1,1289,1,3,12000.0,0.0,36000.0
10988,387,1245,2,2,,2,3,15000.0,2250.0,42750.0
10989,503,487,1,,1167,2,2,15000.0,0.0,30000.0
10990,503,487,1,,1167,2,1,13500.0,1350.0,12150.0
10991,296,1371,2,3,2233,2,3,15000.0,0.0,45000.0
10992,417,1493,1,,713,1,2,12000.0,480.0,23520.0
10993,304,1027,1,,2511,1,3,12000.0,1800.0,34200.0
10994,576,778,1,,536,2,3,15000.0,2250.0,42750.0
10995,456,240,1,,1094,1,1,12600.0,1260.0,11340.0
10996,256,254,2,3,2479,1,2,12000.0,1200.0,22800.0
10997,338,621,1,,3132,1,1,12000.0,600.0,11400.0
10998,261,958,2,4,403,1,1,12000.0,1200.0,10800.0
10999,484,1281,1,,,2,2,15000.0,3000.0,27000.0
11000,484,1281,1,,,2,3,15750.0,0.0,47250.0
11001,348,483,2,3,2323,2,2,16500.0,660.0,32340.0
11002,348,483,2,3,2323,2,3,15000.0,900.0,44100.0
11003,616,674,2,4,,1,1,12000.0,240.0,11760.0
11004,616,674,2,4,,2,3,13500.0,810.0,39690.0
11005,38,520,2,4,2327,1,3,12000.0,720.0,35280.0
11006,497,757,1,,1651,1,3,12000.0,1800.0,34200.0
11007,589,614,2,2,286,2,1,15000.0,0.0,15000.0
11008,302,1392,1,,2261,2,1,15000.0,750.0,14250.0
11009,280,748,2,4,574,2,1,15750.0,0.0,15750.0
11010,297,492,2,2,1167,1,3,12000.0,1800.0,34200.0
11011,297,492,2,2,1167,1,2,10800.0,1080.0,20520.0
11012,543,603,1,,77,2,3,15000.0,0.0,45000.0
11013,463,161,2,3,963,2,3,13500.0,810.0,39690.0
11014,620,352,1,,2267,2,2,15000.0,3000.0,27000.0
11015,465,929,1,,1033,1,2,12000.0,2400.0,21600.0
11016,105,991,1,,2533,1,2,12600.0,2520.0,22680.0
11017,92,179,1,,1456,1,2,13200.0,2640.0,23760.0
11018,519,658,2,4,2909,2,3,15000.0,2250.0,42750.0
11019,519,658,2,4,2909,2,1,15000.0,1500.0,13500.0
11020,519,658,2,4,2909,1,1,12000.0,240.0,11760.0
11021,293,1483,1,,2279,1,1,12000.0,0.0,12000.0
11022,293,1483,1,,2279,1,1,12000.0,600.0,11400.0
11023,632,735,1,,2313,2,3,15000.0,0.0,45000.0
11024,238,1241,1,,348,2,1,15000.0,1500.0,13500.0
11025,238,1241,1,,348,1,1,10800.0,540.0,10260.0
11026,596,1489,1,,2337,2,3,15000.0,4500.0,40500.0
11027,563,358,1,,1449,2,3,15000.0,2250.0,42750.0
11028,613,478,2,1,1883,1,1,12000.0,0.0,12000.0
11029,113,700,2,1,853,1,3,12000.0,720.0,35280.0
11030,485,240,2,3,,2,2,15000.0,0.0,30000.0
11031,485,240,2,3,,2,1,15000.0,1500.0,13500.0
11032,253,935,2,3,1023,1,2,12000.0,1200.0,22800.0
11033,253,935,2,3,1023,2,1,15000.0,750.0,14250.0
11034,275,566,1,,1650,2,3,15000.0,900.0,44100.0
11035,275,566,1,,1650,2,3,15000.0,4500.0,40500.0
11036,366,2,2,4,1843,1,1,12000.0,0.0,12000.0
11037,474,99,1,,1261,1,2,12000.0,0.0,24000.0
11038,457,1355,1,,805,2,3,15750.0,0.0,47250.0
11039,168,980,2,2,2541,2,3,15750.0,945.0,46305.0
11040,437,813,1,,2036,1,3,12000.0,720.0,35280.0
11041,521,1499,1,,1743,1,1,12000.0,600.0,11400.0
11042,521,1499,1,,1743,1,3,12000.0,3600.0,32400.0
11043,621,902,1,,2242,1,3,12600.0,1890.0,35910.0
11044,366,134,1,,249,1,2,12000.0,2400.0,21600.0
11045,70,1316,1,,2808,2,1,15000.0,0.0,15000.0
11046,308,652,2,2,254,2,3,15000.0,900.0,44100.0
11047,417,149,1,,1106,2,3,15000.0,4500.0,40500.0
11048,350,771,1,,3201,1,1,12000.0,600.0,11400.0
11049,471,424,2,1,3092,2,3,15750.0,0.0,47250.0
11050,595,145,2,3,1658,2,3,15000.0,900.0,44100.0
11051,595,145,2,3,1658,2,1,15000.0,0.0,15000.0
11052,474,661,1,,2693,2,2,15000.0,1500.0,28500.0
11053,298,969,1,,546,2,2,15000.0,0.0,30000.0
11054,445,804,1,,1820,2,1,15000.0,750.0,14250.0
11055,445,804,1,,1820,2,1,15000.0,0.0,15000.0
11056,489,277,1,,1852,2,1,15000.0,300.0,14700.0
11057,28,896,2,4,2403,2,2,15000.0,1500.0,28500.0
11058,182,1339,2,1,469,1,1,12600.0,252.0,12348.0
11059,497,710,1,,2996,1,2,10800.0,1080.0,20520.0
11060,452,970,1,,,1,1,12000.0,0.0,12000.0
11061,452,970,1,,,1,3,12600.0,3780.0,34020.0
11062,452,970,1,,,2,2,15750.0,0.0,31500.0
11063,629,1027,1,,966,2,1,13500.0,675.0,12825.0
11064,629,1027,1,,966,1,3,10800.0,648.0,31752.0
11065,315,228,1,,2242,1,1,13200.0,264.0,12936.0
11066,584,959,2,2,1381,2,3,13500.0,2025.0,38475.0
11067,97,753,2,4,3062,2,3,15000.0,4500.0,40500.0
11068,97,753,2,4,3062,1,2,12000.0,2400.0,21600.0
11069,455,402,1,,2888,2,3,15000.0,900.0,44100.0
11070,577,59,2,2,1369,1,1,12000.0,1200.0,10800.0
11071,441,1026,1,,376,2,2,13500.0,1350.0,25650.0
11072,638,811,1,,599,1,1,12000.0,600.0,11400.0
11073,35,1309,1,,1754,1,2,12000.0,1200.0,22800.0
11074,398,1389,2,2,1361,1,3,10800.0,0.0,32400.0
11075,398,1389,2,2,1361,1,1,12000.0,240.0,11760.0
11076,462,1173,1,,,1,2,12000.0,2400.0,21600.0
11077,321,618,1,,,1,1,10800.0,540.0,10260.0
11078,321,618,1,,,1,1,12000.0,600.0,11400.0
11079,295,113,1,,1649,1,3,12000.0,1800.0,34200.0
11080,153,657,1,,846,1,2,12000.0,480.0,23520.0
11081,366,215,2,4,1197,2,2,15750.0,0.0,31500.0
11082,75,1031,2,3,,1,3,10800.0,3240.0,29160.0
11083,508,892,2,4,2686,2,2,13500.0,2700.0,24300.0
11084,474,1215,2,1,1123,2,1,15000.0,1500.0,13500.0
11085,474,1215,2,1,1123,1,2,12000.0,2400.0,21600.0
11086,161,528,1,,1240,2,3,15000.0,0.0,45000.0
11087,518,999,1,,1529,1,1,12600.0,0.0,12600.0
11088,74,921,2,4,966,1,2,12000.0,0.0,24000.0
11089,388,634,1,,423,1,1,12000.0,1200.0,10800.0
11090,388,634,1,,423,1,2,12000.0,2400.0,21600.0
11091,36,411,1,,1463,1,1,12000.0,1200.0,10800.0
11092,36,411,1,,1463,1,3,12000.0,3600.0,32400.0
11093,398,713,1,,2686,1,3,12000.0,1800.0,34200.0
11094,398,713,1,,2686,2,1,15000.0,750.0,14250.0
11095,145,700,1,,2918,1,3,12000.0,720.0,35280.0
11096,145,700,1,,2918,1,1,10800.0,540.0,10260.0
11097,217,1233,1,,1755,2,1,15000.0,750.0,14250.0
11098,71,566,1,,494,2,3,13500.0,810.0,39690.0
11099,48,547,1,,2200,1,1,12000.0,0.0,12000.0
11100,48,547,1,,2200,1,3,13200.0,1980.0,37620.0
11101,359,1075,1,,205,1,3,10800.0,648.0,31752.0
11102,359,1075,1,,205,1,3,12000.0,1800.0,34200.0
11103,408,256,2,4,1084,1,1,12600.0,0.0,12600.0
11104,408,256,2,4,1084,1,3,12000.0,720.0,35280.0
11105,1,498,2,4,2690,2,2,15000.0,600.0,29400.0
11106,1,498,2,4,2690,1,1,10800.0,1080.0,9720.0
11107,458,1141,1,,1301,1,2,13200.0,2640.0,23760.0
11108,54,1380,1,,1463,1,2,10800.0,2160.0,19440.0
11109,492,1217,2,3,365,1,1,10800.0,0.0,10800.0
11110,492,1217,2,3,365,2,3,15000.0,0.0,45000.0
11111,345,464,1,,2915,2,3,15000.0,4500.0,40500.0
11112,255,256,1,,893,1,1,12600.0,0.0,12600.0
11113,196,1182,1,,812,2,2,15000.0,600.0,29400.0
11114,108,281,1,,2786,1,3,10800.0,0.0,32400.0
11115,236,1093,2,3,426,1,3,12000.0,1800.0,34200.0
11116,435,538,1,,315,2,3,13500.0,4050.0,36450.0
11117,435,538,1,,315,2,2,15000.0,600.0,29400.0
11118,313,24,1,,3173,2,3,15000.0,900.0,44100.0
11119,313,24,1,,3173,2,3,13500.0,0.0,40500.0
11120,313,24,1,,3173,2,1,15750.0,787.5,14962.5
11121,74,377,1,,2072,2,1,15000.0,1500.0,13500.0
11122,74,377,1,,2072,2,2,15000.0,0.0,30000.0
11123,74,377,1,,2072,1,1,12000.0,240.0,11760.0
11124,186,1062,1,,1504,1,2,13200.0,0.0,26400.0
11125,186,1062,1,,1504,2,1,15000.0,300.0,14700.0
11126,561,208,2,3,844,1,3,12000.0,3600.0,32400.0
11127,250,950,2,2,336,2,1,15750.0,1575.0,14175.0
11128,231,695,2,2,2982,1,3,13200.0,1980.0,37620.0
11129,508,959,2,3,1060,1,1,12000.0,600.0,11400.0
11130,508,959,2,3,1060,1,1,12000.0,1200.0,10800.0
11131,329,1038,2,3,2856,1,2,13200.0,2640.0,23760.0
11132,166,935,1,,2796,1,1,10800.0,540.0,10260.0
11133,217,288,2,1,2321,2,3,13500.0,4050.0,36450.0
11134,517,40,2,3,2623,1,2,12000.0,480.0,23520.0
11135,517,40,2,3,2623,1,3,12000.0,1800.0,34200.0
11136,618,103,1,,2457,1,3,13200.0,3960.0,35640.0
11137,618,103,1,,2457,1,1,12000.0,240.0,11760.0
11138,514,229,1,,489,2,1,15000.0,1500.0,13500.0
11139,424,655,1,,,2,1,15000.0,0.0,15000.0
11140,65,857,1,,125,2,2,15000.0,600.0,29400.0
11141,145,968,1,,1276,2,2,15000.0,0.0,30000.0
11142,376,460,1,,855,2,1,15000.0,0.0,15000.0
11143,266,429,1,,2088,2,2,13500.0,0.0,27000.0
11144,597,744,2,3,1580,2,2,15000.0,1500.0,28500.0
11145,597,744,2,3,1580,1,3,13200.0,792.0,38808.0
11146,144,867,1,,2772,1,3,12000.0,1800.0,34200.0
11147,375,488,1,,1017,2,2,15750.0,0.0,31500.0
11148,375,488,1,,1017,1,2,12000.0,480.0,23520.0
11149,375,488,1,,1017,2,1,16500.0,825.0,15675.0
11150,121,1127,1,,3173,2,1,15000.0,300.0,14700.0
11151,121,1127,1,,3173,1,2,12000.0,480.0,23520.0
11152,579,358,2,2,1213,1,3,12600.0,756.0,37044.0
11153,364,479,1,,651,1,1,12000.0,0.0,12000.0
11154,303,1347,2,4,2119,1,2,12600.0,2520.0,22680.0
11155,339,104,1,,,1,3,12000.0,3600.0,32400.0
11156,60,722,1,,1416,2,1,15000.0,1500.0,13500.0
11157,60,722,1,,1416,1,2,12000.0,2400.0,21600.0
11158,534,1332,2,3,2065,2,3,15000.0,2250.0,42750.0
11159,421,116,1,,,1,2,13200.0,1320.0,25080.0
11160,401,176,1,,2155,1,2,10800.0,0.0,21600.0
11161,401,176,1,,2155,1,2,10800.0,0.0,21600.0
11162,584,995,1,,2568,2,1,15000.0,300.0,14700.0
11163,496,234,1,,309,2,3,15000.0,0.0,45000.0
11164,80,88,2,2,2737,2,2,15750.0,1575.0,29925.0
11165,241,1155,2,1,886,2,1,15000.0,300.0,14700.0
11166,144,575,1,,2966,1,3,12000.0,0.0,36000.0
11167,385,1002,1,,1035,2,2,15000.0,0.0,30000.0
11168,565,383,1,,632,2,3,15000.0,0.0,45000.0
11169,565,383,1,,632,1,3,10800.0,1620.0,30780.0
11170,565,383,1,,632,2,2,15000.0,1500.0,28500.0
11171,636,446,1,,2246,2,1,13500.0,1350.0,12150.0
11172,160,306,1,,141,1,2,12000.0,480.0,23520.0
11173,160,306,1,,141,1,2,12000.0,0.0,24000.0
11174,31,1480,2,4,2101,1,3,12000.0,0.0,36000.0
11175,564,988,1,,1638,2,1,15000.0,300.0,14700.0
11176,447,301,1,,2535,2,2,16500.0,660.0,32340.0
11177,518,806,1,,250,1,1,12000.0,0.0,12000.0
11178,518,806,1,,250,2,3,15000.0,900.0,44100.0
11179,543,763,1,,2227,1,3,12000.0,1800.0,34200.0
11180,294,670,2,1,919,2,1,15000.0,0.0,15000.0
11181,242,319,1,,886,1,1,10800.0,0.0,10800.0
11182,437,389,2,4,3169,2,2,16500.0,1650.0,31350.0
11183,437,389,2,4,3169,2,3,13500.0,0.0,40500.0
11184,90,701,1,,2632,2,3,15750.0,0.0,47250.0
11185,90,701,1,,2632,2,1,15750.0,787.5,14962.5
11186,90,701,1,,2632,1,2,13200.0,2640.0,23760.0
11187,260,15,1,,183,1,2,12000.0,1200.0,22800.0
11188,548,299,1,,2689,1,1,13200.0,264.0,12936.0
11189,10,980,1,,2227,1,2,12000.0,480.0,23520.0
11190,2,308,2,3,2976,1,3,12000.0,0.0,36000.0
11191,113,743,2,1,3006,1,2,12000.0,480.0,23520.0
11192,52,1050,2,4,,1,1,12600.0,630.0,11970.0
11193,13,45,1,,2595,2,1,13500.0,1350.0,12150.0
11194,13,45,1,,2595,2,2,15000.0,600.0,29400.0
11195,13,45,1,,2595,1,1,12000.0,240.0,11760.0
11196,529,335,2,4,1107,1,1,12000.0,0.0,12000.0
11197,313,189,1,,542,1,2,12000.0,1200.0,22800.0
11198,204,14,1,,287,1,3,12000.0,3600.0,32400.0
11199,204,14,1,,287,1,2,12000.0,1200.0,22800.0
11200,48,1375,1,,,2,1,16500.0,330.0,16170.0
11201,75,534,1,,,1,2,13200.0,528.0,25872.0
11202,143,28,1,,2620,1,1,12000.0,240.0,11760.0
11203,502,819,1,,1805,2,3,13500.0,0.0,40500.0
11204,502,819,1,,1805,1,1,12600.0,1260.0,11340.0
11205,600,7,2,3,2153,1,3,13200.0,792.0,38808.0
11206,575,450,1,,,1,2,12000.0,0.0,24000.0
11207,293,739,2,1,697,2,1,15000.0,300.0,14700.0
11208,120,1078,1,,519,1,3,12000.0,720.0,35280.0
11209,434,1342,2,2,1991,2,3,16500.0,2475.0,47025.0
11210,434,1342,2,2,1991,2,1,15000.0,750.0,14250.0
11211,20,971,1,,1097,1,3,12000.0,0.0,36000.0
11212,20,971,1,,1097,1,3,12000.0,720.0,35280.0
11213,439,526,2,1,,1,3,13200.0,3960.0,35640.0
11214,318,248,1,,2738,2,3,15000.0,4500.0,40500.0
11215,318,248,1,,2738,2,2,15000.0,3000.0,27000.0
11216,391,1045,1,,2096,1,1,12000.0,1200.0,10800.0
11217,395,1257,1,,3032,2,3,13500.0,2025.0,38475.0
11218,395,1257,1,,3032,1,2,12000.0,0.0,24000.0
11219,449,586,1,,1719,1,3,12000.0,0.0,36000.0
11220,449,586,1,,1719,2,2,15000.0,600.0,29400.0
11221,348,1101,2,4,2727,1,1,12000.0,1200.0,10800.0
11222,274,136,1,,,1,3,10800.0,3240.0,29160.0
11223,59,426,1,,2050,1,1,12000.0,600.0,11400.0
11224,59,426,1,,2050,1,1,12600.0,630.0,11970.0
11225,59,426,1,,2050,2,1,15000.0,750.0,14250.0
11226,55,807,2,3,1523,1,3,12600.0,3780.0,34020.0
11227,396,821,1,,893,2,1,15750.0,315.0,15435.0
11228,396,821,1,,893,1,1,12600.0,0.0,12600.0
11229,395,205,2,3,3129,1,2,12600.0,1260.0,23940.0
11230,455,806,2,4,3034,1,3,10800.0,0.0,32400.0
11231,474,1295,1,,2374,1,1,13200.0,264.0,12936.0
11232,474,1295,1,,2374,2,1,15750.0,0.0,15750.0
11233,140,924,1,,964,1,1,12000.0,600.0,11400.0
11234,470,1359,2,3,417,1,1,12000.0,240.0,11760.0
11235,470,1359,2,3,417,1,1,12600.0,1260.0,11340.0
11236,567,901,2,4,32,2,1,15000.0,300.0,14700.0
11237,434,1060,1,,526,1,3,12000.0,3600.0,32400.0
11238,434,1060,1,,526,2,1,15000.0,750.0,14250.0
11239,165,138,2,1,2921,2,3,15750.0,0.0,47250.0
11240,165,138,2,1,2921,2,1,15000.0,1500.0,13500.0
11241,308,1346,2,4,419,1,2,12600.0,504.0,24696.0
11242,308,1346,2,4,419,1,1,12000.0,0.0,12000.0
11243,400,1142,1,,1659,1,1,12000.0,0.0,12000.0
11244,426,499,1,,2060,1,3,12000.0,1800.0,34200.0
11245,144,1313,2,1,1260,2,2,13500.0,0.0,27000.0
11246,608,1295,2,4,2454,1,3,12000.0,0.0,36000.0
11247,608,1295,2,4,2454,2,3,16500.0,990.0,48510.0
11248,307,703,1,,2454,2,2,16500.0,660.0,32340.0
11249,159,302,2,4,2857,2,3,15000.0,900.0,44100.0
11250,516,381,2,1,1556,2,2,16500.0,0.0,33000.0
11251,14,501,1,,2746,1,2,12000.0,480.0,23520.0
11252,555,280,2,2,552,1,3,12000.0,3600.0,32400.0
11253,49,189,2,3,642,1,1,12000.0,1200.0,10800.0
11254,49,189,2,3,642,2,3,15000.0,2250.0,42750.0
11255,222,1301,1,,1770,1,2,12000.0,0.0,24000.0
11256,417,889,1,,3041,1,1,12000.0,0.0,12000.0
11257,314,1102,1,,39,1,2,13200.0,528.0,25872.0
11258,314,1102,1,,39,2,2,15750.0,0.0,31500.0
11259,500,1378,2,1,115,1,1,10800.0,0.0,10800.0
11260,500,1378,2,1,115,1,2,12000.0,0.0,24000.0
11261,171,78,2,4,,1,1,12600.0,0.0,12600.0
11262,171,78,2,4,,1,3,13200.0,1980.0,37620.0
11263,468,452,1,,2357,1,3,12000.0,1800.0,34200.0
11264,189,1229,1,,146,1,1,13200.0,0.0,13200.0
11265,522,1124,2,1,3075,1,1,12000.0,600.0,11400.0
11266,522,1124,2,1,3075,1,1,12000.0,600.0,11400.0
11267,200,450,1,,238,2,3,15000.0,4500.0,40500.0
11268,200,450,1,,238,1,2,13200.0,0.0,26400.0
11269,22,877,1,,2176,2,1,13500.0,0.0,13500.0
11270,611,1409,2,1,1620,1,1,10800.0,0.0,10800.0
11271,82,113,2,1,2728,1,2,10800.0,1080.0,20520.0
11272,358,1393,2,1,611,1,1,12000.0,600.0,11400.0
11273,367,1185,2,2,1731,2,3,15000.0,900.0,44100.0
11274,627,672,2,3,1793,2,3,15000.0,900.0,44100.0
11275,157,1313,1,,1339,2,2,16500.0,660.0,32340.0
11276,375,311,1,,645,1,2,12000.0,0.0,24000.0
11277,375,311,1,,645,2,2,15000.0,0.0,30000.0
11278,335,1221,1,,2584,2,1,15000.0,300.0,14700.0
11279,498,954,1,,,2,1,15000.0,750.0,14250.0
11280,498,954,1,,,2,1,13500.0,675.0,12825.0
11281,180,647,1,,1230,2,3,15000.0,0.0,45000.0
11282,180,647,1,,1230,1,1,12000.0,0.0,12000.0
11283,150,1259,1,,806,2,1,16500.0,1650.0,14850.0
11284,394,950,1,,1913,2,1,15000.0,300.0,14700.0
11285,634,1223,1,,2330,1,3,12000.0,1800.0,34200.0
11286,637,811,1,,2247,1,3,10800.0,1620.0,30780.0
11287,637,811,1,,2247,2,2,15000.0,1500.0,28500.0
11288,637,811,1,,2247,1,1,12000.0,1200.0,10800.0
11289,246,1445,2,1,,2,2,13500.0,540.0,26460.0
11290,93,397,1,,1415,2,2,15000.0,0.0,30000.0
11291,93,397,1,,1415,1,3,12000.0,1800.0,34200.0
11292,490,1339,1,,2092,1,1,13200.0,264.0,12936.0
11293,436,468,1,,1481,2,3,13500.0,810.0,39690.0
11294,351,140,2,2,1182,1,2,12000.0,2400.0,21600.0
11295,519,1261,1,,909,2,2,15000.0,600.0,29400.0
11296,22,1268,1,,2118,1,3,12000.0,3600.0,32400.0
11297,374,924,2,1,1518,2,2,13500.0,1350.0,25650.0
11298,374,924,2,1,1518,2,2,15000.0,3000.0,27000.0
11299,216,93,1,,,1,3,12000.0,3600.0,32400.0
11300,389,1264,1,,2782,1,2,10800.0,2160.0,19440.0
11301,412,1256,1,,873,2,2,15750.0,1575.0,29925.0
11302,412,1256,1,,873,1,3,12000.0,3600.0,32400.0
11303,561,686,1,,1400,2,1,15000.0,1500.0,13500.0
11304,118,1359,1,,2427,1,2,12000.0,1200.0,22800.0
11305,500,1199,2,1,713,1,2,12000.0,1200.0,22800.0
11306,80,260,2,1,1540,1,2,12000.0,0.0,24000.0
11307,481,210,1,,1751,2,1,13500.0,270.0,13230.0
11308,311,155,1,,345,1,3,12000.0,720.0,35280.0
11309,16,695,1,,2726,2,1,15000.0,0.0,15000.0
11310,16,695,1,,2726,1,3,12000.0,0.0,36000.0
11311,310,81,1,,543,2,3,15750.0,0.0,47250.0
11312,231,819,1,,1694,1,3,12600.0,0.0,37800.0
11313,338,450,1,,876,2,3,15000.0,900.0,44100.0
11314,529,1338,2,2,1025,2,3,15000.0,900.0,44100.0
11315,179,488,2,4,1590,1,1,12000.0,600.0,11400.0
11316,179,488,2,4,1590,2,1,15000.0,0.0,15000.0
11317,477,367,1,,2203,2,1,15000.0,750.0,14250.0
11318,477,367,1,,2203,1,1,12600.0,630.0,11970.0
11319,257,212,1,,2321,1,3,12000.0,1800.0,34200.0
11320,421,516,2,1,2882,2,1,15750.0,787.5,14962.5
11321,421,516,2,1,2882,1,3,12000.0,720.0,35280.0
11322,376,128,1,,2555,2,2,15750.0,3150.0,28350.0
11323,214,1279,2,4,2895,1,3,10800.0,1620.0,30780.0
11324,128,1377,1,,1118,1,1,12000.0,240.0,11760.0
11325,128,1377,1,,1118,1,1,12000.0,240.0,11760.0
11326,546,1323,1,,2229,1,2,13200.0,0.0,26400.0
11327,264,1272,2,1,66,2,1,15000.0,750.0,14250.0
11328,109,866,1,,,1,3,12000.0,720.0,35280.0
11329,109,866,1,,,1,3,10800.0,1620.0,30780.0
11330,212,442,2,3,1402,1,2,12600.0,2520.0,22680.0
11331,175,159,1,,2972,1,3,12000.0,1800.0,34200.0
11332,175,159,1,,2972,2,1,16500.0,0.0,16500.0
11333,189,385,1,,1713,2,3,15000.0,2250.0,42750.0
11334,189,385,1,,1713,2,3,16500.0,2475.0,47025.0
11335,49,739,2,1,1163,2,2,15750.0,3150.0,28350.0
11336,536,351,1,,1203,2,1,15000.0,0.0,15000.0
11337,394,1181,1,,2569,1,1,12000.0,600.0,11400.0
11338,394,1181,1,,2569,2,3,15000.0,900.0,44100.0
11339,394,1181,1,,2569,1,2,12000.0,2400.0,21600.0
11340,25,1392,1,,763,1,1,10800.0,1080.0,9720.0
11341,114,1169,2,4,2865,1,3,13200.0,792.0,38808.0
11342,114,1169,2,4,2865,2,2,15000.0,1500.0,28500.0
11343,441,220,1,,2998,1,1,13200.0,1320.0,11880.0
11344,115,748,1,,1976,1,1,12000.0,0.0,12000.0
11345,425,321,2,4,1628,1,2,12000.0,2400.0,21600.0
11346,425,321,2,4,1628,1,1,12600.0,1260.0,11340.0
11347,477,707,2,1,2058,1,2,12000.0,2400.0,21600.0
11348,589,1185,2,1,1301,2,2,15000.0,3000.0,27000.0
11349,116,369,2,2,1691,2,3,13500.0,810.0,39690.0
11350,470,685,2,2,647,1,2,12000.0,0.0,24000.0
11351,199,1244,1,,3045,2,2,16500.0,660.0,32340.0
11352,199,1244,1,,3045,1,3,12000.0,720.0,35280.0
11353,84,1082,1,,,2,3,15000.0,0.0,45000.0
11354,84,1082,1,,,2,2,15750.0,0.0,31500.0
11355,586,764,2,4,1131,1,2,12000.0,480.0,23520.0
11356,180,1449,2,1,29,1,2,12000.0,480.0,23520.0
11357,529,670,1,,2427,2,1,15000.0,300.0,14700.0
11358,529,670,1,,2427,2,2,15000.0,1500.0,28500.0
11359,43,401,1,,,2,3,13500.0,0.0,40500.0
11360,170,524,1,,2886,1,1,12000.0,600.0,11400.0
11361,601,676,1,,2859,1,1,12000.0,240.0,11760.0
11362,282,1416,1,,1400,2,2,15000.0,1500.0,28500.0
11363,222,425,1,,1202,2,2,16500.0,3300.0,29700.0
11364,222,425,1,,1202,2,1,13500.0,270.0,13230.0
11365,155,1175,1,,1397,2,2,15000.0,0.0,30000.0
11366,35,59,2,3,1285,1,2,12000.0,0.0,24000.0
11367,35,59,2,3,1285,2,1,13500.0,270.0,13230.0
11368,84,1013,1,,1558,2,1,13500.0,675.0,12825.0
11369,46,1252,1,,975,1,1,12600.0,630.0,11970.0
11370,46,1252,1,,975,1,3,12000.0,0.0,36000.0
11371,452,499,1,,2806,1,3,12000.0,0.0,36000.0
11372,452,499,1,,2806,1,3,12000.0,720.0,35280.0
11373,376,72,1,,,1,1,13200.0,264.0,12936.0
11374,376,72,1,,,2,1,15000.0,1500.0,13500.0
11375,2,1342,1,,969,2,2,15750.0,3150.0,28350.0
11376,241,362,1,,2627,1,3,12000.0,0.0,36000.0
11377,587,345,1,,1083,2,1,15750.0,787.5,14962.5
11378,73,286,2,4,2225,2,1,13500.0,270.0,13230.0
11379,73,286,2,4,2225,2,1,15000.0,300.0,14700.0
11380,175,331,2,1,1304,2,2,15000.0,1500.0,28500.0
11381,299,1145,2,2,2020,1,1,12000.0,0.0,12000.0
11382,213,760,1,,93,1,1,12000.0,600.0,11400.0
11383,213,760,1,,93,1,3,12000.0,720.0,35280.0
11384,213,760,1,,93,1,1,10800.0,216.0,10584.0
11385,565,213,1,,1433,1,3,12000.0,1800.0,34200.0
11386,197,843,2,2,449,1,3,10800.0,1620.0,30780.0
11387,158,172,1,,669,1,1,12000.0,600.0,11400.0
11388,308,1318,2,1,,2,2,16500.0,3300.0,29700.0
11389,542,764,2,3,562,1,2,12000.0,1200.0,22800.0
11390,494,953,1,,494,1,3,12000.0,720.0,35280.0
11391,399,525,1,,565,1,1,12000.0,240.0,11760.0
11392,399,525,1,,565,1,2,13200.0,0.0,26400.0
11393,587,1498,1,,1465,2,3,16500.0,990.0,48510.0
11394,587,1498,1,,1465,2,2,15000.0,3000.0,27000.0
11395,291,350,2,2,,2,2,15000.0,1500.0,28500.0
11396,387,66,1,,690,1,3,12600.0,0.0,37800.0
11397,387,66,1,,690,1,1,12000.0,0.0,12000.0
11398,387,66,1,,690,2,1,13500.0,675.0,12825.0
11399,285,1324,1,,3161,1,2,12000.0,0.0,24000.0
11400,230,1338,1,,1234,2,2,15000.0,3000.0,27000.0
11401,344,292,1,,2389,2,2,15000.0,600.0,29400.0
11402,401,1377,1,,2183,1,3,12000.0,1800.0,34200.0
11403,401,1377,1,,2183,1,2,12000.0,2400.0,21600.0
11404,249,3,2,3,1949,2,2,15000.0,600.0,29400.0
11405,379,748,1,,1660,1,3,12000.0,720.0,35280.0
11406,379,748,1,,1660,1,1,12000.0,0.0,12000.0
11407,446,682,1,,1854,2,1,13500.0,270.0,13230.0
11408,182,1247,1,,872,1,2,12000.0,2400.0,21600.0
11409,182,1247,1,,872,1,3,12000.0,1800.0,34200.0
11410,16,738,1,,2985,1,3,12000.0,720.0,35280.0
11411,527,724,2,4,362,1,3,12000.0,1800.0,34200.0
11412,61,10,2,2,666,1,3,12000.0,1800.0,34200.0
11413,61,10,2,2,666,1,1,12000.0,1200.0,10800.0
11414,401,1259,2,2,1565,2,3,15000.0,4500.0,40500.0
11415,401,1259,2,2,1565,1,2,12000.0,1200.0,22800.0
11416,401,1259,2,2,1565,1,2,12000.0,480.0,23520.0
11417,77,900,2,1,3030,2,1,15000.0,0.0,15000.0
11418,408,643,1,,2819,1,3,12000.0,1800.0,34200.0
11419,408,643,1,,2819,2,2,15000.0,3000.0,27000.0
11420,205,497,2,4,1247,1,2,12000.0,480.0,23520.0
11421,205,497,2,4,1247,1,3,12000.0,3600.0,32400.0
11422,205,497,2,4,1247,1,2,10800.0,1080.0,20520.0
11423,565,1406,2,1,3009,2,1,15000.0,1500.0,13500.0
11424,387,904,2,2,3108,1,2,12600.0,1260.0,23940.0
11425,387,904,2,2,3108,2,1,15000.0,300.0,14700.0
11426,387,904,2,2,3108,1,1,10800.0,216.0,10584.0
11427,173,1224,1,,2497,1,2,12000.0,1200.0,22800.0
11428,173,1224,1,,2497,2,3,15000.0,0.0,45000.0
11429,318,163,2,3,,2,1,13500.0,270.0,13230.0
11430,321,969,1,,1034,1,3,12000.0,3600.0,32400.0
11431,463,711,1,,1497,1,3,10800.0,1620.0,30780.0
11432,463,711,1,,1497,2,2,15750.0,0.0,31500.0
11433,564,933,1,,2871,2,3,15000.0,2250.0,42750.0
11434,345,1100,1,,1450,2,1,16500.0,825.0,15675.0
11435,313,191,1,,1883,1,2,10800.0,432.0,21168.0
11436,495,956,2,4,3120,2,2,13500.0,1350.0,25650.0
11437,452,591,2,2,2086,2,2,15000.0,3000.0,27000.0
11438,452,591,2,2,2086,1,1,12000.0,240.0,11760.0
11439,292,955,2,1,2328,1,2,12000.0,2400.0,21600.0
11440,146,745,1,,89,1,2,12000.0,0.0,24000.0
11441,146,745,1,,89,2,1,13500.0,675.0,12825.0
11442,146,745,1,,89,1,1,12000.0,0.0,12000.0
11443,549,1141,1,,1368,1,1,12000.0,240.0,11760.0
11444,594,913,1,,884,1,1,12000.0,600.0,11400.0
11445,444,598,2,2,2867,1,3,12600.0,756.0,37044.0
11446,282,1313,1,,383,1,1,12000.0,1200.0,10800.0
11447,282,1313,1,,383,2,3,16500.0,990.0,48510.0
11448,131,1464,1,,2031,1,1,13200.0,1320.0,11880.0
11449,254,856,1,,2346,2,2,13500.0,2700.0,24300.0
11450,422,1495,1,,682,2,2,15000.0,3000.0,27000.0
11451,487,1080,1,,2722,1,2,12000.0,480.0,23520.0
11452,487,1080,1,,2722,2,2,15000.0,0.0,30000.0
11453,607,785,1,,190,2,2,13500.0,0.0,27000.0
11454,58,952,1,,691,1,2,10800.0,0.0,21600.0
11455,550,193,1,,1286,1,3,12000.0,1800.0,34200.0
11456,284,907,1,,1538,1,1,12000.0,600.0,11400.0
11457,385,729,2,2,2333,1,1,12000.0,0.0,12000.0
11458,385,729,2,2,2333,2,2,15000.0,1500.0,28500.0
11459,389,747,1,,168,1,2,12600.0,0.0,25200.0
11460,111,575,1,,1748,2,2,15000.0,1500.0,28500.0
11461,111,575,1,,1748,1,3,12000.0,3600.0,32400.0
11462,111,575,1,,1748,1,2,12000.0,1200.0,22800.0
11463,387,766,1,,533,2,3,15000.0,0.0,45000.0
11464,293,408,2,3,2667,2,2,15000.0,1500.0,28500.0
11465,293,408,2,3,2667,1,1,12000.0,240.0,11760.0
11466,223,503,2,4,1064,2,1,15000.0,750.0,14250.0
11467,223,503,2,4,1064,2,2,13500.0,2700.0,24300.0
11468,153,24,1,,2772,1,1,12000.0,1200.0,10800.0
11469,153,24,1,,2772,2,1,15000.0,0.0,15000.0
11470,223,634,1,,297,2,3,13500.0,0.0,40500.0
11471,223,634,1,,297,2,3,15000.0,4500.0,40500.0
11472,355,1343,1,,232,2,1,15000.0,750.0,14250.0
11473,355,1343,1,,232,2,1,15750.0,1575.0,14175.0
11474,286,380,2,4,1013,1,3,12000.0,3600.0,32400.0
11475,551,1379,1,,1031,1,3,12000.0,0.0,36000.0
11476,551,1379,1,,1031,1,2,12000.0,0.0,24000.0
11477,363,560,1,,1108,1,1,12000.0,1200.0,10800.0
11478,67,828,1,,,1,2,12000.0,1200.0,22800.0
11479,67,828,1,,,2,1,15000.0,750.0,14250.0
11480,45,1369,1,,2754,2,1,13500.0,675.0,12825.0
11481,639,1408,2,4,,1,1,12000.0,240.0,11760.0
11482,506,1017,1,,1113,1,2,12000.0,2400.0,21600.0
11483,563,546,2,3,1821,2,3,15000.0,2250.0,42750.0
11484,563,546,2,3,1821,2,2,15000.0,1500.0,28500.0
11485,563,546,2,3,1821,1,2,13200.0,528.0,25872.0
11486,335,1347,2,4,765,1,3,10800.0,1620.0,30780.0
11487,133,998,1,,406,1,2,12000.0,0.0,24000.0
11488,133,998,1,,406,1,3,12000.0,3600.0,32400.0
11489,255,1489,1,,1108,2,1,15000.0,1500.0,13500.0
11490,255,1489,1,,1108,2,3,16500.0,0.0,49500.0
11491,232,19,1,,2515,1,2,10800.0,0.0,21600.0
11492,153,1483,1,,311,1,1,12000.0,600.0,11400.0
11493,153,1483,1,,311,2,1,15000.0,750.0,14250.0
11494,68,1399,1,,965,1,1,12000.0,1200.0,10800.0
11495,68,1399,1,,965,1,2,12600.0,504.0,24696.0
11496,349,161,1,,2881,1,3,10800.0,0.0,32400.0
11497,222,337,2,4,2838,1,3,13200.0,3960.0,35640.0
11498,94,1202,2,2,105,2,3,15750.0,4725.0,42525.0
11499,396,850,1,,2221,1,1,12600.0,0.0,12600.0
11500,119,114,1,,1918,1,3,12600.0,756.0,37044.0
11501,119,114,1,,1918,1,2,12000.0,480.0,23520.0
11502,186,1074,1,,898,1,2,12000.0,2400.0,21600.0
11503,260,1013,1,,902,2,1,15000.0,0.0,15000.0
11504,182,1129,1,,925,1,1,10800.0,0.0,10800.0
11505,182,1129,1,,925,2,1,15000.0,0.0,15000.0
11506,160,90,2,2,1490,2,3,15000.0,2250.0,42750.0
11507,160,90,2,2,1490,2,1,15000.0,750.0,14250.0
11508,160,90,2,2,1490,1,1,10800.0,540.0,10260.0
11509,146,334,2,4,3052,1,1,12000.0,0.0,12000.0
11510,146,334,2,4,3052,2,1,15000.0,0.0,15000.0
11511,146,334,2,4,3052,2,2,13500.0,2700.0,24300.0
11512,379,141,1,,2977,1,2,12000.0,1200.0,22800.0
11513,591,386,2,1,1263,1,2,13200.0,1320.0,25080.0
11514,591,386,2,1,1263,1,2,12000.0,2400.0,21600.0
11515,339,785,2,4,1960,2,3,15750.0,0.0,47250.0
11516,339,785,2,4,1960,2,2,16500.0,660.0,32340.0
11517,482,1249,1,,1710,1,2,12000.0,480.0,23520.0
11518,482,1249,1,,1710,1,3,12000.0,720.0,35280.0
11519,408,719,1,,1021,2,2,16500.0,3300.0,29700.0
11520,408,719,1,,1021,1,2,13200.0,1320.0,25080.0
11521,36,671,2,4,2207,1,1,10800.0,0.0,10800.0
11522,618,1238,1,,1167,1,3,12000.0,720.0,35280.0
11523,343,687,2,4,416,2,3,15000.0,900.0,44100.0
11524,157,1421,2,4,2417,1,3,12000.0,0.0,36000.0
11525,614,420,1,,3061,2,2,15000.0,0.0,30000.0
11526,567,578,1,,3013,1,1,12000.0,600.0,11400.0
11527,132,1156,1,,1774,2,2,15000.0,600.0,29400.0
11528,552,779,1,,3201,1,3,10800.0,3240.0,29160.0
11529,272,838,2,2,435,1,2,12000.0,480.0,23520.0
11530,272,838,2,2,435,1,2,12000.0,1200.0,22800.0
11531,272,838,2,2,435,2,3,13500.0,2025.0,38475.0
11532,209,1124,2,1,1744,2,1,15000.0,0.0,15000.0
11533,17,1062,2,4,647,2,2,15000.0,0.0,30000.0
11534,415,185,2,3,1184,2,1,15000.0,1500.0,13500.0
11535,109,1248,1,,2126,2,3,15750.0,0.0,47250.0
11536,109,1248,1,,2126,1,1,12600.0,1260.0,11340.0
11537,167,584,2,1,310,2,3,15000.0,4500.0,40500.0
11538,457,1313,2,1,3148,2,2,15750.0,630.0,30870.0
11539,457,1313,2,1,3148,1,2,13200.0,0.0,26400.0
11540,506,162,1,,190,1,1,12000.0,240.0,11760.0
11541,117,157,1,,251,1,1,12600.0,630.0,11970.0
11542,117,157,1,,251,2,1,16500.0,1650.0,14850.0
11543,636,580,2,4,2545,1,1,12000.0,600.0,11400.0
11544,203,1044,2,4,1478,1,2,12000.0,2400.0,21600.0
11545,203,1044,2,4,1478,1,2,13200.0,2640.0,23760.0
11546,526,1382,1,,3052,2,1,15000.0,0.0,15000.0
11547,349,1128,1,,3068,2,1,15000.0,0.0,15000.0
11548,355,320,2,1,2119,1,2,12000.0,1200.0,22800.0
11549,501,1099,1,,2765,2,2,15000.0,1500.0,28500.0
11550,501,1099,1,,2765,2,2,15000.0,1500.0,28500.0
11551,482,798,1,,1356,1,1,12600.0,1260.0,11340.0
11552,7,1336,2,1,632,1,2,10800.0,432.0,21168.0
11553,7,1336,2,1,632,1,2,12000.0,1200.0,22800.0
11554,167,374,1,,2847,1,2,13200.0,2640.0,23760.0
11555,6,1456,1,,2988,1,3,12000.0,0.0,36000.0
11556,145,1048,1,,,1,2,12600.0,0.0,25200.0
11557,165,244,1,,1258,2,2,15000.0,3000.0,27000.0
11558,6,112,1,,3040,2,3,15000.0,2250.0,42750.0
11559,2,574,1,,2772,2,1,16500.0,1650.0,14850.0
11560,2,574,1,,2772,1,3,12000.0,1800.0,34200.0
11561,2,574,1,,2772,1,2,12000.0,1200.0,22800.0
11562,501,22,1,,1291,1,1,12000.0,600.0,11400.0
11563,16,313,1,,,2,2,15000.0,1500.0,28500.0
11564,329,238,1,,2008,1,2,12000.0,480.0,23520.0
11565,382,1080,2,2,1139,2,2,15000.0,600.0,29400.0
11566,519,116,1,,,2,3,15000.0,0.0,45000.0
11567,439,838,1,,20,2,3,15000.0,0.0,45000.0
11568,439,838,1,,20,2,3,15000.0,900.0,44100.0
11569,638,653,1,,136,1,1,12000.0,600.0,11400.0
11570,383,110,1,,,2,3,15750.0,4725.0,42525.0
11571,207,722,1,,911,1,3,12600.0,0.0,37800.0
11572,462,1305,1,,2542,2,2,15000.0,3000.0,27000.0
11573,462,1305,1,,2542,2,1,15000.0,0.0,15000.0
11574,581,153,1,,851,2,1,15000.0,300.0,14700.0
11575,317,259,2,4,,1,3,12000.0,0.0,36000.0
11576,317,259,2,4,,2,1,15000.0,1500.0,13500.0
11577,317,259,2,4,,2,3,15000.0,900.0,44100.0
11578,480,219,1,,1567,1,3,12600.0,3780.0,34020.0
11579,548,1436,1,,542,2,3,15000.0,2250.0,42750.0
11580,551,112,1,,278,1,2,12000.0,480.0,23520.0
11581,550,1182,2,2,837,2,1,15000.0,1500.0,13500.0
11582,595,97,1,,3128,1,1,12600.0,1260.0,11340.0
11583,469,1200,1,,1245,1,2,12000.0,0.0,24000.0
11584,469,1200,1,,1245,2,2,15000.0,3000.0,27000.0
11585,463,61,2,4,2277,2,1,15000.0,0.0,15000.0
11586,463,61,2,4,2277,2,2,15000.0,1500.0,28500.0
11587,595,1387,2,4,2614,1,1,12000.0,600.0,11400.0
11588,595,1387,2,4,2614,1,2,12600.0,1260.0,23940.0
11589,501,1082,1,,,2,3,15750.0,0.0,47250.0
11590,210,385,2,1,2333,2,2,16500.0,1650.0,31350.0
11591,210,385,2,1,2333,1,1,12000.0,240.0,11760.0
11592,471,243,1,,1991,1,3,10800.0,648.0,31752.0
11593,471,243,1,,1991,2,3,15000.0,4500.0,40500.0
11594,8,584,2,1,1011,2,1,13500.0,0.0,13500.0
11595,32,392,1,,1471,2,1,15000.0,300.0,14700.0
11596,61,295,1,,1619,2,3,13500.0,4050.0,36450.0
11597,124,1313,1,,1820,1,3,12000.0,1800.0,34200.0
11598,418,684,2,2,1117,2,3,15000.0,2250.0,42750.0
11599,79,681,1,,2864,1,1,10800.0,216.0,10584.0
11600,515,660,2,3,370,2,3,15000.0,0.0,45000.0
11601,477,657,1,,2585,1,1,10800.0,216.0,10584.0
11602,42,926,1,,871,1,1,12000.0,0.0,12000.0
11603,535,15,1,,2777,1,3,12000.0,0.0,36000.0
11604,638,1400,2,4,75,2,2,15000.0,3000.0,27000.0
11605,638,1400,2,4,75,1,3,13200.0,792.0,38808.0
11606,427,1205,1,,402,1,2,12000.0,0.0,24000.0
11607,427,1205,1,,402,2,1,15000.0,1500.0,13500.0
11608,162,724,1,,360,1,3,10800.0,0.0,32400.0
11609,162,724,1,,360,2,1,15750.0,1575.0,14175.0
11610,558,157,1,,1424,1,3,13200.0,0.0,39600.0
11611,167,128,1,,354,1,3,12000.0,720.0,35280.0
11612,167,128,1,,354,2,1,15000.0,300.0,14700.0
11613,167,128,1,,354,2,2,15000.0,3000.0,27000.0
11614,614,1419,2,3,,2,1,13500.0,675.0,12825.0
11615,544,1262,1,,631,2,1,15000.0,750.0,14250.0
11616,90,1400,1,,799,2,3,15000.0,0.0,45000.0
11617,90,1400,1,,799,2,1,15000.0,1500.0,13500.0
11618,90,1400,1,,799,1,2,13200.0,1320.0,25080.0
11619,44,839,1,,2588,1,2,12000.0,2400.0,21600.0
11620,462,943,2,3,2270,2,2,16500.0,1650.0,31350.0
11621,56,621,2,4,2633,1,1,12000.0,0.0,12000.0
11622,387,291,1,,1078,2,2,16500.0,1650.0,31350.0
11623,337,875,2,2,2069,1,3,12000.0,720.0,35280.0
11624,337,875,2,2,2069,1,3,12600.0,0.0,37800.0
11625,410,130,2,4,2138,2,2,13500.0,540.0,26460.0
11626,258,610,2,2,1194,1,3,12000.0,720.0,35280.0
11627,355,484,1,,359,1,3,12000.0,0.0,36000.0
11628,523,936,1,,1074,1,1,12000.0,1200.0,10800.0
11629,523,936,1,,1074,2,3,15000.0,2250.0,42750.0
11630,527,459,1,,2293,1,3,13200.0,3960.0,35640.0
11631,527,459,1,,2293,2,3,15750.0,0.0,47250.0
11632,537,1438,1,,748,2,3,15000.0,4500.0,40500.0
11633,289,1205,2,1,1965,2,1,16500.0,825.0,15675.0
11634,289,1205,2,1,1965,1,2,12000.0,1200.0,22800.0
11635,435,904,1,,2648,1,3,12600.0,0.0,37800.0
11636,86,427,1,,588,2,1,15750.0,787.5,14962.5
11637,86,427,1,,588,1,1,12000.0,240.0,11760.0
11638,355,212,1,,316,2,2,15000.0,1500.0,28500.0
11639,355,212,1,,316,1,1,13200.0,1320.0,11880.0
11640,604,1414,1,,1583,2,1,15000.0,1500.0,13500.0
11641,376,1441,2,4,957,1,2,12000.0,1200.0,22800.0
11642,28,587,1,,1374,1,3,12000.0,720.0,35280.0
11643,443,1027,1,,948,2,1,13500.0,1350.0,12150.0
11644,500,1446,2,1,,1,2,10800.0,1080.0,20520.0
11645,149,730,1,,2915,2,2,16500.0,1650.0,31350.0
11646,149,730,1,,2915,1,3,12000.0,720.0,35280.0
11647,149,730,1,,2915,2,3,15000.0,4500.0,40500.0
11648,37,483,1,,1740,1,1,12000.0,240.0,11760.0
11649,217,1404,1,,1291,1,3,12000.0,3600.0,32400.0
11650,217,1404,1,,1291,1,2,12000.0,2400.0,21600.0
11651,164,1451,1,,2735,1,1,12000.0,0.0,12000.0
11652,88,230,1,,367,2,2,13500.0,540.0,26460.0
11653,108,191,1,,412,2,1,15000.0,0.0,15000.0
11654,172,1221,1,,1019,2,1,15000.0,1500.0,13500.0
11655,172,1221,1,,1019,2,3,15000.0,900.0,44100.0
11656,274,248,2,1,2820,2,1,15000.0,300.0,14700.0
11657,364,2,2,1,,1,2,12000.0,480.0,23520.0
11658,60,1419,1,,,2,1,15000.0,750.0,14250.0
11659,413,237,1,,2745,1,3,12000.0,0.0,36000.0
11660,139,1187,1,,1557,2,3,15000.0,4500.0,40500.0
11661,139,1187,1,,1557,2,3,15000.0,4500.0,40500.0
11662,234,380,2,3,,1,2,12000.0,480.0,23520.0
11663,234,380,2,3,,1,3,12000.0,0.0,36000.0
11664,446,879,2,3,3057,1,2,12000.0,1200.0,22800.0
11665,446,879,2,3,3057,2,1,15000.0,750.0,14250.0
11666,131,422,1,,708,1,1,13200.0,1320.0,11880.0
11667,354,888,2,2,2875,2,3,15750.0,4725.0,42525.0
11668,354,888,2,2,2875,2,2,16500.0,3300.0,29700.0
11669,354,888,2,2,2875,1,2,12000.0,2400.0,21600.0
11670,234,117,2,1,1273,1,1,12000.0,240.0,11760.0
11671,531,483,2,2,454,1,3,12000.0,720.0,35280.0
11672,199,846,2,4,2787,1,2,10800.0,2160.0,19440.0
11673,245,1311,2,2,2320,1,1,12000.0,0.0,12000.0
11674,590,637,2,2,2062,2,3,15000.0,2250.0,42750.0
11675,313,1392,2,1,1626,1,1,12000.0,240.0,11760.0
11676,127,587,2,3,2197,1,2,12600.0,0.0,25200.0
11677,127,587,2,3,2197,1,3,12000.0,3600.0,32400.0
11678,528,1457,2,4,1965,1,3,12000.0,1800.0,34200.0
11679,266,290,1,,1637,2,2,15750.0,1575.0,29925.0
11680,463,1198,1,,2875,1,3,13200.0,1980.0,37620.0
11681,391,708,2,1,2941,2,1,15000.0,0.0,15000.0
11682,43,618,1,,941,2,3,16500.0,990.0,48510.0
11683,520,426,1,,1926,1,1,12000.0,1200.0,10800.0
11684,165,69,1,,2643,1,2,12000.0,480.0,23520.0
11685,177,284,1,,783,1,3,12000.0,0.0,36000.0
11686,209,576,1,,2081,2,3,15000.0,2250.0,42750.0
11687,184,689,1,,499,1,3,12600.0,756.0,37044.0
11688,340,166,1,,2179,2,1,15000.0,750.0,14250.0
11689,340,166,1,,2179,1,3,13200.0,0.0,39600.0
11690,521,1060,1,,544,1,3,13200.0,0.0,39600.0
11691,521,1060,1,,544,1,2,12600.0,2520.0,22680.0
11692,521,1060,1,,544,2,1,13500.0,1350.0,12150.0
11693,474,484,1,,1992,2,3,15000.0,900.0,44100.0
11694,389,645,2,3,,1,1,12600.0,0.0,12600.0
11695,243,964,1,,1083,2,3,15750.0,2362.5,44887.5
11696,243,964,1,,1083,2,3,15000.0,2250.0,42750.0
11697,221,1009,1,,1924,2,2,15000.0,0.0,30000.0
11698,192,322,2,4,2,1,2,12000.0,480.0,23520.0
11699,180,849,2,2,50,2,3,16500.0,4950.0,44550.0
11700,6,1311,1,,1374,1,2,12600.0,504.0,24696.0
11701,296,257,1,,,2,2,15000.0,3000.0,27000.0
11702,392,1288,2,1,773,1,3,12000.0,0.0,36000.0
11703,392,1288,2,1,773,2,2,15000.0,1500.0,28500.0
11704,136,1063,1,,605,2,2,15750.0,3150.0,28350.0
11705,560,394,2,4,2124,1,3,12000.0,1800.0,34200.0
11706,22,1350,1,,1206,1,2,10800.0,2160.0,19440.0
11707,35,182,1,,,1,1,12000.0,0.0,12000.0
11708,35,182,1,,,2,2,15000.0,3000.0,27000.0
11709,56,520,2,4,1035,1,2,12000.0,2400.0,21600.0
11710,475,417,2,3,1673,2,3,15750.0,2362.5,44887.5
11711,504,1429,1,,519,2,3,15000.0,2250.0,42750.0
11712,320,860,1,,62,1,2,12000.0,1200.0,22800.0
11713,61,780,1,,2739,2,3,15000.0,4500.0,40500.0
11714,61,780,1,,2739,2,2,15000.0,3000.0,27000.0
11715,34,365,1,,2278,2,2,15750.0,3150.0,28350.0
11716,34,365,1,,2278,1,1,12000.0,240.0,11760.0
11717,405,726,1,,2010,1,1,12000.0,600.0,11400.0
11718,341,405,2,2,2394,1,1,12000.0,1200.0,10800.0
11719,58,135,1,,357,1,1,12600.0,252.0,12348.0
11720,528,342,1,,2617,1,3,12600.0,1890.0,35910.0
11721,521,56,2,3,1271,1,3,12600.0,3780.0,34020.0
11722,521,56,2,3,1271,2,1,16500.0,0.0,16500.0
11723,523,679,1,,,1,2,10800.0,1080.0,20520.0
11724,613,441,1,,1301,2,3,15000.0,4500.0,40500.0
11725,310,546,1,,407,1,3,12600.0,3780.0,34020.0
11726,500,453,2,4,,1,2,12000.0,2400.0,21600.0
11727,500,453,2,4,,1,2,12600.0,504.0,24696.0
11728,180,818,1,,1674,2,3,15000.0,900.0,44100.0
11729,463,1479,1,,1853,2,1,15000.0,0.0,15000.0
11730,431,63,2,2,3001,2,2,15000.0,600.0,29400.0
11731,431,63,2,2,3001,2,1,15750.0,1575.0,14175.0
11732,239,963,2,1,963,2,2,15750.0,630.0,30870.0
11733,566,1465,1,,,1,1,12000.0,1200.0,10800.0
11734,154,1293,1,,3088,2,3,13500.0,2025.0,38475.0
11735,28,1464,1,,2190,1,3,13200.0,0.0,39600.0
11736,189,986,2,3,1517,1,3,12600.0,3780.0,34020.0
11737,189,986,2,3,1517,1,2,13200.0,1320.0,25080.0
11738,521,593,2,1,3202,2,2,15000.0,3000.0,27000.0
11739,413,1014,2,2,2038,1,1,10800.0,540.0,10260.0
11740,495,514,2,3,2421,2,3,15000.0,0.0,45000.0
11741,204,1094,2,1,357,1,1,12000.0,600.0,11400.0
11742,204,1094,2,1,357,1,2,12600.0,2520.0,22680.0
11743,97,1251,1,,1708,2,1,15000.0,1500.0,13500.0
11744,500,305,2,3,684,1,2,12000.0,480.0,23520.0
11745,500,305,2,3,684,2,1,13500.0,1350.0,12150.0
11746,420,123,1,,540,2,1,15000.0,1500.0,13500.0
11747,420,123,1,,540,1,1,12000.0,0.0,12000.0
11748,289,1216,1,,587,1,2,12000.0,2400.0,21600.0
11749,621,1117,1,,,1,1,12000.0,600.0,11400.0
11750,529,391,2,1,2307,1,3,12000.0,720.0,35280.0
11751,529,391,2,1,2307,1,1,12000.0,240.0,11760.0
11752,236,475,2,3,2952,2,2,15000.0,3000.0,27000.0
11753,377,1090,2,1,3202,2,1,15000.0,300.0,14700.0
11754,377,1090,2,1,3202,1,1,12000.0,240.0,11760.0
11755,283,196,2,1,2782,1,3,12000.0,3600.0,32400.0
11756,283,196,2,1,2782,1,3,12000.0,3600.0,32400.0
11757,484,1111,2,3,762,1,1,12000.0,240.0,11760.0
11758,256,781,2,2,2335,2,3,13500.0,4050.0,36450.0
11759,2,719,1,,3001,1,1,12000.0,1200.0,10800.0
11760,636,825,1,,3027,1,1,12000.0,600.0,11400.0
11761,636,825,1,,3027,2,1,15750.0,0.0,15750.0
11762,93,1483,1,,1623,2,3,15000.0,900.0,44100.0
11763,540,1489,1,,,2,2,15750.0,0.0,31500.0
11764,503,118,1,,,2,3,15000.0,0.0,45000.0
11765,321,524,2,4,2812,1,1,12000.0,1200.0,10800.0
11766,562,599,2,4,1283,2,2,15000.0,3000.0,27000.0
11767,435,1433,1,,,2,2,15000.0,0.0,30000.0
11768,435,1433,1,,,1,2,13200.0,2640.0,23760.0
11769,476,1128,1,,971,1,2,10800.0,2160.0,19440.0
11770,431,319,2,3,1168,1,3,12000.0,3600.0,32400.0
11771,74,1148,1,,2029,2,3,13500.0,2025.0,38475.0
11772,582,1468,1,,860,1,2,12000.0,2400.0,21600.0
11773,200,667,2,3,3202,2,1,16500.0,330.0,16170.0
11774,135,932,1,,239,1,3,12000.0,3600.0,32400.0
11775,140,1054,2,2,2708,1,1,12000.0,600.0,11400.0
11776,331,346,1,,1617,2,1,15000.0,0.0,15000.0
11777,222,1004,1,,,2,1,15750.0,0.0,15750.0
11778,270,272,1,,2066,1,2,10800.0,432.0,21168.0
11779,247,1201,2,3,3184,1,2,12000.0,1200.0,22800.0
11780,247,1201,2,3,3184,2,3,15000.0,2250.0,42750.0
11781,604,141,1,,2027,1,1,12000.0,240.0,11760.0
11782,604,141,1,,2027,1,2,12600.0,1260.0,23940.0
11783,604,141,1,,2027,2,1,15000.0,300.0,14700.0
11784,91,1336,1,,1130,1,1,12000.0,240.0,11760.0
11785,215,1346,1,,1843,1,2,12000.0,1200.0,22800.0
11786,82,159,1,,481,2,3,15000.0,900.0,44100.0
11787,82,159,1,,481,1,3,10800.0,3240.0,29160.0
11788,82,159,1,,481,1,2,12000.0,2400.0,21600.0
11789,472,589,2,3,2963,2,3,15000.0,0.0,45000.0
11790,472,589,2,3,2963,2,2,15750.0,630.0,30870.0
11791,529,1371,2,2,1011,1,1,12000.0,240.0,11760.0
11792,529,1371,2,2,1011,1,2,10800.0,2160.0,19440.0
11793,529,1371,2,2,1011,1,1,12000.0,0.0,12000.0
11794,341,43,2,1,,2,1,13500.0,0.0,13500.0
11795,237,877,1,,2840,1,3,12600.0,3780.0,34020.0
11796,499,479,1,,2080,1,2,10800.0,2160.0,19440.0
11797,195,891,2,1,421,2,1,15000.0,1500.0,13500.0
11798,226,1172,1,,379,1,2,10800.0,0.0,21600.0
11799,147,1142,1,,3004,2,2,15000.0,0.0,30000.0
11800,473,187,1,,1930,2,3,15000.0,0.0,45000.0
11801,117,1384,2,2,647,1,3,12000.0,3600.0,32400.0
11802,83,289,2,3,,2,2,15000.0,3000.0,27000.0
11803,83,289,2,3,,2,3,15750.0,945.0,46305.0
11804,83,289,2,3,,1,1,12000.0,240.0,11760.0
11805,42,174,2,1,2336,2,1,15000.0,300.0,14700.0
11806,42,174,2,1,2336,2,1,16500.0,1650.0,14850.0
11807,493,920,1,,1970,2,2,13500.0,540.0,26460.0
11808,143,1120,1,,167,2,1,15000.0,750.0,14250.0
11809,251,1048,1,,2793,1,2,12000.0,1200.0,22800.0
11810,301,653,1,,1004,1,2,12600.0,0.0,25200.0
11811,301,653,1,,1004,1,2,12000.0,1200.0,22800.0
11812,84,1090,1,,769,1,3,12000.0,720.0,35280.0
11813,91,192,1,,1690,1,3,12000.0,3600.0,32400.0
11814,142,684,2,3,45,2,3,13500.0,810.0,39690.0
11815,142,684,2,3,45,2,1,15000.0,300.0,14700.0
11816,171,1441,1,,3047,2,3,15750.0,0.0,47250.0
11817,288,467,1,,1171,1,2,10800.0,432.0,21168.0
11818,541,754,1,,3180,2,3,13500.0,810.0,39690.0
11819,62,1057,2,2,,2,3,15000.0,2250.0,42750.0
11820,368,100,2,1,438,1,2,12000.0,480.0,23520.0
11821,368,100,2,1,438,1,1,12000.0,240.0,11760.0
11822,250,1139,1,,2280,2,1,15750.0,0.0,15750.0
11823,250,1139,1,,2280,2,3,15000.0,2250.0,42750.0
11824,291,1419,1,,2057,1,1,12000.0,240.0,11760.0
11825,602,686,1,,389,1,3,12000.0,0.0,36000.0
11826,602,686,1,,389,2,1,15000.0,0.0,15000.0
11827,393,49,2,1,1796,2,2,15000.0,600.0,29400.0
11828,393,49,2,1,1796,1,1,12000.0,1200.0,10800.0
11829,499,219,2,2,2306,1,2,12000.0,480.0,23520.0
11830,306,652,2,3,108,1,2,10800.0,0.0,21600.0
11831,311,1431,2,3,2785,1,1,10800.0,1080.0,9720.0
11832,425,1423,1,,667,1,3,12000.0,1800.0,34200.0
11833,406,208,2,4,667,1,1,12000.0,0.0,12000.0
11834,141,695,1,,923,1,2,12600.0,1260.0,23940.0
11835,141,695,1,,923,2,1,15000.0,750.0,14250.0
11836,93,1128,2,4,415,1,3,12600.0,3780.0,34020.0
11837,415,838,1,,477,2,1,15000.0,1500.0,13500.0
11838,343,72,2,4,,2,3,15750.0,2362.5,44887.5
11839,343,72,2,4,,2,2,15750.0,3150.0,28350.0
11840,482,765,1,,2892,2,2,15750.0,3150.0,28350.0
11841,482,765,1,,2892,2,3,13500.0,4050.0,36450.0
11842,305,565,2,4,2611,2,1,15750.0,315.0,15435.0
11843,211,107,1,,42,1,2,12000.0,1200.0,22800.0
11844,270,1248,1,,3078,1,2,12000.0,0.0,24000.0
11845,270,1248,1,,3078,1,3,12600.0,0.0,37800.0
11846,474,1296,1,,,2,2,16500.0,1650.0,31350.0
11847,75,397,1,,1534,1,2,12000.0,1200.0,22800.0
11848,75,397,1,,1534,1,2,12000.0,0.0,24000.0
11849,75,397,1,,1534,2,1,13500.0,1350.0,12150.0
11850,255,1434,1,,1085,1,2,12600.0,2520.0,22680.0
11851,15,394,1,,2394,2,1,13500.0,0.0,13500.0
11852,312,213,2,2,809,1,2,10800.0,1080.0,20520.0
11853,548,46,1,,2527,1,1,12600.0,1260.0,11340.0
11854,16,1191,1,,3064,2,3,15000.0,2250.0,42750.0
11855,189,1038,2,4,2580,2,1,15000.0,1500.0,13500.0
11856,596,847,2,3,2421,1,2,12000.0,480.0,23520.0
11857,596,847,2,3,2421,1,1,10800.0,0.0,10800.0
11858,613,56,1,,1739,1,2,12000.0,2400.0,21600.0
11859,613,56,1,,1739,2,1,15000.0,1500.0,13500.0
11860,429,405,1,,2217,1,2,12600.0,504.0,24696.0
11861,166,467,1,,,1,2,12000.0,480.0,23520.0
11862,111,33,1,,3093,2,1,16500.0,1650.0,14850.0
11863,602,239,2,4,2603,1,2,12000.0,1200.0,22800.0
11864,92,888,1,,,2,1,13500.0,1350.0,12150.0
11865,140,622,2,2,2313,1,2,12000.0,2400.0,21600.0
11866,62,533,1,,1028,1,2,12000.0,480.0,23520.0
11867,70,715,1,,763,2,2,13500.0,1350.0,25650.0
11868,151,126,1,,2709,1,2,12000.0,480.0,23520.0
11869,629,919,1,,1613,2,3,16500.0,4950.0,44550.0
11870,505,221,2,3,2877,2,1,15000.0,300.0,14700.0
11871,556,266,1,,2269,2,2,15000.0,3000.0,27000.0
11872,186,604,1,,1208,1,3,12000.0,1800.0,34200.0
11873,186,604,1,,1208,2,1,15000.0,0.0,15000.0
11874,392,684,2,3,2915,1,3,12000.0,1800.0,34200.0
11875,392,684,2,3,2915,1,3,12000.0,3600.0,32400.0
11876,392,684,2,3,2915,1,1,12000.0,0.0,12000.0
11877,208,439,1,,,1,3,13200.0,0.0,39600.0
11878,204,694,2,1,2194,2,1,15000.0,750.0,14250.0
11879,600,621,1,,2588,1,3,12000.0,0.0,36000.0
11880,387,558,1,,75,1,3,10800.0,648.0,31752.0
11881,387,558,1,,75,1,2,12600.0,1260.0,23940.0
11882,184,1005,1,,608,1,2,12000.0,480.0,23520.0
11883,191,1274,1,,2002,1,2,12600.0,1260.0,23940.0
11884,191,1274,1,,2002,1,3,13200.0,1980.0,37620.0
11885,23,1037,1,,1360,2,1,15000.0,300.0,14700.0
11886,239,952,2,4,948,2,2,13500.0,1350.0,25650.0
11887,519,1162,1,,120,2,1,15000.0,750.0,14250.0
11888,388,779,1,,1022,1,1,10800.0,540.0,10260.0
11889,388,779,1,,1022,2,2,15000.0,0.0,30000.0
11890,60,975,2,2,1309,1,2,12000.0,2400.0,21600.0
11891,550,876,1,,19,2,1,15000.0,300.0,14700.0
11892,259,459,1,,1618,2,1,13500.0,270.0,13230.0
11893,138,728,1,,757,1,2,12000.0,2400.0,21600.0
11894,283,231,1,,524,2,2,15750.0,1575.0,29925.0
11895,255,774,1,,2763,2,1,15000.0,750.0,14250.0
11896,201,228,2,3,3063,2,2,15000.0,0.0,30000.0
11897,1,1386,1,,2734,1,2,12000.0,2400.0,21600.0
11898,159,618,1,,1438,1,3,10800.0,0.0,32400.0
11899,259,5,2,1,154,1,3,10800.0,3240.0,29160.0
11900,259,5,2,1,154,1,1,12000.0,600.0,11400.0
11901,22,950,1,,2226,2,3,16500.0,990.0,48510.0
11902,297,1412,2,4,190,2,3,13500.0,0.0,40500.0
11903,551,475,1,,1384,2,3,15000.0,4500.0,40500.0
11904,115,769,1,,3006,1,1,12000.0,1200.0,10800.0
11905,180,13,2,1,559,1,2,12000.0,2400.0,21600.0
11906,486,921,1,,1255,1,2,12000.0,1200.0,22800.0
11907,99,1249,2,3,708,2,1,15000.0,300.0,14700.0
11908,493,1278,1,,,1,1,10800.0,0.0,10800.0
11909,493,1278,1,,,1,3,12000.0,3600.0,32400.0
11910,465,876,1,,2919,1,3,12000.0,3600.0,32400.0
11911,298,53,2,2,,2,1,15750.0,1575.0,14175.0
11912,387,187,1,,2592,1,1,12000.0,240.0,11760.0
11913,494,935,1,,1869,1,2,10800.0,2160.0,19440.0
11914,244,253,1,,1958,1,2,12000.0,1200.0,22800.0
11915,7,664,1,,940,2,1,15000.0,1500.0,13500.0
11916,2,886,1,,,1,2,12600.0,1260.0,23940.0
11917,6,235,1,,2988,1,1,12000.0,600.0,11400.0
11918,25,322,1,,2854,2,1,16500.0,1650.0,14850.0
11919,626,1427,1,,759,2,1,15000.0,750.0,14250.0
11920,525,1439,1,,253,2,3,15750.0,4725.0,42525.0
11921,163,885,2,4,1219,2,3,13500.0,0.0,40500.0
11922,283,874,1,,838,2,2,15750.0,3150.0,28350.0
11923,283,874,1,,838,2,1,15750.0,787.5,14962.5
11924,140,1083,1,,2081,2,1,15000.0,750.0,14250.0
11925,140,1083,1,,2081,2,2,15000.0,0.0,30000.0
11926,43,720,2,3,70,1,2,12000.0,0.0,24000.0
11927,43,720,2,3,70,1,2,12000.0,480.0,23520.0
11928,278,507,2,3,496,2,2,15000.0,3000.0,27000.0
11929,334,436,1,,2080,2,3,15000.0,0.0,45000.0
11930,571,237,1,,1275,1,2,12000.0,480.0,23520.0
11931,113,1120,1,,2176,1,1,12000.0,0.0,12000.0
11932,302,1081,1,,,1,2,12600.0,1260.0,23940.0
11933,528,511,1,,3181,2,1,15750.0,787.5,14962.5
11934,308,1330,2,4,590,2,2,16500.0,0.0,33000.0
11935,458,662,2,3,846,2,2,15000.0,0.0,30000.0
11936,458,662,2,3,846,2,3,15000.0,900.0,44100.0
11937,243,87,1,,831,1,2,12000.0,0.0,24000.0
11938,330,1429,1,,3194,1,1,12000.0,0.0,12000.0
11939,330,1429,1,,3194,1,2,12600.0,1260.0,23940.0
11940,85,1251,1,,1596,1,2,12000.0,1200.0,22800.0
11941,85,1251,1,,1596,2,1,15000.0,300.0,14700.0
11942,605,1228,1,,3098,1,2,12000.0,0.0,24000.0
11943,230,1482,1,,110,2,3,15000.0,4500.0,40500.0
11944,478,1114,1,,3168,1,3,12000.0,720.0,35280.0
11945,478,1114,1,,3168,1,3,12600.0,1890.0,35910.0
11946,624,1489,2,3,2316,1,2,12000.0,480.0,23520.0
11947,624,1489,2,3,2316,1,1,12000.0,600.0,11400.0
11948,18,538,2,1,2159,1,3,13200.0,1980.0,37620.0
11949,438,1306,1,,2022,1,3,12000.0,0.0,36000.0
11950,438,1306,1,,2022,1,3,13200.0,3960.0,35640.0
11951,281,1088,2,1,651,2,1,15000.0,750.0,14250.0
11952,527,458,1,,767,2,1,15750.0,787.5,14962.5
11953,234,1105,1,,1682,1,3,13200.0,792.0,38808.0
11954,324,229,2,3,,2,3,15000.0,4500.0,40500.0
11955,324,229,2,3,,1,2,10800.0,432.0,21168.0
11956,324,229,2,3,,1,3,13200.0,0.0,39600.0
11957,534,1387,1,,,2,3,15000.0,4500.0,40500.0
11958,236,75,1,,1927,1,1,12000.0,240.0,11760.0
11959,12,295,1,,2903,1,1,12000.0,600.0,11400.0
11960,12,295,1,,2903,1,3,12000.0,720.0,35280.0
11961,211,705,1,,2674,1,1,12000.0,600.0,11400.0
11962,211,705,1,,2674,2,3,15000.0,0.0,45000.0
11963,211,705,1,,2674,2,2,15750.0,630.0,30870.0
11964,530,455,1,,761,1,3,12000.0,1800.0,34200.0
11965,204,213,1,,2753,1,3,12000.0,3600.0,32400.0
11966,478,465,1,,93,1,3,12000.0,720.0,35280.0
11967,193,418,2,1,,2,1,15750.0,1575.0,14175.0
11968,344,477,1,,1787,2,2,15000.0,1500.0,28500.0
11969,344,477,1,,1787,1,2,12000.0,2400.0,21600.0
11970,491,619,2,1,2972,1,3,12600.0,3780.0,34020.0
11971,345,1101,1,,348,2,1,15000.0,300.0,14700.0
11972,482,1062,1,,2675,1,3,12600.0,0.0,37800.0
11973,327,101,2,4,,2,2,13500.0,540.0,26460.0
11974,327,101,2,4,,1,2,12600.0,1260.0,23940.0
11975,120,1270,1,,553,2,2,16500.0,1650.0,31350.0
11976,363,1081,1,,3136,2,1,15000.0,750.0,14250.0
11977,252,1322,2,1,440,1,2,12000.0,2400.0,21600.0
11978,252,1322,2,1,440,1,3,13200.0,792.0,38808.0
11979,157,1309,2,2,2330,1,1,12600.0,1260.0,11340.0
11980,388,90,1,,3130,2,3,16500.0,2475.0,47025.0
11981,41,937,1,,1972,1,2,12000.0,480.0,23520.0
11982,108,1217,1,,2038,2,1,16500.0,0.0,16500.0
11983,180,611,1,,2634,1,3,10800.0,648.0,31752.0
11984,180,611,1,,2634,2,3,15000.0,4500.0,40500.0
11985,544,1374,2,2,2915,2,1,15000.0,1500.0,13500.0
11986,288,701,1,,2911,2,1,16500.0,1650.0,14850.0
11987,561,1147,2,1,782,1,1,10800.0,540.0,10260.0
11988,561,1147,2,1,782,2,2,16500.0,1650.0,31350.0
11989,368,14,2,4,454,2,2,15000.0,0.0,30000.0
11990,270,1499,1,,2741,2,2,15750.0,630.0,30870.0
11991,605,1135,1,,658,1,1,12000.0,240.0,11760.0
11992,605,1135,1,,658,2,2,15000.0,3000.0,27000.0
11993,632,1110,1,,1085,2,3,15000.0,2250.0,42750.0
11994,632,1110,1,,1085,1,1,12000.0,1200.0,10800.0
11995,593,1044,2,1,,1,3,12600.0,1890.0,35910.0
11996,47,482,2,1,2813,1,2,12000.0,0.0,24000.0
11997,480,413,2,3,96,2,3,15750.0,945.0,46305.0
11998,480,413,2,3,96,1,2,12000.0,480.0,23520.0
11999,319,891,1,,,2,2,15750.0,1575.0,29925.0
12000,274,310,1,,1040,2,1,15750.0,787.5,14962.5
12001,274,310,1,,1040,1,3,12600.0,1890.0,35910.0
12002,26,1279,1,,1881,2,1,15000.0,750.0,14250.0
12003,634,223,2,1,112,2,3,13500.0,810.0,39690.0
12004,241,173,1,,2365,1,3,13200.0,0.0,39600.0
12005,72,1302,1,,1420,2,1,15750.0,315.0,15435.0
12006,297,454,2,4,270,2,3,15000.0,4500.0,40500.0
12007,286,559,2,4,490,1,3,12000.0,720.0,35280.0
12008,286,559,2,4,490,2,1,15000.0,0.0,15000.0
12009,548,894,2,2,2252,1,1,12000.0,1200.0,10800.0
12010,106,805,1,,476,1,2,12000.0,480.0,23520.0
12011,448,1037,1,,1769,2,1,13500.0,270.0,13230.0
12012,448,1037,1,,1769,1,3,13200.0,1980.0,37620.0
12013,146,743,2,3,,1,2,10800.0,1080.0,20520.0
12014,400,1413,1,,2017,2,1,13500.0,1350.0,12150.0
12015,156,386,1,,1226,1,2,12000.0,1200.0,22800.0
12016,430,1004,1,,1332,2,2,15000.0,3000.0,27000.0
12017,427,318,2,1,750,1,2,12000.0,2400.0,21600.0
12018,23,7,1,,170,1,1,10800.0,540.0,10260.0
12019,282,1453,2,3,836,1,3,12000.0,0.0,36000.0
12020,142,1167,1,,337,2,3,15750.0,4725.0,42525.0
12021,138,1248,1,,,1,2,12000.0,480.0,23520.0
12022,351,1184,1,,208,1,2,13200.0,528.0,25872.0
12023,2,129,2,4,392,1,2,12000.0,1200.0,22800.0
12024,555,69,1,,2758,1,3,13200.0,1980.0,37620.0
12025,251,1362,1,,1262,2,3,15000.0,4500.0,40500.0
12026,322,683,2,4,925,1,3,13200.0,3960.0,35640.0
12027,322,683,2,4,925,1,2,10800.0,2160.0,19440.0
12028,392,49,1,,3111,1,1,12000.0,0.0,12000.0
12029,121,679,1,,1784,2,2,13500.0,0.0,27000.0
12030,438,117,2,4,2352,2,3,15000.0,900.0,44100.0
12031,141,621,2,3,1146,2,1,15000.0,300.0,14700.0
12032,449,1395,1,,707,2,2,15000.0,1500.0,28500.0
12033,23,271,1,,1506,1,3,12000.0,1800.0,34200.0
12034,23,271,1,,1506,2,1,15000.0,300.0,14700.0
12035,633,1275,1,,2290,1,3,13200.0,3960.0,35640.0
12036,511,539,1,,1566,1,3,12000.0,720.0,35280.0
12037,247,541,1,,320,1,2,12000.0,480.0,23520.0
12038,247,541,1,,320,2,1,15000.0,300.0,14700.0
12039,454,791,1,,820,1,1,10800.0,216.0,10584.0
12040,491,864,1,,1959,1,2,12000.0,2400.0,21600.0
12041,455,1171,1,,2039,1,1,10800.0,1080.0,9720.0
12042,455,1171,1,,2039,1,1,12600.0,252.0,12348.0
12043,9,331,2,3,,1,3,12000.0,1800.0,34200.0
12044,598,468,2,3,1782,2,2,15000.0,0.0,30000.0
12045,598,468,2,3,1782,1,3,12000.0,1800.0,34200.0
12046,576,722,1,,1220,1,3,10800.0,3240.0,29160.0
12047,264,586,1,,2450,1,3,10800.0,1620.0,30780.0
12048,215,490,1,,,1,3,12000.0,0.0,36000.0
12049,10,527,1,,676,2,1,15750.0,0.0,15750.0
12050,360,1418,2,4,212,1,3,12600.0,1890.0,35910.0
12051,360,1418,2,4,212,1,1,12000.0,240.0,11760.0
12052,106,216,1,,1410,2,3,15000.0,4500.0,40500.0
12053,21,1273,1,,2396,1,1,13200.0,0.0,13200.0
12054,21,1273,1,,2396,2,1,15000.0,750.0,14250.0
12055,21,1273,1,,2396,1,3,13200.0,0.0,39600.0
12056,424,262,1,,2822,1,1,13200.0,1320.0,11880.0
12057,424,262,1,,2822,1,3,13200.0,0.0,39600.0
12058,314,118,2,3,1117,1,1,13200.0,0.0,13200.0
12059,239,899,1,,1421,2,3,16500.0,990.0,48510.0
12060,409,861,1,,1465,2,3,13500.0,810.0,39690.0
12061,132,337,1,,2231,1,1,12000.0,600.0,11400.0
12062,357,1434,2,4,694,1,3,10800.0,0.0,32400.0
12063,531,1379,1,,3147,2,3,13500.0,810.0,39690.0
12064,189,923,1,,1858,2,3,16500.0,4950.0,44550.0
12065,554,741,2,3,1735,2,1,16500.0,1650.0,14850.0
12066,560,160,1,,3180,1,3,12000.0,0.0,36000.0
12067,560,160,1,,3180,2,1,15000.0,0.0,15000.0
12068,597,721,1,,1770,2,1,15000.0,1500.0,13500.0
12069,16,524,2,4,3188,2,2,13500.0,540.0,26460.0
12070,16,524,2,4,3188,1,2,12000.0,480.0,23520.0
12071,472,1042,1,,1392,1,1,10800.0,1080.0,9720.0
12072,472,1042,1,,1392,2,2,15750.0,3150.0,28350.0
12073,237,768,1,,837,2,2,15750.0,630.0,30870.0
12074,478,949,2,3,2661,1,1,12000.0,0.0,12000.0
12075,216,1427,1,,2877,1,1,12000.0,600.0,11400.0
12076,376,477,1,,241,1,1,12000.0,1200.0,10800.0
12077,457,44,2,4,1769,1,1,12000.0,1200.0,10800.0
12078,358,184,1,,766,2,3,15000.0,0.0,45000.0
12079,42,78,1,,1226,2,2,15000.0,3000.0,27000.0
12080,198,1378,2,2,1035,1,1,12000.0,1200.0,10800.0
12081,198,1378,2,2,1035,1,3,12000.0,0.0,36000.0
12082,191,168,1,,2575,1,3,12000.0,1800.0,34200.0
12083,171,806,2,2,1784,2,2,16500.0,1650.0,31350.0
12084,638,1149,1,,2377,2,2,15000.0,1500.0,28500.0
12085,638,1149,1,,2377,1,2,12000.0,2400.0,21600.0
12086,8,460,1,,207,2,2,15750.0,3150.0,28350.0
12087,600,804,2,4,1028,1,3,10800.0,0.0,32400.0
12088,629,917,1,,3050,1,2,12000.0,2400.0,21600.0
12089,412,416,2,1,,2,3,13500.0,0.0,40500.0
12090,149,1070,2,1,632,1,3,10800.0,648.0,31752.0
12091,397,1219,2,4,2030,1,3,12000.0,0.0,36000.0
12092,542,246,2,2,1127,2,1,13500.0,1350.0,12150.0
12093,484,960,2,1,1372,1,1,12000.0,0.0,12000.0
12094,484,960,2,1,1372,2,2,15750.0,3150.0,28350.0
12095,22,1250,1,,3091,2,3,13500.0,0.0,40500.0
12096,432,1317,1,,665,1,3,13200.0,3960.0,35640.0
12097,432,1317,1,,665,1,2,12000.0,0.0,24000.0
12098,432,1317,1,,665,1,2,12000.0,2400.0,21600.0
12099,421,361,1,,1772,2,2,13500.0,0.0,27000.0
12100,238,196,2,3,1037,1,3,12000.0,1800.0,34200.0
12101,127,75,2,1,1722,1,3,10800.0,3240.0,29160.0
12102,571,513,1,,1068,2,1,15000.0,300.0,14700.0
12103,542,947,1,,1738,1,2,12000.0,0.0,24000.0
12104,287,432,1,,748,1,3,12000.0,1800.0,34200.0
12105,338,831,1,,852,1,1,12000.0,600.0,11400.0
12106,367,1231,1,,1440,1,3,10800.0,648.0,31752.0
12107,210,1408,1,,1860,2,1,15000.0,0.0,15000.0
12108,210,1408,1,,1860,1,3,10800.0,1620.0,30780.0
12109,116,266,2,3,2840,1,2,12600.0,0.0,25200.0
12110,116,266,2,3,2840,1,1,12000.0,240.0,11760.0
12111,352,1213,2,1,1654,2,1,15000.0,750.0,14250.0
12112,352,1213,2,1,1654,1,1,10800.0,216.0,10584.0
12113,444,1286,1,,1721,2,2,15000.0,3000.0,27000.0
12114,200,1129,1,,1730,1,2,12000.0,480.0,23520.0
12115,200,1129,1,,1730,1,3,12000.0,720.0,35280.0
12116,264,1369,1,,2584,2,1,15000.0,300.0,14700.0
12117,264,1369,1,,2584,1,1,12000.0,240.0,11760.0
12118,264,1369,1,,2584,2,2,15750.0,3150.0,28350.0
12119,176,296,2,1,,1,1,13200.0,660.0,12540.0
12120,562,196,1,,2470,2,2,15000.0,600.0,29400.0
12121,447,695,2,2,1735,1,1,13200.0,1320.0,11880.0
12122,447,695,2,2,1735,2,3,15750.0,2362.5,44887.5
12123,306,914,2,3,337,2,2,16500.0,1650.0,31350.0
12124,597,1124,1,,1924,2,3,15000.0,4500.0,40500.0
12125,597,1124,1,,1924,1,3,10800.0,3240.0,29160.0
12126,463,629,2,1,3093,1,1,12000.0,1200.0,10800.0
12127,463,629,2,1,3093,1,1,12600.0,630.0,11970.0
12128,181,1234,2,1,1506,2,3,15000.0,0.0,45000.0
12129,181,1234,2,1,1506,1,3,12600.0,756.0,37044.0
12130,630,1129,2,1,1556,2,2,15750.0,1575.0,29925.0
12131,595,867,2,1,2031,1,3,10800.0,0.0,32400.0
12132,595,867,2,1,2031,1,1,12000.0,1200.0,10800.0
12133,292,468,1,,2996,1,2,10800.0,0.0,21600.0
12134,237,317,1,,1375,1,3,12000.0,3600.0,32400.0
12135,318,619,1,,,2,3,13500.0,4050.0,36450.0
12136,445,1269,1,,2484,2,2,15000.0,3000.0,27000.0
12137,291,1416,1,,2503,2,1,15000.0,300.0,14700.0
12138,291,1416,1,,2503,1,3,13200.0,1980.0,37620.0
12139,573,747,1,,1299,1,1,10800.0,540.0,10260.0
12140,427,493,1,,,1,2,12000.0,2400.0,21600.0
12141,427,493,1,,,2,3,15000.0,0.0,45000.0
12142,258,1170,1,,2613,1,1,10800.0,0.0,10800.0
12143,258,1170,1,,2613,1,3,13200.0,3960.0,35640.0
12144,391,1068,1,,,2,2,13500.0,540.0,26460.0
12145,569,1416,1,,210,2,3,15000.0,900.0,44100.0
12146,480,818,2,2,3198,1,2,13200.0,2640.0,23760.0
12147,68,212,2,4,1357,2,3,16500.0,4950.0,44550.0
12148,549,1196,2,2,871,1,3,12000.0,720.0,35280.0
12149,549,1196,2,2,871,1,1,10800.0,216.0,10584.0
12150,549,1196,2,2,871,1,3,10800.0,648.0,31752.0
12151,49,336,2,4,852,2,2,16500.0,3300.0,29700.0
12152,49,336,2,4,852,1,1,12000.0,1200.0,10800.0
12153,171,205,1,,572,1,2,12000.0,2400.0,21600.0
12154,171,205,1,,572,1,2,12000.0,0.0,24000.0
12155,356,667,1,,1243,2,3,15000.0,2250.0,42750.0
12156,244,1390,1,,2457,1,2,12000.0,0.0,24000.0
12157,248,597,1,,2063,1,3,12000.0,3600.0,32400.0
12158,248,597,1,,2063,1,2,10800.0,0.0,21600.0
12159,479,1290,2,2,1534,1,2,12000.0,480.0,23520.0
12160,542,594,1,,3119,2,3,13500.0,810.0,39690.0
12161,542,594,1,,3119,2,3,15000.0,4500.0,40500.0
12162,325,1192,1,,2923,2,3,15000.0,0.0,45000.0
12163,601,86,1,,1067,2,3,16500.0,2475.0,47025.0
12164,323,178,1,,2616,2,1,15000.0,1500.0,13500.0
12165,566,659,2,2,564,1,3,12000.0,720.0,35280.0
12166,457,349,2,3,608,1,2,10800.0,1080.0,20520.0
12167,103,653,1,,3175,1,1,12000.0,0.0,12000.0
12168,127,984,1,,2782,2,3,15000.0,2250.0,42750.0
12169,263,1397,1,,3184,1,3,12000.0,3600.0,32400.0
12170,263,1397,1,,3184,1,2,12000.0,1200.0,22800.0
12171,93,400,2,3,2578,2,3,15000.0,0.0,45000.0
12172,93,400,2,3,2578,2,1,15000.0,300.0,14700.0
12173,533,1227,2,3,2181,1,1,12000.0,240.0,11760.0
12174,442,714,1,,2296,2,3,15000.0,900.0,44100.0
12175,442,714,1,,2296,1,1,12600.0,252.0,12348.0
12176,442,714,1,,2296,1,2,12600.0,1260.0,23940.0
12177,89,677,1,,811,2,3,15000.0,0.0,45000.0
12178,610,145,1,,1705,1,2,13200.0,528.0,25872.0
12179,11,1366,2,4,,2,3,15000.0,0.0,45000.0
12180,278,824,2,2,,1,1,10800.0,540.0,10260.0
12181,457,1165,1,,2070,2,1,15000.0,750.0,14250.0
12182,291,1158,1,,1928,2,1,13500.0,1350.0,12150.0
12183,114,1410,1,,,1,3,12000.0,1800.0,34200.0
12184,588,952,1,,1616,2,1,15000.0,0.0,15000.0
12185,314,709,1,,2599,1,3,12000.0,720.0,35280.0
12186,314,709,1,,2599,1,1,12000.0,240.0,11760.0
12187,485,1029,1,,,1,2,12000.0,1200.0,22800.0
12188,154,1392,2,1,893,2,1,13500.0,675.0,12825.0
12189,142,1020,2,1,664,2,1,15000.0,1500.0,13500.0
12190,391,649,1,,2292,1,1,12000.0,1200.0,10800.0
12191,391,649,1,,2292,1,3,12000.0,3600.0,32400.0
12192,192,21,1,,12,2,2,15000.0,600.0,29400.0
12193,328,459,1,,,2,1,15750.0,0.0,15750.0
12194,306,322,2,3,2150,2,2,13500.0,2700.0,24300.0
12195,262,446,2,1,1444,2,2,15000.0,1500.0,28500.0
12196,172,589,2,3,77,1,2,12000.0,0.0,24000.0
12197,506,1377,2,3,1462,2,3,15000.0,0.0,45000.0
12198,401,352,1,,117,2,1,13500.0,675.0,12825.0
12199,576,895,1,,1138,2,2,13500.0,540.0,26460.0
12200,192,785,2,1,551,2,3,15000.0,900.0,44100.0
12201,342,1338,1,,1182,2,3,15000.0,4500.0,40500.0
12202,129,587,2,3,915,1,3,12000.0,0.0,36000.0
12203,257,69,2,4,,1,1,12000.0,1200.0,10800.0
12204,401,1370,2,2,1624,2,1,16500.0,0.0,16500.0
12205,142,1143,1,,3117,1,3,13200.0,792.0,38808.0
12206,142,1143,1,,3117,1,2,13200.0,2640.0,23760.0
12207,424,768,1,,1203,2,1,15000.0,300.0,14700.0
12208,45,1440,1,,1604,1,1,10800.0,216.0,10584.0
12209,117,319,1,,,1,3,10800.0,648.0,31752.0
12210,30,1300,2,1,717,1,3,12000.0,3600.0,32400.0
12211,184,488,1,,3052,1,1,12000.0,0.0,12000.0
12212,153,1192,2,1,2564,1,1,12000.0,240.0,11760.0
12213,153,1192,2,1,2564,1,1,10800.0,540.0,10260.0
12214,289,1394,1,,18,2,2,15000.0,600.0,29400.0
12215,289,1394,1,,18,1,3,12000.0,0.0,36000.0
12216,289,1394,1,,18,2,1,15000.0,300.0,14700.0
12217,190,286,2,4,529,1,2,12600.0,1260.0,23940.0
12218,356,267,2,2,794,1,1,10800.0,1080.0,9720.0
12219,568,1273,1,,1741,2,2,15000.0,600.0,29400.0
12220,34,573,1,,1944,1,3,12000.0,3600.0,32400.0
12221,149,1328,1,,1908,2,1,15000.0,750.0,14250.0
12222,149,1328,1,,1908,2,2,15000.0,1500.0,28500.0
12223,254,445,1,,1992,2,3,13500.0,0.0,40500.0
12224,574,185,2,3,728,1,2,12000.0,480.0,23520.0
12225,574,185,2,3,728,1,1,12000.0,0.0,12000.0
12226,349,38,2,4,,2,3,15000.0,2250.0,42750.0
12227,281,203,2,1,3041,1,2,12000.0,0.0,24000.0
12228,225,669,1,,3189,1,3,10800.0,0.0,32400.0
12229,225,669,1,,3189,1,1,12000.0,600.0,11400.0
12230,581,21,1,,2243,1,1,12000.0,240.0,11760.0
12231,601,114,2,2,619,1,1,12000.0,240.0,11760.0
12232,280,1186,1,,2068,2,2,13500.0,2700.0,24300.0
12233,280,1186,1,,2068,1,2,12000.0,1200.0,22800.0
12234,164,680,1,,696,1,3,12000.0,1800.0,34200.0
12235,389,1336,1,,150,2,3,15000.0,0.0,45000.0
12236,219,1253,1,,2301,1,2,12000.0,1200.0,22800.0
12237,219,1253,1,,2301,1,3,12000.0,0.0,36000.0
12238,219,1253,1,,2301,1,2,12600.0,2520.0,22680.0
12239,228,722,2,3,2546,2,3,13500.0,2025.0,38475.0
12240,228,722,2,3,2546,1,3,13200.0,792.0,38808.0
12241,114,73,1,,2429,1,2,12000.0,1200.0,22800.0
12242,25,1374,1,,1504,1,2,12000.0,480.0,23520.0
12243,618,490,2,2,1601,1,2,12000.0,480.0,23520.0
12244,502,711,1,,1486,2,2,15000.0,600.0,29400.0
12245,391,847,1,,1296,2,2,15750.0,0.0,31500.0
12246,38,533,2,3,68,1,1,13200.0,0.0,13200.0
12247,237,897,2,4,90,2,3,16500.0,0.0,49500.0
12248,237,897,2,4,90,2,1,15000.0,750.0,14250.0
12249,306,1169,1,,2325,1,3,12000.0,720.0,35280.0
12250,303,165,1,,,2,2,15000.0,0.0,30000.0
12251,172,566,1,,,1,2,12000.0,1200.0,22800.0
12252,68,1221,2,4,2264,1,2,12600.0,2520.0,22680.0
12253,146,429,2,1,331,2,3,15000.0,900.0,44100.0
12254,164,654,2,4,1622,2,1,15000.0,300.0,14700.0
12255,369,1375,2,1,3152,1,3,12600.0,0.0,37800.0
12256,498,805,1,,1344,1,3,12000.0,720.0,35280.0
12257,498,805,1,,1344,2,3,15000.0,2250.0,42750.0
12258,215,264,1,,2018,2,2,15750.0,3150.0,28350.0
12259,511,1085,2,4,1503,2,1,15000.0,300.0,14700.0
12260,540,785,1,,2180,1,3,12000.0,3600.0,32400.0
12261,122,800,1,,2987,2,3,15000.0,0.0,45000.0
12262,122,800,1,,2987,2,3,15000.0,4500.0,40500.0
12263,122,800,1,,2987,1,1,12600.0,630.0,11970.0
12264,155,866,2,2,2477,1,2,12000.0,480.0,23520.0
12265,341,1088,2,2,2714,1,1,12000.0,1200.0,10800.0
12266,295,1322,2,1,635,2,2,15000.0,3000.0,27000.0
12267,295,1322,2,1,635,1,3,12600.0,1890.0,35910.0
12268,207,1083,1,,,1,2,12000.0,0.0,24000.0
12269,207,1083,1,,,1,2,12000.0,480.0,23520.0
12270,207,1083,1,,,2,1,15000.0,0.0,15000.0
12271,620,1135,1,,2358,1,2,10800.0,432.0,21168.0
12272,620,1135,1,,2358,1,1,12000.0,600.0,11400.0
12273,242,985,2,1,,1,1,12000.0,0.0,12000.0
12274,242,985,2,1,,2,3,15000.0,2250.0,42750.0
12275,358,571,1,,991,1,2,12600.0,2520.0,22680.0
12276,518,1105,1,,,1,1,12600.0,0.0,12600.0
12277,518,1105,1,,,2,1,13500.0,1350.0,12150.0
12278,239,772,1,,3177,1,2,12000.0,1200.0,22800.0
12279,239,772,1,,3177,2,2,15750.0,1575.0,29925.0
12280,281,1097,1,,2762,1,2,12000.0,0.0,24000.0
12281,633,1274,1,,567,1,2,12000.0,0.0,24000.0
12282,633,1274,1,,567,1,3,13200.0,0.0,39600.0
12283,200,972,1,,,1,2,13200.0,1320.0,25080.0
12284,31,1298,2,4,1156,2,3,13500.0,0.0,40500.0
12285,315,257,2,2,1532,1,1,12000.0,1200.0,10800.0
12286,315,257,2,2,1532,2,1,15000.0,300.0,14700.0
12287,369,1326,2,4,1010,2,1,15750.0,787.5,14962.5
12288,351,814,2,3,945,1,1,12000.0,1200.0,10800.0
12289,25,838,1,,919,2,3,13500.0,2025.0,38475.0
12290,534,938,1,,1366,2,1,15000.0,1500.0,13500.0
12291,557,209,1,,754,1,2,12000.0,0.0,24000.0
12292,35,1318,1,,580,2,1,15000.0,1500.0,13500.0
12293,35,1318,1,,580,1,3,12000.0,720.0,35280.0
12294,20,1041,2,2,2920,2,1,15000.0,1500.0,13500.0
12295,20,1041,2,2,2920,1,1,13200.0,0.0,13200.0
12296,378,568,1,,238,1,2,10800.0,0.0,21600.0
12297,378,568,1,,238,1,1,12000.0,0.0,12000.0
12298,593,884,2,2,583,2,3,15000.0,2250.0,42750.0
12299,593,884,2,2,583,1,1,10800.0,0.0,10800.0
12300,587,465,2,2,2539,2,1,15000.0,1500.0,13500.0
12301,553,436,1,,2891,2,2,15000.0,0.0,30000.0
12302,553,436,1,,2891,1,3,12600.0,3780.0,34020.0
12303,415,1246,1,,2078,1,1,12000.0,0.0,12000.0
12304,415,1246,1,,2078,1,3,13200.0,1980.0,37620.0
12305,50,436,2,4,687,1,2,13200.0,2640.0,23760.0
12306,398,407,2,2,2269,2,3,15750.0,4725.0,42525.0
12307,334,625,1,,2890,2,2,15000.0,600.0,29400.0
12308,223,987,1,,115,1,3,12000.0,1800.0,34200.0
12309,112,811,2,4,141,2,2,15000.0,0.0,30000.0
12310,112,811,2,4,141,2,2,15000.0,1500.0,28500.0
12311,487,537,1,,2139,1,1,12000.0,0.0,12000.0
12312,590,1346,1,,1455,2,1,15000.0,0.0,15000.0
12313,243,1117,2,3,1637,2,2,15000.0,3000.0,27000.0
12314,243,1117,2,3,1637,2,1,13500.0,270.0,13230.0
12315,565,140,1,,2982,1,3,10800.0,0.0,32400.0
12316,500,209,1,,292,2,1,16500.0,330.0,16170.0
12317,388,1466,2,3,351,2,3,13500.0,2025.0,38475.0
12318,388,1466,2,3,351,2,1,15750.0,1575.0,14175.0
12319,355,1260,2,1,862,2,1,15000.0,1500.0,13500.0
12320,355,1260,2,1,862,2,2,15000.0,1500.0,28500.0
12321,291,247,1,,835,1,2,12000.0,0.0,24000.0
12322,363,1267,1,,453,1,2,12000.0,480.0,23520.0
12323,542,327,2,1,2485,2,3,15000.0,2250.0,42750.0
12324,154,735,1,,2998,2,3,15000.0,4500.0,40500.0
12325,154,735,1,,2998,2,1,15000.0,0.0,15000.0
12326,284,779,1,,1699,1,3,13200.0,1980.0,37620.0
12327,173,1270,2,2,2547,2,2,13500.0,1350.0,25650.0
12328,261,1316,1,,1399,2,2,15000.0,1500.0,28500.0
12329,261,1316,1,,1399,1,3,12000.0,3600.0,32400.0
12330,72,323,2,2,675,1,3,12000.0,0.0,36000.0
12331,72,323,2,2,675,1,2,10800.0,1080.0,20520.0
12332,108,1414,1,,519,1,3,12000.0,0.0,36000.0
12333,498,666,1,,,1,2,10800.0,432.0,21168.0
12334,68,408,2,3,2692,2,2,15750.0,630.0,30870.0
12335,68,408,2,3,2692,1,1,12600.0,252.0,12348.0
12336,338,1141,1,,1310,1,2,13200.0,1320.0,25080.0
12337,338,1141,1,,1310,1,1,12000.0,240.0,11760.0
12338,338,1141,1,,1310,1,1,10800.0,1080.0,9720.0
12339,291,1444,1,,2264,2,3,15750.0,2362.5,44887.5
12340,638,1174,2,1,,1,1,12000.0,0.0,12000.0
12341,388,284,1,,1054,1,1,12000.0,240.0,11760.0
12342,107,601,1,,1519,1,3,12000.0,720.0,35280.0
12343,495,664,1,,1822,2,2,15750.0,1575.0,29925.0
12344,495,664,1,,1822,1,2,12000.0,480.0,23520.0
12345,292,50,2,3,2738,1,1,10800.0,1080.0,9720.0
12346,292,50,2,3,2738,1,3,10800.0,3240.0,29160.0
12347,13,878,1,,1644,1,3,12000.0,3600.0,32400.0
12348,501,1004,1,,2950,1,2,10800.0,0.0,21600.0
12349,600,180,1,,2841,1,2,12000.0,1200.0,22800.0
12350,447,1384,1,,,2,3,15000.0,900.0,44100.0
12351,447,1384,1,,,1,1,12000.0,600.0,11400.0
12352,340,575,2,3,1370,1,3,12000.0,720.0,35280.0
12353,340,575,2,3,1370,1,1,12000.0,600.0,11400.0
12354,140,702,1,,3149,2,1,15000.0,300.0,14700.0
12355,140,702,1,,3149,1,1,12000.0,240.0,11760.0
12356,161,396,2,3,2049,1,3,10800.0,1620.0,30780.0
12357,123,1388,2,3,642,1,1,13200.0,660.0,12540.0
12358,123,1388,2,3,642,1,2,12600.0,504.0,24696.0
12359,287,35,1,,2767,1,2,10800.0,1080.0,20520.0
12360,99,840,1,,,2,1,15000.0,1500.0,13500.0
12361,277,1458,2,4,595,2,1,15000.0,0.0,15000.0
12362,408,528,1,,1295,1,2,12000.0,0.0,24000.0
12363,408,528,1,,1295,1,1,12000.0,600.0,11400.0
12364,103,320,1,,2101,2,1,15000.0,1500.0,13500.0
12365,425,902,1,,1123,1,3,12600.0,756.0,37044.0
12366,425,902,1,,1123,2,2,15000.0,0.0,30000.0
12367,217,822,1,,1183,2,1,15000.0,300.0,14700.0
12368,217,822,1,,1183,1,2,12000.0,0.0,24000.0
12369,251,155,2,3,758,1,1,10800.0,0.0,10800.0
12370,109,1029,1,,2813,1,3,12000.0,720.0,35280.0
12371,11,137,2,4,,1,1,12000.0,1200.0,10800.0
12372,11,137,2,4,,1,1,12000.0,0.0,12000.0
12373,81,1109,1,,2845,2,1,15000.0,1500.0,13500.0
12374,81,1109,1,,2845,1,1,12000.0,240.0,11760.0
12375,10,451,1,,3102,2,2,15750.0,3150.0,28350.0
12376,10,451,1,,3102,2,1,15000.0,750.0,14250.0
12377,93,610,2,3,2921,1,2,12000.0,2400.0,21600.0
12378,523,1469,1,,465,2,3,16500.0,4950.0,44550.0
12379,112,313,1,,1972,1,1,10800.0,0.0,10800.0
12380,621,61,2,1,2681,1,2,12000.0,480.0,23520.0
12381,621,61,2,1,2681,1,2,12000.0,1200.0,22800.0
12382,582,717,2,3,2063,2,2,15750.0,1575.0,29925.0
12383,525,83,2,3,702,2,1,13500.0,1350.0,12150.0
12384,251,214,1,,1602,2,3,15000.0,4500.0,40500.0
12385,160,1298,1,,653,2,2,15000.0,0.0,30000.0
12386,157,1131,1,,256,2,3,15750.0,2362.5,44887.5
12387,157,1131,1,,256,2,1,15000.0,0.0,15000.0
12388,27,416,1,,2734,1,2,10800.0,2160.0,19440.0
12389,408,914,1,,1921,2,3,15000.0,900.0,44100.0
12390,412,469,1,,,1,1,12600.0,630.0,11970.0
12391,412,469,1,,,2,1,15000.0,750.0,14250.0
12392,393,1153,1,,480,2,3,16500.0,990.0,48510.0
12393,393,1153,1,,480,2,3,16500.0,990.0,48510.0
12394,417,795,1,,,2,2,15000.0,3000.0,27000.0
12395,33,138,1,,2518,2,2,13500.0,1350.0,25650.0
12396,112,922,2,4,,2,1,15000.0,0.0,15000.0
12397,128,146,2,3,156,2,3,15000.0,4500.0,40500.0
12398,128,146,2,3,156,1,1,12000.0,0.0,12000.0
12399,390,37,1,,2678,2,2,15000.0,0.0,30000.0
12400,73,88,1,,977,1,1,12000.0,0.0,12000.0
12401,269,206,1,,,1,2,12000.0,480.0,23520.0
12402,170,1099,1,,8,2,2,15750.0,3150.0,28350.0
12403,170,1099,1,,8,1,1,12600.0,1260.0,11340.0
12404,170,1099,1,,8,2,1,15000.0,750.0,14250.0
12405,499,1351,1,,2876,2,1,15750.0,0.0,15750.0
12406,526,497,1,,1696,1,3,12600.0,1890.0,35910.0
12407,122,836,2,3,,1,3,12000.0,1800.0,34200.0
12408,278,1203,2,1,626,1,3,12000.0,3600.0,32400.0
12409,214,251,2,4,1470,2,1,13500.0,0.0,13500.0
12410,212,698,1,,2829,2,2,15000.0,3000.0,27000.0
12411,11,835,1,,2126,1,2,10800.0,0.0,21600.0
12412,311,11,2,4,2540,2,2,15000.0,0.0,30000.0
12413,218,699,2,2,268,2,3,13500.0,810.0,39690.0
12414,366,9,1,,2290,1,3,12000.0,3600.0,32400.0
12415,93,561,1,,2050,1,3,12600.0,756.0,37044.0
12416,93,561,1,,2050,2,1,15000.0,0.0,15000.0
12417,537,1143,2,3,3023,1,1,13200.0,1320.0,11880.0
12418,429,681,2,3,1460,2,1,15000.0,750.0,14250.0
12419,429,681,2,3,1460,1,1,12000.0,240.0,11760.0
12420,43,668,1,,3085,2,1,15750.0,787.5,14962.5
12421,587,635,1,,2083,1,3,12000.0,3600.0,32400.0
12422,266,284,1,,1919,1,3,12000.0,720.0,35280.0
12423,266,284,1,,1919,1,2,12000.0,2400.0,21600.0
12424,516,366,2,4,1075,1,3,10800.0,1620.0,30780.0
12425,516,366,2,4,1075,1,1,12000.0,1200.0,10800.0
12426,573,851,1,,525,2,2,13500.0,1350.0,25650.0
12427,236,1161,1,,3103,1,2,10800.0,1080.0,20520.0
12428,322,1436,1,,2326,2,2,15000.0,3000.0,27000.0
12429,322,1436,1,,2326,2,3,13500.0,2025.0,38475.0
12430,546,1326,2,4,1867,2,3,15000.0,2250.0,42750.0
12431,546,1326,2,4,1867,1,2,12000.0,480.0,23520.0
12432,192,49,1,,1670,1,3,12000.0,720.0,35280.0
12433,525,4,1,,488,1,2,12000.0,480.0,23520.0
12434,525,4,1,,488,1,1,12000.0,0.0,12000.0
12435,595,855,2,3,2190,1,2,12000.0,2400.0,21600.0
12436,392,89,1,,342,2,3,15000.0,2250.0,42750.0
12437,316,114,1,,2150,2,1,16500.0,0.0,16500.0
12438,316,114,1,,2150,1,3,10800.0,0.0,32400.0
12439,543,125,1,,116,1,3,12000.0,0.0,36000.0
12440,602,96,1,,2172,1,2,13200.0,0.0,26400.0
12441,218,1378,2,4,939,1,2,12600.0,2520.0,22680.0
12442,218,1378,2,4,939,1,3,12000.0,720.0,35280.0
12443,489,175,2,1,3016,1,3,12000.0,1800.0,34200.0
12444,13,1010,1,,7,1,3,12000.0,3600.0,32400.0
12445,13,1010,1,,7,1,1,13200.0,264.0,12936.0
12446,13,384,1,,2549,1,3,12000.0,1800.0,34200.0
12447,221,244,2,1,2732,1,2,12000.0,1200.0,22800.0
12448,93,857,1,,3009,2,2,15000.0,600.0,29400.0
12449,229,1255,1,,2733,1,3,12000.0,1800.0,34200.0
12450,395,346,2,4,,1,1,12600.0,1260.0,11340.0
12451,177,828,1,,887,2,3,15000.0,900.0,44100.0
12452,174,1137,1,,2956,2,3,13500.0,2025.0,38475.0
12453,211,1098,1,,,2,3,15000.0,900.0,44100.0
12454,211,1098,1,,,2,1,13500.0,0.0,13500.0
12455,211,1098,1,,,1,2,10800.0,2160.0,19440.0
12456,240,1055,2,3,1269,2,1,13500.0,1350.0,12150.0
12457,8,1216,2,3,65,1,1,12000.0,0.0,12000.0
12458,84,912,1,,1392,2,1,15000.0,300.0,14700.0
12459,84,912,1,,1392,2,1,16500.0,1650.0,14850.0
12460,161,784,2,1,697,1,1,12600.0,0.0,12600.0
12461,388,257,1,,953,2,2,15000.0,600.0,29400.0
12462,200,582,2,1,1618,2,2,15000.0,1500.0,28500.0
12463,374,305,2,4,1262,1,3,12600.0,0.0,37800.0
12464,374,305,2,4,1262,1,2,10800.0,432.0,21168.0
12465,224,894,2,3,332,1,3,12000.0,720.0,35280.0
12466,322,656,2,3,,1,3,12000.0,720.0,35280.0
12467,117,442,1,,3184,2,2,15000.0,3000.0,27000.0
12468,117,442,1,,3184,1,1,12000.0,1200.0,10800.0
12469,278,1229,1,,721,2,2,13500.0,540.0,26460.0
12470,193,819,1,,1758,1,2,12600.0,504.0,24696.0
12471,497,193,1,,1584,1,3,12600.0,0.0,37800.0
12472,415,432,2,4,1443,2,1,15000.0,0.0,15000.0
12473,415,432,2,4,1443,1,1,12000.0,0.0,12000.0
12474,428,1095,1,,161,1,1,12000.0,240.0,11760.0
12475,428,1095,1,,161,2,3,15000.0,900.0,44100.0
12476,56,781,2,4,842,2,1,15750.0,0.0,15750.0
12477,52,562,1,,2405,2,1,15000.0,0.0,15000.0
12478,88,318,1,,255,2,3,15750.0,945.0,46305.0
12479,88,318,1,,255,2,2,15750.0,1575.0,29925.0
12480,253,725,1,,619,1,3,13200.0,3960.0,35640.0
12481,50,746,1,,1788,2,3,15000.0,2250.0,42750.0
12482,512,1214,2,1,3051,2,2,15000.0,1500.0,28500.0
12483,586,302,1,,104,1,2,10800.0,1080.0,20520.0
12484,586,302,1,,104,1,3,12000.0,1800.0,34200.0
12485,342,913,2,1,,2,2,16500.0,1650.0,31350.0
12486,342,913,2,1,,1,3,12000.0,720.0,35280.0
12487,203,1498,1,,2379,1,1,12600.0,1260.0,11340.0
12488,203,1498,1,,2379,1,3,12000.0,1800.0,34200.0
12489,203,1498,1,,2379,2,2,15750.0,3150.0,28350.0
12490,266,1274,2,2,260,2,1,15000.0,300.0,14700.0
12491,347,916,1,,,1,1,12000.0,0.0,12000.0
12492,65,882,1,,1164,2,3,16500.0,990.0,48510.0
12493,48,740,1,,1491,2,3,15000.0,900.0,44100.0
12494,269,353,1,,2490,2,2,15000.0,600.0,29400.0
12495,159,1445,1,,283,1,2,12000.0,0.0,24000.0
12496,159,1445,1,,283,1,3,12000.0,3600.0,32400.0
12497,184,1464,2,3,1136,1,2,12000.0,480.0,23520.0
12498,184,1464,2,3,1136,1,2,12000.0,480.0,23520.0
12499,230,760,2,3,2392,1,2,12600.0,1260.0,23940.0
12500,230,760,2,3,2392,2,2,15000.0,1500.0,28500.0
12501,373,1328,1,,1768,2,1,15000.0,300.0,14700.0
12502,536,766,1,,1673,2,2,16500.0,1650.0,31350.0
12503,312,452,1,,730,1,1,12600.0,630.0,11970.0
12504,312,452,1,,730,1,3,12000.0,0.0,36000.0
12505,512,644,1,,2992,2,3,15000.0,0.0,45000.0
12506,512,644,1,,2992,1,1,12000.0,1200.0,10800.0
12507,380,804,2,2,2310,2,3,15750.0,2362.5,44887.5
12508,519,830,1,,1671,2,2,15000.0,1500.0,28500.0
12509,21,204,2,4,778,2,1,15750.0,1575.0,14175.0
12510,439,987,1,,878,1,1,12600.0,0.0,12600.0
12511,341,427,2,3,1193,1,1,12000.0,600.0,11400.0
12512,47,913,1,,2773,1,1,12000.0,1200.0,10800.0
12513,206,741,2,1,1424,1,1,12000.0,1200.0,10800.0
12514,70,778,2,1,2781,1,2,12000.0,2400.0,21600.0
12515,135,687,1,,594,2,1,15750.0,1575.0,14175.0
12516,135,687,1,,594,1,1,12000.0,1200.0,10800.0
12517,187,165,2,2,2953,2,1,13500.0,270.0,13230.0
12518,621,112,1,,1236,1,2,12000.0,2400.0,21600.0
12519,28,356,2,1,1288,1,2,12000.0,480.0,23520.0
12520,625,1246,1,,1371,1,3,12000.0,720.0,35280.0
12521,625,1246,1,,1371,2,2,15000.0,3000.0,27000.0
12522,591,729,1,,161,1,2,12600.0,2520.0,22680.0
12523,591,729,1,,161,2,2,13500.0,540.0,26460.0
12524,354,862,2,3,249,2,3,16500.0,2475.0,47025.0
12525,12,177,2,1,429,1,2,10800.0,2160.0,19440.0
12526,12,177,2,1,429,2,1,15750.0,787.5,14962.5
12527,12,177,2,1,429,1,1,13200.0,660.0,12540.0
12528,566,1100,1,,1344,1,2,12000.0,0.0,24000.0
12529,517,83,2,2,907,2,3,15000.0,2250.0,42750.0
12530,517,83,2,2,907,1,1,12000.0,240.0,11760.0
12531,628,566,1,,2738,2,2,15000.0,3000.0,27000.0
12532,536,715,1,,550,2,2,15000.0,0.0,30000.0
12533,261,175,2,1,115,1,1,12600.0,252.0,12348.0
12534,234,965,1,,2889,1,1,12600.0,630.0,11970.0
12535,234,965,1,,2889,1,2,12000.0,0.0,24000.0
12536,117,840,2,4,1925,1,1,12000.0,1200.0,10800.0
12537,279,211,2,4,1692,1,1,12000.0,1200.0,10800.0
12538,279,211,2,4,1692,1,2,12600.0,2520.0,22680.0
12539,525,1084,1,,715,2,1,15000.0,1500.0,13500.0
12540,497,860,1,,2779,2,3,16500.0,0.0,49500.0
12541,52,951,1,,1804,1,2,12000.0,1200.0,22800.0
12542,639,118,1,,2258,1,3,12000.0,720.0,35280.0
12543,193,1294,1,,1363,1,1,12000.0,0.0,12000.0
12544,576,1052,2,2,1454,1,2,12000.0,0.0,24000.0
12545,130,615,2,3,1145,1,3,12000.0,3600.0,32400.0
12546,130,615,2,3,1145,2,3,15000.0,4500.0,40500.0
12547,219,1152,2,2,3169,2,2,15750.0,630.0,30870.0
12548,349,781,2,2,798,2,2,15000.0,1500.0,28500.0
12549,70,298,1,,2374,1,1,12000.0,240.0,11760.0
12550,95,1011,1,,42,1,3,12000.0,720.0,35280.0
12551,265,688,2,3,254,2,3,15000.0,0.0,45000.0
12552,265,688,2,3,254,1,1,12000.0,0.0,12000.0
12553,299,526,1,,357,1,2,12000.0,2400.0,21600.0
12554,131,730,1,,,2,2,15000.0,3000.0,27000.0
12555,131,730,1,,,1,1,12000.0,600.0,11400.0
12556,544,908,1,,37,1,1,12600.0,630.0,11970.0
12557,185,1302,1,,1419,1,1,12000.0,240.0,11760.0
12558,185,1302,1,,1419,2,1,15000.0,0.0,15000.0
12559,185,1302,1,,1419,1,3,12000.0,3600.0,32400.0
12560,296,510,2,4,2212,1,3,10800.0,3240.0,29160.0
12561,138,971,2,3,799,1,1,10800.0,0.0,10800.0
12562,138,971,2,3,799,2,3,15000.0,900.0,44100.0
12563,138,971,2,3,799,2,3,15000.0,4500.0,40500.0
12564,120,480,1,,973,2,3,16500.0,0.0,49500.0
12565,178,304,2,4,2800,1,1,12600.0,1260.0,11340.0
12566,178,304,2,4,2800,1,3,12000.0,720.0,35280.0
12567,509,444,1,,1241,2,3,15000.0,2250.0,42750.0
12568,136,1067,1,,2190,2,1,16500.0,0.0,16500.0
12569,122,708,1,,685,2,2,15000.0,3000.0,27000.0
12570,122,708,1,,685,1,1,12000.0,0.0,12000.0
12571,160,262,2,2,1679,1,3,12000.0,0.0,36000.0
12572,6,114,2,4,,2,1,15750.0,315.0,15435.0
12573,475,573,2,1,1360,1,3,12000.0,3600.0,32400.0
12574,475,573,2,1,1360,1,1,10800.0,0.0,10800.0
12575,628,423,2,2,50,1,2,12000.0,0.0,24000.0
12576,487,1246,1,,7,2,1,13500.0,1350.0,12150.0
12577,187,375,2,1,2684,2,3,15000.0,900.0,44100.0
12578,187,375,2,1,2684,2,3,13500.0,810.0,39690.0
12579,219,378,1,,2476,1,2,10800.0,432.0,21168.0
12580,618,1025,2,1,668,2,2,15750.0,1575.0,29925.0
12581,565,1466,1,,2298,2,3,15000.0,4500.0,40500.0
12582,565,1466,1,,2298,1,3,12000.0,3600.0,32400.0
12583,293,1353,1,,1684,1,3,10800.0,0.0,32400.0
12584,82,956,2,4,,1,1,12000.0,240.0,11760.0
12585,541,191,2,4,117,1,2,12000.0,2400.0,21600.0
12586,541,191,2,4,117,2,1,13500.0,270.0,13230.0
12587,143,1085,2,2,99,1,3,13200.0,0.0,39600.0
12588,526,979,2,1,2176,2,3,16500.0,990.0,48510.0
12589,340,1463,1,,683,1,2,12000.0,2400.0,21600.0
12590,526,423,1,,1162,2,1,15000.0,0.0,15000.0
12591,82,770,1,,1451,2,2,15000.0,0.0,30000.0
12592,82,770,1,,1451,2,1,15000.0,300.0,14700.0
12593,82,770,1,,1451,1,1,13200.0,660.0,12540.0
12594,330,905,1,,705,1,2,13200.0,1320.0,25080.0
12595,330,905,1,,705,1,3,12600.0,0.0,37800.0
12596,246,498,1,,1896,1,1,10800.0,540.0,10260.0
12597,562,105,1,,2325,1,1,12000.0,600.0,11400.0
12598,554,530,1,,2042,1,1,12600.0,1260.0,11340.0
12599,145,537,2,4,1516,2,1,15750.0,0.0,15750.0
12600,352,1199,2,2,1908,1,3,10800.0,0.0,32400.0
12601,208,1347,2,3,737,1,2,12000.0,1200.0,22800.0
12602,208,1347,2,3,737,2,1,15750.0,787.5,14962.5
12603,320,173,1,,2334,1,2,12600.0,504.0,24696.0
12604,137,1026,2,4,1753,1,2,12000.0,480.0,23520.0
12605,137,1026,2,4,1753,2,3,15750.0,4725.0,42525.0
12606,93,850,2,4,3101,2,3,15000.0,900.0,44100.0
12607,210,736,1,,2206,1,3,12000.0,3600.0,32400.0
12608,9,1339,2,3,436,2,2,15000.0,3000.0,27000.0
12609,9,1339,2,3,436,2,3,13500.0,4050.0,36450.0
12610,324,573,1,,2437,1,3,12000.0,1800.0,34200.0
12611,432,1409,2,1,1833,2,2,15750.0,3150.0,28350.0
12612,470,363,1,,1516,1,3,12000.0,720.0,35280.0
12613,243,33,2,4,383,2,1,15000.0,1500.0,13500.0
12614,243,33,2,4,383,2,2,15000.0,3000.0,27000.0
12615,243,33,2,4,383,1,3,12000.0,3600.0,32400.0
12616,267,1433,2,4,772,2,3,15000.0,4500.0,40500.0
12617,309,873,2,2,484,1,2,12000.0,0.0,24000.0
12618,309,873,2,2,484,2,2,15000.0,1500.0,28500.0
12619,315,270,1,,,2,3,15000.0,4500.0,40500.0
12620,315,270,1,,,2,1,13500.0,675.0,12825.0
12621,333,1328,1,,,2,3,15000.0,4500.0,40500.0
12622,333,1328,1,,,1,2,12600.0,2520.0,22680.0
12623,273,730,2,3,2318,2,3,15750.0,2362.5,44887.5
12624,600,116,2,3,746,1,1,12000.0,600.0,11400.0
12625,544,1485,1,,1613,1,1,12000.0,600.0,11400.0
12626,374,1405,2,3,2705,1,2,12000.0,1200.0,22800.0
12627,45,652,1,,2546,1,3,12000.0,3600.0,32400.0
12628,248,979,1,,669,2,2,16500.0,660.0,32340.0
12629,248,979,1,,669,1,3,12000.0,3600.0,32400.0
12630,484,275,1,,9,2,3,15000.0,2250.0,42750.0
12631,546,1131,2,3,1563,1,1,12000.0,0.0,12000.0
12632,553,1108,1,,1226,1,3,12000.0,720.0,35280.0
12633,141,1176,1,,1981,2,3,15000.0,0.0,45000.0
12634,57,1435,1,,2146,2,2,15750.0,3150.0,28350.0
12635,57,1435,1,,2146,1,3,10800.0,0.0,32400.0
12636,57,1435,1,,2146,2,2,15000.0,0.0,30000.0
12637,304,872,1,,1422,2,3,15000.0,4500.0,40500.0
12638,436,1098,1,,920,2,2,15000.0,1500.0,28500.0
12639,2,287,1,,,2,2,13500.0,0.0,27000.0
12640,2,287,1,,,2,3,13500.0,810.0,39690.0
12641,610,1496,2,1,2921,1,3,12000.0,1800.0,34200.0
12642,409,712,2,3,1829,2,2,13500.0,540.0,26460.0
12643,237,607,2,2,2086,1,3,12000.0,720.0,35280.0
12644,237,607,2,2,2086,1,3,12000.0,0.0,36000.0
12645,250,25,1,,1640,2,1,13500.0,1350.0,12150.0
12646,250,25,1,,1640,2,3,15000.0,2250.0,42750.0
12647,250,25,1,,1640,2,1,13500.0,0.0,13500.0
12648,92,571,2,2,2402,1,3,12000.0,0.0,36000.0
12649,597,1444,2,4,1466,2,2,15750.0,0.0,31500.0
12650,384,461,1,,1777,1,1,12000.0,1200.0,10800.0
12651,452,1346,1,,1765,2,2,15000.0,3000.0,27000.0
12652,570,226,2,3,1239,2,1,15000.0,750.0,14250.0
12653,570,226,2,3,1239,1,2,12000.0,2400.0,21600.0
12654,630,931,1,,2960,2,1,15000.0,750.0,14250.0
12655,530,523,1,,2047,1,3,12000.0,720.0,35280.0
12656,530,523,1,,2047,2,2,15000.0,3000.0,27000.0
12657,19,330,1,,2565,1,1,12000.0,0.0,12000.0
12658,19,330,1,,2565,2,1,15000.0,300.0,14700.0
12659,372,261,1,,439,1,3,12600.0,3780.0,34020.0
12660,42,325,2,4,2545,2,3,15000.0,4500.0,40500.0
12661,64,751,2,1,,1,3,10800.0,648.0,31752.0
12662,64,751,2,1,,1,1,12000.0,1200.0,10800.0
12663,524,1156,2,1,1110,2,2,15750.0,0.0,31500.0
12664,524,1156,2,1,1110,1,3,13200.0,1980.0,37620.0
12665,434,393,2,3,430,2,1,15000.0,0.0,15000.0
12666,434,393,2,3,430,1,3,13200.0,792.0,38808.0
12667,524,3,1,,881,2,2,16500.0,1650.0,31350.0
12668,420,801,2,4,2182,1,1,12000.0,1200.0,10800.0
12669,179,85,1,,2686,2,2,15000.0,0.0,30000.0
12670,423,808,1,,,1,1,12600.0,630.0,11970.0
12671,274,251,2,3,1185,1,1,12000.0,240.0,11760.0
12672,274,251,2,3,1185,2,1,15750.0,315.0,15435.0
12673,487,233,2,2,2252,1,1,12000.0,0.0,12000.0
12674,487,233,2,2,2252,1,3,10800.0,3240.0,29160.0
12675,567,937,1,,1744,1,2,13200.0,0.0,26400.0
12676,567,937,1,,1744,1,2,12000.0,2400.0,21600.0
12677,500,1094,1,,2204,1,1,12000.0,600.0,11400.0
12678,635,47,1,,1741,1,2,12000.0,480.0,23520.0
12679,635,47,1,,1741,1,3,12000.0,720.0,35280.0
12680,411,667,1,,2283,2,1,15000.0,750.0,14250.0
12681,454,827,1,,3085,2,2,13500.0,2700.0,24300.0
12682,454,827,1,,3085,2,2,13500.0,1350.0,25650.0
12683,454,827,1,,3085,1,3,13200.0,1980.0,37620.0
12684,84,143,1,,940,1,3,12600.0,1890.0,35910.0
12685,383,797,1,,2705,2,1,15000.0,750.0,14250.0
12686,395,85,2,2,1443,1,1,12000.0,240.0,11760.0
12687,86,183,1,,3146,1,1,13200.0,264.0,12936.0
12688,216,980,2,3,2204,1,3,12000.0,1800.0,34200.0
12689,216,980,2,3,2204,1,1,12000.0,0.0,12000.0
12690,539,576,2,3,1530,1,3,13200.0,3960.0,35640.0
12691,465,1319,1,,2535,1,3,12000.0,3600.0,32400.0
12692,624,474,2,1,27,1,3,12600.0,1890.0,35910.0
12693,624,474,2,1,27,2,1,15000.0,300.0,14700.0
12694,413,809,1,,1380,1,2,12000.0,0.0,24000.0
12695,395,528,1,,184,2,3,15000.0,4500.0,40500.0
12696,536,1268,1,,1144,2,3,15000.0,2250.0,42750.0
12697,536,1268,1,,1144,1,3,12000.0,0.0,36000.0
12698,332,1028,1,,845,1,3,12000.0,0.0,36000.0
12699,332,1028,1,,845,1,3,12600.0,0.0,37800.0
12700,120,1223,2,3,985,2,2,15750.0,0.0,31500.0
12701,600,138,1,,2002,2,1,15000.0,750.0,14250.0
12702,394,634,2,1,2595,2,1,15750.0,1575.0,14175.0
12703,277,1461,2,4,3111,2,3,15750.0,4725.0,42525.0
12704,353,621,2,4,,1,2,12000.0,480.0,23520.0
12705,353,621,2,4,,2,1,15750.0,0.0,15750.0
12706,496,375,1,,,2,3,15000.0,2250.0,42750.0
12707,456,147,1,,671,2,1,15000.0,750.0,14250.0
12708,456,147,1,,671,2,3,15000.0,2250.0,42750.0
12709,609,305,1,,2446,1,2,12000.0,2400.0,21600.0
12710,24,562,1,,1148,2,1,15000.0,0.0,15000.0
12711,24,562,1,,1148,2,2,15000.0,600.0,29400.0
12712,270,1484,2,2,1925,1,1,12000.0,1200.0,10800.0
12713,380,1022,1,,3117,1,1,12000.0,240.0,11760.0
12714,29,1082,2,4,312,2,1,16500.0,825.0,15675.0
12715,40,1475,1,,2576,2,2,16500.0,0.0,33000.0
12716,40,1475,1,,2576,1,2,12000.0,480.0,23520.0
12717,308,670,1,,2413,2,1,15000.0,0.0,15000.0
12718,308,670,1,,2413,2,3,15000.0,0.0,45000.0
12719,501,836,2,1,3168,1,1,12600.0,252.0,12348.0
12720,501,836,2,1,3168,1,1,10800.0,540.0,10260.0
12721,36,1344,1,,2875,1,1,12000.0,600.0,11400.0
12722,339,524,2,2,735,1,2,12000.0,480.0,23520.0
12723,443,1207,2,4,1402,1,2,12000.0,1200.0,22800.0
12724,247,985,2,4,148,1,3,12000.0,720.0,35280.0
12725,399,90,2,1,919,1,1,12000.0,0.0,12000.0
12726,45,1200,1,,306,2,3,15000.0,0.0,45000.0
12727,349,1376,1,,2266,1,1,12000.0,0.0,12000.0
12728,566,752,1,,2871,2,2,15000.0,3000.0,27000.0
12729,385,1084,2,3,1263,2,3,13500.0,810.0,39690.0
12730,367,439,1,,2478,1,2,10800.0,0.0,21600.0
12731,534,1228,1,,1049,2,2,15750.0,0.0,31500.0
12732,235,1289,1,,835,2,1,13500.0,270.0,13230.0
12733,111,523,2,4,1393,2,2,15750.0,0.0,31500.0
12734,430,1377,2,1,666,1,1,12000.0,1200.0,10800.0
12735,430,1377,2,1,666,1,2,12000.0,1200.0,22800.0
12736,504,184,2,3,2799,2,2,15000.0,0.0,30000.0
12737,501,1168,2,1,1383,2,1,15000.0,300.0,14700.0
12738,170,1332,2,1,1430,1,1,12000.0,0.0,12000.0
12739,170,1332,2,1,1430,2,1,15000.0,750.0,14250.0
12740,148,254,2,1,874,1,1,12000.0,600.0,11400.0
12741,148,254,2,1,874,1,1,12600.0,1260.0,11340.0
12742,264,826,1,,2507,1,3,12000.0,1800.0,34200.0
12743,519,166,2,2,342,2,2,15000.0,1500.0,28500.0
12744,519,166,2,2,342,2,2,15000.0,3000.0,27000.0
12745,519,166,2,2,342,1,3,12600.0,0.0,37800.0
12746,156,397,1,,1250,2,3,13500.0,0.0,40500.0
12747,156,397,1,,1250,2,3,15000.0,2250.0,42750.0
12748,209,152,1,,2583,2,3,15000.0,900.0,44100.0
12749,209,152,1,,2583,1,3,10800.0,1620.0,30780.0
12750,91,1374,2,3,619,2,2,15000.0,0.0,30000.0
12751,618,521,2,3,727,1,2,10800.0,1080.0,20520.0
12752,474,1117,1,,1877,2,1,15750.0,0.0,15750.0
12753,474,1117,1,,1877,2,2,15000.0,3000.0,27000.0
12754,422,849,2,4,984,1,2,12000.0,2400.0,21600.0
12755,612,1182,1,,821,1,1,12600.0,0.0,12600.0
12756,385,121,2,4,2747,1,1,12600.0,0.0,12600.0
12757,484,71,1,,964,1,3,12000.0,0.0,36000.0
12758,259,841,2,2,2063,1,3,12000.0,0.0,36000.0
12759,81,1224,1,,,2,3,15000.0,900.0,44100.0
12760,446,719,1,,618,1,1,13200.0,1320.0,11880.0
12761,608,663,2,2,1267,2,2,15750.0,1575.0,29925.0
12762,9,351,2,4,1911,2,2,15000.0,3000.0,27000.0
12763,9,351,2,4,1911,1,2,12600.0,1260.0,23940.0
12764,9,351,2,4,1911,1,2,12000.0,2400.0,21600.0
12765,576,856,1,,1282,1,1,12000.0,600.0,11400.0
12766,429,158,1,,1848,2,2,15000.0,1500.0,28500.0
12767,605,321,1,,843,2,1,13500.0,0.0,13500.0
12768,310,1033,1,,797,1,3,12600.0,756.0,37044.0
12769,225,570,2,3,1061,2,3,15000.0,0.0,45000.0
12770,15,1496,2,2,70,1,1,12000.0,0.0,12000.0
12771,543,1464,2,1,1262,2,3,15000.0,4500.0,40500.0
12772,24,300,2,2,1113,1,2,12000.0,1200.0,22800.0
12773,511,238,2,4,,2,2,15000.0,600.0,29400.0
12774,440,659,1,,,1,1,12600.0,252.0,12348.0
12775,244,1170,2,4,2742,1,1,13200.0,1320.0,11880.0
12776,15,874,2,4,540,2,3,15750.0,0.0,47250.0
12777,324,1202,2,3,2298,1,3,12000.0,0.0,36000.0
12778,93,12,2,2,2654,2,1,15000.0,0.0,15000.0
12779,466,220,2,4,2488,1,3,12600.0,3780.0,34020.0
12780,113,535,1,,2480,1,1,13200.0,660.0,12540.0
12781,249,1224,2,1,1329,1,3,12000.0,1800.0,34200.0
12782,598,391,1,,,2,2,15000.0,1500.0,28500.0
12783,261,22,1,,2765,1,2,12000.0,0.0,24000.0
12784,312,679,1,,3140,1,2,12000.0,0.0,24000.0
12785,312,679,1,,3140,1,2,12600.0,0.0,25200.0
12786,308,906,1,,345,1,3,12600.0,756.0,37044.0
12787,77,705,1,,2173,1,1,12600.0,252.0,12348.0
12788,240,281,2,3,3179,2,2,15000.0,1500.0,28500.0
12789,448,672,1,,496,2,3,15000.0,4500.0,40500.0
12790,607,1239,1,,1830,1,2,12000.0,1200.0,22800.0
12791,569,1058,2,1,2340,1,1,12600.0,1260.0,11340.0
12792,159,371,1,,,2,3,15000.0,900.0,44100.0
12793,116,1297,1,,2253,1,2,12000.0,480.0,23520.0
12794,329,528,2,3,2807,1,1,10800.0,0.0,10800.0
12795,329,528,2,3,2807,2,2,15000.0,600.0,29400.0
12796,354,1432,1,,2881,2,3,15000.0,900.0,44100.0
12797,545,1293,2,2,,1,3,12000.0,3600.0,32400.0
12798,309,985,1,,33,1,1,12000.0,0.0,12000.0
12799,309,985,1,,33,2,2,16500.0,3300.0,29700.0
12800,31,478,1,,,1,2,12000.0,2400.0,21600.0
12801,6,752,1,,150,1,3,12000.0,1800.0,34200.0
12802,584,892,1,,353,1,2,12000.0,0.0,24000.0
12803,584,892,1,,353,1,2,12000.0,0.0,24000.0
12804,279,1308,1,,1531,2,2,15000.0,0.0,30000.0
12805,479,59,2,3,288,1,1,12000.0,0.0,12000.0
12806,479,59,2,3,288,1,3,12000.0,3600.0,32400.0
12807,63,643,1,,3200,1,1,12600.0,252.0,12348.0
12808,63,643,1,,3200,2,1,16500.0,0.0,16500.0
12809,557,994,1,,2664,2,2,15000.0,0.0,30000.0
12810,89,165,2,1,1232,2,1,13500.0,0.0,13500.0
12811,584,1275,1,,161,2,2,13500.0,1350.0,25650.0
12812,624,987,1,,2395,2,2,13500.0,0.0,27000.0
12813,216,117,1,,2082,2,2,15000.0,0.0,30000.0
12814,144,1315,2,3,750,2,3,13500.0,4050.0,36450.0
12815,460,517,1,,1884,2,3,15000.0,4500.0,40500.0
12816,460,517,1,,1884,1,2,12000.0,2400.0,21600.0
12817,460,517,1,,1884,1,3,12600.0,0.0,37800.0
12818,147,1256,2,3,1289,2,1,16500.0,330.0,16170.0
12819,439,486,2,1,622,2,2,13500.0,1350.0,25650.0
12820,373,1132,1,,,1,3,12600.0,756.0,37044.0
12821,491,139,2,1,695,1,3,12000.0,1800.0,34200.0
12822,599,1330,1,,569,2,3,15000.0,2250.0,42750.0
12823,615,1495,1,,554,2,3,16500.0,990.0,48510.0
12824,615,1495,1,,554,2,1,15000.0,0.0,15000.0
12825,580,825,1,,2313,1,3,13200.0,1980.0,37620.0
12826,266,538,2,1,3054,2,2,13500.0,0.0,27000.0
12827,97,264,2,1,,1,1,10800.0,540.0,10260.0
12828,588,216,1,,1053,2,3,15000.0,900.0,44100.0
12829,85,314,1,,1082,2,2,15000.0,3000.0,27000.0
12830,238,552,2,3,57,1,3,13200.0,1980.0,37620.0
12831,269,1111,1,,435,2,2,15000.0,1500.0,28500.0
12832,356,11,1,,2441,2,2,15000.0,600.0,29400.0
12833,383,857,2,1,2432,2,3,15750.0,2362.5,44887.5
12834,555,359,1,,1089,1,3,12000.0,720.0,35280.0
12835,555,359,1,,1089,1,2,12000.0,1200.0,22800.0
12836,102,1207,2,3,2009,2,1,15000.0,0.0,15000.0
12837,160,1341,1,,1775,2,2,15750.0,630.0,30870.0
12838,160,1341,1,,1775,1,2,12000.0,0.0,24000.0
12839,160,1341,1,,1775,1,3,12600.0,3780.0,34020.0
12840,203,1297,1,,2472,2,2,15000.0,600.0,29400.0
12841,552,1343,1,,1436,1,2,13200.0,2640.0,23760.0
12842,552,1343,1,,1436,1,3,12000.0,0.0,36000.0
12843,454,1391,1,,1737,2,1,15000.0,300.0,14700.0
12844,256,1491,2,4,,2,2,15000.0,3000.0,27000.0
12845,17,1173,1,,,1,3,12000.0,720.0,35280.0
12846,21,299,1,,2211,1,2,10800.0,2160.0,19440.0
12847,368,561,1,,2033,2,1,16500.0,1650.0,14850.0
12848,368,561,1,,2033,2,2,13500.0,540.0,26460.0
12849,368,561,1,,2033,2,3,13500.0,4050.0,36450.0
12850,196,786,1,,326,1,1,12000.0,1200.0,10800.0
12851,552,1,1,,2247,2,1,13500.0,1350.0,12150.0
12852,559,712,1,,,2,1,15750.0,787.5,14962.5
12853,434,1172,1,,2868,2,2,15000.0,600.0,29400.0
12854,489,687,2,1,2934,2,2,15750.0,3150.0,28350.0
12855,5,162,1,,250,2,3,15000.0,4500.0,40500.0
12856,566,493,1,,2736,1,3,12000.0,3600.0,32400.0
12857,343,1118,2,3,2241,1,2,12000.0,1200.0,22800.0
12858,343,1118,2,3,2241,2,2,16500.0,1650.0,31350.0
12859,205,795,1,,2236,1,3,12000.0,0.0,36000.0
12860,354,1074,1,,688,2,3,15000.0,0.0,45000.0
12861,311,476,1,,,2,2,16500.0,0.0,33000.0
12862,269,1450,2,3,2865,1,1,13200.0,264.0,12936.0
12863,392,104,1,,574,1,3,12600.0,3780.0,34020.0
12864,392,104,1,,574,1,2,12600.0,2520.0,22680.0
12865,220,284,1,,1398,1,3,12000.0,1800.0,34200.0
12866,637,1322,1,,991,1,3,12000.0,0.0,36000.0
12867,156,445,2,4,762,1,3,12000.0,720.0,35280.0
12868,156,1380,1,,1492,1,3,13200.0,792.0,38808.0
12869,324,750,1,,1766,1,3,12600.0,0.0,37800.0
12870,633,241,1,,2854,2,1,16500.0,330.0,16170.0
12871,633,241,1,,2854,1,1,12000.0,600.0,11400.0
12872,631,513,2,1,2406,1,2,12600.0,1260.0,23940.0
12873,95,1425,1,,3050,2,2,15000.0,3000.0,27000.0
12874,95,1425,1,,3050,2,3,15000.0,0.0,45000.0
12875,544,1107,1,,1676,1,3,12000.0,0.0,36000.0
12876,544,1107,1,,1676,2,1,13500.0,1350.0,12150.0
12877,213,423,1,,1359,1,2,13200.0,528.0,25872.0
12878,213,423,1,,1359,1,1,12600.0,252.0,12348.0
12879,248,1465,2,1,,2,1,15000.0,300.0,14700.0
12880,248,1465,2,1,,2,3,15000.0,4500.0,40500.0
12881,552,674,2,1,1282,1,3,13200.0,0.0,39600.0
12882,536,128,2,3,2172,1,2,12000.0,480.0,23520.0
12883,102,78,1,,2779,2,2,13500.0,0.0,27000.0
12884,186,216,1,,,2,3,15000.0,4500.0,40500.0
12885,578,666,1,,2458,2,2,15000.0,1500.0,28500.0
12886,578,666,1,,2458,2,1,15750.0,315.0,15435.0
12887,190,842,1,,744,1,1,10800.0,0.0,10800.0
12888,466,1154,2,1,2710,1,2,10800.0,2160.0,19440.0
12889,16,548,2,2,1520,1,3,12000.0,720.0,35280.0
12890,16,548,2,2,1520,2,1,15750.0,0.0,15750.0
12891,127,1287,1,,,2,2,16500.0,3300.0,29700.0
12892,85,1322,1,,1638,1,3,12600.0,756.0,37044.0
12893,231,487,2,4,441,1,3,12000.0,3600.0,32400.0
12894,107,1003,1,,2570,1,3,12000.0,1800.0,34200.0
12895,576,445,1,,2914,1,2,12000.0,0.0,24000.0
12896,125,402,1,,560,1,3,12000.0,720.0,35280.0
12897,125,402,1,,560,1,3,12000.0,0.0,36000.0
12898,158,925,2,2,1027,1,2,12000.0,0.0,24000.0
12899,557,1308,2,4,2424,1,3,10800.0,3240.0,29160.0
12900,557,1308,2,4,2424,2,1,15000.0,1500.0,13500.0
12901,549,995,2,2,742,2,1,15000.0,750.0,14250.0
12902,564,539,2,4,577,1,3,12000.0,1800.0,34200.0
12903,597,1340,1,,2088,1,3,12000.0,1800.0,34200.0
12904,400,1072,1,,2222,1,1,12600.0,1260.0,11340.0
12905,400,1072,1,,2222,1,2,13200.0,528.0,25872.0
12906,100,942,2,3,,2,3,15000.0,2250.0,42750.0
12907,58,1270,1,,500,2,1,13500.0,1350.0,12150.0
12908,58,1270,1,,500,1,2,12000.0,2400.0,21600.0
12909,368,929,1,,849,1,3,13200.0,3960.0,35640.0
12910,431,1487,2,1,1072,1,3,13200.0,1980.0,37620.0
12911,80,437,2,1,816,2,3,13500.0,810.0,39690.0
12912,351,554,1,,1785,1,2,10800.0,2160.0,19440.0
12913,2,948,1,,622,2,1,15000.0,0.0,15000.0
12914,199,397,1,,2689,2,2,15000.0,600.0,29400.0
12915,199,397,1,,2689,1,1,13200.0,264.0,12936.0
12916,105,988,2,4,1373,1,2,10800.0,2160.0,19440.0
12917,540,1216,1,,2989,2,2,15000.0,1500.0,28500.0
12918,632,503,2,3,181,2,1,15750.0,315.0,15435.0
12919,111,687,1,,,2,3,15000.0,4500.0,40500.0
12920,111,687,1,,,1,2,10800.0,2160.0,19440.0
12921,148,1278,1,,485,2,3,15000.0,4500.0,40500.0
12922,148,1278,1,,485,1,2,13200.0,528.0,25872.0
12923,227,114,2,2,,1,1,10800.0,0.0,10800.0
12924,241,1315,2,3,937,2,3,15000.0,2250.0,42750.0
12925,194,436,1,,1089,1,2,10800.0,1080.0,20520.0
12926,194,436,1,,1089,1,2,12000.0,480.0,23520.0
12927,3,54,1,,1842,1,2,13200.0,0.0,26400.0
12928,3,54,1,,1842,1,2,12600.0,504.0,24696.0
12929,527,887,1,,2613,2,3,15750.0,0.0,47250.0
12930,599,852,2,1,1859,2,2,15000.0,600.0,29400.0
12931,153,176,1,,927,2,3,15000.0,4500.0,40500.0
12932,360,996,2,1,32,1,3,12000.0,3600.0,32400.0
12933,360,996,2,1,32,1,3,12000.0,720.0,35280.0
12934,360,996,2,1,32,1,2,12000.0,1200.0,22800.0
12935,260,942,1,,2625,2,3,13500.0,2025.0,38475.0
12936,190,909,2,1,3012,2,3,15750.0,2362.5,44887.5
12937,190,909,2,1,3012,1,2,12000.0,2400.0,21600.0
12938,493,610,1,,1263,2,1,13500.0,270.0,13230.0
12939,529,79,2,2,1233,2,3,15000.0,2250.0,42750.0
12940,529,79,2,2,1233,1,2,12000.0,1200.0,22800.0
12941,280,1003,1,,866,2,3,16500.0,2475.0,47025.0
12942,440,1140,2,1,2102,2,2,15000.0,600.0,29400.0
12943,2,887,1,,,2,2,16500.0,1650.0,31350.0
12944,466,396,2,1,455,1,2,12600.0,2520.0,22680.0
12945,285,1193,1,,646,1,2,13200.0,2640.0,23760.0
12946,285,1193,1,,646,1,2,12000.0,2400.0,21600.0
12947,285,1193,1,,646,1,3,12000.0,0.0,36000.0
12948,617,1010,1,,,2,2,15000.0,3000.0,27000.0
12949,617,1010,1,,,1,1,12600.0,0.0,12600.0
12950,69,327,1,,646,1,2,12000.0,0.0,24000.0
12951,194,368,2,2,991,1,1,13200.0,264.0,12936.0
12952,203,961,2,2,2706,1,3,12000.0,720.0,35280.0
12953,393,52,1,,1119,2,3,13500.0,2025.0,38475.0
12954,393,52,1,,1119,2,3,15000.0,0.0,45000.0
12955,350,1300,2,2,3164,2,3,16500.0,2475.0,47025.0
12956,294,1079,1,,675,1,2,10800.0,0.0,21600.0
12957,82,1168,2,1,2127,2,3,15750.0,945.0,46305.0
12958,543,1254,1,,2146,2,3,15000.0,0.0,45000.0
12959,85,277,1,,2126,1,2,12000.0,0.0,24000.0
12960,593,1252,2,2,2840,2,2,15000.0,600.0,29400.0
12961,83,999,1,,1101,1,1,12000.0,0.0,12000.0
12962,574,907,1,,772,2,3,13500.0,0.0,40500.0
12963,360,812,1,,2155,2,2,15000.0,0.0,30000.0
12964,357,240,1,,3183,1,2,12000.0,480.0,23520.0
12965,357,240,1,,3183,1,1,12000.0,240.0,11760.0
12966,54,1146,1,,1588,2,3,15750.0,2362.5,44887.5
12967,480,1009,1,,2810,1,1,13200.0,660.0,12540.0
12968,392,1059,2,3,3134,1,1,10800.0,1080.0,9720.0
12969,392,1059,2,3,3134,2,3,15000.0,2250.0,42750.0
12970,392,1059,2,3,3134,2,3,15000.0,900.0,44100.0
12971,100,1176,2,1,,2,2,15750.0,630.0,30870.0
12972,100,1176,2,1,,1,2,12000.0,0.0,24000.0
12973,190,637,1,,2450,1,3,12000.0,0.0,36000.0
12974,143,1455,1,,398,2,3,15000.0,2250.0,42750.0
12975,116,696,1,,2659,2,1,15000.0,300.0,14700.0
12976,430,224,1,,,2,1,16500.0,330.0,16170.0
12977,439,1494,1,,591,1,2,12000.0,0.0,24000.0
12978,439,1494,1,,591,1,1,12600.0,0.0,12600.0
12979,615,1022,1,,2270,1,1,10800.0,216.0,10584.0
12980,615,1022,1,,2270,1,1,12000.0,1200.0,10800.0
12981,570,1463,1,,1192,1,1,12000.0,600.0,11400.0
12982,570,1463,1,,1192,2,2,15000.0,0.0,30000.0
12983,316,714,1,,26,2,3,15000.0,2250.0,42750.0
12984,352,714,1,,501,2,1,15000.0,0.0,15000.0
12985,630,1458,2,2,2831,1,2,10800.0,432.0,21168.0
12986,428,239,2,2,275,2,3,15000.0,2250.0,42750.0
12987,428,239,2,2,275,1,1,12000.0,240.0,11760.0
12988,635,525,1,,,1,3,12000.0,1800.0,34200.0
12989,635,525,1,,,1,1,12000.0,1200.0,10800.0
12990,142,647,1,,1012,2,2,16500.0,1650.0,31350.0
12991,416,195,1,,940,2,2,13500.0,540.0,26460.0
12992,416,195,1,,940,2,1,15750.0,1575.0,14175.0
12993,187,558,2,4,1752,2,2,15000.0,0.0,30000.0
12994,533,1248,2,2,294,1,1,12600.0,0.0,12600.0
12995,533,1248,2,2,294,1,2,10800.0,1080.0,20520.0
12996,341,409,1,,1889,1,3,12000.0,720.0,35280.0
12997,506,973,1,,117,1,2,12600.0,1260.0,23940.0
12998,136,642,1,,2267,1,2,13200.0,1320.0,25080.0
12999,314,533,1,,2804,1,2,12000.0,1200.0,22800.0
13000,593,591,1,,1095,1,2,12000.0,0.0,24000.0
13001,164,919,1,,615,2,2,16500.0,3300.0,29700.0
13002,164,919,1,,615,1,3,12000.0,720.0,35280.0
13003,182,578,1,,2652,1,2,10800.0,0.0,21600.0
13004,334,1238,2,3,1703,2,2,15000.0,0.0,30000.0
13005,361,614,1,,1403,2,3,15000.0,900.0,44100.0
13006,361,614,1,,1403,1,3,13200.0,3960.0,35640.0
13007,263,142,2,1,250,1,2,12600.0,504.0,24696.0
13008,263,142,2,1,250,1,3,12000.0,720.0,35280.0
13009,489,1046,2,4,2986,2,1,15000.0,300.0,14700.0
13010,209,127,1,,1543,1,1,12000.0,0.0,12000.0
13011,209,127,1,,1543,2,2,15000.0,600.0,29400.0
13012,242,1372,1,,2165,1,1,12000.0,600.0,11400.0
13013,569,238,1,,113,1,1,10800.0,0.0,10800.0
13014,535,1389,2,4,2710,2,1,15000.0,750.0,14250.0
13015,93,118,1,,1508,1,3,12600.0,756.0,37044.0
13016,389,1047,2,3,380,2,2,16500.0,1650.0,31350.0
13017,389,1047,2,3,380,2,2,13500.0,1350.0,25650.0
13018,204,565,1,,3054,2,1,15000.0,300.0,14700.0
13019,478,499,1,,218,2,2,15000.0,3000.0,27000.0
13020,194,252,1,,445,1,3,12000.0,3600.0,32400.0
13021,194,252,1,,445,2,2,15750.0,0.0,31500.0
13022,576,1272,1,,3009,1,3,12000.0,1800.0,34200.0
13023,282,1402,2,3,1370,1,3,12000.0,720.0,35280.0
13024,352,410,2,4,1330,1,3,13200.0,1980.0,37620.0
13025,128,165,1,,2565,1,3,12000.0,0.0,36000.0
13026,128,165,1,,2565,1,3,12000.0,0.0,36000.0
13027,124,1065,2,4,2734,1,3,10800.0,648.0,31752.0
13028,176,1296,2,2,3204,2,2,15000.0,1500.0,28500.0
13029,383,855,1,,459,2,2,15000.0,0.0,30000.0
13030,383,855,1,,459,2,2,15000.0,0.0,30000.0
13031,383,855,1,,459,1,3,12600.0,3780.0,34020.0
13032,205,1238,1,,2060,2,1,15000.0,300.0,14700.0
13033,564,912,1,,1797,2,3,15000.0,2250.0,42750.0
13034,564,912,1,,1797,1,3,12000.0,1800.0,34200.0
13035,352,1104,2,4,2942,1,2,12000.0,2400.0,21600.0
13036,421,659,1,,1179,2,3,15000.0,0.0,45000.0
13037,121,220,2,3,,1,2,12000.0,480.0,23520.0
13038,608,1198,1,,1448,2,2,15000.0,1500.0,28500.0
13039,608,1198,1,,1448,2,3,15000.0,4500.0,40500.0
13040,20,409,2,4,772,2,3,13500.0,4050.0,36450.0
13041,176,839,1,,329,1,1,10800.0,216.0,10584.0
13042,294,80,1,,1088,2,1,15000.0,750.0,14250.0
13043,99,1330,1,,2368,1,2,12000.0,0.0,24000.0
13044,65,1104,1,,1525,1,1,12600.0,1260.0,11340.0
13045,373,749,1,,1981,1,2,12600.0,504.0,24696.0
13046,538,719,1,,1156,1,2,10800.0,2160.0,19440.0
13047,503,809,1,,2342,2,1,16500.0,330.0,16170.0
13048,503,809,1,,2342,1,1,12600.0,0.0,12600.0
13049,569,1284,1,,855,2,1,15000.0,750.0,14250.0
13050,258,1354,1,,3021,1,3,12000.0,1800.0,34200.0
13051,275,653,1,,,1,2,10800.0,2160.0,19440.0
13052,588,351,1,,930,1,2,12000.0,0.0,24000.0
13053,588,351,1,,930,2,2,15000.0,600.0,29400.0
13054,541,199,1,,221,2,3,13500.0,4050.0,36450.0
13055,541,199,1,,221,2,2,15750.0,3150.0,28350.0
13056,131,619,1,,466,2,2,15750.0,0.0,31500.0
13057,259,1413,2,1,580,1,2,12600.0,2520.0,22680.0
13058,131,467,2,4,91,1,1,12000.0,240.0,11760.0
13059,246,338,2,4,,1,2,12600.0,1260.0,23940.0
13060,525,415,2,1,2352,1,3,12600.0,1890.0,35910.0
13061,140,1337,2,2,2235,1,1,12000.0,1200.0,10800.0
13062,73,444,1,,2399,2,1,15000.0,300.0,14700.0
13063,615,812,1,,424,1,1,12000.0,0.0,12000.0
13064,615,812,1,,424,1,3,12000.0,3600.0,32400.0
13065,459,265,1,,1787,1,3,10800.0,1620.0,30780.0
13066,459,265,1,,1787,2,1,15000.0,750.0,14250.0
13067,517,748,2,1,2943,1,2,10800.0,0.0,21600.0
13068,50,945,1,,1240,2,1,13500.0,0.0,13500.0
13069,61,1347,2,2,1051,2,1,13500.0,270.0,13230.0
13070,86,744,1,,1898,1,3,12000.0,3600.0,32400.0
13071,219,1274,1,,742,1,2,10800.0,432.0,21168.0
13072,219,1274,1,,742,2,1,15750.0,1575.0,14175.0
13073,398,758,1,,597,2,1,15000.0,0.0,15000.0
13074,217,851,1,,2447,1,1,12000.0,240.0,11760.0
13075,214,1026,2,4,2021,1,2,12000.0,2400.0,21600.0
13076,303,1185,1,,2887,1,2,12000.0,1200.0,22800.0
13077,341,193,1,,2953,2,1,15000.0,1500.0,13500.0
13078,237,1322,1,,1052,2,2,15000.0,600.0,29400.0
13079,557,1405,1,,956,1,2,12000.0,2400.0,21600.0
13080,3,757,1,,1940,2,2,15000.0,1500.0,28500.0
13081,631,1146,2,2,2827,1,3,12000.0,720.0,35280.0
13082,631,1146,2,2,2827,1,2,12600.0,2520.0,22680.0
13083,182,404,2,2,2181,1,2,12000.0,480.0,23520.0
13084,335,888,1,,1238,2,1,15000.0,1500.0,13500.0
13085,335,888,1,,1238,2,1,15000.0,0.0,15000.0
13086,520,841,2,4,2078,1,3,12000.0,0.0,36000.0
13087,456,159,1,,1374,1,2,12000.0,2400.0,21600.0
13088,456,159,1,,1374,2,1,15750.0,315.0,15435.0
13089,153,1376,2,1,1047,2,2,13500.0,540.0,26460.0
13090,492,1105,2,1,2446,2,3,15000.0,0.0,45000.0
13091,492,1105,2,1,2446,1,1,10800.0,540.0,10260.0
13092,492,1105,2,1,2446,1,1,12000.0,0.0,12000.0
13093,57,165,2,1,1410,1,1,10800.0,540.0,10260.0
13094,519,1356,1,,1718,1,2,12000.0,2400.0,21600.0
13095,249,692,2,1,41,1,1,10800.0,540.0,10260.0
13096,236,661,1,,305,1,2,12000.0,2400.0,21600.0
13097,260,1170,2,2,1216,1,2,10800.0,432.0,21168.0
13098,150,195,2,2,1273,2,2,15000.0,3000.0,27000.0
13099,150,195,2,2,1273,2,3,15000.0,900.0,44100.0
13100,628,430,1,,192,1,3,12000.0,1800.0,34200.0
13101,628,430,1,,192,1,2,10800.0,432.0,21168.0
13102,628,430,1,,192,2,1,15000.0,1500.0,13500.0
13103,395,1087,2,4,745,2,2,15750.0,3150.0,28350.0
13104,452,759,2,2,1945,1,1,12600.0,630.0,11970.0
13105,20,1419,1,,1496,2,3,15000.0,0.0,45000.0
13106,12,423,1,,,1,1,12000.0,0.0,12000.0
13107,202,1181,1,,,1,3,12000.0,0.0,36000.0
13108,168,1457,1,,,1,1,12000.0,1200.0,10800.0
13109,212,647,2,1,2573,1,2,12600.0,1260.0,23940.0
13110,505,1451,1,,2869,2,1,15000.0,750.0,14250.0
13111,316,809,2,1,1458,1,1,12000.0,240.0,11760.0
13112,316,809,2,1,1458,2,1,13500.0,0.0,13500.0
13113,177,978,2,1,852,1,2,12600.0,504.0,24696.0
13114,476,1199,1,,282,2,2,15750.0,3150.0,28350.0
13115,121,1053,1,,2529,1,1,12000.0,240.0,11760.0
13116,54,1348,2,3,2028,2,3,15750.0,0.0,47250.0
13117,443,717,2,3,1635,2,1,15000.0,750.0,14250.0
13118,1,88,1,,3086,1,3,12000.0,3600.0,32400.0
13119,304,938,2,4,3123,2,2,15750.0,0.0,31500.0
13120,304,938,2,4,3123,1,2,13200.0,528.0,25872.0
13121,251,1148,2,4,1963,1,3,12600.0,0.0,37800.0
13122,327,63,2,2,253,2,2,15000.0,600.0,29400.0
13123,327,63,2,2,253,2,1,16500.0,0.0,16500.0
13124,524,835,1,,2840,1,1,12000.0,1200.0,10800.0
13125,524,835,1,,2840,1,3,12000.0,720.0,35280.0
13126,323,921,1,,119,1,2,12600.0,1260.0,23940.0
13127,323,921,1,,119,1,2,12000.0,0.0,24000.0
13128,323,921,1,,119,2,1,16500.0,1650.0,14850.0
13129,65,658,1,,,1,2,12600.0,0.0,25200.0
13130,135,901,2,3,1276,1,2,12000.0,1200.0,22800.0
13131,135,901,2,3,1276,1,3,12000.0,720.0,35280.0
13132,460,1193,1,,111,2,2,16500.0,1650.0,31350.0
13133,389,324,2,4,93,2,1,15000.0,300.0,14700.0
13134,389,324,2,4,93,1,3,12600.0,1890.0,35910.0
13135,244,17,1,,418,1,1,12000.0,240.0,11760.0
13136,334,239,1,,237,2,3,15000.0,4500.0,40500.0
13137,118,490,1,,2625,2,1,15000.0,1500.0,13500.0
13138,118,490,1,,2625,2,1,15000.0,300.0,14700.0
13139,298,1265,1,,271,1,2,12000.0,2400.0,21600.0
13140,418,509,2,3,2022,1,2,12600.0,1260.0,23940.0
13141,341,1037,1,,2472,2,1,15000.0,750.0,14250.0
13142,92,547,1,,2344,2,1,15000.0,750.0,14250.0
13143,92,547,1,,2344,1,1,12000.0,1200.0,10800.0
13144,233,634,2,1,2318,1,1,10800.0,216.0,10584.0
13145,371,1422,1,,2495,1,3,12000.0,1800.0,34200.0
13146,157,70,1,,817,1,3,12000.0,1800.0,34200.0
13147,100,729,2,2,60,1,2,12000.0,480.0,23520.0
13148,100,729,2,2,60,2,3,15750.0,945.0,46305.0
13149,616,890,1,,1207,1,3,12000.0,1800.0,34200.0
13150,253,955,1,,286,1,3,12000.0,0.0,36000.0
13151,324,1004,2,3,1906,2,3,15000.0,2250.0,42750.0
13152,53,727,1,,2900,2,3,16500.0,990.0,48510.0
13153,53,727,1,,2900,2,3,15000.0,0.0,45000.0
13154,53,727,1,,2900,1,2,10800.0,1080.0,20520.0
13155,178,1231,1,,1595,2,1,15000.0,0.0,15000.0
13156,178,1231,1,,1595,2,2,15000.0,0.0,30000.0
13157,218,861,1,,646,1,2,12000.0,1200.0,22800.0
13158,218,861,1,,646,1,2,12000.0,1200.0,22800.0
13159,593,665,1,,2832,1,2,12000.0,0.0,24000.0
13160,307,893,2,3,2017,2,2,15000.0,0.0,30000.0
13161,307,893,2,3,2017,1,1,12000.0,1200.0,10800.0
13162,230,501,1,,241,2,1,15000.0,1500.0,13500.0
13163,28,205,1,,2812,1,2,12000.0,1200.0,22800.0
13164,398,1213,1,,1544,1,2,12000.0,0.0,24000.0
13165,626,572,2,2,2974,2,2,15000.0,3000.0,27000.0
13166,626,572,2,2,2974,1,1,12000.0,240.0,11760.0
13167,21,215,1,,,2,2,13500.0,2700.0,24300.0
13168,21,215,1,,,2,2,15000.0,3000.0,27000.0
13169,92,968,1,,,2,2,15000.0,0.0,30000.0
13170,587,1489,2,2,,1,1,12000.0,0.0,12000.0
13171,532,1413,1,,82,2,1,13500.0,270.0,13230.0
13172,43,1124,1,,1542,2,2,15750.0,1575.0,29925.0
13173,43,1124,1,,1542,2,2,15000.0,0.0,30000.0
13174,271,830,1,,854,1,1,12000.0,240.0,11760.0
13175,250,210,2,1,1412,1,2,12000.0,1200.0,22800.0
13176,261,427,1,,2983,1,2,13200.0,0.0,26400.0
13177,261,427,1,,2983,1,1,12000.0,0.0,12000.0
13178,154,31,2,4,2161,2,2,15000.0,1500.0,28500.0
13179,265,280,2,1,588,2,3,15000.0,4500.0,40500.0
13180,297,867,2,3,615,2,2,15000.0,1500.0,28500.0
13181,514,176,1,,1462,1,2,13200.0,1320.0,25080.0
13182,141,761,2,3,2793,2,3,15000.0,4500.0,40500.0
13183,141,761,2,3,2793,2,3,15000.0,0.0,45000.0
13184,244,897,2,2,,1,3,12000.0,0.0,36000.0
13185,245,1315,1,,1863,1,3,12000.0,3600.0,32400.0
13186,245,1315,1,,1863,1,3,12000.0,1800.0,34200.0
13187,162,606,1,,877,1,3,12000.0,3600.0,32400.0
13188,162,606,1,,877,2,2,15000.0,1500.0,28500.0
13189,438,1444,1,,2674,1,3,12000.0,1800.0,34200.0
13190,315,1320,2,3,634,1,3,12000.0,3600.0,32400.0
13191,69,348,1,,2261,1,3,10800.0,1620.0,30780.0
13192,219,1226,2,2,140,2,2,15000.0,0.0,30000.0
13193,150,1489,1,,2230,1,1,12000.0,600.0,11400.0
13194,397,293,2,4,2297,1,1,12000.0,600.0,11400.0
13195,83,232,2,4,,2,1,16500.0,0.0,16500.0
13196,254,553,2,2,666,1,1,10800.0,540.0,10260.0
13197,374,434,1,,1347,2,2,15000.0,0.0,30000.0
13198,374,434,1,,1347,1,3,12000.0,3600.0,32400.0
13199,42,184,2,4,26,1,3,12000.0,0.0,36000.0
13200,42,184,2,4,26,1,3,12000.0,1800.0,34200.0
13201,177,1384,1,,,1,1,12600.0,630.0,11970.0
13202,282,428,2,2,940,1,2,12000.0,2400.0,21600.0
13203,269,1174,1,,256,1,3,12000.0,3600.0,32400.0
13204,607,1383,2,4,546,2,3,15000.0,4500.0,40500.0
13205,119,315,2,3,1750,1,1,12000.0,600.0,11400.0
13206,110,1468,1,,392,2,3,16500.0,4950.0,44550.0
13207,423,725,2,2,1585,1,1,12000.0,1200.0,10800.0
13208,423,725,2,2,1585,2,3,13500.0,810.0,39690.0
13209,188,893,1,,,2,2,15000.0,0.0,30000.0
13210,200,945,1,,,1,3,13200.0,1980.0,37620.0
13211,166,1029,1,,,1,3,13200.0,0.0,39600.0
13212,166,1029,1,,,2,1,15750.0,787.5,14962.5
13213,148,897,2,1,,1,1,10800.0,540.0,10260.0
13214,277,459,1,,2871,1,1,10800.0,540.0,10260.0
13215,277,459,1,,2871,2,3,15000.0,900.0,44100.0
13216,36,1409,1,,1781,1,2,12600.0,504.0,24696.0
13217,485,1062,1,,577,2,1,15000.0,1500.0,13500.0
13218,526,632,2,3,35,1,3,12000.0,3600.0,32400.0
13219,5,644,2,2,1481,2,2,15000.0,3000.0,27000.0
13220,5,644,2,2,1481,2,2,15000.0,0.0,30000.0
13221,161,150,2,4,875,1,2,12000.0,480.0,23520.0
13222,304,769,1,,1087,2,1,15750.0,1575.0,14175.0
13223,31,415,2,3,909,1,2,12000.0,1200.0,22800.0
13224,31,415,2,3,909,2,3,16500.0,4950.0,44550.0
13225,31,415,2,3,909,1,2,10800.0,2160.0,19440.0
13226,486,1003,2,1,2119,2,3,15000.0,2250.0,42750.0
13227,135,1420,2,1,,2,2,15000.0,1500.0,28500.0
13228,253,609,1,,945,2,2,15000.0,600.0,29400.0
13229,452,434,2,4,512,1,1,12000.0,0.0,12000.0
13230,452,434,2,4,512,2,1,15000.0,1500.0,13500.0
13231,117,203,1,,41,1,3,12000.0,720.0,35280.0
13232,117,203,1,,41,2,2,13500.0,1350.0,25650.0
13233,456,871,2,2,1338,1,2,12000.0,1200.0,22800.0
13234,398,895,1,,914,1,1,10800.0,0.0,10800.0
13235,41,1427,2,4,182,2,1,16500.0,330.0,16170.0
13236,282,318,1,,917,2,3,15000.0,4500.0,40500.0
13237,282,318,1,,917,1,3,13200.0,792.0,38808.0
13238,441,143,1,,718,1,2,12000.0,1200.0,22800.0
13239,441,143,1,,718,1,3,12000.0,720.0,35280.0
13240,200,824,2,3,253,2,1,13500.0,675.0,12825.0
13241,200,824,2,3,253,1,3,12000.0,0.0,36000.0
13242,308,828,1,,2009,2,1,13500.0,270.0,13230.0
13243,226,534,1,,276,1,2,12000.0,0.0,24000.0
13244,144,958,1,,786,2,1,16500.0,330.0,16170.0
13245,261,541,2,4,624,1,2,12000.0,2400.0,21600.0
13246,467,884,2,4,1389,1,3,12000.0,1800.0,34200.0
13247,467,884,2,4,1389,2,1,15000.0,0.0,15000.0
13248,562,1020,2,4,,1,3,12000.0,1800.0,34200.0
13249,562,1020,2,4,,2,3,15000.0,0.0,45000.0
13250,166,603,1,,1628,1,2,12600.0,0.0,25200.0
13251,166,603,1,,1628,1,1,12600.0,252.0,12348.0
13252,166,603,1,,1628,2,1,15000.0,300.0,14700.0
13253,112,1325,1,,1199,2,1,16500.0,0.0,16500.0
13254,2,1287,1,,176,1,2,10800.0,1080.0,20520.0
13255,341,1246,1,,163,1,2,12000.0,1200.0,22800.0
13256,323,918,1,,44,1,2,12600.0,0.0,25200.0
13257,491,137,2,3,868,2,2,15000.0,1500.0,28500.0
13258,491,137,2,3,868,1,3,12000.0,0.0,36000.0
13259,482,1029,1,,1016,1,3,12000.0,1800.0,34200.0
13260,482,1029,1,,1016,1,3,12000.0,0.0,36000.0
13261,522,233,2,4,2987,1,3,12000.0,1800.0,34200.0
13262,368,1379,1,,2051,2,3,15750.0,0.0,47250.0
13263,368,1379,1,,2051,2,2,15000.0,1500.0,28500.0
13264,507,218,2,4,1756,2,3,15000.0,4500.0,40500.0
13265,507,218,2,4,1756,1,3,12000.0,720.0,35280.0
13266,574,1027,1,,3012,1,3,12000.0,1800.0,34200.0
13267,574,1027,1,,3012,1,3,12600.0,756.0,37044.0
13268,327,1372,2,1,2331,2,3,15000.0,900.0,44100.0
13269,34,1214,1,,2968,2,1,15000.0,1500.0,13500.0
13270,34,1214,1,,2968,2,1,15000.0,300.0,14700.0
13271,197,1405,2,4,123,2,2,15000.0,600.0,29400.0
13272,128,1218,2,2,560,1,2,10800.0,0.0,21600.0
13273,550,788,1,,1103,1,2,12000.0,1200.0,22800.0
13274,550,788,1,,1103,1,2,13200.0,0.0,26400.0
13275,153,1274,2,2,1092,1,3,10800.0,3240.0,29160.0
13276,317,553,1,,3182,2,3,15000.0,0.0,45000.0
13277,625,1075,2,4,3109,1,1,10800.0,540.0,10260.0
13278,493,538,1,,1902,1,2,12000.0,480.0,23520.0
13279,493,538,1,,1902,1,3,12000.0,0.0,36000.0
13280,428,160,1,,1272,1,1,12000.0,1200.0,10800.0
13281,120,908,1,,1225,1,2,12000.0,2400.0,21600.0
13282,528,750,1,,,2,2,15000.0,1500.0,28500.0
13283,257,486,1,,1365,1,3,13200.0,3960.0,35640.0
13284,555,171,2,2,1087,1,2,12000.0,480.0,23520.0
13285,555,171,2,2,1087,1,3,12000.0,720.0,35280.0
13286,197,22,1,,,1,1,12000.0,1200.0,10800.0
13287,197,22,1,,,2,1,15000.0,300.0,14700.0
13288,443,610,1,,,2,2,15000.0,1500.0,28500.0
13289,163,1465,1,,1733,1,3,12000.0,720.0,35280.0
13290,69,1288,2,4,743,1,2,10800.0,1080.0,20520.0
13291,69,1288,2,4,743,1,3,12000.0,3600.0,32400.0
13292,518,613,1,,1092,2,2,15000.0,3000.0,27000.0
13293,541,342,2,2,1604,1,1,12600.0,0.0,12600.0
13294,167,743,2,2,776,2,1,15750.0,315.0,15435.0
13295,167,743,2,2,776,2,3,15000.0,4500.0,40500.0
13296,457,14,2,2,2788,2,1,15750.0,1575.0,14175.0
13297,75,1047,2,4,2110,2,3,15000.0,900.0,44100.0
13298,438,1464,1,,2878,2,2,13500.0,1350.0,25650.0
13299,438,1464,1,,2878,1,1,12000.0,1200.0,10800.0
13300,112,1263,1,,2675,1,1,12000.0,1200.0,10800.0
13301,112,1263,1,,2675,2,1,15000.0,1500.0,13500.0
13302,490,1384,1,,,2,1,15000.0,750.0,14250.0
13303,447,564,1,,1751,1,2,12000.0,1200.0,22800.0
13304,339,1405,1,,2607,2,2,15000.0,600.0,29400.0
13305,408,188,1,,,1,1,10800.0,1080.0,9720.0
13306,408,188,1,,,2,2,15000.0,0.0,30000.0
13307,298,1496,2,3,2761,2,3,13500.0,810.0,39690.0
13308,280,1360,2,1,1656,1,2,12000.0,2400.0,21600.0
13309,280,1360,2,1,1656,1,3,10800.0,648.0,31752.0
13310,19,622,2,4,302,2,3,15000.0,4500.0,40500.0
13311,239,386,1,,2826,2,2,13500.0,540.0,26460.0
13312,398,214,2,3,2201,2,2,15000.0,1500.0,28500.0
13313,398,214,2,3,2201,2,3,15000.0,2250.0,42750.0
13314,398,214,2,3,2201,1,1,13200.0,0.0,13200.0
13315,25,895,1,,2489,1,1,12000.0,1200.0,10800.0
13316,502,837,2,3,1680,1,3,12000.0,1800.0,34200.0
13317,621,829,2,1,2473,1,2,12000.0,480.0,23520.0
13318,507,1037,1,,1548,2,2,15000.0,0.0,30000.0
13319,507,1037,1,,1548,1,2,13200.0,1320.0,25080.0
13320,441,1059,2,1,38,1,3,12000.0,3600.0,32400.0
13321,411,66,1,,,2,1,15000.0,300.0,14700.0
13322,158,939,2,2,2745,1,1,10800.0,216.0,10584.0
13323,500,489,2,3,,1,3,12600.0,3780.0,34020.0
13324,500,489,2,3,,1,3,13200.0,3960.0,35640.0
13325,15,1208,2,1,2317,2,2,15000.0,1500.0,28500.0
13326,544,1172,2,4,1579,2,1,16500.0,825.0,15675.0
13327,17,75,2,4,327,2,1,15000.0,300.0,14700.0
13328,572,573,2,4,,1,1,12000.0,600.0,11400.0
13329,264,612,1,,679,2,3,15750.0,2362.5,44887.5
13330,301,1184,2,4,1226,1,2,10800.0,1080.0,20520.0
13331,356,119,2,4,,2,1,15000.0,0.0,15000.0
13332,356,119,2,4,,1,1,12000.0,0.0,12000.0
13333,149,21,2,4,2749,1,3,12000.0,3600.0,32400.0
13334,149,21,2,4,2749,1,3,12000.0,3600.0,32400.0
13335,313,1179,2,2,,1,3,12000.0,0.0,36000.0
13336,222,1259,1,,1351,2,3,15750.0,2362.5,44887.5
13337,248,234,2,3,3041,1,1,12000.0,600.0,11400.0
13338,248,234,2,3,3041,1,3,12000.0,1800.0,34200.0
13339,575,354,1,,128,1,1,12000.0,240.0,11760.0
13340,575,354,1,,128,2,2,13500.0,1350.0,25650.0
13341,30,1395,1,,731,2,2,15000.0,0.0,30000.0
13342,27,368,2,1,192,1,2,12000.0,480.0,23520.0
13343,476,1436,1,,2714,2,2,13500.0,0.0,27000.0
13344,98,224,2,2,2423,2,1,16500.0,1650.0,14850.0
13345,98,224,2,2,2423,1,1,12600.0,0.0,12600.0
13346,382,447,2,1,1210,2,2,15000.0,600.0,29400.0
13347,317,1116,1,,1251,1,3,12000.0,1800.0,34200.0
13348,580,2,1,,3201,2,1,15000.0,0.0,15000.0
13349,498,1070,2,4,2005,2,3,15000.0,0.0,45000.0
13350,28,540,1,,2141,2,2,15000.0,1500.0,28500.0
13351,28,540,1,,2141,2,3,15750.0,0.0,47250.0
13352,356,296,1,,33,2,3,15750.0,4725.0,42525.0
13353,356,296,1,,33,2,2,15000.0,1500.0,28500.0
13354,124,1258,2,4,611,1,2,13200.0,2640.0,23760.0
13355,377,694,2,3,1286,2,2,15750.0,630.0,30870.0
13356,535,548,1,,2205,2,2,15000.0,3000.0,27000.0
13357,182,725,1,,678,1,3,10800.0,3240.0,29160.0
13358,581,843,2,4,933,2,3,15000.0,2250.0,42750.0
13359,309,181,1,,2651,1,3,10800.0,1620.0,30780.0
13360,456,881,2,1,3025,2,2,16500.0,0.0,33000.0
13361,336,813,1,,356,2,2,15000.0,600.0,29400.0
13362,287,1245,1,,2013,1,1,12000.0,1200.0,10800.0
13363,600,183,1,,2841,1,3,12000.0,0.0,36000.0
13364,175,1266,1,,132,1,1,10800.0,1080.0,9720.0
13365,74,1287,1,,1996,1,3,12000.0,0.0,36000.0
13366,74,1287,1,,1996,1,1,12000.0,1200.0,10800.0
13367,287,773,1,,1620,2,2,15000.0,3000.0,27000.0
13368,287,773,1,,1620,2,1,15000.0,1500.0,13500.0
13369,577,829,2,2,1441,2,1,13500.0,0.0,13500.0
13370,384,666,2,4,3112,2,2,13500.0,1350.0,25650.0
13371,326,331,1,,279,2,3,15750.0,945.0,46305.0
13372,81,1457,2,2,1265,1,2,13200.0,528.0,25872.0
13373,368,763,1,,247,1,2,12000.0,2400.0,21600.0
13374,601,149,2,3,1430,2,1,15000.0,300.0,14700.0
13375,637,1003,1,,521,1,3,12000.0,0.0,36000.0
13376,515,1039,2,1,2012,2,2,15000.0,1500.0,28500.0
13377,7,1415,1,,2197,1,3,12000.0,720.0,35280.0
13378,156,292,1,,457,2,3,15750.0,0.0,47250.0
13379,374,405,1,,2189,1,3,10800.0,1620.0,30780.0
13380,318,157,2,1,567,1,3,12000.0,0.0,36000.0
13381,509,236,1,,813,2,3,16500.0,0.0,49500.0
13382,94,1178,2,4,2867,1,1,12000.0,1200.0,10800.0
13383,441,819,2,3,,2,3,13500.0,810.0,39690.0
13384,259,550,1,,2610,1,3,12000.0,0.0,36000.0
13385,508,1430,1,,1528,1,3,12000.0,3600.0,32400.0
13386,508,1430,1,,1528,2,1,15000.0,750.0,14250.0
13387,443,1356,1,,2839,1,3,12000.0,3600.0,32400.0
13388,378,868,1,,2399,1,2,12600.0,504.0,24696.0
13389,378,868,1,,2399,1,3,12000.0,720.0,35280.0
13390,511,586,1,,,2,1,16500.0,0.0,16500.0
13391,68,401,1,,2053,1,1,12000.0,240.0,11760.0
13392,560,1161,1,,426,2,1,15750.0,315.0,15435.0
13393,166,1077,1,,1305,2,3,13500.0,2025.0,38475.0
13394,256,1145,2,4,355,2,3,15000.0,4500.0,40500.0
13395,590,971,2,4,134,1,2,12000.0,480.0,23520.0
13396,14,473,1,,1645,2,1,15750.0,1575.0,14175.0
13397,282,749,1,,1278,2,1,15000.0,0.0,15000.0
13398,479,1261,2,2,1083,1,1,12000.0,600.0,11400.0
13399,396,1074,1,,,1,1,12000.0,240.0,11760.0
13400,396,1074,1,,,2,2,15000.0,600.0,29400.0
13401,396,1074,1,,,1,2,12600.0,2520.0,22680.0
13402,244,998,1,,1711,1,2,12600.0,504.0,24696.0
13403,124,861,1,,4,2,1,15000.0,300.0,14700.0
13404,124,861,1,,4,2,2,15750.0,3150.0,28350.0
13405,232,597,1,,889,2,3,15000.0,0.0,45000.0
13406,232,597,1,,889,2,2,13500.0,540.0,26460.0
13407,479,558,1,,,2,2,15000.0,600.0,29400.0
13408,69,651,1,,962,2,2,15000.0,3000.0,27000.0
13409,255,839,2,4,133,1,2,12000.0,0.0,24000.0
13410,347,1361,2,2,2695,1,3,12000.0,1800.0,34200.0
13411,188,1048,1,,1683,1,1,12000.0,0.0,12000.0
13412,188,1048,1,,1683,2,1,16500.0,1650.0,14850.0
13413,188,1048,1,,1683,1,3,12600.0,756.0,37044.0
13414,114,420,1,,2657,1,2,12600.0,0.0,25200.0
13415,114,420,1,,2657,1,3,12000.0,0.0,36000.0
13416,29,1136,2,1,,2,2,15000.0,0.0,30000.0
13417,30,665,2,1,2340,2,2,15000.0,0.0,30000.0
13418,291,1244,1,,2496,1,3,12000.0,720.0,35280.0
13419,182,413,1,,132,1,1,12000.0,240.0,11760.0
13420,379,61,1,,1256,1,2,12600.0,1260.0,23940.0
13421,613,995,1,,614,1,1,12600.0,630.0,11970.0
13422,337,566,2,3,823,1,2,12000.0,0.0,24000.0
13423,337,566,2,3,823,1,2,12000.0,2400.0,21600.0
13424,337,566,2,3,823,2,2,16500.0,3300.0,29700.0
13425,242,739,1,,2289,2,1,15750.0,787.5,14962.5
13426,281,400,2,3,198,2,3,13500.0,2025.0,38475.0
13427,82,613,2,1,1279,1,1,12600.0,630.0,11970.0
13428,169,632,1,,,2,3,15000.0,0.0,45000.0
13429,44,233,1,,2263,2,3,15000.0,4500.0,40500.0
13430,44,233,1,,2263,2,3,15750.0,0.0,47250.0
13431,52,1104,1,,2541,1,3,10800.0,1620.0,30780.0
13432,545,101,1,,226,1,3,12000.0,0.0,36000.0
13433,545,101,1,,226,1,2,12000.0,1200.0,22800.0
13434,545,101,1,,226,2,3,15000.0,2250.0,42750.0
13435,157,1025,1,,,1,2,12000.0,480.0,23520.0
13436,452,1467,1,,2520,2,3,15000.0,0.0,45000.0
13437,452,1467,1,,2520,1,2,12000.0,1200.0,22800.0
13438,159,946,1,,742,1,2,13200.0,2640.0,23760.0
13439,375,1229,2,3,1981,1,3,12000.0,720.0,35280.0
13440,438,1477,2,4,414,1,3,10800.0,1620.0,30780.0
13441,503,341,1,,248,1,1,12000.0,1200.0,10800.0
13442,503,341,1,,248,1,1,12600.0,252.0,12348.0
13443,503,341,1,,248,2,1,15000.0,750.0,14250.0
13444,428,1392,1,,1557,2,1,16500.0,0.0,16500.0
13445,156,1500,1,,1803,2,2,15750.0,3150.0,28350.0
13446,156,1500,1,,1803,1,3,12000.0,0.0,36000.0
13447,156,1500,1,,1803,2,1,15750.0,0.0,15750.0
13448,408,564,2,4,2069,1,3,12000.0,3600.0,32400.0
13449,50,595,1,,2257,1,1,12000.0,240.0,11760.0
13450,50,595,1,,2257,2,2,15750.0,3150.0,28350.0
13451,278,893,1,,1376,1,3,10800.0,3240.0,29160.0
13452,278,893,1,,1376,2,3,15000.0,900.0,44100.0
13453,80,760,2,2,1892,2,1,15000.0,0.0,15000.0
13454,155,1223,1,,2713,1,1,12000.0,240.0,11760.0
13455,222,981,2,1,3159,1,2,13200.0,2640.0,23760.0
13456,330,392,2,3,674,1,3,10800.0,3240.0,29160.0
13457,196,624,1,,1194,1,3,12000.0,1800.0,34200.0
13458,401,375,1,,641,2,2,15750.0,0.0,31500.0
13459,44,514,1,,2685,2,3,15000.0,2250.0,42750.0
13460,184,295,2,3,,1,3,13200.0,792.0,38808.0
13461,15,1173,1,,3097,1,3,10800.0,648.0,31752.0
13462,161,1493,2,3,2713,1,2,10800.0,2160.0,19440.0
13463,427,712,1,,807,2,1,13500.0,1350.0,12150.0
13464,427,712,1,,807,2,1,15000.0,0.0,15000.0
13465,253,1455,1,,1580,2,1,13500.0,1350.0,12150.0
13466,398,691,1,,1016,2,2,15750.0,0.0,31500.0
13467,241,1445,2,2,854,1,3,12000.0,3600.0,32400.0
13468,241,1445,2,2,854,2,2,15750.0,0.0,31500.0
13469,181,1451,2,3,1900,1,2,12000.0,0.0,24000.0
13470,448,236,1,,1474,2,2,13500.0,2700.0,24300.0
13471,563,49,1,,784,2,2,15000.0,0.0,30000.0
13472,225,935,1,,2118,1,1,10800.0,540.0,10260.0
13473,63,1364,1,,1369,2,3,15750.0,2362.5,44887.5
13474,196,903,1,,803,1,1,12000.0,600.0,11400.0
13475,461,966,1,,2988,2,2,15000.0,0.0,30000.0
13476,366,433,1,,182,2,3,15000.0,0.0,45000.0
13477,620,1248,2,3,2330,2,1,15000.0,750.0,14250.0
13478,494,519,2,3,1375,2,1,15000.0,1500.0,13500.0
13479,50,286,2,4,2524,2,3,13500.0,0.0,40500.0
13480,135,391,2,2,676,1,1,12000.0,240.0,11760.0
13481,135,391,2,2,676,1,2,12000.0,2400.0,21600.0
13482,106,1445,2,2,824,1,3,10800.0,1620.0,30780.0
13483,161,547,1,,2664,1,1,12000.0,1200.0,10800.0
13484,552,1093,2,3,2493,1,1,12000.0,1200.0,10800.0
13485,552,1093,2,3,2493,1,3,12000.0,3600.0,32400.0
13486,596,1482,1,,2523,1,1,12000.0,1200.0,10800.0
13487,351,1395,1,,1117,1,2,10800.0,1080.0,20520.0
13488,630,912,2,2,2657,1,2,12000.0,480.0,23520.0
13489,106,311,1,,2640,1,2,12000.0,2400.0,21600.0
13490,106,311,1,,2640,2,2,15000.0,600.0,29400.0
13491,622,516,1,,181,1,2,12600.0,504.0,24696.0
13492,182,164,1,,2660,1,1,12600.0,1260.0,11340.0
13493,12,918,2,3,200,2,1,15000.0,1500.0,13500.0
13494,349,893,2,2,2303,2,1,15000.0,750.0,14250.0
13495,515,797,1,,1835,1,1,12000.0,1200.0,10800.0
13496,441,1046,2,4,,1,2,12000.0,2400.0,21600.0
13497,512,618,1,,,2,2,15000.0,3000.0,27000.0
13498,183,995,2,4,788,2,2,15750.0,630.0,30870.0
13499,475,400,1,,1648,2,1,15750.0,787.5,14962.5
13500,455,920,1,,238,1,2,12600.0,1260.0,23940.0
13501,455,920,1,,238,1,2,10800.0,1080.0,20520.0
13502,455,920,1,,238,1,2,12000.0,0.0,24000.0
13503,570,58,2,1,345,2,3,15000.0,0.0,45000.0
13504,570,58,2,1,345,1,2,13200.0,1320.0,25080.0
13505,14,1275,1,,1392,2,1,16500.0,825.0,15675.0
13506,373,1362,1,,2549,2,2,15000.0,0.0,30000.0
13507,373,1362,1,,2549,1,2,12000.0,2400.0,21600.0
13508,39,1,1,,2743,1,2,12000.0,0.0,24000.0
13509,249,795,1,,2558,1,1,12000.0,0.0,12000.0
13510,40,1306,2,3,792,2,2,13500.0,540.0,26460.0
13511,40,1306,2,3,792,1,1,12600.0,1260.0,11340.0
13512,485,681,1,,492,2,2,15000.0,0.0,30000.0
13513,583,1162,2,2,,1,2,12000.0,0.0,24000.0
13514,583,1162,2,2,,2,1,13500.0,270.0,13230.0
13515,188,1204,2,4,691,1,1,12000.0,1200.0,10800.0
13516,113,1442,2,1,2004,2,2,13500.0,1350.0,25650.0
13517,434,1216,2,3,2460,1,2,12000.0,480.0,23520.0
13518,122,1400,2,1,3196,1,2,12000.0,1200.0,22800.0
13519,471,61,1,,586,2,1,15000.0,300.0,14700.0
13520,532,298,1,,2049,2,3,16500.0,990.0,48510.0
13521,532,298,1,,2049,2,1,15000.0,1500.0,13500.0
13522,532,298,1,,2049,2,3,13500.0,2025.0,38475.0
13523,391,903,2,1,2548,2,1,15000.0,300.0,14700.0
13524,391,903,2,1,2548,1,1,12000.0,600.0,11400.0
13525,570,739,1,,903,1,2,12600.0,1260.0,23940.0
13526,570,739,1,,903,1,1,12000.0,0.0,12000.0
13527,424,1339,2,2,2401,2,1,16500.0,1650.0,14850.0
13528,424,1339,2,2,2401,1,2,12000.0,480.0,23520.0
13529,215,615,1,,2612,2,2,13500.0,0.0,27000.0
13530,322,1192,1,,2664,2,2,15000.0,1500.0,28500.0
13531,322,1192,1,,2664,1,3,12000.0,3600.0,32400.0
13532,36,1291,1,,229,1,2,10800.0,432.0,21168.0
13533,436,1459,1,,72,1,2,12000.0,480.0,23520.0
13534,333,541,1,,,1,3,13200.0,1980.0,37620.0
13535,333,541,1,,,1,1,12000.0,1200.0,10800.0
13536,362,797,1,,2548,1,3,12000.0,0.0,36000.0
13537,51,537,2,2,2577,1,1,12000.0,600.0,11400.0
13538,411,1396,1,,1067,1,3,12000.0,720.0,35280.0
13539,420,1160,1,,485,1,1,12000.0,0.0,12000.0
13540,502,884,1,,1150,1,3,12000.0,0.0,36000.0
13541,475,1209,2,4,107,2,3,15000.0,4500.0,40500.0
13542,475,1209,2,4,107,2,1,15750.0,315.0,15435.0
13543,139,1174,1,,,1,3,10800.0,0.0,32400.0
13544,139,1174,1,,,2,3,15000.0,900.0,44100.0
13545,139,1174,1,,,1,1,12000.0,1200.0,10800.0
13546,203,1159,2,1,837,2,3,15750.0,945.0,46305.0
13547,194,889,1,,1637,2,2,15000.0,600.0,29400.0
13548,339,667,1,,910,2,1,15000.0,0.0,15000.0
13549,469,1314,2,2,,1,2,12600.0,1260.0,23940.0
13550,372,1133,1,,641,1,3,12000.0,3600.0,32400.0
13551,242,1348,1,,807,2,1,15750.0,0.0,15750.0
13552,53,1016,1,,1669,1,1,12000.0,600.0,11400.0
13553,480,53,2,3,437,1,1,10800.0,0.0,10800.0
13554,334,229,1,,3160,1,1,12600.0,252.0,12348.0
13555,79,794,1,,771,1,1,12000.0,240.0,11760.0
13556,5,462,2,1,932,2,2,15000.0,0.0,30000.0
13557,50,1240,1,,595,1,2,12000.0,0.0,24000.0
13558,618,681,2,1,2216,1,1,12000.0,240.0,11760.0
13559,213,522,1,,1514,1,3,12000.0,3600.0,32400.0
13560,604,262,1,,1946,1,1,12000.0,1200.0,10800.0
13561,238,543,1,,2643,1,3,12600.0,3780.0,34020.0
13562,371,451,1,,,2,1,15000.0,300.0,14700.0
13563,269,905,1,,2425,1,2,12000.0,1200.0,22800.0
13564,94,360,1,,1847,1,1,12000.0,240.0,11760.0
13565,596,956,2,2,158,1,3,12000.0,1800.0,34200.0
13566,455,295,1,,275,1,2,12000.0,0.0,24000.0
13567,428,129,1,,438,1,1,12000.0,0.0,12000.0
13568,517,412,2,4,54,1,3,10800.0,3240.0,29160.0
13569,431,5,1,,,1,3,13200.0,792.0,38808.0
13570,431,5,1,,,1,1,12000.0,240.0,11760.0
13571,471,1252,2,4,781,2,1,15000.0,0.0,15000.0
13572,294,968,2,1,950,1,2,12000.0,0.0,24000.0
13573,178,313,1,,1115,2,2,15000.0,1500.0,28500.0
13574,178,313,1,,1115,1,2,13200.0,2640.0,23760.0
13575,376,967,1,,23,2,3,15000.0,4500.0,40500.0
13576,394,805,2,1,889,1,1,12000.0,1200.0,10800.0
13577,266,1271,1,,2945,1,1,12000.0,1200.0,10800.0
13578,266,1271,1,,2945,1,2,12000.0,0.0,24000.0
13579,266,1271,1,,2945,1,3,12600.0,1890.0,35910.0
13580,113,1040,2,1,978,2,2,15000.0,600.0,29400.0
13581,97,1118,2,3,2138,2,1,16500.0,330.0,16170.0
13582,97,1118,2,3,2138,1,3,10800.0,0.0,32400.0
13583,97,1118,2,3,2138,2,1,13500.0,1350.0,12150.0
13584,299,135,2,1,,1,1,12600.0,630.0,11970.0
13585,299,135,2,1,,1,3,13200.0,792.0,38808.0
13586,299,135,2,1,,1,1,12000.0,1200.0,10800.0
13587,607,138,1,,2669,1,1,12000.0,0.0,12000.0
13588,461,1163,1,,1178,2,1,16500.0,0.0,16500.0
13589,195,1318,1,,,1,2,12000.0,0.0,24000.0
13590,454,1332,1,,331,2,2,15000.0,1500.0,28500.0
13591,613,424,1,,1512,2,2,15000.0,600.0,29400.0
13592,613,424,1,,1512,2,1,15750.0,1575.0,14175.0
13593,601,350,2,3,3009,1,2,12000.0,2400.0,21600.0
13594,612,731,1,,610,1,1,12000.0,0.0,12000.0
13595,612,731,1,,610,2,2,13500.0,0.0,27000.0
13596,612,731,1,,610,1,2,12600.0,2520.0,22680.0
13597,155,557,2,2,2802,2,3,16500.0,990.0,48510.0
13598,155,557,2,2,2802,1,3,10800.0,0.0,32400.0
13599,155,557,2,2,2802,1,3,13200.0,3960.0,35640.0
13600,473,1174,2,1,759,1,2,12600.0,504.0,24696.0
13601,370,745,1,,317,2,1,16500.0,825.0,15675.0
13602,370,745,1,,317,2,2,15750.0,3150.0,28350.0
13603,370,745,1,,317,1,1,12000.0,240.0,11760.0
13604,533,492,1,,2832,1,3,12000.0,3600.0,32400.0
13605,134,835,2,4,1583,2,1,16500.0,330.0,16170.0
13606,134,835,2,4,1583,1,1,12600.0,1260.0,11340.0
13607,190,196,1,,1000,1,3,12000.0,720.0,35280.0
13608,175,1468,2,2,,2,2,13500.0,2700.0,24300.0
13609,175,1468,2,2,,2,1,15000.0,1500.0,13500.0
13610,134,19,2,2,1263,1,1,12000.0,240.0,11760.0
13611,134,19,2,2,1263,2,2,13500.0,540.0,26460.0
13612,403,1042,1,,,1,3,12000.0,3600.0,32400.0
13613,382,495,1,,1066,2,1,15000.0,0.0,15000.0
13614,387,743,2,1,2679,2,2,15000.0,3000.0,27000.0
13615,7,505,2,2,2317,2,3,15750.0,0.0,47250.0
13616,7,505,2,2,2317,1,3,12000.0,720.0,35280.0
13617,123,474,1,,2959,1,3,12000.0,0.0,36000.0
13618,229,51,1,,2493,1,1,10800.0,0.0,10800.0
13619,229,51,1,,2493,2,2,13500.0,1350.0,25650.0
13620,278,882,1,,2520,1,3,12000.0,1800.0,34200.0
13621,389,77,2,1,1758,2,2,15000.0,1500.0,28500.0
13622,389,77,2,1,1758,1,2,12600.0,2520.0,22680.0
13623,241,348,2,4,,1,3,10800.0,1620.0,30780.0
13624,241,348,2,4,,1,3,12000.0,3600.0,32400.0
13625,153,1381,1,,740,1,3,12000.0,720.0,35280.0
13626,153,1381,1,,740,1,2,12000.0,0.0,24000.0
13627,153,1381,1,,740,1,2,12000.0,0.0,24000.0
13628,156,552,1,,43,1,1,12600.0,252.0,12348.0
13629,591,1184,1,,,1,2,13200.0,0.0,26400.0
13630,125,873,1,,1022,1,3,12000.0,1800.0,34200.0
13631,98,744,1,,2533,2,2,15000.0,3000.0,27000.0
13632,212,284,2,4,300,1,3,12000.0,1800.0,34200.0
13633,200,858,2,4,1832,1,2,12000.0,1200.0,22800.0
13634,200,858,2,4,1832,2,3,15750.0,4725.0,42525.0
13635,457,462,1,,1640,1,2,12000.0,480.0,23520.0
13636,448,1489,2,4,1582,1,3,12000.0,1800.0,34200.0
13637,123,954,2,4,3046,1,3,12000.0,1800.0,34200.0
13638,331,897,2,2,2715,1,3,12000.0,0.0,36000.0
13639,331,897,2,2,2715,2,3,15000.0,900.0,44100.0
13640,87,715,1,,,2,2,15750.0,1575.0,29925.0
13641,87,715,1,,,2,2,15000.0,0.0,30000.0
13642,87,715,1,,,1,3,12600.0,1890.0,35910.0
13643,102,498,1,,2279,1,3,12000.0,720.0,35280.0
13644,548,971,1,,325,1,1,13200.0,264.0,12936.0
13645,548,971,1,,325,2,2,15000.0,0.0,30000.0
13646,183,878,2,4,3001,2,3,16500.0,0.0,49500.0
13647,491,16,2,3,1292,1,1,12000.0,0.0,12000.0
13648,121,1491,2,2,301,2,3,15000.0,0.0,45000.0
13649,121,1491,2,2,301,1,2,12000.0,1200.0,22800.0
13650,493,404,2,1,31,2,2,15750.0,3150.0,28350.0
13651,557,177,1,,2067,2,3,15000.0,900.0,44100.0
13652,240,1445,1,,693,1,2,12000.0,2400.0,21600.0
13653,91,409,1,,1004,2,3,15000.0,2250.0,42750.0
13654,89,1073,2,4,827,2,1,15000.0,1500.0,13500.0
13655,155,692,2,4,2973,1,2,12000.0,2400.0,21600.0
13656,157,1230,1,,554,2,1,13500.0,675.0,12825.0
13657,275,1488,1,,1364,1,1,10800.0,1080.0,9720.0
13658,275,1488,1,,1364,1,2,12000.0,1200.0,22800.0
13659,419,1203,1,,,2,2,13500.0,540.0,26460.0
13660,419,1203,1,,,2,2,15750.0,0.0,31500.0
13661,495,46,1,,2644,1,1,10800.0,0.0,10800.0
13662,622,757,1,,846,2,3,15000.0,0.0,45000.0
13663,33,248,1,,2560,1,1,12000.0,1200.0,10800.0
13664,419,1107,2,3,1406,2,1,13500.0,1350.0,12150.0
13665,223,1158,2,3,1761,1,1,12600.0,1260.0,11340.0
13666,414,102,1,,911,1,2,12000.0,480.0,23520.0
13667,414,102,1,,911,2,1,15000.0,1500.0,13500.0
13668,522,1250,1,,772,1,2,12600.0,2520.0,22680.0
13669,3,100,2,4,1994,1,1,12000.0,0.0,12000.0
13670,106,40,1,,1985,1,3,12000.0,3600.0,32400.0
13671,106,40,1,,1985,1,3,10800.0,3240.0,29160.0
13672,445,956,1,,2035,2,3,15000.0,4500.0,40500.0
13673,409,1463,1,,866,2,3,15750.0,2362.5,44887.5
13674,451,1247,2,2,823,1,1,12000.0,240.0,11760.0
13675,535,356,1,,2534,1,3,10800.0,3240.0,29160.0
13676,126,69,1,,1124,2,1,15750.0,1575.0,14175.0
13677,228,1428,2,2,1070,1,2,13200.0,528.0,25872.0
13678,90,1015,1,,451,1,1,12000.0,600.0,11400.0
13679,90,1015,1,,451,2,3,16500.0,0.0,49500.0
13680,411,57,1,,144,2,3,16500.0,4950.0,44550.0
13681,608,864,1,,1315,1,2,12000.0,1200.0,22800.0
13682,608,864,1,,1315,1,3,13200.0,3960.0,35640.0
13683,48,1175,1,,,1,1,13200.0,1320.0,11880.0
13684,583,981,1,,450,2,1,15000.0,0.0,15000.0
13685,583,981,1,,450,1,3,12000.0,3600.0,32400.0
13686,118,585,1,,2737,1,1,12000.0,0.0,12000.0
13687,174,1317,1,,1250,1,2,12600.0,0.0,25200.0
13688,233,798,2,4,550,2,3,15750.0,2362.5,44887.5
13689,233,798,2,4,550,1,1,12000.0,1200.0,10800.0
13690,233,149,1,,2116,1,1,12000.0,1200.0,10800.0
13691,527,690,1,,743,1,2,12000.0,1200.0,22800.0
13692,206,1384,1,,1471,1,3,12600.0,1890.0,35910.0
13693,341,750,2,1,2840,1,2,12000.0,480.0,23520.0
13694,341,750,2,1,2840,1,1,12000.0,0.0,12000.0
13695,341,750,2,1,2840,2,2,13500.0,2700.0,24300.0
13696,522,874,2,3,652,2,3,15000.0,900.0,44100.0
13697,425,282,1,,686,1,3,12600.0,3780.0,34020.0
13698,561,75,2,1,2630,1,2,13200.0,2640.0,23760.0
13699,62,994,1,,2243,1,2,10800.0,0.0,21600.0
13700,89,634,1,,2063,1,1,12000.0,1200.0,10800.0
13701,477,748,1,,908,2,3,15000.0,4500.0,40500.0
13702,68,835,2,2,267,2,2,13500.0,2700.0,24300.0
13703,307,11,1,,1548,1,2,12600.0,2520.0,22680.0
13704,131,688,1,,2255,1,3,12600.0,3780.0,34020.0
13705,637,1460,1,,,2,3,15000.0,0.0,45000.0
13706,612,1406,1,,2625,1,3,12600.0,756.0,37044.0
13707,194,334,2,1,2497,1,2,10800.0,432.0,21168.0
13708,261,880,1,,605,1,2,10800.0,1080.0,20520.0
13709,15,814,2,4,2468,2,3,16500.0,990.0,48510.0
13710,93,1162,1,,1153,2,2,15000.0,3000.0,27000.0
13711,388,867,2,3,2190,2,2,15000.0,0.0,30000.0
13712,388,867,2,3,2190,2,2,15000.0,600.0,29400.0
13713,37,682,2,1,1242,2,2,15000.0,1500.0,28500.0
13714,85,294,1,,72,2,1,13500.0,0.0,13500.0
13715,85,294,1,,72,2,2,15750.0,1575.0,29925.0
13716,85,294,1,,72,2,2,15000.0,0.0,30000.0
13717,493,1061,2,4,286,2,1,16500.0,330.0,16170.0
13718,614,601,2,4,79,1,2,12600.0,1260.0,23940.0
13719,98,676,1,,2902,1,1,12000.0,1200.0,10800.0
13720,250,232,1,,401,2,3,15750.0,945.0,46305.0
13721,250,232,1,,401,1,1,12600.0,630.0,11970.0
13722,250,232,1,,401,2,3,15000.0,4500.0,40500.0
13723,8,417,1,,2723,1,2,12000.0,480.0,23520.0
13724,306,393,1,,2163,1,3,12000.0,1800.0,34200.0
13725,374,556,2,4,1036,1,3,12000.0,720.0,35280.0
13726,278,1029,2,4,2611,2,2,15750.0,0.0,31500.0
13727,559,588,1,,,1,1,12000.0,240.0,11760.0
13728,210,980,2,2,1136,1,2,12000.0,2400.0,21600.0
13729,333,118,1,,3189,2,2,16500.0,1650.0,31350.0
13730,414,677,1,,2433,1,3,12600.0,3780.0,34020.0
13731,415,26,1,,2251,1,2,12000.0,2400.0,21600.0
13732,596,315,1,,589,2,1,15000.0,300.0,14700.0
13733,596,315,1,,589,2,2,13500.0,540.0,26460.0
13734,596,315,1,,589,2,2,15000.0,0.0,30000.0
13735,547,867,1,,505,2,3,15750.0,0.0,47250.0
13736,446,147,2,1,1533,1,3,13200.0,792.0,38808.0
13737,419,169,2,3,78,2,3,15000.0,0.0,45000.0
13738,473,148,2,3,1282,2,1,15000.0,300.0,14700.0
13739,244,1485,1,,1310,2,1,15000.0,0.0,15000.0
13740,244,1485,1,,1310,2,3,13500.0,4050.0,36450.0
13741,553,986,1,,2699,2,2,13500.0,540.0,26460.0
13742,553,986,1,,2699,2,3,15750.0,0.0,47250.0
13743,202,1300,2,2,,1,1,12000.0,240.0,11760.0
13744,202,1300,2,2,,2,3,13500.0,4050.0,36450.0
13745,459,904,1,,529,2,1,15000.0,750.0,14250.0
13746,408,714,1,,2874,2,3,15000.0,4500.0,40500.0
13747,408,714,1,,2874,1,1,12000.0,0.0,12000.0
13748,190,864,1,,1114,1,2,10800.0,2160.0,19440.0
13749,430,1413,1,,2800,1,2,12000.0,2400.0,21600.0
13750,625,496,1,,3042,1,3,12600.0,0.0,37800.0
13751,214,1175,1,,2008,2,2,15000.0,0.0,30000.0
13752,214,1175,1,,2008,2,1,15000.0,750.0,14250.0
13753,537,1353,2,4,1502,2,3,13500.0,2025.0,38475.0
13754,619,1207,1,,2299,2,1,15750.0,0.0,15750.0
13755,505,76,1,,918,2,3,15000.0,4500.0,40500.0
13756,39,1245,1,,2136,1,3,12000.0,720.0,35280.0
13757,62,1446,1,,1774,2,3,15000.0,2250.0,42750.0
13758,62,1446,1,,1774,1,2,12000.0,1200.0,22800.0
13759,107,389,2,2,1320,2,2,16500.0,1650.0,31350.0
13760,256,480,2,3,147,2,2,15000.0,600.0,29400.0
13761,256,480,2,3,147,1,1,12000.0,240.0,11760.0
13762,334,1096,2,3,770,1,1,10800.0,0.0,10800.0
13763,334,1096,2,3,770,2,1,16500.0,0.0,16500.0
13764,149,46,1,,2256,2,1,15000.0,1500.0,13500.0
13765,149,46,1,,2256,2,2,13500.0,0.0,27000.0
13766,450,924,2,3,954,2,3,15000.0,0.0,45000.0
13767,450,924,2,3,954,1,2,12600.0,0.0,25200.0
13768,419,168,1,,383,2,3,15000.0,900.0,44100.0
13769,51,1117,2,3,928,1,3,12000.0,3600.0,32400.0
13770,51,1117,2,3,928,1,2,12600.0,2520.0,22680.0
13771,281,658,1,,744,1,2,10800.0,0.0,21600.0
13772,127,98,1,,456,1,1,12000.0,600.0,11400.0
13773,82,942,1,,2553,2,1,15750.0,0.0,15750.0
13774,82,942,1,,2553,2,1,15750.0,315.0,15435.0
13775,194,376,1,,2418,2,1,15000.0,750.0,14250.0
13776,264,401,1,,1385,2,3,15000.0,4500.0,40500.0
13777,329,1477,1,,2244,2,3,16500.0,2475.0,47025.0
13778,161,1124,1,,2143,1,2,12000.0,1200.0,22800.0
13779,161,1124,1,,2143,1,1,12000.0,600.0,11400.0
13780,407,446,1,,1828,2,1,15750.0,1575.0,14175.0
13781,113,1106,2,2,408,1,1,12000.0,1200.0,10800.0
13782,77,1182,2,3,1502,1,2,12000.0,480.0,23520.0
13783,374,1433,1,,1399,2,2,15000.0,3000.0,27000.0
13784,168,298,2,3,1768,1,1,13200.0,264.0,12936.0
13785,168,298,2,3,1768,1,3,13200.0,0.0,39600.0
13786,546,580,2,2,1168,1,2,12000.0,2400.0,21600.0
13787,266,878,2,2,2573,2,1,15000.0,750.0,14250.0
13788,266,878,2,2,2573,1,1,12600.0,630.0,11970.0
13789,58,671,1,,3197,2,1,15000.0,0.0,15000.0
13790,544,542,2,3,1262,2,1,13500.0,0.0,13500.0
13791,99,215,1,,557,1,1,12000.0,0.0,12000.0
13792,54,69,1,,2141,2,1,16500.0,0.0,16500.0
13793,457,1414,2,3,2913,1,2,12000.0,2400.0,21600.0
13794,457,1414,2,3,2913,1,3,12000.0,3600.0,32400.0
13795,140,335,1,,1834,2,1,15000.0,750.0,14250.0
13796,437,436,2,4,1271,1,3,12000.0,1800.0,34200.0
13797,67,1309,1,,1571,2,3,15000.0,900.0,44100.0
13798,617,1085,2,4,1799,2,2,15750.0,630.0,30870.0
13799,335,504,1,,425,2,2,15000.0,1500.0,28500.0
13800,442,12,1,,104,2,3,13500.0,0.0,40500.0
13801,636,545,2,1,980,1,3,13200.0,792.0,38808.0
13802,154,162,1,,220,1,1,13200.0,660.0,12540.0
13803,436,1399,1,,,2,3,13500.0,810.0,39690.0
13804,436,1399,1,,,2,1,15000.0,300.0,14700.0
13805,306,1309,1,,2870,1,2,12000.0,1200.0,22800.0
13806,238,1381,1,,2280,2,3,15000.0,4500.0,40500.0
13807,120,662,1,,1905,1,2,12000.0,480.0,23520.0
13808,120,662,1,,1905,2,1,15000.0,1500.0,13500.0
13809,105,799,1,,2357,2,2,15000.0,0.0,30000.0
13810,380,737,1,,,2,2,15000.0,600.0,29400.0
13811,380,737,1,,,1,1,12000.0,240.0,11760.0
13812,207,1124,1,,2823,1,2,13200.0,0.0,26400.0
13813,497,452,1,,1243,1,2,12000.0,2400.0,21600.0
13814,613,599,1,,1436,1,3,12000.0,720.0,35280.0
13815,13,1122,1,,2328,1,1,10800.0,540.0,10260.0
13816,22,94,2,3,2804,1,1,12000.0,600.0,11400.0
13817,22,94,2,3,2804,2,3,15000.0,900.0,44100.0
13818,418,1368,2,3,1955,2,1,16500.0,825.0,15675.0
13819,273,1247,1,,885,1,3,12600.0,0.0,37800.0
13820,465,65,2,4,460,2,1,15000.0,300.0,14700.0
13821,315,1182,2,1,3023,1,2,13200.0,2640.0,23760.0
13822,530,833,1,,,1,1,12000.0,600.0,11400.0
13823,530,833,1,,,1,3,12000.0,0.0,36000.0
13824,69,41,1,,1763,1,2,12000.0,0.0,24000.0
13825,15,217,2,3,250,1,2,12000.0,480.0,23520.0
13826,15,217,2,3,250,1,2,13200.0,528.0,25872.0
13827,26,479,2,3,1822,1,2,12000.0,480.0,23520.0
13828,484,1295,2,1,,1,3,12000.0,0.0,36000.0
13829,286,644,2,4,,2,2,16500.0,0.0,33000.0
13830,90,1355,1,,3190,2,1,15000.0,0.0,15000.0
13831,82,1193,2,4,1109,2,1,16500.0,330.0,16170.0
13832,27,324,1,,3163,1,2,10800.0,1080.0,20520.0
13833,330,503,1,,384,2,1,15000.0,300.0,14700.0
13834,565,455,1,,2695,1,3,10800.0,1620.0,30780.0
13835,565,455,1,,2695,1,2,10800.0,432.0,21168.0
13836,442,1072,1,,1529,2,2,15000.0,0.0,30000.0
13837,442,1072,1,,1529,2,2,15000.0,0.0,30000.0
13838,330,351,1,,,1,1,12000.0,600.0,11400.0
13839,538,175,1,,2029,2,2,15000.0,0.0,30000.0
13840,351,1174,1,,2932,1,2,13200.0,2640.0,23760.0
13841,547,1182,1,,,2,3,13500.0,4050.0,36450.0
13842,3,75,2,3,1351,2,3,15000.0,900.0,44100.0
13843,3,75,2,3,1351,2,3,15000.0,0.0,45000.0
13844,258,846,2,4,1878,1,3,12000.0,3600.0,32400.0
13845,629,855,2,1,,2,2,16500.0,0.0,33000.0
13846,629,855,2,1,,1,3,12000.0,1800.0,34200.0
13847,417,1424,1,,729,1,3,12000.0,720.0,35280.0
13848,133,18,2,4,564,1,2,10800.0,1080.0,20520.0
13849,133,18,2,4,564,1,2,12000.0,2400.0,21600.0
13850,89,797,1,,2243,2,1,16500.0,825.0,15675.0
13851,376,234,1,,1178,1,2,12000.0,2400.0,21600.0
13852,376,234,1,,1178,1,2,12000.0,0.0,24000.0
13853,614,921,2,4,3101,2,1,15000.0,1500.0,13500.0
13854,614,921,2,4,3101,1,2,12000.0,2400.0,21600.0
13855,308,1293,1,,1279,1,2,10800.0,1080.0,20520.0
13856,488,78,1,,81,1,3,10800.0,3240.0,29160.0
13857,348,970,2,2,294,1,1,10800.0,1080.0,9720.0
13858,349,27,2,1,868,2,2,15750.0,3150.0,28350.0
13859,504,965,1,,2738,1,3,12600.0,1890.0,35910.0
13860,77,1463,1,,,2,2,15750.0,3150.0,28350.0
13861,77,1463,1,,,2,2,13500.0,0.0,27000.0
13862,388,330,1,,734,1,2,12000.0,1200.0,22800.0
13863,388,330,1,,734,2,2,15750.0,0.0,31500.0
13864,448,57,2,4,280,1,1,12600.0,630.0,11970.0
13865,448,57,2,4,280,1,2,12000.0,1200.0,22800.0
13866,448,57,2,4,280,2,3,15000.0,2250.0,42750.0
13867,581,538,1,,1200,1,2,12000.0,0.0,24000.0
13868,581,538,1,,1200,2,1,15000.0,300.0,14700.0
13869,581,538,1,,1200,2,1,15000.0,300.0,14700.0
13870,35,695,2,1,470,1,1,12000.0,1200.0,10800.0
13871,492,948,1,,1044,1,1,10800.0,540.0,10260.0
13872,492,948,1,,1044,2,3,15000.0,4500.0,40500.0
13873,214,39,2,3,1516,1,2,12000.0,0.0,24000.0
13874,83,472,1,,155,2,2,15000.0,1500.0,28500.0
13875,108,1347,2,3,2350,2,2,13500.0,540.0,26460.0
13876,108,1347,2,3,2350,1,2,12000.0,1200.0,22800.0
13877,632,582,2,2,1363,1,2,12000.0,2400.0,21600.0
13878,292,271,1,,213,1,3,12000.0,0.0,36000.0
13879,42,87,1,,2695,1,3,10800.0,648.0,31752.0
13880,42,87,1,,2695,1,2,12600.0,504.0,24696.0
13881,573,1150,1,,3006,1,3,12600.0,3780.0,34020.0
13882,346,1298,2,1,588,2,1,15000.0,0.0,15000.0
13883,199,115,1,,,2,1,15000.0,750.0,14250.0
13884,486,672,1,,1710,2,2,15000.0,0.0,30000.0
13885,547,1379,1,,770,1,3,12000.0,1800.0,34200.0
13886,547,1379,1,,770,1,2,12600.0,504.0,24696.0
13887,452,956,1,,2862,1,1,10800.0,0.0,10800.0
13888,452,956,1,,2862,1,2,10800.0,432.0,21168.0
13889,452,956,1,,2862,1,3,10800.0,0.0,32400.0
13890,135,1177,2,1,,1,1,12000.0,240.0,11760.0
13891,618,476,2,4,2542,1,3,12000.0,1800.0,34200.0
13892,618,476,2,4,2542,1,1,12000.0,1200.0,10800.0
13893,299,1393,1,,386,2,2,15000.0,600.0,29400.0
13894,157,311,2,1,3108,2,2,15750.0,630.0,30870.0
13895,533,546,2,1,1485,2,3,15000.0,4500.0,40500.0
13896,533,546,2,1,1485,1,3,12000.0,0.0,36000.0
13897,533,546,2,1,1485,1,1,12000.0,1200.0,10800.0
13898,185,187,1,,2852,1,3,12000.0,0.0,36000.0
13899,185,187,1,,2852,1,2,12000.0,0.0,24000.0
13900,420,515,2,4,2535,1,2,12000.0,480.0,23520.0
13901,576,641,2,4,1712,1,1,12000.0,600.0,11400.0
13902,511,1169,1,,2898,1,2,12600.0,504.0,24696.0
13903,115,459,2,4,1850,1,2,12000.0,0.0,24000.0
13904,497,190,1,,295,1,3,12000.0,0.0,36000.0
13905,529,781,1,,2110,1,2,12000.0,2400.0,21600.0
13906,591,581,2,1,331,1,3,12000.0,3600.0,32400.0
13907,591,581,2,1,331,1,3,12000.0,3600.0,32400.0
13908,295,1105,1,,1953,2,3,15000.0,4500.0,40500.0
13909,295,1105,1,,1953,1,3,12000.0,720.0,35280.0
13910,295,1105,1,,1953,2,3,15000.0,0.0,45000.0
13911,474,1144,1,,917,2,3,15000.0,2250.0,42750.0
13912,262,359,1,,2647,2,2,15000.0,600.0,29400.0
13913,80,517,1,,1854,1,2,12000.0,1200.0,22800.0
13914,80,517,1,,1854,2,2,13500.0,540.0,26460.0
13915,149,589,1,,1431,2,1,15750.0,1575.0,14175.0
13916,289,777,2,3,2017,1,2,12000.0,0.0,24000.0
13917,503,67,1,,2675,2,2,15000.0,600.0,29400.0
13918,503,67,1,,2675,1,3,12600.0,1890.0,35910.0
13919,168,1268,2,1,796,1,1,12600.0,1260.0,11340.0
13920,164,121,2,4,67,1,3,12000.0,0.0,36000.0
13921,439,140,1,,2979,1,3,13200.0,0.0,39600.0
13922,86,1453,1,,1213,1,3,12000.0,0.0,36000.0
13923,86,1453,1,,1213,2,1,15000.0,300.0,14700.0
13924,109,1337,2,1,601,1,3,12000.0,3600.0,32400.0
13925,109,1337,2,1,601,1,3,12000.0,720.0,35280.0
13926,117,1223,2,4,862,2,2,15000.0,3000.0,27000.0
13927,16,897,1,,2658,1,3,12000.0,720.0,35280.0
13928,70,1098,1,,,1,3,10800.0,0.0,32400.0
13929,439,1134,2,3,,2,3,15000.0,0.0,45000.0
13930,439,1134,2,3,,1,2,12000.0,0.0,24000.0
13931,504,679,2,4,2922,2,1,13500.0,1350.0,12150.0
13932,617,672,1,,459,1,3,12600.0,0.0,37800.0
13933,631,1405,1,,2492,1,2,12600.0,2520.0,22680.0
13934,32,922,2,3,2079,2,3,15750.0,945.0,46305.0
13935,167,33,1,,2950,2,2,15000.0,1500.0,28500.0
13936,410,109,2,4,1125,2,3,15000.0,900.0,44100.0
13937,560,423,1,,3041,1,2,12000.0,480.0,23520.0
13938,560,423,1,,3041,1,2,12000.0,0.0,24000.0
13939,560,423,1,,3041,2,1,13500.0,1350.0,12150.0
13940,422,1254,1,,868,1,3,12000.0,1800.0,34200.0
13941,422,1254,1,,868,2,1,15000.0,300.0,14700.0
13942,422,1254,1,,868,1,3,12000.0,3600.0,32400.0
13943,632,895,1,,88,1,2,12000.0,1200.0,22800.0
13944,632,895,1,,88,1,3,10800.0,1620.0,30780.0
13945,64,745,2,4,2944,1,3,12000.0,0.0,36000.0
13946,134,363,2,4,2325,2,3,15750.0,4725.0,42525.0
13947,145,700,2,1,2759,1,2,13200.0,0.0,26400.0
13948,25,126,1,,2089,2,2,15750.0,0.0,31500.0
13949,180,296,2,4,2637,2,3,16500.0,2475.0,47025.0
13950,39,185,2,3,3014,1,1,12600.0,1260.0,11340.0
13951,549,492,1,,160,2,3,15000.0,900.0,44100.0
13952,549,492,1,,160,1,1,12000.0,240.0,11760.0
13953,362,745,1,,2252,2,2,15000.0,0.0,30000.0
13954,523,581,2,3,2407,2,1,15000.0,0.0,15000.0
13955,544,553,2,3,998,1,3,12000.0,720.0,35280.0
13956,116,386,2,4,,1,2,10800.0,1080.0,20520.0
13957,389,838,1,,938,2,2,15000.0,3000.0,27000.0
13958,389,838,1,,938,2,2,15000.0,3000.0,27000.0
13959,157,126,2,2,2513,1,1,12600.0,630.0,11970.0
13960,157,126,2,2,2513,2,1,15000.0,300.0,14700.0
13961,340,866,1,,762,1,3,12000.0,1800.0,34200.0
13962,445,1010,1,,,2,2,15000.0,0.0,30000.0
13963,445,1010,1,,,2,3,15000.0,900.0,44100.0
13964,299,224,1,,,2,3,15000.0,0.0,45000.0
13965,320,1263,2,3,2854,1,1,12000.0,0.0,12000.0
13966,421,570,1,,596,1,3,12600.0,756.0,37044.0
13967,186,650,2,4,159,1,2,12000.0,480.0,23520.0
13968,414,1348,1,,553,1,1,12000.0,600.0,11400.0
13969,383,72,2,2,2799,1,1,12600.0,252.0,12348.0
13970,442,238,1,,1336,2,1,16500.0,1650.0,14850.0
13971,442,238,1,,1336,1,1,12600.0,0.0,12600.0
13972,63,809,1,,2518,2,1,15750.0,315.0,15435.0
13973,63,809,1,,2518,2,3,15000.0,900.0,44100.0
13974,599,542,1,,1989,1,2,12000.0,0.0,24000.0
13975,591,1471,2,1,2265,2,3,16500.0,0.0,49500.0
13976,475,18,2,4,,2,1,15000.0,0.0,15000.0
13977,352,93,1,,164,2,1,15000.0,0.0,15000.0
13978,582,666,1,,328,2,3,15000.0,2250.0,42750.0
13979,40,147,2,2,2107,2,3,15000.0,0.0,45000.0
13980,600,168,1,,925,2,3,15000.0,4500.0,40500.0
13981,600,168,1,,925,1,3,12000.0,1800.0,34200.0
13982,600,168,1,,925,2,3,15000.0,0.0,45000.0
13983,568,305,1,,2311,1,3,12000.0,3600.0,32400.0
13984,140,816,1,,874,1,1,12000.0,240.0,11760.0
13985,140,816,1,,874,1,2,12000.0,0.0,24000.0
13986,313,1173,2,4,1144,1,1,12000.0,240.0,11760.0
13987,261,524,2,2,1650,1,3,12000.0,3600.0,32400.0
13988,261,524,2,2,1650,1,3,13200.0,1980.0,37620.0
13989,544,688,1,,2218,1,2,10800.0,1080.0,20520.0
13990,544,688,1,,2218,2,2,15000.0,600.0,29400.0
13991,604,245,1,,639,2,1,15000.0,300.0,14700.0
13992,604,245,1,,639,2,1,15000.0,1500.0,13500.0
13993,218,422,2,1,3103,1,2,10800.0,1080.0,20520.0
13994,637,716,2,4,1971,1,3,12000.0,720.0,35280.0
13995,637,716,2,4,1971,1,1,12000.0,600.0,11400.0
13996,544,744,2,3,788,2,2,15000.0,1500.0,28500.0
13997,264,614,2,1,19,1,2,12000.0,480.0,23520.0
13998,322,716,1,,734,1,1,12000.0,0.0,12000.0
13999,322,716,1,,734,1,1,12000.0,240.0,11760.0
14000,524,258,2,4,,1,1,10800.0,1080.0,9720.0
14001,85,1139,2,4,1958,2,1,15000.0,750.0,14250.0
14002,85,1139,2,4,1958,1,1,12000.0,600.0,11400.0
14003,576,171,1,,2758,1,2,12000.0,2400.0,21600.0
14004,399,896,1,,2866,1,1,12000.0,240.0,11760.0
14005,568,1332,1,,1924,2,1,15000.0,0.0,15000.0
14006,291,682,1,,342,2,3,16500.0,990.0,48510.0
14007,633,1265,2,1,2846,1,3,12000.0,720.0,35280.0
14008,48,234,1,,2477,1,1,12000.0,600.0,11400.0
14009,40,1145,1,,901,1,3,12000.0,720.0,35280.0
14010,452,965,1,,714,2,1,15000.0,750.0,14250.0
14011,490,47,1,,3000,1,2,12000.0,2400.0,21600.0
14012,510,501,1,,1545,1,2,12000.0,0.0,24000.0
14013,500,716,1,,177,1,3,12000.0,0.0,36000.0
14014,271,848,1,,882,1,1,13200.0,0.0,13200.0
14015,484,574,2,2,,2,3,16500.0,0.0,49500.0
14016,628,361,1,,576,1,1,12000.0,0.0,12000.0
14017,10,565,2,2,2465,1,3,12000.0,1800.0,34200.0
14018,10,565,2,2,2465,1,3,13200.0,1980.0,37620.0
14019,258,1233,1,,847,2,2,16500.0,3300.0,29700.0
14020,242,433,2,2,,2,2,15000.0,0.0,30000.0
14021,394,66,1,,3183,1,2,12000.0,480.0,23520.0
14022,427,898,2,1,1829,1,3,12000.0,3600.0,32400.0
14023,596,1130,1,,,2,3,15000.0,0.0,45000.0
14024,596,1130,1,,,1,1,12000.0,0.0,12000.0
14025,174,892,1,,888,2,2,13500.0,2700.0,24300.0
14026,174,892,1,,888,2,3,15000.0,2250.0,42750.0
14027,79,972,2,1,563,2,1,13500.0,270.0,13230.0
14028,244,486,1,,2514,1,2,12000.0,1200.0,22800.0
14029,244,486,1,,2514,2,3,15000.0,0.0,45000.0
14030,244,486,1,,2514,2,1,13500.0,1350.0,12150.0
14031,598,173,1,,,2,3,15000.0,900.0,44100.0
14032,170,238,2,4,1000,1,1,10800.0,216.0,10584.0
14033,627,992,1,,,1,3,12000.0,3600.0,32400.0
14034,394,341,1,,1778,1,2,12600.0,2520.0,22680.0
14035,394,341,1,,1778,2,3,15000.0,2250.0,42750.0
14036,480,1321,2,3,746,1,1,12600.0,1260.0,11340.0
14037,480,1321,2,3,746,1,3,13200.0,792.0,38808.0
14038,247,1334,2,2,2601,2,1,15000.0,300.0,14700.0
14039,106,315,2,1,2142,2,2,15000.0,1500.0,28500.0
14040,106,315,2,1,2142,1,3,12000.0,720.0,35280.0
14041,106,315,2,1,2142,1,2,12000.0,0.0,24000.0
14042,117,839,1,,1041,2,3,16500.0,4950.0,44550.0
14043,102,643,1,,2297,1,2,10800.0,432.0,21168.0
14044,102,643,1,,2297,1,1,12000.0,1200.0,10800.0
14045,102,643,1,,2297,1,2,12000.0,1200.0,22800.0
14046,141,196,2,2,2544,1,2,10800.0,2160.0,19440.0
14047,85,1194,2,2,336,1,2,12000.0,2400.0,21600.0
14048,85,1194,2,2,336,1,1,12600.0,1260.0,11340.0
14049,269,1331,2,2,633,2,2,15750.0,0.0,31500.0
14050,288,1253,2,1,1513,1,1,12000.0,1200.0,10800.0
14051,235,878,1,,1492,1,2,10800.0,0.0,21600.0
14052,416,862,1,,1663,1,3,12000.0,0.0,36000.0
14053,199,714,2,4,2070,2,2,13500.0,2700.0,24300.0
14054,187,534,2,4,2952,2,3,13500.0,4050.0,36450.0
14055,187,534,2,4,2952,1,3,12000.0,1800.0,34200.0
14056,135,1062,2,3,1140,2,2,15750.0,3150.0,28350.0
14057,455,1234,2,2,2861,2,1,15000.0,1500.0,13500.0
14058,455,1234,2,2,2861,1,2,12000.0,0.0,24000.0
14059,233,947,1,,287,2,3,15000.0,900.0,44100.0
14060,478,880,2,4,229,2,1,15000.0,1500.0,13500.0
14061,382,1195,1,,1854,2,1,15000.0,0.0,15000.0
14062,382,1195,1,,1854,2,2,15750.0,3150.0,28350.0
14063,309,862,1,,2262,1,1,12000.0,1200.0,10800.0
14064,621,897,1,,1275,1,3,12000.0,3600.0,32400.0
14065,97,594,1,,320,2,1,16500.0,1650.0,14850.0
14066,31,1234,1,,53,1,3,12000.0,0.0,36000.0
14067,335,952,2,1,519,2,2,13500.0,1350.0,25650.0
14068,587,410,2,3,,2,1,15750.0,315.0,15435.0
14069,480,951,2,2,1653,1,3,12600.0,3780.0,34020.0
14070,573,71,2,2,1590,2,2,15750.0,1575.0,29925.0
14071,213,1245,1,,2723,2,2,15750.0,630.0,30870.0
14072,213,1245,1,,2723,2,3,13500.0,0.0,40500.0
14073,213,1245,1,,2723,1,1,12000.0,1200.0,10800.0
14074,99,244,2,3,3169,1,3,10800.0,648.0,31752.0
14075,96,776,2,1,2098,2,3,15000.0,900.0,44100.0
14076,519,1245,2,3,3025,2,3,16500.0,2475.0,47025.0
14077,570,822,2,4,1064,1,2,12000.0,2400.0,21600.0
14078,570,822,2,4,1064,1,1,12000.0,1200.0,10800.0
14079,36,602,2,4,1861,1,1,10800.0,0.0,10800.0
14080,397,803,1,,1553,1,1,12000.0,600.0,11400.0
14081,397,803,1,,1553,1,3,12600.0,0.0,37800.0
14082,432,1309,2,1,2048,2,3,13500.0,0.0,40500.0
14083,618,204,1,,1507,1,1,12000.0,240.0,11760.0
14084,174,1489,1,,393,2,1,15750.0,1575.0,14175.0
14085,555,8,1,,2,2,1,15000.0,1500.0,13500.0
14086,555,8,1,,2,2,2,13500.0,0.0,27000.0
14087,574,196,1,,314,2,1,13500.0,1350.0,12150.0
14088,137,479,1,,730,2,2,13500.0,2700.0,24300.0
14089,137,479,1,,730,1,2,12000.0,1200.0,22800.0
14090,255,1107,1,,2817,1,1,10800.0,1080.0,9720.0
14091,255,1107,1,,2817,2,1,15000.0,1500.0,13500.0
14092,359,384,2,4,276,1,2,12000.0,2400.0,21600.0
14093,457,206,1,,798,2,3,15750.0,4725.0,42525.0
14094,457,206,1,,798,1,3,12000.0,0.0,36000.0
14095,46,928,2,1,,1,1,13200.0,660.0,12540.0
14096,628,672,1,,2979,1,1,12600.0,0.0,12600.0
14097,195,876,2,2,3152,1,2,12600.0,0.0,25200.0
14098,344,980,1,,,2,2,13500.0,540.0,26460.0
14099,344,980,1,,,2,1,16500.0,1650.0,14850.0
14100,336,471,1,,,2,3,16500.0,0.0,49500.0
14101,336,471,1,,,1,2,12000.0,480.0,23520.0
14102,22,32,2,4,1673,2,3,16500.0,2475.0,47025.0
14103,22,32,2,4,1673,1,2,12600.0,504.0,24696.0
14104,22,32,2,4,1673,1,2,12600.0,1260.0,23940.0
14105,255,714,1,,944,2,1,15000.0,0.0,15000.0
14106,301,53,2,2,1906,2,3,15000.0,900.0,44100.0
14107,229,140,2,1,1413,2,1,15750.0,1575.0,14175.0
14108,229,140,2,1,1413,1,2,12600.0,504.0,24696.0
14109,151,986,1,,2719,2,3,15000.0,4500.0,40500.0
14110,151,986,1,,2719,2,1,15000.0,750.0,14250.0
14111,151,986,1,,2719,2,3,15000.0,900.0,44100.0
14112,622,1103,1,,1627,1,1,12600.0,0.0,12600.0
14113,622,1103,1,,1627,2,2,16500.0,0.0,33000.0
14114,591,1034,2,2,2395,1,2,12000.0,0.0,24000.0
14115,371,275,2,4,142,1,3,12000.0,1800.0,34200.0
14116,371,275,2,4,142,2,3,16500.0,990.0,48510.0
14117,418,263,2,4,79,1,3,13200.0,1980.0,37620.0
14118,479,922,2,4,2871,1,2,12000.0,0.0,24000.0
14119,479,922,2,4,2871,2,2,15750.0,0.0,31500.0
14120,282,1068,2,3,2109,2,1,13500.0,0.0,13500.0
14121,455,1316,1,,2408,2,1,15000.0,1500.0,13500.0
14122,89,506,1,,1257,2,1,15750.0,0.0,15750.0
14123,89,506,1,,1257,2,1,15000.0,1500.0,13500.0
14124,553,1258,1,,3023,1,2,12000.0,1200.0,22800.0
14125,438,349,1,,3050,2,2,13500.0,540.0,26460.0
14126,116,476,2,2,,2,2,15750.0,0.0,31500.0
14127,116,476,2,2,,1,2,13200.0,528.0,25872.0
14128,582,1468,1,,878,2,1,15750.0,0.0,15750.0
14129,639,885,1,,2179,2,2,13500.0,540.0,26460.0
14130,639,885,1,,2179,2,3,15000.0,0.0,45000.0
14131,336,1288,2,1,560,1,2,12600.0,0.0,25200.0
14132,316,1439,2,4,,1,2,12600.0,0.0,25200.0
14133,208,730,2,2,127,1,3,12600.0,756.0,37044.0
14134,58,194,2,4,774,1,3,12000.0,1800.0,34200.0
14135,58,194,2,4,774,2,3,13500.0,2025.0,38475.0
14136,58,194,2,4,774,2,1,16500.0,0.0,16500.0
14137,529,163,1,,,1,2,12000.0,2400.0,21600.0
14138,550,286,2,2,,2,3,13500.0,2025.0,38475.0
14139,47,107,1,,1650,1,2,12000.0,480.0,23520.0
14140,47,107,1,,1650,1,3,12000.0,0.0,36000.0
14141,514,1039,1,,1541,2,3,13500.0,810.0,39690.0
14142,514,1039,1,,1541,1,2,12000.0,480.0,23520.0
14143,573,411,1,,,1,1,12000.0,240.0,11760.0
14144,225,385,1,,826,1,1,10800.0,216.0,10584.0
14145,460,713,1,,1936,2,1,15000.0,750.0,14250.0
14146,284,819,1,,,2,1,15000.0,0.0,15000.0
14147,284,819,1,,,2,2,15000.0,0.0,30000.0
14148,436,315,2,2,407,1,1,13200.0,660.0,12540.0
14149,541,130,1,,1178,1,2,13200.0,2640.0,23760.0
14150,191,895,2,1,1076,2,1,15000.0,300.0,14700.0
14151,201,1337,1,,2106,1,3,12600.0,3780.0,34020.0
14152,201,1337,1,,2106,2,2,15000.0,0.0,30000.0
14153,594,919,2,2,184,2,3,15750.0,945.0,46305.0
14154,549,318,2,4,2682,1,2,12000.0,2400.0,21600.0
14155,177,354,1,,,2,2,16500.0,1650.0,31350.0
14156,41,906,2,3,272,2,1,15000.0,0.0,15000.0
14157,41,906,2,3,272,2,2,16500.0,0.0,33000.0
14158,126,963,2,2,,2,2,15000.0,0.0,30000.0
14159,606,913,1,,,2,3,15000.0,4500.0,40500.0
14160,328,1382,2,2,1926,2,1,15750.0,1575.0,14175.0
14161,328,1382,2,2,1926,2,1,15000.0,750.0,14250.0
14162,19,1044,1,,310,1,1,12600.0,252.0,12348.0
14163,19,1044,1,,310,1,1,12000.0,600.0,11400.0
14164,384,431,1,,221,1,3,10800.0,0.0,32400.0
14165,384,431,1,,221,1,1,12000.0,240.0,11760.0
14166,384,431,1,,221,1,3,12000.0,1800.0,34200.0
14167,554,2,1,,2001,2,1,13500.0,0.0,13500.0
14168,273,983,2,1,1737,1,3,12000.0,0.0,36000.0
14169,180,669,1,,2729,1,2,12000.0,1200.0,22800.0
14170,624,436,2,2,882,1,1,12000.0,0.0,12000.0
14171,169,27,1,,1770,2,3,13500.0,0.0,40500.0
14172,169,27,1,,1770,2,3,15000.0,4500.0,40500.0
14173,210,96,1,,335,2,3,15000.0,0.0,45000.0
14174,364,827,2,3,1012,1,2,10800.0,0.0,21600.0
14175,364,827,2,3,1012,1,2,12000.0,480.0,23520.0
14176,155,375,2,1,521,2,2,15750.0,3150.0,28350.0
14177,137,1236,1,,2695,2,1,15000.0,750.0,14250.0
14178,192,1232,2,3,659,1,2,12000.0,1200.0,22800.0
14179,25,731,1,,3028,1,3,12000.0,0.0,36000.0
14180,25,731,1,,3028,2,1,15750.0,315.0,15435.0
14181,25,731,1,,3028,1,2,12000.0,2400.0,21600.0
14182,286,898,1,,2057,1,2,12000.0,0.0,24000.0
14183,180,1169,2,4,2591,2,1,15000.0,300.0,14700.0
14184,117,826,1,,1340,2,2,13500.0,2700.0,24300.0
14185,572,593,1,,2770,1,1,12600.0,0.0,12600.0
14186,258,751,1,,2652,1,2,12000.0,0.0,24000.0
14187,631,1316,2,2,2549,2,3,15000.0,900.0,44100.0
14188,188,907,2,3,,2,2,15000.0,0.0,30000.0
14189,363,1110,1,,14,2,2,16500.0,1650.0,31350.0
14190,16,855,2,4,1157,2,2,15000.0,0.0,30000.0
14191,316,1244,1,,644,1,3,12000.0,720.0,35280.0
14192,383,722,1,,1274,2,2,15000.0,3000.0,27000.0
14193,41,119,1,,1415,1,2,12000.0,1200.0,22800.0
14194,478,228,1,,640,2,2,15000.0,0.0,30000.0
14195,417,166,2,2,1554,1,1,12000.0,600.0,11400.0
14196,417,166,2,2,1554,1,1,12000.0,1200.0,10800.0
14197,632,460,2,1,654,2,3,15000.0,2250.0,42750.0
14198,517,1371,1,,,1,3,10800.0,0.0,32400.0
14199,69,301,2,4,,2,3,15000.0,4500.0,40500.0
14200,188,1280,1,,1064,2,3,15000.0,2250.0,42750.0
14201,507,793,1,,1667,1,1,10800.0,540.0,10260.0
14202,282,906,1,,2632,1,1,12000.0,240.0,11760.0
14203,617,68,1,,41,1,2,12000.0,0.0,24000.0
14204,593,585,1,,1468,1,1,12000.0,240.0,11760.0
14205,593,585,1,,1468,1,3,10800.0,648.0,31752.0
14206,304,367,1,,1456,1,2,12000.0,480.0,23520.0
14207,88,624,1,,,1,3,12600.0,756.0,37044.0
14208,88,624,1,,,1,3,12000.0,720.0,35280.0
14209,381,1411,1,,2588,1,1,13200.0,660.0,12540.0
14210,381,1411,1,,2588,1,2,13200.0,528.0,25872.0
14211,176,1102,1,,1070,2,1,16500.0,825.0,15675.0
14212,491,1345,1,,635,1,3,12000.0,720.0,35280.0
14213,491,1345,1,,635,1,1,10800.0,216.0,10584.0
14214,491,1345,1,,635,1,1,12000.0,600.0,11400.0
14215,468,302,2,4,3167,2,2,15000.0,1500.0,28500.0
14216,150,792,2,1,262,1,2,12000.0,0.0,24000.0
14217,161,1375,2,1,2857,2,3,15000.0,900.0,44100.0
14218,161,1375,2,1,2857,1,1,12000.0,600.0,11400.0
14219,22,1012,2,3,1775,2,2,15750.0,0.0,31500.0
14220,22,1012,2,3,1775,1,3,12600.0,0.0,37800.0
14221,74,620,1,,3010,2,1,15000.0,750.0,14250.0
14222,476,414,1,,330,2,1,15750.0,1575.0,14175.0
14223,614,905,2,3,1951,1,1,12000.0,0.0,12000.0
14224,42,1104,1,,3189,2,3,15000.0,0.0,45000.0
14225,42,213,2,4,2053,1,1,12000.0,1200.0,10800.0
14226,129,669,1,,2351,2,1,15000.0,0.0,15000.0
14227,156,1201,1,,2806,1,3,12000.0,3600.0,32400.0
14228,156,1201,1,,2806,1,2,12000.0,480.0,23520.0
14229,245,1177,2,4,685,1,2,12000.0,0.0,24000.0
14230,245,1177,2,4,685,1,1,12600.0,0.0,12600.0
14231,451,584,1,,813,2,2,13500.0,0.0,27000.0
14232,321,929,1,,93,1,3,12000.0,3600.0,32400.0
14233,101,554,1,,2949,1,3,12600.0,756.0,37044.0
14234,247,1093,2,4,,2,2,15750.0,1575.0,29925.0
14235,523,1326,1,,2310,1,1,12600.0,630.0,11970.0
14236,523,1326,1,,2310,2,1,15000.0,0.0,15000.0
14237,638,612,1,,2547,2,2,15750.0,630.0,30870.0
14238,142,271,1,,1562,2,3,15000.0,4500.0,40500.0
14239,487,832,1,,2592,2,1,15000.0,300.0,14700.0
14240,487,832,1,,2592,2,1,13500.0,0.0,13500.0
14241,143,609,1,,2927,1,2,12000.0,480.0,23520.0
14242,166,331,2,4,,2,1,15750.0,787.5,14962.5
14243,127,405,1,,982,1,1,12000.0,600.0,11400.0
14244,127,405,1,,982,2,1,13500.0,0.0,13500.0
14245,107,987,1,,1541,1,2,12000.0,2400.0,21600.0
14246,96,262,1,,1257,2,3,15000.0,0.0,45000.0
14247,347,148,1,,888,1,2,12600.0,0.0,25200.0
14248,570,839,2,4,2488,1,1,12000.0,1200.0,10800.0
14249,211,1281,2,2,2235,1,2,12000.0,2400.0,21600.0
14250,324,1042,1,,1780,1,2,10800.0,2160.0,19440.0
14251,79,924,1,,283,2,3,15750.0,945.0,46305.0
14252,79,924,1,,283,1,1,10800.0,216.0,10584.0
14253,80,583,2,1,1091,1,2,12000.0,480.0,23520.0
14254,231,1086,1,,165,1,2,10800.0,432.0,21168.0
14255,528,779,1,,284,2,1,15000.0,0.0,15000.0
14256,528,779,1,,284,2,3,15000.0,900.0,44100.0
14257,429,85,1,,1342,1,1,12000.0,600.0,11400.0
14258,316,18,1,,186,2,1,15000.0,0.0,15000.0
14259,226,310,2,3,42,2,3,15000.0,0.0,45000.0
14260,314,477,1,,575,2,1,15000.0,750.0,14250.0
14261,103,1266,1,,946,1,1,12000.0,1200.0,10800.0
14262,103,1266,1,,946,1,3,12000.0,1800.0,34200.0
14263,480,1173,1,,1088,1,1,10800.0,1080.0,9720.0
14264,285,13,2,1,3202,2,1,15750.0,0.0,15750.0
14265,477,1193,1,,2873,1,3,12600.0,0.0,37800.0
14266,279,1231,1,,1987,1,2,10800.0,2160.0,19440.0
14267,380,467,2,3,359,2,3,15750.0,0.0,47250.0
14268,151,995,1,,,1,2,12000.0,1200.0,22800.0
14269,251,1108,1,,,2,2,15000.0,3000.0,27000.0
14270,251,1108,1,,,2,2,15750.0,0.0,31500.0
14271,547,268,1,,,2,1,15000.0,1500.0,13500.0
14272,547,268,1,,,1,1,12000.0,1200.0,10800.0
14273,547,268,1,,,2,3,13500.0,810.0,39690.0
14274,486,1496,1,,,2,1,15000.0,1500.0,13500.0
14275,10,1022,2,3,2607,1,2,12600.0,2520.0,22680.0
14276,10,1022,2,3,2607,2,2,15000.0,0.0,30000.0
14277,10,1022,2,3,2607,2,2,13500.0,540.0,26460.0
14278,566,1479,1,,1262,1,2,12000.0,0.0,24000.0
14279,566,1479,1,,1262,2,2,15750.0,0.0,31500.0
14280,384,20,1,,,1,3,12600.0,0.0,37800.0
14281,384,20,1,,,2,2,15000.0,1500.0,28500.0
14282,401,335,2,1,748,2,1,15000.0,750.0,14250.0
14283,523,1310,1,,244,1,3,12000.0,0.0,36000.0
14284,448,289,2,2,2702,1,2,12000.0,2400.0,21600.0
14285,448,289,2,2,2702,1,2,12000.0,2400.0,21600.0
14286,90,926,1,,1940,1,3,10800.0,0.0,32400.0
14287,558,126,1,,1823,1,2,12000.0,2400.0,21600.0
14288,374,252,2,1,1404,1,1,12600.0,630.0,11970.0
14289,374,252,2,1,1404,1,2,12000.0,0.0,24000.0
14290,374,252,2,1,1404,2,2,15000.0,0.0,30000.0
14291,609,1070,1,,1825,2,3,15000.0,4500.0,40500.0
14292,383,971,1,,838,2,2,15000.0,0.0,30000.0
14293,383,971,1,,838,1,3,12000.0,720.0,35280.0
14294,635,1178,1,,2971,2,3,15750.0,945.0,46305.0
14295,471,717,2,1,1676,1,1,10800.0,540.0,10260.0
14296,347,1217,1,,2,2,3,15000.0,4500.0,40500.0
14297,347,1217,1,,2,2,2,15000.0,3000.0,27000.0
14298,575,513,1,,498,1,1,12600.0,252.0,12348.0
14299,299,512,1,,1672,1,2,12000.0,480.0,23520.0
14300,292,316,1,,1089,2,3,15750.0,0.0,47250.0
14301,202,1141,2,4,2594,2,1,15000.0,0.0,15000.0
14302,499,1062,1,,1962,1,1,10800.0,0.0,10800.0
14303,322,216,1,,2330,1,3,12000.0,1800.0,34200.0
14304,240,1452,1,,,1,2,12000.0,2400.0,21600.0
14305,240,1452,1,,,1,2,12000.0,0.0,24000.0
14306,240,1452,1,,,2,1,15000.0,300.0,14700.0
14307,16,981,1,,1969,2,1,15750.0,0.0,15750.0
14308,16,981,1,,1969,1,3,10800.0,648.0,31752.0
14309,116,193,2,2,2098,1,3,12000.0,720.0,35280.0
14310,183,529,2,4,268,1,1,12000.0,0.0,12000.0
14311,493,1418,1,,881,1,3,13200.0,3960.0,35640.0
14312,405,1343,1,,1633,2,3,15000.0,2250.0,42750.0
14313,405,1343,1,,1633,1,3,12600.0,3780.0,34020.0
14314,405,1343,1,,1633,2,3,15000.0,900.0,44100.0
14315,233,703,1,,1816,1,2,12000.0,2400.0,21600.0
14316,144,76,2,1,869,1,3,12000.0,3600.0,32400.0
14317,553,357,2,2,2108,1,1,13200.0,0.0,13200.0
14318,450,1007,2,1,2158,1,2,12000.0,0.0,24000.0
14319,521,1439,1,,80,1,1,10800.0,216.0,10584.0
14320,215,470,2,4,985,2,3,15000.0,2250.0,42750.0
14321,215,470,2,4,985,1,2,12600.0,1260.0,23940.0
14322,386,890,1,,1305,2,3,16500.0,2475.0,47025.0
14323,520,276,2,4,535,1,2,12000.0,2400.0,21600.0
14324,520,276,2,4,535,1,2,10800.0,1080.0,20520.0
14325,13,145,1,,67,1,2,12000.0,0.0,24000.0
14326,431,1063,2,4,2150,2,3,16500.0,4950.0,44550.0
14327,431,1063,2,4,2150,1,3,12000.0,1800.0,34200.0
14328,59,594,1,,1962,2,3,15000.0,2250.0,42750.0
14329,59,594,1,,1962,1,2,10800.0,1080.0,20520.0
14330,87,1420,1,,2771,1,2,12600.0,2520.0,22680.0
14331,87,1420,1,,2771,1,1,13200.0,1320.0,11880.0
14332,608,812,1,,2912,1,1,12600.0,252.0,12348.0
14333,154,1394,2,3,,1,1,12000.0,1200.0,10800.0
14334,336,196,1,,406,2,3,15000.0,0.0,45000.0
14335,241,145,2,2,184,2,2,15750.0,630.0,30870.0
14336,241,145,2,2,184,2,3,15000.0,0.0,45000.0
14337,570,832,1,,1279,1,2,12000.0,0.0,24000.0
14338,280,1239,2,3,1756,2,3,15750.0,945.0,46305.0
14339,402,805,2,3,2338,1,3,12000.0,0.0,36000.0
14340,567,889,1,,2552,1,3,12000.0,3600.0,32400.0
14341,245,944,2,2,2216,2,1,15000.0,750.0,14250.0
14342,81,1233,2,3,1222,1,3,12000.0,0.0,36000.0
14343,131,142,1,,2933,1,1,10800.0,0.0,10800.0
14344,26,932,1,,1556,1,3,13200.0,3960.0,35640.0
14345,497,46,2,2,,1,2,12000.0,480.0,23520.0
14346,356,518,1,,288,1,1,12000.0,240.0,11760.0
14347,142,442,1,,2424,1,1,12000.0,600.0,11400.0
14348,215,366,1,,2077,1,1,10800.0,0.0,10800.0
14349,215,366,1,,2077,1,2,12000.0,1200.0,22800.0
14350,562,908,2,2,204,2,2,16500.0,1650.0,31350.0
14351,123,1157,1,,1640,1,3,12000.0,720.0,35280.0
14352,587,763,1,,1954,2,1,13500.0,0.0,13500.0
14353,587,763,1,,1954,1,1,10800.0,0.0,10800.0
14354,587,763,1,,1954,1,2,12000.0,2400.0,21600.0
14355,69,1057,1,,746,2,2,15000.0,1500.0,28500.0
14356,69,1057,1,,746,1,2,12000.0,1200.0,22800.0
14357,62,1474,2,4,2946,1,1,12000.0,600.0,11400.0
14358,389,332,1,,223,2,2,15000.0,0.0,30000.0
14359,216,1439,2,2,1444,1,3,10800.0,3240.0,29160.0
14360,203,1004,2,4,974,2,3,15000.0,4500.0,40500.0
14361,203,1004,2,4,974,2,1,15750.0,787.5,14962.5
14362,591,538,1,,1677,2,1,15000.0,300.0,14700.0
14363,340,1039,2,1,3011,2,2,15000.0,1500.0,28500.0
14364,127,1145,1,,3174,1,2,12000.0,0.0,24000.0
14365,127,1145,1,,3174,1,1,12000.0,0.0,12000.0
14366,353,943,2,4,,1,3,12000.0,1800.0,34200.0
14367,353,943,2,4,,1,1,13200.0,264.0,12936.0
14368,27,1170,2,4,,1,2,10800.0,1080.0,20520.0
14369,531,1020,1,,2401,1,1,12000.0,0.0,12000.0
14370,612,1400,2,1,3052,2,2,15000.0,0.0,30000.0
14371,330,506,2,2,1635,1,2,12000.0,2400.0,21600.0
14372,330,506,2,2,1635,1,1,12000.0,600.0,11400.0
14373,518,261,1,,2454,2,1,15000.0,750.0,14250.0
14374,180,1437,1,,2310,1,3,12000.0,1800.0,34200.0
14375,238,612,2,3,1757,1,2,12000.0,0.0,24000.0
14376,137,558,1,,1328,1,2,12000.0,1200.0,22800.0
14377,362,1040,2,2,3072,1,1,12000.0,1200.0,10800.0
14378,284,487,1,,2806,2,1,15000.0,0.0,15000.0
14379,354,834,1,,2653,1,2,12000.0,480.0,23520.0
14380,617,1188,2,3,42,2,1,13500.0,675.0,12825.0
14381,255,1291,1,,,1,3,12000.0,0.0,36000.0
14382,255,1291,1,,,1,1,10800.0,0.0,10800.0
14383,541,310,1,,2647,1,1,12000.0,1200.0,10800.0
14384,417,982,1,,2974,2,3,16500.0,4950.0,44550.0
14385,181,743,2,4,1464,1,2,10800.0,432.0,21168.0
14386,599,224,2,3,618,1,2,12000.0,1200.0,22800.0
14387,596,1068,1,,1667,2,2,15000.0,1500.0,28500.0
14388,596,1068,1,,1667,2,3,15000.0,0.0,45000.0
14389,344,113,1,,665,1,2,12000.0,1200.0,22800.0
14390,272,1090,1,,378,2,3,15000.0,4500.0,40500.0
14391,272,1090,1,,378,1,2,12000.0,1200.0,22800.0
14392,265,1033,1,,1331,1,2,12600.0,1260.0,23940.0
14393,356,1132,1,,3006,2,3,15000.0,900.0,44100.0
14394,356,1132,1,,3006,2,1,15000.0,0.0,15000.0
14395,635,292,2,3,831,2,1,15000.0,0.0,15000.0
14396,635,292,2,3,831,1,2,12000.0,0.0,24000.0
14397,112,556,2,4,358,2,2,15000.0,3000.0,27000.0
14398,480,519,1,,1680,2,3,15750.0,945.0,46305.0
14399,480,519,1,,1680,1,3,12000.0,0.0,36000.0
14400,508,491,2,1,197,2,1,13500.0,675.0,12825.0
14401,508,491,2,1,197,2,3,15000.0,900.0,44100.0
14402,516,811,1,,2904,1,3,12600.0,756.0,37044.0
14403,347,687,2,1,1190,2,3,15000.0,900.0,44100.0
14404,565,921,2,1,3028,1,2,12600.0,1260.0,23940.0
14405,369,622,2,4,861,2,2,13500.0,2700.0,24300.0
14406,353,789,2,1,1364,2,1,13500.0,270.0,13230.0
14407,390,126,2,1,3064,1,3,12000.0,3600.0,32400.0
14408,510,1176,2,2,1943,1,2,12000.0,2400.0,21600.0
14409,510,1176,2,2,1943,2,1,16500.0,825.0,15675.0
14410,175,282,1,,1492,2,3,15000.0,900.0,44100.0
14411,175,282,1,,1492,1,3,12000.0,1800.0,34200.0
14412,175,282,1,,1492,1,2,12000.0,1200.0,22800.0
14413,35,1132,1,,2483,1,3,12000.0,0.0,36000.0
14414,35,1132,1,,2483,2,1,15000.0,1500.0,13500.0
14415,372,284,2,1,,2,3,15000.0,2250.0,42750.0
14416,5,174,1,,134,1,1,12000.0,600.0,11400.0
14417,594,1331,2,3,313,2,1,15000.0,750.0,14250.0
14418,594,1331,2,3,313,2,3,15000.0,0.0,45000.0
14419,622,1216,1,,225,2,2,15750.0,1575.0,29925.0
14420,146,1194,2,1,2010,1,1,12000.0,600.0,11400.0
14421,225,982,1,,2301,1,2,12000.0,480.0,23520.0
14422,540,545,1,,2929,2,1,15000.0,300.0,14700.0
14423,269,325,1,,2283,1,1,12000.0,600.0,11400.0
14424,586,867,1,,2469,2,3,15000.0,4500.0,40500.0
14425,617,1059,1,,3115,2,3,16500.0,990.0,48510.0
14426,352,775,1,,2563,2,2,15750.0,3150.0,28350.0
14427,352,775,1,,2563,1,1,12000.0,240.0,11760.0
14428,9,354,2,2,428,2,3,15000.0,900.0,44100.0
14429,537,168,1,,2518,1,1,10800.0,216.0,10584.0
14430,509,638,2,2,,1,1,10800.0,1080.0,9720.0
14431,275,710,2,2,,2,2,15000.0,3000.0,27000.0
14432,33,963,1,,2000,1,2,12600.0,1260.0,23940.0
14433,617,1415,2,3,881,1,1,12000.0,0.0,12000.0
14434,440,599,2,1,895,2,1,16500.0,1650.0,14850.0
14435,372,200,1,,773,2,3,15000.0,0.0,45000.0
14436,154,1122,2,3,1478,1,1,10800.0,540.0,10260.0
14437,112,317,2,2,706,1,1,10800.0,1080.0,9720.0
14438,61,1158,2,2,2622,1,2,12000.0,1200.0,22800.0
14439,61,1158,2,2,2622,2,1,15000.0,0.0,15000.0
14440,454,723,1,,507,1,3,12000.0,0.0,36000.0
14441,293,1083,1,,3155,2,3,15000.0,2250.0,42750.0
14442,331,352,1,,2449,2,2,15750.0,0.0,31500.0
14443,171,394,1,,3185,2,3,13500.0,2025.0,38475.0
14444,550,740,1,,1936,2,1,15000.0,750.0,14250.0
14445,158,1418,2,1,1871,2,1,16500.0,1650.0,14850.0
14446,158,1418,2,1,1871,2,2,15000.0,3000.0,27000.0
14447,220,530,1,,2459,2,3,16500.0,0.0,49500.0
14448,220,530,1,,2459,2,3,15000.0,0.0,45000.0
14449,479,239,1,,1066,2,2,15000.0,1500.0,28500.0
14450,479,239,1,,1066,1,1,12600.0,252.0,12348.0
14451,283,296,1,,2754,1,2,12000.0,480.0,23520.0
14452,283,296,1,,2754,2,2,15000.0,0.0,30000.0
14453,283,296,1,,2754,1,2,12600.0,2520.0,22680.0
14454,9,854,2,2,1632,2,3,15000.0,4500.0,40500.0
14455,9,854,2,2,1632,1,1,12000.0,1200.0,10800.0
14456,448,1221,2,3,1708,2,1,13500.0,270.0,13230.0
14457,379,229,1,,2813,1,3,10800.0,1620.0,30780.0
14458,448,1048,1,,79,2,2,15000.0,600.0,29400.0
14459,430,698,1,,2031,2,2,15750.0,3150.0,28350.0
14460,76,869,2,4,214,2,1,13500.0,270.0,13230.0
14461,178,463,1,,843,2,3,15000.0,0.0,45000.0
14462,23,268,1,,1767,1,2,12600.0,504.0,24696.0
14463,23,268,1,,1767,2,3,15750.0,4725.0,42525.0
14464,387,62,1,,2481,1,2,10800.0,2160.0,19440.0
14465,111,1242,1,,3071,2,1,15000.0,750.0,14250.0
14466,401,181,1,,707,2,2,15000.0,1500.0,28500.0
14467,150,1484,2,2,643,1,1,12600.0,1260.0,11340.0
14468,150,1484,2,2,643,1,1,12000.0,600.0,11400.0
14469,486,41,1,,1449,2,3,16500.0,0.0,49500.0
14470,401,497,1,,2936,1,3,13200.0,3960.0,35640.0
14471,404,389,1,,2623,1,3,12000.0,1800.0,34200.0
14472,411,150,1,,1105,1,2,10800.0,1080.0,20520.0
14473,411,150,1,,1105,1,3,13200.0,0.0,39600.0
14474,411,150,1,,1105,2,3,15000.0,4500.0,40500.0
14475,559,1170,1,,506,1,2,10800.0,2160.0,19440.0
14476,559,1170,1,,506,1,3,12000.0,0.0,36000.0
14477,114,1462,2,1,2433,2,1,15000.0,750.0,14250.0
14478,114,1462,2,1,2433,2,1,16500.0,825.0,15675.0
14479,376,1296,2,2,2815,1,2,10800.0,1080.0,20520.0
14480,214,830,1,,625,2,3,13500.0,810.0,39690.0
14481,165,847,1,,2233,1,3,12000.0,1800.0,34200.0
14482,165,847,1,,2233,1,3,12000.0,0.0,36000.0
14483,66,981,2,3,2540,2,1,13500.0,1350.0,12150.0
14484,372,771,2,1,3061,2,2,15000.0,600.0,29400.0
14485,372,771,2,1,3061,1,2,12000.0,1200.0,22800.0
14486,457,91,2,4,1759,2,2,15000.0,1500.0,28500.0
14487,457,91,2,4,1759,1,1,12000.0,240.0,11760.0
14488,389,1173,1,,2313,1,1,12000.0,600.0,11400.0
14489,394,1317,2,2,957,2,3,16500.0,4950.0,44550.0
14490,224,1202,1,,1555,2,2,15000.0,0.0,30000.0
14491,33,422,2,2,2961,2,3,13500.0,2025.0,38475.0
14492,121,847,2,3,2616,2,1,15000.0,1500.0,13500.0
14493,121,847,2,3,2616,2,2,15750.0,630.0,30870.0
14494,46,573,1,,1294,2,1,16500.0,0.0,16500.0
14495,301,1285,2,4,1629,1,3,12000.0,1800.0,34200.0
14496,301,1285,2,4,1629,2,1,15000.0,0.0,15000.0
14497,637,183,1,,1493,1,1,12000.0,0.0,12000.0
14498,47,663,1,,2882,2,3,15000.0,900.0,44100.0
14499,266,675,1,,1199,1,1,10800.0,540.0,10260.0
14500,256,306,1,,184,1,2,12000.0,0.0,24000.0
14501,609,476,2,1,2479,1,1,12000.0,240.0,11760.0
14502,355,77,1,,810,1,1,13200.0,0.0,13200.0
14503,482,956,1,,3196,1,3,12000.0,720.0,35280.0
14504,482,956,1,,3196,1,3,12000.0,3600.0,32400.0
14505,427,668,2,3,3124,2,2,15000.0,1500.0,28500.0
14506,578,439,1,,1394,1,2,12600.0,0.0,25200.0
14507,578,439,1,,1394,1,2,12000.0,480.0,23520.0
14508,290,1457,1,,1389,1,2,12000.0,480.0,23520.0
14509,242,725,2,4,785,1,3,12000.0,0.0,36000.0
14510,536,1457,1,,901,1,2,12600.0,2520.0,22680.0
14511,266,507,2,4,2939,1,1,12000.0,240.0,11760.0
14512,426,129,2,4,922,2,3,13500.0,810.0,39690.0
14513,426,129,2,4,922,1,3,12000.0,3600.0,32400.0
14514,426,129,2,4,922,1,3,12600.0,756.0,37044.0
14515,293,1407,1,,1190,1,1,12000.0,1200.0,10800.0
14516,535,775,2,2,490,2,2,15750.0,1575.0,29925.0
14517,95,661,1,,1563,2,3,15000.0,2250.0,42750.0
14518,589,1084,2,3,67,2,2,13500.0,1350.0,25650.0
14519,304,711,1,,1218,1,1,10800.0,1080.0,9720.0
14520,420,658,1,,2060,2,2,15000.0,3000.0,27000.0
14521,204,820,1,,2654,1,2,12600.0,504.0,24696.0
14522,143,1139,1,,2344,2,3,15000.0,4500.0,40500.0
14523,143,1139,1,,2344,2,3,15000.0,4500.0,40500.0
14524,143,1139,1,,2344,1,2,10800.0,0.0,21600.0
14525,149,1020,2,4,112,2,1,16500.0,330.0,16170.0
14526,43,650,2,4,2865,2,2,15000.0,3000.0,27000.0
14527,53,1067,1,,1877,1,2,12600.0,2520.0,22680.0
14528,366,676,1,,678,2,1,15000.0,0.0,15000.0
14529,366,676,1,,678,2,1,13500.0,0.0,13500.0
14530,233,1416,1,,1742,2,2,15000.0,600.0,29400.0
14531,28,908,1,,,2,2,15000.0,1500.0,28500.0
14532,28,908,1,,,2,2,15750.0,0.0,31500.0
14533,169,1486,1,,,2,1,15000.0,1500.0,13500.0
14534,151,1064,1,,,1,3,12000.0,3600.0,32400.0
14535,154,529,1,,2893,1,2,12000.0,480.0,23520.0
14536,154,529,1,,2893,2,1,15000.0,750.0,14250.0
14537,310,805,1,,1636,1,3,10800.0,3240.0,29160.0
14538,310,805,1,,1636,2,3,15000.0,4500.0,40500.0
14539,26,927,1,,2915,1,3,12000.0,720.0,35280.0
14540,561,1062,2,4,,2,1,15000.0,0.0,15000.0
14541,75,288,1,,,1,2,12000.0,480.0,23520.0
14542,75,288,1,,,1,1,12000.0,240.0,11760.0
14543,369,412,2,4,1089,1,2,13200.0,2640.0,23760.0
14544,177,4,1,,790,1,1,12000.0,240.0,11760.0
14545,362,595,2,2,,2,1,15000.0,300.0,14700.0
14546,496,992,2,4,,2,1,15750.0,1575.0,14175.0
14547,468,1202,2,1,1766,2,1,15750.0,0.0,15750.0
14548,468,1202,2,1,1766,2,3,16500.0,990.0,48510.0
14549,473,278,2,3,198,1,1,12600.0,1260.0,11340.0
14550,473,278,2,3,198,1,2,12000.0,480.0,23520.0
14551,413,767,2,4,,2,1,15000.0,750.0,14250.0
14552,494,672,2,4,3154,1,2,13200.0,2640.0,23760.0
14553,383,425,2,1,2082,1,2,12000.0,1200.0,22800.0
14554,383,425,2,1,2082,2,3,15750.0,2362.5,44887.5
14555,632,673,1,,1564,1,2,12600.0,504.0,24696.0
14556,92,491,1,,2513,1,1,10800.0,1080.0,9720.0
14557,592,1114,2,2,3170,1,2,13200.0,2640.0,23760.0
14558,592,1114,2,2,3170,2,1,15000.0,750.0,14250.0
14559,613,712,1,,2999,2,1,13500.0,270.0,13230.0
14560,465,472,1,,2496,1,3,12000.0,1800.0,34200.0
14561,502,440,2,3,2249,1,3,12000.0,3600.0,32400.0
14562,59,844,2,3,1767,2,3,15750.0,4725.0,42525.0
14563,59,844,2,3,1767,1,1,10800.0,1080.0,9720.0
14564,59,844,2,3,1767,1,2,12000.0,480.0,23520.0
14565,458,1041,1,,1024,2,2,15000.0,0.0,30000.0
14566,350,58,2,1,152,1,1,12000.0,1200.0,10800.0
14567,59,129,1,,2977,2,1,15750.0,787.5,14962.5
14568,59,129,1,,2977,2,3,15000.0,900.0,44100.0
14569,446,1359,2,3,2504,2,2,15000.0,3000.0,27000.0
14570,11,584,1,,249,1,2,12000.0,2400.0,21600.0
14571,11,584,1,,249,1,1,10800.0,0.0,10800.0
14572,479,672,2,1,1232,1,2,12000.0,1200.0,22800.0
14573,479,672,2,1,1232,1,1,10800.0,1080.0,9720.0
14574,479,672,2,1,1232,2,3,15750.0,2362.5,44887.5
14575,394,942,1,,1900,1,2,13200.0,1320.0,25080.0
14576,577,577,2,2,1430,1,3,12600.0,0.0,37800.0
14577,379,227,1,,2403,1,1,13200.0,264.0,12936.0
14578,414,242,2,1,2885,2,1,13500.0,1350.0,12150.0
14579,340,1468,2,3,1972,1,2,10800.0,1080.0,20520.0
14580,516,1092,1,,148,1,1,12600.0,1260.0,11340.0
14581,46,1096,1,,634,2,2,15000.0,600.0,29400.0
14582,148,871,2,2,1281,2,2,13500.0,1350.0,25650.0
14583,432,200,2,1,779,1,2,12000.0,480.0,23520.0
14584,159,1056,1,,2473,2,1,15000.0,1500.0,13500.0
14585,78,341,1,,2660,2,1,15000.0,300.0,14700.0
14586,533,905,1,,1804,2,2,15000.0,1500.0,28500.0
14587,597,124,1,,,2,2,15750.0,630.0,30870.0
14588,57,420,1,,382,2,3,15000.0,900.0,44100.0
14589,272,698,2,1,93,2,3,15000.0,0.0,45000.0
14590,272,698,2,1,93,1,1,12000.0,1200.0,10800.0
14591,211,27,1,,308,1,2,13200.0,0.0,26400.0
14592,280,989,1,,2463,2,1,15000.0,300.0,14700.0
14593,2,361,1,,1840,1,3,12000.0,3600.0,32400.0
14594,2,361,1,,1840,1,2,12000.0,0.0,24000.0
14595,634,1355,1,,3105,1,1,12000.0,0.0,12000.0
14596,336,250,1,,528,1,1,12000.0,0.0,12000.0
14597,23,298,1,,142,1,3,13200.0,3960.0,35640.0
14598,601,365,2,4,1180,1,1,12600.0,0.0,12600.0
14599,507,427,1,,3201,2,3,15000.0,2250.0,42750.0
14600,507,876,1,,1366,2,3,15000.0,4500.0,40500.0
14601,541,509,2,2,1353,1,1,10800.0,540.0,10260.0
14602,563,959,2,2,2008,2,3,13500.0,2025.0,38475.0
14603,147,1450,2,1,427,1,1,12000.0,0.0,12000.0
14604,147,1450,2,1,427,2,2,13500.0,0.0,27000.0
14605,385,261,1,,1288,2,3,15000.0,0.0,45000.0
14606,183,541,1,,1380,2,2,15750.0,3150.0,28350.0
14607,183,541,1,,1380,2,2,13500.0,0.0,27000.0
14608,560,398,1,,,1,1,12600.0,0.0,12600.0
14609,560,398,1,,,2,1,15000.0,1500.0,13500.0
14610,490,1286,1,,,2,1,13500.0,270.0,13230.0
14611,215,826,2,1,1913,2,3,13500.0,0.0,40500.0
14612,538,395,1,,1967,1,1,13200.0,264.0,12936.0
14613,538,395,1,,1967,2,2,15000.0,1500.0,28500.0
14614,438,752,2,1,,2,3,15000.0,900.0,44100.0
14615,269,975,1,,2075,1,3,12600.0,756.0,37044.0
14616,347,899,1,,2038,1,2,12600.0,0.0,25200.0
14617,347,899,1,,2038,2,2,15000.0,3000.0,27000.0
14618,551,28,1,,,2,3,16500.0,4950.0,44550.0
14619,191,208,2,1,1918,1,1,12000.0,600.0,11400.0
14620,385,1165,2,2,3193,1,1,12000.0,240.0,11760.0
14621,384,1212,1,,63,1,1,12600.0,252.0,12348.0
14622,384,1212,1,,63,1,2,12600.0,0.0,25200.0
14623,623,1124,1,,1757,2,3,16500.0,2475.0,47025.0
14624,549,1422,2,3,2267,1,3,12000.0,3600.0,32400.0
14625,323,489,1,,347,2,3,15000.0,0.0,45000.0
14626,323,489,1,,347,2,2,15750.0,0.0,31500.0
14627,67,109,1,,443,1,2,10800.0,0.0,21600.0
14628,573,361,2,2,2370,2,1,13500.0,270.0,13230.0
14629,573,361,2,2,2370,1,2,12000.0,2400.0,21600.0
14630,617,578,1,,117,1,3,12000.0,1800.0,34200.0
14631,617,578,1,,117,2,3,13500.0,810.0,39690.0
14632,161,1067,1,,1234,2,1,16500.0,330.0,16170.0
14633,542,212,2,3,2716,2,2,15000.0,3000.0,27000.0
14634,542,212,2,3,2716,1,3,13200.0,3960.0,35640.0
14635,330,1100,2,3,1450,1,2,12000.0,1200.0,22800.0
14636,552,24,1,,153,2,2,15000.0,1500.0,28500.0
14637,552,24,1,,153,1,1,12600.0,0.0,12600.0
14638,467,1226,1,,1435,2,2,15750.0,630.0,30870.0
14639,639,341,1,,,2,2,15000.0,0.0,30000.0
14640,388,928,1,,3176,1,3,10800.0,648.0,31752.0
14641,375,12,2,2,2107,1,3,12000.0,0.0,36000.0
14642,167,45,2,4,1290,2,2,15000.0,600.0,29400.0
14643,60,1211,1,,2138,2,2,15000.0,600.0,29400.0
14644,60,1211,1,,2138,1,2,12000.0,1200.0,22800.0
14645,471,501,1,,1238,1,2,12000.0,1200.0,22800.0
14646,471,501,1,,1238,1,3,10800.0,648.0,31752.0
14647,348,504,2,4,2192,1,3,12000.0,3600.0,32400.0
14648,102,708,1,,3000,1,1,12000.0,240.0,11760.0
14649,102,708,1,,3000,1,3,13200.0,1980.0,37620.0
14650,540,1295,2,3,2528,1,2,12000.0,2400.0,21600.0
14651,255,1144,2,2,802,2,1,15000.0,300.0,14700.0
14652,2,6,1,,1320,2,3,15000.0,2250.0,42750.0
14653,414,851,1,,118,1,1,13200.0,264.0,12936.0
14654,95,256,1,,888,2,3,13500.0,2025.0,38475.0
14655,588,322,2,3,2434,2,1,15000.0,1500.0,13500.0
14656,472,952,1,,1476,2,1,15750.0,787.5,14962.5
14657,385,409,2,3,1409,1,2,12000.0,480.0,23520.0
14658,124,723,1,,2160,2,3,15000.0,4500.0,40500.0
14659,17,797,1,,33,1,3,12000.0,0.0,36000.0
14660,42,645,2,3,2962,1,3,12600.0,0.0,37800.0
14661,42,645,2,3,2962,1,1,10800.0,216.0,10584.0
14662,550,812,1,,1460,1,1,12000.0,1200.0,10800.0
14663,1,1290,1,,1272,2,2,15000.0,3000.0,27000.0
14664,188,1404,2,2,440,2,2,13500.0,540.0,26460.0
14665,399,657,1,,1925,1,1,12000.0,0.0,12000.0
14666,399,657,1,,1925,2,1,15000.0,0.0,15000.0
14667,399,657,1,,1925,2,2,15000.0,3000.0,27000.0
14668,130,858,2,1,144,1,1,12000.0,1200.0,10800.0
14669,363,866,2,1,2142,2,2,15750.0,0.0,31500.0
14670,363,866,2,1,2142,1,2,12000.0,1200.0,22800.0
14671,534,300,1,,1018,2,3,15750.0,2362.5,44887.5
14672,534,300,1,,1018,1,2,12000.0,2400.0,21600.0
14673,550,386,2,1,2044,2,1,15000.0,1500.0,13500.0
14674,550,386,2,1,2044,1,1,12000.0,240.0,11760.0
14675,162,450,1,,1114,2,3,13500.0,2025.0,38475.0
14676,162,450,1,,1114,2,2,15000.0,1500.0,28500.0
14677,176,128,1,,3145,1,1,12000.0,0.0,12000.0
14678,176,128,1,,3145,2,1,13500.0,1350.0,12150.0
14679,240,1298,2,3,2149,1,2,12000.0,2400.0,21600.0
14680,258,1288,1,,1305,2,2,16500.0,660.0,32340.0
14681,143,681,1,,44,2,3,13500.0,0.0,40500.0
14682,143,681,1,,44,2,2,15000.0,1500.0,28500.0
14683,27,689,1,,989,1,1,12000.0,1200.0,10800.0
14684,152,40,1,,2657,2,2,13500.0,540.0,26460.0
14685,159,780,1,,3165,2,3,15750.0,4725.0,42525.0
14686,159,780,1,,3165,2,3,13500.0,0.0,40500.0
14687,161,1498,1,,751,2,3,15750.0,0.0,47250.0
14688,501,1398,1,,774,2,3,15000.0,2250.0,42750.0
14689,613,1164,2,2,817,1,1,10800.0,0.0,10800.0
14690,613,1164,2,2,817,2,2,16500.0,0.0,33000.0
14691,239,394,1,,646,1,2,12000.0,0.0,24000.0
14692,112,1077,2,2,843,2,2,13500.0,2700.0,24300.0
14693,136,1339,1,,2868,2,2,15000.0,1500.0,28500.0
14694,424,983,2,2,47,1,3,12000.0,1800.0,34200.0
14695,73,541,2,3,349,2,2,15000.0,3000.0,27000.0
14696,302,967,1,,2269,2,1,16500.0,330.0,16170.0
14697,508,1405,2,2,,2,2,16500.0,660.0,32340.0
14698,508,1405,2,2,,1,1,13200.0,660.0,12540.0
14699,508,1405,2,2,,2,3,15000.0,0.0,45000.0
14700,627,147,1,,2654,2,2,15000.0,3000.0,27000.0
14701,599,1093,2,3,1442,2,2,15750.0,0.0,31500.0
14702,354,1452,1,,1974,2,2,16500.0,0.0,33000.0
14703,11,1409,2,2,2466,2,1,13500.0,1350.0,12150.0
14704,453,900,1,,309,1,1,13200.0,660.0,12540.0
14705,547,948,1,,2974,1,3,10800.0,648.0,31752.0
14706,385,1160,1,,1918,1,3,12000.0,1800.0,34200.0
14707,385,1160,1,,1918,2,3,15000.0,0.0,45000.0
14708,295,330,2,4,2120,1,3,12000.0,1800.0,34200.0
14709,295,330,2,4,2120,2,3,15750.0,2362.5,44887.5
14710,464,1194,2,4,905,2,1,15000.0,1500.0,13500.0
14711,57,428,1,,179,1,3,12000.0,1800.0,34200.0
14712,57,428,1,,179,1,2,13200.0,0.0,26400.0
14713,57,428,1,,179,2,3,15750.0,2362.5,44887.5
14714,85,445,1,,3053,1,1,12000.0,240.0,11760.0
14715,311,1264,1,,1883,1,1,10800.0,540.0,10260.0
14716,299,801,1,,1438,1,2,10800.0,1080.0,20520.0
14717,299,801,1,,1438,2,3,13500.0,2025.0,38475.0
14718,204,1032,2,4,1035,1,1,12000.0,1200.0,10800.0
14719,441,274,2,4,756,2,1,15000.0,0.0,15000.0
14720,441,274,2,4,756,1,2,12000.0,2400.0,21600.0
14721,503,1151,1,,1664,2,2,15000.0,0.0,30000.0
14722,317,1125,1,,2919,1,2,12000.0,2400.0,21600.0
14723,120,989,2,3,,2,3,16500.0,2475.0,47025.0
14724,120,989,2,3,,2,2,15000.0,1500.0,28500.0
14725,244,1130,2,1,2151,2,3,13500.0,4050.0,36450.0
14726,339,1466,2,1,2617,1,2,10800.0,2160.0,19440.0
14727,628,662,1,,2190,2,2,15000.0,0.0,30000.0
14728,452,1166,1,,716,1,2,10800.0,1080.0,20520.0
14729,620,847,1,,273,1,3,10800.0,1620.0,30780.0
14730,620,847,1,,273,2,2,16500.0,1650.0,31350.0
14731,547,503,2,1,1175,2,2,15750.0,1575.0,29925.0
14732,547,503,2,1,1175,2,1,13500.0,675.0,12825.0
14733,547,503,2,1,1175,1,3,12000.0,3600.0,32400.0
14734,48,732,2,1,2731,2,1,15000.0,1500.0,13500.0
14735,48,732,2,1,2731,1,1,12000.0,600.0,11400.0
14736,621,1107,1,,725,2,1,15000.0,300.0,14700.0
14737,451,308,1,,348,2,1,15750.0,1575.0,14175.0
14738,451,308,1,,348,1,3,12600.0,756.0,37044.0
14739,75,438,2,4,1308,1,2,12000.0,1200.0,22800.0
14740,289,503,2,2,1870,2,1,13500.0,270.0,13230.0
14741,301,1453,1,,979,1,3,13200.0,1980.0,37620.0
14742,309,751,1,,550,1,2,12000.0,0.0,24000.0
14743,385,1000,2,4,,1,3,13200.0,3960.0,35640.0
14744,560,354,1,,1031,2,1,15000.0,300.0,14700.0
14745,560,354,1,,1031,1,1,12000.0,0.0,12000.0
14746,570,885,1,,2737,1,3,12000.0,720.0,35280.0
14747,530,1233,1,,745,2,2,15000.0,0.0,30000.0
14748,373,325,2,1,1435,1,3,10800.0,3240.0,29160.0
14749,575,412,1,,690,2,2,15000.0,1500.0,28500.0
14750,236,1236,2,1,296,1,3,12000.0,3600.0,32400.0
14751,236,1236,2,1,296,2,2,16500.0,1650.0,31350.0
14752,347,61,2,1,2753,2,2,15000.0,3000.0,27000.0
14753,210,747,2,3,1603,2,2,15750.0,630.0,30870.0
14754,210,747,2,3,1603,2,3,15000.0,4500.0,40500.0
14755,515,843,2,1,2003,1,1,12000.0,600.0,11400.0
14756,359,335,2,1,520,1,1,12000.0,240.0,11760.0
14757,45,285,2,2,442,2,3,15000.0,0.0,45000.0
14758,414,928,1,,120,1,3,10800.0,1620.0,30780.0
14759,414,928,1,,120,1,1,12000.0,600.0,11400.0
14760,127,790,1,,744,1,2,12000.0,1200.0,22800.0
14761,394,1398,1,,99,1,1,12000.0,0.0,12000.0
14762,458,782,2,3,916,1,3,12000.0,720.0,35280.0
14763,458,782,2,3,916,1,3,12600.0,756.0,37044.0
14764,197,1088,1,,394,1,1,12000.0,1200.0,10800.0
14765,197,1088,1,,394,2,3,15000.0,2250.0,42750.0
14766,197,1088,1,,394,2,3,15000.0,900.0,44100.0
14767,93,1171,2,1,,1,1,12000.0,240.0,11760.0
14768,191,1178,1,,2872,1,2,12000.0,480.0,23520.0
14769,399,1103,2,2,1781,2,2,15000.0,3000.0,27000.0
14770,399,1103,2,2,1781,2,2,15000.0,600.0,29400.0
14771,399,1103,2,2,1781,2,1,16500.0,825.0,15675.0
14772,401,28,1,,2545,2,2,16500.0,1650.0,31350.0
14773,401,28,1,,2545,1,1,13200.0,264.0,12936.0
14774,527,1148,2,4,1721,2,1,15000.0,750.0,14250.0
14775,318,1381,1,,2727,2,2,15000.0,1500.0,28500.0
14776,68,1132,1,,1224,1,2,13200.0,1320.0,25080.0
14777,68,1132,1,,1224,2,2,13500.0,540.0,26460.0
14778,20,99,2,3,725,1,1,12000.0,240.0,11760.0
14779,449,380,1,,2376,2,3,15000.0,2250.0,42750.0
14780,449,380,1,,2376,2,3,15000.0,2250.0,42750.0
14781,177,441,1,,978,2,1,13500.0,675.0,12825.0
14782,93,1341,2,2,2645,2,3,15750.0,0.0,47250.0
14783,185,1095,2,2,730,1,1,12000.0,0.0,12000.0
14784,480,1139,1,,,2,2,15000.0,600.0,29400.0
14785,336,775,1,,2747,2,1,13500.0,270.0,13230.0
14786,336,775,1,,2747,1,3,12000.0,0.0,36000.0
14787,149,783,2,1,2303,1,2,12000.0,1200.0,22800.0
14788,413,115,1,,2078,1,1,12000.0,1200.0,10800.0
14789,413,115,1,,2078,2,2,15000.0,3000.0,27000.0
14790,413,115,1,,2078,2,2,15750.0,3150.0,28350.0
14791,607,45,1,,2120,1,2,12000.0,2400.0,21600.0
14792,284,691,2,2,2512,1,3,12000.0,0.0,36000.0
14793,284,691,2,2,2512,1,3,12000.0,3600.0,32400.0
14794,4,353,1,,446,1,2,12000.0,0.0,24000.0
14795,137,1332,1,,2269,1,1,12000.0,1200.0,10800.0
14796,137,1332,1,,2269,1,3,10800.0,648.0,31752.0
14797,618,86,1,,1244,1,2,12600.0,1260.0,23940.0
14798,618,86,1,,1244,2,3,16500.0,4950.0,44550.0
14799,275,1214,1,,1389,2,1,16500.0,1650.0,14850.0
14800,275,1214,1,,1389,2,3,15000.0,4500.0,40500.0
14801,275,1214,1,,1389,1,1,12000.0,0.0,12000.0
14802,541,487,1,,467,2,1,13500.0,0.0,13500.0
14803,313,1048,2,2,,2,3,13500.0,810.0,39690.0
14804,313,1048,2,2,,2,2,15000.0,0.0,30000.0
14805,423,1472,2,3,1816,2,3,15750.0,4725.0,42525.0
14806,423,1472,2,3,1816,1,2,12000.0,2400.0,21600.0
14807,611,693,2,4,,2,1,15000.0,0.0,15000.0
14808,54,1264,1,,330,2,3,13500.0,2025.0,38475.0
14809,441,1219,1,,,1,3,10800.0,0.0,32400.0
14810,441,1219,1,,,2,2,15000.0,1500.0,28500.0
14811,441,1219,1,,,1,1,12600.0,630.0,11970.0
14812,146,18,2,2,1254,2,3,15000.0,4500.0,40500.0
14813,480,11,1,,1049,1,2,12000.0,0.0,24000.0
14814,51,1054,1,,1807,1,3,12000.0,720.0,35280.0
14815,575,650,2,2,2309,1,2,12000.0,1200.0,22800.0
14816,38,1169,2,2,2283,2,3,15000.0,0.0,45000.0
14817,161,811,1,,1786,1,1,10800.0,540.0,10260.0
14818,589,844,1,,262,1,3,12000.0,720.0,35280.0
14819,101,62,2,3,686,1,1,12000.0,1200.0,10800.0
14820,341,1099,1,,1100,2,2,13500.0,1350.0,25650.0
14821,559,254,1,,1669,1,1,10800.0,216.0,10584.0
14822,378,1467,1,,1488,1,1,12000.0,240.0,11760.0
14823,378,1467,1,,1488,2,3,13500.0,0.0,40500.0
14824,599,326,2,4,2028,1,3,12000.0,720.0,35280.0
14825,506,1087,2,3,1680,2,2,15000.0,0.0,30000.0
14826,394,695,1,,3142,1,1,12000.0,0.0,12000.0
14827,518,791,2,4,1207,2,2,13500.0,0.0,27000.0
14828,518,791,2,4,1207,1,3,12000.0,0.0,36000.0
14829,246,16,1,,429,1,1,12600.0,0.0,12600.0
14830,246,16,1,,429,2,1,15000.0,1500.0,13500.0
14831,284,919,2,1,502,1,2,12000.0,2400.0,21600.0
14832,391,512,1,,2217,2,3,15000.0,4500.0,40500.0
14833,76,798,2,3,546,2,2,15000.0,3000.0,27000.0
14834,570,878,2,1,2668,2,2,15750.0,630.0,30870.0
14835,570,878,2,1,2668,1,2,13200.0,528.0,25872.0
14836,175,6,2,3,518,2,1,15000.0,0.0,15000.0
14837,410,611,1,,702,1,3,12000.0,720.0,35280.0
14838,40,644,1,,2099,2,3,15000.0,0.0,45000.0
14839,40,644,1,,2099,2,1,15000.0,300.0,14700.0
14840,40,644,1,,2099,1,1,10800.0,0.0,10800.0
14841,247,967,1,,3025,1,2,12000.0,480.0,23520.0
14842,208,987,1,,2643,1,1,12000.0,240.0,11760.0
14843,608,1146,1,,1150,1,1,13200.0,1320.0,11880.0
14844,608,1146,1,,1150,1,1,10800.0,540.0,10260.0
14845,6,227,1,,327,1,3,12600.0,3780.0,34020.0
14846,6,227,1,,327,1,2,12000.0,1200.0,22800.0
14847,296,1378,1,,1055,2,2,15000.0,1500.0,28500.0
14848,19,112,1,,2227,1,1,12600.0,252.0,12348.0
14849,19,112,1,,2227,1,1,12000.0,240.0,11760.0
14850,205,393,1,,2754,1,1,12000.0,600.0,11400.0
14851,595,489,2,2,1029,1,1,13200.0,264.0,12936.0
14852,595,489,2,2,1029,1,3,12000.0,0.0,36000.0
14853,617,831,2,2,2579,2,2,15750.0,1575.0,29925.0
14854,249,951,1,,487,2,2,15750.0,1575.0,29925.0
14855,249,951,1,,487,1,3,12000.0,1800.0,34200.0
14856,237,150,1,,1257,1,3,10800.0,0.0,32400.0
14857,305,1306,2,3,687,1,1,12000.0,0.0,12000.0
14858,338,849,2,3,,1,1,12000.0,1200.0,10800.0
14859,268,165,1,,2367,2,2,15750.0,1575.0,29925.0
14860,386,1090,2,1,2697,2,3,15000.0,4500.0,40500.0
14861,386,1090,2,1,2697,2,3,15750.0,945.0,46305.0
14862,138,63,1,,680,2,2,15000.0,0.0,30000.0
14863,138,63,1,,680,1,2,10800.0,432.0,21168.0
14864,23,47,2,1,991,2,3,15000.0,4500.0,40500.0
14865,93,197,1,,2000,2,1,15000.0,300.0,14700.0
14866,407,951,1,,819,2,1,15000.0,300.0,14700.0
14867,330,384,1,,3031,2,3,15000.0,900.0,44100.0
14868,280,359,1,,336,2,1,13500.0,1350.0,12150.0
14869,232,505,2,1,1599,1,3,12000.0,3600.0,32400.0
14870,371,296,1,,,2,3,15750.0,0.0,47250.0
14871,371,296,1,,,2,2,15000.0,600.0,29400.0
14872,599,32,1,,,1,2,12000.0,480.0,23520.0
14873,367,459,2,2,,1,3,12000.0,3600.0,32400.0
14874,34,468,1,,,2,2,15000.0,3000.0,27000.0
14875,34,468,1,,,2,2,15750.0,3150.0,28350.0
14876,34,468,1,,,2,2,13500.0,540.0,26460.0
14877,152,1204,2,2,1882,1,2,12000.0,1200.0,22800.0
14878,98,1329,1,,2337,1,3,13200.0,1980.0,37620.0
14879,98,1329,1,,2337,2,1,15000.0,300.0,14700.0
14880,108,835,1,,2964,1,1,13200.0,0.0,13200.0
14881,562,828,2,4,2745,2,2,13500.0,1350.0,25650.0
14882,366,1175,1,,2034,2,2,15000.0,0.0,30000.0
14883,12,1486,1,,1559,2,2,13500.0,2700.0,24300.0
14884,215,1319,2,3,1467,1,1,12000.0,1200.0,10800.0
14885,562,78,2,2,411,2,2,15000.0,1500.0,28500.0
14886,203,1439,1,,411,1,1,12600.0,630.0,11970.0
14887,203,1439,1,,411,1,3,12000.0,720.0,35280.0
14888,183,1405,1,,,1,1,12000.0,240.0,11760.0
14889,397,255,1,,2659,2,2,15000.0,1500.0,28500.0
14890,397,255,1,,2659,2,3,15000.0,0.0,45000.0
14891,582,251,1,,967,2,2,13500.0,2700.0,24300.0
14892,350,849,1,,,1,1,12000.0,1200.0,10800.0
14893,350,849,1,,,2,3,15000.0,4500.0,40500.0
14894,518,1380,1,,499,2,3,15000.0,0.0,45000.0
14895,34,393,2,4,654,1,2,10800.0,1080.0,20520.0
14896,65,1129,1,,753,2,1,15000.0,750.0,14250.0
14897,635,27,2,1,1289,2,2,15750.0,0.0,31500.0
14898,436,1324,1,,2087,1,3,12000.0,1800.0,34200.0
14899,436,1324,1,,2087,1,2,12000.0,1200.0,22800.0
14900,434,965,2,4,1614,1,3,10800.0,1620.0,30780.0
14901,240,804,1,,2390,2,1,15000.0,1500.0,13500.0
14902,202,1107,2,4,1451,1,3,12000.0,1800.0,34200.0
14903,137,1186,1,,3193,2,3,15000.0,4500.0,40500.0
14904,137,1186,1,,3193,1,2,12000.0,0.0,24000.0
14905,92,186,2,3,728,1,2,12000.0,0.0,24000.0
14906,443,778,1,,795,1,2,12000.0,0.0,24000.0
14907,63,31,1,,503,2,2,15000.0,600.0,29400.0
14908,535,207,1,,1361,1,1,12000.0,600.0,11400.0
14909,535,207,1,,1361,1,1,13200.0,660.0,12540.0
14910,409,1010,1,,136,1,2,12000.0,2400.0,21600.0
14911,171,1178,1,,1304,1,3,12600.0,1890.0,35910.0
14912,171,1178,1,,1304,2,1,15000.0,300.0,14700.0
14913,523,1419,1,,818,1,1,12600.0,0.0,12600.0
14914,467,1202,1,,3117,2,3,15000.0,2250.0,42750.0
14915,467,1202,1,,3117,1,3,12000.0,1800.0,34200.0
14916,132,1462,1,,,2,1,13500.0,0.0,13500.0
14917,132,1462,1,,,2,3,13500.0,0.0,40500.0
14918,132,1462,1,,,2,3,13500.0,4050.0,36450.0
14919,367,299,1,,,1,1,10800.0,0.0,10800.0
14920,448,896,1,,1239,2,3,13500.0,4050.0,36450.0
14921,448,896,1,,1239,2,3,15000.0,2250.0,42750.0
14922,312,800,2,2,896,2,3,15000.0,0.0,45000.0
14923,91,304,2,2,847,1,3,10800.0,1620.0,30780.0
14924,4,1268,2,2,2878,2,1,15000.0,750.0,14250.0
14925,601,1135,2,1,,2,2,15750.0,630.0,30870.0
14926,57,915,1,,1665,2,1,15000.0,1500.0,13500.0
14927,346,1400,2,2,3043,2,3,15000.0,0.0,45000.0
14928,361,1342,2,4,3074,1,2,12000.0,0.0,24000.0
14929,602,464,1,,306,1,2,10800.0,1080.0,20520.0
14930,283,556,1,,1892,1,1,12000.0,240.0,11760.0
14931,601,999,2,3,2227,1,1,12000.0,0.0,12000.0
14932,31,1011,1,,,2,2,15000.0,3000.0,27000.0
14933,482,1314,2,3,2579,2,1,15000.0,0.0,15000.0
14934,318,1387,1,,1900,1,2,12000.0,480.0,23520.0
14935,510,849,1,,,1,1,13200.0,264.0,12936.0
14936,359,183,1,,3191,1,3,12600.0,0.0,37800.0
14937,83,589,2,3,,1,2,12000.0,480.0,23520.0
14938,83,589,2,3,,1,3,12000.0,1800.0,34200.0
14939,245,675,1,,5,2,3,15000.0,900.0,44100.0
14940,245,675,1,,5,2,1,15000.0,0.0,15000.0
14941,350,1051,1,,1501,1,1,12000.0,600.0,11400.0
14942,350,1051,1,,1501,1,1,12000.0,1200.0,10800.0
14943,232,1093,1,,,1,2,12000.0,0.0,24000.0
14944,150,687,2,3,1422,1,2,10800.0,0.0,21600.0
14945,308,1456,1,,493,1,1,12000.0,1200.0,10800.0
14946,515,862,1,,2339,2,3,15000.0,900.0,44100.0
14947,183,1127,2,1,173,1,2,12000.0,480.0,23520.0
14948,623,80,1,,,2,2,15000.0,3000.0,27000.0
14949,623,80,1,,,2,3,15750.0,2362.5,44887.5
14950,623,80,1,,,2,1,15000.0,0.0,15000.0
14951,384,855,1,,797,2,2,13500.0,0.0,27000.0
14952,520,252,2,2,415,1,1,13200.0,264.0,12936.0
14953,256,465,1,,1256,2,1,15000.0,300.0,14700.0
14954,601,1073,2,1,2440,2,2,15000.0,1500.0,28500.0
14955,353,865,2,1,1555,1,3,13200.0,1980.0,37620.0
14956,353,865,2,1,1555,1,3,13200.0,1980.0,37620.0
14957,455,482,2,4,,2,3,15750.0,0.0,47250.0
14958,455,482,2,4,,2,1,15000.0,0.0,15000.0
14959,455,482,2,4,,2,3,13500.0,0.0,40500.0
14960,44,405,1,,1504,1,1,12000.0,240.0,11760.0
14961,172,353,1,,324,2,3,15000.0,900.0,44100.0
14962,421,171,1,,34,1,3,12000.0,720.0,35280.0
14963,421,171,1,,34,2,1,15750.0,315.0,15435.0
14964,585,281,2,3,2247,2,3,15000.0,2250.0,42750.0
14965,587,1067,1,,793,2,3,15000.0,2250.0,42750.0
14966,132,1376,1,,2317,2,3,15000.0,0.0,45000.0
14967,132,1376,1,,2317,1,1,10800.0,1080.0,9720.0
14968,92,231,1,,,1,1,10800.0,216.0,10584.0
14969,265,17,1,,323,1,2,12000.0,2400.0,21600.0
14970,305,939,2,1,2003,1,2,12000.0,1200.0,22800.0
14971,305,939,2,1,2003,2,2,16500.0,3300.0,29700.0
14972,56,486,2,2,1535,2,3,15000.0,900.0,44100.0
14973,467,1184,1,,2064,1,3,12000.0,3600.0,32400.0
14974,467,1184,1,,2064,1,2,12000.0,480.0,23520.0
14975,467,1184,1,,2064,1,3,10800.0,648.0,31752.0
14976,352,843,1,,1682,2,1,15000.0,750.0,14250.0
14977,352,843,1,,1682,1,3,12000.0,0.0,36000.0
14978,123,1383,1,,825,1,3,13200.0,792.0,38808.0
14979,636,1412,1,,308,1,3,12000.0,0.0,36000.0
14980,67,1346,1,,2778,2,3,13500.0,0.0,40500.0
14981,468,652,2,1,170,1,1,12600.0,1260.0,11340.0
14982,489,294,1,,911,2,3,13500.0,0.0,40500.0
14983,30,1187,1,,1197,2,3,15000.0,4500.0,40500.0
14984,404,1487,2,2,2511,2,1,16500.0,330.0,16170.0
14985,363,512,1,,1143,1,2,12000.0,0.0,24000.0
14986,615,897,1,,832,1,2,13200.0,1320.0,25080.0
14987,615,897,1,,832,1,3,13200.0,792.0,38808.0
14988,542,700,1,,2414,2,2,13500.0,2700.0,24300.0
14989,574,552,1,,,1,3,12000.0,3600.0,32400.0
14990,574,552,1,,,1,2,12600.0,504.0,24696.0
14991,574,552,1,,,1,2,12000.0,0.0,24000.0
14992,499,984,1,,2363,2,3,16500.0,4950.0,44550.0
14993,543,684,2,4,2315,2,3,15000.0,0.0,45000.0
14994,332,874,2,3,2170,2,1,13500.0,1350.0,12150.0
14995,628,1459,2,4,3124,2,2,16500.0,3300.0,29700.0
14996,628,1459,2,4,3124,2,3,15000.0,4500.0,40500.0
14997,387,349,2,4,1175,2,3,15000.0,2250.0,42750.0
14998,387,349,2,4,1175,1,3,10800.0,1620.0,30780.0
14999,562,54,1,,416,2,3,15750.0,945.0,46305.0
15000,562,54,1,,416,1,1,12000.0,600.0,11400.0
15001,294,554,1,,366,1,3,12000.0,0.0,36000.0
15002,220,558,2,4,2711,1,1,12000.0,600.0,11400.0
15003,220,558,2,4,2711,2,2,13500.0,2700.0,24300.0
15004,226,134,1,,1534,2,1,13500.0,675.0,12825.0
15005,438,1239,1,,2053,2,1,13500.0,270.0,13230.0
15006,325,538,1,,2688,2,1,15000.0,750.0,14250.0
15007,621,783,2,3,1595,2,1,15000.0,1500.0,13500.0
15008,621,783,2,3,1595,1,3,12000.0,720.0,35280.0
15009,25,280,2,3,156,1,3,12600.0,3780.0,34020.0
15010,215,590,2,2,,1,1,10800.0,1080.0,9720.0
15011,593,895,2,3,,2,2,15750.0,3150.0,28350.0
15012,282,104,1,,696,1,1,10800.0,1080.0,9720.0
15013,9,358,1,,2010,2,3,16500.0,2475.0,47025.0
15014,299,564,1,,1143,2,2,15000.0,600.0,29400.0
15015,492,1025,2,1,440,1,3,12000.0,3600.0,32400.0
15016,217,789,2,1,1917,1,2,12600.0,504.0,24696.0
15017,486,1150,1,,505,2,1,15000.0,1500.0,13500.0
15018,486,1150,1,,505,1,3,10800.0,1620.0,30780.0
15019,36,222,1,,,1,1,12000.0,240.0,11760.0
15020,36,222,1,,,1,3,12000.0,1800.0,34200.0
15021,77,1366,1,,1267,2,2,13500.0,2700.0,24300.0
15022,417,1026,1,,233,1,1,12000.0,240.0,11760.0
15023,391,955,1,,1012,1,1,12600.0,252.0,12348.0
15024,276,5,1,,,2,1,15000.0,750.0,14250.0
15025,147,1321,2,1,2661,2,2,15750.0,630.0,30870.0
15026,236,178,2,2,153,1,2,12000.0,2400.0,21600.0
15027,222,1137,2,4,1018,2,2,15000.0,600.0,29400.0
15028,586,494,2,2,2790,1,2,12000.0,2400.0,21600.0
15029,586,494,2,2,2790,2,2,15750.0,1575.0,29925.0
15030,597,939,1,,630,2,2,15000.0,1500.0,28500.0
15031,347,385,1,,2669,2,1,16500.0,330.0,16170.0
15032,283,634,1,,1965,1,2,12000.0,0.0,24000.0
15033,252,406,2,4,,1,2,12000.0,1200.0,22800.0
15034,417,774,1,,2962,1,2,13200.0,528.0,25872.0
15035,417,774,1,,2962,1,2,12600.0,1260.0,23940.0
15036,117,273,1,,3027,2,2,13500.0,2700.0,24300.0
15037,117,273,1,,3027,1,1,12000.0,240.0,11760.0
15038,300,507,1,,3042,1,2,12600.0,1260.0,23940.0
15039,195,937,2,2,1545,2,2,15750.0,0.0,31500.0
15040,195,937,2,2,1545,1,1,13200.0,264.0,12936.0
15041,195,937,2,2,1545,1,2,10800.0,2160.0,19440.0
15042,242,194,1,,1654,2,2,13500.0,540.0,26460.0
15043,242,194,1,,1654,1,3,12600.0,3780.0,34020.0
15044,438,700,1,,190,2,1,15000.0,0.0,15000.0
15045,198,890,2,4,1322,1,1,13200.0,660.0,12540.0
15046,460,760,1,,1855,2,3,15750.0,4725.0,42525.0
15047,285,1398,1,,550,1,2,12000.0,2400.0,21600.0
15048,349,995,2,1,2029,1,3,12000.0,0.0,36000.0
15049,349,995,2,1,2029,2,2,15750.0,630.0,30870.0
15050,349,995,2,1,2029,2,1,15750.0,1575.0,14175.0
15051,388,897,2,4,1735,2,1,15000.0,1500.0,13500.0
15052,593,1326,1,,2270,1,3,12000.0,1800.0,34200.0
15053,27,1043,1,,454,2,1,15000.0,1500.0,13500.0
15054,347,713,2,2,1106,2,2,15000.0,0.0,30000.0
15055,347,713,2,2,1106,2,1,15000.0,300.0,14700.0
15056,489,1337,1,,295,1,2,12000.0,0.0,24000.0
15057,214,1129,2,3,2921,1,3,12600.0,1890.0,35910.0
15058,543,212,1,,2885,1,2,10800.0,1080.0,20520.0
15059,60,29,1,,886,2,3,16500.0,4950.0,44550.0
15060,369,248,2,4,3169,1,3,12600.0,3780.0,34020.0
15061,83,82,1,,4,1,1,12000.0,600.0,11400.0
15062,481,110,1,,1543,2,1,13500.0,1350.0,12150.0
15063,481,110,1,,1543,2,2,15000.0,1500.0,28500.0
15064,481,110,1,,1543,1,3,12000.0,1800.0,34200.0
15065,466,304,2,2,739,1,3,12000.0,1800.0,34200.0
15066,160,1105,1,,1866,2,3,15000.0,2250.0,42750.0
15067,294,829,2,1,1086,2,1,16500.0,1650.0,14850.0
15068,412,1060,1,,634,1,3,12000.0,3600.0,32400.0
15069,205,1063,1,,2830,2,3,15750.0,945.0,46305.0
15070,404,453,2,4,2330,1,2,12000.0,2400.0,21600.0
15071,339,259,2,4,71,2,1,15000.0,300.0,14700.0
15072,253,132,2,2,1135,1,3,10800.0,648.0,31752.0
15073,478,1141,1,,2101,2,2,13500.0,0.0,27000.0
15074,411,72,2,4,2357,1,1,12000.0,1200.0,10800.0
15075,284,1195,1,,1521,2,3,15000.0,4500.0,40500.0
15076,385,1166,2,2,336,2,1,13500.0,0.0,13500.0
15077,452,170,2,2,2870,1,2,12000.0,480.0,23520.0
15078,573,9,1,,,2,1,15750.0,1575.0,14175.0
15079,449,1210,1,,1617,2,3,15000.0,900.0,44100.0
15080,449,1210,1,,1617,2,3,16500.0,2475.0,47025.0
15081,508,1182,1,,1027,1,3,13200.0,0.0,39600.0
15082,26,236,2,2,2580,1,1,12000.0,0.0,12000.0
15083,544,1315,1,,1496,1,2,10800.0,0.0,21600.0
15084,256,822,1,,1738,1,1,10800.0,540.0,10260.0
15085,350,1312,1,,,2,3,16500.0,4950.0,44550.0
15086,350,1312,1,,,2,1,15000.0,750.0,14250.0
15087,508,473,1,,1589,1,3,12000.0,0.0,36000.0
15088,508,473,1,,1589,1,2,12000.0,480.0,23520.0
15089,441,817,2,2,39,2,2,15750.0,630.0,30870.0
15090,37,790,1,,2765,1,2,12000.0,0.0,24000.0
15091,81,661,2,2,,2,1,16500.0,1650.0,14850.0
15092,272,1168,1,,1811,2,3,15750.0,0.0,47250.0
15093,272,1168,1,,1811,2,2,13500.0,2700.0,24300.0
15094,314,713,1,,3134,1,1,12000.0,600.0,11400.0
15095,314,713,1,,3134,2,2,15000.0,0.0,30000.0
15096,314,713,1,,3134,2,3,15000.0,4500.0,40500.0
15097,384,265,2,3,2551,2,3,15750.0,2362.5,44887.5
15098,59,1243,1,,1303,2,3,15000.0,2250.0,42750.0
15099,400,1053,1,,2389,1,3,12600.0,1890.0,35910.0
15100,378,1364,1,,1237,2,2,15000.0,1500.0,28500.0
15101,378,1364,1,,1237,1,3,12000.0,1800.0,34200.0
15102,510,1436,1,,,2,3,15000.0,2250.0,42750.0
15103,510,1436,1,,,1,2,12000.0,1200.0,22800.0
15104,160,34,2,4,985,2,3,15000.0,0.0,45000.0
15105,502,353,2,4,1465,2,2,16500.0,0.0,33000.0
15106,502,353,2,4,1465,1,2,12600.0,1260.0,23940.0
15107,502,353,2,4,1465,1,3,13200.0,792.0,38808.0
15108,518,1009,2,3,458,1,2,12000.0,0.0,24000.0
15109,173,295,2,3,1776,1,3,12000.0,1800.0,34200.0
15110,574,1354,2,4,2812,1,3,12600.0,1890.0,35910.0
15111,574,1354,2,4,2812,2,1,15000.0,1500.0,13500.0
15112,591,514,2,2,2442,1,3,12600.0,0.0,37800.0
15113,591,514,2,2,2442,2,2,15000.0,1500.0,28500.0
15114,594,1453,2,1,954,1,1,10800.0,1080.0,9720.0
15115,26,879,1,,550,2,2,15750.0,630.0,30870.0
15116,591,304,2,3,2458,1,3,13200.0,792.0,38808.0
15117,64,191,1,,1177,2,2,16500.0,3300.0,29700.0
15118,187,735,2,1,1384,1,3,10800.0,1620.0,30780.0
15119,187,735,2,1,1384,2,1,15000.0,0.0,15000.0
15120,187,735,2,1,1384,2,3,15000.0,900.0,44100.0
15121,582,1425,1,,748,1,1,13200.0,264.0,12936.0
15122,234,433,2,2,537,2,2,15000.0,1500.0,28500.0
15123,234,433,2,2,537,1,1,12600.0,0.0,12600.0
15124,164,58,2,3,2045,1,1,12000.0,240.0,11760.0
15125,529,624,2,4,2992,2,2,15750.0,0.0,31500.0
15126,529,624,2,4,2992,2,3,15000.0,900.0,44100.0
15127,529,624,2,4,2992,1,2,12000.0,0.0,24000.0
15128,13,1309,2,4,2529,1,1,12600.0,0.0,12600.0
15129,181,868,2,3,426,2,2,15000.0,3000.0,27000.0
15130,553,1187,2,2,1875,2,1,15000.0,1500.0,13500.0
15131,582,357,1,,2105,1,1,12000.0,600.0,11400.0
15132,155,1131,1,,1470,1,1,12000.0,0.0,12000.0
15133,155,1131,1,,1470,1,1,13200.0,1320.0,11880.0
15134,39,478,1,,,1,2,12000.0,0.0,24000.0
15135,39,478,1,,,2,3,15750.0,0.0,47250.0
15136,60,10,1,,151,1,3,10800.0,3240.0,29160.0
15137,60,10,1,,151,1,3,13200.0,3960.0,35640.0
15138,605,804,1,,,2,3,16500.0,4950.0,44550.0
15139,429,1074,1,,609,2,1,15000.0,0.0,15000.0
15140,445,776,1,,1967,2,2,15750.0,1575.0,29925.0
15141,445,776,1,,1967,2,3,15000.0,900.0,44100.0
15142,509,1118,2,2,2275,2,2,15750.0,1575.0,29925.0
15143,511,218,1,,2814,1,3,12000.0,0.0,36000.0
15144,511,218,1,,2814,1,1,12600.0,1260.0,11340.0
15145,511,218,1,,2814,2,2,15000.0,3000.0,27000.0
15146,630,498,2,3,2307,1,2,12000.0,0.0,24000.0
15147,630,498,2,3,2307,1,3,12000.0,720.0,35280.0
15148,560,989,2,4,2941,2,3,15000.0,4500.0,40500.0
15149,473,542,2,2,1831,2,3,15000.0,0.0,45000.0
15150,473,542,2,2,1831,1,2,10800.0,2160.0,19440.0
15151,546,1024,2,4,2043,1,2,12000.0,1200.0,22800.0
15152,370,1210,2,2,825,1,1,12600.0,1260.0,11340.0
15153,152,68,1,,3032,1,2,12600.0,2520.0,22680.0
15154,51,605,1,,,1,3,12000.0,720.0,35280.0
15155,106,599,2,4,2370,1,3,12000.0,3600.0,32400.0
15156,106,599,2,4,2370,2,1,15000.0,1500.0,13500.0
15157,531,1193,2,3,706,1,3,12000.0,720.0,35280.0
15158,479,558,1,,3188,2,2,15000.0,600.0,29400.0
15159,429,332,2,2,2687,2,3,13500.0,810.0,39690.0
15160,220,860,1,,1796,2,3,16500.0,2475.0,47025.0
15161,220,860,1,,1796,2,1,13500.0,1350.0,12150.0
15162,381,1028,2,3,311,2,2,15750.0,3150.0,28350.0
15163,381,1028,2,3,311,1,3,10800.0,1620.0,30780.0
15164,436,677,1,,841,1,3,12000.0,3600.0,32400.0
15165,100,804,2,2,898,2,1,15750.0,1575.0,14175.0
15166,457,1101,2,1,539,2,2,13500.0,0.0,27000.0
15167,173,1085,1,,,2,1,15000.0,0.0,15000.0
15168,173,1085,1,,,2,3,15000.0,900.0,44100.0
15169,173,1085,1,,,2,2,13500.0,1350.0,25650.0
15170,500,625,1,,1650,2,2,15000.0,1500.0,28500.0
15171,364,88,1,,1292,2,3,13500.0,4050.0,36450.0
15172,614,509,1,,3004,2,1,15750.0,0.0,15750.0
15173,255,1065,2,3,817,1,3,12000.0,720.0,35280.0
15174,255,1065,2,3,817,1,2,10800.0,0.0,21600.0
15175,255,1065,2,3,817,2,1,15000.0,1500.0,13500.0
15176,120,1073,2,4,1034,2,2,13500.0,0.0,27000.0
15177,156,945,2,1,1975,2,3,15000.0,4500.0,40500.0
15178,373,601,2,4,1253,2,1,16500.0,825.0,15675.0
15179,464,1237,1,,,1,3,12600.0,3780.0,34020.0
15180,464,1237,1,,,1,3,12000.0,720.0,35280.0
15181,36,1131,1,,2190,1,1,12600.0,0.0,12600.0
15182,36,1131,1,,2190,2,3,13500.0,4050.0,36450.0
15183,447,1016,2,4,2712,2,2,15000.0,1500.0,28500.0
15184,447,1016,2,4,2712,1,1,12000.0,1200.0,10800.0
15185,70,338,2,1,727,2,2,15750.0,630.0,30870.0
15186,521,1011,2,3,2088,1,3,12600.0,3780.0,34020.0
15187,459,440,1,,,2,3,15000.0,900.0,44100.0
15188,456,176,1,,2293,1,2,12600.0,0.0,25200.0
15189,456,176,1,,2293,1,2,12000.0,0.0,24000.0
15190,220,60,1,,2233,1,2,12000.0,2400.0,21600.0
15191,467,986,2,3,125,2,3,15750.0,0.0,47250.0
15192,177,538,1,,2450,2,2,15000.0,3000.0,27000.0
15193,155,1204,1,,1314,1,1,10800.0,540.0,10260.0
15194,155,1204,1,,1314,2,2,13500.0,2700.0,24300.0
15195,377,1388,2,2,1073,2,2,15000.0,0.0,30000.0
15196,377,1388,2,2,1073,1,2,12000.0,2400.0,21600.0
15197,261,778,1,,2298,1,2,12000.0,2400.0,21600.0
15198,31,715,2,3,1924,1,2,12000.0,480.0,23520.0
15199,12,203,2,1,536,2,1,15000.0,1500.0,13500.0
15200,200,928,2,2,1321,2,1,15000.0,0.0,15000.0
15201,414,750,1,,2741,2,2,13500.0,0.0,27000.0
15202,414,750,1,,2741,1,3,12000.0,720.0,35280.0
15203,358,253,1,,636,1,2,13200.0,2640.0,23760.0
15204,125,441,2,2,2993,2,3,15750.0,4725.0,42525.0
15205,125,441,2,2,2993,1,1,12600.0,1260.0,11340.0
15206,210,1401,1,,1920,2,3,15000.0,900.0,44100.0
15207,77,45,1,,2207,1,1,12000.0,1200.0,10800.0
15208,595,56,1,,2287,2,3,13500.0,810.0,39690.0
15209,134,517,1,,2716,2,2,13500.0,540.0,26460.0
15210,134,517,1,,2716,1,2,12000.0,0.0,24000.0
15211,500,385,2,1,860,2,1,15000.0,750.0,14250.0
15212,3,1268,1,,414,2,3,13500.0,2025.0,38475.0
15213,3,1268,1,,414,1,2,10800.0,1080.0,20520.0
15214,270,1260,2,3,2144,1,3,12000.0,720.0,35280.0
15215,270,1260,2,3,2144,2,3,15000.0,900.0,44100.0
15216,150,744,1,,1970,2,2,15750.0,630.0,30870.0
15217,112,625,1,,,1,1,12000.0,0.0,12000.0
15218,423,1177,1,,,2,1,15000.0,0.0,15000.0
15219,468,590,2,3,2207,2,3,15000.0,0.0,45000.0
15220,1,1200,1,,2135,2,1,15750.0,787.5,14962.5
15221,172,554,1,,880,1,1,13200.0,660.0,12540.0
15222,172,554,1,,880,2,3,15000.0,4500.0,40500.0
15223,328,546,1,,2536,2,2,15750.0,630.0,30870.0
15224,224,895,2,3,427,1,3,12000.0,720.0,35280.0
15225,224,895,2,3,427,1,1,10800.0,0.0,10800.0
15226,224,895,2,3,427,1,2,12000.0,2400.0,21600.0
15227,414,850,1,,2243,1,2,12000.0,0.0,24000.0
15228,414,850,1,,2243,2,2,15000.0,3000.0,27000.0
15229,619,960,1,,2252,2,2,15000.0,600.0,29400.0
15230,619,960,1,,2252,2,2,15000.0,3000.0,27000.0
15231,555,46,1,,,1,3,13200.0,3960.0,35640.0
15232,555,46,1,,,1,1,10800.0,0.0,10800.0
15233,555,46,1,,,2,2,13500.0,1350.0,25650.0
15234,409,519,1,,707,2,2,13500.0,1350.0,25650.0
15235,238,1232,1,,2172,1,2,12000.0,480.0,23520.0
15236,320,452,2,3,2288,1,2,12000.0,2400.0,21600.0
15237,328,754,1,,1549,1,1,12000.0,240.0,11760.0
15238,215,1069,2,3,1241,1,2,10800.0,2160.0,19440.0
15239,33,184,1,,193,2,2,15000.0,0.0,30000.0
15240,390,661,1,,6,2,3,15000.0,0.0,45000.0
15241,630,296,1,,1054,2,3,15000.0,2250.0,42750.0
15242,630,296,1,,1054,2,3,15750.0,2362.5,44887.5
15243,161,1411,1,,961,2,2,15000.0,1500.0,28500.0
15244,459,264,1,,989,1,2,13200.0,2640.0,23760.0
15245,182,394,2,1,916,1,2,12000.0,480.0,23520.0
15246,558,1339,1,,2638,1,2,13200.0,528.0,25872.0
15247,558,1339,1,,2638,1,3,12000.0,0.0,36000.0
15248,558,1339,1,,2638,1,3,12000.0,1800.0,34200.0
15249,66,1351,2,1,2366,2,1,15000.0,0.0,15000.0
15250,262,288,2,4,3111,2,2,15750.0,0.0,31500.0
15251,262,288,2,4,3111,2,2,15000.0,600.0,29400.0
15252,556,438,1,,612,2,1,15000.0,1500.0,13500.0
15253,33,890,2,3,1353,2,2,15000.0,3000.0,27000.0
15254,140,1257,1,,726,2,1,15750.0,1575.0,14175.0
15255,530,1210,2,2,2430,2,2,15750.0,630.0,30870.0
15256,548,1037,1,,821,1,1,12000.0,0.0,12000.0
15257,548,1037,1,,821,1,1,13200.0,264.0,12936.0
15258,54,90,2,1,2306,2,3,15750.0,945.0,46305.0
15259,54,90,2,1,2306,1,2,12000.0,0.0,24000.0
15260,581,214,1,,603,1,3,12000.0,720.0,35280.0
15261,65,866,1,,1964,1,1,13200.0,0.0,13200.0
15262,368,1215,2,4,2031,1,3,10800.0,0.0,32400.0
15263,202,181,2,2,3018,2,3,16500.0,4950.0,44550.0
15264,342,1416,1,,1124,2,3,15000.0,900.0,44100.0
15265,48,1460,1,,2642,1,1,12000.0,240.0,11760.0
15266,246,176,1,,410,2,2,15750.0,630.0,30870.0
15267,298,299,1,,,2,2,16500.0,1650.0,31350.0
15268,46,211,1,,3067,2,3,15000.0,4500.0,40500.0
15269,468,1116,2,2,281,2,3,13500.0,2025.0,38475.0
15270,259,93,1,,2912,1,2,12600.0,0.0,25200.0
15271,259,93,1,,2912,2,1,15000.0,1500.0,13500.0
15272,428,9,2,4,1018,2,1,15000.0,1500.0,13500.0
15273,428,9,2,4,1018,1,1,13200.0,1320.0,11880.0
15274,375,423,2,1,2961,2,3,15000.0,0.0,45000.0
15275,375,423,2,1,2961,2,3,15000.0,4500.0,40500.0
15276,421,686,2,2,1021,2,1,15000.0,750.0,14250.0
15277,103,732,2,3,,1,3,13200.0,0.0,39600.0
15278,361,882,2,4,2367,1,3,12000.0,720.0,35280.0
15279,36,412,1,,2128,2,2,16500.0,0.0,33000.0
15280,115,253,1,,2155,1,2,12000.0,480.0,23520.0
15281,434,1018,1,,2344,2,3,15750.0,945.0,46305.0
15282,467,11,1,,3007,2,2,13500.0,0.0,27000.0
15283,467,11,1,,3007,2,1,15000.0,750.0,14250.0
15284,267,1385,1,,,1,1,10800.0,1080.0,9720.0
15285,496,1460,2,2,849,1,3,13200.0,792.0,38808.0
15286,480,576,1,,723,2,1,15000.0,0.0,15000.0
15287,480,576,1,,723,1,3,12000.0,3600.0,32400.0
15288,480,576,1,,723,1,2,13200.0,528.0,25872.0
15289,252,34,2,3,2104,1,3,10800.0,0.0,32400.0
15290,190,737,1,,2866,1,1,12000.0,1200.0,10800.0
15291,190,737,1,,2866,2,1,15000.0,750.0,14250.0
15292,411,637,2,3,707,1,2,13200.0,528.0,25872.0
15293,126,1248,2,1,2734,2,2,15000.0,3000.0,27000.0
15294,3,874,1,,746,2,3,15000.0,4500.0,40500.0
15295,213,1375,2,1,,2,3,15750.0,4725.0,42525.0
15296,213,1375,2,1,,2,2,15000.0,600.0,29400.0
15297,72,922,2,4,1183,2,1,15750.0,1575.0,14175.0
15298,325,921,1,,1830,2,3,15000.0,900.0,44100.0
15299,325,921,1,,1830,1,3,12600.0,1890.0,35910.0
15300,264,1439,2,1,1736,1,3,10800.0,0.0,32400.0
15301,156,327,1,,3138,1,3,12000.0,3600.0,32400.0
15302,50,475,2,2,3089,1,2,12000.0,480.0,23520.0
15303,357,900,1,,2899,1,3,12000.0,3600.0,32400.0
15304,357,900,1,,2899,1,2,12000.0,0.0,24000.0
15305,360,1009,2,2,465,2,2,15000.0,3000.0,27000.0
15306,512,862,2,1,2390,1,2,13200.0,528.0,25872.0
15307,307,1461,1,,5,1,3,13200.0,792.0,38808.0
15308,383,497,2,2,1246,2,2,15000.0,0.0,30000.0
15309,539,854,1,,,2,3,15000.0,2250.0,42750.0
15310,210,1350,1,,2073,1,3,10800.0,648.0,31752.0
15311,210,1350,1,,2073,1,1,12600.0,1260.0,11340.0
15312,231,400,2,3,1616,1,1,12000.0,240.0,11760.0
15313,349,528,2,1,1387,1,3,12000.0,720.0,35280.0
15314,349,528,2,1,1387,1,3,12000.0,720.0,35280.0
15315,260,628,1,,432,1,3,12000.0,0.0,36000.0
15316,632,1237,2,2,1564,2,3,15000.0,900.0,44100.0
15317,500,1164,1,,2110,2,2,15750.0,1575.0,29925.0
15318,479,256,1,,842,1,1,12600.0,1260.0,11340.0
15319,211,63,1,,756,1,3,13200.0,792.0,38808.0
15320,211,63,1,,756,2,1,15000.0,1500.0,13500.0
15321,347,2,2,4,,1,2,12000.0,0.0,24000.0
15322,51,796,2,3,,1,3,12000.0,3600.0,32400.0
15323,41,247,1,,,1,2,12000.0,480.0,23520.0
15324,562,775,1,,,2,2,13500.0,540.0,26460.0
15325,39,224,2,1,273,1,2,12000.0,480.0,23520.0
15326,39,224,2,1,273,1,3,12000.0,1800.0,34200.0
15327,229,664,1,,1044,1,1,12000.0,240.0,11760.0
15328,229,664,1,,1044,2,3,15000.0,4500.0,40500.0
15329,256,1027,1,,2459,1,1,12600.0,630.0,11970.0
15330,139,673,2,3,3150,2,3,15750.0,2362.5,44887.5
15331,278,1017,1,,1048,1,2,12000.0,2400.0,21600.0
15332,278,1017,1,,1048,2,1,15000.0,750.0,14250.0
15333,48,1459,1,,,1,1,12600.0,252.0,12348.0
15334,338,860,1,,3119,2,1,15000.0,750.0,14250.0
15335,338,860,1,,3119,1,3,12000.0,1800.0,34200.0
15336,338,860,1,,3119,2,3,15000.0,2250.0,42750.0
15337,608,8,2,2,,2,3,15750.0,945.0,46305.0
15338,608,8,2,2,,1,3,13200.0,792.0,38808.0
15339,593,158,2,4,1064,1,3,12000.0,1800.0,34200.0
15340,404,547,2,2,1499,1,1,12000.0,1200.0,10800.0
15341,10,1192,1,,1885,1,2,10800.0,0.0,21600.0
15342,10,1192,1,,1885,1,2,12000.0,480.0,23520.0
15343,10,1192,1,,1885,2,3,15000.0,0.0,45000.0
15344,637,383,2,4,2817,1,3,12000.0,720.0,35280.0
15345,81,87,1,,2221,2,2,15000.0,3000.0,27000.0
15346,259,972,1,,1862,1,1,12000.0,1200.0,10800.0
15347,259,972,1,,1862,2,3,16500.0,990.0,48510.0
15348,388,10,2,1,391,2,3,15000.0,4500.0,40500.0
15349,388,10,2,1,391,1,3,10800.0,0.0,32400.0
15350,212,833,2,2,300,2,2,15000.0,0.0,30000.0
15351,137,66,2,3,850,2,2,15000.0,600.0,29400.0
15352,50,982,1,,885,2,2,15000.0,1500.0,28500.0
15353,574,876,1,,2893,1,1,12000.0,0.0,12000.0
15354,233,904,2,3,2377,1,2,12600.0,2520.0,22680.0
15355,584,1010,1,,3143,2,1,15000.0,1500.0,13500.0
15356,592,755,1,,2237,2,3,15000.0,900.0,44100.0
15357,592,755,1,,2237,1,1,12000.0,0.0,12000.0
15358,102,1256,2,4,,1,3,12000.0,3600.0,32400.0
15359,583,593,2,3,1603,2,3,15000.0,2250.0,42750.0
15360,583,593,2,3,1603,1,1,13200.0,0.0,13200.0
15361,221,1457,1,,1462,1,2,12000.0,2400.0,21600.0
15362,221,1457,1,,1462,1,1,12000.0,1200.0,10800.0
15363,93,1334,1,,963,1,1,12600.0,0.0,12600.0
15364,501,526,1,,522,2,2,15000.0,3000.0,27000.0
15365,501,526,1,,522,2,2,15000.0,1500.0,28500.0
15366,502,317,1,,1486,2,3,15000.0,0.0,45000.0
15367,502,317,1,,1486,2,3,13500.0,810.0,39690.0
15368,445,1190,1,,1968,1,2,13200.0,2640.0,23760.0
15369,405,589,1,,,2,3,15750.0,0.0,47250.0
15370,405,589,1,,,2,1,15000.0,1500.0,13500.0
15371,405,589,1,,,1,2,12000.0,2400.0,21600.0
15372,463,481,2,3,3012,1,3,12000.0,1800.0,34200.0
15373,49,652,2,4,1645,1,1,12600.0,630.0,11970.0
15374,281,23,1,,2356,1,2,10800.0,1080.0,20520.0
15375,289,1369,1,,,2,2,13500.0,540.0,26460.0
15376,144,534,1,,2077,2,1,15000.0,1500.0,13500.0
15377,543,603,1,,,1,2,12600.0,0.0,25200.0
15378,270,1279,1,,207,1,3,12000.0,720.0,35280.0
15379,400,1451,1,,1373,1,1,12000.0,600.0,11400.0
15380,516,847,1,,2917,1,3,12000.0,0.0,36000.0
15381,516,847,1,,2917,2,3,15000.0,4500.0,40500.0
15382,484,972,1,,264,1,3,12000.0,3600.0,32400.0
15383,484,972,1,,264,2,3,15000.0,2250.0,42750.0
15384,353,349,1,,3146,1,1,10800.0,216.0,10584.0
15385,338,1254,2,2,716,1,3,12600.0,1890.0,35910.0
15386,338,1254,2,2,716,1,1,12600.0,252.0,12348.0
15387,285,893,1,,,1,3,12000.0,720.0,35280.0
15388,285,893,1,,,1,2,12000.0,2400.0,21600.0
15389,330,1407,1,,322,1,3,12000.0,1800.0,34200.0
15390,330,1407,1,,322,2,3,13500.0,4050.0,36450.0
15391,330,1407,1,,322,1,3,12600.0,756.0,37044.0
15392,160,378,2,1,626,2,1,15000.0,300.0,14700.0
15393,606,615,1,,3163,1,1,12600.0,252.0,12348.0
15394,259,346,2,3,2743,2,3,15000.0,4500.0,40500.0
15395,611,807,1,,121,2,2,16500.0,0.0,33000.0
15396,599,14,1,,2570,2,1,15750.0,0.0,15750.0
15397,599,14,1,,2570,2,2,15000.0,1500.0,28500.0
15398,257,1294,1,,466,1,2,12000.0,480.0,23520.0
15399,257,1294,1,,466,1,3,12000.0,720.0,35280.0
15400,619,1462,1,,764,2,2,15000.0,600.0,29400.0
15401,344,669,2,3,2981,2,1,15750.0,787.5,14962.5
15402,254,420,2,2,3032,1,3,12000.0,3600.0,32400.0
15403,479,1297,1,,2566,2,1,15000.0,750.0,14250.0
15404,479,1297,1,,2566,1,1,12600.0,630.0,11970.0
15405,466,1235,2,4,753,1,3,12600.0,756.0,37044.0
15406,266,1244,1,,1627,1,3,12000.0,3600.0,32400.0
15407,569,320,1,,1358,2,3,15000.0,4500.0,40500.0
15408,569,320,1,,1358,2,3,16500.0,4950.0,44550.0
15409,99,1240,1,,,1,2,10800.0,1080.0,20520.0
15410,439,486,1,,2938,2,2,15000.0,0.0,30000.0
15411,207,789,1,,2425,1,1,12000.0,0.0,12000.0
15412,512,147,2,4,1929,2,3,15000.0,0.0,45000.0
15413,512,147,2,4,1929,2,2,15750.0,0.0,31500.0
15414,591,82,2,4,2978,1,2,12000.0,2400.0,21600.0
15415,89,566,2,4,2641,2,2,15750.0,630.0,30870.0
15416,89,566,2,4,2641,1,2,10800.0,0.0,21600.0
15417,5,1471,2,4,1925,1,3,10800.0,0.0,32400.0
15418,5,1471,2,4,1925,1,1,12600.0,630.0,11970.0
15419,5,1471,2,4,1925,2,2,13500.0,2700.0,24300.0
15420,477,336,1,,1547,1,3,12000.0,0.0,36000.0
15421,494,792,1,,682,2,1,15750.0,315.0,15435.0
15422,134,1447,1,,2713,2,3,13500.0,0.0,40500.0
15423,259,1214,2,3,1605,1,1,13200.0,1320.0,11880.0
15424,545,973,2,3,1114,1,2,12000.0,1200.0,22800.0
15425,568,1169,2,1,2321,2,3,15000.0,4500.0,40500.0
15426,68,843,1,,1611,2,2,15750.0,3150.0,28350.0
15427,617,1393,1,,865,1,2,13200.0,528.0,25872.0
15428,20,800,2,2,2555,2,2,15000.0,1500.0,28500.0
15429,20,800,2,2,2555,1,2,12000.0,0.0,24000.0
15430,527,1084,2,4,1443,1,2,12600.0,2520.0,22680.0
15431,268,793,2,2,497,1,2,12000.0,2400.0,21600.0
15432,618,1242,2,2,912,2,1,15000.0,750.0,14250.0
15433,618,1242,2,2,912,1,1,10800.0,540.0,10260.0
15434,535,525,1,,1017,1,2,13200.0,0.0,26400.0
15435,338,1004,2,3,2596,1,2,12000.0,0.0,24000.0
15436,121,1138,1,,1328,1,2,12600.0,1260.0,23940.0
15437,490,1420,1,,1534,2,3,15000.0,900.0,44100.0
15438,216,603,1,,1875,2,1,15000.0,1500.0,13500.0
15439,216,603,1,,1875,2,1,15000.0,0.0,15000.0
15440,253,170,2,4,2774,2,1,13500.0,270.0,13230.0
15441,253,170,2,4,2774,1,3,13200.0,1980.0,37620.0
15442,253,170,2,4,2774,1,2,12600.0,1260.0,23940.0
15443,387,850,1,,280,1,2,10800.0,2160.0,19440.0
15444,622,1128,1,,1688,2,1,16500.0,825.0,15675.0
15445,622,1128,1,,1688,2,3,16500.0,4950.0,44550.0
15446,287,561,1,,2234,2,1,16500.0,825.0,15675.0
15447,368,1179,1,,,2,3,15750.0,945.0,46305.0
15448,274,461,1,,3169,2,1,16500.0,1650.0,14850.0
15449,39,1276,1,,3099,1,2,12000.0,0.0,24000.0
15450,39,1276,1,,3099,2,2,15000.0,600.0,29400.0
15451,233,1306,2,2,1201,2,3,15000.0,0.0,45000.0
15452,240,94,1,,1566,1,3,10800.0,0.0,32400.0
15453,148,331,1,,2737,2,1,15750.0,0.0,15750.0
15454,148,331,1,,2737,1,1,13200.0,1320.0,11880.0
15455,214,667,1,,2878,1,3,10800.0,1620.0,30780.0
15456,214,667,1,,2878,1,3,12000.0,720.0,35280.0
15457,314,353,2,4,96,1,3,12000.0,1800.0,34200.0
15458,626,501,1,,3078,2,1,15000.0,300.0,14700.0
15459,124,1475,1,,1109,2,1,15000.0,750.0,14250.0
15460,315,1262,1,,1989,1,1,12600.0,1260.0,11340.0
15461,315,1262,1,,1989,2,2,15750.0,3150.0,28350.0
15462,153,726,1,,154,2,3,16500.0,2475.0,47025.0
15463,395,92,1,,120,2,1,15750.0,0.0,15750.0
15464,395,92,1,,120,2,3,15000.0,4500.0,40500.0
15465,259,157,2,4,860,1,1,12000.0,240.0,11760.0
15466,259,157,2,4,860,1,1,12000.0,0.0,12000.0
15467,131,498,2,2,582,2,3,15000.0,0.0,45000.0
15468,174,508,1,,795,1,2,12000.0,480.0,23520.0
15469,141,254,2,4,2841,1,2,12000.0,2400.0,21600.0
15470,141,254,2,4,2841,1,3,10800.0,1620.0,30780.0
15471,258,659,2,2,1136,1,3,12600.0,3780.0,34020.0
15472,258,659,2,2,1136,2,1,15750.0,315.0,15435.0
15473,86,947,1,,2749,2,2,16500.0,660.0,32340.0
15474,617,430,1,,1372,2,3,15000.0,4500.0,40500.0
15475,304,837,1,,2818,2,2,15000.0,1500.0,28500.0
15476,304,837,1,,2818,1,3,12000.0,720.0,35280.0
15477,25,425,2,1,1014,1,2,13200.0,528.0,25872.0
15478,25,425,2,1,1014,2,2,15000.0,1500.0,28500.0
15479,25,425,2,1,1014,2,3,15000.0,4500.0,40500.0
15480,323,1033,1,,69,1,1,10800.0,540.0,10260.0
15481,348,893,1,,2073,1,1,12000.0,0.0,12000.0
15482,597,863,1,,808,1,2,12000.0,0.0,24000.0
15483,499,444,1,,2657,1,2,12000.0,2400.0,21600.0
15484,76,230,1,,,1,1,12600.0,0.0,12600.0
15485,76,230,1,,,1,2,10800.0,2160.0,19440.0
15486,16,928,1,,810,1,2,10800.0,432.0,21168.0
15487,16,928,1,,810,2,1,15000.0,0.0,15000.0
15488,430,42,1,,3152,1,1,10800.0,540.0,10260.0
15489,430,42,1,,3152,2,3,16500.0,0.0,49500.0
15490,430,42,1,,3152,2,2,15000.0,0.0,30000.0
15491,149,14,2,1,358,2,3,13500.0,4050.0,36450.0
15492,149,14,2,1,358,2,3,15000.0,2250.0,42750.0
15493,246,294,2,3,18,1,2,13200.0,2640.0,23760.0
15494,359,24,1,,,1,3,12000.0,1800.0,34200.0
15495,547,1292,1,,2589,1,2,12000.0,2400.0,21600.0
15496,282,837,1,,2534,2,3,15000.0,900.0,44100.0
15497,508,1151,1,,2579,1,1,12000.0,600.0,11400.0
15498,508,1151,1,,2579,1,1,12000.0,0.0,12000.0
15499,458,150,1,,1928,2,3,13500.0,4050.0,36450.0
15500,137,909,1,,,2,1,15000.0,1500.0,13500.0
15501,399,966,1,,584,2,1,16500.0,0.0,16500.0
15502,399,966,1,,584,2,1,15000.0,300.0,14700.0
15503,221,199,1,,2679,2,3,15000.0,900.0,44100.0
15504,221,199,1,,2679,2,3,15000.0,900.0,44100.0
15505,221,199,1,,2679,2,1,13500.0,0.0,13500.0
15506,432,177,1,,21,2,3,16500.0,2475.0,47025.0
15507,190,82,1,,1861,1,2,10800.0,1080.0,20520.0
15508,384,141,2,2,1219,1,3,10800.0,648.0,31752.0
15509,222,916,1,,2101,1,1,12000.0,0.0,12000.0
15510,222,916,1,,2101,1,3,12000.0,720.0,35280.0
15511,222,916,1,,2101,2,2,15000.0,3000.0,27000.0
15512,561,1357,2,1,859,2,2,15000.0,0.0,30000.0
15513,455,658,1,,424,2,1,13500.0,0.0,13500.0
15514,455,658,1,,424,2,3,15000.0,900.0,44100.0
15515,455,658,1,,424,2,2,15000.0,3000.0,27000.0
15516,384,234,2,1,3185,2,2,16500.0,0.0,33000.0
15517,420,162,1,,,2,1,15750.0,315.0,15435.0
15518,420,162,1,,,2,2,15750.0,630.0,30870.0
15519,405,647,1,,310,1,1,12600.0,0.0,12600.0
15520,138,284,1,,1988,2,1,15000.0,750.0,14250.0
15521,138,284,1,,1988,1,3,10800.0,3240.0,29160.0
15522,522,8,1,,2335,1,1,12000.0,600.0,11400.0
15523,399,1260,1,,927,1,3,13200.0,3960.0,35640.0
15524,154,1435,2,2,1399,1,2,12000.0,0.0,24000.0
15525,154,1435,2,2,1399,1,1,13200.0,1320.0,11880.0
15526,423,131,1,,1969,2,3,16500.0,4950.0,44550.0
15527,80,10,1,,1303,2,3,15000.0,0.0,45000.0
15528,299,736,1,,1942,1,2,12000.0,480.0,23520.0
15529,295,915,2,3,2275,1,1,13200.0,660.0,12540.0
15530,204,75,1,,1203,2,1,15750.0,1575.0,14175.0
15531,157,69,2,1,267,1,1,12600.0,252.0,12348.0
15532,157,69,2,1,267,2,1,15750.0,0.0,15750.0
15533,285,325,2,3,2762,2,3,13500.0,810.0,39690.0
15534,285,325,2,3,2762,2,2,13500.0,0.0,27000.0
15535,100,610,2,2,,2,3,16500.0,2475.0,47025.0
15536,100,610,2,2,,2,3,15000.0,900.0,44100.0
15537,362,321,1,,2030,2,1,15750.0,0.0,15750.0
15538,3,1016,1,,511,2,2,15750.0,0.0,31500.0
15539,216,1399,2,2,2335,2,2,15000.0,0.0,30000.0
15540,215,1426,1,,162,1,3,12000.0,0.0,36000.0
15541,137,972,2,2,2233,1,3,12000.0,720.0,35280.0
15542,137,972,2,2,2233,1,1,12000.0,0.0,12000.0
15543,137,972,2,2,2233,2,1,15000.0,300.0,14700.0
15544,298,577,1,,,1,2,12000.0,1200.0,22800.0
15545,56,311,2,3,1627,1,3,12000.0,1800.0,34200.0
15546,403,619,2,1,2960,1,1,12000.0,600.0,11400.0
15547,403,619,2,1,2960,2,3,15000.0,900.0,44100.0
15548,403,619,2,1,2960,2,2,15000.0,600.0,29400.0
15549,360,301,1,,,2,1,15000.0,750.0,14250.0
15550,222,1178,1,,2438,2,2,15000.0,3000.0,27000.0
15551,30,854,2,4,2191,1,3,12000.0,720.0,35280.0
15552,30,854,2,4,2191,1,3,12000.0,1800.0,34200.0
15553,30,854,2,4,2191,1,1,12000.0,0.0,12000.0
15554,276,622,2,3,2751,1,3,12000.0,0.0,36000.0
15555,105,768,1,,1042,2,1,15000.0,1500.0,13500.0
15556,52,719,1,,,2,3,15000.0,4500.0,40500.0
15557,80,651,2,4,2971,1,1,12000.0,1200.0,10800.0
15558,80,651,2,4,2971,1,1,12000.0,240.0,11760.0
15559,326,476,2,1,3115,2,3,15750.0,0.0,47250.0
15560,411,340,1,,2242,1,2,10800.0,0.0,21600.0
15561,411,340,1,,2242,1,3,12000.0,1800.0,34200.0
15562,572,1250,2,4,451,1,3,12000.0,720.0,35280.0
15563,572,1250,2,4,451,1,2,12000.0,2400.0,21600.0
15564,626,760,1,,1046,1,3,12000.0,720.0,35280.0
15565,626,760,1,,1046,1,3,12000.0,0.0,36000.0
15566,626,760,1,,1046,2,2,15000.0,1500.0,28500.0
15567,381,580,1,,2139,1,3,13200.0,792.0,38808.0
15568,256,581,1,,1037,2,2,13500.0,2700.0,24300.0
15569,350,1406,1,,526,1,2,12000.0,480.0,23520.0
15570,350,1406,1,,526,1,3,12000.0,720.0,35280.0
15571,350,1406,1,,526,2,1,15000.0,1500.0,13500.0
15572,362,476,2,1,1514,2,2,15000.0,600.0,29400.0
15573,323,1476,2,4,2875,1,1,12000.0,240.0,11760.0
15574,323,1476,2,4,2875,1,2,12000.0,0.0,24000.0
15575,127,53,1,,2644,2,1,15000.0,1500.0,13500.0
15576,382,86,2,2,,2,1,15000.0,1500.0,13500.0
15577,382,86,2,2,,1,2,12000.0,0.0,24000.0
15578,433,201,1,,,1,1,12000.0,1200.0,10800.0
15579,433,201,1,,,1,1,12000.0,0.0,12000.0
15580,469,1016,1,,1113,2,1,16500.0,0.0,16500.0
15581,469,1016,1,,1113,2,2,15000.0,3000.0,27000.0
15582,309,514,1,,2909,1,3,12600.0,1890.0,35910.0
15583,309,514,1,,2909,1,3,12000.0,720.0,35280.0
15584,309,514,1,,2909,2,3,15750.0,4725.0,42525.0
15585,471,272,1,,1105,2,3,16500.0,4950.0,44550.0
15586,471,272,1,,1105,1,1,10800.0,216.0,10584.0
15587,349,1027,1,,2298,2,2,15750.0,1575.0,29925.0
15588,349,1027,1,,2298,1,1,12000.0,240.0,11760.0
15589,401,485,1,,28,1,2,12000.0,2400.0,21600.0
15590,230,447,2,2,2539,2,3,15000.0,0.0,45000.0
15591,459,1088,2,2,,1,3,12000.0,1800.0,34200.0
15592,459,1088,2,2,,2,2,16500.0,1650.0,31350.0
15593,621,1092,1,,1334,1,3,12000.0,3600.0,32400.0
15594,582,819,1,,406,1,3,12000.0,1800.0,34200.0
15595,331,1449,2,4,2628,2,2,15000.0,3000.0,27000.0
15596,331,1449,2,4,2628,1,3,12000.0,1800.0,34200.0
15597,57,806,1,,2717,1,2,12000.0,0.0,24000.0
15598,57,806,1,,2717,1,1,12600.0,252.0,12348.0
15599,4,1478,2,2,2540,2,3,15000.0,0.0,45000.0
15600,540,527,2,4,2822,1,2,12000.0,1200.0,22800.0
15601,424,1497,2,3,1493,1,1,13200.0,1320.0,11880.0
15602,444,36,2,2,2338,2,1,16500.0,1650.0,14850.0
15603,444,36,2,2,2338,1,1,13200.0,0.0,13200.0
15604,312,169,1,,1914,2,3,15000.0,900.0,44100.0
15605,379,915,1,,2875,1,1,12600.0,630.0,11970.0
15606,315,1166,1,,812,1,3,12000.0,3600.0,32400.0
15607,432,626,2,4,1304,2,1,15000.0,300.0,14700.0
15608,215,1250,2,2,1808,2,2,15000.0,0.0,30000.0
15609,215,1250,2,2,1808,1,2,12000.0,1200.0,22800.0
15610,559,44,1,,2521,2,3,13500.0,4050.0,36450.0
15611,220,112,1,,513,1,3,12000.0,3600.0,32400.0
15612,355,141,1,,,1,2,12000.0,480.0,23520.0
15613,375,330,2,2,298,2,1,16500.0,330.0,16170.0
15614,467,1384,1,,1673,2,3,15750.0,945.0,46305.0
15615,257,1086,1,,,2,1,15750.0,315.0,15435.0
15616,507,581,1,,1516,2,1,15000.0,1500.0,13500.0
15617,399,1033,1,,2780,1,3,10800.0,0.0,32400.0
15618,210,1384,1,,,1,3,12000.0,0.0,36000.0
15619,210,1384,1,,,2,3,16500.0,4950.0,44550.0
15620,210,1384,1,,,1,2,12600.0,1260.0,23940.0
15621,128,910,2,4,,1,1,12000.0,1200.0,10800.0
15622,128,910,2,4,,2,2,15750.0,0.0,31500.0
15623,174,548,1,,1651,1,3,12000.0,720.0,35280.0
15624,576,57,2,2,871,1,1,12600.0,630.0,11970.0
15625,34,483,1,,1517,1,2,12000.0,1200.0,22800.0
15626,548,1267,1,,2426,1,3,10800.0,3240.0,29160.0
15627,570,1214,1,,2103,1,1,12000.0,0.0,12000.0
15628,570,1214,1,,2103,2,2,15000.0,0.0,30000.0
15629,570,508,1,,1136,1,1,12000.0,240.0,11760.0
15630,570,508,1,,1136,1,2,13200.0,0.0,26400.0
15631,570,508,1,,1136,1,3,12000.0,1800.0,34200.0
15632,98,151,2,2,1776,2,1,15000.0,750.0,14250.0
15633,401,1110,2,3,1154,1,3,10800.0,648.0,31752.0
15634,401,1110,2,3,1154,1,2,13200.0,2640.0,23760.0
15635,307,915,2,1,1520,1,1,12000.0,600.0,11400.0
15636,307,915,2,1,1520,2,2,15000.0,0.0,30000.0
15637,55,1422,1,,2319,1,2,10800.0,432.0,21168.0
15638,55,1422,1,,2319,1,2,12000.0,480.0,23520.0
15639,452,959,1,,1433,2,2,13500.0,2700.0,24300.0
15640,22,1184,1,,,1,3,12600.0,3780.0,34020.0
15641,247,1204,2,4,1858,2,2,15000.0,3000.0,27000.0
15642,548,1296,1,,247,2,2,13500.0,1350.0,25650.0
15643,636,160,1,,,2,3,15000.0,2250.0,42750.0
15644,339,795,1,,2474,2,1,13500.0,0.0,13500.0
15645,11,366,2,3,2729,2,3,15750.0,0.0,47250.0
15646,554,707,1,,849,1,3,12600.0,756.0,37044.0
15647,561,326,2,3,579,2,2,15000.0,3000.0,27000.0
15648,145,976,1,,605,1,2,12000.0,0.0,24000.0
15649,145,976,1,,605,2,2,13500.0,1350.0,25650.0
15650,30,1276,1,,376,1,1,13200.0,1320.0,11880.0
15651,30,1276,1,,376,1,1,12000.0,240.0,11760.0
15652,138,172,1,,,1,2,12000.0,480.0,23520.0
15653,630,928,2,1,1237,1,2,12000.0,480.0,23520.0
15654,13,334,1,,2142,1,1,12600.0,252.0,12348.0
15655,441,1095,1,,1992,1,2,12600.0,1260.0,23940.0
15656,142,923,2,2,788,2,3,16500.0,2475.0,47025.0
15657,406,1141,2,2,2201,1,1,12000.0,0.0,12000.0
15658,631,318,2,2,1680,1,3,12600.0,1890.0,35910.0
15659,631,318,2,2,1680,2,2,15750.0,1575.0,29925.0
15660,170,148,1,,2775,2,1,15000.0,1500.0,13500.0
15661,170,148,1,,2775,2,3,15000.0,2250.0,42750.0
15662,621,592,1,,346,2,1,13500.0,675.0,12825.0
15663,552,944,2,3,1846,2,1,13500.0,675.0,12825.0
15664,123,435,2,1,1478,2,1,16500.0,0.0,16500.0
15665,191,319,2,4,2152,2,1,15750.0,315.0,15435.0
15666,589,1121,1,,891,2,3,15750.0,4725.0,42525.0
15667,72,536,1,,563,1,3,12000.0,0.0,36000.0
15668,11,770,1,,,2,3,15750.0,945.0,46305.0
15669,276,325,2,1,1491,1,3,12600.0,1890.0,35910.0
15670,276,325,2,1,1491,1,1,12000.0,1200.0,10800.0
15671,265,1496,1,,2864,1,1,12000.0,240.0,11760.0
15672,294,1127,1,,1599,2,1,15000.0,750.0,14250.0
15673,294,1127,1,,1599,2,3,15000.0,900.0,44100.0
15674,63,356,1,,2216,1,3,12000.0,3600.0,32400.0
15675,559,1429,2,3,978,2,1,15000.0,0.0,15000.0
15676,170,158,1,,562,1,2,10800.0,432.0,21168.0
15677,533,984,1,,1203,2,3,16500.0,4950.0,44550.0
15678,381,330,2,2,834,1,2,12000.0,1200.0,22800.0
15679,419,67,2,1,981,2,1,13500.0,0.0,13500.0
15680,283,808,1,,,1,1,12000.0,0.0,12000.0
15681,122,58,2,1,3010,2,1,15000.0,750.0,14250.0
15682,171,95,1,,1440,1,1,12000.0,240.0,11760.0
15683,5,1234,1,,,2,2,15000.0,1500.0,28500.0
15684,5,1234,1,,,1,1,12600.0,1260.0,11340.0
15685,277,1161,1,,1607,1,1,12000.0,0.0,12000.0
15686,598,1061,2,2,2662,2,2,15000.0,0.0,30000.0
15687,28,993,2,4,1213,1,2,12000.0,480.0,23520.0
15688,74,1470,2,4,195,2,1,15000.0,1500.0,13500.0
15689,631,848,1,,1528,1,3,12000.0,720.0,35280.0
15690,497,804,1,,2081,2,3,15000.0,900.0,44100.0
15691,289,980,2,4,2816,1,2,12000.0,1200.0,22800.0
15692,423,1032,1,,2954,2,1,15000.0,750.0,14250.0
15693,423,1032,1,,2954,1,2,12000.0,2400.0,21600.0
15694,161,160,2,3,2469,2,2,15000.0,3000.0,27000.0
15695,342,327,1,,686,2,3,15000.0,900.0,44100.0
15696,46,1002,1,,1492,1,1,12600.0,252.0,12348.0
15697,46,1002,1,,1492,1,1,12600.0,252.0,12348.0
15698,556,1198,1,,3193,1,1,12600.0,252.0,12348.0
15699,482,221,1,,648,1,1,13200.0,0.0,13200.0
15700,482,221,1,,648,2,3,15000.0,4500.0,40500.0
15701,259,1373,1,,956,2,2,15000.0,0.0,30000.0
15702,157,952,1,,2302,1,1,12000.0,1200.0,10800.0
15703,27,237,1,,661,1,2,10800.0,2160.0,19440.0
15704,27,237,1,,661,1,2,12000.0,1200.0,22800.0
15705,46,744,2,4,2270,1,3,12000.0,3600.0,32400.0
15706,571,311,1,,791,2,2,15000.0,0.0,30000.0
15707,528,214,1,,1921,1,1,12600.0,0.0,12600.0
15708,528,214,1,,1921,1,3,12000.0,0.0,36000.0
15709,105,137,1,,996,1,1,12000.0,240.0,11760.0
15710,3,437,1,,3114,2,3,15000.0,0.0,45000.0
15711,3,437,1,,3114,1,2,12000.0,480.0,23520.0
15712,3,437,1,,3114,2,1,13500.0,1350.0,12150.0
15713,171,362,2,4,2760,1,1,13200.0,1320.0,11880.0
15714,225,604,1,,1954,1,3,12000.0,0.0,36000.0
15715,197,1165,1,,1007,2,1,15000.0,300.0,14700.0
15716,174,856,2,2,131,1,1,12000.0,240.0,11760.0
15717,449,256,2,4,2166,1,3,12000.0,1800.0,34200.0
15718,108,493,1,,124,1,2,12000.0,480.0,23520.0
15719,218,121,2,3,2212,2,3,16500.0,0.0,49500.0
15720,233,86,1,,1630,1,2,12000.0,480.0,23520.0
15721,469,236,1,,915,2,2,15000.0,1500.0,28500.0
15722,258,1035,1,,,1,3,12000.0,0.0,36000.0
15723,284,1397,1,,3031,2,2,15000.0,0.0,30000.0
15724,23,7,1,,,2,2,15750.0,1575.0,29925.0
15725,153,1258,2,1,2877,2,3,15000.0,0.0,45000.0
15726,153,1258,2,1,2877,2,3,15000.0,4500.0,40500.0
15727,155,1430,2,3,708,2,3,15000.0,4500.0,40500.0
15728,333,970,1,,2825,2,1,15000.0,0.0,15000.0
15729,569,134,2,3,878,2,1,15000.0,0.0,15000.0
15730,569,134,2,3,878,2,2,15000.0,3000.0,27000.0
15731,493,1245,2,4,202,1,2,12600.0,2520.0,22680.0
15732,577,646,2,2,1878,1,3,12000.0,0.0,36000.0
15733,355,1285,2,1,337,2,2,15000.0,600.0,29400.0
15734,36,1124,1,,630,1,3,12000.0,720.0,35280.0
15735,158,854,1,,1361,1,3,10800.0,648.0,31752.0
15736,466,223,2,3,,2,1,16500.0,1650.0,14850.0
15737,466,223,2,3,,2,2,15000.0,600.0,29400.0
15738,111,460,1,,1355,2,2,15000.0,600.0,29400.0
15739,530,1122,2,2,850,2,3,15000.0,0.0,45000.0
15740,605,1201,2,3,3046,1,3,12000.0,0.0,36000.0
15741,482,1425,1,,2301,2,2,15750.0,630.0,30870.0
15742,4,1129,2,3,750,1,1,13200.0,1320.0,11880.0
15743,619,889,1,,1489,2,2,15000.0,600.0,29400.0
15744,40,1400,1,,2387,1,1,12000.0,0.0,12000.0
15745,183,719,1,,,2,2,13500.0,2700.0,24300.0
15746,16,598,2,4,3187,1,2,12000.0,480.0,23520.0
15747,309,575,1,,1019,2,1,15000.0,0.0,15000.0
15748,610,1429,2,4,200,1,3,12600.0,0.0,37800.0
15749,615,693,1,,2379,2,1,13500.0,270.0,13230.0
15750,428,151,1,,1031,1,3,12000.0,3600.0,32400.0
15751,428,151,1,,1031,1,2,12000.0,480.0,23520.0
15752,600,800,1,,1029,1,1,12000.0,240.0,11760.0
15753,600,800,1,,1029,2,2,16500.0,1650.0,31350.0
15754,527,61,1,,1749,1,1,12000.0,0.0,12000.0
15755,167,428,1,,1658,1,1,12000.0,600.0,11400.0
15756,167,428,1,,1658,1,2,12000.0,1200.0,22800.0
15757,161,921,1,,2037,2,2,15000.0,0.0,30000.0
15758,289,1244,1,,3137,2,2,15000.0,0.0,30000.0
15759,408,1434,1,,1986,1,3,10800.0,648.0,31752.0
15760,408,1434,1,,1986,2,2,15000.0,1500.0,28500.0
15761,221,1327,1,,1556,2,1,16500.0,825.0,15675.0
15762,245,912,1,,1606,1,2,12000.0,2400.0,21600.0
15763,281,723,1,,2694,1,2,10800.0,0.0,21600.0
15764,141,1435,2,2,1949,2,1,15000.0,750.0,14250.0
15765,141,1435,2,2,1949,1,3,12000.0,1800.0,34200.0
15766,254,691,2,1,3085,1,1,12000.0,240.0,11760.0
15767,86,369,2,3,851,2,1,15000.0,750.0,14250.0
15768,315,1028,1,,2298,2,1,15000.0,1500.0,13500.0
15769,22,1001,1,,2771,1,1,12000.0,240.0,11760.0
15770,22,1001,1,,2771,2,2,15000.0,600.0,29400.0
15771,228,1040,2,2,1134,1,2,10800.0,1080.0,20520.0
15772,265,1067,1,,,1,2,12000.0,480.0,23520.0
15773,102,311,1,,1144,2,2,15000.0,0.0,30000.0
15774,408,627,1,,2060,1,2,10800.0,0.0,21600.0
15775,571,639,2,4,355,2,2,15000.0,0.0,30000.0
15776,627,655,2,3,744,1,3,12600.0,0.0,37800.0
15777,627,655,2,3,744,1,1,12000.0,1200.0,10800.0
15778,627,655,2,3,744,2,3,15750.0,4725.0,42525.0
15779,175,1252,1,,,2,1,13500.0,675.0,12825.0
15780,175,1252,1,,,1,3,10800.0,0.0,32400.0
15781,404,314,2,3,2951,2,1,16500.0,0.0,16500.0
15782,106,1180,1,,675,1,1,12000.0,240.0,11760.0
15783,106,1180,1,,675,1,3,12000.0,3600.0,32400.0
15784,353,365,2,1,387,1,1,12000.0,0.0,12000.0
15785,372,1310,2,4,2920,1,1,12000.0,240.0,11760.0
15786,608,367,1,,902,1,3,10800.0,1620.0,30780.0
15787,608,367,1,,902,2,2,15000.0,0.0,30000.0
15788,470,1252,1,,526,1,2,12000.0,480.0,23520.0
15789,41,607,1,,,2,3,15000.0,0.0,45000.0
15790,36,1122,1,,1445,1,2,10800.0,1080.0,20520.0
15791,35,842,2,2,927,2,1,15000.0,0.0,15000.0
15792,511,1461,1,,961,1,2,12600.0,504.0,24696.0
15793,511,1461,1,,961,2,1,15750.0,787.5,14962.5
15794,63,208,1,,2842,1,3,12000.0,3600.0,32400.0
15795,163,1268,2,3,1252,1,1,12000.0,600.0,11400.0
15796,128,234,2,3,2493,2,3,16500.0,990.0,48510.0
15797,230,427,1,,3170,2,2,13500.0,540.0,26460.0
15798,344,964,1,,727,1,2,12000.0,480.0,23520.0
15799,273,802,1,,96,2,1,15000.0,750.0,14250.0
15800,273,802,1,,96,1,2,10800.0,2160.0,19440.0
15801,273,802,1,,96,1,2,12000.0,480.0,23520.0
15802,281,38,1,,,1,3,12600.0,3780.0,34020.0
15803,343,204,2,3,1208,1,2,12000.0,2400.0,21600.0
15804,354,524,1,,2798,2,1,15000.0,1500.0,13500.0
15805,419,31,1,,56,2,1,15000.0,750.0,14250.0
15806,271,834,2,1,1270,2,2,15000.0,600.0,29400.0
15807,350,994,1,,149,2,2,15750.0,0.0,31500.0
15808,314,439,2,4,231,2,1,15000.0,1500.0,13500.0
15809,180,1279,2,1,2510,2,3,15000.0,2250.0,42750.0
15810,262,1268,1,,2421,1,1,13200.0,660.0,12540.0
15811,76,775,1,,1851,1,1,12600.0,1260.0,11340.0
15812,144,172,2,4,,1,1,12000.0,1200.0,10800.0
15813,437,834,2,2,873,1,1,12000.0,0.0,12000.0
15814,203,1094,2,4,296,2,1,15000.0,300.0,14700.0
15815,203,1094,2,4,296,2,3,15000.0,4500.0,40500.0
15816,203,1094,2,4,296,1,1,12000.0,600.0,11400.0
15817,392,1091,1,,1974,2,1,15000.0,1500.0,13500.0
15818,392,1091,1,,1974,2,2,15750.0,3150.0,28350.0
15819,91,1086,2,4,2484,1,3,12000.0,720.0,35280.0
15820,91,1086,2,4,2484,1,1,12000.0,240.0,11760.0
15821,67,1352,1,,2427,2,1,15000.0,750.0,14250.0
15822,170,554,1,,1027,1,3,10800.0,0.0,32400.0
15823,206,1424,1,,2308,2,1,13500.0,270.0,13230.0
15824,137,304,1,,1446,2,1,15750.0,0.0,15750.0
15825,347,1071,1,,197,1,3,12000.0,3600.0,32400.0
15826,633,1092,1,,,2,3,13500.0,4050.0,36450.0
15827,222,153,1,,1138,1,2,12600.0,0.0,25200.0
15828,222,153,1,,1138,1,1,12000.0,0.0,12000.0
15829,222,153,1,,1138,1,3,12000.0,720.0,35280.0
15830,578,1231,1,,19,1,2,10800.0,432.0,21168.0
15831,589,540,1,,,2,2,15000.0,1500.0,28500.0
15832,589,540,1,,,2,2,15000.0,600.0,29400.0
15833,278,654,1,,2424,2,1,15000.0,750.0,14250.0
15834,328,774,2,4,2233,1,1,12000.0,0.0,12000.0
15835,74,302,1,,2392,1,2,12000.0,2400.0,21600.0
15836,567,1071,1,,1228,2,2,13500.0,0.0,27000.0
15837,567,1071,1,,1228,1,1,13200.0,0.0,13200.0
15838,214,6,1,,2175,2,3,15000.0,4500.0,40500.0
15839,210,1443,1,,,2,2,15000.0,600.0,29400.0
15840,210,1443,1,,,2,1,15000.0,0.0,15000.0
15841,233,49,2,1,2503,2,3,16500.0,4950.0,44550.0
15842,287,1039,1,,2019,2,3,15000.0,4500.0,40500.0
15843,103,1090,1,,2610,1,3,10800.0,648.0,31752.0
15844,453,353,1,,578,2,2,15750.0,1575.0,29925.0
15845,159,1295,2,2,175,1,2,12000.0,2400.0,21600.0
15846,564,239,2,1,,1,2,12000.0,2400.0,21600.0
15847,564,239,2,1,,1,1,12600.0,0.0,12600.0
15848,316,269,2,1,1697,1,2,12000.0,480.0,23520.0
15849,316,269,2,1,1697,2,3,15000.0,0.0,45000.0
15850,256,872,1,,476,1,1,12000.0,600.0,11400.0
15851,24,522,2,1,2453,2,2,13500.0,0.0,27000.0
15852,344,127,2,1,398,2,3,15000.0,4500.0,40500.0
15853,163,1315,2,2,1196,1,2,10800.0,0.0,21600.0
15854,355,788,2,1,1095,1,1,12000.0,1200.0,10800.0
15855,489,838,1,,3124,2,1,15000.0,750.0,14250.0
15856,489,838,1,,3124,1,1,10800.0,1080.0,9720.0
15857,396,92,2,1,1899,1,1,12600.0,252.0,12348.0
15858,396,92,2,1,1899,1,1,10800.0,540.0,10260.0
15859,273,556,2,2,2764,1,1,12000.0,240.0,11760.0
15860,251,1316,1,,2597,2,3,16500.0,2475.0,47025.0
15861,116,524,1,,630,1,1,12600.0,630.0,11970.0
15862,369,389,1,,1056,2,1,16500.0,825.0,15675.0
15863,329,419,1,,1836,2,3,15000.0,4500.0,40500.0
15864,3,1323,1,,1198,1,2,13200.0,0.0,26400.0
15865,270,274,1,,600,1,3,12000.0,720.0,35280.0
15866,4,124,1,,1459,2,1,15000.0,1500.0,13500.0
15867,9,918,1,,2693,1,2,12000.0,1200.0,22800.0
15868,497,638,1,,810,2,1,15000.0,750.0,14250.0
15869,406,896,1,,1619,1,1,12000.0,240.0,11760.0
15870,246,1035,1,,2721,1,3,12600.0,3780.0,34020.0
15871,623,99,2,1,671,2,3,15000.0,0.0,45000.0
15872,286,227,2,3,843,2,2,15750.0,630.0,30870.0
15873,286,227,2,3,843,1,2,12000.0,2400.0,21600.0
15874,153,4,1,,249,1,2,12600.0,0.0,25200.0
15875,153,4,1,,249,1,2,12000.0,2400.0,21600.0
15876,563,405,1,,1112,2,2,15000.0,0.0,30000.0
15877,492,661,1,,863,1,1,12000.0,240.0,11760.0
15878,440,144,1,,,2,2,15000.0,600.0,29400.0
15879,586,1053,2,1,1584,1,1,12600.0,0.0,12600.0
15880,284,415,2,3,66,2,2,15000.0,1500.0,28500.0
15881,284,415,2,3,66,1,3,10800.0,1620.0,30780.0
15882,284,415,2,3,66,2,1,15750.0,787.5,14962.5
15883,372,960,2,1,1409,2,2,15000.0,3000.0,27000.0
15884,61,67,2,4,1694,2,3,15000.0,900.0,44100.0
15885,125,267,1,,2906,1,2,10800.0,432.0,21168.0
15886,125,267,1,,2906,1,1,12000.0,1200.0,10800.0
15887,125,267,1,,2906,1,3,13200.0,792.0,38808.0
15888,25,666,2,1,711,1,3,13200.0,792.0,38808.0
15889,356,360,2,4,2716,1,1,13200.0,1320.0,11880.0
15890,356,360,2,4,2716,2,2,15000.0,1500.0,28500.0
15891,522,393,2,3,839,1,3,12000.0,3600.0,32400.0
15892,551,786,1,,1435,2,1,15000.0,750.0,14250.0
15893,117,22,2,4,1488,2,2,15000.0,1500.0,28500.0
15894,509,1297,2,1,355,1,1,12000.0,600.0,11400.0
15895,17,29,1,,779,1,2,13200.0,2640.0,23760.0
15896,106,1112,2,1,670,1,1,12000.0,0.0,12000.0
15897,169,990,2,2,2930,1,1,12000.0,600.0,11400.0
15898,172,42,1,,511,2,1,16500.0,825.0,15675.0
15899,515,1413,1,,3138,2,3,13500.0,0.0,40500.0
15900,515,1413,1,,3138,1,3,13200.0,1980.0,37620.0
15901,515,1413,1,,3138,1,2,10800.0,0.0,21600.0
15902,247,1186,1,,1950,1,1,12600.0,630.0,11970.0
15903,620,1396,1,,2372,1,3,12000.0,1800.0,34200.0
15904,216,1147,1,,955,1,2,12000.0,2400.0,21600.0
15905,216,1147,1,,955,1,2,12000.0,480.0,23520.0
15906,403,323,1,,,1,3,13200.0,1980.0,37620.0
15907,639,176,2,1,1732,2,1,13500.0,1350.0,12150.0
15908,234,543,2,4,2108,1,3,12000.0,0.0,36000.0
15909,10,1156,1,,2051,1,2,10800.0,0.0,21600.0
15910,74,708,2,4,2491,1,2,10800.0,0.0,21600.0
15911,327,757,1,,682,2,2,15000.0,0.0,30000.0
15912,492,136,1,,3064,1,1,12000.0,1200.0,10800.0
15913,91,287,1,,1306,1,1,10800.0,216.0,10584.0
15914,91,287,1,,1306,1,2,12000.0,480.0,23520.0
15915,25,945,2,2,730,1,1,13200.0,0.0,13200.0
15916,25,945,2,2,730,1,1,12000.0,240.0,11760.0
15917,289,973,1,,,1,3,12000.0,1800.0,34200.0
15918,256,768,1,,2308,1,1,13200.0,0.0,13200.0
15919,256,768,1,,2308,2,1,15000.0,300.0,14700.0
15920,413,539,1,,,1,3,12600.0,3780.0,34020.0
15921,413,539,1,,,1,2,12000.0,480.0,23520.0
15922,172,627,2,2,549,1,1,12000.0,0.0,12000.0
15923,472,1455,1,,1398,2,3,16500.0,990.0,48510.0
15924,472,1455,1,,1398,2,1,15000.0,750.0,14250.0
15925,546,1130,2,4,182,1,2,12000.0,2400.0,21600.0
15926,595,1465,1,,1742,2,1,15000.0,300.0,14700.0
15927,70,666,1,,1850,1,2,10800.0,0.0,21600.0
15928,70,666,1,,1850,2,3,13500.0,2025.0,38475.0
15929,70,666,1,,1850,1,2,10800.0,432.0,21168.0
15930,187,820,1,,605,2,3,13500.0,4050.0,36450.0
15931,187,820,1,,605,1,2,12600.0,1260.0,23940.0
15932,526,932,1,,1650,2,2,15000.0,600.0,29400.0
15933,582,753,1,,2292,1,2,12000.0,2400.0,21600.0
15934,249,459,1,,3009,1,2,12600.0,0.0,25200.0
15935,249,459,1,,3009,1,3,13200.0,792.0,38808.0
15936,323,1467,1,,1517,2,3,15000.0,4500.0,40500.0
15937,323,1467,1,,1517,1,3,12000.0,1800.0,34200.0
15938,106,1096,2,2,439,1,3,12600.0,0.0,37800.0
15939,169,1486,2,3,,2,2,15000.0,0.0,30000.0
15940,58,113,1,,2401,2,2,15000.0,3000.0,27000.0
15941,526,3,2,2,582,1,2,10800.0,1080.0,20520.0
15942,399,850,2,4,,1,2,12600.0,2520.0,22680.0
15943,337,1304,2,1,,1,3,12000.0,3600.0,32400.0
15944,587,220,2,2,,1,2,13200.0,528.0,25872.0
15945,96,784,1,,37,2,2,15000.0,600.0,29400.0
15946,590,227,1,,1793,1,1,12000.0,600.0,11400.0
15947,590,227,1,,1793,2,2,15000.0,600.0,29400.0
15948,471,837,1,,2114,1,1,12000.0,0.0,12000.0
15949,86,994,1,,2410,2,1,15750.0,0.0,15750.0
15950,86,994,1,,2410,1,1,12000.0,600.0,11400.0
15951,346,934,2,4,392,2,1,15000.0,300.0,14700.0
15952,436,587,1,,604,2,1,13500.0,1350.0,12150.0
15953,612,954,2,3,2214,2,3,15000.0,0.0,45000.0
15954,241,1169,1,,642,2,3,15000.0,2250.0,42750.0
15955,65,303,1,,1503,2,3,15000.0,2250.0,42750.0
15956,314,783,1,,1160,2,1,15000.0,1500.0,13500.0
15957,39,949,1,,557,2,3,15000.0,2250.0,42750.0
15958,580,1377,1,,2878,2,3,15000.0,0.0,45000.0
15959,356,871,1,,1879,1,1,13200.0,264.0,12936.0
15960,153,628,2,4,703,2,1,15000.0,1500.0,13500.0
15961,62,352,2,1,1541,1,3,10800.0,3240.0,29160.0
15962,190,357,2,3,1648,1,2,12000.0,2400.0,21600.0
15963,393,185,1,,1382,2,1,15000.0,300.0,14700.0
15964,178,51,2,2,2935,1,1,12000.0,1200.0,10800.0
15965,86,848,1,,2281,2,2,13500.0,1350.0,25650.0
15966,93,875,2,1,,1,2,10800.0,2160.0,19440.0
15967,188,247,2,3,936,2,1,15000.0,300.0,14700.0
15968,374,813,1,,,2,2,15000.0,1500.0,28500.0
15969,433,1484,1,,1841,2,3,13500.0,810.0,39690.0
15970,433,1484,1,,1841,1,1,12600.0,0.0,12600.0
15971,18,383,1,,2228,1,1,12600.0,630.0,11970.0
15972,18,383,1,,2228,1,3,12000.0,720.0,35280.0
15973,335,630,1,,,1,3,12000.0,3600.0,32400.0
15974,598,1168,1,,56,2,1,15000.0,1500.0,13500.0
15975,414,3,2,4,2143,1,2,10800.0,0.0,21600.0
15976,512,441,1,,2108,2,1,15000.0,1500.0,13500.0
15977,5,1091,1,,1668,1,1,12000.0,240.0,11760.0
15978,5,1091,1,,1668,1,1,12000.0,600.0,11400.0
15979,608,412,2,2,2774,2,3,13500.0,0.0,40500.0
15980,613,574,1,,920,2,3,15000.0,2250.0,42750.0
15981,513,243,1,,2398,2,1,15750.0,0.0,15750.0
15982,607,95,2,1,351,1,1,12000.0,0.0,12000.0
15983,449,545,1,,1991,2,3,15000.0,4500.0,40500.0
15984,488,940,2,2,1730,2,2,15000.0,1500.0,28500.0
15985,351,1318,2,3,283,2,1,16500.0,330.0,16170.0
15986,351,1318,2,3,283,2,3,15750.0,945.0,46305.0
15987,351,1318,2,3,283,2,1,15000.0,750.0,14250.0
15988,110,922,1,,1351,2,1,13500.0,1350.0,12150.0
15989,110,922,1,,1351,2,1,15750.0,787.5,14962.5
15990,344,649,2,1,1645,2,2,15000.0,1500.0,28500.0
15991,616,283,1,,1871,1,2,10800.0,2160.0,19440.0
15992,507,878,1,,3155,2,2,15000.0,600.0,29400.0
15993,144,109,2,2,2576,2,2,15000.0,600.0,29400.0
15994,50,1490,1,,2493,2,2,15000.0,600.0,29400.0
15995,439,673,2,1,,2,2,15000.0,3000.0,27000.0
15996,126,570,2,1,2807,1,1,12000.0,0.0,12000.0
15997,126,570,2,1,2807,1,3,10800.0,3240.0,29160.0
15998,126,570,2,1,2807,2,2,15000.0,0.0,30000.0
15999,409,366,1,,847,2,3,15000.0,2250.0,42750.0
16000,192,530,2,2,2659,2,3,15000.0,4500.0,40500.0
16001,187,1336,1,,2576,1,3,12000.0,1800.0,34200.0
16002,380,19,1,,1392,2,3,15000.0,900.0,44100.0
16003,617,152,1,,1248,1,1,12000.0,240.0,11760.0
16004,514,358,1,,,1,1,12000.0,240.0,11760.0
16005,604,1133,2,4,1191,2,3,16500.0,0.0,49500.0
16006,425,1079,1,,684,1,1,12000.0,1200.0,10800.0
16007,91,779,1,,1416,1,2,13200.0,0.0,26400.0
16008,578,840,1,,2320,1,3,12600.0,1890.0,35910.0
16009,434,971,2,4,2769,1,3,12000.0,720.0,35280.0
16010,156,137,1,,2231,2,3,15000.0,2250.0,42750.0
16011,310,1031,2,3,2681,1,1,10800.0,540.0,10260.0
16012,310,1031,2,3,2681,2,3,16500.0,2475.0,47025.0
16013,173,650,1,,,2,3,15750.0,2362.5,44887.5
16014,173,650,1,,,1,3,13200.0,1980.0,37620.0
16015,24,820,1,,2285,2,2,16500.0,0.0,33000.0
16016,362,714,1,,457,1,3,12600.0,0.0,37800.0
16017,362,714,1,,457,1,1,13200.0,264.0,12936.0
16018,223,682,2,1,1193,2,1,15750.0,0.0,15750.0
16019,489,478,2,1,1650,1,3,12000.0,1800.0,34200.0
16020,7,808,1,,82,2,2,16500.0,3300.0,29700.0
16021,7,808,1,,82,2,3,15000.0,2250.0,42750.0
16022,66,779,1,,2443,2,1,15000.0,750.0,14250.0
16023,212,217,1,,3129,1,1,12000.0,240.0,11760.0
16024,212,217,1,,3129,1,1,12000.0,240.0,11760.0
16025,582,629,1,,715,1,3,12000.0,0.0,36000.0
16026,582,629,1,,715,1,1,13200.0,1320.0,11880.0
16027,467,999,1,,2907,2,1,13500.0,1350.0,12150.0
16028,298,660,1,,533,2,2,15000.0,600.0,29400.0
16029,336,1468,1,,203,2,3,13500.0,810.0,39690.0
16030,336,1468,1,,203,2,3,13500.0,4050.0,36450.0
16031,569,1118,2,4,720,2,3,15000.0,2250.0,42750.0
16032,569,1118,2,4,720,1,3,12000.0,3600.0,32400.0
16033,411,652,1,,643,2,1,16500.0,330.0,16170.0
16034,511,970,1,,230,1,2,12000.0,2400.0,21600.0
16035,450,810,1,,3085,1,3,12600.0,3780.0,34020.0
16036,450,810,1,,3085,2,3,15000.0,4500.0,40500.0
16037,378,663,1,,161,2,3,15000.0,0.0,45000.0
16038,102,150,1,,686,1,1,12600.0,1260.0,11340.0
16039,139,1347,1,,3177,2,1,15000.0,750.0,14250.0
16040,139,1347,1,,3177,1,1,10800.0,1080.0,9720.0
16041,609,643,1,,,1,1,12000.0,240.0,11760.0
16042,252,645,1,,,1,1,12000.0,1200.0,10800.0
16043,252,645,1,,,1,2,12000.0,0.0,24000.0
16044,474,72,2,4,1056,2,3,13500.0,0.0,40500.0
16045,474,72,2,4,1056,2,2,15000.0,0.0,30000.0
16046,272,1412,2,1,2599,2,1,15750.0,315.0,15435.0
16047,272,1412,2,1,2599,1,3,12600.0,756.0,37044.0
16048,210,1305,1,,2526,2,1,13500.0,0.0,13500.0
16049,476,413,2,2,266,2,3,15000.0,0.0,45000.0
16050,375,473,1,,1450,1,3,12000.0,720.0,35280.0
16051,65,333,1,,1159,1,3,12000.0,3600.0,32400.0
16052,430,868,1,,494,2,2,15000.0,600.0,29400.0
16053,82,298,1,,803,1,3,12000.0,720.0,35280.0
16054,82,298,1,,803,1,1,12000.0,240.0,11760.0
16055,51,13,2,1,2930,1,2,12000.0,480.0,23520.0
16056,51,13,2,1,2930,1,1,12000.0,1200.0,10800.0
16057,351,362,1,,86,2,1,15000.0,1500.0,13500.0
16058,351,362,1,,86,2,3,13500.0,4050.0,36450.0
16059,351,362,1,,86,1,1,12000.0,600.0,11400.0
16060,136,993,1,,2644,2,1,15750.0,315.0,15435.0
16061,83,442,2,4,1418,2,1,15750.0,787.5,14962.5
16062,353,550,1,,1158,1,1,12000.0,240.0,11760.0
16063,333,100,1,,685,1,2,12600.0,504.0,24696.0
16064,118,263,1,,538,1,1,12000.0,240.0,11760.0
16065,118,263,1,,538,2,1,15000.0,1500.0,13500.0
16066,564,614,2,4,3013,2,1,15000.0,300.0,14700.0
16067,564,614,2,4,3013,1,2,12600.0,0.0,25200.0
16068,144,732,2,3,1816,1,1,12600.0,0.0,12600.0
16069,281,1125,1,,2878,2,3,15000.0,900.0,44100.0
16070,281,1125,1,,2878,2,1,16500.0,330.0,16170.0
16071,129,444,1,,1536,2,1,13500.0,0.0,13500.0
16072,129,444,1,,1536,1,1,10800.0,0.0,10800.0
16073,139,949,2,1,2397,2,2,15000.0,600.0,29400.0
16074,534,1305,1,,1957,2,3,13500.0,4050.0,36450.0
16075,604,322,1,,2164,1,3,12000.0,1800.0,34200.0
16076,585,518,1,,2664,2,1,13500.0,0.0,13500.0
16077,190,476,1,,374,2,2,16500.0,1650.0,31350.0
16078,323,1344,2,2,2063,1,1,10800.0,1080.0,9720.0
16079,497,248,1,,330,1,2,13200.0,528.0,25872.0
16080,497,248,1,,330,2,2,15000.0,600.0,29400.0
16081,444,1433,2,4,271,2,2,15000.0,3000.0,27000.0
16082,346,1192,1,,2909,2,1,13500.0,0.0,13500.0
16083,240,355,2,3,,1,3,12000.0,720.0,35280.0
16084,240,355,2,3,,1,1,12000.0,240.0,11760.0
16085,240,355,2,3,,1,1,10800.0,540.0,10260.0
16086,13,1465,2,1,1204,2,1,15000.0,1500.0,13500.0
16087,13,1465,2,1,1204,1,3,12000.0,1800.0,34200.0
16088,586,91,2,4,,2,1,15000.0,0.0,15000.0
16089,586,91,2,4,,2,3,15000.0,0.0,45000.0
16090,317,10,2,2,92,1,1,10800.0,1080.0,9720.0
16091,317,10,2,2,92,2,3,15000.0,900.0,44100.0
16092,289,368,1,,448,2,1,15000.0,0.0,15000.0
16093,569,599,1,,,1,2,12000.0,0.0,24000.0
16094,569,599,1,,,2,1,16500.0,0.0,16500.0
16095,578,308,2,3,1082,1,3,12000.0,1800.0,34200.0
16096,63,848,1,,586,1,3,10800.0,1620.0,30780.0
16097,245,1207,1,,1407,2,1,15000.0,1500.0,13500.0
16098,409,272,1,,2102,2,2,15000.0,1500.0,28500.0
16099,409,272,1,,2102,2,2,15000.0,600.0,29400.0
16100,223,123,2,4,544,1,1,10800.0,216.0,10584.0
16101,406,580,1,,,2,3,16500.0,990.0,48510.0
16102,406,580,1,,,2,2,15000.0,0.0,30000.0
16103,406,580,1,,,1,1,12000.0,0.0,12000.0
16104,395,222,2,2,946,1,3,12000.0,3600.0,32400.0
16105,346,1045,2,1,628,1,2,12000.0,2400.0,21600.0
16106,575,1477,2,2,1577,1,1,13200.0,660.0,12540.0
16107,150,27,1,,586,2,2,15000.0,0.0,30000.0
16108,2,607,2,1,,1,2,13200.0,2640.0,23760.0
16109,2,607,2,1,,1,2,12000.0,480.0,23520.0
16110,500,994,2,1,2736,1,3,13200.0,1980.0,37620.0
16111,370,1272,1,,794,1,2,10800.0,0.0,21600.0
16112,423,371,2,2,770,1,3,12600.0,756.0,37044.0
16113,296,690,1,,1975,1,1,12000.0,240.0,11760.0
16114,500,256,1,,3172,2,2,15000.0,3000.0,27000.0
16115,505,1110,1,,50,2,2,15000.0,1500.0,28500.0
16116,627,951,1,,1583,1,3,12600.0,0.0,37800.0
16117,560,631,1,,1002,1,1,12000.0,1200.0,10800.0
16118,569,1217,2,1,594,2,3,15000.0,2250.0,42750.0
16119,569,1217,2,1,594,1,3,12000.0,0.0,36000.0
16120,589,520,1,,2552,1,2,12000.0,480.0,23520.0
16121,481,1230,1,,617,1,2,12600.0,0.0,25200.0
16122,308,732,1,,,1,2,12000.0,0.0,24000.0
16123,455,397,2,3,1348,2,1,16500.0,825.0,15675.0
16124,380,626,1,,2406,1,1,12000.0,600.0,11400.0
16125,380,626,1,,2406,2,3,15000.0,900.0,44100.0
16126,290,440,2,4,279,1,2,12000.0,0.0,24000.0
16127,4,741,2,1,2929,1,1,12600.0,0.0,12600.0
16128,4,741,2,1,2929,1,2,12000.0,1200.0,22800.0
16129,267,972,1,,123,2,1,15000.0,1500.0,13500.0
16130,267,972,1,,123,2,2,15000.0,0.0,30000.0
16131,224,213,1,,2133,2,2,16500.0,660.0,32340.0
16132,50,760,1,,294,2,1,15000.0,750.0,14250.0
16133,50,760,1,,294,2,2,15000.0,600.0,29400.0
16134,114,35,1,,880,1,2,12000.0,480.0,23520.0
16135,114,35,1,,880,2,1,15000.0,0.0,15000.0
16136,150,1308,2,1,1867,1,3,10800.0,1620.0,30780.0
16137,249,1174,1,,1258,2,3,15000.0,0.0,45000.0
16138,249,1174,1,,1258,1,2,12000.0,480.0,23520.0
16139,249,1174,1,,1258,1,2,12000.0,0.0,24000.0
16140,445,1269,2,4,752,1,1,12000.0,240.0,11760.0
16141,445,1269,2,4,752,2,3,15000.0,2250.0,42750.0
16142,201,1147,2,4,1262,2,2,15000.0,1500.0,28500.0
16143,180,943,1,,2321,1,3,10800.0,3240.0,29160.0
16144,180,943,1,,2321,1,1,12600.0,252.0,12348.0
16145,180,943,1,,2321,1,1,12000.0,240.0,11760.0
16146,478,1334,2,2,2657,2,1,15000.0,1500.0,13500.0
16147,73,1270,1,,3019,1,3,10800.0,3240.0,29160.0
16148,397,1055,2,4,2509,2,1,15000.0,1500.0,13500.0
16149,419,1288,1,,780,1,3,13200.0,0.0,39600.0
16150,271,765,1,,2480,1,1,12000.0,240.0,11760.0
16151,271,765,1,,2480,2,1,16500.0,330.0,16170.0
16152,271,765,1,,2480,1,2,12000.0,2400.0,21600.0
16153,203,1392,2,1,2921,2,1,15000.0,0.0,15000.0
16154,528,1341,2,4,2535,2,2,13500.0,0.0,27000.0
16155,247,425,1,,,1,2,10800.0,432.0,21168.0
16156,490,1095,1,,981,1,2,12000.0,480.0,23520.0
16157,490,1095,1,,981,2,3,15000.0,4500.0,40500.0
16158,567,75,2,3,86,2,1,15000.0,750.0,14250.0
16159,598,1423,1,,1681,1,3,10800.0,1620.0,30780.0
16160,598,1423,1,,1681,1,2,12600.0,504.0,24696.0
