shipment_id,order_id,shipped_date_sk,delivered_date_sk,customer_sk,channel_sk,store_sk,ship_addr_sk,status,carrier,tracking_number
9000000000,1000000000,332.0,335.0,356,1,,599,DELIVERED,Correo Argentino,TRK-LM6S0ZIUQ6
9000000001,1000000001,32.0,36.0,601,1,,2538,READY,Correo Argentino,TRK-S7JYRIGG48
9000000002,1000000002,424.0,426.0,1234,1,,3067,DELIVERED,Correo Argentino,TRK-YI8R5NTIPW
9000000003,1000000003,427.0,431.0,156,1,,511,DELIVERED,Correo Argentino,TRK-UWNN6LXYNU
9000000004,1000000004,90.0,91.0,616,2,4.0,4,DELIVERED,PICKUP,
9000000005,1000000005,72.0,73.0,614,2,2.0,2,DELIVERED,PICKUP,
9000000006,1000000006,563.0,567.0,188,1,,1152,DELIVERED,Correo Argentino,TRK-UCA7R6D2X6
9000000007,1000000007,317.0,320.0,17,1,,2581,DELIVERED,Correo Argentino,TRK-EEAFDZHDID
9000000008,1000000008,239.0,241.0,1148,1,,494,DELIVERED,Correo Argentino,TRK-99ZZCRAXY6
9000000009,1000000009,91.0,94.0,1037,1,,978,SHIPPED,Correo Argentino,TRK-M4QI31HO4X
9000000010,1000000010,73.0,74.0,1336,2,1.0,1,DELIVERED,PICKUP,
9000000011,1000000011,534.0,535.0,1239,2,4.0,4,DELIVERED,PICKUP,
9000000012,1000000012,222.0,223.0,1426,2,3.0,3,DELIVERED,PICKUP,
9000000013,1000000013,448.0,449.0,862,2,1.0,1,SHIPPED,PICKUP,
9000000014,1000000014,597.0,602.0,181,1,,2921,SHIPPED,Correo Argentino,TRK-TEL745CSF0
9000000015,1000000015,,,700,1,,807,CANCELLED,Correo Argentino,
9000000016,1000000016,606.0,611.0,475,1,,2562,DELIVERED,Correo Argentino,TRK-2QJED48Q5H
9000000017,1000000017,416.0,417.0,753,2,2.0,2,DELIVERED,PICKUP,
9000000018,1000000018,,,1151,1,,1695,CANCELLED,Correo Argentino,
9000000019,1000000019,478.0,482.0,793,1,,2616,DELIVERED,Correo Argentino,TRK-LU2ZLGLEOH
9000000020,1000000020,128.0,132.0,866,1,,2378,DELIVERED,Correo Argentino,TRK-UD7KW642LM
9000000021,1000000021,633.0,635.0,1110,1,,1549,DELIVERED,Correo Argentino,TRK-4588YSVCZA
9000000022,1000000022,91.0,92.0,854,2,1.0,1,DELIVERED,PICKUP,
9000000023,1000000023,552.0,553.0,379,2,3.0,3,DELIVERED,PICKUP,
9000000024,1000000024,427.0,428.0,441,2,2.0,2,DELIVERED,PICKUP,
9000000025,1000000025,605.0,609.0,125,1,,516,DELIVERED,Correo Argentino,TRK-YJMLEQMJ1S
9000000026,1000000026,348.0,351.0,1201,1,,301,DELIVERED,Correo Argentino,TRK-IWZB9131BN
9000000027,1000000027,338.0,341.0,1055,1,,1862,DELIVERED,Correo Argentino,TRK-F7ZF8SQ633
9000000028,1000000028,139.0,143.0,382,1,,1423,DELIVERED,Correo Argentino,TRK-NW8EX6WAQP
9000000029,1000000029,624.0,629.0,1456,1,,1425,DELIVERED,Correo Argentino,TRK-SNH0E9H2BV
9000000030,1000000030,526.0,527.0,1377,2,4.0,4,SHIPPED,PICKUP,
9000000031,1000000031,496.0,497.0,1375,2,4.0,4,SHIPPED,PICKUP,
9000000032,1000000032,441.0,443.0,821,1,,924,DELIVERED,Correo Argentino,TRK-AF3QHYH0G0
9000000033,1000000033,160.0,161.0,1475,2,4.0,4,DELIVERED,PICKUP,
9000000034,1000000034,322.0,323.0,634,2,2.0,2,DELIVERED,PICKUP,
9000000035,1000000035,12.0,13.0,585,2,1.0,1,DELIVERED,PICKUP,
9000000036,1000000036,269.0,272.0,180,1,,1863,DELIVERED,Correo Argentino,TRK-JI1IJOL9GD
9000000037,1000000037,27.0,31.0,482,1,,2325,DELIVERED,Correo Argentino,TRK-B103OLM2ZZ
9000000038,1000000038,33.0,34.0,620,2,1.0,1,DELIVERED,PICKUP,
9000000039,1000000039,144.0,145.0,603,2,1.0,1,DELIVERED,PICKUP,
9000000040,1000000040,,,1028,1,,1149,CANCELLED,Correo Argentino,
9000000041,1000000041,14.0,15.0,1005,2,3.0,3,DELIVERED,PICKUP,
9000000042,1000000042,272.0,274.0,790,1,,33,DELIVERED,Correo Argentino,TRK-T6YEYXIY47
9000000043,1000000043,143.0,148.0,665,1,,2043,SHIPPED,Correo Argentino,TRK-4BKBFC142A
9000000044,1000000044,612.0,614.0,562,1,,1135,DELIVERED,Correo Argentino,TRK-OE8JOVHWT3
9000000045,1000000045,33.0,38.0,998,1,,1984,DELIVERED,Correo Argentino,TRK-78RSWE9YNS
9000000046,1000000046,13.0,17.0,276,1,,493,DELIVERED,Correo Argentino,TRK-ENFRRYBCN7
9000000047,1000000047,68.0,69.0,1469,2,2.0,2,DELIVERED,PICKUP,
9000000048,1000000048,257.0,258.0,408,2,2.0,2,READY,PICKUP,
9000000049,1000000049,224.0,225.0,1360,2,2.0,2,DELIVERED,PICKUP,
9000000050,1000000050,208.0,212.0,1423,1,,665,DELIVERED,Correo Argentino,TRK-2UFL9MQ11P
9000000051,1000000051,260.0,263.0,741,1,,1867,DELIVERED,Correo Argentino,TRK-TL9JNTSSQA
9000000052,1000000052,310.0,312.0,969,1,,1612,DELIVERED,Correo Argentino,TRK-RK6C2JA3AN
9000000053,1000000053,,,729,1,,458,CANCELLED,Correo Argentino,
9000000054,1000000054,76.0,77.0,251,2,4.0,4,SHIPPED,PICKUP,
9000000055,1000000055,570.0,571.0,1087,2,1.0,1,SHIPPED,PICKUP,
9000000056,1000000056,469.0,472.0,659,1,,1891,DELIVERED,Correo Argentino,TRK-F94E82XEU7
9000000057,1000000057,418.0,419.0,338,2,4.0,4,DELIVERED,PICKUP,
9000000058,1000000058,,,1068,1,,2075,CANCELLED,Correo Argentino,
9000000059,1000000059,184.0,189.0,958,1,,2539,DELIVERED,Correo Argentino,TRK-GYMRRQSRNH
9000000060,1000000060,,,428,2,4.0,4,CANCELLED,PICKUP,
9000000061,1000000061,427.0,430.0,1337,1,,88,DELIVERED,Correo Argentino,TRK-1JVAA08D71
9000000062,1000000062,358.0,359.0,1442,2,3.0,3,DELIVERED,PICKUP,
9000000063,1000000063,152.0,154.0,939,1,,410,DELIVERED,Correo Argentino,TRK-4QRWG4O3VS
9000000064,1000000064,430.0,432.0,1409,1,,311,DELIVERED,Correo Argentino,TRK-GHR4X51MO5
9000000065,1000000065,262.0,266.0,1062,1,,1403,DELIVERED,Correo Argentino,TRK-Y0WLIWLAP3
9000000066,1000000066,,,988,1,,138,CANCELLED,Correo Argentino,
9000000067,1000000067,468.0,473.0,778,1,,1252,DELIVERED,Correo Argentino,TRK-WPHKOKPY98
9000000068,1000000068,337.0,340.0,77,1,,624,SHIPPED,Correo Argentino,TRK-95ADJ6QXJ8
9000000069,1000000069,165.0,170.0,700,1,,480,DELIVERED,Correo Argentino,TRK-75UERJVV88
9000000070,1000000070,573.0,577.0,425,1,,432,SHIPPED,Correo Argentino,TRK-SHAJ4MH7LK
9000000071,1000000071,204.0,205.0,1271,2,3.0,3,DELIVERED,PICKUP,
9000000072,1000000072,34.0,39.0,1129,1,,2540,SHIPPED,Correo Argentino,TRK-NH83FI4OJA
9000000073,1000000073,343.0,346.0,1224,1,,1123,SHIPPED,Correo Argentino,TRK-3BTEYU6C8K
9000000074,1000000074,350.0,356.0,446,1,,2068,DELIVERED,Correo Argentino,TRK-NQPTS0MMBB
9000000075,1000000075,448.0,452.0,867,1,,2685,DELIVERED,Correo Argentino,TRK-A7O7MMZ1H4
9000000076,1000000076,62.0,64.0,127,1,,3189,DELIVERED,Correo Argentino,TRK-Z56VK3U0QJ
9000000077,1000000077,339.0,340.0,874,2,1.0,1,SHIPPED,PICKUP,
9000000078,1000000078,376.0,379.0,814,1,,2367,DELIVERED,Correo Argentino,TRK-N8XZ4OSU2M
9000000079,1000000079,626.0,630.0,1189,1,,840,SHIPPED,Correo Argentino,TRK-XADN2TVDNH
9000000080,1000000080,317.0,322.0,584,1,,69,DELIVERED,Correo Argentino,TRK-S1OQO0J4EA
9000000081,1000000081,400.0,403.0,1433,1,,953,DELIVERED,Correo Argentino,TRK-LSXL8NV9UZ
9000000082,1000000082,631.0,634.0,670,1,,3103,DELIVERED,Correo Argentino,TRK-4U2I1W5ENR
9000000083,1000000083,42.0,46.0,464,1,,842,DELIVERED,Correo Argentino,TRK-3QNYBMC06W
9000000084,1000000084,331.0,334.0,535,1,,153,SHIPPED,Correo Argentino,TRK-LWD8M7AMND
9000000085,1000000085,427.0,429.0,655,1,,2185,DELIVERED,Correo Argentino,TRK-0RBFVTM6X4
9000000086,1000000086,597.0,599.0,833,1,,2251,DELIVERED,Correo Argentino,TRK-A169DTQM73
9000000087,1000000087,,,490,1,,1449,CANCELLED,Correo Argentino,
9000000088,1000000088,35.0,40.0,360,1,,1460,DELIVERED,Correo Argentino,TRK-TBUL818CS4
9000000089,1000000089,536.0,539.0,1227,1,,1176,DELIVERED,Correo Argentino,TRK-BJOJ02WY0U
9000000090,1000000090,28.0,32.0,624,1,,38,DELIVERED,Correo Argentino,TRK-E1JQQXF2A8
9000000091,1000000091,49.0,51.0,228,1,,2302,DELIVERED,Correo Argentino,TRK-9YZ6V1VTIX
9000000092,1000000092,166.0,168.0,770,1,,776,DELIVERED,Correo Argentino,TRK-UO5Q5LF7GD
9000000093,1000000093,319.0,320.0,54,2,2.0,2,DELIVERED,PICKUP,
9000000094,1000000094,362.0,363.0,1006,2,4.0,4,SHIPPED,PICKUP,
9000000095,1000000095,635.0,639.0,247,1,,1295,DELIVERED,Correo Argentino,TRK-RRS7KQI5WW
9000000096,1000000096,509.0,510.0,1127,2,3.0,3,DELIVERED,PICKUP,
9000000097,1000000097,164.0,165.0,757,2,2.0,2,DELIVERED,PICKUP,
9000000098,1000000098,383.0,388.0,520,1,,2447,DELIVERED,Correo Argentino,TRK-N1XL8YRR4C
9000000099,1000000099,59.0,63.0,258,1,,228,DELIVERED,Correo Argentino,TRK-HUON3QASLA
9000000100,1000000100,,,467,1,,1889,CANCELLED,Correo Argentino,
9000000101,1000000101,91.0,96.0,3,1,,223,SHIPPED,Correo Argentino,TRK-BD9O45FG3M
9000000102,1000000102,325.0,329.0,334,1,,2867,DELIVERED,Correo Argentino,TRK-RBXP2IU4CP
9000000103,1000000103,85.0,86.0,802,2,3.0,3,READY,PICKUP,
9000000104,1000000104,84.0,88.0,999,1,,3052,DELIVERED,Correo Argentino,TRK-TPWY0TUZG2
9000000105,1000000105,134.0,137.0,176,1,,2444,DELIVERED,Correo Argentino,TRK-3BQ6FWSKLW
9000000106,1000000106,406.0,408.0,801,1,,2960,DELIVERED,Correo Argentino,TRK-6DCLEDO515
9000000107,1000000107,144.0,149.0,1113,1,,1947,DELIVERED,Correo Argentino,TRK-RB1W0XWXVT
9000000108,1000000108,551.0,552.0,810,2,4.0,4,DELIVERED,PICKUP,
9000000109,1000000109,113.0,114.0,581,2,4.0,4,DELIVERED,PICKUP,
9000000110,1000000110,,,1284,2,2.0,2,CANCELLED,PICKUP,
9000000111,1000000111,356.0,360.0,1333,1,,1880,DELIVERED,Correo Argentino,TRK-UXV2O2QSZO
9000000112,1000000112,425.0,426.0,24,2,2.0,2,SHIPPED,PICKUP,
9000000113,1000000113,,,1222,2,1.0,1,CANCELLED,PICKUP,
9000000114,1000000114,261.0,262.0,63,2,1.0,1,SHIPPED,PICKUP,
9000000115,1000000115,51.0,53.0,1078,1,,3,DELIVERED,Correo Argentino,TRK-9SFI30M85Y
9000000116,1000000116,184.0,187.0,1091,1,,2613,DELIVERED,Correo Argentino,TRK-GCUU54HEAG
9000000117,1000000117,386.0,389.0,524,1,,1258,DELIVERED,Correo Argentino,TRK-YVM19QXR2C
9000000118,1000000118,595.0,597.0,1229,1,,2394,DELIVERED,Correo Argentino,TRK-JRBNVL0OS3
9000000119,1000000119,563.0,564.0,458,2,4.0,4,DELIVERED,PICKUP,
9000000120,1000000120,110.0,112.0,68,1,,1657,DELIVERED,Correo Argentino,TRK-YMYMMHLK1B
9000000121,1000000121,355.0,356.0,959,2,4.0,4,DELIVERED,PICKUP,
9000000122,1000000122,608.0,609.0,356,2,1.0,1,DELIVERED,PICKUP,
9000000123,1000000123,,,530,1,,5,CANCELLED,Correo Argentino,
9000000124,1000000124,38.0,42.0,1420,1,,3008,DELIVERED,Correo Argentino,TRK-OUKA4E7YCS
9000000125,1000000125,191.0,192.0,279,2,3.0,3,DELIVERED,PICKUP,
9000000126,1000000126,164.0,165.0,779,2,3.0,3,DELIVERED,PICKUP,
9000000127,1000000127,60.0,64.0,1383,1,,2117,DELIVERED,Correo Argentino,TRK-LP15TFTZWC
9000000128,1000000128,,,1189,1,,1356,CANCELLED,Correo Argentino,
9000000129,1000000129,627.0,630.0,1016,1,,3040,DELIVERED,Correo Argentino,TRK-OTE0Q32RV2
9000000130,1000000130,507.0,508.0,595,2,3.0,3,SHIPPED,PICKUP,
9000000131,1000000131,25.0,26.0,902,2,4.0,4,DELIVERED,PICKUP,
9000000132,1000000132,209.0,214.0,317,1,,2546,DELIVERED,Correo Argentino,TRK-ZK0XF0TEFY
9000000133,1000000133,166.0,167.0,1229,2,2.0,2,DELIVERED,PICKUP,
9000000134,1000000134,6.0,7.0,279,2,3.0,3,DELIVERED,PICKUP,
9000000135,1000000135,151.0,152.0,1498,2,4.0,4,SHIPPED,PICKUP,
9000000136,1000000136,387.0,391.0,140,1,,1773,DELIVERED,Correo Argentino,TRK-SB9FYY9V3Z
9000000137,1000000137,321.0,326.0,1115,1,,2545,SHIPPED,Correo Argentino,TRK-8EM2BGA7SC
9000000138,1000000138,4.0,8.0,1240,1,,1704,SHIPPED,Correo Argentino,TRK-W6GIOKOQS8
9000000139,1000000139,98.0,103.0,590,1,,1036,DELIVERED,Correo Argentino,TRK-Q8P6U5PS47
9000000140,1000000140,414.0,415.0,645,2,3.0,3,DELIVERED,PICKUP,
9000000141,1000000141,335.0,336.0,545,2,1.0,1,DELIVERED,PICKUP,
9000000142,1000000142,543.0,545.0,1208,1,,1955,DELIVERED,Correo Argentino,TRK-AT0A573HXB
9000000143,1000000143,158.0,159.0,551,2,1.0,1,DELIVERED,PICKUP,
9000000144,1000000144,,,569,2,1.0,1,CANCELLED,PICKUP,
9000000145,1000000145,567.0,571.0,1305,1,,3178,DELIVERED,Correo Argentino,TRK-5WJ0VSGHJU
9000000146,1000000146,127.0,132.0,280,1,,2731,DELIVERED,Correo Argentino,TRK-XNALT4U6O3
9000000147,1000000147,343.0,348.0,1338,1,,1472,DELIVERED,Correo Argentino,TRK-TVS9QKJFPY
9000000148,1000000148,539.0,542.0,84,1,,2447,DELIVERED,Correo Argentino,TRK-IAC72SYOJT
9000000149,1000000149,388.0,393.0,655,1,,1117,DELIVERED,Correo Argentino,TRK-86P5XH4ZUZ
9000000150,1000000150,516.0,517.0,513,2,4.0,4,DELIVERED,PICKUP,
9000000151,1000000151,107.0,108.0,884,2,3.0,3,DELIVERED,PICKUP,
9000000152,1000000152,8.0,9.0,385,2,2.0,2,DELIVERED,PICKUP,
9000000153,1000000153,,,723,2,2.0,2,CANCELLED,PICKUP,
9000000154,1000000154,183.0,184.0,110,2,1.0,1,SHIPPED,PICKUP,
9000000155,1000000155,44.0,48.0,1197,1,,3125,DELIVERED,Correo Argentino,TRK-MPCEM8ML7K
9000000156,1000000156,303.0,304.0,833,2,2.0,2,DELIVERED,PICKUP,
9000000157,1000000157,,,371,2,3.0,3,CANCELLED,PICKUP,
9000000158,1000000158,115.0,116.0,905,2,1.0,1,DELIVERED,PICKUP,
9000000159,1000000159,197.0,202.0,389,1,,307,DELIVERED,Correo Argentino,TRK-7LRC6G1HAV
9000000160,1000000160,165.0,166.0,1299,2,4.0,4,DELIVERED,PICKUP,
9000000161,1000000161,296.0,300.0,725,1,,2912,DELIVERED,Correo Argentino,TRK-ZU6O2A2X17
9000000162,1000000162,578.0,579.0,645,2,4.0,4,SHIPPED,PICKUP,
9000000163,1000000163,56.0,60.0,584,1,,136,DELIVERED,Correo Argentino,TRK-U6UA2YY3HB
9000000164,1000000164,420.0,422.0,436,1,,2762,DELIVERED,Correo Argentino,TRK-TMG2PU2NU4
9000000165,1000000165,606.0,610.0,293,1,,2361,DELIVERED,Correo Argentino,TRK-D8V0DBNSG3
9000000166,1000000166,575.0,577.0,1065,1,,2496,DELIVERED,Correo Argentino,TRK-TTEUGQV2X2
9000000167,1000000167,,,1234,1,,2706,CANCELLED,Correo Argentino,
9000000168,1000000168,,,400,1,,2527,CANCELLED,Correo Argentino,
9000000169,1000000169,191.0,196.0,251,1,,1329,DELIVERED,Correo Argentino,TRK-NM8H174TJH
9000000170,1000000170,89.0,90.0,764,2,4.0,4,SHIPPED,PICKUP,
9000000171,1000000171,425.0,428.0,1490,1,,2557,READY,Correo Argentino,TRK-GZTE0MZNMX
9000000172,1000000172,129.0,133.0,181,1,,1805,DELIVERED,Correo Argentino,TRK-DGOJGP2GBU
9000000173,1000000173,534.0,539.0,693,1,,1635,DELIVERED,Correo Argentino,TRK-VBAXIAQJKB
9000000174,1000000174,251.0,252.0,672,2,2.0,2,DELIVERED,PICKUP,
9000000175,1000000175,153.0,156.0,786,1,,2161,SHIPPED,Correo Argentino,TRK-WD62JC0VLK
9000000176,1000000176,422.0,423.0,1347,2,2.0,2,DELIVERED,PICKUP,
9000000177,1000000177,329.0,332.0,628,1,,868,DELIVERED,Correo Argentino,TRK-TSU2MSGQGV
9000000178,1000000178,489.0,490.0,1485,2,2.0,2,SHIPPED,PICKUP,
9000000179,1000000179,591.0,594.0,805,1,,2735,DELIVERED,Correo Argentino,TRK-DOH59G5HG5
9000000180,1000000180,143.0,145.0,445,1,,753,DELIVERED,Correo Argentino,TRK-WTK41NS6CW
9000000181,1000000181,318.0,320.0,560,1,,83,DELIVERED,Correo Argentino,TRK-2HK5GYIMQ5
9000000182,1000000182,253.0,260.0,403,1,,2607,DELIVERED,Correo Argentino,TRK-3VO06V5F4C
9000000183,1000000183,300.0,301.0,693,2,1.0,1,SHIPPED,PICKUP,
9000000184,1000000184,497.0,498.0,274,2,2.0,2,SHIPPED,PICKUP,
9000000185,1000000185,201.0,206.0,804,1,,944,DELIVERED,Correo Argentino,TRK-XVT3OPQZDN
9000000186,1000000186,213.0,215.0,1495,1,,1364,DELIVERED,Correo Argentino,TRK-6LCGCSEFEL
9000000187,1000000187,409.0,410.0,48,2,1.0,1,DELIVERED,PICKUP,
9000000188,1000000188,601.0,602.0,661,2,3.0,3,DELIVERED,PICKUP,
9000000189,1000000189,124.0,126.0,984,1,,1812,SHIPPED,Correo Argentino,TRK-MZ7KO0QL4T
9000000190,1000000190,158.0,163.0,1384,1,,1972,SHIPPED,Correo Argentino,TRK-X696GHSKZW
9000000191,1000000191,,,788,1,,206,CANCELLED,Correo Argentino,
9000000192,1000000192,68.0,69.0,456,2,2.0,2,SHIPPED,PICKUP,
9000000193,1000000193,47.0,50.0,427,1,,695,DELIVERED,Correo Argentino,TRK-N0C9SM2QFJ
9000000194,1000000194,623.0,628.0,866,1,,2574,DELIVERED,Correo Argentino,TRK-7MYF01NWQ1
9000000195,1000000195,426.0,430.0,371,1,,600,DELIVERED,Correo Argentino,TRK-5950NTLRAC
9000000196,1000000196,593.0,595.0,1000,1,,1384,DELIVERED,Correo Argentino,TRK-3RJ4BIOHK0
9000000197,1000000197,101.0,103.0,1404,1,,795,DELIVERED,Correo Argentino,TRK-M0DL4YCPUU
9000000198,1000000198,35.0,38.0,1159,1,,788,DELIVERED,Correo Argentino,TRK-XPU46U15UT
9000000199,1000000199,445.0,450.0,1040,1,,2797,DELIVERED,Correo Argentino,TRK-O91D35I9X4
9000000200,1000000200,270.0,273.0,464,1,,2537,DELIVERED,Correo Argentino,TRK-LSZKZN0LYI
9000000201,1000000201,322.0,325.0,166,1,,2941,DELIVERED,Correo Argentino,TRK-WPOOZWRSXF
9000000202,1000000202,452.0,453.0,1056,2,3.0,3,DELIVERED,PICKUP,
9000000203,1000000203,322.0,323.0,925,2,3.0,3,DELIVERED,PICKUP,
9000000204,1000000204,,,488,1,,257,CANCELLED,Correo Argentino,
9000000205,1000000205,275.0,279.0,903,1,,898,DELIVERED,Correo Argentino,TRK-Q495C57TPW
9000000206,1000000206,574.0,578.0,70,1,,1092,SHIPPED,Correo Argentino,TRK-YOZRB7EYB4
9000000207,1000000207,494.0,496.0,1459,1,,1330,DELIVERED,Correo Argentino,TRK-MXL244VRBJ
9000000208,1000000208,467.0,468.0,500,2,2.0,2,DELIVERED,PICKUP,
9000000209,1000000209,460.0,462.0,361,1,,1297,DELIVERED,Correo Argentino,TRK-QS7JP1ILRI
9000000210,1000000210,446.0,448.0,476,1,,2590,DELIVERED,Correo Argentino,TRK-HMK0UFUCGU
9000000211,1000000211,566.0,567.0,1400,2,1.0,1,DELIVERED,PICKUP,
9000000212,1000000212,416.0,420.0,945,1,,886,DELIVERED,Correo Argentino,TRK-EI5CQOM3OQ
9000000213,1000000213,108.0,111.0,1443,1,,900,DELIVERED,Correo Argentino,TRK-JVXGL1QGOU
9000000214,1000000214,202.0,204.0,1430,1,,2687,DELIVERED,Correo Argentino,TRK-3LP62TMLP0
9000000215,1000000215,30.0,34.0,1330,1,,1579,DELIVERED,Correo Argentino,TRK-W5E1QML5MQ
9000000216,1000000216,497.0,502.0,274,1,,506,DELIVERED,Correo Argentino,TRK-AYM9Q11ZOD
9000000217,1000000217,96.0,97.0,1251,2,2.0,2,DELIVERED,PICKUP,
9000000218,1000000218,187.0,191.0,176,1,,550,DELIVERED,Correo Argentino,TRK-CP4OTN8HPB
9000000219,1000000219,164.0,165.0,42,2,2.0,2,SHIPPED,PICKUP,
9000000220,1000000220,631.0,635.0,582,1,,1933,DELIVERED,Correo Argentino,TRK-C1TLW78F6M
9000000221,1000000221,493.0,494.0,4,2,1.0,1,DELIVERED,PICKUP,
9000000222,1000000222,243.0,244.0,569,2,2.0,2,DELIVERED,PICKUP,
9000000223,1000000223,359.0,360.0,157,2,1.0,1,SHIPPED,PICKUP,
9000000224,1000000224,448.0,450.0,649,1,,311,DELIVERED,Correo Argentino,TRK-E3PPMBLC09
9000000225,1000000225,584.0,588.0,1230,1,,1403,DELIVERED,Correo Argentino,TRK-JVVF010AIA
9000000226,1000000226,199.0,204.0,197,1,,2867,DELIVERED,Correo Argentino,TRK-JJUIDCE74A
9000000227,1000000227,200.0,202.0,731,1,,2594,DELIVERED,Correo Argentino,TRK-GSHXM42YVK
9000000228,1000000228,453.0,457.0,506,1,,2647,DELIVERED,Correo Argentino,TRK-INJV5S1HHW
9000000229,1000000229,,,751,2,2.0,2,CANCELLED,PICKUP,
9000000230,1000000230,365.0,370.0,485,1,,1341,DELIVERED,Correo Argentino,TRK-9MRQVD7X1J
9000000231,1000000231,161.0,163.0,823,1,,57,SHIPPED,Correo Argentino,TRK-YP7VNSGOLC
9000000232,1000000232,419.0,423.0,680,1,,1497,SHIPPED,Correo Argentino,TRK-DZYUMNQIZK
9000000233,1000000233,325.0,327.0,417,1,,2093,DELIVERED,Correo Argentino,TRK-BP8B1VFO0G
9000000234,1000000234,515.0,520.0,677,1,,2205,DELIVERED,Correo Argentino,TRK-4Z78IY664L
9000000235,1000000235,,,1327,2,2.0,2,CANCELLED,PICKUP,
9000000236,1000000236,370.0,371.0,593,2,1.0,1,DELIVERED,PICKUP,
9000000237,1000000237,319.0,320.0,606,2,1.0,1,DELIVERED,PICKUP,
9000000238,1000000238,447.0,448.0,137,2,2.0,2,SHIPPED,PICKUP,
9000000239,1000000239,52.0,57.0,487,1,,1637,DELIVERED,Correo Argentino,TRK-6QXN6I8BLI
9000000240,1000000240,295.0,300.0,909,1,,2066,DELIVERED,Correo Argentino,TRK-X7LOFOLANG
9000000241,1000000241,285.0,286.0,179,2,1.0,1,DELIVERED,PICKUP,
9000000242,1000000242,,,183,1,,2017,CANCELLED,Correo Argentino,
9000000243,1000000243,526.0,530.0,536,1,,827,DELIVERED,Correo Argentino,TRK-36SR7I0SAS
9000000244,1000000244,257.0,258.0,1341,2,1.0,1,DELIVERED,PICKUP,
9000000245,1000000245,494.0,495.0,378,2,1.0,1,DELIVERED,PICKUP,
9000000246,1000000246,,,548,1,,537,CANCELLED,Correo Argentino,
9000000247,1000000247,338.0,343.0,757,1,,3131,DELIVERED,Correo Argentino,TRK-F075G514A9
9000000248,1000000248,300.0,301.0,522,2,4.0,4,DELIVERED,PICKUP,
9000000249,1000000249,110.0,111.0,1384,2,3.0,3,DELIVERED,PICKUP,
9000000250,1000000250,266.0,270.0,473,1,,843,DELIVERED,Correo Argentino,TRK-PUN6EN1KQ1
9000000251,1000000251,75.0,76.0,1316,2,3.0,3,DELIVERED,PICKUP,
9000000252,1000000252,62.0,63.0,1356,2,1.0,1,DELIVERED,PICKUP,
9000000253,1000000253,480.0,485.0,266,1,,1464,DELIVERED,Correo Argentino,TRK-TSK3A0YQ6W
9000000254,1000000254,287.0,288.0,1359,2,2.0,2,DELIVERED,PICKUP,
9000000255,1000000255,227.0,231.0,843,1,,2933,DELIVERED,Correo Argentino,TRK-8BWQRUEYS2
9000000256,1000000256,276.0,280.0,599,1,,105,DELIVERED,Correo Argentino,TRK-RVD511UODZ
9000000257,1000000257,516.0,517.0,1048,2,1.0,1,DELIVERED,PICKUP,
9000000258,1000000258,362.0,364.0,319,1,,3048,DELIVERED,Correo Argentino,TRK-KXPDA6C6W5
9000000259,1000000259,614.0,617.0,846,1,,975,DELIVERED,Correo Argentino,TRK-20HMH74UZ5
9000000260,1000000260,348.0,351.0,1491,1,,2539,DELIVERED,Correo Argentino,TRK-XYI1O46MZJ
9000000261,1000000261,593.0,595.0,79,1,,1366,DELIVERED,Correo Argentino,TRK-D0N515YRWY
9000000262,1000000262,324.0,329.0,748,1,,3055,DELIVERED,Correo Argentino,TRK-97AXUHZD9O
9000000263,1000000263,367.0,370.0,537,1,,3146,SHIPPED,Correo Argentino,TRK-FYNETUY56H
9000000264,1000000264,597.0,598.0,303,2,2.0,2,SHIPPED,PICKUP,
9000000265,1000000265,119.0,124.0,1065,1,,1757,DELIVERED,Correo Argentino,TRK-2JRCHT1TPG
9000000266,1000000266,494.0,496.0,606,1,,1858,DELIVERED,Correo Argentino,TRK-VA6AR1AR6U
9000000267,1000000267,61.0,65.0,553,1,,1632,DELIVERED,Correo Argentino,TRK-QI2WJJ807C
9000000268,1000000268,,,656,1,,361,CANCELLED,Correo Argentino,
9000000269,1000000269,,,786,1,,1402,CANCELLED,Correo Argentino,
9000000270,1000000270,47.0,48.0,663,2,1.0,1,DELIVERED,PICKUP,
9000000271,1000000271,44.0,49.0,833,1,,1297,DELIVERED,Correo Argentino,TRK-9Q7IVQHXSI
9000000272,1000000272,300.0,305.0,844,1,,1061,DELIVERED,Correo Argentino,TRK-WZYFMQFKIL
9000000273,1000000273,62.0,64.0,720,1,,353,DELIVERED,Correo Argentino,TRK-N0MWFS58BQ
9000000274,1000000274,272.0,273.0,169,2,1.0,1,DELIVERED,PICKUP,
9000000275,1000000275,174.0,178.0,969,1,,1858,DELIVERED,Correo Argentino,TRK-UQI62K3L0W
9000000276,1000000276,512.0,513.0,268,2,4.0,4,SHIPPED,PICKUP,
9000000277,1000000277,288.0,289.0,122,2,1.0,1,DELIVERED,PICKUP,
9000000278,1000000278,430.0,435.0,617,1,,2841,DELIVERED,Correo Argentino,TRK-KFFN16DB0I
9000000279,1000000279,,,608,1,,2268,CANCELLED,Correo Argentino,
9000000280,1000000280,202.0,203.0,732,2,1.0,1,DELIVERED,PICKUP,
9000000281,1000000281,437.0,441.0,211,1,,2122,DELIVERED,Correo Argentino,TRK-72W7RNTWXW
9000000282,1000000282,364.0,367.0,475,1,,1567,DELIVERED,Correo Argentino,TRK-V20K9JX42E
9000000283,1000000283,569.0,573.0,949,1,,2712,DELIVERED,Correo Argentino,TRK-AGYGGFMNUF
9000000284,1000000284,69.0,70.0,426,2,2.0,2,DELIVERED,PICKUP,
9000000285,1000000285,,,386,1,,1443,CANCELLED,Correo Argentino,
9000000286,1000000286,194.0,197.0,500,1,,2067,DELIVERED,Correo Argentino,TRK-2HRWR931OS
9000000287,1000000287,534.0,535.0,677,2,1.0,1,SHIPPED,PICKUP,
9000000288,1000000288,398.0,399.0,33,2,1.0,1,SHIPPED,PICKUP,
9000000289,1000000289,,,194,1,,3137,CANCELLED,Correo Argentino,
9000000290,1000000290,310.0,314.0,78,1,,2789,DELIVERED,Correo Argentino,TRK-OZ5CUWXG8T
9000000291,1000000291,292.0,298.0,102,1,,1996,SHIPPED,Correo Argentino,TRK-40OOBAGXKK
9000000292,1000000292,485.0,486.0,1072,2,4.0,4,SHIPPED,PICKUP,
9000000293,1000000293,600.0,604.0,754,1,,1359,SHIPPED,Correo Argentino,TRK-TTMA008WBG
9000000294,1000000294,,,195,1,,1152,CANCELLED,Correo Argentino,
9000000295,1000000295,452.0,453.0,862,2,4.0,4,DELIVERED,PICKUP,
9000000296,1000000296,180.0,181.0,240,2,2.0,2,SHIPPED,PICKUP,
9000000297,1000000297,589.0,590.0,682,2,1.0,1,DELIVERED,PICKUP,
9000000298,1000000298,309.0,310.0,849,2,1.0,1,DELIVERED,PICKUP,
9000000299,1000000299,127.0,128.0,807,2,3.0,3,DELIVERED,PICKUP,
9000000300,1000000300,325.0,327.0,901,1,,1279,DELIVERED,Correo Argentino,TRK-H5EYQT4XS3
9000000301,1000000301,128.0,133.0,61,1,,371,SHIPPED,Correo Argentino,TRK-KX9CE5R5X7
9000000302,1000000302,,,1082,1,,1272,CANCELLED,Correo Argentino,
9000000303,1000000303,76.0,77.0,1286,2,3.0,3,SHIPPED,PICKUP,
9000000304,1000000304,76.0,80.0,1416,1,,1942,DELIVERED,Correo Argentino,TRK-WR4IJI934Q
9000000305,1000000305,470.0,474.0,979,1,,2689,DELIVERED,Correo Argentino,TRK-GA0XMVRUST
9000000306,1000000306,121.0,124.0,800,1,,969,DELIVERED,Correo Argentino,TRK-83QUV5F3FI
9000000307,1000000307,257.0,262.0,800,1,,3193,DELIVERED,Correo Argentino,TRK-5G2YLFVGPI
9000000308,1000000308,88.0,91.0,757,1,,1366,SHIPPED,Correo Argentino,TRK-OYGHVQIZD8
9000000309,1000000309,,,1194,2,1.0,1,CANCELLED,PICKUP,
9000000310,1000000310,371.0,373.0,673,1,,1712,DELIVERED,Correo Argentino,TRK-71ZKV4IASM
9000000311,1000000311,373.0,374.0,1266,2,2.0,2,SHIPPED,PICKUP,
9000000312,1000000312,420.0,421.0,7,2,2.0,2,DELIVERED,PICKUP,
9000000313,1000000313,505.0,506.0,1040,2,3.0,3,DELIVERED,PICKUP,
9000000314,1000000314,290.0,293.0,873,1,,2430,DELIVERED,Correo Argentino,TRK-R04JCRW9A8
9000000315,1000000315,492.0,495.0,1336,1,,2185,DELIVERED,Correo Argentino,TRK-UVM6N6PWE3
9000000316,1000000316,483.0,484.0,708,2,1.0,1,DELIVERED,PICKUP,
9000000317,1000000317,230.0,234.0,380,1,,742,DELIVERED,Correo Argentino,TRK-5C5MWBWACJ
9000000318,1000000318,280.0,281.0,634,2,4.0,4,SHIPPED,PICKUP,
9000000319,1000000319,112.0,114.0,578,1,,2483,DELIVERED,Correo Argentino,TRK-MA57CRCPJ8
9000000320,1000000320,597.0,601.0,1479,1,,517,DELIVERED,Correo Argentino,TRK-DXIS15425W
9000000321,1000000321,581.0,584.0,1399,1,,3181,DELIVERED,Correo Argentino,TRK-XK02RA81RX
9000000322,1000000322,325.0,326.0,522,2,4.0,4,DELIVERED,PICKUP,
9000000323,1000000323,457.0,458.0,247,2,1.0,1,DELIVERED,PICKUP,
9000000324,1000000324,377.0,378.0,96,2,4.0,4,DELIVERED,PICKUP,
9000000325,1000000325,288.0,289.0,798,2,2.0,2,DELIVERED,PICKUP,
9000000326,1000000326,169.0,174.0,21,1,,2820,DELIVERED,Correo Argentino,TRK-P5JG6V39HM
9000000327,1000000327,376.0,379.0,1236,1,,1160,DELIVERED,Correo Argentino,TRK-MDVMWTRSHR
9000000328,1000000328,408.0,412.0,130,1,,2634,DELIVERED,Correo Argentino,TRK-PJI9TT96J6
9000000329,1000000329,76.0,79.0,169,1,,1195,DELIVERED,Correo Argentino,TRK-TKIZIWWL0A
9000000330,1000000330,349.0,350.0,973,2,2.0,2,DELIVERED,PICKUP,
9000000331,1000000331,360.0,363.0,1449,1,,1764,DELIVERED,Correo Argentino,TRK-4K0RCSFKJZ
9000000332,1000000332,627.0,630.0,210,1,,2680,SHIPPED,Correo Argentino,TRK-8DHCBZCXQU
9000000333,1000000333,,,737,1,,2292,CANCELLED,Correo Argentino,
9000000334,1000000334,494.0,498.0,1350,1,,1059,SHIPPED,Correo Argentino,TRK-ITBJQCU49B
9000000335,1000000335,42.0,46.0,170,1,,1428,DELIVERED,Correo Argentino,TRK-OJCVJ0S121
9000000336,1000000336,202.0,206.0,217,1,,1796,DELIVERED,Correo Argentino,TRK-0W710RWTCM
9000000337,1000000337,257.0,259.0,254,1,,2438,DELIVERED,Correo Argentino,TRK-PCJPUF7VXQ
9000000338,1000000338,83.0,85.0,1400,1,,1653,DELIVERED,Correo Argentino,TRK-PRYVF3TIVE
9000000339,1000000339,,,1213,1,,2202,CANCELLED,Correo Argentino,
9000000340,1000000340,219.0,221.0,1410,1,,3049,DELIVERED,Correo Argentino,TRK-4TFRX245GB
9000000341,1000000341,356.0,357.0,128,2,2.0,2,DELIVERED,PICKUP,
9000000342,1000000342,281.0,285.0,499,1,,601,DELIVERED,Correo Argentino,TRK-3TH5619XPL
9000000343,1000000343,225.0,227.0,494,1,,2683,DELIVERED,Correo Argentino,TRK-W803CQEXUF
9000000344,1000000344,206.0,208.0,755,1,,2503,SHIPPED,Correo Argentino,TRK-PMIAY8MLNC
9000000345,1000000345,123.0,125.0,518,1,,2592,DELIVERED,Correo Argentino,TRK-90NLU6H2FO
9000000346,1000000346,437.0,438.0,1171,2,4.0,4,SHIPPED,PICKUP,
9000000347,1000000347,232.0,234.0,1261,1,,1440,DELIVERED,Correo Argentino,TRK-N1V96NIX9T
9000000348,1000000348,320.0,321.0,468,2,4.0,4,DELIVERED,PICKUP,
9000000349,1000000349,243.0,246.0,503,1,,2651,DELIVERED,Correo Argentino,TRK-H5BQD2UGQB
9000000350,1000000350,78.0,79.0,1073,2,3.0,3,DELIVERED,PICKUP,
9000000351,1000000351,124.0,125.0,997,2,1.0,1,DELIVERED,PICKUP,
9000000352,1000000352,414.0,419.0,435,1,,2445,DELIVERED,Correo Argentino,TRK-CDC9YPP0KL
9000000353,1000000353,494.0,495.0,1401,2,4.0,4,DELIVERED,PICKUP,
9000000354,1000000354,496.0,501.0,202,1,,1194,DELIVERED,Correo Argentino,TRK-OET37PJ6JA
9000000355,1000000355,345.0,350.0,920,1,,173,DELIVERED,Correo Argentino,TRK-WBXD9JIFZ7
9000000356,1000000356,523.0,526.0,1101,1,,1472,DELIVERED,Correo Argentino,TRK-R7Z3UORWAO
9000000357,1000000357,61.0,65.0,305,1,,1215,DELIVERED,Correo Argentino,TRK-4E0RK1Y2AX
9000000358,1000000358,556.0,558.0,268,1,,2817,DELIVERED,Correo Argentino,TRK-3DYJXM8OG9
9000000359,1000000359,191.0,192.0,636,2,3.0,3,DELIVERED,PICKUP,
9000000360,1000000360,267.0,268.0,736,2,4.0,4,DELIVERED,PICKUP,
9000000361,1000000361,386.0,389.0,938,1,,227,DELIVERED,Correo Argentino,TRK-XKUAQ6XCBU
9000000362,1000000362,228.0,232.0,356,1,,2341,SHIPPED,Correo Argentino,TRK-130IYMN8X9
9000000363,1000000363,160.0,163.0,544,1,,406,DELIVERED,Correo Argentino,TRK-CDCOWDXCJ1
9000000364,1000000364,596.0,597.0,952,2,2.0,2,SHIPPED,PICKUP,
9000000365,1000000365,599.0,603.0,1016,1,,398,DELIVERED,Correo Argentino,TRK-QZUSOFVD2M
9000000366,1000000366,563.0,568.0,1183,1,,449,DELIVERED,Correo Argentino,TRK-04NWF222GT
9000000367,1000000367,476.0,479.0,1154,1,,1665,DELIVERED,Correo Argentino,TRK-0QU3G58K4N
9000000368,1000000368,,,1056,1,,2061,CANCELLED,Correo Argentino,
9000000369,1000000369,346.0,347.0,666,2,1.0,1,DELIVERED,PICKUP,
9000000370,1000000370,596.0,597.0,1010,2,2.0,2,DELIVERED,PICKUP,
9000000371,1000000371,16.0,20.0,977,1,,669,DELIVERED,Correo Argentino,TRK-QPX17NQGFX
9000000372,1000000372,235.0,237.0,172,1,,1165,SHIPPED,Correo Argentino,TRK-L15FV8ZC6P
9000000373,1000000373,50.0,52.0,1179,1,,962,SHIPPED,Correo Argentino,TRK-V9OB7NBQW3
9000000374,1000000374,470.0,471.0,1048,2,2.0,2,DELIVERED,PICKUP,
9000000375,1000000375,542.0,544.0,480,1,,2572,DELIVERED,Correo Argentino,TRK-JT6GK3LV32
9000000376,1000000376,350.0,351.0,164,2,2.0,2,DELIVERED,PICKUP,
9000000377,1000000377,215.0,216.0,902,2,1.0,1,DELIVERED,PICKUP,
9000000378,1000000378,615.0,620.0,1096,1,,442,DELIVERED,Correo Argentino,TRK-B8MS9TKYJX
9000000379,1000000379,533.0,539.0,1208,1,,2804,DELIVERED,Correo Argentino,TRK-V457GNVBA4
9000000380,1000000380,165.0,166.0,538,2,2.0,2,DELIVERED,PICKUP,
9000000381,1000000381,505.0,509.0,695,1,,1403,DELIVERED,Correo Argentino,TRK-ZDHM025LPT
9000000382,1000000382,174.0,179.0,766,1,,1821,DELIVERED,Correo Argentino,TRK-5FX580NSNT
9000000383,1000000383,325.0,326.0,295,2,2.0,2,DELIVERED,PICKUP,
9000000384,1000000384,526.0,530.0,864,1,,705,SHIPPED,Correo Argentino,TRK-Q041R1JKEW
9000000385,1000000385,132.0,133.0,314,2,2.0,2,DELIVERED,PICKUP,
9000000386,1000000386,297.0,298.0,299,2,1.0,1,DELIVERED,PICKUP,
9000000387,1000000387,453.0,458.0,786,1,,1285,DELIVERED,Correo Argentino,TRK-SSMUSJ1H3E
9000000388,1000000388,156.0,158.0,356,1,,3017,DELIVERED,Correo Argentino,TRK-U8CS0KFD86
9000000389,1000000389,125.0,130.0,792,1,,2065,SHIPPED,Correo Argentino,TRK-H4EM5GOTUA
9000000390,1000000390,77.0,81.0,88,1,,1077,DELIVERED,Correo Argentino,TRK-NN5IO7R6FW
9000000391,1000000391,39.0,41.0,1426,1,,1346,DELIVERED,Correo Argentino,TRK-38DHEVPB5V
9000000392,1000000392,228.0,229.0,1,2,2.0,2,DELIVERED,PICKUP,
9000000393,1000000393,80.0,81.0,803,2,3.0,3,DELIVERED,PICKUP,
9000000394,1000000394,579.0,582.0,589,1,,2934,SHIPPED,Correo Argentino,TRK-O6RMAO5XXY
9000000395,1000000395,153.0,154.0,1238,2,3.0,3,DELIVERED,PICKUP,
9000000396,1000000396,228.0,231.0,293,1,,1043,DELIVERED,Correo Argentino,TRK-VHWB2ASFLX
9000000397,1000000397,553.0,557.0,882,1,,496,DELIVERED,Correo Argentino,TRK-7RJBN9QB1J
9000000398,1000000398,90.0,94.0,913,1,,3172,DELIVERED,Correo Argentino,TRK-6T7CYX97I9
9000000399,1000000399,277.0,278.0,960,2,2.0,2,DELIVERED,PICKUP,
9000000400,1000000400,438.0,439.0,1084,2,1.0,1,DELIVERED,PICKUP,
9000000401,1000000401,541.0,542.0,1411,2,2.0,2,DELIVERED,PICKUP,
9000000402,1000000402,355.0,357.0,889,1,,1351,DELIVERED,Correo Argentino,TRK-U9LOL3D7CI
9000000403,1000000403,350.0,353.0,814,1,,1075,DELIVERED,Correo Argentino,TRK-TC8SJKG4RE
9000000404,1000000404,438.0,442.0,293,1,,1501,DELIVERED,Correo Argentino,TRK-VOIWATX5JT
9000000405,1000000405,233.0,236.0,1121,1,,568,DELIVERED,Correo Argentino,TRK-1PHJHDDQEF
9000000406,1000000406,238.0,239.0,696,2,1.0,1,DELIVERED,PICKUP,
9000000407,1000000407,,,331,1,,2783,CANCELLED,Correo Argentino,
9000000408,1000000408,318.0,321.0,106,1,,1901,SHIPPED,Correo Argentino,TRK-PWVT6U7916
9000000409,1000000409,,,918,2,2.0,2,CANCELLED,PICKUP,
9000000410,1000000410,568.0,570.0,305,1,,2334,DELIVERED,Correo Argentino,TRK-JP95F9HPKQ
9000000411,1000000411,314.0,319.0,381,1,,3108,SHIPPED,Correo Argentino,TRK-KZVJH5OZYR
9000000412,1000000412,324.0,325.0,176,2,3.0,3,DELIVERED,PICKUP,
9000000413,1000000413,,,1269,2,2.0,2,CANCELLED,PICKUP,
9000000414,1000000414,499.0,504.0,128,1,,1304,DELIVERED,Correo Argentino,TRK-L4AO4WV7AR
9000000415,1000000415,486.0,487.0,424,2,2.0,2,DELIVERED,PICKUP,
9000000416,1000000416,,,7,2,4.0,4,CANCELLED,PICKUP,
9000000417,1000000417,90.0,91.0,105,2,3.0,3,DELIVERED,PICKUP,
9000000418,1000000418,180.0,182.0,1415,1,,984,DELIVERED,Correo Argentino,TRK-S1SBDXG97S
9000000419,1000000419,83.0,86.0,283,1,,941,DELIVERED,Correo Argentino,TRK-MN41R7CX7M
9000000420,1000000420,344.0,345.0,1430,2,2.0,2,DELIVERED,PICKUP,
9000000421,1000000421,245.0,250.0,673,1,,2831,DELIVERED,Correo Argentino,TRK-4VUVA1SI69
9000000422,1000000422,420.0,423.0,1419,1,,2928,DELIVERED,Correo Argentino,TRK-V7NAQGU5IO
9000000423,1000000423,526.0,527.0,39,2,1.0,1,DELIVERED,PICKUP,
9000000424,1000000424,192.0,197.0,189,1,,6,DELIVERED,Correo Argentino,TRK-KVON3UQ1IK
9000000425,1000000425,635.0,636.0,526,2,2.0,2,DELIVERED,PICKUP,
9000000426,1000000426,193.0,196.0,790,1,,874,SHIPPED,Correo Argentino,TRK-QS9D3R3040
9000000427,1000000427,189.0,194.0,464,1,,1238,DELIVERED,Correo Argentino,TRK-5YWNFJ9N6N
9000000428,1000000428,,,262,1,,2189,CANCELLED,Correo Argentino,
9000000429,1000000429,468.0,469.0,1051,2,1.0,1,DELIVERED,PICKUP,
9000000430,1000000430,395.0,402.0,582,1,,2752,DELIVERED,Correo Argentino,TRK-WXXDW2MVHP
9000000431,1000000431,616.0,620.0,3,1,,1934,DELIVERED,Correo Argentino,TRK-YU4IJ0W80F
9000000432,1000000432,21.0,23.0,678,1,,67,DELIVERED,Correo Argentino,TRK-8SMQP72T4Y
9000000433,1000000433,376.0,379.0,369,1,,1834,DELIVERED,Correo Argentino,TRK-6Q73SMQL2T
9000000434,1000000434,104.0,109.0,71,1,,1894,DELIVERED,Correo Argentino,TRK-IDR6X0ACCH
9000000435,1000000435,141.0,144.0,1251,1,,3078,DELIVERED,Correo Argentino,TRK-AA0C5HDFUB
9000000436,1000000436,230.0,231.0,143,2,4.0,4,DELIVERED,PICKUP,
9000000437,1000000437,307.0,312.0,126,1,,73,SHIPPED,Correo Argentino,TRK-JWY0TN1QAI
9000000438,1000000438,489.0,490.0,945,2,4.0,4,DELIVERED,PICKUP,
9000000439,1000000439,5.0,8.0,592,1,,3164,DELIVERED,Correo Argentino,TRK-MD4F9HG3SD
9000000440,1000000440,302.0,303.0,462,2,2.0,2,DELIVERED,PICKUP,
9000000441,1000000441,79.0,83.0,274,1,,627,DELIVERED,Correo Argentino,TRK-P0LK5MVLTM
9000000442,1000000442,145.0,146.0,703,2,3.0,3,DELIVERED,PICKUP,
9000000443,1000000443,,,723,2,1.0,1,CANCELLED,PICKUP,
9000000444,1000000444,383.0,387.0,310,1,,69,DELIVERED,Correo Argentino,TRK-Z0OX2G8UC7
9000000445,1000000445,205.0,206.0,410,2,2.0,2,DELIVERED,PICKUP,
9000000446,1000000446,227.0,230.0,495,1,,1228,DELIVERED,Correo Argentino,TRK-P6I5GSE146
9000000447,1000000447,314.0,317.0,457,1,,2613,DELIVERED,Correo Argentino,TRK-WKJQZ4AA3P
9000000448,1000000448,377.0,378.0,852,2,1.0,1,SHIPPED,PICKUP,
9000000449,1000000449,94.0,98.0,793,1,,2005,SHIPPED,Correo Argentino,TRK-SK9ZYEREPR
9000000450,1000000450,251.0,253.0,789,1,,1384,DELIVERED,Correo Argentino,TRK-V1L0BZIPL3
9000000451,1000000451,101.0,102.0,1075,2,4.0,4,DELIVERED,PICKUP,
9000000452,1000000452,426.0,428.0,814,1,,2031,DELIVERED,Correo Argentino,TRK-NC4Z99CA26
9000000453,1000000453,106.0,109.0,1270,1,,717,DELIVERED,Correo Argentino,TRK-107M4SQ86X
9000000454,1000000454,510.0,515.0,442,1,,67,DELIVERED,Correo Argentino,TRK-QLXXGV6W0D
9000000455,1000000455,,,1109,1,,1487,CANCELLED,Correo Argentino,
9000000456,1000000456,270.0,271.0,1107,2,4.0,4,DELIVERED,PICKUP,
9000000457,1000000457,637.0,641.0,1229,1,,23,SHIPPED,Correo Argentino,TRK-Y2B73RRFKR
9000000458,1000000458,302.0,309.0,498,1,,2170,DELIVERED,Correo Argentino,TRK-5QH1PTXGSR
9000000459,1000000459,351.0,355.0,738,1,,1364,DELIVERED,Correo Argentino,TRK-MIKWMVW9KQ
9000000460,1000000460,93.0,95.0,1412,1,,327,DELIVERED,Correo Argentino,TRK-XI7FCYQ8QD
9000000461,1000000461,85.0,90.0,1462,1,,2211,DELIVERED,Correo Argentino,TRK-CWD7X2N8LY
9000000462,1000000462,148.0,153.0,167,1,,900,SHIPPED,Correo Argentino,TRK-PLU4XODBSQ
9000000463,1000000463,608.0,612.0,1066,1,,517,DELIVERED,Correo Argentino,TRK-D2VSOEZFDJ
9000000464,1000000464,,,1075,2,1.0,1,CANCELLED,PICKUP,
9000000465,1000000465,,,1393,1,,2360,CANCELLED,Correo Argentino,
9000000466,1000000466,562.0,566.0,181,1,,1085,DELIVERED,Correo Argentino,TRK-26BOCEIAJX
9000000467,1000000467,368.0,369.0,746,2,2.0,2,DELIVERED,PICKUP,
9000000468,1000000468,304.0,307.0,1188,1,,2144,READY,Correo Argentino,TRK-ONUKKQ6AQL
9000000469,1000000469,529.0,534.0,803,1,,2869,DELIVERED,Correo Argentino,TRK-4Q40I1MCY2
9000000470,1000000470,39.0,40.0,316,2,2.0,2,DELIVERED,PICKUP,
9000000471,1000000471,12.0,13.0,56,2,1.0,1,DELIVERED,PICKUP,
9000000472,1000000472,574.0,578.0,1427,1,,1425,DELIVERED,Correo Argentino,TRK-P4FC06HGFL
9000000473,1000000473,425.0,428.0,1172,1,,27,DELIVERED,Correo Argentino,TRK-M9NRAUZ73B
9000000474,1000000474,216.0,217.0,613,2,1.0,1,DELIVERED,PICKUP,
9000000475,1000000475,,,941,2,2.0,2,CANCELLED,PICKUP,
9000000476,1000000476,454.0,458.0,748,1,,1602,DELIVERED,Correo Argentino,TRK-SKYKZ1GWJI
9000000477,1000000477,504.0,508.0,780,1,,68,DELIVERED,Correo Argentino,TRK-MOX9FXQ6S2
9000000478,1000000478,,,642,2,3.0,3,CANCELLED,PICKUP,
9000000479,1000000479,556.0,557.0,320,2,2.0,2,DELIVERED,PICKUP,
9000000480,1000000480,525.0,526.0,843,2,3.0,3,DELIVERED,PICKUP,
9000000481,1000000481,29.0,30.0,956,2,2.0,2,DELIVERED,PICKUP,
9000000482,1000000482,342.0,343.0,348,2,1.0,1,DELIVERED,PICKUP,
9000000483,1000000483,9.0,13.0,445,1,,612,DELIVERED,Correo Argentino,TRK-2TE8ECZG04
9000000484,1000000484,585.0,589.0,758,1,,3156,DELIVERED,Correo Argentino,TRK-L0G7TP20PV
9000000485,1000000485,180.0,183.0,481,1,,2818,DELIVERED,Correo Argentino,TRK-X4XSQ60MV6
9000000486,1000000486,206.0,207.0,1303,2,3.0,3,DELIVERED,PICKUP,
9000000487,1000000487,366.0,367.0,1020,2,4.0,4,DELIVERED,PICKUP,
9000000488,1000000488,142.0,144.0,1376,1,,1593,DELIVERED,Correo Argentino,TRK-TAIAUXY9OR
9000000489,1000000489,602.0,603.0,1083,2,1.0,1,DELIVERED,PICKUP,
9000000490,1000000490,274.0,275.0,760,2,1.0,1,SHIPPED,PICKUP,
9000000491,1000000491,321.0,322.0,1011,2,2.0,2,DELIVERED,PICKUP,
9000000492,1000000492,636.0,637.0,913,2,3.0,3,SHIPPED,PICKUP,
9000000493,1000000493,544.0,546.0,1012,1,,1953,DELIVERED,Correo Argentino,TRK-UMZT2EODA5
9000000494,1000000494,208.0,211.0,1228,1,,2718,DELIVERED,Correo Argentino,TRK-SK2MLFDTLT
9000000495,1000000495,,,1180,2,3.0,3,CANCELLED,PICKUP,
9000000496,1000000496,320.0,323.0,173,1,,2522,DELIVERED,Correo Argentino,TRK-ZAF7FR7M4K
9000000497,1000000497,247.0,248.0,143,2,1.0,1,READY,PICKUP,
9000000498,1000000498,248.0,251.0,1036,1,,318,SHIPPED,Correo Argentino,TRK-0N8O1S9KT9
9000000499,1000000499,,,829,1,,2139,CANCELLED,Correo Argentino,
9000000500,1000000500,,,214,1,,2662,CANCELLED,Correo Argentino,
9000000501,1000000501,140.0,141.0,1242,2,1.0,1,DELIVERED,PICKUP,
9000000502,1000000502,278.0,282.0,1379,1,,559,SHIPPED,Correo Argentino,TRK-QDM330FLOC
9000000503,1000000503,599.0,601.0,1415,1,,3062,DELIVERED,Correo Argentino,TRK-3VLY26Y7XP
9000000504,1000000504,406.0,410.0,511,1,,2531,DELIVERED,Correo Argentino,TRK-GIYRNQ1M3A
9000000505,1000000505,,,920,2,2.0,2,CANCELLED,PICKUP,
9000000506,1000000506,342.0,347.0,69,1,,611,DELIVERED,Correo Argentino,TRK-C51SJ92IEU
9000000507,1000000507,557.0,558.0,492,2,4.0,4,SHIPPED,PICKUP,
9000000508,1000000508,156.0,160.0,523,1,,1392,DELIVERED,Correo Argentino,TRK-KZ96U4OO1E
9000000509,1000000509,582.0,587.0,1382,1,,60,DELIVERED,Correo Argentino,TRK-D4DJXMVMTY
9000000510,1000000510,247.0,250.0,310,1,,2267,DELIVERED,Correo Argentino,TRK-3ED46KIHOK
9000000511,1000000511,8.0,15.0,457,1,,2650,SHIPPED,Correo Argentino,TRK-APXETGCJ7L
9000000512,1000000512,626.0,628.0,396,1,,2878,DELIVERED,Correo Argentino,TRK-NZAF9KW51D
9000000513,1000000513,348.0,349.0,538,2,3.0,3,DELIVERED,PICKUP,
9000000514,1000000514,287.0,288.0,6,2,1.0,1,SHIPPED,PICKUP,
9000000515,1000000515,2.0,6.0,733,1,,1421,DELIVERED,Correo Argentino,TRK-CXLZE639KW
9000000516,1000000516,443.0,444.0,56,2,1.0,1,DELIVERED,PICKUP,
9000000517,1000000517,173.0,178.0,367,1,,2620,DELIVERED,Correo Argentino,TRK-1Y2D6UNUWI
9000000518,1000000518,539.0,540.0,812,2,1.0,1,SHIPPED,PICKUP,
9000000519,1000000519,113.0,117.0,669,1,,1410,SHIPPED,Correo Argentino,TRK-YEJL0TI4NR
9000000520,1000000520,30.0,35.0,566,1,,2584,DELIVERED,Correo Argentino,TRK-C6CGELVD3D
9000000521,1000000521,241.0,247.0,1055,1,,2176,DELIVERED,Correo Argentino,TRK-WOQIH029NL
9000000522,1000000522,240.0,242.0,577,1,,3111,DELIVERED,Correo Argentino,TRK-83NC8MQ5S4
9000000523,1000000523,264.0,265.0,689,2,3.0,3,DELIVERED,PICKUP,
9000000524,1000000524,134.0,135.0,787,2,4.0,4,DELIVERED,PICKUP,
9000000525,1000000525,14.0,19.0,32,1,,2191,DELIVERED,Correo Argentino,TRK-WXW0SQGOVX
9000000526,1000000526,51.0,53.0,434,1,,1440,DELIVERED,Correo Argentino,TRK-C52R3AKEZ7
9000000527,1000000527,505.0,506.0,1470,2,2.0,2,DELIVERED,PICKUP,
9000000528,1000000528,53.0,54.0,226,2,3.0,3,DELIVERED,PICKUP,
9000000529,1000000529,294.0,297.0,1190,1,,3145,SHIPPED,Correo Argentino,TRK-OPBL120ETC
9000000530,1000000530,133.0,136.0,1004,1,,1335,DELIVERED,Correo Argentino,TRK-2J1WMPQ30V
9000000531,1000000531,344.0,345.0,1315,2,4.0,4,DELIVERED,PICKUP,
9000000532,1000000532,286.0,290.0,701,1,,66,DELIVERED,Correo Argentino,TRK-6OQNFC3Y0S
9000000533,1000000533,485.0,489.0,843,1,,1627,DELIVERED,Correo Argentino,TRK-JMHJ6C6AB5
9000000534,1000000534,419.0,422.0,1167,1,,270,DELIVERED,Correo Argentino,TRK-GRBKCY7QFU
9000000535,1000000535,466.0,471.0,681,1,,1809,DELIVERED,Correo Argentino,TRK-FQMJ22OIGK
9000000536,1000000536,427.0,428.0,513,2,4.0,4,DELIVERED,PICKUP,
9000000537,1000000537,243.0,244.0,970,2,1.0,1,DELIVERED,PICKUP,
9000000538,1000000538,352.0,357.0,383,1,,1760,SHIPPED,Correo Argentino,TRK-YG8CV71E4F
9000000539,1000000539,426.0,429.0,527,1,,705,DELIVERED,Correo Argentino,TRK-OWMWGOSNST
9000000540,1000000540,,,757,1,,159,CANCELLED,Correo Argentino,
9000000541,1000000541,366.0,367.0,12,2,3.0,3,DELIVERED,PICKUP,
9000000542,1000000542,124.0,126.0,1022,1,,567,DELIVERED,Correo Argentino,TRK-VS1VUCAHOG
9000000543,1000000543,210.0,215.0,619,1,,2381,DELIVERED,Correo Argentino,TRK-JDZO392PTG
9000000544,1000000544,83.0,84.0,461,2,3.0,3,DELIVERED,PICKUP,
9000000545,1000000545,453.0,454.0,1454,2,1.0,1,DELIVERED,PICKUP,
9000000546,1000000546,322.0,326.0,1199,1,,406,DELIVERED,Correo Argentino,TRK-FF4YEX324G
9000000547,1000000547,520.0,523.0,1398,1,,91,DELIVERED,Correo Argentino,TRK-9Z9CPCYWC9
9000000548,1000000548,628.0,632.0,401,1,,119,DELIVERED,Correo Argentino,TRK-MTB77MEUUY
9000000549,1000000549,440.0,444.0,1360,1,,283,DELIVERED,Correo Argentino,TRK-IQA123NCRJ
9000000550,1000000550,472.0,479.0,768,1,,1343,DELIVERED,Correo Argentino,TRK-T5Q07NJ8A2
9000000551,1000000551,639.0,641.0,295,1,,463,DELIVERED,Correo Argentino,TRK-WOO0HLLSSG
9000000552,1000000552,480.0,481.0,1270,2,2.0,2,DELIVERED,PICKUP,
9000000553,1000000553,176.0,177.0,999,2,3.0,3,DELIVERED,PICKUP,
9000000554,1000000554,512.0,514.0,264,1,,249,DELIVERED,Correo Argentino,TRK-UQOLF8MJL8
9000000555,1000000555,580.0,582.0,1372,1,,2737,DELIVERED,Correo Argentino,TRK-WKR38K2D0J
9000000556,1000000556,388.0,389.0,103,2,1.0,1,SHIPPED,PICKUP,
9000000557,1000000557,99.0,100.0,493,2,3.0,3,DELIVERED,PICKUP,
9000000558,1000000558,267.0,268.0,136,2,4.0,4,DELIVERED,PICKUP,
9000000559,1000000559,377.0,378.0,1399,2,1.0,1,SHIPPED,PICKUP,
9000000560,1000000560,495.0,500.0,1364,1,,1353,DELIVERED,Correo Argentino,TRK-LX6VYM6QGO
9000000561,1000000561,441.0,443.0,1437,1,,562,SHIPPED,Correo Argentino,TRK-A4RH7GN938
9000000562,1000000562,522.0,526.0,108,1,,2457,DELIVERED,Correo Argentino,TRK-RFQCD0Y4Q9
9000000563,1000000563,80.0,81.0,1480,2,2.0,2,DELIVERED,PICKUP,
9000000564,1000000564,134.0,135.0,1220,2,4.0,4,DELIVERED,PICKUP,
9000000565,1000000565,,,439,1,,298,CANCELLED,Correo Argentino,
9000000566,1000000566,466.0,470.0,68,1,,932,DELIVERED,Correo Argentino,TRK-6LR0LU57BQ
9000000567,1000000567,218.0,219.0,691,2,4.0,4,DELIVERED,PICKUP,
9000000568,1000000568,172.0,173.0,1039,2,4.0,4,READY,PICKUP,
9000000569,1000000569,497.0,498.0,1259,2,1.0,1,DELIVERED,PICKUP,
9000000570,1000000570,245.0,246.0,1373,2,1.0,1,DELIVERED,PICKUP,
9000000571,1000000571,112.0,113.0,274,2,3.0,3,DELIVERED,PICKUP,
9000000572,1000000572,245.0,246.0,1372,2,1.0,1,DELIVERED,PICKUP,
9000000573,1000000573,14.0,16.0,1385,1,,2096,DELIVERED,Correo Argentino,TRK-943UN69YDY
9000000574,1000000574,89.0,93.0,433,1,,2457,DELIVERED,Correo Argentino,TRK-VPASGPAGI3
9000000575,1000000575,,,531,2,1.0,1,CANCELLED,PICKUP,
9000000576,1000000576,153.0,157.0,1152,1,,1450,SHIPPED,Correo Argentino,TRK-57HDIJWPY5
9000000577,1000000577,381.0,382.0,1031,2,2.0,2,DELIVERED,PICKUP,
9000000578,1000000578,323.0,324.0,524,2,1.0,1,DELIVERED,PICKUP,
9000000579,1000000579,488.0,491.0,196,1,,279,DELIVERED,Correo Argentino,TRK-W7RPNKGD8A
9000000580,1000000580,,,90,1,,498,CANCELLED,Correo Argentino,
9000000581,1000000581,92.0,97.0,1426,1,,791,DELIVERED,Correo Argentino,TRK-FK4X1KJ49Y
9000000582,1000000582,282.0,284.0,844,1,,2497,DELIVERED,Correo Argentino,TRK-5V6J9RUFIV
9000000583,1000000583,341.0,345.0,1440,1,,1933,DELIVERED,Correo Argentino,TRK-1GRG946BKC
9000000584,1000000584,170.0,174.0,978,1,,1918,DELIVERED,Correo Argentino,TRK-50UMSZU9YS
9000000585,1000000585,141.0,142.0,1150,2,3.0,3,DELIVERED,PICKUP,
9000000586,1000000586,604.0,607.0,402,1,,808,SHIPPED,Correo Argentino,TRK-NWTV79BKE9
9000000587,1000000587,366.0,367.0,334,2,2.0,2,DELIVERED,PICKUP,
9000000588,1000000588,417.0,422.0,99,1,,1282,READY,Correo Argentino,TRK-1M4I299IJ2
9000000589,1000000589,579.0,580.0,1420,2,1.0,1,DELIVERED,PICKUP,
9000000590,1000000590,182.0,187.0,903,1,,1082,DELIVERED,Correo Argentino,TRK-MM04K3HF9P
9000000591,1000000591,300.0,303.0,258,1,,654,DELIVERED,Correo Argentino,TRK-RW7XOZG42W
9000000592,1000000592,,,223,2,2.0,2,CANCELLED,PICKUP,
9000000593,1000000593,218.0,219.0,376,2,3.0,3,DELIVERED,PICKUP,
9000000594,1000000594,438.0,443.0,919,1,,847,DELIVERED,Correo Argentino,TRK-SXP271I1DT
9000000595,1000000595,315.0,317.0,900,1,,41,DELIVERED,Correo Argentino,TRK-2URQN3BZNH
9000000596,1000000596,225.0,226.0,639,2,1.0,1,DELIVERED,PICKUP,
9000000597,1000000597,57.0,62.0,188,1,,1543,DELIVERED,Correo Argentino,TRK-W63QBVQCHN
9000000598,1000000598,297.0,298.0,147,2,4.0,4,SHIPPED,PICKUP,
9000000599,1000000599,61.0,66.0,1119,1,,529,DELIVERED,Correo Argentino,TRK-NUJE8VLWEQ
9000000600,1000000600,378.0,382.0,41,1,,728,SHIPPED,Correo Argentino,TRK-A5K8XEH8GE
9000000601,1000000601,250.0,255.0,589,1,,2594,SHIPPED,Correo Argentino,TRK-6WB4KPBUNO
9000000602,1000000602,341.0,346.0,358,1,,2069,DELIVERED,Correo Argentino,TRK-MQ8I3WEHGS
9000000603,1000000603,495.0,499.0,358,1,,1817,DELIVERED,Correo Argentino,TRK-M6TT9H9L80
9000000604,1000000604,303.0,305.0,855,1,,840,DELIVERED,Correo Argentino,TRK-6YRA65EC0T
9000000605,1000000605,165.0,166.0,142,2,2.0,2,DELIVERED,PICKUP,
9000000606,1000000606,50.0,51.0,79,2,3.0,3,DELIVERED,PICKUP,
9000000607,1000000607,155.0,157.0,338,1,,443,DELIVERED,Correo Argentino,TRK-2Y205KH040
9000000608,1000000608,321.0,322.0,1019,2,1.0,1,DELIVERED,PICKUP,
9000000609,1000000609,146.0,147.0,590,2,2.0,2,SHIPPED,PICKUP,
9000000610,1000000610,483.0,488.0,1120,1,,2137,DELIVERED,Correo Argentino,TRK-3E90EQEIHU
9000000611,1000000611,230.0,233.0,1154,1,,2238,DELIVERED,Correo Argentino,TRK-LF6HPKYHEC
9000000612,1000000612,502.0,505.0,1228,1,,911,DELIVERED,Correo Argentino,TRK-9T80SUJCKU
9000000613,1000000613,596.0,598.0,172,1,,1078,DELIVERED,Correo Argentino,TRK-PMDZCP32SP
9000000614,1000000614,398.0,399.0,593,2,3.0,3,DELIVERED,PICKUP,
9000000615,1000000615,31.0,32.0,681,2,2.0,2,DELIVERED,PICKUP,
9000000616,1000000616,480.0,485.0,840,1,,486,DELIVERED,Correo Argentino,TRK-WTTVZUXRUS
9000000617,1000000617,173.0,175.0,1145,1,,35,SHIPPED,Correo Argentino,TRK-MYWGD245M0
9000000618,1000000618,382.0,387.0,412,1,,2750,SHIPPED,Correo Argentino,TRK-WMNVQQ1JYO
9000000619,1000000619,575.0,578.0,400,1,,2865,DELIVERED,Correo Argentino,TRK-DELLTRQ36M
9000000620,1000000620,52.0,55.0,698,1,,181,DELIVERED,Correo Argentino,TRK-J3ANQ6V097
9000000621,1000000621,299.0,301.0,751,1,,2750,DELIVERED,Correo Argentino,TRK-H7JWI0SRY7
9000000622,1000000622,535.0,542.0,1495,1,,576,DELIVERED,Correo Argentino,TRK-ZRD5D7VKC5
9000000623,1000000623,293.0,296.0,1207,1,,1211,DELIVERED,Correo Argentino,TRK-956JD1BPO4
9000000624,1000000624,168.0,169.0,691,2,2.0,2,DELIVERED,PICKUP,
9000000625,1000000625,310.0,311.0,144,2,4.0,4,DELIVERED,PICKUP,
9000000626,1000000626,191.0,192.0,136,2,3.0,3,DELIVERED,PICKUP,
9000000627,1000000627,59.0,60.0,984,2,2.0,2,DELIVERED,PICKUP,
9000000628,1000000628,184.0,185.0,165,2,4.0,4,DELIVERED,PICKUP,
9000000629,1000000629,396.0,401.0,893,1,,2282,SHIPPED,Correo Argentino,TRK-UPFJMP9KHZ
9000000630,1000000630,473.0,478.0,1117,1,,2472,DELIVERED,Correo Argentino,TRK-T7SAYQN92T
9000000631,1000000631,255.0,256.0,992,2,3.0,3,DELIVERED,PICKUP,
9000000632,1000000632,288.0,289.0,1325,2,3.0,3,DELIVERED,PICKUP,
9000000633,1000000633,212.0,213.0,232,2,4.0,4,DELIVERED,PICKUP,
9000000634,1000000634,270.0,275.0,1051,1,,1385,DELIVERED,Correo Argentino,TRK-7J6OY77G62
9000000635,1000000635,421.0,422.0,809,2,1.0,1,DELIVERED,PICKUP,
9000000636,1000000636,,,442,1,,510,CANCELLED,Correo Argentino,
9000000637,1000000637,387.0,388.0,385,2,4.0,4,DELIVERED,PICKUP,
9000000638,1000000638,27.0,28.0,24,2,3.0,3,DELIVERED,PICKUP,
9000000639,1000000639,51.0,52.0,548,2,3.0,3,DELIVERED,PICKUP,
9000000640,1000000640,111.0,114.0,1429,1,,211,READY,Correo Argentino,TRK-QNC4429W1Y
9000000641,1000000641,418.0,419.0,1417,2,2.0,2,DELIVERED,PICKUP,
9000000642,1000000642,272.0,275.0,750,1,,2565,DELIVERED,Correo Argentino,TRK-HBTLVVBA0Y
9000000643,1000000643,288.0,293.0,1451,1,,1888,DELIVERED,Correo Argentino,TRK-EU7AXTCFSB
9000000644,1000000644,42.0,47.0,1147,1,,1154,DELIVERED,Correo Argentino,TRK-6X7YNSLQMN
9000000645,1000000645,612.0,617.0,1489,1,,2965,SHIPPED,Correo Argentino,TRK-TU3RZIDVRI
9000000646,1000000646,442.0,445.0,1216,1,,38,DELIVERED,Correo Argentino,TRK-IQ97DH4IW9
9000000647,1000000647,,,758,1,,1409,CANCELLED,Correo Argentino,
9000000648,1000000648,207.0,209.0,1297,1,,1560,DELIVERED,Correo Argentino,TRK-4JY908QDW8
9000000649,1000000649,555.0,558.0,561,1,,571,DELIVERED,Correo Argentino,TRK-6OTN4LL1WO
9000000650,1000000650,625.0,628.0,1017,1,,2952,DELIVERED,Correo Argentino,TRK-TIHM7X1HXC
9000000651,1000000651,528.0,532.0,404,1,,528,DELIVERED,Correo Argentino,TRK-SM897JHHZL
9000000652,1000000652,237.0,238.0,31,2,4.0,4,SHIPPED,PICKUP,
9000000653,1000000653,465.0,468.0,648,1,,2732,DELIVERED,Correo Argentino,TRK-9R84A3NDPY
9000000654,1000000654,234.0,238.0,157,1,,2384,SHIPPED,Correo Argentino,TRK-L1T4NB5GO0
9000000655,1000000655,416.0,417.0,527,2,1.0,1,DELIVERED,PICKUP,
9000000656,1000000656,523.0,528.0,6,1,,615,SHIPPED,Correo Argentino,TRK-6LBQMLFP36
9000000657,1000000657,162.0,168.0,108,1,,610,DELIVERED,Correo Argentino,TRK-DXI7NDCWDH
9000000658,1000000658,243.0,248.0,1469,1,,1539,DELIVERED,Correo Argentino,TRK-LVWQOLF43Y
9000000659,1000000659,,,414,2,3.0,3,CANCELLED,PICKUP,
9000000660,1000000660,101.0,105.0,1285,1,,1144,DELIVERED,Correo Argentino,TRK-F5HWGMI1GC
9000000661,1000000661,153.0,159.0,1394,1,,3201,DELIVERED,Correo Argentino,TRK-8DD3VIGT6D
9000000662,1000000662,318.0,319.0,473,2,2.0,2,DELIVERED,PICKUP,
9000000663,1000000663,,,366,2,1.0,1,CANCELLED,PICKUP,
9000000664,1000000664,476.0,478.0,1394,1,,404,DELIVERED,Correo Argentino,TRK-55LK9UAWWP
9000000665,1000000665,466.0,467.0,1484,2,1.0,1,DELIVERED,PICKUP,
9000000666,1000000666,514.0,518.0,171,1,,3129,DELIVERED,Correo Argentino,TRK-33JCN6CYO5
9000000667,1000000667,545.0,546.0,1262,2,3.0,3,DELIVERED,PICKUP,
9000000668,1000000668,,,1123,1,,1922,CANCELLED,Correo Argentino,
9000000669,1000000669,260.0,263.0,343,1,,2762,DELIVERED,Correo Argentino,TRK-8Y62J6GOQL
9000000670,1000000670,172.0,177.0,1433,1,,2554,SHIPPED,Correo Argentino,TRK-SGUTTFL9NE
9000000671,1000000671,125.0,130.0,1100,1,,2308,DELIVERED,Correo Argentino,TRK-AOLXQRMQ1H
9000000672,1000000672,109.0,113.0,73,1,,3083,DELIVERED,Correo Argentino,TRK-FOPDKHV4BH
9000000673,1000000673,538.0,539.0,1165,2,3.0,3,DELIVERED,PICKUP,
9000000674,1000000674,564.0,565.0,383,2,3.0,3,DELIVERED,PICKUP,
9000000675,1000000675,539.0,542.0,1313,1,,123,DELIVERED,Correo Argentino,TRK-3OKQFC6O8Y
9000000676,1000000676,301.0,302.0,997,2,2.0,2,DELIVERED,PICKUP,
9000000677,1000000677,352.0,353.0,3,2,1.0,1,DELIVERED,PICKUP,
9000000678,1000000678,144.0,149.0,323,1,,2578,DELIVERED,Correo Argentino,TRK-BZ1K0R401C
9000000679,1000000679,108.0,112.0,961,1,,123,DELIVERED,Correo Argentino,TRK-CZ8W9U1Q2T
9000000680,1000000680,341.0,342.0,1130,2,2.0,2,DELIVERED,PICKUP,
9000000681,1000000681,314.0,316.0,318,1,,1671,DELIVERED,Correo Argentino,TRK-1C8PO6AMAQ
9000000682,1000000682,42.0,43.0,579,2,3.0,3,DELIVERED,PICKUP,
9000000683,1000000683,91.0,96.0,1341,1,,109,DELIVERED,Correo Argentino,TRK-IRC2O2KP3J
9000000684,1000000684,149.0,152.0,350,1,,849,DELIVERED,Correo Argentino,TRK-SA28T4YMIC
9000000685,1000000685,299.0,303.0,810,1,,3062,DELIVERED,Correo Argentino,TRK-R99TGS7HZZ
9000000686,1000000686,242.0,243.0,1289,2,2.0,2,DELIVERED,PICKUP,
9000000687,1000000687,,,567,2,2.0,2,CANCELLED,PICKUP,
9000000688,1000000688,604.0,609.0,797,1,,2203,DELIVERED,Correo Argentino,TRK-VIK6CNF7RQ
9000000689,1000000689,174.0,178.0,1169,1,,2163,SHIPPED,Correo Argentino,TRK-SJZ1B2R27Y
9000000690,1000000690,626.0,630.0,326,1,,2244,DELIVERED,Correo Argentino,TRK-ZMMPMZ69IM
9000000691,1000000691,416.0,417.0,97,2,3.0,3,DELIVERED,PICKUP,
9000000692,1000000692,8.0,9.0,1158,2,2.0,2,DELIVERED,PICKUP,
9000000693,1000000693,45.0,50.0,293,1,,2656,DELIVERED,Correo Argentino,TRK-YRC7QGO7UK
9000000694,1000000694,536.0,537.0,788,2,2.0,2,DELIVERED,PICKUP,
9000000695,1000000695,251.0,252.0,881,2,1.0,1,DELIVERED,PICKUP,
9000000696,1000000696,486.0,488.0,1345,1,,991,DELIVERED,Correo Argentino,TRK-ILKOS2I149
9000000697,1000000697,462.0,463.0,660,2,1.0,1,SHIPPED,PICKUP,
9000000698,1000000698,54.0,56.0,954,1,,1713,DELIVERED,Correo Argentino,TRK-1KCP41YB60
9000000699,1000000699,290.0,291.0,889,2,4.0,4,DELIVERED,PICKUP,
9000000700,1000000700,474.0,476.0,396,1,,1153,DELIVERED,Correo Argentino,TRK-5PRWK2TYPN
9000000701,1000000701,69.0,70.0,1425,2,3.0,3,DELIVERED,PICKUP,
9000000702,1000000702,222.0,223.0,1147,2,3.0,3,DELIVERED,PICKUP,
9000000703,1000000703,341.0,342.0,1368,2,4.0,4,DELIVERED,PICKUP,
9000000704,1000000704,51.0,54.0,601,1,,1876,DELIVERED,Correo Argentino,TRK-WQD6YN5GL0
9000000705,1000000705,,,767,1,,2462,CANCELLED,Correo Argentino,
9000000706,1000000706,620.0,621.0,949,2,2.0,2,SHIPPED,PICKUP,
9000000707,1000000707,179.0,183.0,1242,1,,254,DELIVERED,Correo Argentino,TRK-1PR6GBF6OV
9000000708,1000000708,440.0,445.0,1110,1,,2389,DELIVERED,Correo Argentino,TRK-C0Y2YB8QVY
9000000709,1000000709,533.0,534.0,164,2,1.0,1,DELIVERED,PICKUP,
9000000710,1000000710,370.0,371.0,762,2,4.0,4,SHIPPED,PICKUP,
9000000711,1000000711,182.0,187.0,1116,1,,1843,SHIPPED,Correo Argentino,TRK-0GHRED71QX
9000000712,1000000712,47.0,52.0,937,1,,1069,DELIVERED,Correo Argentino,TRK-HYEF2L0PI8
9000000713,1000000713,289.0,290.0,1052,2,3.0,3,DELIVERED,PICKUP,
9000000714,1000000714,608.0,612.0,899,1,,2149,DELIVERED,Correo Argentino,TRK-HXZMFU2G65
9000000715,1000000715,5.0,6.0,1406,2,4.0,4,DELIVERED,PICKUP,
9000000716,1000000716,73.0,78.0,586,1,,1641,DELIVERED,Correo Argentino,TRK-A3MFK5A38E
9000000717,1000000717,49.0,51.0,1415,1,,2950,DELIVERED,Correo Argentino,TRK-4D18JQJ0AR
9000000718,1000000718,140.0,144.0,391,1,,350,SHIPPED,Correo Argentino,TRK-5V4E6F0R1W
9000000719,1000000719,235.0,236.0,1041,2,2.0,2,DELIVERED,PICKUP,
9000000720,1000000720,594.0,596.0,458,1,,1777,DELIVERED,Correo Argentino,TRK-C588I4RBBN
9000000721,1000000721,270.0,274.0,604,1,,2537,DELIVERED,Correo Argentino,TRK-N5D34GU5Z9
9000000722,1000000722,,,624,1,,2936,CANCELLED,Correo Argentino,
9000000723,1000000723,106.0,109.0,1028,1,,2469,DELIVERED,Correo Argentino,TRK-MM1BH3TXZ1
9000000724,1000000724,488.0,490.0,504,1,,3003,DELIVERED,Correo Argentino,TRK-R4WG7S7DXD
9000000725,1000000725,517.0,518.0,193,2,4.0,4,DELIVERED,PICKUP,
9000000726,1000000726,187.0,190.0,121,1,,2394,SHIPPED,Correo Argentino,TRK-XZ8LC007PU
9000000727,1000000727,536.0,541.0,1302,1,,173,DELIVERED,Correo Argentino,TRK-MEQW2N5EOY
9000000728,1000000728,301.0,303.0,1495,1,,962,DELIVERED,Correo Argentino,TRK-BQB3SG02I6
9000000729,1000000729,218.0,223.0,958,1,,2443,DELIVERED,Correo Argentino,TRK-YV2S59917V
9000000730,1000000730,604.0,605.0,1024,2,3.0,3,DELIVERED,PICKUP,
9000000731,1000000731,421.0,422.0,814,2,3.0,3,DELIVERED,PICKUP,
9000000732,1000000732,10.0,12.0,1036,1,,3033,DELIVERED,Correo Argentino,TRK-65TYAGI9UO
9000000733,1000000733,150.0,154.0,640,1,,875,DELIVERED,Correo Argentino,TRK-0DXOAHHSZS
9000000734,1000000734,44.0,48.0,915,1,,658,DELIVERED,Correo Argentino,TRK-LMJ4TP1C3H
9000000735,1000000735,520.0,521.0,544,2,1.0,1,DELIVERED,PICKUP,
9000000736,1000000736,585.0,586.0,483,2,3.0,3,DELIVERED,PICKUP,
9000000737,1000000737,430.0,431.0,878,2,2.0,2,DELIVERED,PICKUP,
9000000738,1000000738,351.0,354.0,820,1,,2055,DELIVERED,Correo Argentino,TRK-Z9ZW1Z9YUD
9000000739,1000000739,70.0,71.0,879,2,4.0,4,DELIVERED,PICKUP,
9000000740,1000000740,110.0,111.0,1468,2,2.0,2,DELIVERED,PICKUP,
9000000741,1000000741,,,440,1,,1333,CANCELLED,Correo Argentino,
9000000742,1000000742,193.0,198.0,1295,1,,1539,DELIVERED,Correo Argentino,TRK-G2AZ7GKXQ9
9000000743,1000000743,223.0,228.0,1123,1,,1524,DELIVERED,Correo Argentino,TRK-GB3MWAZV1H
9000000744,1000000744,203.0,208.0,1006,1,,137,DELIVERED,Correo Argentino,TRK-2I4KT4QXAR
9000000745,1000000745,383.0,387.0,217,1,,212,SHIPPED,Correo Argentino,TRK-U7DPNUCO3S
9000000746,1000000746,368.0,372.0,258,1,,942,DELIVERED,Correo Argentino,TRK-2CUP5RB9VD
9000000747,1000000747,181.0,182.0,751,2,1.0,1,DELIVERED,PICKUP,
9000000748,1000000748,421.0,422.0,955,2,2.0,2,SHIPPED,PICKUP,
9000000749,1000000749,304.0,308.0,867,1,,2179,DELIVERED,Correo Argentino,TRK-CSWSXRXLL9
9000000750,1000000750,271.0,274.0,584,1,,748,DELIVERED,Correo Argentino,TRK-G86DQ8G2K1
9000000751,1000000751,550.0,551.0,99,2,2.0,2,DELIVERED,PICKUP,
9000000752,1000000752,389.0,394.0,593,1,,1822,DELIVERED,Correo Argentino,TRK-9ZYGCQWHR1
9000000753,1000000753,575.0,577.0,868,1,,2970,DELIVERED,Correo Argentino,TRK-C572MPORGJ
9000000754,1000000754,620.0,621.0,903,2,3.0,3,DELIVERED,PICKUP,
9000000755,1000000755,604.0,609.0,445,1,,1195,DELIVERED,Correo Argentino,TRK-PIIB2PS5U9
9000000756,1000000756,595.0,598.0,857,1,,2776,DELIVERED,Correo Argentino,TRK-HX4X6BL7IJ
9000000757,1000000757,,,633,2,4.0,4,CANCELLED,PICKUP,
9000000758,1000000758,231.0,233.0,1428,1,,2472,DELIVERED,Correo Argentino,TRK-NGWZHED1T2
9000000759,1000000759,4.0,8.0,196,1,,2340,DELIVERED,Correo Argentino,TRK-JZMNRPNUZF
9000000760,1000000760,352.0,357.0,212,1,,612,SHIPPED,Correo Argentino,TRK-D9L9XG28MD
9000000761,1000000761,483.0,486.0,925,1,,2469,DELIVERED,Correo Argentino,TRK-CCWE81OBLX
9000000762,1000000762,456.0,458.0,698,1,,2443,DELIVERED,Correo Argentino,TRK-R9V0PQ2LHM
9000000763,1000000763,129.0,133.0,1135,1,,2760,DELIVERED,Correo Argentino,TRK-K2YKKMX220
9000000764,1000000764,257.0,261.0,165,1,,913,DELIVERED,Correo Argentino,TRK-J0876024P4
9000000765,1000000765,322.0,325.0,960,1,,3160,DELIVERED,Correo Argentino,TRK-SY3SZ50AIS
9000000766,1000000766,251.0,255.0,696,1,,525,DELIVERED,Correo Argentino,TRK-5O3MZ4VQHB
9000000767,1000000767,300.0,303.0,436,1,,123,DELIVERED,Correo Argentino,TRK-XGZF8LCRO2
9000000768,1000000768,638.0,641.0,1393,1,,2814,SHIPPED,Correo Argentino,TRK-DN6BFHYH0N
9000000769,1000000769,363.0,367.0,127,1,,882,DELIVERED,Correo Argentino,TRK-5MAN7KNMSH
9000000770,1000000770,361.0,365.0,326,1,,2351,DELIVERED,Correo Argentino,TRK-80BGH9DJ8D
9000000771,1000000771,507.0,508.0,912,2,2.0,2,SHIPPED,PICKUP,
9000000772,1000000772,205.0,209.0,1041,1,,3193,DELIVERED,Correo Argentino,TRK-4CZOVFV7HW
9000000773,1000000773,490.0,495.0,130,1,,1995,DELIVERED,Correo Argentino,TRK-R4KPIQ701P
9000000774,1000000774,327.0,331.0,422,1,,2139,DELIVERED,Correo Argentino,TRK-DECF77SY2U
9000000775,1000000775,60.0,61.0,110,2,3.0,3,DELIVERED,PICKUP,
9000000776,1000000776,8.0,13.0,1043,1,,1710,DELIVERED,Correo Argentino,TRK-7A1GQE1IE7
9000000777,1000000777,396.0,397.0,841,2,1.0,1,DELIVERED,PICKUP,
9000000778,1000000778,218.0,222.0,4,1,,2922,DELIVERED,Correo Argentino,TRK-615ISAYAWV
9000000779,1000000779,329.0,332.0,1307,1,,2192,SHIPPED,Correo Argentino,TRK-RIJJ654SU7
9000000780,1000000780,,,1113,2,3.0,3,CANCELLED,PICKUP,
9000000781,1000000781,392.0,397.0,1490,1,,2438,DELIVERED,Correo Argentino,TRK-21FGMYQBRS
9000000782,1000000782,408.0,409.0,435,2,1.0,1,DELIVERED,PICKUP,
9000000783,1000000783,404.0,409.0,905,1,,2985,DELIVERED,Correo Argentino,TRK-Q0SFYBVOKB
9000000784,1000000784,478.0,480.0,724,1,,2931,DELIVERED,Correo Argentino,TRK-BPZ5JVVS92
9000000785,1000000785,98.0,100.0,1436,1,,2109,SHIPPED,Correo Argentino,TRK-9HWB4S4A1J
9000000786,1000000786,195.0,200.0,904,1,,1639,DELIVERED,Correo Argentino,TRK-HUWPB83U66
9000000787,1000000787,301.0,302.0,1186,2,1.0,1,DELIVERED,PICKUP,
9000000788,1000000788,261.0,266.0,941,1,,2130,DELIVERED,Correo Argentino,TRK-N5TPPNUEPD
9000000789,1000000789,546.0,549.0,564,1,,1005,DELIVERED,Correo Argentino,TRK-OAI3A7TC2A
9000000790,1000000790,547.0,551.0,965,1,,1593,DELIVERED,Correo Argentino,TRK-5JY0KKRFSR
9000000791,1000000791,137.0,140.0,595,1,,1572,DELIVERED,Correo Argentino,TRK-6TS1UVG9GC
9000000792,1000000792,317.0,319.0,445,1,,2670,DELIVERED,Correo Argentino,TRK-5MZCJGUCF1
9000000793,1000000793,228.0,232.0,987,1,,1617,DELIVERED,Correo Argentino,TRK-Z0RW9DKLWA
9000000794,1000000794,483.0,484.0,874,2,3.0,3,DELIVERED,PICKUP,
9000000795,1000000795,611.0,612.0,1493,2,4.0,4,DELIVERED,PICKUP,
9000000796,1000000796,,,677,1,,369,CANCELLED,Correo Argentino,
9000000797,1000000797,11.0,12.0,1247,2,3.0,3,DELIVERED,PICKUP,
9000000798,1000000798,436.0,437.0,616,2,3.0,3,DELIVERED,PICKUP,
9000000799,1000000799,37.0,42.0,718,1,,3138,DELIVERED,Correo Argentino,TRK-DGMSZVMM3H
9000000800,1000000800,468.0,473.0,1366,1,,2183,DELIVERED,Correo Argentino,TRK-KRYAB120TS
9000000801,1000000801,421.0,424.0,765,1,,1876,SHIPPED,Correo Argentino,TRK-AUJIDZ177B
9000000802,1000000802,493.0,494.0,633,2,4.0,4,DELIVERED,PICKUP,
9000000803,1000000803,628.0,630.0,807,1,,928,SHIPPED,Correo Argentino,TRK-O98Z2MF017
9000000804,1000000804,50.0,52.0,175,1,,90,DELIVERED,Correo Argentino,TRK-1RYEQ7KOTK
9000000805,1000000805,,,544,1,,2797,CANCELLED,Correo Argentino,
9000000806,1000000806,212.0,213.0,1226,2,2.0,2,DELIVERED,PICKUP,
9000000807,1000000807,,,268,2,2.0,2,CANCELLED,PICKUP,
9000000808,1000000808,53.0,54.0,290,2,1.0,1,SHIPPED,PICKUP,
9000000809,1000000809,202.0,203.0,642,2,1.0,1,SHIPPED,PICKUP,
9000000810,1000000810,429.0,430.0,884,2,3.0,3,DELIVERED,PICKUP,
9000000811,1000000811,586.0,587.0,1175,2,4.0,4,SHIPPED,PICKUP,
9000000812,1000000812,377.0,381.0,48,1,,2045,DELIVERED,Correo Argentino,TRK-TQ6YE84C6O
9000000813,1000000813,284.0,287.0,62,1,,224,DELIVERED,Correo Argentino,TRK-3BUOA075OK
9000000814,1000000814,292.0,295.0,671,1,,282,DELIVERED,Correo Argentino,TRK-1GPC8MG29V
9000000815,1000000815,537.0,540.0,590,1,,2432,DELIVERED,Correo Argentino,TRK-C18LTSQ29K
9000000816,1000000816,484.0,485.0,1202,2,4.0,4,DELIVERED,PICKUP,
9000000817,1000000817,414.0,415.0,958,2,4.0,4,SHIPPED,PICKUP,
9000000818,1000000818,474.0,479.0,57,1,,473,DELIVERED,Correo Argentino,TRK-PAJMFOTE7C
9000000819,1000000819,552.0,553.0,917,2,3.0,3,DELIVERED,PICKUP,
9000000820,1000000820,64.0,65.0,907,2,2.0,2,DELIVERED,PICKUP,
9000000821,1000000821,280.0,286.0,599,1,,1307,DELIVERED,Correo Argentino,TRK-671KX2323P
9000000822,1000000822,196.0,200.0,1494,1,,642,DELIVERED,Correo Argentino,TRK-5E2BPKF0A1
9000000823,1000000823,13.0,16.0,852,1,,1368,DELIVERED,Correo Argentino,TRK-F645HA8G7J
9000000824,1000000824,451.0,455.0,16,1,,691,DELIVERED,Correo Argentino,TRK-E7BI3RHK74
9000000825,1000000825,27.0,30.0,112,1,,2781,DELIVERED,Correo Argentino,TRK-VRG4U5FHST
9000000826,1000000826,309.0,310.0,858,2,1.0,1,SHIPPED,PICKUP,
9000000827,1000000827,334.0,338.0,761,1,,134,DELIVERED,Correo Argentino,TRK-PLMTF8HB3K
9000000828,1000000828,267.0,272.0,1163,1,,224,DELIVERED,Correo Argentino,TRK-81XXWSI1CO
9000000829,1000000829,348.0,349.0,1413,2,4.0,4,DELIVERED,PICKUP,
9000000830,1000000830,178.0,179.0,1475,2,3.0,3,SHIPPED,PICKUP,
9000000831,1000000831,279.0,283.0,168,1,,1343,SHIPPED,Correo Argentino,TRK-68TMYU08QG
9000000832,1000000832,78.0,79.0,1336,2,2.0,2,DELIVERED,PICKUP,
9000000833,1000000833,628.0,629.0,1092,2,3.0,3,DELIVERED,PICKUP,
9000000834,1000000834,177.0,179.0,685,1,,1450,DELIVERED,Correo Argentino,TRK-E3ST1Q2SL0
9000000835,1000000835,351.0,356.0,689,1,,3119,DELIVERED,Correo Argentino,TRK-TQSYQQTL5A
9000000836,1000000836,315.0,318.0,239,1,,3191,DELIVERED,Correo Argentino,TRK-6KTUZH06DI
9000000837,1000000837,349.0,354.0,1437,1,,1683,SHIPPED,Correo Argentino,TRK-ZVC89VTH9U
9000000838,1000000838,425.0,426.0,303,2,2.0,2,DELIVERED,PICKUP,
9000000839,1000000839,472.0,475.0,591,1,,372,DELIVERED,Correo Argentino,TRK-XFC29U2Y7R
9000000840,1000000840,566.0,571.0,291,1,,397,DELIVERED,Correo Argentino,TRK-STRRFVSXCV
9000000841,1000000841,,,1224,1,,1511,CANCELLED,Correo Argentino,
9000000842,1000000842,522.0,529.0,313,1,,2723,DELIVERED,Correo Argentino,TRK-ZUP0AGVNZW
9000000843,1000000843,74.0,81.0,1411,1,,2796,DELIVERED,Correo Argentino,TRK-73JUNBKX0X
9000000844,1000000844,583.0,585.0,30,1,,1367,DELIVERED,Correo Argentino,TRK-H0AF3LFL4A
9000000845,1000000845,242.0,247.0,1371,1,,3107,SHIPPED,Correo Argentino,TRK-W0HIJA6BX7
9000000846,1000000846,605.0,608.0,167,1,,2485,SHIPPED,Correo Argentino,TRK-345ZN4MOT5
9000000847,1000000847,123.0,125.0,281,1,,554,DELIVERED,Correo Argentino,TRK-0VSIAQQCYP
9000000848,1000000848,573.0,578.0,64,1,,2127,DELIVERED,Correo Argentino,TRK-DGXJA6YBLH
9000000849,1000000849,420.0,421.0,172,2,3.0,3,DELIVERED,PICKUP,
9000000850,1000000850,,,637,1,,1098,CANCELLED,Correo Argentino,
9000000851,1000000851,223.0,227.0,1006,1,,243,DELIVERED,Correo Argentino,TRK-WTNU73YSKH
9000000852,1000000852,87.0,88.0,539,2,2.0,2,DELIVERED,PICKUP,
9000000853,1000000853,576.0,581.0,590,1,,1077,SHIPPED,Correo Argentino,TRK-I3FRLIMFK3
9000000854,1000000854,592.0,593.0,1294,2,2.0,2,DELIVERED,PICKUP,
9000000855,1000000855,94.0,95.0,60,2,2.0,2,DELIVERED,PICKUP,
9000000856,1000000856,500.0,502.0,136,1,,622,DELIVERED,Correo Argentino,TRK-6E5M9X9CQJ
9000000857,1000000857,585.0,589.0,1356,1,,180,DELIVERED,Correo Argentino,TRK-APGI32O4H1
9000000858,1000000858,89.0,94.0,371,1,,2009,DELIVERED,Correo Argentino,TRK-RLFOSKG3V2
9000000859,1000000859,594.0,595.0,1406,2,2.0,2,DELIVERED,PICKUP,
9000000860,1000000860,410.0,413.0,1104,1,,1822,DELIVERED,Correo Argentino,TRK-AKII80N2QD
9000000861,1000000861,359.0,361.0,817,1,,2404,DELIVERED,Correo Argentino,TRK-D8T10FX4SP
9000000862,1000000862,524.0,528.0,240,1,,3002,DELIVERED,Correo Argentino,TRK-NOF088TU5U
9000000863,1000000863,299.0,303.0,476,1,,2373,READY,Correo Argentino,TRK-NJXJZ8ISBC
9000000864,1000000864,117.0,119.0,1115,1,,2820,DELIVERED,Correo Argentino,TRK-R3UO94MRB6
9000000865,1000000865,413.0,415.0,412,1,,370,DELIVERED,Correo Argentino,TRK-YY5A3LQBWP
9000000866,1000000866,535.0,536.0,671,2,4.0,4,DELIVERED,PICKUP,
9000000867,1000000867,,,328,2,1.0,1,CANCELLED,PICKUP,
9000000868,1000000868,250.0,252.0,371,1,,2871,DELIVERED,Correo Argentino,TRK-QOOWHKVL3X
9000000869,1000000869,116.0,120.0,1048,1,,2913,SHIPPED,Correo Argentino,TRK-TE2RCKCDDX
9000000870,1000000870,421.0,426.0,1259,1,,504,DELIVERED,Correo Argentino,TRK-XBU602H7AB
9000000871,1000000871,519.0,520.0,397,2,3.0,3,DELIVERED,PICKUP,
9000000872,1000000872,480.0,483.0,470,1,,791,DELIVERED,Correo Argentino,TRK-JRZOEJIWHB
9000000873,1000000873,405.0,406.0,555,2,4.0,4,DELIVERED,PICKUP,
9000000874,1000000874,103.0,104.0,1257,2,2.0,2,DELIVERED,PICKUP,
9000000875,1000000875,447.0,452.0,757,1,,527,DELIVERED,Correo Argentino,TRK-90E497V672
9000000876,1000000876,99.0,103.0,216,1,,1604,DELIVERED,Correo Argentino,TRK-QOYM8BSLT5
9000000877,1000000877,301.0,302.0,1176,2,1.0,1,DELIVERED,PICKUP,
9000000878,1000000878,146.0,147.0,2,2,1.0,1,DELIVERED,PICKUP,
9000000879,1000000879,457.0,458.0,1295,2,4.0,4,DELIVERED,PICKUP,
9000000880,1000000880,234.0,235.0,1335,2,3.0,3,DELIVERED,PICKUP,
9000000881,1000000881,75.0,76.0,1445,2,3.0,3,DELIVERED,PICKUP,
9000000882,1000000882,214.0,216.0,691,1,,2976,DELIVERED,Correo Argentino,TRK-O4G56XAS83
9000000883,1000000883,238.0,243.0,780,1,,87,DELIVERED,Correo Argentino,TRK-409YYR8IF5
9000000884,1000000884,557.0,559.0,338,1,,30,DELIVERED,Correo Argentino,TRK-650DJI1YC1
9000000885,1000000885,38.0,43.0,380,1,,309,SHIPPED,Correo Argentino,TRK-668A71H4WR
9000000886,1000000886,361.0,366.0,582,1,,378,SHIPPED,Correo Argentino,TRK-QU4X3SUYBZ
9000000887,1000000887,357.0,362.0,711,1,,2339,DELIVERED,Correo Argentino,TRK-6CGMD2S0S5
9000000888,1000000888,,,991,1,,1903,CANCELLED,Correo Argentino,
9000000889,1000000889,289.0,290.0,500,2,4.0,4,DELIVERED,PICKUP,
9000000890,1000000890,226.0,227.0,99,2,2.0,2,DELIVERED,PICKUP,
9000000891,1000000891,293.0,297.0,1002,1,,2361,DELIVERED,Correo Argentino,TRK-9YTGND2LUI
9000000892,1000000892,593.0,595.0,1310,1,,1326,DELIVERED,Correo Argentino,TRK-VNYNS4P10C
9000000893,1000000893,526.0,527.0,1276,2,2.0,2,READY,PICKUP,
9000000894,1000000894,24.0,27.0,307,1,,2100,DELIVERED,Correo Argentino,TRK-YAOSDKQU98
9000000895,1000000895,154.0,155.0,1133,2,4.0,4,DELIVERED,PICKUP,
9000000896,1000000896,605.0,606.0,1234,2,3.0,3,DELIVERED,PICKUP,
9000000897,1000000897,638.0,639.0,573,2,3.0,3,DELIVERED,PICKUP,
9000000898,1000000898,163.0,167.0,1008,1,,449,DELIVERED,Correo Argentino,TRK-YK5NNRDBPZ
9000000899,1000000899,130.0,134.0,1124,1,,2073,DELIVERED,Correo Argentino,TRK-ECS7HKFZ97
9000000900,1000000900,136.0,140.0,139,1,,2578,DELIVERED,Correo Argentino,TRK-OOTY3POF1F
9000000901,1000000901,422.0,423.0,771,2,1.0,1,SHIPPED,PICKUP,
9000000902,1000000902,13.0,14.0,960,2,3.0,3,DELIVERED,PICKUP,
9000000903,1000000903,624.0,625.0,210,2,2.0,2,DELIVERED,PICKUP,
9000000904,1000000904,467.0,468.0,498,2,1.0,1,DELIVERED,PICKUP,
9000000905,1000000905,194.0,199.0,1058,1,,3179,DELIVERED,Correo Argentino,TRK-CG7G2MVKGC
9000000906,1000000906,376.0,380.0,350,1,,1430,SHIPPED,Correo Argentino,TRK-Q0PUNGRRG5
9000000907,1000000907,468.0,469.0,4,2,2.0,2,DELIVERED,PICKUP,
9000000908,1000000908,126.0,127.0,200,2,4.0,4,DELIVERED,PICKUP,
9000000909,1000000909,376.0,380.0,474,1,,413,SHIPPED,Correo Argentino,TRK-FQQB5TNN41
9000000910,1000000910,147.0,148.0,1073,2,1.0,1,DELIVERED,PICKUP,
9000000911,1000000911,283.0,289.0,679,1,,1250,DELIVERED,Correo Argentino,TRK-J59L81T02T
9000000912,1000000912,102.0,106.0,564,1,,2308,DELIVERED,Correo Argentino,TRK-6MVN35IAZP
9000000913,1000000913,90.0,91.0,981,2,1.0,1,SHIPPED,PICKUP,
9000000914,1000000914,,,560,1,,2450,CANCELLED,Correo Argentino,
9000000915,1000000915,209.0,210.0,403,2,3.0,3,DELIVERED,PICKUP,
9000000916,1000000916,362.0,363.0,228,2,2.0,2,DELIVERED,PICKUP,
9000000917,1000000917,170.0,173.0,331,1,,215,DELIVERED,Correo Argentino,TRK-TYOBTPU5I3
9000000918,1000000918,527.0,528.0,555,2,4.0,4,DELIVERED,PICKUP,
9000000919,1000000919,410.0,412.0,641,1,,765,DELIVERED,Correo Argentino,TRK-J9WPBLF9HV
9000000920,1000000920,577.0,584.0,1450,1,,1387,DELIVERED,Correo Argentino,TRK-3FKXN0396W
9000000921,1000000921,461.0,462.0,591,2,1.0,1,DELIVERED,PICKUP,
9000000922,1000000922,595.0,596.0,934,2,2.0,2,DELIVERED,PICKUP,
9000000923,1000000923,503.0,504.0,316,2,1.0,1,SHIPPED,PICKUP,
9000000924,1000000924,245.0,247.0,774,1,,1594,DELIVERED,Correo Argentino,TRK-VIGA7K5DVX
9000000925,1000000925,567.0,570.0,1049,1,,2468,DELIVERED,Correo Argentino,TRK-LLILWWMLDK
9000000926,1000000926,43.0,45.0,592,1,,3157,DELIVERED,Correo Argentino,TRK-TAPUSLMW6X
9000000927,1000000927,470.0,472.0,797,1,,525,DELIVERED,Correo Argentino,TRK-IHUNIB5EJK
9000000928,1000000928,,,1287,1,,2758,CANCELLED,Correo Argentino,
9000000929,1000000929,341.0,343.0,405,1,,1693,DELIVERED,Correo Argentino,TRK-TE8BTQ786A
9000000930,1000000930,348.0,352.0,1023,1,,2064,DELIVERED,Correo Argentino,TRK-BK9INWVJXS
9000000931,1000000931,462.0,467.0,649,1,,623,DELIVERED,Correo Argentino,TRK-CDIMYNBDT3
9000000932,1000000932,,,772,2,4.0,4,CANCELLED,PICKUP,
9000000933,1000000933,200.0,201.0,1290,2,1.0,1,DELIVERED,PICKUP,
9000000934,1000000934,346.0,348.0,1001,1,,2499,DELIVERED,Correo Argentino,TRK-2QNB89EYN1
9000000935,1000000935,231.0,236.0,611,1,,359,DELIVERED,Correo Argentino,TRK-CP91YS0UXW
9000000936,1000000936,184.0,186.0,1414,1,,1653,DELIVERED,Correo Argentino,TRK-KQXJ67OHXN
9000000937,1000000937,444.0,447.0,888,1,,2162,SHIPPED,Correo Argentino,TRK-IINCXLFLJY
9000000938,1000000938,351.0,353.0,40,1,,3169,DELIVERED,Correo Argentino,TRK-9P81GCM94Q
9000000939,1000000939,414.0,420.0,186,1,,1908,SHIPPED,Correo Argentino,TRK-L8UZLN25DX
9000000940,1000000940,9.0,10.0,58,2,3.0,3,DELIVERED,PICKUP,
9000000941,1000000941,517.0,521.0,1072,1,,3165,DELIVERED,Correo Argentino,TRK-FSQKC5M77D
9000000942,1000000942,16.0,21.0,818,1,,253,DELIVERED,Correo Argentino,TRK-UKFD2H08YU
9000000943,1000000943,457.0,458.0,1267,2,4.0,4,DELIVERED,PICKUP,
9000000944,1000000944,158.0,159.0,1101,2,1.0,1,DELIVERED,PICKUP,
9000000945,1000000945,141.0,142.0,1466,2,2.0,2,DELIVERED,PICKUP,
9000000946,1000000946,4.0,5.0,1471,2,2.0,2,DELIVERED,PICKUP,
9000000947,1000000947,114.0,115.0,4,2,4.0,4,READY,PICKUP,
9000000948,1000000948,31.0,32.0,142,2,4.0,4,DELIVERED,PICKUP,
9000000949,1000000949,115.0,116.0,1018,2,3.0,3,DELIVERED,PICKUP,
9000000950,1000000950,385.0,390.0,1305,1,,33,DELIVERED,Correo Argentino,TRK-DZ4ZREN3T2
9000000951,1000000951,339.0,340.0,174,2,4.0,4,DELIVERED,PICKUP,
9000000952,1000000952,570.0,571.0,371,2,4.0,4,DELIVERED,PICKUP,
9000000953,1000000953,117.0,120.0,1174,1,,2791,DELIVERED,Correo Argentino,TRK-KFWJ8DAX15
9000000954,1000000954,638.0,639.0,640,2,4.0,4,DELIVERED,PICKUP,
9000000955,1000000955,617.0,618.0,58,2,1.0,1,DELIVERED,PICKUP,
9000000956,1000000956,163.0,167.0,494,1,,705,DELIVERED,Correo Argentino,TRK-6HKFD9JMZ5
9000000957,1000000957,224.0,229.0,1416,1,,2120,DELIVERED,Correo Argentino,TRK-MWUBL9HJAB
9000000958,1000000958,460.0,462.0,680,1,,2790,SHIPPED,Correo Argentino,TRK-M6MW6N16CZ
9000000959,1000000959,,,693,1,,418,CANCELLED,Correo Argentino,
9000000960,1000000960,539.0,540.0,728,2,2.0,2,DELIVERED,PICKUP,
9000000961,1000000961,93.0,98.0,1011,1,,3053,DELIVERED,Correo Argentino,TRK-ZEV8729CIJ
9000000962,1000000962,593.0,594.0,787,2,1.0,1,DELIVERED,PICKUP,
9000000963,1000000963,485.0,487.0,564,1,,1659,DELIVERED,Correo Argentino,TRK-7A3B0C5U8Y
9000000964,1000000964,619.0,622.0,509,1,,1383,DELIVERED,Correo Argentino,TRK-UFQG316TS1
9000000965,1000000965,578.0,579.0,1280,2,3.0,3,DELIVERED,PICKUP,
9000000966,1000000966,316.0,317.0,1119,2,1.0,1,SHIPPED,PICKUP,
9000000967,1000000967,558.0,561.0,1393,1,,3185,DELIVERED,Correo Argentino,TRK-QE0MCWWVD0
9000000968,1000000968,242.0,245.0,1392,1,,1509,SHIPPED,Correo Argentino,TRK-89XSBMWDGT
9000000969,1000000969,91.0,92.0,331,2,3.0,3,DELIVERED,PICKUP,
9000000970,1000000970,108.0,114.0,16,1,,281,DELIVERED,Correo Argentino,TRK-1M4VWRBNVT
9000000971,1000000971,630.0,633.0,655,1,,2719,DELIVERED,Correo Argentino,TRK-FBWPV4M95R
9000000972,1000000972,104.0,107.0,1220,1,,992,DELIVERED,Correo Argentino,TRK-NS3YMS6AI1
9000000973,1000000973,430.0,434.0,833,1,,2340,DELIVERED,Correo Argentino,TRK-YYQM49VBJX
9000000974,1000000974,624.0,627.0,1418,1,,1232,DELIVERED,Correo Argentino,TRK-VGCPWW4E2F
9000000975,1000000975,205.0,206.0,671,2,2.0,2,DELIVERED,PICKUP,
9000000976,1000000976,22.0,23.0,727,2,3.0,3,DELIVERED,PICKUP,
9000000977,1000000977,522.0,526.0,734,1,,862,DELIVERED,Correo Argentino,TRK-LOWJBVHCNU
9000000978,1000000978,258.0,262.0,1158,1,,38,READY,Correo Argentino,TRK-L4SJXC33IR
9000000979,1000000979,610.0,611.0,635,2,1.0,1,DELIVERED,PICKUP,
9000000980,1000000980,501.0,504.0,549,1,,2954,DELIVERED,Correo Argentino,TRK-CMD2G5AATS
9000000981,1000000981,499.0,500.0,863,2,4.0,4,DELIVERED,PICKUP,
9000000982,1000000982,184.0,185.0,917,2,1.0,1,DELIVERED,PICKUP,
9000000983,1000000983,207.0,209.0,884,1,,1227,DELIVERED,Correo Argentino,TRK-JNY6OZOZEN
9000000984,1000000984,306.0,309.0,783,1,,1609,DELIVERED,Correo Argentino,TRK-RJS5XJOLYK
9000000985,1000000985,,,1080,2,4.0,4,CANCELLED,PICKUP,
9000000986,1000000986,100.0,105.0,195,1,,1922,DELIVERED,Correo Argentino,TRK-1KDBCHVJ4P
9000000987,1000000987,104.0,105.0,81,2,1.0,1,DELIVERED,PICKUP,
9000000988,1000000988,359.0,360.0,299,2,4.0,4,DELIVERED,PICKUP,
9000000989,1000000989,87.0,89.0,293,1,,1738,SHIPPED,Correo Argentino,TRK-I4K8INFN7U
9000000990,1000000990,581.0,582.0,1318,2,2.0,2,DELIVERED,PICKUP,
9000000991,1000000991,117.0,122.0,1176,1,,1800,DELIVERED,Correo Argentino,TRK-5878YEC3FF
9000000992,1000000992,614.0,615.0,435,2,2.0,2,DELIVERED,PICKUP,
9000000993,1000000993,428.0,429.0,1209,2,1.0,1,DELIVERED,PICKUP,
9000000994,1000000994,291.0,292.0,664,2,2.0,2,DELIVERED,PICKUP,
9000000995,1000000995,98.0,103.0,1375,1,,436,DELIVERED,Correo Argentino,TRK-VHHBXCSXCX
9000000996,1000000996,632.0,634.0,866,1,,382,DELIVERED,Correo Argentino,TRK-NT9QX3PBOR
9000000997,1000000997,219.0,222.0,582,1,,1336,DELIVERED,Correo Argentino,TRK-3GY1MWMSOS
9000000998,1000000998,,,505,2,3.0,3,CANCELLED,PICKUP,
9000000999,1000000999,507.0,508.0,353,2,2.0,2,SHIPPED,PICKUP,
9000001000,1000001000,40.0,42.0,990,1,,2404,DELIVERED,Correo Argentino,TRK-2JS9TZYZCD
9000001001,1000001001,343.0,346.0,648,1,,1815,DELIVERED,Correo Argentino,TRK-H7UYBM2D93
9000001002,1000001002,635.0,637.0,596,1,,1470,DELIVERED,Correo Argentino,TRK-BZ24WMRYKF
9000001003,1000001003,227.0,229.0,276,1,,3051,DELIVERED,Correo Argentino,TRK-11VS0UFOHH
9000001004,1000001004,337.0,339.0,478,1,,1115,DELIVERED,Correo Argentino,TRK-PEGPDFDM71
9000001005,1000001005,191.0,192.0,1207,2,4.0,4,DELIVERED,PICKUP,
9000001006,1000001006,265.0,268.0,533,1,,446,DELIVERED,Correo Argentino,TRK-RT7NZ5Z6UV
9000001007,1000001007,572.0,573.0,1393,2,4.0,4,DELIVERED,PICKUP,
9000001008,1000001008,251.0,254.0,843,1,,2729,DELIVERED,Correo Argentino,TRK-I2HQ9854KY
9000001009,1000001009,613.0,614.0,252,2,1.0,1,DELIVERED,PICKUP,
9000001010,1000001010,257.0,258.0,787,2,1.0,1,DELIVERED,PICKUP,
9000001011,1000001011,138.0,140.0,16,1,,492,DELIVERED,Correo Argentino,TRK-SGKIZF0NCE
9000001012,1000001012,576.0,580.0,324,1,,637,DELIVERED,Correo Argentino,TRK-IFDLRX9234
9000001013,1000001013,621.0,622.0,601,2,1.0,1,DELIVERED,PICKUP,
9000001014,1000001014,61.0,62.0,1368,2,1.0,1,DELIVERED,PICKUP,
9000001015,1000001015,40.0,41.0,1306,2,2.0,2,DELIVERED,PICKUP,
9000001016,1000001016,505.0,507.0,339,1,,257,DELIVERED,Correo Argentino,TRK-F1PO9XLCLP
9000001017,1000001017,266.0,267.0,1108,2,2.0,2,DELIVERED,PICKUP,
9000001018,1000001018,312.0,316.0,1154,1,,924,SHIPPED,Correo Argentino,TRK-MS9JBTMMWN
9000001019,1000001019,367.0,371.0,527,1,,2997,DELIVERED,Correo Argentino,TRK-7V66GSFWMS
9000001020,1000001020,231.0,234.0,319,1,,2991,DELIVERED,Correo Argentino,TRK-MFE6V5NIDD
9000001021,1000001021,287.0,288.0,756,2,4.0,4,SHIPPED,PICKUP,
9000001022,1000001022,482.0,487.0,299,1,,2420,DELIVERED,Correo Argentino,TRK-EECUOUVW8K
9000001023,1000001023,,,317,1,,2464,CANCELLED,Correo Argentino,
9000001024,1000001024,345.0,346.0,917,2,3.0,3,DELIVERED,PICKUP,
9000001025,1000001025,333.0,334.0,1378,2,1.0,1,DELIVERED,PICKUP,
9000001026,1000001026,293.0,296.0,416,1,,3142,DELIVERED,Correo Argentino,TRK-RRF2HNQCJZ
9000001027,1000001027,540.0,542.0,962,1,,582,DELIVERED,Correo Argentino,TRK-AV77R38IS1
9000001028,1000001028,11.0,13.0,453,1,,3087,DELIVERED,Correo Argentino,TRK-C4AT6PMNTX
9000001029,1000001029,202.0,206.0,113,1,,577,READY,Correo Argentino,TRK-SG7D327KSA
9000001030,1000001030,6.0,10.0,645,1,,890,DELIVERED,Correo Argentino,TRK-YM765WM06H
9000001031,1000001031,,,1212,1,,1233,CANCELLED,Correo Argentino,
9000001032,1000001032,,,468,2,4.0,4,CANCELLED,PICKUP,
9000001033,1000001033,179.0,184.0,183,1,,1866,DELIVERED,Correo Argentino,TRK-JGNQ1G6LLE
9000001034,1000001034,499.0,504.0,1096,1,,2982,DELIVERED,Correo Argentino,TRK-BUQJXL31J8
9000001035,1000001035,316.0,317.0,1436,2,1.0,1,READY,PICKUP,
9000001036,1000001036,190.0,192.0,1404,1,,2672,DELIVERED,Correo Argentino,TRK-JK7L9DCPZ0
9000001037,1000001037,58.0,63.0,134,1,,194,DELIVERED,Correo Argentino,TRK-2KP8IXASGY
9000001038,1000001038,,,691,1,,574,CANCELLED,Correo Argentino,
9000001039,1000001039,424.0,429.0,92,1,,2309,DELIVERED,Correo Argentino,TRK-285ZGBSVO9
9000001040,1000001040,410.0,412.0,1288,1,,476,DELIVERED,Correo Argentino,TRK-MYZJ2VNGJD
9000001041,1000001041,435.0,440.0,918,1,,1391,DELIVERED,Correo Argentino,TRK-181ZBOGE64
9000001042,1000001042,26.0,32.0,370,1,,2206,DELIVERED,Correo Argentino,TRK-6YDYCVSYRP
9000001043,1000001043,416.0,421.0,1206,1,,1561,DELIVERED,Correo Argentino,TRK-7SCJ6PQEHY
9000001044,1000001044,407.0,408.0,104,2,2.0,2,DELIVERED,PICKUP,
9000001045,1000001045,259.0,260.0,1356,2,2.0,2,DELIVERED,PICKUP,
9000001046,1000001046,437.0,441.0,1059,1,,1792,DELIVERED,Correo Argentino,TRK-RYP7ZZ3F8C
9000001047,1000001047,615.0,617.0,642,1,,2949,DELIVERED,Correo Argentino,TRK-P7J757PR7P
9000001048,1000001048,38.0,40.0,138,1,,644,DELIVERED,Correo Argentino,TRK-ZR3CU26SDT
9000001049,1000001049,108.0,109.0,484,2,4.0,4,DELIVERED,PICKUP,
9000001050,1000001050,257.0,260.0,888,1,,2938,DELIVERED,Correo Argentino,TRK-D5JADFY056
9000001051,1000001051,485.0,486.0,264,2,2.0,2,DELIVERED,PICKUP,
9000001052,1000001052,,,1409,1,,2655,CANCELLED,Correo Argentino,
9000001053,1000001053,408.0,409.0,1072,2,4.0,4,DELIVERED,PICKUP,
9000001054,1000001054,605.0,607.0,417,1,,2694,DELIVERED,Correo Argentino,TRK-AQD3QURMHN
9000001055,1000001055,216.0,220.0,642,1,,1470,DELIVERED,Correo Argentino,TRK-7K56OF5CDF
9000001056,1000001056,628.0,630.0,1047,1,,983,DELIVERED,Correo Argentino,TRK-L6WXE6KKRK
9000001057,1000001057,31.0,36.0,1412,1,,924,DELIVERED,Correo Argentino,TRK-F5Q9JUULUN
9000001058,1000001058,,,1394,1,,411,CANCELLED,Correo Argentino,
9000001059,1000001059,32.0,33.0,1215,2,1.0,1,DELIVERED,PICKUP,
9000001060,1000001060,295.0,296.0,649,2,1.0,1,DELIVERED,PICKUP,
9000001061,1000001061,,,1031,2,1.0,1,CANCELLED,PICKUP,
9000001062,1000001062,510.0,514.0,315,1,,35,DELIVERED,Correo Argentino,TRK-YFLPBWTDG6
9000001063,1000001063,166.0,167.0,1076,2,4.0,4,DELIVERED,PICKUP,
9000001064,1000001064,52.0,53.0,1245,2,1.0,1,DELIVERED,PICKUP,
9000001065,1000001065,605.0,607.0,679,1,,2705,READY,Correo Argentino,TRK-K8R6DDJDEN
9000001066,1000001066,,,248,1,,726,CANCELLED,Correo Argentino,
9000001067,1000001067,125.0,127.0,958,1,,1505,DELIVERED,Correo Argentino,TRK-97YSLTDNQD
9000001068,1000001068,,,740,2,4.0,4,CANCELLED,PICKUP,
9000001069,1000001069,438.0,440.0,800,1,,944,DELIVERED,Correo Argentino,TRK-J7IVK0GOOH
9000001070,1000001070,455.0,456.0,1427,2,1.0,1,DELIVERED,PICKUP,
9000001071,1000001071,190.0,195.0,1379,1,,1257,DELIVERED,Correo Argentino,TRK-7WA9JZXA55
9000001072,1000001072,442.0,446.0,54,1,,2169,READY,Correo Argentino,TRK-GJE81DQE8U
9000001073,1000001073,179.0,183.0,66,1,,362,READY,Correo Argentino,TRK-BHIQ61KJR4
9000001074,1000001074,41.0,42.0,447,2,3.0,3,DELIVERED,PICKUP,
9000001075,1000001075,377.0,383.0,1351,1,,2665,SHIPPED,Correo Argentino,TRK-VF5HWDA7WC
9000001076,1000001076,155.0,162.0,161,1,,2380,DELIVERED,Correo Argentino,TRK-C8MBQTUV2R
9000001077,1000001077,327.0,334.0,545,1,,278,DELIVERED,Correo Argentino,TRK-8H0O5IAE83
9000001078,1000001078,409.0,412.0,1248,1,,2074,DELIVERED,Correo Argentino,TRK-1MGQYOJP5P
9000001079,1000001079,,,513,2,3.0,3,CANCELLED,PICKUP,
9000001080,1000001080,352.0,357.0,397,1,,280,DELIVERED,Correo Argentino,TRK-SIVZB2SUP0
9000001081,1000001081,14.0,19.0,1015,1,,1227,DELIVERED,Correo Argentino,TRK-TR9YBC06DR
9000001082,1000001082,,,1200,1,,2460,CANCELLED,Correo Argentino,
9000001083,1000001083,33.0,38.0,23,1,,1022,DELIVERED,Correo Argentino,TRK-Y8H7UTUTZM
9000001084,1000001084,283.0,286.0,1029,1,,888,DELIVERED,Correo Argentino,TRK-SBYI47PCNU
9000001085,1000001085,52.0,54.0,819,1,,505,DELIVERED,Correo Argentino,TRK-C2MG5R7XIV
9000001086,1000001086,121.0,126.0,494,1,,2750,DELIVERED,Correo Argentino,TRK-GE6KRSIIKI
9000001087,1000001087,601.0,602.0,1406,2,1.0,1,DELIVERED,PICKUP,
9000001088,1000001088,,,1177,1,,1758,CANCELLED,Correo Argentino,
9000001089,1000001089,631.0,635.0,1234,1,,86,DELIVERED,Correo Argentino,TRK-JL2VX7RPG2
9000001090,1000001090,624.0,628.0,520,1,,2296,DELIVERED,Correo Argentino,TRK-4BR3RNXXII
9000001091,1000001091,285.0,286.0,810,2,2.0,2,DELIVERED,PICKUP,
9000001092,1000001092,355.0,362.0,468,1,,1806,DELIVERED,Correo Argentino,TRK-LP8UW1U8DA
9000001093,1000001093,452.0,453.0,1331,2,3.0,3,DELIVERED,PICKUP,
9000001094,1000001094,474.0,475.0,145,2,4.0,4,DELIVERED,PICKUP,
9000001095,1000001095,456.0,459.0,39,1,,2730,DELIVERED,Correo Argentino,TRK-DFZL5JS3F0
9000001096,1000001096,27.0,32.0,175,1,,1323,DELIVERED,Correo Argentino,TRK-4O6YI8B8MC
9000001097,1000001097,109.0,110.0,276,2,3.0,3,DELIVERED,PICKUP,
9000001098,1000001098,203.0,205.0,1054,1,,715,DELIVERED,Correo Argentino,TRK-DHSUDFLPSG
9000001099,1000001099,527.0,528.0,690,2,2.0,2,DELIVERED,PICKUP,
9000001100,1000001100,567.0,570.0,828,1,,202,DELIVERED,Correo Argentino,TRK-3O5TKUDWQ5
9000001101,1000001101,89.0,90.0,302,2,4.0,4,DELIVERED,PICKUP,
9000001102,1000001102,190.0,193.0,604,1,,2495,DELIVERED,Correo Argentino,TRK-CRCM4RNRUG
9000001103,1000001103,38.0,41.0,298,1,,1875,DELIVERED,Correo Argentino,TRK-RUBHVNJTPQ
9000001104,1000001104,549.0,550.0,887,2,3.0,3,DELIVERED,PICKUP,
9000001105,1000001105,342.0,347.0,1083,1,,2257,DELIVERED,Correo Argentino,TRK-BOAROE2WBI
9000001106,1000001106,309.0,314.0,859,1,,2620,DELIVERED,Correo Argentino,TRK-DWGUVUFXFL
9000001107,1000001107,237.0,238.0,220,2,4.0,4,DELIVERED,PICKUP,
9000001108,1000001108,,,774,2,2.0,2,CANCELLED,PICKUP,
9000001109,1000001109,217.0,219.0,547,1,,1603,DELIVERED,Correo Argentino,TRK-PY99DM4OFW
9000001110,1000001110,207.0,208.0,1127,2,2.0,2,SHIPPED,PICKUP,
9000001111,1000001111,434.0,438.0,839,1,,1119,DELIVERED,Correo Argentino,TRK-RNRMEPSV6T
9000001112,1000001112,570.0,571.0,771,2,3.0,3,DELIVERED,PICKUP,
9000001113,1000001113,492.0,493.0,1296,2,4.0,4,DELIVERED,PICKUP,
9000001114,1000001114,479.0,482.0,447,1,,2974,DELIVERED,Correo Argentino,TRK-1GSMX74XUT
9000001115,1000001115,157.0,158.0,158,2,3.0,3,DELIVERED,PICKUP,
9000001116,1000001116,585.0,587.0,1169,1,,830,DELIVERED,Correo Argentino,TRK-P6MCMNNK6A
9000001117,1000001117,531.0,532.0,1010,2,4.0,4,DELIVERED,PICKUP,
9000001118,1000001118,394.0,395.0,758,2,1.0,1,DELIVERED,PICKUP,
9000001119,1000001119,47.0,48.0,974,2,2.0,2,DELIVERED,PICKUP,
9000001120,1000001120,504.0,505.0,978,2,2.0,2,DELIVERED,PICKUP,
9000001121,1000001121,73.0,74.0,447,2,4.0,4,DELIVERED,PICKUP,
9000001122,1000001122,236.0,241.0,660,1,,1541,DELIVERED,Correo Argentino,TRK-R5I1SOK4KJ
9000001123,1000001123,284.0,285.0,918,2,3.0,3,DELIVERED,PICKUP,
9000001124,1000001124,475.0,478.0,1015,1,,2597,DELIVERED,Correo Argentino,TRK-G906ZE50KW
9000001125,1000001125,582.0,588.0,641,1,,221,SHIPPED,Correo Argentino,TRK-3EVPZZB25W
9000001126,1000001126,323.0,326.0,1184,1,,83,DELIVERED,Correo Argentino,TRK-R2ZC0X8OGR
9000001127,1000001127,286.0,291.0,1355,1,,2876,DELIVERED,Correo Argentino,TRK-CPG590WBKP
9000001128,1000001128,300.0,301.0,1399,2,3.0,3,DELIVERED,PICKUP,
9000001129,1000001129,279.0,280.0,333,2,1.0,1,SHIPPED,PICKUP,
9000001130,1000001130,622.0,623.0,214,2,1.0,1,DELIVERED,PICKUP,
9000001131,1000001131,451.0,452.0,1010,2,3.0,3,DELIVERED,PICKUP,
9000001132,1000001132,431.0,432.0,531,2,2.0,2,READY,PICKUP,
9000001133,1000001133,507.0,510.0,232,1,,1836,DELIVERED,Correo Argentino,TRK-YVIZUUV5XH
9000001134,1000001134,638.0,641.0,545,1,,374,DELIVERED,Correo Argentino,TRK-7F139FX1PA
9000001135,1000001135,105.0,107.0,414,1,,1637,DELIVERED,Correo Argentino,TRK-OO20W4FKE9
9000001136,1000001136,320.0,323.0,14,1,,3109,DELIVERED,Correo Argentino,TRK-FGP9RJOZG4
9000001137,1000001137,536.0,539.0,1059,1,,321,SHIPPED,Correo Argentino,TRK-KATZ4L48X9
9000001138,1000001138,259.0,264.0,1008,1,,1760,SHIPPED,Correo Argentino,TRK-ZFY96P5WPE
9000001139,1000001139,217.0,222.0,1470,1,,2090,DELIVERED,Correo Argentino,TRK-T1R9GGSPAJ
9000001140,1000001140,370.0,372.0,146,1,,1644,DELIVERED,Correo Argentino,TRK-F2UM8HE9E5
9000001141,1000001141,543.0,549.0,365,1,,519,DELIVERED,Correo Argentino,TRK-N2ZQ7Q5XCB
9000001142,1000001142,406.0,407.0,1098,2,2.0,2,DELIVERED,PICKUP,
9000001143,1000001143,597.0,602.0,1146,1,,34,DELIVERED,Correo Argentino,TRK-M3R3MFZK85
9000001144,1000001144,552.0,553.0,1109,2,1.0,1,DELIVERED,PICKUP,
9000001145,1000001145,621.0,622.0,308,2,1.0,1,SHIPPED,PICKUP,
9000001146,1000001146,573.0,574.0,578,2,1.0,1,DELIVERED,PICKUP,
9000001147,1000001147,541.0,545.0,697,1,,2469,READY,Correo Argentino,TRK-O7PWPX7QA7
9000001148,1000001148,396.0,400.0,110,1,,519,DELIVERED,Correo Argentino,TRK-MTX8XLVKWK
9000001149,1000001149,335.0,338.0,427,1,,2616,DELIVERED,Correo Argentino,TRK-3AK1OPDSN5
9000001150,1000001150,111.0,114.0,695,1,,1220,DELIVERED,Correo Argentino,TRK-305PURQ5WN
9000001151,1000001151,,,493,1,,427,CANCELLED,Correo Argentino,
9000001152,1000001152,278.0,282.0,776,1,,435,SHIPPED,Correo Argentino,TRK-4CEZDJJFNF
9000001153,1000001153,59.0,63.0,1278,1,,22,DELIVERED,Correo Argentino,TRK-Z652AUVIP0
9000001154,1000001154,367.0,370.0,297,1,,2639,DELIVERED,Correo Argentino,TRK-KLYY55HUHR
9000001155,1000001155,143.0,144.0,1455,2,3.0,3,DELIVERED,PICKUP,
9000001156,1000001156,284.0,289.0,728,1,,494,DELIVERED,Correo Argentino,TRK-D7186PMD2Q
9000001157,1000001157,497.0,498.0,62,2,1.0,1,DELIVERED,PICKUP,
9000001158,1000001158,199.0,200.0,1071,2,3.0,3,DELIVERED,PICKUP,
9000001159,1000001159,602.0,606.0,880,1,,2296,DELIVERED,Correo Argentino,TRK-G7BWOF95MB
9000001160,1000001160,107.0,112.0,77,1,,2516,SHIPPED,Correo Argentino,TRK-9OQAGRWGUO
9000001161,1000001161,111.0,113.0,1138,1,,709,DELIVERED,Correo Argentino,TRK-PNWYOLJ42P
9000001162,1000001162,443.0,444.0,1500,2,3.0,3,DELIVERED,PICKUP,
9000001163,1000001163,102.0,105.0,688,1,,1721,DELIVERED,Correo Argentino,TRK-WHH5E3S5QJ
9000001164,1000001164,18.0,19.0,598,2,4.0,4,DELIVERED,PICKUP,
9000001165,1000001165,56.0,57.0,477,2,3.0,3,DELIVERED,PICKUP,
9000001166,1000001166,352.0,355.0,936,1,,1671,DELIVERED,Correo Argentino,TRK-DRUBQ7YX50
9000001167,1000001167,199.0,204.0,244,1,,2524,DELIVERED,Correo Argentino,TRK-CX2FV2OF6X
9000001168,1000001168,417.0,419.0,1360,1,,1257,SHIPPED,Correo Argentino,TRK-3BQOQR7GYS
9000001169,1000001169,104.0,109.0,449,1,,1348,DELIVERED,Correo Argentino,TRK-HLYCG6NE45
9000001170,1000001170,220.0,221.0,659,2,4.0,4,DELIVERED,PICKUP,
9000001171,1000001171,,,457,2,2.0,2,CANCELLED,PICKUP,
9000001172,1000001172,540.0,542.0,136,1,,1128,DELIVERED,Correo Argentino,TRK-ZG5XNBYWPE
9000001173,1000001173,564.0,565.0,1171,2,2.0,2,DELIVERED,PICKUP,
9000001174,1000001174,380.0,385.0,171,1,,2280,SHIPPED,Correo Argentino,TRK-HHVPAKEA3M
9000001175,1000001175,,,425,1,,2385,CANCELLED,Correo Argentino,
9000001176,1000001176,514.0,517.0,333,1,,2468,SHIPPED,Correo Argentino,TRK-JW87SZZMTV
9000001177,1000001177,258.0,260.0,1466,1,,964,DELIVERED,Correo Argentino,TRK-TPH61ITBTR
9000001178,1000001178,63.0,68.0,336,1,,520,DELIVERED,Correo Argentino,TRK-QNQPIF6EYY
9000001179,1000001179,539.0,542.0,1296,1,,1490,DELIVERED,Correo Argentino,TRK-5QAXNZIW3K
9000001180,1000001180,234.0,238.0,514,1,,2014,DELIVERED,Correo Argentino,TRK-7RYEUBHS15
9000001181,1000001181,413.0,416.0,951,1,,2522,DELIVERED,Correo Argentino,TRK-7TWI8HYRYI
9000001182,1000001182,254.0,255.0,1126,2,1.0,1,DELIVERED,PICKUP,
9000001183,1000001183,188.0,190.0,802,1,,1242,DELIVERED,Correo Argentino,TRK-HQ46VVDRUA
9000001184,1000001184,452.0,454.0,1382,1,,2705,SHIPPED,Correo Argentino,TRK-TPBRWLYU9R
9000001185,1000001185,320.0,321.0,1142,2,1.0,1,DELIVERED,PICKUP,
9000001186,1000001186,33.0,34.0,1408,2,2.0,2,DELIVERED,PICKUP,
9000001187,1000001187,429.0,434.0,61,1,,1777,DELIVERED,Correo Argentino,TRK-SBMK9AL7TN
9000001188,1000001188,585.0,588.0,239,1,,1942,DELIVERED,Correo Argentino,TRK-AX5ATOMFFK
9000001189,1000001189,125.0,126.0,304,2,3.0,3,DELIVERED,PICKUP,
9000001190,1000001190,114.0,116.0,133,1,,1624,SHIPPED,Correo Argentino,TRK-SVQUWJHUSR
9000001191,1000001191,392.0,394.0,1280,1,,3053,DELIVERED,Correo Argentino,TRK-ZQCLO8L5KB
9000001192,1000001192,390.0,394.0,687,1,,2000,DELIVERED,Correo Argentino,TRK-1I9695R4FM
9000001193,1000001193,267.0,268.0,577,2,1.0,1,DELIVERED,PICKUP,
9000001194,1000001194,104.0,106.0,1414,1,,644,SHIPPED,Correo Argentino,TRK-B4K53NVXRY
9000001195,1000001195,148.0,151.0,286,1,,425,DELIVERED,Correo Argentino,TRK-TB8TVD9SUT
9000001196,1000001196,,,675,2,3.0,3,CANCELLED,PICKUP,
9000001197,1000001197,437.0,438.0,775,2,2.0,2,DELIVERED,PICKUP,
9000001198,1000001198,405.0,407.0,1224,1,,2673,DELIVERED,Correo Argentino,TRK-21WISH6IFA
9000001199,1000001199,347.0,352.0,822,1,,1421,DELIVERED,Correo Argentino,TRK-KEHKC352F1
9000001200,1000001200,123.0,125.0,839,1,,2634,DELIVERED,Correo Argentino,TRK-2HMY63ADSO
9000001201,1000001201,31.0,35.0,353,1,,1668,READY,Correo Argentino,TRK-9U81MCHIKJ
9000001202,1000001202,576.0,577.0,779,2,4.0,4,DELIVERED,PICKUP,
9000001203,1000001203,308.0,309.0,1317,2,1.0,1,SHIPPED,PICKUP,
9000001204,1000001204,366.0,368.0,1247,1,,2010,DELIVERED,Correo Argentino,TRK-G4C1ARR5TG
9000001205,1000001205,599.0,606.0,1315,1,,591,DELIVERED,Correo Argentino,TRK-ZDT1NMIHIE
9000001206,1000001206,,,820,2,3.0,3,CANCELLED,PICKUP,
9000001207,1000001207,211.0,213.0,633,1,,254,DELIVERED,Correo Argentino,TRK-92S9QGD9EH
9000001208,1000001208,29.0,33.0,187,1,,2675,SHIPPED,Correo Argentino,TRK-JKW0RFG01H
9000001209,1000001209,324.0,329.0,1443,1,,1128,SHIPPED,Correo Argentino,TRK-5QHY0WNSB7
9000001210,1000001210,536.0,541.0,1225,1,,2762,DELIVERED,Correo Argentino,TRK-7EAF5NIU9W
9000001211,1000001211,541.0,542.0,1092,2,1.0,1,DELIVERED,PICKUP,
9000001212,1000001212,77.0,78.0,193,2,4.0,4,DELIVERED,PICKUP,
9000001213,1000001213,56.0,61.0,184,1,,2098,DELIVERED,Correo Argentino,TRK-FF090983V5
9000001214,1000001214,104.0,107.0,1356,1,,805,DELIVERED,Correo Argentino,TRK-OFVHDVMWY6
9000001215,1000001215,637.0,638.0,167,2,3.0,3,DELIVERED,PICKUP,
9000001216,1000001216,187.0,190.0,215,1,,3150,DELIVERED,Correo Argentino,TRK-WKV3I4BCQ6
9000001217,1000001217,507.0,508.0,416,2,1.0,1,DELIVERED,PICKUP,
9000001218,1000001218,264.0,269.0,1312,1,,3131,DELIVERED,Correo Argentino,TRK-U10IZEWBOS
9000001219,1000001219,279.0,280.0,352,2,2.0,2,DELIVERED,PICKUP,
9000001220,1000001220,485.0,489.0,700,1,,1684,SHIPPED,Correo Argentino,TRK-FLVWUL6RL9
9000001221,1000001221,,,608,1,,2207,CANCELLED,Correo Argentino,
9000001222,1000001222,459.0,462.0,529,1,,3048,DELIVERED,Correo Argentino,TRK-MBX1UYSBFO
9000001223,1000001223,422.0,423.0,980,2,1.0,1,DELIVERED,PICKUP,
9000001224,1000001224,330.0,334.0,825,1,,828,DELIVERED,Correo Argentino,TRK-XLWNG9J4YX
9000001225,1000001225,58.0,59.0,470,2,2.0,2,DELIVERED,PICKUP,
9000001226,1000001226,331.0,335.0,590,1,,2100,DELIVERED,Correo Argentino,TRK-3VFJ02LVRZ
9000001227,1000001227,,,449,1,,2429,CANCELLED,Correo Argentino,
9000001228,1000001228,88.0,93.0,814,1,,1873,DELIVERED,Correo Argentino,TRK-8DY3PW3V7Q
9000001229,1000001229,105.0,106.0,638,2,4.0,4,DELIVERED,PICKUP,
9000001230,1000001230,89.0,95.0,747,1,,183,DELIVERED,Correo Argentino,TRK-4IN9HG9OZG
9000001231,1000001231,611.0,612.0,932,2,3.0,3,SHIPPED,PICKUP,
9000001232,1000001232,612.0,615.0,541,1,,2798,SHIPPED,Correo Argentino,TRK-73OE0OT6N9
9000001233,1000001233,384.0,388.0,517,1,,608,SHIPPED,Correo Argentino,TRK-GTUFEM2JYL
9000001234,1000001234,259.0,262.0,1119,1,,86,DELIVERED,Correo Argentino,TRK-F4SWR48TF3
9000001235,1000001235,441.0,443.0,549,1,,1341,DELIVERED,Correo Argentino,TRK-50W3RZYQX0
9000001236,1000001236,,,774,2,2.0,2,CANCELLED,PICKUP,
9000001237,1000001237,529.0,531.0,1293,1,,2748,DELIVERED,Correo Argentino,TRK-5MKCC0450X
9000001238,1000001238,509.0,511.0,1301,1,,3015,DELIVERED,Correo Argentino,TRK-UOF7F8T3KI
9000001239,1000001239,609.0,610.0,460,2,4.0,4,DELIVERED,PICKUP,
9000001240,1000001240,79.0,83.0,658,1,,402,DELIVERED,Correo Argentino,TRK-IXOYXN4JAA
9000001241,1000001241,,,1370,2,3.0,3,CANCELLED,PICKUP,
9000001242,1000001242,,,299,1,,2632,CANCELLED,Correo Argentino,
9000001243,1000001243,415.0,418.0,122,1,,2691,DELIVERED,Correo Argentino,TRK-3QAOPKSS9A
9000001244,1000001244,158.0,159.0,1413,2,4.0,4,DELIVERED,PICKUP,
9000001245,1000001245,524.0,525.0,235,2,3.0,3,DELIVERED,PICKUP,
9000001246,1000001246,174.0,178.0,880,1,,2213,DELIVERED,Correo Argentino,TRK-H399IWZGK8
9000001247,1000001247,181.0,184.0,1116,1,,404,DELIVERED,Correo Argentino,TRK-5BF3KSCNLH
9000001248,1000001248,288.0,292.0,920,1,,664,DELIVERED,Correo Argentino,TRK-RWNIE7YVL5
9000001249,1000001249,430.0,437.0,934,1,,1724,DELIVERED,Correo Argentino,TRK-EJ5MHWWQXY
9000001250,1000001250,28.0,30.0,184,1,,1983,DELIVERED,Correo Argentino,TRK-INT2TC8YBO
9000001251,1000001251,330.0,334.0,1401,1,,770,DELIVERED,Correo Argentino,TRK-AY0RSG5U3H
9000001252,1000001252,514.0,516.0,1257,1,,593,DELIVERED,Correo Argentino,TRK-0QTA9X7V1F
9000001253,1000001253,270.0,272.0,1360,1,,2745,DELIVERED,Correo Argentino,TRK-63YRXK65AW
9000001254,1000001254,95.0,97.0,63,1,,1156,DELIVERED,Correo Argentino,TRK-H0ODOR9AAC
9000001255,1000001255,562.0,565.0,767,1,,996,DELIVERED,Correo Argentino,TRK-OWE5ESAGKA
9000001256,1000001256,381.0,386.0,677,1,,2278,DELIVERED,Correo Argentino,TRK-C5BFV2KGGH
9000001257,1000001257,160.0,163.0,446,1,,251,SHIPPED,Correo Argentino,TRK-D9AZIWEIRK
9000001258,1000001258,192.0,194.0,15,1,,1016,DELIVERED,Correo Argentino,TRK-J5IR1WL2I4
9000001259,1000001259,184.0,187.0,1207,1,,1827,DELIVERED,Correo Argentino,TRK-X2FFB3XO76
9000001260,1000001260,286.0,287.0,721,2,1.0,1,DELIVERED,PICKUP,
9000001261,1000001261,107.0,111.0,142,1,,2538,DELIVERED,Correo Argentino,TRK-49EKYK7YQ5
9000001262,1000001262,208.0,210.0,570,1,,2768,DELIVERED,Correo Argentino,TRK-DPKB11FM1O
9000001263,1000001263,,,1111,2,1.0,1,CANCELLED,PICKUP,
9000001264,1000001264,114.0,118.0,1226,1,,705,SHIPPED,Correo Argentino,TRK-VYUIU3XMVQ
9000001265,1000001265,634.0,639.0,165,1,,2244,DELIVERED,Correo Argentino,TRK-C80HLROB93
9000001266,1000001266,,,60,2,2.0,2,CANCELLED,PICKUP,
9000001267,1000001267,193.0,196.0,293,1,,1906,DELIVERED,Correo Argentino,TRK-9MCJ1MK92X
9000001268,1000001268,424.0,427.0,385,1,,746,DELIVERED,Correo Argentino,TRK-K98Q89FYCY
9000001269,1000001269,29.0,34.0,748,1,,1509,DELIVERED,Correo Argentino,TRK-E93ZMXO4NI
9000001270,1000001270,311.0,316.0,559,1,,1809,READY,Correo Argentino,TRK-SI91XRLGWC
9000001271,1000001271,,,151,2,4.0,4,CANCELLED,PICKUP,
9000001272,1000001272,93.0,95.0,189,1,,2899,DELIVERED,Correo Argentino,TRK-O9MAWOBPKA
9000001273,1000001273,25.0,27.0,1438,1,,1455,DELIVERED,Correo Argentino,TRK-I174LXZ1MF
9000001274,1000001274,161.0,163.0,503,1,,348,READY,Correo Argentino,TRK-LV01B2EAJP
9000001275,1000001275,514.0,519.0,889,1,,2357,DELIVERED,Correo Argentino,TRK-7JOA9WAPHI
9000001276,1000001276,531.0,532.0,430,2,2.0,2,DELIVERED,PICKUP,
9000001277,1000001277,317.0,322.0,998,1,,1197,DELIVERED,Correo Argentino,TRK-O4XPCZ07AH
9000001278,1000001278,,,612,1,,809,CANCELLED,Correo Argentino,
9000001279,1000001279,422.0,425.0,658,1,,732,DELIVERED,Correo Argentino,TRK-XNJ01V1PJZ
9000001280,1000001280,453.0,455.0,44,1,,2973,DELIVERED,Correo Argentino,TRK-FFOUF1H06W
9000001281,1000001281,40.0,44.0,892,1,,2925,DELIVERED,Correo Argentino,TRK-536H4VJXOT
9000001282,1000001282,107.0,110.0,1360,1,,339,DELIVERED,Correo Argentino,TRK-RN6BMXQRHK
9000001283,1000001283,74.0,76.0,252,1,,2850,DELIVERED,Correo Argentino,TRK-8Q37MB2XHY
9000001284,1000001284,624.0,625.0,197,2,1.0,1,SHIPPED,PICKUP,
9000001285,1000001285,135.0,136.0,342,2,2.0,2,DELIVERED,PICKUP,
9000001286,1000001286,60.0,61.0,925,2,1.0,1,DELIVERED,PICKUP,
9000001287,1000001287,481.0,486.0,779,1,,3121,SHIPPED,Correo Argentino,TRK-VOHAJ3YVSI
9000001288,1000001288,36.0,43.0,285,1,,2080,SHIPPED,Correo Argentino,TRK-CFC4VG9Z2A
9000001289,1000001289,,,1121,1,,1476,CANCELLED,Correo Argentino,
9000001290,1000001290,638.0,643.0,916,1,,992,DELIVERED,Correo Argentino,TRK-KW1AAKNCME
9000001291,1000001291,86.0,87.0,818,2,2.0,2,SHIPPED,PICKUP,
9000001292,1000001292,334.0,339.0,826,1,,836,DELIVERED,Correo Argentino,TRK-HW7W0K26BP
9000001293,1000001293,356.0,363.0,1082,1,,2877,DELIVERED,Correo Argentino,TRK-ADL7GEW1E6
9000001294,1000001294,80.0,84.0,999,1,,336,DELIVERED,Correo Argentino,TRK-ZF1YHC41O5
9000001295,1000001295,138.0,143.0,488,1,,867,DELIVERED,Correo Argentino,TRK-WI7G3C36F5
9000001296,1000001296,54.0,60.0,1155,1,,1250,DELIVERED,Correo Argentino,TRK-D4MK8456M8
9000001297,1000001297,228.0,229.0,1092,2,2.0,2,DELIVERED,PICKUP,
9000001298,1000001298,,,221,1,,1463,CANCELLED,Correo Argentino,
9000001299,1000001299,,,865,1,,639,CANCELLED,Correo Argentino,
9000001300,1000001300,466.0,467.0,715,2,1.0,1,DELIVERED,PICKUP,
9000001301,1000001301,169.0,173.0,180,1,,601,SHIPPED,Correo Argentino,TRK-UGRT1ERK3S
9000001302,1000001302,428.0,429.0,650,2,4.0,4,DELIVERED,PICKUP,
9000001303,1000001303,84.0,89.0,208,1,,149,DELIVERED,Correo Argentino,TRK-EL873QEO7P
9000001304,1000001304,52.0,53.0,1406,2,3.0,3,DELIVERED,PICKUP,
9000001305,1000001305,288.0,290.0,353,1,,1922,DELIVERED,Correo Argentino,TRK-KXN90TPZK3
9000001306,1000001306,,,1263,1,,505,CANCELLED,Correo Argentino,
9000001307,1000001307,255.0,256.0,1094,2,2.0,2,READY,PICKUP,
9000001308,1000001308,201.0,202.0,318,2,4.0,4,SHIPPED,PICKUP,
9000001309,1000001309,122.0,126.0,1257,1,,1990,DELIVERED,Correo Argentino,TRK-LD2PZ2LX6E
9000001310,1000001310,,,551,2,3.0,3,CANCELLED,PICKUP,
9000001311,1000001311,73.0,77.0,918,1,,1837,SHIPPED,Correo Argentino,TRK-SVDRPS9M0F
9000001312,1000001312,89.0,90.0,800,2,2.0,2,DELIVERED,PICKUP,
9000001313,1000001313,194.0,199.0,1152,1,,2073,DELIVERED,Correo Argentino,TRK-076X6HJGNZ
9000001314,1000001314,244.0,249.0,1471,1,,1941,DELIVERED,Correo Argentino,TRK-ZC4Q3S1J4V
9000001315,1000001315,619.0,626.0,696,1,,2076,SHIPPED,Correo Argentino,TRK-J3I7E4TI3I
9000001316,1000001316,188.0,189.0,945,2,1.0,1,DELIVERED,PICKUP,
9000001317,1000001317,,,214,1,,1015,CANCELLED,Correo Argentino,
9000001318,1000001318,294.0,297.0,465,1,,575,READY,Correo Argentino,TRK-VWOBRUJ1H1
9000001319,1000001319,78.0,82.0,998,1,,3046,DELIVERED,Correo Argentino,TRK-HCJOJZ5K9I
9000001320,1000001320,223.0,226.0,144,1,,198,DELIVERED,Correo Argentino,TRK-I3OE9VU90Z
9000001321,1000001321,365.0,370.0,683,1,,20,DELIVERED,Correo Argentino,TRK-8ERTMCQHM3
9000001322,1000001322,467.0,471.0,937,1,,384,DELIVERED,Correo Argentino,TRK-T6E37TD542
9000001323,1000001323,178.0,180.0,500,1,,2087,DELIVERED,Correo Argentino,TRK-5IA23O40A9
9000001324,1000001324,101.0,102.0,237,2,4.0,4,DELIVERED,PICKUP,
9000001325,1000001325,228.0,232.0,1371,1,,867,DELIVERED,Correo Argentino,TRK-Z4I6R81P04
9000001326,1000001326,463.0,468.0,479,1,,3151,DELIVERED,Correo Argentino,TRK-YQNCF06LHU
9000001327,1000001327,495.0,496.0,786,2,2.0,2,READY,PICKUP,
9000001328,1000001328,170.0,171.0,1148,2,1.0,1,DELIVERED,PICKUP,
9000001329,1000001329,317.0,318.0,756,2,3.0,3,DELIVERED,PICKUP,
9000001330,1000001330,636.0,637.0,1266,2,2.0,2,DELIVERED,PICKUP,
9000001331,1000001331,235.0,236.0,276,2,3.0,3,DELIVERED,PICKUP,
9000001332,1000001332,563.0,564.0,174,2,2.0,2,DELIVERED,PICKUP,
9000001333,1000001333,624.0,625.0,9,2,2.0,2,DELIVERED,PICKUP,
9000001334,1000001334,180.0,182.0,326,1,,1585,DELIVERED,Correo Argentino,TRK-ZCS1OZFSRA
9000001335,1000001335,514.0,515.0,1213,2,2.0,2,DELIVERED,PICKUP,
9000001336,1000001336,621.0,622.0,550,2,4.0,4,DELIVERED,PICKUP,
9000001337,1000001337,398.0,399.0,837,2,2.0,2,DELIVERED,PICKUP,
9000001338,1000001338,3.0,4.0,1303,2,1.0,1,DELIVERED,PICKUP,
9000001339,1000001339,519.0,522.0,327,1,,2109,DELIVERED,Correo Argentino,TRK-G86WFYTJU0
9000001340,1000001340,464.0,465.0,1206,2,1.0,1,READY,PICKUP,
9000001341,1000001341,25.0,28.0,942,1,,74,SHIPPED,Correo Argentino,TRK-ZY8B3JSO8L
9000001342,1000001342,526.0,527.0,379,2,2.0,2,DELIVERED,PICKUP,
9000001343,1000001343,421.0,423.0,186,1,,2778,DELIVERED,Correo Argentino,TRK-EG3KX0H9DR
9000001344,1000001344,524.0,526.0,1264,1,,1252,DELIVERED,Correo Argentino,TRK-ZCFNKLXJHS
9000001345,1000001345,502.0,503.0,1327,2,1.0,1,DELIVERED,PICKUP,
9000001346,1000001346,414.0,419.0,498,1,,1862,DELIVERED,Correo Argentino,TRK-2SBJHWNLCW
9000001347,1000001347,315.0,318.0,1439,1,,2315,DELIVERED,Correo Argentino,TRK-MYJB939XX9
9000001348,1000001348,501.0,502.0,545,2,2.0,2,DELIVERED,PICKUP,
9000001349,1000001349,500.0,504.0,833,1,,1408,SHIPPED,Correo Argentino,TRK-MMZDJDK7ZT
9000001350,1000001350,239.0,241.0,646,1,,1627,SHIPPED,Correo Argentino,TRK-XTB0Z6MU2O
9000001351,1000001351,213.0,215.0,732,1,,783,DELIVERED,Correo Argentino,TRK-VBUQIQMN2W
9000001352,1000001352,182.0,187.0,213,1,,1845,DELIVERED,Correo Argentino,TRK-WR8H22SN5Q
9000001353,1000001353,370.0,371.0,1365,2,3.0,3,DELIVERED,PICKUP,
9000001354,1000001354,309.0,310.0,545,2,1.0,1,DELIVERED,PICKUP,
9000001355,1000001355,,,821,2,3.0,3,CANCELLED,PICKUP,
9000001356,1000001356,482.0,483.0,641,2,1.0,1,DELIVERED,PICKUP,
9000001357,1000001357,418.0,421.0,468,1,,466,DELIVERED,Correo Argentino,TRK-HC8I7B15TR
9000001358,1000001358,353.0,354.0,609,2,2.0,2,SHIPPED,PICKUP,
9000001359,1000001359,,,880,1,,1838,CANCELLED,Correo Argentino,
9000001360,1000001360,605.0,609.0,237,1,,1237,READY,Correo Argentino,TRK-8DNBC1H84Y
9000001361,1000001361,340.0,345.0,506,1,,3017,DELIVERED,Correo Argentino,TRK-OE3H2K7R2G
9000001362,1000001362,229.0,232.0,716,1,,134,READY,Correo Argentino,TRK-N5UBY4VBZU
9000001363,1000001363,589.0,593.0,1141,1,,26,DELIVERED,Correo Argentino,TRK-6YVW3W11KF
9000001364,1000001364,462.0,464.0,1492,1,,1176,DELIVERED,Correo Argentino,TRK-K3NVUFM8HC
9000001365,1000001365,,,1465,1,,3102,CANCELLED,Correo Argentino,
9000001366,1000001366,336.0,338.0,1133,1,,1774,DELIVERED,Correo Argentino,TRK-GDIJ6VRUFF
9000001367,1000001367,560.0,563.0,1120,1,,3095,DELIVERED,Correo Argentino,TRK-J8SFJ2ZEXB
9000001368,1000001368,18.0,21.0,692,1,,639,DELIVERED,Correo Argentino,TRK-RKOKFXMXJP
9000001369,1000001369,427.0,432.0,1176,1,,630,DELIVERED,Correo Argentino,TRK-LWP6EDBQN7
9000001370,1000001370,477.0,479.0,188,1,,3012,DELIVERED,Correo Argentino,TRK-D021117NYX
9000001371,1000001371,466.0,470.0,700,1,,2819,DELIVERED,Correo Argentino,TRK-2KG5EFY50T
9000001372,1000001372,457.0,458.0,194,2,2.0,2,DELIVERED,PICKUP,
9000001373,1000001373,364.0,370.0,1054,1,,2363,DELIVERED,Correo Argentino,TRK-CKY6KDJLHR
9000001374,1000001374,,,993,2,1.0,1,CANCELLED,PICKUP,
9000001375,1000001375,447.0,450.0,337,1,,1493,DELIVERED,Correo Argentino,TRK-YL5DIU321Z
9000001376,1000001376,218.0,219.0,218,2,2.0,2,DELIVERED,PICKUP,
9000001377,1000001377,74.0,79.0,1456,1,,3134,DELIVERED,Correo Argentino,TRK-OIEBQUCPYQ
9000001378,1000001378,271.0,272.0,259,2,1.0,1,DELIVERED,PICKUP,
9000001379,1000001379,190.0,191.0,279,2,4.0,4,DELIVERED,PICKUP,
9000001380,1000001380,502.0,504.0,132,1,,2981,DELIVERED,Correo Argentino,TRK-TZB8VIPXA0
9000001381,1000001381,50.0,51.0,1250,2,2.0,2,DELIVERED,PICKUP,
9000001382,1000001382,537.0,538.0,1354,2,1.0,1,DELIVERED,PICKUP,
9000001383,1000001383,598.0,601.0,1447,1,,313,DELIVERED,Correo Argentino,TRK-YEVKENCPON
9000001384,1000001384,280.0,281.0,995,2,2.0,2,SHIPPED,PICKUP,
9000001385,1000001385,297.0,300.0,755,1,,719,DELIVERED,Correo Argentino,TRK-K3BQMN8I95
9000001386,1000001386,214.0,218.0,964,1,,2943,DELIVERED,Correo Argentino,TRK-T8V3KBWTV0
9000001387,1000001387,207.0,212.0,147,1,,2771,DELIVERED,Correo Argentino,TRK-R1MRKGMXT5
9000001388,1000001388,411.0,412.0,1340,2,1.0,1,DELIVERED,PICKUP,
9000001389,1000001389,487.0,490.0,544,1,,1615,SHIPPED,Correo Argentino,TRK-YQEM4RLX6P
9000001390,1000001390,545.0,549.0,667,1,,2602,SHIPPED,Correo Argentino,TRK-LBDK5AKAD9
9000001391,1000001391,,,1200,2,4.0,4,CANCELLED,PICKUP,
9000001392,1000001392,165.0,169.0,1251,1,,1332,DELIVERED,Correo Argentino,TRK-8A90UUFXFE
9000001393,1000001393,240.0,244.0,1187,1,,1951,DELIVERED,Correo Argentino,TRK-KVXAMLNT5F
9000001394,1000001394,24.0,25.0,1158,2,3.0,3,DELIVERED,PICKUP,
9000001395,1000001395,278.0,280.0,250,1,,3048,DELIVERED,Correo Argentino,TRK-3JNMZITOTB
9000001396,1000001396,358.0,362.0,618,1,,2635,DELIVERED,Correo Argentino,TRK-2T5Z96P1BY
9000001397,1000001397,560.0,561.0,1319,2,3.0,3,DELIVERED,PICKUP,
9000001398,1000001398,313.0,314.0,5,2,2.0,2,DELIVERED,PICKUP,
9000001399,1000001399,398.0,401.0,1390,1,,1814,DELIVERED,Correo Argentino,TRK-NV5X6UM60X
9000001400,1000001400,368.0,372.0,761,1,,2331,DELIVERED,Correo Argentino,TRK-9YKD4FQXX8
9000001401,1000001401,334.0,335.0,16,2,4.0,4,SHIPPED,PICKUP,
9000001402,1000001402,210.0,214.0,261,1,,749,DELIVERED,Correo Argentino,TRK-X8N1CM27Q3
9000001403,1000001403,581.0,586.0,18,1,,616,DELIVERED,Correo Argentino,TRK-ODB5QPHB36
9000001404,1000001404,560.0,563.0,1320,1,,2590,DELIVERED,Correo Argentino,TRK-6OPB37JXTG
9000001405,1000001405,101.0,103.0,1010,1,,1340,DELIVERED,Correo Argentino,TRK-5JDKOUOTP3
9000001406,1000001406,89.0,90.0,614,2,1.0,1,DELIVERED,PICKUP,
9000001407,1000001407,482.0,487.0,1264,1,,1974,DELIVERED,Correo Argentino,TRK-FU9POT7U4Y
9000001408,1000001408,239.0,246.0,1134,1,,930,DELIVERED,Correo Argentino,TRK-R8CLPXRTUW
9000001409,1000001409,407.0,411.0,385,1,,690,DELIVERED,Correo Argentino,TRK-SD2NK6T27Q
9000001410,1000001410,202.0,204.0,235,1,,1712,DELIVERED,Correo Argentino,TRK-BUQILUVGLA
9000001411,1000001411,312.0,315.0,1388,1,,69,DELIVERED,Correo Argentino,TRK-FVX8OCMDT9
9000001412,1000001412,539.0,542.0,398,1,,2715,DELIVERED,Correo Argentino,TRK-6DZIWF9THO
9000001413,1000001413,561.0,563.0,774,1,,2703,DELIVERED,Correo Argentino,TRK-N0V1RUMXX4
9000001414,1000001414,522.0,526.0,833,1,,2930,DELIVERED,Correo Argentino,TRK-YNH8BTE54J
9000001415,1000001415,18.0,19.0,195,2,2.0,2,DELIVERED,PICKUP,
9000001416,1000001416,364.0,365.0,355,2,2.0,2,DELIVERED,PICKUP,
9000001417,1000001417,487.0,488.0,1095,2,2.0,2,DELIVERED,PICKUP,
9000001418,1000001418,,,1374,2,2.0,2,CANCELLED,PICKUP,
9000001419,1000001419,394.0,397.0,1426,1,,676,DELIVERED,Correo Argentino,TRK-3GWEJZMRNX
9000001420,1000001420,194.0,199.0,1226,1,,304,DELIVERED,Correo Argentino,TRK-X98JDL7N1F
9000001421,1000001421,351.0,354.0,561,1,,2514,SHIPPED,Correo Argentino,TRK-4DQ6VASWR8
9000001422,1000001422,122.0,124.0,756,1,,2050,DELIVERED,Correo Argentino,TRK-0VWRGPIU6H
9000001423,1000001423,119.0,120.0,418,2,1.0,1,DELIVERED,PICKUP,
9000001424,1000001424,133.0,137.0,1213,1,,835,SHIPPED,Correo Argentino,TRK-HSZRLPB0NJ
9000001425,1000001425,324.0,325.0,600,2,3.0,3,SHIPPED,PICKUP,
9000001426,1000001426,212.0,213.0,242,2,3.0,3,DELIVERED,PICKUP,
9000001427,1000001427,276.0,277.0,341,2,1.0,1,DELIVERED,PICKUP,
9000001428,1000001428,549.0,550.0,325,2,1.0,1,DELIVERED,PICKUP,
9000001429,1000001429,40.0,44.0,104,1,,336,DELIVERED,Correo Argentino,TRK-NHRU8DXF87
9000001430,1000001430,280.0,281.0,1125,2,1.0,1,DELIVERED,PICKUP,
9000001431,1000001431,581.0,583.0,598,1,,2883,DELIVERED,Correo Argentino,TRK-17JGTSNXP5
9000001432,1000001432,448.0,453.0,20,1,,1081,DELIVERED,Correo Argentino,TRK-9YH1LIV5J7
9000001433,1000001433,567.0,572.0,656,1,,2400,DELIVERED,Correo Argentino,TRK-YFO7HHZXTV
9000001434,1000001434,637.0,638.0,319,2,3.0,3,DELIVERED,PICKUP,
9000001435,1000001435,59.0,60.0,922,2,3.0,3,SHIPPED,PICKUP,
9000001436,1000001436,94.0,95.0,868,2,1.0,1,DELIVERED,PICKUP,
9000001437,1000001437,152.0,153.0,31,2,1.0,1,DELIVERED,PICKUP,
9000001438,1000001438,8.0,9.0,890,2,4.0,4,DELIVERED,PICKUP,
9000001439,1000001439,539.0,544.0,643,1,,2090,DELIVERED,Correo Argentino,TRK-S8S604CKOY
9000001440,1000001440,318.0,321.0,1110,1,,2188,SHIPPED,Correo Argentino,TRK-WELMLFIVUD
9000001441,1000001441,262.0,267.0,1210,1,,2023,DELIVERED,Correo Argentino,TRK-UKBA2N2YH0
9000001442,1000001442,,,1041,2,1.0,1,CANCELLED,PICKUP,
9000001443,1000001443,151.0,153.0,561,1,,412,DELIVERED,Correo Argentino,TRK-8OGIEOTFDG
9000001444,1000001444,,,812,1,,168,CANCELLED,Correo Argentino,
9000001445,1000001445,319.0,320.0,1219,2,3.0,3,SHIPPED,PICKUP,
9000001446,1000001446,69.0,70.0,1246,2,3.0,3,DELIVERED,PICKUP,
9000001447,1000001447,,,116,1,,334,CANCELLED,Correo Argentino,
9000001448,1000001448,353.0,354.0,204,2,2.0,2,DELIVERED,PICKUP,
9000001449,1000001449,485.0,486.0,116,2,3.0,3,DELIVERED,PICKUP,
9000001450,1000001450,191.0,196.0,491,1,,3151,DELIVERED,Correo Argentino,TRK-ICTBUSARW1
9000001451,1000001451,602.0,604.0,1281,1,,1391,DELIVERED,Correo Argentino,TRK-D8G2TUYQC5
9000001452,1000001452,484.0,485.0,384,2,2.0,2,DELIVERED,PICKUP,
9000001453,1000001453,580.0,581.0,595,2,3.0,3,DELIVERED,PICKUP,
9000001454,1000001454,422.0,425.0,185,1,,32,DELIVERED,Correo Argentino,TRK-ZA7PEEBJLT
9000001455,1000001455,567.0,572.0,1329,1,,2560,DELIVERED,Correo Argentino,TRK-QCXN9B25GM
9000001456,1000001456,20.0,21.0,458,2,4.0,4,DELIVERED,PICKUP,
9000001457,1000001457,83.0,88.0,711,1,,1015,SHIPPED,Correo Argentino,TRK-FMLG5V0WAN
9000001458,1000001458,43.0,48.0,1169,1,,667,DELIVERED,Correo Argentino,TRK-UTM4GVVSDZ
9000001459,1000001459,165.0,167.0,1185,1,,1428,DELIVERED,Correo Argentino,TRK-WDPYA1U9X9
9000001460,1000001460,,,1042,2,1.0,1,CANCELLED,PICKUP,
9000001461,1000001461,48.0,49.0,941,2,1.0,1,DELIVERED,PICKUP,
9000001462,1000001462,191.0,192.0,963,2,3.0,3,DELIVERED,PICKUP,
9000001463,1000001463,405.0,407.0,642,1,,1058,SHIPPED,Correo Argentino,TRK-IDARATN8SC
9000001464,1000001464,105.0,106.0,948,2,1.0,1,SHIPPED,PICKUP,
9000001465,1000001465,132.0,134.0,1356,1,,2266,DELIVERED,Correo Argentino,TRK-SBZH4822SW
9000001466,1000001466,,,708,1,,2855,CANCELLED,Correo Argentino,
9000001467,1000001467,47.0,48.0,841,2,1.0,1,DELIVERED,PICKUP,
9000001468,1000001468,592.0,593.0,1325,2,2.0,2,DELIVERED,PICKUP,
9000001469,1000001469,5.0,9.0,703,1,,946,DELIVERED,Correo Argentino,TRK-QLJZGL1VE3
9000001470,1000001470,274.0,280.0,748,1,,1489,DELIVERED,Correo Argentino,TRK-QPK033XBI2
9000001471,1000001471,124.0,125.0,1219,2,4.0,4,SHIPPED,PICKUP,
9000001472,1000001472,83.0,84.0,1358,2,1.0,1,DELIVERED,PICKUP,
9000001473,1000001473,199.0,202.0,395,1,,3102,DELIVERED,Correo Argentino,TRK-O5W5D8QBA3
9000001474,1000001474,334.0,337.0,536,1,,1602,DELIVERED,Correo Argentino,TRK-6PM1OY48FM
9000001475,1000001475,531.0,532.0,31,2,1.0,1,DELIVERED,PICKUP,
9000001476,1000001476,2.0,4.0,1414,1,,3051,SHIPPED,Correo Argentino,TRK-OB95N9GZW4
9000001477,1000001477,83.0,87.0,963,1,,267,DELIVERED,Correo Argentino,TRK-ONRPXA6K56
9000001478,1000001478,583.0,586.0,780,1,,2735,DELIVERED,Correo Argentino,TRK-R5XJB683BT
9000001479,1000001479,,,489,1,,2403,CANCELLED,Correo Argentino,
9000001480,1000001480,476.0,477.0,42,2,3.0,3,DELIVERED,PICKUP,
9000001481,1000001481,102.0,103.0,228,2,1.0,1,DELIVERED,PICKUP,
9000001482,1000001482,411.0,413.0,670,1,,2491,DELIVERED,Correo Argentino,TRK-0WWR850ITW
9000001483,1000001483,204.0,205.0,652,2,2.0,2,DELIVERED,PICKUP,
9000001484,1000001484,258.0,259.0,308,2,1.0,1,DELIVERED,PICKUP,
9000001485,1000001485,364.0,368.0,1094,1,,943,DELIVERED,Correo Argentino,TRK-NJ3ZE6VL13
9000001486,1000001486,191.0,192.0,76,2,3.0,3,DELIVERED,PICKUP,
9000001487,1000001487,230.0,235.0,1435,1,,1156,DELIVERED,Correo Argentino,TRK-THIHPMX721
9000001488,1000001488,278.0,281.0,703,1,,1943,SHIPPED,Correo Argentino,TRK-HZDSPIKNYX
9000001489,1000001489,577.0,578.0,792,2,1.0,1,SHIPPED,PICKUP,
9000001490,1000001490,139.0,144.0,332,1,,3103,DELIVERED,Correo Argentino,TRK-WVGGDIYWFZ
9000001491,1000001491,397.0,399.0,69,1,,2102,DELIVERED,Correo Argentino,TRK-QEPXUZRPLX
9000001492,1000001492,183.0,184.0,311,2,4.0,4,DELIVERED,PICKUP,
9000001493,1000001493,507.0,509.0,724,1,,1774,DELIVERED,Correo Argentino,TRK-KTAAJHKO73
9000001494,1000001494,565.0,569.0,1238,1,,2746,DELIVERED,Correo Argentino,TRK-2KF2RUNVR1
9000001495,1000001495,83.0,84.0,488,2,3.0,3,SHIPPED,PICKUP,
9000001496,1000001496,311.0,312.0,1435,2,3.0,3,DELIVERED,PICKUP,
9000001497,1000001497,486.0,487.0,612,2,3.0,3,DELIVERED,PICKUP,
9000001498,1000001498,53.0,54.0,1116,2,3.0,3,SHIPPED,PICKUP,
9000001499,1000001499,236.0,238.0,1496,1,,1740,SHIPPED,Correo Argentino,TRK-NCO4KW0FV2
9000001500,1000001500,27.0,28.0,559,2,2.0,2,DELIVERED,PICKUP,
9000001501,1000001501,366.0,367.0,745,2,3.0,3,DELIVERED,PICKUP,
9000001502,1000001502,346.0,350.0,790,1,,105,DELIVERED,Correo Argentino,TRK-FGLLALZARZ
9000001503,1000001503,101.0,102.0,67,2,4.0,4,DELIVERED,PICKUP,
9000001504,1000001504,422.0,424.0,1029,1,,402,DELIVERED,Correo Argentino,TRK-BYJUMMJ50H
9000001505,1000001505,599.0,600.0,1360,2,1.0,1,DELIVERED,PICKUP,
9000001506,1000001506,541.0,546.0,1366,1,,135,SHIPPED,Correo Argentino,TRK-IPLY1LK392
9000001507,1000001507,,,404,1,,2213,CANCELLED,Correo Argentino,
9000001508,1000001508,350.0,351.0,102,2,2.0,2,DELIVERED,PICKUP,
9000001509,1000001509,640.0,645.0,1386,1,,3034,DELIVERED,Correo Argentino,TRK-SNUOWCD75T
9000001510,1000001510,132.0,135.0,1026,1,,2197,DELIVERED,Correo Argentino,TRK-CPASHW3DNG
9000001511,1000001511,213.0,215.0,185,1,,3105,DELIVERED,Correo Argentino,TRK-0QCTMMOJ0P
9000001512,1000001512,88.0,92.0,875,1,,465,DELIVERED,Correo Argentino,TRK-F27RAEQRG7
9000001513,1000001513,518.0,519.0,1054,2,4.0,4,READY,PICKUP,
9000001514,1000001514,578.0,581.0,351,1,,1451,DELIVERED,Correo Argentino,TRK-7MZXCBZT9B
9000001515,1000001515,610.0,615.0,1162,1,,1432,DELIVERED,Correo Argentino,TRK-BIJ859O3Q2
9000001516,1000001516,367.0,369.0,1237,1,,969,SHIPPED,Correo Argentino,TRK-56VHWZFG58
9000001517,1000001517,614.0,615.0,633,2,1.0,1,DELIVERED,PICKUP,
9000001518,1000001518,251.0,255.0,405,1,,481,DELIVERED,Correo Argentino,TRK-3L2M09387I
9000001519,1000001519,332.0,336.0,244,1,,2600,DELIVERED,Correo Argentino,TRK-LQBDIXA14O
9000001520,1000001520,522.0,523.0,1048,2,1.0,1,DELIVERED,PICKUP,
9000001521,1000001521,158.0,159.0,324,2,1.0,1,DELIVERED,PICKUP,
9000001522,1000001522,326.0,331.0,179,1,,1164,DELIVERED,Correo Argentino,TRK-CL1GPYR93D
9000001523,1000001523,357.0,358.0,518,2,4.0,4,DELIVERED,PICKUP,
9000001524,1000001524,473.0,476.0,222,1,,2935,DELIVERED,Correo Argentino,TRK-FIXZPTYXRF
9000001525,1000001525,437.0,439.0,1301,1,,773,DELIVERED,Correo Argentino,TRK-RMKSJ4LNY4
9000001526,1000001526,187.0,191.0,884,1,,664,READY,Correo Argentino,TRK-UJNE9LRFTL
9000001527,1000001527,219.0,220.0,865,2,3.0,3,READY,PICKUP,
9000001528,1000001528,2.0,7.0,576,1,,118,DELIVERED,Correo Argentino,TRK-PIKSDX52DE
9000001529,1000001529,245.0,246.0,642,2,1.0,1,DELIVERED,PICKUP,
9000001530,1000001530,,,1318,1,,2692,CANCELLED,Correo Argentino,
9000001531,1000001531,464.0,467.0,1392,1,,1447,DELIVERED,Correo Argentino,TRK-5N293JVJWZ
9000001532,1000001532,88.0,89.0,22,2,3.0,3,DELIVERED,PICKUP,
9000001533,1000001533,505.0,506.0,1086,2,1.0,1,DELIVERED,PICKUP,
9000001534,1000001534,316.0,321.0,995,1,,2422,SHIPPED,Correo Argentino,TRK-WK8NR3TQJK
9000001535,1000001535,318.0,323.0,1362,1,,1871,DELIVERED,Correo Argentino,TRK-A9ZJ1PVPYH
9000001536,1000001536,101.0,102.0,1176,2,3.0,3,DELIVERED,PICKUP,
9000001537,1000001537,239.0,240.0,991,2,3.0,3,DELIVERED,PICKUP,
9000001538,1000001538,92.0,93.0,461,2,4.0,4,READY,PICKUP,
9000001539,1000001539,413.0,414.0,656,2,4.0,4,DELIVERED,PICKUP,
9000001540,1000001540,99.0,102.0,1327,1,,2590,DELIVERED,Correo Argentino,TRK-0W94ZO1UFS
9000001541,1000001541,151.0,152.0,974,2,3.0,3,DELIVERED,PICKUP,
9000001542,1000001542,427.0,432.0,305,1,,171,DELIVERED,Correo Argentino,TRK-5COTR1J5CD
9000001543,1000001543,550.0,553.0,858,1,,877,DELIVERED,Correo Argentino,TRK-W7GSE8AE97
9000001544,1000001544,534.0,538.0,1078,1,,1790,SHIPPED,Correo Argentino,TRK-1NW76X8PH0
9000001545,1000001545,164.0,166.0,1382,1,,2375,DELIVERED,Correo Argentino,TRK-2BW54V1JYW
9000001546,1000001546,9.0,10.0,739,2,3.0,3,DELIVERED,PICKUP,
9000001547,1000001547,533.0,535.0,878,1,,1397,DELIVERED,Correo Argentino,TRK-FLOUTSG8FD
9000001548,1000001548,466.0,468.0,863,1,,2514,DELIVERED,Correo Argentino,TRK-7C9NVQUZG6
9000001549,1000001549,82.0,83.0,504,2,3.0,3,DELIVERED,PICKUP,
9000001550,1000001550,,,810,1,,802,CANCELLED,Correo Argentino,
9000001551,1000001551,399.0,404.0,1339,1,,88,SHIPPED,Correo Argentino,TRK-CMH8HPBT7G
9000001552,1000001552,388.0,390.0,769,1,,1227,DELIVERED,Correo Argentino,TRK-QW4ZYQJN32
9000001553,1000001553,234.0,237.0,952,1,,437,DELIVERED,Correo Argentino,TRK-MI3PY2YLAM
9000001554,1000001554,139.0,143.0,389,1,,834,DELIVERED,Correo Argentino,TRK-FN4ZTNER4B
9000001555,1000001555,600.0,603.0,1039,1,,1461,DELIVERED,Correo Argentino,TRK-YTSG1LL26W
9000001556,1000001556,185.0,189.0,91,1,,1545,DELIVERED,Correo Argentino,TRK-44Z4AQ3B9W
9000001557,1000001557,174.0,176.0,1190,1,,292,DELIVERED,Correo Argentino,TRK-PKB85E6HPZ
9000001558,1000001558,574.0,575.0,762,2,1.0,1,SHIPPED,PICKUP,
9000001559,1000001559,84.0,85.0,520,2,1.0,1,DELIVERED,PICKUP,
9000001560,1000001560,472.0,473.0,604,2,2.0,2,DELIVERED,PICKUP,
9000001561,1000001561,,,1133,1,,2426,CANCELLED,Correo Argentino,
9000001562,1000001562,337.0,340.0,1401,1,,65,DELIVERED,Correo Argentino,TRK-H4EJSHK0FY
9000001563,1000001563,136.0,137.0,298,2,1.0,1,DELIVERED,PICKUP,
9000001564,1000001564,424.0,427.0,1104,1,,1087,DELIVERED,Correo Argentino,TRK-S51HFBSZ91
9000001565,1000001565,309.0,312.0,1309,1,,1913,DELIVERED,Correo Argentino,TRK-SF48955IXC
9000001566,1000001566,499.0,500.0,483,2,4.0,4,DELIVERED,PICKUP,
9000001567,1000001567,173.0,177.0,208,1,,2342,SHIPPED,Correo Argentino,TRK-DDVZZ1869G
9000001568,1000001568,619.0,620.0,1493,2,4.0,4,DELIVERED,PICKUP,
9000001569,1000001569,142.0,147.0,746,1,,2683,DELIVERED,Correo Argentino,TRK-IRV1QYXW0C
9000001570,1000001570,406.0,408.0,1263,1,,2101,DELIVERED,Correo Argentino,TRK-CZ0588P5D6
9000001571,1000001571,471.0,475.0,878,1,,2027,SHIPPED,Correo Argentino,TRK-WK0HGQ32MU
9000001572,1000001572,582.0,583.0,625,2,4.0,4,SHIPPED,PICKUP,
9000001573,1000001573,474.0,478.0,1236,1,,789,DELIVERED,Correo Argentino,TRK-211MVZHH4K
9000001574,1000001574,,,700,1,,2287,CANCELLED,Correo Argentino,
9000001575,1000001575,466.0,470.0,777,1,,677,DELIVERED,Correo Argentino,TRK-VW7TRVDR9X
9000001576,1000001576,44.0,49.0,1341,1,,942,DELIVERED,Correo Argentino,TRK-JR9MHCF7QR
9000001577,1000001577,296.0,300.0,1168,1,,3050,SHIPPED,Correo Argentino,TRK-J453RM2NHU
9000001578,1000001578,73.0,74.0,715,2,2.0,2,DELIVERED,PICKUP,
9000001579,1000001579,450.0,451.0,26,2,4.0,4,DELIVERED,PICKUP,
9000001580,1000001580,,,1469,1,,1185,CANCELLED,Correo Argentino,
9000001581,1000001581,355.0,357.0,783,1,,1574,DELIVERED,Correo Argentino,TRK-IEEQK3IM6P
9000001582,1000001582,248.0,249.0,1323,2,1.0,1,DELIVERED,PICKUP,
9000001583,1000001583,546.0,547.0,8,2,4.0,4,DELIVERED,PICKUP,
9000001584,1000001584,363.0,364.0,336,2,2.0,2,DELIVERED,PICKUP,
9000001585,1000001585,152.0,155.0,386,1,,1240,DELIVERED,Correo Argentino,TRK-RZV3U2GDKB
9000001586,1000001586,630.0,631.0,1375,2,4.0,4,DELIVERED,PICKUP,
9000001587,1000001587,531.0,535.0,162,1,,2625,DELIVERED,Correo Argentino,TRK-SRMOOCXK5X
9000001588,1000001588,64.0,65.0,1203,2,3.0,3,DELIVERED,PICKUP,
9000001589,1000001589,256.0,261.0,835,1,,1743,DELIVERED,Correo Argentino,TRK-K2GI57WXLW
9000001590,1000001590,75.0,76.0,566,2,1.0,1,DELIVERED,PICKUP,
9000001591,1000001591,407.0,409.0,383,1,,1389,DELIVERED,Correo Argentino,TRK-XDYURMF5RC
9000001592,1000001592,165.0,169.0,746,1,,603,SHIPPED,Correo Argentino,TRK-JL4823F93H
9000001593,1000001593,96.0,97.0,383,2,1.0,1,READY,PICKUP,
9000001594,1000001594,634.0,637.0,1419,1,,2989,SHIPPED,Correo Argentino,TRK-4UNNGO4JH7
9000001595,1000001595,326.0,327.0,1037,2,3.0,3,DELIVERED,PICKUP,
9000001596,1000001596,25.0,26.0,775,2,3.0,3,DELIVERED,PICKUP,
9000001597,1000001597,,,1015,1,,1490,CANCELLED,Correo Argentino,
9000001598,1000001598,,,1197,2,1.0,1,CANCELLED,PICKUP,
9000001599,1000001599,454.0,455.0,773,2,3.0,3,DELIVERED,PICKUP,
9000001600,1000001600,557.0,562.0,413,1,,1088,DELIVERED,Correo Argentino,TRK-BMB1FLX0GI
9000001601,1000001601,605.0,608.0,681,1,,2009,DELIVERED,Correo Argentino,TRK-REJ8RDLI0P
9000001602,1000001602,524.0,525.0,1425,2,4.0,4,DELIVERED,PICKUP,
9000001603,1000001603,591.0,593.0,394,1,,1803,DELIVERED,Correo Argentino,TRK-J1BTV81C4H
9000001604,1000001604,533.0,534.0,942,2,2.0,2,SHIPPED,PICKUP,
9000001605,1000001605,521.0,522.0,1238,2,2.0,2,DELIVERED,PICKUP,
9000001606,1000001606,440.0,444.0,1045,1,,168,DELIVERED,Correo Argentino,TRK-Q5SKZMJXWE
9000001607,1000001607,505.0,506.0,594,2,4.0,4,DELIVERED,PICKUP,
9000001608,1000001608,505.0,509.0,58,1,,1138,DELIVERED,Correo Argentino,TRK-4BXBNN3PHG
9000001609,1000001609,392.0,393.0,1008,2,4.0,4,DELIVERED,PICKUP,
9000001610,1000001610,136.0,137.0,1028,2,3.0,3,DELIVERED,PICKUP,
9000001611,1000001611,489.0,490.0,1024,2,4.0,4,DELIVERED,PICKUP,
9000001612,1000001612,350.0,354.0,426,1,,3148,DELIVERED,Correo Argentino,TRK-H3W5QUJQ9K
9000001613,1000001613,519.0,524.0,90,1,,1434,DELIVERED,Correo Argentino,TRK-V7ZBUV68TZ
9000001614,1000001614,622.0,624.0,728,1,,23,SHIPPED,Correo Argentino,TRK-S84DZHM54S
9000001615,1000001615,95.0,100.0,294,1,,1904,DELIVERED,Correo Argentino,TRK-EZUOF1H94C
9000001616,1000001616,444.0,447.0,200,1,,2590,DELIVERED,Correo Argentino,TRK-JVQWT1C7DR
9000001617,1000001617,62.0,63.0,676,2,2.0,2,DELIVERED,PICKUP,
9000001618,1000001618,425.0,430.0,694,1,,2779,DELIVERED,Correo Argentino,TRK-QKOREVTDH6
9000001619,1000001619,,,800,2,4.0,4,CANCELLED,PICKUP,
9000001620,1000001620,498.0,500.0,1418,1,,3079,DELIVERED,Correo Argentino,TRK-TFRU4MH981
9000001621,1000001621,102.0,105.0,245,1,,2574,DELIVERED,Correo Argentino,TRK-PBCKREC5D8
9000001622,1000001622,505.0,508.0,441,1,,1272,DELIVERED,Correo Argentino,TRK-B9PDWYTTJ8
9000001623,1000001623,438.0,441.0,393,1,,1021,DELIVERED,Correo Argentino,TRK-WL8VVQDM6M
9000001624,1000001624,628.0,630.0,1428,1,,3186,DELIVERED,Correo Argentino,TRK-XF99O9TVI2
9000001625,1000001625,185.0,192.0,852,1,,864,DELIVERED,Correo Argentino,TRK-JJEOXE6CCF
9000001626,1000001626,39.0,41.0,379,1,,2267,DELIVERED,Correo Argentino,TRK-7EVS2MEXIT
9000001627,1000001627,263.0,267.0,653,1,,3155,DELIVERED,Correo Argentino,TRK-5DMQMZ00HH
9000001628,1000001628,560.0,565.0,230,1,,1206,DELIVERED,Correo Argentino,TRK-JJZL6ODF43
9000001629,1000001629,599.0,604.0,310,1,,1714,DELIVERED,Correo Argentino,TRK-88F3DYSF1W
9000001630,1000001630,,,689,1,,1251,CANCELLED,Correo Argentino,
9000001631,1000001631,187.0,188.0,715,2,2.0,2,DELIVERED,PICKUP,
9000001632,1000001632,593.0,595.0,520,1,,1353,DELIVERED,Correo Argentino,TRK-P8799FDEBP
9000001633,1000001633,576.0,581.0,896,1,,89,DELIVERED,Correo Argentino,TRK-5PKV79HZJT
9000001634,1000001634,562.0,566.0,703,1,,444,DELIVERED,Correo Argentino,TRK-C5B89UM37J
9000001635,1000001635,323.0,324.0,1365,2,3.0,3,SHIPPED,PICKUP,
9000001636,1000001636,363.0,364.0,746,2,2.0,2,DELIVERED,PICKUP,
9000001637,1000001637,439.0,440.0,789,2,2.0,2,DELIVERED,PICKUP,
9000001638,1000001638,550.0,552.0,77,1,,61,SHIPPED,Correo Argentino,TRK-0S2MIRYRMX
9000001639,1000001639,165.0,168.0,953,1,,2731,READY,Correo Argentino,TRK-JVR7JLBWMU
9000001640,1000001640,272.0,275.0,515,1,,2994,DELIVERED,Correo Argentino,TRK-B9EJ6YP0GD
9000001641,1000001641,241.0,244.0,1066,1,,272,DELIVERED,Correo Argentino,TRK-TFOTP3Z4RO
9000001642,1000001642,121.0,126.0,1081,1,,627,DELIVERED,Correo Argentino,TRK-4U7IM82G6J
9000001643,1000001643,306.0,308.0,1232,1,,3038,DELIVERED,Correo Argentino,TRK-VGYWVZTU8S
9000001644,1000001644,196.0,197.0,585,2,4.0,4,DELIVERED,PICKUP,
9000001645,1000001645,451.0,452.0,624,2,1.0,1,DELIVERED,PICKUP,
9000001646,1000001646,77.0,78.0,931,2,1.0,1,SHIPPED,PICKUP,
9000001647,1000001647,205.0,209.0,932,1,,48,SHIPPED,Correo Argentino,TRK-K7A4VXFI1V
9000001648,1000001648,41.0,45.0,930,1,,2954,DELIVERED,Correo Argentino,TRK-28PUG8LVSW
9000001649,1000001649,436.0,437.0,1114,2,3.0,3,DELIVERED,PICKUP,
9000001650,1000001650,13.0,15.0,746,1,,1384,SHIPPED,Correo Argentino,TRK-N1NXX2MTJ3
9000001651,1000001651,597.0,601.0,1306,1,,283,DELIVERED,Correo Argentino,TRK-FFJ72TY87X
9000001652,1000001652,10.0,12.0,741,1,,228,DELIVERED,Correo Argentino,TRK-TKO0I7LAO5
9000001653,1000001653,486.0,487.0,1305,2,4.0,4,DELIVERED,PICKUP,
9000001654,1000001654,,,435,1,,2630,CANCELLED,Correo Argentino,
9000001655,1000001655,364.0,365.0,217,2,2.0,2,DELIVERED,PICKUP,
9000001656,1000001656,513.0,514.0,944,2,3.0,3,SHIPPED,PICKUP,
9000001657,1000001657,338.0,339.0,595,2,1.0,1,DELIVERED,PICKUP,
9000001658,1000001658,9.0,10.0,156,2,2.0,2,DELIVERED,PICKUP,
9000001659,1000001659,533.0,534.0,1323,2,2.0,2,DELIVERED,PICKUP,
9000001660,1000001660,153.0,155.0,1345,1,,2182,READY,Correo Argentino,TRK-EQRTELQ8YH
9000001661,1000001661,27.0,31.0,860,1,,2180,DELIVERED,Correo Argentino,TRK-UFCBSHUT9Y
9000001662,1000001662,205.0,206.0,136,2,1.0,1,DELIVERED,PICKUP,
9000001663,1000001663,277.0,278.0,1460,2,1.0,1,DELIVERED,PICKUP,
9000001664,1000001664,321.0,325.0,23,1,,2468,DELIVERED,Correo Argentino,TRK-ZIYKOR6EW0
9000001665,1000001665,99.0,101.0,258,1,,728,DELIVERED,Correo Argentino,TRK-CJI0UUZ1Q4
9000001666,1000001666,47.0,48.0,1343,2,4.0,4,DELIVERED,PICKUP,
9000001667,1000001667,104.0,110.0,311,1,,1646,DELIVERED,Correo Argentino,TRK-KWP7M3LIOX
9000001668,1000001668,276.0,278.0,662,1,,500,DELIVERED,Correo Argentino,TRK-9VL6L64RD0
9000001669,1000001669,135.0,136.0,538,2,1.0,1,SHIPPED,PICKUP,
9000001670,1000001670,285.0,290.0,1212,1,,2204,DELIVERED,Correo Argentino,TRK-4QFGXRFU7S
9000001671,1000001671,,,282,2,1.0,1,CANCELLED,PICKUP,
9000001672,1000001672,45.0,50.0,1248,1,,1055,READY,Correo Argentino,TRK-04CSMLZZFQ
9000001673,1000001673,310.0,311.0,294,2,3.0,3,DELIVERED,PICKUP,
9000001674,1000001674,87.0,89.0,1148,1,,980,SHIPPED,Correo Argentino,TRK-Q4R40FPJUE
9000001675,1000001675,437.0,439.0,475,1,,372,DELIVERED,Correo Argentino,TRK-V2670CO6Z5
9000001676,1000001676,609.0,612.0,1492,1,,2033,SHIPPED,Correo Argentino,TRK-0KF6VHX0L7
9000001677,1000001677,320.0,324.0,1004,1,,2863,DELIVERED,Correo Argentino,TRK-HZWLSSEAST
9000001678,1000001678,508.0,513.0,427,1,,682,DELIVERED,Correo Argentino,TRK-V4AVG874AV
9000001679,1000001679,396.0,401.0,1490,1,,2382,DELIVERED,Correo Argentino,TRK-LKJ41FM7ZT
9000001680,1000001680,330.0,334.0,1403,1,,1818,SHIPPED,Correo Argentino,TRK-9Y7G0TCPZD
9000001681,1000001681,104.0,111.0,142,1,,2176,DELIVERED,Correo Argentino,TRK-5ZNT6YC750
9000001682,1000001682,564.0,565.0,890,2,3.0,3,DELIVERED,PICKUP,
9000001683,1000001683,354.0,359.0,1265,1,,2865,DELIVERED,Correo Argentino,TRK-0Y4Y27TJV1
9000001684,1000001684,64.0,68.0,612,1,,2296,DELIVERED,Correo Argentino,TRK-V86O8FVNTP
9000001685,1000001685,,,166,1,,2835,CANCELLED,Correo Argentino,
9000001686,1000001686,153.0,154.0,330,2,2.0,2,DELIVERED,PICKUP,
9000001687,1000001687,176.0,177.0,1467,2,3.0,3,DELIVERED,PICKUP,
9000001688,1000001688,407.0,412.0,899,1,,186,DELIVERED,Correo Argentino,TRK-2MHOPQH5LK
9000001689,1000001689,259.0,263.0,728,1,,1573,SHIPPED,Correo Argentino,TRK-IO0EMKCTHG
9000001690,1000001690,147.0,148.0,1097,2,3.0,3,SHIPPED,PICKUP,
9000001691,1000001691,424.0,429.0,1003,1,,67,SHIPPED,Correo Argentino,TRK-YXFK32CQGE
9000001692,1000001692,197.0,198.0,1147,2,3.0,3,DELIVERED,PICKUP,
9000001693,1000001693,249.0,250.0,747,2,4.0,4,DELIVERED,PICKUP,
9000001694,1000001694,375.0,376.0,956,2,4.0,4,DELIVERED,PICKUP,
9000001695,1000001695,29.0,30.0,379,2,4.0,4,DELIVERED,PICKUP,
9000001696,1000001696,350.0,355.0,115,1,,2751,DELIVERED,Correo Argentino,TRK-X2BMHN3Q7J
9000001697,1000001697,439.0,444.0,293,1,,2587,SHIPPED,Correo Argentino,TRK-NYSQNPMIDY
9000001698,1000001698,457.0,458.0,1002,2,2.0,2,DELIVERED,PICKUP,
9000001699,1000001699,589.0,590.0,1015,2,1.0,1,DELIVERED,PICKUP,
9000001700,1000001700,391.0,396.0,126,1,,2182,SHIPPED,Correo Argentino,TRK-HEGKJE3WIT
9000001701,1000001701,232.0,237.0,946,1,,1853,DELIVERED,Correo Argentino,TRK-2C5D78TU0R
9000001702,1000001702,577.0,581.0,1005,1,,1275,DELIVERED,Correo Argentino,TRK-5IBDXK4BIE
9000001703,1000001703,308.0,313.0,1018,1,,3188,DELIVERED,Correo Argentino,TRK-EDA7CNMIKE
9000001704,1000001704,175.0,176.0,333,2,4.0,4,DELIVERED,PICKUP,
9000001705,1000001705,409.0,410.0,77,2,3.0,3,DELIVERED,PICKUP,
9000001706,1000001706,459.0,461.0,493,1,,272,DELIVERED,Correo Argentino,TRK-0Q6SSB3AF7
9000001707,1000001707,228.0,229.0,793,2,4.0,4,SHIPPED,PICKUP,
9000001708,1000001708,233.0,234.0,864,2,3.0,3,DELIVERED,PICKUP,
9000001709,1000001709,176.0,177.0,982,2,3.0,3,DELIVERED,PICKUP,
9000001710,1000001710,281.0,284.0,146,1,,1034,DELIVERED,Correo Argentino,TRK-LB1PM55U95
9000001711,1000001711,173.0,174.0,10,2,4.0,4,SHIPPED,PICKUP,
9000001712,1000001712,282.0,284.0,174,1,,2817,SHIPPED,Correo Argentino,TRK-VH7DT6GSH3
9000001713,1000001713,614.0,618.0,210,1,,3055,DELIVERED,Correo Argentino,TRK-9AFG5D5A91
9000001714,1000001714,,,1326,2,3.0,3,CANCELLED,PICKUP,
9000001715,1000001715,377.0,378.0,1032,2,3.0,3,DELIVERED,PICKUP,
9000001716,1000001716,343.0,348.0,708,1,,2103,DELIVERED,Correo Argentino,TRK-S16XQV0IPN
9000001717,1000001717,261.0,266.0,956,1,,1478,DELIVERED,Correo Argentino,TRK-J2QL5U07W1
9000001718,1000001718,66.0,73.0,1468,1,,2103,SHIPPED,Correo Argentino,TRK-EPRAM9NNIW
9000001719,1000001719,278.0,283.0,182,1,,280,DELIVERED,Correo Argentino,TRK-YR5RUNDU7X
9000001720,1000001720,,,295,2,2.0,2,CANCELLED,PICKUP,
9000001721,1000001721,493.0,494.0,1388,2,4.0,4,DELIVERED,PICKUP,
9000001722,1000001722,579.0,583.0,282,1,,2129,DELIVERED,Correo Argentino,TRK-J1FSQHJOFP
9000001723,1000001723,591.0,593.0,1365,1,,2419,DELIVERED,Correo Argentino,TRK-LC8FQ6PP9H
9000001724,1000001724,569.0,570.0,505,2,2.0,2,DELIVERED,PICKUP,
9000001725,1000001725,474.0,479.0,774,1,,2413,SHIPPED,Correo Argentino,TRK-R251CKZ8MK
9000001726,1000001726,511.0,515.0,504,1,,80,DELIVERED,Correo Argentino,TRK-JNRU2BJ4RO
9000001727,1000001727,105.0,110.0,748,1,,1555,DELIVERED,Correo Argentino,TRK-3LTTF6IRD9
9000001728,1000001728,512.0,513.0,479,2,1.0,1,READY,PICKUP,
9000001729,1000001729,617.0,621.0,975,1,,2769,DELIVERED,Correo Argentino,TRK-W4QV1MCJYH
9000001730,1000001730,549.0,551.0,156,1,,96,DELIVERED,Correo Argentino,TRK-1R9U68DH0H
9000001731,1000001731,560.0,561.0,380,2,4.0,4,DELIVERED,PICKUP,
9000001732,1000001732,572.0,574.0,823,1,,2567,DELIVERED,Correo Argentino,TRK-T3O1BAZETT
9000001733,1000001733,200.0,201.0,561,2,1.0,1,DELIVERED,PICKUP,
9000001734,1000001734,52.0,57.0,40,1,,3031,DELIVERED,Correo Argentino,TRK-MHVJHHNATG
9000001735,1000001735,499.0,500.0,270,2,1.0,1,DELIVERED,PICKUP,
9000001736,1000001736,207.0,213.0,557,1,,209,DELIVERED,Correo Argentino,TRK-L7NZ4RQTQV
9000001737,1000001737,166.0,167.0,303,2,1.0,1,DELIVERED,PICKUP,
9000001738,1000001738,247.0,250.0,345,1,,2640,SHIPPED,Correo Argentino,TRK-Y02JUQZ89L
9000001739,1000001739,110.0,111.0,676,2,2.0,2,DELIVERED,PICKUP,
9000001740,1000001740,344.0,345.0,1373,2,3.0,3,DELIVERED,PICKUP,
9000001741,1000001741,117.0,118.0,564,2,3.0,3,DELIVERED,PICKUP,
9000001742,1000001742,145.0,146.0,182,2,3.0,3,DELIVERED,PICKUP,
9000001743,1000001743,128.0,129.0,216,2,4.0,4,DELIVERED,PICKUP,
9000001744,1000001744,599.0,602.0,752,1,,488,DELIVERED,Correo Argentino,TRK-8K6DD68IL7
9000001745,1000001745,370.0,372.0,413,1,,2253,DELIVERED,Correo Argentino,TRK-VFPDUM75F4
9000001746,1000001746,276.0,281.0,1384,1,,490,SHIPPED,Correo Argentino,TRK-3JFWEC9QE3
9000001747,1000001747,13.0,14.0,478,2,4.0,4,SHIPPED,PICKUP,
9000001748,1000001748,64.0,66.0,1049,1,,1712,SHIPPED,Correo Argentino,TRK-OVBUN0L0T4
9000001749,1000001749,124.0,128.0,1271,1,,2938,DELIVERED,Correo Argentino,TRK-OTDIR8W3R4
9000001750,1000001750,,,471,2,1.0,1,CANCELLED,PICKUP,
9000001751,1000001751,415.0,416.0,650,2,4.0,4,DELIVERED,PICKUP,
9000001752,1000001752,210.0,211.0,685,2,4.0,4,DELIVERED,PICKUP,
9000001753,1000001753,516.0,521.0,936,1,,195,DELIVERED,Correo Argentino,TRK-V29VY7LK3B
9000001754,1000001754,584.0,587.0,1189,1,,555,DELIVERED,Correo Argentino,TRK-611MBA5TVD
9000001755,1000001755,278.0,280.0,1130,1,,2832,DELIVERED,Correo Argentino,TRK-UMVIPVNWZV
9000001756,1000001756,500.0,503.0,233,1,,470,DELIVERED,Correo Argentino,TRK-SGWYLXJDIP
9000001757,1000001757,424.0,426.0,626,1,,835,DELIVERED,Correo Argentino,TRK-WQB10D08UT
9000001758,1000001758,5.0,6.0,545,2,4.0,4,SHIPPED,PICKUP,
9000001759,1000001759,186.0,187.0,147,2,4.0,4,DELIVERED,PICKUP,
9000001760,1000001760,355.0,360.0,946,1,,3181,DELIVERED,Correo Argentino,TRK-6LGBK2XWGH
9000001761,1000001761,550.0,551.0,267,2,1.0,1,DELIVERED,PICKUP,
9000001762,1000001762,336.0,337.0,1200,2,1.0,1,DELIVERED,PICKUP,
9000001763,1000001763,634.0,635.0,106,2,2.0,2,DELIVERED,PICKUP,
9000001764,1000001764,401.0,406.0,656,1,,1567,DELIVERED,Correo Argentino,TRK-QVR7L76BYN
9000001765,1000001765,417.0,418.0,1324,2,4.0,4,DELIVERED,PICKUP,
9000001766,1000001766,218.0,219.0,1133,2,2.0,2,DELIVERED,PICKUP,
9000001767,1000001767,181.0,182.0,921,2,4.0,4,DELIVERED,PICKUP,
9000001768,1000001768,147.0,149.0,16,1,,2044,DELIVERED,Correo Argentino,TRK-385A9GU795
9000001769,1000001769,232.0,234.0,1099,1,,3119,DELIVERED,Correo Argentino,TRK-CF06YOQHQ9
9000001770,1000001770,57.0,58.0,920,2,3.0,3,DELIVERED,PICKUP,
9000001771,1000001771,269.0,273.0,503,1,,2634,DELIVERED,Correo Argentino,TRK-KYNUELFP9H
9000001772,1000001772,531.0,532.0,1057,2,4.0,4,DELIVERED,PICKUP,
9000001773,1000001773,538.0,542.0,1044,1,,214,DELIVERED,Correo Argentino,TRK-GMUVZBFAUY
9000001774,1000001774,373.0,378.0,1012,1,,1589,DELIVERED,Correo Argentino,TRK-2XZDT9GQ74
9000001775,1000001775,511.0,512.0,163,2,1.0,1,SHIPPED,PICKUP,
9000001776,1000001776,217.0,218.0,347,2,4.0,4,DELIVERED,PICKUP,
9000001777,1000001777,638.0,643.0,634,1,,1339,SHIPPED,Correo Argentino,TRK-07PNGOX69O
9000001778,1000001778,,,1463,1,,238,CANCELLED,Correo Argentino,
9000001779,1000001779,296.0,299.0,123,1,,1055,DELIVERED,Correo Argentino,TRK-A29LZU3VQV
9000001780,1000001780,635.0,640.0,638,1,,830,DELIVERED,Correo Argentino,TRK-YP7KXTZU8L
9000001781,1000001781,587.0,589.0,1230,1,,1786,DELIVERED,Correo Argentino,TRK-KDJR9V5PL4
9000001782,1000001782,308.0,309.0,689,2,1.0,1,DELIVERED,PICKUP,
9000001783,1000001783,220.0,225.0,1069,1,,1402,DELIVERED,Correo Argentino,TRK-WXGTTDE29S
9000001784,1000001784,119.0,124.0,1335,1,,2824,DELIVERED,Correo Argentino,TRK-2K1R8WJHC9
9000001785,1000001785,,,1312,2,4.0,4,CANCELLED,PICKUP,
9000001786,1000001786,25.0,26.0,992,2,4.0,4,DELIVERED,PICKUP,
9000001787,1000001787,307.0,308.0,713,2,4.0,4,DELIVERED,PICKUP,
9000001788,1000001788,564.0,565.0,1477,2,2.0,2,DELIVERED,PICKUP,
9000001789,1000001789,486.0,490.0,1333,1,,1686,SHIPPED,Correo Argentino,TRK-E2DBR5Z4BR
9000001790,1000001790,381.0,388.0,980,1,,2506,DELIVERED,Correo Argentino,TRK-B9Z2QARH8G
9000001791,1000001791,472.0,473.0,977,2,4.0,4,DELIVERED,PICKUP,
9000001792,1000001792,194.0,197.0,1254,1,,2620,DELIVERED,Correo Argentino,TRK-99Q875N69T
9000001793,1000001793,205.0,208.0,1126,1,,1252,DELIVERED,Correo Argentino,TRK-4NY8NZ33VX
9000001794,1000001794,307.0,311.0,436,1,,2932,DELIVERED,Correo Argentino,TRK-301J8FG9WK
9000001795,1000001795,190.0,192.0,1117,1,,907,DELIVERED,Correo Argentino,TRK-RPCMSQCLB5
9000001796,1000001796,288.0,289.0,276,2,1.0,1,SHIPPED,PICKUP,
9000001797,1000001797,400.0,402.0,551,1,,2831,DELIVERED,Correo Argentino,TRK-ZUYCT8R3XE
9000001798,1000001798,447.0,448.0,1479,2,1.0,1,DELIVERED,PICKUP,
9000001799,1000001799,13.0,14.0,274,2,2.0,2,DELIVERED,PICKUP,
9000001800,1000001800,181.0,182.0,361,2,3.0,3,DELIVERED,PICKUP,
9000001801,1000001801,256.0,261.0,17,1,,1969,SHIPPED,Correo Argentino,TRK-KXZ4QC6KM6
9000001802,1000001802,36.0,39.0,713,1,,2164,SHIPPED,Correo Argentino,TRK-NPPBQEW25E
9000001803,1000001803,,,1142,2,4.0,4,CANCELLED,PICKUP,
9000001804,1000001804,263.0,268.0,1094,1,,2589,DELIVERED,Correo Argentino,TRK-ZA523CC42N
9000001805,1000001805,607.0,611.0,637,1,,2460,DELIVERED,Correo Argentino,TRK-IKB3LVL9OY
9000001806,1000001806,288.0,290.0,1416,1,,48,DELIVERED,Correo Argentino,TRK-WNGCL66T7R
9000001807,1000001807,270.0,272.0,949,1,,2716,DELIVERED,Correo Argentino,TRK-4MW66SO2SU
9000001808,1000001808,,,1146,1,,2287,CANCELLED,Correo Argentino,
9000001809,1000001809,73.0,75.0,1482,1,,279,DELIVERED,Correo Argentino,TRK-7VOFHJ9D94
9000001810,1000001810,258.0,264.0,496,1,,1441,DELIVERED,Correo Argentino,TRK-ICHO8HMR1R
9000001811,1000001811,584.0,589.0,991,1,,2385,DELIVERED,Correo Argentino,TRK-D41CZJE2ST
9000001812,1000001812,205.0,206.0,915,2,2.0,2,READY,PICKUP,
9000001813,1000001813,454.0,455.0,970,2,3.0,3,SHIPPED,PICKUP,
9000001814,1000001814,325.0,326.0,1166,2,3.0,3,DELIVERED,PICKUP,
9000001815,1000001815,338.0,339.0,1038,2,3.0,3,DELIVERED,PICKUP,
9000001816,1000001816,,,1103,2,4.0,4,CANCELLED,PICKUP,
9000001817,1000001817,,,1326,1,,3092,CANCELLED,Correo Argentino,
9000001818,1000001818,373.0,374.0,1066,2,4.0,4,DELIVERED,PICKUP,
9000001819,1000001819,155.0,158.0,1067,1,,2118,DELIVERED,Correo Argentino,TRK-4BEYAM460Q
9000001820,1000001820,596.0,597.0,202,2,1.0,1,READY,PICKUP,
9000001821,1000001821,273.0,277.0,1456,1,,383,DELIVERED,Correo Argentino,TRK-SPO3A4L169
9000001822,1000001822,508.0,509.0,101,2,4.0,4,SHIPPED,PICKUP,
9000001823,1000001823,206.0,207.0,312,2,1.0,1,DELIVERED,PICKUP,
9000001824,1000001824,,,982,2,2.0,2,CANCELLED,PICKUP,
9000001825,1000001825,128.0,129.0,650,2,3.0,3,DELIVERED,PICKUP,
9000001826,1000001826,209.0,210.0,645,2,2.0,2,DELIVERED,PICKUP,
9000001827,1000001827,10.0,11.0,852,2,3.0,3,DELIVERED,PICKUP,
9000001828,1000001828,291.0,295.0,1291,1,,878,DELIVERED,Correo Argentino,TRK-40WSP0AJ77
9000001829,1000001829,434.0,441.0,916,1,,1108,DELIVERED,Correo Argentino,TRK-LUC60C1WSM
9000001830,1000001830,328.0,333.0,680,1,,781,DELIVERED,Correo Argentino,TRK-1IVWBW5RZZ
9000001831,1000001831,227.0,228.0,1001,2,3.0,3,DELIVERED,PICKUP,
9000001832,1000001832,550.0,551.0,1301,2,3.0,3,DELIVERED,PICKUP,
9000001833,1000001833,612.0,617.0,1065,1,,3115,DELIVERED,Correo Argentino,TRK-QSLF4TXGO1
9000001834,1000001834,231.0,234.0,1045,1,,2822,DELIVERED,Correo Argentino,TRK-W1XHVNWYC8
9000001835,1000001835,397.0,398.0,849,2,2.0,2,SHIPPED,PICKUP,
9000001836,1000001836,47.0,48.0,1307,2,1.0,1,DELIVERED,PICKUP,
9000001837,1000001837,534.0,538.0,731,1,,688,SHIPPED,Correo Argentino,TRK-U4JFKNR1H3
9000001838,1000001838,213.0,218.0,221,1,,1679,DELIVERED,Correo Argentino,TRK-9VIAEQA4Q4
9000001839,1000001839,19.0,20.0,1115,2,1.0,1,DELIVERED,PICKUP,
9000001840,1000001840,405.0,409.0,388,1,,1491,SHIPPED,Correo Argentino,TRK-22O2K3UPEK
9000001841,1000001841,35.0,38.0,789,1,,1386,DELIVERED,Correo Argentino,TRK-JAEO2NEIWS
9000001842,1000001842,,,1390,1,,133,CANCELLED,Correo Argentino,
9000001843,1000001843,75.0,76.0,93,2,1.0,1,DELIVERED,PICKUP,
9000001844,1000001844,164.0,169.0,452,1,,1041,DELIVERED,Correo Argentino,TRK-WKZKA3E06V
9000001845,1000001845,380.0,383.0,103,1,,1122,SHIPPED,Correo Argentino,TRK-U4PXLIX5BL
9000001846,1000001846,447.0,454.0,204,1,,934,DELIVERED,Correo Argentino,TRK-X85LNO2A17
9000001847,1000001847,528.0,531.0,1126,1,,724,DELIVERED,Correo Argentino,TRK-N40PZURKY9
9000001848,1000001848,399.0,400.0,1496,2,4.0,4,DELIVERED,PICKUP,
9000001849,1000001849,354.0,357.0,1192,1,,2135,DELIVERED,Correo Argentino,TRK-Y6KAZ7BXXQ
9000001850,1000001850,,,797,1,,2351,CANCELLED,Correo Argentino,
9000001851,1000001851,154.0,155.0,391,2,4.0,4,DELIVERED,PICKUP,
9000001852,1000001852,274.0,275.0,1336,2,2.0,2,DELIVERED,PICKUP,
9000001853,1000001853,209.0,210.0,434,2,3.0,3,DELIVERED,PICKUP,
9000001854,1000001854,436.0,441.0,724,1,,128,DELIVERED,Correo Argentino,TRK-5SNW6I51WG
9000001855,1000001855,522.0,527.0,1157,1,,1565,DELIVERED,Correo Argentino,TRK-M7KW3SPKS3
9000001856,1000001856,209.0,210.0,450,2,2.0,2,DELIVERED,PICKUP,
9000001857,1000001857,527.0,530.0,655,1,,1007,SHIPPED,Correo Argentino,TRK-DJ7XHAZF3V
9000001858,1000001858,283.0,287.0,688,1,,1524,DELIVERED,Correo Argentino,TRK-6061ZV5E8T
9000001859,1000001859,267.0,268.0,274,2,2.0,2,DELIVERED,PICKUP,
9000001860,1000001860,363.0,366.0,815,1,,933,DELIVERED,Correo Argentino,TRK-DFC8KBNKOJ
9000001861,1000001861,270.0,271.0,1202,2,1.0,1,DELIVERED,PICKUP,
9000001862,1000001862,128.0,132.0,208,1,,924,DELIVERED,Correo Argentino,TRK-2H2T610YX4
9000001863,1000001863,440.0,443.0,1119,1,,149,DELIVERED,Correo Argentino,TRK-0Y8ND2YLXD
9000001864,1000001864,341.0,342.0,871,2,4.0,4,DELIVERED,PICKUP,
9000001865,1000001865,402.0,405.0,1089,1,,1987,SHIPPED,Correo Argentino,TRK-LJA6I2B3EM
9000001866,1000001866,245.0,247.0,1313,1,,3145,DELIVERED,Correo Argentino,TRK-3S7KW56AWF
9000001867,1000001867,230.0,231.0,1169,2,1.0,1,DELIVERED,PICKUP,
9000001868,1000001868,380.0,381.0,497,2,1.0,1,DELIVERED,PICKUP,
9000001869,1000001869,190.0,192.0,274,1,,2332,DELIVERED,Correo Argentino,TRK-OBT5AT9HNU
9000001870,1000001870,,,1391,1,,1596,CANCELLED,Correo Argentino,
9000001871,1000001871,442.0,444.0,682,1,,886,DELIVERED,Correo Argentino,TRK-JX64MEANOR
9000001872,1000001872,545.0,546.0,1063,2,2.0,2,DELIVERED,PICKUP,
9000001873,1000001873,220.0,225.0,535,1,,2920,DELIVERED,Correo Argentino,TRK-9MG4UZPYJJ
9000001874,1000001874,465.0,466.0,1140,2,3.0,3,DELIVERED,PICKUP,
9000001875,1000001875,123.0,127.0,712,1,,318,DELIVERED,Correo Argentino,TRK-EYF5G52S8W
9000001876,1000001876,97.0,98.0,771,2,3.0,3,DELIVERED,PICKUP,
9000001877,1000001877,,,1234,2,3.0,3,CANCELLED,PICKUP,
9000001878,1000001878,558.0,561.0,193,1,,551,DELIVERED,Correo Argentino,TRK-BOCM6S07SQ
9000001879,1000001879,141.0,142.0,1481,2,3.0,3,SHIPPED,PICKUP,
9000001880,1000001880,256.0,260.0,1420,1,,261,DELIVERED,Correo Argentino,TRK-4UBB4KQNK4
9000001881,1000001881,307.0,311.0,866,1,,871,DELIVERED,Correo Argentino,TRK-4V4PSV8JS1
9000001882,1000001882,218.0,220.0,1360,1,,1388,DELIVERED,Correo Argentino,TRK-C3GR87P04X
9000001883,1000001883,94.0,95.0,26,2,2.0,2,SHIPPED,PICKUP,
9000001884,1000001884,315.0,316.0,890,2,1.0,1,DELIVERED,PICKUP,
9000001885,1000001885,432.0,433.0,1466,2,2.0,2,DELIVERED,PICKUP,
9000001886,1000001886,23.0,30.0,1114,1,,2424,DELIVERED,Correo Argentino,TRK-U3U6VWHJF6
9000001887,1000001887,65.0,66.0,952,2,2.0,2,DELIVERED,PICKUP,
9000001888,1000001888,309.0,313.0,235,1,,1733,DELIVERED,Correo Argentino,TRK-NGL8TVFIO1
9000001889,1000001889,,,264,1,,1150,CANCELLED,Correo Argentino,
9000001890,1000001890,,,649,1,,1939,CANCELLED,Correo Argentino,
9000001891,1000001891,362.0,366.0,1220,1,,1474,SHIPPED,Correo Argentino,TRK-OFAW4UD35E
9000001892,1000001892,261.0,263.0,868,1,,1664,DELIVERED,Correo Argentino,TRK-S05H12C3PJ
9000001893,1000001893,499.0,501.0,298,1,,987,DELIVERED,Correo Argentino,TRK-OGLYUZHYAC
9000001894,1000001894,400.0,405.0,447,1,,248,SHIPPED,Correo Argentino,TRK-0OG9CB81W4
9000001895,1000001895,353.0,354.0,464,2,3.0,3,DELIVERED,PICKUP,
9000001896,1000001896,102.0,105.0,49,1,,2798,DELIVERED,Correo Argentino,TRK-YC7KLY95YN
9000001897,1000001897,210.0,214.0,454,1,,94,DELIVERED,Correo Argentino,TRK-G6I9DDG6HF
9000001898,1000001898,563.0,564.0,1185,2,4.0,4,DELIVERED,PICKUP,
9000001899,1000001899,403.0,406.0,226,1,,2109,DELIVERED,Correo Argentino,TRK-XURETJ36HU
9000001900,1000001900,113.0,114.0,147,2,2.0,2,DELIVERED,PICKUP,
9000001901,1000001901,259.0,261.0,899,1,,294,DELIVERED,Correo Argentino,TRK-9MFW5Q5KCD
9000001902,1000001902,529.0,530.0,1306,2,3.0,3,DELIVERED,PICKUP,
9000001903,1000001903,151.0,152.0,768,2,1.0,1,READY,PICKUP,
9000001904,1000001904,584.0,585.0,59,2,3.0,3,DELIVERED,PICKUP,
9000001905,1000001905,210.0,211.0,772,2,4.0,4,DELIVERED,PICKUP,
9000001906,1000001906,625.0,628.0,656,1,,2568,DELIVERED,Correo Argentino,TRK-KXB80R59FP
9000001907,1000001907,15.0,16.0,903,2,4.0,4,SHIPPED,PICKUP,
9000001908,1000001908,526.0,527.0,30,2,1.0,1,DELIVERED,PICKUP,
9000001909,1000001909,617.0,618.0,301,2,1.0,1,DELIVERED,PICKUP,
9000001910,1000001910,533.0,534.0,779,2,4.0,4,DELIVERED,PICKUP,
9000001911,1000001911,414.0,416.0,883,1,,380,DELIVERED,Correo Argentino,TRK-OMZBFO7N4N
9000001912,1000001912,21.0,26.0,737,1,,2811,DELIVERED,Correo Argentino,TRK-RPNQINJV7G
9000001913,1000001913,631.0,634.0,1160,1,,67,DELIVERED,Correo Argentino,TRK-M0H2HWSJ5S
9000001914,1000001914,337.0,340.0,140,1,,1522,DELIVERED,Correo Argentino,TRK-4R1YHBQZKC
9000001915,1000001915,494.0,499.0,218,1,,1244,DELIVERED,Correo Argentino,TRK-CDG2Y20T7E
9000001916,1000001916,187.0,188.0,562,2,3.0,3,DELIVERED,PICKUP,
9000001917,1000001917,519.0,524.0,294,1,,83,DELIVERED,Correo Argentino,TRK-JVQ52IP1WW
9000001918,1000001918,,,1053,2,1.0,1,CANCELLED,PICKUP,
9000001919,1000001919,139.0,140.0,733,2,1.0,1,DELIVERED,PICKUP,
9000001920,1000001920,,,548,2,1.0,1,CANCELLED,PICKUP,
9000001921,1000001921,316.0,317.0,370,2,1.0,1,DELIVERED,PICKUP,
9000001922,1000001922,92.0,93.0,1293,2,2.0,2,DELIVERED,PICKUP,
9000001923,1000001923,373.0,378.0,1458,1,,2120,DELIVERED,Correo Argentino,TRK-Z7UMENIA41
9000001924,1000001924,383.0,384.0,233,2,2.0,2,DELIVERED,PICKUP,
9000001925,1000001925,334.0,339.0,820,1,,347,DELIVERED,Correo Argentino,TRK-IKUTCSF73F
9000001926,1000001926,43.0,48.0,1300,1,,1598,DELIVERED,Correo Argentino,TRK-3AVPM17C18
9000001927,1000001927,438.0,439.0,1468,2,1.0,1,DELIVERED,PICKUP,
9000001928,1000001928,436.0,441.0,503,1,,3024,DELIVERED,Correo Argentino,TRK-B4W2HFH1UK
9000001929,1000001929,516.0,521.0,734,1,,445,DELIVERED,Correo Argentino,TRK-M6AGUS9VLM
9000001930,1000001930,139.0,142.0,1479,1,,553,DELIVERED,Correo Argentino,TRK-JZP22040TB
9000001931,1000001931,280.0,281.0,494,2,4.0,4,DELIVERED,PICKUP,
9000001932,1000001932,297.0,298.0,296,2,2.0,2,DELIVERED,PICKUP,
9000001933,1000001933,509.0,510.0,957,2,4.0,4,DELIVERED,PICKUP,
9000001934,1000001934,585.0,586.0,851,2,3.0,3,DELIVERED,PICKUP,
9000001935,1000001935,588.0,593.0,1068,1,,2697,DELIVERED,Correo Argentino,TRK-6CLLWB06HS
9000001936,1000001936,272.0,273.0,387,2,3.0,3,DELIVERED,PICKUP,
9000001937,1000001937,365.0,369.0,634,1,,2444,DELIVERED,Correo Argentino,TRK-DW5POLSJVE
9000001938,1000001938,257.0,262.0,533,1,,2040,DELIVERED,Correo Argentino,TRK-PGY6CU6PD8
9000001939,1000001939,306.0,307.0,851,2,2.0,2,DELIVERED,PICKUP,
9000001940,1000001940,396.0,401.0,1393,1,,1513,DELIVERED,Correo Argentino,TRK-T65SCUMD2O
9000001941,1000001941,473.0,474.0,27,2,1.0,1,DELIVERED,PICKUP,
9000001942,1000001942,177.0,178.0,782,2,2.0,2,DELIVERED,PICKUP,
9000001943,1000001943,387.0,392.0,195,1,,1738,DELIVERED,Correo Argentino,TRK-53RJYGUUYF
9000001944,1000001944,68.0,69.0,278,2,1.0,1,DELIVERED,PICKUP,
9000001945,1000001945,456.0,457.0,904,2,2.0,2,DELIVERED,PICKUP,
9000001946,1000001946,463.0,465.0,555,1,,1319,DELIVERED,Correo Argentino,TRK-N6BAUF7USH
9000001947,1000001947,,,131,1,,2756,CANCELLED,Correo Argentino,
9000001948,1000001948,,,1309,1,,639,CANCELLED,Correo Argentino,
9000001949,1000001949,590.0,595.0,1496,1,,1173,DELIVERED,Correo Argentino,TRK-VT4BI8U0J0
9000001950,1000001950,292.0,294.0,1260,1,,2144,DELIVERED,Correo Argentino,TRK-T49BX8UTT7
9000001951,1000001951,52.0,56.0,9,1,,2675,DELIVERED,Correo Argentino,TRK-7KTERFRQ0D
9000001952,1000001952,248.0,251.0,129,1,,1951,DELIVERED,Correo Argentino,TRK-VHSVYK4R57
9000001953,1000001953,194.0,196.0,349,1,,2734,DELIVERED,Correo Argentino,TRK-6LY1LG70CE
9000001954,1000001954,478.0,479.0,1399,2,2.0,2,DELIVERED,PICKUP,
9000001955,1000001955,439.0,440.0,197,2,4.0,4,DELIVERED,PICKUP,
9000001956,1000001956,,,729,2,1.0,1,CANCELLED,PICKUP,
9000001957,1000001957,214.0,217.0,414,1,,1792,SHIPPED,Correo Argentino,TRK-ICDQ113F8G
9000001958,1000001958,,,1394,1,,1636,CANCELLED,Correo Argentino,
9000001959,1000001959,472.0,476.0,1380,1,,126,SHIPPED,Correo Argentino,TRK-26KIKSOEHP
9000001960,1000001960,426.0,427.0,1087,2,4.0,4,DELIVERED,PICKUP,
9000001961,1000001961,463.0,465.0,1218,1,,2453,DELIVERED,Correo Argentino,TRK-VNVLMX0HGF
9000001962,1000001962,59.0,60.0,650,2,4.0,4,DELIVERED,PICKUP,
9000001963,1000001963,473.0,477.0,114,1,,2155,DELIVERED,Correo Argentino,TRK-JJO7NGM4DU
9000001964,1000001964,246.0,251.0,1004,1,,1799,DELIVERED,Correo Argentino,TRK-THXZ3VKUMG
9000001965,1000001965,304.0,308.0,567,1,,608,DELIVERED,Correo Argentino,TRK-45OHFSFYNC
9000001966,1000001966,249.0,253.0,967,1,,1217,DELIVERED,Correo Argentino,TRK-GZH9XB6E47
9000001967,1000001967,494.0,497.0,944,1,,2780,SHIPPED,Correo Argentino,TRK-PBGD7HU5PF
9000001968,1000001968,268.0,270.0,1150,1,,1793,SHIPPED,Correo Argentino,TRK-96ZL3LLYW4
9000001969,1000001969,300.0,303.0,1301,1,,2132,SHIPPED,Correo Argentino,TRK-2JTHN9F5AM
9000001970,1000001970,,,415,2,3.0,3,CANCELLED,PICKUP,
9000001971,1000001971,,,197,2,2.0,2,CANCELLED,PICKUP,
9000001972,1000001972,532.0,533.0,1280,2,3.0,3,DELIVERED,PICKUP,
9000001973,1000001973,142.0,144.0,707,1,,774,SHIPPED,Correo Argentino,TRK-K3L89VHZH7
9000001974,1000001974,267.0,269.0,750,1,,2875,DELIVERED,Correo Argentino,TRK-5J81GT2MVS
9000001975,1000001975,148.0,153.0,420,1,,171,DELIVERED,Correo Argentino,TRK-SOPYPSZRSO
9000001976,1000001976,98.0,103.0,264,1,,1776,DELIVERED,Correo Argentino,TRK-OPZX6C7EWP
9000001977,1000001977,188.0,189.0,451,2,3.0,3,DELIVERED,PICKUP,
9000001978,1000001978,82.0,83.0,554,2,2.0,2,DELIVERED,PICKUP,
9000001979,1000001979,163.0,164.0,863,2,2.0,2,DELIVERED,PICKUP,
9000001980,1000001980,184.0,188.0,1469,1,,2733,DELIVERED,Correo Argentino,TRK-AU67P574OC
9000001981,1000001981,574.0,575.0,530,2,4.0,4,DELIVERED,PICKUP,
9000001982,1000001982,586.0,587.0,1191,2,2.0,2,SHIPPED,PICKUP,
9000001983,1000001983,91.0,92.0,258,2,3.0,3,DELIVERED,PICKUP,
9000001984,1000001984,430.0,433.0,82,1,,2349,DELIVERED,Correo Argentino,TRK-DZLLDNZEFS
9000001985,1000001985,349.0,351.0,18,1,,838,DELIVERED,Correo Argentino,TRK-17BW2QJN2V
9000001986,1000001986,74.0,75.0,282,2,2.0,2,SHIPPED,PICKUP,
9000001987,1000001987,127.0,131.0,1322,1,,1050,DELIVERED,Correo Argentino,TRK-TPWWQ6PA0B
9000001988,1000001988,320.0,321.0,1459,2,4.0,4,SHIPPED,PICKUP,
9000001989,1000001989,578.0,579.0,186,2,2.0,2,SHIPPED,PICKUP,
9000001990,1000001990,370.0,375.0,405,1,,284,DELIVERED,Correo Argentino,TRK-HTCRYF3DW7
9000001991,1000001991,136.0,140.0,1056,1,,2906,SHIPPED,Correo Argentino,TRK-PASIUW2WXN
9000001992,1000001992,545.0,548.0,1134,1,,708,SHIPPED,Correo Argentino,TRK-JTJK0SIHZ2
9000001993,1000001993,364.0,368.0,407,1,,97,DELIVERED,Correo Argentino,TRK-OCXA2W6BIR
9000001994,1000001994,88.0,90.0,280,1,,1961,DELIVERED,Correo Argentino,TRK-KZC99NSL74
9000001995,1000001995,639.0,640.0,1401,2,4.0,4,DELIVERED,PICKUP,
9000001996,1000001996,335.0,337.0,586,1,,84,DELIVERED,Correo Argentino,TRK-3ZA2078TXB
9000001997,1000001997,318.0,321.0,359,1,,2592,DELIVERED,Correo Argentino,TRK-5R0FV1LNY5
9000001998,1000001998,313.0,317.0,498,1,,155,DELIVERED,Correo Argentino,TRK-SDWC4KQRWX
9000001999,1000001999,617.0,618.0,952,2,4.0,4,DELIVERED,PICKUP,
9000002000,1000002000,488.0,492.0,763,1,,241,SHIPPED,Correo Argentino,TRK-CEUBMV1OIT
9000002001,1000002001,222.0,223.0,1454,2,2.0,2,DELIVERED,PICKUP,
9000002002,1000002002,479.0,482.0,388,1,,1403,SHIPPED,Correo Argentino,TRK-KCCUM7I5O3
9000002003,1000002003,552.0,555.0,1047,1,,2595,DELIVERED,Correo Argentino,TRK-FILK4OSQNL
9000002004,1000002004,155.0,156.0,574,2,4.0,4,DELIVERED,PICKUP,
9000002005,1000002005,570.0,571.0,1108,2,2.0,2,DELIVERED,PICKUP,
9000002006,1000002006,306.0,307.0,791,2,2.0,2,SHIPPED,PICKUP,
9000002007,1000002007,265.0,269.0,353,1,,556,DELIVERED,Correo Argentino,TRK-J6M8ISBVCC
9000002008,1000002008,542.0,547.0,1162,1,,1437,DELIVERED,Correo Argentino,TRK-0J2GVXIYFX
9000002009,1000002009,237.0,242.0,1062,1,,2067,DELIVERED,Correo Argentino,TRK-4UMK91GGXM
9000002010,1000002010,392.0,393.0,895,2,2.0,2,DELIVERED,PICKUP,
9000002011,1000002011,600.0,604.0,731,1,,3117,DELIVERED,Correo Argentino,TRK-WV0MQ2QN9E
9000002012,1000002012,316.0,321.0,16,1,,1802,SHIPPED,Correo Argentino,TRK-C5PA6WCT21
9000002013,1000002013,337.0,338.0,1390,2,2.0,2,DELIVERED,PICKUP,
9000002014,1000002014,490.0,494.0,1166,1,,2622,SHIPPED,Correo Argentino,TRK-82P4UC35ST
9000002015,1000002015,253.0,254.0,884,2,4.0,4,SHIPPED,PICKUP,
9000002016,1000002016,217.0,222.0,322,1,,2091,DELIVERED,Correo Argentino,TRK-QRFKIAU0KF
9000002017,1000002017,17.0,19.0,177,1,,2265,DELIVERED,Correo Argentino,TRK-7D1JR40406
9000002018,1000002018,277.0,278.0,283,2,1.0,1,SHIPPED,PICKUP,
9000002019,1000002019,377.0,381.0,346,1,,538,DELIVERED,Correo Argentino,TRK-6YZSE6TNCE
9000002020,1000002020,169.0,174.0,1170,1,,2112,DELIVERED,Correo Argentino,TRK-F2GUKF1S5G
9000002021,1000002021,142.0,145.0,471,1,,2960,DELIVERED,Correo Argentino,TRK-RAPWGUW5EP
9000002022,1000002022,231.0,235.0,1493,1,,1373,DELIVERED,Correo Argentino,TRK-PMMZTI50RE
9000002023,1000002023,279.0,280.0,825,2,3.0,3,DELIVERED,PICKUP,
9000002024,1000002024,123.0,127.0,324,1,,2944,DELIVERED,Correo Argentino,TRK-SUIEK3R3UD
9000002025,1000002025,247.0,250.0,1393,1,,2026,DELIVERED,Correo Argentino,TRK-T6USLVTK2L
9000002026,1000002026,600.0,601.0,645,2,1.0,1,DELIVERED,PICKUP,
9000002027,1000002027,468.0,470.0,107,1,,894,DELIVERED,Correo Argentino,TRK-YPJGBI6HM8
9000002028,1000002028,434.0,440.0,1335,1,,2784,DELIVERED,Correo Argentino,TRK-S9OHCWRLJ4
9000002029,1000002029,506.0,510.0,549,1,,233,DELIVERED,Correo Argentino,TRK-NABQ3753EB
9000002030,1000002030,450.0,455.0,1235,1,,2114,DELIVERED,Correo Argentino,TRK-PLDIZV5PGH
9000002031,1000002031,88.0,93.0,1281,1,,2846,DELIVERED,Correo Argentino,TRK-ZIF29DJ9E4
9000002032,1000002032,115.0,119.0,307,1,,519,DELIVERED,Correo Argentino,TRK-NZ28QWJX8V
9000002033,1000002033,99.0,103.0,619,1,,1383,DELIVERED,Correo Argentino,TRK-1MEYWKJETO
9000002034,1000002034,272.0,276.0,828,1,,736,DELIVERED,Correo Argentino,TRK-04NBH92X6K
9000002035,1000002035,178.0,179.0,477,2,1.0,1,DELIVERED,PICKUP,
9000002036,1000002036,341.0,346.0,516,1,,104,DELIVERED,Correo Argentino,TRK-Z5OM1RQ881
9000002037,1000002037,142.0,146.0,1324,1,,3118,READY,Correo Argentino,TRK-YD7I1D7XY5
9000002038,1000002038,19.0,23.0,321,1,,916,DELIVERED,Correo Argentino,TRK-CX72ZDC026
9000002039,1000002039,453.0,454.0,902,2,4.0,4,DELIVERED,PICKUP,
9000002040,1000002040,481.0,485.0,82,1,,2217,DELIVERED,Correo Argentino,TRK-4QVQ90Z10J
9000002041,1000002041,544.0,548.0,809,1,,758,SHIPPED,Correo Argentino,TRK-WOFUV4HOAK
9000002042,1000002042,109.0,113.0,246,1,,1215,SHIPPED,Correo Argentino,TRK-C89L5Y4RGP
9000002043,1000002043,63.0,65.0,1235,1,,2263,DELIVERED,Correo Argentino,TRK-90P9JPTX7W
9000002044,1000002044,193.0,197.0,196,1,,3203,DELIVERED,Correo Argentino,TRK-419K9Q7L3B
9000002045,1000002045,153.0,157.0,1163,1,,339,SHIPPED,Correo Argentino,TRK-QD885M3EQ3
9000002046,1000002046,504.0,505.0,709,2,1.0,1,DELIVERED,PICKUP,
9000002047,1000002047,305.0,310.0,382,1,,3137,DELIVERED,Correo Argentino,TRK-5BMYRY9VVL
9000002048,1000002048,190.0,193.0,202,1,,1464,DELIVERED,Correo Argentino,TRK-C7FC4NKSWG
9000002049,1000002049,24.0,27.0,304,1,,2474,SHIPPED,Correo Argentino,TRK-QRAL4715RE
9000002050,1000002050,12.0,16.0,560,1,,1813,DELIVERED,Correo Argentino,TRK-UWYMA3BQD5
9000002051,1000002051,351.0,352.0,571,2,1.0,1,DELIVERED,PICKUP,
9000002052,1000002052,365.0,366.0,131,2,1.0,1,DELIVERED,PICKUP,
9000002053,1000002053,46.0,47.0,1484,2,4.0,4,DELIVERED,PICKUP,
9000002054,1000002054,346.0,349.0,241,1,,582,DELIVERED,Correo Argentino,TRK-1SCIGEFKP8
9000002055,1000002055,240.0,241.0,1098,2,2.0,2,DELIVERED,PICKUP,
9000002056,1000002056,90.0,91.0,835,2,1.0,1,DELIVERED,PICKUP,
9000002057,1000002057,145.0,146.0,1246,2,4.0,4,DELIVERED,PICKUP,
9000002058,1000002058,,,1499,1,,1037,CANCELLED,Correo Argentino,
9000002059,1000002059,559.0,564.0,919,1,,751,DELIVERED,Correo Argentino,TRK-CK6PHDX21F
9000002060,1000002060,210.0,211.0,1120,2,2.0,2,SHIPPED,PICKUP,
9000002061,1000002061,63.0,68.0,1364,1,,2269,SHIPPED,Correo Argentino,TRK-74UHUXMNFI
9000002062,1000002062,452.0,454.0,85,1,,2890,DELIVERED,Correo Argentino,TRK-C08ECPZHOB
9000002063,1000002063,143.0,144.0,971,2,1.0,1,DELIVERED,PICKUP,
9000002064,1000002064,,,431,2,4.0,4,CANCELLED,PICKUP,
9000002065,1000002065,46.0,47.0,927,2,4.0,4,DELIVERED,PICKUP,
9000002066,1000002066,,,27,1,,182,CANCELLED,Correo Argentino,
9000002067,1000002067,627.0,631.0,120,1,,1975,SHIPPED,Correo Argentino,TRK-U8NCADJV64
9000002068,1000002068,454.0,456.0,917,1,,16,DELIVERED,Correo Argentino,TRK-QKIHX9T0B6
9000002069,1000002069,87.0,89.0,1138,1,,1453,DELIVERED,Correo Argentino,TRK-F198FPQJRX
9000002070,1000002070,147.0,149.0,1139,1,,1763,SHIPPED,Correo Argentino,TRK-0WJOJD42YM
9000002071,1000002071,476.0,480.0,588,1,,2752,DELIVERED,Correo Argentino,TRK-SKUMWIHUL7
9000002072,1000002072,,,1336,1,,2591,CANCELLED,Correo Argentino,
9000002073,1000002073,143.0,147.0,702,1,,2239,DELIVERED,Correo Argentino,TRK-WYDG30C3RB
9000002074,1000002074,274.0,275.0,779,2,2.0,2,DELIVERED,PICKUP,
9000002075,1000002075,363.0,368.0,483,1,,2158,DELIVERED,Correo Argentino,TRK-1BJA9HERQC
9000002076,1000002076,478.0,479.0,757,2,4.0,4,SHIPPED,PICKUP,
9000002077,1000002077,,,927,2,4.0,4,CANCELLED,PICKUP,
9000002078,1000002078,,,560,1,,2796,CANCELLED,Correo Argentino,
9000002079,1000002079,307.0,313.0,832,1,,2478,SHIPPED,Correo Argentino,TRK-GDJFGPSG73
9000002080,1000002080,119.0,122.0,301,1,,1776,DELIVERED,Correo Argentino,TRK-ELTDEI93SB
9000002081,1000002081,126.0,129.0,425,1,,2564,DELIVERED,Correo Argentino,TRK-EOJRBLB81X
9000002082,1000002082,,,1453,1,,2492,CANCELLED,Correo Argentino,
9000002083,1000002083,455.0,458.0,1135,1,,31,DELIVERED,Correo Argentino,TRK-65VGR99V1T
9000002084,1000002084,584.0,586.0,149,1,,1032,DELIVERED,Correo Argentino,TRK-Q2V3H06SNH
9000002085,1000002085,,,12,1,,1607,CANCELLED,Correo Argentino,
9000002086,1000002086,439.0,444.0,1328,1,,2281,DELIVERED,Correo Argentino,TRK-YM89YHH5ID
9000002087,1000002087,157.0,158.0,492,2,2.0,2,DELIVERED,PICKUP,
9000002088,1000002088,506.0,510.0,343,1,,2958,DELIVERED,Correo Argentino,TRK-MPJ0RQBTAN
9000002089,1000002089,203.0,204.0,729,2,1.0,1,DELIVERED,PICKUP,
9000002090,1000002090,8.0,9.0,1261,2,3.0,3,DELIVERED,PICKUP,
9000002091,1000002091,532.0,533.0,829,2,4.0,4,DELIVERED,PICKUP,
9000002092,1000002092,38.0,41.0,342,1,,1167,SHIPPED,Correo Argentino,TRK-A2WQ0GIVBF
9000002093,1000002093,174.0,175.0,944,2,4.0,4,DELIVERED,PICKUP,
9000002094,1000002094,,,1499,2,4.0,4,CANCELLED,PICKUP,
9000002095,1000002095,563.0,564.0,852,2,4.0,4,SHIPPED,PICKUP,
9000002096,1000002096,311.0,312.0,52,2,1.0,1,DELIVERED,PICKUP,
9000002097,1000002097,86.0,89.0,397,1,,1285,SHIPPED,Correo Argentino,TRK-L82189QXGC
9000002098,1000002098,45.0,50.0,1111,1,,525,DELIVERED,Correo Argentino,TRK-T8RJOXKZ7C
9000002099,1000002099,505.0,509.0,1380,1,,1302,DELIVERED,Correo Argentino,TRK-XX9RBFYG1T
9000002100,1000002100,26.0,31.0,1359,1,,811,SHIPPED,Correo Argentino,TRK-80GVF128ZR
9000002101,1000002101,136.0,141.0,332,1,,2096,DELIVERED,Correo Argentino,TRK-V5AXI7C6K7
9000002102,1000002102,5.0,7.0,631,1,,2677,DELIVERED,Correo Argentino,TRK-52EPRTUTXL
9000002103,1000002103,458.0,459.0,1055,2,1.0,1,DELIVERED,PICKUP,
9000002104,1000002104,502.0,507.0,1478,1,,1718,SHIPPED,Correo Argentino,TRK-LPSXVH0429
9000002105,1000002105,14.0,15.0,831,2,2.0,2,SHIPPED,PICKUP,
9000002106,1000002106,596.0,597.0,1108,2,2.0,2,DELIVERED,PICKUP,
9000002107,1000002107,526.0,527.0,1227,2,3.0,3,DELIVERED,PICKUP,
9000002108,1000002108,565.0,566.0,1049,2,4.0,4,DELIVERED,PICKUP,
9000002109,1000002109,139.0,140.0,582,2,3.0,3,DELIVERED,PICKUP,
9000002110,1000002110,482.0,485.0,119,1,,106,DELIVERED,Correo Argentino,TRK-R2XTH7T6IC
9000002111,1000002111,103.0,106.0,6,1,,2113,DELIVERED,Correo Argentino,TRK-12E310LNPL
9000002112,1000002112,,,736,2,2.0,2,CANCELLED,PICKUP,
9000002113,1000002113,419.0,420.0,611,2,2.0,2,DELIVERED,PICKUP,
9000002114,1000002114,237.0,238.0,921,2,1.0,1,DELIVERED,PICKUP,
9000002115,1000002115,,,259,1,,621,CANCELLED,Correo Argentino,
9000002116,1000002116,79.0,83.0,795,1,,1186,DELIVERED,Correo Argentino,TRK-CZFPT44V4Z
9000002117,1000002117,186.0,188.0,5,1,,2845,DELIVERED,Correo Argentino,TRK-C527DM2D1U
9000002118,1000002118,439.0,440.0,178,2,2.0,2,DELIVERED,PICKUP,
9000002119,1000002119,433.0,438.0,708,1,,2212,DELIVERED,Correo Argentino,TRK-4RX4J0Q482
9000002120,1000002120,186.0,188.0,1062,1,,3128,SHIPPED,Correo Argentino,TRK-13G3WSVM1L
9000002121,1000002121,413.0,416.0,463,1,,597,DELIVERED,Correo Argentino,TRK-U3OXDXLGH9
9000002122,1000002122,520.0,521.0,819,2,1.0,1,DELIVERED,PICKUP,
9000002123,1000002123,587.0,589.0,106,1,,961,SHIPPED,Correo Argentino,TRK-7GV8D2ZWE4
9000002124,1000002124,180.0,182.0,353,1,,2896,DELIVERED,Correo Argentino,TRK-TS0MYE5PZG
9000002125,1000002125,455.0,459.0,1270,1,,962,DELIVERED,Correo Argentino,TRK-DJ8VFMKMU5
9000002126,1000002126,481.0,486.0,320,1,,1940,DELIVERED,Correo Argentino,TRK-N15OQO3ZMB
9000002127,1000002127,335.0,336.0,1053,2,3.0,3,READY,PICKUP,
9000002128,1000002128,538.0,542.0,474,1,,225,DELIVERED,Correo Argentino,TRK-T5WNY51J6W
9000002129,1000002129,468.0,469.0,991,2,3.0,3,DELIVERED,PICKUP,
9000002130,1000002130,,,161,1,,823,CANCELLED,Correo Argentino,
9000002131,1000002131,543.0,548.0,1395,1,,1503,DELIVERED,Correo Argentino,TRK-5KWF26CHJP
9000002132,1000002132,,,937,2,4.0,4,CANCELLED,PICKUP,
9000002133,1000002133,9.0,14.0,373,1,,1378,SHIPPED,Correo Argentino,TRK-YX1EV61SEX
9000002134,1000002134,590.0,591.0,1001,2,2.0,2,SHIPPED,PICKUP,
9000002135,1000002135,156.0,157.0,399,2,4.0,4,DELIVERED,PICKUP,
9000002136,1000002136,186.0,188.0,663,1,,2533,DELIVERED,Correo Argentino,TRK-MB6CCKHKVP
9000002137,1000002137,121.0,123.0,240,1,,928,SHIPPED,Correo Argentino,TRK-DA9ICSRV34
9000002138,1000002138,376.0,381.0,255,1,,1861,DELIVERED,Correo Argentino,TRK-IHDOAU3FN9
9000002139,1000002139,250.0,251.0,1061,2,1.0,1,SHIPPED,PICKUP,
9000002140,1000002140,,,216,1,,3046,CANCELLED,Correo Argentino,
9000002141,1000002141,408.0,413.0,526,1,,2110,DELIVERED,Correo Argentino,TRK-F50RTDN22N
9000002142,1000002142,,,1030,2,1.0,1,CANCELLED,PICKUP,
9000002143,1000002143,328.0,332.0,802,1,,694,SHIPPED,Correo Argentino,TRK-Z9OZ9MTC3J
9000002144,1000002144,436.0,438.0,1337,1,,1204,DELIVERED,Correo Argentino,TRK-MWB92D5NKD
9000002145,1000002145,593.0,596.0,690,1,,1458,SHIPPED,Correo Argentino,TRK-FJ0QY1DD6T
9000002146,1000002146,227.0,228.0,1323,2,3.0,3,DELIVERED,PICKUP,
9000002147,1000002147,501.0,504.0,204,1,,543,DELIVERED,Correo Argentino,TRK-WH3CNCGJ9S
9000002148,1000002148,,,155,1,,1891,CANCELLED,Correo Argentino,
9000002149,1000002149,345.0,346.0,559,2,2.0,2,SHIPPED,PICKUP,
9000002150,1000002150,311.0,313.0,1137,1,,2709,SHIPPED,Correo Argentino,TRK-W94F8TQR7P
9000002151,1000002151,142.0,146.0,132,1,,14,DELIVERED,Correo Argentino,TRK-B1X90OX4WB
9000002152,1000002152,604.0,605.0,674,2,3.0,3,DELIVERED,PICKUP,
9000002153,1000002153,186.0,191.0,747,1,,1822,SHIPPED,Correo Argentino,TRK-BQ8ZGAAEKP
9000002154,1000002154,307.0,308.0,503,2,2.0,2,DELIVERED,PICKUP,
9000002155,1000002155,96.0,100.0,55,1,,3081,SHIPPED,Correo Argentino,TRK-OT56TAT05I
9000002156,1000002156,619.0,623.0,146,1,,1682,DELIVERED,Correo Argentino,TRK-CVSWOB0DJO
9000002157,1000002157,597.0,598.0,978,2,3.0,3,DELIVERED,PICKUP,
9000002158,1000002158,468.0,473.0,1414,1,,788,DELIVERED,Correo Argentino,TRK-J50JFGQ2XN
9000002159,1000002159,,,1406,2,1.0,1,CANCELLED,PICKUP,
9000002160,1000002160,423.0,428.0,1188,1,,1088,SHIPPED,Correo Argentino,TRK-OCWXFBT47Z
9000002161,1000002161,329.0,331.0,212,1,,1393,DELIVERED,Correo Argentino,TRK-XUZQUVERI5
9000002162,1000002162,39.0,40.0,1075,2,1.0,1,DELIVERED,PICKUP,
9000002163,1000002163,610.0,612.0,974,1,,1117,DELIVERED,Correo Argentino,TRK-JFY3XWCLGU
9000002164,1000002164,172.0,173.0,1476,2,2.0,2,DELIVERED,PICKUP,
9000002165,1000002165,393.0,397.0,1438,1,,873,DELIVERED,Correo Argentino,TRK-I7O16AZ6O4
9000002166,1000002166,33.0,34.0,1012,2,4.0,4,DELIVERED,PICKUP,
9000002167,1000002167,490.0,491.0,27,2,1.0,1,DELIVERED,PICKUP,
9000002168,1000002168,,,723,2,4.0,4,CANCELLED,PICKUP,
9000002169,1000002169,623.0,626.0,247,1,,439,DELIVERED,Correo Argentino,TRK-CFI4698Z9B
9000002170,1000002170,458.0,460.0,304,1,,2420,DELIVERED,Correo Argentino,TRK-YQY5QAIX72
9000002171,1000002171,58.0,62.0,394,1,,68,SHIPPED,Correo Argentino,TRK-WLENZJ99ZK
9000002172,1000002172,375.0,376.0,1485,2,2.0,2,DELIVERED,PICKUP,
9000002173,1000002173,110.0,115.0,1210,1,,505,SHIPPED,Correo Argentino,TRK-PHH5NIB0NF
9000002174,1000002174,8.0,14.0,381,1,,2176,DELIVERED,Correo Argentino,TRK-B880FI3HGL
9000002175,1000002175,70.0,71.0,1108,2,3.0,3,DELIVERED,PICKUP,
9000002176,1000002176,564.0,565.0,1171,2,2.0,2,DELIVERED,PICKUP,
9000002177,1000002177,35.0,36.0,834,2,1.0,1,DELIVERED,PICKUP,
9000002178,1000002178,457.0,459.0,746,1,,1674,DELIVERED,Correo Argentino,TRK-EO08Z46YQT
9000002179,1000002179,173.0,176.0,796,1,,2232,SHIPPED,Correo Argentino,TRK-LFJTAVVERA
9000002180,1000002180,577.0,578.0,814,2,2.0,2,DELIVERED,PICKUP,
9000002181,1000002181,599.0,604.0,843,1,,227,DELIVERED,Correo Argentino,TRK-I5K6IB3RHE
9000002182,1000002182,540.0,542.0,218,1,,2392,DELIVERED,Correo Argentino,TRK-DZQKTM61SE
9000002183,1000002183,47.0,48.0,209,2,4.0,4,SHIPPED,PICKUP,
9000002184,1000002184,535.0,536.0,367,2,1.0,1,DELIVERED,PICKUP,
9000002185,1000002185,116.0,120.0,902,1,,2861,SHIPPED,Correo Argentino,TRK-L0FKKIL99O
9000002186,1000002186,149.0,150.0,1484,2,4.0,4,DELIVERED,PICKUP,
9000002187,1000002187,390.0,393.0,1094,1,,521,DELIVERED,Correo Argentino,TRK-V6U8B4TY3B
9000002188,1000002188,19.0,20.0,1113,2,3.0,3,DELIVERED,PICKUP,
9000002189,1000002189,125.0,129.0,930,1,,2970,DELIVERED,Correo Argentino,TRK-DTXAC8H92F
9000002190,1000002190,468.0,469.0,1135,2,1.0,1,DELIVERED,PICKUP,
9000002191,1000002191,566.0,568.0,476,1,,3124,SHIPPED,Correo Argentino,TRK-658FJ212CV
9000002192,1000002192,,,972,2,2.0,2,CANCELLED,PICKUP,
9000002193,1000002193,146.0,147.0,872,2,4.0,4,DELIVERED,PICKUP,
9000002194,1000002194,269.0,270.0,1396,2,2.0,2,DELIVERED,PICKUP,
9000002195,1000002195,192.0,193.0,998,2,2.0,2,DELIVERED,PICKUP,
9000002196,1000002196,,,69,1,,2930,CANCELLED,Correo Argentino,
9000002197,1000002197,625.0,629.0,873,1,,123,SHIPPED,Correo Argentino,TRK-5JDHMBZXI4
9000002198,1000002198,339.0,340.0,862,2,3.0,3,DELIVERED,PICKUP,
9000002199,1000002199,458.0,462.0,1029,1,,2977,DELIVERED,Correo Argentino,TRK-JTC8Y2J84J
9000002200,1000002200,500.0,501.0,721,2,3.0,3,DELIVERED,PICKUP,
9000002201,1000002201,445.0,446.0,150,2,4.0,4,DELIVERED,PICKUP,
9000002202,1000002202,391.0,395.0,1004,1,,1367,DELIVERED,Correo Argentino,TRK-1UNHLD9BRX
9000002203,1000002203,481.0,482.0,450,2,1.0,1,DELIVERED,PICKUP,
9000002204,1000002204,88.0,89.0,172,2,1.0,1,DELIVERED,PICKUP,
9000002205,1000002205,417.0,418.0,1376,2,3.0,3,DELIVERED,PICKUP,
9000002206,1000002206,637.0,638.0,234,2,4.0,4,DELIVERED,PICKUP,
9000002207,1000002207,512.0,515.0,234,1,,1558,DELIVERED,Correo Argentino,TRK-UPTREHIE5R
9000002208,1000002208,426.0,428.0,117,1,,2908,SHIPPED,Correo Argentino,TRK-3TR8QDCJIY
9000002209,1000002209,6.0,13.0,37,1,,2866,DELIVERED,Correo Argentino,TRK-F8TPCOREH1
9000002210,1000002210,29.0,30.0,1116,2,4.0,4,DELIVERED,PICKUP,
9000002211,1000002211,471.0,475.0,235,1,,854,DELIVERED,Correo Argentino,TRK-99RAI7C9WT
9000002212,1000002212,501.0,505.0,285,1,,2316,DELIVERED,Correo Argentino,TRK-3PTTYZTIEU
9000002213,1000002213,62.0,67.0,1188,1,,880,DELIVERED,Correo Argentino,TRK-D7MZ3HDHCR
9000002214,1000002214,638.0,639.0,230,2,1.0,1,DELIVERED,PICKUP,
9000002215,1000002215,499.0,500.0,1399,2,4.0,4,DELIVERED,PICKUP,
9000002216,1000002216,382.0,384.0,1363,1,,2159,DELIVERED,Correo Argentino,TRK-8RK8HCRCU7
9000002217,1000002217,307.0,308.0,855,2,3.0,3,DELIVERED,PICKUP,
9000002218,1000002218,302.0,305.0,498,1,,2309,SHIPPED,Correo Argentino,TRK-OKV9F2RY0H
9000002219,1000002219,159.0,161.0,140,1,,3053,SHIPPED,Correo Argentino,TRK-DTXNT28YSL
9000002220,1000002220,366.0,367.0,956,2,1.0,1,DELIVERED,PICKUP,
9000002221,1000002221,261.0,262.0,235,2,1.0,1,DELIVERED,PICKUP,
9000002222,1000002222,486.0,489.0,1268,1,,2882,DELIVERED,Correo Argentino,TRK-A9T9SJWW1R
9000002223,1000002223,104.0,109.0,1322,1,,1719,DELIVERED,Correo Argentino,TRK-GPRZCJFAPO
9000002224,1000002224,399.0,404.0,194,1,,1195,DELIVERED,Correo Argentino,TRK-XHYA8XDQHL
9000002225,1000002225,372.0,375.0,1446,1,,2905,DELIVERED,Correo Argentino,TRK-8TFUTAVPS9
9000002226,1000002226,186.0,187.0,502,2,1.0,1,DELIVERED,PICKUP,
9000002227,1000002227,396.0,397.0,1410,2,3.0,3,DELIVERED,PICKUP,
9000002228,1000002228,515.0,520.0,951,1,,354,DELIVERED,Correo Argentino,TRK-5OJ4MS7KHC
9000002229,1000002229,600.0,604.0,1124,1,,1893,DELIVERED,Correo Argentino,TRK-M6YF49Y0RJ
9000002230,1000002230,137.0,138.0,1005,2,2.0,2,DELIVERED,PICKUP,
9000002231,1000002231,98.0,99.0,578,2,4.0,4,DELIVERED,PICKUP,
9000002232,1000002232,501.0,505.0,881,1,,2549,DELIVERED,Correo Argentino,TRK-Z8GHNESB06
9000002233,1000002233,373.0,374.0,865,2,3.0,3,DELIVERED,PICKUP,
9000002234,1000002234,228.0,229.0,411,2,3.0,3,SHIPPED,PICKUP,
9000002235,1000002235,411.0,412.0,1412,2,4.0,4,SHIPPED,PICKUP,
9000002236,1000002236,15.0,20.0,167,1,,2901,SHIPPED,Correo Argentino,TRK-Y7IYDC2F96
9000002237,1000002237,52.0,57.0,623,1,,1785,DELIVERED,Correo Argentino,TRK-HTA57AGDZ8
9000002238,1000002238,442.0,447.0,1245,1,,1367,SHIPPED,Correo Argentino,TRK-CIV3Y9MZ70
9000002239,1000002239,165.0,169.0,1389,1,,1046,DELIVERED,Correo Argentino,TRK-BD3VUFTPYC
9000002240,1000002240,293.0,298.0,354,1,,2514,DELIVERED,Correo Argentino,TRK-SY6JH09K3S
9000002241,1000002241,345.0,347.0,217,1,,3193,DELIVERED,Correo Argentino,TRK-STW2I3IZW1
9000002242,1000002242,63.0,64.0,502,2,2.0,2,DELIVERED,PICKUP,
9000002243,1000002243,,,320,1,,1991,CANCELLED,Correo Argentino,
9000002244,1000002244,393.0,395.0,590,1,,987,SHIPPED,Correo Argentino,TRK-W86AQPKYKS
9000002245,1000002245,287.0,291.0,1358,1,,948,DELIVERED,Correo Argentino,TRK-CNT0YMQCW1
9000002246,1000002246,358.0,359.0,1413,2,3.0,3,DELIVERED,PICKUP,
9000002247,1000002247,441.0,446.0,1183,1,,2768,DELIVERED,Correo Argentino,TRK-WCDXVIXJ2J
9000002248,1000002248,256.0,260.0,1270,1,,1000,DELIVERED,Correo Argentino,TRK-Q0TSXGKJTW
9000002249,1000002249,470.0,472.0,991,1,,3177,DELIVERED,Correo Argentino,TRK-W6ERT1I0GA
9000002250,1000002250,98.0,100.0,748,1,,1425,DELIVERED,Correo Argentino,TRK-71V8KART8Y
9000002251,1000002251,305.0,308.0,1315,1,,504,DELIVERED,Correo Argentino,TRK-169L4UF1A7
9000002252,1000002252,622.0,623.0,529,2,1.0,1,DELIVERED,PICKUP,
9000002253,1000002253,,,1186,1,,894,CANCELLED,Correo Argentino,
9000002254,1000002254,217.0,220.0,826,1,,830,DELIVERED,Correo Argentino,TRK-0NNSZYI5EQ
9000002255,1000002255,169.0,175.0,53,1,,2450,DELIVERED,Correo Argentino,TRK-R4FNNLC2ZF
9000002256,1000002256,229.0,230.0,810,2,3.0,3,DELIVERED,PICKUP,
9000002257,1000002257,418.0,419.0,1442,2,1.0,1,DELIVERED,PICKUP,
9000002258,1000002258,202.0,203.0,397,2,3.0,3,DELIVERED,PICKUP,
9000002259,1000002259,172.0,177.0,292,1,,549,DELIVERED,Correo Argentino,TRK-34HE9TKVWH
9000002260,1000002260,,,73,1,,1464,CANCELLED,Correo Argentino,
9000002261,1000002261,640.0,645.0,462,1,,1795,DELIVERED,Correo Argentino,TRK-NAXTBNNNGN
9000002262,1000002262,577.0,582.0,1441,1,,3144,DELIVERED,Correo Argentino,TRK-GGUUFALZWJ
9000002263,1000002263,72.0,77.0,696,1,,1361,DELIVERED,Correo Argentino,TRK-JLYEGL0B54
9000002264,1000002264,619.0,620.0,568,2,2.0,2,DELIVERED,PICKUP,
9000002265,1000002265,529.0,534.0,888,1,,2442,DELIVERED,Correo Argentino,TRK-G1KEQ0PAX4
9000002266,1000002266,104.0,105.0,1065,2,4.0,4,DELIVERED,PICKUP,
9000002267,1000002267,142.0,147.0,667,1,,2574,SHIPPED,Correo Argentino,TRK-NPSF9TAHPG
9000002268,1000002268,467.0,472.0,156,1,,132,READY,Correo Argentino,TRK-DRDARN70IP
9000002269,1000002269,18.0,21.0,272,1,,1222,DELIVERED,Correo Argentino,TRK-ULE8NGXBX2
9000002270,1000002270,272.0,275.0,515,1,,949,DELIVERED,Correo Argentino,TRK-SCQC62Y7JN
9000002271,1000002271,,,1109,2,1.0,1,CANCELLED,PICKUP,
9000002272,1000002272,306.0,307.0,4,2,1.0,1,DELIVERED,PICKUP,
9000002273,1000002273,580.0,581.0,1406,2,3.0,3,DELIVERED,PICKUP,
9000002274,1000002274,449.0,450.0,701,2,4.0,4,DELIVERED,PICKUP,
9000002275,1000002275,264.0,265.0,438,2,1.0,1,SHIPPED,PICKUP,
9000002276,1000002276,166.0,171.0,275,1,,2148,DELIVERED,Correo Argentino,TRK-2US8EHTDC1
9000002277,1000002277,95.0,100.0,1054,1,,443,DELIVERED,Correo Argentino,TRK-AT1PTG3AGY
9000002278,1000002278,233.0,234.0,831,2,2.0,2,DELIVERED,PICKUP,
9000002279,1000002279,62.0,63.0,161,2,3.0,3,DELIVERED,PICKUP,
9000002280,1000002280,13.0,16.0,1379,1,,1946,DELIVERED,Correo Argentino,TRK-0SOM4G53MR
9000002281,1000002281,280.0,284.0,1004,1,,3085,DELIVERED,Correo Argentino,TRK-Q53EUO4UY4
9000002282,1000002282,291.0,296.0,7,1,,2363,DELIVERED,Correo Argentino,TRK-ZCJ2YT5RXD
9000002283,1000002283,139.0,141.0,728,1,,1238,SHIPPED,Correo Argentino,TRK-E0PGF45DPM
9000002284,1000002284,400.0,403.0,832,1,,922,DELIVERED,Correo Argentino,TRK-LELTAP3LUX
9000002285,1000002285,508.0,513.0,177,1,,576,DELIVERED,Correo Argentino,TRK-V376469CRK
9000002286,1000002286,376.0,377.0,526,2,2.0,2,SHIPPED,PICKUP,
9000002287,1000002287,,,312,2,1.0,1,CANCELLED,PICKUP,
9000002288,1000002288,290.0,293.0,297,1,,542,DELIVERED,Correo Argentino,TRK-16B9FZ8LRO
9000002289,1000002289,244.0,245.0,472,2,4.0,4,DELIVERED,PICKUP,
9000002290,1000002290,508.0,513.0,133,1,,2083,DELIVERED,Correo Argentino,TRK-BCQZ91VHSG
9000002291,1000002291,74.0,75.0,718,2,4.0,4,DELIVERED,PICKUP,
9000002292,1000002292,,,378,1,,906,CANCELLED,Correo Argentino,
9000002293,1000002293,87.0,91.0,1390,1,,810,DELIVERED,Correo Argentino,TRK-L9DYBG7IZQ
9000002294,1000002294,90.0,91.0,1114,2,3.0,3,SHIPPED,PICKUP,
9000002295,1000002295,195.0,196.0,102,2,3.0,3,SHIPPED,PICKUP,
9000002296,1000002296,517.0,524.0,484,1,,2405,SHIPPED,Correo Argentino,TRK-21ORKWDJVM
9000002297,1000002297,357.0,358.0,1297,2,2.0,2,DELIVERED,PICKUP,
9000002298,1000002298,141.0,144.0,716,1,,1898,DELIVERED,Correo Argentino,TRK-GVV7D4N594
9000002299,1000002299,,,1009,1,,344,CANCELLED,Correo Argentino,
9000002300,1000002300,,,860,1,,2461,CANCELLED,Correo Argentino,
9000002301,1000002301,173.0,175.0,118,1,,1586,DELIVERED,Correo Argentino,TRK-8YTJBAEMBJ
9000002302,1000002302,223.0,228.0,891,1,,1075,DELIVERED,Correo Argentino,TRK-MTLTAEYK89
9000002303,1000002303,403.0,404.0,1091,2,2.0,2,READY,PICKUP,
9000002304,1000002304,450.0,452.0,1373,1,,1601,DELIVERED,Correo Argentino,TRK-FDLF56RD3U
9000002305,1000002305,403.0,404.0,557,2,4.0,4,DELIVERED,PICKUP,
9000002306,1000002306,327.0,330.0,757,1,,2948,DELIVERED,Correo Argentino,TRK-5OYTF03NFA
9000002307,1000002307,19.0,23.0,1015,1,,94,DELIVERED,Correo Argentino,TRK-DNH0AT8MYW
9000002308,1000002308,,,635,1,,1070,CANCELLED,Correo Argentino,
9000002309,1000002309,427.0,429.0,498,1,,65,DELIVERED,Correo Argentino,TRK-TR0XMMAJ6V
9000002310,1000002310,224.0,225.0,886,2,4.0,4,DELIVERED,PICKUP,
9000002311,1000002311,488.0,489.0,1127,2,4.0,4,DELIVERED,PICKUP,
9000002312,1000002312,106.0,113.0,1220,1,,265,SHIPPED,Correo Argentino,TRK-HYKOH9LMJH
9000002313,1000002313,321.0,326.0,16,1,,270,DELIVERED,Correo Argentino,TRK-X1Q4QVT81K
9000002314,1000002314,80.0,82.0,350,1,,2814,SHIPPED,Correo Argentino,TRK-TGQYR3VX5A
9000002315,1000002315,115.0,118.0,37,1,,3115,DELIVERED,Correo Argentino,TRK-U0JOU2AKTX
9000002316,1000002316,,,1445,1,,1980,CANCELLED,Correo Argentino,
9000002317,1000002317,17.0,19.0,18,1,,2215,DELIVERED,Correo Argentino,TRK-SSIZJ0UN5A
9000002318,1000002318,100.0,105.0,975,1,,864,DELIVERED,Correo Argentino,TRK-21A3HZL2UK
9000002319,1000002319,407.0,408.0,304,2,3.0,3,DELIVERED,PICKUP,
9000002320,1000002320,374.0,378.0,1199,1,,1954,DELIVERED,Correo Argentino,TRK-R8Q6OT3BS5
9000002321,1000002321,113.0,114.0,437,2,2.0,2,DELIVERED,PICKUP,
9000002322,1000002322,174.0,177.0,424,1,,307,DELIVERED,Correo Argentino,TRK-7CYDS1D5R6
9000002323,1000002323,246.0,248.0,1364,1,,2517,DELIVERED,Correo Argentino,TRK-2ZHCZJDZ6A
9000002324,1000002324,453.0,455.0,979,1,,498,DELIVERED,Correo Argentino,TRK-NN636WK3HO
9000002325,1000002325,550.0,553.0,110,1,,1593,DELIVERED,Correo Argentino,TRK-GK3Z8X8VHC
9000002326,1000002326,320.0,322.0,751,1,,1981,DELIVERED,Correo Argentino,TRK-ATXZEY83B8
9000002327,1000002327,181.0,184.0,1427,1,,2942,DELIVERED,Correo Argentino,TRK-NE6TBVPPY9
9000002328,1000002328,442.0,447.0,252,1,,862,DELIVERED,Correo Argentino,TRK-47TWRKKHX4
9000002329,1000002329,,,846,2,2.0,2,CANCELLED,PICKUP,
9000002330,1000002330,432.0,437.0,1183,1,,2182,DELIVERED,Correo Argentino,TRK-L0JZFEAXJ5
9000002331,1000002331,541.0,545.0,874,1,,1482,DELIVERED,Correo Argentino,TRK-AS3NGPWBWH
9000002332,1000002332,580.0,583.0,469,1,,2212,DELIVERED,Correo Argentino,TRK-VQKREUVI6Q
9000002333,1000002333,497.0,501.0,637,1,,2892,DELIVERED,Correo Argentino,TRK-G22UTXEO28
9000002334,1000002334,527.0,528.0,1068,2,3.0,3,DELIVERED,PICKUP,
9000002335,1000002335,587.0,588.0,1230,2,3.0,3,DELIVERED,PICKUP,
9000002336,1000002336,456.0,461.0,249,1,,2535,DELIVERED,Correo Argentino,TRK-SJNEFPKVQO
9000002337,1000002337,337.0,340.0,390,1,,1186,DELIVERED,Correo Argentino,TRK-BDTWH7F0X3
9000002338,1000002338,40.0,41.0,162,2,2.0,2,SHIPPED,PICKUP,
9000002339,1000002339,436.0,437.0,493,2,1.0,1,SHIPPED,PICKUP,
9000002340,1000002340,283.0,287.0,1231,1,,2489,SHIPPED,Correo Argentino,TRK-62EHL0CPLX
9000002341,1000002341,308.0,310.0,382,1,,1626,READY,Correo Argentino,TRK-4Y5DEEEFAV
9000002342,1000002342,440.0,445.0,887,1,,2622,DELIVERED,Correo Argentino,TRK-T11OS74GRO
9000002343,1000002343,368.0,373.0,949,1,,1012,DELIVERED,Correo Argentino,TRK-53YCZQ6I26
9000002344,1000002344,290.0,295.0,78,1,,2221,DELIVERED,Correo Argentino,TRK-SH414J3D56
9000002345,1000002345,258.0,262.0,747,1,,1686,DELIVERED,Correo Argentino,TRK-2F0J72WZUQ
9000002346,1000002346,152.0,156.0,138,1,,3032,DELIVERED,Correo Argentino,TRK-IUDPMTSQB7
9000002347,1000002347,603.0,608.0,1058,1,,2925,DELIVERED,Correo Argentino,TRK-GN40W7D53O
9000002348,1000002348,532.0,533.0,189,2,2.0,2,DELIVERED,PICKUP,
9000002349,1000002349,,,507,1,,1671,CANCELLED,Correo Argentino,
9000002350,1000002350,132.0,133.0,1374,2,4.0,4,DELIVERED,PICKUP,
9000002351,1000002351,367.0,370.0,85,1,,2637,DELIVERED,Correo Argentino,TRK-EXZA43MVKP
9000002352,1000002352,220.0,222.0,239,1,,2480,DELIVERED,Correo Argentino,TRK-HPH13SHWHV
9000002353,1000002353,183.0,185.0,17,1,,334,DELIVERED,Correo Argentino,TRK-0GLM2H782V
9000002354,1000002354,90.0,92.0,351,1,,2468,DELIVERED,Correo Argentino,TRK-GZOQZ05YR3
9000002355,1000002355,161.0,165.0,1421,1,,2575,DELIVERED,Correo Argentino,TRK-TQVCHWWOSO
9000002356,1000002356,150.0,151.0,719,2,2.0,2,SHIPPED,PICKUP,
9000002357,1000002357,,,58,1,,377,CANCELLED,Correo Argentino,
9000002358,1000002358,258.0,262.0,245,1,,339,DELIVERED,Correo Argentino,TRK-6FP0F05043
9000002359,1000002359,595.0,596.0,1320,2,2.0,2,DELIVERED,PICKUP,
9000002360,1000002360,336.0,337.0,947,2,1.0,1,DELIVERED,PICKUP,
9000002361,1000002361,280.0,283.0,29,1,,2563,DELIVERED,Correo Argentino,TRK-5YM8QWZY6H
9000002362,1000002362,199.0,202.0,375,1,,2510,DELIVERED,Correo Argentino,TRK-QDNHTU631J
9000002363,1000002363,42.0,44.0,314,1,,1875,DELIVERED,Correo Argentino,TRK-9GI1YM1BTC
9000002364,1000002364,478.0,481.0,974,1,,593,DELIVERED,Correo Argentino,TRK-L26HP2YZ85
9000002365,1000002365,250.0,252.0,345,1,,680,DELIVERED,Correo Argentino,TRK-2NCW3Z2798
9000002366,1000002366,462.0,465.0,1331,1,,720,DELIVERED,Correo Argentino,TRK-2WBW3JQ6NW
9000002367,1000002367,237.0,238.0,1008,2,1.0,1,DELIVERED,PICKUP,
9000002368,1000002368,569.0,570.0,588,2,4.0,4,DELIVERED,PICKUP,
9000002369,1000002369,446.0,448.0,274,1,,2328,SHIPPED,Correo Argentino,TRK-00QH7D3UYH
9000002370,1000002370,236.0,237.0,1488,2,2.0,2,SHIPPED,PICKUP,
9000002371,1000002371,201.0,204.0,1089,1,,3041,SHIPPED,Correo Argentino,TRK-JFF3HVOR3H
9000002372,1000002372,197.0,200.0,1472,1,,452,DELIVERED,Correo Argentino,TRK-Q6M2YWDKVB
9000002373,1000002373,397.0,400.0,1294,1,,2398,DELIVERED,Correo Argentino,TRK-CAMXICG161
9000002374,1000002374,449.0,450.0,10,2,2.0,2,DELIVERED,PICKUP,
9000002375,1000002375,,,905,1,,381,CANCELLED,Correo Argentino,
9000002376,1000002376,331.0,334.0,392,1,,1805,SHIPPED,Correo Argentino,TRK-PW69OIURF2
9000002377,1000002377,293.0,298.0,872,1,,2980,DELIVERED,Correo Argentino,TRK-D5AJTPW0JJ
9000002378,1000002378,112.0,115.0,825,1,,1299,DELIVERED,Correo Argentino,TRK-GBU00E9MC9
9000002379,1000002379,132.0,133.0,625,2,3.0,3,DELIVERED,PICKUP,
9000002380,1000002380,58.0,60.0,1389,1,,932,DELIVERED,Correo Argentino,TRK-JDXS0URSBB
9000002381,1000002381,141.0,145.0,5,1,,452,DELIVERED,Correo Argentino,TRK-DLNHCYKDJK
9000002382,1000002382,154.0,155.0,74,2,1.0,1,DELIVERED,PICKUP,
9000002383,1000002383,622.0,624.0,805,1,,3076,DELIVERED,Correo Argentino,TRK-GYQFCU4YNF
9000002384,1000002384,265.0,267.0,893,1,,2945,DELIVERED,Correo Argentino,TRK-SGEKOMUNAN
9000002385,1000002385,477.0,482.0,347,1,,258,DELIVERED,Correo Argentino,TRK-HJNFUNESRO
9000002386,1000002386,101.0,102.0,705,2,4.0,4,DELIVERED,PICKUP,
9000002387,1000002387,77.0,80.0,1342,1,,285,DELIVERED,Correo Argentino,TRK-UC73QFLJ6P
9000002388,1000002388,520.0,526.0,97,1,,1129,DELIVERED,Correo Argentino,TRK-YU829UUGHL
9000002389,1000002389,136.0,137.0,1308,2,1.0,1,DELIVERED,PICKUP,
9000002390,1000002390,170.0,171.0,714,2,1.0,1,DELIVERED,PICKUP,
9000002391,1000002391,588.0,592.0,1357,1,,532,DELIVERED,Correo Argentino,TRK-XNP3ZRCDXC
9000002392,1000002392,610.0,612.0,1092,1,,2350,DELIVERED,Correo Argentino,TRK-CUGKAZ1PAI
9000002393,1000002393,504.0,505.0,513,2,1.0,1,SHIPPED,PICKUP,
9000002394,1000002394,491.0,492.0,263,2,2.0,2,DELIVERED,PICKUP,
9000002395,1000002395,624.0,625.0,437,2,4.0,4,DELIVERED,PICKUP,
9000002396,1000002396,9.0,13.0,1216,1,,1111,SHIPPED,Correo Argentino,TRK-G4JQR5DT2V
9000002397,1000002397,167.0,168.0,1391,2,3.0,3,DELIVERED,PICKUP,
9000002398,1000002398,104.0,108.0,348,1,,246,DELIVERED,Correo Argentino,TRK-2E2VR9C0O1
9000002399,1000002399,357.0,359.0,429,1,,438,DELIVERED,Correo Argentino,TRK-Z80713T7YK
9000002400,1000002400,605.0,606.0,388,2,3.0,3,DELIVERED,PICKUP,
9000002401,1000002401,233.0,235.0,1062,1,,3104,DELIVERED,Correo Argentino,TRK-LAISUFL476
9000002402,1000002402,10.0,13.0,536,1,,2838,DELIVERED,Correo Argentino,TRK-AJUQ2L6ZB1
9000002403,1000002403,323.0,327.0,516,1,,467,DELIVERED,Correo Argentino,TRK-JQC991JBQ6
9000002404,1000002404,423.0,424.0,1025,2,3.0,3,DELIVERED,PICKUP,
9000002405,1000002405,16.0,17.0,1405,2,1.0,1,DELIVERED,PICKUP,
9000002406,1000002406,521.0,525.0,1317,1,,1169,SHIPPED,Correo Argentino,TRK-90FKDG7NZN
9000002407,1000002407,20.0,21.0,1200,2,4.0,4,DELIVERED,PICKUP,
9000002408,1000002408,450.0,451.0,984,2,4.0,4,DELIVERED,PICKUP,
9000002409,1000002409,49.0,50.0,1465,2,4.0,4,SHIPPED,PICKUP,
9000002410,1000002410,623.0,628.0,831,1,,2644,SHIPPED,Correo Argentino,TRK-5KJDU3R26Z
9000002411,1000002411,346.0,351.0,1206,1,,2473,SHIPPED,Correo Argentino,TRK-FBO6R3Q9QL
9000002412,1000002412,277.0,278.0,1431,2,4.0,4,DELIVERED,PICKUP,
9000002413,1000002413,616.0,621.0,1288,1,,856,DELIVERED,Correo Argentino,TRK-F5IV740UND
9000002414,1000002414,146.0,150.0,812,1,,2575,DELIVERED,Correo Argentino,TRK-H4XY1MEAOC
9000002415,1000002415,446.0,449.0,587,1,,1717,SHIPPED,Correo Argentino,TRK-BLU0QKN78E
9000002416,1000002416,238.0,239.0,709,2,2.0,2,SHIPPED,PICKUP,
9000002417,1000002417,115.0,116.0,544,2,2.0,2,DELIVERED,PICKUP,
9000002418,1000002418,503.0,504.0,1174,2,3.0,3,DELIVERED,PICKUP,
9000002419,1000002419,434.0,439.0,249,1,,659,DELIVERED,Correo Argentino,TRK-R1NAZGEZH0
9000002420,1000002420,355.0,359.0,709,1,,331,DELIVERED,Correo Argentino,TRK-4W7ACSDARX
9000002421,1000002421,360.0,361.0,368,2,4.0,4,DELIVERED,PICKUP,
9000002422,1000002422,573.0,575.0,991,1,,998,DELIVERED,Correo Argentino,TRK-D5BLAB3L9V
9000002423,1000002423,242.0,243.0,217,2,1.0,1,SHIPPED,PICKUP,
9000002424,1000002424,560.0,562.0,146,1,,280,SHIPPED,Correo Argentino,TRK-6MSCXCP6FE
9000002425,1000002425,68.0,71.0,1376,1,,324,DELIVERED,Correo Argentino,TRK-NLEBS9H8JU
9000002426,1000002426,184.0,186.0,583,1,,245,DELIVERED,Correo Argentino,TRK-7U6O1V0K22
9000002427,1000002427,48.0,53.0,779,1,,754,SHIPPED,Correo Argentino,TRK-QQQCU1691A
9000002428,1000002428,374.0,378.0,216,1,,719,DELIVERED,Correo Argentino,TRK-71SLEWGSXL
9000002429,1000002429,564.0,565.0,1266,2,4.0,4,SHIPPED,PICKUP,
9000002430,1000002430,552.0,554.0,629,1,,1505,SHIPPED,Correo Argentino,TRK-BUDC599X69
9000002431,1000002431,372.0,373.0,245,2,4.0,4,DELIVERED,PICKUP,
9000002432,1000002432,607.0,608.0,1256,2,4.0,4,DELIVERED,PICKUP,
9000002433,1000002433,283.0,287.0,1195,1,,2641,DELIVERED,Correo Argentino,TRK-I9O5AS3BG1
9000002434,1000002434,27.0,28.0,191,2,3.0,3,DELIVERED,PICKUP,
9000002435,1000002435,605.0,608.0,1477,1,,82,DELIVERED,Correo Argentino,TRK-J0J3LZ2FTB
9000002436,1000002436,93.0,94.0,464,2,4.0,4,DELIVERED,PICKUP,
9000002437,1000002437,199.0,200.0,667,2,2.0,2,DELIVERED,PICKUP,
9000002438,1000002438,481.0,483.0,622,1,,2110,DELIVERED,Correo Argentino,TRK-GNDDG43PO4
9000002439,1000002439,,,866,1,,1486,CANCELLED,Correo Argentino,
9000002440,1000002440,125.0,129.0,308,1,,1618,DELIVERED,Correo Argentino,TRK-60H04GVNU6
9000002441,1000002441,159.0,160.0,304,2,1.0,1,SHIPPED,PICKUP,
9000002442,1000002442,83.0,90.0,1405,1,,2030,DELIVERED,Correo Argentino,TRK-R6YM18UXQW
9000002443,1000002443,390.0,391.0,1369,2,3.0,3,DELIVERED,PICKUP,
9000002444,1000002444,,,849,1,,1676,CANCELLED,Correo Argentino,
9000002445,1000002445,540.0,543.0,658,1,,1244,DELIVERED,Correo Argentino,TRK-IPPUZD9Q4J
9000002446,1000002446,126.0,127.0,1400,2,4.0,4,DELIVERED,PICKUP,
9000002447,1000002447,96.0,99.0,345,1,,1079,DELIVERED,Correo Argentino,TRK-R496BJZLCX
9000002448,1000002448,265.0,267.0,617,1,,1946,DELIVERED,Correo Argentino,TRK-HGUEJ2QW7M
9000002449,1000002449,270.0,271.0,219,2,4.0,4,DELIVERED,PICKUP,
9000002450,1000002450,276.0,281.0,1253,1,,3000,SHIPPED,Correo Argentino,TRK-17SA1M7I0Q
9000002451,1000002451,9.0,10.0,377,2,4.0,4,DELIVERED,PICKUP,
9000002452,1000002452,336.0,337.0,577,2,2.0,2,DELIVERED,PICKUP,
9000002453,1000002453,453.0,455.0,769,1,,3059,SHIPPED,Correo Argentino,TRK-XOD7VZEA8Q
9000002454,1000002454,567.0,569.0,209,1,,2267,DELIVERED,Correo Argentino,TRK-NICID3HX9X
9000002455,1000002455,3.0,10.0,449,1,,3201,SHIPPED,Correo Argentino,TRK-V278RILYLI
9000002456,1000002456,168.0,169.0,859,2,1.0,1,DELIVERED,PICKUP,
9000002457,1000002457,484.0,487.0,960,1,,2615,DELIVERED,Correo Argentino,TRK-T2JIE79EA9
9000002458,1000002458,,,1120,1,,1140,CANCELLED,Correo Argentino,
9000002459,1000002459,459.0,461.0,993,1,,666,DELIVERED,Correo Argentino,TRK-K4EF3KNZ73
9000002460,1000002460,209.0,210.0,375,2,3.0,3,SHIPPED,PICKUP,
9000002461,1000002461,332.0,333.0,421,2,2.0,2,SHIPPED,PICKUP,
9000002462,1000002462,292.0,293.0,1219,2,4.0,4,DELIVERED,PICKUP,
9000002463,1000002463,403.0,404.0,1418,2,1.0,1,DELIVERED,PICKUP,
9000002464,1000002464,397.0,400.0,1034,1,,2094,DELIVERED,Correo Argentino,TRK-XNX0D0ZH14
9000002465,1000002465,331.0,334.0,801,1,,1716,DELIVERED,Correo Argentino,TRK-FGL7ZYXMO4
9000002466,1000002466,388.0,389.0,89,2,3.0,3,SHIPPED,PICKUP,
9000002467,1000002467,572.0,573.0,436,2,1.0,1,DELIVERED,PICKUP,
9000002468,1000002468,637.0,641.0,281,1,,94,DELIVERED,Correo Argentino,TRK-UI9QY7JE77
9000002469,1000002469,212.0,215.0,593,1,,774,DELIVERED,Correo Argentino,TRK-RTBKIL4DZO
9000002470,1000002470,180.0,181.0,996,2,2.0,2,DELIVERED,PICKUP,
9000002471,1000002471,575.0,578.0,205,1,,1815,DELIVERED,Correo Argentino,TRK-J6JMXR929C
9000002472,1000002472,10.0,15.0,520,1,,2323,DELIVERED,Correo Argentino,TRK-IM6GECR9GS
9000002473,1000002473,602.0,605.0,12,1,,102,SHIPPED,Correo Argentino,TRK-4FZBCIE99S
9000002474,1000002474,289.0,292.0,126,1,,1303,DELIVERED,Correo Argentino,TRK-2QCVROPH0K
9000002475,1000002475,175.0,176.0,826,2,1.0,1,SHIPPED,PICKUP,
9000002476,1000002476,452.0,456.0,1062,1,,2020,DELIVERED,Correo Argentino,TRK-KTXGCTFYYE
9000002477,1000002477,19.0,20.0,382,2,3.0,3,READY,PICKUP,
9000002478,1000002478,110.0,114.0,668,1,,2526,READY,Correo Argentino,TRK-ACH6VRFEMZ
9000002479,1000002479,383.0,386.0,1049,1,,2540,DELIVERED,Correo Argentino,TRK-RVAUXAD24E
9000002480,1000002480,188.0,192.0,1479,1,,2849,DELIVERED,Correo Argentino,TRK-92JHVJ5ZVX
9000002481,1000002481,633.0,634.0,586,2,1.0,1,DELIVERED,PICKUP,
9000002482,1000002482,387.0,389.0,983,1,,2027,DELIVERED,Correo Argentino,TRK-X2E8NC9YH8
9000002483,1000002483,174.0,176.0,921,1,,1,DELIVERED,Correo Argentino,TRK-7VBRPNZ5HV
9000002484,1000002484,273.0,279.0,837,1,,579,DELIVERED,Correo Argentino,TRK-95W62MNYGB
9000002485,1000002485,615.0,616.0,1404,2,4.0,4,DELIVERED,PICKUP,
9000002486,1000002486,,,605,2,4.0,4,CANCELLED,PICKUP,
9000002487,1000002487,97.0,101.0,836,1,,1525,DELIVERED,Correo Argentino,TRK-2H7Y6RO7DE
9000002488,1000002488,493.0,497.0,30,1,,138,DELIVERED,Correo Argentino,TRK-FB0NVD8DLN
9000002489,1000002489,208.0,210.0,1358,1,,1719,SHIPPED,Correo Argentino,TRK-LXMDWWJ6U3
9000002490,1000002490,294.0,301.0,569,1,,2913,DELIVERED,Correo Argentino,TRK-YTHW44W99L
9000002491,1000002491,247.0,248.0,459,2,1.0,1,DELIVERED,PICKUP,
9000002492,1000002492,595.0,599.0,870,1,,848,DELIVERED,Correo Argentino,TRK-TNUZLYFFNX
9000002493,1000002493,,,1123,1,,1239,CANCELLED,Correo Argentino,
9000002494,1000002494,373.0,374.0,146,2,3.0,3,SHIPPED,PICKUP,
9000002495,1000002495,66.0,67.0,826,2,1.0,1,DELIVERED,PICKUP,
9000002496,1000002496,32.0,35.0,1228,1,,13,SHIPPED,Correo Argentino,TRK-KF9OOM03XL
9000002497,1000002497,108.0,111.0,495,1,,1596,DELIVERED,Correo Argentino,TRK-ANNAFI835J
9000002498,1000002498,127.0,128.0,1159,2,1.0,1,DELIVERED,PICKUP,
9000002499,1000002499,530.0,532.0,1344,1,,1759,DELIVERED,Correo Argentino,TRK-2HYJRAM9X5
9000002500,1000002500,271.0,278.0,847,1,,1824,SHIPPED,Correo Argentino,TRK-RF4VB7QXC3
9000002501,1000002501,271.0,274.0,690,1,,289,SHIPPED,Correo Argentino,TRK-BVS8703MZS
9000002502,1000002502,531.0,536.0,985,1,,2035,DELIVERED,Correo Argentino,TRK-BPJUFKWCUW
9000002503,1000002503,440.0,441.0,1413,2,2.0,2,SHIPPED,PICKUP,
9000002504,1000002504,97.0,98.0,1280,2,3.0,3,DELIVERED,PICKUP,
9000002505,1000002505,445.0,452.0,1130,1,,3196,DELIVERED,Correo Argentino,TRK-TSBDPXC82S
9000002506,1000002506,550.0,552.0,247,1,,3091,DELIVERED,Correo Argentino,TRK-9T57L9JAQ8
9000002507,1000002507,609.0,610.0,666,2,1.0,1,DELIVERED,PICKUP,
9000002508,1000002508,218.0,220.0,995,1,,1395,DELIVERED,Correo Argentino,TRK-F44A7549MT
9000002509,1000002509,,,1081,1,,794,CANCELLED,Correo Argentino,
9000002510,1000002510,290.0,294.0,723,1,,1777,DELIVERED,Correo Argentino,TRK-1Y47UC3T4X
9000002511,1000002511,79.0,80.0,1284,2,1.0,1,SHIPPED,PICKUP,
9000002512,1000002512,351.0,352.0,1372,2,4.0,4,DELIVERED,PICKUP,
9000002513,1000002513,304.0,308.0,397,1,,1948,DELIVERED,Correo Argentino,TRK-TWK4T1WMRN
9000002514,1000002514,194.0,196.0,508,1,,1168,SHIPPED,Correo Argentino,TRK-D7TFP98G4Z
9000002515,1000002515,512.0,513.0,1212,2,1.0,1,DELIVERED,PICKUP,
9000002516,1000002516,60.0,63.0,765,1,,2221,SHIPPED,Correo Argentino,TRK-UG4HR93J4I
9000002517,1000002517,413.0,418.0,444,1,,2213,DELIVERED,Correo Argentino,TRK-R53LB6P3IJ
9000002518,1000002518,233.0,236.0,798,1,,2138,DELIVERED,Correo Argentino,TRK-UAA3KJJ2WW
9000002519,1000002519,217.0,218.0,1380,2,2.0,2,DELIVERED,PICKUP,
9000002520,1000002520,177.0,181.0,260,1,,153,SHIPPED,Correo Argentino,TRK-TU7RILU2KO
9000002521,1000002521,564.0,566.0,25,1,,2426,DELIVERED,Correo Argentino,TRK-WT2F7W90V8
9000002522,1000002522,558.0,559.0,1301,2,2.0,2,DELIVERED,PICKUP,
9000002523,1000002523,102.0,103.0,600,2,4.0,4,DELIVERED,PICKUP,
9000002524,1000002524,61.0,64.0,678,1,,2327,DELIVERED,Correo Argentino,TRK-5D0YILLOY2
9000002525,1000002525,578.0,580.0,1500,1,,2014,SHIPPED,Correo Argentino,TRK-NU9CSWZQ2A
9000002526,1000002526,460.0,463.0,1414,1,,2734,DELIVERED,Correo Argentino,TRK-VA2UTF1ASK
9000002527,1000002527,533.0,538.0,490,1,,1366,DELIVERED,Correo Argentino,TRK-3BH1KJKFHF
9000002528,1000002528,455.0,460.0,932,1,,1437,DELIVERED,Correo Argentino,TRK-HBI1S0PYZ2
9000002529,1000002529,47.0,48.0,812,2,1.0,1,DELIVERED,PICKUP,
9000002530,1000002530,253.0,258.0,1160,1,,982,DELIVERED,Correo Argentino,TRK-O776VX60RA
9000002531,1000002531,374.0,377.0,290,1,,2764,SHIPPED,Correo Argentino,TRK-TDUY18QDDV
9000002532,1000002532,531.0,536.0,891,1,,1956,DELIVERED,Correo Argentino,TRK-E9K7FW0A0Y
9000002533,1000002533,162.0,166.0,870,1,,2098,DELIVERED,Correo Argentino,TRK-VNCA1P5JRF
9000002534,1000002534,9.0,10.0,991,2,2.0,2,DELIVERED,PICKUP,
9000002535,1000002535,122.0,124.0,793,1,,2704,DELIVERED,Correo Argentino,TRK-8IKDO57XSU
9000002536,1000002536,170.0,174.0,741,1,,419,SHIPPED,Correo Argentino,TRK-XUHF228N9A
9000002537,1000002537,489.0,492.0,229,1,,2691,DELIVERED,Correo Argentino,TRK-3S7BZ5OU70
9000002538,1000002538,,,177,2,2.0,2,CANCELLED,PICKUP,
9000002539,1000002539,71.0,74.0,706,1,,45,DELIVERED,Correo Argentino,TRK-30X30W3OQ5
9000002540,1000002540,66.0,69.0,665,1,,2388,DELIVERED,Correo Argentino,TRK-OWG5O8WSM6
9000002541,1000002541,363.0,364.0,510,2,2.0,2,DELIVERED,PICKUP,
9000002542,1000002542,259.0,261.0,1172,1,,927,DELIVERED,Correo Argentino,TRK-324KH38HSL
9000002543,1000002543,326.0,327.0,392,2,2.0,2,DELIVERED,PICKUP,
9000002544,1000002544,509.0,513.0,163,1,,2639,DELIVERED,Correo Argentino,TRK-J3H9B6SMN1
9000002545,1000002545,380.0,385.0,918,1,,851,DELIVERED,Correo Argentino,TRK-0EKS0YDA4K
9000002546,1000002546,40.0,41.0,788,2,2.0,2,SHIPPED,PICKUP,
9000002547,1000002547,202.0,207.0,1008,1,,1553,DELIVERED,Correo Argentino,TRK-NRE2Q2Z6JM
9000002548,1000002548,622.0,624.0,157,1,,2495,DELIVERED,Correo Argentino,TRK-81ZBW3YD57
9000002549,1000002549,127.0,131.0,1387,1,,1038,DELIVERED,Correo Argentino,TRK-KD7926PWBA
9000002550,1000002550,,,448,1,,1284,CANCELLED,Correo Argentino,
9000002551,1000002551,210.0,213.0,180,1,,971,DELIVERED,Correo Argentino,TRK-N39S5I43K2
9000002552,1000002552,263.0,265.0,988,1,,2243,DELIVERED,Correo Argentino,TRK-OB4WEYYLS2
9000002553,1000002553,628.0,631.0,1133,1,,1758,DELIVERED,Correo Argentino,TRK-VFBL3XG6FB
9000002554,1000002554,189.0,192.0,441,1,,1660,DELIVERED,Correo Argentino,TRK-0J3SO4ASLR
9000002555,1000002555,217.0,222.0,44,1,,104,DELIVERED,Correo Argentino,TRK-5ABZ76NQ0R
9000002556,1000002556,508.0,510.0,194,1,,870,SHIPPED,Correo Argentino,TRK-RB2IL056E8
9000002557,1000002557,135.0,138.0,622,1,,2814,DELIVERED,Correo Argentino,TRK-O7NPLGIHJF
9000002558,1000002558,416.0,419.0,81,1,,620,DELIVERED,Correo Argentino,TRK-51T3SGA6T9
9000002559,1000002559,604.0,607.0,525,1,,542,READY,Correo Argentino,TRK-0LN6TFJNTH
9000002560,1000002560,489.0,490.0,204,2,2.0,2,DELIVERED,PICKUP,
9000002561,1000002561,336.0,337.0,1393,2,2.0,2,DELIVERED,PICKUP,
9000002562,1000002562,174.0,177.0,1057,1,,3025,DELIVERED,Correo Argentino,TRK-OFC7R77KWK
9000002563,1000002563,355.0,362.0,310,1,,2903,DELIVERED,Correo Argentino,TRK-33P9AYXCW8
9000002564,1000002564,17.0,21.0,358,1,,2650,DELIVERED,Correo Argentino,TRK-N0ESSDLA8D
9000002565,1000002565,194.0,197.0,1271,1,,2331,DELIVERED,Correo Argentino,TRK-RYE76VOJI9
9000002566,1000002566,504.0,507.0,1158,1,,1563,DELIVERED,Correo Argentino,TRK-DAC25YAXFP
9000002567,1000002567,550.0,551.0,492,2,4.0,4,SHIPPED,PICKUP,
9000002568,1000002568,389.0,391.0,1207,1,,2890,DELIVERED,Correo Argentino,TRK-5M3AWOJDQI
9000002569,1000002569,495.0,496.0,1015,2,3.0,3,DELIVERED,PICKUP,
9000002570,1000002570,353.0,354.0,698,2,2.0,2,DELIVERED,PICKUP,
9000002571,1000002571,407.0,408.0,860,2,4.0,4,DELIVERED,PICKUP,
9000002572,1000002572,370.0,372.0,1258,1,,2191,DELIVERED,Correo Argentino,TRK-WFUHW24DP6
9000002573,1000002573,324.0,327.0,1032,1,,1100,DELIVERED,Correo Argentino,TRK-N8L812CPLB
9000002574,1000002574,624.0,627.0,26,1,,1110,DELIVERED,Correo Argentino,TRK-WZKL8RJHJS
9000002575,1000002575,210.0,213.0,268,1,,1514,DELIVERED,Correo Argentino,TRK-X86JRNDJW5
9000002576,1000002576,125.0,127.0,1242,1,,367,DELIVERED,Correo Argentino,TRK-LPGUT1PV0B
9000002577,1000002577,98.0,102.0,393,1,,256,SHIPPED,Correo Argentino,TRK-QLD56PX9Q2
9000002578,1000002578,255.0,256.0,99,2,4.0,4,READY,PICKUP,
9000002579,1000002579,631.0,633.0,518,1,,2453,DELIVERED,Correo Argentino,TRK-DUJY23QIGT
9000002580,1000002580,251.0,257.0,420,1,,350,DELIVERED,Correo Argentino,TRK-9JLJMQDHE8
9000002581,1000002581,63.0,64.0,323,2,3.0,3,DELIVERED,PICKUP,
9000002582,1000002582,55.0,59.0,1359,1,,2510,DELIVERED,Correo Argentino,TRK-ABWOKHEP9M
9000002583,1000002583,398.0,400.0,988,1,,1544,DELIVERED,Correo Argentino,TRK-1H68IM4GRU
9000002584,1000002584,404.0,405.0,687,2,3.0,3,DELIVERED,PICKUP,
9000002585,1000002585,,,395,1,,197,CANCELLED,Correo Argentino,
9000002586,1000002586,355.0,356.0,35,2,3.0,3,DELIVERED,PICKUP,
9000002587,1000002587,429.0,430.0,264,2,2.0,2,DELIVERED,PICKUP,
9000002588,1000002588,288.0,290.0,1085,1,,3157,DELIVERED,Correo Argentino,TRK-I1KAVNJZO0
9000002589,1000002589,318.0,321.0,1023,1,,261,DELIVERED,Correo Argentino,TRK-2WNPQF4EGY
9000002590,1000002590,,,789,1,,900,CANCELLED,Correo Argentino,
9000002591,1000002591,567.0,568.0,524,2,2.0,2,DELIVERED,PICKUP,
9000002592,1000002592,168.0,173.0,189,1,,2593,SHIPPED,Correo Argentino,TRK-71LAVRFVRI
9000002593,1000002593,,,806,2,4.0,4,CANCELLED,PICKUP,
9000002594,1000002594,269.0,271.0,1241,1,,2779,DELIVERED,Correo Argentino,TRK-LZZ4NVKVYL
9000002595,1000002595,40.0,45.0,1210,1,,436,DELIVERED,Correo Argentino,TRK-DC6CY9Q5YH
9000002596,1000002596,,,1034,1,,1676,CANCELLED,Correo Argentino,
9000002597,1000002597,,,653,2,1.0,1,CANCELLED,PICKUP,
9000002598,1000002598,111.0,112.0,662,2,1.0,1,DELIVERED,PICKUP,
9000002599,1000002599,281.0,282.0,726,2,3.0,3,SHIPPED,PICKUP,
9000002600,1000002600,414.0,417.0,1306,1,,347,DELIVERED,Correo Argentino,TRK-N43ROGLF1S
9000002601,1000002601,,,1383,2,3.0,3,CANCELLED,PICKUP,
9000002602,1000002602,,,489,1,,425,CANCELLED,Correo Argentino,
9000002603,1000002603,553.0,556.0,1476,1,,1072,DELIVERED,Correo Argentino,TRK-94WM3BK6CW
9000002604,1000002604,145.0,146.0,90,2,3.0,3,DELIVERED,PICKUP,
9000002605,1000002605,19.0,23.0,938,1,,18,DELIVERED,Correo Argentino,TRK-GCDRZJTSJW
9000002606,1000002606,16.0,21.0,1239,1,,146,DELIVERED,Correo Argentino,TRK-6WECBCNT6G
9000002607,1000002607,217.0,218.0,594,2,4.0,4,DELIVERED,PICKUP,
9000002608,1000002608,169.0,170.0,1277,2,4.0,4,DELIVERED,PICKUP,
9000002609,1000002609,600.0,605.0,1386,1,,503,DELIVERED,Correo Argentino,TRK-N078C74TUL
9000002610,1000002610,311.0,313.0,88,1,,1212,DELIVERED,Correo Argentino,TRK-DH1VG86NXB
9000002611,1000002611,304.0,309.0,1274,1,,440,SHIPPED,Correo Argentino,TRK-LYL4UJL7CT
9000002612,1000002612,565.0,566.0,1083,2,2.0,2,DELIVERED,PICKUP,
9000002613,1000002613,230.0,233.0,405,1,,105,DELIVERED,Correo Argentino,TRK-QBZHCAODSA
9000002614,1000002614,414.0,415.0,1206,2,1.0,1,SHIPPED,PICKUP,
9000002615,1000002615,270.0,273.0,427,1,,991,DELIVERED,Correo Argentino,TRK-X03ZBY1OFM
9000002616,1000002616,625.0,629.0,1230,1,,2873,DELIVERED,Correo Argentino,TRK-0XGRWD02PA
9000002617,1000002617,505.0,506.0,119,2,3.0,3,DELIVERED,PICKUP,
9000002618,1000002618,172.0,174.0,1305,1,,3100,DELIVERED,Correo Argentino,TRK-R43SFFPPSI
9000002619,1000002619,627.0,628.0,1274,2,3.0,3,DELIVERED,PICKUP,
9000002620,1000002620,,,77,1,,2591,CANCELLED,Correo Argentino,
9000002621,1000002621,468.0,473.0,136,1,,2293,DELIVERED,Correo Argentino,TRK-08VYVTE9IG
9000002622,1000002622,75.0,76.0,782,2,2.0,2,DELIVERED,PICKUP,
9000002623,1000002623,201.0,206.0,293,1,,2170,DELIVERED,Correo Argentino,TRK-J90OU4U1PT
9000002624,1000002624,309.0,310.0,481,2,3.0,3,SHIPPED,PICKUP,
9000002625,1000002625,400.0,403.0,593,1,,903,DELIVERED,Correo Argentino,TRK-IGMG55CT9D
9000002626,1000002626,143.0,146.0,617,1,,913,DELIVERED,Correo Argentino,TRK-UBXFHS1B3E
9000002627,1000002627,311.0,312.0,1021,2,1.0,1,DELIVERED,PICKUP,
9000002628,1000002628,102.0,103.0,382,2,2.0,2,DELIVERED,PICKUP,
9000002629,1000002629,306.0,307.0,1356,2,4.0,4,DELIVERED,PICKUP,
9000002630,1000002630,499.0,504.0,464,1,,55,DELIVERED,Correo Argentino,TRK-VSMMNVFH3N
9000002631,1000002631,28.0,32.0,618,1,,1397,DELIVERED,Correo Argentino,TRK-TIVKSJ6LVP
9000002632,1000002632,296.0,297.0,950,2,3.0,3,DELIVERED,PICKUP,
9000002633,1000002633,159.0,160.0,1371,2,1.0,1,DELIVERED,PICKUP,
9000002634,1000002634,53.0,54.0,1007,2,2.0,2,DELIVERED,PICKUP,
9000002635,1000002635,481.0,484.0,48,1,,845,DELIVERED,Correo Argentino,TRK-JQBKV6TBAL
9000002636,1000002636,344.0,345.0,1231,2,2.0,2,SHIPPED,PICKUP,
9000002637,1000002637,180.0,181.0,1143,2,2.0,2,READY,PICKUP,
9000002638,1000002638,424.0,425.0,1374,2,3.0,3,DELIVERED,PICKUP,
9000002639,1000002639,315.0,319.0,1014,1,,2787,DELIVERED,Correo Argentino,TRK-EL8FM4595R
9000002640,1000002640,345.0,350.0,1161,1,,2384,SHIPPED,Correo Argentino,TRK-DDUCM1EWLN
9000002641,1000002641,156.0,159.0,423,1,,310,DELIVERED,Correo Argentino,TRK-Q7WKR78ACJ
9000002642,1000002642,11.0,15.0,52,1,,1047,DELIVERED,Correo Argentino,TRK-BUESEKOU2C
9000002643,1000002643,575.0,578.0,1112,1,,1065,DELIVERED,Correo Argentino,TRK-9HNYUPR69Y
9000002644,1000002644,246.0,253.0,1046,1,,450,DELIVERED,Correo Argentino,TRK-NZB1FU8A5W
9000002645,1000002645,361.0,362.0,555,2,3.0,3,DELIVERED,PICKUP,
9000002646,1000002646,420.0,423.0,24,1,,3173,DELIVERED,Correo Argentino,TRK-WB5XV5SIOQ
9000002647,1000002647,132.0,133.0,506,2,2.0,2,DELIVERED,PICKUP,
9000002648,1000002648,338.0,341.0,1211,1,,74,SHIPPED,Correo Argentino,TRK-8FL7GAG6CB
9000002649,1000002649,200.0,203.0,859,1,,2355,DELIVERED,Correo Argentino,TRK-78JO9N0JZ0
9000002650,1000002650,316.0,319.0,1376,1,,882,DELIVERED,Correo Argentino,TRK-GHPJXCBHAA
9000002651,1000002651,521.0,522.0,83,2,1.0,1,DELIVERED,PICKUP,
9000002652,1000002652,609.0,614.0,284,1,,1706,DELIVERED,Correo Argentino,TRK-CGQESDNC1K
9000002653,1000002653,399.0,400.0,517,2,1.0,1,SHIPPED,PICKUP,
9000002654,1000002654,97.0,98.0,521,2,1.0,1,DELIVERED,PICKUP,
9000002655,1000002655,27.0,31.0,585,1,,1233,DELIVERED,Correo Argentino,TRK-3KMZ5YUGUR
9000002656,1000002656,225.0,226.0,282,2,3.0,3,DELIVERED,PICKUP,
9000002657,1000002657,495.0,496.0,1234,2,1.0,1,DELIVERED,PICKUP,
9000002658,1000002658,154.0,155.0,1350,2,4.0,4,DELIVERED,PICKUP,
9000002659,1000002659,491.0,493.0,31,1,,45,SHIPPED,Correo Argentino,TRK-DIMUD48OH9
9000002660,1000002660,360.0,364.0,1356,1,,31,READY,Correo Argentino,TRK-7D1PXG3KZQ
9000002661,1000002661,440.0,443.0,1392,1,,1999,DELIVERED,Correo Argentino,TRK-OS7KJKA8P3
9000002662,1000002662,475.0,476.0,702,2,4.0,4,DELIVERED,PICKUP,
9000002663,1000002663,22.0,25.0,1414,1,,1536,SHIPPED,Correo Argentino,TRK-PMZPOK6VWE
9000002664,1000002664,205.0,207.0,216,1,,1566,SHIPPED,Correo Argentino,TRK-ZPL7PSYQ2V
9000002665,1000002665,422.0,427.0,87,1,,781,SHIPPED,Correo Argentino,TRK-PQ3C4R1OBE
9000002666,1000002666,216.0,217.0,173,2,2.0,2,DELIVERED,PICKUP,
9000002667,1000002667,33.0,34.0,767,2,2.0,2,DELIVERED,PICKUP,
9000002668,1000002668,637.0,641.0,49,1,,2812,DELIVERED,Correo Argentino,TRK-CG21FOGSPE
9000002669,1000002669,370.0,372.0,706,1,,2407,DELIVERED,Correo Argentino,TRK-PUUDJU63O9
9000002670,1000002670,,,1456,1,,1944,CANCELLED,Correo Argentino,
9000002671,1000002671,,,87,2,1.0,1,CANCELLED,PICKUP,
9000002672,1000002672,428.0,429.0,1066,2,3.0,3,SHIPPED,PICKUP,
9000002673,1000002673,125.0,126.0,1398,2,3.0,3,DELIVERED,PICKUP,
9000002674,1000002674,256.0,259.0,544,1,,1899,DELIVERED,Correo Argentino,TRK-7UXYMBNMMM
9000002675,1000002675,133.0,135.0,135,1,,632,DELIVERED,Correo Argentino,TRK-TJYQKUU2LT
9000002676,1000002676,373.0,376.0,806,1,,384,DELIVERED,Correo Argentino,TRK-NINW8AZ1XU
9000002677,1000002677,491.0,493.0,1230,1,,1660,DELIVERED,Correo Argentino,TRK-0JLOEV8IK1
9000002678,1000002678,66.0,69.0,995,1,,318,DELIVERED,Correo Argentino,TRK-G36Q6NMBU0
9000002679,1000002679,483.0,484.0,629,2,1.0,1,DELIVERED,PICKUP,
9000002680,1000002680,183.0,186.0,1312,1,,1893,DELIVERED,Correo Argentino,TRK-32TQYYEAQU
9000002681,1000002681,399.0,406.0,1339,1,,2903,DELIVERED,Correo Argentino,TRK-OXYJE4GWXJ
9000002682,1000002682,327.0,328.0,1172,2,3.0,3,DELIVERED,PICKUP,
9000002683,1000002683,13.0,14.0,1064,2,3.0,3,DELIVERED,PICKUP,
9000002684,1000002684,,,913,2,2.0,2,CANCELLED,PICKUP,
9000002685,1000002685,552.0,556.0,295,1,,1179,DELIVERED,Correo Argentino,TRK-B25ODTKEW4
9000002686,1000002686,,,461,1,,2431,CANCELLED,Correo Argentino,
9000002687,1000002687,545.0,549.0,326,1,,2606,DELIVERED,Correo Argentino,TRK-1RK5CXVN5R
9000002688,1000002688,95.0,100.0,971,1,,2904,DELIVERED,Correo Argentino,TRK-NSRD1BAPLD
9000002689,1000002689,169.0,170.0,70,2,4.0,4,DELIVERED,PICKUP,
9000002690,1000002690,64.0,68.0,415,1,,113,DELIVERED,Correo Argentino,TRK-MW0V9421AQ
9000002691,1000002691,65.0,66.0,292,2,3.0,3,DELIVERED,PICKUP,
9000002692,1000002692,627.0,631.0,717,1,,518,DELIVERED,Correo Argentino,TRK-X24B06TW86
9000002693,1000002693,610.0,615.0,904,1,,2542,SHIPPED,Correo Argentino,TRK-CDSIAXDJ0M
9000002694,1000002694,,,437,1,,3041,CANCELLED,Correo Argentino,
9000002695,1000002695,599.0,600.0,1396,2,3.0,3,DELIVERED,PICKUP,
9000002696,1000002696,525.0,530.0,393,1,,1081,DELIVERED,Correo Argentino,TRK-CHZX7L4AB7
9000002697,1000002697,,,1289,1,,3023,CANCELLED,Correo Argentino,
9000002698,1000002698,186.0,187.0,394,2,3.0,3,DELIVERED,PICKUP,
9000002699,1000002699,343.0,344.0,1413,2,2.0,2,DELIVERED,PICKUP,
9000002700,1000002700,230.0,231.0,1157,2,1.0,1,DELIVERED,PICKUP,
9000002701,1000002701,622.0,624.0,1308,1,,1048,DELIVERED,Correo Argentino,TRK-4RYATUZFAL
9000002702,1000002702,283.0,287.0,628,1,,560,DELIVERED,Correo Argentino,TRK-BX55XE7LV2
9000002703,1000002703,343.0,347.0,317,1,,1202,DELIVERED,Correo Argentino,TRK-6PDNNEW4OP
9000002704,1000002704,190.0,191.0,55,2,1.0,1,DELIVERED,PICKUP,
9000002705,1000002705,567.0,568.0,339,2,1.0,1,SHIPPED,PICKUP,
9000002706,1000002706,356.0,360.0,1277,1,,843,DELIVERED,Correo Argentino,TRK-JL1ZFRW7X5
9000002707,1000002707,96.0,101.0,823,1,,2717,DELIVERED,Correo Argentino,TRK-PBCJURGZD2
9000002708,1000002708,78.0,81.0,272,1,,3103,DELIVERED,Correo Argentino,TRK-6J2VF9AHAN
9000002709,1000002709,187.0,189.0,1147,1,,1075,DELIVERED,Correo Argentino,TRK-UJURFPOXMR
9000002710,1000002710,375.0,376.0,594,2,1.0,1,DELIVERED,PICKUP,
9000002711,1000002711,352.0,355.0,639,1,,2786,DELIVERED,Correo Argentino,TRK-2WBZFZJWOM
9000002712,1000002712,616.0,620.0,172,1,,2712,DELIVERED,Correo Argentino,TRK-BAOIWAYDRU
9000002713,1000002713,610.0,614.0,1182,1,,263,SHIPPED,Correo Argentino,TRK-W4E3J8Z4ZJ
9000002714,1000002714,401.0,404.0,35,1,,1984,DELIVERED,Correo Argentino,TRK-GDL24B8XQK
9000002715,1000002715,47.0,48.0,572,2,1.0,1,DELIVERED,PICKUP,
9000002716,1000002716,392.0,397.0,816,1,,1934,DELIVERED,Correo Argentino,TRK-KH2JI72MBD
9000002717,1000002717,163.0,168.0,359,1,,1859,DELIVERED,Correo Argentino,TRK-TLXGKYA164
9000002718,1000002718,509.0,514.0,272,1,,2022,DELIVERED,Correo Argentino,TRK-493OSFZ9B3
9000002719,1000002719,539.0,540.0,402,2,4.0,4,DELIVERED,PICKUP,
9000002720,1000002720,,,1137,1,,2260,CANCELLED,Correo Argentino,
9000002721,1000002721,166.0,167.0,1267,2,3.0,3,DELIVERED,PICKUP,
9000002722,1000002722,322.0,326.0,603,1,,358,SHIPPED,Correo Argentino,TRK-ECNV5VECXO
9000002723,1000002723,259.0,260.0,606,2,4.0,4,DELIVERED,PICKUP,
9000002724,1000002724,350.0,354.0,1268,1,,2501,DELIVERED,Correo Argentino,TRK-QHITTZAL1E
9000002725,1000002725,595.0,599.0,1393,1,,829,DELIVERED,Correo Argentino,TRK-ZZG2PHH1HH
9000002726,1000002726,,,1486,1,,3037,CANCELLED,Correo Argentino,
9000002727,1000002727,,,1453,1,,2136,CANCELLED,Correo Argentino,
9000002728,1000002728,329.0,334.0,1352,1,,2763,DELIVERED,Correo Argentino,TRK-WZYMJ6MBEY
9000002729,1000002729,94.0,95.0,1357,2,1.0,1,SHIPPED,PICKUP,
9000002730,1000002730,386.0,387.0,725,2,1.0,1,DELIVERED,PICKUP,
9000002731,1000002731,618.0,619.0,260,2,3.0,3,DELIVERED,PICKUP,
9000002732,1000002732,399.0,400.0,378,2,3.0,3,DELIVERED,PICKUP,
9000002733,1000002733,384.0,387.0,1425,1,,2512,DELIVERED,Correo Argentino,TRK-5UEF2H8VMT
9000002734,1000002734,189.0,193.0,85,1,,1308,DELIVERED,Correo Argentino,TRK-EUD9LVHW4E
9000002735,1000002735,618.0,619.0,1313,2,3.0,3,DELIVERED,PICKUP,
9000002736,1000002736,384.0,385.0,704,2,4.0,4,DELIVERED,PICKUP,
9000002737,1000002737,288.0,289.0,1133,2,2.0,2,DELIVERED,PICKUP,
9000002738,1000002738,421.0,425.0,176,1,,252,DELIVERED,Correo Argentino,TRK-WIG6BATF5O
9000002739,1000002739,193.0,195.0,264,1,,2499,DELIVERED,Correo Argentino,TRK-O3NQN41UK7
9000002740,1000002740,142.0,143.0,882,2,1.0,1,DELIVERED,PICKUP,
9000002741,1000002741,617.0,621.0,529,1,,1653,DELIVERED,Correo Argentino,TRK-G64XSU6LLU
9000002742,1000002742,184.0,185.0,511,2,1.0,1,DELIVERED,PICKUP,
9000002743,1000002743,300.0,301.0,1192,2,4.0,4,DELIVERED,PICKUP,
9000002744,1000002744,526.0,527.0,866,2,2.0,2,DELIVERED,PICKUP,
9000002745,1000002745,452.0,458.0,147,1,,2217,DELIVERED,Correo Argentino,TRK-146NZ9GS96
9000002746,1000002746,14.0,15.0,846,2,2.0,2,SHIPPED,PICKUP,
9000002747,1000002747,482.0,487.0,487,1,,1511,DELIVERED,Correo Argentino,TRK-X1YFH1HDNR
9000002748,1000002748,313.0,314.0,1252,2,4.0,4,DELIVERED,PICKUP,
9000002749,1000002749,,,746,2,1.0,1,CANCELLED,PICKUP,
9000002750,1000002750,580.0,584.0,760,1,,3115,SHIPPED,Correo Argentino,TRK-2I8MH6JJR2
9000002751,1000002751,586.0,587.0,414,2,1.0,1,DELIVERED,PICKUP,
9000002752,1000002752,158.0,159.0,180,2,3.0,3,DELIVERED,PICKUP,
9000002753,1000002753,,,369,1,,346,CANCELLED,Correo Argentino,
9000002754,1000002754,346.0,350.0,1391,1,,3062,DELIVERED,Correo Argentino,TRK-LAOPOWW2C4
9000002755,1000002755,176.0,180.0,1181,1,,381,DELIVERED,Correo Argentino,TRK-FZERUC7SJR
9000002756,1000002756,211.0,216.0,841,1,,1336,DELIVERED,Correo Argentino,TRK-82Z4JSIJPB
9000002757,1000002757,454.0,456.0,282,1,,2724,DELIVERED,Correo Argentino,TRK-EJIX7UC5G0
9000002758,1000002758,176.0,179.0,1491,1,,413,DELIVERED,Correo Argentino,TRK-I7P4S7JZ4D
9000002759,1000002759,,,787,2,2.0,2,CANCELLED,PICKUP,
9000002760,1000002760,537.0,538.0,484,2,2.0,2,DELIVERED,PICKUP,
9000002761,1000002761,576.0,578.0,559,1,,491,DELIVERED,Correo Argentino,TRK-48NL2GHN9C
9000002762,1000002762,513.0,515.0,872,1,,3021,DELIVERED,Correo Argentino,TRK-JGI36KE94J
9000002763,1000002763,468.0,473.0,568,1,,1138,DELIVERED,Correo Argentino,TRK-23HELSUBU1
9000002764,1000002764,610.0,611.0,578,2,1.0,1,DELIVERED,PICKUP,
9000002765,1000002765,70.0,71.0,291,2,1.0,1,DELIVERED,PICKUP,
9000002766,1000002766,417.0,419.0,549,1,,311,DELIVERED,Correo Argentino,TRK-6Y8OHNUN0F
9000002767,1000002767,168.0,171.0,511,1,,2059,DELIVERED,Correo Argentino,TRK-M3H1BAS2X5
9000002768,1000002768,468.0,470.0,185,1,,2384,DELIVERED,Correo Argentino,TRK-LV2GKOO7RR
9000002769,1000002769,432.0,433.0,575,2,3.0,3,DELIVERED,PICKUP,
9000002770,1000002770,,,798,1,,853,CANCELLED,Correo Argentino,
9000002771,1000002771,321.0,324.0,1108,1,,471,DELIVERED,Correo Argentino,TRK-1K0RW98GSB
9000002772,1000002772,97.0,98.0,1145,2,3.0,3,DELIVERED,PICKUP,
9000002773,1000002773,,,1421,1,,1808,CANCELLED,Correo Argentino,
9000002774,1000002774,393.0,396.0,613,1,,2529,DELIVERED,Correo Argentino,TRK-OVQLAKABM0
9000002775,1000002775,466.0,467.0,67,2,1.0,1,SHIPPED,PICKUP,
9000002776,1000002776,541.0,546.0,415,1,,1526,DELIVERED,Correo Argentino,TRK-N4O7386WN2
9000002777,1000002777,80.0,81.0,1101,2,2.0,2,DELIVERED,PICKUP,
9000002778,1000002778,466.0,468.0,939,1,,1678,DELIVERED,Correo Argentino,TRK-0RRZ6HCMBV
9000002779,1000002779,,,700,1,,141,CANCELLED,Correo Argentino,
9000002780,1000002780,423.0,426.0,258,1,,2573,DELIVERED,Correo Argentino,TRK-PF1BIEVHKJ
9000002781,1000002781,533.0,540.0,623,1,,1446,DELIVERED,Correo Argentino,TRK-3W1E90QGCC
9000002782,1000002782,499.0,503.0,164,1,,589,DELIVERED,Correo Argentino,TRK-Q8EQBUFX2C
9000002783,1000002783,416.0,417.0,684,2,2.0,2,READY,PICKUP,
9000002784,1000002784,465.0,466.0,271,2,4.0,4,DELIVERED,PICKUP,
9000002785,1000002785,292.0,293.0,816,2,4.0,4,DELIVERED,PICKUP,
9000002786,1000002786,228.0,229.0,1449,2,3.0,3,DELIVERED,PICKUP,
9000002787,1000002787,518.0,523.0,1293,1,,1596,DELIVERED,Correo Argentino,TRK-AKHTCJZONC
9000002788,1000002788,559.0,562.0,1097,1,,2485,DELIVERED,Correo Argentino,TRK-QFAGQ6JAPW
9000002789,1000002789,14.0,15.0,1184,2,1.0,1,DELIVERED,PICKUP,
9000002790,1000002790,194.0,195.0,877,2,4.0,4,SHIPPED,PICKUP,
9000002791,1000002791,152.0,153.0,475,2,3.0,3,DELIVERED,PICKUP,
9000002792,1000002792,496.0,497.0,1287,2,2.0,2,DELIVERED,PICKUP,
9000002793,1000002793,,,1113,1,,325,CANCELLED,Correo Argentino,
9000002794,1000002794,625.0,629.0,1048,1,,899,DELIVERED,Correo Argentino,TRK-3M4VRPR1K8
9000002795,1000002795,604.0,606.0,300,1,,537,DELIVERED,Correo Argentino,TRK-LIYUM443TG
9000002796,1000002796,375.0,377.0,175,1,,1526,DELIVERED,Correo Argentino,TRK-1PMNCJ12ZJ
9000002797,1000002797,443.0,446.0,514,1,,946,DELIVERED,Correo Argentino,TRK-O83E58V2IZ
9000002798,1000002798,120.0,125.0,1448,1,,1605,SHIPPED,Correo Argentino,TRK-LAT4RBPWEL
9000002799,1000002799,611.0,612.0,1361,2,1.0,1,DELIVERED,PICKUP,
9000002800,1000002800,153.0,154.0,883,2,4.0,4,DELIVERED,PICKUP,
9000002801,1000002801,343.0,344.0,302,2,1.0,1,DELIVERED,PICKUP,
9000002802,1000002802,,,638,1,,618,CANCELLED,Correo Argentino,
9000002803,1000002803,584.0,587.0,537,1,,2040,DELIVERED,Correo Argentino,TRK-XIBE7FGWJP
9000002804,1000002804,280.0,285.0,922,1,,1374,DELIVERED,Correo Argentino,TRK-A3D67NX38H
9000002805,1000002805,343.0,344.0,740,2,3.0,3,DELIVERED,PICKUP,
9000002806,1000002806,216.0,223.0,1474,1,,1011,DELIVERED,Correo Argentino,TRK-NJKR0R4CXH
9000002807,1000002807,378.0,380.0,1234,1,,434,DELIVERED,Correo Argentino,TRK-MKPKHISKVN
9000002808,1000002808,361.0,366.0,1095,1,,1094,DELIVERED,Correo Argentino,TRK-51KKQWQFSS
9000002809,1000002809,169.0,173.0,610,1,,2093,DELIVERED,Correo Argentino,TRK-MAZFRM5G54
9000002810,1000002810,497.0,498.0,1326,2,1.0,1,DELIVERED,PICKUP,
9000002811,1000002811,435.0,441.0,1267,1,,2236,DELIVERED,Correo Argentino,TRK-0C67E9QXEL
9000002812,1000002812,413.0,414.0,694,2,2.0,2,DELIVERED,PICKUP,
9000002813,1000002813,85.0,86.0,373,2,3.0,3,DELIVERED,PICKUP,
9000002814,1000002814,353.0,356.0,1068,1,,1909,READY,Correo Argentino,TRK-M3813N8WRZ
9000002815,1000002815,111.0,115.0,1209,1,,2036,DELIVERED,Correo Argentino,TRK-90YV8VIH5Z
9000002816,1000002816,221.0,225.0,1370,1,,654,SHIPPED,Correo Argentino,TRK-ZX20RNZ3EF
9000002817,1000002817,319.0,320.0,357,2,2.0,2,DELIVERED,PICKUP,
9000002818,1000002818,614.0,616.0,1071,1,,1556,DELIVERED,Correo Argentino,TRK-HXAB13J0KK
9000002819,1000002819,55.0,59.0,1110,1,,1590,DELIVERED,Correo Argentino,TRK-KAUQ8AW8U8
9000002820,1000002820,574.0,575.0,896,2,2.0,2,DELIVERED,PICKUP,
9000002821,1000002821,541.0,542.0,1084,2,4.0,4,DELIVERED,PICKUP,
9000002822,1000002822,351.0,353.0,463,1,,516,DELIVERED,Correo Argentino,TRK-KO0AWXT1J7
9000002823,1000002823,85.0,89.0,1090,1,,2652,DELIVERED,Correo Argentino,TRK-UHPR2MMRE0
9000002824,1000002824,348.0,349.0,462,2,2.0,2,DELIVERED,PICKUP,
9000002825,1000002825,197.0,198.0,918,2,3.0,3,DELIVERED,PICKUP,
9000002826,1000002826,,,717,1,,2415,CANCELLED,Correo Argentino,
9000002827,1000002827,276.0,277.0,1418,2,4.0,4,DELIVERED,PICKUP,
9000002828,1000002828,,,1083,2,2.0,2,CANCELLED,PICKUP,
9000002829,1000002829,498.0,499.0,444,2,4.0,4,SHIPPED,PICKUP,
9000002830,1000002830,262.0,266.0,411,1,,445,DELIVERED,Correo Argentino,TRK-1C9NBDZHCG
9000002831,1000002831,257.0,260.0,183,1,,1499,DELIVERED,Correo Argentino,TRK-KFWSFC78VW
9000002832,1000002832,361.0,365.0,414,1,,2807,DELIVERED,Correo Argentino,TRK-OQD4RKRHOM
9000002833,1000002833,99.0,101.0,19,1,,731,SHIPPED,Correo Argentino,TRK-G7VY3KAXGG
9000002834,1000002834,186.0,190.0,276,1,,2334,DELIVERED,Correo Argentino,TRK-77F1IUTAIK
9000002835,1000002835,424.0,427.0,798,1,,1510,DELIVERED,Correo Argentino,TRK-2VU4LYY3MA
9000002836,1000002836,636.0,641.0,1384,1,,2874,DELIVERED,Correo Argentino,TRK-HJFPGWXB0D
9000002837,1000002837,519.0,520.0,757,2,3.0,3,DELIVERED,PICKUP,
9000002838,1000002838,,,961,2,4.0,4,CANCELLED,PICKUP,
9000002839,1000002839,,,1111,2,4.0,4,CANCELLED,PICKUP,
9000002840,1000002840,308.0,313.0,624,1,,748,DELIVERED,Correo Argentino,TRK-QOE9UZX3Y6
9000002841,1000002841,583.0,587.0,1300,1,,964,DELIVERED,Correo Argentino,TRK-V47ZX7DLGB
9000002842,1000002842,494.0,495.0,183,2,2.0,2,SHIPPED,PICKUP,
9000002843,1000002843,408.0,411.0,448,1,,408,DELIVERED,Correo Argentino,TRK-Z4V28XHN29
9000002844,1000002844,628.0,631.0,768,1,,1115,DELIVERED,Correo Argentino,TRK-89HCL526IJ
9000002845,1000002845,193.0,194.0,85,2,4.0,4,DELIVERED,PICKUP,
9000002846,1000002846,283.0,285.0,1103,1,,793,DELIVERED,Correo Argentino,TRK-GNITZTTY3P
9000002847,1000002847,124.0,128.0,472,1,,2019,SHIPPED,Correo Argentino,TRK-PODCU5O0Q2
9000002848,1000002848,603.0,607.0,2,1,,581,DELIVERED,Correo Argentino,TRK-5ENTN358DK
9000002849,1000002849,56.0,61.0,1003,1,,3184,SHIPPED,Correo Argentino,TRK-9UZP8NXB52
9000002850,1000002850,546.0,547.0,69,2,2.0,2,DELIVERED,PICKUP,
9000002851,1000002851,388.0,390.0,310,1,,1686,DELIVERED,Correo Argentino,TRK-WOFAM1K1EN
9000002852,1000002852,,,639,2,2.0,2,CANCELLED,PICKUP,
9000002853,1000002853,502.0,506.0,159,1,,1780,DELIVERED,Correo Argentino,TRK-1FM0ZU2ZO0
9000002854,1000002854,496.0,501.0,388,1,,2200,SHIPPED,Correo Argentino,TRK-XGMS7OM06H
9000002855,1000002855,354.0,358.0,870,1,,1026,DELIVERED,Correo Argentino,TRK-8VLTV8AKCD
9000002856,1000002856,545.0,550.0,551,1,,2011,DELIVERED,Correo Argentino,TRK-IO7B3I0C8P
9000002857,1000002857,279.0,285.0,434,1,,1286,DELIVERED,Correo Argentino,TRK-2EV7PG7ZII
9000002858,1000002858,630.0,635.0,810,1,,1028,SHIPPED,Correo Argentino,TRK-4YIUQSNQRF
9000002859,1000002859,542.0,543.0,1320,2,1.0,1,DELIVERED,PICKUP,
9000002860,1000002860,,,634,1,,622,CANCELLED,Correo Argentino,
9000002861,1000002861,250.0,254.0,334,1,,843,DELIVERED,Correo Argentino,TRK-7EEUIT9E14
9000002862,1000002862,568.0,570.0,495,1,,1324,DELIVERED,Correo Argentino,TRK-0NBV9MTGTN
9000002863,1000002863,150.0,155.0,1227,1,,3199,DELIVERED,Correo Argentino,TRK-UW0QMNXTDO
9000002864,1000002864,6.0,7.0,637,2,4.0,4,SHIPPED,PICKUP,
9000002865,1000002865,284.0,286.0,304,1,,2564,SHIPPED,Correo Argentino,TRK-D1T2JBT31U
9000002866,1000002866,235.0,239.0,695,1,,45,DELIVERED,Correo Argentino,TRK-VDFHQGQYIQ
9000002867,1000002867,201.0,202.0,899,2,2.0,2,DELIVERED,PICKUP,
9000002868,1000002868,,,1296,1,,20,CANCELLED,Correo Argentino,
9000002869,1000002869,113.0,114.0,94,2,1.0,1,SHIPPED,PICKUP,
9000002870,1000002870,427.0,428.0,820,2,4.0,4,READY,PICKUP,
9000002871,1000002871,53.0,54.0,618,2,4.0,4,DELIVERED,PICKUP,
9000002872,1000002872,401.0,406.0,1327,1,,1538,DELIVERED,Correo Argentino,TRK-A57GLL995O
9000002873,1000002873,414.0,418.0,4,1,,2859,DELIVERED,Correo Argentino,TRK-G7T2MX5P1E
9000002874,1000002874,616.0,621.0,1131,1,,2142,SHIPPED,Correo Argentino,TRK-TVL6ZN19B4
9000002875,1000002875,108.0,112.0,635,1,,1237,DELIVERED,Correo Argentino,TRK-PCGMFKFT7R
9000002876,1000002876,556.0,558.0,1458,1,,1805,DELIVERED,Correo Argentino,TRK-5R6X2NE7VL
9000002877,1000002877,,,612,1,,1449,CANCELLED,Correo Argentino,
9000002878,1000002878,622.0,625.0,802,1,,2672,DELIVERED,Correo Argentino,TRK-QRMI0GWB5Q
9000002879,1000002879,274.0,277.0,378,1,,857,DELIVERED,Correo Argentino,TRK-AY7OKYTNZW
9000002880,1000002880,561.0,562.0,895,2,2.0,2,DELIVERED,PICKUP,
9000002881,1000002881,562.0,563.0,1171,2,4.0,4,DELIVERED,PICKUP,
9000002882,1000002882,245.0,246.0,812,2,2.0,2,SHIPPED,PICKUP,
9000002883,1000002883,429.0,431.0,334,1,,244,DELIVERED,Correo Argentino,TRK-J1NQVU1NZN
9000002884,1000002884,239.0,244.0,204,1,,1570,DELIVERED,Correo Argentino,TRK-6SS0FENX7P
9000002885,1000002885,470.0,471.0,77,2,1.0,1,DELIVERED,PICKUP,
9000002886,1000002886,236.0,237.0,1409,2,2.0,2,DELIVERED,PICKUP,
9000002887,1000002887,568.0,570.0,700,1,,898,DELIVERED,Correo Argentino,TRK-WPJOH09PWO
9000002888,1000002888,542.0,543.0,442,2,4.0,4,DELIVERED,PICKUP,
9000002889,1000002889,529.0,535.0,562,1,,2304,SHIPPED,Correo Argentino,TRK-X8QFUC6VL4
9000002890,1000002890,202.0,206.0,184,1,,2170,DELIVERED,Correo Argentino,TRK-89BJXHTRMD
9000002891,1000002891,408.0,409.0,1195,2,4.0,4,DELIVERED,PICKUP,
9000002892,1000002892,584.0,585.0,1357,2,4.0,4,SHIPPED,PICKUP,
9000002893,1000002893,282.0,287.0,808,1,,585,DELIVERED,Correo Argentino,TRK-M5BY1R89BH
9000002894,1000002894,70.0,75.0,175,1,,2092,DELIVERED,Correo Argentino,TRK-98KOBP5ZM1
9000002895,1000002895,545.0,550.0,1042,1,,2394,SHIPPED,Correo Argentino,TRK-WOEM92SJHM
9000002896,1000002896,545.0,546.0,384,2,3.0,3,DELIVERED,PICKUP,
9000002897,1000002897,44.0,45.0,46,2,2.0,2,SHIPPED,PICKUP,
9000002898,1000002898,482.0,483.0,185,2,2.0,2,SHIPPED,PICKUP,
9000002899,1000002899,153.0,156.0,275,1,,1122,SHIPPED,Correo Argentino,TRK-5AY1116AKE
9000002900,1000002900,126.0,128.0,749,1,,1007,DELIVERED,Correo Argentino,TRK-6K6QMZX8X3
9000002901,1000002901,185.0,187.0,54,1,,862,DELIVERED,Correo Argentino,TRK-WNAIS07YY1
9000002902,1000002902,453.0,455.0,192,1,,11,DELIVERED,Correo Argentino,TRK-5P9MIX9HIP
9000002903,1000002903,280.0,281.0,707,2,2.0,2,DELIVERED,PICKUP,
9000002904,1000002904,392.0,393.0,502,2,2.0,2,SHIPPED,PICKUP,
9000002905,1000002905,103.0,104.0,67,2,1.0,1,SHIPPED,PICKUP,
9000002906,1000002906,236.0,239.0,1198,1,,1891,DELIVERED,Correo Argentino,TRK-C2XCPVK2SE
9000002907,1000002907,239.0,240.0,334,2,2.0,2,SHIPPED,PICKUP,
9000002908,1000002908,284.0,285.0,686,2,2.0,2,SHIPPED,PICKUP,
9000002909,1000002909,437.0,438.0,1406,2,1.0,1,DELIVERED,PICKUP,
9000002910,1000002910,255.0,259.0,1168,1,,778,DELIVERED,Correo Argentino,TRK-TBYGPE93ZU
9000002911,1000002911,154.0,155.0,1458,2,1.0,1,DELIVERED,PICKUP,
9000002912,1000002912,301.0,302.0,822,2,3.0,3,DELIVERED,PICKUP,
9000002913,1000002913,,,916,1,,1885,CANCELLED,Correo Argentino,
9000002914,1000002914,74.0,75.0,129,2,4.0,4,DELIVERED,PICKUP,
9000002915,1000002915,83.0,84.0,952,2,4.0,4,DELIVERED,PICKUP,
9000002916,1000002916,204.0,205.0,1153,2,4.0,4,DELIVERED,PICKUP,
9000002917,1000002917,554.0,556.0,1441,1,,19,DELIVERED,Correo Argentino,TRK-27H7ZIYWGH
9000002918,1000002918,29.0,30.0,399,2,3.0,3,SHIPPED,PICKUP,
9000002919,1000002919,46.0,47.0,884,2,2.0,2,SHIPPED,PICKUP,
9000002920,1000002920,436.0,439.0,503,1,,1906,DELIVERED,Correo Argentino,TRK-JZAOR7DG3J
9000002921,1000002921,218.0,219.0,53,2,4.0,4,SHIPPED,PICKUP,
9000002922,1000002922,420.0,425.0,1206,1,,551,DELIVERED,Correo Argentino,TRK-AH1S6R9EW8
9000002923,1000002923,481.0,482.0,591,2,3.0,3,DELIVERED,PICKUP,
9000002924,1000002924,529.0,531.0,40,1,,1274,DELIVERED,Correo Argentino,TRK-6QQ6YTX9WO
9000002925,1000002925,21.0,22.0,596,2,4.0,4,DELIVERED,PICKUP,
9000002926,1000002926,31.0,34.0,832,1,,3012,DELIVERED,Correo Argentino,TRK-2TBYY2702H
9000002927,1000002927,283.0,287.0,542,1,,2250,DELIVERED,Correo Argentino,TRK-TDH6O3SQZ7
9000002928,1000002928,162.0,163.0,748,2,1.0,1,SHIPPED,PICKUP,
9000002929,1000002929,72.0,73.0,760,2,1.0,1,DELIVERED,PICKUP,
9000002930,1000002930,453.0,454.0,1272,2,1.0,1,DELIVERED,PICKUP,
9000002931,1000002931,397.0,398.0,1330,2,2.0,2,DELIVERED,PICKUP,
9000002932,1000002932,465.0,470.0,984,1,,3148,DELIVERED,Correo Argentino,TRK-XTZE6VW48H
9000002933,1000002933,503.0,507.0,1208,1,,2471,DELIVERED,Correo Argentino,TRK-UUIE7LHABZ
9000002934,1000002934,458.0,459.0,623,2,1.0,1,DELIVERED,PICKUP,
9000002935,1000002935,340.0,342.0,1056,1,,778,DELIVERED,Correo Argentino,TRK-JW30IIQ6J8
9000002936,1000002936,137.0,139.0,953,1,,2923,DELIVERED,Correo Argentino,TRK-5LP0G8GC2E
9000002937,1000002937,417.0,418.0,687,2,4.0,4,DELIVERED,PICKUP,
9000002938,1000002938,321.0,322.0,722,2,1.0,1,DELIVERED,PICKUP,
9000002939,1000002939,247.0,251.0,39,1,,2245,DELIVERED,Correo Argentino,TRK-NR5NRABI9W
9000002940,1000002940,271.0,276.0,1035,1,,1956,DELIVERED,Correo Argentino,TRK-M79GWPOPSJ
9000002941,1000002941,529.0,532.0,1245,1,,1297,DELIVERED,Correo Argentino,TRK-WPH9CCWBKS
9000002942,1000002942,56.0,60.0,892,1,,1545,DELIVERED,Correo Argentino,TRK-33CNJZBP6X
9000002943,1000002943,279.0,281.0,1246,1,,428,DELIVERED,Correo Argentino,TRK-R5N8RBE8QG
9000002944,1000002944,28.0,29.0,1271,2,4.0,4,DELIVERED,PICKUP,
9000002945,1000002945,,,1418,1,,577,CANCELLED,Correo Argentino,
9000002946,1000002946,197.0,202.0,1256,1,,1548,DELIVERED,Correo Argentino,TRK-XKWDPJ3LPB
9000002947,1000002947,546.0,547.0,1061,2,1.0,1,DELIVERED,PICKUP,
9000002948,1000002948,387.0,388.0,743,2,4.0,4,DELIVERED,PICKUP,
9000002949,1000002949,634.0,637.0,1050,1,,1499,DELIVERED,Correo Argentino,TRK-U6PP7SRB9K
9000002950,1000002950,542.0,547.0,1028,1,,701,DELIVERED,Correo Argentino,TRK-QGOURAIRD9
9000002951,1000002951,221.0,226.0,920,1,,98,SHIPPED,Correo Argentino,TRK-BMDR5GMSHO
9000002952,1000002952,305.0,307.0,1208,1,,574,DELIVERED,Correo Argentino,TRK-FCOAFEAYNU
9000002953,1000002953,637.0,640.0,489,1,,2558,SHIPPED,Correo Argentino,TRK-ZLWHIGGOVI
9000002954,1000002954,245.0,246.0,1272,2,3.0,3,DELIVERED,PICKUP,
9000002955,1000002955,239.0,241.0,1079,1,,2841,SHIPPED,Correo Argentino,TRK-USAP51MZJ9
9000002956,1000002956,418.0,419.0,346,2,3.0,3,DELIVERED,PICKUP,
9000002957,1000002957,68.0,73.0,253,1,,1580,DELIVERED,Correo Argentino,TRK-NW5ILWHNI9
9000002958,1000002958,253.0,254.0,428,2,1.0,1,DELIVERED,PICKUP,
9000002959,1000002959,530.0,531.0,312,2,1.0,1,DELIVERED,PICKUP,
9000002960,1000002960,609.0,614.0,441,1,,2711,DELIVERED,Correo Argentino,TRK-FNMFFU4RCF
9000002961,1000002961,623.0,624.0,658,2,3.0,3,DELIVERED,PICKUP,
9000002962,1000002962,36.0,43.0,179,1,,1159,DELIVERED,Correo Argentino,TRK-I3MTY2RY24
9000002963,1000002963,40.0,46.0,944,1,,741,DELIVERED,Correo Argentino,TRK-9FE62HY4SM
9000002964,1000002964,479.0,483.0,739,1,,1091,DELIVERED,Correo Argentino,TRK-W0N1TG3WQH
9000002965,1000002965,486.0,491.0,1298,1,,3167,DELIVERED,Correo Argentino,TRK-FB15Z000E4
9000002966,1000002966,9.0,10.0,18,2,3.0,3,DELIVERED,PICKUP,
9000002967,1000002967,32.0,33.0,615,2,1.0,1,DELIVERED,PICKUP,
9000002968,1000002968,579.0,580.0,421,2,3.0,3,DELIVERED,PICKUP,
9000002969,1000002969,253.0,258.0,584,1,,854,DELIVERED,Correo Argentino,TRK-8I5OUOTN46
9000002970,1000002970,632.0,637.0,173,1,,1544,DELIVERED,Correo Argentino,TRK-K2SBUB2IYX
9000002971,1000002971,497.0,499.0,928,1,,1070,DELIVERED,Correo Argentino,TRK-BJHRR3XAKX
9000002972,1000002972,511.0,512.0,1351,2,2.0,2,DELIVERED,PICKUP,
9000002973,1000002973,530.0,534.0,555,1,,259,DELIVERED,Correo Argentino,TRK-E2LKYEB1UN
9000002974,1000002974,403.0,407.0,61,1,,1184,DELIVERED,Correo Argentino,TRK-QNL7TUTXGH
9000002975,1000002975,320.0,322.0,840,1,,2592,DELIVERED,Correo Argentino,TRK-NV6K5CX4E1
9000002976,1000002976,546.0,551.0,928,1,,2039,DELIVERED,Correo Argentino,TRK-9PZ6B4CG2R
9000002977,1000002977,474.0,475.0,511,2,3.0,3,DELIVERED,PICKUP,
9000002978,1000002978,41.0,45.0,1068,1,,1599,DELIVERED,Correo Argentino,TRK-0XZCOXYO40
9000002979,1000002979,248.0,253.0,409,1,,1376,DELIVERED,Correo Argentino,TRK-CVB9QQ1S5C
9000002980,1000002980,5.0,10.0,487,1,,308,SHIPPED,Correo Argentino,TRK-4Y5MTM699U
9000002981,1000002981,588.0,589.0,1188,2,1.0,1,SHIPPED,PICKUP,
9000002982,1000002982,158.0,163.0,157,1,,1128,DELIVERED,Correo Argentino,TRK-X2SVF3325E
9000002983,1000002983,625.0,626.0,747,2,1.0,1,DELIVERED,PICKUP,
9000002984,1000002984,170.0,171.0,914,2,4.0,4,DELIVERED,PICKUP,
9000002985,1000002985,,,197,1,,2370,CANCELLED,Correo Argentino,
9000002986,1000002986,183.0,187.0,294,1,,30,READY,Correo Argentino,TRK-QDMYYQG116
9000002987,1000002987,,,1411,1,,3161,CANCELLED,Correo Argentino,
9000002988,1000002988,46.0,50.0,639,1,,1269,DELIVERED,Correo Argentino,TRK-XCJUL46OBI
9000002989,1000002989,,,471,2,3.0,3,CANCELLED,PICKUP,
9000002990,1000002990,189.0,194.0,559,1,,1374,SHIPPED,Correo Argentino,TRK-1O9DGP676U
9000002991,1000002991,298.0,302.0,690,1,,1245,DELIVERED,Correo Argentino,TRK-9ATH6AN3CX
9000002992,1000002992,357.0,360.0,469,1,,2003,DELIVERED,Correo Argentino,TRK-KSS2D3PFWU
9000002993,1000002993,281.0,286.0,214,1,,1373,DELIVERED,Correo Argentino,TRK-S4GRLTUD6D
9000002994,1000002994,143.0,147.0,200,1,,783,DELIVERED,Correo Argentino,TRK-GOK20PT5IN
9000002995,1000002995,224.0,227.0,1062,1,,851,DELIVERED,Correo Argentino,TRK-G1BAACOU0O
9000002996,1000002996,129.0,130.0,224,2,2.0,2,DELIVERED,PICKUP,
9000002997,1000002997,92.0,95.0,672,1,,1913,DELIVERED,Correo Argentino,TRK-HQEKAC7TFS
9000002998,1000002998,67.0,69.0,335,1,,2869,SHIPPED,Correo Argentino,TRK-9X6E6ASA9W
9000002999,1000002999,27.0,28.0,924,2,3.0,3,DELIVERED,PICKUP,
9000003000,1000003000,259.0,264.0,152,1,,84,DELIVERED,Correo Argentino,TRK-43CMU756KU
9000003001,1000003001,47.0,48.0,1281,2,3.0,3,DELIVERED,PICKUP,
9000003002,1000003002,135.0,136.0,611,2,3.0,3,DELIVERED,PICKUP,
9000003003,1000003003,122.0,124.0,1324,1,,1040,DELIVERED,Correo Argentino,TRK-5AYTFADJ46
9000003004,1000003004,586.0,590.0,771,1,,3047,DELIVERED,Correo Argentino,TRK-EZFWRBMVHC
9000003005,1000003005,473.0,475.0,900,1,,2950,DELIVERED,Correo Argentino,TRK-DBSOM6B6IM
9000003006,1000003006,547.0,553.0,270,1,,121,DELIVERED,Correo Argentino,TRK-11GRVSQ118
9000003007,1000003007,388.0,392.0,40,1,,1540,SHIPPED,Correo Argentino,TRK-Z2XYAKPK3H
9000003008,1000003008,267.0,272.0,28,1,,263,SHIPPED,Correo Argentino,TRK-GH5HV9A8NB
9000003009,1000003009,589.0,592.0,1342,1,,1674,DELIVERED,Correo Argentino,TRK-PNE3PZQBHK
9000003010,1000003010,74.0,78.0,1270,1,,1338,DELIVERED,Correo Argentino,TRK-RM0QWDN8FL
9000003011,1000003011,404.0,409.0,346,1,,860,DELIVERED,Correo Argentino,TRK-Q5I2JCGO0J
9000003012,1000003012,2.0,3.0,104,2,4.0,4,SHIPPED,PICKUP,
9000003013,1000003013,424.0,426.0,607,1,,1238,DELIVERED,Correo Argentino,TRK-PWLO1YUGYI
9000003014,1000003014,131.0,132.0,1375,2,4.0,4,DELIVERED,PICKUP,
9000003015,1000003015,481.0,482.0,1056,2,2.0,2,DELIVERED,PICKUP,
9000003016,1000003016,353.0,358.0,194,1,,2609,DELIVERED,Correo Argentino,TRK-VF1YAUKQOW
9000003017,1000003017,440.0,445.0,1197,1,,2492,DELIVERED,Correo Argentino,TRK-I4YH0K823P
9000003018,1000003018,43.0,47.0,860,1,,1118,DELIVERED,Correo Argentino,TRK-UBIZIBU9RR
9000003019,1000003019,46.0,53.0,267,1,,2710,DELIVERED,Correo Argentino,TRK-CWL5S34CT5
9000003020,1000003020,,,231,2,2.0,2,CANCELLED,PICKUP,
9000003021,1000003021,539.0,544.0,1025,1,,2212,DELIVERED,Correo Argentino,TRK-MSQW7U6FE7
9000003022,1000003022,,,103,1,,2960,CANCELLED,Correo Argentino,
9000003023,1000003023,,,704,2,1.0,1,CANCELLED,PICKUP,
9000003024,1000003024,2.0,7.0,785,1,,695,DELIVERED,Correo Argentino,TRK-QFU8LSZ8PU
9000003025,1000003025,473.0,476.0,1054,1,,2620,DELIVERED,Correo Argentino,TRK-20TWHC9HS8
9000003026,1000003026,392.0,393.0,800,2,2.0,2,DELIVERED,PICKUP,
9000003027,1000003027,111.0,113.0,1266,1,,283,DELIVERED,Correo Argentino,TRK-MP78KNQCLD
9000003028,1000003028,112.0,117.0,1387,1,,2966,DELIVERED,Correo Argentino,TRK-US6Y0VF30E
9000003029,1000003029,481.0,482.0,1223,2,2.0,2,SHIPPED,PICKUP,
9000003030,1000003030,518.0,520.0,663,1,,1820,DELIVERED,Correo Argentino,TRK-6UXYVYYB17
9000003031,1000003031,347.0,351.0,161,1,,2464,DELIVERED,Correo Argentino,TRK-4DJS112O7S
9000003032,1000003032,300.0,301.0,493,2,4.0,4,DELIVERED,PICKUP,
9000003033,1000003033,131.0,136.0,1099,1,,2838,SHIPPED,Correo Argentino,TRK-7TZ42MHG9Z
9000003034,1000003034,215.0,220.0,1196,1,,2166,DELIVERED,Correo Argentino,TRK-2LTCM77X93
9000003035,1000003035,339.0,340.0,1497,2,4.0,4,DELIVERED,PICKUP,
9000003036,1000003036,541.0,544.0,408,1,,3190,DELIVERED,Correo Argentino,TRK-TCRH178DLJ
9000003037,1000003037,505.0,506.0,61,2,1.0,1,DELIVERED,PICKUP,
9000003038,1000003038,448.0,453.0,1447,1,,864,DELIVERED,Correo Argentino,TRK-UKGDWNSK7D
9000003039,1000003039,509.0,510.0,514,2,2.0,2,SHIPPED,PICKUP,
9000003040,1000003040,547.0,550.0,93,1,,2202,DELIVERED,Correo Argentino,TRK-SAGNZ2FT1M
9000003041,1000003041,178.0,179.0,817,2,3.0,3,DELIVERED,PICKUP,
9000003042,1000003042,58.0,59.0,1085,2,4.0,4,DELIVERED,PICKUP,
9000003043,1000003043,541.0,542.0,176,2,2.0,2,DELIVERED,PICKUP,
9000003044,1000003044,346.0,351.0,1177,1,,527,SHIPPED,Correo Argentino,TRK-V9BHXIXPS3
9000003045,1000003045,276.0,280.0,1253,1,,3083,DELIVERED,Correo Argentino,TRK-01UE3GBX71
9000003046,1000003046,1.0,2.0,209,2,4.0,4,DELIVERED,PICKUP,
9000003047,1000003047,298.0,299.0,817,2,3.0,3,SHIPPED,PICKUP,
9000003048,1000003048,310.0,311.0,881,2,4.0,4,SHIPPED,PICKUP,
9000003049,1000003049,235.0,236.0,177,2,1.0,1,DELIVERED,PICKUP,
9000003050,1000003050,603.0,608.0,226,1,,773,DELIVERED,Correo Argentino,TRK-IH2DOCDAPE
9000003051,1000003051,606.0,607.0,265,2,1.0,1,DELIVERED,PICKUP,
9000003052,1000003052,554.0,558.0,286,1,,738,SHIPPED,Correo Argentino,TRK-U7UKTIZFVG
9000003053,1000003053,625.0,628.0,652,1,,861,DELIVERED,Correo Argentino,TRK-GLI1YNTNUT
9000003054,1000003054,344.0,345.0,558,2,4.0,4,DELIVERED,PICKUP,
9000003055,1000003055,259.0,264.0,1009,1,,2103,DELIVERED,Correo Argentino,TRK-HS9CKHZSJD
9000003056,1000003056,465.0,468.0,639,1,,1156,DELIVERED,Correo Argentino,TRK-FH9Z2FVEXY
9000003057,1000003057,414.0,420.0,209,1,,1992,DELIVERED,Correo Argentino,TRK-AZ99C73QWD
9000003058,1000003058,45.0,48.0,55,1,,836,SHIPPED,Correo Argentino,TRK-1VHJMVTAAO
9000003059,1000003059,235.0,236.0,1428,2,3.0,3,DELIVERED,PICKUP,
9000003060,1000003060,615.0,616.0,726,2,1.0,1,DELIVERED,PICKUP,
9000003061,1000003061,43.0,44.0,586,2,3.0,3,DELIVERED,PICKUP,
9000003062,1000003062,465.0,470.0,1447,1,,1078,DELIVERED,Correo Argentino,TRK-047YOEF4K2
9000003063,1000003063,25.0,29.0,447,1,,1390,DELIVERED,Correo Argentino,TRK-U3OA8ZM5YK
9000003064,1000003064,614.0,619.0,940,1,,2739,DELIVERED,Correo Argentino,TRK-ED4W78W9VP
9000003065,1000003065,45.0,46.0,26,2,2.0,2,DELIVERED,PICKUP,
9000003066,1000003066,93.0,94.0,973,2,1.0,1,SHIPPED,PICKUP,
9000003067,1000003067,454.0,458.0,975,1,,1117,DELIVERED,Correo Argentino,TRK-FUYN8GV9BF
9000003068,1000003068,106.0,107.0,203,2,1.0,1,DELIVERED,PICKUP,
9000003069,1000003069,416.0,421.0,481,1,,1411,SHIPPED,Correo Argentino,TRK-C9ZVVC1CHY
9000003070,1000003070,243.0,244.0,1372,2,1.0,1,DELIVERED,PICKUP,
9000003071,1000003071,233.0,235.0,667,1,,2970,DELIVERED,Correo Argentino,TRK-JW6PYE20BR
9000003072,1000003072,43.0,44.0,1312,2,3.0,3,DELIVERED,PICKUP,
9000003073,1000003073,216.0,217.0,1493,2,4.0,4,DELIVERED,PICKUP,
9000003074,1000003074,,,702,2,2.0,2,CANCELLED,PICKUP,
9000003075,1000003075,158.0,163.0,582,1,,2091,DELIVERED,Correo Argentino,TRK-QPFIO1E1G8
9000003076,1000003076,187.0,189.0,584,1,,2138,DELIVERED,Correo Argentino,TRK-CEOAZN7EVR
9000003077,1000003077,260.0,263.0,904,1,,1431,DELIVERED,Correo Argentino,TRK-QGK6NR1ZGM
9000003078,1000003078,522.0,527.0,342,1,,2619,DELIVERED,Correo Argentino,TRK-KN69PVDA72
9000003079,1000003079,263.0,264.0,680,2,4.0,4,DELIVERED,PICKUP,
9000003080,1000003080,420.0,423.0,709,1,,149,DELIVERED,Correo Argentino,TRK-N7MARL9B6I
9000003081,1000003081,487.0,494.0,521,1,,1780,DELIVERED,Correo Argentino,TRK-7VB5UG46G5
9000003082,1000003082,287.0,288.0,289,2,2.0,2,DELIVERED,PICKUP,
9000003083,1000003083,303.0,305.0,293,1,,2571,DELIVERED,Correo Argentino,TRK-9PG8BHTQ00
9000003084,1000003084,379.0,380.0,288,2,2.0,2,READY,PICKUP,
9000003085,1000003085,593.0,594.0,1449,2,1.0,1,DELIVERED,PICKUP,
9000003086,1000003086,629.0,631.0,1177,1,,1066,DELIVERED,Correo Argentino,TRK-GQL4OT8B7U
9000003087,1000003087,435.0,438.0,423,1,,722,SHIPPED,Correo Argentino,TRK-QY6X5PVP4X
9000003088,1000003088,610.0,611.0,1399,2,2.0,2,DELIVERED,PICKUP,
9000003089,1000003089,,,1151,1,,1309,CANCELLED,Correo Argentino,
9000003090,1000003090,76.0,81.0,1139,1,,1781,SHIPPED,Correo Argentino,TRK-RGV53AOKD3
9000003091,1000003091,198.0,203.0,1261,1,,325,DELIVERED,Correo Argentino,TRK-72HG8LRURW
9000003092,1000003092,217.0,221.0,739,1,,3157,DELIVERED,Correo Argentino,TRK-C31JU8SZFW
9000003093,1000003093,76.0,81.0,98,1,,2424,SHIPPED,Correo Argentino,TRK-E3HKYIRKKB
9000003094,1000003094,240.0,243.0,1228,1,,252,DELIVERED,Correo Argentino,TRK-B8O0XUL3XM
9000003095,1000003095,572.0,573.0,206,2,1.0,1,DELIVERED,PICKUP,
9000003096,1000003096,476.0,481.0,1235,1,,1642,DELIVERED,Correo Argentino,TRK-LIBLP1E6K6
9000003097,1000003097,249.0,250.0,1353,2,2.0,2,DELIVERED,PICKUP,
9000003098,1000003098,427.0,429.0,154,1,,2388,DELIVERED,Correo Argentino,TRK-BFASVEFQ1T
9000003099,1000003099,391.0,394.0,754,1,,1609,SHIPPED,Correo Argentino,TRK-2NUY50G4LJ
9000003100,1000003100,448.0,451.0,368,1,,1696,DELIVERED,Correo Argentino,TRK-PM9NYUJ1ML
9000003101,1000003101,101.0,102.0,1133,2,2.0,2,DELIVERED,PICKUP,
9000003102,1000003102,162.0,164.0,1247,1,,720,DELIVERED,Correo Argentino,TRK-J29CWOJ9B9
9000003103,1000003103,619.0,620.0,1358,2,3.0,3,DELIVERED,PICKUP,
9000003104,1000003104,244.0,248.0,1321,1,,1604,DELIVERED,Correo Argentino,TRK-F4A2BJO082
9000003105,1000003105,382.0,383.0,201,2,4.0,4,DELIVERED,PICKUP,
9000003106,1000003106,233.0,234.0,603,2,2.0,2,DELIVERED,PICKUP,
9000003107,1000003107,567.0,568.0,813,2,4.0,4,DELIVERED,PICKUP,
9000003108,1000003108,181.0,182.0,574,2,1.0,1,DELIVERED,PICKUP,
9000003109,1000003109,225.0,226.0,1165,2,1.0,1,DELIVERED,PICKUP,
9000003110,1000003110,199.0,201.0,413,1,,820,DELIVERED,Correo Argentino,TRK-8VPBDY20LW
9000003111,1000003111,160.0,162.0,212,1,,259,DELIVERED,Correo Argentino,TRK-RJIJC868PZ
9000003112,1000003112,400.0,404.0,822,1,,1264,DELIVERED,Correo Argentino,TRK-1NDGWBBEPS
9000003113,1000003113,449.0,450.0,71,2,1.0,1,DELIVERED,PICKUP,
9000003114,1000003114,107.0,111.0,647,1,,794,SHIPPED,Correo Argentino,TRK-5114590GMU
9000003115,1000003115,224.0,228.0,233,1,,1720,SHIPPED,Correo Argentino,TRK-49DPMHG07L
9000003116,1000003116,134.0,138.0,199,1,,2773,DELIVERED,Correo Argentino,TRK-BAXG7NO1QU
9000003117,1000003117,18.0,19.0,353,2,1.0,1,DELIVERED,PICKUP,
9000003118,1000003118,243.0,244.0,1038,2,1.0,1,DELIVERED,PICKUP,
9000003119,1000003119,44.0,51.0,1192,1,,1810,DELIVERED,Correo Argentino,TRK-P0OCXNO5R5
9000003120,1000003120,,,807,1,,1139,CANCELLED,Correo Argentino,
9000003121,1000003121,313.0,314.0,713,2,2.0,2,DELIVERED,PICKUP,
9000003122,1000003122,93.0,98.0,442,1,,331,DELIVERED,Correo Argentino,TRK-EL02N8ZNVC
9000003123,1000003123,476.0,481.0,152,1,,2387,DELIVERED,Correo Argentino,TRK-Z0B2DTU4GB
9000003124,1000003124,159.0,160.0,520,2,3.0,3,DELIVERED,PICKUP,
9000003125,1000003125,445.0,448.0,858,1,,1580,DELIVERED,Correo Argentino,TRK-C7AV3P3OF3
9000003126,1000003126,317.0,322.0,888,1,,1769,SHIPPED,Correo Argentino,TRK-WII7T9B0JR
9000003127,1000003127,407.0,408.0,1367,2,4.0,4,DELIVERED,PICKUP,
9000003128,1000003128,621.0,622.0,1109,2,4.0,4,DELIVERED,PICKUP,
9000003129,1000003129,494.0,498.0,1068,1,,2662,DELIVERED,Correo Argentino,TRK-4F0ZCGP78P
9000003130,1000003130,33.0,34.0,994,2,3.0,3,DELIVERED,PICKUP,
9000003131,1000003131,339.0,344.0,347,1,,2003,DELIVERED,Correo Argentino,TRK-UWWD1C9YBX
9000003132,1000003132,240.0,241.0,1388,2,2.0,2,DELIVERED,PICKUP,
9000003133,1000003133,,,66,1,,2848,CANCELLED,Correo Argentino,
9000003134,1000003134,163.0,166.0,1124,1,,638,DELIVERED,Correo Argentino,TRK-TM3ETPDY2P
9000003135,1000003135,35.0,36.0,950,2,2.0,2,DELIVERED,PICKUP,
9000003136,1000003136,238.0,243.0,588,1,,2121,DELIVERED,Correo Argentino,TRK-5FVXSNVMB9
9000003137,1000003137,542.0,545.0,949,1,,2336,DELIVERED,Correo Argentino,TRK-0JRK5D9F5Z
9000003138,1000003138,518.0,520.0,722,1,,683,DELIVERED,Correo Argentino,TRK-NV8PHD8XC2
9000003139,1000003139,206.0,207.0,271,2,3.0,3,DELIVERED,PICKUP,
9000003140,1000003140,354.0,356.0,738,1,,569,DELIVERED,Correo Argentino,TRK-OWEC9PN1QR
9000003141,1000003141,,,1167,2,2.0,2,CANCELLED,PICKUP,
9000003142,1000003142,260.0,265.0,974,1,,2138,DELIVERED,Correo Argentino,TRK-HIF5VNVGO2
9000003143,1000003143,623.0,624.0,1473,2,3.0,3,SHIPPED,PICKUP,
9000003144,1000003144,258.0,263.0,77,1,,126,DELIVERED,Correo Argentino,TRK-OMSUL1XJZJ
9000003145,1000003145,45.0,49.0,469,1,,346,DELIVERED,Correo Argentino,TRK-7V0H19GK9Z
9000003146,1000003146,520.0,524.0,508,1,,1290,SHIPPED,Correo Argentino,TRK-A8B7C6A220
9000003147,1000003147,123.0,124.0,1293,2,2.0,2,DELIVERED,PICKUP,
9000003148,1000003148,,,717,1,,1625,CANCELLED,Correo Argentino,
9000003149,1000003149,270.0,274.0,1233,1,,3194,DELIVERED,Correo Argentino,TRK-SVPQ67XWLR
9000003150,1000003150,578.0,579.0,954,2,1.0,1,DELIVERED,PICKUP,
9000003151,1000003151,565.0,566.0,174,2,1.0,1,DELIVERED,PICKUP,
9000003152,1000003152,,,732,1,,1996,CANCELLED,Correo Argentino,
9000003153,1000003153,480.0,484.0,1281,1,,2121,DELIVERED,Correo Argentino,TRK-TCE6NSCQPM
9000003154,1000003154,220.0,221.0,1430,2,4.0,4,DELIVERED,PICKUP,
9000003155,1000003155,520.0,521.0,238,2,1.0,1,DELIVERED,PICKUP,
9000003156,1000003156,450.0,454.0,221,1,,1881,DELIVERED,Correo Argentino,TRK-JKD33H7J2K
9000003157,1000003157,259.0,260.0,685,2,3.0,3,DELIVERED,PICKUP,
9000003158,1000003158,54.0,57.0,592,1,,454,DELIVERED,Correo Argentino,TRK-3BHF5L25R1
9000003159,1000003159,,,142,1,,1717,CANCELLED,Correo Argentino,
9000003160,1000003160,200.0,203.0,970,1,,3058,DELIVERED,Correo Argentino,TRK-JB5U7F6FDZ
9000003161,1000003161,533.0,534.0,995,2,3.0,3,DELIVERED,PICKUP,
9000003162,1000003162,166.0,167.0,444,2,4.0,4,DELIVERED,PICKUP,
9000003163,1000003163,152.0,155.0,297,1,,2453,DELIVERED,Correo Argentino,TRK-LV6AIQK8QD
9000003164,1000003164,430.0,435.0,947,1,,1236,DELIVERED,Correo Argentino,TRK-TZ8O0WLJVN
9000003165,1000003165,163.0,165.0,57,1,,2537,READY,Correo Argentino,TRK-UN87W9JZYE
9000003166,1000003166,560.0,565.0,38,1,,1427,DELIVERED,Correo Argentino,TRK-CPOHZ1M996
9000003167,1000003167,469.0,470.0,376,2,3.0,3,DELIVERED,PICKUP,
9000003168,1000003168,171.0,174.0,503,1,,1269,SHIPPED,Correo Argentino,TRK-GIDZTB26YT
9000003169,1000003169,507.0,511.0,1095,1,,935,DELIVERED,Correo Argentino,TRK-5I9JTBW02T
9000003170,1000003170,137.0,140.0,1338,1,,655,DELIVERED,Correo Argentino,TRK-CUS4RB27OT
9000003171,1000003171,,,909,1,,2855,CANCELLED,Correo Argentino,
9000003172,1000003172,246.0,247.0,932,2,1.0,1,DELIVERED,PICKUP,
9000003173,1000003173,176.0,181.0,912,1,,2459,READY,Correo Argentino,TRK-BPSW2C3F52
9000003174,1000003174,354.0,358.0,1161,1,,2058,DELIVERED,Correo Argentino,TRK-5D4TQG1Z22
9000003175,1000003175,259.0,262.0,189,1,,2064,DELIVERED,Correo Argentino,TRK-V6B2A2Y0PU
9000003176,1000003176,582.0,583.0,488,2,1.0,1,DELIVERED,PICKUP,
9000003177,1000003177,600.0,601.0,946,2,3.0,3,DELIVERED,PICKUP,
9000003178,1000003178,281.0,282.0,475,2,4.0,4,SHIPPED,PICKUP,
9000003179,1000003179,411.0,413.0,692,1,,1993,DELIVERED,Correo Argentino,TRK-8CIFJOT9JE
9000003180,1000003180,216.0,217.0,506,2,1.0,1,DELIVERED,PICKUP,
9000003181,1000003181,553.0,554.0,733,2,3.0,3,DELIVERED,PICKUP,
9000003182,1000003182,540.0,545.0,151,1,,3081,SHIPPED,Correo Argentino,TRK-KOBC7TNPAR
9000003183,1000003183,315.0,319.0,1276,1,,2200,DELIVERED,Correo Argentino,TRK-TTI1P11FY6
9000003184,1000003184,,,320,1,,2157,CANCELLED,Correo Argentino,
9000003185,1000003185,561.0,562.0,514,2,2.0,2,DELIVERED,PICKUP,
9000003186,1000003186,291.0,296.0,1447,1,,955,DELIVERED,Correo Argentino,TRK-0QGF2RQP8K
9000003187,1000003187,605.0,610.0,833,1,,1541,DELIVERED,Correo Argentino,TRK-X7VPSZBDX3
9000003188,1000003188,,,1096,1,,1049,CANCELLED,Correo Argentino,
9000003189,1000003189,530.0,531.0,521,2,2.0,2,DELIVERED,PICKUP,
9000003190,1000003190,475.0,476.0,960,2,2.0,2,DELIVERED,PICKUP,
9000003191,1000003191,228.0,233.0,1397,1,,2116,DELIVERED,Correo Argentino,TRK-DLX6PC67VM
9000003192,1000003192,438.0,439.0,254,2,3.0,3,SHIPPED,PICKUP,
9000003193,1000003193,233.0,235.0,1447,1,,809,SHIPPED,Correo Argentino,TRK-KEYF4X2YCE
9000003194,1000003194,201.0,202.0,572,2,3.0,3,DELIVERED,PICKUP,
9000003195,1000003195,32.0,37.0,926,1,,2792,DELIVERED,Correo Argentino,TRK-R6ZW6NA4E4
9000003196,1000003196,303.0,304.0,818,2,1.0,1,DELIVERED,PICKUP,
9000003197,1000003197,277.0,280.0,157,1,,1952,SHIPPED,Correo Argentino,TRK-HAJUK9TQ6R
9000003198,1000003198,534.0,541.0,1005,1,,236,DELIVERED,Correo Argentino,TRK-YIEFCTL3NU
9000003199,1000003199,146.0,147.0,1166,2,3.0,3,DELIVERED,PICKUP,
9000003200,1000003200,235.0,240.0,1306,1,,1405,DELIVERED,Correo Argentino,TRK-WEJB9C1UFG
9000003201,1000003201,,,1452,2,1.0,1,CANCELLED,PICKUP,
9000003202,1000003202,418.0,423.0,1206,1,,3066,DELIVERED,Correo Argentino,TRK-G1OATMQTOC
9000003203,1000003203,531.0,534.0,1463,1,,39,DELIVERED,Correo Argentino,TRK-151FMD3L4J
9000003204,1000003204,207.0,210.0,231,1,,1686,DELIVERED,Correo Argentino,TRK-MFAKATJGYQ
9000003205,1000003205,226.0,227.0,122,2,1.0,1,DELIVERED,PICKUP,
9000003206,1000003206,519.0,524.0,1077,1,,1707,DELIVERED,Correo Argentino,TRK-J3G7HCJOTM
9000003207,1000003207,413.0,417.0,1056,1,,3010,DELIVERED,Correo Argentino,TRK-CBBFKCNBOW
9000003208,1000003208,74.0,78.0,494,1,,2408,DELIVERED,Correo Argentino,TRK-BRRIC9PI24
9000003209,1000003209,612.0,615.0,228,1,,2621,DELIVERED,Correo Argentino,TRK-HQ1EOHQ9IQ
9000003210,1000003210,595.0,596.0,209,2,1.0,1,DELIVERED,PICKUP,
9000003211,1000003211,624.0,628.0,65,1,,2034,DELIVERED,Correo Argentino,TRK-F67VPG0N5V
9000003212,1000003212,160.0,163.0,552,1,,744,DELIVERED,Correo Argentino,TRK-EA4D1MWATG
9000003213,1000003213,411.0,413.0,342,1,,1702,DELIVERED,Correo Argentino,TRK-FRL9KEDAUA
9000003214,1000003214,348.0,351.0,266,1,,2271,SHIPPED,Correo Argentino,TRK-FJZWIKWRS4
9000003215,1000003215,36.0,38.0,1116,1,,461,DELIVERED,Correo Argentino,TRK-752I40CT12
9000003216,1000003216,564.0,569.0,92,1,,908,DELIVERED,Correo Argentino,TRK-CWHU9HZK3R
9000003217,1000003217,3.0,7.0,1204,1,,952,DELIVERED,Correo Argentino,TRK-MF90KUWQ2G
9000003218,1000003218,,,664,1,,3101,CANCELLED,Correo Argentino,
9000003219,1000003219,194.0,201.0,1459,1,,2944,DELIVERED,Correo Argentino,TRK-KJHQBEUTUW
9000003220,1000003220,594.0,598.0,1166,1,,2253,DELIVERED,Correo Argentino,TRK-38YKC5LH7K
9000003221,1000003221,,,253,1,,717,CANCELLED,Correo Argentino,
9000003222,1000003222,584.0,585.0,249,2,1.0,1,DELIVERED,PICKUP,
9000003223,1000003223,142.0,145.0,948,1,,1707,DELIVERED,Correo Argentino,TRK-D7CW88WB8P
9000003224,1000003224,543.0,544.0,754,2,2.0,2,SHIPPED,PICKUP,
9000003225,1000003225,427.0,428.0,1427,2,3.0,3,DELIVERED,PICKUP,
9000003226,1000003226,220.0,221.0,1351,2,3.0,3,SHIPPED,PICKUP,
9000003227,1000003227,405.0,408.0,401,1,,3115,DELIVERED,Correo Argentino,TRK-XDMMNWX0L3
9000003228,1000003228,420.0,421.0,609,2,4.0,4,DELIVERED,PICKUP,
9000003229,1000003229,103.0,110.0,720,1,,930,DELIVERED,Correo Argentino,TRK-MCJ37ZXZ6T
9000003230,1000003230,,,1000,1,,1461,CANCELLED,Correo Argentino,
9000003231,1000003231,,,1143,1,,1245,CANCELLED,Correo Argentino,
9000003232,1000003232,108.0,109.0,871,2,4.0,4,DELIVERED,PICKUP,
9000003233,1000003233,610.0,611.0,1336,2,3.0,3,DELIVERED,PICKUP,
9000003234,1000003234,427.0,428.0,357,2,2.0,2,DELIVERED,PICKUP,
9000003235,1000003235,394.0,395.0,1352,2,4.0,4,DELIVERED,PICKUP,
9000003236,1000003236,238.0,239.0,1312,2,2.0,2,DELIVERED,PICKUP,
9000003237,1000003237,258.0,261.0,272,1,,24,DELIVERED,Correo Argentino,TRK-LHBB3HDVVP
9000003238,1000003238,120.0,121.0,1284,2,1.0,1,DELIVERED,PICKUP,
9000003239,1000003239,57.0,59.0,738,1,,2196,DELIVERED,Correo Argentino,TRK-OGEWFNUL2J
9000003240,1000003240,188.0,189.0,69,2,1.0,1,DELIVERED,PICKUP,
9000003241,1000003241,271.0,276.0,1237,1,,323,DELIVERED,Correo Argentino,TRK-8261ZTMF9M
9000003242,1000003242,204.0,206.0,83,1,,1471,DELIVERED,Correo Argentino,TRK-5025CNL75T
9000003243,1000003243,,,1172,1,,1056,CANCELLED,Correo Argentino,
9000003244,1000003244,550.0,551.0,489,2,2.0,2,DELIVERED,PICKUP,
9000003245,1000003245,444.0,449.0,451,1,,2682,DELIVERED,Correo Argentino,TRK-78997JJKG8
9000003246,1000003246,21.0,22.0,918,2,3.0,3,DELIVERED,PICKUP,
9000003247,1000003247,159.0,163.0,491,1,,91,DELIVERED,Correo Argentino,TRK-Z1DURQMB3V
9000003248,1000003248,477.0,481.0,1232,1,,1911,SHIPPED,Correo Argentino,TRK-DBF48XLOMN
9000003249,1000003249,509.0,511.0,477,1,,2991,DELIVERED,Correo Argentino,TRK-0LTM8Y312Z
9000003250,1000003250,330.0,331.0,1466,2,3.0,3,DELIVERED,PICKUP,
9000003251,1000003251,,,1369,2,3.0,3,CANCELLED,PICKUP,
9000003252,1000003252,128.0,132.0,254,1,,1519,DELIVERED,Correo Argentino,TRK-78QJS56ZEG
9000003253,1000003253,25.0,26.0,388,2,1.0,1,DELIVERED,PICKUP,
9000003254,1000003254,607.0,611.0,1415,1,,2207,DELIVERED,Correo Argentino,TRK-KQREBFC39G
9000003255,1000003255,,,1434,1,,1616,CANCELLED,Correo Argentino,
9000003256,1000003256,125.0,126.0,204,2,1.0,1,DELIVERED,PICKUP,
9000003257,1000003257,508.0,511.0,902,1,,20,DELIVERED,Correo Argentino,TRK-709N7M8K5H
9000003258,1000003258,32.0,33.0,653,2,3.0,3,DELIVERED,PICKUP,
9000003259,1000003259,416.0,418.0,427,1,,1183,DELIVERED,Correo Argentino,TRK-KY822U34HC
9000003260,1000003260,58.0,59.0,439,2,4.0,4,DELIVERED,PICKUP,
9000003261,1000003261,623.0,628.0,816,1,,2466,DELIVERED,Correo Argentino,TRK-JFB527QHT1
9000003262,1000003262,96.0,98.0,19,1,,1927,DELIVERED,Correo Argentino,TRK-NZ30FNRFK4
9000003263,1000003263,160.0,161.0,1480,2,4.0,4,SHIPPED,PICKUP,
9000003264,1000003264,110.0,112.0,619,1,,1042,SHIPPED,Correo Argentino,TRK-AAOWXGL9HQ
9000003265,1000003265,136.0,140.0,907,1,,1737,DELIVERED,Correo Argentino,TRK-RSV14OIIPU
9000003266,1000003266,586.0,591.0,411,1,,453,DELIVERED,Correo Argentino,TRK-7Z9Z6ERKAU
9000003267,1000003267,597.0,598.0,1472,2,1.0,1,DELIVERED,PICKUP,
9000003268,1000003268,115.0,120.0,1414,1,,427,DELIVERED,Correo Argentino,TRK-QCDB9OG03M
9000003269,1000003269,602.0,603.0,1437,2,3.0,3,DELIVERED,PICKUP,
9000003270,1000003270,556.0,557.0,993,2,1.0,1,DELIVERED,PICKUP,
9000003271,1000003271,298.0,299.0,882,2,3.0,3,DELIVERED,PICKUP,
9000003272,1000003272,367.0,371.0,1485,1,,1993,DELIVERED,Correo Argentino,TRK-JJFOF3NIEA
9000003273,1000003273,108.0,109.0,1422,2,1.0,1,DELIVERED,PICKUP,
9000003274,1000003274,555.0,556.0,594,2,1.0,1,DELIVERED,PICKUP,
9000003275,1000003275,552.0,557.0,791,1,,832,DELIVERED,Correo Argentino,TRK-TQISG1W298
9000003276,1000003276,450.0,451.0,417,2,4.0,4,DELIVERED,PICKUP,
9000003277,1000003277,480.0,484.0,760,1,,3125,DELIVERED,Correo Argentino,TRK-8DIK4TEFXO
9000003278,1000003278,519.0,522.0,527,1,,2733,DELIVERED,Correo Argentino,TRK-UNB9LBUZQS
9000003279,1000003279,638.0,639.0,604,2,4.0,4,DELIVERED,PICKUP,
9000003280,1000003280,121.0,125.0,1132,1,,2823,DELIVERED,Correo Argentino,TRK-UFXTM05SDD
9000003281,1000003281,382.0,387.0,726,1,,1983,DELIVERED,Correo Argentino,TRK-CXF86VBTAG
9000003282,1000003282,298.0,301.0,133,1,,112,SHIPPED,Correo Argentino,TRK-4D02B9F5YX
9000003283,1000003283,365.0,371.0,1292,1,,2543,DELIVERED,Correo Argentino,TRK-SU2K2QJCMN
9000003284,1000003284,314.0,317.0,466,1,,1675,DELIVERED,Correo Argentino,TRK-VDM4U4033N
9000003285,1000003285,130.0,132.0,433,1,,936,DELIVERED,Correo Argentino,TRK-XD49FL76CY
9000003286,1000003286,172.0,177.0,358,1,,2871,DELIVERED,Correo Argentino,TRK-KP9RPHM6E9
9000003287,1000003287,356.0,357.0,130,2,3.0,3,DELIVERED,PICKUP,
9000003288,1000003288,624.0,625.0,1153,2,3.0,3,DELIVERED,PICKUP,
9000003289,1000003289,589.0,590.0,1275,2,1.0,1,DELIVERED,PICKUP,
9000003290,1000003290,268.0,272.0,62,1,,468,DELIVERED,Correo Argentino,TRK-JGD66T6AIT
9000003291,1000003291,541.0,543.0,682,1,,1148,DELIVERED,Correo Argentino,TRK-I2QHN4QNQ2
9000003292,1000003292,79.0,85.0,1370,1,,2365,DELIVERED,Correo Argentino,TRK-K3XIK6NRAT
9000003293,1000003293,158.0,164.0,858,1,,1338,DELIVERED,Correo Argentino,TRK-LE6FDJZLGH
9000003294,1000003294,443.0,446.0,222,1,,2036,DELIVERED,Correo Argentino,TRK-V1J0ACLVAG
9000003295,1000003295,332.0,334.0,671,1,,434,SHIPPED,Correo Argentino,TRK-HV6GGMQOGG
9000003296,1000003296,244.0,249.0,415,1,,2496,DELIVERED,Correo Argentino,TRK-11F8NOMQGD
9000003297,1000003297,1.0,2.0,1415,2,4.0,4,SHIPPED,PICKUP,
9000003298,1000003298,201.0,202.0,533,2,4.0,4,DELIVERED,PICKUP,
9000003299,1000003299,556.0,557.0,978,2,1.0,1,DELIVERED,PICKUP,
9000003300,1000003300,91.0,92.0,1387,2,2.0,2,DELIVERED,PICKUP,
9000003301,1000003301,79.0,82.0,907,1,,1230,DELIVERED,Correo Argentino,TRK-CWA210YD3S
9000003302,1000003302,276.0,280.0,820,1,,3034,SHIPPED,Correo Argentino,TRK-Q5IMUEM3OE
9000003303,1000003303,9.0,10.0,1223,2,1.0,1,DELIVERED,PICKUP,
9000003304,1000003304,554.0,557.0,641,1,,939,DELIVERED,Correo Argentino,TRK-T0DT304SJH
9000003305,1000003305,556.0,561.0,1319,1,,539,DELIVERED,Correo Argentino,TRK-FDEC70TDDY
9000003306,1000003306,97.0,101.0,1421,1,,1136,DELIVERED,Correo Argentino,TRK-G7T9IE01YS
9000003307,1000003307,628.0,629.0,63,2,2.0,2,DELIVERED,PICKUP,
9000003308,1000003308,577.0,578.0,1309,2,4.0,4,READY,PICKUP,
9000003309,1000003309,379.0,380.0,855,2,3.0,3,SHIPPED,PICKUP,
9000003310,1000003310,183.0,184.0,1483,2,4.0,4,DELIVERED,PICKUP,
9000003311,1000003311,460.0,462.0,858,1,,1722,SHIPPED,Correo Argentino,TRK-IZWIRJK38O
9000003312,1000003312,412.0,413.0,1390,2,3.0,3,DELIVERED,PICKUP,
9000003313,1000003313,447.0,448.0,929,2,3.0,3,DELIVERED,PICKUP,
9000003314,1000003314,203.0,204.0,809,2,4.0,4,DELIVERED,PICKUP,
9000003315,1000003315,163.0,164.0,1236,2,2.0,2,READY,PICKUP,
9000003316,1000003316,572.0,575.0,816,1,,535,DELIVERED,Correo Argentino,TRK-H6EHX1UNUG
9000003317,1000003317,578.0,582.0,143,1,,2871,DELIVERED,Correo Argentino,TRK-J9QG0YCN6U
9000003318,1000003318,295.0,296.0,984,2,3.0,3,DELIVERED,PICKUP,
9000003319,1000003319,387.0,388.0,529,2,2.0,2,DELIVERED,PICKUP,
9000003320,1000003320,356.0,357.0,4,2,3.0,3,DELIVERED,PICKUP,
9000003321,1000003321,454.0,459.0,506,1,,3188,DELIVERED,Correo Argentino,TRK-0NNZ0Q3JBG
9000003322,1000003322,85.0,86.0,942,2,2.0,2,DELIVERED,PICKUP,
9000003323,1000003323,625.0,629.0,210,1,,2110,DELIVERED,Correo Argentino,TRK-WW4XM9CXCO
9000003324,1000003324,639.0,640.0,1324,2,1.0,1,DELIVERED,PICKUP,
9000003325,1000003325,188.0,190.0,1102,1,,984,DELIVERED,Correo Argentino,TRK-M8IO68U4AS
9000003326,1000003326,322.0,323.0,146,2,4.0,4,DELIVERED,PICKUP,
9000003327,1000003327,250.0,251.0,1120,2,2.0,2,DELIVERED,PICKUP,
9000003328,1000003328,531.0,532.0,1160,2,3.0,3,DELIVERED,PICKUP,
9000003329,1000003329,422.0,423.0,863,2,2.0,2,DELIVERED,PICKUP,
9000003330,1000003330,89.0,90.0,540,2,1.0,1,DELIVERED,PICKUP,
9000003331,1000003331,605.0,608.0,610,1,,1830,DELIVERED,Correo Argentino,TRK-KXJGGF7E50
9000003332,1000003332,,,31,1,,458,CANCELLED,Correo Argentino,
9000003333,1000003333,549.0,550.0,449,2,3.0,3,DELIVERED,PICKUP,
9000003334,1000003334,32.0,33.0,769,2,1.0,1,DELIVERED,PICKUP,
9000003335,1000003335,519.0,520.0,1402,2,3.0,3,DELIVERED,PICKUP,
9000003336,1000003336,456.0,457.0,908,2,1.0,1,DELIVERED,PICKUP,
9000003337,1000003337,352.0,354.0,624,1,,124,DELIVERED,Correo Argentino,TRK-HZPYGTTWUH
9000003338,1000003338,181.0,185.0,608,1,,1254,DELIVERED,Correo Argentino,TRK-BOQRC3GP8E
9000003339,1000003339,64.0,68.0,37,1,,1942,DELIVERED,Correo Argentino,TRK-UMI4SM851J
9000003340,1000003340,340.0,342.0,1482,1,,540,SHIPPED,Correo Argentino,TRK-OK95YBC2PQ
9000003341,1000003341,100.0,101.0,1058,2,4.0,4,DELIVERED,PICKUP,
9000003342,1000003342,525.0,530.0,286,1,,694,DELIVERED,Correo Argentino,TRK-FFWRQ4G322
9000003343,1000003343,629.0,633.0,1008,1,,2131,SHIPPED,Correo Argentino,TRK-14U0J6C119
9000003344,1000003344,46.0,48.0,668,1,,3169,DELIVERED,Correo Argentino,TRK-GG46VZOX4P
9000003345,1000003345,47.0,48.0,117,2,3.0,3,DELIVERED,PICKUP,
9000003346,1000003346,,,851,1,,2499,CANCELLED,Correo Argentino,
9000003347,1000003347,582.0,583.0,51,2,1.0,1,DELIVERED,PICKUP,
9000003348,1000003348,323.0,326.0,1117,1,,2761,DELIVERED,Correo Argentino,TRK-CCJCDZP8QE
9000003349,1000003349,48.0,52.0,1029,1,,11,DELIVERED,Correo Argentino,TRK-ETBPRJOXY3
9000003350,1000003350,215.0,217.0,1139,1,,1567,SHIPPED,Correo Argentino,TRK-EMHAMZ649X
9000003351,1000003351,599.0,600.0,1378,2,3.0,3,DELIVERED,PICKUP,
9000003352,1000003352,57.0,58.0,1271,2,2.0,2,DELIVERED,PICKUP,
9000003353,1000003353,235.0,240.0,1424,1,,311,SHIPPED,Correo Argentino,TRK-K38G2AP9RI
9000003354,1000003354,565.0,566.0,489,2,4.0,4,DELIVERED,PICKUP,
9000003355,1000003355,473.0,476.0,744,1,,732,DELIVERED,Correo Argentino,TRK-Z4RLVGNFW8
9000003356,1000003356,193.0,197.0,323,1,,978,DELIVERED,Correo Argentino,TRK-ALNMPWNQ2K
9000003357,1000003357,455.0,458.0,1471,1,,480,DELIVERED,Correo Argentino,TRK-641MQXIW3J
9000003358,1000003358,199.0,201.0,1469,1,,2591,DELIVERED,Correo Argentino,TRK-C0RA72YJKJ
9000003359,1000003359,467.0,468.0,1191,2,4.0,4,DELIVERED,PICKUP,
9000003360,1000003360,496.0,501.0,335,1,,2887,DELIVERED,Correo Argentino,TRK-5Z66E5CIT4
9000003361,1000003361,78.0,81.0,717,1,,1745,DELIVERED,Correo Argentino,TRK-0Q9T1G8RMI
9000003362,1000003362,625.0,627.0,911,1,,1952,DELIVERED,Correo Argentino,TRK-WE5TB2YPRF
9000003363,1000003363,636.0,637.0,184,2,1.0,1,DELIVERED,PICKUP,
9000003364,1000003364,79.0,84.0,957,1,,2003,DELIVERED,Correo Argentino,TRK-5B3IR24O8Q
9000003365,1000003365,497.0,498.0,797,2,1.0,1,READY,PICKUP,
9000003366,1000003366,503.0,504.0,22,2,4.0,4,SHIPPED,PICKUP,
9000003367,1000003367,236.0,238.0,260,1,,552,DELIVERED,Correo Argentino,TRK-RXFIORUNEK
9000003368,1000003368,443.0,447.0,835,1,,1474,DELIVERED,Correo Argentino,TRK-ZOQMEX195D
9000003369,1000003369,154.0,155.0,1316,2,2.0,2,SHIPPED,PICKUP,
9000003370,1000003370,,,240,1,,2459,CANCELLED,Correo Argentino,
9000003371,1000003371,298.0,299.0,790,2,3.0,3,DELIVERED,PICKUP,
9000003372,1000003372,610.0,612.0,1380,1,,114,DELIVERED,Correo Argentino,TRK-ODYSTBDNTS
9000003373,1000003373,9.0,10.0,936,2,4.0,4,SHIPPED,PICKUP,
9000003374,1000003374,622.0,625.0,274,1,,1485,DELIVERED,Correo Argentino,TRK-A9PLX5W5KP
9000003375,1000003375,38.0,39.0,1177,2,2.0,2,DELIVERED,PICKUP,
9000003376,1000003376,566.0,570.0,623,1,,2524,DELIVERED,Correo Argentino,TRK-RJWTUH3SGS
9000003377,1000003377,,,419,1,,794,CANCELLED,Correo Argentino,
9000003378,1000003378,195.0,196.0,1308,2,3.0,3,DELIVERED,PICKUP,
9000003379,1000003379,151.0,153.0,508,1,,1731,DELIVERED,Correo Argentino,TRK-BJ1URG6PI3
9000003380,1000003380,16.0,17.0,1234,2,4.0,4,DELIVERED,PICKUP,
9000003381,1000003381,241.0,244.0,992,1,,1823,DELIVERED,Correo Argentino,TRK-8A2VPZL5I0
9000003382,1000003382,143.0,144.0,143,2,2.0,2,DELIVERED,PICKUP,
9000003383,1000003383,576.0,579.0,763,1,,2457,DELIVERED,Correo Argentino,TRK-QZBFLQ6D32
9000003384,1000003384,82.0,84.0,784,1,,2719,DELIVERED,Correo Argentino,TRK-ZX8XKN3U4S
9000003385,1000003385,304.0,305.0,1473,2,3.0,3,DELIVERED,PICKUP,
9000003386,1000003386,502.0,503.0,1344,2,4.0,4,DELIVERED,PICKUP,
9000003387,1000003387,222.0,227.0,457,1,,1757,DELIVERED,Correo Argentino,TRK-MEQF1SBE2J
9000003388,1000003388,608.0,610.0,228,1,,2678,DELIVERED,Correo Argentino,TRK-CIN35UKCOV
9000003389,1000003389,69.0,74.0,1500,1,,397,DELIVERED,Correo Argentino,TRK-DNQMUCRWMC
9000003390,1000003390,55.0,58.0,84,1,,518,DELIVERED,Correo Argentino,TRK-WLDYP9BMXZ
9000003391,1000003391,341.0,343.0,692,1,,2869,DELIVERED,Correo Argentino,TRK-RHXL0URZ1P
9000003392,1000003392,,,302,2,4.0,4,CANCELLED,PICKUP,
9000003393,1000003393,162.0,166.0,297,1,,1904,DELIVERED,Correo Argentino,TRK-XSQ36S2QM8
9000003394,1000003394,463.0,464.0,159,2,3.0,3,DELIVERED,PICKUP,
9000003395,1000003395,501.0,503.0,1248,1,,617,DELIVERED,Correo Argentino,TRK-7PN2DC43J8
9000003396,1000003396,607.0,612.0,319,1,,2002,DELIVERED,Correo Argentino,TRK-RBSXAZ2EHL
9000003397,1000003397,511.0,513.0,1126,1,,2659,SHIPPED,Correo Argentino,TRK-449PRW15G0
9000003398,1000003398,367.0,372.0,1079,1,,3150,READY,Correo Argentino,TRK-3QTU6YNCIO
9000003399,1000003399,471.0,476.0,553,1,,2427,DELIVERED,Correo Argentino,TRK-IDGR8T0R5T
9000003400,1000003400,497.0,501.0,835,1,,1375,DELIVERED,Correo Argentino,TRK-2ZQJFQU591
9000003401,1000003401,468.0,472.0,1358,1,,1054,SHIPPED,Correo Argentino,TRK-FC82M1MZL3
9000003402,1000003402,537.0,538.0,1243,2,1.0,1,DELIVERED,PICKUP,
9000003403,1000003403,86.0,89.0,1397,1,,594,DELIVERED,Correo Argentino,TRK-GD0NTT6DR2
9000003404,1000003404,472.0,473.0,437,2,4.0,4,DELIVERED,PICKUP,
9000003405,1000003405,6.0,7.0,241,2,4.0,4,DELIVERED,PICKUP,
9000003406,1000003406,574.0,576.0,1246,1,,1040,DELIVERED,Correo Argentino,TRK-PUB4YIMGEC
9000003407,1000003407,392.0,395.0,1076,1,,2832,SHIPPED,Correo Argentino,TRK-W36W91KDHB
9000003408,1000003408,335.0,336.0,1217,2,4.0,4,DELIVERED,PICKUP,
9000003409,1000003409,32.0,34.0,884,1,,2859,DELIVERED,Correo Argentino,TRK-E92I5NK4B9
9000003410,1000003410,189.0,190.0,1370,2,2.0,2,DELIVERED,PICKUP,
9000003411,1000003411,99.0,103.0,1376,1,,2181,DELIVERED,Correo Argentino,TRK-IVYWRJM9H9
9000003412,1000003412,36.0,39.0,249,1,,380,DELIVERED,Correo Argentino,TRK-6ENXDBNBC2
9000003413,1000003413,153.0,157.0,917,1,,492,DELIVERED,Correo Argentino,TRK-P9WJS8SBWT
9000003414,1000003414,,,168,2,4.0,4,CANCELLED,PICKUP,
9000003415,1000003415,267.0,271.0,566,1,,863,SHIPPED,Correo Argentino,TRK-P895SRZW9Q
9000003416,1000003416,,,43,2,1.0,1,CANCELLED,PICKUP,
9000003417,1000003417,,,813,1,,1341,CANCELLED,Correo Argentino,
9000003418,1000003418,74.0,79.0,323,1,,719,DELIVERED,Correo Argentino,TRK-W1BMJB1MW0
9000003419,1000003419,358.0,362.0,26,1,,1196,DELIVERED,Correo Argentino,TRK-JKWOBW6KC2
9000003420,1000003420,7.0,8.0,396,2,2.0,2,SHIPPED,PICKUP,
9000003421,1000003421,597.0,598.0,487,2,3.0,3,DELIVERED,PICKUP,
9000003422,1000003422,57.0,58.0,551,2,4.0,4,DELIVERED,PICKUP,
9000003423,1000003423,479.0,483.0,1101,1,,559,DELIVERED,Correo Argentino,TRK-HJBS6K6081
9000003424,1000003424,468.0,469.0,790,2,2.0,2,DELIVERED,PICKUP,
9000003425,1000003425,,,242,1,,930,CANCELLED,Correo Argentino,
9000003426,1000003426,92.0,93.0,1399,2,3.0,3,DELIVERED,PICKUP,
9000003427,1000003427,411.0,416.0,1389,1,,1196,SHIPPED,Correo Argentino,TRK-3KI5MLDIZ9
9000003428,1000003428,241.0,242.0,1290,2,4.0,4,SHIPPED,PICKUP,
9000003429,1000003429,,,221,2,4.0,4,CANCELLED,PICKUP,
9000003430,1000003430,110.0,111.0,1161,2,1.0,1,DELIVERED,PICKUP,
9000003431,1000003431,313.0,317.0,570,1,,2930,SHIPPED,Correo Argentino,TRK-UNLR84OJ0L
9000003432,1000003432,411.0,416.0,847,1,,2892,DELIVERED,Correo Argentino,TRK-2119FUCJ86
9000003433,1000003433,,,372,2,2.0,2,CANCELLED,PICKUP,
9000003434,1000003434,146.0,150.0,390,1,,2560,SHIPPED,Correo Argentino,TRK-W2NGB6C7JC
9000003435,1000003435,15.0,16.0,434,2,2.0,2,DELIVERED,PICKUP,
9000003436,1000003436,141.0,147.0,1342,1,,2804,DELIVERED,Correo Argentino,TRK-SBUARS5E9R
9000003437,1000003437,635.0,642.0,71,1,,260,DELIVERED,Correo Argentino,TRK-EROTP8RNN7
9000003438,1000003438,473.0,474.0,868,2,4.0,4,DELIVERED,PICKUP,
9000003439,1000003439,240.0,247.0,1176,1,,1798,DELIVERED,Correo Argentino,TRK-XTHFRE2WQU
9000003440,1000003440,558.0,564.0,1423,1,,714,DELIVERED,Correo Argentino,TRK-UZQN7OMACI
9000003441,1000003441,279.0,280.0,668,2,2.0,2,DELIVERED,PICKUP,
9000003442,1000003442,565.0,569.0,655,1,,476,DELIVERED,Correo Argentino,TRK-QDFKT6E6UB
9000003443,1000003443,501.0,505.0,292,1,,2105,DELIVERED,Correo Argentino,TRK-QPFJL7L9VK
9000003444,1000003444,493.0,494.0,712,2,4.0,4,DELIVERED,PICKUP,
9000003445,1000003445,81.0,85.0,1421,1,,2294,DELIVERED,Correo Argentino,TRK-FZXWTBDWXF
9000003446,1000003446,,,1290,1,,60,CANCELLED,Correo Argentino,
9000003447,1000003447,13.0,14.0,576,2,4.0,4,DELIVERED,PICKUP,
9000003448,1000003448,437.0,438.0,612,2,1.0,1,DELIVERED,PICKUP,
9000003449,1000003449,439.0,440.0,227,2,4.0,4,DELIVERED,PICKUP,
9000003450,1000003450,,,590,1,,1297,CANCELLED,Correo Argentino,
9000003451,1000003451,55.0,60.0,1498,1,,2244,DELIVERED,Correo Argentino,TRK-S2Q882PA3G
9000003452,1000003452,588.0,591.0,184,1,,2888,DELIVERED,Correo Argentino,TRK-SJT8FC33MO
9000003453,1000003453,224.0,229.0,88,1,,2140,DELIVERED,Correo Argentino,TRK-L2Z1KO5SB2
9000003454,1000003454,441.0,445.0,1321,1,,890,DELIVERED,Correo Argentino,TRK-6S1MWQOITQ
9000003455,1000003455,525.0,527.0,528,1,,128,DELIVERED,Correo Argentino,TRK-YJK1U6WZGX
9000003456,1000003456,588.0,594.0,1259,1,,222,DELIVERED,Correo Argentino,TRK-74WHHG9EZF
9000003457,1000003457,493.0,494.0,817,2,2.0,2,DELIVERED,PICKUP,
9000003458,1000003458,633.0,634.0,85,2,4.0,4,DELIVERED,PICKUP,
9000003459,1000003459,,,771,2,3.0,3,CANCELLED,PICKUP,
9000003460,1000003460,196.0,199.0,1386,1,,3172,DELIVERED,Correo Argentino,TRK-ISE1JCNFYO
9000003461,1000003461,154.0,159.0,514,1,,118,DELIVERED,Correo Argentino,TRK-6DX2FLKDOC
9000003462,1000003462,337.0,338.0,1252,2,3.0,3,DELIVERED,PICKUP,
9000003463,1000003463,328.0,331.0,1427,1,,2518,DELIVERED,Correo Argentino,TRK-6OEU9TAMAH
9000003464,1000003464,607.0,610.0,965,1,,657,DELIVERED,Correo Argentino,TRK-LLMZGMSUM8
9000003465,1000003465,612.0,617.0,1139,1,,570,DELIVERED,Correo Argentino,TRK-J7FL3I34MR
9000003466,1000003466,193.0,194.0,1197,2,3.0,3,DELIVERED,PICKUP,
9000003467,1000003467,381.0,383.0,1252,1,,1358,SHIPPED,Correo Argentino,TRK-UXTQS3Q5MF
9000003468,1000003468,192.0,193.0,976,2,4.0,4,SHIPPED,PICKUP,
9000003469,1000003469,,,549,2,4.0,4,CANCELLED,PICKUP,
9000003470,1000003470,263.0,266.0,1301,1,,3019,SHIPPED,Correo Argentino,TRK-D5T57QBWVA
9000003471,1000003471,215.0,218.0,331,1,,1237,DELIVERED,Correo Argentino,TRK-HL2IFAKGDZ
9000003472,1000003472,117.0,122.0,219,1,,509,DELIVERED,Correo Argentino,TRK-LQ4LCV4M72
9000003473,1000003473,119.0,120.0,422,2,1.0,1,DELIVERED,PICKUP,
9000003474,1000003474,271.0,277.0,181,1,,989,DELIVERED,Correo Argentino,TRK-I21NC70SOM
9000003475,1000003475,296.0,299.0,1073,1,,1380,DELIVERED,Correo Argentino,TRK-H7V1WRYJFU
9000003476,1000003476,294.0,299.0,1362,1,,2029,DELIVERED,Correo Argentino,TRK-8OX85U1LH6
9000003477,1000003477,244.0,245.0,1436,2,3.0,3,DELIVERED,PICKUP,
9000003478,1000003478,97.0,101.0,364,1,,162,DELIVERED,Correo Argentino,TRK-OJ5FMW5CVR
9000003479,1000003479,23.0,26.0,343,1,,184,SHIPPED,Correo Argentino,TRK-JXHP4FVXX4
9000003480,1000003480,69.0,72.0,1044,1,,141,DELIVERED,Correo Argentino,TRK-9ZAV0N0Z65
9000003481,1000003481,135.0,136.0,805,2,4.0,4,DELIVERED,PICKUP,
9000003482,1000003482,,,1121,2,1.0,1,CANCELLED,PICKUP,
9000003483,1000003483,,,1395,2,3.0,3,CANCELLED,PICKUP,
9000003484,1000003484,287.0,291.0,728,1,,3022,DELIVERED,Correo Argentino,TRK-JT9B52WP07
9000003485,1000003485,518.0,519.0,688,2,1.0,1,DELIVERED,PICKUP,
9000003486,1000003486,170.0,175.0,831,1,,1252,DELIVERED,Correo Argentino,TRK-XCYMEFZ4V0
9000003487,1000003487,592.0,597.0,744,1,,436,SHIPPED,Correo Argentino,TRK-RMWF2HVBQG
9000003488,1000003488,274.0,275.0,1371,2,2.0,2,SHIPPED,PICKUP,
9000003489,1000003489,65.0,70.0,167,1,,3085,DELIVERED,Correo Argentino,TRK-F07AJ7BEW6
9000003490,1000003490,139.0,141.0,111,1,,608,READY,Correo Argentino,TRK-DQU0LBK2Q8
9000003491,1000003491,335.0,339.0,580,1,,2016,SHIPPED,Correo Argentino,TRK-S1UAXN2SF2
9000003492,1000003492,5.0,6.0,117,2,1.0,1,DELIVERED,PICKUP,
9000003493,1000003493,638.0,641.0,1264,1,,2120,DELIVERED,Correo Argentino,TRK-CB2WRSTEI2
9000003494,1000003494,,,233,1,,2733,CANCELLED,Correo Argentino,
9000003495,1000003495,130.0,132.0,671,1,,1942,DELIVERED,Correo Argentino,TRK-TY0Z7ACL8D
9000003496,1000003496,95.0,100.0,94,1,,648,DELIVERED,Correo Argentino,TRK-QAKZEO74I6
9000003497,1000003497,172.0,173.0,390,2,4.0,4,DELIVERED,PICKUP,
9000003498,1000003498,369.0,371.0,305,1,,63,DELIVERED,Correo Argentino,TRK-DU31FBDPBK
9000003499,1000003499,330.0,337.0,400,1,,968,DELIVERED,Correo Argentino,TRK-C0JG9YR3UC
9000003500,1000003500,73.0,75.0,396,1,,996,DELIVERED,Correo Argentino,TRK-KEJDVT65J4
9000003501,1000003501,361.0,365.0,1168,1,,1629,DELIVERED,Correo Argentino,TRK-G1FAFVA3SD
9000003502,1000003502,408.0,409.0,655,2,3.0,3,DELIVERED,PICKUP,
9000003503,1000003503,550.0,555.0,343,1,,2693,DELIVERED,Correo Argentino,TRK-MUZG4QBXUK
9000003504,1000003504,447.0,449.0,684,1,,1406,READY,Correo Argentino,TRK-VKKMNND57S
9000003505,1000003505,169.0,171.0,1150,1,,2547,DELIVERED,Correo Argentino,TRK-CHH29AFQ9H
9000003506,1000003506,48.0,49.0,1028,2,3.0,3,DELIVERED,PICKUP,
9000003507,1000003507,129.0,130.0,585,2,1.0,1,DELIVERED,PICKUP,
9000003508,1000003508,511.0,515.0,1294,1,,1558,DELIVERED,Correo Argentino,TRK-OAE73KIQ6M
9000003509,1000003509,285.0,286.0,455,2,4.0,4,DELIVERED,PICKUP,
9000003510,1000003510,628.0,629.0,1141,2,1.0,1,DELIVERED,PICKUP,
9000003511,1000003511,588.0,589.0,376,2,2.0,2,DELIVERED,PICKUP,
9000003512,1000003512,140.0,142.0,1154,1,,3000,DELIVERED,Correo Argentino,TRK-EP2R91N5FP
9000003513,1000003513,290.0,292.0,1498,1,,2277,DELIVERED,Correo Argentino,TRK-CH3SFTEJAR
9000003514,1000003514,,,603,2,3.0,3,CANCELLED,PICKUP,
9000003515,1000003515,61.0,62.0,1002,2,3.0,3,DELIVERED,PICKUP,
9000003516,1000003516,244.0,247.0,924,1,,2238,DELIVERED,Correo Argentino,TRK-EQF0QZ17BV
9000003517,1000003517,536.0,537.0,1309,2,1.0,1,DELIVERED,PICKUP,
9000003518,1000003518,519.0,520.0,1212,2,4.0,4,DELIVERED,PICKUP,
9000003519,1000003519,553.0,554.0,974,2,2.0,2,DELIVERED,PICKUP,
9000003520,1000003520,128.0,129.0,1154,2,1.0,1,DELIVERED,PICKUP,
9000003521,1000003521,,,105,1,,2219,CANCELLED,Correo Argentino,
9000003522,1000003522,,,335,1,,2934,CANCELLED,Correo Argentino,
9000003523,1000003523,,,421,2,1.0,1,CANCELLED,PICKUP,
9000003524,1000003524,574.0,579.0,77,1,,2091,DELIVERED,Correo Argentino,TRK-N5S7JPYI4F
9000003525,1000003525,55.0,56.0,1399,2,1.0,1,DELIVERED,PICKUP,
9000003526,1000003526,,,761,1,,2440,CANCELLED,Correo Argentino,
9000003527,1000003527,597.0,598.0,160,2,2.0,2,DELIVERED,PICKUP,
9000003528,1000003528,232.0,237.0,555,1,,936,SHIPPED,Correo Argentino,TRK-8EXUZVETYT
9000003529,1000003529,212.0,216.0,634,1,,2842,DELIVERED,Correo Argentino,TRK-XX451HCIPK
9000003530,1000003530,66.0,67.0,1187,2,4.0,4,DELIVERED,PICKUP,
9000003531,1000003531,613.0,617.0,1329,1,,2518,DELIVERED,Correo Argentino,TRK-4E1A7HASFY
9000003532,1000003532,592.0,595.0,1231,1,,2385,DELIVERED,Correo Argentino,TRK-EEWDIMZIUT
9000003533,1000003533,,,571,2,1.0,1,CANCELLED,PICKUP,
9000003534,1000003534,419.0,420.0,1336,2,1.0,1,DELIVERED,PICKUP,
9000003535,1000003535,58.0,59.0,243,2,1.0,1,DELIVERED,PICKUP,
9000003536,1000003536,,,678,2,3.0,3,CANCELLED,PICKUP,
9000003537,1000003537,50.0,54.0,791,1,,496,DELIVERED,Correo Argentino,TRK-C9ET9DK9QW
9000003538,1000003538,493.0,497.0,580,1,,3056,DELIVERED,Correo Argentino,TRK-Q96V6A9VV3
9000003539,1000003539,343.0,344.0,121,2,3.0,3,SHIPPED,PICKUP,
9000003540,1000003540,562.0,563.0,1130,2,4.0,4,DELIVERED,PICKUP,
9000003541,1000003541,146.0,147.0,1275,2,4.0,4,DELIVERED,PICKUP,
9000003542,1000003542,,,1039,1,,1981,CANCELLED,Correo Argentino,
9000003543,1000003543,287.0,288.0,171,2,3.0,3,DELIVERED,PICKUP,
9000003544,1000003544,511.0,512.0,132,2,1.0,1,DELIVERED,PICKUP,
9000003545,1000003545,383.0,384.0,889,2,3.0,3,DELIVERED,PICKUP,
9000003546,1000003546,48.0,50.0,640,1,,1814,DELIVERED,Correo Argentino,TRK-QI10CJ1I4E
9000003547,1000003547,511.0,516.0,841,1,,22,DELIVERED,Correo Argentino,TRK-94HJJPM4YM
9000003548,1000003548,,,1188,2,4.0,4,CANCELLED,PICKUP,
9000003549,1000003549,309.0,314.0,1319,1,,2845,DELIVERED,Correo Argentino,TRK-IVF3UNTC2Z
9000003550,1000003550,374.0,378.0,580,1,,2315,DELIVERED,Correo Argentino,TRK-R7W7XPJ6W6
9000003551,1000003551,290.0,293.0,589,1,,3068,DELIVERED,Correo Argentino,TRK-W4ZLTX34L9
9000003552,1000003552,,,204,1,,3107,CANCELLED,Correo Argentino,
9000003553,1000003553,101.0,106.0,867,1,,528,DELIVERED,Correo Argentino,TRK-HS8QV0NUR0
9000003554,1000003554,268.0,273.0,250,1,,3162,DELIVERED,Correo Argentino,TRK-CI6JCZ48ZI
9000003555,1000003555,488.0,493.0,1215,1,,1711,DELIVERED,Correo Argentino,TRK-0E74FPPALP
9000003556,1000003556,108.0,109.0,1363,2,4.0,4,SHIPPED,PICKUP,
9000003557,1000003557,547.0,551.0,589,1,,1928,SHIPPED,Correo Argentino,TRK-SW2MBJSXHV
9000003558,1000003558,141.0,146.0,1462,1,,2377,SHIPPED,Correo Argentino,TRK-YLWNMQNL0K
9000003559,1000003559,539.0,540.0,837,2,4.0,4,SHIPPED,PICKUP,
9000003560,1000003560,343.0,344.0,1210,2,1.0,1,DELIVERED,PICKUP,
9000003561,1000003561,331.0,332.0,370,2,3.0,3,DELIVERED,PICKUP,
9000003562,1000003562,581.0,582.0,1474,2,4.0,4,DELIVERED,PICKUP,
9000003563,1000003563,327.0,328.0,294,2,1.0,1,DELIVERED,PICKUP,
9000003564,1000003564,502.0,506.0,1427,1,,2099,DELIVERED,Correo Argentino,TRK-YWJJYB0BLI
9000003565,1000003565,164.0,166.0,119,1,,2492,DELIVERED,Correo Argentino,TRK-K7ZPBJ8FLY
9000003566,1000003566,4.0,8.0,485,1,,2874,SHIPPED,Correo Argentino,TRK-CRXOW6S6CI
9000003567,1000003567,30.0,31.0,583,2,4.0,4,DELIVERED,PICKUP,
9000003568,1000003568,478.0,482.0,1463,1,,1622,DELIVERED,Correo Argentino,TRK-I9RK0LGZAG
9000003569,1000003569,459.0,463.0,160,1,,908,DELIVERED,Correo Argentino,TRK-KQBFVQHOE8
9000003570,1000003570,,,629,1,,510,CANCELLED,Correo Argentino,
9000003571,1000003571,219.0,220.0,727,2,1.0,1,DELIVERED,PICKUP,
9000003572,1000003572,125.0,130.0,590,1,,3158,DELIVERED,Correo Argentino,TRK-KP2F8RR80F
9000003573,1000003573,296.0,301.0,443,1,,2024,SHIPPED,Correo Argentino,TRK-J47T28Q4FF
9000003574,1000003574,78.0,82.0,705,1,,1878,DELIVERED,Correo Argentino,TRK-7TOYFIIFFA
9000003575,1000003575,498.0,501.0,188,1,,2062,DELIVERED,Correo Argentino,TRK-67YYD2OIUK
9000003576,1000003576,104.0,105.0,1097,2,4.0,4,DELIVERED,PICKUP,
9000003577,1000003577,416.0,417.0,1328,2,4.0,4,SHIPPED,PICKUP,
9000003578,1000003578,3.0,4.0,304,2,3.0,3,DELIVERED,PICKUP,
9000003579,1000003579,563.0,567.0,876,1,,1812,DELIVERED,Correo Argentino,TRK-GCS40R1S8D
9000003580,1000003580,124.0,128.0,1116,1,,1869,DELIVERED,Correo Argentino,TRK-M4ZX263LYA
9000003581,1000003581,441.0,444.0,1219,1,,867,DELIVERED,Correo Argentino,TRK-2S7J15NFJ9
9000003582,1000003582,387.0,389.0,1134,1,,907,DELIVERED,Correo Argentino,TRK-IT7O2CVPQL
9000003583,1000003583,61.0,62.0,1074,2,4.0,4,DELIVERED,PICKUP,
9000003584,1000003584,509.0,511.0,350,1,,2061,DELIVERED,Correo Argentino,TRK-JS12XU386K
9000003585,1000003585,,,1406,1,,2454,CANCELLED,Correo Argentino,
9000003586,1000003586,414.0,415.0,1176,2,4.0,4,DELIVERED,PICKUP,
9000003587,1000003587,59.0,61.0,1367,1,,407,SHIPPED,Correo Argentino,TRK-FDW4U41UTU
9000003588,1000003588,194.0,199.0,232,1,,1334,DELIVERED,Correo Argentino,TRK-5VBZM2LHO7
9000003589,1000003589,543.0,545.0,844,1,,1097,DELIVERED,Correo Argentino,TRK-8GCOW9EO3J
9000003590,1000003590,525.0,528.0,671,1,,2775,DELIVERED,Correo Argentino,TRK-5S8RI5X3JM
9000003591,1000003591,227.0,233.0,407,1,,2310,DELIVERED,Correo Argentino,TRK-TMPDR0RXUJ
9000003592,1000003592,,,944,1,,2189,CANCELLED,Correo Argentino,
9000003593,1000003593,292.0,293.0,327,2,2.0,2,SHIPPED,PICKUP,
9000003594,1000003594,181.0,183.0,199,1,,2756,DELIVERED,Correo Argentino,TRK-ESFGK1M08Q
9000003595,1000003595,360.0,366.0,1409,1,,1076,DELIVERED,Correo Argentino,TRK-PZMM2JCYUG
9000003596,1000003596,60.0,61.0,949,2,2.0,2,SHIPPED,PICKUP,
9000003597,1000003597,312.0,314.0,900,1,,1115,SHIPPED,Correo Argentino,TRK-0BHCU3L462
9000003598,1000003598,67.0,68.0,932,2,1.0,1,SHIPPED,PICKUP,
9000003599,1000003599,15.0,16.0,683,2,1.0,1,DELIVERED,PICKUP,
9000003600,1000003600,,,1360,2,4.0,4,CANCELLED,PICKUP,
9000003601,1000003601,252.0,256.0,505,1,,156,DELIVERED,Correo Argentino,TRK-723GAXFZ4E
9000003602,1000003602,539.0,546.0,371,1,,514,DELIVERED,Correo Argentino,TRK-PVWCTINZ56
9000003603,1000003603,7.0,10.0,535,1,,1935,DELIVERED,Correo Argentino,TRK-SPAJYQEFQQ
9000003604,1000003604,294.0,296.0,446,1,,550,DELIVERED,Correo Argentino,TRK-RVSYLHFF6X
9000003605,1000003605,518.0,519.0,610,2,4.0,4,READY,PICKUP,
9000003606,1000003606,,,243,1,,1732,CANCELLED,Correo Argentino,
9000003607,1000003607,312.0,313.0,1469,2,2.0,2,SHIPPED,PICKUP,
9000003608,1000003608,426.0,431.0,86,1,,942,DELIVERED,Correo Argentino,TRK-A0PC53YE5O
9000003609,1000003609,565.0,567.0,437,1,,684,DELIVERED,Correo Argentino,TRK-B3B2VNH2F5
9000003610,1000003610,227.0,232.0,199,1,,900,DELIVERED,Correo Argentino,TRK-LEKQGW12G9
9000003611,1000003611,,,350,1,,309,CANCELLED,Correo Argentino,
9000003612,1000003612,46.0,47.0,105,2,1.0,1,DELIVERED,PICKUP,
9000003613,1000003613,118.0,122.0,698,1,,2474,DELIVERED,Correo Argentino,TRK-DJV5NYUJAX
9000003614,1000003614,60.0,62.0,1236,1,,2872,DELIVERED,Correo Argentino,TRK-KJY0Y7ABLN
9000003615,1000003615,364.0,368.0,1305,1,,1106,DELIVERED,Correo Argentino,TRK-9V6ZSMWOPJ
9000003616,1000003616,523.0,525.0,1262,1,,254,DELIVERED,Correo Argentino,TRK-89SVDZ7F19
9000003617,1000003617,363.0,364.0,1325,2,4.0,4,DELIVERED,PICKUP,
9000003618,1000003618,,,117,1,,3153,CANCELLED,Correo Argentino,
9000003619,1000003619,632.0,634.0,1322,1,,84,DELIVERED,Correo Argentino,TRK-2E0Q8DVQNT
9000003620,1000003620,35.0,36.0,694,2,3.0,3,READY,PICKUP,
9000003621,1000003621,201.0,202.0,1092,2,2.0,2,DELIVERED,PICKUP,
9000003622,1000003622,90.0,95.0,279,1,,3068,SHIPPED,Correo Argentino,TRK-1J5S5SV880
9000003623,1000003623,7.0,8.0,1277,2,1.0,1,DELIVERED,PICKUP,
9000003624,1000003624,553.0,554.0,983,2,3.0,3,DELIVERED,PICKUP,
9000003625,1000003625,80.0,87.0,1300,1,,2080,DELIVERED,Correo Argentino,TRK-6RPN927PUU
9000003626,1000003626,304.0,305.0,727,2,4.0,4,DELIVERED,PICKUP,
9000003627,1000003627,177.0,179.0,496,1,,1963,DELIVERED,Correo Argentino,TRK-CAPGRHP6JI
9000003628,1000003628,222.0,227.0,657,1,,525,DELIVERED,Correo Argentino,TRK-IJYRYDZPFI
9000003629,1000003629,381.0,385.0,277,1,,1483,DELIVERED,Correo Argentino,TRK-K0SZMIT3CT
9000003630,1000003630,270.0,274.0,523,1,,744,DELIVERED,Correo Argentino,TRK-MI3VRU4HJX
9000003631,1000003631,317.0,319.0,126,1,,283,DELIVERED,Correo Argentino,TRK-3BVYP9SXPD
9000003632,1000003632,,,1034,2,1.0,1,CANCELLED,PICKUP,
9000003633,1000003633,377.0,378.0,358,2,4.0,4,DELIVERED,PICKUP,
9000003634,1000003634,88.0,93.0,637,1,,1692,DELIVERED,Correo Argentino,TRK-KRKZDEQ5EN
9000003635,1000003635,244.0,245.0,691,2,2.0,2,DELIVERED,PICKUP,
9000003636,1000003636,315.0,316.0,380,2,4.0,4,DELIVERED,PICKUP,
9000003637,1000003637,241.0,246.0,1253,1,,368,DELIVERED,Correo Argentino,TRK-9Q1LMYNGLQ
9000003638,1000003638,,,1068,2,4.0,4,CANCELLED,PICKUP,
9000003639,1000003639,423.0,426.0,1188,1,,234,DELIVERED,Correo Argentino,TRK-4FMER30TXG
9000003640,1000003640,594.0,598.0,1354,1,,1323,DELIVERED,Correo Argentino,TRK-6770QZQT13
9000003641,1000003641,272.0,273.0,1109,2,2.0,2,DELIVERED,PICKUP,
9000003642,1000003642,255.0,256.0,1399,2,1.0,1,DELIVERED,PICKUP,
9000003643,1000003643,133.0,134.0,672,2,1.0,1,DELIVERED,PICKUP,
9000003644,1000003644,110.0,111.0,1351,2,1.0,1,DELIVERED,PICKUP,
9000003645,1000003645,,,725,1,,1776,CANCELLED,Correo Argentino,
9000003646,1000003646,170.0,171.0,1288,2,3.0,3,DELIVERED,PICKUP,
9000003647,1000003647,194.0,197.0,542,1,,2243,DELIVERED,Correo Argentino,TRK-B3MXZEAK3L
9000003648,1000003648,629.0,634.0,205,1,,2420,DELIVERED,Correo Argentino,TRK-SL8SJ684ZT
9000003649,1000003649,115.0,118.0,421,1,,1182,DELIVERED,Correo Argentino,TRK-SXLAB1DB07
9000003650,1000003650,239.0,241.0,433,1,,2925,SHIPPED,Correo Argentino,TRK-VOCJGBRQE0
9000003651,1000003651,,,313,1,,1495,CANCELLED,Correo Argentino,
9000003652,1000003652,39.0,40.0,556,2,4.0,4,DELIVERED,PICKUP,
9000003653,1000003653,469.0,471.0,1225,1,,709,DELIVERED,Correo Argentino,TRK-3UC1X82JHD
9000003654,1000003654,226.0,229.0,1326,1,,2759,SHIPPED,Correo Argentino,TRK-YGQNQHZEJ7
9000003655,1000003655,,,513,1,,544,CANCELLED,Correo Argentino,
9000003656,1000003656,127.0,132.0,196,1,,1750,READY,Correo Argentino,TRK-EBU9EE9X07
9000003657,1000003657,,,377,1,,2521,CANCELLED,Correo Argentino,
9000003658,1000003658,160.0,161.0,400,2,2.0,2,DELIVERED,PICKUP,
9000003659,1000003659,448.0,453.0,1177,1,,2469,READY,Correo Argentino,TRK-TBD6D1J6Q6
9000003660,1000003660,72.0,75.0,833,1,,1804,DELIVERED,Correo Argentino,TRK-YIYOMPY4I0
9000003661,1000003661,267.0,272.0,308,1,,1460,READY,Correo Argentino,TRK-BDZ7A87DF0
9000003662,1000003662,261.0,262.0,291,2,4.0,4,DELIVERED,PICKUP,
9000003663,1000003663,549.0,553.0,727,1,,2206,DELIVERED,Correo Argentino,TRK-4PSH45S4HN
9000003664,1000003664,361.0,362.0,587,2,3.0,3,DELIVERED,PICKUP,
9000003665,1000003665,337.0,338.0,448,2,2.0,2,DELIVERED,PICKUP,
9000003666,1000003666,156.0,157.0,1144,2,1.0,1,DELIVERED,PICKUP,
9000003667,1000003667,,,516,1,,2337,CANCELLED,Correo Argentino,
9000003668,1000003668,294.0,301.0,1123,1,,768,DELIVERED,Correo Argentino,TRK-PVCLDQC2H9
9000003669,1000003669,144.0,147.0,1203,1,,2602,SHIPPED,Correo Argentino,TRK-E26QAVHZ8F
9000003670,1000003670,79.0,80.0,377,2,1.0,1,DELIVERED,PICKUP,
9000003671,1000003671,92.0,94.0,991,1,,2865,DELIVERED,Correo Argentino,TRK-BLDDGK2JU6
9000003672,1000003672,493.0,498.0,240,1,,1068,READY,Correo Argentino,TRK-VEVXKNA2L8
9000003673,1000003673,453.0,454.0,1155,2,4.0,4,DELIVERED,PICKUP,
9000003674,1000003674,85.0,86.0,46,2,3.0,3,SHIPPED,PICKUP,
9000003675,1000003675,286.0,291.0,1102,1,,1612,DELIVERED,Correo Argentino,TRK-3E2E14ERDS
9000003676,1000003676,330.0,333.0,1402,1,,123,READY,Correo Argentino,TRK-VX48TB9QHU
9000003677,1000003677,360.0,362.0,429,1,,830,SHIPPED,Correo Argentino,TRK-V01EBS0ZP5
9000003678,1000003678,206.0,207.0,1106,2,2.0,2,DELIVERED,PICKUP,
9000003679,1000003679,254.0,257.0,1067,1,,2637,DELIVERED,Correo Argentino,TRK-NCPMDGL24Q
9000003680,1000003680,20.0,23.0,125,1,,382,DELIVERED,Correo Argentino,TRK-7MRV0FI0K9
9000003681,1000003681,609.0,613.0,352,1,,2832,DELIVERED,Correo Argentino,TRK-UCTA6GSRAU
9000003682,1000003682,65.0,66.0,592,2,2.0,2,DELIVERED,PICKUP,
9000003683,1000003683,47.0,48.0,231,2,1.0,1,DELIVERED,PICKUP,
9000003684,1000003684,90.0,93.0,23,1,,463,DELIVERED,Correo Argentino,TRK-GS3J7SUJ6Y
9000003685,1000003685,403.0,407.0,622,1,,282,DELIVERED,Correo Argentino,TRK-R4YD2E7M8D
9000003686,1000003686,398.0,399.0,971,2,2.0,2,DELIVERED,PICKUP,
9000003687,1000003687,291.0,292.0,724,2,4.0,4,DELIVERED,PICKUP,
9000003688,1000003688,419.0,423.0,150,1,,2642,DELIVERED,Correo Argentino,TRK-CE8UGM5SKD
9000003689,1000003689,155.0,159.0,683,1,,2740,DELIVERED,Correo Argentino,TRK-FWVNB2SR47
9000003690,1000003690,275.0,281.0,1219,1,,493,SHIPPED,Correo Argentino,TRK-1OHT8164L9
9000003691,1000003691,26.0,31.0,71,1,,495,DELIVERED,Correo Argentino,TRK-VYSWM6DC8J
9000003692,1000003692,152.0,153.0,120,2,1.0,1,DELIVERED,PICKUP,
9000003693,1000003693,370.0,371.0,937,2,3.0,3,DELIVERED,PICKUP,
9000003694,1000003694,170.0,173.0,1122,1,,226,SHIPPED,Correo Argentino,TRK-3BHMMWZ0W7
9000003695,1000003695,555.0,558.0,1380,1,,921,DELIVERED,Correo Argentino,TRK-4F603F0SN4
9000003696,1000003696,332.0,333.0,910,2,3.0,3,DELIVERED,PICKUP,
9000003697,1000003697,370.0,372.0,787,1,,22,DELIVERED,Correo Argentino,TRK-UVGY6WIZX5
9000003698,1000003698,,,1155,1,,515,CANCELLED,Correo Argentino,
9000003699,1000003699,516.0,518.0,86,1,,1476,DELIVERED,Correo Argentino,TRK-2AJBJ19UB3
9000003700,1000003700,392.0,393.0,938,2,4.0,4,DELIVERED,PICKUP,
9000003701,1000003701,110.0,111.0,1058,2,4.0,4,SHIPPED,PICKUP,
9000003702,1000003702,70.0,71.0,414,2,2.0,2,DELIVERED,PICKUP,
9000003703,1000003703,254.0,258.0,166,1,,403,DELIVERED,Correo Argentino,TRK-XWXKHNR502
9000003704,1000003704,365.0,366.0,1427,2,3.0,3,DELIVERED,PICKUP,
9000003705,1000003705,130.0,131.0,362,2,4.0,4,DELIVERED,PICKUP,
9000003706,1000003706,215.0,217.0,1491,1,,2349,DELIVERED,Correo Argentino,TRK-P8ADVYO348
9000003707,1000003707,400.0,402.0,465,1,,1390,SHIPPED,Correo Argentino,TRK-19DKVLUNPR
9000003708,1000003708,397.0,398.0,724,2,3.0,3,DELIVERED,PICKUP,
9000003709,1000003709,256.0,259.0,1342,1,,51,DELIVERED,Correo Argentino,TRK-FPXYDR8CZC
9000003710,1000003710,608.0,609.0,244,2,2.0,2,SHIPPED,PICKUP,
9000003711,1000003711,122.0,126.0,747,1,,2066,DELIVERED,Correo Argentino,TRK-UJIVDJ8O4Y
9000003712,1000003712,380.0,383.0,1225,1,,326,DELIVERED,Correo Argentino,TRK-E1OVVKCQ7E
9000003713,1000003713,301.0,302.0,115,2,1.0,1,DELIVERED,PICKUP,
9000003714,1000003714,414.0,419.0,831,1,,111,DELIVERED,Correo Argentino,TRK-KAE09GUQJ4
9000003715,1000003715,,,102,1,,2000,CANCELLED,Correo Argentino,
9000003716,1000003716,418.0,421.0,666,1,,1340,DELIVERED,Correo Argentino,TRK-4TXKXEBSP5
9000003717,1000003717,457.0,458.0,1121,2,2.0,2,DELIVERED,PICKUP,
9000003718,1000003718,596.0,600.0,841,1,,2456,DELIVERED,Correo Argentino,TRK-AILWILNZG9
9000003719,1000003719,422.0,428.0,1412,1,,768,DELIVERED,Correo Argentino,TRK-VEXK28TTJS
9000003720,1000003720,,,1210,1,,2387,CANCELLED,Correo Argentino,
9000003721,1000003721,320.0,323.0,362,1,,1359,DELIVERED,Correo Argentino,TRK-6CC02SUGTC
9000003722,1000003722,334.0,337.0,1009,1,,2432,DELIVERED,Correo Argentino,TRK-AISELN2TQK
9000003723,1000003723,459.0,464.0,830,1,,1650,SHIPPED,Correo Argentino,TRK-K5TCTNNI0Z
9000003724,1000003724,618.0,619.0,995,2,3.0,3,READY,PICKUP,
9000003725,1000003725,487.0,492.0,504,1,,2713,DELIVERED,Correo Argentino,TRK-JQL3B8N796
9000003726,1000003726,546.0,547.0,1093,2,4.0,4,DELIVERED,PICKUP,
9000003727,1000003727,,,805,1,,1631,CANCELLED,Correo Argentino,
9000003728,1000003728,314.0,318.0,657,1,,881,DELIVERED,Correo Argentino,TRK-EKLJY5BSW6
9000003729,1000003729,456.0,461.0,965,1,,3182,DELIVERED,Correo Argentino,TRK-5CDML1SZ9O
9000003730,1000003730,,,439,2,3.0,3,CANCELLED,PICKUP,
9000003731,1000003731,135.0,138.0,457,1,,403,DELIVERED,Correo Argentino,TRK-LABW52G2CC
9000003732,1000003732,304.0,306.0,958,1,,568,DELIVERED,Correo Argentino,TRK-O7QZNFYJFR
9000003733,1000003733,148.0,153.0,725,1,,1731,DELIVERED,Correo Argentino,TRK-U78N9BX0XT
9000003734,1000003734,31.0,32.0,256,2,2.0,2,DELIVERED,PICKUP,
9000003735,1000003735,117.0,118.0,919,2,2.0,2,SHIPPED,PICKUP,
9000003736,1000003736,266.0,267.0,292,2,3.0,3,DELIVERED,PICKUP,
9000003737,1000003737,340.0,345.0,1377,1,,785,SHIPPED,Correo Argentino,TRK-BDY0LAUEJF
9000003738,1000003738,400.0,404.0,290,1,,689,DELIVERED,Correo Argentino,TRK-2VMEA5VV4A
9000003739,1000003739,540.0,542.0,1273,1,,2258,DELIVERED,Correo Argentino,TRK-J1HAIH553D
9000003740,1000003740,550.0,551.0,1056,2,2.0,2,SHIPPED,PICKUP,
9000003741,1000003741,303.0,305.0,601,1,,238,DELIVERED,Correo Argentino,TRK-PX5UW1P0LF
9000003742,1000003742,220.0,222.0,1500,1,,2499,DELIVERED,Correo Argentino,TRK-8CEMNWL3LI
9000003743,1000003743,138.0,140.0,1241,1,,893,DELIVERED,Correo Argentino,TRK-8EC1H4J80R
9000003744,1000003744,339.0,340.0,874,2,3.0,3,DELIVERED,PICKUP,
9000003745,1000003745,330.0,334.0,911,1,,1811,DELIVERED,Correo Argentino,TRK-TWDXSDC4C6
9000003746,1000003746,421.0,423.0,910,1,,1304,DELIVERED,Correo Argentino,TRK-CSJH4V7Q31
9000003747,1000003747,451.0,452.0,1089,2,2.0,2,DELIVERED,PICKUP,
9000003748,1000003748,84.0,89.0,855,1,,266,DELIVERED,Correo Argentino,TRK-HR13G1Z9SI
9000003749,1000003749,,,543,1,,1176,CANCELLED,Correo Argentino,
9000003750,1000003750,283.0,284.0,738,2,1.0,1,SHIPPED,PICKUP,
9000003751,1000003751,339.0,343.0,1043,1,,972,DELIVERED,Correo Argentino,TRK-UVKK1K03DZ
9000003752,1000003752,556.0,558.0,733,1,,1346,DELIVERED,Correo Argentino,TRK-Y17PHBVEXI
9000003753,1000003753,178.0,181.0,77,1,,1258,SHIPPED,Correo Argentino,TRK-7BYSO9BZYU
9000003754,1000003754,518.0,523.0,1067,1,,286,DELIVERED,Correo Argentino,TRK-SDU1TZKDTS
9000003755,1000003755,8.0,14.0,387,1,,221,DELIVERED,Correo Argentino,TRK-IAT4P9ZWSL
9000003756,1000003756,357.0,358.0,942,2,1.0,1,DELIVERED,PICKUP,
9000003757,1000003757,438.0,439.0,863,2,1.0,1,DELIVERED,PICKUP,
9000003758,1000003758,563.0,564.0,1368,2,2.0,2,DELIVERED,PICKUP,
9000003759,1000003759,454.0,459.0,722,1,,1785,DELIVERED,Correo Argentino,TRK-9EMFFGUW18
9000003760,1000003760,491.0,494.0,168,1,,2409,SHIPPED,Correo Argentino,TRK-I7ZNMD400U
9000003761,1000003761,244.0,249.0,625,1,,1413,DELIVERED,Correo Argentino,TRK-YDBCA7MWRE
9000003762,1000003762,117.0,120.0,1021,1,,2618,DELIVERED,Correo Argentino,TRK-J2424WZ2R2
9000003763,1000003763,179.0,186.0,739,1,,1829,SHIPPED,Correo Argentino,TRK-U2Y2J3YYDH
9000003764,1000003764,491.0,496.0,1362,1,,2572,DELIVERED,Correo Argentino,TRK-HO6D5M6B4W
9000003765,1000003765,404.0,407.0,921,1,,1269,DELIVERED,Correo Argentino,TRK-G7H56M6EJC
9000003766,1000003766,462.0,463.0,1071,2,2.0,2,DELIVERED,PICKUP,
9000003767,1000003767,123.0,126.0,759,1,,980,DELIVERED,Correo Argentino,TRK-HYPWGHXQHP
9000003768,1000003768,500.0,505.0,285,1,,1647,SHIPPED,Correo Argentino,TRK-CXYIGO11O4
9000003769,1000003769,,,200,2,3.0,3,CANCELLED,PICKUP,
9000003770,1000003770,535.0,537.0,1377,1,,2173,DELIVERED,Correo Argentino,TRK-S4WK54ZRTY
9000003771,1000003771,125.0,126.0,278,2,2.0,2,SHIPPED,PICKUP,
9000003772,1000003772,595.0,596.0,519,2,2.0,2,DELIVERED,PICKUP,
9000003773,1000003773,249.0,254.0,1476,1,,2918,DELIVERED,Correo Argentino,TRK-4CVC86G7E2
9000003774,1000003774,,,1026,1,,1288,CANCELLED,Correo Argentino,
9000003775,1000003775,20.0,23.0,820,1,,1072,DELIVERED,Correo Argentino,TRK-WTWHF18CCD
9000003776,1000003776,233.0,236.0,1140,1,,1546,SHIPPED,Correo Argentino,TRK-CQPIGCTLW3
9000003777,1000003777,251.0,252.0,382,2,1.0,1,DELIVERED,PICKUP,
9000003778,1000003778,94.0,99.0,246,1,,818,DELIVERED,Correo Argentino,TRK-XO3IB561BW
9000003779,1000003779,541.0,545.0,798,1,,1755,DELIVERED,Correo Argentino,TRK-2DE7EDFEQ4
9000003780,1000003780,,,1167,1,,788,CANCELLED,Correo Argentino,
9000003781,1000003781,418.0,420.0,1454,1,,2615,DELIVERED,Correo Argentino,TRK-91UHXLX95X
9000003782,1000003782,235.0,236.0,488,2,3.0,3,DELIVERED,PICKUP,
9000003783,1000003783,388.0,392.0,1116,1,,827,DELIVERED,Correo Argentino,TRK-MAYZJYUORC
9000003784,1000003784,291.0,296.0,15,1,,512,DELIVERED,Correo Argentino,TRK-PT3O8FZ1KI
9000003785,1000003785,595.0,596.0,332,2,1.0,1,DELIVERED,PICKUP,
9000003786,1000003786,,,707,2,1.0,1,CANCELLED,PICKUP,
9000003787,1000003787,564.0,566.0,238,1,,2785,DELIVERED,Correo Argentino,TRK-HQIS37IC9R
9000003788,1000003788,88.0,89.0,66,2,2.0,2,DELIVERED,PICKUP,
9000003789,1000003789,560.0,564.0,407,1,,1386,DELIVERED,Correo Argentino,TRK-72REDSZ574
9000003790,1000003790,261.0,265.0,1095,1,,2122,DELIVERED,Correo Argentino,TRK-IIAZNXKGS7
9000003791,1000003791,241.0,242.0,553,2,1.0,1,DELIVERED,PICKUP,
9000003792,1000003792,113.0,118.0,533,1,,390,DELIVERED,Correo Argentino,TRK-D4N7EF36NL
9000003793,1000003793,347.0,351.0,332,1,,907,SHIPPED,Correo Argentino,TRK-M34WQTHAF4
9000003794,1000003794,467.0,471.0,730,1,,708,DELIVERED,Correo Argentino,TRK-6EBEN82D0P
9000003795,1000003795,234.0,235.0,615,2,3.0,3,DELIVERED,PICKUP,
9000003796,1000003796,122.0,124.0,1274,1,,1883,DELIVERED,Correo Argentino,TRK-8FQOD8ATES
9000003797,1000003797,423.0,424.0,1275,2,2.0,2,DELIVERED,PICKUP,
9000003798,1000003798,117.0,118.0,595,2,3.0,3,DELIVERED,PICKUP,
9000003799,1000003799,635.0,639.0,1086,1,,2673,SHIPPED,Correo Argentino,TRK-8230LWF99I
9000003800,1000003800,514.0,518.0,945,1,,2442,DELIVERED,Correo Argentino,TRK-5XFY4UJUGR
9000003801,1000003801,128.0,129.0,1296,2,4.0,4,DELIVERED,PICKUP,
9000003802,1000003802,638.0,640.0,1467,1,,2758,DELIVERED,Correo Argentino,TRK-LUWBNBB8WK
9000003803,1000003803,510.0,512.0,468,1,,1726,DELIVERED,Correo Argentino,TRK-9II3GT6WHD
9000003804,1000003804,48.0,49.0,23,2,1.0,1,DELIVERED,PICKUP,
9000003805,1000003805,354.0,355.0,175,2,1.0,1,DELIVERED,PICKUP,
9000003806,1000003806,334.0,338.0,1157,1,,3068,DELIVERED,Correo Argentino,TRK-I83HSB5NLR
9000003807,1000003807,511.0,516.0,481,1,,1562,DELIVERED,Correo Argentino,TRK-96TEVB4B0T
9000003808,1000003808,359.0,364.0,975,1,,648,DELIVERED,Correo Argentino,TRK-0APCJSPIYR
9000003809,1000003809,399.0,400.0,760,2,4.0,4,DELIVERED,PICKUP,
9000003810,1000003810,278.0,282.0,586,1,,361,DELIVERED,Correo Argentino,TRK-FYXVL5OROP
9000003811,1000003811,479.0,483.0,1407,1,,1302,DELIVERED,Correo Argentino,TRK-EFV58PWLVH
9000003812,1000003812,,,974,1,,2411,CANCELLED,Correo Argentino,
9000003813,1000003813,293.0,300.0,1446,1,,2452,DELIVERED,Correo Argentino,TRK-JWO6DS3SHA
9000003814,1000003814,491.0,495.0,1298,1,,1173,DELIVERED,Correo Argentino,TRK-ADXQ26IRV6
9000003815,1000003815,,,588,2,2.0,2,CANCELLED,PICKUP,
9000003816,1000003816,620.0,625.0,668,1,,308,SHIPPED,Correo Argentino,TRK-PBSGKRW8KE
9000003817,1000003817,192.0,194.0,1294,1,,441,DELIVERED,Correo Argentino,TRK-3JRDH226C3
9000003818,1000003818,392.0,399.0,266,1,,1266,DELIVERED,Correo Argentino,TRK-FDI64AMGJ2
9000003819,1000003819,2.0,3.0,1323,2,2.0,2,SHIPPED,PICKUP,
9000003820,1000003820,,,1117,1,,1973,CANCELLED,Correo Argentino,
9000003821,1000003821,47.0,51.0,306,1,,223,DELIVERED,Correo Argentino,TRK-E4U5W49ID1
9000003822,1000003822,236.0,240.0,850,1,,257,DELIVERED,Correo Argentino,TRK-PAB0XOFK1W
9000003823,1000003823,132.0,133.0,732,2,3.0,3,DELIVERED,PICKUP,
9000003824,1000003824,266.0,270.0,961,1,,1365,SHIPPED,Correo Argentino,TRK-46WNUSDKVV
9000003825,1000003825,104.0,105.0,193,2,3.0,3,SHIPPED,PICKUP,
9000003826,1000003826,214.0,219.0,345,1,,577,DELIVERED,Correo Argentino,TRK-UD5ABY55O2
9000003827,1000003827,235.0,240.0,92,1,,1275,DELIVERED,Correo Argentino,TRK-CVFB02H0XU
9000003828,1000003828,118.0,119.0,313,2,4.0,4,DELIVERED,PICKUP,
9000003829,1000003829,207.0,208.0,99,2,3.0,3,SHIPPED,PICKUP,
9000003830,1000003830,188.0,193.0,1270,1,,1545,DELIVERED,Correo Argentino,TRK-M6UTEFO1J0
9000003831,1000003831,560.0,561.0,919,2,4.0,4,DELIVERED,PICKUP,
9000003832,1000003832,625.0,628.0,1343,1,,1613,DELIVERED,Correo Argentino,TRK-0MDWFO4Y1Z
9000003833,1000003833,457.0,461.0,424,1,,1509,SHIPPED,Correo Argentino,TRK-NHMH79PIU4
9000003834,1000003834,63.0,65.0,884,1,,639,DELIVERED,Correo Argentino,TRK-TZVJ0VGHRJ
9000003835,1000003835,336.0,343.0,1398,1,,711,DELIVERED,Correo Argentino,TRK-QL6CRGDQAP
9000003836,1000003836,458.0,459.0,747,2,2.0,2,DELIVERED,PICKUP,
9000003837,1000003837,373.0,378.0,1285,1,,3127,DELIVERED,Correo Argentino,TRK-UJZZ6I1WDD
9000003838,1000003838,129.0,133.0,120,1,,1669,DELIVERED,Correo Argentino,TRK-MJJ2LOG2EB
9000003839,1000003839,608.0,609.0,1449,2,1.0,1,SHIPPED,PICKUP,
9000003840,1000003840,91.0,95.0,814,1,,494,DELIVERED,Correo Argentino,TRK-AW0WDVRB7W
9000003841,1000003841,73.0,74.0,462,2,2.0,2,DELIVERED,PICKUP,
9000003842,1000003842,353.0,357.0,127,1,,1982,DELIVERED,Correo Argentino,TRK-RDVF2IIK7D
9000003843,1000003843,83.0,84.0,509,2,2.0,2,DELIVERED,PICKUP,
9000003844,1000003844,264.0,269.0,308,1,,1884,DELIVERED,Correo Argentino,TRK-P5E1CYJ8WB
9000003845,1000003845,323.0,326.0,199,1,,2465,SHIPPED,Correo Argentino,TRK-05SEE5DFXY
9000003846,1000003846,410.0,414.0,320,1,,1687,DELIVERED,Correo Argentino,TRK-UMB9NC89BA
9000003847,1000003847,328.0,329.0,471,2,2.0,2,DELIVERED,PICKUP,
9000003848,1000003848,624.0,626.0,927,1,,2123,SHIPPED,Correo Argentino,TRK-C8O5LDV68D
9000003849,1000003849,363.0,364.0,1353,2,4.0,4,SHIPPED,PICKUP,
9000003850,1000003850,113.0,118.0,1307,1,,26,SHIPPED,Correo Argentino,TRK-L1LJ2L01F5
9000003851,1000003851,267.0,268.0,506,2,2.0,2,SHIPPED,PICKUP,
9000003852,1000003852,90.0,91.0,575,2,1.0,1,DELIVERED,PICKUP,
9000003853,1000003853,466.0,467.0,79,2,1.0,1,DELIVERED,PICKUP,
9000003854,1000003854,398.0,403.0,1118,1,,218,DELIVERED,Correo Argentino,TRK-UTEL4MLF29
9000003855,1000003855,19.0,21.0,735,1,,2419,DELIVERED,Correo Argentino,TRK-J4DJPYEP4N
9000003856,1000003856,,,1246,2,3.0,3,CANCELLED,PICKUP,
9000003857,1000003857,484.0,486.0,1078,1,,863,DELIVERED,Correo Argentino,TRK-DM4FQM9FRQ
9000003858,1000003858,140.0,144.0,1142,1,,1331,DELIVERED,Correo Argentino,TRK-HEOH5881G2
9000003859,1000003859,126.0,127.0,474,2,1.0,1,DELIVERED,PICKUP,
9000003860,1000003860,,,1015,2,4.0,4,CANCELLED,PICKUP,
9000003861,1000003861,294.0,295.0,970,2,1.0,1,DELIVERED,PICKUP,
9000003862,1000003862,77.0,78.0,962,2,1.0,1,DELIVERED,PICKUP,
9000003863,1000003863,336.0,337.0,1224,2,1.0,1,DELIVERED,PICKUP,
9000003864,1000003864,388.0,390.0,1330,1,,1351,DELIVERED,Correo Argentino,TRK-IV6TY6SRLL
9000003865,1000003865,589.0,590.0,1121,2,2.0,2,DELIVERED,PICKUP,
9000003866,1000003866,,,1,2,2.0,2,CANCELLED,PICKUP,
9000003867,1000003867,241.0,244.0,530,1,,1933,SHIPPED,Correo Argentino,TRK-RJUT3U4431
9000003868,1000003868,357.0,358.0,793,2,2.0,2,DELIVERED,PICKUP,
9000003869,1000003869,100.0,101.0,348,2,2.0,2,DELIVERED,PICKUP,
9000003870,1000003870,282.0,287.0,621,1,,1094,DELIVERED,Correo Argentino,TRK-36BCJA8808
9000003871,1000003871,102.0,103.0,279,2,1.0,1,DELIVERED,PICKUP,
9000003872,1000003872,,,462,1,,1442,CANCELLED,Correo Argentino,
9000003873,1000003873,192.0,193.0,78,2,1.0,1,DELIVERED,PICKUP,
9000003874,1000003874,173.0,178.0,613,1,,393,DELIVERED,Correo Argentino,TRK-VJIC4ATW3Q
9000003875,1000003875,456.0,457.0,1101,2,1.0,1,DELIVERED,PICKUP,
9000003876,1000003876,158.0,162.0,154,1,,1244,DELIVERED,Correo Argentino,TRK-FMV787N0BA
9000003877,1000003877,169.0,174.0,558,1,,694,DELIVERED,Correo Argentino,TRK-W3MA6SMKYB
9000003878,1000003878,284.0,286.0,373,1,,2256,DELIVERED,Correo Argentino,TRK-DWVHNZOGQJ
9000003879,1000003879,391.0,393.0,1385,1,,2185,DELIVERED,Correo Argentino,TRK-IN8H56T5N3
9000003880,1000003880,239.0,240.0,1235,2,2.0,2,DELIVERED,PICKUP,
9000003881,1000003881,236.0,239.0,346,1,,842,DELIVERED,Correo Argentino,TRK-79VVK40YTK
9000003882,1000003882,,,1413,2,3.0,3,CANCELLED,PICKUP,
9000003883,1000003883,84.0,85.0,1072,2,1.0,1,DELIVERED,PICKUP,
9000003884,1000003884,118.0,123.0,59,1,,1700,SHIPPED,Correo Argentino,TRK-72I2WP88TN
9000003885,1000003885,472.0,476.0,748,1,,1470,DELIVERED,Correo Argentino,TRK-QHHXXHEB3B
9000003886,1000003886,11.0,12.0,1433,2,2.0,2,DELIVERED,PICKUP,
9000003887,1000003887,113.0,114.0,172,2,2.0,2,DELIVERED,PICKUP,
9000003888,1000003888,319.0,324.0,380,1,,85,SHIPPED,Correo Argentino,TRK-SXIFKQ7BR8
9000003889,1000003889,502.0,507.0,1245,1,,896,DELIVERED,Correo Argentino,TRK-3TZTO5OGCJ
9000003890,1000003890,342.0,345.0,345,1,,468,SHIPPED,Correo Argentino,TRK-2FA4P3IWX7
9000003891,1000003891,525.0,528.0,1237,1,,362,SHIPPED,Correo Argentino,TRK-I65K18L02T
9000003892,1000003892,404.0,405.0,190,2,4.0,4,SHIPPED,PICKUP,
9000003893,1000003893,73.0,74.0,731,2,1.0,1,DELIVERED,PICKUP,
9000003894,1000003894,567.0,571.0,1423,1,,2914,DELIVERED,Correo Argentino,TRK-RSK1E469ZP
9000003895,1000003895,487.0,489.0,1262,1,,3141,DELIVERED,Correo Argentino,TRK-BDK8CTC41V
9000003896,1000003896,612.0,617.0,615,1,,2565,DELIVERED,Correo Argentino,TRK-BN0WTR8T12
9000003897,1000003897,76.0,77.0,1481,2,3.0,3,DELIVERED,PICKUP,
9000003898,1000003898,258.0,259.0,657,2,4.0,4,DELIVERED,PICKUP,
9000003899,1000003899,438.0,439.0,1304,2,4.0,4,DELIVERED,PICKUP,
9000003900,1000003900,615.0,616.0,1438,2,2.0,2,SHIPPED,PICKUP,
9000003901,1000003901,187.0,188.0,1275,2,1.0,1,DELIVERED,PICKUP,
9000003902,1000003902,398.0,399.0,1251,2,4.0,4,DELIVERED,PICKUP,
9000003903,1000003903,572.0,577.0,439,1,,2053,DELIVERED,Correo Argentino,TRK-VUJUZNRZSS
9000003904,1000003904,,,1110,1,,783,CANCELLED,Correo Argentino,
9000003905,1000003905,341.0,342.0,385,2,1.0,1,DELIVERED,PICKUP,
9000003906,1000003906,370.0,371.0,1163,2,1.0,1,DELIVERED,PICKUP,
9000003907,1000003907,260.0,263.0,91,1,,2738,SHIPPED,Correo Argentino,TRK-52W9IOFATX
9000003908,1000003908,387.0,392.0,79,1,,2342,DELIVERED,Correo Argentino,TRK-KOCEUZDLMX
9000003909,1000003909,38.0,40.0,724,1,,3093,DELIVERED,Correo Argentino,TRK-17R7B8LCKA
9000003910,1000003910,499.0,502.0,602,1,,429,DELIVERED,Correo Argentino,TRK-A4TTBKAYJ9
9000003911,1000003911,473.0,474.0,299,2,3.0,3,DELIVERED,PICKUP,
9000003912,1000003912,558.0,563.0,879,1,,1538,SHIPPED,Correo Argentino,TRK-G0WJE71LBN
9000003913,1000003913,266.0,267.0,872,2,4.0,4,DELIVERED,PICKUP,
9000003914,1000003914,,,1194,1,,2081,CANCELLED,Correo Argentino,
9000003915,1000003915,257.0,262.0,620,1,,2492,DELIVERED,Correo Argentino,TRK-69M3AMNYOR
9000003916,1000003916,595.0,597.0,521,1,,2813,DELIVERED,Correo Argentino,TRK-CKD6HED2B8
9000003917,1000003917,302.0,303.0,257,2,4.0,4,SHIPPED,PICKUP,
9000003918,1000003918,491.0,492.0,309,2,4.0,4,SHIPPED,PICKUP,
9000003919,1000003919,461.0,462.0,974,2,4.0,4,DELIVERED,PICKUP,
9000003920,1000003920,522.0,523.0,308,2,1.0,1,DELIVERED,PICKUP,
9000003921,1000003921,305.0,309.0,1418,1,,311,SHIPPED,Correo Argentino,TRK-KRUZUBRWUA
9000003922,1000003922,349.0,350.0,106,2,2.0,2,DELIVERED,PICKUP,
9000003923,1000003923,326.0,330.0,858,1,,489,DELIVERED,Correo Argentino,TRK-PM2Q43KYKG
9000003924,1000003924,174.0,175.0,41,2,2.0,2,DELIVERED,PICKUP,
9000003925,1000003925,62.0,63.0,115,2,1.0,1,DELIVERED,PICKUP,
9000003926,1000003926,528.0,530.0,546,1,,466,DELIVERED,Correo Argentino,TRK-3F7VF7NCYQ
9000003927,1000003927,,,686,2,1.0,1,CANCELLED,PICKUP,
9000003928,1000003928,,,831,1,,2939,CANCELLED,Correo Argentino,
9000003929,1000003929,,,806,1,,1006,CANCELLED,Correo Argentino,
9000003930,1000003930,463.0,464.0,640,2,3.0,3,DELIVERED,PICKUP,
9000003931,1000003931,604.0,609.0,305,1,,2592,DELIVERED,Correo Argentino,TRK-J1RKQCREQF
9000003932,1000003932,,,803,1,,2597,CANCELLED,Correo Argentino,
9000003933,1000003933,10.0,11.0,1221,2,3.0,3,DELIVERED,PICKUP,
9000003934,1000003934,3.0,4.0,868,2,1.0,1,DELIVERED,PICKUP,
9000003935,1000003935,305.0,310.0,817,1,,505,DELIVERED,Correo Argentino,TRK-6M0NRN8AO5
9000003936,1000003936,527.0,531.0,640,1,,2477,SHIPPED,Correo Argentino,TRK-YZKUNUI20P
9000003937,1000003937,513.0,516.0,991,1,,2487,DELIVERED,Correo Argentino,TRK-TWI7B5RLYU
9000003938,1000003938,277.0,279.0,1353,1,,524,DELIVERED,Correo Argentino,TRK-IHH8ZIAM36
9000003939,1000003939,226.0,231.0,228,1,,311,DELIVERED,Correo Argentino,TRK-0M0GKBH3K6
9000003940,1000003940,555.0,556.0,1021,2,2.0,2,DELIVERED,PICKUP,
9000003941,1000003941,228.0,231.0,50,1,,410,SHIPPED,Correo Argentino,TRK-RD2DE9Q1CH
9000003942,1000003942,34.0,35.0,949,2,2.0,2,DELIVERED,PICKUP,
9000003943,1000003943,347.0,348.0,671,2,4.0,4,DELIVERED,PICKUP,
9000003944,1000003944,483.0,487.0,449,1,,2024,DELIVERED,Correo Argentino,TRK-OS7288U11U
9000003945,1000003945,328.0,331.0,202,1,,2871,DELIVERED,Correo Argentino,TRK-5D8MOV5F94
9000003946,1000003946,360.0,361.0,479,2,3.0,3,DELIVERED,PICKUP,
9000003947,1000003947,475.0,478.0,204,1,,3015,DELIVERED,Correo Argentino,TRK-LGCDO1WDSL
9000003948,1000003948,538.0,539.0,539,2,2.0,2,SHIPPED,PICKUP,
9000003949,1000003949,97.0,98.0,500,2,2.0,2,DELIVERED,PICKUP,
9000003950,1000003950,359.0,362.0,1202,1,,1218,DELIVERED,Correo Argentino,TRK-8XT4TS4638
9000003951,1000003951,524.0,525.0,1259,2,3.0,3,DELIVERED,PICKUP,
9000003952,1000003952,475.0,476.0,397,2,4.0,4,DELIVERED,PICKUP,
9000003953,1000003953,288.0,290.0,787,1,,3006,DELIVERED,Correo Argentino,TRK-T54M87VLFU
9000003954,1000003954,259.0,260.0,463,2,4.0,4,DELIVERED,PICKUP,
9000003955,1000003955,159.0,160.0,1044,2,3.0,3,SHIPPED,PICKUP,
9000003956,1000003956,277.0,280.0,1154,1,,1702,DELIVERED,Correo Argentino,TRK-XK8V8KB119
9000003957,1000003957,347.0,352.0,485,1,,2501,DELIVERED,Correo Argentino,TRK-L5XLK25C6M
9000003958,1000003958,265.0,267.0,1070,1,,1332,DELIVERED,Correo Argentino,TRK-ZOJK6MLZLU
9000003959,1000003959,295.0,296.0,415,2,4.0,4,DELIVERED,PICKUP,
9000003960,1000003960,,,280,1,,710,CANCELLED,Correo Argentino,
9000003961,1000003961,423.0,424.0,1422,2,3.0,3,SHIPPED,PICKUP,
9000003962,1000003962,,,1245,1,,439,CANCELLED,Correo Argentino,
9000003963,1000003963,638.0,643.0,742,1,,2441,SHIPPED,Correo Argentino,TRK-V00L2AOM8D
9000003964,1000003964,,,72,1,,1369,CANCELLED,Correo Argentino,
9000003965,1000003965,460.0,465.0,15,1,,2357,DELIVERED,Correo Argentino,TRK-46ZFZCNVS3
9000003966,1000003966,14.0,17.0,76,1,,2462,SHIPPED,Correo Argentino,TRK-YVNCD7EKCZ
9000003967,1000003967,353.0,358.0,935,1,,784,DELIVERED,Correo Argentino,TRK-V80QILFNL9
9000003968,1000003968,436.0,440.0,897,1,,2318,DELIVERED,Correo Argentino,TRK-JITXNGUQVS
9000003969,1000003969,247.0,248.0,1265,2,2.0,2,DELIVERED,PICKUP,
9000003970,1000003970,,,835,1,,1926,CANCELLED,Correo Argentino,
9000003971,1000003971,185.0,190.0,1149,1,,3062,DELIVERED,Correo Argentino,TRK-EQ7XJMNFR5
9000003972,1000003972,131.0,134.0,1285,1,,2120,DELIVERED,Correo Argentino,TRK-EZUB150B8K
9000003973,1000003973,11.0,12.0,1120,2,4.0,4,DELIVERED,PICKUP,
9000003974,1000003974,253.0,257.0,42,1,,2945,DELIVERED,Correo Argentino,TRK-JQ4HOH6Z3Y
9000003975,1000003975,262.0,265.0,1127,1,,3156,DELIVERED,Correo Argentino,TRK-RAEANQHD3E
9000003976,1000003976,434.0,435.0,578,2,4.0,4,DELIVERED,PICKUP,
9000003977,1000003977,230.0,234.0,28,1,,821,DELIVERED,Correo Argentino,TRK-JKG66N6IEE
9000003978,1000003978,378.0,379.0,1201,2,2.0,2,SHIPPED,PICKUP,
9000003979,1000003979,632.0,633.0,1041,2,3.0,3,SHIPPED,PICKUP,
9000003980,1000003980,57.0,62.0,210,1,,2381,DELIVERED,Correo Argentino,TRK-1KL8PX8YJ5
9000003981,1000003981,34.0,35.0,649,2,4.0,4,DELIVERED,PICKUP,
9000003982,1000003982,580.0,581.0,59,2,3.0,3,DELIVERED,PICKUP,
9000003983,1000003983,281.0,282.0,167,2,4.0,4,DELIVERED,PICKUP,
9000003984,1000003984,118.0,123.0,1107,1,,262,DELIVERED,Correo Argentino,TRK-CC0NMRF3Q9
9000003985,1000003985,295.0,297.0,181,1,,2193,DELIVERED,Correo Argentino,TRK-EV3YB1RZ66
9000003986,1000003986,302.0,303.0,1382,2,4.0,4,DELIVERED,PICKUP,
9000003987,1000003987,596.0,601.0,352,1,,540,SHIPPED,Correo Argentino,TRK-GL94OIQA3T
9000003988,1000003988,34.0,36.0,606,1,,2422,DELIVERED,Correo Argentino,TRK-QCNVNT2QFQ
9000003989,1000003989,79.0,80.0,756,2,1.0,1,DELIVERED,PICKUP,
9000003990,1000003990,287.0,289.0,1295,1,,618,DELIVERED,Correo Argentino,TRK-SIPI645EPO
9000003991,1000003991,204.0,209.0,47,1,,1717,DELIVERED,Correo Argentino,TRK-MREBD1IXK5
9000003992,1000003992,237.0,238.0,901,2,4.0,4,DELIVERED,PICKUP,
9000003993,1000003993,,,447,2,2.0,2,CANCELLED,PICKUP,
9000003994,1000003994,468.0,472.0,914,1,,2680,SHIPPED,Correo Argentino,TRK-F5RI9D9ZSD
9000003995,1000003995,367.0,368.0,1462,2,2.0,2,DELIVERED,PICKUP,
9000003996,1000003996,279.0,280.0,164,2,2.0,2,DELIVERED,PICKUP,
9000003997,1000003997,288.0,293.0,960,1,,1513,DELIVERED,Correo Argentino,TRK-6LLVZ1PBR8
9000003998,1000003998,417.0,420.0,1001,1,,2051,DELIVERED,Correo Argentino,TRK-Y82Y1YGG4B
9000003999,1000003999,550.0,551.0,390,2,2.0,2,DELIVERED,PICKUP,
9000004000,1000004000,591.0,594.0,1011,1,,735,DELIVERED,Correo Argentino,TRK-JVSI47A6OT
9000004001,1000004001,205.0,207.0,1369,1,,2741,DELIVERED,Correo Argentino,TRK-OCSZPO7WKW
9000004002,1000004002,454.0,458.0,235,1,,1504,DELIVERED,Correo Argentino,TRK-HCLJHNKKXS
9000004003,1000004003,534.0,535.0,458,2,4.0,4,DELIVERED,PICKUP,
9000004004,1000004004,501.0,502.0,1475,2,1.0,1,DELIVERED,PICKUP,
9000004005,1000004005,5.0,10.0,609,1,,2730,DELIVERED,Correo Argentino,TRK-QC7MMC4A2E
9000004006,1000004006,573.0,575.0,668,1,,226,DELIVERED,Correo Argentino,TRK-6T6Q0ER6P9
9000004007,1000004007,121.0,122.0,789,2,1.0,1,DELIVERED,PICKUP,
9000004008,1000004008,574.0,575.0,279,2,1.0,1,DELIVERED,PICKUP,
9000004009,1000004009,,,489,2,2.0,2,CANCELLED,PICKUP,
9000004010,1000004010,475.0,478.0,1388,1,,2780,DELIVERED,Correo Argentino,TRK-BXNJ570JY5
9000004011,1000004011,416.0,419.0,752,1,,1023,DELIVERED,Correo Argentino,TRK-504L53QFK9
9000004012,1000004012,,,1217,1,,1918,CANCELLED,Correo Argentino,
9000004013,1000004013,529.0,533.0,1064,1,,717,SHIPPED,Correo Argentino,TRK-MQTCWA4OND
9000004014,1000004014,508.0,512.0,735,1,,1048,DELIVERED,Correo Argentino,TRK-632AJ8870R
9000004015,1000004015,424.0,425.0,133,2,4.0,4,SHIPPED,PICKUP,
9000004016,1000004016,,,358,1,,2086,CANCELLED,Correo Argentino,
9000004017,1000004017,469.0,474.0,1440,1,,346,DELIVERED,Correo Argentino,TRK-4G4P1MC25S
9000004018,1000004018,637.0,641.0,1067,1,,750,SHIPPED,Correo Argentino,TRK-J3I3RNFX47
9000004019,1000004019,423.0,425.0,512,1,,2805,DELIVERED,Correo Argentino,TRK-7OE5HAGT17
9000004020,1000004020,235.0,240.0,434,1,,503,DELIVERED,Correo Argentino,TRK-OV7AG0MBFH
9000004021,1000004021,330.0,335.0,64,1,,2804,DELIVERED,Correo Argentino,TRK-KY72ZT542Q
9000004022,1000004022,486.0,491.0,485,1,,3057,SHIPPED,Correo Argentino,TRK-O0M6CJF35L
9000004023,1000004023,563.0,564.0,1014,2,3.0,3,DELIVERED,PICKUP,
9000004024,1000004024,483.0,487.0,204,1,,906,DELIVERED,Correo Argentino,TRK-UVTBNKJMF9
9000004025,1000004025,38.0,43.0,1491,1,,1674,DELIVERED,Correo Argentino,TRK-I9IOM3WKVI
9000004026,1000004026,583.0,586.0,1356,1,,195,DELIVERED,Correo Argentino,TRK-5HLZSE7ZPS
9000004027,1000004027,187.0,190.0,501,1,,1202,READY,Correo Argentino,TRK-VMCW52MPSB
9000004028,1000004028,43.0,48.0,214,1,,194,DELIVERED,Correo Argentino,TRK-O55RD765FA
9000004029,1000004029,515.0,516.0,340,2,4.0,4,DELIVERED,PICKUP,
9000004030,1000004030,473.0,474.0,775,2,1.0,1,DELIVERED,PICKUP,
9000004031,1000004031,232.0,234.0,1073,1,,2885,SHIPPED,Correo Argentino,TRK-IWB6SG7BZI
9000004032,1000004032,629.0,630.0,343,2,3.0,3,DELIVERED,PICKUP,
9000004033,1000004033,,,1119,1,,67,CANCELLED,Correo Argentino,
9000004034,1000004034,637.0,638.0,1449,2,2.0,2,DELIVERED,PICKUP,
9000004035,1000004035,508.0,511.0,51,1,,685,DELIVERED,Correo Argentino,TRK-DYT6Z652FN
9000004036,1000004036,505.0,507.0,1292,1,,361,DELIVERED,Correo Argentino,TRK-93PTX4WUZ4
9000004037,1000004037,149.0,152.0,419,1,,2421,SHIPPED,Correo Argentino,TRK-J1Q2G4OZPV
9000004038,1000004038,356.0,357.0,985,2,3.0,3,DELIVERED,PICKUP,
9000004039,1000004039,17.0,22.0,1327,1,,2958,DELIVERED,Correo Argentino,TRK-D8J2411ECJ
9000004040,1000004040,250.0,253.0,904,1,,3152,DELIVERED,Correo Argentino,TRK-WF5Z0NKQN4
9000004041,1000004041,138.0,139.0,232,2,4.0,4,DELIVERED,PICKUP,
9000004042,1000004042,256.0,261.0,759,1,,381,DELIVERED,Correo Argentino,TRK-4IQY59PBYJ
9000004043,1000004043,4.0,8.0,1340,1,,1832,DELIVERED,Correo Argentino,TRK-2HG8ADL722
9000004044,1000004044,339.0,343.0,554,1,,1057,DELIVERED,Correo Argentino,TRK-A7KAYPHE4P
9000004045,1000004045,224.0,229.0,1158,1,,2219,DELIVERED,Correo Argentino,TRK-8AQ9FJKP00
9000004046,1000004046,70.0,71.0,1163,2,2.0,2,DELIVERED,PICKUP,
9000004047,1000004047,145.0,148.0,1379,1,,474,DELIVERED,Correo Argentino,TRK-Q88C1ES1BF
9000004048,1000004048,,,296,1,,1197,CANCELLED,Correo Argentino,
9000004049,1000004049,296.0,299.0,236,1,,268,DELIVERED,Correo Argentino,TRK-91F96X9MT2
9000004050,1000004050,619.0,623.0,1394,1,,2090,DELIVERED,Correo Argentino,TRK-4H7996GUK8
9000004051,1000004051,289.0,290.0,269,2,3.0,3,DELIVERED,PICKUP,
9000004052,1000004052,520.0,522.0,448,1,,861,DELIVERED,Correo Argentino,TRK-79GSVPJZ2U
9000004053,1000004053,527.0,531.0,1074,1,,262,DELIVERED,Correo Argentino,TRK-MIYORL9XU1
9000004054,1000004054,131.0,136.0,1313,1,,2163,SHIPPED,Correo Argentino,TRK-0UMICKAUFX
9000004055,1000004055,377.0,379.0,363,1,,2344,SHIPPED,Correo Argentino,TRK-97KZNR6R4D
9000004056,1000004056,625.0,630.0,801,1,,2152,DELIVERED,Correo Argentino,TRK-3MRT221DPG
9000004057,1000004057,362.0,365.0,1068,1,,1957,SHIPPED,Correo Argentino,TRK-Z3VBC0GUYW
9000004058,1000004058,408.0,413.0,333,1,,27,DELIVERED,Correo Argentino,TRK-JSH4AZHX19
9000004059,1000004059,269.0,275.0,276,1,,81,DELIVERED,Correo Argentino,TRK-X71U0DE7VJ
9000004060,1000004060,413.0,416.0,481,1,,3195,DELIVERED,Correo Argentino,TRK-WRIS3ODGBQ
9000004061,1000004061,225.0,228.0,784,1,,151,DELIVERED,Correo Argentino,TRK-G6QIQ36532
9000004062,1000004062,552.0,553.0,1451,2,4.0,4,DELIVERED,PICKUP,
9000004063,1000004063,435.0,436.0,849,2,2.0,2,DELIVERED,PICKUP,
9000004064,1000004064,60.0,63.0,94,1,,430,DELIVERED,Correo Argentino,TRK-H0OMKW50O9
9000004065,1000004065,396.0,398.0,752,1,,1899,DELIVERED,Correo Argentino,TRK-PQBIFTX182
9000004066,1000004066,340.0,341.0,624,2,1.0,1,DELIVERED,PICKUP,
9000004067,1000004067,502.0,503.0,1051,2,1.0,1,DELIVERED,PICKUP,
9000004068,1000004068,210.0,211.0,505,2,2.0,2,DELIVERED,PICKUP,
9000004069,1000004069,123.0,124.0,127,2,2.0,2,DELIVERED,PICKUP,
9000004070,1000004070,110.0,113.0,1111,1,,1122,SHIPPED,Correo Argentino,TRK-Y9P4PG2SPI
9000004071,1000004071,499.0,500.0,652,2,1.0,1,DELIVERED,PICKUP,
9000004072,1000004072,453.0,457.0,246,1,,2528,DELIVERED,Correo Argentino,TRK-1F9V8KMNG2
9000004073,1000004073,437.0,441.0,839,1,,1821,READY,Correo Argentino,TRK-Y6YMTHWEJ2
9000004074,1000004074,525.0,526.0,689,2,1.0,1,DELIVERED,PICKUP,
9000004075,1000004075,85.0,90.0,758,1,,1905,DELIVERED,Correo Argentino,TRK-TMJDFZGHJZ
9000004076,1000004076,457.0,458.0,500,2,3.0,3,DELIVERED,PICKUP,
9000004077,1000004077,145.0,147.0,1262,1,,2851,DELIVERED,Correo Argentino,TRK-Z61PQTMID8
9000004078,1000004078,326.0,327.0,415,2,4.0,4,DELIVERED,PICKUP,
9000004079,1000004079,15.0,17.0,51,1,,3177,DELIVERED,Correo Argentino,TRK-UXNZKA3NA9
9000004080,1000004080,380.0,381.0,352,2,1.0,1,DELIVERED,PICKUP,
9000004081,1000004081,63.0,64.0,653,2,1.0,1,DELIVERED,PICKUP,
9000004082,1000004082,146.0,149.0,223,1,,2817,DELIVERED,Correo Argentino,TRK-P1GKCX879L
9000004083,1000004083,557.0,558.0,1275,2,1.0,1,SHIPPED,PICKUP,
9000004084,1000004084,268.0,269.0,522,2,1.0,1,DELIVERED,PICKUP,
9000004085,1000004085,497.0,499.0,1496,1,,1160,DELIVERED,Correo Argentino,TRK-UVKBZP4JPE
9000004086,1000004086,191.0,192.0,879,2,1.0,1,DELIVERED,PICKUP,
9000004087,1000004087,393.0,394.0,1230,2,1.0,1,SHIPPED,PICKUP,
9000004088,1000004088,,,577,1,,2142,CANCELLED,Correo Argentino,
9000004089,1000004089,565.0,567.0,822,1,,2874,SHIPPED,Correo Argentino,TRK-AXE9P9BBEE
9000004090,1000004090,246.0,251.0,1431,1,,2552,SHIPPED,Correo Argentino,TRK-K5QPTP45BA
9000004091,1000004091,,,248,1,,2443,CANCELLED,Correo Argentino,
9000004092,1000004092,79.0,82.0,1278,1,,942,SHIPPED,Correo Argentino,TRK-OHWKQX462A
9000004093,1000004093,,,392,2,4.0,4,CANCELLED,PICKUP,
9000004094,1000004094,459.0,460.0,460,2,3.0,3,DELIVERED,PICKUP,
9000004095,1000004095,502.0,503.0,1347,2,1.0,1,DELIVERED,PICKUP,
9000004096,1000004096,246.0,247.0,534,2,4.0,4,DELIVERED,PICKUP,
9000004097,1000004097,218.0,224.0,1166,1,,1441,DELIVERED,Correo Argentino,TRK-570XZE5T0J
9000004098,1000004098,127.0,128.0,1246,2,4.0,4,DELIVERED,PICKUP,
9000004099,1000004099,,,412,2,3.0,3,CANCELLED,PICKUP,
9000004100,1000004100,582.0,584.0,1026,1,,2551,DELIVERED,Correo Argentino,TRK-OGOM3UR62F
9000004101,1000004101,179.0,180.0,1249,2,2.0,2,DELIVERED,PICKUP,
9000004102,1000004102,372.0,373.0,47,2,1.0,1,DELIVERED,PICKUP,
9000004103,1000004103,198.0,200.0,488,1,,2371,SHIPPED,Correo Argentino,TRK-OKMP4B19I3
9000004104,1000004104,306.0,307.0,771,2,1.0,1,SHIPPED,PICKUP,
9000004105,1000004105,639.0,644.0,872,1,,2742,SHIPPED,Correo Argentino,TRK-9GTUIKMZVR
9000004106,1000004106,206.0,208.0,339,1,,1502,DELIVERED,Correo Argentino,TRK-2JA6G38PF5
9000004107,1000004107,12.0,13.0,344,2,1.0,1,DELIVERED,PICKUP,
9000004108,1000004108,452.0,453.0,533,2,4.0,4,DELIVERED,PICKUP,
9000004109,1000004109,603.0,604.0,893,2,1.0,1,DELIVERED,PICKUP,
9000004110,1000004110,196.0,197.0,489,2,4.0,4,DELIVERED,PICKUP,
9000004111,1000004111,593.0,594.0,1410,2,4.0,4,DELIVERED,PICKUP,
9000004112,1000004112,101.0,102.0,106,2,2.0,2,DELIVERED,PICKUP,
9000004113,1000004113,399.0,400.0,243,2,3.0,3,DELIVERED,PICKUP,
9000004114,1000004114,112.0,113.0,1114,2,4.0,4,DELIVERED,PICKUP,
9000004115,1000004115,113.0,114.0,1406,2,3.0,3,DELIVERED,PICKUP,
9000004116,1000004116,,,575,1,,2771,CANCELLED,Correo Argentino,
9000004117,1000004117,335.0,336.0,473,2,4.0,4,READY,PICKUP,
9000004118,1000004118,555.0,556.0,1031,2,1.0,1,DELIVERED,PICKUP,
9000004119,1000004119,166.0,171.0,1385,1,,1945,DELIVERED,Correo Argentino,TRK-Q5YLB0DJJZ
9000004120,1000004120,69.0,74.0,1190,1,,3116,SHIPPED,Correo Argentino,TRK-SVQVVEXMO4
9000004121,1000004121,51.0,52.0,1470,2,2.0,2,DELIVERED,PICKUP,
9000004122,1000004122,354.0,356.0,387,1,,458,DELIVERED,Correo Argentino,TRK-8OMUDU999A
9000004123,1000004123,292.0,293.0,162,2,2.0,2,DELIVERED,PICKUP,
9000004124,1000004124,283.0,285.0,294,1,,22,SHIPPED,Correo Argentino,TRK-WSIR6KO7JH
9000004125,1000004125,113.0,114.0,947,2,1.0,1,DELIVERED,PICKUP,
9000004126,1000004126,216.0,221.0,930,1,,2822,DELIVERED,Correo Argentino,TRK-4CNG88PPUA
9000004127,1000004127,527.0,528.0,1016,2,4.0,4,SHIPPED,PICKUP,
9000004128,1000004128,420.0,421.0,627,2,1.0,1,DELIVERED,PICKUP,
9000004129,1000004129,75.0,78.0,691,1,,2549,SHIPPED,Correo Argentino,TRK-W6LE9A1I3V
9000004130,1000004130,440.0,445.0,1185,1,,3031,DELIVERED,Correo Argentino,TRK-Q0S7TVNSE8
9000004131,1000004131,360.0,363.0,409,1,,1790,SHIPPED,Correo Argentino,TRK-FEG39D6KC9
9000004132,1000004132,232.0,234.0,611,1,,2781,DELIVERED,Correo Argentino,TRK-AOCV3ENPYL
9000004133,1000004133,616.0,621.0,876,1,,2380,DELIVERED,Correo Argentino,TRK-TIDRO39MR7
9000004134,1000004134,206.0,209.0,11,1,,1395,DELIVERED,Correo Argentino,TRK-PNQ0PN9VRP
9000004135,1000004135,496.0,498.0,1103,1,,238,DELIVERED,Correo Argentino,TRK-TS1K5RKYHA
9000004136,1000004136,101.0,105.0,931,1,,1034,DELIVERED,Correo Argentino,TRK-W6KVC6ME1M
9000004137,1000004137,465.0,467.0,1132,1,,1721,DELIVERED,Correo Argentino,TRK-25LFW1SIHX
9000004138,1000004138,188.0,192.0,1487,1,,1453,SHIPPED,Correo Argentino,TRK-39NXZCOL1W
9000004139,1000004139,310.0,312.0,171,1,,2421,DELIVERED,Correo Argentino,TRK-FMJJSZJIX7
9000004140,1000004140,517.0,520.0,529,1,,2564,DELIVERED,Correo Argentino,TRK-5SS7U7JFL0
9000004141,1000004141,598.0,601.0,433,1,,635,DELIVERED,Correo Argentino,TRK-48PSI5T6QC
9000004142,1000004142,30.0,34.0,461,1,,3147,SHIPPED,Correo Argentino,TRK-L8PCQ30LPO
9000004143,1000004143,623.0,624.0,1172,2,2.0,2,DELIVERED,PICKUP,
9000004144,1000004144,617.0,622.0,816,1,,643,DELIVERED,Correo Argentino,TRK-UMZCU5N8KR
9000004145,1000004145,,,1032,1,,2014,CANCELLED,Correo Argentino,
9000004146,1000004146,502.0,504.0,1261,1,,1023,DELIVERED,Correo Argentino,TRK-2ZG0IM75E8
9000004147,1000004147,89.0,94.0,348,1,,3154,DELIVERED,Correo Argentino,TRK-4VW56BZUGX
9000004148,1000004148,332.0,333.0,436,2,4.0,4,DELIVERED,PICKUP,
9000004149,1000004149,547.0,550.0,604,1,,1682,SHIPPED,Correo Argentino,TRK-TTVMEJX8EA
9000004150,1000004150,255.0,258.0,615,1,,47,DELIVERED,Correo Argentino,TRK-C62J2N0RTN
9000004151,1000004151,56.0,58.0,361,1,,269,DELIVERED,Correo Argentino,TRK-Y0E4A5YPLQ
9000004152,1000004152,48.0,50.0,855,1,,738,SHIPPED,Correo Argentino,TRK-E0J44ZLHY2
9000004153,1000004153,583.0,585.0,1018,1,,872,DELIVERED,Correo Argentino,TRK-O57SM31C8F
9000004154,1000004154,461.0,462.0,212,2,2.0,2,DELIVERED,PICKUP,
9000004155,1000004155,215.0,217.0,359,1,,3111,DELIVERED,Correo Argentino,TRK-0MBOGC2NAM
9000004156,1000004156,103.0,105.0,1322,1,,639,DELIVERED,Correo Argentino,TRK-8YJB15G9P9
9000004157,1000004157,477.0,482.0,271,1,,650,DELIVERED,Correo Argentino,TRK-FIL234R0OG
9000004158,1000004158,,,369,1,,2783,CANCELLED,Correo Argentino,
9000004159,1000004159,612.0,615.0,670,1,,2520,DELIVERED,Correo Argentino,TRK-NQ1X4Q67NA
9000004160,1000004160,320.0,324.0,510,1,,2668,DELIVERED,Correo Argentino,TRK-EWUGHX5587
9000004161,1000004161,453.0,454.0,274,2,4.0,4,DELIVERED,PICKUP,
9000004162,1000004162,498.0,499.0,1490,2,2.0,2,DELIVERED,PICKUP,
9000004163,1000004163,15.0,16.0,469,2,1.0,1,DELIVERED,PICKUP,
9000004164,1000004164,116.0,119.0,1012,1,,2256,SHIPPED,Correo Argentino,TRK-38JROTNEWO
9000004165,1000004165,29.0,33.0,1318,1,,984,SHIPPED,Correo Argentino,TRK-7MH771VIA6
9000004166,1000004166,142.0,145.0,1081,1,,2817,DELIVERED,Correo Argentino,TRK-RUYUTYDN5T
9000004167,1000004167,282.0,283.0,495,2,1.0,1,SHIPPED,PICKUP,
9000004168,1000004168,45.0,46.0,480,2,4.0,4,DELIVERED,PICKUP,
9000004169,1000004169,,,1236,2,2.0,2,CANCELLED,PICKUP,
9000004170,1000004170,326.0,331.0,1237,1,,1914,DELIVERED,Correo Argentino,TRK-IBVJ4AJZJJ
9000004171,1000004171,100.0,101.0,147,2,1.0,1,DELIVERED,PICKUP,
9000004172,1000004172,266.0,267.0,1126,2,4.0,4,DELIVERED,PICKUP,
9000004173,1000004173,588.0,589.0,201,2,2.0,2,DELIVERED,PICKUP,
9000004174,1000004174,516.0,519.0,569,1,,977,DELIVERED,Correo Argentino,TRK-W5531Y7I0A
9000004175,1000004175,16.0,21.0,1255,1,,435,DELIVERED,Correo Argentino,TRK-BRNUR7L0HS
9000004176,1000004176,267.0,270.0,392,1,,1298,DELIVERED,Correo Argentino,TRK-ZUA8OGLZR4
9000004177,1000004177,,,649,2,4.0,4,CANCELLED,PICKUP,
9000004178,1000004178,556.0,559.0,1270,1,,2022,DELIVERED,Correo Argentino,TRK-MZ2GGQ73JW
9000004179,1000004179,323.0,325.0,1230,1,,1104,DELIVERED,Correo Argentino,TRK-LDO9ITZATB
9000004180,1000004180,366.0,371.0,433,1,,2165,DELIVERED,Correo Argentino,TRK-LWUAC4AF2G
9000004181,1000004181,398.0,403.0,403,1,,2521,READY,Correo Argentino,TRK-IQOS1R7DWB
9000004182,1000004182,17.0,21.0,967,1,,2294,DELIVERED,Correo Argentino,TRK-R6510JKLAN
9000004183,1000004183,524.0,525.0,1048,2,1.0,1,DELIVERED,PICKUP,
9000004184,1000004184,563.0,564.0,651,2,1.0,1,DELIVERED,PICKUP,
9000004185,1000004185,494.0,495.0,552,2,1.0,1,DELIVERED,PICKUP,
9000004186,1000004186,410.0,417.0,724,1,,2169,DELIVERED,Correo Argentino,TRK-A9Z381KJIE
9000004187,1000004187,313.0,316.0,308,1,,2990,DELIVERED,Correo Argentino,TRK-UNN1IZ9G9Z
9000004188,1000004188,474.0,475.0,298,2,4.0,4,DELIVERED,PICKUP,
9000004189,1000004189,159.0,164.0,324,1,,1676,DELIVERED,Correo Argentino,TRK-NCOOEQM3HK
9000004190,1000004190,202.0,203.0,1340,2,3.0,3,DELIVERED,PICKUP,
9000004191,1000004191,108.0,110.0,981,1,,2886,DELIVERED,Correo Argentino,TRK-MFVD136FSO
9000004192,1000004192,229.0,230.0,1432,2,4.0,4,DELIVERED,PICKUP,
9000004193,1000004193,351.0,355.0,950,1,,170,DELIVERED,Correo Argentino,TRK-JIJYKASXPC
9000004194,1000004194,627.0,629.0,487,1,,1096,DELIVERED,Correo Argentino,TRK-PGMIFMKM75
9000004195,1000004195,3.0,6.0,1311,1,,2963,DELIVERED,Correo Argentino,TRK-72WRPDGULT
9000004196,1000004196,492.0,497.0,768,1,,2380,DELIVERED,Correo Argentino,TRK-PUFHFIYWQS
9000004197,1000004197,,,189,2,2.0,2,CANCELLED,PICKUP,
9000004198,1000004198,8.0,10.0,1111,1,,849,DELIVERED,Correo Argentino,TRK-S4EICMVMEJ
9000004199,1000004199,559.0,564.0,1272,1,,1546,DELIVERED,Correo Argentino,TRK-J9UK4V425E
9000004200,1000004200,239.0,240.0,1034,2,1.0,1,DELIVERED,PICKUP,
9000004201,1000004201,298.0,299.0,996,2,4.0,4,SHIPPED,PICKUP,
9000004202,1000004202,515.0,516.0,1368,2,3.0,3,DELIVERED,PICKUP,
9000004203,1000004203,488.0,491.0,285,1,,779,DELIVERED,Correo Argentino,TRK-29W2OGWOVC
9000004204,1000004204,306.0,307.0,1000,2,3.0,3,DELIVERED,PICKUP,
9000004205,1000004205,166.0,167.0,978,2,1.0,1,DELIVERED,PICKUP,
9000004206,1000004206,109.0,110.0,1255,2,3.0,3,DELIVERED,PICKUP,
9000004207,1000004207,577.0,579.0,155,1,,894,DELIVERED,Correo Argentino,TRK-5WJM0F765P
9000004208,1000004208,487.0,490.0,64,1,,877,DELIVERED,Correo Argentino,TRK-3BER9YX5L0
9000004209,1000004209,,,906,1,,94,CANCELLED,Correo Argentino,
9000004210,1000004210,260.0,263.0,257,1,,2938,SHIPPED,Correo Argentino,TRK-MBDZP2C5D1
9000004211,1000004211,582.0,587.0,850,1,,2662,DELIVERED,Correo Argentino,TRK-AIWRKRBTDE
9000004212,1000004212,119.0,120.0,1287,2,2.0,2,DELIVERED,PICKUP,
9000004213,1000004213,431.0,434.0,14,1,,2900,DELIVERED,Correo Argentino,TRK-PI4DDREEZH
9000004214,1000004214,358.0,360.0,142,1,,1991,DELIVERED,Correo Argentino,TRK-SDBIA619S2
9000004215,1000004215,320.0,325.0,190,1,,1129,DELIVERED,Correo Argentino,TRK-46XDESI2J7
9000004216,1000004216,37.0,39.0,747,1,,1094,DELIVERED,Correo Argentino,TRK-1R9R7HFDTU
9000004217,1000004217,402.0,407.0,401,1,,524,DELIVERED,Correo Argentino,TRK-58Z1EYJA3E
9000004218,1000004218,509.0,510.0,1306,2,2.0,2,SHIPPED,PICKUP,
9000004219,1000004219,9.0,14.0,677,1,,157,DELIVERED,Correo Argentino,TRK-4U4JRCROCN
9000004220,1000004220,,,236,1,,1522,CANCELLED,Correo Argentino,
9000004221,1000004221,272.0,276.0,1420,1,,41,DELIVERED,Correo Argentino,TRK-8OS37CUBUK
9000004222,1000004222,621.0,624.0,197,1,,717,DELIVERED,Correo Argentino,TRK-KHVXA5DFCM
9000004223,1000004223,311.0,318.0,428,1,,2008,DELIVERED,Correo Argentino,TRK-0WY1OVZTNC
9000004224,1000004224,394.0,395.0,1304,2,2.0,2,SHIPPED,PICKUP,
9000004225,1000004225,235.0,236.0,1398,2,2.0,2,DELIVERED,PICKUP,
9000004226,1000004226,573.0,575.0,1159,1,,431,DELIVERED,Correo Argentino,TRK-UG88K2K63S
9000004227,1000004227,310.0,313.0,996,1,,950,DELIVERED,Correo Argentino,TRK-W2Y603N1IR
9000004228,1000004228,44.0,49.0,988,1,,655,DELIVERED,Correo Argentino,TRK-YG1C5V2FKD
9000004229,1000004229,246.0,249.0,824,1,,460,DELIVERED,Correo Argentino,TRK-I3IAUMEC4Y
9000004230,1000004230,209.0,212.0,900,1,,1257,DELIVERED,Correo Argentino,TRK-H0XYGHEBIP
9000004231,1000004231,465.0,466.0,800,2,1.0,1,DELIVERED,PICKUP,
9000004232,1000004232,229.0,230.0,869,2,3.0,3,DELIVERED,PICKUP,
9000004233,1000004233,338.0,339.0,1262,2,2.0,2,DELIVERED,PICKUP,
9000004234,1000004234,236.0,237.0,915,2,2.0,2,DELIVERED,PICKUP,
9000004235,1000004235,603.0,606.0,255,1,,1661,DELIVERED,Correo Argentino,TRK-61IYGP2ZES
9000004236,1000004236,389.0,391.0,254,1,,174,SHIPPED,Correo Argentino,TRK-Z38RKV3FLD
9000004237,1000004237,204.0,205.0,563,2,2.0,2,DELIVERED,PICKUP,
9000004238,1000004238,595.0,596.0,1151,2,2.0,2,DELIVERED,PICKUP,
9000004239,1000004239,497.0,499.0,542,1,,1021,DELIVERED,Correo Argentino,TRK-WN91GFYZ59
9000004240,1000004240,212.0,213.0,80,2,3.0,3,SHIPPED,PICKUP,
9000004241,1000004241,533.0,535.0,429,1,,2448,DELIVERED,Correo Argentino,TRK-MW3EMZ1KFV
9000004242,1000004242,454.0,455.0,1455,2,3.0,3,DELIVERED,PICKUP,
9000004243,1000004243,116.0,118.0,805,1,,960,DELIVERED,Correo Argentino,TRK-F1858GUZRA
9000004244,1000004244,38.0,40.0,711,1,,1133,DELIVERED,Correo Argentino,TRK-WA6MWTB621
9000004245,1000004245,381.0,388.0,123,1,,3098,DELIVERED,Correo Argentino,TRK-JL51Q6078T
9000004246,1000004246,454.0,455.0,969,2,1.0,1,DELIVERED,PICKUP,
9000004247,1000004247,336.0,337.0,612,2,1.0,1,DELIVERED,PICKUP,
9000004248,1000004248,56.0,61.0,850,1,,98,DELIVERED,Correo Argentino,TRK-OO3XD9BCUX
9000004249,1000004249,,,58,2,2.0,2,CANCELLED,PICKUP,
9000004250,1000004250,620.0,624.0,440,1,,1997,DELIVERED,Correo Argentino,TRK-LFM2JDFYDE
9000004251,1000004251,365.0,369.0,477,1,,997,DELIVERED,Correo Argentino,TRK-RMD9OCVHHR
9000004252,1000004252,262.0,265.0,328,1,,2129,DELIVERED,Correo Argentino,TRK-2H5Z9WAHJN
9000004253,1000004253,144.0,145.0,64,2,4.0,4,DELIVERED,PICKUP,
9000004254,1000004254,243.0,247.0,9,1,,1770,DELIVERED,Correo Argentino,TRK-C2GC2F3FBJ
9000004255,1000004255,56.0,61.0,1018,1,,1692,SHIPPED,Correo Argentino,TRK-0UQAUL4RCB
9000004256,1000004256,407.0,411.0,887,1,,2598,DELIVERED,Correo Argentino,TRK-1DLVKWFI0U
9000004257,1000004257,566.0,570.0,809,1,,3029,DELIVERED,Correo Argentino,TRK-BIT6PKXVIN
9000004258,1000004258,270.0,275.0,187,1,,2714,DELIVERED,Correo Argentino,TRK-MG6ZAFBAS8
9000004259,1000004259,64.0,65.0,594,2,3.0,3,SHIPPED,PICKUP,
9000004260,1000004260,573.0,578.0,1416,1,,754,DELIVERED,Correo Argentino,TRK-WBFCY93T4E
9000004261,1000004261,428.0,429.0,698,2,2.0,2,DELIVERED,PICKUP,
9000004262,1000004262,27.0,31.0,869,1,,167,DELIVERED,Correo Argentino,TRK-JK9P714CFU
9000004263,1000004263,504.0,508.0,823,1,,2918,DELIVERED,Correo Argentino,TRK-2LKRLOPHHL
9000004264,1000004264,372.0,374.0,170,1,,587,DELIVERED,Correo Argentino,TRK-3GDLC84TNY
9000004265,1000004265,547.0,548.0,1022,2,2.0,2,DELIVERED,PICKUP,
9000004266,1000004266,169.0,175.0,946,1,,2600,DELIVERED,Correo Argentino,TRK-IHBCVJ37HJ
9000004267,1000004267,336.0,337.0,1273,2,1.0,1,DELIVERED,PICKUP,
9000004268,1000004268,,,752,2,4.0,4,CANCELLED,PICKUP,
9000004269,1000004269,563.0,565.0,338,1,,683,DELIVERED,Correo Argentino,TRK-A0YJ0VBO7C
9000004270,1000004270,173.0,178.0,1223,1,,2554,DELIVERED,Correo Argentino,TRK-5O0J681V0Z
9000004271,1000004271,291.0,292.0,1014,2,4.0,4,DELIVERED,PICKUP,
9000004272,1000004272,192.0,193.0,1204,2,1.0,1,DELIVERED,PICKUP,
9000004273,1000004273,80.0,82.0,227,1,,1082,DELIVERED,Correo Argentino,TRK-H97WRYFKWA
9000004274,1000004274,507.0,510.0,54,1,,1230,SHIPPED,Correo Argentino,TRK-KA9AK5L3QF
9000004275,1000004275,119.0,120.0,1095,2,2.0,2,SHIPPED,PICKUP,
9000004276,1000004276,134.0,137.0,955,1,,1896,DELIVERED,Correo Argentino,TRK-Y9RMZAJ7F3
9000004277,1000004277,201.0,203.0,756,1,,28,DELIVERED,Correo Argentino,TRK-AKXL19E7X1
9000004278,1000004278,,,999,1,,1076,CANCELLED,Correo Argentino,
9000004279,1000004279,581.0,582.0,628,2,3.0,3,DELIVERED,PICKUP,
9000004280,1000004280,428.0,431.0,29,1,,2181,DELIVERED,Correo Argentino,TRK-GMARFVB7ZP
9000004281,1000004281,412.0,413.0,892,2,3.0,3,SHIPPED,PICKUP,
9000004282,1000004282,122.0,123.0,1280,2,4.0,4,DELIVERED,PICKUP,
9000004283,1000004283,54.0,59.0,1129,1,,1623,DELIVERED,Correo Argentino,TRK-P62IO1JK07
9000004284,1000004284,567.0,572.0,782,1,,1669,DELIVERED,Correo Argentino,TRK-4SD8A08YX1
9000004285,1000004285,342.0,344.0,1038,1,,1216,DELIVERED,Correo Argentino,TRK-1ZFQ6NMPNR
9000004286,1000004286,383.0,384.0,790,2,1.0,1,DELIVERED,PICKUP,
9000004287,1000004287,42.0,43.0,1430,2,4.0,4,DELIVERED,PICKUP,
9000004288,1000004288,98.0,102.0,85,1,,1871,DELIVERED,Correo Argentino,TRK-ILHOLEKPOW
9000004289,1000004289,341.0,345.0,15,1,,3185,DELIVERED,Correo Argentino,TRK-3OGI4V6K7J
9000004290,1000004290,329.0,331.0,72,1,,2580,DELIVERED,Correo Argentino,TRK-L7WP0QGID0
9000004291,1000004291,40.0,41.0,636,2,4.0,4,DELIVERED,PICKUP,
9000004292,1000004292,519.0,524.0,1089,1,,575,DELIVERED,Correo Argentino,TRK-88VXH79CT7
9000004293,1000004293,416.0,419.0,791,1,,33,DELIVERED,Correo Argentino,TRK-TPA7CJ146K
9000004294,1000004294,359.0,360.0,144,2,1.0,1,DELIVERED,PICKUP,
9000004295,1000004295,118.0,123.0,1195,1,,327,DELIVERED,Correo Argentino,TRK-AQBKKNL8SV
9000004296,1000004296,399.0,401.0,901,1,,2994,DELIVERED,Correo Argentino,TRK-AQEB8J5SA0
9000004297,1000004297,9.0,10.0,1320,2,2.0,2,READY,PICKUP,
9000004298,1000004298,264.0,269.0,306,1,,1383,SHIPPED,Correo Argentino,TRK-RF7KPYEM3X
9000004299,1000004299,132.0,133.0,28,2,1.0,1,DELIVERED,PICKUP,
9000004300,1000004300,,,884,2,4.0,4,CANCELLED,PICKUP,
9000004301,1000004301,107.0,108.0,382,2,3.0,3,DELIVERED,PICKUP,
9000004302,1000004302,250.0,251.0,1286,2,1.0,1,SHIPPED,PICKUP,
9000004303,1000004303,347.0,348.0,156,2,1.0,1,SHIPPED,PICKUP,
9000004304,1000004304,233.0,237.0,1119,1,,2130,DELIVERED,Correo Argentino,TRK-PE19DJRY6Q
9000004305,1000004305,188.0,189.0,1395,2,2.0,2,DELIVERED,PICKUP,
9000004306,1000004306,569.0,573.0,402,1,,2224,DELIVERED,Correo Argentino,TRK-ZP1DVWM96E
9000004307,1000004307,339.0,343.0,981,1,,1492,DELIVERED,Correo Argentino,TRK-C0G85W3RC4
9000004308,1000004308,45.0,47.0,1247,1,,1604,SHIPPED,Correo Argentino,TRK-9AIVXSPGWW
9000004309,1000004309,387.0,392.0,770,1,,1933,DELIVERED,Correo Argentino,TRK-6A6AXXTI4D
9000004310,1000004310,424.0,425.0,1304,2,1.0,1,DELIVERED,PICKUP,
9000004311,1000004311,326.0,331.0,1486,1,,1611,SHIPPED,Correo Argentino,TRK-7AIV797ZGM
9000004312,1000004312,373.0,374.0,475,2,2.0,2,DELIVERED,PICKUP,
9000004313,1000004313,529.0,530.0,305,2,2.0,2,SHIPPED,PICKUP,
9000004314,1000004314,293.0,294.0,1484,2,1.0,1,DELIVERED,PICKUP,
9000004315,1000004315,172.0,175.0,829,1,,142,DELIVERED,Correo Argentino,TRK-4REL48R0H2
9000004316,1000004316,431.0,436.0,1373,1,,761,SHIPPED,Correo Argentino,TRK-T3HLMLQL08
9000004317,1000004317,631.0,636.0,539,1,,740,DELIVERED,Correo Argentino,TRK-988JIBP4O4
9000004318,1000004318,122.0,129.0,1388,1,,1710,SHIPPED,Correo Argentino,TRK-R5D24ZZ01Z
9000004319,1000004319,250.0,253.0,475,1,,2955,DELIVERED,Correo Argentino,TRK-Z4WDEEKOTJ
9000004320,1000004320,193.0,197.0,1441,1,,271,DELIVERED,Correo Argentino,TRK-IFRUIVHS9L
9000004321,1000004321,98.0,99.0,1252,2,2.0,2,DELIVERED,PICKUP,
9000004322,1000004322,228.0,233.0,384,1,,569,DELIVERED,Correo Argentino,TRK-TJ5GZ3MVC1
9000004323,1000004323,379.0,380.0,329,2,3.0,3,SHIPPED,PICKUP,
9000004324,1000004324,50.0,53.0,542,1,,1598,DELIVERED,Correo Argentino,TRK-GOK1PSSC5A
9000004325,1000004325,250.0,253.0,139,1,,1472,DELIVERED,Correo Argentino,TRK-PQAB0LB7ND
9000004326,1000004326,271.0,272.0,936,2,4.0,4,SHIPPED,PICKUP,
9000004327,1000004327,384.0,385.0,547,2,3.0,3,DELIVERED,PICKUP,
9000004328,1000004328,584.0,587.0,378,1,,2165,DELIVERED,Correo Argentino,TRK-XFEHXQ28CZ
9000004329,1000004329,32.0,37.0,37,1,,2459,DELIVERED,Correo Argentino,TRK-82R1ABBUXX
9000004330,1000004330,311.0,316.0,1467,1,,2828,DELIVERED,Correo Argentino,TRK-XCTNXJJWII
9000004331,1000004331,310.0,311.0,1113,2,2.0,2,DELIVERED,PICKUP,
9000004332,1000004332,12.0,16.0,450,1,,2005,DELIVERED,Correo Argentino,TRK-RE0XGMTI0Y
9000004333,1000004333,279.0,286.0,822,1,,1108,DELIVERED,Correo Argentino,TRK-O11ENR037U
9000004334,1000004334,83.0,85.0,155,1,,3100,DELIVERED,Correo Argentino,TRK-3337QC1XXZ
9000004335,1000004335,,,1307,1,,1341,CANCELLED,Correo Argentino,
9000004336,1000004336,560.0,565.0,112,1,,690,DELIVERED,Correo Argentino,TRK-C2UH7D5HCB
9000004337,1000004337,111.0,114.0,1089,1,,2037,DELIVERED,Correo Argentino,TRK-JT4F7CV59Q
9000004338,1000004338,78.0,79.0,1321,2,4.0,4,DELIVERED,PICKUP,
9000004339,1000004339,171.0,176.0,611,1,,2716,DELIVERED,Correo Argentino,TRK-BE53L56MV7
9000004340,1000004340,47.0,52.0,168,1,,1243,DELIVERED,Correo Argentino,TRK-Q1E8BGJK0C
9000004341,1000004341,511.0,514.0,851,1,,1999,SHIPPED,Correo Argentino,TRK-1EL3BXHELS
9000004342,1000004342,248.0,252.0,626,1,,1535,DELIVERED,Correo Argentino,TRK-2OIYJ5ZFM4
9000004343,1000004343,,,1459,1,,1590,CANCELLED,Correo Argentino,
9000004344,1000004344,315.0,320.0,1290,1,,1505,SHIPPED,Correo Argentino,TRK-AA2OE8YII6
9000004345,1000004345,288.0,289.0,1340,2,1.0,1,DELIVERED,PICKUP,
9000004346,1000004346,387.0,389.0,943,1,,2241,DELIVERED,Correo Argentino,TRK-UM9JPBV4WK
9000004347,1000004347,613.0,616.0,99,1,,139,DELIVERED,Correo Argentino,TRK-7S59L5XN4U
9000004348,1000004348,399.0,401.0,704,1,,988,DELIVERED,Correo Argentino,TRK-9TQE5JQ1MS
9000004349,1000004349,498.0,502.0,1248,1,,2446,DELIVERED,Correo Argentino,TRK-D5867FDRIS
9000004350,1000004350,467.0,468.0,507,2,2.0,2,DELIVERED,PICKUP,
9000004351,1000004351,195.0,200.0,37,1,,660,DELIVERED,Correo Argentino,TRK-YIOKHOIZAV
9000004352,1000004352,476.0,477.0,1090,2,1.0,1,DELIVERED,PICKUP,
9000004353,1000004353,351.0,356.0,23,1,,2508,SHIPPED,Correo Argentino,TRK-KJCRF0KPG5
9000004354,1000004354,331.0,335.0,959,1,,1173,DELIVERED,Correo Argentino,TRK-0IOTZ4QQP8
9000004355,1000004355,,,819,2,1.0,1,CANCELLED,PICKUP,
9000004356,1000004356,565.0,566.0,927,2,1.0,1,DELIVERED,PICKUP,
9000004357,1000004357,136.0,137.0,860,2,3.0,3,DELIVERED,PICKUP,
9000004358,1000004358,478.0,479.0,1189,2,1.0,1,DELIVERED,PICKUP,
9000004359,1000004359,149.0,154.0,916,1,,2485,DELIVERED,Correo Argentino,TRK-Y5Y5A8R63G
9000004360,1000004360,,,292,1,,848,CANCELLED,Correo Argentino,
9000004361,1000004361,412.0,413.0,488,2,1.0,1,DELIVERED,PICKUP,
9000004362,1000004362,365.0,369.0,536,1,,2213,DELIVERED,Correo Argentino,TRK-VVIBD0V2G0
9000004363,1000004363,279.0,283.0,1237,1,,2448,DELIVERED,Correo Argentino,TRK-33PC03RVNR
9000004364,1000004364,386.0,387.0,1023,2,3.0,3,DELIVERED,PICKUP,
9000004365,1000004365,196.0,201.0,1234,1,,1337,SHIPPED,Correo Argentino,TRK-00FFJWS2LU
9000004366,1000004366,567.0,572.0,245,1,,2846,DELIVERED,Correo Argentino,TRK-XZYYU8VK9I
9000004367,1000004367,254.0,255.0,298,2,1.0,1,SHIPPED,PICKUP,
9000004368,1000004368,59.0,64.0,36,1,,2946,DELIVERED,Correo Argentino,TRK-631F2LQNOM
9000004369,1000004369,,,1262,1,,1268,CANCELLED,Correo Argentino,
9000004370,1000004370,263.0,266.0,518,1,,959,DELIVERED,Correo Argentino,TRK-BED8WPTNXC
9000004371,1000004371,562.0,563.0,882,2,1.0,1,DELIVERED,PICKUP,
9000004372,1000004372,560.0,564.0,301,1,,1384,DELIVERED,Correo Argentino,TRK-22K9L7ZZKN
9000004373,1000004373,531.0,532.0,1159,2,2.0,2,DELIVERED,PICKUP,
9000004374,1000004374,,,605,1,,2441,CANCELLED,Correo Argentino,
9000004375,1000004375,,,55,1,,457,CANCELLED,Correo Argentino,
9000004376,1000004376,410.0,413.0,1126,1,,1256,SHIPPED,Correo Argentino,TRK-E6C6PC96FD
9000004377,1000004377,83.0,89.0,449,1,,1175,DELIVERED,Correo Argentino,TRK-F7BG91VD1R
9000004378,1000004378,554.0,558.0,1424,1,,670,DELIVERED,Correo Argentino,TRK-V1ZSVCQE1C
9000004379,1000004379,123.0,124.0,68,2,3.0,3,DELIVERED,PICKUP,
9000004380,1000004380,458.0,463.0,303,1,,1869,DELIVERED,Correo Argentino,TRK-R5PD1AM7O5
9000004381,1000004381,196.0,197.0,1338,2,2.0,2,DELIVERED,PICKUP,
9000004382,1000004382,369.0,370.0,1256,2,3.0,3,DELIVERED,PICKUP,
9000004383,1000004383,256.0,258.0,1111,1,,367,DELIVERED,Correo Argentino,TRK-IECDY7GLV0
9000004384,1000004384,582.0,584.0,1487,1,,2895,DELIVERED,Correo Argentino,TRK-E82NN6D7J6
9000004385,1000004385,463.0,468.0,715,1,,1761,DELIVERED,Correo Argentino,TRK-5T2MA5QRG2
9000004386,1000004386,,,818,1,,2160,CANCELLED,Correo Argentino,
9000004387,1000004387,192.0,195.0,1365,1,,1366,DELIVERED,Correo Argentino,TRK-L278IMJKWY
9000004388,1000004388,,,1465,1,,2223,CANCELLED,Correo Argentino,
9000004389,1000004389,494.0,496.0,1215,1,,2260,DELIVERED,Correo Argentino,TRK-DNOC3V298Z
9000004390,1000004390,565.0,569.0,522,1,,1393,DELIVERED,Correo Argentino,TRK-J7MEB5JTD8
9000004391,1000004391,146.0,151.0,943,1,,998,DELIVERED,Correo Argentino,TRK-UJFSHEN1MJ
9000004392,1000004392,624.0,627.0,358,1,,134,DELIVERED,Correo Argentino,TRK-6VCBXZKOIO
9000004393,1000004393,49.0,50.0,253,2,1.0,1,DELIVERED,PICKUP,
9000004394,1000004394,308.0,312.0,96,1,,893,SHIPPED,Correo Argentino,TRK-BCKTQJJ9V1
9000004395,1000004395,183.0,184.0,335,2,3.0,3,SHIPPED,PICKUP,
9000004396,1000004396,267.0,268.0,166,2,1.0,1,SHIPPED,PICKUP,
9000004397,1000004397,371.0,375.0,606,1,,2674,DELIVERED,Correo Argentino,TRK-9NP8P9YQBF
9000004398,1000004398,584.0,589.0,1198,1,,136,DELIVERED,Correo Argentino,TRK-2JP2LXR010
9000004399,1000004399,565.0,566.0,981,2,1.0,1,DELIVERED,PICKUP,
9000004400,1000004400,458.0,461.0,85,1,,1502,DELIVERED,Correo Argentino,TRK-96OY7GCDCW
9000004401,1000004401,,,644,2,3.0,3,CANCELLED,PICKUP,
9000004402,1000004402,466.0,470.0,227,1,,2426,DELIVERED,Correo Argentino,TRK-V7QMM7KB6J
9000004403,1000004403,336.0,343.0,491,1,,2071,DELIVERED,Correo Argentino,TRK-NEF54NATJL
9000004404,1000004404,28.0,33.0,96,1,,1137,DELIVERED,Correo Argentino,TRK-JJZHLZPVA4
9000004405,1000004405,468.0,469.0,1233,2,1.0,1,DELIVERED,PICKUP,
9000004406,1000004406,590.0,592.0,581,1,,2448,SHIPPED,Correo Argentino,TRK-44LR45WN5P
9000004407,1000004407,428.0,431.0,1044,1,,2035,DELIVERED,Correo Argentino,TRK-WDUFBY30YL
9000004408,1000004408,164.0,166.0,501,1,,203,DELIVERED,Correo Argentino,TRK-AWE80K6LMS
9000004409,1000004409,503.0,506.0,733,1,,2438,DELIVERED,Correo Argentino,TRK-QHUTXOBMMH
9000004410,1000004410,29.0,34.0,298,1,,1012,DELIVERED,Correo Argentino,TRK-0WD4ST6FTX
9000004411,1000004411,,,858,1,,1097,CANCELLED,Correo Argentino,
9000004412,1000004412,75.0,76.0,689,2,2.0,2,DELIVERED,PICKUP,
9000004413,1000004413,,,331,1,,2947,CANCELLED,Correo Argentino,
9000004414,1000004414,576.0,580.0,1134,1,,895,DELIVERED,Correo Argentino,TRK-BPY3KOISQ7
9000004415,1000004415,49.0,52.0,638,1,,387,DELIVERED,Correo Argentino,TRK-KBNKN4QQAD
9000004416,1000004416,460.0,461.0,499,2,1.0,1,DELIVERED,PICKUP,
9000004417,1000004417,269.0,274.0,588,1,,2441,DELIVERED,Correo Argentino,TRK-S1F68NB9QN
9000004418,1000004418,497.0,498.0,716,2,1.0,1,DELIVERED,PICKUP,
9000004419,1000004419,254.0,255.0,495,2,4.0,4,DELIVERED,PICKUP,
9000004420,1000004420,487.0,490.0,1370,1,,2657,DELIVERED,Correo Argentino,TRK-TGKA1T4WB3
9000004421,1000004421,481.0,483.0,617,1,,3011,DELIVERED,Correo Argentino,TRK-AP85XFX65U
9000004422,1000004422,443.0,447.0,246,1,,1189,DELIVERED,Correo Argentino,TRK-3UF3RB7KTT
9000004423,1000004423,532.0,537.0,208,1,,1190,DELIVERED,Correo Argentino,TRK-57K2G37TSP
9000004424,1000004424,128.0,132.0,732,1,,2600,SHIPPED,Correo Argentino,TRK-D17RDQYSCP
9000004425,1000004425,588.0,591.0,61,1,,1035,DELIVERED,Correo Argentino,TRK-74G3NQP0UM
9000004426,1000004426,413.0,415.0,546,1,,2496,DELIVERED,Correo Argentino,TRK-MCDB170Q7S
9000004427,1000004427,622.0,627.0,973,1,,555,SHIPPED,Correo Argentino,TRK-JZTZZRDCLF
9000004428,1000004428,34.0,35.0,1058,2,2.0,2,DELIVERED,PICKUP,
9000004429,1000004429,423.0,428.0,665,1,,123,SHIPPED,Correo Argentino,TRK-AW7DQG2D7P
9000004430,1000004430,454.0,458.0,1168,1,,3005,DELIVERED,Correo Argentino,TRK-F358DPJL5C
9000004431,1000004431,180.0,181.0,41,2,4.0,4,DELIVERED,PICKUP,
9000004432,1000004432,112.0,119.0,677,1,,2008,DELIVERED,Correo Argentino,TRK-51D2T9XQM8
9000004433,1000004433,459.0,461.0,404,1,,169,DELIVERED,Correo Argentino,TRK-L7GBXT6AQA
9000004434,1000004434,225.0,226.0,642,2,4.0,4,DELIVERED,PICKUP,
9000004435,1000004435,79.0,81.0,896,1,,793,DELIVERED,Correo Argentino,TRK-NU4MF888HM
9000004436,1000004436,515.0,516.0,555,2,2.0,2,DELIVERED,PICKUP,
9000004437,1000004437,188.0,191.0,423,1,,901,DELIVERED,Correo Argentino,TRK-88KDRG7JBM
9000004438,1000004438,253.0,256.0,694,1,,2491,DELIVERED,Correo Argentino,TRK-O6H3JKAAGB
9000004439,1000004439,530.0,531.0,1299,2,3.0,3,SHIPPED,PICKUP,
9000004440,1000004440,95.0,96.0,1373,2,3.0,3,DELIVERED,PICKUP,
9000004441,1000004441,,,1037,1,,2503,CANCELLED,Correo Argentino,
9000004442,1000004442,617.0,624.0,302,1,,1948,DELIVERED,Correo Argentino,TRK-LEFITX057Z
9000004443,1000004443,205.0,212.0,940,1,,1992,DELIVERED,Correo Argentino,TRK-O5DJJ4BZSX
9000004444,1000004444,,,714,1,,1794,CANCELLED,Correo Argentino,
9000004445,1000004445,350.0,351.0,1026,2,1.0,1,DELIVERED,PICKUP,
9000004446,1000004446,361.0,362.0,259,2,3.0,3,DELIVERED,PICKUP,
9000004447,1000004447,159.0,160.0,430,2,1.0,1,DELIVERED,PICKUP,
9000004448,1000004448,199.0,200.0,1017,2,4.0,4,DELIVERED,PICKUP,
9000004449,1000004449,377.0,381.0,26,1,,2220,DELIVERED,Correo Argentino,TRK-M2JDTBA365
9000004450,1000004450,59.0,60.0,736,2,4.0,4,DELIVERED,PICKUP,
9000004451,1000004451,407.0,409.0,1481,1,,1410,DELIVERED,Correo Argentino,TRK-PMETLYYWK2
9000004452,1000004452,485.0,488.0,1483,1,,1857,DELIVERED,Correo Argentino,TRK-5C74ZI2U8Y
9000004453,1000004453,223.0,224.0,522,2,3.0,3,DELIVERED,PICKUP,
9000004454,1000004454,177.0,178.0,1450,2,4.0,4,DELIVERED,PICKUP,
9000004455,1000004455,53.0,58.0,1033,1,,2182,DELIVERED,Correo Argentino,TRK-MVKRPF45I9
9000004456,1000004456,203.0,208.0,957,1,,3157,DELIVERED,Correo Argentino,TRK-OAMD7YICY6
9000004457,1000004457,408.0,411.0,1363,1,,124,DELIVERED,Correo Argentino,TRK-N0EE60J3YI
9000004458,1000004458,441.0,445.0,1300,1,,1877,DELIVERED,Correo Argentino,TRK-6U4JON4QVK
9000004459,1000004459,,,620,2,1.0,1,CANCELLED,PICKUP,
9000004460,1000004460,185.0,186.0,1024,2,4.0,4,SHIPPED,PICKUP,
9000004461,1000004461,442.0,444.0,995,1,,117,SHIPPED,Correo Argentino,TRK-3IO1W36COE
9000004462,1000004462,471.0,474.0,119,1,,1204,DELIVERED,Correo Argentino,TRK-0AZ77SXGDE
9000004463,1000004463,493.0,494.0,124,2,4.0,4,DELIVERED,PICKUP,
9000004464,1000004464,474.0,479.0,603,1,,1306,DELIVERED,Correo Argentino,TRK-2LKL3VYQGA
9000004465,1000004465,540.0,541.0,500,2,2.0,2,DELIVERED,PICKUP,
9000004466,1000004466,33.0,34.0,1464,2,4.0,4,DELIVERED,PICKUP,
9000004467,1000004467,594.0,597.0,515,1,,913,DELIVERED,Correo Argentino,TRK-IU2AKAFUXL
9000004468,1000004468,236.0,238.0,359,1,,2289,DELIVERED,Correo Argentino,TRK-OB0F4W9Y1F
9000004469,1000004469,,,207,1,,462,CANCELLED,Correo Argentino,
9000004470,1000004470,145.0,150.0,362,1,,2857,DELIVERED,Correo Argentino,TRK-DIM6M1OYMI
9000004471,1000004471,279.0,281.0,254,1,,651,SHIPPED,Correo Argentino,TRK-673BL7KYVD
9000004472,1000004472,320.0,326.0,809,1,,260,DELIVERED,Correo Argentino,TRK-KI3K7CG5FZ
9000004473,1000004473,,,494,1,,2640,CANCELLED,Correo Argentino,
9000004474,1000004474,379.0,380.0,879,2,1.0,1,DELIVERED,PICKUP,
9000004475,1000004475,554.0,559.0,159,1,,587,DELIVERED,Correo Argentino,TRK-3QTQI5L4UY
9000004476,1000004476,122.0,123.0,1074,2,4.0,4,DELIVERED,PICKUP,
9000004477,1000004477,88.0,89.0,29,2,4.0,4,DELIVERED,PICKUP,
9000004478,1000004478,634.0,638.0,338,1,,2061,DELIVERED,Correo Argentino,TRK-GA4Z8LJMS8
9000004479,1000004479,18.0,23.0,751,1,,3,DELIVERED,Correo Argentino,TRK-WM1Y5N34B8
9000004480,1000004480,392.0,396.0,1461,1,,429,DELIVERED,Correo Argentino,TRK-RQO6GVE4QV
9000004481,1000004481,130.0,135.0,772,1,,43,SHIPPED,Correo Argentino,TRK-7GSWQ46S2M
9000004482,1000004482,551.0,556.0,878,1,,973,SHIPPED,Correo Argentino,TRK-D2MEIFNZPU
9000004483,1000004483,213.0,215.0,332,1,,1156,DELIVERED,Correo Argentino,TRK-QN4YNKM9W0
9000004484,1000004484,35.0,36.0,464,2,2.0,2,DELIVERED,PICKUP,
9000004485,1000004485,273.0,279.0,1146,1,,1154,SHIPPED,Correo Argentino,TRK-X6W5U8WT17
9000004486,1000004486,538.0,539.0,1212,2,4.0,4,DELIVERED,PICKUP,
9000004487,1000004487,130.0,131.0,1050,2,4.0,4,DELIVERED,PICKUP,
9000004488,1000004488,622.0,625.0,938,1,,2859,DELIVERED,Correo Argentino,TRK-6PBL0AE6JS
9000004489,1000004489,434.0,437.0,300,1,,3188,DELIVERED,Correo Argentino,TRK-O645P039WB
9000004490,1000004490,360.0,364.0,992,1,,3025,SHIPPED,Correo Argentino,TRK-UR4WLTEJ5Q
9000004491,1000004491,277.0,278.0,447,2,1.0,1,DELIVERED,PICKUP,
9000004492,1000004492,581.0,582.0,957,2,1.0,1,DELIVERED,PICKUP,
9000004493,1000004493,292.0,293.0,472,2,4.0,4,DELIVERED,PICKUP,
9000004494,1000004494,558.0,559.0,1304,2,4.0,4,DELIVERED,PICKUP,
9000004495,1000004495,611.0,615.0,254,1,,2383,DELIVERED,Correo Argentino,TRK-73W89LV8NQ
9000004496,1000004496,396.0,397.0,1125,2,1.0,1,DELIVERED,PICKUP,
9000004497,1000004497,631.0,634.0,107,1,,1563,DELIVERED,Correo Argentino,TRK-3ZWZJ9WF7K
9000004498,1000004498,504.0,506.0,1237,1,,2198,DELIVERED,Correo Argentino,TRK-A8PAV8OYMZ
9000004499,1000004499,361.0,362.0,293,2,4.0,4,DELIVERED,PICKUP,
9000004500,1000004500,237.0,238.0,879,2,1.0,1,DELIVERED,PICKUP,
9000004501,1000004501,206.0,210.0,246,1,,1949,SHIPPED,Correo Argentino,TRK-ENT4F4V2IY
9000004502,1000004502,500.0,501.0,1032,2,1.0,1,DELIVERED,PICKUP,
9000004503,1000004503,,,1021,2,2.0,2,CANCELLED,PICKUP,
9000004504,1000004504,99.0,102.0,1024,1,,270,SHIPPED,Correo Argentino,TRK-JBAAJTFLCV
9000004505,1000004505,462.0,463.0,525,2,2.0,2,SHIPPED,PICKUP,
9000004506,1000004506,254.0,258.0,1080,1,,3008,DELIVERED,Correo Argentino,TRK-DM3UXM82MU
9000004507,1000004507,157.0,158.0,610,2,4.0,4,DELIVERED,PICKUP,
9000004508,1000004508,263.0,267.0,485,1,,1818,SHIPPED,Correo Argentino,TRK-P02BF0V747
9000004509,1000004509,93.0,100.0,1034,1,,826,DELIVERED,Correo Argentino,TRK-QBL3O1C74F
9000004510,1000004510,167.0,168.0,61,2,1.0,1,SHIPPED,PICKUP,
9000004511,1000004511,282.0,283.0,801,2,1.0,1,DELIVERED,PICKUP,
9000004512,1000004512,159.0,164.0,382,1,,3155,DELIVERED,Correo Argentino,TRK-8KHD5F1PH3
9000004513,1000004513,606.0,610.0,774,1,,132,DELIVERED,Correo Argentino,TRK-MTRYNJSMWK
9000004514,1000004514,,,634,2,1.0,1,CANCELLED,PICKUP,
9000004515,1000004515,369.0,375.0,1029,1,,1925,DELIVERED,Correo Argentino,TRK-QJC4I75DXI
9000004516,1000004516,,,1363,1,,2179,CANCELLED,Correo Argentino,
9000004517,1000004517,68.0,69.0,690,2,2.0,2,DELIVERED,PICKUP,
9000004518,1000004518,146.0,149.0,178,1,,2500,SHIPPED,Correo Argentino,TRK-BUKF2060G4
9000004519,1000004519,605.0,606.0,811,2,1.0,1,DELIVERED,PICKUP,
9000004520,1000004520,354.0,358.0,251,1,,2617,DELIVERED,Correo Argentino,TRK-T38YYE5RVH
9000004521,1000004521,259.0,263.0,70,1,,637,SHIPPED,Correo Argentino,TRK-EBACEN5PTE
9000004522,1000004522,544.0,545.0,1281,2,1.0,1,SHIPPED,PICKUP,
9000004523,1000004523,353.0,355.0,435,1,,2779,DELIVERED,Correo Argentino,TRK-V3PWG99F9T
9000004524,1000004524,510.0,515.0,383,1,,1830,DELIVERED,Correo Argentino,TRK-RJSZN8PZN4
9000004525,1000004525,390.0,395.0,34,1,,2776,DELIVERED,Correo Argentino,TRK-7WM6VIMQ72
9000004526,1000004526,,,217,2,2.0,2,CANCELLED,PICKUP,
9000004527,1000004527,132.0,133.0,851,2,1.0,1,DELIVERED,PICKUP,
9000004528,1000004528,248.0,249.0,1428,2,3.0,3,DELIVERED,PICKUP,
9000004529,1000004529,304.0,307.0,1448,1,,858,DELIVERED,Correo Argentino,TRK-7RWVUD8CV8
9000004530,1000004530,100.0,101.0,1383,2,1.0,1,DELIVERED,PICKUP,
9000004531,1000004531,294.0,295.0,1497,2,1.0,1,DELIVERED,PICKUP,
9000004532,1000004532,406.0,407.0,661,2,2.0,2,SHIPPED,PICKUP,
9000004533,1000004533,123.0,128.0,1165,1,,2022,DELIVERED,Correo Argentino,TRK-0ZO1FNTHAW
9000004534,1000004534,310.0,311.0,145,2,4.0,4,DELIVERED,PICKUP,
9000004535,1000004535,54.0,58.0,961,1,,1924,DELIVERED,Correo Argentino,TRK-S5RO1J8TK6
9000004536,1000004536,419.0,424.0,960,1,,1863,DELIVERED,Correo Argentino,TRK-B48M226Q9F
9000004537,1000004537,430.0,431.0,1270,2,4.0,4,DELIVERED,PICKUP,
9000004538,1000004538,545.0,547.0,508,1,,2864,DELIVERED,Correo Argentino,TRK-CAKBJJOHB3
9000004539,1000004539,416.0,417.0,1232,2,4.0,4,DELIVERED,PICKUP,
9000004540,1000004540,96.0,97.0,1494,2,3.0,3,DELIVERED,PICKUP,
9000004541,1000004541,373.0,374.0,422,2,1.0,1,SHIPPED,PICKUP,
9000004542,1000004542,,,1157,1,,1245,CANCELLED,Correo Argentino,
9000004543,1000004543,26.0,30.0,154,1,,1107,DELIVERED,Correo Argentino,TRK-1J3QKNVSGS
9000004544,1000004544,507.0,508.0,394,2,1.0,1,DELIVERED,PICKUP,
9000004545,1000004545,412.0,413.0,394,2,1.0,1,DELIVERED,PICKUP,
9000004546,1000004546,,,153,2,4.0,4,CANCELLED,PICKUP,
9000004547,1000004547,539.0,540.0,1465,2,4.0,4,DELIVERED,PICKUP,
9000004548,1000004548,621.0,622.0,461,2,4.0,4,DELIVERED,PICKUP,
9000004549,1000004549,324.0,325.0,900,2,4.0,4,DELIVERED,PICKUP,
9000004550,1000004550,505.0,509.0,852,1,,341,DELIVERED,Correo Argentino,TRK-ZQGL40PRMN
9000004551,1000004551,183.0,184.0,1015,2,2.0,2,DELIVERED,PICKUP,
9000004552,1000004552,603.0,604.0,1385,2,2.0,2,DELIVERED,PICKUP,
9000004553,1000004553,80.0,86.0,1311,1,,2650,SHIPPED,Correo Argentino,TRK-WRHRCJ573M
9000004554,1000004554,367.0,372.0,1034,1,,3116,DELIVERED,Correo Argentino,TRK-1OTP0PJAJ4
9000004555,1000004555,443.0,446.0,384,1,,1190,DELIVERED,Correo Argentino,TRK-038BH02QA4
9000004556,1000004556,572.0,574.0,744,1,,130,DELIVERED,Correo Argentino,TRK-BYCR6QF84B
9000004557,1000004557,284.0,285.0,932,2,4.0,4,DELIVERED,PICKUP,
9000004558,1000004558,340.0,345.0,640,1,,2977,DELIVERED,Correo Argentino,TRK-2GFB6BNGWS
9000004559,1000004559,574.0,575.0,930,2,2.0,2,DELIVERED,PICKUP,
9000004560,1000004560,,,1164,1,,540,CANCELLED,Correo Argentino,
9000004561,1000004561,145.0,148.0,700,1,,1470,DELIVERED,Correo Argentino,TRK-X9XKZ1SRT6
9000004562,1000004562,87.0,90.0,608,1,,2541,DELIVERED,Correo Argentino,TRK-HRK5W6402E
9000004563,1000004563,418.0,421.0,1076,1,,706,DELIVERED,Correo Argentino,TRK-KQ3NOD4NEH
9000004564,1000004564,562.0,563.0,113,2,1.0,1,DELIVERED,PICKUP,
9000004565,1000004565,262.0,265.0,883,1,,43,SHIPPED,Correo Argentino,TRK-Y8Y5S5AO86
9000004566,1000004566,417.0,420.0,177,1,,1130,DELIVERED,Correo Argentino,TRK-H378BNAB96
9000004567,1000004567,254.0,256.0,609,1,,2745,SHIPPED,Correo Argentino,TRK-4RVYMDKFTQ
9000004568,1000004568,227.0,228.0,688,2,2.0,2,DELIVERED,PICKUP,
9000004569,1000004569,513.0,517.0,438,1,,304,DELIVERED,Correo Argentino,TRK-82IH2ZGL19
9000004570,1000004570,177.0,181.0,315,1,,1335,SHIPPED,Correo Argentino,TRK-RNLGGTYYN4
9000004571,1000004571,,,67,2,2.0,2,CANCELLED,PICKUP,
9000004572,1000004572,525.0,526.0,868,2,1.0,1,DELIVERED,PICKUP,
9000004573,1000004573,357.0,361.0,110,1,,1776,DELIVERED,Correo Argentino,TRK-1CGFQSPH7R
9000004574,1000004574,463.0,464.0,482,2,3.0,3,DELIVERED,PICKUP,
9000004575,1000004575,132.0,133.0,684,2,1.0,1,SHIPPED,PICKUP,
9000004576,1000004576,272.0,276.0,1116,1,,3106,DELIVERED,Correo Argentino,TRK-L4U8ZMPBE4
9000004577,1000004577,629.0,632.0,371,1,,499,DELIVERED,Correo Argentino,TRK-ZPKP0LVMZY
9000004578,1000004578,561.0,564.0,20,1,,8,DELIVERED,Correo Argentino,TRK-PKXH39ZIZY
9000004579,1000004579,235.0,239.0,488,1,,2018,DELIVERED,Correo Argentino,TRK-KMBUZLGZ4Q
9000004580,1000004580,18.0,21.0,539,1,,2738,DELIVERED,Correo Argentino,TRK-0IRQBCWDOU
9000004581,1000004581,213.0,214.0,1183,2,3.0,3,DELIVERED,PICKUP,
9000004582,1000004582,,,145,2,4.0,4,CANCELLED,PICKUP,
9000004583,1000004583,273.0,276.0,1296,1,,2549,DELIVERED,Correo Argentino,TRK-AXAJQMA9HM
9000004584,1000004584,118.0,120.0,713,1,,2602,DELIVERED,Correo Argentino,TRK-ZOESTZ25AS
9000004585,1000004585,349.0,352.0,541,1,,3044,DELIVERED,Correo Argentino,TRK-IMQY2SJRQV
9000004586,1000004586,453.0,454.0,157,2,1.0,1,DELIVERED,PICKUP,
9000004587,1000004587,275.0,277.0,1370,1,,2110,DELIVERED,Correo Argentino,TRK-1TPG53R64G
9000004588,1000004588,559.0,560.0,1455,2,3.0,3,SHIPPED,PICKUP,
9000004589,1000004589,417.0,418.0,657,2,1.0,1,DELIVERED,PICKUP,
9000004590,1000004590,584.0,585.0,955,2,4.0,4,DELIVERED,PICKUP,
9000004591,1000004591,110.0,111.0,84,2,4.0,4,DELIVERED,PICKUP,
9000004592,1000004592,247.0,248.0,900,2,1.0,1,DELIVERED,PICKUP,
9000004593,1000004593,550.0,553.0,479,1,,2749,DELIVERED,Correo Argentino,TRK-O46Q2FKO7D
9000004594,1000004594,371.0,375.0,164,1,,602,SHIPPED,Correo Argentino,TRK-FL3ILJQISC
9000004595,1000004595,503.0,504.0,255,2,2.0,2,DELIVERED,PICKUP,
9000004596,1000004596,626.0,628.0,733,1,,747,DELIVERED,Correo Argentino,TRK-5P5HFQ3AE9
9000004597,1000004597,591.0,592.0,192,2,1.0,1,DELIVERED,PICKUP,
9000004598,1000004598,380.0,381.0,1083,2,2.0,2,DELIVERED,PICKUP,
9000004599,1000004599,455.0,456.0,780,2,4.0,4,DELIVERED,PICKUP,
9000004600,1000004600,240.0,245.0,242,1,,2089,DELIVERED,Correo Argentino,TRK-B3XSI9WBWB
9000004601,1000004601,185.0,190.0,555,1,,166,SHIPPED,Correo Argentino,TRK-42CPQ0RR30
9000004602,1000004602,401.0,405.0,256,1,,792,DELIVERED,Correo Argentino,TRK-BIIO68MPWR
9000004603,1000004603,62.0,65.0,635,1,,2279,SHIPPED,Correo Argentino,TRK-Y0OZZHNKY3
9000004604,1000004604,197.0,198.0,349,2,3.0,3,DELIVERED,PICKUP,
9000004605,1000004605,419.0,422.0,306,1,,1528,DELIVERED,Correo Argentino,TRK-45GCLEK358
9000004606,1000004606,13.0,14.0,969,2,3.0,3,DELIVERED,PICKUP,
9000004607,1000004607,,,1180,2,3.0,3,CANCELLED,PICKUP,
9000004608,1000004608,99.0,104.0,37,1,,391,DELIVERED,Correo Argentino,TRK-C0YCDN96F6
9000004609,1000004609,604.0,609.0,846,1,,369,DELIVERED,Correo Argentino,TRK-ZD38GGUG04
9000004610,1000004610,203.0,206.0,329,1,,2778,DELIVERED,Correo Argentino,TRK-QYSL789TEX
9000004611,1000004611,214.0,215.0,140,2,3.0,3,DELIVERED,PICKUP,
9000004612,1000004612,495.0,496.0,163,2,2.0,2,DELIVERED,PICKUP,
9000004613,1000004613,404.0,408.0,86,1,,792,SHIPPED,Correo Argentino,TRK-AIZWZUQXD3
9000004614,1000004614,259.0,260.0,521,2,2.0,2,DELIVERED,PICKUP,
9000004615,1000004615,578.0,580.0,487,1,,2737,DELIVERED,Correo Argentino,TRK-A8R6MP76ZH
9000004616,1000004616,611.0,612.0,639,2,2.0,2,DELIVERED,PICKUP,
9000004617,1000004617,212.0,216.0,1191,1,,2066,DELIVERED,Correo Argentino,TRK-EF2Q093PC1
9000004618,1000004618,379.0,380.0,1377,2,4.0,4,SHIPPED,PICKUP,
9000004619,1000004619,102.0,103.0,286,2,4.0,4,DELIVERED,PICKUP,
9000004620,1000004620,510.0,511.0,1324,2,3.0,3,READY,PICKUP,
9000004621,1000004621,250.0,251.0,702,2,1.0,1,DELIVERED,PICKUP,
9000004622,1000004622,19.0,26.0,694,1,,1293,DELIVERED,Correo Argentino,TRK-ZPY5YNHRPS
9000004623,1000004623,628.0,629.0,665,2,1.0,1,DELIVERED,PICKUP,
9000004624,1000004624,47.0,48.0,244,2,1.0,1,DELIVERED,PICKUP,
9000004625,1000004625,482.0,486.0,585,1,,723,DELIVERED,Correo Argentino,TRK-L7BTK2W3IJ
9000004626,1000004626,565.0,569.0,651,1,,561,DELIVERED,Correo Argentino,TRK-7LIOPCH0I6
9000004627,1000004627,400.0,405.0,1408,1,,2999,DELIVERED,Correo Argentino,TRK-HZ0QZ6W8KF
9000004628,1000004628,503.0,504.0,339,2,2.0,2,DELIVERED,PICKUP,
9000004629,1000004629,27.0,28.0,1110,2,3.0,3,DELIVERED,PICKUP,
9000004630,1000004630,478.0,479.0,1311,2,4.0,4,DELIVERED,PICKUP,
9000004631,1000004631,,,827,1,,1468,CANCELLED,Correo Argentino,
9000004632,1000004632,611.0,615.0,1382,1,,398,DELIVERED,Correo Argentino,TRK-Q1S6LCHNI7
9000004633,1000004633,356.0,358.0,554,1,,2425,DELIVERED,Correo Argentino,TRK-3UMSSBAHID
9000004634,1000004634,153.0,156.0,710,1,,1835,DELIVERED,Correo Argentino,TRK-SWZ2DOLUQX
9000004635,1000004635,387.0,390.0,1085,1,,1382,DELIVERED,Correo Argentino,TRK-11SSD49BV2
9000004636,1000004636,154.0,158.0,449,1,,1317,DELIVERED,Correo Argentino,TRK-XLV0FSA8MN
9000004637,1000004637,9.0,12.0,1359,1,,1840,DELIVERED,Correo Argentino,TRK-NBVFGK2TD8
9000004638,1000004638,422.0,425.0,956,1,,3117,DELIVERED,Correo Argentino,TRK-JSLZUA2M9K
9000004639,1000004639,247.0,248.0,143,2,4.0,4,DELIVERED,PICKUP,
9000004640,1000004640,80.0,84.0,12,1,,2615,SHIPPED,Correo Argentino,TRK-JL77NW6VT9
9000004641,1000004641,16.0,21.0,29,1,,1353,DELIVERED,Correo Argentino,TRK-Z4ZBSSGQZA
9000004642,1000004642,637.0,639.0,688,1,,2353,DELIVERED,Correo Argentino,TRK-NXSZUJE6HH
9000004643,1000004643,100.0,101.0,991,2,4.0,4,SHIPPED,PICKUP,
9000004644,1000004644,,,468,2,4.0,4,CANCELLED,PICKUP,
9000004645,1000004645,207.0,213.0,650,1,,2143,DELIVERED,Correo Argentino,TRK-80SWCKC7JQ
9000004646,1000004646,196.0,201.0,1002,1,,1399,DELIVERED,Correo Argentino,TRK-E1M8OK5N9W
9000004647,1000004647,332.0,334.0,539,1,,3087,DELIVERED,Correo Argentino,TRK-IR228BAUVW
9000004648,1000004648,32.0,33.0,397,2,3.0,3,DELIVERED,PICKUP,
9000004649,1000004649,262.0,263.0,1059,2,1.0,1,DELIVERED,PICKUP,
9000004650,1000004650,148.0,151.0,363,1,,1396,DELIVERED,Correo Argentino,TRK-D5T1JB92YE
9000004651,1000004651,234.0,235.0,806,2,4.0,4,SHIPPED,PICKUP,
9000004652,1000004652,130.0,131.0,949,2,4.0,4,DELIVERED,PICKUP,
9000004653,1000004653,174.0,178.0,837,1,,780,DELIVERED,Correo Argentino,TRK-6GOHAO44F6
9000004654,1000004654,,,1035,2,3.0,3,CANCELLED,PICKUP,
9000004655,1000004655,343.0,348.0,485,1,,894,DELIVERED,Correo Argentino,TRK-BKV5N7XBBX
9000004656,1000004656,467.0,473.0,778,1,,1295,SHIPPED,Correo Argentino,TRK-MFTHW2VPGN
9000004657,1000004657,208.0,215.0,1076,1,,2926,SHIPPED,Correo Argentino,TRK-T2IHAQ3OEN
9000004658,1000004658,272.0,276.0,658,1,,903,DELIVERED,Correo Argentino,TRK-FUD624EM4M
9000004659,1000004659,83.0,86.0,1402,1,,2038,READY,Correo Argentino,TRK-90UMLF1NUN
9000004660,1000004660,465.0,468.0,303,1,,1664,READY,Correo Argentino,TRK-1T4GCH5D9Y
9000004661,1000004661,,,1078,1,,2779,CANCELLED,Correo Argentino,
9000004662,1000004662,489.0,490.0,1388,2,3.0,3,DELIVERED,PICKUP,
9000004663,1000004663,291.0,292.0,1286,2,2.0,2,DELIVERED,PICKUP,
9000004664,1000004664,191.0,192.0,703,2,3.0,3,DELIVERED,PICKUP,
9000004665,1000004665,622.0,623.0,250,2,4.0,4,DELIVERED,PICKUP,
9000004666,1000004666,31.0,36.0,781,1,,93,DELIVERED,Correo Argentino,TRK-U4V31VMZJ4
9000004667,1000004667,406.0,407.0,1033,2,1.0,1,DELIVERED,PICKUP,
9000004668,1000004668,140.0,144.0,1255,1,,1103,DELIVERED,Correo Argentino,TRK-RCPYRD4Q98
9000004669,1000004669,633.0,637.0,703,1,,80,DELIVERED,Correo Argentino,TRK-56421VZWVL
9000004670,1000004670,197.0,203.0,824,1,,626,SHIPPED,Correo Argentino,TRK-JXRFWS5QJ5
9000004671,1000004671,336.0,341.0,863,1,,2153,DELIVERED,Correo Argentino,TRK-SMTFK4RO19
9000004672,1000004672,548.0,553.0,348,1,,2435,DELIVERED,Correo Argentino,TRK-A54FHKRPTO
9000004673,1000004673,240.0,241.0,1186,2,4.0,4,DELIVERED,PICKUP,
9000004674,1000004674,583.0,584.0,618,2,4.0,4,DELIVERED,PICKUP,
9000004675,1000004675,72.0,73.0,244,2,4.0,4,SHIPPED,PICKUP,
9000004676,1000004676,630.0,634.0,1082,1,,1444,SHIPPED,Correo Argentino,TRK-DL71MTXCZ3
9000004677,1000004677,283.0,286.0,97,1,,1512,READY,Correo Argentino,TRK-1Z9VXW9NFG
9000004678,1000004678,433.0,434.0,502,2,1.0,1,DELIVERED,PICKUP,
9000004679,1000004679,149.0,155.0,284,1,,889,DELIVERED,Correo Argentino,TRK-MQDTBKTUUL
9000004680,1000004680,378.0,383.0,1112,1,,9,DELIVERED,Correo Argentino,TRK-AHX67GCUL0
9000004681,1000004681,633.0,634.0,864,2,3.0,3,DELIVERED,PICKUP,
9000004682,1000004682,579.0,580.0,1288,2,1.0,1,DELIVERED,PICKUP,
9000004683,1000004683,57.0,61.0,1169,1,,937,DELIVERED,Correo Argentino,TRK-ID3WR3E5WX
9000004684,1000004684,136.0,141.0,1271,1,,2033,DELIVERED,Correo Argentino,TRK-BMND234AXE
9000004685,1000004685,267.0,268.0,996,2,1.0,1,DELIVERED,PICKUP,
9000004686,1000004686,161.0,162.0,737,2,1.0,1,SHIPPED,PICKUP,
9000004687,1000004687,422.0,424.0,467,1,,2476,DELIVERED,Correo Argentino,TRK-R3ASHPCSHL
9000004688,1000004688,478.0,481.0,232,1,,2853,DELIVERED,Correo Argentino,TRK-YNPI0RB8XS
9000004689,1000004689,265.0,267.0,808,1,,1220,DELIVERED,Correo Argentino,TRK-YGC9EUB2UI
9000004690,1000004690,105.0,110.0,1141,1,,680,DELIVERED,Correo Argentino,TRK-7457WY0KRE
9000004691,1000004691,156.0,157.0,363,2,3.0,3,DELIVERED,PICKUP,
9000004692,1000004692,505.0,507.0,720,1,,1403,SHIPPED,Correo Argentino,TRK-SILUBHB5DJ
9000004693,1000004693,489.0,496.0,507,1,,2903,DELIVERED,Correo Argentino,TRK-8HORWVX9VF
9000004694,1000004694,173.0,178.0,1040,1,,2138,SHIPPED,Correo Argentino,TRK-6RRHE1MOHB
9000004695,1000004695,600.0,602.0,180,1,,288,DELIVERED,Correo Argentino,TRK-SQDRS6DGLQ
9000004696,1000004696,83.0,84.0,1385,2,3.0,3,DELIVERED,PICKUP,
9000004697,1000004697,593.0,594.0,185,2,4.0,4,DELIVERED,PICKUP,
9000004698,1000004698,65.0,70.0,238,1,,3150,DELIVERED,Correo Argentino,TRK-OIGTHGEUGB
9000004699,1000004699,74.0,77.0,536,1,,3189,DELIVERED,Correo Argentino,TRK-ZWR6RMR56K
9000004700,1000004700,630.0,634.0,1229,1,,606,DELIVERED,Correo Argentino,TRK-9TPMTSQ33Y
9000004701,1000004701,529.0,533.0,814,1,,1963,DELIVERED,Correo Argentino,TRK-HMGY24ALF8
9000004702,1000004702,499.0,503.0,1055,1,,1166,DELIVERED,Correo Argentino,TRK-6KBFWBUTZG
9000004703,1000004703,,,1196,1,,34,CANCELLED,Correo Argentino,
9000004704,1000004704,330.0,331.0,1068,2,3.0,3,SHIPPED,PICKUP,
9000004705,1000004705,300.0,301.0,865,2,2.0,2,DELIVERED,PICKUP,
9000004706,1000004706,503.0,509.0,1331,1,,2665,DELIVERED,Correo Argentino,TRK-SDPEB5BRL0
9000004707,1000004707,28.0,31.0,299,1,,910,DELIVERED,Correo Argentino,TRK-4QBKSKTZM9
9000004708,1000004708,201.0,202.0,1394,2,4.0,4,DELIVERED,PICKUP,
9000004709,1000004709,457.0,458.0,912,2,1.0,1,DELIVERED,PICKUP,
9000004710,1000004710,404.0,408.0,858,1,,560,DELIVERED,Correo Argentino,TRK-TZMRTR11M8
9000004711,1000004711,69.0,70.0,899,2,4.0,4,DELIVERED,PICKUP,
9000004712,1000004712,406.0,407.0,229,2,2.0,2,DELIVERED,PICKUP,
9000004713,1000004713,597.0,598.0,134,2,1.0,1,READY,PICKUP,
9000004714,1000004714,205.0,210.0,657,1,,2064,DELIVERED,Correo Argentino,TRK-VWKA1AX85C
9000004715,1000004715,429.0,434.0,210,1,,416,DELIVERED,Correo Argentino,TRK-3YAFR1X3WC
9000004716,1000004716,269.0,274.0,1400,1,,945,SHIPPED,Correo Argentino,TRK-AGN3KOPZSJ
9000004717,1000004717,180.0,181.0,23,2,1.0,1,DELIVERED,PICKUP,
9000004718,1000004718,582.0,583.0,339,2,1.0,1,DELIVERED,PICKUP,
9000004719,1000004719,198.0,199.0,1043,2,2.0,2,DELIVERED,PICKUP,
9000004720,1000004720,223.0,226.0,829,1,,1136,DELIVERED,Correo Argentino,TRK-619LJ3AG19
9000004721,1000004721,,,932,2,1.0,1,CANCELLED,PICKUP,
9000004722,1000004722,106.0,107.0,433,2,1.0,1,DELIVERED,PICKUP,
9000004723,1000004723,522.0,523.0,1280,2,2.0,2,DELIVERED,PICKUP,
9000004724,1000004724,160.0,161.0,1463,2,1.0,1,DELIVERED,PICKUP,
9000004725,1000004725,163.0,164.0,1314,2,2.0,2,DELIVERED,PICKUP,
9000004726,1000004726,125.0,128.0,812,1,,2153,DELIVERED,Correo Argentino,TRK-Q1LFIX91ZS
9000004727,1000004727,583.0,584.0,1159,2,4.0,4,DELIVERED,PICKUP,
9000004728,1000004728,390.0,393.0,1424,1,,2118,DELIVERED,Correo Argentino,TRK-397GH1GBZF
9000004729,1000004729,,,276,1,,701,CANCELLED,Correo Argentino,
9000004730,1000004730,458.0,459.0,132,2,2.0,2,SHIPPED,PICKUP,
9000004731,1000004731,609.0,610.0,270,2,3.0,3,DELIVERED,PICKUP,
9000004732,1000004732,436.0,437.0,779,2,1.0,1,SHIPPED,PICKUP,
9000004733,1000004733,132.0,133.0,1015,2,4.0,4,SHIPPED,PICKUP,
9000004734,1000004734,400.0,401.0,314,2,3.0,3,DELIVERED,PICKUP,
9000004735,1000004735,136.0,140.0,1489,1,,1989,SHIPPED,Correo Argentino,TRK-K29ULEO7WU
9000004736,1000004736,199.0,203.0,425,1,,1134,DELIVERED,Correo Argentino,TRK-U3ER94XGPD
9000004737,1000004737,211.0,212.0,157,2,1.0,1,DELIVERED,PICKUP,
9000004738,1000004738,592.0,593.0,1421,2,2.0,2,DELIVERED,PICKUP,
9000004739,1000004739,372.0,375.0,384,1,,1693,DELIVERED,Correo Argentino,TRK-QIQEHFV9F6
9000004740,1000004740,58.0,59.0,1336,2,2.0,2,DELIVERED,PICKUP,
9000004741,1000004741,202.0,207.0,1330,1,,2801,DELIVERED,Correo Argentino,TRK-22GCV8CMOY
9000004742,1000004742,309.0,311.0,943,1,,2161,DELIVERED,Correo Argentino,TRK-SZVJUT7RND
9000004743,1000004743,434.0,439.0,225,1,,3136,SHIPPED,Correo Argentino,TRK-UPUKFF24VJ
9000004744,1000004744,,,784,2,4.0,4,CANCELLED,PICKUP,
9000004745,1000004745,551.0,552.0,1209,2,4.0,4,DELIVERED,PICKUP,
9000004746,1000004746,632.0,638.0,339,1,,1550,SHIPPED,Correo Argentino,TRK-3YU5NXR50I
9000004747,1000004747,225.0,226.0,920,2,2.0,2,DELIVERED,PICKUP,
9000004748,1000004748,401.0,404.0,627,1,,2814,DELIVERED,Correo Argentino,TRK-RK4JJ2P1V6
9000004749,1000004749,161.0,162.0,261,2,2.0,2,SHIPPED,PICKUP,
9000004750,1000004750,162.0,166.0,672,1,,1573,DELIVERED,Correo Argentino,TRK-9U7H2S4PGU
9000004751,1000004751,,,1350,1,,335,CANCELLED,Correo Argentino,
9000004752,1000004752,484.0,485.0,259,2,3.0,3,DELIVERED,PICKUP,
9000004753,1000004753,332.0,333.0,1354,2,4.0,4,DELIVERED,PICKUP,
9000004754,1000004754,505.0,508.0,1310,1,,1381,DELIVERED,Correo Argentino,TRK-W6ZVKRETEL
9000004755,1000004755,520.0,521.0,1224,2,2.0,2,DELIVERED,PICKUP,
9000004756,1000004756,184.0,189.0,850,1,,981,SHIPPED,Correo Argentino,TRK-40NHUXXDXO
9000004757,1000004757,111.0,112.0,1284,2,1.0,1,DELIVERED,PICKUP,
9000004758,1000004758,482.0,483.0,1127,2,1.0,1,DELIVERED,PICKUP,
9000004759,1000004759,371.0,372.0,133,2,2.0,2,DELIVERED,PICKUP,
9000004760,1000004760,373.0,376.0,1154,1,,1403,READY,Correo Argentino,TRK-VHHBUVPO8P
9000004761,1000004761,,,73,2,4.0,4,CANCELLED,PICKUP,
9000004762,1000004762,249.0,253.0,1222,1,,3150,DELIVERED,Correo Argentino,TRK-U50MNM85R0
9000004763,1000004763,35.0,38.0,119,1,,1316,DELIVERED,Correo Argentino,TRK-VZS9HYSVPD
9000004764,1000004764,538.0,539.0,1190,2,2.0,2,DELIVERED,PICKUP,
9000004765,1000004765,106.0,110.0,1500,1,,1736,DELIVERED,Correo Argentino,TRK-ES3IWFM2AZ
9000004766,1000004766,85.0,86.0,148,2,3.0,3,DELIVERED,PICKUP,
9000004767,1000004767,240.0,244.0,233,1,,2569,DELIVERED,Correo Argentino,TRK-LNH6T5GWRC
9000004768,1000004768,13.0,16.0,685,1,,525,DELIVERED,Correo Argentino,TRK-P9SNF2ZKAP
9000004769,1000004769,609.0,610.0,1183,2,1.0,1,DELIVERED,PICKUP,
9000004770,1000004770,11.0,12.0,427,2,1.0,1,DELIVERED,PICKUP,
9000004771,1000004771,89.0,92.0,996,1,,1664,DELIVERED,Correo Argentino,TRK-6BM3AQMLTH
9000004772,1000004772,47.0,48.0,74,2,1.0,1,DELIVERED,PICKUP,
9000004773,1000004773,503.0,505.0,407,1,,292,READY,Correo Argentino,TRK-AQD4OJ42I9
9000004774,1000004774,192.0,196.0,1121,1,,2440,DELIVERED,Correo Argentino,TRK-NIZ5CYMD54
9000004775,1000004775,420.0,424.0,1209,1,,563,DELIVERED,Correo Argentino,TRK-7FMBX77GK0
9000004776,1000004776,123.0,126.0,494,1,,3053,DELIVERED,Correo Argentino,TRK-1ZUT2L0167
9000004777,1000004777,317.0,321.0,1026,1,,979,SHIPPED,Correo Argentino,TRK-FHG8O9IBAY
9000004778,1000004778,585.0,588.0,773,1,,3093,DELIVERED,Correo Argentino,TRK-2QTF7T5RIX
9000004779,1000004779,468.0,470.0,91,1,,925,SHIPPED,Correo Argentino,TRK-JOPD3O4MQN
9000004780,1000004780,217.0,219.0,301,1,,1564,DELIVERED,Correo Argentino,TRK-E0SWY8YX03
9000004781,1000004781,286.0,287.0,33,2,1.0,1,DELIVERED,PICKUP,
9000004782,1000004782,529.0,531.0,1480,1,,3147,SHIPPED,Correo Argentino,TRK-YQAB85JXAW
9000004783,1000004783,179.0,180.0,635,2,1.0,1,DELIVERED,PICKUP,
9000004784,1000004784,199.0,204.0,823,1,,1418,DELIVERED,Correo Argentino,TRK-7PG01DU0UP
9000004785,1000004785,205.0,206.0,49,2,1.0,1,DELIVERED,PICKUP,
9000004786,1000004786,243.0,246.0,422,1,,385,DELIVERED,Correo Argentino,TRK-HJ7WX6QQRD
9000004787,1000004787,479.0,480.0,649,2,2.0,2,DELIVERED,PICKUP,
9000004788,1000004788,319.0,320.0,351,2,4.0,4,DELIVERED,PICKUP,
9000004789,1000004789,308.0,313.0,1335,1,,2818,READY,Correo Argentino,TRK-DM5BF4R8PH
9000004790,1000004790,496.0,497.0,382,2,2.0,2,DELIVERED,PICKUP,
9000004791,1000004791,468.0,471.0,1466,1,,472,DELIVERED,Correo Argentino,TRK-ZVHFVQS8ZZ
9000004792,1000004792,531.0,535.0,546,1,,1898,DELIVERED,Correo Argentino,TRK-I0VBBYZQMV
9000004793,1000004793,182.0,183.0,160,2,3.0,3,DELIVERED,PICKUP,
9000004794,1000004794,87.0,88.0,1075,2,4.0,4,DELIVERED,PICKUP,
9000004795,1000004795,335.0,336.0,455,2,1.0,1,DELIVERED,PICKUP,
9000004796,1000004796,368.0,373.0,241,1,,103,SHIPPED,Correo Argentino,TRK-22LKEJSH6D
9000004797,1000004797,454.0,455.0,710,2,2.0,2,DELIVERED,PICKUP,
9000004798,1000004798,441.0,446.0,645,1,,2681,DELIVERED,Correo Argentino,TRK-67AT6UEMX8
9000004799,1000004799,164.0,165.0,367,2,2.0,2,DELIVERED,PICKUP,
9000004800,1000004800,320.0,321.0,890,2,4.0,4,DELIVERED,PICKUP,
9000004801,1000004801,,,927,1,,963,CANCELLED,Correo Argentino,
9000004802,1000004802,490.0,497.0,133,1,,2804,DELIVERED,Correo Argentino,TRK-SQQ13DFI17
9000004803,1000004803,,,524,2,2.0,2,CANCELLED,PICKUP,
9000004804,1000004804,310.0,312.0,635,1,,2561,SHIPPED,Correo Argentino,TRK-4M5U77QQKF
9000004805,1000004805,179.0,186.0,1206,1,,1129,DELIVERED,Correo Argentino,TRK-8L1TOWL21Y
9000004806,1000004806,56.0,61.0,1461,1,,1366,DELIVERED,Correo Argentino,TRK-QR6X16TUNF
9000004807,1000004807,460.0,465.0,601,1,,222,SHIPPED,Correo Argentino,TRK-628WTJL6MN
9000004808,1000004808,356.0,360.0,1057,1,,1710,DELIVERED,Correo Argentino,TRK-XWSW74QJGB
9000004809,1000004809,220.0,221.0,357,2,4.0,4,DELIVERED,PICKUP,
9000004810,1000004810,80.0,85.0,1261,1,,592,DELIVERED,Correo Argentino,TRK-Y625N2LAEQ
9000004811,1000004811,404.0,409.0,26,1,,301,DELIVERED,Correo Argentino,TRK-N94XMI9A7L
9000004812,1000004812,,,588,2,3.0,3,CANCELLED,PICKUP,
9000004813,1000004813,41.0,46.0,17,1,,1091,DELIVERED,Correo Argentino,TRK-LQH9J4JN6F
9000004814,1000004814,129.0,134.0,730,1,,863,DELIVERED,Correo Argentino,TRK-INOZE864OE
9000004815,1000004815,560.0,561.0,874,2,4.0,4,DELIVERED,PICKUP,
9000004816,1000004816,,,961,1,,2453,CANCELLED,Correo Argentino,
9000004817,1000004817,48.0,53.0,1127,1,,2091,DELIVERED,Correo Argentino,TRK-COQH6TXK6V
9000004818,1000004818,413.0,419.0,1324,1,,3004,SHIPPED,Correo Argentino,TRK-BITPIYY6MH
9000004819,1000004819,345.0,349.0,8,1,,2125,DELIVERED,Correo Argentino,TRK-GLIVL70PNY
9000004820,1000004820,117.0,118.0,906,2,3.0,3,DELIVERED,PICKUP,
9000004821,1000004821,472.0,475.0,807,1,,1111,DELIVERED,Correo Argentino,TRK-AH6TIU7O50
9000004822,1000004822,227.0,228.0,1111,2,3.0,3,DELIVERED,PICKUP,
9000004823,1000004823,216.0,220.0,1279,1,,2943,DELIVERED,Correo Argentino,TRK-0AAV80J4GO
9000004824,1000004824,162.0,167.0,728,1,,25,DELIVERED,Correo Argentino,TRK-2CXDKOT1Q3
9000004825,1000004825,423.0,425.0,337,1,,2512,DELIVERED,Correo Argentino,TRK-IJ3066TGO8
9000004826,1000004826,,,1302,1,,547,CANCELLED,Correo Argentino,
9000004827,1000004827,283.0,284.0,832,2,4.0,4,DELIVERED,PICKUP,
9000004828,1000004828,605.0,606.0,226,2,4.0,4,SHIPPED,PICKUP,
9000004829,1000004829,141.0,142.0,810,2,2.0,2,SHIPPED,PICKUP,
9000004830,1000004830,402.0,403.0,923,2,1.0,1,DELIVERED,PICKUP,
9000004831,1000004831,517.0,519.0,816,1,,2971,DELIVERED,Correo Argentino,TRK-YH26BEAPK0
9000004832,1000004832,79.0,81.0,1205,1,,2275,DELIVERED,Correo Argentino,TRK-166DXXTPDV
9000004833,1000004833,383.0,385.0,240,1,,845,DELIVERED,Correo Argentino,TRK-GOZ2L94BVC
9000004834,1000004834,239.0,243.0,867,1,,1250,DELIVERED,Correo Argentino,TRK-R09VIBU27E
9000004835,1000004835,570.0,571.0,60,2,3.0,3,DELIVERED,PICKUP,
9000004836,1000004836,284.0,286.0,676,1,,1835,SHIPPED,Correo Argentino,TRK-WPLU6UHOKZ
9000004837,1000004837,549.0,550.0,1029,2,1.0,1,DELIVERED,PICKUP,
9000004838,1000004838,30.0,31.0,453,2,3.0,3,SHIPPED,PICKUP,
9000004839,1000004839,,,1480,2,1.0,1,CANCELLED,PICKUP,
9000004840,1000004840,341.0,346.0,865,1,,2193,DELIVERED,Correo Argentino,TRK-G083CJFL7D
9000004841,1000004841,21.0,25.0,922,1,,519,SHIPPED,Correo Argentino,TRK-77OWKBZ6HF
9000004842,1000004842,91.0,92.0,883,2,4.0,4,DELIVERED,PICKUP,
9000004843,1000004843,456.0,460.0,204,1,,2162,DELIVERED,Correo Argentino,TRK-A38FK6XCYJ
9000004844,1000004844,,,983,2,3.0,3,CANCELLED,PICKUP,
9000004845,1000004845,207.0,208.0,34,2,2.0,2,DELIVERED,PICKUP,
9000004846,1000004846,258.0,259.0,517,2,2.0,2,DELIVERED,PICKUP,
9000004847,1000004847,148.0,149.0,181,2,1.0,1,SHIPPED,PICKUP,
9000004848,1000004848,628.0,629.0,477,2,2.0,2,DELIVERED,PICKUP,
9000004849,1000004849,591.0,594.0,344,1,,317,DELIVERED,Correo Argentino,TRK-1829EXH8C3
9000004850,1000004850,60.0,61.0,206,2,2.0,2,DELIVERED,PICKUP,
9000004851,1000004851,419.0,424.0,861,1,,303,DELIVERED,Correo Argentino,TRK-27N7GH3YM1
9000004852,1000004852,289.0,294.0,301,1,,162,SHIPPED,Correo Argentino,TRK-H7YDYYRMR1
9000004853,1000004853,432.0,433.0,1130,2,3.0,3,DELIVERED,PICKUP,
9000004854,1000004854,149.0,150.0,1116,2,4.0,4,DELIVERED,PICKUP,
9000004855,1000004855,410.0,413.0,81,1,,141,DELIVERED,Correo Argentino,TRK-JKET4WNR2U
9000004856,1000004856,351.0,352.0,954,2,4.0,4,DELIVERED,PICKUP,
9000004857,1000004857,412.0,413.0,77,2,2.0,2,DELIVERED,PICKUP,
9000004858,1000004858,316.0,317.0,549,2,3.0,3,DELIVERED,PICKUP,
9000004859,1000004859,227.0,228.0,547,2,3.0,3,DELIVERED,PICKUP,
9000004860,1000004860,,,991,2,3.0,3,CANCELLED,PICKUP,
9000004861,1000004861,241.0,245.0,605,1,,2392,DELIVERED,Correo Argentino,TRK-JIW5Y5ZR2K
9000004862,1000004862,82.0,83.0,249,2,3.0,3,DELIVERED,PICKUP,
9000004863,1000004863,109.0,110.0,547,2,3.0,3,DELIVERED,PICKUP,
9000004864,1000004864,606.0,607.0,1343,2,3.0,3,DELIVERED,PICKUP,
9000004865,1000004865,365.0,367.0,1498,1,,860,DELIVERED,Correo Argentino,TRK-KUFDESMKLB
9000004866,1000004866,351.0,352.0,1337,2,4.0,4,DELIVERED,PICKUP,
9000004867,1000004867,,,142,2,4.0,4,CANCELLED,PICKUP,
9000004868,1000004868,128.0,129.0,1390,2,4.0,4,DELIVERED,PICKUP,
9000004869,1000004869,215.0,218.0,1211,1,,1362,DELIVERED,Correo Argentino,TRK-1Z3D29SLNM
9000004870,1000004870,522.0,523.0,1299,2,4.0,4,DELIVERED,PICKUP,
9000004871,1000004871,420.0,421.0,1351,2,1.0,1,DELIVERED,PICKUP,
9000004872,1000004872,617.0,624.0,638,1,,2363,DELIVERED,Correo Argentino,TRK-ZDTOAIXWI3
9000004873,1000004873,528.0,529.0,50,2,2.0,2,DELIVERED,PICKUP,
9000004874,1000004874,367.0,372.0,314,1,,1102,DELIVERED,Correo Argentino,TRK-CF4OG7V39D
9000004875,1000004875,29.0,30.0,1398,2,4.0,4,DELIVERED,PICKUP,
9000004876,1000004876,265.0,268.0,340,1,,3019,DELIVERED,Correo Argentino,TRK-WB3DL2ZXDF
9000004877,1000004877,131.0,132.0,1162,2,3.0,3,DELIVERED,PICKUP,
9000004878,1000004878,20.0,21.0,1500,2,4.0,4,DELIVERED,PICKUP,
9000004879,1000004879,234.0,235.0,1240,2,2.0,2,DELIVERED,PICKUP,
9000004880,1000004880,617.0,618.0,1251,2,3.0,3,DELIVERED,PICKUP,
9000004881,1000004881,113.0,118.0,1484,1,,1847,DELIVERED,Correo Argentino,TRK-2DDZ0HO37W
9000004882,1000004882,610.0,614.0,395,1,,1973,DELIVERED,Correo Argentino,TRK-A4HB7VL8YN
9000004883,1000004883,365.0,366.0,839,2,4.0,4,DELIVERED,PICKUP,
9000004884,1000004884,591.0,593.0,643,1,,2306,DELIVERED,Correo Argentino,TRK-DIX6I30UYZ
9000004885,1000004885,199.0,203.0,231,1,,3026,DELIVERED,Correo Argentino,TRK-RYDGF7WJK1
9000004886,1000004886,295.0,297.0,69,1,,2406,DELIVERED,Correo Argentino,TRK-N8OVLGYB5Y
9000004887,1000004887,304.0,307.0,348,1,,1661,DELIVERED,Correo Argentino,TRK-FMSZTVTSET
9000004888,1000004888,280.0,285.0,621,1,,2589,DELIVERED,Correo Argentino,TRK-6FZYCB83DR
9000004889,1000004889,208.0,209.0,1138,2,1.0,1,DELIVERED,PICKUP,
9000004890,1000004890,216.0,221.0,1104,1,,1369,DELIVERED,Correo Argentino,TRK-E1CFITYFI7
9000004891,1000004891,220.0,223.0,302,1,,2801,DELIVERED,Correo Argentino,TRK-4ME6X22ONK
9000004892,1000004892,463.0,466.0,334,1,,2221,DELIVERED,Correo Argentino,TRK-MCLIUETRLW
9000004893,1000004893,339.0,340.0,660,2,2.0,2,SHIPPED,PICKUP,
9000004894,1000004894,493.0,494.0,704,2,3.0,3,SHIPPED,PICKUP,
9000004895,1000004895,390.0,393.0,201,1,,1649,DELIVERED,Correo Argentino,TRK-QQWPWS19Y0
9000004896,1000004896,341.0,342.0,256,2,2.0,2,DELIVERED,PICKUP,
9000004897,1000004897,26.0,31.0,1136,1,,168,DELIVERED,Correo Argentino,TRK-1835J0TL8U
9000004898,1000004898,606.0,609.0,1059,1,,102,SHIPPED,Correo Argentino,TRK-BDZJI8S6EG
9000004899,1000004899,597.0,600.0,152,1,,2744,DELIVERED,Correo Argentino,TRK-YD45P9IODL
9000004900,1000004900,470.0,474.0,582,1,,2892,DELIVERED,Correo Argentino,TRK-UL71BX4EQN
9000004901,1000004901,397.0,399.0,1138,1,,716,SHIPPED,Correo Argentino,TRK-BEM5LOGM6O
9000004902,1000004902,297.0,301.0,1154,1,,62,DELIVERED,Correo Argentino,TRK-87Z655PFDI
9000004903,1000004903,225.0,227.0,898,1,,2144,DELIVERED,Correo Argentino,TRK-5DCGHAH9F7
9000004904,1000004904,231.0,232.0,819,2,2.0,2,SHIPPED,PICKUP,
9000004905,1000004905,22.0,26.0,497,1,,1504,DELIVERED,Correo Argentino,TRK-FANLJAON59
9000004906,1000004906,603.0,605.0,95,1,,3191,READY,Correo Argentino,TRK-R5L4M0F3R8
9000004907,1000004907,484.0,485.0,423,2,3.0,3,DELIVERED,PICKUP,
9000004908,1000004908,,,548,2,1.0,1,CANCELLED,PICKUP,
9000004909,1000004909,570.0,571.0,234,2,1.0,1,READY,PICKUP,
9000004910,1000004910,279.0,281.0,63,1,,1141,DELIVERED,Correo Argentino,TRK-RN0C9LDRP7
9000004911,1000004911,,,1226,1,,1523,CANCELLED,Correo Argentino,
9000004912,1000004912,498.0,499.0,33,2,2.0,2,DELIVERED,PICKUP,
9000004913,1000004913,130.0,132.0,475,1,,1784,DELIVERED,Correo Argentino,TRK-WDLOOJMFK7
9000004914,1000004914,623.0,624.0,1359,2,2.0,2,DELIVERED,PICKUP,
9000004915,1000004915,405.0,406.0,401,2,2.0,2,DELIVERED,PICKUP,
9000004916,1000004916,561.0,564.0,1189,1,,1042,DELIVERED,Correo Argentino,TRK-TOTPXY8EBB
9000004917,1000004917,488.0,489.0,824,2,4.0,4,DELIVERED,PICKUP,
9000004918,1000004918,,,648,1,,889,CANCELLED,Correo Argentino,
9000004919,1000004919,569.0,570.0,894,2,4.0,4,DELIVERED,PICKUP,
9000004920,1000004920,247.0,251.0,1227,1,,829,SHIPPED,Correo Argentino,TRK-1Q4OI6UP71
9000004921,1000004921,287.0,288.0,817,2,2.0,2,SHIPPED,PICKUP,
9000004922,1000004922,,,1335,2,2.0,2,CANCELLED,PICKUP,
9000004923,1000004923,536.0,537.0,1224,2,3.0,3,READY,PICKUP,
9000004924,1000004924,45.0,48.0,994,1,,2287,DELIVERED,Correo Argentino,TRK-1L24OKP9G4
9000004925,1000004925,236.0,237.0,1304,2,3.0,3,SHIPPED,PICKUP,
9000004926,1000004926,58.0,59.0,329,2,4.0,4,SHIPPED,PICKUP,
9000004927,1000004927,27.0,32.0,548,1,,393,DELIVERED,Correo Argentino,TRK-6INDTMC44D
9000004928,1000004928,100.0,103.0,942,1,,1830,DELIVERED,Correo Argentino,TRK-M7FFTHOAW7
9000004929,1000004929,490.0,491.0,1276,2,2.0,2,DELIVERED,PICKUP,
9000004930,1000004930,614.0,615.0,112,2,3.0,3,DELIVERED,PICKUP,
9000004931,1000004931,498.0,501.0,1224,1,,2628,DELIVERED,Correo Argentino,TRK-BN4APFNEDY
9000004932,1000004932,70.0,72.0,1132,1,,1819,DELIVERED,Correo Argentino,TRK-O2SJOJBNC5
9000004933,1000004933,495.0,496.0,256,2,4.0,4,DELIVERED,PICKUP,
9000004934,1000004934,241.0,243.0,424,1,,2976,SHIPPED,Correo Argentino,TRK-1OCF2N0VH6
9000004935,1000004935,122.0,123.0,554,2,1.0,1,SHIPPED,PICKUP,
9000004936,1000004936,16.0,17.0,724,2,2.0,2,DELIVERED,PICKUP,
9000004937,1000004937,284.0,288.0,821,1,,2597,DELIVERED,Correo Argentino,TRK-FVCC281NGU
9000004938,1000004938,114.0,115.0,1022,2,2.0,2,DELIVERED,PICKUP,
9000004939,1000004939,441.0,444.0,200,1,,1750,DELIVERED,Correo Argentino,TRK-XKEXGV5HMZ
9000004940,1000004940,595.0,599.0,191,1,,2396,DELIVERED,Correo Argentino,TRK-F09UIGZPJJ
9000004941,1000004941,,,1079,2,3.0,3,CANCELLED,PICKUP,
9000004942,1000004942,256.0,257.0,656,2,1.0,1,SHIPPED,PICKUP,
9000004943,1000004943,173.0,177.0,400,1,,2373,DELIVERED,Correo Argentino,TRK-UYX9CT17KV
9000004944,1000004944,417.0,424.0,578,1,,1531,DELIVERED,Correo Argentino,TRK-LNX37ZOWFD
9000004945,1000004945,70.0,71.0,812,2,3.0,3,DELIVERED,PICKUP,
9000004946,1000004946,443.0,445.0,296,1,,1141,DELIVERED,Correo Argentino,TRK-11GN9VHWD8
9000004947,1000004947,,,762,1,,1951,CANCELLED,Correo Argentino,
9000004948,1000004948,540.0,541.0,712,2,4.0,4,DELIVERED,PICKUP,
9000004949,1000004949,127.0,128.0,80,2,1.0,1,DELIVERED,PICKUP,
9000004950,1000004950,173.0,174.0,362,2,2.0,2,DELIVERED,PICKUP,
9000004951,1000004951,552.0,553.0,194,2,4.0,4,DELIVERED,PICKUP,
9000004952,1000004952,470.0,474.0,1028,1,,446,DELIVERED,Correo Argentino,TRK-C1092MZKCV
9000004953,1000004953,178.0,183.0,20,1,,310,DELIVERED,Correo Argentino,TRK-26SQJ6HK9T
9000004954,1000004954,300.0,302.0,16,1,,3076,DELIVERED,Correo Argentino,TRK-58UR6QG47M
9000004955,1000004955,504.0,507.0,1453,1,,2022,DELIVERED,Correo Argentino,TRK-84A5DZE1WX
9000004956,1000004956,,,1465,1,,1828,CANCELLED,Correo Argentino,
9000004957,1000004957,48.0,51.0,147,1,,505,DELIVERED,Correo Argentino,TRK-2DCQX07AYN
9000004958,1000004958,448.0,449.0,144,2,2.0,2,DELIVERED,PICKUP,
9000004959,1000004959,339.0,344.0,1425,1,,2180,READY,Correo Argentino,TRK-987RGSLG1S
9000004960,1000004960,236.0,237.0,665,2,4.0,4,DELIVERED,PICKUP,
9000004961,1000004961,15.0,20.0,130,1,,1897,SHIPPED,Correo Argentino,TRK-AC7ZS4KXHU
9000004962,1000004962,253.0,256.0,371,1,,3185,DELIVERED,Correo Argentino,TRK-AZK5SCCV3E
9000004963,1000004963,500.0,501.0,343,2,2.0,2,DELIVERED,PICKUP,
9000004964,1000004964,495.0,496.0,1281,2,4.0,4,DELIVERED,PICKUP,
9000004965,1000004965,,,1304,1,,1806,CANCELLED,Correo Argentino,
9000004966,1000004966,391.0,398.0,766,1,,2103,DELIVERED,Correo Argentino,TRK-3MVUKZX2A8
9000004967,1000004967,313.0,315.0,845,1,,1253,DELIVERED,Correo Argentino,TRK-J6ISRC22UN
9000004968,1000004968,121.0,122.0,35,2,3.0,3,READY,PICKUP,
9000004969,1000004969,455.0,456.0,47,2,3.0,3,DELIVERED,PICKUP,
9000004970,1000004970,576.0,580.0,590,1,,2702,READY,Correo Argentino,TRK-2RW4SFMV6G
9000004971,1000004971,297.0,302.0,28,1,,3141,DELIVERED,Correo Argentino,TRK-CD1KPBWANY
9000004972,1000004972,493.0,494.0,695,2,1.0,1,DELIVERED,PICKUP,
9000004973,1000004973,426.0,431.0,1013,1,,828,DELIVERED,Correo Argentino,TRK-AD1DIS5PFI
9000004974,1000004974,575.0,576.0,159,2,2.0,2,DELIVERED,PICKUP,
9000004975,1000004975,460.0,464.0,589,1,,2995,DELIVERED,Correo Argentino,TRK-55942HN6KK
9000004976,1000004976,632.0,634.0,833,1,,196,SHIPPED,Correo Argentino,TRK-6SM54DDRPL
9000004977,1000004977,264.0,269.0,211,1,,332,DELIVERED,Correo Argentino,TRK-7I5JUU3CWA
9000004978,1000004978,295.0,296.0,208,2,3.0,3,DELIVERED,PICKUP,
9000004979,1000004979,509.0,510.0,1025,2,4.0,4,SHIPPED,PICKUP,
9000004980,1000004980,46.0,50.0,928,1,,3020,DELIVERED,Correo Argentino,TRK-AVLVX00IEF
9000004981,1000004981,448.0,452.0,852,1,,2052,DELIVERED,Correo Argentino,TRK-KS9U0GB4S8
9000004982,1000004982,46.0,47.0,687,2,1.0,1,DELIVERED,PICKUP,
9000004983,1000004983,577.0,578.0,638,2,4.0,4,READY,PICKUP,
9000004984,1000004984,337.0,341.0,1094,1,,2803,SHIPPED,Correo Argentino,TRK-OO5J2F04V0
9000004985,1000004985,148.0,152.0,68,1,,1406,DELIVERED,Correo Argentino,TRK-ZR5IEC3AC7
9000004986,1000004986,199.0,201.0,1269,1,,801,DELIVERED,Correo Argentino,TRK-8W8630V6A1
9000004987,1000004987,46.0,50.0,142,1,,896,DELIVERED,Correo Argentino,TRK-YXKQTTC3B2
9000004988,1000004988,313.0,316.0,1205,1,,2434,DELIVERED,Correo Argentino,TRK-YBO7CFJ9YL
9000004989,1000004989,,,460,1,,2169,CANCELLED,Correo Argentino,
9000004990,1000004990,474.0,475.0,859,2,3.0,3,DELIVERED,PICKUP,
9000004991,1000004991,153.0,154.0,1144,2,2.0,2,DELIVERED,PICKUP,
9000004992,1000004992,212.0,213.0,145,2,1.0,1,READY,PICKUP,
9000004993,1000004993,114.0,115.0,1204,2,4.0,4,DELIVERED,PICKUP,
9000004994,1000004994,504.0,508.0,896,1,,618,DELIVERED,Correo Argentino,TRK-NJ3VQB6U0W
9000004995,1000004995,292.0,294.0,1144,1,,193,DELIVERED,Correo Argentino,TRK-CNHLTHT2ZM
9000004996,1000004996,551.0,552.0,1007,2,4.0,4,DELIVERED,PICKUP,
9000004997,1000004997,527.0,530.0,964,1,,574,DELIVERED,Correo Argentino,TRK-T0Q41DPYPS
9000004998,1000004998,133.0,135.0,496,1,,27,DELIVERED,Correo Argentino,TRK-D5GXWDIKJX
9000004999,1000004999,297.0,298.0,483,2,4.0,4,DELIVERED,PICKUP,
9000005000,1000005000,210.0,214.0,418,1,,2347,DELIVERED,Correo Argentino,TRK-2KYCG3Y51N
9000005001,1000005001,565.0,567.0,18,1,,2621,DELIVERED,Correo Argentino,TRK-K5S5TDRIRP
9000005002,1000005002,65.0,67.0,1104,1,,271,READY,Correo Argentino,TRK-L7J14LKFPL
9000005003,1000005003,402.0,406.0,706,1,,1452,DELIVERED,Correo Argentino,TRK-U99PB5X9BX
9000005004,1000005004,569.0,571.0,460,1,,692,DELIVERED,Correo Argentino,TRK-QEWCHV9HVC
9000005005,1000005005,12.0,17.0,1424,1,,2509,DELIVERED,Correo Argentino,TRK-FUWG6XAV4J
9000005006,1000005006,74.0,77.0,519,1,,313,DELIVERED,Correo Argentino,TRK-8UN6WU89TM
9000005007,1000005007,383.0,384.0,57,2,3.0,3,DELIVERED,PICKUP,
9000005008,1000005008,207.0,212.0,1013,1,,1957,DELIVERED,Correo Argentino,TRK-Y668DEAW4S
9000005009,1000005009,405.0,409.0,497,1,,341,DELIVERED,Correo Argentino,TRK-5GUJFBMGMM
9000005010,1000005010,365.0,370.0,724,1,,754,DELIVERED,Correo Argentino,TRK-TPVZT099J4
9000005011,1000005011,126.0,127.0,1211,2,4.0,4,SHIPPED,PICKUP,
9000005012,1000005012,270.0,274.0,978,1,,3171,DELIVERED,Correo Argentino,TRK-HRY61JGJ9I
9000005013,1000005013,260.0,261.0,67,2,4.0,4,DELIVERED,PICKUP,
9000005014,1000005014,406.0,407.0,694,2,4.0,4,DELIVERED,PICKUP,
9000005015,1000005015,357.0,361.0,4,1,,2115,DELIVERED,Correo Argentino,TRK-NTYF4XUEI6
9000005016,1000005016,408.0,412.0,434,1,,2109,SHIPPED,Correo Argentino,TRK-NRMSQWV90X
9000005017,1000005017,402.0,405.0,385,1,,2009,DELIVERED,Correo Argentino,TRK-JRFCYZEDLG
9000005018,1000005018,270.0,271.0,539,2,1.0,1,DELIVERED,PICKUP,
9000005019,1000005019,,,306,1,,1234,CANCELLED,Correo Argentino,
9000005020,1000005020,357.0,359.0,441,1,,2238,SHIPPED,Correo Argentino,TRK-JQ03G4GLWN
9000005021,1000005021,360.0,365.0,1090,1,,806,DELIVERED,Correo Argentino,TRK-8XWZTATR74
9000005022,1000005022,463.0,465.0,1405,1,,167,DELIVERED,Correo Argentino,TRK-RFTVN3OM84
9000005023,1000005023,33.0,36.0,712,1,,397,DELIVERED,Correo Argentino,TRK-FUEACODYND
9000005024,1000005024,,,66,1,,3182,CANCELLED,Correo Argentino,
9000005025,1000005025,293.0,294.0,788,2,2.0,2,DELIVERED,PICKUP,
9000005026,1000005026,163.0,164.0,355,2,3.0,3,DELIVERED,PICKUP,
9000005027,1000005027,619.0,622.0,913,1,,64,DELIVERED,Correo Argentino,TRK-QI0XEJ016K
9000005028,1000005028,440.0,446.0,902,1,,240,DELIVERED,Correo Argentino,TRK-ZW489N2IAK
9000005029,1000005029,207.0,208.0,1123,2,2.0,2,DELIVERED,PICKUP,
9000005030,1000005030,,,776,2,1.0,1,CANCELLED,PICKUP,
9000005031,1000005031,176.0,179.0,811,1,,1324,DELIVERED,Correo Argentino,TRK-CQ9PN6T9EF
9000005032,1000005032,609.0,614.0,1342,1,,2602,DELIVERED,Correo Argentino,TRK-PT5DUBDON4
9000005033,1000005033,226.0,230.0,544,1,,468,DELIVERED,Correo Argentino,TRK-SITNCUE1UW
9000005034,1000005034,529.0,536.0,277,1,,965,DELIVERED,Correo Argentino,TRK-ZR9HFK78W9
9000005035,1000005035,328.0,329.0,922,2,3.0,3,DELIVERED,PICKUP,
9000005036,1000005036,390.0,394.0,1327,1,,3097,DELIVERED,Correo Argentino,TRK-X9RUJ2D5IE
9000005037,1000005037,9.0,10.0,147,2,4.0,4,DELIVERED,PICKUP,
9000005038,1000005038,292.0,293.0,761,2,2.0,2,DELIVERED,PICKUP,
9000005039,1000005039,473.0,475.0,1368,1,,2882,DELIVERED,Correo Argentino,TRK-2W8CX1HG9F
9000005040,1000005040,233.0,236.0,661,1,,1672,DELIVERED,Correo Argentino,TRK-4OSCR9A0DM
9000005041,1000005041,586.0,587.0,1348,2,3.0,3,DELIVERED,PICKUP,
9000005042,1000005042,114.0,116.0,241,1,,1893,DELIVERED,Correo Argentino,TRK-75Q0N3DE1H
9000005043,1000005043,66.0,71.0,273,1,,1362,DELIVERED,Correo Argentino,TRK-PS86X5NGFZ
9000005044,1000005044,250.0,251.0,156,2,2.0,2,DELIVERED,PICKUP,
9000005045,1000005045,165.0,169.0,1492,1,,1609,SHIPPED,Correo Argentino,TRK-HLCCEGZ2YH
9000005046,1000005046,198.0,199.0,1123,2,1.0,1,DELIVERED,PICKUP,
9000005047,1000005047,358.0,359.0,773,2,3.0,3,DELIVERED,PICKUP,
9000005048,1000005048,,,79,2,3.0,3,CANCELLED,PICKUP,
9000005049,1000005049,181.0,183.0,262,1,,1945,DELIVERED,Correo Argentino,TRK-D9A7ER13Y5
9000005050,1000005050,346.0,347.0,1040,2,2.0,2,DELIVERED,PICKUP,
9000005051,1000005051,629.0,630.0,1250,2,3.0,3,DELIVERED,PICKUP,
9000005052,1000005052,534.0,537.0,717,1,,3157,SHIPPED,Correo Argentino,TRK-143ZT0ISAU
9000005053,1000005053,266.0,268.0,173,1,,2965,SHIPPED,Correo Argentino,TRK-M1XYDHQUGU
9000005054,1000005054,392.0,396.0,1011,1,,1774,DELIVERED,Correo Argentino,TRK-YTSL2K003H
9000005055,1000005055,470.0,473.0,276,1,,991,DELIVERED,Correo Argentino,TRK-IIO6I6OQP2
9000005056,1000005056,66.0,69.0,803,1,,1438,DELIVERED,Correo Argentino,TRK-EFYELUB58Q
9000005057,1000005057,285.0,286.0,177,2,4.0,4,SHIPPED,PICKUP,
9000005058,1000005058,119.0,123.0,1042,1,,2264,DELIVERED,Correo Argentino,TRK-W0SA3E1U9Q
9000005059,1000005059,580.0,585.0,809,1,,1667,SHIPPED,Correo Argentino,TRK-B29LS9B6WJ
9000005060,1000005060,,,257,2,3.0,3,CANCELLED,PICKUP,
9000005061,1000005061,49.0,50.0,649,2,2.0,2,DELIVERED,PICKUP,
9000005062,1000005062,466.0,467.0,964,2,3.0,3,SHIPPED,PICKUP,
9000005063,1000005063,168.0,169.0,1349,2,2.0,2,DELIVERED,PICKUP,
9000005064,1000005064,487.0,490.0,1418,1,,309,DELIVERED,Correo Argentino,TRK-9HUC7T8ONK
9000005065,1000005065,429.0,430.0,1396,2,3.0,3,DELIVERED,PICKUP,
9000005066,1000005066,550.0,551.0,152,2,3.0,3,DELIVERED,PICKUP,
9000005067,1000005067,,,577,2,1.0,1,CANCELLED,PICKUP,
9000005068,1000005068,434.0,439.0,112,1,,1934,DELIVERED,Correo Argentino,TRK-DGQ811OHJU
9000005069,1000005069,524.0,526.0,1216,1,,243,DELIVERED,Correo Argentino,TRK-GC132NIONX
9000005070,1000005070,,,473,2,2.0,2,CANCELLED,PICKUP,
9000005071,1000005071,497.0,501.0,343,1,,2027,DELIVERED,Correo Argentino,TRK-LEPCLPI3F1
9000005072,1000005072,597.0,604.0,821,1,,2262,SHIPPED,Correo Argentino,TRK-U77T70VZKU
9000005073,1000005073,162.0,167.0,108,1,,1692,DELIVERED,Correo Argentino,TRK-YWM6OZS9MK
9000005074,1000005074,,,687,1,,767,CANCELLED,Correo Argentino,
9000005075,1000005075,605.0,609.0,520,1,,122,SHIPPED,Correo Argentino,TRK-6VN0IVVBHK
9000005076,1000005076,331.0,332.0,1426,2,2.0,2,DELIVERED,PICKUP,
9000005077,1000005077,78.0,80.0,1008,1,,862,DELIVERED,Correo Argentino,TRK-17AIH2E9XE
9000005078,1000005078,167.0,168.0,1449,2,1.0,1,DELIVERED,PICKUP,
9000005079,1000005079,477.0,479.0,109,1,,915,DELIVERED,Correo Argentino,TRK-HOEAB7SOPM
9000005080,1000005080,,,23,1,,204,CANCELLED,Correo Argentino,
9000005081,1000005081,204.0,208.0,820,1,,2864,DELIVERED,Correo Argentino,TRK-DQ5H662ZNR
9000005082,1000005082,242.0,247.0,824,1,,2165,SHIPPED,Correo Argentino,TRK-AGTXJMXKLS
9000005083,1000005083,148.0,149.0,641,2,1.0,1,DELIVERED,PICKUP,
9000005084,1000005084,507.0,510.0,1206,1,,1357,DELIVERED,Correo Argentino,TRK-G5GS7W32RJ
9000005085,1000005085,37.0,38.0,446,2,2.0,2,SHIPPED,PICKUP,
9000005086,1000005086,133.0,134.0,497,2,2.0,2,DELIVERED,PICKUP,
9000005087,1000005087,25.0,26.0,882,2,3.0,3,DELIVERED,PICKUP,
9000005088,1000005088,45.0,48.0,1477,1,,1890,DELIVERED,Correo Argentino,TRK-73SYT7AK3J
9000005089,1000005089,414.0,415.0,1129,2,1.0,1,SHIPPED,PICKUP,
9000005090,1000005090,49.0,50.0,144,2,1.0,1,SHIPPED,PICKUP,
9000005091,1000005091,417.0,418.0,6,2,2.0,2,DELIVERED,PICKUP,
9000005092,1000005092,400.0,401.0,107,2,1.0,1,SHIPPED,PICKUP,
9000005093,1000005093,632.0,636.0,1033,1,,44,DELIVERED,Correo Argentino,TRK-DVSF6E7M0I
9000005094,1000005094,595.0,599.0,297,1,,2112,DELIVERED,Correo Argentino,TRK-ORAYWAE9XV
9000005095,1000005095,547.0,550.0,529,1,,337,DELIVERED,Correo Argentino,TRK-G7R1XC53E3
9000005096,1000005096,332.0,333.0,1371,2,3.0,3,DELIVERED,PICKUP,
9000005097,1000005097,38.0,39.0,219,2,2.0,2,DELIVERED,PICKUP,
9000005098,1000005098,558.0,565.0,405,1,,2248,DELIVERED,Correo Argentino,TRK-CSA6UPCK4B
9000005099,1000005099,386.0,390.0,954,1,,1117,DELIVERED,Correo Argentino,TRK-B8DEY6F49C
9000005100,1000005100,313.0,317.0,963,1,,2851,DELIVERED,Correo Argentino,TRK-0XJ6IUGOVJ
9000005101,1000005101,501.0,505.0,1171,1,,1957,DELIVERED,Correo Argentino,TRK-Q9SLA2YWPN
9000005102,1000005102,122.0,123.0,413,2,3.0,3,DELIVERED,PICKUP,
9000005103,1000005103,377.0,378.0,1137,2,1.0,1,SHIPPED,PICKUP,
9000005104,1000005104,603.0,604.0,884,2,4.0,4,DELIVERED,PICKUP,
9000005105,1000005105,272.0,273.0,1285,2,1.0,1,DELIVERED,PICKUP,
9000005106,1000005106,551.0,552.0,983,2,2.0,2,SHIPPED,PICKUP,
9000005107,1000005107,9.0,10.0,247,2,4.0,4,DELIVERED,PICKUP,
9000005108,1000005108,476.0,477.0,1081,2,4.0,4,DELIVERED,PICKUP,
9000005109,1000005109,290.0,292.0,253,1,,1920,SHIPPED,Correo Argentino,TRK-0LU2NDC2HZ
9000005110,1000005110,312.0,315.0,1473,1,,1962,DELIVERED,Correo Argentino,TRK-VJ077QRKSV
9000005111,1000005111,112.0,117.0,329,1,,2750,DELIVERED,Correo Argentino,TRK-QZXDX0J3X9
9000005112,1000005112,414.0,416.0,671,1,,2549,SHIPPED,Correo Argentino,TRK-YSM05U53I5
9000005113,1000005113,249.0,252.0,282,1,,1362,DELIVERED,Correo Argentino,TRK-KMWBVAZ035
9000005114,1000005114,277.0,278.0,583,2,3.0,3,DELIVERED,PICKUP,
9000005115,1000005115,106.0,107.0,1052,2,3.0,3,DELIVERED,PICKUP,
9000005116,1000005116,438.0,441.0,552,1,,2366,DELIVERED,Correo Argentino,TRK-LE7ABL5EBE
9000005117,1000005117,352.0,353.0,503,2,4.0,4,DELIVERED,PICKUP,
9000005118,1000005118,371.0,372.0,46,2,4.0,4,SHIPPED,PICKUP,
9000005119,1000005119,3.0,6.0,594,1,,793,DELIVERED,Correo Argentino,TRK-ZTVN5UGOG4
9000005120,1000005120,5.0,9.0,719,1,,2383,DELIVERED,Correo Argentino,TRK-HG7GTTO19Q
9000005121,1000005121,,,1084,1,,2813,CANCELLED,Correo Argentino,
9000005122,1000005122,400.0,401.0,12,2,4.0,4,DELIVERED,PICKUP,
9000005123,1000005123,539.0,540.0,1479,2,4.0,4,DELIVERED,PICKUP,
9000005124,1000005124,499.0,504.0,122,1,,3126,DELIVERED,Correo Argentino,TRK-IDMJ0S7XE1
9000005125,1000005125,587.0,590.0,598,1,,564,DELIVERED,Correo Argentino,TRK-E96KGHAGGW
9000005126,1000005126,411.0,416.0,1156,1,,806,DELIVERED,Correo Argentino,TRK-WIGAYL6N5T
9000005127,1000005127,80.0,81.0,1035,2,2.0,2,SHIPPED,PICKUP,
9000005128,1000005128,285.0,286.0,811,2,3.0,3,DELIVERED,PICKUP,
9000005129,1000005129,342.0,345.0,69,1,,2031,DELIVERED,Correo Argentino,TRK-Q1HYH6MLNO
9000005130,1000005130,206.0,207.0,1496,2,1.0,1,DELIVERED,PICKUP,
9000005131,1000005131,42.0,46.0,605,1,,2952,DELIVERED,Correo Argentino,TRK-LIBIUCJ6UL
9000005132,1000005132,300.0,301.0,1378,2,4.0,4,DELIVERED,PICKUP,
9000005133,1000005133,410.0,414.0,606,1,,2708,DELIVERED,Correo Argentino,TRK-WOHWR13MBA
9000005134,1000005134,62.0,67.0,59,1,,726,SHIPPED,Correo Argentino,TRK-NYUJDSR0XU
9000005135,1000005135,534.0,536.0,421,1,,3189,SHIPPED,Correo Argentino,TRK-YAJKNCRGQO
9000005136,1000005136,228.0,229.0,1334,2,1.0,1,DELIVERED,PICKUP,
9000005137,1000005137,318.0,323.0,983,1,,2906,DELIVERED,Correo Argentino,TRK-52M5T4TXK0
9000005138,1000005138,,,676,1,,210,CANCELLED,Correo Argentino,
9000005139,1000005139,453.0,454.0,1394,2,3.0,3,DELIVERED,PICKUP,
9000005140,1000005140,327.0,334.0,953,1,,1018,DELIVERED,Correo Argentino,TRK-2R6TQYQC4B
9000005141,1000005141,367.0,368.0,401,2,2.0,2,DELIVERED,PICKUP,
9000005142,1000005142,10.0,13.0,1367,1,,605,DELIVERED,Correo Argentino,TRK-BE7CJICMPX
9000005143,1000005143,394.0,400.0,662,1,,333,DELIVERED,Correo Argentino,TRK-2HU9D7WU11
9000005144,1000005144,283.0,284.0,684,2,3.0,3,DELIVERED,PICKUP,
9000005145,1000005145,239.0,240.0,914,2,4.0,4,DELIVERED,PICKUP,
9000005146,1000005146,426.0,427.0,235,2,3.0,3,DELIVERED,PICKUP,
9000005147,1000005147,,,223,2,2.0,2,CANCELLED,PICKUP,
9000005148,1000005148,516.0,520.0,38,1,,386,DELIVERED,Correo Argentino,TRK-L76CJP1FJ9
9000005149,1000005149,103.0,110.0,482,1,,10,SHIPPED,Correo Argentino,TRK-ZXGX3BO17E
9000005150,1000005150,527.0,530.0,1352,1,,3152,DELIVERED,Correo Argentino,TRK-3RZHJBB8O5
9000005151,1000005151,40.0,41.0,385,2,1.0,1,DELIVERED,PICKUP,
9000005152,1000005152,78.0,81.0,126,1,,1582,SHIPPED,Correo Argentino,TRK-SEDTJ7XCGF
9000005153,1000005153,83.0,85.0,635,1,,2598,DELIVERED,Correo Argentino,TRK-XTVMAHT3WA
9000005154,1000005154,79.0,81.0,709,1,,1730,SHIPPED,Correo Argentino,TRK-UNBHZTTZHX
9000005155,1000005155,88.0,89.0,1469,2,4.0,4,DELIVERED,PICKUP,
9000005156,1000005156,438.0,440.0,752,1,,2598,SHIPPED,Correo Argentino,TRK-H6S0XX8OE6
9000005157,1000005157,482.0,483.0,1366,2,2.0,2,DELIVERED,PICKUP,
9000005158,1000005158,337.0,338.0,474,2,1.0,1,SHIPPED,PICKUP,
9000005159,1000005159,580.0,584.0,136,1,,2539,DELIVERED,Correo Argentino,TRK-OWLS28NM5V
9000005160,1000005160,209.0,215.0,930,1,,2377,DELIVERED,Correo Argentino,TRK-AWVQ9UQ6V2
9000005161,1000005161,289.0,296.0,150,1,,2773,DELIVERED,Correo Argentino,TRK-4WIT79J2QJ
9000005162,1000005162,489.0,494.0,836,1,,1046,DELIVERED,Correo Argentino,TRK-KDU4LTUQB9
9000005163,1000005163,557.0,559.0,779,1,,931,DELIVERED,Correo Argentino,TRK-SQ60LJWYXU
9000005164,1000005164,168.0,171.0,127,1,,2995,DELIVERED,Correo Argentino,TRK-EYBM5TQ5QN
9000005165,1000005165,337.0,340.0,1409,1,,810,SHIPPED,Correo Argentino,TRK-Z31B6QMJ4Z
9000005166,1000005166,238.0,239.0,1475,2,1.0,1,DELIVERED,PICKUP,
9000005167,1000005167,352.0,353.0,222,2,3.0,3,DELIVERED,PICKUP,
9000005168,1000005168,370.0,375.0,1396,1,,581,SHIPPED,Correo Argentino,TRK-F33KD2W3T8
9000005169,1000005169,314.0,315.0,1132,2,3.0,3,SHIPPED,PICKUP,
9000005170,1000005170,544.0,545.0,1301,2,2.0,2,DELIVERED,PICKUP,
9000005171,1000005171,305.0,306.0,42,2,4.0,4,DELIVERED,PICKUP,
9000005172,1000005172,492.0,495.0,900,1,,318,SHIPPED,Correo Argentino,TRK-U9G2VGRXIF
9000005173,1000005173,44.0,46.0,890,1,,655,DELIVERED,Correo Argentino,TRK-9H63XU6SK7
9000005174,1000005174,72.0,73.0,303,2,4.0,4,SHIPPED,PICKUP,
9000005175,1000005175,145.0,146.0,754,2,2.0,2,SHIPPED,PICKUP,
9000005176,1000005176,469.0,470.0,1023,2,4.0,4,DELIVERED,PICKUP,
9000005177,1000005177,462.0,463.0,163,2,2.0,2,DELIVERED,PICKUP,
9000005178,1000005178,37.0,38.0,682,2,3.0,3,DELIVERED,PICKUP,
9000005179,1000005179,479.0,481.0,680,1,,192,DELIVERED,Correo Argentino,TRK-XF54C0WYVP
9000005180,1000005180,95.0,98.0,1340,1,,2882,DELIVERED,Correo Argentino,TRK-ZY7N0Q87QI
9000005181,1000005181,205.0,210.0,412,1,,1453,DELIVERED,Correo Argentino,TRK-LTLBGNKVCA
9000005182,1000005182,206.0,209.0,384,1,,652,DELIVERED,Correo Argentino,TRK-3GWCHJ9IVC
9000005183,1000005183,,,949,1,,2922,CANCELLED,Correo Argentino,
9000005184,1000005184,108.0,109.0,630,2,3.0,3,DELIVERED,PICKUP,
9000005185,1000005185,228.0,229.0,1480,2,3.0,3,DELIVERED,PICKUP,
9000005186,1000005186,48.0,50.0,493,1,,432,DELIVERED,Correo Argentino,TRK-29IVZHSYHA
9000005187,1000005187,302.0,303.0,337,2,1.0,1,DELIVERED,PICKUP,
9000005188,1000005188,,,1364,1,,139,CANCELLED,Correo Argentino,
9000005189,1000005189,386.0,388.0,357,1,,2931,DELIVERED,Correo Argentino,TRK-QJGISKBEQZ
9000005190,1000005190,511.0,512.0,532,2,2.0,2,DELIVERED,PICKUP,
9000005191,1000005191,608.0,609.0,781,2,3.0,3,DELIVERED,PICKUP,
9000005192,1000005192,376.0,380.0,659,1,,381,DELIVERED,Correo Argentino,TRK-ZV84VA23KD
9000005193,1000005193,66.0,67.0,382,2,2.0,2,SHIPPED,PICKUP,
9000005194,1000005194,241.0,242.0,1048,2,4.0,4,DELIVERED,PICKUP,
9000005195,1000005195,305.0,308.0,855,1,,5,DELIVERED,Correo Argentino,TRK-ZDPLS4P3YM
9000005196,1000005196,550.0,551.0,1413,2,1.0,1,DELIVERED,PICKUP,
9000005197,1000005197,435.0,436.0,1304,2,3.0,3,DELIVERED,PICKUP,
9000005198,1000005198,533.0,534.0,1015,2,4.0,4,SHIPPED,PICKUP,
9000005199,1000005199,394.0,395.0,796,2,1.0,1,DELIVERED,PICKUP,
9000005200,1000005200,39.0,40.0,877,2,2.0,2,DELIVERED,PICKUP,
9000005201,1000005201,,,658,1,,2710,CANCELLED,Correo Argentino,
9000005202,1000005202,239.0,240.0,451,2,2.0,2,SHIPPED,PICKUP,
9000005203,1000005203,637.0,639.0,1007,1,,1983,DELIVERED,Correo Argentino,TRK-Q49H5NWOMX
9000005204,1000005204,74.0,75.0,1071,2,2.0,2,DELIVERED,PICKUP,
9000005205,1000005205,264.0,265.0,326,2,3.0,3,SHIPPED,PICKUP,
9000005206,1000005206,590.0,592.0,1329,1,,2018,DELIVERED,Correo Argentino,TRK-9XOKL2LGUE
9000005207,1000005207,272.0,276.0,403,1,,1570,DELIVERED,Correo Argentino,TRK-45IJDQI548
9000005208,1000005208,295.0,296.0,138,2,1.0,1,DELIVERED,PICKUP,
9000005209,1000005209,141.0,144.0,821,1,,3078,DELIVERED,Correo Argentino,TRK-TVTGANR35K
9000005210,1000005210,532.0,535.0,607,1,,382,DELIVERED,Correo Argentino,TRK-UL7GGA08AW
9000005211,1000005211,509.0,510.0,1210,2,2.0,2,DELIVERED,PICKUP,
9000005212,1000005212,259.0,260.0,211,2,4.0,4,DELIVERED,PICKUP,
9000005213,1000005213,155.0,156.0,1217,2,1.0,1,DELIVERED,PICKUP,
9000005214,1000005214,244.0,245.0,630,2,1.0,1,DELIVERED,PICKUP,
9000005215,1000005215,60.0,64.0,1127,1,,3146,DELIVERED,Correo Argentino,TRK-1SVGZHCI8B
9000005216,1000005216,177.0,182.0,1339,1,,2205,DELIVERED,Correo Argentino,TRK-97NM767NF3
9000005217,1000005217,581.0,585.0,1296,1,,1825,DELIVERED,Correo Argentino,TRK-ZX02AL1JR1
9000005218,1000005218,188.0,189.0,408,2,3.0,3,SHIPPED,PICKUP,
9000005219,1000005219,600.0,604.0,1056,1,,1965,SHIPPED,Correo Argentino,TRK-54JYHJUSRT
9000005220,1000005220,82.0,86.0,349,1,,1405,DELIVERED,Correo Argentino,TRK-M2FDZ6ONRC
9000005221,1000005221,170.0,171.0,151,2,2.0,2,SHIPPED,PICKUP,
9000005222,1000005222,283.0,286.0,1261,1,,3081,DELIVERED,Correo Argentino,TRK-UJJ9C3N46E
9000005223,1000005223,259.0,261.0,676,1,,2811,SHIPPED,Correo Argentino,TRK-AYZXUEDXCK
9000005224,1000005224,186.0,189.0,77,1,,1288,DELIVERED,Correo Argentino,TRK-VTJW03HJNA
9000005225,1000005225,,,1171,1,,3040,CANCELLED,Correo Argentino,
9000005226,1000005226,594.0,596.0,1339,1,,2448,DELIVERED,Correo Argentino,TRK-MAX6P1FBUJ
9000005227,1000005227,,,711,2,2.0,2,CANCELLED,PICKUP,
9000005228,1000005228,534.0,535.0,1140,2,2.0,2,DELIVERED,PICKUP,
9000005229,1000005229,124.0,128.0,1176,1,,1407,DELIVERED,Correo Argentino,TRK-69541ZC4BN
9000005230,1000005230,617.0,621.0,265,1,,1103,DELIVERED,Correo Argentino,TRK-NNRXYGD90A
9000005231,1000005231,421.0,422.0,711,2,3.0,3,DELIVERED,PICKUP,
9000005232,1000005232,464.0,468.0,490,1,,2162,DELIVERED,Correo Argentino,TRK-KCTDXI1DDO
9000005233,1000005233,497.0,502.0,837,1,,2149,SHIPPED,Correo Argentino,TRK-EHM5KRVQ4O
9000005234,1000005234,601.0,606.0,180,1,,1919,DELIVERED,Correo Argentino,TRK-PUJN9XHUWY
9000005235,1000005235,625.0,626.0,452,2,2.0,2,SHIPPED,PICKUP,
9000005236,1000005236,475.0,477.0,644,1,,1995,SHIPPED,Correo Argentino,TRK-AH6DE24AGR
9000005237,1000005237,506.0,507.0,1276,2,4.0,4,DELIVERED,PICKUP,
9000005238,1000005238,513.0,517.0,370,1,,572,DELIVERED,Correo Argentino,TRK-4TU160GC57
9000005239,1000005239,306.0,311.0,455,1,,3185,DELIVERED,Correo Argentino,TRK-HZVEFY89QR
9000005240,1000005240,49.0,52.0,275,1,,992,DELIVERED,Correo Argentino,TRK-043I2IPW7W
9000005241,1000005241,593.0,594.0,1420,2,1.0,1,DELIVERED,PICKUP,
9000005242,1000005242,72.0,75.0,808,1,,84,DELIVERED,Correo Argentino,TRK-I9NKN0I2K8
9000005243,1000005243,384.0,389.0,535,1,,2985,DELIVERED,Correo Argentino,TRK-53L9ASJFOL
9000005244,1000005244,,,179,1,,2491,CANCELLED,Correo Argentino,
9000005245,1000005245,603.0,604.0,267,2,2.0,2,DELIVERED,PICKUP,
9000005246,1000005246,63.0,65.0,1382,1,,1541,SHIPPED,Correo Argentino,TRK-T8GS4IF0BW
9000005247,1000005247,587.0,588.0,934,2,4.0,4,SHIPPED,PICKUP,
9000005248,1000005248,494.0,498.0,1217,1,,2419,DELIVERED,Correo Argentino,TRK-C0KYFIO856
9000005249,1000005249,,,209,1,,731,CANCELLED,Correo Argentino,
9000005250,1000005250,530.0,531.0,1317,2,3.0,3,DELIVERED,PICKUP,
9000005251,1000005251,,,873,2,1.0,1,CANCELLED,PICKUP,
9000005252,1000005252,597.0,598.0,133,2,4.0,4,DELIVERED,PICKUP,
9000005253,1000005253,317.0,318.0,220,2,3.0,3,DELIVERED,PICKUP,
9000005254,1000005254,274.0,279.0,848,1,,891,DELIVERED,Correo Argentino,TRK-M3Z388VO1W
9000005255,1000005255,457.0,459.0,1090,1,,1152,DELIVERED,Correo Argentino,TRK-J27LRJL9QT
9000005256,1000005256,449.0,454.0,494,1,,2378,DELIVERED,Correo Argentino,TRK-CTZLKQRJDS
9000005257,1000005257,237.0,238.0,991,2,3.0,3,DELIVERED,PICKUP,
9000005258,1000005258,584.0,585.0,32,2,2.0,2,DELIVERED,PICKUP,
9000005259,1000005259,116.0,117.0,840,2,3.0,3,DELIVERED,PICKUP,
9000005260,1000005260,130.0,131.0,829,2,3.0,3,DELIVERED,PICKUP,
9000005261,1000005261,618.0,622.0,685,1,,582,DELIVERED,Correo Argentino,TRK-40TZD8T4T5
9000005262,1000005262,,,1303,1,,3072,CANCELLED,Correo Argentino,
9000005263,1000005263,164.0,168.0,514,1,,2758,READY,Correo Argentino,TRK-9SYGHGHKN1
9000005264,1000005264,638.0,639.0,131,2,2.0,2,DELIVERED,PICKUP,
9000005265,1000005265,585.0,590.0,680,1,,2488,DELIVERED,Correo Argentino,TRK-4RG01LS834
9000005266,1000005266,133.0,136.0,165,1,,2843,DELIVERED,Correo Argentino,TRK-NF1OGLOVJ4
9000005267,1000005267,187.0,188.0,1409,2,2.0,2,SHIPPED,PICKUP,
9000005268,1000005268,430.0,431.0,548,2,2.0,2,SHIPPED,PICKUP,
9000005269,1000005269,198.0,201.0,941,1,,1068,DELIVERED,Correo Argentino,TRK-857HDE0QPB
9000005270,1000005270,23.0,24.0,456,2,3.0,3,SHIPPED,PICKUP,
9000005271,1000005271,71.0,75.0,675,1,,1670,DELIVERED,Correo Argentino,TRK-7X24JZAGJN
9000005272,1000005272,406.0,408.0,303,1,,2006,DELIVERED,Correo Argentino,TRK-BA4JTEGSPV
9000005273,1000005273,342.0,343.0,1371,2,4.0,4,DELIVERED,PICKUP,
9000005274,1000005274,278.0,279.0,225,2,3.0,3,DELIVERED,PICKUP,
9000005275,1000005275,180.0,184.0,741,1,,1079,SHIPPED,Correo Argentino,TRK-2VNVG7ZU0V
9000005276,1000005276,220.0,221.0,507,2,4.0,4,DELIVERED,PICKUP,
9000005277,1000005277,,,381,1,,2990,CANCELLED,Correo Argentino,
9000005278,1000005278,380.0,381.0,166,2,4.0,4,DELIVERED,PICKUP,
9000005279,1000005279,186.0,187.0,1440,2,3.0,3,SHIPPED,PICKUP,
9000005280,1000005280,,,1400,1,,460,CANCELLED,Correo Argentino,
9000005281,1000005281,594.0,599.0,627,1,,2871,DELIVERED,Correo Argentino,TRK-5S87EVV955
9000005282,1000005282,120.0,127.0,638,1,,2723,SHIPPED,Correo Argentino,TRK-EXTC6OCQ3P
9000005283,1000005283,21.0,22.0,703,2,1.0,1,DELIVERED,PICKUP,
9000005284,1000005284,418.0,419.0,1315,2,1.0,1,DELIVERED,PICKUP,
9000005285,1000005285,467.0,469.0,540,1,,611,DELIVERED,Correo Argentino,TRK-NKQLR01KPT
9000005286,1000005286,485.0,492.0,352,1,,1275,SHIPPED,Correo Argentino,TRK-LNT4CJV54P
9000005287,1000005287,260.0,262.0,565,1,,540,DELIVERED,Correo Argentino,TRK-11D5TQYVFG
9000005288,1000005288,357.0,363.0,549,1,,2008,DELIVERED,Correo Argentino,TRK-DXLEJSLZVU
9000005289,1000005289,199.0,201.0,1273,1,,1790,DELIVERED,Correo Argentino,TRK-055FLLM0WH
9000005290,1000005290,181.0,185.0,713,1,,42,DELIVERED,Correo Argentino,TRK-HC22S8MI1S
9000005291,1000005291,591.0,595.0,1439,1,,873,DELIVERED,Correo Argentino,TRK-HHON97OD4R
9000005292,1000005292,239.0,243.0,1070,1,,2775,DELIVERED,Correo Argentino,TRK-MGKLCJWMGQ
9000005293,1000005293,136.0,137.0,281,2,1.0,1,SHIPPED,PICKUP,
9000005294,1000005294,132.0,136.0,250,1,,1897,DELIVERED,Correo Argentino,TRK-0VZ7RPFY7K
9000005295,1000005295,374.0,378.0,728,1,,2889,DELIVERED,Correo Argentino,TRK-ZK31HYHAB8
9000005296,1000005296,110.0,112.0,758,1,,1193,DELIVERED,Correo Argentino,TRK-TZLZ0E2CWK
9000005297,1000005297,158.0,160.0,486,1,,16,DELIVERED,Correo Argentino,TRK-IUERCEVRDB
9000005298,1000005298,38.0,39.0,284,2,2.0,2,SHIPPED,PICKUP,
9000005299,1000005299,490.0,493.0,391,1,,346,DELIVERED,Correo Argentino,TRK-QSF047Z3D1
9000005300,1000005300,635.0,639.0,326,1,,1189,DELIVERED,Correo Argentino,TRK-FFBJDSCP9V
9000005301,1000005301,80.0,85.0,511,1,,438,DELIVERED,Correo Argentino,TRK-VGO3A6AF63
9000005302,1000005302,446.0,448.0,866,1,,2599,DELIVERED,Correo Argentino,TRK-S2CSDQXYB2
9000005303,1000005303,92.0,93.0,494,2,1.0,1,DELIVERED,PICKUP,
9000005304,1000005304,462.0,466.0,761,1,,3156,DELIVERED,Correo Argentino,TRK-XU0NCJ2861
9000005305,1000005305,194.0,197.0,1105,1,,1468,DELIVERED,Correo Argentino,TRK-M4UES1NGHP
9000005306,1000005306,,,809,1,,1802,CANCELLED,Correo Argentino,
9000005307,1000005307,191.0,192.0,1259,2,1.0,1,DELIVERED,PICKUP,
9000005308,1000005308,395.0,398.0,72,1,,2098,READY,Correo Argentino,TRK-1BI3PQLTVR
9000005309,1000005309,531.0,535.0,962,1,,18,DELIVERED,Correo Argentino,TRK-DVUYKH18V0
9000005310,1000005310,323.0,325.0,365,1,,1852,DELIVERED,Correo Argentino,TRK-LY4ZHX8BLB
9000005311,1000005311,345.0,348.0,1440,1,,2243,DELIVERED,Correo Argentino,TRK-PQLBYZIXN5
9000005312,1000005312,208.0,209.0,535,2,1.0,1,SHIPPED,PICKUP,
9000005313,1000005313,399.0,400.0,638,2,1.0,1,DELIVERED,PICKUP,
9000005314,1000005314,86.0,88.0,1322,1,,2174,SHIPPED,Correo Argentino,TRK-DNO2GCY2X0
9000005315,1000005315,,,846,1,,2452,CANCELLED,Correo Argentino,
9000005316,1000005316,185.0,188.0,212,1,,3184,DELIVERED,Correo Argentino,TRK-6PW5TN57TZ
9000005317,1000005317,600.0,601.0,155,2,3.0,3,DELIVERED,PICKUP,
9000005318,1000005318,272.0,273.0,1463,2,4.0,4,SHIPPED,PICKUP,
9000005319,1000005319,202.0,203.0,328,2,1.0,1,DELIVERED,PICKUP,
9000005320,1000005320,217.0,222.0,618,1,,2392,DELIVERED,Correo Argentino,TRK-15B1QK9ZEP
9000005321,1000005321,,,440,2,3.0,3,CANCELLED,PICKUP,
9000005322,1000005322,221.0,222.0,670,2,4.0,4,DELIVERED,PICKUP,
9000005323,1000005323,580.0,584.0,578,1,,1432,SHIPPED,Correo Argentino,TRK-6DZVOKYJU3
9000005324,1000005324,336.0,337.0,246,2,3.0,3,DELIVERED,PICKUP,
9000005325,1000005325,165.0,167.0,1308,1,,1633,DELIVERED,Correo Argentino,TRK-D9S2HQ81IV
9000005326,1000005326,83.0,84.0,614,2,3.0,3,DELIVERED,PICKUP,
9000005327,1000005327,213.0,215.0,260,1,,1739,DELIVERED,Correo Argentino,TRK-3E2Z522J8F
9000005328,1000005328,603.0,606.0,828,1,,841,DELIVERED,Correo Argentino,TRK-GS0DO4HFP1
9000005329,1000005329,400.0,403.0,853,1,,1673,SHIPPED,Correo Argentino,TRK-5O3ALWVBLU
9000005330,1000005330,123.0,128.0,891,1,,2491,DELIVERED,Correo Argentino,TRK-3QVTBMVX7O
9000005331,1000005331,639.0,640.0,951,2,2.0,2,SHIPPED,PICKUP,
9000005332,1000005332,597.0,598.0,1005,2,3.0,3,DELIVERED,PICKUP,
9000005333,1000005333,105.0,106.0,201,2,4.0,4,DELIVERED,PICKUP,
9000005334,1000005334,373.0,374.0,100,2,1.0,1,SHIPPED,PICKUP,
9000005335,1000005335,,,164,1,,2844,CANCELLED,Correo Argentino,
9000005336,1000005336,337.0,338.0,1194,2,3.0,3,DELIVERED,PICKUP,
9000005337,1000005337,580.0,584.0,290,1,,305,DELIVERED,Correo Argentino,TRK-PQZ6RISBC7
9000005338,1000005338,189.0,194.0,101,1,,870,DELIVERED,Correo Argentino,TRK-4KY6MGB246
9000005339,1000005339,419.0,422.0,1082,1,,2306,DELIVERED,Correo Argentino,TRK-53T62EFAJG
9000005340,1000005340,174.0,175.0,1076,2,1.0,1,DELIVERED,PICKUP,
9000005341,1000005341,,,330,2,3.0,3,CANCELLED,PICKUP,
9000005342,1000005342,,,212,1,,2128,CANCELLED,Correo Argentino,
9000005343,1000005343,631.0,634.0,504,1,,254,DELIVERED,Correo Argentino,TRK-1LFNRBEKB0
9000005344,1000005344,402.0,405.0,637,1,,633,SHIPPED,Correo Argentino,TRK-70LP4KT2OR
9000005345,1000005345,342.0,346.0,485,1,,1977,DELIVERED,Correo Argentino,TRK-X3DRTH4A8U
9000005346,1000005346,405.0,408.0,1322,1,,627,DELIVERED,Correo Argentino,TRK-5VAH1LFJLD
9000005347,1000005347,518.0,519.0,303,2,4.0,4,DELIVERED,PICKUP,
9000005348,1000005348,622.0,623.0,724,2,1.0,1,DELIVERED,PICKUP,
9000005349,1000005349,102.0,103.0,1086,2,1.0,1,SHIPPED,PICKUP,
9000005350,1000005350,440.0,441.0,514,2,1.0,1,DELIVERED,PICKUP,
9000005351,1000005351,21.0,23.0,1475,1,,1157,READY,Correo Argentino,TRK-TRQOH3YW0S
9000005352,1000005352,,,963,1,,3142,CANCELLED,Correo Argentino,
9000005353,1000005353,132.0,133.0,330,2,3.0,3,DELIVERED,PICKUP,
9000005354,1000005354,614.0,615.0,435,2,2.0,2,DELIVERED,PICKUP,
9000005355,1000005355,126.0,131.0,1292,1,,2170,DELIVERED,Correo Argentino,TRK-2T7ILP0E6D
9000005356,1000005356,,,983,1,,2069,CANCELLED,Correo Argentino,
9000005357,1000005357,165.0,168.0,1235,1,,547,DELIVERED,Correo Argentino,TRK-FTWGMXUTQ4
9000005358,1000005358,269.0,270.0,788,2,4.0,4,DELIVERED,PICKUP,
9000005359,1000005359,118.0,119.0,786,2,4.0,4,DELIVERED,PICKUP,
9000005360,1000005360,140.0,144.0,1323,1,,1129,DELIVERED,Correo Argentino,TRK-XRJFM871UW
9000005361,1000005361,512.0,513.0,902,2,3.0,3,DELIVERED,PICKUP,
9000005362,1000005362,17.0,18.0,1220,2,3.0,3,DELIVERED,PICKUP,
9000005363,1000005363,467.0,468.0,1315,2,2.0,2,DELIVERED,PICKUP,
9000005364,1000005364,64.0,69.0,774,1,,1474,DELIVERED,Correo Argentino,TRK-LRNLD0Z5KT
9000005365,1000005365,556.0,558.0,454,1,,2055,DELIVERED,Correo Argentino,TRK-Y8N8U0989K
9000005366,1000005366,241.0,246.0,1309,1,,3165,DELIVERED,Correo Argentino,TRK-QULX8G5GSS
9000005367,1000005367,395.0,397.0,1108,1,,890,SHIPPED,Correo Argentino,TRK-PMY8E8UH1Z
9000005368,1000005368,623.0,624.0,596,2,3.0,3,READY,PICKUP,
9000005369,1000005369,506.0,507.0,283,2,4.0,4,DELIVERED,PICKUP,
9000005370,1000005370,,,1406,1,,1572,CANCELLED,Correo Argentino,
9000005371,1000005371,53.0,58.0,382,1,,1802,DELIVERED,Correo Argentino,TRK-2MSJQLW6U2
9000005372,1000005372,167.0,168.0,651,2,4.0,4,DELIVERED,PICKUP,
9000005373,1000005373,189.0,192.0,1160,1,,2177,DELIVERED,Correo Argentino,TRK-JNPHMO8RHQ
9000005374,1000005374,555.0,556.0,414,2,2.0,2,DELIVERED,PICKUP,
9000005375,1000005375,510.0,511.0,323,2,3.0,3,DELIVERED,PICKUP,
9000005376,1000005376,299.0,305.0,824,1,,2543,DELIVERED,Correo Argentino,TRK-DSZTU8HV7L
9000005377,1000005377,324.0,326.0,1340,1,,2938,DELIVERED,Correo Argentino,TRK-5XZU6HW0K4
9000005378,1000005378,,,40,2,3.0,3,CANCELLED,PICKUP,
9000005379,1000005379,639.0,642.0,1456,1,,2892,DELIVERED,Correo Argentino,TRK-TVY5HM7CUS
9000005380,1000005380,397.0,402.0,680,1,,1552,DELIVERED,Correo Argentino,TRK-4RZ1BGV8DJ
9000005381,1000005381,213.0,215.0,995,1,,1306,DELIVERED,Correo Argentino,TRK-S6DMD07ZAY
9000005382,1000005382,6.0,7.0,27,2,4.0,4,DELIVERED,PICKUP,
9000005383,1000005383,327.0,330.0,54,1,,491,DELIVERED,Correo Argentino,TRK-J0ZA1DI74R
9000005384,1000005384,429.0,434.0,623,1,,2912,READY,Correo Argentino,TRK-9DX1VIWRAC
9000005385,1000005385,406.0,407.0,758,2,1.0,1,SHIPPED,PICKUP,
9000005386,1000005386,393.0,396.0,997,1,,2553,READY,Correo Argentino,TRK-GKM0SNFDCX
9000005387,1000005387,381.0,383.0,1433,1,,1767,DELIVERED,Correo Argentino,TRK-RPIN6IVMWU
9000005388,1000005388,609.0,614.0,61,1,,460,DELIVERED,Correo Argentino,TRK-10QCMS1VOX
9000005389,1000005389,330.0,335.0,1092,1,,651,DELIVERED,Correo Argentino,TRK-5UOLNS2UHC
9000005390,1000005390,338.0,340.0,250,1,,1842,DELIVERED,Correo Argentino,TRK-PHC0ELGHN7
9000005391,1000005391,579.0,580.0,1043,2,1.0,1,DELIVERED,PICKUP,
9000005392,1000005392,135.0,138.0,101,1,,3023,DELIVERED,Correo Argentino,TRK-S3VWC0ZBRT
9000005393,1000005393,37.0,39.0,719,1,,1555,DELIVERED,Correo Argentino,TRK-2NE0GJUD9S
9000005394,1000005394,236.0,238.0,544,1,,2488,DELIVERED,Correo Argentino,TRK-OCVE91PJXK
9000005395,1000005395,113.0,117.0,1082,1,,1336,DELIVERED,Correo Argentino,TRK-60C5YFN3L2
9000005396,1000005396,426.0,431.0,415,1,,1647,SHIPPED,Correo Argentino,TRK-QE0VM418WZ
9000005397,1000005397,234.0,238.0,1428,1,,286,DELIVERED,Correo Argentino,TRK-DA8QAETLAP
9000005398,1000005398,491.0,492.0,322,2,2.0,2,DELIVERED,PICKUP,
9000005399,1000005399,534.0,535.0,124,2,3.0,3,DELIVERED,PICKUP,
9000005400,1000005400,427.0,432.0,272,1,,35,DELIVERED,Correo Argentino,TRK-D749AIEHW5
9000005401,1000005401,,,589,1,,618,CANCELLED,Correo Argentino,
9000005402,1000005402,30.0,31.0,505,2,2.0,2,DELIVERED,PICKUP,
9000005403,1000005403,461.0,466.0,1124,1,,2266,DELIVERED,Correo Argentino,TRK-646EQK4ZS0
9000005404,1000005404,515.0,519.0,965,1,,899,DELIVERED,Correo Argentino,TRK-J26DCUIRKG
9000005405,1000005405,103.0,105.0,320,1,,2896,DELIVERED,Correo Argentino,TRK-QC62HTIH0I
9000005406,1000005406,553.0,557.0,897,1,,2669,DELIVERED,Correo Argentino,TRK-RU7T1GYVQ4
9000005407,1000005407,33.0,34.0,1218,2,4.0,4,DELIVERED,PICKUP,
9000005408,1000005408,563.0,564.0,1483,2,1.0,1,DELIVERED,PICKUP,
9000005409,1000005409,,,694,1,,1026,CANCELLED,Correo Argentino,
9000005410,1000005410,516.0,517.0,728,2,4.0,4,DELIVERED,PICKUP,
9000005411,1000005411,333.0,334.0,327,2,1.0,1,DELIVERED,PICKUP,
9000005412,1000005412,64.0,69.0,43,1,,1739,DELIVERED,Correo Argentino,TRK-94CENE79EH
9000005413,1000005413,80.0,81.0,962,2,4.0,4,DELIVERED,PICKUP,
9000005414,1000005414,151.0,152.0,1417,2,3.0,3,DELIVERED,PICKUP,
9000005415,1000005415,492.0,494.0,634,1,,1062,SHIPPED,Correo Argentino,TRK-SR6PJCRTAC
9000005416,1000005416,321.0,322.0,1123,2,2.0,2,DELIVERED,PICKUP,
9000005417,1000005417,37.0,38.0,260,2,4.0,4,DELIVERED,PICKUP,
9000005418,1000005418,28.0,32.0,1158,1,,1434,DELIVERED,Correo Argentino,TRK-1EMMM5MN2R
9000005419,1000005419,581.0,583.0,616,1,,5,SHIPPED,Correo Argentino,TRK-WP7O0UU72A
9000005420,1000005420,636.0,637.0,838,2,3.0,3,DELIVERED,PICKUP,
9000005421,1000005421,74.0,75.0,1094,2,1.0,1,DELIVERED,PICKUP,
9000005422,1000005422,37.0,41.0,594,1,,1811,DELIVERED,Correo Argentino,TRK-B4FZ7DVBIC
9000005423,1000005423,617.0,620.0,756,1,,329,DELIVERED,Correo Argentino,TRK-NCX6UCN900
9000005424,1000005424,594.0,595.0,1019,2,4.0,4,DELIVERED,PICKUP,
9000005425,1000005425,380.0,381.0,618,2,1.0,1,DELIVERED,PICKUP,
9000005426,1000005426,175.0,176.0,75,2,3.0,3,DELIVERED,PICKUP,
9000005427,1000005427,337.0,338.0,217,2,4.0,4,DELIVERED,PICKUP,
9000005428,1000005428,127.0,128.0,1365,2,3.0,3,DELIVERED,PICKUP,
9000005429,1000005429,,,625,2,2.0,2,CANCELLED,PICKUP,
9000005430,1000005430,237.0,240.0,319,1,,2157,DELIVERED,Correo Argentino,TRK-04J4IXFCVT
9000005431,1000005431,33.0,37.0,569,1,,2133,DELIVERED,Correo Argentino,TRK-8283W1NVD0
9000005432,1000005432,421.0,422.0,1469,2,4.0,4,DELIVERED,PICKUP,
9000005433,1000005433,131.0,132.0,1265,2,3.0,3,DELIVERED,PICKUP,
9000005434,1000005434,218.0,219.0,128,2,3.0,3,SHIPPED,PICKUP,
9000005435,1000005435,272.0,273.0,377,2,3.0,3,DELIVERED,PICKUP,
9000005436,1000005436,628.0,630.0,1452,1,,2878,SHIPPED,Correo Argentino,TRK-0SO7CVHBQU
9000005437,1000005437,144.0,147.0,150,1,,1707,DELIVERED,Correo Argentino,TRK-1JJEW4X0YD
9000005438,1000005438,189.0,191.0,236,1,,1267,DELIVERED,Correo Argentino,TRK-CMM2PVGKCO
9000005439,1000005439,28.0,31.0,317,1,,1114,DELIVERED,Correo Argentino,TRK-CEC9LSHD91
9000005440,1000005440,,,879,1,,1657,CANCELLED,Correo Argentino,
9000005441,1000005441,350.0,351.0,445,2,4.0,4,SHIPPED,PICKUP,
9000005442,1000005442,226.0,227.0,924,2,3.0,3,DELIVERED,PICKUP,
9000005443,1000005443,488.0,492.0,859,1,,1892,DELIVERED,Correo Argentino,TRK-P2ICOUZYCI
9000005444,1000005444,104.0,105.0,218,2,3.0,3,SHIPPED,PICKUP,
9000005445,1000005445,42.0,43.0,1191,2,3.0,3,DELIVERED,PICKUP,
9000005446,1000005446,81.0,82.0,522,2,2.0,2,DELIVERED,PICKUP,
9000005447,1000005447,164.0,168.0,600,1,,2094,DELIVERED,Correo Argentino,TRK-MDPFGYXWTY
9000005448,1000005448,295.0,296.0,577,2,3.0,3,DELIVERED,PICKUP,
9000005449,1000005449,98.0,99.0,41,2,2.0,2,DELIVERED,PICKUP,
9000005450,1000005450,593.0,595.0,1251,1,,1383,DELIVERED,Correo Argentino,TRK-0PU0E11WRZ
9000005451,1000005451,436.0,437.0,887,2,3.0,3,DELIVERED,PICKUP,
9000005452,1000005452,490.0,494.0,922,1,,688,DELIVERED,Correo Argentino,TRK-I320VVLXNT
9000005453,1000005453,298.0,299.0,645,2,4.0,4,DELIVERED,PICKUP,
9000005454,1000005454,183.0,187.0,1090,1,,1596,DELIVERED,Correo Argentino,TRK-6VOGEE3TFU
9000005455,1000005455,110.0,111.0,1323,2,1.0,1,SHIPPED,PICKUP,
9000005456,1000005456,87.0,93.0,591,1,,95,DELIVERED,Correo Argentino,TRK-MFJ2H5K3YC
9000005457,1000005457,637.0,640.0,67,1,,2975,DELIVERED,Correo Argentino,TRK-3OFT1JBIWI
9000005458,1000005458,133.0,139.0,305,1,,2450,DELIVERED,Correo Argentino,TRK-G2UJ4H6HO7
9000005459,1000005459,610.0,611.0,67,2,1.0,1,DELIVERED,PICKUP,
9000005460,1000005460,465.0,469.0,1146,1,,2574,DELIVERED,Correo Argentino,TRK-OZ7L8ZYMSJ
9000005461,1000005461,367.0,368.0,264,2,3.0,3,DELIVERED,PICKUP,
9000005462,1000005462,306.0,309.0,731,1,,2064,DELIVERED,Correo Argentino,TRK-5N9DWOST37
9000005463,1000005463,537.0,539.0,1236,1,,806,DELIVERED,Correo Argentino,TRK-Y3031BEA0Z
9000005464,1000005464,51.0,54.0,104,1,,1084,DELIVERED,Correo Argentino,TRK-EG6GRBYCID
9000005465,1000005465,235.0,236.0,1164,2,1.0,1,DELIVERED,PICKUP,
9000005466,1000005466,639.0,642.0,436,1,,1467,DELIVERED,Correo Argentino,TRK-NGDNABN1S4
9000005467,1000005467,630.0,632.0,399,1,,2965,DELIVERED,Correo Argentino,TRK-ASE8KZHISV
9000005468,1000005468,,,931,1,,3039,CANCELLED,Correo Argentino,
9000005469,1000005469,213.0,216.0,1191,1,,1765,DELIVERED,Correo Argentino,TRK-DGDLO1R9PR
9000005470,1000005470,200.0,204.0,1235,1,,763,DELIVERED,Correo Argentino,TRK-J2EVJH88ZP
9000005471,1000005471,418.0,420.0,642,1,,3045,DELIVERED,Correo Argentino,TRK-M4EV40B3XW
9000005472,1000005472,415.0,421.0,38,1,,29,DELIVERED,Correo Argentino,TRK-IVIQ6UN4BR
9000005473,1000005473,123.0,125.0,858,1,,2936,DELIVERED,Correo Argentino,TRK-OJG2RAVO4R
9000005474,1000005474,511.0,516.0,766,1,,1007,DELIVERED,Correo Argentino,TRK-9PXPOG30JN
9000005475,1000005475,101.0,102.0,88,2,4.0,4,DELIVERED,PICKUP,
9000005476,1000005476,499.0,503.0,358,1,,1941,DELIVERED,Correo Argentino,TRK-PMGC7MPDUK
9000005477,1000005477,604.0,608.0,879,1,,345,DELIVERED,Correo Argentino,TRK-D09KEUJMLX
9000005478,1000005478,511.0,512.0,516,2,2.0,2,DELIVERED,PICKUP,
9000005479,1000005479,302.0,306.0,22,1,,2794,SHIPPED,Correo Argentino,TRK-GMSV99JP9D
9000005480,1000005480,69.0,70.0,376,2,1.0,1,DELIVERED,PICKUP,
9000005481,1000005481,588.0,589.0,591,2,4.0,4,DELIVERED,PICKUP,
9000005482,1000005482,485.0,490.0,549,1,,2051,DELIVERED,Correo Argentino,TRK-CE4QK0RFSF
9000005483,1000005483,108.0,112.0,783,1,,130,SHIPPED,Correo Argentino,TRK-TR645FEID9
9000005484,1000005484,345.0,348.0,1155,1,,453,DELIVERED,Correo Argentino,TRK-6JPG1RVAI6
9000005485,1000005485,404.0,407.0,1472,1,,1746,SHIPPED,Correo Argentino,TRK-EZ7SQAESYJ
9000005486,1000005486,93.0,95.0,637,1,,1725,DELIVERED,Correo Argentino,TRK-SNC24TIRLB
9000005487,1000005487,199.0,200.0,372,2,2.0,2,DELIVERED,PICKUP,
9000005488,1000005488,524.0,529.0,664,1,,1891,DELIVERED,Correo Argentino,TRK-5COJJREG8B
9000005489,1000005489,230.0,234.0,164,1,,2656,DELIVERED,Correo Argentino,TRK-BZKCNKOMQJ
9000005490,1000005490,538.0,539.0,1062,2,1.0,1,DELIVERED,PICKUP,
9000005491,1000005491,178.0,182.0,990,1,,926,DELIVERED,Correo Argentino,TRK-1JRXAZ6457
9000005492,1000005492,403.0,404.0,708,2,2.0,2,DELIVERED,PICKUP,
9000005493,1000005493,485.0,487.0,1117,1,,2608,SHIPPED,Correo Argentino,TRK-JQ39P3UK90
9000005494,1000005494,308.0,311.0,1484,1,,845,DELIVERED,Correo Argentino,TRK-LUK6B7V5AP
9000005495,1000005495,,,732,2,1.0,1,CANCELLED,PICKUP,
9000005496,1000005496,520.0,525.0,393,1,,1467,DELIVERED,Correo Argentino,TRK-VK6OUQO0MR
9000005497,1000005497,352.0,355.0,1403,1,,2124,DELIVERED,Correo Argentino,TRK-89V8BLMX2Y
9000005498,1000005498,,,826,2,4.0,4,CANCELLED,PICKUP,
9000005499,1000005499,,,1034,1,,1397,CANCELLED,Correo Argentino,
9000005500,1000005500,241.0,242.0,1132,2,1.0,1,DELIVERED,PICKUP,
9000005501,1000005501,350.0,351.0,985,2,1.0,1,DELIVERED,PICKUP,
9000005502,1000005502,,,665,2,1.0,1,CANCELLED,PICKUP,
9000005503,1000005503,623.0,626.0,1123,1,,2413,DELIVERED,Correo Argentino,TRK-BQWKHHRK4R
9000005504,1000005504,156.0,162.0,784,1,,3077,DELIVERED,Correo Argentino,TRK-20Y1PA7P3M
9000005505,1000005505,502.0,503.0,602,2,4.0,4,DELIVERED,PICKUP,
9000005506,1000005506,99.0,100.0,1059,2,4.0,4,DELIVERED,PICKUP,
9000005507,1000005507,233.0,237.0,1215,1,,3186,DELIVERED,Correo Argentino,TRK-5LMPIMZVJ9
9000005508,1000005508,112.0,113.0,429,2,2.0,2,DELIVERED,PICKUP,
9000005509,1000005509,345.0,346.0,631,2,2.0,2,DELIVERED,PICKUP,
9000005510,1000005510,543.0,547.0,372,1,,2579,DELIVERED,Correo Argentino,TRK-2FYC4NVY8V
9000005511,1000005511,445.0,446.0,32,2,4.0,4,DELIVERED,PICKUP,
9000005512,1000005512,234.0,239.0,277,1,,1941,DELIVERED,Correo Argentino,TRK-4SH1WWS6FQ
9000005513,1000005513,633.0,634.0,243,2,3.0,3,DELIVERED,PICKUP,
9000005514,1000005514,189.0,190.0,693,2,2.0,2,DELIVERED,PICKUP,
9000005515,1000005515,328.0,329.0,1241,2,1.0,1,DELIVERED,PICKUP,
9000005516,1000005516,640.0,645.0,536,1,,2841,DELIVERED,Correo Argentino,TRK-ENN36DWF1A
9000005517,1000005517,205.0,210.0,1302,1,,3116,DELIVERED,Correo Argentino,TRK-5918EVGWDI
9000005518,1000005518,527.0,528.0,1179,2,4.0,4,DELIVERED,PICKUP,
9000005519,1000005519,466.0,467.0,444,2,2.0,2,SHIPPED,PICKUP,
9000005520,1000005520,112.0,114.0,993,1,,1858,DELIVERED,Correo Argentino,TRK-BSZYUDIP3R
9000005521,1000005521,630.0,635.0,939,1,,1903,SHIPPED,Correo Argentino,TRK-E4Q91L9TZN
9000005522,1000005522,141.0,146.0,502,1,,819,DELIVERED,Correo Argentino,TRK-T01XFR3SXD
9000005523,1000005523,212.0,214.0,22,1,,2300,DELIVERED,Correo Argentino,TRK-7TO12BERMY
9000005524,1000005524,605.0,607.0,856,1,,2925,DELIVERED,Correo Argentino,TRK-WMNHPJIR2O
9000005525,1000005525,500.0,501.0,1436,2,2.0,2,SHIPPED,PICKUP,
9000005526,1000005526,3.0,8.0,1335,1,,2321,DELIVERED,Correo Argentino,TRK-6L52Y73J3N
9000005527,1000005527,440.0,441.0,856,2,1.0,1,DELIVERED,PICKUP,
9000005528,1000005528,28.0,31.0,325,1,,1954,DELIVERED,Correo Argentino,TRK-ZY5V1AUR9H
9000005529,1000005529,,,229,1,,399,CANCELLED,Correo Argentino,
9000005530,1000005530,374.0,375.0,357,2,2.0,2,DELIVERED,PICKUP,
9000005531,1000005531,29.0,30.0,29,2,4.0,4,SHIPPED,PICKUP,
9000005532,1000005532,425.0,426.0,306,2,1.0,1,DELIVERED,PICKUP,
9000005533,1000005533,423.0,427.0,710,1,,2120,DELIVERED,Correo Argentino,TRK-38HRRMJID4
9000005534,1000005534,606.0,607.0,11,2,3.0,3,DELIVERED,PICKUP,
9000005535,1000005535,508.0,512.0,785,1,,518,SHIPPED,Correo Argentino,TRK-S1U6IHNGU3
9000005536,1000005536,598.0,602.0,691,1,,1440,DELIVERED,Correo Argentino,TRK-MSFNOX5PTV
9000005537,1000005537,325.0,326.0,640,2,1.0,1,DELIVERED,PICKUP,
9000005538,1000005538,265.0,270.0,937,1,,1745,DELIVERED,Correo Argentino,TRK-2ZBLP68UKM
9000005539,1000005539,440.0,441.0,1479,2,2.0,2,READY,PICKUP,
9000005540,1000005540,185.0,189.0,365,1,,1475,DELIVERED,Correo Argentino,TRK-M3H9R7SLJE
9000005541,1000005541,329.0,331.0,719,1,,2670,SHIPPED,Correo Argentino,TRK-AGE3MKB6WT
9000005542,1000005542,493.0,498.0,455,1,,752,DELIVERED,Correo Argentino,TRK-QGF1EZW9AI
9000005543,1000005543,468.0,469.0,1347,2,3.0,3,DELIVERED,PICKUP,
9000005544,1000005544,481.0,483.0,244,1,,2474,DELIVERED,Correo Argentino,TRK-93MTH56A6U
9000005545,1000005545,,,1456,2,4.0,4,CANCELLED,PICKUP,
9000005546,1000005546,122.0,124.0,44,1,,664,DELIVERED,Correo Argentino,TRK-WGBO9JZFYJ
9000005547,1000005547,336.0,343.0,993,1,,1225,DELIVERED,Correo Argentino,TRK-4BM6VS6ASG
9000005548,1000005548,474.0,475.0,1358,2,1.0,1,DELIVERED,PICKUP,
9000005549,1000005549,245.0,246.0,1103,2,4.0,4,DELIVERED,PICKUP,
9000005550,1000005550,,,1147,1,,3150,CANCELLED,Correo Argentino,
9000005551,1000005551,623.0,625.0,882,1,,24,SHIPPED,Correo Argentino,TRK-FLSDGPZ6NS
9000005552,1000005552,184.0,185.0,1324,2,4.0,4,DELIVERED,PICKUP,
9000005553,1000005553,585.0,589.0,1102,1,,781,DELIVERED,Correo Argentino,TRK-0OX6JXIJJU
9000005554,1000005554,421.0,422.0,547,2,3.0,3,DELIVERED,PICKUP,
9000005555,1000005555,74.0,75.0,833,2,1.0,1,SHIPPED,PICKUP,
9000005556,1000005556,,,1481,1,,2440,CANCELLED,Correo Argentino,
9000005557,1000005557,93.0,97.0,51,1,,1815,DELIVERED,Correo Argentino,TRK-QYQH287FMC
9000005558,1000005558,195.0,202.0,1234,1,,864,SHIPPED,Correo Argentino,TRK-SRDVDPMDA5
9000005559,1000005559,,,378,2,4.0,4,CANCELLED,PICKUP,
9000005560,1000005560,375.0,376.0,1210,2,1.0,1,DELIVERED,PICKUP,
9000005561,1000005561,165.0,167.0,861,1,,1337,SHIPPED,Correo Argentino,TRK-TDT20B7T9C
9000005562,1000005562,490.0,493.0,861,1,,1450,DELIVERED,Correo Argentino,TRK-4N3EN8D5LY
9000005563,1000005563,,,389,2,4.0,4,CANCELLED,PICKUP,
9000005564,1000005564,49.0,50.0,882,2,2.0,2,DELIVERED,PICKUP,
9000005565,1000005565,163.0,166.0,576,1,,1296,DELIVERED,Correo Argentino,TRK-K22WJ1DHDD
9000005566,1000005566,150.0,155.0,1333,1,,631,DELIVERED,Correo Argentino,TRK-N5O1VWDKYZ
9000005567,1000005567,584.0,585.0,537,2,2.0,2,DELIVERED,PICKUP,
9000005568,1000005568,7.0,12.0,825,1,,1856,DELIVERED,Correo Argentino,TRK-LPVSVCSJBH
9000005569,1000005569,319.0,320.0,243,2,3.0,3,DELIVERED,PICKUP,
9000005570,1000005570,197.0,198.0,233,2,4.0,4,DELIVERED,PICKUP,
9000005571,1000005571,476.0,481.0,384,1,,1900,DELIVERED,Correo Argentino,TRK-N1WDXDY581
9000005572,1000005572,636.0,637.0,204,2,4.0,4,DELIVERED,PICKUP,
9000005573,1000005573,457.0,462.0,1272,1,,1953,SHIPPED,Correo Argentino,TRK-29OWH4EJQ3
9000005574,1000005574,109.0,110.0,1468,2,1.0,1,DELIVERED,PICKUP,
9000005575,1000005575,72.0,73.0,1326,2,3.0,3,DELIVERED,PICKUP,
9000005576,1000005576,455.0,460.0,141,1,,1125,DELIVERED,Correo Argentino,TRK-NUIFYRQF92
9000005577,1000005577,214.0,219.0,746,1,,3113,DELIVERED,Correo Argentino,TRK-6G70J61GPW
9000005578,1000005578,189.0,190.0,1479,2,2.0,2,DELIVERED,PICKUP,
9000005579,1000005579,,,328,2,3.0,3,CANCELLED,PICKUP,
9000005580,1000005580,485.0,490.0,276,1,,1787,DELIVERED,Correo Argentino,TRK-MPKCVBMK8I
9000005581,1000005581,357.0,358.0,974,2,4.0,4,DELIVERED,PICKUP,
9000005582,1000005582,355.0,356.0,653,2,2.0,2,SHIPPED,PICKUP,
9000005583,1000005583,43.0,47.0,993,1,,2623,DELIVERED,Correo Argentino,TRK-4E5TAJUF7X
9000005584,1000005584,430.0,432.0,159,1,,1864,DELIVERED,Correo Argentino,TRK-XTN6DFRSIL
9000005585,1000005585,49.0,52.0,1451,1,,960,SHIPPED,Correo Argentino,TRK-X8P7NEYHKN
9000005586,1000005586,360.0,361.0,866,2,4.0,4,DELIVERED,PICKUP,
9000005587,1000005587,206.0,210.0,88,1,,2722,DELIVERED,Correo Argentino,TRK-Y82LMUQMN9
9000005588,1000005588,231.0,232.0,994,2,3.0,3,DELIVERED,PICKUP,
9000005589,1000005589,278.0,282.0,1015,1,,732,DELIVERED,Correo Argentino,TRK-A91X4B6NPN
9000005590,1000005590,,,1351,1,,1238,CANCELLED,Correo Argentino,
9000005591,1000005591,135.0,139.0,304,1,,537,DELIVERED,Correo Argentino,TRK-U45UZ5VV27
9000005592,1000005592,97.0,98.0,925,2,3.0,3,SHIPPED,PICKUP,
9000005593,1000005593,527.0,528.0,283,2,4.0,4,DELIVERED,PICKUP,
9000005594,1000005594,94.0,100.0,1061,1,,2600,DELIVERED,Correo Argentino,TRK-CJRQB9NR7D
9000005595,1000005595,415.0,419.0,429,1,,318,DELIVERED,Correo Argentino,TRK-OFCM2GOQ52
9000005596,1000005596,429.0,436.0,705,1,,115,SHIPPED,Correo Argentino,TRK-GIZIXR7KWM
9000005597,1000005597,294.0,296.0,516,1,,2969,DELIVERED,Correo Argentino,TRK-G403PN2A4A
9000005598,1000005598,341.0,345.0,978,1,,916,SHIPPED,Correo Argentino,TRK-685XI28CUD
9000005599,1000005599,327.0,330.0,332,1,,431,SHIPPED,Correo Argentino,TRK-ULJGWBZEM8
9000005600,1000005600,338.0,339.0,43,2,3.0,3,DELIVERED,PICKUP,
9000005601,1000005601,479.0,481.0,853,1,,1389,DELIVERED,Correo Argentino,TRK-LTC019DPTS
9000005602,1000005602,478.0,479.0,209,2,4.0,4,SHIPPED,PICKUP,
9000005603,1000005603,107.0,110.0,1476,1,,2000,DELIVERED,Correo Argentino,TRK-LA3JZVPY51
9000005604,1000005604,65.0,68.0,1331,1,,1530,DELIVERED,Correo Argentino,TRK-0U7TWFIVP8
9000005605,1000005605,429.0,430.0,1400,2,3.0,3,DELIVERED,PICKUP,
9000005606,1000005606,102.0,106.0,248,1,,963,SHIPPED,Correo Argentino,TRK-L75O2O6MSY
9000005607,1000005607,,,1105,1,,1743,CANCELLED,Correo Argentino,
9000005608,1000005608,105.0,106.0,543,2,1.0,1,DELIVERED,PICKUP,
9000005609,1000005609,392.0,393.0,1452,2,2.0,2,DELIVERED,PICKUP,
9000005610,1000005610,,,483,1,,1195,CANCELLED,Correo Argentino,
9000005611,1000005611,303.0,304.0,135,2,2.0,2,SHIPPED,PICKUP,
9000005612,1000005612,556.0,560.0,1462,1,,209,DELIVERED,Correo Argentino,TRK-UDU2MWMWLM
9000005613,1000005613,513.0,517.0,1149,1,,1237,DELIVERED,Correo Argentino,TRK-2U99RUUWCA
9000005614,1000005614,237.0,238.0,1485,2,2.0,2,DELIVERED,PICKUP,
9000005615,1000005615,188.0,194.0,905,1,,601,DELIVERED,Correo Argentino,TRK-PHIYWRAI17
9000005616,1000005616,472.0,473.0,1236,2,1.0,1,DELIVERED,PICKUP,
9000005617,1000005617,560.0,564.0,176,1,,2010,DELIVERED,Correo Argentino,TRK-VWSPBUDTDG
9000005618,1000005618,,,1319,2,3.0,3,CANCELLED,PICKUP,
9000005619,1000005619,210.0,212.0,1386,1,,43,DELIVERED,Correo Argentino,TRK-I9IZTEQ170
9000005620,1000005620,70.0,77.0,121,1,,2170,DELIVERED,Correo Argentino,TRK-WNWKLJLTAV
9000005621,1000005621,598.0,600.0,954,1,,2224,DELIVERED,Correo Argentino,TRK-LRC62AKVWV
9000005622,1000005622,592.0,595.0,90,1,,71,DELIVERED,Correo Argentino,TRK-M994W9ZL4U
9000005623,1000005623,614.0,619.0,347,1,,2839,DELIVERED,Correo Argentino,TRK-GQKXMQ6TEF
9000005624,1000005624,280.0,284.0,1486,1,,1203,DELIVERED,Correo Argentino,TRK-UCF4KTJVBA
9000005625,1000005625,114.0,117.0,223,1,,1744,SHIPPED,Correo Argentino,TRK-V60EAW91F2
9000005626,1000005626,560.0,561.0,749,2,2.0,2,DELIVERED,PICKUP,
9000005627,1000005627,94.0,95.0,1199,2,2.0,2,DELIVERED,PICKUP,
9000005628,1000005628,629.0,636.0,58,1,,1295,DELIVERED,Correo Argentino,TRK-LL2SI6RTS3
9000005629,1000005629,366.0,367.0,78,2,2.0,2,DELIVERED,PICKUP,
9000005630,1000005630,433.0,437.0,888,1,,2108,DELIVERED,Correo Argentino,TRK-F43KMHZ9XL
9000005631,1000005631,364.0,365.0,1472,2,4.0,4,DELIVERED,PICKUP,
9000005632,1000005632,605.0,610.0,1477,1,,3144,DELIVERED,Correo Argentino,TRK-6KNQQGCNS5
9000005633,1000005633,291.0,295.0,1104,1,,1225,DELIVERED,Correo Argentino,TRK-P9LUKUSSRC
9000005634,1000005634,,,1241,2,4.0,4,CANCELLED,PICKUP,
9000005635,1000005635,527.0,531.0,715,1,,3131,DELIVERED,Correo Argentino,TRK-SFTVSYBL9A
9000005636,1000005636,342.0,344.0,1295,1,,2031,DELIVERED,Correo Argentino,TRK-GQNG62UP3S
9000005637,1000005637,546.0,547.0,1237,2,3.0,3,DELIVERED,PICKUP,
9000005638,1000005638,508.0,511.0,1202,1,,528,DELIVERED,Correo Argentino,TRK-9KCUVCX9XG
9000005639,1000005639,327.0,328.0,1014,2,1.0,1,DELIVERED,PICKUP,
9000005640,1000005640,28.0,29.0,701,2,3.0,3,SHIPPED,PICKUP,
9000005641,1000005641,202.0,204.0,232,1,,1781,SHIPPED,Correo Argentino,TRK-6690AJYA5V
9000005642,1000005642,255.0,256.0,812,2,1.0,1,DELIVERED,PICKUP,
9000005643,1000005643,593.0,597.0,1322,1,,104,DELIVERED,Correo Argentino,TRK-VRAHDBGECQ
9000005644,1000005644,71.0,74.0,1443,1,,2487,DELIVERED,Correo Argentino,TRK-DWACQ9GYPN
9000005645,1000005645,138.0,141.0,1047,1,,1766,DELIVERED,Correo Argentino,TRK-7YEX0UJWYV
9000005646,1000005646,86.0,88.0,669,1,,2785,SHIPPED,Correo Argentino,TRK-7OJTZ7AL9W
9000005647,1000005647,489.0,494.0,23,1,,307,DELIVERED,Correo Argentino,TRK-UZ38R760MP
9000005648,1000005648,208.0,212.0,1163,1,,451,DELIVERED,Correo Argentino,TRK-0E23XSLZPB
9000005649,1000005649,111.0,112.0,97,2,3.0,3,DELIVERED,PICKUP,
9000005650,1000005650,584.0,588.0,366,1,,2883,DELIVERED,Correo Argentino,TRK-LXTP2FECNN
9000005651,1000005651,589.0,592.0,429,1,,1019,SHIPPED,Correo Argentino,TRK-MVXI88MLLQ
9000005652,1000005652,,,524,2,1.0,1,CANCELLED,PICKUP,
9000005653,1000005653,522.0,523.0,1313,2,2.0,2,DELIVERED,PICKUP,
9000005654,1000005654,,,456,1,,2442,CANCELLED,Correo Argentino,
9000005655,1000005655,91.0,93.0,291,1,,2027,DELIVERED,Correo Argentino,TRK-Y0VQTXN975
9000005656,1000005656,321.0,325.0,1359,1,,1882,DELIVERED,Correo Argentino,TRK-17TSX6S70H
9000005657,1000005657,282.0,283.0,685,2,2.0,2,DELIVERED,PICKUP,
9000005658,1000005658,440.0,441.0,1370,2,4.0,4,DELIVERED,PICKUP,
9000005659,1000005659,298.0,299.0,350,2,2.0,2,DELIVERED,PICKUP,
9000005660,1000005660,55.0,59.0,1135,1,,3181,DELIVERED,Correo Argentino,TRK-Y39M3H9CE2
9000005661,1000005661,557.0,561.0,17,1,,593,DELIVERED,Correo Argentino,TRK-1WYS0EEYQR
9000005662,1000005662,429.0,430.0,208,2,3.0,3,DELIVERED,PICKUP,
9000005663,1000005663,507.0,508.0,511,2,4.0,4,DELIVERED,PICKUP,
9000005664,1000005664,97.0,101.0,951,1,,1376,DELIVERED,Correo Argentino,TRK-7MAGBEO19X
9000005665,1000005665,31.0,35.0,43,1,,2563,READY,Correo Argentino,TRK-HA79VA7R2C
9000005666,1000005666,203.0,208.0,1435,1,,2193,DELIVERED,Correo Argentino,TRK-0M5P6P9OGA
9000005667,1000005667,461.0,462.0,748,2,2.0,2,DELIVERED,PICKUP,
9000005668,1000005668,615.0,620.0,542,1,,2195,DELIVERED,Correo Argentino,TRK-TDZAEI88DW
9000005669,1000005669,448.0,452.0,430,1,,801,SHIPPED,Correo Argentino,TRK-M7U8COYBGT
9000005670,1000005670,,,7,2,4.0,4,CANCELLED,PICKUP,
9000005671,1000005671,391.0,393.0,1447,1,,2846,READY,Correo Argentino,TRK-XDEC7KZ4JD
9000005672,1000005672,447.0,448.0,426,2,2.0,2,DELIVERED,PICKUP,
9000005673,1000005673,82.0,83.0,1248,2,3.0,3,SHIPPED,PICKUP,
9000005674,1000005674,404.0,408.0,246,1,,416,DELIVERED,Correo Argentino,TRK-EHK4ZY0A61
9000005675,1000005675,92.0,94.0,665,1,,398,DELIVERED,Correo Argentino,TRK-CFCRP2KQ2M
9000005676,1000005676,534.0,535.0,337,2,1.0,1,SHIPPED,PICKUP,
9000005677,1000005677,156.0,161.0,602,1,,1854,SHIPPED,Correo Argentino,TRK-FXZZZ1C0QC
9000005678,1000005678,524.0,527.0,118,1,,680,DELIVERED,Correo Argentino,TRK-T87YML0XZY
9000005679,1000005679,510.0,511.0,119,2,3.0,3,DELIVERED,PICKUP,
9000005680,1000005680,445.0,448.0,996,1,,2847,DELIVERED,Correo Argentino,TRK-WRRMNXTPCA
9000005681,1000005681,594.0,595.0,143,2,4.0,4,DELIVERED,PICKUP,
9000005682,1000005682,329.0,331.0,191,1,,1450,DELIVERED,Correo Argentino,TRK-X0YTUTXAMI
9000005683,1000005683,308.0,312.0,616,1,,2738,DELIVERED,Correo Argentino,TRK-FHYSBD8446
9000005684,1000005684,152.0,153.0,758,2,1.0,1,DELIVERED,PICKUP,
9000005685,1000005685,332.0,334.0,605,1,,600,DELIVERED,Correo Argentino,TRK-47148A762C
9000005686,1000005686,9.0,12.0,1038,1,,1331,DELIVERED,Correo Argentino,TRK-TFYPPI678Q
9000005687,1000005687,214.0,217.0,754,1,,2605,DELIVERED,Correo Argentino,TRK-AZSUXHZACI
9000005688,1000005688,137.0,142.0,273,1,,2824,DELIVERED,Correo Argentino,TRK-NEUA5K1Q2C
9000005689,1000005689,213.0,214.0,466,2,1.0,1,DELIVERED,PICKUP,
9000005690,1000005690,563.0,564.0,1246,2,1.0,1,READY,PICKUP,
9000005691,1000005691,377.0,378.0,706,2,4.0,4,DELIVERED,PICKUP,
9000005692,1000005692,,,1196,1,,331,CANCELLED,Correo Argentino,
9000005693,1000005693,204.0,209.0,1375,1,,1539,DELIVERED,Correo Argentino,TRK-YEYSV1I5PK
9000005694,1000005694,133.0,134.0,6,2,3.0,3,DELIVERED,PICKUP,
9000005695,1000005695,50.0,51.0,729,2,4.0,4,DELIVERED,PICKUP,
9000005696,1000005696,286.0,287.0,1222,2,1.0,1,DELIVERED,PICKUP,
9000005697,1000005697,314.0,318.0,1493,1,,2130,DELIVERED,Correo Argentino,TRK-BTZWJOHOB0
9000005698,1000005698,409.0,412.0,166,1,,3100,DELIVERED,Correo Argentino,TRK-EHJ28ZJWUZ
9000005699,1000005699,512.0,514.0,1056,1,,1291,DELIVERED,Correo Argentino,TRK-P4AX72IK6J
9000005700,1000005700,,,1278,1,,89,CANCELLED,Correo Argentino,
9000005701,1000005701,383.0,384.0,681,2,4.0,4,DELIVERED,PICKUP,
9000005702,1000005702,1.0,2.0,1042,2,2.0,2,DELIVERED,PICKUP,
9000005703,1000005703,162.0,167.0,1013,1,,2393,SHIPPED,Correo Argentino,TRK-U7D32CVYSD
9000005704,1000005704,285.0,286.0,1392,2,2.0,2,DELIVERED,PICKUP,
9000005705,1000005705,320.0,321.0,175,2,2.0,2,DELIVERED,PICKUP,
9000005706,1000005706,231.0,236.0,1434,1,,2989,DELIVERED,Correo Argentino,TRK-2PIETA2IWQ
9000005707,1000005707,,,795,2,4.0,4,CANCELLED,PICKUP,
9000005708,1000005708,444.0,449.0,919,1,,2101,DELIVERED,Correo Argentino,TRK-1MS30J939J
9000005709,1000005709,,,297,1,,2754,CANCELLED,Correo Argentino,
9000005710,1000005710,545.0,550.0,530,1,,1207,SHIPPED,Correo Argentino,TRK-3VZ2897YAM
9000005711,1000005711,341.0,342.0,608,2,2.0,2,DELIVERED,PICKUP,
9000005712,1000005712,194.0,196.0,574,1,,3185,DELIVERED,Correo Argentino,TRK-4MIWMG9DXR
9000005713,1000005713,404.0,407.0,781,1,,2154,DELIVERED,Correo Argentino,TRK-QHQXTQ90WT
9000005714,1000005714,489.0,491.0,1019,1,,3084,DELIVERED,Correo Argentino,TRK-GR9JXFTVYK
9000005715,1000005715,99.0,103.0,956,1,,755,READY,Correo Argentino,TRK-1JA0YO3HH9
9000005716,1000005716,10.0,11.0,1306,2,3.0,3,DELIVERED,PICKUP,
9000005717,1000005717,604.0,605.0,1382,2,4.0,4,DELIVERED,PICKUP,
9000005718,1000005718,513.0,516.0,763,1,,581,READY,Correo Argentino,TRK-3BPPXTXT9N
9000005719,1000005719,629.0,632.0,1090,1,,659,READY,Correo Argentino,TRK-3290DVV5XI
9000005720,1000005720,341.0,342.0,743,2,2.0,2,DELIVERED,PICKUP,
9000005721,1000005721,618.0,619.0,319,2,1.0,1,DELIVERED,PICKUP,
9000005722,1000005722,319.0,321.0,782,1,,2574,DELIVERED,Correo Argentino,TRK-FU8ZJCI07B
9000005723,1000005723,260.0,261.0,799,2,2.0,2,DELIVERED,PICKUP,
9000005724,1000005724,198.0,199.0,870,2,4.0,4,DELIVERED,PICKUP,
9000005725,1000005725,327.0,332.0,794,1,,2662,DELIVERED,Correo Argentino,TRK-ICN53ARZCT
9000005726,1000005726,,,1244,1,,1738,CANCELLED,Correo Argentino,
9000005727,1000005727,7.0,9.0,75,1,,1061,DELIVERED,Correo Argentino,TRK-URV6NRVC8F
9000005728,1000005728,71.0,75.0,576,1,,1093,DELIVERED,Correo Argentino,TRK-ZCSL4LFPIE
9000005729,1000005729,245.0,250.0,1326,1,,2891,DELIVERED,Correo Argentino,TRK-X5MC3B94KC
9000005730,1000005730,342.0,349.0,731,1,,333,DELIVERED,Correo Argentino,TRK-QW4LUJHI6Q
9000005731,1000005731,131.0,132.0,1387,2,3.0,3,DELIVERED,PICKUP,
9000005732,1000005732,,,1112,1,,2148,CANCELLED,Correo Argentino,
9000005733,1000005733,,,13,1,,721,CANCELLED,Correo Argentino,
9000005734,1000005734,217.0,222.0,297,1,,958,DELIVERED,Correo Argentino,TRK-TVACYLKLY2
9000005735,1000005735,54.0,55.0,974,2,3.0,3,SHIPPED,PICKUP,
9000005736,1000005736,228.0,229.0,1387,2,2.0,2,DELIVERED,PICKUP,
9000005737,1000005737,463.0,468.0,39,1,,1528,DELIVERED,Correo Argentino,TRK-L3E67CU2QU
9000005738,1000005738,230.0,232.0,192,1,,1864,DELIVERED,Correo Argentino,TRK-Q9WNX14T7F
9000005739,1000005739,567.0,571.0,541,1,,1008,DELIVERED,Correo Argentino,TRK-AJT4QGEM4N
9000005740,1000005740,610.0,612.0,1297,1,,724,DELIVERED,Correo Argentino,TRK-S7D3GLPC00
9000005741,1000005741,372.0,375.0,1389,1,,788,DELIVERED,Correo Argentino,TRK-1FI1HUXWAN
9000005742,1000005742,585.0,589.0,1462,1,,3061,DELIVERED,Correo Argentino,TRK-XNM5N84SDQ
9000005743,1000005743,,,1406,1,,1642,CANCELLED,Correo Argentino,
9000005744,1000005744,340.0,341.0,1060,2,1.0,1,DELIVERED,PICKUP,
9000005745,1000005745,245.0,246.0,973,2,3.0,3,DELIVERED,PICKUP,
9000005746,1000005746,225.0,227.0,523,1,,2204,DELIVERED,Correo Argentino,TRK-B9359NFU5F
9000005747,1000005747,192.0,193.0,1079,2,2.0,2,DELIVERED,PICKUP,
9000005748,1000005748,512.0,517.0,451,1,,2704,SHIPPED,Correo Argentino,TRK-PUGCBMY0I4
9000005749,1000005749,83.0,87.0,210,1,,2124,DELIVERED,Correo Argentino,TRK-GMVVQAYK66
9000005750,1000005750,317.0,320.0,273,1,,532,SHIPPED,Correo Argentino,TRK-VEWEYOAKCV
9000005751,1000005751,,,194,1,,1155,CANCELLED,Correo Argentino,
9000005752,1000005752,257.0,261.0,825,1,,1192,DELIVERED,Correo Argentino,TRK-0MM8KE61YS
9000005753,1000005753,461.0,462.0,1358,2,1.0,1,DELIVERED,PICKUP,
9000005754,1000005754,433.0,438.0,967,1,,735,DELIVERED,Correo Argentino,TRK-4QGL4453KZ
9000005755,1000005755,222.0,225.0,1377,1,,1195,DELIVERED,Correo Argentino,TRK-071HFVVMXT
9000005756,1000005756,96.0,97.0,573,2,4.0,4,DELIVERED,PICKUP,
9000005757,1000005757,146.0,147.0,1148,2,1.0,1,DELIVERED,PICKUP,
9000005758,1000005758,543.0,544.0,1274,2,4.0,4,DELIVERED,PICKUP,
9000005759,1000005759,183.0,184.0,147,2,4.0,4,DELIVERED,PICKUP,
9000005760,1000005760,55.0,56.0,1119,2,1.0,1,DELIVERED,PICKUP,
9000005761,1000005761,347.0,352.0,958,1,,979,DELIVERED,Correo Argentino,TRK-8BWHCNG09C
9000005762,1000005762,371.0,372.0,1006,2,4.0,4,DELIVERED,PICKUP,
9000005763,1000005763,462.0,466.0,752,1,,2177,DELIVERED,Correo Argentino,TRK-PZ7E67G9CD
9000005764,1000005764,572.0,576.0,689,1,,2115,SHIPPED,Correo Argentino,TRK-R0EEMWEY3B
9000005765,1000005765,329.0,330.0,931,2,1.0,1,DELIVERED,PICKUP,
9000005766,1000005766,160.0,163.0,853,1,,2296,SHIPPED,Correo Argentino,TRK-9782FNS9JW
9000005767,1000005767,612.0,615.0,1451,1,,1145,DELIVERED,Correo Argentino,TRK-BZY91MTWRL
9000005768,1000005768,452.0,457.0,1045,1,,531,SHIPPED,Correo Argentino,TRK-NHOM4EGOI1
9000005769,1000005769,2.0,7.0,349,1,,1075,DELIVERED,Correo Argentino,TRK-HIWUUZD2NL
9000005770,1000005770,301.0,306.0,855,1,,1325,DELIVERED,Correo Argentino,TRK-FRC31J8W9K
9000005771,1000005771,17.0,20.0,381,1,,1933,DELIVERED,Correo Argentino,TRK-RP5NXATWFZ
9000005772,1000005772,615.0,618.0,1336,1,,1628,DELIVERED,Correo Argentino,TRK-EQK01JJQ5E
9000005773,1000005773,407.0,410.0,209,1,,1177,SHIPPED,Correo Argentino,TRK-08R3U2WMXQ
9000005774,1000005774,328.0,333.0,233,1,,2188,DELIVERED,Correo Argentino,TRK-VTDKUEPFP3
9000005775,1000005775,565.0,566.0,398,2,1.0,1,DELIVERED,PICKUP,
9000005776,1000005776,278.0,279.0,154,2,3.0,3,READY,PICKUP,
9000005777,1000005777,460.0,465.0,136,1,,162,DELIVERED,Correo Argentino,TRK-BPLY8YGFUH
9000005778,1000005778,588.0,589.0,149,2,4.0,4,DELIVERED,PICKUP,
9000005779,1000005779,118.0,119.0,649,2,3.0,3,DELIVERED,PICKUP,
9000005780,1000005780,628.0,631.0,680,1,,331,DELIVERED,Correo Argentino,TRK-XQ68Z5EYZM
9000005781,1000005781,184.0,186.0,98,1,,3024,SHIPPED,Correo Argentino,TRK-MEAKHGRMQP
9000005782,1000005782,293.0,294.0,142,2,4.0,4,DELIVERED,PICKUP,
9000005783,1000005783,,,864,2,1.0,1,CANCELLED,PICKUP,
9000005784,1000005784,383.0,390.0,953,1,,1524,DELIVERED,Correo Argentino,TRK-XDY6TNCRR1
9000005785,1000005785,273.0,275.0,1355,1,,1471,DELIVERED,Correo Argentino,TRK-T8PPTIMDXA
9000005786,1000005786,127.0,131.0,610,1,,23,SHIPPED,Correo Argentino,TRK-CH99DDY7RX
9000005787,1000005787,387.0,388.0,536,2,3.0,3,SHIPPED,PICKUP,
9000005788,1000005788,464.0,469.0,361,1,,1878,DELIVERED,Correo Argentino,TRK-1815TL4LQJ
9000005789,1000005789,18.0,20.0,1339,1,,2200,DELIVERED,Correo Argentino,TRK-GOY95UCPM5
9000005790,1000005790,525.0,527.0,765,1,,380,DELIVERED,Correo Argentino,TRK-H2S3WBLN2P
9000005791,1000005791,223.0,224.0,612,2,2.0,2,DELIVERED,PICKUP,
9000005792,1000005792,622.0,626.0,1078,1,,259,DELIVERED,Correo Argentino,TRK-HU0HLM2BKE
9000005793,1000005793,458.0,461.0,1469,1,,2167,SHIPPED,Correo Argentino,TRK-HAP8CJUM6X
9000005794,1000005794,519.0,520.0,849,2,2.0,2,DELIVERED,PICKUP,
9000005795,1000005795,586.0,588.0,222,1,,1878,DELIVERED,Correo Argentino,TRK-2O871B5NH5
9000005796,1000005796,255.0,259.0,972,1,,2875,SHIPPED,Correo Argentino,TRK-I2BUKWCIN0
9000005797,1000005797,26.0,29.0,332,1,,1595,DELIVERED,Correo Argentino,TRK-ODLGDILE8N
9000005798,1000005798,197.0,202.0,1333,1,,2713,DELIVERED,Correo Argentino,TRK-LUOO7DSMUW
9000005799,1000005799,223.0,225.0,1209,1,,877,SHIPPED,Correo Argentino,TRK-75M5IU23DX
9000005800,1000005800,33.0,35.0,254,1,,2174,DELIVERED,Correo Argentino,TRK-MGLM2X89AY
9000005801,1000005801,553.0,554.0,783,2,3.0,3,DELIVERED,PICKUP,
9000005802,1000005802,598.0,599.0,203,2,1.0,1,DELIVERED,PICKUP,
9000005803,1000005803,90.0,95.0,570,1,,2316,DELIVERED,Correo Argentino,TRK-KEHQ2S20YQ
9000005804,1000005804,149.0,152.0,1317,1,,3025,DELIVERED,Correo Argentino,TRK-YB3JLQTTOC
9000005805,1000005805,247.0,248.0,664,2,1.0,1,DELIVERED,PICKUP,
9000005806,1000005806,476.0,479.0,849,1,,1298,DELIVERED,Correo Argentino,TRK-HDNF308XS8
9000005807,1000005807,507.0,514.0,1032,1,,2784,DELIVERED,Correo Argentino,TRK-Y9Y07JD24A
9000005808,1000005808,311.0,316.0,532,1,,437,SHIPPED,Correo Argentino,TRK-4FEFJ8ZOVR
9000005809,1000005809,226.0,231.0,569,1,,2813,DELIVERED,Correo Argentino,TRK-7YIEYN0KME
9000005810,1000005810,89.0,91.0,685,1,,2656,DELIVERED,Correo Argentino,TRK-5ZRX4A4ZNG
9000005811,1000005811,,,1136,1,,2036,CANCELLED,Correo Argentino,
9000005812,1000005812,160.0,162.0,206,1,,2750,DELIVERED,Correo Argentino,TRK-7O1DZT8YFH
9000005813,1000005813,316.0,319.0,900,1,,1512,DELIVERED,Correo Argentino,TRK-NSENTGBZGN
9000005814,1000005814,531.0,533.0,1485,1,,291,DELIVERED,Correo Argentino,TRK-UY6AVBE0OS
9000005815,1000005815,441.0,443.0,1360,1,,1047,DELIVERED,Correo Argentino,TRK-A44V0B4J21
9000005816,1000005816,529.0,530.0,649,2,2.0,2,SHIPPED,PICKUP,
9000005817,1000005817,454.0,455.0,182,2,1.0,1,DELIVERED,PICKUP,
9000005818,1000005818,338.0,343.0,1282,1,,1104,DELIVERED,Correo Argentino,TRK-NNK5PEU5FY
9000005819,1000005819,333.0,336.0,1280,1,,1565,DELIVERED,Correo Argentino,TRK-LAX4IQK045
9000005820,1000005820,564.0,568.0,444,1,,1229,DELIVERED,Correo Argentino,TRK-CJR7VT6UBH
9000005821,1000005821,82.0,86.0,467,1,,2112,DELIVERED,Correo Argentino,TRK-QBIYRQQWMQ
9000005822,1000005822,300.0,302.0,1033,1,,2381,DELIVERED,Correo Argentino,TRK-LW8TKGZZ8V
9000005823,1000005823,85.0,87.0,502,1,,1993,DELIVERED,Correo Argentino,TRK-D6PZ5LAOJ3
9000005824,1000005824,578.0,580.0,1167,1,,2243,DELIVERED,Correo Argentino,TRK-YNRB7E3KSR
9000005825,1000005825,322.0,323.0,818,2,2.0,2,DELIVERED,PICKUP,
9000005826,1000005826,408.0,412.0,468,1,,764,DELIVERED,Correo Argentino,TRK-1IRMRVZB0Z
9000005827,1000005827,472.0,476.0,1151,1,,195,SHIPPED,Correo Argentino,TRK-GR4CPWNA7W
9000005828,1000005828,471.0,473.0,418,1,,908,SHIPPED,Correo Argentino,TRK-SGBE7KOP7T
9000005829,1000005829,68.0,69.0,661,2,3.0,3,READY,PICKUP,
9000005830,1000005830,199.0,200.0,477,2,2.0,2,DELIVERED,PICKUP,
9000005831,1000005831,101.0,104.0,1236,1,,1811,DELIVERED,Correo Argentino,TRK-9T94M5CCSH
9000005832,1000005832,73.0,77.0,1257,1,,712,DELIVERED,Correo Argentino,TRK-YV31YZTLNT
9000005833,1000005833,256.0,258.0,436,1,,909,DELIVERED,Correo Argentino,TRK-1S6Q054SLM
9000005834,1000005834,206.0,209.0,1206,1,,292,DELIVERED,Correo Argentino,TRK-GNMU8ARTV9
9000005835,1000005835,86.0,88.0,249,1,,2464,DELIVERED,Correo Argentino,TRK-RWPTTZBRRK
9000005836,1000005836,625.0,630.0,954,1,,2885,DELIVERED,Correo Argentino,TRK-OD7CG0EA5B
9000005837,1000005837,319.0,320.0,391,2,3.0,3,DELIVERED,PICKUP,
9000005838,1000005838,472.0,473.0,462,2,4.0,4,DELIVERED,PICKUP,
9000005839,1000005839,420.0,421.0,279,2,3.0,3,DELIVERED,PICKUP,
9000005840,1000005840,609.0,614.0,1269,1,,289,SHIPPED,Correo Argentino,TRK-4GKDZL8WI8
9000005841,1000005841,602.0,603.0,1240,2,4.0,4,DELIVERED,PICKUP,
9000005842,1000005842,207.0,208.0,362,2,4.0,4,DELIVERED,PICKUP,
9000005843,1000005843,508.0,509.0,1120,2,4.0,4,DELIVERED,PICKUP,
9000005844,1000005844,400.0,403.0,347,1,,1627,SHIPPED,Correo Argentino,TRK-DO5FTGO6N3
9000005845,1000005845,200.0,204.0,1222,1,,869,SHIPPED,Correo Argentino,TRK-4R039UM4K5
9000005846,1000005846,128.0,132.0,379,1,,327,SHIPPED,Correo Argentino,TRK-GTIG54LGC1
9000005847,1000005847,304.0,305.0,1002,2,3.0,3,DELIVERED,PICKUP,
9000005848,1000005848,,,1194,2,4.0,4,CANCELLED,PICKUP,
9000005849,1000005849,107.0,108.0,302,2,3.0,3,DELIVERED,PICKUP,
9000005850,1000005850,609.0,610.0,418,2,4.0,4,DELIVERED,PICKUP,
9000005851,1000005851,233.0,235.0,322,1,,717,DELIVERED,Correo Argentino,TRK-PHTCTPXNBA
9000005852,1000005852,116.0,117.0,590,2,2.0,2,DELIVERED,PICKUP,
9000005853,1000005853,494.0,498.0,1444,1,,454,DELIVERED,Correo Argentino,TRK-960HLXPGWN
9000005854,1000005854,629.0,633.0,1135,1,,1416,DELIVERED,Correo Argentino,TRK-DDFS9LFYF0
9000005855,1000005855,605.0,610.0,1163,1,,1163,DELIVERED,Correo Argentino,TRK-JR1JQBLO22
9000005856,1000005856,382.0,386.0,591,1,,1595,DELIVERED,Correo Argentino,TRK-N9TPR85JXY
9000005857,1000005857,378.0,381.0,338,1,,1118,DELIVERED,Correo Argentino,TRK-XQQP0DK8KG
9000005858,1000005858,54.0,56.0,911,1,,2526,DELIVERED,Correo Argentino,TRK-ZQS3XME3Y9
9000005859,1000005859,414.0,415.0,46,2,1.0,1,DELIVERED,PICKUP,
9000005860,1000005860,294.0,295.0,1344,2,2.0,2,SHIPPED,PICKUP,
9000005861,1000005861,543.0,544.0,314,2,3.0,3,DELIVERED,PICKUP,
9000005862,1000005862,,,932,1,,1107,CANCELLED,Correo Argentino,
9000005863,1000005863,274.0,278.0,1358,1,,2659,DELIVERED,Correo Argentino,TRK-GDXSU141DJ
9000005864,1000005864,109.0,110.0,1162,2,2.0,2,DELIVERED,PICKUP,
9000005865,1000005865,373.0,374.0,1053,2,2.0,2,DELIVERED,PICKUP,
9000005866,1000005866,,,945,2,4.0,4,CANCELLED,PICKUP,
9000005867,1000005867,,,697,1,,2603,CANCELLED,Correo Argentino,
9000005868,1000005868,251.0,252.0,1101,2,1.0,1,DELIVERED,PICKUP,
9000005869,1000005869,281.0,282.0,1406,2,2.0,2,DELIVERED,PICKUP,
9000005870,1000005870,372.0,373.0,688,2,4.0,4,DELIVERED,PICKUP,
9000005871,1000005871,470.0,471.0,1269,2,2.0,2,READY,PICKUP,
9000005872,1000005872,202.0,204.0,279,1,,990,SHIPPED,Correo Argentino,TRK-569L8I5WUR
9000005873,1000005873,159.0,164.0,185,1,,2485,SHIPPED,Correo Argentino,TRK-NL9BXBK1F7
9000005874,1000005874,523.0,528.0,1492,1,,661,DELIVERED,Correo Argentino,TRK-5TJRYA893R
9000005875,1000005875,410.0,415.0,277,1,,3157,SHIPPED,Correo Argentino,TRK-GN6XLE1D5C
9000005876,1000005876,548.0,549.0,1234,2,1.0,1,DELIVERED,PICKUP,
9000005877,1000005877,78.0,82.0,858,1,,2492,DELIVERED,Correo Argentino,TRK-38BBKMRHEZ
9000005878,1000005878,259.0,260.0,315,2,3.0,3,DELIVERED,PICKUP,
9000005879,1000005879,553.0,554.0,1151,2,1.0,1,DELIVERED,PICKUP,
9000005880,1000005880,324.0,327.0,994,1,,694,DELIVERED,Correo Argentino,TRK-NLTOC3NB75
9000005881,1000005881,177.0,178.0,9,2,3.0,3,DELIVERED,PICKUP,
9000005882,1000005882,268.0,269.0,1247,2,2.0,2,DELIVERED,PICKUP,
9000005883,1000005883,266.0,269.0,879,1,,754,DELIVERED,Correo Argentino,TRK-EOYXS9A01D
9000005884,1000005884,101.0,105.0,113,1,,2324,DELIVERED,Correo Argentino,TRK-7RRMMFOUZE
9000005885,1000005885,,,1413,1,,2804,CANCELLED,Correo Argentino,
9000005886,1000005886,173.0,174.0,941,2,1.0,1,SHIPPED,PICKUP,
9000005887,1000005887,195.0,197.0,1467,1,,301,DELIVERED,Correo Argentino,TRK-97GYGB0LPI
9000005888,1000005888,554.0,557.0,1188,1,,2620,SHIPPED,Correo Argentino,TRK-7ZNY5K761J
9000005889,1000005889,582.0,584.0,1115,1,,3072,DELIVERED,Correo Argentino,TRK-6DZ6N70FIS
9000005890,1000005890,142.0,143.0,1336,2,4.0,4,DELIVERED,PICKUP,
9000005891,1000005891,19.0,22.0,1363,1,,313,DELIVERED,Correo Argentino,TRK-LP3874C6AK
9000005892,1000005892,149.0,150.0,785,2,3.0,3,DELIVERED,PICKUP,
9000005893,1000005893,420.0,421.0,1103,2,1.0,1,DELIVERED,PICKUP,
9000005894,1000005894,573.0,575.0,517,1,,2045,READY,Correo Argentino,TRK-SJ0H7H744T
9000005895,1000005895,222.0,226.0,519,1,,1503,DELIVERED,Correo Argentino,TRK-WHII2KTTNR
9000005896,1000005896,78.0,82.0,1319,1,,923,DELIVERED,Correo Argentino,TRK-7M7IX4I8WJ
9000005897,1000005897,198.0,199.0,182,2,1.0,1,DELIVERED,PICKUP,
9000005898,1000005898,213.0,214.0,316,2,1.0,1,DELIVERED,PICKUP,
9000005899,1000005899,426.0,431.0,990,1,,294,DELIVERED,Correo Argentino,TRK-4RFVV87D4B
9000005900,1000005900,304.0,309.0,500,1,,2393,DELIVERED,Correo Argentino,TRK-KB9INQJRNL
9000005901,1000005901,296.0,298.0,353,1,,1944,DELIVERED,Correo Argentino,TRK-5UX3YZS202
9000005902,1000005902,263.0,267.0,980,1,,3112,SHIPPED,Correo Argentino,TRK-8KYKICN8BZ
9000005903,1000005903,525.0,528.0,1137,1,,332,DELIVERED,Correo Argentino,TRK-BTJSTLCKMD
9000005904,1000005904,102.0,107.0,1122,1,,1994,DELIVERED,Correo Argentino,TRK-HTVSRJ7M9N
9000005905,1000005905,139.0,144.0,588,1,,1225,DELIVERED,Correo Argentino,TRK-YYZNWRF729
9000005906,1000005906,374.0,375.0,1144,2,3.0,3,DELIVERED,PICKUP,
9000005907,1000005907,163.0,167.0,1413,1,,211,DELIVERED,Correo Argentino,TRK-JUNZEITHV4
9000005908,1000005908,,,1115,2,4.0,4,CANCELLED,PICKUP,
9000005909,1000005909,498.0,500.0,142,1,,387,DELIVERED,Correo Argentino,TRK-XQVTX634ZH
9000005910,1000005910,,,969,2,4.0,4,CANCELLED,PICKUP,
9000005911,1000005911,532.0,533.0,1042,2,2.0,2,DELIVERED,PICKUP,
9000005912,1000005912,358.0,359.0,728,2,4.0,4,DELIVERED,PICKUP,
9000005913,1000005913,222.0,223.0,1117,2,4.0,4,READY,PICKUP,
9000005914,1000005914,350.0,355.0,484,1,,1865,DELIVERED,Correo Argentino,TRK-DCLA9TXGSB
9000005915,1000005915,484.0,487.0,1339,1,,2916,SHIPPED,Correo Argentino,TRK-PSIMB5J7SS
9000005916,1000005916,516.0,521.0,1474,1,,1787,DELIVERED,Correo Argentino,TRK-BJYIEIH177
9000005917,1000005917,298.0,302.0,1161,1,,459,SHIPPED,Correo Argentino,TRK-ZUF2AKO55S
9000005918,1000005918,54.0,55.0,1149,2,4.0,4,DELIVERED,PICKUP,
9000005919,1000005919,206.0,209.0,477,1,,1212,SHIPPED,Correo Argentino,TRK-2NLQI0REKM
9000005920,1000005920,617.0,620.0,951,1,,2146,DELIVERED,Correo Argentino,TRK-4RN69E9XR9
9000005921,1000005921,516.0,520.0,508,1,,1426,DELIVERED,Correo Argentino,TRK-LGU2L3NDL2
9000005922,1000005922,613.0,619.0,689,1,,2393,DELIVERED,Correo Argentino,TRK-K962JWOQK8
9000005923,1000005923,275.0,276.0,289,2,4.0,4,DELIVERED,PICKUP,
9000005924,1000005924,597.0,598.0,1229,2,3.0,3,READY,PICKUP,
9000005925,1000005925,382.0,384.0,1061,1,,872,DELIVERED,Correo Argentino,TRK-0NI3HTGD9S
9000005926,1000005926,249.0,250.0,1051,2,1.0,1,DELIVERED,PICKUP,
9000005927,1000005927,583.0,584.0,35,2,3.0,3,DELIVERED,PICKUP,
9000005928,1000005928,347.0,348.0,3,2,4.0,4,DELIVERED,PICKUP,
9000005929,1000005929,,,1186,1,,2920,CANCELLED,Correo Argentino,
9000005930,1000005930,469.0,470.0,1232,2,1.0,1,DELIVERED,PICKUP,
9000005931,1000005931,123.0,127.0,1076,1,,43,DELIVERED,Correo Argentino,TRK-DGNO4P84AD
9000005932,1000005932,505.0,506.0,111,2,2.0,2,DELIVERED,PICKUP,
9000005933,1000005933,391.0,392.0,1149,2,1.0,1,DELIVERED,PICKUP,
9000005934,1000005934,513.0,514.0,1392,2,2.0,2,DELIVERED,PICKUP,
9000005935,1000005935,604.0,605.0,611,2,3.0,3,DELIVERED,PICKUP,
9000005936,1000005936,289.0,291.0,1313,1,,2042,SHIPPED,Correo Argentino,TRK-SB7G55YEP0
9000005937,1000005937,,,944,1,,222,CANCELLED,Correo Argentino,
9000005938,1000005938,455.0,458.0,1362,1,,6,SHIPPED,Correo Argentino,TRK-G5RI6JJKHD
9000005939,1000005939,413.0,414.0,1225,2,1.0,1,DELIVERED,PICKUP,
9000005940,1000005940,288.0,293.0,1406,1,,628,DELIVERED,Correo Argentino,TRK-NOF89CJJBZ
9000005941,1000005941,329.0,333.0,220,1,,155,DELIVERED,Correo Argentino,TRK-C4I7OXTLP9
9000005942,1000005942,633.0,638.0,1160,1,,871,DELIVERED,Correo Argentino,TRK-VCOK6RC9FC
9000005943,1000005943,262.0,263.0,745,2,3.0,3,DELIVERED,PICKUP,
9000005944,1000005944,56.0,59.0,928,1,,1430,DELIVERED,Correo Argentino,TRK-5TLKLKT3I9
9000005945,1000005945,34.0,36.0,1377,1,,3059,DELIVERED,Correo Argentino,TRK-NFC42EUW2C
9000005946,1000005946,50.0,52.0,1475,1,,2275,DELIVERED,Correo Argentino,TRK-3Y845BKVH5
9000005947,1000005947,469.0,470.0,138,2,3.0,3,DELIVERED,PICKUP,
9000005948,1000005948,281.0,283.0,697,1,,2245,DELIVERED,Correo Argentino,TRK-IU706RN1Y8
9000005949,1000005949,606.0,611.0,1393,1,,2281,DELIVERED,Correo Argentino,TRK-QWRW1E7Q71
9000005950,1000005950,351.0,354.0,1000,1,,2066,DELIVERED,Correo Argentino,TRK-O385TP4MTB
9000005951,1000005951,,,206,1,,1594,CANCELLED,Correo Argentino,
9000005952,1000005952,557.0,559.0,722,1,,1333,DELIVERED,Correo Argentino,TRK-GCAZRMU15P
9000005953,1000005953,393.0,395.0,1447,1,,1578,DELIVERED,Correo Argentino,TRK-1D3WZ0CJU5
9000005954,1000005954,459.0,460.0,1466,2,4.0,4,DELIVERED,PICKUP,
9000005955,1000005955,26.0,30.0,189,1,,941,DELIVERED,Correo Argentino,TRK-4CKGMBAXUR
9000005956,1000005956,221.0,226.0,148,1,,230,DELIVERED,Correo Argentino,TRK-KQSJ8P0EI1
9000005957,1000005957,,,1258,1,,1000,CANCELLED,Correo Argentino,
9000005958,1000005958,219.0,222.0,596,1,,173,DELIVERED,Correo Argentino,TRK-8L6HEJXZH3
9000005959,1000005959,,,546,2,3.0,3,CANCELLED,PICKUP,
9000005960,1000005960,391.0,392.0,100,2,2.0,2,DELIVERED,PICKUP,
9000005961,1000005961,616.0,621.0,1473,1,,1247,DELIVERED,Correo Argentino,TRK-7N9PCDHXJQ
9000005962,1000005962,29.0,30.0,913,2,1.0,1,DELIVERED,PICKUP,
9000005963,1000005963,259.0,262.0,43,1,,1564,SHIPPED,Correo Argentino,TRK-LRPVPUW20T
9000005964,1000005964,18.0,19.0,882,2,4.0,4,DELIVERED,PICKUP,
9000005965,1000005965,340.0,343.0,979,1,,995,SHIPPED,Correo Argentino,TRK-5VA1COSMTM
9000005966,1000005966,514.0,517.0,281,1,,2112,DELIVERED,Correo Argentino,TRK-0NXYPTQE42
9000005967,1000005967,591.0,595.0,32,1,,2037,DELIVERED,Correo Argentino,TRK-25Y9H4GCD6
9000005968,1000005968,443.0,444.0,1427,2,1.0,1,DELIVERED,PICKUP,
9000005969,1000005969,629.0,630.0,112,2,3.0,3,DELIVERED,PICKUP,
9000005970,1000005970,584.0,590.0,187,1,,687,DELIVERED,Correo Argentino,TRK-Q7C2Z4DD6H
9000005971,1000005971,522.0,526.0,757,1,,3102,DELIVERED,Correo Argentino,TRK-196IYK7337
9000005972,1000005972,198.0,203.0,849,1,,2983,DELIVERED,Correo Argentino,TRK-F27S1644WA
9000005973,1000005973,340.0,344.0,902,1,,1715,DELIVERED,Correo Argentino,TRK-PL7JO9G6X5
9000005974,1000005974,236.0,237.0,38,2,1.0,1,DELIVERED,PICKUP,
9000005975,1000005975,298.0,301.0,1129,1,,1954,DELIVERED,Correo Argentino,TRK-NRXPRLV9DH
9000005976,1000005976,523.0,525.0,561,1,,2924,SHIPPED,Correo Argentino,TRK-698OZXR0R6
9000005977,1000005977,355.0,359.0,141,1,,2712,SHIPPED,Correo Argentino,TRK-MC31AJE9JQ
9000005978,1000005978,479.0,483.0,1236,1,,922,SHIPPED,Correo Argentino,TRK-CLOD7VV9VS
9000005979,1000005979,128.0,130.0,276,1,,3041,DELIVERED,Correo Argentino,TRK-D72NB2GP4E
9000005980,1000005980,298.0,299.0,375,2,2.0,2,SHIPPED,PICKUP,
9000005981,1000005981,518.0,519.0,370,2,3.0,3,DELIVERED,PICKUP,
9000005982,1000005982,37.0,38.0,1304,2,1.0,1,DELIVERED,PICKUP,
9000005983,1000005983,348.0,353.0,926,1,,3170,SHIPPED,Correo Argentino,TRK-GBDGMEP7TB
9000005984,1000005984,498.0,499.0,468,2,2.0,2,SHIPPED,PICKUP,
9000005985,1000005985,419.0,420.0,562,2,2.0,2,DELIVERED,PICKUP,
9000005986,1000005986,50.0,54.0,986,1,,1234,DELIVERED,Correo Argentino,TRK-QAUNGCJX48
9000005987,1000005987,531.0,532.0,1343,2,2.0,2,DELIVERED,PICKUP,
9000005988,1000005988,,,983,1,,3108,CANCELLED,Correo Argentino,
9000005989,1000005989,427.0,428.0,1133,2,2.0,2,DELIVERED,PICKUP,
9000005990,1000005990,224.0,225.0,716,2,3.0,3,DELIVERED,PICKUP,
9000005991,1000005991,405.0,409.0,333,1,,2377,DELIVERED,Correo Argentino,TRK-XKRPFOXVNF
9000005992,1000005992,398.0,402.0,1297,1,,765,DELIVERED,Correo Argentino,TRK-G2VEHMIHGV
9000005993,1000005993,,,1344,1,,841,CANCELLED,Correo Argentino,
9000005994,1000005994,265.0,266.0,1099,2,3.0,3,DELIVERED,PICKUP,
9000005995,1000005995,635.0,640.0,49,1,,1358,DELIVERED,Correo Argentino,TRK-1LS7TGI5GT
9000005996,1000005996,43.0,44.0,444,2,3.0,3,DELIVERED,PICKUP,
9000005997,1000005997,,,1215,1,,2862,CANCELLED,Correo Argentino,
9000005998,1000005998,130.0,131.0,610,2,2.0,2,DELIVERED,PICKUP,
9000005999,1000005999,365.0,369.0,93,1,,1344,DELIVERED,Correo Argentino,TRK-DN05X3VB9O
9000006000,1000006000,26.0,27.0,1318,2,3.0,3,SHIPPED,PICKUP,
9000006001,1000006001,467.0,468.0,167,2,3.0,3,DELIVERED,PICKUP,
9000006002,1000006002,202.0,204.0,789,1,,778,DELIVERED,Correo Argentino,TRK-ZP6KNTYCIM
9000006003,1000006003,275.0,278.0,1290,1,,1671,DELIVERED,Correo Argentino,TRK-ZMA6BSYDMD
9000006004,1000006004,208.0,209.0,1340,2,4.0,4,DELIVERED,PICKUP,
9000006005,1000006005,36.0,40.0,327,1,,1783,SHIPPED,Correo Argentino,TRK-58YPI9Z3QH
9000006006,1000006006,63.0,65.0,1131,1,,645,SHIPPED,Correo Argentino,TRK-4AI8X9CVME
9000006007,1000006007,430.0,434.0,295,1,,2770,DELIVERED,Correo Argentino,TRK-6JYW6SJCZY
9000006008,1000006008,346.0,351.0,580,1,,2758,DELIVERED,Correo Argentino,TRK-ZLEGSGZSJJ
9000006009,1000006009,448.0,453.0,364,1,,2716,DELIVERED,Correo Argentino,TRK-ME5XHCUDDM
9000006010,1000006010,363.0,365.0,353,1,,2371,DELIVERED,Correo Argentino,TRK-9D5CLF9HFR
9000006011,1000006011,161.0,162.0,966,2,1.0,1,DELIVERED,PICKUP,
9000006012,1000006012,,,220,1,,1899,CANCELLED,Correo Argentino,
9000006013,1000006013,319.0,321.0,534,1,,838,DELIVERED,Correo Argentino,TRK-9QP4BTGD8O
9000006014,1000006014,300.0,301.0,1488,2,4.0,4,DELIVERED,PICKUP,
9000006015,1000006015,210.0,213.0,10,1,,1835,DELIVERED,Correo Argentino,TRK-Z4KO3SDGU6
9000006016,1000006016,519.0,523.0,269,1,,1374,DELIVERED,Correo Argentino,TRK-GV4DAB2W7I
9000006017,1000006017,347.0,349.0,724,1,,1955,DELIVERED,Correo Argentino,TRK-VG1UK8PCZA
9000006018,1000006018,464.0,471.0,37,1,,957,DELIVERED,Correo Argentino,TRK-R5CYF25M8N
9000006019,1000006019,66.0,67.0,459,2,3.0,3,DELIVERED,PICKUP,
9000006020,1000006020,,,1411,1,,2470,CANCELLED,Correo Argentino,
9000006021,1000006021,604.0,605.0,382,2,4.0,4,DELIVERED,PICKUP,
9000006022,1000006022,227.0,230.0,1096,1,,1071,DELIVERED,Correo Argentino,TRK-0R81FCHGVP
9000006023,1000006023,398.0,403.0,894,1,,2015,DELIVERED,Correo Argentino,TRK-KTQ7I55VU2
9000006024,1000006024,444.0,445.0,1403,2,2.0,2,DELIVERED,PICKUP,
9000006025,1000006025,527.0,530.0,647,1,,1355,DELIVERED,Correo Argentino,TRK-2QD3RHVWXI
9000006026,1000006026,229.0,230.0,65,2,4.0,4,DELIVERED,PICKUP,
9000006027,1000006027,,,259,1,,2426,CANCELLED,Correo Argentino,
9000006028,1000006028,427.0,429.0,210,1,,2850,DELIVERED,Correo Argentino,TRK-6JH8MAT6X3
9000006029,1000006029,164.0,169.0,584,1,,2662,DELIVERED,Correo Argentino,TRK-G4GJ5REO3U
9000006030,1000006030,328.0,330.0,876,1,,2123,DELIVERED,Correo Argentino,TRK-WTXAGMK6RR
9000006031,1000006031,373.0,378.0,221,1,,1823,DELIVERED,Correo Argentino,TRK-J4TRXBBT2P
9000006032,1000006032,,,669,1,,2441,CANCELLED,Correo Argentino,
9000006033,1000006033,312.0,319.0,858,1,,2450,DELIVERED,Correo Argentino,TRK-44Z4S3TNXM
9000006034,1000006034,434.0,438.0,1179,1,,2912,DELIVERED,Correo Argentino,TRK-VK3WJAAWWX
9000006035,1000006035,147.0,150.0,970,1,,2733,DELIVERED,Correo Argentino,TRK-O84VDZOFYY
9000006036,1000006036,,,982,2,3.0,3,CANCELLED,PICKUP,
9000006037,1000006037,612.0,613.0,1090,2,2.0,2,DELIVERED,PICKUP,
9000006038,1000006038,408.0,412.0,939,1,,1530,DELIVERED,Correo Argentino,TRK-QNYJ30O1B1
9000006039,1000006039,28.0,33.0,1276,1,,2283,DELIVERED,Correo Argentino,TRK-IGBZMAJB9K
9000006040,1000006040,98.0,103.0,533,1,,7,DELIVERED,Correo Argentino,TRK-SBMOUUOMC5
9000006041,1000006041,,,583,2,1.0,1,CANCELLED,PICKUP,
9000006042,1000006042,573.0,574.0,987,2,4.0,4,DELIVERED,PICKUP,
9000006043,1000006043,302.0,303.0,1073,2,3.0,3,DELIVERED,PICKUP,
9000006044,1000006044,16.0,18.0,125,1,,2242,DELIVERED,Correo Argentino,TRK-964L0023Q8
9000006045,1000006045,501.0,502.0,86,2,1.0,1,DELIVERED,PICKUP,
9000006046,1000006046,225.0,226.0,574,2,3.0,3,DELIVERED,PICKUP,
9000006047,1000006047,92.0,94.0,31,1,,1976,DELIVERED,Correo Argentino,TRK-VGO1GYF84M
9000006048,1000006048,344.0,345.0,109,2,1.0,1,DELIVERED,PICKUP,
9000006049,1000006049,221.0,222.0,1171,2,3.0,3,SHIPPED,PICKUP,
9000006050,1000006050,94.0,101.0,942,1,,1992,DELIVERED,Correo Argentino,TRK-PS3R5D2TBA
9000006051,1000006051,50.0,55.0,1318,1,,2212,DELIVERED,Correo Argentino,TRK-DDGM4G3SQA
9000006052,1000006052,367.0,368.0,1024,2,1.0,1,READY,PICKUP,
9000006053,1000006053,605.0,606.0,27,2,2.0,2,DELIVERED,PICKUP,
9000006054,1000006054,597.0,600.0,347,1,,547,DELIVERED,Correo Argentino,TRK-BIBFJP2KF0
9000006055,1000006055,629.0,634.0,1161,1,,2849,SHIPPED,Correo Argentino,TRK-WLN6QUUSGU
9000006056,1000006056,620.0,621.0,1134,2,4.0,4,DELIVERED,PICKUP,
9000006057,1000006057,569.0,571.0,495,1,,1733,SHIPPED,Correo Argentino,TRK-WXO6Z063R6
9000006058,1000006058,255.0,256.0,75,2,3.0,3,DELIVERED,PICKUP,
9000006059,1000006059,357.0,358.0,598,2,1.0,1,SHIPPED,PICKUP,
9000006060,1000006060,428.0,429.0,105,2,1.0,1,DELIVERED,PICKUP,
9000006061,1000006061,78.0,79.0,459,2,4.0,4,DELIVERED,PICKUP,
9000006062,1000006062,3.0,5.0,1263,1,,3101,DELIVERED,Correo Argentino,TRK-DPC71C5VHP
9000006063,1000006063,32.0,35.0,1483,1,,2498,DELIVERED,Correo Argentino,TRK-GVKNBJPW2T
9000006064,1000006064,627.0,628.0,1072,2,4.0,4,SHIPPED,PICKUP,
9000006065,1000006065,194.0,198.0,1230,1,,2150,DELIVERED,Correo Argentino,TRK-BVV3PVGR3L
9000006066,1000006066,,,1314,2,4.0,4,CANCELLED,PICKUP,
9000006067,1000006067,286.0,287.0,1167,2,3.0,3,DELIVERED,PICKUP,
9000006068,1000006068,176.0,177.0,55,2,1.0,1,DELIVERED,PICKUP,
9000006069,1000006069,463.0,465.0,1188,1,,376,DELIVERED,Correo Argentino,TRK-LSCI4C9MQE
9000006070,1000006070,495.0,500.0,1409,1,,2376,DELIVERED,Correo Argentino,TRK-JH0L7V54IZ
9000006071,1000006071,288.0,289.0,1463,2,4.0,4,DELIVERED,PICKUP,
9000006072,1000006072,590.0,594.0,1130,1,,400,DELIVERED,Correo Argentino,TRK-OFVH0VI723
9000006073,1000006073,519.0,522.0,499,1,,2040,DELIVERED,Correo Argentino,TRK-TD4Y85Y0V3
9000006074,1000006074,365.0,366.0,1005,2,4.0,4,DELIVERED,PICKUP,
9000006075,1000006075,356.0,360.0,727,1,,1133,SHIPPED,Correo Argentino,TRK-NNZ8GPWPMM
9000006076,1000006076,,,1472,2,2.0,2,CANCELLED,PICKUP,
9000006077,1000006077,17.0,18.0,920,2,2.0,2,READY,PICKUP,
9000006078,1000006078,383.0,384.0,376,2,4.0,4,DELIVERED,PICKUP,
9000006079,1000006079,,,402,1,,634,CANCELLED,Correo Argentino,
9000006080,1000006080,536.0,537.0,724,2,4.0,4,DELIVERED,PICKUP,
9000006081,1000006081,357.0,361.0,1406,1,,1598,DELIVERED,Correo Argentino,TRK-9Q40DGVBXL
9000006082,1000006082,26.0,27.0,979,2,4.0,4,DELIVERED,PICKUP,
9000006083,1000006083,169.0,170.0,1307,2,4.0,4,SHIPPED,PICKUP,
9000006084,1000006084,66.0,71.0,743,1,,2426,DELIVERED,Correo Argentino,TRK-CJSOB2BJZP
9000006085,1000006085,357.0,362.0,947,1,,2070,SHIPPED,Correo Argentino,TRK-A4K7EOO22L
9000006086,1000006086,454.0,457.0,443,1,,1151,DELIVERED,Correo Argentino,TRK-KV1BN9V3X7
9000006087,1000006087,123.0,124.0,921,2,2.0,2,DELIVERED,PICKUP,
9000006088,1000006088,285.0,286.0,934,2,4.0,4,READY,PICKUP,
9000006089,1000006089,637.0,638.0,1132,2,4.0,4,DELIVERED,PICKUP,
9000006090,1000006090,382.0,383.0,52,2,2.0,2,DELIVERED,PICKUP,
9000006091,1000006091,334.0,340.0,1111,1,,1669,SHIPPED,Correo Argentino,TRK-EM0EDSPY9Q
9000006092,1000006092,112.0,113.0,505,2,2.0,2,SHIPPED,PICKUP,
9000006093,1000006093,505.0,506.0,1286,2,4.0,4,DELIVERED,PICKUP,
9000006094,1000006094,548.0,550.0,220,1,,90,DELIVERED,Correo Argentino,TRK-6O1T6ANK2U
9000006095,1000006095,462.0,463.0,673,2,2.0,2,SHIPPED,PICKUP,
9000006096,1000006096,562.0,567.0,557,1,,45,DELIVERED,Correo Argentino,TRK-1YH9SXNV40
9000006097,1000006097,590.0,591.0,797,2,4.0,4,DELIVERED,PICKUP,
9000006098,1000006098,215.0,220.0,596,1,,2679,DELIVERED,Correo Argentino,TRK-F8RZ1DM4T8
9000006099,1000006099,450.0,454.0,1167,1,,1982,SHIPPED,Correo Argentino,TRK-C56VMO119Y
9000006100,1000006100,185.0,187.0,658,1,,259,DELIVERED,Correo Argentino,TRK-VS0GENRJKB
9000006101,1000006101,108.0,113.0,518,1,,1260,DELIVERED,Correo Argentino,TRK-NZWQGZXZNC
9000006102,1000006102,95.0,98.0,1318,1,,1314,DELIVERED,Correo Argentino,TRK-PEKQPOISFZ
9000006103,1000006103,171.0,172.0,721,2,3.0,3,DELIVERED,PICKUP,
9000006104,1000006104,625.0,629.0,275,1,,2796,SHIPPED,Correo Argentino,TRK-THJY43LX19
9000006105,1000006105,597.0,598.0,1310,2,4.0,4,SHIPPED,PICKUP,
9000006106,1000006106,633.0,634.0,555,2,1.0,1,DELIVERED,PICKUP,
9000006107,1000006107,271.0,273.0,1020,1,,387,SHIPPED,Correo Argentino,TRK-A64ESXNATK
9000006108,1000006108,160.0,165.0,1013,1,,3137,DELIVERED,Correo Argentino,TRK-DNR15SBQSX
9000006109,1000006109,507.0,508.0,415,2,2.0,2,DELIVERED,PICKUP,
9000006110,1000006110,359.0,360.0,1155,2,4.0,4,READY,PICKUP,
9000006111,1000006111,19.0,22.0,1426,1,,2318,DELIVERED,Correo Argentino,TRK-N9B292SRJ3
9000006112,1000006112,515.0,516.0,1269,2,1.0,1,DELIVERED,PICKUP,
9000006113,1000006113,248.0,251.0,1230,1,,3099,DELIVERED,Correo Argentino,TRK-15ARBE6CG8
9000006114,1000006114,324.0,325.0,972,2,3.0,3,DELIVERED,PICKUP,
9000006115,1000006115,626.0,631.0,1107,1,,2762,SHIPPED,Correo Argentino,TRK-JE2APW3S46
9000006116,1000006116,247.0,250.0,788,1,,1655,DELIVERED,Correo Argentino,TRK-Y0UNCBZISF
9000006117,1000006117,186.0,191.0,1120,1,,1597,DELIVERED,Correo Argentino,TRK-DQL0FSOP08
9000006118,1000006118,240.0,243.0,168,1,,603,READY,Correo Argentino,TRK-9IENFNX04V
9000006119,1000006119,,,746,2,2.0,2,CANCELLED,PICKUP,
9000006120,1000006120,442.0,444.0,127,1,,2637,DELIVERED,Correo Argentino,TRK-EM9CXX2XF8
9000006121,1000006121,74.0,76.0,447,1,,680,DELIVERED,Correo Argentino,TRK-BNF5AAMYVM
9000006122,1000006122,208.0,210.0,815,1,,2895,DELIVERED,Correo Argentino,TRK-ZZVV2HEEU8
9000006123,1000006123,349.0,354.0,882,1,,461,DELIVERED,Correo Argentino,TRK-2O24CY0FB1
9000006124,1000006124,405.0,409.0,1213,1,,2662,DELIVERED,Correo Argentino,TRK-3XZB305663
9000006125,1000006125,335.0,340.0,1266,1,,1280,DELIVERED,Correo Argentino,TRK-035I9L7G9M
9000006126,1000006126,324.0,327.0,195,1,,2595,DELIVERED,Correo Argentino,TRK-68LQ03OZY8
9000006127,1000006127,298.0,299.0,1128,2,3.0,3,DELIVERED,PICKUP,
9000006128,1000006128,,,661,1,,284,CANCELLED,Correo Argentino,
9000006129,1000006129,297.0,302.0,1054,1,,2520,DELIVERED,Correo Argentino,TRK-APPSOKTH1Z
9000006130,1000006130,269.0,271.0,887,1,,2387,DELIVERED,Correo Argentino,TRK-IQXSM5ZQ30
9000006131,1000006131,,,71,1,,1168,CANCELLED,Correo Argentino,
9000006132,1000006132,449.0,451.0,1303,1,,977,DELIVERED,Correo Argentino,TRK-YBMJW1MA3D
9000006133,1000006133,141.0,144.0,545,1,,2602,DELIVERED,Correo Argentino,TRK-T0GAXANJKO
9000006134,1000006134,520.0,521.0,613,2,2.0,2,DELIVERED,PICKUP,
9000006135,1000006135,,,616,1,,545,CANCELLED,Correo Argentino,
9000006136,1000006136,282.0,286.0,309,1,,482,READY,Correo Argentino,TRK-1CDFNAJN5X
9000006137,1000006137,219.0,222.0,740,1,,2541,SHIPPED,Correo Argentino,TRK-V6UTIXNWAT
9000006138,1000006138,474.0,475.0,1281,2,1.0,1,SHIPPED,PICKUP,
9000006139,1000006139,180.0,181.0,347,2,3.0,3,DELIVERED,PICKUP,
9000006140,1000006140,66.0,69.0,1385,1,,1768,DELIVERED,Correo Argentino,TRK-T2ZL8KWIEG
9000006141,1000006141,473.0,474.0,547,2,4.0,4,SHIPPED,PICKUP,
9000006142,1000006142,186.0,191.0,726,1,,2699,DELIVERED,Correo Argentino,TRK-GK3DBXR2DO
9000006143,1000006143,125.0,126.0,315,2,3.0,3,DELIVERED,PICKUP,
9000006144,1000006144,404.0,406.0,914,1,,680,SHIPPED,Correo Argentino,TRK-FVLDYVGCA0
9000006145,1000006145,583.0,585.0,896,1,,2464,DELIVERED,Correo Argentino,TRK-WK9Y5AACG2
9000006146,1000006146,,,289,2,3.0,3,CANCELLED,PICKUP,
9000006147,1000006147,130.0,131.0,597,2,4.0,4,SHIPPED,PICKUP,
9000006148,1000006148,468.0,470.0,195,1,,1874,SHIPPED,Correo Argentino,TRK-DA16C51E8W
9000006149,1000006149,601.0,602.0,1129,2,4.0,4,DELIVERED,PICKUP,
9000006150,1000006150,15.0,20.0,713,1,,1395,DELIVERED,Correo Argentino,TRK-95766PS55S
9000006151,1000006151,,,1158,1,,2427,CANCELLED,Correo Argentino,
9000006152,1000006152,,,820,2,4.0,4,CANCELLED,PICKUP,
9000006153,1000006153,228.0,231.0,425,1,,774,DELIVERED,Correo Argentino,TRK-UHRL7P121P
9000006154,1000006154,57.0,61.0,461,1,,2650,DELIVERED,Correo Argentino,TRK-J491NNABR3
9000006155,1000006155,271.0,272.0,804,2,1.0,1,DELIVERED,PICKUP,
9000006156,1000006156,464.0,469.0,83,1,,704,SHIPPED,Correo Argentino,TRK-6HVFPXX60P
9000006157,1000006157,99.0,100.0,376,2,3.0,3,DELIVERED,PICKUP,
9000006158,1000006158,126.0,130.0,1429,1,,896,DELIVERED,Correo Argentino,TRK-NDLEU4F2CG
9000006159,1000006159,232.0,235.0,1360,1,,1553,DELIVERED,Correo Argentino,TRK-I0A62BLKDI
9000006160,1000006160,517.0,520.0,900,1,,545,DELIVERED,Correo Argentino,TRK-U6XP5ODKOW
9000006161,1000006161,40.0,45.0,1039,1,,58,DELIVERED,Correo Argentino,TRK-166WF90S9O
9000006162,1000006162,267.0,271.0,1066,1,,2864,DELIVERED,Correo Argentino,TRK-CMOTD6U7SZ
9000006163,1000006163,533.0,534.0,165,2,4.0,4,DELIVERED,PICKUP,
9000006164,1000006164,467.0,471.0,957,1,,881,DELIVERED,Correo Argentino,TRK-GDBRNID5R6
9000006165,1000006165,640.0,645.0,1335,1,,2897,SHIPPED,Correo Argentino,TRK-ZCP6L5I7PX
9000006166,1000006166,231.0,232.0,442,2,1.0,1,DELIVERED,PICKUP,
9000006167,1000006167,103.0,104.0,1443,2,1.0,1,DELIVERED,PICKUP,
9000006168,1000006168,78.0,82.0,492,1,,1923,DELIVERED,Correo Argentino,TRK-50JQR9FVW5
9000006169,1000006169,270.0,273.0,944,1,,2643,SHIPPED,Correo Argentino,TRK-5R5D7V6KLP
9000006170,1000006170,503.0,506.0,370,1,,1299,DELIVERED,Correo Argentino,TRK-F5605149XK
9000006171,1000006171,186.0,190.0,516,1,,351,DELIVERED,Correo Argentino,TRK-VPXHG5PT83
9000006172,1000006172,63.0,65.0,1392,1,,262,DELIVERED,Correo Argentino,TRK-BUQ2MFTO60
9000006173,1000006173,174.0,175.0,1019,2,2.0,2,READY,PICKUP,
9000006174,1000006174,135.0,138.0,337,1,,100,DELIVERED,Correo Argentino,TRK-HTBL92V0PK
9000006175,1000006175,443.0,448.0,387,1,,521,DELIVERED,Correo Argentino,TRK-IZF84C5X8O
9000006176,1000006176,184.0,187.0,281,1,,2619,DELIVERED,Correo Argentino,TRK-K1T3QQQA0O
9000006177,1000006177,478.0,480.0,628,1,,1308,DELIVERED,Correo Argentino,TRK-KSTA1HO5JS
9000006178,1000006178,528.0,530.0,952,1,,2681,SHIPPED,Correo Argentino,TRK-C8GU7TPT36
9000006179,1000006179,249.0,254.0,1340,1,,1101,DELIVERED,Correo Argentino,TRK-JV6KW5WUUH
9000006180,1000006180,254.0,258.0,1076,1,,3174,DELIVERED,Correo Argentino,TRK-98I21610AN
9000006181,1000006181,64.0,69.0,185,1,,41,DELIVERED,Correo Argentino,TRK-Q47E1EQA2S
9000006182,1000006182,631.0,634.0,475,1,,308,SHIPPED,Correo Argentino,TRK-2OQ4P3Z2N1
9000006183,1000006183,536.0,540.0,154,1,,3080,DELIVERED,Correo Argentino,TRK-YL838BKRV4
9000006184,1000006184,68.0,69.0,1168,2,4.0,4,DELIVERED,PICKUP,
9000006185,1000006185,634.0,636.0,309,1,,1377,DELIVERED,Correo Argentino,TRK-6TDH7E4V9O
9000006186,1000006186,150.0,151.0,828,2,4.0,4,DELIVERED,PICKUP,
9000006187,1000006187,84.0,86.0,1200,1,,992,DELIVERED,Correo Argentino,TRK-3PXC23ZFIM
9000006188,1000006188,239.0,241.0,1286,1,,1628,DELIVERED,Correo Argentino,TRK-VII25SHYH7
9000006189,1000006189,33.0,34.0,659,2,1.0,1,DELIVERED,PICKUP,
9000006190,1000006190,545.0,549.0,430,1,,2797,DELIVERED,Correo Argentino,TRK-JF050CFT2W
9000006191,1000006191,441.0,445.0,704,1,,3011,DELIVERED,Correo Argentino,TRK-YGQ1Y5VB89
9000006192,1000006192,172.0,173.0,1087,2,3.0,3,DELIVERED,PICKUP,
9000006193,1000006193,364.0,368.0,63,1,,218,DELIVERED,Correo Argentino,TRK-074GNRB0IW
9000006194,1000006194,412.0,416.0,1388,1,,850,DELIVERED,Correo Argentino,TRK-747TRPXHNL
9000006195,1000006195,11.0,12.0,987,2,1.0,1,SHIPPED,PICKUP,
9000006196,1000006196,4.0,7.0,311,1,,1971,DELIVERED,Correo Argentino,TRK-JHYYJXA47S
9000006197,1000006197,291.0,292.0,379,2,4.0,4,DELIVERED,PICKUP,
9000006198,1000006198,187.0,191.0,585,1,,956,READY,Correo Argentino,TRK-IQIWQULKWB
9000006199,1000006199,595.0,601.0,877,1,,2706,DELIVERED,Correo Argentino,TRK-1XIME6ACVW
9000006200,1000006200,,,416,2,3.0,3,CANCELLED,PICKUP,
9000006201,1000006201,328.0,333.0,173,1,,1857,DELIVERED,Correo Argentino,TRK-B1ES9N03YW
9000006202,1000006202,607.0,612.0,659,1,,86,DELIVERED,Correo Argentino,TRK-VC5ZSRFWAZ
9000006203,1000006203,427.0,429.0,4,1,,1911,DELIVERED,Correo Argentino,TRK-OZZZR3QTGJ
9000006204,1000006204,57.0,58.0,849,2,1.0,1,DELIVERED,PICKUP,
9000006205,1000006205,405.0,406.0,271,2,4.0,4,DELIVERED,PICKUP,
9000006206,1000006206,550.0,553.0,1388,1,,157,DELIVERED,Correo Argentino,TRK-A6CFENJOTZ
9000006207,1000006207,,,623,1,,1778,CANCELLED,Correo Argentino,
9000006208,1000006208,258.0,263.0,1388,1,,620,DELIVERED,Correo Argentino,TRK-QUB5DWK6GZ
9000006209,1000006209,,,1427,2,2.0,2,CANCELLED,PICKUP,
9000006210,1000006210,44.0,45.0,1139,2,4.0,4,DELIVERED,PICKUP,
9000006211,1000006211,603.0,608.0,463,1,,432,DELIVERED,Correo Argentino,TRK-I0HGGYMMEQ
9000006212,1000006212,125.0,127.0,1430,1,,997,DELIVERED,Correo Argentino,TRK-FNJWBBHPO7
9000006213,1000006213,129.0,133.0,499,1,,1431,SHIPPED,Correo Argentino,TRK-GBJJYWRKET
9000006214,1000006214,108.0,111.0,67,1,,2854,DELIVERED,Correo Argentino,TRK-0VDILQ59CO
9000006215,1000006215,602.0,607.0,249,1,,636,DELIVERED,Correo Argentino,TRK-KL6YLHGA91
9000006216,1000006216,339.0,341.0,764,1,,1440,DELIVERED,Correo Argentino,TRK-GZSYSTVI3K
9000006217,1000006217,633.0,634.0,911,2,3.0,3,DELIVERED,PICKUP,
9000006218,1000006218,548.0,549.0,801,2,3.0,3,DELIVERED,PICKUP,
9000006219,1000006219,460.0,465.0,130,1,,1165,DELIVERED,Correo Argentino,TRK-3ZBTZWVWC7
9000006220,1000006220,,,1106,1,,900,CANCELLED,Correo Argentino,
9000006221,1000006221,76.0,82.0,1441,1,,2607,DELIVERED,Correo Argentino,TRK-LBYN2RGJI9
9000006222,1000006222,454.0,459.0,364,1,,230,SHIPPED,Correo Argentino,TRK-GJQKIS0X1P
9000006223,1000006223,97.0,99.0,35,1,,3121,SHIPPED,Correo Argentino,TRK-POB8F8HO89
9000006224,1000006224,461.0,466.0,1451,1,,1000,DELIVERED,Correo Argentino,TRK-CWRN92UAW2
9000006225,1000006225,49.0,53.0,679,1,,172,DELIVERED,Correo Argentino,TRK-MI0V2EMUKH
9000006226,1000006226,16.0,18.0,1084,1,,2211,DELIVERED,Correo Argentino,TRK-LGIEXR0EJ5
9000006227,1000006227,516.0,521.0,248,1,,729,DELIVERED,Correo Argentino,TRK-YLL22FPTTE
9000006228,1000006228,460.0,464.0,1249,1,,2033,DELIVERED,Correo Argentino,TRK-LJ3JU46RHF
9000006229,1000006229,156.0,157.0,4,2,1.0,1,DELIVERED,PICKUP,
9000006230,1000006230,,,1405,2,3.0,3,CANCELLED,PICKUP,
9000006231,1000006231,89.0,90.0,1212,2,4.0,4,DELIVERED,PICKUP,
9000006232,1000006232,514.0,518.0,962,1,,259,DELIVERED,Correo Argentino,TRK-AXC2B2B5EF
9000006233,1000006233,,,1016,2,3.0,3,CANCELLED,PICKUP,
9000006234,1000006234,3.0,6.0,1346,1,,2965,DELIVERED,Correo Argentino,TRK-QYK08NE13F
9000006235,1000006235,,,249,1,,2336,CANCELLED,Correo Argentino,
9000006236,1000006236,137.0,139.0,1301,1,,3138,SHIPPED,Correo Argentino,TRK-WX4W43RS6R
9000006237,1000006237,,,1224,2,4.0,4,CANCELLED,PICKUP,
9000006238,1000006238,518.0,521.0,790,1,,2519,DELIVERED,Correo Argentino,TRK-3H7ASQB6SM
9000006239,1000006239,187.0,191.0,1307,1,,1395,SHIPPED,Correo Argentino,TRK-4PD28GNYLV
9000006240,1000006240,113.0,117.0,56,1,,2447,DELIVERED,Correo Argentino,TRK-B6XVP5LFJ0
9000006241,1000006241,291.0,292.0,266,2,4.0,4,SHIPPED,PICKUP,
9000006242,1000006242,367.0,368.0,80,2,1.0,1,DELIVERED,PICKUP,
9000006243,1000006243,515.0,516.0,1458,2,3.0,3,DELIVERED,PICKUP,
9000006244,1000006244,60.0,63.0,685,1,,570,SHIPPED,Correo Argentino,TRK-WTBZ5DNGSS
9000006245,1000006245,324.0,325.0,1284,2,1.0,1,DELIVERED,PICKUP,
9000006246,1000006246,137.0,138.0,1460,2,1.0,1,DELIVERED,PICKUP,
9000006247,1000006247,105.0,109.0,1024,1,,1446,SHIPPED,Correo Argentino,TRK-OVZ3J532HV
9000006248,1000006248,497.0,501.0,937,1,,337,DELIVERED,Correo Argentino,TRK-VEFNFIFLQ4
9000006249,1000006249,88.0,89.0,1489,2,1.0,1,DELIVERED,PICKUP,
9000006250,1000006250,156.0,157.0,1233,2,4.0,4,DELIVERED,PICKUP,
9000006251,1000006251,585.0,587.0,176,1,,2837,DELIVERED,Correo Argentino,TRK-VKYHA50BQL
9000006252,1000006252,113.0,117.0,396,1,,3154,DELIVERED,Correo Argentino,TRK-XMTLQLU15S
9000006253,1000006253,512.0,514.0,552,1,,828,DELIVERED,Correo Argentino,TRK-IUHUXTZH63
9000006254,1000006254,249.0,253.0,709,1,,2673,DELIVERED,Correo Argentino,TRK-Y2PWKQAF9W
9000006255,1000006255,530.0,533.0,1262,1,,12,DELIVERED,Correo Argentino,TRK-3WFR30JAG1
9000006256,1000006256,481.0,482.0,310,2,2.0,2,SHIPPED,PICKUP,
9000006257,1000006257,255.0,257.0,1258,1,,3080,DELIVERED,Correo Argentino,TRK-BD6NNAQA5O
9000006258,1000006258,108.0,109.0,1039,2,3.0,3,DELIVERED,PICKUP,
9000006259,1000006259,406.0,410.0,145,1,,1506,DELIVERED,Correo Argentino,TRK-CYH0VRPH51
9000006260,1000006260,23.0,25.0,928,1,,2542,DELIVERED,Correo Argentino,TRK-UZAHLQR5VA
9000006261,1000006261,554.0,556.0,1061,1,,858,DELIVERED,Correo Argentino,TRK-YKG6UAZKIL
9000006262,1000006262,136.0,137.0,1421,2,1.0,1,DELIVERED,PICKUP,
9000006263,1000006263,577.0,582.0,1219,1,,2782,SHIPPED,Correo Argentino,TRK-9JHQYCWIH5
9000006264,1000006264,629.0,631.0,510,1,,1239,DELIVERED,Correo Argentino,TRK-YLM6B2CQAG
9000006265,1000006265,492.0,496.0,684,1,,596,DELIVERED,Correo Argentino,TRK-85WH37BG08
9000006266,1000006266,295.0,299.0,727,1,,2981,DELIVERED,Correo Argentino,TRK-HJE1RTUWOG
9000006267,1000006267,382.0,387.0,584,1,,1086,DELIVERED,Correo Argentino,TRK-TAT9N7WNFG
9000006268,1000006268,,,521,1,,2220,CANCELLED,Correo Argentino,
9000006269,1000006269,390.0,392.0,475,1,,45,DELIVERED,Correo Argentino,TRK-UKGZ9IJ2K7
9000006270,1000006270,310.0,313.0,1472,1,,1331,SHIPPED,Correo Argentino,TRK-38BCD2K63N
9000006271,1000006271,484.0,489.0,188,1,,2796,DELIVERED,Correo Argentino,TRK-V6RY6XZPTR
9000006272,1000006272,104.0,105.0,601,2,1.0,1,DELIVERED,PICKUP,
9000006273,1000006273,598.0,600.0,407,1,,220,DELIVERED,Correo Argentino,TRK-AO5LC0OW1W
9000006274,1000006274,382.0,383.0,210,2,2.0,2,DELIVERED,PICKUP,
9000006275,1000006275,264.0,265.0,1472,2,2.0,2,DELIVERED,PICKUP,
9000006276,1000006276,428.0,429.0,1317,2,1.0,1,DELIVERED,PICKUP,
9000006277,1000006277,334.0,341.0,1450,1,,2482,DELIVERED,Correo Argentino,TRK-J57N3J7UL0
9000006278,1000006278,579.0,582.0,724,1,,566,DELIVERED,Correo Argentino,TRK-2OMW31CNKA
9000006279,1000006279,383.0,386.0,942,1,,66,SHIPPED,Correo Argentino,TRK-7MTEJBJXVH
9000006280,1000006280,50.0,54.0,226,1,,773,DELIVERED,Correo Argentino,TRK-IHU83Q8EUK
9000006281,1000006281,637.0,638.0,675,2,2.0,2,SHIPPED,PICKUP,
9000006282,1000006282,420.0,425.0,1366,1,,1366,DELIVERED,Correo Argentino,TRK-IPC5TXENQ9
9000006283,1000006283,315.0,319.0,1464,1,,3074,SHIPPED,Correo Argentino,TRK-Q6T1L9AY2D
9000006284,1000006284,496.0,497.0,1317,2,2.0,2,DELIVERED,PICKUP,
9000006285,1000006285,323.0,328.0,321,1,,1978,DELIVERED,Correo Argentino,TRK-1415FTJRDP
9000006286,1000006286,501.0,502.0,288,2,3.0,3,SHIPPED,PICKUP,
9000006287,1000006287,47.0,49.0,839,1,,2502,SHIPPED,Correo Argentino,TRK-H377BSEING
9000006288,1000006288,16.0,17.0,63,2,4.0,4,SHIPPED,PICKUP,
9000006289,1000006289,31.0,35.0,74,1,,2410,DELIVERED,Correo Argentino,TRK-EHD29U6IA1
9000006290,1000006290,174.0,176.0,1359,1,,2851,DELIVERED,Correo Argentino,TRK-R4P6DHE5HN
9000006291,1000006291,,,735,1,,2964,CANCELLED,Correo Argentino,
9000006292,1000006292,338.0,339.0,583,2,2.0,2,DELIVERED,PICKUP,
9000006293,1000006293,37.0,43.0,403,1,,1948,SHIPPED,Correo Argentino,TRK-07EPP5HY22
9000006294,1000006294,265.0,266.0,144,2,4.0,4,DELIVERED,PICKUP,
9000006295,1000006295,130.0,131.0,724,2,4.0,4,DELIVERED,PICKUP,
9000006296,1000006296,,,508,1,,368,CANCELLED,Correo Argentino,
9000006297,1000006297,424.0,428.0,1476,1,,832,DELIVERED,Correo Argentino,TRK-5ZD2KM78SG
9000006298,1000006298,,,1069,1,,1186,CANCELLED,Correo Argentino,
9000006299,1000006299,509.0,514.0,92,1,,2789,DELIVERED,Correo Argentino,TRK-42FT84MBIV
9000006300,1000006300,73.0,77.0,376,1,,461,DELIVERED,Correo Argentino,TRK-I61ZML9G40
9000006301,1000006301,358.0,359.0,251,2,4.0,4,DELIVERED,PICKUP,
9000006302,1000006302,283.0,288.0,665,1,,2694,DELIVERED,Correo Argentino,TRK-TNND08UN6M
9000006303,1000006303,335.0,336.0,4,2,1.0,1,DELIVERED,PICKUP,
9000006304,1000006304,483.0,487.0,225,1,,3203,SHIPPED,Correo Argentino,TRK-9GW5WLJ3PE
9000006305,1000006305,476.0,477.0,1083,2,1.0,1,DELIVERED,PICKUP,
9000006306,1000006306,317.0,322.0,111,1,,206,DELIVERED,Correo Argentino,TRK-R730F8IPIH
9000006307,1000006307,197.0,198.0,1491,2,2.0,2,DELIVERED,PICKUP,
9000006308,1000006308,32.0,37.0,1340,1,,228,DELIVERED,Correo Argentino,TRK-DH5DS99N6I
9000006309,1000006309,467.0,469.0,597,1,,525,DELIVERED,Correo Argentino,TRK-F6S7PFRPF6
9000006310,1000006310,301.0,306.0,873,1,,1680,DELIVERED,Correo Argentino,TRK-B9DZIZJ3V6
9000006311,1000006311,88.0,89.0,1021,2,1.0,1,SHIPPED,PICKUP,
9000006312,1000006312,404.0,406.0,456,1,,2390,SHIPPED,Correo Argentino,TRK-64ZB5GA83U
9000006313,1000006313,397.0,398.0,413,2,3.0,3,DELIVERED,PICKUP,
9000006314,1000006314,68.0,69.0,748,2,3.0,3,DELIVERED,PICKUP,
9000006315,1000006315,161.0,162.0,1310,2,1.0,1,DELIVERED,PICKUP,
9000006316,1000006316,66.0,71.0,1271,1,,931,DELIVERED,Correo Argentino,TRK-YNGHZQZKLH
9000006317,1000006317,273.0,276.0,964,1,,1131,DELIVERED,Correo Argentino,TRK-UMNJ1VJYCX
9000006318,1000006318,341.0,346.0,1178,1,,571,DELIVERED,Correo Argentino,TRK-J6NVN1WHPP
9000006319,1000006319,502.0,505.0,292,1,,1423,DELIVERED,Correo Argentino,TRK-HO3W7475D4
9000006320,1000006320,418.0,419.0,1034,2,4.0,4,DELIVERED,PICKUP,
9000006321,1000006321,324.0,326.0,494,1,,3176,SHIPPED,Correo Argentino,TRK-KSTO5ZSRMM
9000006322,1000006322,348.0,353.0,1025,1,,1715,DELIVERED,Correo Argentino,TRK-OPQSL7M33D
9000006323,1000006323,581.0,582.0,1045,2,2.0,2,READY,PICKUP,
9000006324,1000006324,478.0,483.0,700,1,,2114,DELIVERED,Correo Argentino,TRK-TFEDUH5PNK
9000006325,1000006325,173.0,175.0,1194,1,,1943,DELIVERED,Correo Argentino,TRK-APG20R00BH
9000006326,1000006326,512.0,517.0,449,1,,1576,DELIVERED,Correo Argentino,TRK-V1WHDSQ73E
9000006327,1000006327,272.0,273.0,220,2,4.0,4,DELIVERED,PICKUP,
9000006328,1000006328,631.0,636.0,1152,1,,2517,DELIVERED,Correo Argentino,TRK-FGJHNW7M80
9000006329,1000006329,,,417,2,3.0,3,CANCELLED,PICKUP,
9000006330,1000006330,487.0,488.0,231,2,3.0,3,DELIVERED,PICKUP,
9000006331,1000006331,32.0,34.0,142,1,,554,SHIPPED,Correo Argentino,TRK-JN8DYCB0YF
9000006332,1000006332,171.0,175.0,867,1,,2295,DELIVERED,Correo Argentino,TRK-5BKZK52VKA
9000006333,1000006333,423.0,428.0,1011,1,,2658,DELIVERED,Correo Argentino,TRK-3LTABNWH98
9000006334,1000006334,375.0,378.0,1363,1,,754,DELIVERED,Correo Argentino,TRK-FDNKEPVROB
9000006335,1000006335,463.0,464.0,1027,2,3.0,3,DELIVERED,PICKUP,
9000006336,1000006336,543.0,547.0,135,1,,1551,DELIVERED,Correo Argentino,TRK-YYCZN4VGL7
9000006337,1000006337,442.0,448.0,582,1,,81,DELIVERED,Correo Argentino,TRK-RDV07MWMWR
9000006338,1000006338,273.0,276.0,525,1,,2834,DELIVERED,Correo Argentino,TRK-2H4W8B0SZA
9000006339,1000006339,501.0,502.0,463,2,3.0,3,DELIVERED,PICKUP,
9000006340,1000006340,324.0,326.0,1127,1,,357,DELIVERED,Correo Argentino,TRK-84ASYJU7HR
9000006341,1000006341,410.0,412.0,1263,1,,649,DELIVERED,Correo Argentino,TRK-HWPRS0E60P
9000006342,1000006342,432.0,434.0,294,1,,818,DELIVERED,Correo Argentino,TRK-3GJ3NGWR37
9000006343,1000006343,437.0,438.0,594,2,3.0,3,DELIVERED,PICKUP,
9000006344,1000006344,17.0,18.0,195,2,2.0,2,SHIPPED,PICKUP,
9000006345,1000006345,34.0,35.0,649,2,1.0,1,SHIPPED,PICKUP,
9000006346,1000006346,,,1043,1,,2465,CANCELLED,Correo Argentino,
9000006347,1000006347,583.0,588.0,932,1,,394,DELIVERED,Correo Argentino,TRK-ZLXTYIGU9D
9000006348,1000006348,497.0,500.0,444,1,,1453,DELIVERED,Correo Argentino,TRK-FYKED6ZL5I
9000006349,1000006349,565.0,568.0,87,1,,1680,READY,Correo Argentino,TRK-8Q6SXU60D1
9000006350,1000006350,303.0,308.0,819,1,,2034,DELIVERED,Correo Argentino,TRK-EIZ0EKVVMO
9000006351,1000006351,,,967,1,,2710,CANCELLED,Correo Argentino,
9000006352,1000006352,357.0,358.0,605,2,4.0,4,DELIVERED,PICKUP,
9000006353,1000006353,,,1331,1,,1483,CANCELLED,Correo Argentino,
9000006354,1000006354,227.0,228.0,527,2,2.0,2,DELIVERED,PICKUP,
9000006355,1000006355,247.0,249.0,660,1,,1808,DELIVERED,Correo Argentino,TRK-F0DSOP56CW
9000006356,1000006356,463.0,465.0,1355,1,,2320,DELIVERED,Correo Argentino,TRK-6A0SBE0QPB
9000006357,1000006357,186.0,192.0,336,1,,2903,SHIPPED,Correo Argentino,TRK-1GJ2F4FZ9K
9000006358,1000006358,406.0,407.0,764,2,4.0,4,DELIVERED,PICKUP,
9000006359,1000006359,394.0,397.0,321,1,,2164,DELIVERED,Correo Argentino,TRK-W28PF8N3BC
9000006360,1000006360,306.0,311.0,307,1,,400,DELIVERED,Correo Argentino,TRK-XKPTJSLTUN
9000006361,1000006361,27.0,28.0,1027,2,1.0,1,DELIVERED,PICKUP,
9000006362,1000006362,,,1359,2,4.0,4,CANCELLED,PICKUP,
9000006363,1000006363,470.0,473.0,723,1,,1366,DELIVERED,Correo Argentino,TRK-ZY7ML0AWKU
9000006364,1000006364,408.0,410.0,1135,1,,681,DELIVERED,Correo Argentino,TRK-9HXLH5YQZM
9000006365,1000006365,289.0,292.0,72,1,,2673,DELIVERED,Correo Argentino,TRK-QO33HAE68P
9000006366,1000006366,218.0,219.0,459,2,4.0,4,DELIVERED,PICKUP,
9000006367,1000006367,180.0,181.0,453,2,4.0,4,DELIVERED,PICKUP,
9000006368,1000006368,187.0,191.0,995,1,,2219,DELIVERED,Correo Argentino,TRK-AQ54R28FMY
9000006369,1000006369,,,316,2,4.0,4,CANCELLED,PICKUP,
9000006370,1000006370,606.0,607.0,1306,2,4.0,4,DELIVERED,PICKUP,
9000006371,1000006371,625.0,626.0,212,2,4.0,4,DELIVERED,PICKUP,
9000006372,1000006372,55.0,58.0,212,1,,3052,SHIPPED,Correo Argentino,TRK-39W2R8KWCZ
9000006373,1000006373,114.0,116.0,1378,1,,2507,DELIVERED,Correo Argentino,TRK-H140OJX7V9
9000006374,1000006374,473.0,478.0,746,1,,166,SHIPPED,Correo Argentino,TRK-0X5OGYB6PJ
9000006375,1000006375,92.0,97.0,1327,1,,803,DELIVERED,Correo Argentino,TRK-CQA1OXQ3VM
9000006376,1000006376,22.0,23.0,1323,2,3.0,3,SHIPPED,PICKUP,
9000006377,1000006377,275.0,278.0,1036,1,,2007,DELIVERED,Correo Argentino,TRK-CCQLJLF5FC
9000006378,1000006378,197.0,198.0,426,2,3.0,3,DELIVERED,PICKUP,
9000006379,1000006379,263.0,265.0,1045,1,,443,DELIVERED,Correo Argentino,TRK-MYVS07VT63
9000006380,1000006380,,,885,1,,845,CANCELLED,Correo Argentino,
9000006381,1000006381,509.0,513.0,1009,1,,2235,DELIVERED,Correo Argentino,TRK-VFM20Z56VW
9000006382,1000006382,26.0,27.0,220,2,2.0,2,DELIVERED,PICKUP,
9000006383,1000006383,217.0,221.0,705,1,,288,DELIVERED,Correo Argentino,TRK-MLY6C967EA
9000006384,1000006384,176.0,180.0,1037,1,,1107,SHIPPED,Correo Argentino,TRK-N4PNI4BM9I
9000006385,1000006385,163.0,167.0,789,1,,1047,SHIPPED,Correo Argentino,TRK-2NTFJLB84E
9000006386,1000006386,163.0,166.0,79,1,,691,SHIPPED,Correo Argentino,TRK-RGALEGCQOA
9000006387,1000006387,2.0,7.0,768,1,,1363,DELIVERED,Correo Argentino,TRK-OSSH65AZHI
9000006388,1000006388,372.0,373.0,1253,2,2.0,2,DELIVERED,PICKUP,
9000006389,1000006389,184.0,186.0,340,1,,2630,DELIVERED,Correo Argentino,TRK-4HOKNSIDD8
9000006390,1000006390,434.0,436.0,87,1,,1379,DELIVERED,Correo Argentino,TRK-IBC3VVBAPR
9000006391,1000006391,,,504,1,,917,CANCELLED,Correo Argentino,
9000006392,1000006392,6.0,12.0,575,1,,333,SHIPPED,Correo Argentino,TRK-LCURVHAD2G
9000006393,1000006393,146.0,149.0,467,1,,884,DELIVERED,Correo Argentino,TRK-0ORD2C1INH
9000006394,1000006394,437.0,439.0,771,1,,1249,DELIVERED,Correo Argentino,TRK-0EQTTMJ2YP
9000006395,1000006395,615.0,617.0,1306,1,,2579,DELIVERED,Correo Argentino,TRK-15XIIFSZG2
9000006396,1000006396,52.0,53.0,465,2,2.0,2,DELIVERED,PICKUP,
9000006397,1000006397,611.0,612.0,877,2,4.0,4,SHIPPED,PICKUP,
9000006398,1000006398,74.0,79.0,602,1,,1309,DELIVERED,Correo Argentino,TRK-8NF9A2QMGR
9000006399,1000006399,538.0,543.0,554,1,,1455,DELIVERED,Correo Argentino,TRK-KRR8DCTZRR
9000006400,1000006400,319.0,322.0,1313,1,,1036,DELIVERED,Correo Argentino,TRK-GF05KDV6VN
9000006401,1000006401,384.0,385.0,410,2,2.0,2,DELIVERED,PICKUP,
9000006402,1000006402,255.0,256.0,1312,2,2.0,2,DELIVERED,PICKUP,
9000006403,1000006403,581.0,582.0,289,2,1.0,1,DELIVERED,PICKUP,
9000006404,1000006404,503.0,504.0,429,2,1.0,1,DELIVERED,PICKUP,
9000006405,1000006405,609.0,613.0,699,1,,316,DELIVERED,Correo Argentino,TRK-YG2H365L3Y
9000006406,1000006406,425.0,426.0,267,2,2.0,2,SHIPPED,PICKUP,
9000006407,1000006407,489.0,491.0,1228,1,,73,DELIVERED,Correo Argentino,TRK-NA4F56KT8N
9000006408,1000006408,279.0,284.0,476,1,,2495,DELIVERED,Correo Argentino,TRK-1VZOLBSCOC
9000006409,1000006409,381.0,384.0,1276,1,,2895,DELIVERED,Correo Argentino,TRK-TZBMFQFUOK
9000006410,1000006410,119.0,120.0,648,2,2.0,2,DELIVERED,PICKUP,
9000006411,1000006411,17.0,18.0,851,2,4.0,4,SHIPPED,PICKUP,
9000006412,1000006412,,,1348,2,4.0,4,CANCELLED,PICKUP,
9000006413,1000006413,56.0,57.0,1318,2,2.0,2,DELIVERED,PICKUP,
9000006414,1000006414,350.0,351.0,514,2,1.0,1,DELIVERED,PICKUP,
9000006415,1000006415,314.0,318.0,1093,1,,103,SHIPPED,Correo Argentino,TRK-GFGEU2H4BX
9000006416,1000006416,258.0,263.0,1426,1,,1345,DELIVERED,Correo Argentino,TRK-M1NAZ3T9AW
9000006417,1000006417,553.0,554.0,996,2,2.0,2,DELIVERED,PICKUP,
9000006418,1000006418,,,718,2,2.0,2,CANCELLED,PICKUP,
9000006419,1000006419,152.0,157.0,724,1,,2751,SHIPPED,Correo Argentino,TRK-A99W6Z7FNI
9000006420,1000006420,73.0,78.0,114,1,,382,SHIPPED,Correo Argentino,TRK-MU5ZCQ0CVL
9000006421,1000006421,382.0,383.0,800,2,2.0,2,DELIVERED,PICKUP,
9000006422,1000006422,412.0,417.0,1004,1,,670,SHIPPED,Correo Argentino,TRK-M50V24J88S
9000006423,1000006423,375.0,376.0,147,2,1.0,1,DELIVERED,PICKUP,
9000006424,1000006424,372.0,373.0,28,2,1.0,1,DELIVERED,PICKUP,
9000006425,1000006425,388.0,393.0,786,1,,426,DELIVERED,Correo Argentino,TRK-6AU2016PAK
9000006426,1000006426,,,153,2,3.0,3,CANCELLED,PICKUP,
9000006427,1000006427,309.0,314.0,1433,1,,1320,DELIVERED,Correo Argentino,TRK-BF6G5N5PJB
9000006428,1000006428,525.0,526.0,1419,2,1.0,1,SHIPPED,PICKUP,
9000006429,1000006429,613.0,614.0,389,2,4.0,4,DELIVERED,PICKUP,
9000006430,1000006430,165.0,166.0,233,2,3.0,3,DELIVERED,PICKUP,
9000006431,1000006431,425.0,428.0,746,1,,1494,DELIVERED,Correo Argentino,TRK-CCX0OIDXFF
9000006432,1000006432,427.0,428.0,894,2,1.0,1,DELIVERED,PICKUP,
9000006433,1000006433,622.0,626.0,1083,1,,497,DELIVERED,Correo Argentino,TRK-FP0VWSFVQS
9000006434,1000006434,219.0,224.0,1347,1,,2610,DELIVERED,Correo Argentino,TRK-M1ESSNHXZV
9000006435,1000006435,84.0,85.0,24,2,4.0,4,DELIVERED,PICKUP,
9000006436,1000006436,513.0,520.0,1239,1,,450,DELIVERED,Correo Argentino,TRK-N7YRE20O5Q
9000006437,1000006437,445.0,450.0,1151,1,,819,DELIVERED,Correo Argentino,TRK-IKDAWQU9OM
9000006438,1000006438,484.0,485.0,696,2,4.0,4,SHIPPED,PICKUP,
9000006439,1000006439,64.0,66.0,1278,1,,372,DELIVERED,Correo Argentino,TRK-S99NTHMFEB
9000006440,1000006440,201.0,206.0,336,1,,3123,SHIPPED,Correo Argentino,TRK-OG33SUB8WL
9000006441,1000006441,525.0,528.0,1174,1,,2942,SHIPPED,Correo Argentino,TRK-9HWT1Z9OYP
9000006442,1000006442,363.0,366.0,668,1,,954,DELIVERED,Correo Argentino,TRK-OUU7659EZ1
9000006443,1000006443,312.0,313.0,501,2,2.0,2,DELIVERED,PICKUP,
9000006444,1000006444,,,1292,2,1.0,1,CANCELLED,PICKUP,
9000006445,1000006445,400.0,403.0,198,1,,2241,DELIVERED,Correo Argentino,TRK-P0IXF8YDES
9000006446,1000006446,444.0,447.0,884,1,,232,DELIVERED,Correo Argentino,TRK-63K747CVBT
9000006447,1000006447,374.0,377.0,1230,1,,1147,DELIVERED,Correo Argentino,TRK-LEELMJYJMT
9000006448,1000006448,635.0,636.0,212,2,2.0,2,DELIVERED,PICKUP,
9000006449,1000006449,344.0,345.0,1025,2,2.0,2,DELIVERED,PICKUP,
9000006450,1000006450,217.0,218.0,1424,2,2.0,2,DELIVERED,PICKUP,
9000006451,1000006451,318.0,321.0,975,1,,452,DELIVERED,Correo Argentino,TRK-67V9KB2GGC
9000006452,1000006452,395.0,399.0,820,1,,861,DELIVERED,Correo Argentino,TRK-V0SE01MG1W
9000006453,1000006453,295.0,298.0,1099,1,,2541,DELIVERED,Correo Argentino,TRK-Q939MCQZBS
9000006454,1000006454,,,1175,1,,1058,CANCELLED,Correo Argentino,
9000006455,1000006455,,,860,2,4.0,4,CANCELLED,PICKUP,
9000006456,1000006456,311.0,312.0,132,2,3.0,3,DELIVERED,PICKUP,
9000006457,1000006457,605.0,607.0,573,1,,2053,DELIVERED,Correo Argentino,TRK-L0IXS9HAKS
9000006458,1000006458,58.0,59.0,199,2,4.0,4,DELIVERED,PICKUP,
9000006459,1000006459,346.0,348.0,539,1,,1890,DELIVERED,Correo Argentino,TRK-908IRX2R8S
9000006460,1000006460,552.0,555.0,196,1,,2316,DELIVERED,Correo Argentino,TRK-1EB08UMGNO
9000006461,1000006461,145.0,148.0,267,1,,2179,DELIVERED,Correo Argentino,TRK-7OPBRWYZDK
9000006462,1000006462,273.0,274.0,220,2,4.0,4,DELIVERED,PICKUP,
9000006463,1000006463,71.0,75.0,604,1,,1925,DELIVERED,Correo Argentino,TRK-UZ6BZ3I9X3
9000006464,1000006464,169.0,174.0,73,1,,1300,DELIVERED,Correo Argentino,TRK-NACV0UIGA5
9000006465,1000006465,331.0,335.0,1331,1,,36,DELIVERED,Correo Argentino,TRK-4G1S1RBZED
9000006466,1000006466,329.0,333.0,158,1,,2464,DELIVERED,Correo Argentino,TRK-7MZIQOBPUQ
9000006467,1000006467,92.0,93.0,549,2,2.0,2,DELIVERED,PICKUP,
9000006468,1000006468,74.0,79.0,1448,1,,950,DELIVERED,Correo Argentino,TRK-BKPOTOXJ5L
9000006469,1000006469,,,795,2,1.0,1,CANCELLED,PICKUP,
9000006470,1000006470,435.0,439.0,77,1,,2689,DELIVERED,Correo Argentino,TRK-YDMSM7T6DN
9000006471,1000006471,573.0,578.0,1163,1,,1196,DELIVERED,Correo Argentino,TRK-S6ZC6AZECJ
9000006472,1000006472,459.0,460.0,1121,2,1.0,1,DELIVERED,PICKUP,
9000006473,1000006473,133.0,134.0,232,2,1.0,1,DELIVERED,PICKUP,
9000006474,1000006474,190.0,196.0,329,1,,514,SHIPPED,Correo Argentino,TRK-7LTGSYIKP6
9000006475,1000006475,44.0,51.0,1094,1,,2225,DELIVERED,Correo Argentino,TRK-G6PFSG7ZLU
9000006476,1000006476,510.0,515.0,944,1,,2902,DELIVERED,Correo Argentino,TRK-HII122O0AQ
9000006477,1000006477,350.0,354.0,1304,1,,2132,DELIVERED,Correo Argentino,TRK-W9V0PVYWST
9000006478,1000006478,5.0,6.0,61,2,1.0,1,DELIVERED,PICKUP,
9000006479,1000006479,449.0,450.0,560,2,3.0,3,DELIVERED,PICKUP,
9000006480,1000006480,321.0,323.0,299,1,,241,DELIVERED,Correo Argentino,TRK-DYCJXH5P55
9000006481,1000006481,557.0,561.0,812,1,,3202,SHIPPED,Correo Argentino,TRK-89I6Z7G83W
9000006482,1000006482,62.0,67.0,169,1,,1113,DELIVERED,Correo Argentino,TRK-56HHGAGL49
9000006483,1000006483,464.0,465.0,1136,2,1.0,1,DELIVERED,PICKUP,
9000006484,1000006484,217.0,221.0,986,1,,2205,DELIVERED,Correo Argentino,TRK-MX700W8XAE
9000006485,1000006485,608.0,609.0,1066,2,1.0,1,DELIVERED,PICKUP,
9000006486,1000006486,524.0,525.0,1041,2,1.0,1,DELIVERED,PICKUP,
9000006487,1000006487,255.0,256.0,152,2,2.0,2,DELIVERED,PICKUP,
9000006488,1000006488,51.0,52.0,1402,2,3.0,3,SHIPPED,PICKUP,
9000006489,1000006489,64.0,68.0,1032,1,,2927,DELIVERED,Correo Argentino,TRK-JNI3FCDNID
9000006490,1000006490,183.0,187.0,508,1,,2715,DELIVERED,Correo Argentino,TRK-U3LTJ7RFTV
9000006491,1000006491,455.0,457.0,32,1,,2189,DELIVERED,Correo Argentino,TRK-O783XZ1TY2
9000006492,1000006492,574.0,578.0,1373,1,,2050,DELIVERED,Correo Argentino,TRK-DGGKRTLTNU
9000006493,1000006493,343.0,344.0,1133,2,3.0,3,DELIVERED,PICKUP,
9000006494,1000006494,202.0,207.0,1336,1,,1223,DELIVERED,Correo Argentino,TRK-YGR5CSIP4Z
9000006495,1000006495,51.0,55.0,1061,1,,2552,DELIVERED,Correo Argentino,TRK-1CY6JOC50H
9000006496,1000006496,,,1033,1,,1513,CANCELLED,Correo Argentino,
9000006497,1000006497,607.0,608.0,993,2,2.0,2,DELIVERED,PICKUP,
9000006498,1000006498,206.0,208.0,1034,1,,141,DELIVERED,Correo Argentino,TRK-H2B440ZR6L
9000006499,1000006499,260.0,261.0,1468,2,1.0,1,DELIVERED,PICKUP,
9000006500,1000006500,237.0,243.0,419,1,,1129,DELIVERED,Correo Argentino,TRK-W8ZUPMDIK9
9000006501,1000006501,,,1348,1,,690,CANCELLED,Correo Argentino,
9000006502,1000006502,312.0,313.0,39,2,4.0,4,SHIPPED,PICKUP,
9000006503,1000006503,383.0,387.0,1006,1,,1347,DELIVERED,Correo Argentino,TRK-HO57FJVKET
9000006504,1000006504,148.0,149.0,311,2,1.0,1,DELIVERED,PICKUP,
9000006505,1000006505,79.0,86.0,373,1,,1591,DELIVERED,Correo Argentino,TRK-HNBL9TLNLG
9000006506,1000006506,297.0,302.0,623,1,,2751,DELIVERED,Correo Argentino,TRK-U1CV8K80QO
9000006507,1000006507,418.0,422.0,1313,1,,2168,DELIVERED,Correo Argentino,TRK-XM5JBUBYZ6
9000006508,1000006508,563.0,564.0,283,2,2.0,2,DELIVERED,PICKUP,
9000006509,1000006509,516.0,519.0,734,1,,3046,DELIVERED,Correo Argentino,TRK-F0505JQA20
9000006510,1000006510,434.0,435.0,1182,2,2.0,2,DELIVERED,PICKUP,
9000006511,1000006511,434.0,435.0,67,2,2.0,2,DELIVERED,PICKUP,
9000006512,1000006512,29.0,34.0,919,1,,1034,DELIVERED,Correo Argentino,TRK-SG40E33UYK
9000006513,1000006513,225.0,226.0,737,2,4.0,4,DELIVERED,PICKUP,
9000006514,1000006514,539.0,540.0,1267,2,1.0,1,DELIVERED,PICKUP,
9000006515,1000006515,424.0,427.0,1345,1,,385,SHIPPED,Correo Argentino,TRK-64KTDZJPBL
9000006516,1000006516,94.0,97.0,1085,1,,1568,DELIVERED,Correo Argentino,TRK-B938GQDL8T
9000006517,1000006517,556.0,558.0,126,1,,404,DELIVERED,Correo Argentino,TRK-VKSSX878BG
9000006518,1000006518,237.0,241.0,20,1,,481,DELIVERED,Correo Argentino,TRK-5RXQ3G0VTA
9000006519,1000006519,562.0,564.0,1183,1,,2633,SHIPPED,Correo Argentino,TRK-87KJY6I6QO
9000006520,1000006520,139.0,142.0,1082,1,,480,DELIVERED,Correo Argentino,TRK-09Z6YEF9K5
9000006521,1000006521,285.0,288.0,349,1,,45,DELIVERED,Correo Argentino,TRK-WXXG2T8TWH
9000006522,1000006522,308.0,315.0,569,1,,741,DELIVERED,Correo Argentino,TRK-JM51M7E3SR
9000006523,1000006523,626.0,630.0,10,1,,1698,READY,Correo Argentino,TRK-Y3ZG0X0JDR
9000006524,1000006524,383.0,384.0,1194,2,4.0,4,DELIVERED,PICKUP,
9000006525,1000006525,595.0,597.0,1350,1,,1693,DELIVERED,Correo Argentino,TRK-YOUE9LOLUP
9000006526,1000006526,287.0,291.0,1490,1,,563,DELIVERED,Correo Argentino,TRK-4Y8MWFEGZY
9000006527,1000006527,630.0,631.0,517,2,4.0,4,DELIVERED,PICKUP,
9000006528,1000006528,263.0,266.0,907,1,,2558,DELIVERED,Correo Argentino,TRK-86GSWLAF0R
9000006529,1000006529,260.0,264.0,115,1,,2282,DELIVERED,Correo Argentino,TRK-NKP98TIDS7
9000006530,1000006530,344.0,347.0,415,1,,2776,DELIVERED,Correo Argentino,TRK-DNKYJRPC8W
9000006531,1000006531,,,801,2,3.0,3,CANCELLED,PICKUP,
9000006532,1000006532,28.0,35.0,847,1,,1548,DELIVERED,Correo Argentino,TRK-0CTT38H5LD
9000006533,1000006533,36.0,40.0,622,1,,541,DELIVERED,Correo Argentino,TRK-69TJUZW2ST
9000006534,1000006534,,,1288,2,2.0,2,CANCELLED,PICKUP,
9000006535,1000006535,378.0,379.0,1045,2,2.0,2,DELIVERED,PICKUP,
9000006536,1000006536,434.0,438.0,523,1,,1016,DELIVERED,Correo Argentino,TRK-SCZVRKWDCQ
9000006537,1000006537,286.0,287.0,1419,2,3.0,3,SHIPPED,PICKUP,
9000006538,1000006538,60.0,61.0,733,2,4.0,4,DELIVERED,PICKUP,
9000006539,1000006539,377.0,379.0,339,1,,2626,DELIVERED,Correo Argentino,TRK-J2TXJ9WBXF
9000006540,1000006540,240.0,241.0,1434,2,2.0,2,SHIPPED,PICKUP,
9000006541,1000006541,,,853,2,2.0,2,CANCELLED,PICKUP,
9000006542,1000006542,407.0,412.0,799,1,,503,SHIPPED,Correo Argentino,TRK-191HRA5WWY
9000006543,1000006543,566.0,571.0,902,1,,2334,DELIVERED,Correo Argentino,TRK-U3QRWZXWYE
9000006544,1000006544,183.0,185.0,1133,1,,300,DELIVERED,Correo Argentino,TRK-15ZOVAIL06
9000006545,1000006545,385.0,388.0,1163,1,,2757,SHIPPED,Correo Argentino,TRK-C28AUS5IFO
9000006546,1000006546,564.0,566.0,186,1,,1762,DELIVERED,Correo Argentino,TRK-OEN4963US1
9000006547,1000006547,597.0,600.0,671,1,,1482,DELIVERED,Correo Argentino,TRK-8NTAFEGWFO
9000006548,1000006548,590.0,592.0,1359,1,,218,DELIVERED,Correo Argentino,TRK-CZXOTYRMLG
9000006549,1000006549,53.0,56.0,835,1,,2863,DELIVERED,Correo Argentino,TRK-7ZY36NFL22
9000006550,1000006550,624.0,627.0,16,1,,1776,DELIVERED,Correo Argentino,TRK-IR68QXVVOR
9000006551,1000006551,144.0,149.0,975,1,,1632,DELIVERED,Correo Argentino,TRK-DLK2KDXZMW
9000006552,1000006552,414.0,415.0,597,2,4.0,4,SHIPPED,PICKUP,
9000006553,1000006553,116.0,118.0,564,1,,2163,READY,Correo Argentino,TRK-XAYQW39OK5
9000006554,1000006554,362.0,367.0,229,1,,464,DELIVERED,Correo Argentino,TRK-ZG72161GFR
9000006555,1000006555,448.0,452.0,209,1,,2266,DELIVERED,Correo Argentino,TRK-U6WL2READW
9000006556,1000006556,344.0,347.0,236,1,,2289,DELIVERED,Correo Argentino,TRK-6DW9TB5PLG
9000006557,1000006557,20.0,21.0,942,2,4.0,4,DELIVERED,PICKUP,
9000006558,1000006558,423.0,424.0,1106,2,4.0,4,DELIVERED,PICKUP,
9000006559,1000006559,5.0,6.0,778,2,1.0,1,SHIPPED,PICKUP,
9000006560,1000006560,358.0,361.0,787,1,,2385,DELIVERED,Correo Argentino,TRK-10EP0XSLZM
9000006561,1000006561,528.0,534.0,355,1,,803,SHIPPED,Correo Argentino,TRK-FVI1K9HFL1
9000006562,1000006562,627.0,631.0,1477,1,,2186,DELIVERED,Correo Argentino,TRK-GVB96875WG
9000006563,1000006563,389.0,390.0,334,2,2.0,2,SHIPPED,PICKUP,
9000006564,1000006564,,,10,1,,1210,CANCELLED,Correo Argentino,
9000006565,1000006565,275.0,279.0,54,1,,1295,DELIVERED,Correo Argentino,TRK-RHMUUSQS2E
9000006566,1000006566,,,361,1,,1392,CANCELLED,Correo Argentino,
9000006567,1000006567,29.0,32.0,1392,1,,3193,DELIVERED,Correo Argentino,TRK-IUNPKSNQKW
9000006568,1000006568,539.0,543.0,856,1,,408,SHIPPED,Correo Argentino,TRK-KUAFSI0W1G
9000006569,1000006569,195.0,196.0,543,2,3.0,3,SHIPPED,PICKUP,
9000006570,1000006570,286.0,290.0,1356,1,,2788,SHIPPED,Correo Argentino,TRK-ZOP7P77YLW
9000006571,1000006571,114.0,115.0,656,2,3.0,3,SHIPPED,PICKUP,
9000006572,1000006572,597.0,598.0,1096,2,2.0,2,DELIVERED,PICKUP,
9000006573,1000006573,606.0,609.0,478,1,,2848,DELIVERED,Correo Argentino,TRK-YNWEC3PJQP
9000006574,1000006574,,,328,1,,2333,CANCELLED,Correo Argentino,
9000006575,1000006575,98.0,99.0,585,2,2.0,2,SHIPPED,PICKUP,
9000006576,1000006576,43.0,45.0,65,1,,1047,DELIVERED,Correo Argentino,TRK-R3LC4Z8E1L
9000006577,1000006577,436.0,443.0,1379,1,,3196,DELIVERED,Correo Argentino,TRK-SYL8SG8O59
9000006578,1000006578,92.0,93.0,212,2,4.0,4,DELIVERED,PICKUP,
9000006579,1000006579,112.0,115.0,705,1,,691,DELIVERED,Correo Argentino,TRK-Y5TJSA14E7
9000006580,1000006580,603.0,605.0,1249,1,,1766,DELIVERED,Correo Argentino,TRK-BBNZH2LCPD
9000006581,1000006581,328.0,329.0,702,2,4.0,4,DELIVERED,PICKUP,
9000006582,1000006582,366.0,367.0,764,2,2.0,2,DELIVERED,PICKUP,
9000006583,1000006583,451.0,452.0,1378,2,4.0,4,DELIVERED,PICKUP,
9000006584,1000006584,494.0,497.0,204,1,,1291,DELIVERED,Correo Argentino,TRK-1IP2RGMUPE
9000006585,1000006585,,,1383,1,,1008,CANCELLED,Correo Argentino,
9000006586,1000006586,572.0,576.0,738,1,,2691,DELIVERED,Correo Argentino,TRK-AXX8HKKISS
9000006587,1000006587,318.0,323.0,332,1,,2427,DELIVERED,Correo Argentino,TRK-PGU0W3WLNE
9000006588,1000006588,391.0,396.0,1338,1,,2816,DELIVERED,Correo Argentino,TRK-HUQM0YPRLD
9000006589,1000006589,165.0,166.0,727,2,2.0,2,DELIVERED,PICKUP,
9000006590,1000006590,193.0,195.0,1491,1,,489,DELIVERED,Correo Argentino,TRK-OHJXTI8FIE
9000006591,1000006591,,,136,2,2.0,2,CANCELLED,PICKUP,
9000006592,1000006592,262.0,266.0,1396,1,,1186,DELIVERED,Correo Argentino,TRK-UIVRNK92BG
9000006593,1000006593,,,555,2,1.0,1,CANCELLED,PICKUP,
9000006594,1000006594,248.0,249.0,1178,2,1.0,1,SHIPPED,PICKUP,
9000006595,1000006595,157.0,162.0,235,1,,1169,SHIPPED,Correo Argentino,TRK-CI4OQYTLBO
9000006596,1000006596,367.0,372.0,539,1,,1746,DELIVERED,Correo Argentino,TRK-N4JNUEWYAV
9000006597,1000006597,471.0,472.0,553,2,2.0,2,DELIVERED,PICKUP,
9000006598,1000006598,343.0,344.0,376,2,4.0,4,SHIPPED,PICKUP,
9000006599,1000006599,466.0,468.0,1377,1,,151,DELIVERED,Correo Argentino,TRK-JU63E4P4P9
9000006600,1000006600,94.0,95.0,619,2,1.0,1,DELIVERED,PICKUP,
9000006601,1000006601,90.0,92.0,47,1,,1483,DELIVERED,Correo Argentino,TRK-72AD8EKSQT
9000006602,1000006602,39.0,40.0,666,2,2.0,2,DELIVERED,PICKUP,
9000006603,1000006603,264.0,267.0,778,1,,938,DELIVERED,Correo Argentino,TRK-2I4RA2FK59
9000006604,1000006604,265.0,268.0,1457,1,,552,DELIVERED,Correo Argentino,TRK-OOJWZDUZJ5
9000006605,1000006605,158.0,164.0,932,1,,1798,DELIVERED,Correo Argentino,TRK-16DGTDLMN9
9000006606,1000006606,266.0,268.0,478,1,,2298,SHIPPED,Correo Argentino,TRK-HFU7URU8UB
9000006607,1000006607,613.0,617.0,1480,1,,1162,DELIVERED,Correo Argentino,TRK-987UTMEC48
9000006608,1000006608,474.0,476.0,994,1,,2345,DELIVERED,Correo Argentino,TRK-1B6BOEO6B3
9000006609,1000006609,319.0,320.0,165,2,1.0,1,DELIVERED,PICKUP,
9000006610,1000006610,347.0,352.0,1126,1,,1207,DELIVERED,Correo Argentino,TRK-GEBE0AVJ5A
9000006611,1000006611,189.0,191.0,445,1,,2411,DELIVERED,Correo Argentino,TRK-Q5VO356FQ6
9000006612,1000006612,155.0,160.0,321,1,,2149,DELIVERED,Correo Argentino,TRK-C7U9K2EYYL
9000006613,1000006613,573.0,579.0,975,1,,158,DELIVERED,Correo Argentino,TRK-7MZ8X4NYQ7
9000006614,1000006614,202.0,203.0,916,2,4.0,4,SHIPPED,PICKUP,
9000006615,1000006615,,,814,1,,387,CANCELLED,Correo Argentino,
9000006616,1000006616,530.0,531.0,1227,2,3.0,3,DELIVERED,PICKUP,
9000006617,1000006617,43.0,44.0,528,2,1.0,1,DELIVERED,PICKUP,
9000006618,1000006618,349.0,350.0,809,2,1.0,1,DELIVERED,PICKUP,
9000006619,1000006619,541.0,542.0,1105,2,1.0,1,DELIVERED,PICKUP,
9000006620,1000006620,488.0,492.0,261,1,,1790,SHIPPED,Correo Argentino,TRK-FHHA2CWHRI
9000006621,1000006621,138.0,139.0,751,2,2.0,2,SHIPPED,PICKUP,
9000006622,1000006622,,,648,2,3.0,3,CANCELLED,PICKUP,
9000006623,1000006623,588.0,589.0,118,2,3.0,3,SHIPPED,PICKUP,
9000006624,1000006624,356.0,359.0,100,1,,1668,DELIVERED,Correo Argentino,TRK-254PTZZV8C
9000006625,1000006625,591.0,596.0,780,1,,1274,SHIPPED,Correo Argentino,TRK-WDNPSE97FF
9000006626,1000006626,14.0,15.0,91,2,4.0,4,DELIVERED,PICKUP,
9000006627,1000006627,439.0,440.0,1355,2,1.0,1,DELIVERED,PICKUP,
9000006628,1000006628,60.0,62.0,279,1,,3025,DELIVERED,Correo Argentino,TRK-AAFN2Y8KB2
9000006629,1000006629,,,651,1,,2818,CANCELLED,Correo Argentino,
9000006630,1000006630,74.0,78.0,1359,1,,2574,DELIVERED,Correo Argentino,TRK-14VXEVC66L
9000006631,1000006631,190.0,193.0,589,1,,311,SHIPPED,Correo Argentino,TRK-5L4LLEUJ15
9000006632,1000006632,620.0,621.0,1489,2,1.0,1,SHIPPED,PICKUP,
9000006633,1000006633,258.0,259.0,776,2,1.0,1,DELIVERED,PICKUP,
9000006634,1000006634,403.0,408.0,257,1,,2532,DELIVERED,Correo Argentino,TRK-EFCF5P8H0Y
9000006635,1000006635,626.0,628.0,252,1,,1907,DELIVERED,Correo Argentino,TRK-RYRSJBYJXN
9000006636,1000006636,429.0,432.0,1036,1,,1231,DELIVERED,Correo Argentino,TRK-9NQNW8XZDA
9000006637,1000006637,370.0,374.0,456,1,,2541,DELIVERED,Correo Argentino,TRK-QYOTPGOCT7
9000006638,1000006638,493.0,498.0,707,1,,1363,DELIVERED,Correo Argentino,TRK-L599S9QCK3
9000006639,1000006639,,,548,1,,508,CANCELLED,Correo Argentino,
9000006640,1000006640,360.0,363.0,575,1,,2727,DELIVERED,Correo Argentino,TRK-F5G334OP7H
9000006641,1000006641,29.0,32.0,970,1,,337,DELIVERED,Correo Argentino,TRK-IBCS7IB36Q
9000006642,1000006642,578.0,580.0,1310,1,,284,DELIVERED,Correo Argentino,TRK-7MH2089GJV
9000006643,1000006643,579.0,581.0,135,1,,1323,DELIVERED,Correo Argentino,TRK-5U892IWRCU
9000006644,1000006644,611.0,614.0,814,1,,2399,SHIPPED,Correo Argentino,TRK-ZAFUULI79X
9000006645,1000006645,325.0,330.0,248,1,,1462,DELIVERED,Correo Argentino,TRK-OW8ERKF6Z3
9000006646,1000006646,122.0,125.0,966,1,,419,DELIVERED,Correo Argentino,TRK-742PX4OROK
9000006647,1000006647,255.0,257.0,380,1,,2087,DELIVERED,Correo Argentino,TRK-ZACCWGSG1L
9000006648,1000006648,20.0,24.0,1144,1,,2826,SHIPPED,Correo Argentino,TRK-66G3C6JCLB
9000006649,1000006649,577.0,578.0,487,2,3.0,3,DELIVERED,PICKUP,
9000006650,1000006650,,,903,2,3.0,3,CANCELLED,PICKUP,
9000006651,1000006651,602.0,605.0,1383,1,,1652,DELIVERED,Correo Argentino,TRK-T5HW1ODOJK
9000006652,1000006652,489.0,491.0,1292,1,,822,DELIVERED,Correo Argentino,TRK-4317GHXTBI
9000006653,1000006653,242.0,244.0,190,1,,1962,DELIVERED,Correo Argentino,TRK-L9ESAM98AM
9000006654,1000006654,385.0,386.0,159,2,4.0,4,DELIVERED,PICKUP,
9000006655,1000006655,,,1229,1,,16,CANCELLED,Correo Argentino,
9000006656,1000006656,,,886,1,,2341,CANCELLED,Correo Argentino,
9000006657,1000006657,348.0,349.0,271,2,2.0,2,DELIVERED,PICKUP,
9000006658,1000006658,426.0,429.0,143,1,,474,DELIVERED,Correo Argentino,TRK-BH7M4IUB9Q
9000006659,1000006659,568.0,569.0,1043,2,1.0,1,DELIVERED,PICKUP,
9000006660,1000006660,577.0,578.0,432,2,3.0,3,DELIVERED,PICKUP,
9000006661,1000006661,241.0,247.0,521,1,,1654,SHIPPED,Correo Argentino,TRK-H49KTUV7NU
9000006662,1000006662,68.0,72.0,1159,1,,2255,DELIVERED,Correo Argentino,TRK-VMT3UZTVTA
9000006663,1000006663,4.0,5.0,668,2,2.0,2,DELIVERED,PICKUP,
9000006664,1000006664,401.0,408.0,789,1,,2688,READY,Correo Argentino,TRK-6ABZTIP6T1
9000006665,1000006665,471.0,477.0,1315,1,,2068,DELIVERED,Correo Argentino,TRK-E5X2VO8OIR
9000006666,1000006666,532.0,533.0,760,2,3.0,3,DELIVERED,PICKUP,
9000006667,1000006667,,,419,2,4.0,4,CANCELLED,PICKUP,
9000006668,1000006668,225.0,226.0,1231,2,1.0,1,DELIVERED,PICKUP,
9000006669,1000006669,59.0,60.0,1222,2,3.0,3,DELIVERED,PICKUP,
9000006670,1000006670,210.0,215.0,1480,1,,2573,SHIPPED,Correo Argentino,TRK-OT80XJCHXT
9000006671,1000006671,,,1476,2,3.0,3,CANCELLED,PICKUP,
9000006672,1000006672,484.0,487.0,873,1,,2581,SHIPPED,Correo Argentino,TRK-UXGVEGETGP
9000006673,1000006673,229.0,230.0,201,2,3.0,3,DELIVERED,PICKUP,
9000006674,1000006674,85.0,86.0,301,2,2.0,2,DELIVERED,PICKUP,
9000006675,1000006675,109.0,110.0,1413,2,2.0,2,SHIPPED,PICKUP,
9000006676,1000006676,76.0,77.0,881,2,1.0,1,DELIVERED,PICKUP,
9000006677,1000006677,205.0,208.0,606,1,,2973,READY,Correo Argentino,TRK-Y6V9L8DHJU
9000006678,1000006678,618.0,620.0,649,1,,3169,DELIVERED,Correo Argentino,TRK-9TQ6DS6ATW
9000006679,1000006679,289.0,290.0,286,2,4.0,4,DELIVERED,PICKUP,
9000006680,1000006680,640.0,645.0,318,1,,2032,DELIVERED,Correo Argentino,TRK-D5AIKPIPLB
9000006681,1000006681,492.0,493.0,1143,2,1.0,1,DELIVERED,PICKUP,
9000006682,1000006682,195.0,196.0,1228,2,2.0,2,SHIPPED,PICKUP,
9000006683,1000006683,229.0,234.0,948,1,,2558,DELIVERED,Correo Argentino,TRK-B83HRJWCGS
9000006684,1000006684,344.0,348.0,1078,1,,996,DELIVERED,Correo Argentino,TRK-6CNQ75YA0S
9000006685,1000006685,307.0,308.0,400,2,2.0,2,SHIPPED,PICKUP,
9000006686,1000006686,,,942,2,3.0,3,CANCELLED,PICKUP,
9000006687,1000006687,578.0,580.0,518,1,,2484,SHIPPED,Correo Argentino,TRK-8XTNTJ2XRH
9000006688,1000006688,143.0,144.0,815,2,4.0,4,DELIVERED,PICKUP,
9000006689,1000006689,36.0,41.0,743,1,,2433,DELIVERED,Correo Argentino,TRK-426SYMI62F
9000006690,1000006690,32.0,33.0,736,2,3.0,3,DELIVERED,PICKUP,
9000006691,1000006691,196.0,197.0,445,2,4.0,4,DELIVERED,PICKUP,
9000006692,1000006692,366.0,367.0,557,2,2.0,2,DELIVERED,PICKUP,
9000006693,1000006693,600.0,604.0,141,1,,3104,DELIVERED,Correo Argentino,TRK-1GBFY9GSZ1
9000006694,1000006694,457.0,458.0,174,2,1.0,1,DELIVERED,PICKUP,
9000006695,1000006695,,,958,1,,2987,CANCELLED,Correo Argentino,
9000006696,1000006696,489.0,491.0,990,1,,1791,DELIVERED,Correo Argentino,TRK-F3PPPFNROA
9000006697,1000006697,202.0,205.0,1137,1,,584,DELIVERED,Correo Argentino,TRK-Y044S1LDE2
9000006698,1000006698,270.0,275.0,402,1,,2841,SHIPPED,Correo Argentino,TRK-XE2FAZ0HX5
9000006699,1000006699,,,1143,2,2.0,2,CANCELLED,PICKUP,
9000006700,1000006700,136.0,137.0,547,2,4.0,4,DELIVERED,PICKUP,
9000006701,1000006701,286.0,287.0,22,2,2.0,2,DELIVERED,PICKUP,
9000006702,1000006702,193.0,195.0,1222,1,,1813,DELIVERED,Correo Argentino,TRK-ZJPLBHL1US
9000006703,1000006703,37.0,41.0,340,1,,1385,DELIVERED,Correo Argentino,TRK-X4CBRX5H3H
9000006704,1000006704,69.0,71.0,243,1,,2605,SHIPPED,Correo Argentino,TRK-WSGBLQ143W
9000006705,1000006705,573.0,577.0,28,1,,1355,DELIVERED,Correo Argentino,TRK-MLNLSUYEP9
9000006706,1000006706,337.0,338.0,158,2,4.0,4,DELIVERED,PICKUP,
9000006707,1000006707,27.0,28.0,238,2,3.0,3,DELIVERED,PICKUP,
9000006708,1000006708,,,1410,2,4.0,4,CANCELLED,PICKUP,
9000006709,1000006709,483.0,486.0,343,1,,1470,DELIVERED,Correo Argentino,TRK-NTQ09TCGXV
9000006710,1000006710,239.0,244.0,1252,1,,913,SHIPPED,Correo Argentino,TRK-DMT0TX5FNT
9000006711,1000006711,175.0,180.0,1347,1,,1127,DELIVERED,Correo Argentino,TRK-0N53P1PFUP
9000006712,1000006712,433.0,438.0,765,1,,1369,DELIVERED,Correo Argentino,TRK-EIVHPM1M2L
9000006713,1000006713,573.0,577.0,841,1,,2873,DELIVERED,Correo Argentino,TRK-QDG4FVFG2S
9000006714,1000006714,395.0,398.0,1487,1,,1199,DELIVERED,Correo Argentino,TRK-IX2N6AARHN
9000006715,1000006715,441.0,445.0,837,1,,2469,SHIPPED,Correo Argentino,TRK-4HL8FE3YD9
9000006716,1000006716,42.0,43.0,184,2,2.0,2,DELIVERED,PICKUP,
9000006717,1000006717,286.0,287.0,1166,2,1.0,1,DELIVERED,PICKUP,
9000006718,1000006718,289.0,295.0,997,1,,1535,DELIVERED,Correo Argentino,TRK-382MDIBV83
9000006719,1000006719,390.0,395.0,1034,1,,364,DELIVERED,Correo Argentino,TRK-KIQB6LCZ61
9000006720,1000006720,225.0,230.0,398,1,,2667,DELIVERED,Correo Argentino,TRK-XSSXOSCCX1
9000006721,1000006721,39.0,40.0,162,2,1.0,1,DELIVERED,PICKUP,
9000006722,1000006722,222.0,223.0,501,2,2.0,2,SHIPPED,PICKUP,
9000006723,1000006723,465.0,468.0,794,1,,70,DELIVERED,Correo Argentino,TRK-J3I6Y7CKFU
9000006724,1000006724,317.0,321.0,8,1,,2547,DELIVERED,Correo Argentino,TRK-4E84WEPK8E
9000006725,1000006725,,,176,1,,995,CANCELLED,Correo Argentino,
9000006726,1000006726,131.0,136.0,52,1,,1358,DELIVERED,Correo Argentino,TRK-8RIZFTC52H
9000006727,1000006727,438.0,440.0,451,1,,1517,DELIVERED,Correo Argentino,TRK-STDFKMYG0E
9000006728,1000006728,267.0,268.0,913,2,4.0,4,DELIVERED,PICKUP,
9000006729,1000006729,218.0,222.0,1425,1,,1700,DELIVERED,Correo Argentino,TRK-G0T4YBSP4Y
9000006730,1000006730,598.0,603.0,1163,1,,360,DELIVERED,Correo Argentino,TRK-UUBSPKV2L1
9000006731,1000006731,59.0,63.0,1199,1,,2014,DELIVERED,Correo Argentino,TRK-R0ZK20BCUA
9000006732,1000006732,80.0,82.0,1433,1,,1716,DELIVERED,Correo Argentino,TRK-S2YTOB88JV
9000006733,1000006733,177.0,180.0,1321,1,,777,DELIVERED,Correo Argentino,TRK-I4FRVM27TH
9000006734,1000006734,536.0,539.0,713,1,,595,DELIVERED,Correo Argentino,TRK-AK7P3MXLLM
9000006735,1000006735,421.0,425.0,1331,1,,1766,DELIVERED,Correo Argentino,TRK-86ANKMM71Q
9000006736,1000006736,181.0,182.0,979,2,4.0,4,DELIVERED,PICKUP,
9000006737,1000006737,604.0,610.0,820,1,,2380,SHIPPED,Correo Argentino,TRK-MPNHUW85XP
9000006738,1000006738,527.0,531.0,1267,1,,2065,DELIVERED,Correo Argentino,TRK-8SQSIOL8GB
9000006739,1000006739,578.0,579.0,184,2,3.0,3,DELIVERED,PICKUP,
9000006740,1000006740,395.0,401.0,486,1,,2787,DELIVERED,Correo Argentino,TRK-8BCK952DCI
9000006741,1000006741,297.0,302.0,417,1,,1480,DELIVERED,Correo Argentino,TRK-4W1DUJXP8Z
9000006742,1000006742,140.0,144.0,982,1,,537,SHIPPED,Correo Argentino,TRK-WW0Z2CYX3U
9000006743,1000006743,,,1491,2,2.0,2,CANCELLED,PICKUP,
9000006744,1000006744,34.0,41.0,45,1,,797,DELIVERED,Correo Argentino,TRK-6WZELI4QB9
9000006745,1000006745,511.0,516.0,535,1,,2907,DELIVERED,Correo Argentino,TRK-HSAW4GHAQ5
9000006746,1000006746,133.0,135.0,177,1,,2033,SHIPPED,Correo Argentino,TRK-4RKKV23ET3
9000006747,1000006747,563.0,564.0,1229,2,4.0,4,DELIVERED,PICKUP,
9000006748,1000006748,,,1317,1,,411,CANCELLED,Correo Argentino,
9000006749,1000006749,,,737,1,,2283,CANCELLED,Correo Argentino,
9000006750,1000006750,73.0,78.0,158,1,,727,DELIVERED,Correo Argentino,TRK-G8FUG9YTSY
9000006751,1000006751,207.0,208.0,915,2,3.0,3,DELIVERED,PICKUP,
9000006752,1000006752,398.0,403.0,281,1,,122,DELIVERED,Correo Argentino,TRK-2M6Q8H9SPC
9000006753,1000006753,421.0,423.0,403,1,,3105,DELIVERED,Correo Argentino,TRK-WV9WIA1KDP
9000006754,1000006754,563.0,568.0,955,1,,1970,DELIVERED,Correo Argentino,TRK-MLWJQ4CFPD
9000006755,1000006755,167.0,172.0,991,1,,212,DELIVERED,Correo Argentino,TRK-8ASSA0D1WL
9000006756,1000006756,619.0,620.0,1128,2,2.0,2,DELIVERED,PICKUP,
9000006757,1000006757,98.0,99.0,1399,2,4.0,4,DELIVERED,PICKUP,
9000006758,1000006758,392.0,393.0,1366,2,4.0,4,DELIVERED,PICKUP,
9000006759,1000006759,206.0,208.0,654,1,,1244,DELIVERED,Correo Argentino,TRK-ZB01PFZYSU
9000006760,1000006760,192.0,197.0,791,1,,931,DELIVERED,Correo Argentino,TRK-CYLRORFD81
9000006761,1000006761,582.0,583.0,246,2,3.0,3,DELIVERED,PICKUP,
9000006762,1000006762,342.0,343.0,997,2,2.0,2,DELIVERED,PICKUP,
9000006763,1000006763,413.0,417.0,122,1,,3195,DELIVERED,Correo Argentino,TRK-0XD5880F5N
9000006764,1000006764,467.0,468.0,522,2,4.0,4,SHIPPED,PICKUP,
9000006765,1000006765,260.0,262.0,978,1,,2652,DELIVERED,Correo Argentino,TRK-NWTS9PT6VX
9000006766,1000006766,539.0,543.0,1380,1,,2730,DELIVERED,Correo Argentino,TRK-4FYS4IT0QW
9000006767,1000006767,435.0,436.0,731,2,1.0,1,DELIVERED,PICKUP,
9000006768,1000006768,486.0,488.0,406,1,,1083,DELIVERED,Correo Argentino,TRK-AOOIN7AQP9
9000006769,1000006769,26.0,27.0,254,2,1.0,1,DELIVERED,PICKUP,
9000006770,1000006770,21.0,25.0,412,1,,2952,DELIVERED,Correo Argentino,TRK-SRQAA06IOU
9000006771,1000006771,348.0,351.0,1233,1,,2237,DELIVERED,Correo Argentino,TRK-0R8QA9IR6Y
9000006772,1000006772,55.0,56.0,335,2,2.0,2,READY,PICKUP,
9000006773,1000006773,487.0,490.0,867,1,,2,DELIVERED,Correo Argentino,TRK-71XKQR999E
9000006774,1000006774,349.0,353.0,155,1,,933,DELIVERED,Correo Argentino,TRK-J9NYPU4KT4
9000006775,1000006775,282.0,283.0,168,2,2.0,2,DELIVERED,PICKUP,
9000006776,1000006776,26.0,30.0,1405,1,,2411,DELIVERED,Correo Argentino,TRK-OS1A3RKP58
9000006777,1000006777,329.0,334.0,1255,1,,646,DELIVERED,Correo Argentino,TRK-4U2K9PLTJS
9000006778,1000006778,465.0,469.0,66,1,,193,DELIVERED,Correo Argentino,TRK-YJ2XEQLO3M
9000006779,1000006779,,,228,2,2.0,2,CANCELLED,PICKUP,
9000006780,1000006780,126.0,127.0,1191,2,2.0,2,SHIPPED,PICKUP,
9000006781,1000006781,308.0,309.0,549,2,3.0,3,DELIVERED,PICKUP,
9000006782,1000006782,462.0,466.0,384,1,,1854,DELIVERED,Correo Argentino,TRK-QHY5IYESY3
9000006783,1000006783,193.0,194.0,565,2,1.0,1,SHIPPED,PICKUP,
9000006784,1000006784,600.0,601.0,1398,2,3.0,3,SHIPPED,PICKUP,
9000006785,1000006785,384.0,385.0,492,2,2.0,2,DELIVERED,PICKUP,
9000006786,1000006786,348.0,349.0,1459,2,3.0,3,DELIVERED,PICKUP,
9000006787,1000006787,102.0,103.0,972,2,4.0,4,DELIVERED,PICKUP,
9000006788,1000006788,446.0,447.0,965,2,4.0,4,DELIVERED,PICKUP,
9000006789,1000006789,391.0,392.0,1161,2,4.0,4,DELIVERED,PICKUP,
9000006790,1000006790,,,1258,1,,3108,CANCELLED,Correo Argentino,
9000006791,1000006791,176.0,181.0,322,1,,1965,SHIPPED,Correo Argentino,TRK-NST6VKTV0G
9000006792,1000006792,501.0,502.0,1023,2,3.0,3,DELIVERED,PICKUP,
9000006793,1000006793,284.0,285.0,653,2,1.0,1,DELIVERED,PICKUP,
9000006794,1000006794,291.0,292.0,282,2,4.0,4,DELIVERED,PICKUP,
9000006795,1000006795,548.0,552.0,1400,1,,253,DELIVERED,Correo Argentino,TRK-N6Q9BG8FYR
9000006796,1000006796,492.0,493.0,727,2,4.0,4,DELIVERED,PICKUP,
9000006797,1000006797,243.0,247.0,1238,1,,561,DELIVERED,Correo Argentino,TRK-MJ7Z2AE3O7
9000006798,1000006798,399.0,401.0,769,1,,460,DELIVERED,Correo Argentino,TRK-VUU8UCLZ3B
9000006799,1000006799,520.0,521.0,16,2,1.0,1,DELIVERED,PICKUP,
9000006800,1000006800,477.0,482.0,1116,1,,1412,SHIPPED,Correo Argentino,TRK-D8SA9Q7V4G
9000006801,1000006801,272.0,273.0,118,2,1.0,1,DELIVERED,PICKUP,
9000006802,1000006802,620.0,623.0,339,1,,1590,DELIVERED,Correo Argentino,TRK-05M70LZEXE
9000006803,1000006803,197.0,199.0,1296,1,,867,DELIVERED,Correo Argentino,TRK-VOR2XL5ZP2
9000006804,1000006804,74.0,75.0,1477,2,2.0,2,SHIPPED,PICKUP,
9000006805,1000006805,327.0,332.0,418,1,,785,DELIVERED,Correo Argentino,TRK-0RQR4VCGZ7
9000006806,1000006806,119.0,120.0,682,2,2.0,2,DELIVERED,PICKUP,
9000006807,1000006807,87.0,90.0,1076,1,,3171,DELIVERED,Correo Argentino,TRK-SQ7OZ46YL1
9000006808,1000006808,586.0,590.0,222,1,,1013,DELIVERED,Correo Argentino,TRK-AI745KJDYG
9000006809,1000006809,589.0,593.0,810,1,,21,DELIVERED,Correo Argentino,TRK-9MXKFT5X05
9000006810,1000006810,613.0,617.0,1311,1,,986,DELIVERED,Correo Argentino,TRK-6PJ0UF2LC6
9000006811,1000006811,630.0,632.0,767,1,,606,DELIVERED,Correo Argentino,TRK-TJD9V0TOHJ
9000006812,1000006812,140.0,145.0,1094,1,,974,DELIVERED,Correo Argentino,TRK-3NSD85CSK5
9000006813,1000006813,,,608,2,4.0,4,CANCELLED,PICKUP,
9000006814,1000006814,44.0,45.0,193,2,1.0,1,DELIVERED,PICKUP,
9000006815,1000006815,,,1313,1,,844,CANCELLED,Correo Argentino,
9000006816,1000006816,569.0,570.0,1128,2,2.0,2,DELIVERED,PICKUP,
9000006817,1000006817,463.0,464.0,161,2,4.0,4,DELIVERED,PICKUP,
9000006818,1000006818,588.0,589.0,311,2,2.0,2,DELIVERED,PICKUP,
9000006819,1000006819,566.0,568.0,768,1,,906,SHIPPED,Correo Argentino,TRK-5RDKU8WECM
9000006820,1000006820,105.0,107.0,1363,1,,2698,SHIPPED,Correo Argentino,TRK-0CY9N7UVDK
9000006821,1000006821,106.0,107.0,362,2,1.0,1,DELIVERED,PICKUP,
9000006822,1000006822,112.0,113.0,311,2,4.0,4,DELIVERED,PICKUP,
9000006823,1000006823,281.0,288.0,1108,1,,168,DELIVERED,Correo Argentino,TRK-WOH0N3QL4V
9000006824,1000006824,140.0,146.0,1048,1,,741,SHIPPED,Correo Argentino,TRK-AONLGR83UR
9000006825,1000006825,,,983,2,1.0,1,CANCELLED,PICKUP,
9000006826,1000006826,203.0,205.0,1240,1,,2616,DELIVERED,Correo Argentino,TRK-RW65NH720Q
9000006827,1000006827,24.0,25.0,773,2,1.0,1,DELIVERED,PICKUP,
9000006828,1000006828,505.0,506.0,871,2,3.0,3,READY,PICKUP,
9000006829,1000006829,277.0,281.0,245,1,,1351,DELIVERED,Correo Argentino,TRK-1BEWJEGMA4
9000006830,1000006830,116.0,118.0,1355,1,,422,DELIVERED,Correo Argentino,TRK-YBOT78Y8IM
9000006831,1000006831,327.0,332.0,518,1,,2456,DELIVERED,Correo Argentino,TRK-FLJN14QIYS
9000006832,1000006832,201.0,206.0,116,1,,1695,DELIVERED,Correo Argentino,TRK-EQPJQQ7XYS
9000006833,1000006833,241.0,243.0,902,1,,1321,DELIVERED,Correo Argentino,TRK-Q2SRZ0827R
9000006834,1000006834,437.0,438.0,1302,2,1.0,1,DELIVERED,PICKUP,
9000006835,1000006835,6.0,11.0,565,1,,2014,SHIPPED,Correo Argentino,TRK-BW2LRWUGUK
9000006836,1000006836,380.0,385.0,235,1,,478,SHIPPED,Correo Argentino,TRK-JSJMQL4U7V
9000006837,1000006837,256.0,257.0,606,2,2.0,2,DELIVERED,PICKUP,
9000006838,1000006838,571.0,572.0,467,2,1.0,1,SHIPPED,PICKUP,
9000006839,1000006839,345.0,347.0,19,1,,2572,DELIVERED,Correo Argentino,TRK-9TN0TOVFT6
9000006840,1000006840,204.0,208.0,1456,1,,32,DELIVERED,Correo Argentino,TRK-V25UXYCTHM
9000006841,1000006841,375.0,378.0,321,1,,2501,SHIPPED,Correo Argentino,TRK-A87Z1ZBHDL
9000006842,1000006842,576.0,577.0,656,2,3.0,3,DELIVERED,PICKUP,
9000006843,1000006843,633.0,638.0,1209,1,,277,DELIVERED,Correo Argentino,TRK-DUZIQG2PTJ
9000006844,1000006844,70.0,71.0,1198,2,1.0,1,READY,PICKUP,
9000006845,1000006845,382.0,386.0,466,1,,2803,DELIVERED,Correo Argentino,TRK-F2RRE05Q61
9000006846,1000006846,591.0,595.0,128,1,,2975,SHIPPED,Correo Argentino,TRK-AXIIMEV9WE
9000006847,1000006847,251.0,255.0,1252,1,,749,DELIVERED,Correo Argentino,TRK-YUVWG2OSDP
9000006848,1000006848,533.0,538.0,86,1,,1267,DELIVERED,Correo Argentino,TRK-HKHST96BEL
9000006849,1000006849,19.0,21.0,312,1,,2955,DELIVERED,Correo Argentino,TRK-M9G32CXUV5
9000006850,1000006850,567.0,568.0,360,2,4.0,4,DELIVERED,PICKUP,
9000006851,1000006851,256.0,259.0,823,1,,595,DELIVERED,Correo Argentino,TRK-SAQEPPBUPH
9000006852,1000006852,,,1332,1,,2130,CANCELLED,Correo Argentino,
9000006853,1000006853,429.0,432.0,1388,1,,614,DELIVERED,Correo Argentino,TRK-ZBBY84EFE5
9000006854,1000006854,46.0,47.0,39,2,4.0,4,DELIVERED,PICKUP,
9000006855,1000006855,253.0,258.0,192,1,,2098,DELIVERED,Correo Argentino,TRK-1H8IF2BIUN
9000006856,1000006856,15.0,21.0,980,1,,221,SHIPPED,Correo Argentino,TRK-PYD5YWY9OD
9000006857,1000006857,625.0,629.0,492,1,,3014,DELIVERED,Correo Argentino,TRK-I47VMQ9DH3
9000006858,1000006858,289.0,293.0,356,1,,1124,DELIVERED,Correo Argentino,TRK-9JZW0H3BFW
9000006859,1000006859,3.0,5.0,1101,1,,929,DELIVERED,Correo Argentino,TRK-6I3X59X4IB
9000006860,1000006860,260.0,263.0,1081,1,,2675,DELIVERED,Correo Argentino,TRK-A8AD9DZHJL
9000006861,1000006861,533.0,536.0,1448,1,,15,DELIVERED,Correo Argentino,TRK-NI85X1N8QN
9000006862,1000006862,380.0,381.0,1216,2,3.0,3,DELIVERED,PICKUP,
9000006863,1000006863,145.0,150.0,731,1,,1825,DELIVERED,Correo Argentino,TRK-YMOWSJGYJH
9000006864,1000006864,552.0,554.0,522,1,,828,DELIVERED,Correo Argentino,TRK-ZNZXR0MUNY
9000006865,1000006865,602.0,605.0,96,1,,666,DELIVERED,Correo Argentino,TRK-4U9K81LAOH
9000006866,1000006866,435.0,436.0,831,2,4.0,4,DELIVERED,PICKUP,
9000006867,1000006867,398.0,403.0,1222,1,,984,DELIVERED,Correo Argentino,TRK-ELZVLDU2FK
9000006868,1000006868,74.0,75.0,1216,2,4.0,4,DELIVERED,PICKUP,
9000006869,1000006869,28.0,33.0,1384,1,,119,DELIVERED,Correo Argentino,TRK-9OV3IQA1OO
9000006870,1000006870,312.0,317.0,660,1,,1602,DELIVERED,Correo Argentino,TRK-SDTLWZXFUA
9000006871,1000006871,592.0,593.0,61,2,2.0,2,SHIPPED,PICKUP,
9000006872,1000006872,89.0,94.0,489,1,,1393,DELIVERED,Correo Argentino,TRK-UWHU77C4PX
9000006873,1000006873,263.0,264.0,89,2,1.0,1,SHIPPED,PICKUP,
9000006874,1000006874,632.0,636.0,259,1,,486,DELIVERED,Correo Argentino,TRK-PWG7HSQULM
9000006875,1000006875,525.0,526.0,939,2,4.0,4,DELIVERED,PICKUP,
9000006876,1000006876,413.0,416.0,87,1,,1558,DELIVERED,Correo Argentino,TRK-G3C0PH6EW7
9000006877,1000006877,217.0,218.0,354,2,3.0,3,DELIVERED,PICKUP,
9000006878,1000006878,497.0,502.0,1118,1,,1875,DELIVERED,Correo Argentino,TRK-Q0PS4VNME7
9000006879,1000006879,502.0,503.0,435,2,2.0,2,DELIVERED,PICKUP,
9000006880,1000006880,328.0,329.0,175,2,4.0,4,DELIVERED,PICKUP,
9000006881,1000006881,320.0,322.0,1370,1,,877,DELIVERED,Correo Argentino,TRK-PBFMJ2G05E
9000006882,1000006882,130.0,132.0,6,1,,1470,DELIVERED,Correo Argentino,TRK-VWVEDAJ12H
9000006883,1000006883,,,887,1,,2531,CANCELLED,Correo Argentino,
9000006884,1000006884,552.0,555.0,82,1,,2420,DELIVERED,Correo Argentino,TRK-JMYKILNMCH
9000006885,1000006885,498.0,501.0,28,1,,1678,DELIVERED,Correo Argentino,TRK-55X1TY9XNS
9000006886,1000006886,380.0,386.0,789,1,,2116,SHIPPED,Correo Argentino,TRK-WMYDF0I1ZI
9000006887,1000006887,140.0,143.0,318,1,,3019,DELIVERED,Correo Argentino,TRK-18EBF62BPV
9000006888,1000006888,197.0,200.0,642,1,,1270,SHIPPED,Correo Argentino,TRK-AJB0YWEKG1
9000006889,1000006889,,,1466,1,,1360,CANCELLED,Correo Argentino,
9000006890,1000006890,498.0,502.0,50,1,,476,DELIVERED,Correo Argentino,TRK-QPR2T5CQMS
9000006891,1000006891,496.0,497.0,132,2,1.0,1,SHIPPED,PICKUP,
9000006892,1000006892,102.0,107.0,209,1,,32,DELIVERED,Correo Argentino,TRK-5QB3A27V0S
9000006893,1000006893,567.0,570.0,685,1,,3176,DELIVERED,Correo Argentino,TRK-9ES71RHBBD
9000006894,1000006894,,,617,1,,1238,CANCELLED,Correo Argentino,
9000006895,1000006895,10.0,13.0,754,1,,1519,READY,Correo Argentino,TRK-5CP51DLBDJ
9000006896,1000006896,549.0,550.0,1302,2,1.0,1,DELIVERED,PICKUP,
9000006897,1000006897,5.0,6.0,1060,2,2.0,2,DELIVERED,PICKUP,
9000006898,1000006898,80.0,81.0,1063,2,2.0,2,DELIVERED,PICKUP,
9000006899,1000006899,,,898,1,,1321,CANCELLED,Correo Argentino,
9000006900,1000006900,598.0,599.0,552,2,1.0,1,DELIVERED,PICKUP,
9000006901,1000006901,179.0,184.0,231,1,,797,SHIPPED,Correo Argentino,TRK-G5IX49KYCI
9000006902,1000006902,356.0,358.0,958,1,,737,DELIVERED,Correo Argentino,TRK-FOHZOXEJ6E
9000006903,1000006903,176.0,179.0,916,1,,2610,DELIVERED,Correo Argentino,TRK-E4SCVMFX1F
9000006904,1000006904,,,613,1,,388,CANCELLED,Correo Argentino,
9000006905,1000006905,454.0,455.0,517,2,1.0,1,DELIVERED,PICKUP,
9000006906,1000006906,297.0,302.0,1330,1,,2664,DELIVERED,Correo Argentino,TRK-6NOES49J9V
9000006907,1000006907,625.0,626.0,819,2,4.0,4,DELIVERED,PICKUP,
9000006908,1000006908,,,1326,1,,546,CANCELLED,Correo Argentino,
9000006909,1000006909,71.0,75.0,746,1,,3204,DELIVERED,Correo Argentino,TRK-OOJIO47QG8
9000006910,1000006910,466.0,470.0,641,1,,519,SHIPPED,Correo Argentino,TRK-SGKBGJQVA0
9000006911,1000006911,11.0,15.0,1495,1,,2562,DELIVERED,Correo Argentino,TRK-N0BEDIUMXY
9000006912,1000006912,407.0,408.0,718,2,2.0,2,DELIVERED,PICKUP,
9000006913,1000006913,605.0,606.0,971,2,3.0,3,DELIVERED,PICKUP,
9000006914,1000006914,54.0,58.0,391,1,,1184,DELIVERED,Correo Argentino,TRK-MXW05V9U88
9000006915,1000006915,493.0,494.0,1007,2,1.0,1,DELIVERED,PICKUP,
9000006916,1000006916,64.0,66.0,184,1,,1203,DELIVERED,Correo Argentino,TRK-5L57UCEI7V
9000006917,1000006917,375.0,378.0,333,1,,742,DELIVERED,Correo Argentino,TRK-NKSLSY32QG
9000006918,1000006918,111.0,112.0,458,2,1.0,1,DELIVERED,PICKUP,
9000006919,1000006919,26.0,29.0,489,1,,608,SHIPPED,Correo Argentino,TRK-LOCHJX1AAH
9000006920,1000006920,469.0,470.0,152,2,1.0,1,DELIVERED,PICKUP,
9000006921,1000006921,73.0,75.0,481,1,,1858,DELIVERED,Correo Argentino,TRK-CUZAPRRITY
9000006922,1000006922,354.0,355.0,1261,2,4.0,4,DELIVERED,PICKUP,
9000006923,1000006923,539.0,540.0,111,2,3.0,3,DELIVERED,PICKUP,
9000006924,1000006924,562.0,563.0,477,2,3.0,3,DELIVERED,PICKUP,
9000006925,1000006925,43.0,46.0,1309,1,,3109,DELIVERED,Correo Argentino,TRK-6JFTZ6Z4LR
9000006926,1000006926,434.0,436.0,1381,1,,866,DELIVERED,Correo Argentino,TRK-EJ1WA0Z9OW
9000006927,1000006927,227.0,231.0,842,1,,2705,DELIVERED,Correo Argentino,TRK-I1XD7BXWP6
9000006928,1000006928,469.0,473.0,498,1,,2931,DELIVERED,Correo Argentino,TRK-2LPTS6R63Y
9000006929,1000006929,215.0,216.0,903,2,1.0,1,DELIVERED,PICKUP,
9000006930,1000006930,637.0,638.0,516,2,4.0,4,DELIVERED,PICKUP,
9000006931,1000006931,110.0,112.0,176,1,,2951,SHIPPED,Correo Argentino,TRK-CHRZJMXUCX
9000006932,1000006932,268.0,269.0,1423,2,1.0,1,DELIVERED,PICKUP,
9000006933,1000006933,400.0,401.0,1368,2,3.0,3,DELIVERED,PICKUP,
9000006934,1000006934,173.0,175.0,570,1,,2934,DELIVERED,Correo Argentino,TRK-654RSH567M
9000006935,1000006935,50.0,51.0,954,2,4.0,4,DELIVERED,PICKUP,
9000006936,1000006936,301.0,304.0,696,1,,1291,DELIVERED,Correo Argentino,TRK-FKOVI5NJ9M
9000006937,1000006937,3.0,7.0,1390,1,,3064,SHIPPED,Correo Argentino,TRK-KIJ2VY0U6R
9000006938,1000006938,464.0,465.0,12,2,4.0,4,DELIVERED,PICKUP,
9000006939,1000006939,54.0,56.0,255,1,,2527,SHIPPED,Correo Argentino,TRK-30AXXMHHO5
9000006940,1000006940,123.0,125.0,268,1,,2921,SHIPPED,Correo Argentino,TRK-JTJ62QHGZ1
9000006941,1000006941,172.0,174.0,1040,1,,2414,DELIVERED,Correo Argentino,TRK-ZAY17AUPW9
9000006942,1000006942,129.0,132.0,1126,1,,1538,DELIVERED,Correo Argentino,TRK-CK3NSJR18N
9000006943,1000006943,376.0,377.0,675,2,3.0,3,DELIVERED,PICKUP,
9000006944,1000006944,623.0,625.0,188,1,,54,DELIVERED,Correo Argentino,TRK-W6PCELQVJ2
9000006945,1000006945,623.0,624.0,184,2,2.0,2,SHIPPED,PICKUP,
9000006946,1000006946,351.0,356.0,948,1,,1566,DELIVERED,Correo Argentino,TRK-XPG28M2HQ3
9000006947,1000006947,546.0,551.0,728,1,,2484,READY,Correo Argentino,TRK-H85JE4EIC2
9000006948,1000006948,571.0,574.0,384,1,,990,DELIVERED,Correo Argentino,TRK-64WVNRTQ47
9000006949,1000006949,314.0,316.0,1308,1,,3164,DELIVERED,Correo Argentino,TRK-HPVA40SYIB
9000006950,1000006950,153.0,156.0,575,1,,1822,DELIVERED,Correo Argentino,TRK-B0C5HGY4BI
9000006951,1000006951,435.0,437.0,614,1,,2259,SHIPPED,Correo Argentino,TRK-WAUEQ8BYH3
9000006952,1000006952,412.0,416.0,993,1,,790,DELIVERED,Correo Argentino,TRK-YZ9CB6OMAH
9000006953,1000006953,448.0,454.0,1217,1,,1843,DELIVERED,Correo Argentino,TRK-2Z7BRD212W
9000006954,1000006954,,,460,1,,1649,CANCELLED,Correo Argentino,
9000006955,1000006955,583.0,587.0,1068,1,,2012,DELIVERED,Correo Argentino,TRK-E9MLAYW7RT
9000006956,1000006956,456.0,461.0,1285,1,,335,DELIVERED,Correo Argentino,TRK-SYZC28J3J7
9000006957,1000006957,,,317,1,,1630,CANCELLED,Correo Argentino,
9000006958,1000006958,349.0,354.0,960,1,,1492,DELIVERED,Correo Argentino,TRK-N4RBQ6EY7L
9000006959,1000006959,321.0,322.0,336,2,2.0,2,DELIVERED,PICKUP,
9000006960,1000006960,,,1246,2,2.0,2,CANCELLED,PICKUP,
9000006961,1000006961,,,1388,2,4.0,4,CANCELLED,PICKUP,
9000006962,1000006962,459.0,460.0,1102,2,4.0,4,DELIVERED,PICKUP,
9000006963,1000006963,361.0,362.0,414,2,2.0,2,DELIVERED,PICKUP,
9000006964,1000006964,82.0,86.0,712,1,,1982,DELIVERED,Correo Argentino,TRK-L7OY79DQ7W
9000006965,1000006965,,,848,1,,3106,CANCELLED,Correo Argentino,
9000006966,1000006966,524.0,525.0,998,2,2.0,2,DELIVERED,PICKUP,
9000006967,1000006967,361.0,363.0,606,1,,2526,DELIVERED,Correo Argentino,TRK-KBSKVY5U4J
9000006968,1000006968,,,94,1,,2930,CANCELLED,Correo Argentino,
9000006969,1000006969,17.0,18.0,1289,2,3.0,3,DELIVERED,PICKUP,
9000006970,1000006970,295.0,300.0,697,1,,790,DELIVERED,Correo Argentino,TRK-YT2R6CU3LD
9000006971,1000006971,,,739,1,,2338,CANCELLED,Correo Argentino,
9000006972,1000006972,529.0,530.0,235,2,4.0,4,SHIPPED,PICKUP,
9000006973,1000006973,534.0,536.0,414,1,,728,DELIVERED,Correo Argentino,TRK-GJY4NY0UUA
9000006974,1000006974,480.0,484.0,487,1,,1778,DELIVERED,Correo Argentino,TRK-RT8VPLPXKT
9000006975,1000006975,264.0,265.0,632,2,1.0,1,SHIPPED,PICKUP,
9000006976,1000006976,309.0,310.0,1405,2,4.0,4,DELIVERED,PICKUP,
9000006977,1000006977,557.0,561.0,1306,1,,2805,DELIVERED,Correo Argentino,TRK-QXQW394VJN
9000006978,1000006978,,,863,2,1.0,1,CANCELLED,PICKUP,
9000006979,1000006979,191.0,198.0,872,1,,827,DELIVERED,Correo Argentino,TRK-OTCAKRSWNN
9000006980,1000006980,365.0,366.0,113,2,2.0,2,SHIPPED,PICKUP,
9000006981,1000006981,112.0,116.0,1064,1,,2898,READY,Correo Argentino,TRK-G4UDNR32IV
9000006982,1000006982,400.0,401.0,600,2,2.0,2,DELIVERED,PICKUP,
9000006983,1000006983,,,246,2,2.0,2,CANCELLED,PICKUP,
9000006984,1000006984,134.0,137.0,208,1,,2514,DELIVERED,Correo Argentino,TRK-AD51S97EVE
9000006985,1000006985,15.0,19.0,559,1,,1004,DELIVERED,Correo Argentino,TRK-QUPMBI6MQU
9000006986,1000006986,548.0,553.0,235,1,,1317,SHIPPED,Correo Argentino,TRK-M0C4LQGQVC
9000006987,1000006987,76.0,77.0,666,2,1.0,1,DELIVERED,PICKUP,
9000006988,1000006988,607.0,611.0,314,1,,2702,DELIVERED,Correo Argentino,TRK-HF2KXYN2XW
9000006989,1000006989,93.0,94.0,1183,2,1.0,1,SHIPPED,PICKUP,
9000006990,1000006990,484.0,489.0,372,1,,1534,SHIPPED,Correo Argentino,TRK-MVPZ2JBS7E
9000006991,1000006991,632.0,635.0,979,1,,1953,DELIVERED,Correo Argentino,TRK-JFUJ33SE6U
9000006992,1000006992,608.0,613.0,183,1,,1268,DELIVERED,Correo Argentino,TRK-ZGN8DO8RH7
9000006993,1000006993,224.0,225.0,1148,2,1.0,1,DELIVERED,PICKUP,
9000006994,1000006994,210.0,215.0,695,1,,2049,READY,Correo Argentino,TRK-Z8E9A3VNOM
9000006995,1000006995,177.0,178.0,1076,2,3.0,3,DELIVERED,PICKUP,
9000006996,1000006996,617.0,618.0,487,2,2.0,2,DELIVERED,PICKUP,
9000006997,1000006997,558.0,563.0,1209,1,,220,DELIVERED,Correo Argentino,TRK-9FK1EVH8SC
9000006998,1000006998,160.0,162.0,190,1,,2077,DELIVERED,Correo Argentino,TRK-LUCCXQEBMM
9000006999,1000006999,396.0,399.0,637,1,,1627,DELIVERED,Correo Argentino,TRK-ME109W90JT
9000007000,1000007000,602.0,607.0,547,1,,2418,DELIVERED,Correo Argentino,TRK-THA8EYN0XK
9000007001,1000007001,218.0,219.0,1015,2,1.0,1,DELIVERED,PICKUP,
9000007002,1000007002,329.0,333.0,1019,1,,1472,SHIPPED,Correo Argentino,TRK-WVJW4UVMLE
9000007003,1000007003,,,962,2,3.0,3,CANCELLED,PICKUP,
9000007004,1000007004,538.0,539.0,158,2,1.0,1,DELIVERED,PICKUP,
9000007005,1000007005,45.0,48.0,885,1,,2066,DELIVERED,Correo Argentino,TRK-53YXUGDOLH
9000007006,1000007006,17.0,18.0,843,2,3.0,3,DELIVERED,PICKUP,
9000007007,1000007007,554.0,556.0,292,1,,2433,DELIVERED,Correo Argentino,TRK-CQABGWS3PL
9000007008,1000007008,400.0,401.0,445,2,2.0,2,DELIVERED,PICKUP,
9000007009,1000007009,429.0,434.0,171,1,,811,DELIVERED,Correo Argentino,TRK-D43VVR1L83
9000007010,1000007010,640.0,644.0,961,1,,2385,DELIVERED,Correo Argentino,TRK-LS8WSN5JUD
9000007011,1000007011,614.0,619.0,1065,1,,779,DELIVERED,Correo Argentino,TRK-LPA4363S3N
9000007012,1000007012,,,1464,2,2.0,2,CANCELLED,PICKUP,
9000007013,1000007013,85.0,88.0,663,1,,207,DELIVERED,Correo Argentino,TRK-YCPSU93R48
9000007014,1000007014,365.0,366.0,208,2,2.0,2,DELIVERED,PICKUP,
9000007015,1000007015,339.0,344.0,45,1,,118,DELIVERED,Correo Argentino,TRK-AOC1IZ6PEW
9000007016,1000007016,101.0,103.0,136,1,,225,DELIVERED,Correo Argentino,TRK-E3LQJRTX20
9000007017,1000007017,104.0,105.0,178,2,1.0,1,DELIVERED,PICKUP,
9000007018,1000007018,576.0,577.0,1346,2,2.0,2,DELIVERED,PICKUP,
9000007019,1000007019,259.0,264.0,1330,1,,2260,DELIVERED,Correo Argentino,TRK-AQGKFFE6RU
9000007020,1000007020,563.0,565.0,317,1,,1353,DELIVERED,Correo Argentino,TRK-Y3WM591JQ5
9000007021,1000007021,271.0,274.0,348,1,,840,DELIVERED,Correo Argentino,TRK-TE1T3YI3L7
9000007022,1000007022,261.0,262.0,456,2,2.0,2,DELIVERED,PICKUP,
9000007023,1000007023,603.0,607.0,1282,1,,715,SHIPPED,Correo Argentino,TRK-KA6Q6RLZLC
9000007024,1000007024,17.0,18.0,270,2,1.0,1,DELIVERED,PICKUP,
9000007025,1000007025,356.0,359.0,1080,1,,2386,DELIVERED,Correo Argentino,TRK-056Q8O2IFO
9000007026,1000007026,136.0,137.0,1500,2,1.0,1,DELIVERED,PICKUP,
9000007027,1000007027,14.0,18.0,353,1,,206,DELIVERED,Correo Argentino,TRK-4PY8K1PD2U
9000007028,1000007028,4.0,9.0,701,1,,2336,DELIVERED,Correo Argentino,TRK-S7VGN6BNGX
9000007029,1000007029,302.0,303.0,409,2,4.0,4,DELIVERED,PICKUP,
9000007030,1000007030,77.0,81.0,1377,1,,2833,DELIVERED,Correo Argentino,TRK-IRWXIMWSSL
9000007031,1000007031,402.0,403.0,240,2,3.0,3,DELIVERED,PICKUP,
9000007032,1000007032,301.0,304.0,75,1,,2640,DELIVERED,Correo Argentino,TRK-P00W2B6CHT
9000007033,1000007033,511.0,514.0,1008,1,,133,DELIVERED,Correo Argentino,TRK-CAFPQT2QI4
9000007034,1000007034,52.0,56.0,1066,1,,1791,DELIVERED,Correo Argentino,TRK-H2LPPL88Q4
9000007035,1000007035,267.0,268.0,474,2,2.0,2,DELIVERED,PICKUP,
9000007036,1000007036,55.0,58.0,198,1,,1358,DELIVERED,Correo Argentino,TRK-6ZS4CTUR12
9000007037,1000007037,457.0,459.0,561,1,,436,DELIVERED,Correo Argentino,TRK-S3X2Q4RACG
9000007038,1000007038,570.0,574.0,1162,1,,1230,DELIVERED,Correo Argentino,TRK-YJGZWO3EJI
9000007039,1000007039,561.0,564.0,1015,1,,2201,DELIVERED,Correo Argentino,TRK-LUBJAZ8GJU
9000007040,1000007040,169.0,170.0,823,2,3.0,3,DELIVERED,PICKUP,
9000007041,1000007041,448.0,449.0,1321,2,2.0,2,SHIPPED,PICKUP,
9000007042,1000007042,255.0,257.0,1114,1,,283,DELIVERED,Correo Argentino,TRK-D2FLXIGV7M
9000007043,1000007043,181.0,186.0,419,1,,2101,DELIVERED,Correo Argentino,TRK-7B60RH61I0
9000007044,1000007044,,,1377,2,1.0,1,CANCELLED,PICKUP,
9000007045,1000007045,33.0,38.0,919,1,,2930,DELIVERED,Correo Argentino,TRK-AR0MZIINYP
9000007046,1000007046,188.0,191.0,399,1,,1008,DELIVERED,Correo Argentino,TRK-K82SLSA9PT
9000007047,1000007047,486.0,491.0,412,1,,757,DELIVERED,Correo Argentino,TRK-H69JDFA90G
9000007048,1000007048,266.0,271.0,326,1,,1240,SHIPPED,Correo Argentino,TRK-9CN7R0CMI6
9000007049,1000007049,433.0,434.0,876,2,2.0,2,SHIPPED,PICKUP,
9000007050,1000007050,279.0,280.0,1233,2,2.0,2,DELIVERED,PICKUP,
9000007051,1000007051,,,346,1,,2104,CANCELLED,Correo Argentino,
9000007052,1000007052,281.0,284.0,255,1,,2508,SHIPPED,Correo Argentino,TRK-ET0T0W0V91
9000007053,1000007053,2.0,7.0,1074,1,,1626,DELIVERED,Correo Argentino,TRK-Y0K1DOI81O
9000007054,1000007054,27.0,29.0,1259,1,,732,DELIVERED,Correo Argentino,TRK-SN9TQMH9EU
9000007055,1000007055,438.0,439.0,95,2,4.0,4,DELIVERED,PICKUP,
9000007056,1000007056,607.0,608.0,498,2,4.0,4,DELIVERED,PICKUP,
9000007057,1000007057,279.0,283.0,214,1,,286,DELIVERED,Correo Argentino,TRK-BEAOW8LI8R
9000007058,1000007058,7.0,8.0,346,2,2.0,2,SHIPPED,PICKUP,
9000007059,1000007059,494.0,496.0,1205,1,,206,READY,Correo Argentino,TRK-9H4YBVY7LO
9000007060,1000007060,592.0,597.0,1398,1,,1440,DELIVERED,Correo Argentino,TRK-EGM6HTRYO8
9000007061,1000007061,511.0,514.0,437,1,,22,DELIVERED,Correo Argentino,TRK-JNYSXALTUS
9000007062,1000007062,618.0,619.0,1265,2,1.0,1,DELIVERED,PICKUP,
9000007063,1000007063,74.0,75.0,12,2,1.0,1,SHIPPED,PICKUP,
9000007064,1000007064,547.0,552.0,500,1,,620,SHIPPED,Correo Argentino,TRK-3FKY75FZ65
9000007065,1000007065,333.0,337.0,946,1,,1973,DELIVERED,Correo Argentino,TRK-Z87CTIRG2C
9000007066,1000007066,283.0,284.0,1415,2,2.0,2,DELIVERED,PICKUP,
9000007067,1000007067,141.0,144.0,468,1,,416,DELIVERED,Correo Argentino,TRK-UMLGUDYG9L
9000007068,1000007068,432.0,437.0,1236,1,,18,DELIVERED,Correo Argentino,TRK-4X14H1Q1GD
9000007069,1000007069,55.0,61.0,583,1,,260,SHIPPED,Correo Argentino,TRK-Q8K9F3P1ZI
9000007070,1000007070,207.0,210.0,113,1,,219,SHIPPED,Correo Argentino,TRK-22USSV7FQC
9000007071,1000007071,438.0,441.0,266,1,,642,DELIVERED,Correo Argentino,TRK-YEKRHY1W82
9000007072,1000007072,173.0,177.0,1253,1,,1380,DELIVERED,Correo Argentino,TRK-Y11AIKXBF6
9000007073,1000007073,124.0,125.0,477,2,1.0,1,DELIVERED,PICKUP,
9000007074,1000007074,153.0,156.0,180,1,,1701,SHIPPED,Correo Argentino,TRK-UA32T364TW
9000007075,1000007075,265.0,270.0,1012,1,,1699,DELIVERED,Correo Argentino,TRK-2K25WODWTK
9000007076,1000007076,207.0,208.0,492,2,4.0,4,READY,PICKUP,
9000007077,1000007077,601.0,602.0,488,2,3.0,3,DELIVERED,PICKUP,
9000007078,1000007078,39.0,40.0,529,2,2.0,2,DELIVERED,PICKUP,
9000007079,1000007079,166.0,170.0,956,1,,2282,DELIVERED,Correo Argentino,TRK-N6YGC935I7
9000007080,1000007080,72.0,73.0,1377,2,1.0,1,DELIVERED,PICKUP,
9000007081,1000007081,162.0,166.0,905,1,,165,DELIVERED,Correo Argentino,TRK-X51RUQ3BFS
9000007082,1000007082,4.0,5.0,1468,2,2.0,2,DELIVERED,PICKUP,
9000007083,1000007083,583.0,584.0,646,2,2.0,2,DELIVERED,PICKUP,
9000007084,1000007084,515.0,519.0,634,1,,2284,DELIVERED,Correo Argentino,TRK-HA9GAX68XF
9000007085,1000007085,332.0,334.0,1075,1,,765,DELIVERED,Correo Argentino,TRK-ZQUL0F7LHL
9000007086,1000007086,269.0,271.0,1026,1,,2642,SHIPPED,Correo Argentino,TRK-V7QP4D2IK8
9000007087,1000007087,87.0,90.0,1226,1,,787,DELIVERED,Correo Argentino,TRK-4N5E3P1YET
9000007088,1000007088,343.0,346.0,1224,1,,991,DELIVERED,Correo Argentino,TRK-UHS7VP805K
9000007089,1000007089,203.0,204.0,407,2,2.0,2,DELIVERED,PICKUP,
9000007090,1000007090,536.0,542.0,971,1,,2359,DELIVERED,Correo Argentino,TRK-I2LM072O6R
9000007091,1000007091,236.0,241.0,398,1,,3124,DELIVERED,Correo Argentino,TRK-WWK164ZZ8L
9000007092,1000007092,235.0,236.0,724,2,2.0,2,DELIVERED,PICKUP,
9000007093,1000007093,10.0,13.0,1204,1,,170,SHIPPED,Correo Argentino,TRK-WBIM12BC9D
9000007094,1000007094,,,49,1,,2106,CANCELLED,Correo Argentino,
9000007095,1000007095,441.0,443.0,818,1,,2945,DELIVERED,Correo Argentino,TRK-7VIKELYF1L
9000007096,1000007096,240.0,241.0,1457,2,1.0,1,DELIVERED,PICKUP,
9000007097,1000007097,474.0,477.0,206,1,,1668,DELIVERED,Correo Argentino,TRK-YVG1ERLWP5
9000007098,1000007098,242.0,246.0,483,1,,1502,READY,Correo Argentino,TRK-WS7BML70KZ
9000007099,1000007099,622.0,624.0,31,1,,842,DELIVERED,Correo Argentino,TRK-RACMQO9DH6
9000007100,1000007100,438.0,443.0,110,1,,3196,DELIVERED,Correo Argentino,TRK-V7JPRKPEZT
9000007101,1000007101,506.0,510.0,447,1,,2866,SHIPPED,Correo Argentino,TRK-28JSJQLA4R
9000007102,1000007102,337.0,338.0,264,2,2.0,2,DELIVERED,PICKUP,
9000007103,1000007103,30.0,31.0,1187,2,4.0,4,DELIVERED,PICKUP,
9000007104,1000007104,170.0,172.0,134,1,,745,SHIPPED,Correo Argentino,TRK-ESV87ZJRAU
9000007105,1000007105,639.0,641.0,1412,1,,2675,DELIVERED,Correo Argentino,TRK-UZIGHQQE1K
9000007106,1000007106,607.0,611.0,1209,1,,1215,DELIVERED,Correo Argentino,TRK-UF8AE3DHDB
9000007107,1000007107,455.0,456.0,621,2,4.0,4,DELIVERED,PICKUP,
9000007108,1000007108,523.0,526.0,1348,1,,3189,DELIVERED,Correo Argentino,TRK-L3H6Q73Z97
9000007109,1000007109,,,383,2,3.0,3,CANCELLED,PICKUP,
9000007110,1000007110,35.0,36.0,230,2,4.0,4,DELIVERED,PICKUP,
9000007111,1000007111,144.0,148.0,1420,1,,723,SHIPPED,Correo Argentino,TRK-FWCPU6WOAJ
9000007112,1000007112,488.0,492.0,1180,1,,1566,DELIVERED,Correo Argentino,TRK-TJ1RUNTPHF
9000007113,1000007113,451.0,453.0,1338,1,,3001,DELIVERED,Correo Argentino,TRK-IV8NWJO5H3
9000007114,1000007114,522.0,523.0,168,2,2.0,2,DELIVERED,PICKUP,
9000007115,1000007115,244.0,245.0,1465,2,4.0,4,DELIVERED,PICKUP,
9000007116,1000007116,582.0,587.0,832,1,,604,SHIPPED,Correo Argentino,TRK-X23BZUJMXI
9000007117,1000007117,397.0,401.0,569,1,,665,DELIVERED,Correo Argentino,TRK-Z1DE78TELQ
9000007118,1000007118,478.0,479.0,845,2,4.0,4,SHIPPED,PICKUP,
9000007119,1000007119,351.0,358.0,961,1,,2380,DELIVERED,Correo Argentino,TRK-S31ZDFNSQY
9000007120,1000007120,424.0,425.0,1383,2,3.0,3,SHIPPED,PICKUP,
9000007121,1000007121,543.0,544.0,1211,2,1.0,1,DELIVERED,PICKUP,
9000007122,1000007122,597.0,601.0,316,1,,1675,DELIVERED,Correo Argentino,TRK-HB1EV33M2S
9000007123,1000007123,,,1067,1,,553,CANCELLED,Correo Argentino,
9000007124,1000007124,251.0,252.0,916,2,3.0,3,DELIVERED,PICKUP,
9000007125,1000007125,63.0,64.0,1125,2,3.0,3,DELIVERED,PICKUP,
9000007126,1000007126,524.0,525.0,1120,2,4.0,4,DELIVERED,PICKUP,
9000007127,1000007127,72.0,77.0,1130,1,,2307,DELIVERED,Correo Argentino,TRK-ER5FGRWK47
9000007128,1000007128,634.0,637.0,1426,1,,1322,DELIVERED,Correo Argentino,TRK-NLCZ3FEZ5R
9000007129,1000007129,249.0,250.0,101,2,1.0,1,DELIVERED,PICKUP,
9000007130,1000007130,71.0,72.0,1233,2,2.0,2,DELIVERED,PICKUP,
9000007131,1000007131,114.0,118.0,441,1,,2146,DELIVERED,Correo Argentino,TRK-X1FO4L8Y9H
9000007132,1000007132,,,1424,1,,1287,CANCELLED,Correo Argentino,
9000007133,1000007133,157.0,158.0,357,2,1.0,1,DELIVERED,PICKUP,
9000007134,1000007134,378.0,379.0,875,2,4.0,4,DELIVERED,PICKUP,
9000007135,1000007135,580.0,583.0,405,1,,1756,DELIVERED,Correo Argentino,TRK-0BI46PNC7L
9000007136,1000007136,453.0,454.0,32,2,2.0,2,DELIVERED,PICKUP,
9000007137,1000007137,402.0,407.0,229,1,,3096,DELIVERED,Correo Argentino,TRK-8GZJHDZ8IU
9000007138,1000007138,469.0,472.0,140,1,,2488,SHIPPED,Correo Argentino,TRK-XVD2XMYCNH
9000007139,1000007139,303.0,305.0,1271,1,,464,DELIVERED,Correo Argentino,TRK-I78LBSHN18
9000007140,1000007140,417.0,418.0,297,2,1.0,1,DELIVERED,PICKUP,
9000007141,1000007141,357.0,359.0,171,1,,1116,DELIVERED,Correo Argentino,TRK-L7L9WOJ0HW
9000007142,1000007142,300.0,303.0,1022,1,,962,DELIVERED,Correo Argentino,TRK-4T4DS39PIP
9000007143,1000007143,243.0,244.0,425,2,1.0,1,DELIVERED,PICKUP,
9000007144,1000007144,236.0,239.0,250,1,,1970,DELIVERED,Correo Argentino,TRK-Z9WJGLYQFH
9000007145,1000007145,364.0,365.0,1472,2,1.0,1,DELIVERED,PICKUP,
9000007146,1000007146,577.0,578.0,1294,2,1.0,1,SHIPPED,PICKUP,
9000007147,1000007147,128.0,129.0,364,2,4.0,4,DELIVERED,PICKUP,
9000007148,1000007148,570.0,571.0,669,2,2.0,2,SHIPPED,PICKUP,
9000007149,1000007149,556.0,557.0,439,2,3.0,3,DELIVERED,PICKUP,
9000007150,1000007150,352.0,353.0,887,2,1.0,1,DELIVERED,PICKUP,
9000007151,1000007151,568.0,569.0,1377,2,2.0,2,SHIPPED,PICKUP,
9000007152,1000007152,615.0,620.0,390,1,,41,DELIVERED,Correo Argentino,TRK-S7WSW51TF9
9000007153,1000007153,577.0,578.0,1374,2,4.0,4,DELIVERED,PICKUP,
9000007154,1000007154,616.0,620.0,751,1,,1530,DELIVERED,Correo Argentino,TRK-0CRK61TDJB
9000007155,1000007155,259.0,261.0,906,1,,2839,DELIVERED,Correo Argentino,TRK-K3A9414F4T
9000007156,1000007156,636.0,637.0,1041,2,4.0,4,DELIVERED,PICKUP,
9000007157,1000007157,272.0,273.0,94,2,4.0,4,DELIVERED,PICKUP,
9000007158,1000007158,601.0,602.0,1224,2,2.0,2,DELIVERED,PICKUP,
9000007159,1000007159,274.0,276.0,1026,1,,2179,SHIPPED,Correo Argentino,TRK-O0NSCANXHJ
9000007160,1000007160,297.0,298.0,223,2,4.0,4,DELIVERED,PICKUP,
9000007161,1000007161,175.0,179.0,1030,1,,1431,DELIVERED,Correo Argentino,TRK-75O4B9CZVQ
9000007162,1000007162,506.0,507.0,1458,2,2.0,2,SHIPPED,PICKUP,
9000007163,1000007163,18.0,19.0,1180,2,2.0,2,DELIVERED,PICKUP,
9000007164,1000007164,299.0,301.0,1498,1,,802,DELIVERED,Correo Argentino,TRK-32DRSEFI8X
9000007165,1000007165,270.0,276.0,771,1,,2389,DELIVERED,Correo Argentino,TRK-E5HUX6TXG8
9000007166,1000007166,167.0,172.0,414,1,,209,DELIVERED,Correo Argentino,TRK-TSXGDK7D6T
9000007167,1000007167,407.0,408.0,705,2,2.0,2,DELIVERED,PICKUP,
9000007168,1000007168,376.0,381.0,1282,1,,2896,DELIVERED,Correo Argentino,TRK-XDSOO5PJGA
9000007169,1000007169,621.0,625.0,713,1,,2487,SHIPPED,Correo Argentino,TRK-AH8RTRP3HN
9000007170,1000007170,459.0,463.0,737,1,,2471,DELIVERED,Correo Argentino,TRK-UJLCCA7UGH
9000007171,1000007171,392.0,393.0,1337,2,3.0,3,DELIVERED,PICKUP,
9000007172,1000007172,560.0,562.0,1060,1,,2860,DELIVERED,Correo Argentino,TRK-7S8WZO4V9Z
9000007173,1000007173,380.0,381.0,1100,2,1.0,1,DELIVERED,PICKUP,
9000007174,1000007174,368.0,372.0,719,1,,2123,DELIVERED,Correo Argentino,TRK-XB8Q857MFU
9000007175,1000007175,370.0,375.0,1450,1,,1837,DELIVERED,Correo Argentino,TRK-ZIQW6LWSG8
9000007176,1000007176,249.0,254.0,176,1,,2815,DELIVERED,Correo Argentino,TRK-XR4FK0ZJX1
9000007177,1000007177,465.0,468.0,756,1,,723,SHIPPED,Correo Argentino,TRK-TV76H9UMN4
9000007178,1000007178,287.0,288.0,1246,2,1.0,1,DELIVERED,PICKUP,
9000007179,1000007179,425.0,427.0,383,1,,754,DELIVERED,Correo Argentino,TRK-W8NQ3OCTUZ
9000007180,1000007180,399.0,400.0,1463,2,2.0,2,DELIVERED,PICKUP,
9000007181,1000007181,61.0,67.0,1177,1,,3002,DELIVERED,Correo Argentino,TRK-4OIIWJV959
9000007182,1000007182,502.0,503.0,321,2,1.0,1,DELIVERED,PICKUP,
9000007183,1000007183,200.0,201.0,130,2,1.0,1,DELIVERED,PICKUP,
9000007184,1000007184,53.0,54.0,1083,2,3.0,3,DELIVERED,PICKUP,
9000007185,1000007185,389.0,394.0,1161,1,,3168,DELIVERED,Correo Argentino,TRK-IH4KO41XW5
9000007186,1000007186,,,785,2,2.0,2,CANCELLED,PICKUP,
9000007187,1000007187,2.0,5.0,487,1,,1689,SHIPPED,Correo Argentino,TRK-JQVG881WCJ
9000007188,1000007188,360.0,364.0,306,1,,2687,DELIVERED,Correo Argentino,TRK-GN0EGXNYTE
9000007189,1000007189,187.0,188.0,1062,2,4.0,4,DELIVERED,PICKUP,
9000007190,1000007190,144.0,145.0,1356,2,1.0,1,SHIPPED,PICKUP,
9000007191,1000007191,328.0,332.0,709,1,,618,SHIPPED,Correo Argentino,TRK-RIAFTKPMD3
9000007192,1000007192,480.0,484.0,524,1,,2743,DELIVERED,Correo Argentino,TRK-Q7UWZV8HMT
9000007193,1000007193,324.0,325.0,1063,2,1.0,1,DELIVERED,PICKUP,
9000007194,1000007194,35.0,40.0,1149,1,,2124,DELIVERED,Correo Argentino,TRK-0ICOYY90PE
9000007195,1000007195,179.0,180.0,552,2,4.0,4,DELIVERED,PICKUP,
9000007196,1000007196,247.0,248.0,1011,2,3.0,3,DELIVERED,PICKUP,
9000007197,1000007197,530.0,533.0,896,1,,2072,DELIVERED,Correo Argentino,TRK-TWMNQVALT3
9000007198,1000007198,287.0,289.0,762,1,,2407,DELIVERED,Correo Argentino,TRK-LZFS66RYX8
9000007199,1000007199,377.0,378.0,812,2,3.0,3,DELIVERED,PICKUP,
9000007200,1000007200,109.0,114.0,785,1,,3051,DELIVERED,Correo Argentino,TRK-NJ1DYJ5PMS
9000007201,1000007201,389.0,390.0,1088,2,4.0,4,SHIPPED,PICKUP,
9000007202,1000007202,391.0,392.0,137,2,2.0,2,DELIVERED,PICKUP,
9000007203,1000007203,304.0,306.0,1341,1,,1783,DELIVERED,Correo Argentino,TRK-8E9N69TPDJ
9000007204,1000007204,321.0,326.0,790,1,,2284,DELIVERED,Correo Argentino,TRK-YH1WYUU72D
9000007205,1000007205,437.0,439.0,194,1,,2987,DELIVERED,Correo Argentino,TRK-1MN4NZA1J4
9000007206,1000007206,439.0,441.0,1373,1,,2083,DELIVERED,Correo Argentino,TRK-98S1WY5HXF
9000007207,1000007207,597.0,598.0,754,2,4.0,4,DELIVERED,PICKUP,
9000007208,1000007208,524.0,527.0,841,1,,1228,DELIVERED,Correo Argentino,TRK-FXUSGBDSA0
9000007209,1000007209,,,1292,1,,2651,CANCELLED,Correo Argentino,
9000007210,1000007210,485.0,490.0,1300,1,,2764,DELIVERED,Correo Argentino,TRK-4GIFPMY1FX
9000007211,1000007211,521.0,522.0,1059,2,4.0,4,DELIVERED,PICKUP,
9000007212,1000007212,597.0,598.0,1420,2,2.0,2,DELIVERED,PICKUP,
9000007213,1000007213,523.0,526.0,1099,1,,3140,DELIVERED,Correo Argentino,TRK-TS5LM59OR3
9000007214,1000007214,515.0,520.0,219,1,,1451,SHIPPED,Correo Argentino,TRK-UZ4F5ES95G
9000007215,1000007215,,,516,2,4.0,4,CANCELLED,PICKUP,
9000007216,1000007216,358.0,359.0,355,2,2.0,2,SHIPPED,PICKUP,
9000007217,1000007217,328.0,331.0,1448,1,,977,DELIVERED,Correo Argentino,TRK-QS07DIZ60U
9000007218,1000007218,219.0,220.0,821,2,1.0,1,DELIVERED,PICKUP,
9000007219,1000007219,561.0,566.0,1494,1,,2321,SHIPPED,Correo Argentino,TRK-PKX4LUF6V5
9000007220,1000007220,188.0,192.0,1265,1,,1470,DELIVERED,Correo Argentino,TRK-M72HNKFZI3
9000007221,1000007221,578.0,581.0,901,1,,89,DELIVERED,Correo Argentino,TRK-T4CN8EM0LM
9000007222,1000007222,380.0,385.0,1268,1,,799,DELIVERED,Correo Argentino,TRK-DVQZFEKOJ5
9000007223,1000007223,532.0,533.0,692,2,4.0,4,DELIVERED,PICKUP,
9000007224,1000007224,506.0,512.0,1497,1,,589,SHIPPED,Correo Argentino,TRK-NTIGCRWCV9
9000007225,1000007225,429.0,434.0,1104,1,,3139,DELIVERED,Correo Argentino,TRK-NFIOU38594
9000007226,1000007226,191.0,194.0,862,1,,18,DELIVERED,Correo Argentino,TRK-4ZSP2PNYNF
9000007227,1000007227,598.0,599.0,535,2,3.0,3,DELIVERED,PICKUP,
9000007228,1000007228,28.0,32.0,281,1,,124,DELIVERED,Correo Argentino,TRK-DOCMO6WNUW
9000007229,1000007229,519.0,522.0,629,1,,1161,DELIVERED,Correo Argentino,TRK-6PT9ODY2Y3
9000007230,1000007230,,,1161,1,,2947,CANCELLED,Correo Argentino,
9000007231,1000007231,427.0,428.0,826,2,4.0,4,DELIVERED,PICKUP,
9000007232,1000007232,343.0,344.0,890,2,3.0,3,DELIVERED,PICKUP,
9000007233,1000007233,148.0,152.0,333,1,,836,SHIPPED,Correo Argentino,TRK-0QEBM4LGCS
9000007234,1000007234,239.0,243.0,894,1,,2172,DELIVERED,Correo Argentino,TRK-AAK4F2FMSZ
9000007235,1000007235,577.0,578.0,994,2,3.0,3,DELIVERED,PICKUP,
9000007236,1000007236,202.0,206.0,936,1,,1415,DELIVERED,Correo Argentino,TRK-0HXX5KWIY7
9000007237,1000007237,237.0,238.0,902,2,4.0,4,READY,PICKUP,
9000007238,1000007238,621.0,625.0,1139,1,,252,DELIVERED,Correo Argentino,TRK-UJ8JJRZ8KT
9000007239,1000007239,48.0,49.0,968,2,1.0,1,DELIVERED,PICKUP,
9000007240,1000007240,,,410,1,,2365,CANCELLED,Correo Argentino,
9000007241,1000007241,,,875,1,,194,CANCELLED,Correo Argentino,
9000007242,1000007242,514.0,515.0,387,2,3.0,3,DELIVERED,PICKUP,
9000007243,1000007243,609.0,611.0,880,1,,2818,DELIVERED,Correo Argentino,TRK-NACEWTA5HY
9000007244,1000007244,452.0,456.0,954,1,,1073,DELIVERED,Correo Argentino,TRK-S59BRBOMGD
9000007245,1000007245,43.0,47.0,933,1,,8,DELIVERED,Correo Argentino,TRK-FVEM63XTAK
9000007246,1000007246,317.0,320.0,1154,1,,380,DELIVERED,Correo Argentino,TRK-2DOP1GDVT8
9000007247,1000007247,501.0,502.0,527,2,1.0,1,DELIVERED,PICKUP,
9000007248,1000007248,186.0,189.0,1353,1,,2927,SHIPPED,Correo Argentino,TRK-EE8OIPS5FB
9000007249,1000007249,412.0,413.0,667,2,3.0,3,DELIVERED,PICKUP,
9000007250,1000007250,338.0,341.0,506,1,,1879,DELIVERED,Correo Argentino,TRK-DLTHT6REGX
9000007251,1000007251,385.0,386.0,517,2,2.0,2,DELIVERED,PICKUP,
9000007252,1000007252,319.0,324.0,609,1,,994,SHIPPED,Correo Argentino,TRK-HTX5WMH2R1
9000007253,1000007253,633.0,637.0,1139,1,,2105,DELIVERED,Correo Argentino,TRK-1KM14FTJKQ
9000007254,1000007254,161.0,166.0,440,1,,761,DELIVERED,Correo Argentino,TRK-5KVH404H20
9000007255,1000007255,303.0,304.0,32,2,3.0,3,DELIVERED,PICKUP,
9000007256,1000007256,352.0,355.0,452,1,,1944,SHIPPED,Correo Argentino,TRK-O33MD63X3P
9000007257,1000007257,546.0,551.0,903,1,,2389,DELIVERED,Correo Argentino,TRK-RH9LFDYGKI
9000007258,1000007258,421.0,422.0,850,2,1.0,1,DELIVERED,PICKUP,
9000007259,1000007259,291.0,296.0,1186,1,,2468,DELIVERED,Correo Argentino,TRK-7IFF31UA7L
9000007260,1000007260,510.0,513.0,905,1,,1089,DELIVERED,Correo Argentino,TRK-2UR8BBJB6K
9000007261,1000007261,212.0,219.0,1317,1,,586,DELIVERED,Correo Argentino,TRK-UTI9GAX0LZ
9000007262,1000007262,288.0,293.0,1224,1,,177,DELIVERED,Correo Argentino,TRK-GNS2G81BXU
9000007263,1000007263,143.0,148.0,515,1,,2189,DELIVERED,Correo Argentino,TRK-QAKWCEO51O
9000007264,1000007264,85.0,86.0,81,2,1.0,1,SHIPPED,PICKUP,
9000007265,1000007265,368.0,372.0,838,1,,2823,DELIVERED,Correo Argentino,TRK-GGNQJTB2L7
9000007266,1000007266,406.0,411.0,1047,1,,2178,DELIVERED,Correo Argentino,TRK-OW6Q2UJ1JZ
9000007267,1000007267,533.0,534.0,949,2,3.0,3,SHIPPED,PICKUP,
9000007268,1000007268,341.0,342.0,127,2,1.0,1,DELIVERED,PICKUP,
9000007269,1000007269,611.0,612.0,1192,2,3.0,3,DELIVERED,PICKUP,
9000007270,1000007270,311.0,314.0,1389,1,,1176,SHIPPED,Correo Argentino,TRK-7J0UEOJSS0
9000007271,1000007271,481.0,486.0,1226,1,,1427,DELIVERED,Correo Argentino,TRK-X4WBCYQGLY
9000007272,1000007272,500.0,501.0,895,2,1.0,1,DELIVERED,PICKUP,
9000007273,1000007273,82.0,86.0,390,1,,2793,DELIVERED,Correo Argentino,TRK-FO8I6Q7W23
9000007274,1000007274,616.0,617.0,1130,2,4.0,4,SHIPPED,PICKUP,
9000007275,1000007275,25.0,30.0,915,1,,1602,DELIVERED,Correo Argentino,TRK-G05PV6U9TO
9000007276,1000007276,570.0,571.0,354,2,4.0,4,SHIPPED,PICKUP,
9000007277,1000007277,,,552,1,,106,CANCELLED,Correo Argentino,
9000007278,1000007278,522.0,525.0,944,1,,1296,DELIVERED,Correo Argentino,TRK-B14A3IEJ9Y
9000007279,1000007279,463.0,467.0,746,1,,2781,DELIVERED,Correo Argentino,TRK-51CCZMCCMC
9000007280,1000007280,454.0,456.0,988,1,,1963,DELIVERED,Correo Argentino,TRK-I4EXERTAOK
9000007281,1000007281,392.0,393.0,1184,2,3.0,3,SHIPPED,PICKUP,
9000007282,1000007282,189.0,193.0,1019,1,,1864,DELIVERED,Correo Argentino,TRK-03V3JN7HVB
9000007283,1000007283,26.0,31.0,433,1,,1675,DELIVERED,Correo Argentino,TRK-L4SNSODFIV
9000007284,1000007284,187.0,188.0,678,2,1.0,1,SHIPPED,PICKUP,
9000007285,1000007285,267.0,274.0,873,1,,1524,DELIVERED,Correo Argentino,TRK-CQFVTHYKCX
9000007286,1000007286,,,1463,2,4.0,4,CANCELLED,PICKUP,
9000007287,1000007287,564.0,568.0,658,1,,362,DELIVERED,Correo Argentino,TRK-TR9I2BL264
9000007288,1000007288,390.0,391.0,181,2,1.0,1,SHIPPED,PICKUP,
9000007289,1000007289,212.0,215.0,1268,1,,1147,DELIVERED,Correo Argentino,TRK-34LJ5FXR1G
9000007290,1000007290,514.0,517.0,435,1,,597,DELIVERED,Correo Argentino,TRK-3KOOSVYVOO
9000007291,1000007291,316.0,320.0,543,1,,93,DELIVERED,Correo Argentino,TRK-2CAYXZUE59
9000007292,1000007292,309.0,312.0,848,1,,1609,DELIVERED,Correo Argentino,TRK-UJ1I9BHW2X
9000007293,1000007293,403.0,404.0,61,2,4.0,4,DELIVERED,PICKUP,
9000007294,1000007294,559.0,562.0,273,1,,2899,DELIVERED,Correo Argentino,TRK-M9B4PA39T2
9000007295,1000007295,507.0,510.0,597,1,,731,DELIVERED,Correo Argentino,TRK-TZ2H0OK1NZ
9000007296,1000007296,306.0,307.0,1395,2,4.0,4,DELIVERED,PICKUP,
9000007297,1000007297,150.0,152.0,1371,1,,2279,DELIVERED,Correo Argentino,TRK-HILBUVDKUZ
9000007298,1000007298,272.0,277.0,1455,1,,7,DELIVERED,Correo Argentino,TRK-HRTNR16IUD
9000007299,1000007299,442.0,445.0,1141,1,,212,DELIVERED,Correo Argentino,TRK-7LZES8B1NN
9000007300,1000007300,132.0,134.0,512,1,,1969,DELIVERED,Correo Argentino,TRK-P6UVGXGFL2
9000007301,1000007301,,,350,2,2.0,2,CANCELLED,PICKUP,
9000007302,1000007302,467.0,468.0,812,2,3.0,3,DELIVERED,PICKUP,
9000007303,1000007303,537.0,539.0,923,1,,85,DELIVERED,Correo Argentino,TRK-53YMHLK27F
9000007304,1000007304,173.0,175.0,547,1,,69,DELIVERED,Correo Argentino,TRK-GXEMLR2ETL
9000007305,1000007305,433.0,434.0,1468,2,3.0,3,DELIVERED,PICKUP,
9000007306,1000007306,352.0,354.0,1107,1,,747,DELIVERED,Correo Argentino,TRK-1MLVC7K90C
9000007307,1000007307,317.0,318.0,486,2,3.0,3,DELIVERED,PICKUP,
9000007308,1000007308,104.0,107.0,393,1,,1713,SHIPPED,Correo Argentino,TRK-RGWYJFEYLF
9000007309,1000007309,357.0,358.0,1076,2,1.0,1,DELIVERED,PICKUP,
9000007310,1000007310,278.0,279.0,474,2,1.0,1,DELIVERED,PICKUP,
9000007311,1000007311,464.0,468.0,1312,1,,2329,DELIVERED,Correo Argentino,TRK-VSU61SGMG9
9000007312,1000007312,136.0,141.0,1305,1,,2329,DELIVERED,Correo Argentino,TRK-B78NDUECAK
9000007313,1000007313,,,1307,1,,1211,CANCELLED,Correo Argentino,
9000007314,1000007314,425.0,430.0,1103,1,,3028,SHIPPED,Correo Argentino,TRK-O0DUDKCOXX
9000007315,1000007315,163.0,166.0,240,1,,425,DELIVERED,Correo Argentino,TRK-U8L7WFALWC
9000007316,1000007316,615.0,619.0,160,1,,726,DELIVERED,Correo Argentino,TRK-I3P2P9RFLL
9000007317,1000007317,52.0,55.0,548,1,,587,DELIVERED,Correo Argentino,TRK-4OPCJ4NJU6
9000007318,1000007318,197.0,200.0,1302,1,,856,DELIVERED,Correo Argentino,TRK-GNMP2RSPEO
9000007319,1000007319,123.0,128.0,1110,1,,930,DELIVERED,Correo Argentino,TRK-TJE9DX2HKL
9000007320,1000007320,,,164,1,,620,CANCELLED,Correo Argentino,
9000007321,1000007321,536.0,538.0,208,1,,1907,DELIVERED,Correo Argentino,TRK-CBVLMEILNM
9000007322,1000007322,520.0,522.0,291,1,,1622,SHIPPED,Correo Argentino,TRK-L2VV0DCRKJ
9000007323,1000007323,411.0,414.0,531,1,,2213,DELIVERED,Correo Argentino,TRK-9FO1IY5TW9
9000007324,1000007324,318.0,320.0,615,1,,641,DELIVERED,Correo Argentino,TRK-9AGN8W2CPG
9000007325,1000007325,271.0,272.0,80,2,1.0,1,DELIVERED,PICKUP,
9000007326,1000007326,105.0,107.0,1420,1,,380,SHIPPED,Correo Argentino,TRK-L3BITXFAF2
9000007327,1000007327,320.0,321.0,1219,2,2.0,2,DELIVERED,PICKUP,
9000007328,1000007328,345.0,346.0,774,2,2.0,2,DELIVERED,PICKUP,
9000007329,1000007329,509.0,510.0,1199,2,4.0,4,DELIVERED,PICKUP,
9000007330,1000007330,474.0,478.0,1435,1,,3144,SHIPPED,Correo Argentino,TRK-UB6MVAKUNZ
9000007331,1000007331,197.0,198.0,772,2,1.0,1,DELIVERED,PICKUP,
9000007332,1000007332,627.0,631.0,474,1,,836,DELIVERED,Correo Argentino,TRK-7V30RQI7HO
9000007333,1000007333,297.0,302.0,882,1,,2226,DELIVERED,Correo Argentino,TRK-682TXTUGIS
9000007334,1000007334,228.0,229.0,414,2,3.0,3,DELIVERED,PICKUP,
9000007335,1000007335,555.0,559.0,376,1,,1702,DELIVERED,Correo Argentino,TRK-4KC6EALFIX
9000007336,1000007336,402.0,403.0,1301,2,3.0,3,DELIVERED,PICKUP,
9000007337,1000007337,55.0,58.0,275,1,,86,DELIVERED,Correo Argentino,TRK-4CQ5FG2PHY
9000007338,1000007338,,,1162,1,,395,CANCELLED,Correo Argentino,
9000007339,1000007339,,,343,1,,1075,CANCELLED,Correo Argentino,
9000007340,1000007340,275.0,276.0,983,2,2.0,2,DELIVERED,PICKUP,
9000007341,1000007341,410.0,413.0,448,1,,623,DELIVERED,Correo Argentino,TRK-MV9BN6F9OC
9000007342,1000007342,215.0,219.0,861,1,,1852,DELIVERED,Correo Argentino,TRK-4B2AO0MM3Q
9000007343,1000007343,190.0,191.0,1189,2,3.0,3,DELIVERED,PICKUP,
9000007344,1000007344,450.0,451.0,598,2,1.0,1,DELIVERED,PICKUP,
9000007345,1000007345,577.0,578.0,560,2,2.0,2,DELIVERED,PICKUP,
9000007346,1000007346,175.0,176.0,377,2,1.0,1,DELIVERED,PICKUP,
9000007347,1000007347,421.0,422.0,118,2,2.0,2,DELIVERED,PICKUP,
9000007348,1000007348,285.0,290.0,840,1,,2326,DELIVERED,Correo Argentino,TRK-PAD0ODGT5H
9000007349,1000007349,545.0,548.0,55,1,,2626,DELIVERED,Correo Argentino,TRK-9S22RI7HRV
9000007350,1000007350,76.0,80.0,1387,1,,1502,DELIVERED,Correo Argentino,TRK-YTMIMGKCXV
9000007351,1000007351,157.0,164.0,1044,1,,371,DELIVERED,Correo Argentino,TRK-B3LHJDV6OJ
9000007352,1000007352,141.0,144.0,1068,1,,2007,DELIVERED,Correo Argentino,TRK-XVC1XWC47Z
9000007353,1000007353,,,1324,1,,2284,CANCELLED,Correo Argentino,
9000007354,1000007354,119.0,121.0,907,1,,1953,SHIPPED,Correo Argentino,TRK-IIJMCXROBX
9000007355,1000007355,,,1281,1,,2548,CANCELLED,Correo Argentino,
9000007356,1000007356,522.0,523.0,555,2,4.0,4,SHIPPED,PICKUP,
9000007357,1000007357,145.0,148.0,778,1,,3132,DELIVERED,Correo Argentino,TRK-5QD0ZUDYKQ
9000007358,1000007358,553.0,557.0,1001,1,,2785,DELIVERED,Correo Argentino,TRK-AXMQBX8SC8
9000007359,1000007359,532.0,536.0,1188,1,,1857,DELIVERED,Correo Argentino,TRK-B5FE3HVNPP
9000007360,1000007360,159.0,164.0,45,1,,3060,DELIVERED,Correo Argentino,TRK-DKYFPXST6W
9000007361,1000007361,276.0,277.0,1309,2,3.0,3,DELIVERED,PICKUP,
9000007362,1000007362,545.0,546.0,771,2,4.0,4,DELIVERED,PICKUP,
9000007363,1000007363,378.0,379.0,510,2,3.0,3,DELIVERED,PICKUP,
9000007364,1000007364,75.0,80.0,1450,1,,2876,DELIVERED,Correo Argentino,TRK-DMVJUJSC11
9000007365,1000007365,605.0,606.0,466,2,1.0,1,DELIVERED,PICKUP,
9000007366,1000007366,463.0,467.0,722,1,,1539,SHIPPED,Correo Argentino,TRK-OBXM4LUF6T
9000007367,1000007367,497.0,500.0,680,1,,2427,DELIVERED,Correo Argentino,TRK-TVOEULODWX
9000007368,1000007368,458.0,459.0,451,2,2.0,2,READY,PICKUP,
9000007369,1000007369,10.0,14.0,1001,1,,989,DELIVERED,Correo Argentino,TRK-82CETRLDHO
9000007370,1000007370,140.0,142.0,1127,1,,630,SHIPPED,Correo Argentino,TRK-XCVTBGKIZV
9000007371,1000007371,,,1188,2,1.0,1,CANCELLED,PICKUP,
9000007372,1000007372,,,481,2,3.0,3,CANCELLED,PICKUP,
9000007373,1000007373,,,246,1,,1607,CANCELLED,Correo Argentino,
9000007374,1000007374,281.0,282.0,56,2,2.0,2,DELIVERED,PICKUP,
9000007375,1000007375,283.0,285.0,547,1,,1412,DELIVERED,Correo Argentino,TRK-0TRU474J1P
9000007376,1000007376,611.0,612.0,1304,2,2.0,2,SHIPPED,PICKUP,
9000007377,1000007377,274.0,275.0,1214,2,2.0,2,DELIVERED,PICKUP,
9000007378,1000007378,276.0,278.0,903,1,,342,DELIVERED,Correo Argentino,TRK-9KQNAPS18I
9000007379,1000007379,209.0,213.0,1173,1,,3132,DELIVERED,Correo Argentino,TRK-474ME96DBU
9000007380,1000007380,411.0,413.0,181,1,,3187,DELIVERED,Correo Argentino,TRK-Q7H6XCUPYO
9000007381,1000007381,565.0,566.0,65,2,2.0,2,SHIPPED,PICKUP,
9000007382,1000007382,252.0,253.0,1344,2,3.0,3,SHIPPED,PICKUP,
9000007383,1000007383,53.0,54.0,1436,2,4.0,4,DELIVERED,PICKUP,
9000007384,1000007384,374.0,379.0,567,1,,2620,DELIVERED,Correo Argentino,TRK-S2TOYBUSEM
9000007385,1000007385,350.0,355.0,100,1,,2448,DELIVERED,Correo Argentino,TRK-ERN65RSKSH
9000007386,1000007386,209.0,211.0,1293,1,,1082,DELIVERED,Correo Argentino,TRK-R4NFIWZ7D1
9000007387,1000007387,235.0,239.0,380,1,,2187,DELIVERED,Correo Argentino,TRK-4VHFOZM00P
9000007388,1000007388,60.0,61.0,351,2,1.0,1,DELIVERED,PICKUP,
9000007389,1000007389,246.0,247.0,1029,2,1.0,1,DELIVERED,PICKUP,
9000007390,1000007390,208.0,209.0,544,2,3.0,3,DELIVERED,PICKUP,
9000007391,1000007391,482.0,483.0,916,2,4.0,4,DELIVERED,PICKUP,
9000007392,1000007392,281.0,282.0,291,2,3.0,3,DELIVERED,PICKUP,
9000007393,1000007393,11.0,12.0,253,2,3.0,3,DELIVERED,PICKUP,
9000007394,1000007394,,,922,1,,1679,CANCELLED,Correo Argentino,
9000007395,1000007395,168.0,171.0,347,1,,2545,DELIVERED,Correo Argentino,TRK-8ZC53AIGMO
9000007396,1000007396,612.0,613.0,882,2,4.0,4,DELIVERED,PICKUP,
9000007397,1000007397,352.0,353.0,477,2,1.0,1,DELIVERED,PICKUP,
9000007398,1000007398,,,1061,2,3.0,3,CANCELLED,PICKUP,
9000007399,1000007399,504.0,508.0,292,1,,832,DELIVERED,Correo Argentino,TRK-D34QKM012N
9000007400,1000007400,10.0,13.0,1450,1,,903,SHIPPED,Correo Argentino,TRK-DMVLSIPGVO
9000007401,1000007401,135.0,136.0,1342,2,2.0,2,DELIVERED,PICKUP,
9000007402,1000007402,365.0,368.0,930,1,,431,DELIVERED,Correo Argentino,TRK-99K17MD61L
9000007403,1000007403,361.0,366.0,918,1,,2721,DELIVERED,Correo Argentino,TRK-AHSMVE9T2U
9000007404,1000007404,331.0,332.0,1233,2,3.0,3,DELIVERED,PICKUP,
9000007405,1000007405,436.0,437.0,856,2,4.0,4,DELIVERED,PICKUP,
9000007406,1000007406,287.0,292.0,111,1,,94,SHIPPED,Correo Argentino,TRK-ZZ5CFA14BO
9000007407,1000007407,85.0,86.0,10,2,3.0,3,DELIVERED,PICKUP,
9000007408,1000007408,99.0,104.0,1016,1,,1215,DELIVERED,Correo Argentino,TRK-V5LKPL1OAN
9000007409,1000007409,627.0,629.0,874,1,,999,DELIVERED,Correo Argentino,TRK-S9CDRDMNGA
9000007410,1000007410,190.0,194.0,789,1,,1512,DELIVERED,Correo Argentino,TRK-02P4NSQQ25
9000007411,1000007411,320.0,321.0,119,2,2.0,2,SHIPPED,PICKUP,
9000007412,1000007412,,,413,2,2.0,2,CANCELLED,PICKUP,
9000007413,1000007413,116.0,119.0,616,1,,656,DELIVERED,Correo Argentino,TRK-XSNTK50GPH
9000007414,1000007414,584.0,587.0,1239,1,,970,DELIVERED,Correo Argentino,TRK-2RCVAER4EZ
9000007415,1000007415,395.0,396.0,1053,2,3.0,3,DELIVERED,PICKUP,
9000007416,1000007416,92.0,95.0,255,1,,2836,DELIVERED,Correo Argentino,TRK-6TEPWXFYGX
9000007417,1000007417,139.0,140.0,1123,2,2.0,2,DELIVERED,PICKUP,
9000007418,1000007418,589.0,593.0,1427,1,,2924,SHIPPED,Correo Argentino,TRK-2TY1VPTRKY
9000007419,1000007419,127.0,128.0,205,2,1.0,1,DELIVERED,PICKUP,
9000007420,1000007420,456.0,457.0,878,2,4.0,4,DELIVERED,PICKUP,
9000007421,1000007421,584.0,587.0,1416,1,,1833,DELIVERED,Correo Argentino,TRK-Q4G2FIIZ5J
9000007422,1000007422,602.0,606.0,440,1,,3006,SHIPPED,Correo Argentino,TRK-NT7WX25LXD
9000007423,1000007423,418.0,419.0,1366,2,3.0,3,DELIVERED,PICKUP,
9000007424,1000007424,310.0,315.0,487,1,,645,DELIVERED,Correo Argentino,TRK-75TDN0QQXU
9000007425,1000007425,527.0,532.0,131,1,,2871,SHIPPED,Correo Argentino,TRK-CV5SFRVEES
9000007426,1000007426,126.0,127.0,121,2,4.0,4,DELIVERED,PICKUP,
9000007427,1000007427,356.0,360.0,33,1,,173,DELIVERED,Correo Argentino,TRK-C7M077U2O1
9000007428,1000007428,535.0,536.0,1445,2,1.0,1,DELIVERED,PICKUP,
9000007429,1000007429,246.0,248.0,1031,1,,499,DELIVERED,Correo Argentino,TRK-G8KK66NWK1
9000007430,1000007430,331.0,332.0,154,2,2.0,2,DELIVERED,PICKUP,
9000007431,1000007431,51.0,54.0,515,1,,2934,DELIVERED,Correo Argentino,TRK-AB3AXN8GEI
9000007432,1000007432,62.0,63.0,1333,2,4.0,4,DELIVERED,PICKUP,
9000007433,1000007433,424.0,425.0,1408,2,1.0,1,DELIVERED,PICKUP,
9000007434,1000007434,632.0,634.0,787,1,,2374,SHIPPED,Correo Argentino,TRK-3HY8SK7K0H
9000007435,1000007435,116.0,117.0,679,2,2.0,2,DELIVERED,PICKUP,
9000007436,1000007436,63.0,64.0,513,2,2.0,2,DELIVERED,PICKUP,
9000007437,1000007437,31.0,33.0,328,1,,2701,SHIPPED,Correo Argentino,TRK-6FWNF6NZBZ
9000007438,1000007438,503.0,508.0,68,1,,2051,DELIVERED,Correo Argentino,TRK-QT3XZXJFU5
9000007439,1000007439,522.0,526.0,615,1,,1935,SHIPPED,Correo Argentino,TRK-5377QWYDE4
9000007440,1000007440,622.0,624.0,247,1,,562,DELIVERED,Correo Argentino,TRK-I9970D2789
9000007441,1000007441,,,299,2,4.0,4,CANCELLED,PICKUP,
9000007442,1000007442,400.0,402.0,944,1,,60,DELIVERED,Correo Argentino,TRK-DIHP9QOG85
9000007443,1000007443,343.0,344.0,1048,2,2.0,2,DELIVERED,PICKUP,
9000007444,1000007444,514.0,519.0,195,1,,1714,DELIVERED,Correo Argentino,TRK-UVOYMF70EE
9000007445,1000007445,535.0,538.0,1076,1,,863,SHIPPED,Correo Argentino,TRK-UWS26CU1HV
9000007446,1000007446,464.0,466.0,629,1,,2128,DELIVERED,Correo Argentino,TRK-RDWWQGH8P8
9000007447,1000007447,262.0,263.0,1244,2,4.0,4,SHIPPED,PICKUP,
9000007448,1000007448,325.0,326.0,1178,2,1.0,1,DELIVERED,PICKUP,
9000007449,1000007449,56.0,60.0,1259,1,,1405,DELIVERED,Correo Argentino,TRK-7YO2ONALVJ
9000007450,1000007450,628.0,632.0,1,1,,853,DELIVERED,Correo Argentino,TRK-ODY7GBWBDV
9000007451,1000007451,489.0,494.0,873,1,,644,DELIVERED,Correo Argentino,TRK-SOY2U4MD2B
9000007452,1000007452,,,1133,1,,1537,CANCELLED,Correo Argentino,
9000007453,1000007453,637.0,642.0,166,1,,3026,DELIVERED,Correo Argentino,TRK-EQPL0C1R0U
9000007454,1000007454,178.0,179.0,373,2,4.0,4,DELIVERED,PICKUP,
9000007455,1000007455,127.0,131.0,1226,1,,2479,DELIVERED,Correo Argentino,TRK-WWTZQRGZ74
9000007456,1000007456,101.0,106.0,587,1,,2217,DELIVERED,Correo Argentino,TRK-W9YEV4RBAF
9000007457,1000007457,315.0,316.0,1316,2,1.0,1,DELIVERED,PICKUP,
9000007458,1000007458,448.0,449.0,766,2,4.0,4,DELIVERED,PICKUP,
9000007459,1000007459,84.0,85.0,584,2,3.0,3,DELIVERED,PICKUP,
9000007460,1000007460,416.0,417.0,594,2,3.0,3,DELIVERED,PICKUP,
9000007461,1000007461,,,1183,1,,337,CANCELLED,Correo Argentino,
9000007462,1000007462,118.0,121.0,1189,1,,2118,SHIPPED,Correo Argentino,TRK-O71Q0NZ0JT
9000007463,1000007463,628.0,629.0,1123,2,2.0,2,DELIVERED,PICKUP,
9000007464,1000007464,342.0,344.0,283,1,,980,READY,Correo Argentino,TRK-M1E51LEWCL
9000007465,1000007465,242.0,244.0,1236,1,,2409,DELIVERED,Correo Argentino,TRK-2S077BWIA1
9000007466,1000007466,98.0,101.0,183,1,,3189,DELIVERED,Correo Argentino,TRK-LLKFKTNXIN
9000007467,1000007467,388.0,389.0,340,2,1.0,1,DELIVERED,PICKUP,
9000007468,1000007468,59.0,60.0,796,2,3.0,3,DELIVERED,PICKUP,
9000007469,1000007469,520.0,525.0,25,1,,2790,SHIPPED,Correo Argentino,TRK-D7N0A43S15
9000007470,1000007470,325.0,330.0,309,1,,255,DELIVERED,Correo Argentino,TRK-M8Y17K093Z
9000007471,1000007471,453.0,454.0,880,2,4.0,4,DELIVERED,PICKUP,
9000007472,1000007472,204.0,207.0,314,1,,850,DELIVERED,Correo Argentino,TRK-Z10MS6SWT9
9000007473,1000007473,179.0,183.0,1011,1,,81,DELIVERED,Correo Argentino,TRK-77DGEP7LKD
9000007474,1000007474,480.0,485.0,1356,1,,1615,DELIVERED,Correo Argentino,TRK-GE4K5MIQKW
9000007475,1000007475,604.0,608.0,250,1,,1900,DELIVERED,Correo Argentino,TRK-WVEPNEMV8L
9000007476,1000007476,178.0,184.0,971,1,,3002,SHIPPED,Correo Argentino,TRK-TCTKEA09RE
9000007477,1000007477,348.0,350.0,1085,1,,313,DELIVERED,Correo Argentino,TRK-UDVYGNZL9C
9000007478,1000007478,351.0,356.0,355,1,,947,READY,Correo Argentino,TRK-JH0VO3YUK0
9000007479,1000007479,538.0,540.0,863,1,,936,DELIVERED,Correo Argentino,TRK-MVNET3QMLR
9000007480,1000007480,62.0,63.0,777,2,1.0,1,SHIPPED,PICKUP,
9000007481,1000007481,373.0,374.0,446,2,3.0,3,READY,PICKUP,
9000007482,1000007482,455.0,456.0,262,2,3.0,3,DELIVERED,PICKUP,
9000007483,1000007483,468.0,469.0,1315,2,1.0,1,SHIPPED,PICKUP,
9000007484,1000007484,625.0,626.0,658,2,3.0,3,DELIVERED,PICKUP,
9000007485,1000007485,77.0,78.0,1043,2,1.0,1,DELIVERED,PICKUP,
9000007486,1000007486,622.0,625.0,347,1,,3021,DELIVERED,Correo Argentino,TRK-TR20QHOYG4
9000007487,1000007487,232.0,236.0,360,1,,172,DELIVERED,Correo Argentino,TRK-JHBGK6C3KK
9000007488,1000007488,64.0,66.0,989,1,,1634,DELIVERED,Correo Argentino,TRK-94XCW50IX8
9000007489,1000007489,147.0,151.0,1227,1,,1916,DELIVERED,Correo Argentino,TRK-SUMN92HRLD
9000007490,1000007490,440.0,442.0,1496,1,,1412,SHIPPED,Correo Argentino,TRK-R3FDE1WHBW
9000007491,1000007491,227.0,228.0,410,2,3.0,3,SHIPPED,PICKUP,
9000007492,1000007492,81.0,86.0,1489,1,,1135,DELIVERED,Correo Argentino,TRK-B3CRS2FVSS
9000007493,1000007493,95.0,100.0,1146,1,,1180,DELIVERED,Correo Argentino,TRK-FD0MK15X8H
9000007494,1000007494,505.0,506.0,1246,2,2.0,2,DELIVERED,PICKUP,
9000007495,1000007495,136.0,139.0,1306,1,,912,SHIPPED,Correo Argentino,TRK-EOQFFF1GH8
9000007496,1000007496,314.0,318.0,291,1,,1004,DELIVERED,Correo Argentino,TRK-JQA4Y7I92F
9000007497,1000007497,368.0,372.0,1005,1,,1754,DELIVERED,Correo Argentino,TRK-HAAW7VBGCQ
9000007498,1000007498,198.0,199.0,592,2,2.0,2,DELIVERED,PICKUP,
9000007499,1000007499,,,1220,1,,1050,CANCELLED,Correo Argentino,
9000007500,1000007500,401.0,402.0,999,2,3.0,3,DELIVERED,PICKUP,
9000007501,1000007501,281.0,282.0,647,2,1.0,1,DELIVERED,PICKUP,
9000007502,1000007502,156.0,157.0,421,2,1.0,1,DELIVERED,PICKUP,
9000007503,1000007503,144.0,145.0,289,2,4.0,4,DELIVERED,PICKUP,
9000007504,1000007504,510.0,514.0,436,1,,667,SHIPPED,Correo Argentino,TRK-KG9RVVIJYM
9000007505,1000007505,66.0,70.0,899,1,,524,SHIPPED,Correo Argentino,TRK-JM96SPMNVL
9000007506,1000007506,127.0,132.0,1136,1,,381,DELIVERED,Correo Argentino,TRK-7MFTG31CLL
9000007507,1000007507,2.0,7.0,691,1,,441,DELIVERED,Correo Argentino,TRK-A4YALSUI2D
9000007508,1000007508,,,906,2,4.0,4,CANCELLED,PICKUP,
9000007509,1000007509,469.0,473.0,436,1,,1561,DELIVERED,Correo Argentino,TRK-WXGGD0FF4E
9000007510,1000007510,575.0,576.0,851,2,3.0,3,DELIVERED,PICKUP,
9000007511,1000007511,545.0,546.0,1455,2,3.0,3,READY,PICKUP,
9000007512,1000007512,329.0,330.0,1421,2,4.0,4,DELIVERED,PICKUP,
9000007513,1000007513,259.0,260.0,629,2,1.0,1,DELIVERED,PICKUP,
9000007514,1000007514,315.0,320.0,295,1,,775,DELIVERED,Correo Argentino,TRK-5WGF6UDH9Z
9000007515,1000007515,365.0,366.0,1148,2,2.0,2,DELIVERED,PICKUP,
9000007516,1000007516,378.0,382.0,248,1,,1266,SHIPPED,Correo Argentino,TRK-NNV05NHQLR
9000007517,1000007517,243.0,246.0,377,1,,1055,SHIPPED,Correo Argentino,TRK-N204O8MAWZ
9000007518,1000007518,25.0,30.0,1008,1,,872,DELIVERED,Correo Argentino,TRK-V6V9WWNF20
9000007519,1000007519,343.0,345.0,978,1,,2064,DELIVERED,Correo Argentino,TRK-1AGF6LMHFL
9000007520,1000007520,79.0,82.0,1154,1,,2777,DELIVERED,Correo Argentino,TRK-SZYQO8ESAW
9000007521,1000007521,279.0,283.0,1168,1,,2797,DELIVERED,Correo Argentino,TRK-1ELST5FN6Q
9000007522,1000007522,225.0,226.0,1178,2,1.0,1,DELIVERED,PICKUP,
9000007523,1000007523,252.0,254.0,344,1,,1740,DELIVERED,Correo Argentino,TRK-AJDH9TGRKE
9000007524,1000007524,270.0,271.0,986,2,1.0,1,DELIVERED,PICKUP,
9000007525,1000007525,245.0,248.0,884,1,,2017,DELIVERED,Correo Argentino,TRK-ODFD28AKOS
9000007526,1000007526,150.0,155.0,1046,1,,2697,DELIVERED,Correo Argentino,TRK-YSBHIOJ7D2
9000007527,1000007527,618.0,621.0,244,1,,1265,DELIVERED,Correo Argentino,TRK-01BBS56KQG
9000007528,1000007528,494.0,498.0,1246,1,,3088,DELIVERED,Correo Argentino,TRK-SW4D0CF81Q
9000007529,1000007529,571.0,572.0,873,2,4.0,4,DELIVERED,PICKUP,
9000007530,1000007530,83.0,86.0,988,1,,318,DELIVERED,Correo Argentino,TRK-9FA3FOX41I
9000007531,1000007531,419.0,420.0,597,2,2.0,2,DELIVERED,PICKUP,
9000007532,1000007532,20.0,22.0,1432,1,,1433,DELIVERED,Correo Argentino,TRK-MXI4PSZFF8
9000007533,1000007533,531.0,538.0,833,1,,2939,READY,Correo Argentino,TRK-V98BRIMTIM
9000007534,1000007534,175.0,178.0,148,1,,964,DELIVERED,Correo Argentino,TRK-JMXXLEPLP3
9000007535,1000007535,507.0,512.0,570,1,,3081,DELIVERED,Correo Argentino,TRK-G0AQM3T576
9000007536,1000007536,235.0,236.0,1102,2,2.0,2,DELIVERED,PICKUP,
9000007537,1000007537,263.0,267.0,788,1,,687,DELIVERED,Correo Argentino,TRK-6N3YARPZ6L
9000007538,1000007538,518.0,520.0,252,1,,2684,DELIVERED,Correo Argentino,TRK-NHR36U60S8
9000007539,1000007539,140.0,141.0,1442,2,3.0,3,SHIPPED,PICKUP,
9000007540,1000007540,83.0,84.0,483,2,1.0,1,DELIVERED,PICKUP,
9000007541,1000007541,,,946,2,4.0,4,CANCELLED,PICKUP,
9000007542,1000007542,404.0,409.0,603,1,,2905,SHIPPED,Correo Argentino,TRK-53TERWRV8S
9000007543,1000007543,244.0,249.0,1410,1,,1941,SHIPPED,Correo Argentino,TRK-Y6MY57QLRU
9000007544,1000007544,39.0,40.0,857,2,1.0,1,DELIVERED,PICKUP,
9000007545,1000007545,472.0,473.0,1080,2,1.0,1,SHIPPED,PICKUP,
9000007546,1000007546,588.0,591.0,795,1,,1733,DELIVERED,Correo Argentino,TRK-LZ7ULVOKEH
9000007547,1000007547,509.0,510.0,926,2,1.0,1,DELIVERED,PICKUP,
9000007548,1000007548,165.0,166.0,911,2,1.0,1,DELIVERED,PICKUP,
9000007549,1000007549,265.0,268.0,435,1,,2129,SHIPPED,Correo Argentino,TRK-VAVBPM0FBZ
9000007550,1000007550,3.0,6.0,597,1,,2574,DELIVERED,Correo Argentino,TRK-FNR3M5BTGO
9000007551,1000007551,,,817,1,,2445,CANCELLED,Correo Argentino,
9000007552,1000007552,134.0,137.0,815,1,,2737,DELIVERED,Correo Argentino,TRK-80K4IDR99V
9000007553,1000007553,71.0,75.0,304,1,,2603,DELIVERED,Correo Argentino,TRK-ZCEP2EVREZ
9000007554,1000007554,520.0,524.0,529,1,,2597,DELIVERED,Correo Argentino,TRK-Z7X7Q69D9M
9000007555,1000007555,550.0,551.0,832,2,4.0,4,SHIPPED,PICKUP,
9000007556,1000007556,,,1235,1,,1385,CANCELLED,Correo Argentino,
9000007557,1000007557,146.0,147.0,614,2,1.0,1,SHIPPED,PICKUP,
9000007558,1000007558,24.0,25.0,951,2,3.0,3,DELIVERED,PICKUP,
9000007559,1000007559,276.0,280.0,1156,1,,1553,DELIVERED,Correo Argentino,TRK-20CMCM6QCM
9000007560,1000007560,,,689,2,4.0,4,CANCELLED,PICKUP,
9000007561,1000007561,313.0,318.0,1482,1,,1381,DELIVERED,Correo Argentino,TRK-GGLSIMOPHY
9000007562,1000007562,29.0,30.0,243,2,1.0,1,SHIPPED,PICKUP,
9000007563,1000007563,380.0,383.0,547,1,,2733,DELIVERED,Correo Argentino,TRK-BI48JZ0LVL
9000007564,1000007564,103.0,106.0,292,1,,2299,DELIVERED,Correo Argentino,TRK-3CE2BI6G5O
9000007565,1000007565,531.0,532.0,1145,2,3.0,3,SHIPPED,PICKUP,
9000007566,1000007566,299.0,301.0,87,1,,46,SHIPPED,Correo Argentino,TRK-XW83VCQV4B
9000007567,1000007567,189.0,190.0,1046,2,4.0,4,DELIVERED,PICKUP,
9000007568,1000007568,58.0,63.0,1071,1,,2484,DELIVERED,Correo Argentino,TRK-9LVIM9YUWA
9000007569,1000007569,10.0,11.0,758,2,4.0,4,DELIVERED,PICKUP,
9000007570,1000007570,628.0,629.0,149,2,4.0,4,DELIVERED,PICKUP,
9000007571,1000007571,,,809,1,,1379,CANCELLED,Correo Argentino,
9000007572,1000007572,181.0,182.0,45,2,4.0,4,SHIPPED,PICKUP,
9000007573,1000007573,553.0,557.0,423,1,,633,SHIPPED,Correo Argentino,TRK-OA7HL2H4IF
9000007574,1000007574,258.0,259.0,1222,2,4.0,4,DELIVERED,PICKUP,
9000007575,1000007575,33.0,36.0,47,1,,690,DELIVERED,Correo Argentino,TRK-900C73R0JM
9000007576,1000007576,199.0,204.0,699,1,,407,DELIVERED,Correo Argentino,TRK-HC3ESEZ0C3
9000007577,1000007577,210.0,215.0,552,1,,2249,DELIVERED,Correo Argentino,TRK-7LPIF4KXCN
9000007578,1000007578,474.0,475.0,1202,2,2.0,2,DELIVERED,PICKUP,
9000007579,1000007579,469.0,471.0,1365,1,,1499,DELIVERED,Correo Argentino,TRK-U4RVZD6KJ5
9000007580,1000007580,,,409,2,1.0,1,CANCELLED,PICKUP,
9000007581,1000007581,168.0,169.0,524,2,4.0,4,DELIVERED,PICKUP,
9000007582,1000007582,467.0,468.0,949,2,4.0,4,DELIVERED,PICKUP,
9000007583,1000007583,255.0,257.0,492,1,,3088,DELIVERED,Correo Argentino,TRK-1GWUWM07ZQ
9000007584,1000007584,416.0,419.0,1002,1,,2437,READY,Correo Argentino,TRK-IWBFJAXQFV
9000007585,1000007585,527.0,528.0,976,2,4.0,4,DELIVERED,PICKUP,
9000007586,1000007586,539.0,540.0,348,2,4.0,4,DELIVERED,PICKUP,
9000007587,1000007587,395.0,396.0,66,2,2.0,2,DELIVERED,PICKUP,
9000007588,1000007588,100.0,101.0,968,2,3.0,3,DELIVERED,PICKUP,
9000007589,1000007589,217.0,220.0,996,1,,3078,SHIPPED,Correo Argentino,TRK-8U9KPR92QN
9000007590,1000007590,602.0,603.0,66,2,3.0,3,DELIVERED,PICKUP,
9000007591,1000007591,539.0,542.0,1048,1,,2750,DELIVERED,Correo Argentino,TRK-76ZVRG46MA
9000007592,1000007592,277.0,282.0,820,1,,1334,DELIVERED,Correo Argentino,TRK-XJQ4W9BFDV
9000007593,1000007593,272.0,273.0,152,2,1.0,1,DELIVERED,PICKUP,
9000007594,1000007594,51.0,54.0,1431,1,,2456,DELIVERED,Correo Argentino,TRK-8856RMRTF4
9000007595,1000007595,576.0,580.0,1031,1,,617,SHIPPED,Correo Argentino,TRK-QD7XSL9OU4
9000007596,1000007596,146.0,151.0,1237,1,,496,DELIVERED,Correo Argentino,TRK-SR22VJTXE2
9000007597,1000007597,219.0,220.0,874,2,1.0,1,DELIVERED,PICKUP,
9000007598,1000007598,443.0,447.0,59,1,,3122,DELIVERED,Correo Argentino,TRK-APM3XP7P9M
9000007599,1000007599,618.0,619.0,1243,2,4.0,4,SHIPPED,PICKUP,
9000007600,1000007600,428.0,429.0,921,2,4.0,4,DELIVERED,PICKUP,
9000007601,1000007601,419.0,420.0,1000,2,2.0,2,DELIVERED,PICKUP,
9000007602,1000007602,92.0,97.0,484,1,,1110,SHIPPED,Correo Argentino,TRK-PMPHHG66NP
9000007603,1000007603,,,134,1,,2998,CANCELLED,Correo Argentino,
9000007604,1000007604,,,1083,1,,967,CANCELLED,Correo Argentino,
9000007605,1000007605,384.0,385.0,540,2,4.0,4,DELIVERED,PICKUP,
9000007606,1000007606,314.0,315.0,976,2,3.0,3,DELIVERED,PICKUP,
9000007607,1000007607,360.0,365.0,926,1,,325,DELIVERED,Correo Argentino,TRK-JJG8R653K9
9000007608,1000007608,403.0,406.0,881,1,,2635,SHIPPED,Correo Argentino,TRK-UHH2I5STNJ
9000007609,1000007609,,,1388,1,,2529,CANCELLED,Correo Argentino,
9000007610,1000007610,383.0,384.0,121,2,4.0,4,DELIVERED,PICKUP,
9000007611,1000007611,83.0,84.0,1117,2,1.0,1,DELIVERED,PICKUP,
9000007612,1000007612,476.0,477.0,182,2,3.0,3,DELIVERED,PICKUP,
9000007613,1000007613,,,1156,1,,166,CANCELLED,Correo Argentino,
9000007614,1000007614,341.0,346.0,1075,1,,2036,DELIVERED,Correo Argentino,TRK-UUNFBFPB0Y
9000007615,1000007615,541.0,542.0,1155,2,1.0,1,DELIVERED,PICKUP,
9000007616,1000007616,374.0,378.0,1393,1,,732,DELIVERED,Correo Argentino,TRK-COABO8MGCU
9000007617,1000007617,244.0,245.0,657,2,4.0,4,DELIVERED,PICKUP,
9000007618,1000007618,443.0,447.0,857,1,,2046,DELIVERED,Correo Argentino,TRK-5NYZ9VTBY9
9000007619,1000007619,230.0,232.0,92,1,,2387,DELIVERED,Correo Argentino,TRK-30SV8KLN1K
9000007620,1000007620,253.0,257.0,217,1,,1854,DELIVERED,Correo Argentino,TRK-JM9ZR1N6N5
9000007621,1000007621,206.0,207.0,452,2,1.0,1,DELIVERED,PICKUP,
9000007622,1000007622,281.0,285.0,77,1,,1113,DELIVERED,Correo Argentino,TRK-RASHZO7JQM
9000007623,1000007623,289.0,290.0,733,2,3.0,3,SHIPPED,PICKUP,
9000007624,1000007624,476.0,479.0,344,1,,1484,DELIVERED,Correo Argentino,TRK-3E9X2L0A8E
9000007625,1000007625,499.0,505.0,425,1,,2789,DELIVERED,Correo Argentino,TRK-JIN4G06CQH
9000007626,1000007626,22.0,23.0,1188,2,1.0,1,DELIVERED,PICKUP,
9000007627,1000007627,161.0,165.0,226,1,,1385,SHIPPED,Correo Argentino,TRK-93EC0RP0YX
9000007628,1000007628,411.0,412.0,585,2,1.0,1,DELIVERED,PICKUP,
9000007629,1000007629,478.0,482.0,1392,1,,1909,DELIVERED,Correo Argentino,TRK-044CL36EOY
9000007630,1000007630,420.0,425.0,838,1,,1648,DELIVERED,Correo Argentino,TRK-7XVNDSBI2C
9000007631,1000007631,210.0,214.0,616,1,,550,DELIVERED,Correo Argentino,TRK-501Y5GIZY9
9000007632,1000007632,,,662,2,2.0,2,CANCELLED,PICKUP,
9000007633,1000007633,500.0,503.0,411,1,,745,DELIVERED,Correo Argentino,TRK-TPAPKGLHKH
9000007634,1000007634,228.0,232.0,3,1,,1066,DELIVERED,Correo Argentino,TRK-GT9FHKK8V7
9000007635,1000007635,186.0,187.0,1136,2,2.0,2,DELIVERED,PICKUP,
9000007636,1000007636,76.0,77.0,354,2,3.0,3,DELIVERED,PICKUP,
9000007637,1000007637,470.0,471.0,1289,2,2.0,2,DELIVERED,PICKUP,
9000007638,1000007638,258.0,259.0,941,2,1.0,1,DELIVERED,PICKUP,
9000007639,1000007639,596.0,601.0,334,1,,753,DELIVERED,Correo Argentino,TRK-V0Q2MSYFI2
9000007640,1000007640,313.0,314.0,854,2,2.0,2,DELIVERED,PICKUP,
9000007641,1000007641,635.0,636.0,1337,2,1.0,1,DELIVERED,PICKUP,
9000007642,1000007642,39.0,43.0,720,1,,1757,DELIVERED,Correo Argentino,TRK-ZHSS32BOAF
9000007643,1000007643,124.0,129.0,822,1,,1671,DELIVERED,Correo Argentino,TRK-76J26OVTY2
9000007644,1000007644,389.0,393.0,226,1,,157,DELIVERED,Correo Argentino,TRK-A6268AUSMA
9000007645,1000007645,,,1224,2,1.0,1,CANCELLED,PICKUP,
9000007646,1000007646,636.0,641.0,3,1,,99,DELIVERED,Correo Argentino,TRK-2G2U0FI3KT
9000007647,1000007647,238.0,241.0,1395,1,,2504,SHIPPED,Correo Argentino,TRK-JKS7TH1EJU
9000007648,1000007648,471.0,472.0,1179,2,4.0,4,DELIVERED,PICKUP,
9000007649,1000007649,180.0,181.0,883,2,2.0,2,DELIVERED,PICKUP,
9000007650,1000007650,367.0,368.0,690,2,4.0,4,DELIVERED,PICKUP,
9000007651,1000007651,572.0,573.0,132,2,3.0,3,DELIVERED,PICKUP,
9000007652,1000007652,,,303,1,,455,CANCELLED,Correo Argentino,
9000007653,1000007653,361.0,364.0,1444,1,,1253,DELIVERED,Correo Argentino,TRK-DAQ0MV5HSI
9000007654,1000007654,178.0,182.0,753,1,,1459,SHIPPED,Correo Argentino,TRK-K5MGICCBWW
9000007655,1000007655,40.0,44.0,1066,1,,2189,DELIVERED,Correo Argentino,TRK-S7MLXQQRO0
9000007656,1000007656,517.0,518.0,359,2,4.0,4,DELIVERED,PICKUP,
9000007657,1000007657,261.0,262.0,120,2,2.0,2,SHIPPED,PICKUP,
9000007658,1000007658,549.0,550.0,221,2,2.0,2,DELIVERED,PICKUP,
9000007659,1000007659,493.0,494.0,814,2,3.0,3,DELIVERED,PICKUP,
9000007660,1000007660,,,926,1,,714,CANCELLED,Correo Argentino,
9000007661,1000007661,237.0,239.0,98,1,,2477,DELIVERED,Correo Argentino,TRK-MKCARVJN0R
9000007662,1000007662,,,1296,1,,1897,CANCELLED,Correo Argentino,
9000007663,1000007663,,,193,1,,2539,CANCELLED,Correo Argentino,
9000007664,1000007664,477.0,479.0,628,1,,2234,DELIVERED,Correo Argentino,TRK-JHRK0ZQMEQ
9000007665,1000007665,634.0,635.0,536,2,3.0,3,DELIVERED,PICKUP,
9000007666,1000007666,383.0,384.0,1233,2,3.0,3,DELIVERED,PICKUP,
9000007667,1000007667,474.0,475.0,1465,2,4.0,4,DELIVERED,PICKUP,
9000007668,1000007668,137.0,138.0,946,2,3.0,3,DELIVERED,PICKUP,
9000007669,1000007669,228.0,232.0,890,1,,1565,SHIPPED,Correo Argentino,TRK-Q83SPZ6WH7
9000007670,1000007670,176.0,177.0,1477,2,1.0,1,DELIVERED,PICKUP,
9000007671,1000007671,466.0,467.0,137,2,4.0,4,DELIVERED,PICKUP,
9000007672,1000007672,609.0,610.0,1254,2,3.0,3,DELIVERED,PICKUP,
9000007673,1000007673,466.0,467.0,763,2,2.0,2,SHIPPED,PICKUP,
9000007674,1000007674,370.0,373.0,974,1,,1849,DELIVERED,Correo Argentino,TRK-60HUQWY1UQ
9000007675,1000007675,552.0,555.0,1208,1,,332,DELIVERED,Correo Argentino,TRK-Y5PY4ZTZBQ
9000007676,1000007676,325.0,326.0,405,2,4.0,4,DELIVERED,PICKUP,
9000007677,1000007677,86.0,90.0,1466,1,,2452,SHIPPED,Correo Argentino,TRK-XYB38FIMUO
9000007678,1000007678,242.0,243.0,1440,2,4.0,4,DELIVERED,PICKUP,
9000007679,1000007679,324.0,329.0,686,1,,2529,DELIVERED,Correo Argentino,TRK-G2CMU06ZGG
9000007680,1000007680,75.0,80.0,1238,1,,2498,DELIVERED,Correo Argentino,TRK-Q27922FUPE
9000007681,1000007681,92.0,93.0,74,2,4.0,4,DELIVERED,PICKUP,
9000007682,1000007682,481.0,483.0,218,1,,1528,DELIVERED,Correo Argentino,TRK-NP7W48F01T
9000007683,1000007683,354.0,358.0,421,1,,3201,SHIPPED,Correo Argentino,TRK-HJL6MRDJVZ
9000007684,1000007684,231.0,232.0,203,2,4.0,4,DELIVERED,PICKUP,
9000007685,1000007685,82.0,86.0,825,1,,2551,DELIVERED,Correo Argentino,TRK-DMWGRQ7424
9000007686,1000007686,191.0,194.0,1356,1,,2758,DELIVERED,Correo Argentino,TRK-3N6QYBCQIW
9000007687,1000007687,610.0,611.0,793,2,2.0,2,DELIVERED,PICKUP,
9000007688,1000007688,515.0,516.0,648,2,1.0,1,DELIVERED,PICKUP,
9000007689,1000007689,,,1377,2,3.0,3,CANCELLED,PICKUP,
9000007690,1000007690,509.0,510.0,336,2,1.0,1,DELIVERED,PICKUP,
9000007691,1000007691,446.0,450.0,409,1,,2984,DELIVERED,Correo Argentino,TRK-Z1BD9GOTKE
9000007692,1000007692,168.0,169.0,143,2,2.0,2,DELIVERED,PICKUP,
9000007693,1000007693,371.0,375.0,1389,1,,41,DELIVERED,Correo Argentino,TRK-GXBIBQ9C61
9000007694,1000007694,,,1333,1,,2127,CANCELLED,Correo Argentino,
9000007695,1000007695,335.0,337.0,1380,1,,458,DELIVERED,Correo Argentino,TRK-IVO7CLQ1TC
9000007696,1000007696,298.0,299.0,1316,2,4.0,4,DELIVERED,PICKUP,
9000007697,1000007697,212.0,213.0,614,2,2.0,2,DELIVERED,PICKUP,
9000007698,1000007698,126.0,127.0,1451,2,2.0,2,DELIVERED,PICKUP,
9000007699,1000007699,606.0,609.0,255,1,,906,DELIVERED,Correo Argentino,TRK-D1LFFUM7H6
9000007700,1000007700,637.0,641.0,761,1,,1027,READY,Correo Argentino,TRK-PSSG10OKB6
9000007701,1000007701,616.0,617.0,396,2,1.0,1,DELIVERED,PICKUP,
9000007702,1000007702,631.0,632.0,1199,2,4.0,4,DELIVERED,PICKUP,
9000007703,1000007703,296.0,301.0,153,1,,1326,DELIVERED,Correo Argentino,TRK-ZKOE7OLKTL
9000007704,1000007704,288.0,289.0,1269,2,1.0,1,DELIVERED,PICKUP,
9000007705,1000007705,608.0,609.0,1038,2,2.0,2,DELIVERED,PICKUP,
9000007706,1000007706,618.0,621.0,359,1,,663,DELIVERED,Correo Argentino,TRK-78Z16Z1SXZ
9000007707,1000007707,560.0,563.0,632,1,,614,DELIVERED,Correo Argentino,TRK-FRB6W77Z2U
9000007708,1000007708,418.0,419.0,1302,2,3.0,3,DELIVERED,PICKUP,
9000007709,1000007709,489.0,492.0,1327,1,,2997,DELIVERED,Correo Argentino,TRK-FSZDNDBVW2
9000007710,1000007710,616.0,621.0,212,1,,964,DELIVERED,Correo Argentino,TRK-L9VTFL8RK4
9000007711,1000007711,192.0,198.0,69,1,,3002,SHIPPED,Correo Argentino,TRK-1LOBBE2JIM
9000007712,1000007712,192.0,197.0,1449,1,,1741,DELIVERED,Correo Argentino,TRK-RZCCS1YJ2V
9000007713,1000007713,158.0,159.0,250,2,2.0,2,DELIVERED,PICKUP,
9000007714,1000007714,276.0,280.0,717,1,,72,DELIVERED,Correo Argentino,TRK-K70P4DLQMN
9000007715,1000007715,420.0,421.0,466,2,4.0,4,DELIVERED,PICKUP,
9000007716,1000007716,99.0,104.0,217,1,,1738,DELIVERED,Correo Argentino,TRK-N5VZS5CBVH
9000007717,1000007717,600.0,601.0,214,2,3.0,3,DELIVERED,PICKUP,
9000007718,1000007718,496.0,498.0,1334,1,,384,SHIPPED,Correo Argentino,TRK-ESYTE0K8OX
9000007719,1000007719,,,782,2,3.0,3,CANCELLED,PICKUP,
9000007720,1000007720,195.0,200.0,801,1,,1754,DELIVERED,Correo Argentino,TRK-QQ3OJXN0UP
9000007721,1000007721,344.0,347.0,415,1,,924,DELIVERED,Correo Argentino,TRK-50P3KFKS8F
9000007722,1000007722,557.0,558.0,6,2,3.0,3,DELIVERED,PICKUP,
9000007723,1000007723,168.0,170.0,1021,1,,1222,DELIVERED,Correo Argentino,TRK-OQ7I089G0O
9000007724,1000007724,171.0,175.0,1440,1,,1368,DELIVERED,Correo Argentino,TRK-ZY035YFWAH
9000007725,1000007725,78.0,79.0,1318,2,2.0,2,DELIVERED,PICKUP,
9000007726,1000007726,445.0,446.0,43,2,4.0,4,DELIVERED,PICKUP,
9000007727,1000007727,466.0,467.0,710,2,2.0,2,DELIVERED,PICKUP,
9000007728,1000007728,298.0,299.0,344,2,4.0,4,DELIVERED,PICKUP,
9000007729,1000007729,210.0,215.0,1440,1,,911,DELIVERED,Correo Argentino,TRK-I8ROCDVQY4
9000007730,1000007730,403.0,407.0,1420,1,,1306,DELIVERED,Correo Argentino,TRK-V9UJ5W95NA
9000007731,1000007731,380.0,381.0,1470,2,4.0,4,DELIVERED,PICKUP,
9000007732,1000007732,80.0,81.0,47,2,4.0,4,READY,PICKUP,
9000007733,1000007733,625.0,626.0,189,2,2.0,2,DELIVERED,PICKUP,
9000007734,1000007734,96.0,98.0,1312,1,,572,SHIPPED,Correo Argentino,TRK-E9DCIECUM6
9000007735,1000007735,456.0,463.0,594,1,,281,DELIVERED,Correo Argentino,TRK-E35FOMY294
9000007736,1000007736,317.0,319.0,543,1,,383,DELIVERED,Correo Argentino,TRK-45F1S42L9Q
9000007737,1000007737,197.0,202.0,686,1,,1275,SHIPPED,Correo Argentino,TRK-PHRHCLPE16
9000007738,1000007738,155.0,156.0,106,2,4.0,4,DELIVERED,PICKUP,
9000007739,1000007739,13.0,14.0,1416,2,2.0,2,DELIVERED,PICKUP,
9000007740,1000007740,415.0,418.0,716,1,,2293,DELIVERED,Correo Argentino,TRK-09NSZ9TI5B
9000007741,1000007741,307.0,310.0,707,1,,451,DELIVERED,Correo Argentino,TRK-EUK8O6U3K7
9000007742,1000007742,392.0,394.0,367,1,,547,DELIVERED,Correo Argentino,TRK-4LRFVW9WU2
9000007743,1000007743,272.0,273.0,1483,2,4.0,4,SHIPPED,PICKUP,
9000007744,1000007744,195.0,198.0,216,1,,662,DELIVERED,Correo Argentino,TRK-90FNEK62P1
9000007745,1000007745,58.0,59.0,664,2,1.0,1,SHIPPED,PICKUP,
9000007746,1000007746,59.0,62.0,27,1,,1282,DELIVERED,Correo Argentino,TRK-P7I6VFL0AA
9000007747,1000007747,455.0,456.0,569,2,1.0,1,SHIPPED,PICKUP,
9000007748,1000007748,229.0,233.0,185,1,,2501,SHIPPED,Correo Argentino,TRK-YNCMUP4MWR
9000007749,1000007749,14.0,18.0,580,1,,1259,DELIVERED,Correo Argentino,TRK-0LC8TEIVA0
9000007750,1000007750,616.0,617.0,1428,2,4.0,4,DELIVERED,PICKUP,
9000007751,1000007751,258.0,260.0,930,1,,3063,DELIVERED,Correo Argentino,TRK-3ZGTDG1RTH
9000007752,1000007752,301.0,304.0,1242,1,,2873,DELIVERED,Correo Argentino,TRK-APSVDLZDFQ
9000007753,1000007753,,,580,1,,2633,CANCELLED,Correo Argentino,
9000007754,1000007754,175.0,179.0,194,1,,776,DELIVERED,Correo Argentino,TRK-U41XVFMCEJ
9000007755,1000007755,,,794,1,,2880,CANCELLED,Correo Argentino,
9000007756,1000007756,,,1378,1,,2446,CANCELLED,Correo Argentino,
9000007757,1000007757,199.0,200.0,189,2,1.0,1,DELIVERED,PICKUP,
9000007758,1000007758,424.0,428.0,567,1,,1204,DELIVERED,Correo Argentino,TRK-UEIRLZ87LO
9000007759,1000007759,41.0,42.0,1021,2,2.0,2,DELIVERED,PICKUP,
9000007760,1000007760,304.0,305.0,1289,2,2.0,2,DELIVERED,PICKUP,
9000007761,1000007761,50.0,52.0,272,1,,732,SHIPPED,Correo Argentino,TRK-NSGFV60LNR
9000007762,1000007762,501.0,506.0,1338,1,,423,DELIVERED,Correo Argentino,TRK-R48HPO0UT3
9000007763,1000007763,382.0,383.0,719,2,4.0,4,DELIVERED,PICKUP,
9000007764,1000007764,133.0,134.0,1162,2,2.0,2,DELIVERED,PICKUP,
9000007765,1000007765,48.0,51.0,507,1,,2034,READY,Correo Argentino,TRK-8O17IDS0JM
9000007766,1000007766,203.0,204.0,1391,2,1.0,1,DELIVERED,PICKUP,
9000007767,1000007767,472.0,473.0,252,2,1.0,1,DELIVERED,PICKUP,
9000007768,1000007768,187.0,190.0,370,1,,1605,SHIPPED,Correo Argentino,TRK-CJ90M2BB9P
9000007769,1000007769,636.0,637.0,658,2,3.0,3,DELIVERED,PICKUP,
9000007770,1000007770,351.0,352.0,929,2,4.0,4,SHIPPED,PICKUP,
9000007771,1000007771,145.0,150.0,449,1,,2682,DELIVERED,Correo Argentino,TRK-BF77BJRGZ6
9000007772,1000007772,219.0,223.0,447,1,,2697,DELIVERED,Correo Argentino,TRK-W0A6S8B2AB
9000007773,1000007773,614.0,619.0,863,1,,1971,DELIVERED,Correo Argentino,TRK-UWU8ABLNJP
9000007774,1000007774,,,1276,2,3.0,3,CANCELLED,PICKUP,
9000007775,1000007775,457.0,462.0,1367,1,,1686,SHIPPED,Correo Argentino,TRK-AEMBJDUP62
9000007776,1000007776,378.0,380.0,209,1,,614,DELIVERED,Correo Argentino,TRK-NJZRSHZLVQ
9000007777,1000007777,627.0,628.0,737,2,1.0,1,DELIVERED,PICKUP,
9000007778,1000007778,295.0,296.0,309,2,2.0,2,DELIVERED,PICKUP,
9000007779,1000007779,,,1050,1,,2485,CANCELLED,Correo Argentino,
9000007780,1000007780,39.0,43.0,115,1,,655,DELIVERED,Correo Argentino,TRK-SVNGVF8EU1
9000007781,1000007781,623.0,624.0,549,2,3.0,3,DELIVERED,PICKUP,
9000007782,1000007782,522.0,528.0,840,1,,1623,SHIPPED,Correo Argentino,TRK-TTKV7FAT2C
9000007783,1000007783,223.0,224.0,616,2,4.0,4,DELIVERED,PICKUP,
9000007784,1000007784,,,885,1,,2792,CANCELLED,Correo Argentino,
9000007785,1000007785,433.0,434.0,659,2,4.0,4,DELIVERED,PICKUP,
9000007786,1000007786,420.0,421.0,592,2,4.0,4,SHIPPED,PICKUP,
9000007787,1000007787,295.0,297.0,205,1,,2058,DELIVERED,Correo Argentino,TRK-29XLD76BW2
9000007788,1000007788,159.0,164.0,512,1,,2475,DELIVERED,Correo Argentino,TRK-Z8VVAO1B5G
9000007789,1000007789,107.0,114.0,174,1,,2471,DELIVERED,Correo Argentino,TRK-LSOTFMLDRG
9000007790,1000007790,229.0,231.0,1484,1,,2729,DELIVERED,Correo Argentino,TRK-NMTLUG4NUL
9000007791,1000007791,237.0,240.0,1340,1,,2909,DELIVERED,Correo Argentino,TRK-K9ZDQMDGWT
9000007792,1000007792,465.0,466.0,794,2,3.0,3,DELIVERED,PICKUP,
9000007793,1000007793,171.0,175.0,521,1,,2553,DELIVERED,Correo Argentino,TRK-EJUZ3EA9KO
9000007794,1000007794,,,1,1,,192,CANCELLED,Correo Argentino,
9000007795,1000007795,420.0,423.0,1394,1,,1413,DELIVERED,Correo Argentino,TRK-GZY3GRFRKZ
9000007796,1000007796,577.0,578.0,521,2,4.0,4,DELIVERED,PICKUP,
9000007797,1000007797,197.0,199.0,900,1,,111,DELIVERED,Correo Argentino,TRK-EBEVHBU0F2
9000007798,1000007798,320.0,322.0,714,1,,2485,DELIVERED,Correo Argentino,TRK-Y7ULEKVEW5
9000007799,1000007799,19.0,23.0,822,1,,3060,DELIVERED,Correo Argentino,TRK-S0BESG8PXW
9000007800,1000007800,127.0,128.0,42,2,2.0,2,DELIVERED,PICKUP,
9000007801,1000007801,445.0,448.0,261,1,,2435,SHIPPED,Correo Argentino,TRK-BEEGLPUZ7N
9000007802,1000007802,579.0,583.0,756,1,,2143,DELIVERED,Correo Argentino,TRK-TWMHVM4110
9000007803,1000007803,221.0,222.0,866,2,1.0,1,DELIVERED,PICKUP,
9000007804,1000007804,7.0,8.0,817,2,3.0,3,SHIPPED,PICKUP,
9000007805,1000007805,183.0,188.0,475,1,,587,DELIVERED,Correo Argentino,TRK-C5VO9WRUZD
9000007806,1000007806,88.0,91.0,803,1,,2165,DELIVERED,Correo Argentino,TRK-AV2HZSKQQZ
9000007807,1000007807,480.0,481.0,28,2,3.0,3,DELIVERED,PICKUP,
9000007808,1000007808,452.0,453.0,586,2,3.0,3,DELIVERED,PICKUP,
9000007809,1000007809,481.0,482.0,1075,2,1.0,1,DELIVERED,PICKUP,
9000007810,1000007810,621.0,625.0,441,1,,1921,DELIVERED,Correo Argentino,TRK-VTXPJRRA3J
9000007811,1000007811,592.0,593.0,1462,2,4.0,4,DELIVERED,PICKUP,
9000007812,1000007812,575.0,576.0,320,2,2.0,2,SHIPPED,PICKUP,
9000007813,1000007813,51.0,52.0,866,2,4.0,4,DELIVERED,PICKUP,
9000007814,1000007814,238.0,241.0,275,1,,3049,DELIVERED,Correo Argentino,TRK-24O6A5ICFC
9000007815,1000007815,279.0,281.0,224,1,,105,DELIVERED,Correo Argentino,TRK-FXODU50TB9
9000007816,1000007816,38.0,43.0,1171,1,,190,DELIVERED,Correo Argentino,TRK-THES5J5XYU
9000007817,1000007817,271.0,274.0,361,1,,2119,DELIVERED,Correo Argentino,TRK-SROFGAFA54
9000007818,1000007818,,,232,1,,1206,CANCELLED,Correo Argentino,
9000007819,1000007819,14.0,16.0,508,1,,600,DELIVERED,Correo Argentino,TRK-I6CTK5KGCM
9000007820,1000007820,311.0,312.0,1257,2,1.0,1,DELIVERED,PICKUP,
9000007821,1000007821,565.0,568.0,75,1,,482,DELIVERED,Correo Argentino,TRK-CGAYCQYID3
9000007822,1000007822,234.0,238.0,1008,1,,2066,DELIVERED,Correo Argentino,TRK-RSFRXIFYNS
9000007823,1000007823,472.0,474.0,179,1,,1056,DELIVERED,Correo Argentino,TRK-0UI3TNJ2XZ
9000007824,1000007824,269.0,270.0,409,2,1.0,1,DELIVERED,PICKUP,
9000007825,1000007825,251.0,254.0,437,1,,259,DELIVERED,Correo Argentino,TRK-NM9TM5TPJN
9000007826,1000007826,235.0,236.0,1339,2,2.0,2,DELIVERED,PICKUP,
9000007827,1000007827,,,700,1,,2365,CANCELLED,Correo Argentino,
9000007828,1000007828,274.0,278.0,939,1,,3046,DELIVERED,Correo Argentino,TRK-DM1D4T1YZ5
9000007829,1000007829,13.0,14.0,1398,2,1.0,1,DELIVERED,PICKUP,
9000007830,1000007830,282.0,285.0,1210,1,,675,DELIVERED,Correo Argentino,TRK-S8GFFOD1VF
9000007831,1000007831,142.0,143.0,888,2,3.0,3,SHIPPED,PICKUP,
9000007832,1000007832,486.0,491.0,549,1,,522,DELIVERED,Correo Argentino,TRK-N0DEAQUNKT
9000007833,1000007833,123.0,124.0,651,2,3.0,3,DELIVERED,PICKUP,
9000007834,1000007834,318.0,319.0,41,2,4.0,4,SHIPPED,PICKUP,
9000007835,1000007835,372.0,373.0,1439,2,1.0,1,DELIVERED,PICKUP,
9000007836,1000007836,614.0,619.0,885,1,,2133,DELIVERED,Correo Argentino,TRK-6E06GVQ19Z
9000007837,1000007837,616.0,617.0,728,2,1.0,1,DELIVERED,PICKUP,
9000007838,1000007838,342.0,347.0,515,1,,1325,DELIVERED,Correo Argentino,TRK-QBYVAYQRDD
9000007839,1000007839,,,494,1,,2605,CANCELLED,Correo Argentino,
9000007840,1000007840,571.0,574.0,619,1,,929,DELIVERED,Correo Argentino,TRK-WOIP1AFNWC
9000007841,1000007841,,,600,1,,360,CANCELLED,Correo Argentino,
9000007842,1000007842,605.0,609.0,1315,1,,1689,DELIVERED,Correo Argentino,TRK-VW1KUG0BPS
9000007843,1000007843,264.0,271.0,1033,1,,2103,SHIPPED,Correo Argentino,TRK-VHF6KK61LI
9000007844,1000007844,20.0,21.0,151,2,4.0,4,DELIVERED,PICKUP,
9000007845,1000007845,463.0,467.0,847,1,,681,DELIVERED,Correo Argentino,TRK-KQPNUF6PA9
9000007846,1000007846,178.0,181.0,1169,1,,1603,DELIVERED,Correo Argentino,TRK-U041MEG2ZF
9000007847,1000007847,73.0,78.0,704,1,,1324,DELIVERED,Correo Argentino,TRK-5MOF97AWF3
9000007848,1000007848,52.0,53.0,1074,2,1.0,1,SHIPPED,PICKUP,
9000007849,1000007849,61.0,66.0,877,1,,1859,DELIVERED,Correo Argentino,TRK-MKDMCLNRA0
9000007850,1000007850,458.0,461.0,1271,1,,1512,DELIVERED,Correo Argentino,TRK-11CBE2RFCR
9000007851,1000007851,574.0,577.0,786,1,,2010,DELIVERED,Correo Argentino,TRK-64U3IY6EKZ
9000007852,1000007852,23.0,25.0,1454,1,,374,DELIVERED,Correo Argentino,TRK-IQIJYVI5N2
9000007853,1000007853,,,732,2,2.0,2,CANCELLED,PICKUP,
9000007854,1000007854,497.0,499.0,482,1,,2864,READY,Correo Argentino,TRK-UFG1U2HC6S
9000007855,1000007855,372.0,374.0,74,1,,2375,DELIVERED,Correo Argentino,TRK-G6IHN4C1PZ
9000007856,1000007856,637.0,642.0,1238,1,,2313,DELIVERED,Correo Argentino,TRK-ET9S6WJIV1
9000007857,1000007857,187.0,191.0,232,1,,2911,DELIVERED,Correo Argentino,TRK-DLAFNNA2YT
9000007858,1000007858,405.0,410.0,611,1,,1427,DELIVERED,Correo Argentino,TRK-MKBI6C8DVM
9000007859,1000007859,538.0,539.0,1275,2,1.0,1,DELIVERED,PICKUP,
9000007860,1000007860,149.0,153.0,1483,1,,1185,DELIVERED,Correo Argentino,TRK-UO2GRP3XMW
9000007861,1000007861,329.0,334.0,571,1,,1745,DELIVERED,Correo Argentino,TRK-LO13CNSWKU
9000007862,1000007862,395.0,396.0,1008,2,2.0,2,SHIPPED,PICKUP,
9000007863,1000007863,405.0,410.0,1048,1,,2620,DELIVERED,Correo Argentino,TRK-PYQYDFO9KF
9000007864,1000007864,361.0,364.0,252,1,,699,SHIPPED,Correo Argentino,TRK-YQ987C932X
9000007865,1000007865,47.0,50.0,547,1,,1878,DELIVERED,Correo Argentino,TRK-VSB8NCF27J
9000007866,1000007866,,,1038,2,1.0,1,CANCELLED,PICKUP,
9000007867,1000007867,623.0,624.0,882,2,3.0,3,SHIPPED,PICKUP,
9000007868,1000007868,589.0,591.0,261,1,,3031,DELIVERED,Correo Argentino,TRK-98BTXMU00U
9000007869,1000007869,598.0,601.0,770,1,,2460,DELIVERED,Correo Argentino,TRK-NR7R23TBVX
9000007870,1000007870,514.0,515.0,95,2,3.0,3,DELIVERED,PICKUP,
9000007871,1000007871,157.0,158.0,1327,2,1.0,1,DELIVERED,PICKUP,
9000007872,1000007872,509.0,514.0,960,1,,1711,SHIPPED,Correo Argentino,TRK-WM136GDXDH
9000007873,1000007873,484.0,485.0,523,2,2.0,2,DELIVERED,PICKUP,
9000007874,1000007874,14.0,15.0,1279,2,4.0,4,DELIVERED,PICKUP,
9000007875,1000007875,33.0,37.0,559,1,,2286,DELIVERED,Correo Argentino,TRK-JKS80TQ139
9000007876,1000007876,529.0,530.0,124,2,3.0,3,SHIPPED,PICKUP,
9000007877,1000007877,234.0,235.0,113,2,4.0,4,SHIPPED,PICKUP,
9000007878,1000007878,601.0,602.0,1419,2,2.0,2,DELIVERED,PICKUP,
9000007879,1000007879,58.0,61.0,1324,1,,1857,DELIVERED,Correo Argentino,TRK-WDTYU4GB6V
9000007880,1000007880,570.0,575.0,311,1,,1975,DELIVERED,Correo Argentino,TRK-ASUO0OS4TP
9000007881,1000007881,573.0,576.0,1135,1,,796,DELIVERED,Correo Argentino,TRK-Q69M73WY9U
9000007882,1000007882,639.0,642.0,828,1,,3015,SHIPPED,Correo Argentino,TRK-A4N0XX2Q2V
9000007883,1000007883,276.0,282.0,158,1,,1914,DELIVERED,Correo Argentino,TRK-TDTHTHYU3M
9000007884,1000007884,113.0,114.0,50,2,2.0,2,DELIVERED,PICKUP,
9000007885,1000007885,449.0,450.0,446,2,4.0,4,DELIVERED,PICKUP,
9000007886,1000007886,377.0,379.0,27,1,,2501,SHIPPED,Correo Argentino,TRK-A5LM32IS76
9000007887,1000007887,40.0,43.0,1158,1,,2886,DELIVERED,Correo Argentino,TRK-INA89P49HY
9000007888,1000007888,311.0,312.0,433,2,3.0,3,DELIVERED,PICKUP,
9000007889,1000007889,477.0,482.0,140,1,,2189,DELIVERED,Correo Argentino,TRK-ZY0VHFH9G2
9000007890,1000007890,607.0,608.0,609,2,2.0,2,DELIVERED,PICKUP,
9000007891,1000007891,541.0,543.0,1361,1,,199,SHIPPED,Correo Argentino,TRK-93Y2YQAN5Z
9000007892,1000007892,396.0,398.0,1199,1,,1552,DELIVERED,Correo Argentino,TRK-OOOX0TCUJM
9000007893,1000007893,299.0,300.0,19,2,4.0,4,SHIPPED,PICKUP,
9000007894,1000007894,46.0,47.0,981,2,4.0,4,DELIVERED,PICKUP,
9000007895,1000007895,63.0,68.0,1353,1,,2625,DELIVERED,Correo Argentino,TRK-PI232AIMXO
9000007896,1000007896,192.0,194.0,1091,1,,1850,DELIVERED,Correo Argentino,TRK-JEVYLSZRSM
9000007897,1000007897,454.0,458.0,284,1,,3140,DELIVERED,Correo Argentino,TRK-ZBEUALFQLP
9000007898,1000007898,515.0,520.0,31,1,,1670,DELIVERED,Correo Argentino,TRK-9ISEMNBD6D
9000007899,1000007899,220.0,225.0,1392,1,,783,DELIVERED,Correo Argentino,TRK-LPFI5VAAWR
9000007900,1000007900,427.0,428.0,601,2,3.0,3,DELIVERED,PICKUP,
9000007901,1000007901,549.0,550.0,721,2,4.0,4,DELIVERED,PICKUP,
9000007902,1000007902,507.0,509.0,113,1,,1765,DELIVERED,Correo Argentino,TRK-8JE7SJTMFM
9000007903,1000007903,333.0,334.0,740,2,1.0,1,SHIPPED,PICKUP,
9000007904,1000007904,257.0,259.0,868,1,,1656,DELIVERED,Correo Argentino,TRK-04R0Y1GRW2
9000007905,1000007905,,,1450,1,,1447,CANCELLED,Correo Argentino,
9000007906,1000007906,495.0,500.0,1102,1,,3168,DELIVERED,Correo Argentino,TRK-6ZPHIT6WDE
9000007907,1000007907,584.0,585.0,735,2,2.0,2,READY,PICKUP,
9000007908,1000007908,617.0,618.0,1373,2,3.0,3,DELIVERED,PICKUP,
9000007909,1000007909,632.0,635.0,88,1,,1327,READY,Correo Argentino,TRK-LRCEY138CP
9000007910,1000007910,442.0,443.0,427,2,2.0,2,SHIPPED,PICKUP,
9000007911,1000007911,38.0,39.0,891,2,1.0,1,DELIVERED,PICKUP,
9000007912,1000007912,415.0,418.0,254,1,,1476,SHIPPED,Correo Argentino,TRK-U921Z6BTGI
9000007913,1000007913,110.0,113.0,977,1,,2171,DELIVERED,Correo Argentino,TRK-U5RQ5OFDLK
9000007914,1000007914,,,409,1,,1770,CANCELLED,Correo Argentino,
9000007915,1000007915,209.0,210.0,1355,2,4.0,4,SHIPPED,PICKUP,
9000007916,1000007916,200.0,202.0,813,1,,7,DELIVERED,Correo Argentino,TRK-Y23GNLUC12
9000007917,1000007917,166.0,171.0,672,1,,851,DELIVERED,Correo Argentino,TRK-YQG27FO6SB
9000007918,1000007918,477.0,481.0,354,1,,1820,DELIVERED,Correo Argentino,TRK-XUAEVW7WRO
9000007919,1000007919,543.0,548.0,844,1,,905,SHIPPED,Correo Argentino,TRK-UCKUQ50DCL
9000007920,1000007920,241.0,245.0,829,1,,1678,DELIVERED,Correo Argentino,TRK-SHVVIJEMRU
9000007921,1000007921,,,568,1,,3056,CANCELLED,Correo Argentino,
9000007922,1000007922,76.0,81.0,205,1,,667,DELIVERED,Correo Argentino,TRK-RW9XNW54BW
9000007923,1000007923,270.0,271.0,1445,2,4.0,4,DELIVERED,PICKUP,
9000007924,1000007924,316.0,317.0,402,2,2.0,2,DELIVERED,PICKUP,
9000007925,1000007925,32.0,33.0,1438,2,2.0,2,DELIVERED,PICKUP,
9000007926,1000007926,37.0,38.0,1029,2,1.0,1,DELIVERED,PICKUP,
9000007927,1000007927,465.0,471.0,1235,1,,2389,DELIVERED,Correo Argentino,TRK-48JJQQH1QI
9000007928,1000007928,107.0,111.0,125,1,,2213,DELIVERED,Correo Argentino,TRK-6RREPKMSUA
9000007929,1000007929,587.0,588.0,975,2,1.0,1,DELIVERED,PICKUP,
9000007930,1000007930,179.0,183.0,520,1,,8,DELIVERED,Correo Argentino,TRK-U77ONA57H6
9000007931,1000007931,112.0,113.0,1200,2,1.0,1,DELIVERED,PICKUP,
9000007932,1000007932,296.0,297.0,168,2,1.0,1,DELIVERED,PICKUP,
9000007933,1000007933,178.0,183.0,176,1,,634,DELIVERED,Correo Argentino,TRK-1UD8FWHLO5
9000007934,1000007934,19.0,20.0,827,2,1.0,1,DELIVERED,PICKUP,
9000007935,1000007935,110.0,114.0,1323,1,,1155,DELIVERED,Correo Argentino,TRK-UU2R0CXM81
9000007936,1000007936,18.0,20.0,486,1,,1898,DELIVERED,Correo Argentino,TRK-73ZCOKRJ6Z
9000007937,1000007937,89.0,90.0,158,2,1.0,1,SHIPPED,PICKUP,
9000007938,1000007938,177.0,182.0,179,1,,1163,DELIVERED,Correo Argentino,TRK-5UX8TWLZ57
9000007939,1000007939,,,637,1,,1150,CANCELLED,Correo Argentino,
9000007940,1000007940,290.0,291.0,7,2,2.0,2,DELIVERED,PICKUP,
9000007941,1000007941,169.0,170.0,89,2,3.0,3,SHIPPED,PICKUP,
9000007942,1000007942,135.0,136.0,967,2,2.0,2,DELIVERED,PICKUP,
9000007943,1000007943,40.0,43.0,1056,1,,2200,DELIVERED,Correo Argentino,TRK-KEHSGOP4RM
9000007944,1000007944,36.0,37.0,77,2,3.0,3,DELIVERED,PICKUP,
9000007945,1000007945,120.0,125.0,957,1,,2093,DELIVERED,Correo Argentino,TRK-WSB9KG6AL4
9000007946,1000007946,405.0,408.0,544,1,,79,DELIVERED,Correo Argentino,TRK-NQIAFGPK2L
9000007947,1000007947,55.0,59.0,310,1,,2332,DELIVERED,Correo Argentino,TRK-6M5BAN3VT7
9000007948,1000007948,295.0,296.0,1336,2,3.0,3,DELIVERED,PICKUP,
9000007949,1000007949,599.0,601.0,692,1,,1291,DELIVERED,Correo Argentino,TRK-6BQ28HKEPR
9000007950,1000007950,335.0,339.0,125,1,,220,DELIVERED,Correo Argentino,TRK-TZIZDWNTED
9000007951,1000007951,434.0,439.0,1319,1,,208,DELIVERED,Correo Argentino,TRK-4NAE75G2G7
9000007952,1000007952,386.0,391.0,46,1,,566,DELIVERED,Correo Argentino,TRK-JRJF7BZPJF
9000007953,1000007953,586.0,587.0,1053,2,1.0,1,DELIVERED,PICKUP,
9000007954,1000007954,127.0,132.0,505,1,,2241,DELIVERED,Correo Argentino,TRK-WRPQQSS0B6
9000007955,1000007955,274.0,278.0,590,1,,1972,SHIPPED,Correo Argentino,TRK-0JS4R4MMK4
9000007956,1000007956,144.0,146.0,740,1,,1544,DELIVERED,Correo Argentino,TRK-2SBQXFR0L8
9000007957,1000007957,621.0,624.0,1195,1,,2081,DELIVERED,Correo Argentino,TRK-V78QDWPSPP
9000007958,1000007958,147.0,148.0,514,2,4.0,4,DELIVERED,PICKUP,
9000007959,1000007959,,,612,2,1.0,1,CANCELLED,PICKUP,
9000007960,1000007960,537.0,542.0,45,1,,37,DELIVERED,Correo Argentino,TRK-5I8F5XEVCR
9000007961,1000007961,215.0,216.0,545,2,3.0,3,DELIVERED,PICKUP,
9000007962,1000007962,246.0,247.0,538,2,3.0,3,DELIVERED,PICKUP,
9000007963,1000007963,108.0,111.0,329,1,,39,DELIVERED,Correo Argentino,TRK-VTTIAKEF8H
9000007964,1000007964,636.0,637.0,406,2,2.0,2,DELIVERED,PICKUP,
9000007965,1000007965,296.0,300.0,965,1,,1807,DELIVERED,Correo Argentino,TRK-90SK4H1K1G
9000007966,1000007966,457.0,459.0,579,1,,2435,DELIVERED,Correo Argentino,TRK-DYH06E8KI4
9000007967,1000007967,114.0,117.0,647,1,,1979,DELIVERED,Correo Argentino,TRK-IZW9CVHC3J
9000007968,1000007968,488.0,489.0,821,2,1.0,1,DELIVERED,PICKUP,
9000007969,1000007969,130.0,136.0,192,1,,772,DELIVERED,Correo Argentino,TRK-JO12GAMSC8
9000007970,1000007970,469.0,470.0,134,2,1.0,1,DELIVERED,PICKUP,
9000007971,1000007971,277.0,278.0,640,2,2.0,2,SHIPPED,PICKUP,
9000007972,1000007972,102.0,108.0,1420,1,,1973,DELIVERED,Correo Argentino,TRK-ZC907MLOB9
9000007973,1000007973,311.0,315.0,675,1,,227,DELIVERED,Correo Argentino,TRK-TXB1WY2A1I
9000007974,1000007974,10.0,15.0,556,1,,2015,DELIVERED,Correo Argentino,TRK-3DMPUCO71U
9000007975,1000007975,99.0,102.0,930,1,,1087,DELIVERED,Correo Argentino,TRK-TFNM73NXPM
9000007976,1000007976,,,752,1,,462,CANCELLED,Correo Argentino,
9000007977,1000007977,474.0,475.0,343,2,2.0,2,DELIVERED,PICKUP,
9000007978,1000007978,186.0,187.0,1098,2,2.0,2,SHIPPED,PICKUP,
9000007979,1000007979,246.0,247.0,1188,2,3.0,3,SHIPPED,PICKUP,
9000007980,1000007980,,,540,1,,433,CANCELLED,Correo Argentino,
9000007981,1000007981,354.0,356.0,1005,1,,755,DELIVERED,Correo Argentino,TRK-YLRZF1KRUH
9000007982,1000007982,197.0,201.0,27,1,,2611,DELIVERED,Correo Argentino,TRK-EBH4EHXC9M
9000007983,1000007983,523.0,525.0,1437,1,,2911,DELIVERED,Correo Argentino,TRK-0VI7E9NQJ5
9000007984,1000007984,402.0,403.0,1268,2,2.0,2,DELIVERED,PICKUP,
9000007985,1000007985,126.0,133.0,713,1,,1515,DELIVERED,Correo Argentino,TRK-F6SU94CYSB
9000007986,1000007986,345.0,347.0,759,1,,1256,SHIPPED,Correo Argentino,TRK-5BQAB1J12Q
9000007987,1000007987,257.0,260.0,396,1,,2639,DELIVERED,Correo Argentino,TRK-4SM0TNEJB4
9000007988,1000007988,133.0,134.0,827,2,2.0,2,DELIVERED,PICKUP,
9000007989,1000007989,265.0,268.0,1220,1,,2663,SHIPPED,Correo Argentino,TRK-JAE76X4KOQ
9000007990,1000007990,94.0,97.0,631,1,,2568,SHIPPED,Correo Argentino,TRK-776WUWR3GP
9000007991,1000007991,474.0,480.0,1163,1,,503,DELIVERED,Correo Argentino,TRK-G72H03RJY7
9000007992,1000007992,357.0,359.0,1057,1,,3084,SHIPPED,Correo Argentino,TRK-RT3YUU1DS4
9000007993,1000007993,619.0,620.0,1373,2,4.0,4,DELIVERED,PICKUP,
9000007994,1000007994,219.0,223.0,776,1,,2740,DELIVERED,Correo Argentino,TRK-CD7AN8AHBO
9000007995,1000007995,,,459,2,2.0,2,CANCELLED,PICKUP,
9000007996,1000007996,565.0,566.0,699,2,2.0,2,DELIVERED,PICKUP,
9000007997,1000007997,371.0,373.0,67,1,,1640,DELIVERED,Correo Argentino,TRK-5A63JN2QSJ
9000007998,1000007998,617.0,618.0,516,2,2.0,2,DELIVERED,PICKUP,
9000007999,1000007999,302.0,303.0,9,2,3.0,3,DELIVERED,PICKUP,
9000008000,1000008000,317.0,318.0,1424,2,4.0,4,SHIPPED,PICKUP,
9000008001,1000008001,342.0,347.0,1019,1,,521,SHIPPED,Correo Argentino,TRK-9V0LK6148S
9000008002,1000008002,531.0,533.0,1069,1,,868,DELIVERED,Correo Argentino,TRK-X3GXEZ4CIZ
9000008003,1000008003,98.0,103.0,1133,1,,2333,DELIVERED,Correo Argentino,TRK-5PMY54WGDE
9000008004,1000008004,573.0,576.0,882,1,,1194,DELIVERED,Correo Argentino,TRK-8Z9RFD2XFP
9000008005,1000008005,563.0,564.0,677,2,1.0,1,DELIVERED,PICKUP,
9000008006,1000008006,122.0,125.0,20,1,,11,DELIVERED,Correo Argentino,TRK-LT3WA2A1YJ
9000008007,1000008007,401.0,406.0,1151,1,,2548,DELIVERED,Correo Argentino,TRK-Y3BWGBUJFG
9000008008,1000008008,593.0,594.0,293,2,3.0,3,DELIVERED,PICKUP,
9000008009,1000008009,,,1124,2,1.0,1,CANCELLED,PICKUP,
9000008010,1000008010,627.0,631.0,340,1,,2856,DELIVERED,Correo Argentino,TRK-O520UPOQGP
9000008011,1000008011,525.0,526.0,134,2,2.0,2,DELIVERED,PICKUP,
9000008012,1000008012,181.0,185.0,1315,1,,730,DELIVERED,Correo Argentino,TRK-8Y4A6A8Q63
9000008013,1000008013,367.0,369.0,1189,1,,1253,DELIVERED,Correo Argentino,TRK-937K734VWI
9000008014,1000008014,545.0,548.0,368,1,,1396,DELIVERED,Correo Argentino,TRK-IP82BRKFSU
9000008015,1000008015,248.0,249.0,1251,2,2.0,2,DELIVERED,PICKUP,
9000008016,1000008016,19.0,24.0,1242,1,,1874,DELIVERED,Correo Argentino,TRK-AASIPNRCDW
9000008017,1000008017,573.0,578.0,987,1,,1344,SHIPPED,Correo Argentino,TRK-AVNXCYLY8U
9000008018,1000008018,,,596,1,,2158,CANCELLED,Correo Argentino,
9000008019,1000008019,249.0,250.0,973,2,3.0,3,SHIPPED,PICKUP,
9000008020,1000008020,549.0,552.0,1210,1,,495,DELIVERED,Correo Argentino,TRK-14VLLDYJV7
9000008021,1000008021,174.0,179.0,14,1,,2719,SHIPPED,Correo Argentino,TRK-CCTEPZ5MPJ
9000008022,1000008022,158.0,163.0,409,1,,1283,DELIVERED,Correo Argentino,TRK-UCCB5Y68CA
9000008023,1000008023,317.0,321.0,616,1,,200,DELIVERED,Correo Argentino,TRK-EI3DW75EWN
9000008024,1000008024,438.0,439.0,233,2,2.0,2,DELIVERED,PICKUP,
9000008025,1000008025,547.0,550.0,835,1,,3096,DELIVERED,Correo Argentino,TRK-KPOYDEW7LY
9000008026,1000008026,395.0,401.0,90,1,,2661,READY,Correo Argentino,TRK-3NBOP23E4B
9000008027,1000008027,298.0,300.0,791,1,,1644,DELIVERED,Correo Argentino,TRK-EP04PGA6YT
9000008028,1000008028,33.0,38.0,664,1,,1552,DELIVERED,Correo Argentino,TRK-49RC6AZMXL
9000008029,1000008029,426.0,427.0,1473,2,1.0,1,DELIVERED,PICKUP,
9000008030,1000008030,137.0,138.0,436,2,2.0,2,SHIPPED,PICKUP,
9000008031,1000008031,384.0,385.0,899,2,3.0,3,DELIVERED,PICKUP,
9000008032,1000008032,547.0,549.0,1202,1,,646,DELIVERED,Correo Argentino,TRK-K7YXPSPT4L
9000008033,1000008033,138.0,139.0,800,2,3.0,3,SHIPPED,PICKUP,
9000008034,1000008034,265.0,266.0,303,2,3.0,3,DELIVERED,PICKUP,
9000008035,1000008035,,,401,2,1.0,1,CANCELLED,PICKUP,
9000008036,1000008036,493.0,495.0,107,1,,2000,DELIVERED,Correo Argentino,TRK-CY0JN855JE
9000008037,1000008037,270.0,271.0,1092,2,2.0,2,SHIPPED,PICKUP,
9000008038,1000008038,,,1387,2,2.0,2,CANCELLED,PICKUP,
9000008039,1000008039,500.0,505.0,427,1,,1362,DELIVERED,Correo Argentino,TRK-RD1UBJLHOI
9000008040,1000008040,261.0,262.0,963,2,2.0,2,SHIPPED,PICKUP,
9000008041,1000008041,254.0,255.0,1471,2,1.0,1,DELIVERED,PICKUP,
9000008042,1000008042,406.0,407.0,118,2,3.0,3,DELIVERED,PICKUP,
9000008043,1000008043,601.0,604.0,552,1,,1880,SHIPPED,Correo Argentino,TRK-4X4DA0YAET
9000008044,1000008044,,,543,1,,579,CANCELLED,Correo Argentino,
9000008045,1000008045,122.0,124.0,755,1,,3203,DELIVERED,Correo Argentino,TRK-U9NS55TFPC
9000008046,1000008046,587.0,590.0,1410,1,,134,DELIVERED,Correo Argentino,TRK-500422WS8I
9000008047,1000008047,240.0,241.0,47,2,4.0,4,SHIPPED,PICKUP,
9000008048,1000008048,421.0,427.0,879,1,,2155,DELIVERED,Correo Argentino,TRK-09UOIQ4IWH
9000008049,1000008049,314.0,315.0,724,2,4.0,4,DELIVERED,PICKUP,
9000008050,1000008050,552.0,555.0,1355,1,,1316,DELIVERED,Correo Argentino,TRK-2I2L8ZE9TT
9000008051,1000008051,303.0,305.0,506,1,,882,DELIVERED,Correo Argentino,TRK-LYPZ7436W0
9000008052,1000008052,120.0,125.0,1329,1,,573,SHIPPED,Correo Argentino,TRK-UJ1JGHEQO3
9000008053,1000008053,,,344,2,2.0,2,CANCELLED,PICKUP,
9000008054,1000008054,327.0,331.0,241,1,,658,DELIVERED,Correo Argentino,TRK-HU0TNW4V81
9000008055,1000008055,336.0,337.0,406,2,2.0,2,SHIPPED,PICKUP,
9000008056,1000008056,503.0,504.0,201,2,4.0,4,DELIVERED,PICKUP,
9000008057,1000008057,174.0,176.0,1499,1,,2736,DELIVERED,Correo Argentino,TRK-OVQ55EIAFC
9000008058,1000008058,452.0,453.0,785,2,3.0,3,DELIVERED,PICKUP,
9000008059,1000008059,,,1493,2,4.0,4,CANCELLED,PICKUP,
9000008060,1000008060,130.0,134.0,797,1,,3199,DELIVERED,Correo Argentino,TRK-NBPKFJB946
9000008061,1000008061,364.0,369.0,1008,1,,2894,DELIVERED,Correo Argentino,TRK-ZD1309FV6R
9000008062,1000008062,469.0,474.0,1198,1,,426,DELIVERED,Correo Argentino,TRK-JDXQP2INDB
9000008063,1000008063,411.0,417.0,1258,1,,3182,DELIVERED,Correo Argentino,TRK-UKQG45O61G
9000008064,1000008064,64.0,65.0,68,2,2.0,2,DELIVERED,PICKUP,
9000008065,1000008065,382.0,386.0,788,1,,2075,SHIPPED,Correo Argentino,TRK-H6D8S1M4HX
9000008066,1000008066,384.0,387.0,594,1,,1976,DELIVERED,Correo Argentino,TRK-YOJEVYESLV
9000008067,1000008067,3.0,6.0,1149,1,,461,DELIVERED,Correo Argentino,TRK-9O7X4ST46I
9000008068,1000008068,484.0,487.0,97,1,,2230,SHIPPED,Correo Argentino,TRK-VG67AFDYC4
9000008069,1000008069,,,1457,1,,1041,CANCELLED,Correo Argentino,
9000008070,1000008070,161.0,164.0,630,1,,2516,DELIVERED,Correo Argentino,TRK-BU5DD2RIGP
9000008071,1000008071,531.0,532.0,156,2,2.0,2,DELIVERED,PICKUP,
9000008072,1000008072,374.0,380.0,528,1,,2578,DELIVERED,Correo Argentino,TRK-A5K6C303V0
9000008073,1000008073,639.0,640.0,1148,2,2.0,2,DELIVERED,PICKUP,
9000008074,1000008074,504.0,505.0,457,2,2.0,2,DELIVERED,PICKUP,
9000008075,1000008075,475.0,479.0,691,1,,201,DELIVERED,Correo Argentino,TRK-01OVD434WV
9000008076,1000008076,220.0,224.0,1475,1,,789,DELIVERED,Correo Argentino,TRK-Z81SDGUP50
9000008077,1000008077,526.0,528.0,377,1,,2882,SHIPPED,Correo Argentino,TRK-XP70B2IQS7
9000008078,1000008078,210.0,214.0,656,1,,1827,DELIVERED,Correo Argentino,TRK-AIXTAIOGBK
9000008079,1000008079,177.0,182.0,475,1,,2789,DELIVERED,Correo Argentino,TRK-I8PGOMUF21
9000008080,1000008080,177.0,183.0,488,1,,2155,DELIVERED,Correo Argentino,TRK-D31SFCH71J
9000008081,1000008081,610.0,611.0,279,2,4.0,4,DELIVERED,PICKUP,
9000008082,1000008082,144.0,149.0,719,1,,516,DELIVERED,Correo Argentino,TRK-LH9LKZD5T2
9000008083,1000008083,555.0,559.0,371,1,,397,DELIVERED,Correo Argentino,TRK-0N6ROVFIL5
9000008084,1000008084,337.0,338.0,728,2,4.0,4,DELIVERED,PICKUP,
9000008085,1000008085,499.0,504.0,1413,1,,997,DELIVERED,Correo Argentino,TRK-RSWKSBK9XA
9000008086,1000008086,376.0,379.0,996,1,,2760,SHIPPED,Correo Argentino,TRK-3YAZGE1VOS
9000008087,1000008087,631.0,635.0,992,1,,1448,DELIVERED,Correo Argentino,TRK-W857AOO5MT
9000008088,1000008088,468.0,469.0,275,2,2.0,2,DELIVERED,PICKUP,
9000008089,1000008089,609.0,614.0,1448,1,,75,SHIPPED,Correo Argentino,TRK-557G98EGWM
9000008090,1000008090,594.0,596.0,1277,1,,1326,DELIVERED,Correo Argentino,TRK-4FQ4NO6A52
9000008091,1000008091,447.0,452.0,215,1,,3115,DELIVERED,Correo Argentino,TRK-PYNNT0M3GV
9000008092,1000008092,241.0,245.0,274,1,,3025,SHIPPED,Correo Argentino,TRK-099DLIABIW
9000008093,1000008093,28.0,29.0,174,2,2.0,2,DELIVERED,PICKUP,
9000008094,1000008094,323.0,324.0,251,2,1.0,1,DELIVERED,PICKUP,
9000008095,1000008095,479.0,481.0,386,1,,3099,DELIVERED,Correo Argentino,TRK-GHI0FQXU7V
9000008096,1000008096,10.0,12.0,602,1,,2936,DELIVERED,Correo Argentino,TRK-WOA0QDGGKC
9000008097,1000008097,17.0,22.0,884,1,,1708,DELIVERED,Correo Argentino,TRK-TOZ0T14M6M
9000008098,1000008098,73.0,74.0,129,2,2.0,2,DELIVERED,PICKUP,
9000008099,1000008099,38.0,39.0,871,2,3.0,3,DELIVERED,PICKUP,
9000008100,1000008100,119.0,120.0,888,2,1.0,1,DELIVERED,PICKUP,
9000008101,1000008101,485.0,486.0,64,2,4.0,4,DELIVERED,PICKUP,
9000008102,1000008102,596.0,598.0,474,1,,1875,DELIVERED,Correo Argentino,TRK-0PHYYD5869
9000008103,1000008103,616.0,617.0,473,2,1.0,1,SHIPPED,PICKUP,
9000008104,1000008104,28.0,31.0,3,1,,2673,DELIVERED,Correo Argentino,TRK-QMOA14NZW2
9000008105,1000008105,433.0,437.0,662,1,,3079,DELIVERED,Correo Argentino,TRK-RRYFXUOB9Z
9000008106,1000008106,20.0,24.0,533,1,,1873,SHIPPED,Correo Argentino,TRK-7AIX39T44I
9000008107,1000008107,347.0,350.0,951,1,,208,DELIVERED,Correo Argentino,TRK-QWSO4TMYJB
9000008108,1000008108,293.0,294.0,431,2,3.0,3,DELIVERED,PICKUP,
9000008109,1000008109,200.0,201.0,124,2,1.0,1,SHIPPED,PICKUP,
9000008110,1000008110,,,401,2,1.0,1,CANCELLED,PICKUP,
9000008111,1000008111,492.0,493.0,177,2,1.0,1,DELIVERED,PICKUP,
9000008112,1000008112,605.0,606.0,2,2,3.0,3,DELIVERED,PICKUP,
9000008113,1000008113,336.0,337.0,1368,2,2.0,2,DELIVERED,PICKUP,
9000008114,1000008114,507.0,511.0,77,1,,2287,DELIVERED,Correo Argentino,TRK-APT88Z8NO8
9000008115,1000008115,634.0,638.0,1427,1,,2577,DELIVERED,Correo Argentino,TRK-ZCER7I89S5
9000008116,1000008116,550.0,553.0,1052,1,,2566,DELIVERED,Correo Argentino,TRK-49WTB37640
9000008117,1000008117,,,394,1,,1607,CANCELLED,Correo Argentino,
9000008118,1000008118,406.0,407.0,1145,2,3.0,3,DELIVERED,PICKUP,
9000008119,1000008119,209.0,214.0,778,1,,179,SHIPPED,Correo Argentino,TRK-PSUG6Y7C12
9000008120,1000008120,108.0,113.0,731,1,,1706,DELIVERED,Correo Argentino,TRK-84WBCFHBLO
9000008121,1000008121,523.0,524.0,332,2,1.0,1,DELIVERED,PICKUP,
9000008122,1000008122,535.0,536.0,1363,2,1.0,1,DELIVERED,PICKUP,
9000008123,1000008123,387.0,391.0,1480,1,,286,DELIVERED,Correo Argentino,TRK-MNRM8CTVMA
9000008124,1000008124,188.0,189.0,459,2,1.0,1,DELIVERED,PICKUP,
9000008125,1000008125,82.0,84.0,16,1,,3162,DELIVERED,Correo Argentino,TRK-R201GNWUSR
9000008126,1000008126,327.0,332.0,1137,1,,2470,DELIVERED,Correo Argentino,TRK-V0AEHFC96B
9000008127,1000008127,,,1456,1,,1536,CANCELLED,Correo Argentino,
9000008128,1000008128,428.0,433.0,1253,1,,277,DELIVERED,Correo Argentino,TRK-6WOG2C14B5
9000008129,1000008129,221.0,222.0,1296,2,2.0,2,DELIVERED,PICKUP,
9000008130,1000008130,347.0,348.0,475,2,2.0,2,SHIPPED,PICKUP,
9000008131,1000008131,58.0,63.0,436,1,,1623,DELIVERED,Correo Argentino,TRK-7VO54HU4T8
9000008132,1000008132,,,1114,1,,2769,CANCELLED,Correo Argentino,
9000008133,1000008133,449.0,450.0,350,2,1.0,1,DELIVERED,PICKUP,
9000008134,1000008134,514.0,515.0,98,2,2.0,2,DELIVERED,PICKUP,
9000008135,1000008135,375.0,377.0,766,1,,1875,READY,Correo Argentino,TRK-F3YKMVLSXY
9000008136,1000008136,161.0,162.0,112,2,2.0,2,DELIVERED,PICKUP,
9000008137,1000008137,298.0,301.0,387,1,,3003,SHIPPED,Correo Argentino,TRK-J8C6G4P1MB
9000008138,1000008138,109.0,114.0,37,1,,2245,DELIVERED,Correo Argentino,TRK-LS072Y0G7O
9000008139,1000008139,235.0,238.0,354,1,,2367,DELIVERED,Correo Argentino,TRK-6GPQDPT7FI
9000008140,1000008140,427.0,428.0,154,2,4.0,4,SHIPPED,PICKUP,
9000008141,1000008141,332.0,334.0,533,1,,2625,DELIVERED,Correo Argentino,TRK-L0E2I1R2E6
9000008142,1000008142,,,853,2,4.0,4,CANCELLED,PICKUP,
9000008143,1000008143,116.0,117.0,410,2,2.0,2,DELIVERED,PICKUP,
9000008144,1000008144,374.0,378.0,674,1,,825,DELIVERED,Correo Argentino,TRK-D2NTRAR7EH
9000008145,1000008145,172.0,173.0,806,2,1.0,1,DELIVERED,PICKUP,
9000008146,1000008146,320.0,321.0,1003,2,1.0,1,DELIVERED,PICKUP,
9000008147,1000008147,511.0,515.0,621,1,,3198,SHIPPED,Correo Argentino,TRK-YYFB9LRDWP
9000008148,1000008148,187.0,188.0,951,2,3.0,3,DELIVERED,PICKUP,
9000008149,1000008149,245.0,246.0,34,2,3.0,3,SHIPPED,PICKUP,
9000008150,1000008150,505.0,510.0,3,1,,2946,DELIVERED,Correo Argentino,TRK-ZAHULIDKK0
9000008151,1000008151,541.0,544.0,1086,1,,1513,DELIVERED,Correo Argentino,TRK-LPSUD7P1VI
9000008152,1000008152,357.0,362.0,1081,1,,1687,DELIVERED,Correo Argentino,TRK-77Y9HM5VPL
9000008153,1000008153,472.0,473.0,832,2,1.0,1,DELIVERED,PICKUP,
9000008154,1000008154,401.0,402.0,714,2,2.0,2,DELIVERED,PICKUP,
9000008155,1000008155,314.0,315.0,489,2,3.0,3,DELIVERED,PICKUP,
9000008156,1000008156,338.0,343.0,57,1,,259,DELIVERED,Correo Argentino,TRK-24L5237YBA
9000008157,1000008157,632.0,633.0,631,2,1.0,1,DELIVERED,PICKUP,
9000008158,1000008158,440.0,444.0,1486,1,,813,DELIVERED,Correo Argentino,TRK-XRVEP0WN89
9000008159,1000008159,440.0,447.0,469,1,,957,DELIVERED,Correo Argentino,TRK-LG7TI3SOY3
9000008160,1000008160,293.0,294.0,1049,2,3.0,3,DELIVERED,PICKUP,
9000008161,1000008161,139.0,144.0,300,1,,2874,DELIVERED,Correo Argentino,TRK-RPGU6QOWQN
9000008162,1000008162,491.0,494.0,1291,1,,1525,SHIPPED,Correo Argentino,TRK-R11IEOEHRG
9000008163,1000008163,383.0,384.0,268,2,3.0,3,DELIVERED,PICKUP,
9000008164,1000008164,337.0,342.0,452,1,,732,READY,Correo Argentino,TRK-KIR2ZEA7NS
9000008165,1000008165,28.0,31.0,541,1,,998,DELIVERED,Correo Argentino,TRK-FKRCHO42Q4
9000008166,1000008166,99.0,103.0,1315,1,,2801,DELIVERED,Correo Argentino,TRK-T27IA1410N
9000008167,1000008167,472.0,474.0,1489,1,,724,DELIVERED,Correo Argentino,TRK-W5DWNAIC5P
9000008168,1000008168,555.0,558.0,55,1,,3016,DELIVERED,Correo Argentino,TRK-2QG9R9KYZV
9000008169,1000008169,619.0,620.0,73,2,1.0,1,DELIVERED,PICKUP,
9000008170,1000008170,141.0,144.0,315,1,,1321,DELIVERED,Correo Argentino,TRK-OU6AP0F5FM
9000008171,1000008171,565.0,566.0,1254,2,4.0,4,DELIVERED,PICKUP,
9000008172,1000008172,149.0,150.0,1434,2,3.0,3,SHIPPED,PICKUP,
9000008173,1000008173,599.0,602.0,1240,1,,2737,DELIVERED,Correo Argentino,TRK-D77CVS0VUZ
9000008174,1000008174,70.0,72.0,1184,1,,1283,DELIVERED,Correo Argentino,TRK-TN35G1TOVP
9000008175,1000008175,,,1045,1,,2371,CANCELLED,Correo Argentino,
9000008176,1000008176,309.0,314.0,1476,1,,649,DELIVERED,Correo Argentino,TRK-TDAJ46YXRC
9000008177,1000008177,240.0,243.0,539,1,,422,SHIPPED,Correo Argentino,TRK-Z43WA4LJ88
9000008178,1000008178,543.0,547.0,342,1,,715,DELIVERED,Correo Argentino,TRK-T32WZ8FQ5O
9000008179,1000008179,561.0,564.0,748,1,,1679,DELIVERED,Correo Argentino,TRK-MNCFHVM19V
9000008180,1000008180,502.0,503.0,1308,2,1.0,1,DELIVERED,PICKUP,
9000008181,1000008181,387.0,388.0,1245,2,2.0,2,DELIVERED,PICKUP,
9000008182,1000008182,504.0,508.0,487,1,,2499,DELIVERED,Correo Argentino,TRK-2XLF2AJDU2
9000008183,1000008183,296.0,297.0,1371,2,3.0,3,DELIVERED,PICKUP,
9000008184,1000008184,418.0,421.0,1493,1,,2838,DELIVERED,Correo Argentino,TRK-17EKQCH27W
9000008185,1000008185,305.0,308.0,1027,1,,2671,DELIVERED,Correo Argentino,TRK-2EFMQZ8RQZ
9000008186,1000008186,577.0,579.0,778,1,,55,DELIVERED,Correo Argentino,TRK-RN0UKL030V
9000008187,1000008187,457.0,461.0,240,1,,496,DELIVERED,Correo Argentino,TRK-B9E9GM571C
9000008188,1000008188,256.0,257.0,254,2,3.0,3,DELIVERED,PICKUP,
9000008189,1000008189,339.0,342.0,621,1,,2447,DELIVERED,Correo Argentino,TRK-ZVK0SKIHLJ
9000008190,1000008190,261.0,262.0,958,2,4.0,4,DELIVERED,PICKUP,
9000008191,1000008191,485.0,488.0,1281,1,,2219,DELIVERED,Correo Argentino,TRK-R61OVU18FG
9000008192,1000008192,348.0,349.0,483,2,3.0,3,DELIVERED,PICKUP,
9000008193,1000008193,616.0,617.0,674,2,4.0,4,DELIVERED,PICKUP,
9000008194,1000008194,38.0,39.0,520,2,4.0,4,DELIVERED,PICKUP,
9000008195,1000008195,498.0,503.0,757,1,,1745,DELIVERED,Correo Argentino,TRK-BPI4IR3E1D
9000008196,1000008196,589.0,590.0,614,2,2.0,2,DELIVERED,PICKUP,
9000008197,1000008197,303.0,306.0,1392,1,,2674,DELIVERED,Correo Argentino,TRK-EZT4CUC4B3
9000008198,1000008198,280.0,281.0,748,2,4.0,4,DELIVERED,PICKUP,
9000008199,1000008199,297.0,298.0,492,2,2.0,2,DELIVERED,PICKUP,
9000008200,1000008200,544.0,549.0,603,1,,1771,SHIPPED,Correo Argentino,TRK-XCVIDJBUOI
9000008201,1000008201,,,161,2,3.0,3,CANCELLED,PICKUP,
9000008202,1000008202,621.0,626.0,352,1,,1644,DELIVERED,Correo Argentino,TRK-V56WXQJXKC
9000008203,1000008203,466.0,469.0,929,1,,2196,DELIVERED,Correo Argentino,TRK-KSPJTA53NY
9000008204,1000008204,106.0,108.0,991,1,,1913,DELIVERED,Correo Argentino,TRK-IGW479B297
9000008205,1000008205,93.0,95.0,179,1,,1567,DELIVERED,Correo Argentino,TRK-PP8K32OXQQ
9000008206,1000008206,519.0,520.0,658,2,4.0,4,DELIVERED,PICKUP,
9000008207,1000008207,294.0,298.0,1483,1,,1750,SHIPPED,Correo Argentino,TRK-TK80NJ6VBK
9000008208,1000008208,633.0,635.0,735,1,,203,DELIVERED,Correo Argentino,TRK-HT2373I4G0
9000008209,1000008209,239.0,242.0,1241,1,,1741,SHIPPED,Correo Argentino,TRK-G273P8NVOQ
9000008210,1000008210,597.0,601.0,1489,1,,2209,READY,Correo Argentino,TRK-4I0UBP8W6M
9000008211,1000008211,564.0,567.0,358,1,,2194,DELIVERED,Correo Argentino,TRK-K2RTCCLHCE
9000008212,1000008212,613.0,614.0,478,2,1.0,1,DELIVERED,PICKUP,
9000008213,1000008213,113.0,114.0,700,2,1.0,1,DELIVERED,PICKUP,
9000008214,1000008214,485.0,486.0,240,2,3.0,3,DELIVERED,PICKUP,
9000008215,1000008215,253.0,254.0,935,2,3.0,3,DELIVERED,PICKUP,
9000008216,1000008216,276.0,281.0,566,1,,2079,DELIVERED,Correo Argentino,TRK-EBGPDP6M1Z
9000008217,1000008217,366.0,367.0,2,2,4.0,4,DELIVERED,PICKUP,
9000008218,1000008218,475.0,479.0,99,1,,170,DELIVERED,Correo Argentino,TRK-7204HW9VVO
9000008219,1000008219,458.0,460.0,1355,1,,562,DELIVERED,Correo Argentino,TRK-SZG7L7WU23
9000008220,1000008220,168.0,169.0,980,2,2.0,2,SHIPPED,PICKUP,
9000008221,1000008221,438.0,440.0,813,1,,2287,DELIVERED,Correo Argentino,TRK-3CLLY6MSP8
9000008222,1000008222,522.0,526.0,1499,1,,2322,DELIVERED,Correo Argentino,TRK-LA1EVOJ237
9000008223,1000008223,622.0,625.0,902,1,,175,DELIVERED,Correo Argentino,TRK-PMGE46E6KL
9000008224,1000008224,,,134,1,,2151,CANCELLED,Correo Argentino,
9000008225,1000008225,71.0,75.0,1316,1,,1588,DELIVERED,Correo Argentino,TRK-U780FOP3N2
9000008226,1000008226,308.0,309.0,652,2,2.0,2,DELIVERED,PICKUP,
9000008227,1000008227,,,149,1,,2440,CANCELLED,Correo Argentino,
9000008228,1000008228,351.0,355.0,771,1,,2151,DELIVERED,Correo Argentino,TRK-8ASA0BY0C9
9000008229,1000008229,471.0,472.0,424,2,1.0,1,SHIPPED,PICKUP,
9000008230,1000008230,,,145,2,3.0,3,CANCELLED,PICKUP,
9000008231,1000008231,475.0,477.0,661,1,,1788,SHIPPED,Correo Argentino,TRK-CVVHPH3J8Y
9000008232,1000008232,299.0,302.0,969,1,,1167,DELIVERED,Correo Argentino,TRK-JZCRR0X2XT
9000008233,1000008233,446.0,448.0,804,1,,2045,SHIPPED,Correo Argentino,TRK-TSI2CE955N
9000008234,1000008234,490.0,492.0,277,1,,673,DELIVERED,Correo Argentino,TRK-SUCKHWPFFO
9000008235,1000008235,28.0,29.0,896,2,4.0,4,DELIVERED,PICKUP,
9000008236,1000008236,182.0,183.0,1339,2,1.0,1,READY,PICKUP,
9000008237,1000008237,498.0,503.0,710,1,,827,DELIVERED,Correo Argentino,TRK-OWNQYPNFVD
9000008238,1000008238,453.0,457.0,970,1,,2418,DELIVERED,Correo Argentino,TRK-AARQ035K04
9000008239,1000008239,630.0,634.0,1027,1,,2848,DELIVERED,Correo Argentino,TRK-KS8ROBVCKE
9000008240,1000008240,316.0,320.0,228,1,,338,DELIVERED,Correo Argentino,TRK-EDT4K620CS
9000008241,1000008241,584.0,585.0,959,2,2.0,2,DELIVERED,PICKUP,
9000008242,1000008242,97.0,98.0,753,2,4.0,4,SHIPPED,PICKUP,
9000008243,1000008243,456.0,460.0,402,1,,2954,DELIVERED,Correo Argentino,TRK-E33VI5NEQN
9000008244,1000008244,577.0,578.0,59,2,2.0,2,DELIVERED,PICKUP,
9000008245,1000008245,442.0,446.0,1026,1,,721,DELIVERED,Correo Argentino,TRK-WHC3R9MZ9I
9000008246,1000008246,639.0,643.0,811,1,,1180,DELIVERED,Correo Argentino,TRK-ZDD3OXPBVC
9000008247,1000008247,36.0,39.0,1309,1,,44,DELIVERED,Correo Argentino,TRK-ILGD9KX1ML
9000008248,1000008248,,,1389,2,2.0,2,CANCELLED,PICKUP,
9000008249,1000008249,,,1173,1,,1191,CANCELLED,Correo Argentino,
9000008250,1000008250,322.0,327.0,618,1,,1468,DELIVERED,Correo Argentino,TRK-IYKOUSN5NK
9000008251,1000008251,296.0,298.0,113,1,,1419,DELIVERED,Correo Argentino,TRK-U6DJ0QPIT0
9000008252,1000008252,154.0,159.0,657,1,,552,DELIVERED,Correo Argentino,TRK-J3B0JUH5AE
9000008253,1000008253,366.0,367.0,215,2,4.0,4,SHIPPED,PICKUP,
9000008254,1000008254,75.0,76.0,1031,2,3.0,3,DELIVERED,PICKUP,
9000008255,1000008255,508.0,509.0,892,2,4.0,4,DELIVERED,PICKUP,
9000008256,1000008256,474.0,475.0,1215,2,1.0,1,DELIVERED,PICKUP,
9000008257,1000008257,162.0,167.0,528,1,,778,DELIVERED,Correo Argentino,TRK-JYWVD0I5GO
9000008258,1000008258,519.0,523.0,999,1,,2592,DELIVERED,Correo Argentino,TRK-EIRZCVQ7U3
9000008259,1000008259,74.0,75.0,921,2,4.0,4,DELIVERED,PICKUP,
9000008260,1000008260,389.0,392.0,634,1,,1578,DELIVERED,Correo Argentino,TRK-9HOY82CVL4
9000008261,1000008261,37.0,41.0,411,1,,1207,SHIPPED,Correo Argentino,TRK-E5GHPLCGHJ
9000008262,1000008262,399.0,403.0,713,1,,951,DELIVERED,Correo Argentino,TRK-FP637VBCHH
9000008263,1000008263,146.0,148.0,700,1,,1186,SHIPPED,Correo Argentino,TRK-D7P1MWEZQP
9000008264,1000008264,218.0,221.0,1233,1,,1470,DELIVERED,Correo Argentino,TRK-2QRA2T7B9S
9000008265,1000008265,72.0,77.0,566,1,,1461,DELIVERED,Correo Argentino,TRK-2PUXPRTHPD
9000008266,1000008266,49.0,55.0,547,1,,601,DELIVERED,Correo Argentino,TRK-FVKT71C464
9000008267,1000008267,360.0,365.0,1075,1,,1324,SHIPPED,Correo Argentino,TRK-LMLB34J5AA
9000008268,1000008268,408.0,409.0,256,2,4.0,4,DELIVERED,PICKUP,
9000008269,1000008269,1.0,2.0,498,2,4.0,4,DELIVERED,PICKUP,
9000008270,1000008270,459.0,462.0,1141,1,,1002,DELIVERED,Correo Argentino,TRK-JQ8LDGF88B
9000008271,1000008271,55.0,59.0,1380,1,,1921,DELIVERED,Correo Argentino,TRK-87TZA7VTPI
9000008272,1000008272,492.0,493.0,1217,2,3.0,3,DELIVERED,PICKUP,
9000008273,1000008273,346.0,351.0,464,1,,1253,SHIPPED,Correo Argentino,TRK-LBVQ1GYQSU
9000008274,1000008274,256.0,259.0,256,1,,325,SHIPPED,Correo Argentino,TRK-PHHEKNMPVJ
9000008275,1000008275,197.0,200.0,1182,1,,1241,DELIVERED,Correo Argentino,TRK-7SQHXKQN3X
9000008276,1000008276,109.0,115.0,281,1,,2012,SHIPPED,Correo Argentino,TRK-RUDHYG58DP
9000008277,1000008277,236.0,237.0,1093,2,3.0,3,DELIVERED,PICKUP,
9000008278,1000008278,436.0,438.0,538,1,,2669,SHIPPED,Correo Argentino,TRK-8NF9S8VMNP
9000008279,1000008279,314.0,316.0,24,1,,2987,DELIVERED,Correo Argentino,TRK-S5YE8PHJ1E
9000008280,1000008280,75.0,78.0,377,1,,3184,SHIPPED,Correo Argentino,TRK-IAYHDMXFP5
9000008281,1000008281,187.0,189.0,1062,1,,2911,DELIVERED,Correo Argentino,TRK-FMU7MUPDKK
9000008282,1000008282,561.0,562.0,208,2,3.0,3,SHIPPED,PICKUP,
9000008283,1000008283,250.0,251.0,950,2,2.0,2,SHIPPED,PICKUP,
9000008284,1000008284,,,695,2,2.0,2,CANCELLED,PICKUP,
9000008285,1000008285,508.0,509.0,959,2,3.0,3,DELIVERED,PICKUP,
9000008286,1000008286,329.0,330.0,1038,2,3.0,3,DELIVERED,PICKUP,
9000008287,1000008287,167.0,172.0,935,1,,2388,DELIVERED,Correo Argentino,TRK-B53I46N46E
9000008288,1000008288,217.0,218.0,288,2,1.0,1,DELIVERED,PICKUP,
9000008289,1000008289,517.0,518.0,40,2,3.0,3,DELIVERED,PICKUP,
9000008290,1000008290,619.0,623.0,103,1,,1980,SHIPPED,Correo Argentino,TRK-UUB8EJBE08
9000008291,1000008291,,,229,1,,551,CANCELLED,Correo Argentino,
9000008292,1000008292,425.0,429.0,655,1,,1036,DELIVERED,Correo Argentino,TRK-A3P3I5GN3Z
9000008293,1000008293,66.0,71.0,857,1,,789,DELIVERED,Correo Argentino,TRK-J0TKNO5EEN
9000008294,1000008294,146.0,148.0,968,1,,2764,DELIVERED,Correo Argentino,TRK-ZYC03THC90
9000008295,1000008295,377.0,382.0,460,1,,2020,SHIPPED,Correo Argentino,TRK-Q5G0SDXEE3
9000008296,1000008296,267.0,269.0,429,1,,374,DELIVERED,Correo Argentino,TRK-MVNREG85QV
9000008297,1000008297,597.0,598.0,744,2,3.0,3,DELIVERED,PICKUP,
9000008298,1000008298,145.0,148.0,867,1,,2187,DELIVERED,Correo Argentino,TRK-IEV96DTW20
9000008299,1000008299,376.0,378.0,488,1,,2943,SHIPPED,Correo Argentino,TRK-D6K846LFM9
9000008300,1000008300,122.0,124.0,1127,1,,2857,DELIVERED,Correo Argentino,TRK-QKE70SLAH6
9000008301,1000008301,579.0,580.0,358,2,2.0,2,DELIVERED,PICKUP,
9000008302,1000008302,365.0,370.0,479,1,,1533,SHIPPED,Correo Argentino,TRK-L3QVW1JJBP
9000008303,1000008303,303.0,304.0,1347,2,4.0,4,DELIVERED,PICKUP,
9000008304,1000008304,340.0,344.0,104,1,,1976,DELIVERED,Correo Argentino,TRK-T5TPPKTHKU
9000008305,1000008305,61.0,63.0,722,1,,755,DELIVERED,Correo Argentino,TRK-FLUIPQIQH4
9000008306,1000008306,534.0,535.0,1332,2,3.0,3,DELIVERED,PICKUP,
9000008307,1000008307,422.0,426.0,116,1,,791,DELIVERED,Correo Argentino,TRK-9DNTN3BM3Z
9000008308,1000008308,402.0,406.0,176,1,,935,DELIVERED,Correo Argentino,TRK-MPGMMGA55T
9000008309,1000008309,,,995,1,,131,CANCELLED,Correo Argentino,
9000008310,1000008310,497.0,502.0,234,1,,2823,DELIVERED,Correo Argentino,TRK-TF0WHSI9KP
9000008311,1000008311,80.0,81.0,88,2,2.0,2,DELIVERED,PICKUP,
9000008312,1000008312,241.0,242.0,1155,2,1.0,1,DELIVERED,PICKUP,
9000008313,1000008313,145.0,148.0,575,1,,357,DELIVERED,Correo Argentino,TRK-9K7JJCJK03
9000008314,1000008314,386.0,390.0,1002,1,,934,DELIVERED,Correo Argentino,TRK-C4A0K9NUVY
9000008315,1000008315,566.0,570.0,383,1,,911,DELIVERED,Correo Argentino,TRK-C9GI5H3WE3
9000008316,1000008316,637.0,639.0,446,1,,810,DELIVERED,Correo Argentino,TRK-C5ZYTVZ1CB
9000008317,1000008317,161.0,163.0,306,1,,2705,DELIVERED,Correo Argentino,TRK-7Q18VIIS1V
9000008318,1000008318,31.0,32.0,1480,2,4.0,4,DELIVERED,PICKUP,
9000008319,1000008319,565.0,567.0,988,1,,1598,SHIPPED,Correo Argentino,TRK-J87R8WHC0M
9000008320,1000008320,448.0,451.0,301,1,,2186,DELIVERED,Correo Argentino,TRK-VHNSW0IDFW
9000008321,1000008321,519.0,521.0,806,1,,2480,DELIVERED,Correo Argentino,TRK-T2USDWG0FF
9000008322,1000008322,544.0,548.0,763,1,,1735,DELIVERED,Correo Argentino,TRK-N9U5J3SWAL
9000008323,1000008323,,,670,2,1.0,1,CANCELLED,PICKUP,
9000008324,1000008324,243.0,247.0,319,1,,1771,DELIVERED,Correo Argentino,TRK-061VRT9LPN
9000008325,1000008325,,,389,2,4.0,4,CANCELLED,PICKUP,
9000008326,1000008326,91.0,94.0,701,1,,1747,DELIVERED,Correo Argentino,TRK-37P6PWVXI7
9000008327,1000008327,261.0,264.0,15,1,,1962,DELIVERED,Correo Argentino,TRK-4G4L04ZYT2
9000008328,1000008328,549.0,551.0,299,1,,3091,DELIVERED,Correo Argentino,TRK-E6HTSY4C48
9000008329,1000008329,11.0,14.0,980,1,,2621,DELIVERED,Correo Argentino,TRK-8EMYUXQ6TR
9000008330,1000008330,2.0,3.0,308,2,3.0,3,DELIVERED,PICKUP,
9000008331,1000008331,113.0,114.0,743,2,1.0,1,DELIVERED,PICKUP,
9000008332,1000008332,52.0,53.0,1050,2,4.0,4,SHIPPED,PICKUP,
9000008333,1000008333,14.0,16.0,45,1,,1451,DELIVERED,Correo Argentino,TRK-KZCDET70CM
9000008334,1000008334,529.0,530.0,335,2,4.0,4,DELIVERED,PICKUP,
9000008335,1000008335,314.0,319.0,189,1,,1909,DELIVERED,Correo Argentino,TRK-L4H99CQDTA
9000008336,1000008336,205.0,210.0,14,1,,136,DELIVERED,Correo Argentino,TRK-PNKEMOQT1B
9000008337,1000008337,49.0,53.0,1375,1,,2693,DELIVERED,Correo Argentino,TRK-95A29604QL
9000008338,1000008338,76.0,79.0,534,1,,2129,DELIVERED,Correo Argentino,TRK-FS92N3GMCN
9000008339,1000008339,144.0,147.0,28,1,,2498,SHIPPED,Correo Argentino,TRK-ZPGVQMVTTT
9000008340,1000008340,503.0,505.0,819,1,,489,DELIVERED,Correo Argentino,TRK-7KEL5UR4EM
9000008341,1000008341,600.0,601.0,7,2,3.0,3,DELIVERED,PICKUP,
9000008342,1000008342,576.0,581.0,450,1,,806,DELIVERED,Correo Argentino,TRK-F4MXBN9Q8V
9000008343,1000008343,293.0,294.0,739,2,1.0,1,DELIVERED,PICKUP,
9000008344,1000008344,121.0,123.0,1078,1,,1056,SHIPPED,Correo Argentino,TRK-YD49URIE9M
9000008345,1000008345,434.0,435.0,1342,2,2.0,2,SHIPPED,PICKUP,
9000008346,1000008346,21.0,26.0,971,1,,466,DELIVERED,Correo Argentino,TRK-IBXXQUTZ7W
9000008347,1000008347,439.0,440.0,526,2,1.0,1,SHIPPED,PICKUP,
9000008348,1000008348,319.0,322.0,248,1,,3108,DELIVERED,Correo Argentino,TRK-4VK3MP3CLW
9000008349,1000008349,392.0,397.0,1045,1,,1592,DELIVERED,Correo Argentino,TRK-KOFJZOO7RD
9000008350,1000008350,396.0,401.0,1257,1,,2806,DELIVERED,Correo Argentino,TRK-OQNNQQ2D3N
9000008351,1000008351,450.0,455.0,586,1,,2040,DELIVERED,Correo Argentino,TRK-A4O856DOW1
9000008352,1000008352,348.0,349.0,1101,2,4.0,4,SHIPPED,PICKUP,
9000008353,1000008353,275.0,277.0,136,1,,1689,DELIVERED,Correo Argentino,TRK-GQENHXAAQZ
9000008354,1000008354,60.0,65.0,426,1,,2274,DELIVERED,Correo Argentino,TRK-YZ69IU8QSI
9000008355,1000008355,55.0,56.0,807,2,3.0,3,DELIVERED,PICKUP,
9000008356,1000008356,397.0,401.0,821,1,,852,DELIVERED,Correo Argentino,TRK-EWKWWWDMOT
9000008357,1000008357,395.0,396.0,205,2,3.0,3,DELIVERED,PICKUP,
9000008358,1000008358,455.0,456.0,806,2,4.0,4,DELIVERED,PICKUP,
9000008359,1000008359,475.0,477.0,1295,1,,232,DELIVERED,Correo Argentino,TRK-BVCMM2JG0S
9000008360,1000008360,141.0,143.0,924,1,,1893,SHIPPED,Correo Argentino,TRK-U97WJIQTWZ
9000008361,1000008361,470.0,471.0,1359,2,3.0,3,SHIPPED,PICKUP,
9000008362,1000008362,567.0,568.0,901,2,4.0,4,SHIPPED,PICKUP,
9000008363,1000008363,435.0,437.0,1060,1,,1292,DELIVERED,Correo Argentino,TRK-SPM0J8XPFZ
9000008364,1000008364,165.0,166.0,138,2,1.0,1,DELIVERED,PICKUP,
9000008365,1000008365,,,1346,2,4.0,4,CANCELLED,PICKUP,
9000008366,1000008366,401.0,406.0,1142,1,,2094,DELIVERED,Correo Argentino,TRK-VM72096WD4
9000008367,1000008367,427.0,430.0,499,1,,1976,DELIVERED,Correo Argentino,TRK-7L5SDZ59I3
9000008368,1000008368,144.0,145.0,1313,2,1.0,1,DELIVERED,PICKUP,
9000008369,1000008369,608.0,609.0,1295,2,4.0,4,DELIVERED,PICKUP,
9000008370,1000008370,308.0,313.0,703,1,,3102,DELIVERED,Correo Argentino,TRK-8AVY3IDT06
9000008371,1000008371,159.0,160.0,302,2,4.0,4,DELIVERED,PICKUP,
9000008372,1000008372,516.0,517.0,381,2,1.0,1,DELIVERED,PICKUP,
9000008373,1000008373,15.0,17.0,501,1,,2771,DELIVERED,Correo Argentino,TRK-7VEIHGCPP7
9000008374,1000008374,555.0,556.0,280,2,2.0,2,DELIVERED,PICKUP,
9000008375,1000008375,49.0,50.0,189,2,3.0,3,DELIVERED,PICKUP,
9000008376,1000008376,223.0,227.0,1301,1,,1846,SHIPPED,Correo Argentino,TRK-RXAPUONNOC
9000008377,1000008377,418.0,424.0,889,1,,185,DELIVERED,Correo Argentino,TRK-9MKFPLBD8X
9000008378,1000008378,315.0,321.0,1102,1,,2752,SHIPPED,Correo Argentino,TRK-MHWK5E5E01
9000008379,1000008379,500.0,501.0,1378,2,1.0,1,DELIVERED,PICKUP,
9000008380,1000008380,171.0,172.0,78,2,4.0,4,DELIVERED,PICKUP,
9000008381,1000008381,469.0,473.0,452,1,,70,DELIVERED,Correo Argentino,TRK-BFZY7KKUQ4
9000008382,1000008382,,,1229,1,,78,CANCELLED,Correo Argentino,
9000008383,1000008383,522.0,523.0,1124,2,1.0,1,DELIVERED,PICKUP,
9000008384,1000008384,201.0,203.0,450,1,,593,DELIVERED,Correo Argentino,TRK-PNPPCA5A0D
9000008385,1000008385,,,877,1,,1607,CANCELLED,Correo Argentino,
9000008386,1000008386,,,1409,2,1.0,1,CANCELLED,PICKUP,
9000008387,1000008387,82.0,83.0,113,2,1.0,1,DELIVERED,PICKUP,
9000008388,1000008388,358.0,359.0,1393,2,1.0,1,DELIVERED,PICKUP,
9000008389,1000008389,367.0,368.0,1185,2,2.0,2,DELIVERED,PICKUP,
9000008390,1000008390,627.0,628.0,672,2,3.0,3,DELIVERED,PICKUP,
9000008391,1000008391,158.0,162.0,1313,1,,1573,SHIPPED,Correo Argentino,TRK-HD2KZ4ZIHZ
9000008392,1000008392,376.0,378.0,311,1,,2510,SHIPPED,Correo Argentino,TRK-Z50TNPDMDT
9000008393,1000008393,336.0,341.0,1221,1,,2409,DELIVERED,Correo Argentino,TRK-FYCE5F2MIY
9000008394,1000008394,,,954,1,,172,CANCELLED,Correo Argentino,
9000008395,1000008395,181.0,183.0,647,1,,1584,DELIVERED,Correo Argentino,TRK-OCPYAXSMCI
9000008396,1000008396,151.0,153.0,1259,1,,1820,SHIPPED,Correo Argentino,TRK-30IPS0ICI8
9000008397,1000008397,395.0,400.0,950,1,,2030,DELIVERED,Correo Argentino,TRK-DU4X01YSQK
9000008398,1000008398,635.0,637.0,1223,1,,2504,DELIVERED,Correo Argentino,TRK-T3Y5PDJ3CS
9000008399,1000008399,638.0,642.0,811,1,,583,DELIVERED,Correo Argentino,TRK-AJU6LY0WL4
9000008400,1000008400,,,1445,2,1.0,1,CANCELLED,PICKUP,
9000008401,1000008401,94.0,100.0,397,1,,168,DELIVERED,Correo Argentino,TRK-YVMOW06QFX
9000008402,1000008402,491.0,493.0,1339,1,,2340,DELIVERED,Correo Argentino,TRK-SE3SMSWYH1
9000008403,1000008403,437.0,439.0,468,1,,2930,SHIPPED,Correo Argentino,TRK-WCOROG8E86
9000008404,1000008404,351.0,352.0,140,2,2.0,2,DELIVERED,PICKUP,
9000008405,1000008405,520.0,524.0,1261,1,,2222,DELIVERED,Correo Argentino,TRK-1OTX5M4TU7
9000008406,1000008406,23.0,25.0,1268,1,,319,DELIVERED,Correo Argentino,TRK-SWBX5CGIQE
9000008407,1000008407,374.0,375.0,924,2,1.0,1,DELIVERED,PICKUP,
9000008408,1000008408,217.0,220.0,93,1,,2536,DELIVERED,Correo Argentino,TRK-PIT9PFFV8O
9000008409,1000008409,,,1264,1,,1676,CANCELLED,Correo Argentino,
9000008410,1000008410,413.0,417.0,1256,1,,2604,DELIVERED,Correo Argentino,TRK-U1PNGYPJKA
9000008411,1000008411,562.0,566.0,686,1,,1222,DELIVERED,Correo Argentino,TRK-NN44S6L68A
9000008412,1000008412,119.0,122.0,1359,1,,2445,SHIPPED,Correo Argentino,TRK-G0NSB1645U
9000008413,1000008413,500.0,501.0,1199,2,1.0,1,SHIPPED,PICKUP,
9000008414,1000008414,80.0,81.0,260,2,1.0,1,DELIVERED,PICKUP,
9000008415,1000008415,482.0,484.0,210,1,,105,DELIVERED,Correo Argentino,TRK-83V53SAQWJ
9000008416,1000008416,312.0,315.0,155,1,,1089,DELIVERED,Correo Argentino,TRK-UEGBXMXGCL
9000008417,1000008417,17.0,22.0,695,1,,2530,SHIPPED,Correo Argentino,TRK-KKQ6R0F2PH
9000008418,1000008418,311.0,315.0,81,1,,2525,DELIVERED,Correo Argentino,TRK-PLGL4OM8OY
9000008419,1000008419,,,819,1,,3007,CANCELLED,Correo Argentino,
9000008420,1000008420,339.0,343.0,450,1,,757,SHIPPED,Correo Argentino,TRK-PILUEBBZNZ
9000008421,1000008421,529.0,530.0,1338,2,2.0,2,SHIPPED,PICKUP,
9000008422,1000008422,179.0,180.0,488,2,4.0,4,SHIPPED,PICKUP,
9000008423,1000008423,478.0,482.0,367,1,,2065,SHIPPED,Correo Argentino,TRK-73HTU8JUCE
9000008424,1000008424,258.0,263.0,212,1,,674,DELIVERED,Correo Argentino,TRK-XK1LPTJ14E
9000008425,1000008425,421.0,422.0,516,2,1.0,1,DELIVERED,PICKUP,
9000008426,1000008426,,,128,1,,1649,CANCELLED,Correo Argentino,
9000008427,1000008427,214.0,215.0,1279,2,4.0,4,SHIPPED,PICKUP,
9000008428,1000008428,129.0,131.0,1377,1,,1962,DELIVERED,Correo Argentino,TRK-HL3GCGZDJ6
9000008429,1000008429,,,1323,1,,3122,CANCELLED,Correo Argentino,
9000008430,1000008430,264.0,265.0,1272,2,1.0,1,DELIVERED,PICKUP,
9000008431,1000008431,110.0,115.0,866,1,,1501,DELIVERED,Correo Argentino,TRK-MBJER1O2TU
9000008432,1000008432,212.0,213.0,442,2,3.0,3,DELIVERED,PICKUP,
9000008433,1000008433,176.0,180.0,159,1,,2300,DELIVERED,Correo Argentino,TRK-M5QUIP3UCE
9000008434,1000008434,190.0,195.0,385,1,,55,DELIVERED,Correo Argentino,TRK-ZIQ5H49BVS
9000008435,1000008435,49.0,50.0,739,2,1.0,1,DELIVERED,PICKUP,
9000008436,1000008436,537.0,543.0,351,1,,240,READY,Correo Argentino,TRK-CLA7SLVE56
9000008437,1000008437,395.0,399.0,1181,1,,3140,READY,Correo Argentino,TRK-S4AQU1VINF
9000008438,1000008438,26.0,30.0,1392,1,,2146,DELIVERED,Correo Argentino,TRK-II3CW848FT
9000008439,1000008439,114.0,115.0,1169,2,4.0,4,DELIVERED,PICKUP,
9000008440,1000008440,442.0,446.0,220,1,,1100,DELIVERED,Correo Argentino,TRK-KCISLO75X5
9000008441,1000008441,116.0,122.0,748,1,,81,DELIVERED,Correo Argentino,TRK-BKPU4KGCFY
9000008442,1000008442,425.0,426.0,321,2,4.0,4,DELIVERED,PICKUP,
9000008443,1000008443,477.0,478.0,707,2,1.0,1,DELIVERED,PICKUP,
9000008444,1000008444,589.0,590.0,1185,2,1.0,1,SHIPPED,PICKUP,
9000008445,1000008445,116.0,117.0,369,2,2.0,2,DELIVERED,PICKUP,
9000008446,1000008446,470.0,471.0,685,2,2.0,2,DELIVERED,PICKUP,
9000008447,1000008447,200.0,205.0,1244,1,,747,SHIPPED,Correo Argentino,TRK-U4BXG4U1H9
9000008448,1000008448,85.0,89.0,1082,1,,1355,DELIVERED,Correo Argentino,TRK-PBR1YCY7V5
9000008449,1000008449,586.0,587.0,764,2,4.0,4,DELIVERED,PICKUP,
9000008450,1000008450,180.0,181.0,1449,2,1.0,1,DELIVERED,PICKUP,
9000008451,1000008451,,,670,1,,1920,CANCELLED,Correo Argentino,
9000008452,1000008452,44.0,47.0,401,1,,218,DELIVERED,Correo Argentino,TRK-DC1ZLH2W06
9000008453,1000008453,171.0,177.0,524,1,,3030,SHIPPED,Correo Argentino,TRK-2MBAO4DE0U
9000008454,1000008454,602.0,604.0,676,1,,1388,DELIVERED,Correo Argentino,TRK-ELXQFMV6UX
9000008455,1000008455,283.0,287.0,1416,1,,1145,DELIVERED,Correo Argentino,TRK-7S9OBBRLAH
9000008456,1000008456,223.0,228.0,425,1,,1145,DELIVERED,Correo Argentino,TRK-K67PTWO6LF
9000008457,1000008457,156.0,158.0,1175,1,,1196,SHIPPED,Correo Argentino,TRK-ZS56S5WPCM
9000008458,1000008458,35.0,36.0,59,2,3.0,3,DELIVERED,PICKUP,
9000008459,1000008459,85.0,88.0,1013,1,,360,DELIVERED,Correo Argentino,TRK-OM6JKI6RXT
9000008460,1000008460,47.0,49.0,1252,1,,587,DELIVERED,Correo Argentino,TRK-RKTNL3NOT1
9000008461,1000008461,453.0,457.0,499,1,,600,DELIVERED,Correo Argentino,TRK-Y5WH88HJLD
9000008462,1000008462,377.0,380.0,72,1,,1734,DELIVERED,Correo Argentino,TRK-GEF48IL3BM
9000008463,1000008463,3.0,5.0,1342,1,,2335,SHIPPED,Correo Argentino,TRK-7PSPNUJUCV
9000008464,1000008464,242.0,247.0,362,1,,1568,DELIVERED,Correo Argentino,TRK-MRMYBAGVWN
9000008465,1000008465,588.0,591.0,345,1,,2226,DELIVERED,Correo Argentino,TRK-1RQU7LBPJ4
9000008466,1000008466,73.0,74.0,286,2,4.0,4,DELIVERED,PICKUP,
9000008467,1000008467,175.0,176.0,331,2,1.0,1,DELIVERED,PICKUP,
9000008468,1000008468,299.0,300.0,1145,2,2.0,2,DELIVERED,PICKUP,
9000008469,1000008469,214.0,219.0,760,1,,248,DELIVERED,Correo Argentino,TRK-RJUOONKA4C
9000008470,1000008470,566.0,569.0,213,1,,654,SHIPPED,Correo Argentino,TRK-AQEK8OFZ5Y
9000008471,1000008471,197.0,198.0,843,2,2.0,2,SHIPPED,PICKUP,
9000008472,1000008472,159.0,163.0,172,1,,1749,DELIVERED,Correo Argentino,TRK-X6YVIXJYMI
9000008473,1000008473,308.0,309.0,1318,2,1.0,1,SHIPPED,PICKUP,
9000008474,1000008474,542.0,543.0,764,2,3.0,3,SHIPPED,PICKUP,
9000008475,1000008475,495.0,498.0,953,1,,1474,SHIPPED,Correo Argentino,TRK-7FADC6XQIF
9000008476,1000008476,400.0,405.0,525,1,,593,DELIVERED,Correo Argentino,TRK-9PD1VVPGA7
9000008477,1000008477,588.0,590.0,1498,1,,2988,SHIPPED,Correo Argentino,TRK-FP6UV13U7P
9000008478,1000008478,291.0,292.0,350,2,2.0,2,DELIVERED,PICKUP,
9000008479,1000008479,388.0,392.0,66,1,,2237,SHIPPED,Correo Argentino,TRK-9XCPGVV4XQ
9000008480,1000008480,286.0,291.0,1324,1,,191,DELIVERED,Correo Argentino,TRK-W0JG9R9VWS
9000008481,1000008481,231.0,235.0,1338,1,,2303,DELIVERED,Correo Argentino,TRK-IY4XA9ARDG
9000008482,1000008482,345.0,348.0,292,1,,2306,SHIPPED,Correo Argentino,TRK-06KCAV25SB
9000008483,1000008483,402.0,407.0,1377,1,,1901,DELIVERED,Correo Argentino,TRK-22KG9J5YBQ
9000008484,1000008484,249.0,250.0,3,2,3.0,3,DELIVERED,PICKUP,
9000008485,1000008485,380.0,385.0,748,1,,2571,DELIVERED,Correo Argentino,TRK-EGHKDEW10Z
9000008486,1000008486,447.0,451.0,682,1,,1843,DELIVERED,Correo Argentino,TRK-BK1J7N6GI5
9000008487,1000008487,183.0,185.0,1247,1,,1600,READY,Correo Argentino,TRK-FJNEM0K9GP
9000008488,1000008488,17.0,21.0,738,1,,885,DELIVERED,Correo Argentino,TRK-RKKV910JJW
9000008489,1000008489,527.0,528.0,724,2,4.0,4,DELIVERED,PICKUP,
9000008490,1000008490,61.0,62.0,10,2,2.0,2,DELIVERED,PICKUP,
9000008491,1000008491,401.0,402.0,1259,2,2.0,2,DELIVERED,PICKUP,
9000008492,1000008492,77.0,78.0,900,2,1.0,1,DELIVERED,PICKUP,
9000008493,1000008493,409.0,411.0,643,1,,118,DELIVERED,Correo Argentino,TRK-NGUKG39N0Q
9000008494,1000008494,205.0,206.0,497,2,4.0,4,DELIVERED,PICKUP,
9000008495,1000008495,565.0,566.0,1406,2,1.0,1,DELIVERED,PICKUP,
9000008496,1000008496,387.0,388.0,904,2,2.0,2,DELIVERED,PICKUP,
9000008497,1000008497,174.0,176.0,1224,1,,2372,DELIVERED,Correo Argentino,TRK-EQIUL0S1IG
9000008498,1000008498,318.0,319.0,163,2,3.0,3,DELIVERED,PICKUP,
9000008499,1000008499,322.0,326.0,969,1,,1570,DELIVERED,Correo Argentino,TRK-U11QDBC8RI
9000008500,1000008500,464.0,467.0,711,1,,2146,DELIVERED,Correo Argentino,TRK-44EWKUN2WF
9000008501,1000008501,565.0,567.0,933,1,,1565,SHIPPED,Correo Argentino,TRK-A3PDFC4AJJ
9000008502,1000008502,346.0,350.0,1100,1,,2958,DELIVERED,Correo Argentino,TRK-XM4EFLGK5V
9000008503,1000008503,314.0,317.0,191,1,,3148,DELIVERED,Correo Argentino,TRK-YLNRV1N36D
9000008504,1000008504,495.0,496.0,956,2,4.0,4,DELIVERED,PICKUP,
9000008505,1000008505,452.0,453.0,591,2,2.0,2,DELIVERED,PICKUP,
9000008506,1000008506,292.0,293.0,955,2,1.0,1,SHIPPED,PICKUP,
9000008507,1000008507,147.0,149.0,745,1,,44,DELIVERED,Correo Argentino,TRK-EYKVTS94WL
9000008508,1000008508,550.0,553.0,1141,1,,2819,DELIVERED,Correo Argentino,TRK-MBTDL615KE
9000008509,1000008509,595.0,600.0,913,1,,1462,DELIVERED,Correo Argentino,TRK-RGKIXUCXA2
9000008510,1000008510,444.0,445.0,598,2,2.0,2,DELIVERED,PICKUP,
9000008511,1000008511,283.0,286.0,1313,1,,2435,DELIVERED,Correo Argentino,TRK-ZPV8J6GUCH
9000008512,1000008512,132.0,136.0,1464,1,,1489,DELIVERED,Correo Argentino,TRK-GYATI9B7KS
9000008513,1000008513,255.0,260.0,856,1,,1008,DELIVERED,Correo Argentino,TRK-YCWYU2LUH0
9000008514,1000008514,423.0,428.0,1495,1,,1376,DELIVERED,Correo Argentino,TRK-HCR9UOM9HO
9000008515,1000008515,488.0,491.0,1080,1,,1777,DELIVERED,Correo Argentino,TRK-SIA8QZE3DL
9000008516,1000008516,608.0,610.0,785,1,,39,DELIVERED,Correo Argentino,TRK-SBNM7Y65I4
9000008517,1000008517,59.0,61.0,952,1,,2501,DELIVERED,Correo Argentino,TRK-7JGEBLE1I1
9000008518,1000008518,551.0,556.0,193,1,,1186,DELIVERED,Correo Argentino,TRK-U5BLJJTH7S
9000008519,1000008519,285.0,289.0,907,1,,2448,DELIVERED,Correo Argentino,TRK-43152KX4A6
9000008520,1000008520,385.0,386.0,729,2,2.0,2,DELIVERED,PICKUP,
9000008521,1000008521,,,747,1,,957,CANCELLED,Correo Argentino,
9000008522,1000008522,112.0,117.0,575,1,,2300,SHIPPED,Correo Argentino,TRK-R5CK1CDNOH
9000008523,1000008523,388.0,392.0,766,1,,317,DELIVERED,Correo Argentino,TRK-2IFY1JE67E
9000008524,1000008524,293.0,294.0,408,2,3.0,3,DELIVERED,PICKUP,
9000008525,1000008525,223.0,224.0,503,2,4.0,4,DELIVERED,PICKUP,
9000008526,1000008526,154.0,158.0,24,1,,220,DELIVERED,Correo Argentino,TRK-DRCY9OBKED
9000008527,1000008527,224.0,226.0,634,1,,1039,DELIVERED,Correo Argentino,TRK-Z362D3TAIH
9000008528,1000008528,356.0,358.0,1343,1,,2244,DELIVERED,Correo Argentino,TRK-0XWW3I10QS
9000008529,1000008529,286.0,287.0,380,2,4.0,4,SHIPPED,PICKUP,
9000008530,1000008530,552.0,554.0,1379,1,,2733,DELIVERED,Correo Argentino,TRK-WDNOVBPRXE
9000008531,1000008531,364.0,366.0,560,1,,2476,DELIVERED,Correo Argentino,TRK-7676IK6FXS
9000008532,1000008532,,,828,1,,109,CANCELLED,Correo Argentino,
9000008533,1000008533,46.0,49.0,1369,1,,3118,DELIVERED,Correo Argentino,TRK-JEB7G4L1W8
9000008534,1000008534,639.0,640.0,1408,2,4.0,4,READY,PICKUP,
9000008535,1000008535,507.0,511.0,1017,1,,1632,SHIPPED,Correo Argentino,TRK-UD3BDTHP8M
9000008536,1000008536,,,546,2,3.0,3,CANCELLED,PICKUP,
9000008537,1000008537,335.0,336.0,1347,2,4.0,4,DELIVERED,PICKUP,
9000008538,1000008538,134.0,138.0,998,1,,1014,DELIVERED,Correo Argentino,TRK-25AOF2C2W9
9000008539,1000008539,256.0,258.0,1489,1,,74,DELIVERED,Correo Argentino,TRK-99CUP0IH38
9000008540,1000008540,233.0,236.0,19,1,,1795,DELIVERED,Correo Argentino,TRK-ZRETRUDEO0
9000008541,1000008541,154.0,158.0,1483,1,,918,DELIVERED,Correo Argentino,TRK-HEAVDK98CJ
9000008542,1000008542,69.0,73.0,1399,1,,2553,DELIVERED,Correo Argentino,TRK-4C1LEYMPEO
9000008543,1000008543,350.0,352.0,161,1,,959,SHIPPED,Correo Argentino,TRK-IALPNT8RQ8
9000008544,1000008544,222.0,223.0,337,2,4.0,4,DELIVERED,PICKUP,
9000008545,1000008545,,,1202,2,2.0,2,CANCELLED,PICKUP,
9000008546,1000008546,397.0,400.0,850,1,,531,DELIVERED,Correo Argentino,TRK-MIQTKFCWPA
9000008547,1000008547,120.0,123.0,114,1,,3023,DELIVERED,Correo Argentino,TRK-J8W6BZRVOL
9000008548,1000008548,187.0,190.0,1074,1,,634,DELIVERED,Correo Argentino,TRK-4HV6QI5HPI
9000008549,1000008549,,,1013,1,,2088,CANCELLED,Correo Argentino,
9000008550,1000008550,183.0,186.0,1129,1,,2637,DELIVERED,Correo Argentino,TRK-IB5V6JBRS4
9000008551,1000008551,160.0,161.0,90,2,2.0,2,DELIVERED,PICKUP,
9000008552,1000008552,146.0,147.0,334,2,4.0,4,DELIVERED,PICKUP,
9000008553,1000008553,380.0,383.0,141,1,,182,DELIVERED,Correo Argentino,TRK-NF3ZKVOXDX
9000008554,1000008554,591.0,592.0,386,2,1.0,1,DELIVERED,PICKUP,
9000008555,1000008555,339.0,340.0,785,2,4.0,4,DELIVERED,PICKUP,
9000008556,1000008556,483.0,488.0,1249,1,,763,DELIVERED,Correo Argentino,TRK-KWKH9WEDVR
9000008557,1000008557,409.0,413.0,719,1,,1300,READY,Correo Argentino,TRK-7HZICHV5KM
9000008558,1000008558,36.0,37.0,671,2,4.0,4,DELIVERED,PICKUP,
9000008559,1000008559,619.0,624.0,1238,1,,186,DELIVERED,Correo Argentino,TRK-VZPZPHAJK6
9000008560,1000008560,343.0,344.0,687,2,4.0,4,DELIVERED,PICKUP,
9000008561,1000008561,157.0,158.0,1421,2,4.0,4,DELIVERED,PICKUP,
9000008562,1000008562,615.0,619.0,420,1,,3079,SHIPPED,Correo Argentino,TRK-6FJLT2U7QE
9000008563,1000008563,568.0,573.0,578,1,,2245,DELIVERED,Correo Argentino,TRK-OKZIM314D2
9000008564,1000008564,133.0,135.0,1156,1,,1821,DELIVERED,Correo Argentino,TRK-96E7JFY2D0
9000008565,1000008565,553.0,555.0,779,1,,3017,DELIVERED,Correo Argentino,TRK-QMKQ0WBCH8
9000008566,1000008566,272.0,273.0,838,2,2.0,2,DELIVERED,PICKUP,
9000008567,1000008567,209.0,210.0,1124,2,1.0,1,SHIPPED,PICKUP,
9000008568,1000008568,17.0,18.0,1062,2,4.0,4,DELIVERED,PICKUP,
9000008569,1000008569,415.0,416.0,185,2,3.0,3,DELIVERED,PICKUP,
9000008570,1000008570,110.0,113.0,1248,1,,782,DELIVERED,Correo Argentino,TRK-0WCMHOTBRA
9000008571,1000008571,167.0,168.0,584,2,1.0,1,DELIVERED,PICKUP,
9000008572,1000008572,457.0,458.0,1313,2,1.0,1,DELIVERED,PICKUP,
9000008573,1000008573,507.0,513.0,162,1,,297,SHIPPED,Correo Argentino,TRK-S4O3U9FPQP
9000008574,1000008574,118.0,121.0,157,1,,2381,DELIVERED,Correo Argentino,TRK-RT5MGD6J4H
9000008575,1000008575,636.0,637.0,580,2,4.0,4,DELIVERED,PICKUP,
9000008576,1000008576,203.0,204.0,1044,2,4.0,4,DELIVERED,PICKUP,
9000008577,1000008577,527.0,531.0,1382,1,,1965,SHIPPED,Correo Argentino,TRK-B38HCVT9LB
9000008578,1000008578,350.0,355.0,1128,1,,1689,DELIVERED,Correo Argentino,TRK-LXN3HV3M1G
9000008579,1000008579,,,320,2,1.0,1,CANCELLED,PICKUP,
9000008580,1000008580,502.0,504.0,1099,1,,561,DELIVERED,Correo Argentino,TRK-P8JOTMTKHN
9000008581,1000008581,483.0,487.0,798,1,,345,SHIPPED,Correo Argentino,TRK-41EW1AJB3T
9000008582,1000008582,7.0,8.0,1336,2,1.0,1,DELIVERED,PICKUP,
9000008583,1000008583,168.0,170.0,374,1,,918,DELIVERED,Correo Argentino,TRK-0GXUA6VF99
9000008584,1000008584,,,1456,1,,90,CANCELLED,Correo Argentino,
9000008585,1000008585,,,1048,1,,1298,CANCELLED,Correo Argentino,
9000008586,1000008586,166.0,169.0,244,1,,796,DELIVERED,Correo Argentino,TRK-ISAP2SJNGU
9000008587,1000008587,7.0,12.0,112,1,,1414,DELIVERED,Correo Argentino,TRK-YZJ9N359J7
9000008588,1000008588,3.0,7.0,574,1,,1923,DELIVERED,Correo Argentino,TRK-7SOL7UZ5K7
9000008589,1000008589,502.0,507.0,22,1,,2595,DELIVERED,Correo Argentino,TRK-P2YL7Z5S2M
9000008590,1000008590,17.0,19.0,313,1,,1898,DELIVERED,Correo Argentino,TRK-VFI1DIS488
9000008591,1000008591,330.0,334.0,238,1,,2672,SHIPPED,Correo Argentino,TRK-025XMSJ41B
9000008592,1000008592,382.0,383.0,1080,2,2.0,2,DELIVERED,PICKUP,
9000008593,1000008593,520.0,524.0,116,1,,697,DELIVERED,Correo Argentino,TRK-QXSO29T8L9
9000008594,1000008594,,,838,1,,2192,CANCELLED,Correo Argentino,
9000008595,1000008595,,,653,1,,3119,CANCELLED,Correo Argentino,
9000008596,1000008596,384.0,387.0,110,1,,2567,SHIPPED,Correo Argentino,TRK-ZRQF6INBGM
9000008597,1000008597,208.0,213.0,722,1,,2097,DELIVERED,Correo Argentino,TRK-A9RIG2UWU7
9000008598,1000008598,463.0,466.0,1305,1,,1598,DELIVERED,Correo Argentino,TRK-K6FPASU9I3
9000008599,1000008599,582.0,586.0,153,1,,3065,DELIVERED,Correo Argentino,TRK-U9QUU0321G
9000008600,1000008600,317.0,318.0,259,2,4.0,4,SHIPPED,PICKUP,
9000008601,1000008601,,,219,1,,764,CANCELLED,Correo Argentino,
9000008602,1000008602,549.0,554.0,1436,1,,60,SHIPPED,Correo Argentino,TRK-4TQ7N2KFL3
9000008603,1000008603,552.0,554.0,112,1,,1261,DELIVERED,Correo Argentino,TRK-EXO62S19T5
9000008604,1000008604,550.0,551.0,1182,2,2.0,2,DELIVERED,PICKUP,
9000008605,1000008605,596.0,599.0,97,1,,1618,DELIVERED,Correo Argentino,TRK-DZUPPY5I2S
9000008606,1000008606,470.0,474.0,1200,1,,1098,DELIVERED,Correo Argentino,TRK-YUF5LXCZ6Y
9000008607,1000008607,463.0,464.0,61,2,4.0,4,DELIVERED,PICKUP,
9000008608,1000008608,595.0,596.0,1387,2,4.0,4,DELIVERED,PICKUP,
9000008609,1000008609,502.0,504.0,1082,1,,1090,DELIVERED,Correo Argentino,TRK-IIK3NPBKUA
9000008610,1000008610,210.0,211.0,385,2,1.0,1,DELIVERED,PICKUP,
9000008611,1000008611,472.0,475.0,243,1,,363,DELIVERED,Correo Argentino,TRK-O59K1IT49V
9000008612,1000008612,8.0,9.0,584,2,1.0,1,DELIVERED,PICKUP,
9000008613,1000008613,33.0,38.0,392,1,,1224,DELIVERED,Correo Argentino,TRK-Y7AKAB93B2
9000008614,1000008614,62.0,69.0,295,1,,1343,DELIVERED,Correo Argentino,TRK-N65YZ5XEJG
9000008615,1000008615,125.0,127.0,1313,1,,3078,DELIVERED,Correo Argentino,TRK-YR38I1DBDK
9000008616,1000008616,418.0,419.0,684,2,2.0,2,DELIVERED,PICKUP,
9000008617,1000008617,80.0,84.0,681,1,,73,DELIVERED,Correo Argentino,TRK-B4363H7JNR
9000008618,1000008618,515.0,516.0,660,2,3.0,3,DELIVERED,PICKUP,
9000008619,1000008619,478.0,481.0,657,1,,410,DELIVERED,Correo Argentino,TRK-WOX9EN0MMK
9000008620,1000008620,43.0,48.0,926,1,,543,DELIVERED,Correo Argentino,TRK-0O7BO45JNU
9000008621,1000008621,536.0,538.0,15,1,,495,DELIVERED,Correo Argentino,TRK-PU2Z801FH1
9000008622,1000008622,,,1400,2,4.0,4,CANCELLED,PICKUP,
9000008623,1000008623,428.0,433.0,1205,1,,2520,DELIVERED,Correo Argentino,TRK-F27VXGASJ7
9000008624,1000008624,163.0,166.0,724,1,,3070,DELIVERED,Correo Argentino,TRK-IROH1J3EBB
9000008625,1000008625,559.0,561.0,157,1,,2839,SHIPPED,Correo Argentino,TRK-37UB6OJBXJ
9000008626,1000008626,168.0,173.0,128,1,,1078,DELIVERED,Correo Argentino,TRK-L08ENZJ6JE
9000008627,1000008627,614.0,615.0,1419,2,3.0,3,DELIVERED,PICKUP,
9000008628,1000008628,,,1262,1,,367,CANCELLED,Correo Argentino,
9000008629,1000008629,91.0,95.0,1400,1,,2212,SHIPPED,Correo Argentino,TRK-H9LV770G9V
9000008630,1000008630,45.0,50.0,839,1,,1396,SHIPPED,Correo Argentino,TRK-8G1WNSLU2M
9000008631,1000008631,462.0,463.0,943,2,3.0,3,DELIVERED,PICKUP,
9000008632,1000008632,56.0,57.0,621,2,4.0,4,DELIVERED,PICKUP,
9000008633,1000008633,388.0,393.0,291,1,,150,DELIVERED,Correo Argentino,TRK-VKWTPUD08U
9000008634,1000008634,,,875,2,2.0,2,CANCELLED,PICKUP,
9000008635,1000008635,410.0,411.0,130,2,4.0,4,DELIVERED,PICKUP,
9000008636,1000008636,258.0,259.0,610,2,2.0,2,DELIVERED,PICKUP,
9000008637,1000008637,356.0,358.0,484,1,,2994,DELIVERED,Correo Argentino,TRK-GZ2IOFX8AJ
9000008638,1000008638,524.0,529.0,936,1,,3018,READY,Correo Argentino,TRK-MZKSAE8JNY
9000008639,1000008639,528.0,531.0,459,1,,1641,DELIVERED,Correo Argentino,TRK-FVP6KIKC19
9000008640,1000008640,538.0,542.0,1438,1,,2056,DELIVERED,Correo Argentino,TRK-BWXVHZ8KL4
9000008641,1000008641,289.0,290.0,1205,2,1.0,1,SHIPPED,PICKUP,
9000008642,1000008642,436.0,438.0,904,1,,2400,DELIVERED,Correo Argentino,TRK-E1ALTOWIAG
9000008643,1000008643,,,427,1,,639,CANCELLED,Correo Argentino,
9000008644,1000008644,356.0,359.0,212,1,,596,DELIVERED,Correo Argentino,TRK-LI62FNXSVU
9000008645,1000008645,605.0,608.0,1414,1,,1378,DELIVERED,Correo Argentino,TRK-HQ0K89969A
9000008646,1000008646,376.0,377.0,1441,2,4.0,4,DELIVERED,PICKUP,
9000008647,1000008647,29.0,32.0,587,1,,200,DELIVERED,Correo Argentino,TRK-5GYSA74P2W
9000008648,1000008648,444.0,447.0,1027,1,,1860,DELIVERED,Correo Argentino,TRK-S8ADF3TWA3
9000008649,1000008649,500.0,501.0,1446,2,1.0,1,DELIVERED,PICKUP,
9000008650,1000008650,150.0,152.0,730,1,,1730,DELIVERED,Correo Argentino,TRK-I88PWENHJZ
9000008651,1000008651,38.0,42.0,483,1,,2875,SHIPPED,Correo Argentino,TRK-OQF7970J5G
9000008652,1000008652,218.0,220.0,1404,1,,1410,DELIVERED,Correo Argentino,TRK-VTKKUDU6JR
9000008653,1000008653,165.0,167.0,1451,1,,2659,DELIVERED,Correo Argentino,TRK-6RGYLWTEAT
9000008654,1000008654,89.0,91.0,230,1,,1566,DELIVERED,Correo Argentino,TRK-099I2ICPJ4
9000008655,1000008655,109.0,112.0,191,1,,1363,SHIPPED,Correo Argentino,TRK-B9XB9PKGOJ
9000008656,1000008656,173.0,177.0,1221,1,,2852,DELIVERED,Correo Argentino,TRK-OCTJFXHMYB
9000008657,1000008657,274.0,275.0,248,2,1.0,1,DELIVERED,PICKUP,
9000008658,1000008658,364.0,365.0,2,2,1.0,1,DELIVERED,PICKUP,
9000008659,1000008659,61.0,66.0,1419,1,,2852,DELIVERED,Correo Argentino,TRK-QEE9Y1VTE4
9000008660,1000008660,414.0,419.0,237,1,,1981,DELIVERED,Correo Argentino,TRK-SUZVZYT2QE
9000008661,1000008661,140.0,144.0,1187,1,,1277,DELIVERED,Correo Argentino,TRK-O94SJGB50X
9000008662,1000008662,234.0,235.0,380,2,3.0,3,DELIVERED,PICKUP,
9000008663,1000008663,446.0,447.0,879,2,3.0,3,DELIVERED,PICKUP,
9000008664,1000008664,132.0,135.0,422,1,,1082,DELIVERED,Correo Argentino,TRK-212JXFVRB1
9000008665,1000008665,,,888,2,2.0,2,CANCELLED,PICKUP,
9000008666,1000008666,234.0,235.0,117,2,1.0,1,DELIVERED,PICKUP,
9000008667,1000008667,531.0,532.0,483,2,2.0,2,DELIVERED,PICKUP,
9000008668,1000008668,199.0,200.0,846,2,4.0,4,DELIVERED,PICKUP,
9000008669,1000008669,245.0,246.0,1311,2,2.0,2,DELIVERED,PICKUP,
9000008670,1000008670,590.0,591.0,637,2,2.0,2,DELIVERED,PICKUP,
9000008671,1000008671,313.0,314.0,1392,2,1.0,1,DELIVERED,PICKUP,
9000008672,1000008672,127.0,128.0,587,2,3.0,3,DELIVERED,PICKUP,
9000008673,1000008673,528.0,529.0,1457,2,4.0,4,SHIPPED,PICKUP,
9000008674,1000008674,267.0,272.0,290,1,,3087,SHIPPED,Correo Argentino,TRK-O0GGBPFPKD
9000008675,1000008675,464.0,467.0,1198,1,,3068,DELIVERED,Correo Argentino,TRK-67CV5YRZOG
9000008676,1000008676,391.0,392.0,708,2,1.0,1,DELIVERED,PICKUP,
9000008677,1000008677,44.0,49.0,618,1,,2748,DELIVERED,Correo Argentino,TRK-NFHUBQ0VQM
9000008678,1000008678,521.0,526.0,426,1,,1493,DELIVERED,Correo Argentino,TRK-L6JH0UWJ0I
9000008679,1000008679,166.0,171.0,69,1,,2095,DELIVERED,Correo Argentino,TRK-TRXSDUYRCC
9000008680,1000008680,178.0,183.0,284,1,,914,DELIVERED,Correo Argentino,TRK-QF89LU00G0
9000008681,1000008681,210.0,214.0,576,1,,2489,DELIVERED,Correo Argentino,TRK-BB43BATGJY
9000008682,1000008682,185.0,188.0,689,1,,446,DELIVERED,Correo Argentino,TRK-N3GE725ESK
9000008683,1000008683,341.0,345.0,166,1,,1632,DELIVERED,Correo Argentino,TRK-J6LKN2VOLA
9000008684,1000008684,522.0,524.0,1060,1,,1453,DELIVERED,Correo Argentino,TRK-DJOLU77IWP
9000008685,1000008685,475.0,480.0,484,1,,1911,SHIPPED,Correo Argentino,TRK-BUG4KT8APC
9000008686,1000008686,389.0,390.0,645,2,3.0,3,SHIPPED,PICKUP,
9000008687,1000008687,,,964,1,,644,CANCELLED,Correo Argentino,
9000008688,1000008688,222.0,227.0,1009,1,,1687,DELIVERED,Correo Argentino,TRK-103IB120GG
9000008689,1000008689,192.0,193.0,322,2,4.0,4,DELIVERED,PICKUP,
9000008690,1000008690,180.0,181.0,849,2,2.0,2,DELIVERED,PICKUP,
9000008691,1000008691,7.0,9.0,1311,1,,550,DELIVERED,Correo Argentino,TRK-9O16JTTBJ2
9000008692,1000008692,297.0,299.0,257,1,,603,READY,Correo Argentino,TRK-3UMPYC306O
9000008693,1000008693,392.0,393.0,1288,2,1.0,1,SHIPPED,PICKUP,
9000008694,1000008694,137.0,139.0,1063,1,,2166,DELIVERED,Correo Argentino,TRK-0U8M9JIUZY
9000008695,1000008695,560.0,561.0,394,2,4.0,4,DELIVERED,PICKUP,
9000008696,1000008696,23.0,27.0,1350,1,,1010,DELIVERED,Correo Argentino,TRK-F4G52FVLOY
9000008697,1000008697,36.0,41.0,182,1,,2175,SHIPPED,Correo Argentino,TRK-P55P6MI78I
9000008698,1000008698,56.0,57.0,520,2,4.0,4,DELIVERED,PICKUP,
9000008699,1000008699,475.0,476.0,417,2,3.0,3,DELIVERED,PICKUP,
9000008700,1000008700,505.0,507.0,1429,1,,24,SHIPPED,Correo Argentino,TRK-L0SCONJ46X
9000008701,1000008701,321.0,325.0,860,1,,1620,DELIVERED,Correo Argentino,TRK-384FEK1EBX
9000008702,1000008702,62.0,64.0,780,1,,2726,DELIVERED,Correo Argentino,TRK-FBPZ0NBKMK
9000008703,1000008703,,,365,1,,3023,CANCELLED,Correo Argentino,
9000008704,1000008704,406.0,409.0,726,1,,2330,DELIVERED,Correo Argentino,TRK-389BF7RTC5
9000008705,1000008705,341.0,342.0,405,2,2.0,2,DELIVERED,PICKUP,
9000008706,1000008706,59.0,64.0,135,1,,2432,DELIVERED,Correo Argentino,TRK-P1XKXX0YFC
9000008707,1000008707,529.0,531.0,342,1,,522,DELIVERED,Correo Argentino,TRK-SMLVYF9JQ6
9000008708,1000008708,521.0,522.0,56,2,3.0,3,DELIVERED,PICKUP,
9000008709,1000008709,524.0,526.0,679,1,,2367,DELIVERED,Correo Argentino,TRK-07SV3DTOBG
9000008710,1000008710,614.0,619.0,441,1,,2303,DELIVERED,Correo Argentino,TRK-3INK13F04A
9000008711,1000008711,311.0,315.0,546,1,,89,DELIVERED,Correo Argentino,TRK-OMHRIXVJZE
9000008712,1000008712,500.0,501.0,453,2,4.0,4,DELIVERED,PICKUP,
9000008713,1000008713,181.0,188.0,818,1,,711,DELIVERED,Correo Argentino,TRK-UX9LB0DR08
9000008714,1000008714,464.0,469.0,1479,1,,2198,DELIVERED,Correo Argentino,TRK-PXATGEAXK8
9000008715,1000008715,,,63,2,2.0,2,CANCELLED,PICKUP,
9000008716,1000008716,239.0,240.0,963,2,1.0,1,SHIPPED,PICKUP,
9000008717,1000008717,567.0,572.0,1465,1,,1241,DELIVERED,Correo Argentino,TRK-5P43FAI0Q7
9000008718,1000008718,155.0,159.0,1293,1,,721,DELIVERED,Correo Argentino,TRK-6Z0CC9KNU2
9000008719,1000008719,29.0,36.0,1464,1,,1658,DELIVERED,Correo Argentino,TRK-SN9YEBD7DA
9000008720,1000008720,189.0,190.0,986,2,3.0,3,DELIVERED,PICKUP,
9000008721,1000008721,521.0,522.0,593,2,1.0,1,DELIVERED,PICKUP,
9000008722,1000008722,413.0,414.0,1014,2,2.0,2,DELIVERED,PICKUP,
9000008723,1000008723,495.0,496.0,514,2,3.0,3,SHIPPED,PICKUP,
9000008724,1000008724,204.0,205.0,1094,2,1.0,1,DELIVERED,PICKUP,
9000008725,1000008725,98.0,102.0,1251,1,,821,SHIPPED,Correo Argentino,TRK-ZXCJJS5K94
9000008726,1000008726,500.0,501.0,305,2,3.0,3,DELIVERED,PICKUP,
9000008727,1000008727,421.0,423.0,123,1,,229,DELIVERED,Correo Argentino,TRK-1GC284LCZF
9000008728,1000008728,290.0,292.0,1216,1,,3152,DELIVERED,Correo Argentino,TRK-LSLHXCDJ0N
9000008729,1000008729,622.0,626.0,1117,1,,2702,DELIVERED,Correo Argentino,TRK-I6U0TCH5MK
9000008730,1000008730,529.0,530.0,391,2,1.0,1,SHIPPED,PICKUP,
9000008731,1000008731,236.0,237.0,475,2,3.0,3,DELIVERED,PICKUP,
9000008732,1000008732,377.0,378.0,1090,2,1.0,1,DELIVERED,PICKUP,
9000008733,1000008733,283.0,284.0,196,2,1.0,1,DELIVERED,PICKUP,
9000008734,1000008734,484.0,485.0,1111,2,3.0,3,DELIVERED,PICKUP,
9000008735,1000008735,256.0,257.0,781,2,2.0,2,DELIVERED,PICKUP,
9000008736,1000008736,3.0,7.0,719,1,,2092,DELIVERED,Correo Argentino,TRK-KMCDNDVA51
9000008737,1000008737,637.0,639.0,825,1,,1163,DELIVERED,Correo Argentino,TRK-TMNZS9FEPE
9000008738,1000008738,94.0,96.0,1483,1,,990,SHIPPED,Correo Argentino,TRK-7KUOEU3UGP
9000008739,1000008739,541.0,544.0,1489,1,,1383,DELIVERED,Correo Argentino,TRK-NWW8K3CF20
9000008740,1000008740,504.0,506.0,118,1,,2268,DELIVERED,Correo Argentino,TRK-I4K54GZGGR
9000008741,1000008741,,,524,2,4.0,4,CANCELLED,PICKUP,
9000008742,1000008742,562.0,563.0,599,2,4.0,4,DELIVERED,PICKUP,
9000008743,1000008743,,,1433,1,,2676,CANCELLED,Correo Argentino,
9000008744,1000008744,477.0,480.0,1128,1,,2781,DELIVERED,Correo Argentino,TRK-FTCI7XXGSC
9000008745,1000008745,431.0,432.0,319,2,3.0,3,DELIVERED,PICKUP,
9000008746,1000008746,75.0,77.0,1148,1,,2301,DELIVERED,Correo Argentino,TRK-J0BFZK4OAX
9000008747,1000008747,,,1468,1,,2006,CANCELLED,Correo Argentino,
9000008748,1000008748,200.0,201.0,667,2,3.0,3,DELIVERED,PICKUP,
9000008749,1000008749,136.0,139.0,932,1,,2001,DELIVERED,Correo Argentino,TRK-2LMRF47FVN
9000008750,1000008750,140.0,141.0,1054,2,2.0,2,SHIPPED,PICKUP,
9000008751,1000008751,332.0,338.0,346,1,,3014,DELIVERED,Correo Argentino,TRK-M0LOWDU1T2
9000008752,1000008752,223.0,225.0,1004,1,,1955,DELIVERED,Correo Argentino,TRK-IPDMUBXQE2
9000008753,1000008753,271.0,274.0,272,1,,470,DELIVERED,Correo Argentino,TRK-UCH0QO4IBR
9000008754,1000008754,247.0,248.0,1201,2,3.0,3,SHIPPED,PICKUP,
9000008755,1000008755,605.0,608.0,141,1,,3165,READY,Correo Argentino,TRK-BUBFU3NFKQ
9000008756,1000008756,92.0,97.0,1336,1,,962,DELIVERED,Correo Argentino,TRK-MMQ6Z59XGV
9000008757,1000008757,216.0,218.0,1346,1,,339,SHIPPED,Correo Argentino,TRK-TJHXRPTR10
9000008758,1000008758,83.0,86.0,159,1,,3021,DELIVERED,Correo Argentino,TRK-P0LVZ9UZS7
9000008759,1000008759,472.0,473.0,589,2,3.0,3,DELIVERED,PICKUP,
9000008760,1000008760,529.0,530.0,1371,2,2.0,2,DELIVERED,PICKUP,
9000008761,1000008761,,,43,2,1.0,1,CANCELLED,PICKUP,
9000008762,1000008762,238.0,245.0,877,1,,2889,DELIVERED,Correo Argentino,TRK-OA2UDUUOPG
9000008763,1000008763,500.0,503.0,479,1,,2885,DELIVERED,Correo Argentino,TRK-IT6121JV3Q
9000008764,1000008764,195.0,196.0,891,2,1.0,1,READY,PICKUP,
9000008765,1000008765,227.0,229.0,1172,1,,1195,DELIVERED,Correo Argentino,TRK-UFZMGK5C3V
9000008766,1000008766,148.0,150.0,1142,1,,2905,SHIPPED,Correo Argentino,TRK-QC98ZBVPCL
9000008767,1000008767,474.0,481.0,187,1,,1732,DELIVERED,Correo Argentino,TRK-19LBL289SF
9000008768,1000008768,117.0,118.0,1384,2,2.0,2,DELIVERED,PICKUP,
9000008769,1000008769,83.0,84.0,289,2,3.0,3,DELIVERED,PICKUP,
9000008770,1000008770,42.0,43.0,174,2,1.0,1,DELIVERED,PICKUP,
9000008771,1000008771,494.0,499.0,920,1,,2103,DELIVERED,Correo Argentino,TRK-238GDI261A
9000008772,1000008772,144.0,147.0,1120,1,,550,DELIVERED,Correo Argentino,TRK-XP5ZBL7K4Y
9000008773,1000008773,252.0,256.0,1048,1,,1733,DELIVERED,Correo Argentino,TRK-WM9N025QN9
9000008774,1000008774,302.0,306.0,653,1,,586,DELIVERED,Correo Argentino,TRK-4RT4G43YA5
9000008775,1000008775,85.0,89.0,1090,1,,11,DELIVERED,Correo Argentino,TRK-AD96AAAXPZ
9000008776,1000008776,92.0,97.0,192,1,,553,DELIVERED,Correo Argentino,TRK-TUD4GFIVFU
9000008777,1000008777,142.0,143.0,684,2,3.0,3,DELIVERED,PICKUP,
9000008778,1000008778,172.0,176.0,1441,1,,111,DELIVERED,Correo Argentino,TRK-4CZ14MBTM8
9000008779,1000008779,289.0,292.0,467,1,,2108,DELIVERED,Correo Argentino,TRK-EA5HWO67WU
9000008780,1000008780,542.0,547.0,754,1,,577,READY,Correo Argentino,TRK-DS7TB3Y9EH
9000008781,1000008781,62.0,63.0,1057,2,2.0,2,SHIPPED,PICKUP,
9000008782,1000008782,368.0,369.0,100,2,1.0,1,DELIVERED,PICKUP,
9000008783,1000008783,251.0,256.0,1139,1,,2198,DELIVERED,Correo Argentino,TRK-QCDAXMBDOR
9000008784,1000008784,292.0,295.0,1419,1,,2754,DELIVERED,Correo Argentino,TRK-QDOT39FM6S
9000008785,1000008785,603.0,605.0,686,1,,30,DELIVERED,Correo Argentino,TRK-Y8I5YZRZSP
9000008786,1000008786,393.0,394.0,49,2,1.0,1,DELIVERED,PICKUP,
9000008787,1000008787,499.0,500.0,219,2,2.0,2,SHIPPED,PICKUP,
9000008788,1000008788,306.0,307.0,652,2,3.0,3,DELIVERED,PICKUP,
9000008789,1000008789,311.0,312.0,1431,2,3.0,3,SHIPPED,PICKUP,
9000008790,1000008790,426.0,428.0,1423,1,,1063,DELIVERED,Correo Argentino,TRK-MAU0AU2JS7
9000008791,1000008791,,,208,2,4.0,4,CANCELLED,PICKUP,
9000008792,1000008792,142.0,145.0,695,1,,1762,DELIVERED,Correo Argentino,TRK-X5HWPMMXRA
9000008793,1000008793,93.0,94.0,1128,2,4.0,4,DELIVERED,PICKUP,
9000008794,1000008794,416.0,419.0,838,1,,783,SHIPPED,Correo Argentino,TRK-NWUF02RTXN
9000008795,1000008795,343.0,344.0,72,2,4.0,4,DELIVERED,PICKUP,
9000008796,1000008796,483.0,486.0,765,1,,280,DELIVERED,Correo Argentino,TRK-DHUNERE781
9000008797,1000008797,305.0,306.0,565,2,4.0,4,DELIVERED,PICKUP,
9000008798,1000008798,212.0,218.0,107,1,,2999,SHIPPED,Correo Argentino,TRK-4YHM9NZ933
9000008799,1000008799,271.0,275.0,1248,1,,2825,DELIVERED,Correo Argentino,TRK-GIH4WJT4NK
9000008800,1000008800,475.0,480.0,1296,1,,1818,SHIPPED,Correo Argentino,TRK-H4ECGKCN3B
9000008801,1000008801,76.0,81.0,397,1,,518,DELIVERED,Correo Argentino,TRK-A34FUUY918
9000008802,1000008802,256.0,260.0,1434,1,,1880,DELIVERED,Correo Argentino,TRK-HCWTY1JKCQ
9000008803,1000008803,16.0,18.0,394,1,,1462,DELIVERED,Correo Argentino,TRK-00BF28O7R1
9000008804,1000008804,312.0,313.0,213,2,2.0,2,DELIVERED,PICKUP,
9000008805,1000008805,549.0,554.0,46,1,,2652,SHIPPED,Correo Argentino,TRK-6KPWO8J6OS
9000008806,1000008806,17.0,22.0,1191,1,,2202,SHIPPED,Correo Argentino,TRK-1YTQW52RUL
9000008807,1000008807,189.0,190.0,1038,2,4.0,4,DELIVERED,PICKUP,
9000008808,1000008808,596.0,597.0,847,2,3.0,3,DELIVERED,PICKUP,
9000008809,1000008809,614.0,616.0,56,1,,984,DELIVERED,Correo Argentino,TRK-NDTES4N1TB
9000008810,1000008810,430.0,432.0,405,1,,215,DELIVERED,Correo Argentino,TRK-J4BN5D1DJ9
9000008811,1000008811,167.0,172.0,467,1,,1320,DELIVERED,Correo Argentino,TRK-VQKOL8OBLI
9000008812,1000008812,112.0,116.0,33,1,,815,DELIVERED,Correo Argentino,TRK-TPFMUB0OX6
9000008813,1000008813,602.0,603.0,239,2,4.0,4,SHIPPED,PICKUP,
9000008814,1000008814,93.0,99.0,888,1,,3116,DELIVERED,Correo Argentino,TRK-X4643CQ4HE
9000008815,1000008815,140.0,141.0,622,2,2.0,2,DELIVERED,PICKUP,
9000008816,1000008816,63.0,66.0,533,1,,2374,DELIVERED,Correo Argentino,TRK-F55YD38ZCG
9000008817,1000008817,71.0,73.0,715,1,,442,DELIVERED,Correo Argentino,TRK-AYQEFNWGEE
9000008818,1000008818,152.0,154.0,126,1,,1272,SHIPPED,Correo Argentino,TRK-OFWB6PJC9Q
9000008819,1000008819,630.0,635.0,919,1,,1079,DELIVERED,Correo Argentino,TRK-I105KKW6CQ
9000008820,1000008820,505.0,506.0,221,2,3.0,3,DELIVERED,PICKUP,
9000008821,1000008821,557.0,559.0,266,1,,2120,DELIVERED,Correo Argentino,TRK-GJMY3I236V
9000008822,1000008822,187.0,189.0,604,1,,1115,DELIVERED,Correo Argentino,TRK-D7YE0FRVGA
9000008823,1000008823,,,684,2,3.0,3,CANCELLED,PICKUP,
9000008824,1000008824,209.0,212.0,439,1,,1453,READY,Correo Argentino,TRK-70N9X4NQM0
9000008825,1000008825,204.0,205.0,694,2,1.0,1,DELIVERED,PICKUP,
9000008826,1000008826,601.0,605.0,621,1,,1012,SHIPPED,Correo Argentino,TRK-LNNPHWVXFR
9000008827,1000008827,,,558,1,,623,CANCELLED,Correo Argentino,
9000008828,1000008828,,,1005,1,,529,CANCELLED,Correo Argentino,
9000008829,1000008829,192.0,194.0,1274,1,,279,DELIVERED,Correo Argentino,TRK-NIGDCJ7WOX
9000008830,1000008830,24.0,29.0,1037,1,,2736,DELIVERED,Correo Argentino,TRK-22SULBEFJS
9000008831,1000008831,239.0,240.0,952,2,4.0,4,DELIVERED,PICKUP,
9000008832,1000008832,520.0,525.0,1162,1,,1184,SHIPPED,Correo Argentino,TRK-LD77I1VWSG
9000008833,1000008833,389.0,391.0,779,1,,2474,DELIVERED,Correo Argentino,TRK-SASKXYC965
9000008834,1000008834,60.0,61.0,975,2,2.0,2,DELIVERED,PICKUP,
9000008835,1000008835,551.0,553.0,876,1,,692,DELIVERED,Correo Argentino,TRK-JZ727SLRR8
9000008836,1000008836,260.0,262.0,459,1,,3195,DELIVERED,Correo Argentino,TRK-WSAJ1Y5L1F
9000008837,1000008837,139.0,142.0,728,1,,2943,DELIVERED,Correo Argentino,TRK-3PHEKT8KZJ
9000008838,1000008838,284.0,288.0,231,1,,1533,DELIVERED,Correo Argentino,TRK-3Y61JH56OH
9000008839,1000008839,256.0,258.0,774,1,,3142,DELIVERED,Correo Argentino,TRK-WJOF0VUCMR
9000008840,1000008840,201.0,202.0,228,2,3.0,3,SHIPPED,PICKUP,
9000008841,1000008841,2.0,4.0,1386,1,,98,DELIVERED,Correo Argentino,TRK-A3Q1GMV2ME
9000008842,1000008842,160.0,165.0,618,1,,791,DELIVERED,Correo Argentino,TRK-SY4MDOQZC3
9000008843,1000008843,259.0,260.0,5,2,1.0,1,DELIVERED,PICKUP,
9000008844,1000008844,23.0,27.0,950,1,,762,DELIVERED,Correo Argentino,TRK-MLDBOPHGY0
9000008845,1000008845,297.0,298.0,1412,2,4.0,4,DELIVERED,PICKUP,
9000008846,1000008846,552.0,556.0,475,1,,2267,DELIVERED,Correo Argentino,TRK-6209QHC8GT
9000008847,1000008847,116.0,119.0,769,1,,263,DELIVERED,Correo Argentino,TRK-PH28J5TULD
9000008848,1000008848,180.0,181.0,13,2,1.0,1,DELIVERED,PICKUP,
9000008849,1000008849,487.0,490.0,921,1,,207,DELIVERED,Correo Argentino,TRK-JAYKOQ8LTD
9000008850,1000008850,99.0,100.0,1249,2,3.0,3,DELIVERED,PICKUP,
9000008851,1000008851,494.0,500.0,1278,1,,986,DELIVERED,Correo Argentino,TRK-EOOZHZSFUX
9000008852,1000008852,466.0,471.0,876,1,,928,DELIVERED,Correo Argentino,TRK-9SKGNOMVO3
9000008853,1000008853,298.0,299.0,53,2,2.0,2,DELIVERED,PICKUP,
9000008854,1000008854,388.0,393.0,187,1,,2585,SHIPPED,Correo Argentino,TRK-GWBAT34G7P
9000008855,1000008855,495.0,498.0,935,1,,1142,DELIVERED,Correo Argentino,TRK-U1BPMZUNDX
9000008856,1000008856,245.0,248.0,253,1,,692,DELIVERED,Correo Argentino,TRK-BEFU0CUN5H
9000008857,1000008857,8.0,12.0,664,1,,1400,DELIVERED,Correo Argentino,TRK-VFAYU1Z34P
9000008858,1000008858,3.0,7.0,886,1,,1777,DELIVERED,Correo Argentino,TRK-WH43UYXOFU
9000008859,1000008859,7.0,12.0,235,1,,1257,SHIPPED,Correo Argentino,TRK-79EEJOKO9F
9000008860,1000008860,26.0,30.0,322,1,,1077,SHIPPED,Correo Argentino,TRK-SVOAE7HSEP
9000008861,1000008861,627.0,629.0,1427,1,,1121,DELIVERED,Correo Argentino,TRK-ZZH6PGRVGY
9000008862,1000008862,526.0,528.0,1439,1,,2491,DELIVERED,Correo Argentino,TRK-77G9ON7SS0
9000008863,1000008863,163.0,164.0,885,2,4.0,4,DELIVERED,PICKUP,
9000008864,1000008864,284.0,288.0,874,1,,2533,SHIPPED,Correo Argentino,TRK-SN47SCNQ84
9000008865,1000008865,141.0,146.0,1083,1,,381,DELIVERED,Correo Argentino,TRK-NSNGURQF9P
9000008866,1000008866,43.0,44.0,720,2,3.0,3,DELIVERED,PICKUP,
9000008867,1000008867,278.0,279.0,507,2,3.0,3,SHIPPED,PICKUP,
9000008868,1000008868,335.0,340.0,436,1,,2806,DELIVERED,Correo Argentino,TRK-IFRPCY6HBL
9000008869,1000008869,572.0,576.0,237,1,,2516,DELIVERED,Correo Argentino,TRK-QP39MOP5M9
9000008870,1000008870,114.0,117.0,1120,1,,620,DELIVERED,Correo Argentino,TRK-YZ9OH82C40
9000008871,1000008871,303.0,305.0,1081,1,,501,DELIVERED,Correo Argentino,TRK-K6UK462G9O
9000008872,1000008872,529.0,533.0,511,1,,146,DELIVERED,Correo Argentino,TRK-JYNSXYL2NT
9000008873,1000008873,308.0,309.0,1330,2,4.0,4,SHIPPED,PICKUP,
9000008874,1000008874,,,662,2,3.0,3,CANCELLED,PICKUP,
9000008875,1000008875,244.0,246.0,87,1,,588,DELIVERED,Correo Argentino,TRK-3YJ09T11KD
9000008876,1000008876,331.0,336.0,1429,1,,1336,DELIVERED,Correo Argentino,TRK-93EUNMPH6V
9000008877,1000008877,86.0,89.0,1251,1,,785,DELIVERED,Correo Argentino,TRK-BW4OH3IUZW
9000008878,1000008878,606.0,610.0,1228,1,,877,SHIPPED,Correo Argentino,TRK-TCEYULJJNA
9000008879,1000008879,231.0,233.0,1482,1,,1052,DELIVERED,Correo Argentino,TRK-15881YOXGA
9000008880,1000008880,479.0,483.0,1114,1,,1836,DELIVERED,Correo Argentino,TRK-9SHE54YKZ9
9000008881,1000008881,624.0,625.0,1489,2,3.0,3,DELIVERED,PICKUP,
9000008882,1000008882,,,538,2,1.0,1,CANCELLED,PICKUP,
9000008883,1000008883,439.0,441.0,1306,1,,1557,DELIVERED,Correo Argentino,TRK-7IYWI3FH0W
9000008884,1000008884,281.0,282.0,1088,2,1.0,1,DELIVERED,PICKUP,
9000008885,1000008885,528.0,530.0,458,1,,1095,DELIVERED,Correo Argentino,TRK-BISHDGQSDY
9000008886,1000008886,235.0,240.0,1105,1,,1593,SHIPPED,Correo Argentino,TRK-A0Y0UE05DV
9000008887,1000008887,324.0,325.0,229,2,3.0,3,SHIPPED,PICKUP,
9000008888,1000008888,535.0,538.0,1387,1,,1845,DELIVERED,Correo Argentino,TRK-Z2PGCGJ3B3
9000008889,1000008889,237.0,242.0,75,1,,1510,DELIVERED,Correo Argentino,TRK-FLOM4FDZ99
9000008890,1000008890,13.0,17.0,295,1,,2610,DELIVERED,Correo Argentino,TRK-F99PW3VOYL
9000008891,1000008891,212.0,214.0,705,1,,1043,DELIVERED,Correo Argentino,TRK-CVWTHU9TRE
9000008892,1000008892,531.0,533.0,455,1,,730,DELIVERED,Correo Argentino,TRK-B8IIUQRB1C
9000008893,1000008893,205.0,210.0,213,1,,2141,DELIVERED,Correo Argentino,TRK-W6K468PNN2
9000008894,1000008894,479.0,483.0,465,1,,2458,DELIVERED,Correo Argentino,TRK-SSUOWFA5RF
9000008895,1000008895,193.0,194.0,418,2,1.0,1,DELIVERED,PICKUP,
9000008896,1000008896,345.0,350.0,477,1,,2290,DELIVERED,Correo Argentino,TRK-V2A8YL3PU2
9000008897,1000008897,491.0,492.0,619,2,1.0,1,SHIPPED,PICKUP,
9000008898,1000008898,346.0,348.0,1101,1,,2342,DELIVERED,Correo Argentino,TRK-3DDC7NF682
9000008899,1000008899,483.0,486.0,1062,1,,442,READY,Correo Argentino,TRK-L3JWU5WBAP
9000008900,1000008900,327.0,328.0,101,2,4.0,4,DELIVERED,PICKUP,
9000008901,1000008901,121.0,126.0,1270,1,,2599,DELIVERED,Correo Argentino,TRK-944YLPMKEA
9000008902,1000008902,364.0,369.0,1081,1,,1099,SHIPPED,Correo Argentino,TRK-U0CH8CBT17
9000008903,1000008903,252.0,253.0,1322,2,1.0,1,DELIVERED,PICKUP,
9000008904,1000008904,157.0,158.0,1309,2,2.0,2,DELIVERED,PICKUP,
9000008905,1000008905,389.0,393.0,90,1,,2486,DELIVERED,Correo Argentino,TRK-T5063OQGRO
9000008906,1000008906,42.0,47.0,937,1,,2423,DELIVERED,Correo Argentino,TRK-R8404A359H
9000008907,1000008907,109.0,114.0,1217,1,,56,DELIVERED,Correo Argentino,TRK-Q2BW3BIBSJ
9000008908,1000008908,181.0,183.0,611,1,,766,SHIPPED,Correo Argentino,TRK-PJZU11L9SN
9000008909,1000008909,544.0,545.0,1374,2,2.0,2,DELIVERED,PICKUP,
9000008910,1000008910,289.0,291.0,701,1,,147,DELIVERED,Correo Argentino,TRK-M6Q24JXFL5
9000008911,1000008911,561.0,562.0,1147,2,1.0,1,DELIVERED,PICKUP,
9000008912,1000008912,368.0,369.0,14,2,4.0,4,DELIVERED,PICKUP,
9000008913,1000008913,271.0,276.0,1499,1,,2518,DELIVERED,Correo Argentino,TRK-Z030MMNQQK
9000008914,1000008914,606.0,610.0,1135,1,,1406,DELIVERED,Correo Argentino,TRK-VZ2Z0YPVLH
9000008915,1000008915,633.0,638.0,1110,1,,1908,DELIVERED,Correo Argentino,TRK-C0KASSKA6V
9000008916,1000008916,593.0,594.0,1044,2,1.0,1,DELIVERED,PICKUP,
9000008917,1000008917,,,482,2,1.0,1,CANCELLED,PICKUP,
9000008918,1000008918,480.0,481.0,413,2,3.0,3,DELIVERED,PICKUP,
9000008919,1000008919,320.0,322.0,891,1,,1721,DELIVERED,Correo Argentino,TRK-SKI9VU24PS
9000008920,1000008920,275.0,277.0,310,1,,1687,DELIVERED,Correo Argentino,TRK-FBC662KKI6
9000008921,1000008921,27.0,31.0,1279,1,,939,DELIVERED,Correo Argentino,TRK-HHMH5SQ0SJ
9000008922,1000008922,634.0,635.0,223,2,1.0,1,DELIVERED,PICKUP,
9000008923,1000008923,242.0,244.0,173,1,,2084,DELIVERED,Correo Argentino,TRK-YCL9TVWB7M
9000008924,1000008924,73.0,76.0,1302,1,,3072,DELIVERED,Correo Argentino,TRK-EQ3Q7423NU
9000008925,1000008925,297.0,298.0,454,2,4.0,4,DELIVERED,PICKUP,
9000008926,1000008926,286.0,287.0,559,2,4.0,4,DELIVERED,PICKUP,
9000008927,1000008927,548.0,549.0,894,2,2.0,2,DELIVERED,PICKUP,
9000008928,1000008928,107.0,111.0,805,1,,500,SHIPPED,Correo Argentino,TRK-CQ9767X9QE
9000008929,1000008929,449.0,453.0,1037,1,,2350,DELIVERED,Correo Argentino,TRK-VRHBI7N7IQ
9000008930,1000008930,,,743,2,3.0,3,CANCELLED,PICKUP,
9000008931,1000008931,401.0,405.0,1413,1,,955,SHIPPED,Correo Argentino,TRK-KK2YJ4P2J5
9000008932,1000008932,157.0,159.0,386,1,,1776,DELIVERED,Correo Argentino,TRK-OJ7S8IG4K9
9000008933,1000008933,431.0,433.0,1004,1,,2744,DELIVERED,Correo Argentino,TRK-BEW2M5O5M5
9000008934,1000008934,427.0,428.0,318,2,1.0,1,DELIVERED,PICKUP,
9000008935,1000008935,,,7,1,,556,CANCELLED,Correo Argentino,
9000008936,1000008936,,,1453,2,3.0,3,CANCELLED,PICKUP,
9000008937,1000008937,143.0,148.0,1167,1,,262,DELIVERED,Correo Argentino,TRK-Z7OSKJFZ3S
9000008938,1000008938,139.0,143.0,1248,1,,3174,DELIVERED,Correo Argentino,TRK-LWA5MTJWCI
9000008939,1000008939,352.0,354.0,1184,1,,2348,DELIVERED,Correo Argentino,TRK-9FS472XKNU
9000008940,1000008940,,,129,2,4.0,4,CANCELLED,PICKUP,
9000008941,1000008941,556.0,559.0,69,1,,154,DELIVERED,Correo Argentino,TRK-CTQHOO37JU
9000008942,1000008942,252.0,254.0,1362,1,,2420,SHIPPED,Correo Argentino,TRK-B8KOUOJBU8
9000008943,1000008943,322.0,323.0,683,2,4.0,4,DELIVERED,PICKUP,
9000008944,1000008944,393.0,395.0,49,1,,548,DELIVERED,Correo Argentino,TRK-JYA3NN5JHY
9000008945,1000008945,122.0,125.0,679,1,,226,DELIVERED,Correo Argentino,TRK-M6LPO9Z8TP
9000008946,1000008946,438.0,439.0,117,2,4.0,4,DELIVERED,PICKUP,
9000008947,1000008947,,,621,2,3.0,3,CANCELLED,PICKUP,
9000008948,1000008948,450.0,456.0,1395,1,,152,DELIVERED,Correo Argentino,TRK-7C075QPT8Q
9000008949,1000008949,24.0,26.0,271,1,,2135,DELIVERED,Correo Argentino,TRK-3G0X7LRPPU
9000008950,1000008950,634.0,637.0,1275,1,,434,DELIVERED,Correo Argentino,TRK-HILZPRXPCT
9000008951,1000008951,,,539,1,,1875,CANCELLED,Correo Argentino,
9000008952,1000008952,248.0,251.0,541,1,,2127,SHIPPED,Correo Argentino,TRK-C80M5S3V8K
9000008953,1000008953,455.0,457.0,791,1,,181,DELIVERED,Correo Argentino,TRK-OJWKZ6SMNK
9000008954,1000008954,492.0,496.0,864,1,,462,SHIPPED,Correo Argentino,TRK-6WSJE7AEYL
9000008955,1000008955,456.0,460.0,1171,1,,1609,DELIVERED,Correo Argentino,TRK-9AX1ZWKDL2
9000008956,1000008956,9.0,10.0,331,2,3.0,3,DELIVERED,PICKUP,
9000008957,1000008957,598.0,599.0,468,2,3.0,3,DELIVERED,PICKUP,
9000008958,1000008958,577.0,579.0,722,1,,169,DELIVERED,Correo Argentino,TRK-MGHOFTGBRE
9000008959,1000008959,265.0,270.0,586,1,,3109,DELIVERED,Correo Argentino,TRK-T090SROMGW
9000008960,1000008960,216.0,218.0,490,1,,7,DELIVERED,Correo Argentino,TRK-75GBMKTK97
9000008961,1000008961,11.0,15.0,527,1,,735,DELIVERED,Correo Argentino,TRK-7U2PU9YFL8
9000008962,1000008962,360.0,361.0,1418,2,4.0,4,DELIVERED,PICKUP,
9000008963,1000008963,107.0,109.0,216,1,,3010,DELIVERED,Correo Argentino,TRK-UYBNJZA42O
9000008964,1000008964,22.0,24.0,1273,1,,1695,DELIVERED,Correo Argentino,TRK-M0D80629YV
9000008965,1000008965,425.0,429.0,262,1,,2196,SHIPPED,Correo Argentino,TRK-I770WTPUY3
9000008966,1000008966,,,118,2,3.0,3,CANCELLED,PICKUP,
9000008967,1000008967,240.0,245.0,899,1,,1606,DELIVERED,Correo Argentino,TRK-R7UI7CG0HR
9000008968,1000008968,410.0,412.0,861,1,,2137,DELIVERED,Correo Argentino,TRK-4OI2PQHGN1
9000008969,1000008969,133.0,136.0,337,1,,126,SHIPPED,Correo Argentino,TRK-28NY91M3FH
9000008970,1000008970,357.0,358.0,1434,2,4.0,4,DELIVERED,PICKUP,
9000008971,1000008971,532.0,537.0,1379,1,,154,DELIVERED,Correo Argentino,TRK-M30QZZRWA1
9000008972,1000008972,190.0,193.0,923,1,,1680,READY,Correo Argentino,TRK-LF17HQ46FO
9000008973,1000008973,554.0,555.0,741,2,3.0,3,DELIVERED,PICKUP,
9000008974,1000008974,561.0,565.0,160,1,,2635,DELIVERED,Correo Argentino,TRK-SPSWY0WD8F
9000008975,1000008975,598.0,603.0,721,1,,305,DELIVERED,Correo Argentino,TRK-0KVVY47R8Z
9000008976,1000008976,16.0,17.0,524,2,4.0,4,DELIVERED,PICKUP,
9000008977,1000008977,473.0,476.0,1042,1,,2104,DELIVERED,Correo Argentino,TRK-9TOV6MHVPU
9000008978,1000008978,,,768,1,,2451,CANCELLED,Correo Argentino,
9000008979,1000008979,478.0,479.0,949,2,3.0,3,SHIPPED,PICKUP,
9000008980,1000008980,217.0,219.0,1427,1,,2435,READY,Correo Argentino,TRK-KBLH55RN3O
9000008981,1000008981,377.0,382.0,477,1,,2608,READY,Correo Argentino,TRK-OSMC76MJPK
9000008982,1000008982,457.0,458.0,44,2,4.0,4,DELIVERED,PICKUP,
9000008983,1000008983,359.0,365.0,184,1,,610,DELIVERED,Correo Argentino,TRK-MNEV1BHDZL
9000008984,1000008984,43.0,45.0,78,1,,2571,READY,Correo Argentino,TRK-BRMQZ2NZBR
9000008985,1000008985,198.0,199.0,1378,2,2.0,2,DELIVERED,PICKUP,
9000008986,1000008986,192.0,195.0,168,1,,641,SHIPPED,Correo Argentino,TRK-TUXZZW3JH3
9000008987,1000008987,171.0,172.0,806,2,2.0,2,DELIVERED,PICKUP,
9000008988,1000008988,639.0,644.0,1149,1,,525,DELIVERED,Correo Argentino,TRK-Q645LPWS0Q
9000008989,1000008989,9.0,12.0,460,1,,1397,DELIVERED,Correo Argentino,TRK-2TYRX5DXPX
9000008990,1000008990,600.0,601.0,804,2,4.0,4,DELIVERED,PICKUP,
9000008991,1000008991,630.0,635.0,917,1,,2649,DELIVERED,Correo Argentino,TRK-MTN6494O6O
9000008992,1000008992,412.0,413.0,416,2,1.0,1,DELIVERED,PICKUP,
9000008993,1000008993,149.0,150.0,1070,2,1.0,1,DELIVERED,PICKUP,
9000008994,1000008994,397.0,398.0,1219,2,4.0,4,DELIVERED,PICKUP,
9000008995,1000008995,542.0,543.0,246,2,2.0,2,READY,PICKUP,
9000008996,1000008996,484.0,485.0,960,2,1.0,1,DELIVERED,PICKUP,
9000008997,1000008997,,,1250,1,,3032,CANCELLED,Correo Argentino,
9000008998,1000008998,433.0,436.0,1317,1,,2916,DELIVERED,Correo Argentino,TRK-F4P3H9WNLV
9000008999,1000008999,422.0,425.0,361,1,,1285,DELIVERED,Correo Argentino,TRK-4V4LWVHYS7
9000009000,1000009000,238.0,239.0,196,2,3.0,3,SHIPPED,PICKUP,
9000009001,1000009001,127.0,128.0,75,2,1.0,1,SHIPPED,PICKUP,
9000009002,1000009002,572.0,575.0,513,1,,494,SHIPPED,Correo Argentino,TRK-UMDY517S9G
9000009003,1000009003,543.0,546.0,947,1,,2676,DELIVERED,Correo Argentino,TRK-OLKMOPB95P
9000009004,1000009004,288.0,294.0,432,1,,827,SHIPPED,Correo Argentino,TRK-D8UP5JOUT7
9000009005,1000009005,339.0,343.0,831,1,,2209,DELIVERED,Correo Argentino,TRK-FF1NMK0W54
9000009006,1000009006,368.0,370.0,1231,1,,684,DELIVERED,Correo Argentino,TRK-TU7HA7JYPF
9000009007,1000009007,211.0,213.0,1408,1,,760,SHIPPED,Correo Argentino,TRK-GOXYYFLUCT
9000009008,1000009008,116.0,117.0,266,2,3.0,3,DELIVERED,PICKUP,
9000009009,1000009009,352.0,353.0,1213,2,1.0,1,DELIVERED,PICKUP,
9000009010,1000009010,445.0,450.0,1286,1,,1229,DELIVERED,Correo Argentino,TRK-WEINIICVWL
9000009011,1000009011,,,1129,1,,4,CANCELLED,Correo Argentino,
9000009012,1000009012,265.0,271.0,1369,1,,1760,DELIVERED,Correo Argentino,TRK-48W0F3CJAB
9000009013,1000009013,176.0,177.0,296,2,1.0,1,DELIVERED,PICKUP,
9000009014,1000009014,,,196,1,,1961,CANCELLED,Correo Argentino,
9000009015,1000009015,447.0,448.0,695,2,2.0,2,DELIVERED,PICKUP,
9000009016,1000009016,306.0,307.0,914,2,3.0,3,DELIVERED,PICKUP,
9000009017,1000009017,598.0,601.0,1124,1,,2268,DELIVERED,Correo Argentino,TRK-1CM2DGGXQF
9000009018,1000009018,463.0,464.0,629,2,1.0,1,DELIVERED,PICKUP,
9000009019,1000009019,181.0,182.0,1234,2,1.0,1,DELIVERED,PICKUP,
9000009020,1000009020,630.0,631.0,1129,2,1.0,1,DELIVERED,PICKUP,
9000009021,1000009021,595.0,596.0,867,2,1.0,1,DELIVERED,PICKUP,
9000009022,1000009022,293.0,298.0,468,1,,1383,DELIVERED,Correo Argentino,TRK-29TOYDFFT4
9000009023,1000009023,238.0,245.0,317,1,,3192,DELIVERED,Correo Argentino,TRK-B1TK9JUFZS
9000009024,1000009024,319.0,321.0,619,1,,3120,DELIVERED,Correo Argentino,TRK-EHD7JDE4Z4
9000009025,1000009025,446.0,451.0,1269,1,,2087,DELIVERED,Correo Argentino,TRK-TINJQWGU6S
9000009026,1000009026,,,1416,1,,969,CANCELLED,Correo Argentino,
9000009027,1000009027,574.0,578.0,747,1,,30,DELIVERED,Correo Argentino,TRK-WDWU02HW47
9000009028,1000009028,,,493,1,,2043,CANCELLED,Correo Argentino,
9000009029,1000009029,259.0,266.0,1170,1,,2393,DELIVERED,Correo Argentino,TRK-3XHU7MC7JE
9000009030,1000009030,392.0,394.0,1068,1,,1091,SHIPPED,Correo Argentino,TRK-0FXMLZNUXD
9000009031,1000009031,570.0,573.0,1416,1,,875,DELIVERED,Correo Argentino,TRK-1I8MLXPAAK
9000009032,1000009032,480.0,481.0,818,2,2.0,2,DELIVERED,PICKUP,
9000009033,1000009033,68.0,69.0,212,2,4.0,4,DELIVERED,PICKUP,
9000009034,1000009034,549.0,550.0,1196,2,2.0,2,DELIVERED,PICKUP,
9000009035,1000009035,49.0,50.0,336,2,4.0,4,DELIVERED,PICKUP,
9000009036,1000009036,172.0,177.0,205,1,,2563,DELIVERED,Correo Argentino,TRK-TLW1V07VNA
9000009037,1000009037,357.0,359.0,667,1,,1283,DELIVERED,Correo Argentino,TRK-PICP06QSUN
9000009038,1000009038,245.0,250.0,1390,1,,1379,DELIVERED,Correo Argentino,TRK-ME0FZODTOD
9000009039,1000009039,249.0,253.0,597,1,,1281,DELIVERED,Correo Argentino,TRK-4LJEAJQV7X
9000009040,1000009040,479.0,480.0,1290,2,2.0,2,SHIPPED,PICKUP,
9000009041,1000009041,543.0,547.0,594,1,,715,DELIVERED,Correo Argentino,TRK-FDM8CNA3SU
9000009042,1000009042,326.0,331.0,1192,1,,2371,DELIVERED,Correo Argentino,TRK-TOB1AQ1LE3
9000009043,1000009043,602.0,605.0,86,1,,1212,SHIPPED,Correo Argentino,TRK-S2TT8I21LM
9000009044,1000009044,324.0,326.0,178,1,,848,SHIPPED,Correo Argentino,TRK-92LV06K0VG
9000009045,1000009045,566.0,567.0,659,2,2.0,2,DELIVERED,PICKUP,
9000009046,1000009046,457.0,458.0,349,2,3.0,3,DELIVERED,PICKUP,
9000009047,1000009047,,,653,1,,3185,CANCELLED,Correo Argentino,
9000009048,1000009048,128.0,130.0,984,1,,1297,SHIPPED,Correo Argentino,TRK-FHIA4GUEV8
9000009049,1000009049,264.0,270.0,1397,1,,2310,DELIVERED,Correo Argentino,TRK-7MPEI8U92N
9000009050,1000009050,93.0,94.0,400,2,3.0,3,DELIVERED,PICKUP,
9000009051,1000009051,533.0,534.0,1227,2,3.0,3,DELIVERED,PICKUP,
9000009052,1000009052,443.0,445.0,714,1,,2463,DELIVERED,Correo Argentino,TRK-NV34NTP7GP
9000009053,1000009053,90.0,93.0,677,1,,2436,DELIVERED,Correo Argentino,TRK-FQ7TQINS37
9000009054,1000009054,611.0,616.0,145,1,,2414,SHIPPED,Correo Argentino,TRK-7G6H0MHGDI
9000009055,1000009055,11.0,12.0,1366,2,4.0,4,DELIVERED,PICKUP,
9000009056,1000009056,278.0,279.0,824,2,2.0,2,DELIVERED,PICKUP,
9000009057,1000009057,458.0,460.0,1165,1,,28,DELIVERED,Correo Argentino,TRK-XKMBO3UQNT
9000009058,1000009058,292.0,298.0,1158,1,,743,DELIVERED,Correo Argentino,TRK-BLQB9YW88E
9000009059,1000009059,115.0,121.0,1410,1,,1402,DELIVERED,Correo Argentino,TRK-FP4D2KBSFZ
9000009060,1000009060,589.0,592.0,952,1,,2815,DELIVERED,Correo Argentino,TRK-097R1VSN00
9000009061,1000009061,315.0,317.0,709,1,,28,DELIVERED,Correo Argentino,TRK-WNHU2POEV3
9000009062,1000009062,486.0,491.0,1029,1,,2525,DELIVERED,Correo Argentino,TRK-PUEKUQ7JFO
9000009063,1000009063,154.0,155.0,1392,2,1.0,1,DELIVERED,PICKUP,
9000009064,1000009064,142.0,143.0,1020,2,1.0,1,DELIVERED,PICKUP,
9000009065,1000009065,392.0,394.0,649,1,,1034,DELIVERED,Correo Argentino,TRK-CISU9JY28N
9000009066,1000009066,193.0,198.0,21,1,,1559,SHIPPED,Correo Argentino,TRK-VCINTY70TD
9000009067,1000009067,329.0,334.0,459,1,,2888,SHIPPED,Correo Argentino,TRK-Y2A2YSQGK2
9000009068,1000009068,306.0,307.0,322,2,3.0,3,SHIPPED,PICKUP,
9000009069,1000009069,262.0,263.0,446,2,1.0,1,SHIPPED,PICKUP,
9000009070,1000009070,172.0,173.0,589,2,3.0,3,DELIVERED,PICKUP,
9000009071,1000009071,506.0,507.0,1377,2,3.0,3,READY,PICKUP,
9000009072,1000009072,402.0,407.0,352,1,,146,SHIPPED,Correo Argentino,TRK-9OTZ940CEN
9000009073,1000009073,577.0,580.0,895,1,,50,DELIVERED,Correo Argentino,TRK-ZWFNG9GASV
9000009074,1000009074,192.0,193.0,785,2,1.0,1,DELIVERED,PICKUP,
9000009075,1000009075,343.0,345.0,1338,1,,2004,SHIPPED,Correo Argentino,TRK-Y81LWHFUY7
9000009076,1000009076,129.0,130.0,587,2,3.0,3,DELIVERED,PICKUP,
9000009077,1000009077,257.0,258.0,69,2,4.0,4,DELIVERED,PICKUP,
9000009078,1000009078,401.0,402.0,1370,2,2.0,2,SHIPPED,PICKUP,
9000009079,1000009079,143.0,145.0,1143,1,,1417,READY,Correo Argentino,TRK-QIQ2424YD0
9000009080,1000009080,425.0,427.0,768,1,,2713,DELIVERED,Correo Argentino,TRK-F4ITEAPMCG
9000009081,1000009081,46.0,52.0,1440,1,,2631,DELIVERED,Correo Argentino,TRK-P9ASZJQK64
9000009082,1000009082,,,319,1,,2064,CANCELLED,Correo Argentino,
9000009083,1000009083,30.0,31.0,1300,2,1.0,1,DELIVERED,PICKUP,
9000009084,1000009084,185.0,189.0,488,1,,1106,DELIVERED,Correo Argentino,TRK-72XY9SDAIK
9000009085,1000009085,153.0,154.0,1192,2,1.0,1,DELIVERED,PICKUP,
9000009086,1000009086,290.0,295.0,1394,1,,1178,DELIVERED,Correo Argentino,TRK-EY12A3YBQB
9000009087,1000009087,,,286,2,4.0,4,CANCELLED,PICKUP,
9000009088,1000009088,356.0,357.0,267,2,2.0,2,DELIVERED,PICKUP,
9000009089,1000009089,569.0,573.0,1273,1,,1917,DELIVERED,Correo Argentino,TRK-EGT04JWE3Z
9000009090,1000009090,35.0,37.0,573,1,,1390,DELIVERED,Correo Argentino,TRK-66YLYPZ5W6
9000009091,1000009091,150.0,154.0,1328,1,,2072,DELIVERED,Correo Argentino,TRK-XEA6LZ9SAG
9000009092,1000009092,255.0,257.0,445,1,,2245,DELIVERED,Correo Argentino,TRK-VO8SMKLG7D
9000009093,1000009093,574.0,575.0,185,2,3.0,3,DELIVERED,PICKUP,
9000009094,1000009094,349.0,350.0,38,2,4.0,4,SHIPPED,PICKUP,
9000009095,1000009095,281.0,282.0,203,2,1.0,1,DELIVERED,PICKUP,
9000009096,1000009096,226.0,230.0,669,1,,10,DELIVERED,Correo Argentino,TRK-HW73RXTOOF
9000009097,1000009097,582.0,586.0,21,1,,1683,DELIVERED,Correo Argentino,TRK-C4F7709JPX
9000009098,1000009098,,,114,2,2.0,2,CANCELLED,PICKUP,
9000009099,1000009099,281.0,286.0,1186,1,,825,SHIPPED,Correo Argentino,TRK-KOJM5MK3F2
9000009100,1000009100,165.0,170.0,680,1,,568,DELIVERED,Correo Argentino,TRK-KPH8M2FT3X
9000009101,1000009101,390.0,392.0,1336,1,,1415,DELIVERED,Correo Argentino,TRK-FBKEKI55UH
9000009102,1000009102,220.0,224.0,1253,1,,1096,DELIVERED,Correo Argentino,TRK-UGZ8CE9QWD
9000009103,1000009103,228.0,229.0,722,2,3.0,3,DELIVERED,PICKUP,
9000009104,1000009104,,,73,1,,2447,CANCELLED,Correo Argentino,
9000009105,1000009105,26.0,31.0,1374,1,,2340,DELIVERED,Correo Argentino,TRK-MX2Y3D4HZY
9000009106,1000009106,618.0,619.0,490,2,2.0,2,DELIVERED,PICKUP,
9000009107,1000009107,503.0,506.0,711,1,,784,DELIVERED,Correo Argentino,TRK-15WO503JGZ
9000009108,1000009108,392.0,395.0,847,1,,809,DELIVERED,Correo Argentino,TRK-6ZP296MM6E
9000009109,1000009109,38.0,39.0,533,2,3.0,3,DELIVERED,PICKUP,
9000009110,1000009110,237.0,238.0,897,2,4.0,4,SHIPPED,PICKUP,
9000009111,1000009111,307.0,310.0,1169,1,,1067,DELIVERED,Correo Argentino,TRK-5531OFCR8E
9000009112,1000009112,304.0,308.0,165,1,,689,DELIVERED,Correo Argentino,TRK-JWA0GYUNFZ
9000009113,1000009113,173.0,175.0,566,1,,364,DELIVERED,Correo Argentino,TRK-202N9O3FF9
9000009114,1000009114,68.0,69.0,1221,2,4.0,4,DELIVERED,PICKUP,
9000009115,1000009115,146.0,147.0,429,2,1.0,1,DELIVERED,PICKUP,
9000009116,1000009116,164.0,165.0,654,2,4.0,4,DELIVERED,PICKUP,
9000009117,1000009117,369.0,370.0,1375,2,1.0,1,SHIPPED,PICKUP,
9000009118,1000009118,499.0,502.0,805,1,,416,DELIVERED,Correo Argentino,TRK-O4M9WDP5F1
9000009119,1000009119,216.0,219.0,264,1,,2573,DELIVERED,Correo Argentino,TRK-19EHZPKINW
9000009120,1000009120,,,1085,2,4.0,4,CANCELLED,PICKUP,
9000009121,1000009121,541.0,543.0,785,1,,2705,DELIVERED,Correo Argentino,TRK-XNUJJ7S3SX
9000009122,1000009122,,,800,1,,1716,CANCELLED,Correo Argentino,
9000009123,1000009123,155.0,156.0,866,2,2.0,2,DELIVERED,PICKUP,
9000009124,1000009124,341.0,342.0,1088,2,2.0,2,DELIVERED,PICKUP,
9000009125,1000009125,295.0,296.0,1322,2,1.0,1,DELIVERED,PICKUP,
9000009126,1000009126,208.0,210.0,1083,1,,1186,DELIVERED,Correo Argentino,TRK-39H2XSAL9O
9000009127,1000009127,621.0,626.0,1135,1,,1735,DELIVERED,Correo Argentino,TRK-F8DWIMLSK0
9000009128,1000009128,242.0,243.0,985,2,1.0,1,SHIPPED,PICKUP,
9000009129,1000009129,,,571,1,,671,CANCELLED,Correo Argentino,
9000009130,1000009130,519.0,523.0,1105,1,,227,DELIVERED,Correo Argentino,TRK-1OHULCWPF6
9000009131,1000009131,240.0,242.0,772,1,,823,DELIVERED,Correo Argentino,TRK-QOBLQCYU46
9000009132,1000009132,282.0,286.0,1097,1,,792,DELIVERED,Correo Argentino,TRK-OFT1Q1HWX9
9000009133,1000009133,634.0,636.0,1274,1,,2385,DELIVERED,Correo Argentino,TRK-5RW38WHRSC
9000009134,1000009134,201.0,204.0,972,1,,3013,DELIVERED,Correo Argentino,TRK-97UJ4N9FW6
9000009135,1000009135,31.0,32.0,1298,2,4.0,4,DELIVERED,PICKUP,
9000009136,1000009136,315.0,316.0,257,2,2.0,2,DELIVERED,PICKUP,
9000009137,1000009137,369.0,370.0,1326,2,4.0,4,DELIVERED,PICKUP,
9000009138,1000009138,351.0,352.0,814,2,3.0,3,DELIVERED,PICKUP,
9000009139,1000009139,26.0,30.0,838,1,,831,READY,Correo Argentino,TRK-E9I0H7A21V
9000009140,1000009140,535.0,540.0,938,1,,450,DELIVERED,Correo Argentino,TRK-2K78GETSCI
9000009141,1000009141,558.0,563.0,209,1,,2133,DELIVERED,Correo Argentino,TRK-S3YMGL70OK
9000009142,1000009142,36.0,40.0,1318,1,,425,SHIPPED,Correo Argentino,TRK-OXIR9L9IPD
9000009143,1000009143,20.0,21.0,1041,2,2.0,2,SHIPPED,PICKUP,
9000009144,1000009144,379.0,381.0,568,1,,1411,DELIVERED,Correo Argentino,TRK-VDPR96EH1Z
9000009145,1000009145,593.0,594.0,884,2,2.0,2,DELIVERED,PICKUP,
9000009146,1000009146,587.0,588.0,465,2,2.0,2,DELIVERED,PICKUP,
9000009147,1000009147,554.0,557.0,436,1,,1899,DELIVERED,Correo Argentino,TRK-WLX2NI151O
9000009148,1000009148,416.0,421.0,1246,1,,2924,DELIVERED,Correo Argentino,TRK-Z4APWNYN7K
9000009149,1000009149,50.0,51.0,436,2,4.0,4,DELIVERED,PICKUP,
9000009150,1000009150,398.0,399.0,407,2,2.0,2,DELIVERED,PICKUP,
9000009151,1000009151,335.0,337.0,625,1,,1563,DELIVERED,Correo Argentino,TRK-3LM2VXR2KU
9000009152,1000009152,224.0,226.0,987,1,,1280,DELIVERED,Correo Argentino,TRK-72NMWHWL7L
9000009153,1000009153,112.0,113.0,811,2,4.0,4,DELIVERED,PICKUP,
9000009154,1000009154,488.0,493.0,537,1,,2507,DELIVERED,Correo Argentino,TRK-M7CJ8OUG36
9000009155,1000009155,591.0,596.0,1346,1,,618,DELIVERED,Correo Argentino,TRK-GWPE4JXSAG
9000009156,1000009156,243.0,244.0,1117,2,3.0,3,DELIVERED,PICKUP,
9000009157,1000009157,566.0,569.0,140,1,,2024,SHIPPED,Correo Argentino,TRK-NILEDW3KZJ
9000009158,1000009158,501.0,505.0,209,1,,2416,SHIPPED,Correo Argentino,TRK-84V6B431S7
9000009159,1000009159,388.0,389.0,1466,2,3.0,3,DELIVERED,PICKUP,
9000009160,1000009160,355.0,356.0,1260,2,1.0,1,DELIVERED,PICKUP,
9000009161,1000009161,292.0,295.0,247,1,,1764,SHIPPED,Correo Argentino,TRK-G462JAF4RM
9000009162,1000009162,364.0,369.0,1267,1,,1149,DELIVERED,Correo Argentino,TRK-4AEXVTGP3S
9000009163,1000009163,542.0,543.0,327,2,1.0,1,DELIVERED,PICKUP,
9000009164,1000009164,155.0,159.0,735,1,,2398,DELIVERED,Correo Argentino,TRK-87DCD633ZV
9000009165,1000009165,285.0,288.0,779,1,,887,DELIVERED,Correo Argentino,TRK-6IREPEVYZX
9000009166,1000009166,173.0,174.0,1270,2,2.0,2,DELIVERED,PICKUP,
9000009167,1000009167,262.0,264.0,1316,1,,1069,DELIVERED,Correo Argentino,TRK-IVL49VJ58S
9000009168,1000009168,72.0,73.0,323,2,2.0,2,DELIVERED,PICKUP,
9000009169,1000009169,109.0,113.0,1414,1,,1725,DELIVERED,Correo Argentino,TRK-G7QLS957OS
9000009170,1000009170,499.0,502.0,666,1,,3020,SHIPPED,Correo Argentino,TRK-HBBLFC4KYG
9000009171,1000009171,68.0,69.0,408,2,3.0,3,READY,PICKUP,
9000009172,1000009172,339.0,344.0,1141,1,,1794,DELIVERED,Correo Argentino,TRK-2L1P3BZUK7
9000009173,1000009173,292.0,295.0,1444,1,,1397,DELIVERED,Correo Argentino,TRK-M1RB6FZJSL
9000009174,1000009174,638.0,639.0,1174,2,1.0,1,SHIPPED,PICKUP,
9000009175,1000009175,389.0,391.0,284,1,,2598,DELIVERED,Correo Argentino,TRK-M98856DFDP
9000009176,1000009176,108.0,112.0,601,1,,1103,DELIVERED,Correo Argentino,TRK-IOBBFOXSY5
9000009177,1000009177,496.0,501.0,664,1,,2953,DELIVERED,Correo Argentino,TRK-R706CR9JZT
9000009178,1000009178,292.0,293.0,50,2,3.0,3,DELIVERED,PICKUP,
9000009179,1000009179,14.0,17.0,878,1,,2716,SHIPPED,Correo Argentino,TRK-Q13EH435SU
9000009180,1000009180,502.0,505.0,1004,1,,1459,DELIVERED,Correo Argentino,TRK-J5N8INCZ4P
9000009181,1000009181,601.0,604.0,180,1,,703,DELIVERED,Correo Argentino,TRK-3A40VUUWCT
9000009182,1000009182,448.0,452.0,1384,1,,1681,DELIVERED,Correo Argentino,TRK-DCL3ANX6HY
9000009183,1000009183,340.0,341.0,575,2,3.0,3,DELIVERED,PICKUP,
9000009184,1000009184,141.0,145.0,702,1,,2893,DELIVERED,Correo Argentino,TRK-2IZZ6UYY77
9000009185,1000009185,161.0,162.0,396,2,3.0,3,DELIVERED,PICKUP,
9000009186,1000009186,,,1388,2,3.0,3,CANCELLED,PICKUP,
9000009187,1000009187,288.0,293.0,35,1,,221,DELIVERED,Correo Argentino,TRK-K17A91FARG
9000009188,1000009188,100.0,104.0,840,1,,33,DELIVERED,Correo Argentino,TRK-OUJGFENCV8
9000009189,1000009189,277.0,278.0,1458,2,4.0,4,DELIVERED,PICKUP,
9000009190,1000009190,409.0,412.0,528,1,,228,DELIVERED,Correo Argentino,TRK-8LQWXK8ARU
9000009191,1000009191,104.0,109.0,320,1,,1835,DELIVERED,Correo Argentino,TRK-6DVKJLEHYO
9000009192,1000009192,426.0,430.0,902,1,,3200,DELIVERED,Correo Argentino,TRK-C6S6LW2YM3
9000009193,1000009193,218.0,222.0,822,1,,1918,DELIVERED,Correo Argentino,TRK-YJLKAGQDVS
9000009194,1000009194,251.0,252.0,155,2,3.0,3,SHIPPED,PICKUP,
9000009195,1000009195,110.0,113.0,1029,1,,1849,DELIVERED,Correo Argentino,TRK-CVAX5W5SE2
9000009196,1000009196,11.0,12.0,137,2,4.0,4,SHIPPED,PICKUP,
9000009197,1000009197,82.0,87.0,1109,1,,3131,DELIVERED,Correo Argentino,TRK-D4VM8ARLI6
9000009198,1000009198,11.0,16.0,451,1,,2410,DELIVERED,Correo Argentino,TRK-CDBCL3VLNB
9000009199,1000009199,93.0,94.0,610,2,3.0,3,DELIVERED,PICKUP,
9000009200,1000009200,,,1469,1,,235,CANCELLED,Correo Argentino,
9000009201,1000009201,113.0,115.0,313,1,,1849,DELIVERED,Correo Argentino,TRK-PJIMCB0HUK
9000009202,1000009202,621.0,622.0,61,2,1.0,1,DELIVERED,PICKUP,
9000009203,1000009203,582.0,583.0,717,2,3.0,3,DELIVERED,PICKUP,
9000009204,1000009204,525.0,526.0,83,2,3.0,3,DELIVERED,PICKUP,
9000009205,1000009205,252.0,256.0,214,1,,459,SHIPPED,Correo Argentino,TRK-BZ0PJ4X6N0
9000009206,1000009206,161.0,165.0,1298,1,,2296,DELIVERED,Correo Argentino,TRK-R3R657OS29
9000009207,1000009207,158.0,162.0,1131,1,,2977,DELIVERED,Correo Argentino,TRK-ZURW6F0CZ0
9000009208,1000009208,28.0,33.0,416,1,,1533,DELIVERED,Correo Argentino,TRK-01BQPVIQYH
9000009209,1000009209,409.0,413.0,914,1,,852,DELIVERED,Correo Argentino,TRK-SJ15OEO9DZ
9000009210,1000009210,413.0,419.0,469,1,,2393,SHIPPED,Correo Argentino,TRK-MEBZA3550S
9000009211,1000009211,394.0,401.0,1153,1,,2310,DELIVERED,Correo Argentino,TRK-25154CEWIB
9000009212,1000009212,418.0,423.0,795,1,,3204,DELIVERED,Correo Argentino,TRK-UTYEPOW65Z
9000009213,1000009213,34.0,38.0,138,1,,403,SHIPPED,Correo Argentino,TRK-FK4JY44CR2
9000009214,1000009214,112.0,113.0,922,2,4.0,4,DELIVERED,PICKUP,
9000009215,1000009215,,,146,2,3.0,3,CANCELLED,PICKUP,
9000009216,1000009216,391.0,396.0,37,1,,2190,DELIVERED,Correo Argentino,TRK-9D038I0QG7
9000009217,1000009217,74.0,76.0,88,1,,2662,DELIVERED,Correo Argentino,TRK-P2FJBJX4CE
9000009218,1000009218,270.0,277.0,206,1,,2397,DELIVERED,Correo Argentino,TRK-T5TA10TL5Y
9000009219,1000009219,171.0,173.0,1099,1,,2816,SHIPPED,Correo Argentino,TRK-01U3SFLHIE
9000009220,1000009220,500.0,505.0,1351,1,,86,DELIVERED,Correo Argentino,TRK-B5Y9MG18IU
9000009221,1000009221,527.0,532.0,497,1,,1510,DELIVERED,Correo Argentino,TRK-HVHU8QR0ZL
9000009222,1000009222,122.0,123.0,836,2,3.0,3,DELIVERED,PICKUP,
9000009223,1000009223,278.0,279.0,1203,2,1.0,1,DELIVERED,PICKUP,
9000009224,1000009224,214.0,215.0,251,2,4.0,4,DELIVERED,PICKUP,
9000009225,1000009225,213.0,216.0,698,1,,2623,DELIVERED,Correo Argentino,TRK-LCOLG67KA0
9000009226,1000009226,12.0,17.0,835,1,,1669,SHIPPED,Correo Argentino,TRK-IZFQJAH3L3
9000009227,1000009227,311.0,312.0,11,2,4.0,4,DELIVERED,PICKUP,
9000009228,1000009228,218.0,219.0,699,2,2.0,2,DELIVERED,PICKUP,
9000009229,1000009229,367.0,371.0,9,1,,85,DELIVERED,Correo Argentino,TRK-OCIJKXTGOR
9000009230,1000009230,,,561,1,,2737,CANCELLED,Correo Argentino,
9000009231,1000009231,537.0,538.0,1143,2,3.0,3,DELIVERED,PICKUP,
9000009232,1000009232,429.0,430.0,681,2,3.0,3,DELIVERED,PICKUP,
9000009233,1000009233,,,668,1,,149,CANCELLED,Correo Argentino,
9000009234,1000009234,588.0,593.0,635,1,,1761,DELIVERED,Correo Argentino,TRK-IA78WYGRWE
9000009235,1000009235,267.0,269.0,284,1,,138,DELIVERED,Correo Argentino,TRK-85TXLQGJCN
9000009236,1000009236,516.0,517.0,366,2,4.0,4,DELIVERED,PICKUP,
9000009237,1000009237,574.0,579.0,851,1,,191,DELIVERED,Correo Argentino,TRK-22SGJEVJBZ
9000009238,1000009238,237.0,241.0,1161,1,,1062,DELIVERED,Correo Argentino,TRK-3A7P1NLWW5
9000009239,1000009239,,,1436,1,,2167,CANCELLED,Correo Argentino,
9000009240,1000009240,546.0,547.0,1326,2,4.0,4,DELIVERED,PICKUP,
9000009241,1000009241,,,49,1,,1793,CANCELLED,Correo Argentino,
9000009242,1000009242,526.0,529.0,4,1,,2115,DELIVERED,Correo Argentino,TRK-C5NSUM3S0F
9000009243,1000009243,595.0,596.0,855,2,3.0,3,DELIVERED,PICKUP,
9000009244,1000009244,393.0,397.0,89,1,,2765,DELIVERED,Correo Argentino,TRK-VEDASXG3JF
9000009245,1000009245,317.0,320.0,114,1,,853,DELIVERED,Correo Argentino,TRK-BVXZSEQPIV
9000009246,1000009246,544.0,547.0,125,1,,484,DELIVERED,Correo Argentino,TRK-2PR7ZBFCJK
9000009247,1000009247,603.0,608.0,96,1,,2008,DELIVERED,Correo Argentino,TRK-WHZLLC5OS0
9000009248,1000009248,,,1378,2,4.0,4,CANCELLED,PICKUP,
9000009249,1000009249,489.0,490.0,175,2,1.0,1,DELIVERED,PICKUP,
9000009250,1000009250,14.0,18.0,1010,1,,1700,SHIPPED,Correo Argentino,TRK-33HRBDG6U5
9000009251,1000009251,14.0,19.0,384,1,,1011,DELIVERED,Correo Argentino,TRK-47BNYJQJAB
9000009252,1000009252,221.0,222.0,244,2,1.0,1,SHIPPED,PICKUP,
9000009253,1000009253,94.0,98.0,857,1,,2752,SHIPPED,Correo Argentino,TRK-6BAJY7339S
9000009254,1000009254,230.0,234.0,1255,1,,2718,DELIVERED,Correo Argentino,TRK-56N6FD2I4W
9000009255,1000009255,395.0,396.0,346,2,4.0,4,SHIPPED,PICKUP,
9000009256,1000009256,178.0,180.0,828,1,,744,DELIVERED,Correo Argentino,TRK-AFA3ATLH7C
9000009257,1000009257,175.0,177.0,1137,1,,2352,SHIPPED,Correo Argentino,TRK-26EROZ15TH
9000009258,1000009258,212.0,214.0,1098,1,,700,DELIVERED,Correo Argentino,TRK-ZK7TKQ2I0P
9000009259,1000009259,240.0,241.0,1055,2,3.0,3,DELIVERED,PICKUP,
9000009260,1000009260,8.0,9.0,1216,2,3.0,3,DELIVERED,PICKUP,
9000009261,1000009261,85.0,90.0,912,1,,2004,READY,Correo Argentino,TRK-1QS0T7B9XT
9000009262,1000009262,161.0,162.0,784,2,1.0,1,DELIVERED,PICKUP,
9000009263,1000009263,389.0,394.0,257,1,,776,DELIVERED,Correo Argentino,TRK-VY4U9E7IW8
9000009264,1000009264,200.0,201.0,582,2,1.0,1,DELIVERED,PICKUP,
9000009265,1000009265,374.0,375.0,305,2,4.0,4,DELIVERED,PICKUP,
9000009266,1000009266,224.0,225.0,894,2,3.0,3,DELIVERED,PICKUP,
9000009267,1000009267,322.0,323.0,656,2,3.0,3,DELIVERED,PICKUP,
9000009268,1000009268,118.0,121.0,442,1,,941,DELIVERED,Correo Argentino,TRK-8LJ20VKMME
9000009269,1000009269,279.0,281.0,1229,1,,1200,DELIVERED,Correo Argentino,TRK-H63175PDQI
9000009270,1000009270,,,819,1,,2638,CANCELLED,Correo Argentino,
9000009271,1000009271,498.0,502.0,193,1,,2179,READY,Correo Argentino,TRK-J61EWS8GJC
9000009272,1000009272,415.0,416.0,432,2,4.0,4,DELIVERED,PICKUP,
9000009273,1000009273,,,1095,1,,2394,CANCELLED,Correo Argentino,
9000009274,1000009274,56.0,57.0,781,2,4.0,4,SHIPPED,PICKUP,
9000009275,1000009275,53.0,57.0,562,1,,813,DELIVERED,Correo Argentino,TRK-GTXKJ81LTB
9000009276,1000009276,89.0,94.0,318,1,,1619,DELIVERED,Correo Argentino,TRK-8ITJF74MDK
9000009277,1000009277,254.0,259.0,725,1,,83,SHIPPED,Correo Argentino,TRK-DZOPDWPRTT
9000009278,1000009278,51.0,56.0,746,1,,2364,DELIVERED,Correo Argentino,TRK-WWEKFUGGNI
9000009279,1000009279,512.0,513.0,1214,2,1.0,1,DELIVERED,PICKUP,
9000009280,1000009280,587.0,590.0,302,1,,1660,DELIVERED,Correo Argentino,TRK-MRDNQXU095
9000009281,1000009281,342.0,343.0,913,2,1.0,1,SHIPPED,PICKUP,
9000009282,1000009282,204.0,207.0,1498,1,,3132,SHIPPED,Correo Argentino,TRK-7I19TF1ZAV
9000009283,1000009283,266.0,267.0,1274,2,2.0,2,DELIVERED,PICKUP,
9000009284,1000009284,348.0,354.0,916,1,,1365,SHIPPED,Correo Argentino,TRK-X81O38K7DD
9000009285,1000009285,,,882,1,,1523,CANCELLED,Correo Argentino,
9000009286,1000009286,49.0,51.0,740,1,,1194,DELIVERED,Correo Argentino,TRK-Q6HZU6YVE5
9000009287,1000009287,270.0,274.0,353,1,,1624,DELIVERED,Correo Argentino,TRK-U6WN0K8ABL
9000009288,1000009288,160.0,162.0,1445,1,,2820,DELIVERED,Correo Argentino,TRK-ECQTSEYMQN
9000009289,1000009289,184.0,185.0,1464,2,3.0,3,DELIVERED,PICKUP,
9000009290,1000009290,230.0,231.0,760,2,3.0,3,DELIVERED,PICKUP,
9000009291,1000009291,374.0,376.0,1328,1,,1976,DELIVERED,Correo Argentino,TRK-GIXO2PMTVO
9000009292,1000009292,537.0,540.0,766,1,,1631,READY,Correo Argentino,TRK-0GPRTEEQRB
9000009293,1000009293,313.0,318.0,452,1,,1272,DELIVERED,Correo Argentino,TRK-LHWSHRKKX4
9000009294,1000009294,513.0,517.0,644,1,,1661,DELIVERED,Correo Argentino,TRK-XZ2Q7VFRB8
9000009295,1000009295,380.0,381.0,804,2,2.0,2,DELIVERED,PICKUP,
9000009296,1000009296,520.0,524.0,830,1,,3089,DELIVERED,Correo Argentino,TRK-S8NDOIXQ0P
9000009297,1000009297,21.0,22.0,204,2,4.0,4,DELIVERED,PICKUP,
9000009298,1000009298,440.0,444.0,987,1,,2969,DELIVERED,Correo Argentino,TRK-5YDT3N6FE5
9000009299,1000009299,341.0,342.0,427,2,3.0,3,READY,PICKUP,
9000009300,1000009300,48.0,53.0,913,1,,2380,DELIVERED,Correo Argentino,TRK-XF0ED1L3TX
9000009301,1000009301,206.0,207.0,741,2,1.0,1,DELIVERED,PICKUP,
9000009302,1000009302,70.0,71.0,778,2,1.0,1,SHIPPED,PICKUP,
9000009303,1000009303,136.0,140.0,687,1,,2049,DELIVERED,Correo Argentino,TRK-WKC2OV4IFL
9000009304,1000009304,187.0,188.0,165,2,2.0,2,DELIVERED,PICKUP,
9000009305,1000009305,622.0,624.0,112,1,,1787,DELIVERED,Correo Argentino,TRK-9ISC7YZ383
9000009306,1000009306,28.0,29.0,356,2,1.0,1,DELIVERED,PICKUP,
9000009307,1000009307,626.0,630.0,1246,1,,2422,DELIVERED,Correo Argentino,TRK-SAFYTM1H5O
9000009308,1000009308,592.0,597.0,729,1,,2287,DELIVERED,Correo Argentino,TRK-9Q0IT02ZP7
9000009309,1000009309,354.0,355.0,862,2,3.0,3,DELIVERED,PICKUP,
9000009310,1000009310,12.0,13.0,177,2,1.0,1,SHIPPED,PICKUP,
9000009311,1000009311,,,1100,1,,2599,CANCELLED,Correo Argentino,
9000009312,1000009312,517.0,518.0,83,2,2.0,2,DELIVERED,PICKUP,
9000009313,1000009313,629.0,631.0,566,1,,2428,DELIVERED,Correo Argentino,TRK-IJ9TECUXS2
9000009314,1000009314,537.0,540.0,715,1,,213,SHIPPED,Correo Argentino,TRK-UCOHC2P7J7
9000009315,1000009315,261.0,262.0,175,2,1.0,1,DELIVERED,PICKUP,
9000009316,1000009316,235.0,240.0,965,1,,2368,DELIVERED,Correo Argentino,TRK-UXQ96IPS53
9000009317,1000009317,117.0,118.0,840,2,4.0,4,DELIVERED,PICKUP,
9000009318,1000009318,279.0,280.0,211,2,4.0,4,DELIVERED,PICKUP,
9000009319,1000009319,526.0,531.0,1084,1,,1295,DELIVERED,Correo Argentino,TRK-4OPE3KM771
9000009320,1000009320,498.0,501.0,860,1,,2459,SHIPPED,Correo Argentino,TRK-8GZA34BAQN
9000009321,1000009321,53.0,57.0,951,1,,1943,DELIVERED,Correo Argentino,TRK-WB46WN73KK
9000009322,1000009322,640.0,643.0,118,1,,1575,DELIVERED,Correo Argentino,TRK-BVNLRAGZC2
9000009323,1000009323,194.0,199.0,1294,1,,2841,DELIVERED,Correo Argentino,TRK-NX60861WAL
9000009324,1000009324,576.0,577.0,1052,2,2.0,2,DELIVERED,PICKUP,
9000009325,1000009325,130.0,131.0,615,2,3.0,3,DELIVERED,PICKUP,
9000009326,1000009326,219.0,220.0,1152,2,2.0,2,DELIVERED,PICKUP,
9000009327,1000009327,349.0,350.0,781,2,2.0,2,SHIPPED,PICKUP,
9000009328,1000009328,71.0,73.0,298,1,,2753,DELIVERED,Correo Argentino,TRK-ZC7NJ7ZYFC
9000009329,1000009329,96.0,101.0,1011,1,,1845,DELIVERED,Correo Argentino,TRK-O4Z545L8LC
9000009330,1000009330,265.0,266.0,688,2,3.0,3,SHIPPED,PICKUP,
9000009331,1000009331,300.0,304.0,526,1,,1848,SHIPPED,Correo Argentino,TRK-N0LXIOQAEF
9000009332,1000009332,132.0,137.0,730,1,,2678,DELIVERED,Correo Argentino,TRK-EIW49A1YY5
9000009333,1000009333,545.0,549.0,908,1,,2894,SHIPPED,Correo Argentino,TRK-IYBQ82TA1A
9000009334,1000009334,186.0,190.0,1302,1,,237,READY,Correo Argentino,TRK-6XCSQA25GX
9000009335,1000009335,296.0,297.0,510,2,4.0,4,DELIVERED,PICKUP,
9000009336,1000009336,138.0,139.0,971,2,3.0,3,DELIVERED,PICKUP,
9000009337,1000009337,121.0,124.0,480,1,,3044,DELIVERED,Correo Argentino,TRK-Q5XE0NEVEE
9000009338,1000009338,178.0,179.0,304,2,4.0,4,SHIPPED,PICKUP,
9000009339,1000009339,,,444,1,,419,CANCELLED,Correo Argentino,
9000009340,1000009340,,,1067,1,,1437,CANCELLED,Correo Argentino,
9000009341,1000009341,123.0,127.0,708,1,,2009,DELIVERED,Correo Argentino,TRK-YY4IXIONGJ
9000009342,1000009342,160.0,161.0,262,2,2.0,2,DELIVERED,PICKUP,
9000009343,1000009343,6.0,7.0,114,2,4.0,4,DELIVERED,PICKUP,
9000009344,1000009344,475.0,476.0,573,2,1.0,1,DELIVERED,PICKUP,
9000009345,1000009345,,,423,2,2.0,2,CANCELLED,PICKUP,
9000009346,1000009346,488.0,491.0,1246,1,,2495,DELIVERED,Correo Argentino,TRK-53K23ITYYO
9000009347,1000009347,187.0,188.0,375,2,1.0,1,DELIVERED,PICKUP,
9000009348,1000009348,220.0,225.0,378,1,,687,DELIVERED,Correo Argentino,TRK-L16TC5LJF7
9000009349,1000009349,618.0,619.0,1025,2,1.0,1,DELIVERED,PICKUP,
9000009350,1000009350,566.0,570.0,1466,1,,561,DELIVERED,Correo Argentino,TRK-W788A8FMXX
9000009351,1000009351,294.0,299.0,1353,1,,383,DELIVERED,Correo Argentino,TRK-PZ5NZ02G8K
9000009352,1000009352,82.0,83.0,956,2,4.0,4,DELIVERED,PICKUP,
9000009353,1000009353,541.0,542.0,191,2,4.0,4,DELIVERED,PICKUP,
9000009354,1000009354,143.0,144.0,1085,2,2.0,2,DELIVERED,PICKUP,
9000009355,1000009355,526.0,527.0,979,2,1.0,1,DELIVERED,PICKUP,
9000009356,1000009356,341.0,343.0,1463,1,,2724,DELIVERED,Correo Argentino,TRK-1F77CK40TD
9000009357,1000009357,527.0,531.0,423,1,,664,DELIVERED,Correo Argentino,TRK-B0KYC3HYJ6
9000009358,1000009358,83.0,86.0,770,1,,2039,DELIVERED,Correo Argentino,TRK-X8ABFINO8S
9000009359,1000009359,331.0,334.0,905,1,,2731,DELIVERED,Correo Argentino,TRK-LHVSYLWV2Y
9000009360,1000009360,247.0,251.0,498,1,,2856,DELIVERED,Correo Argentino,TRK-I58CJ0L41Z
9000009361,1000009361,563.0,568.0,105,1,,1075,DELIVERED,Correo Argentino,TRK-YHH1FF6J6D
9000009362,1000009362,555.0,558.0,530,1,,2084,DELIVERED,Correo Argentino,TRK-X4HE6FW3CQ
9000009363,1000009363,145.0,146.0,537,2,4.0,4,SHIPPED,PICKUP,
9000009364,1000009364,352.0,353.0,1199,2,2.0,2,DELIVERED,PICKUP,
9000009365,1000009365,208.0,209.0,1347,2,3.0,3,DELIVERED,PICKUP,
9000009366,1000009366,321.0,323.0,173,1,,2865,SHIPPED,Correo Argentino,TRK-6A28INRQRS
9000009367,1000009367,137.0,138.0,1026,2,4.0,4,DELIVERED,PICKUP,
9000009368,1000009368,93.0,94.0,850,2,4.0,4,SHIPPED,PICKUP,
9000009369,1000009369,211.0,216.0,736,1,,3117,DELIVERED,Correo Argentino,TRK-URO5X014DE
9000009370,1000009370,9.0,10.0,1339,2,3.0,3,READY,PICKUP,
9000009371,1000009371,325.0,330.0,573,1,,1668,SHIPPED,Correo Argentino,TRK-4ZW2IWKUEU
9000009372,1000009372,432.0,433.0,1409,2,1.0,1,DELIVERED,PICKUP,
9000009373,1000009373,471.0,476.0,363,1,,1230,DELIVERED,Correo Argentino,TRK-YRF3SILREG
9000009374,1000009374,243.0,244.0,33,2,4.0,4,DELIVERED,PICKUP,
9000009375,1000009375,,,1433,2,4.0,4,CANCELLED,PICKUP,
9000009376,1000009376,309.0,310.0,873,2,2.0,2,DELIVERED,PICKUP,
9000009377,1000009377,316.0,318.0,270,1,,225,DELIVERED,Correo Argentino,TRK-7DBF92DL8P
9000009378,1000009378,334.0,338.0,1328,1,,247,DELIVERED,Correo Argentino,TRK-VGUA09MOVC
9000009379,1000009379,273.0,274.0,730,2,3.0,3,SHIPPED,PICKUP,
9000009380,1000009380,600.0,601.0,116,2,3.0,3,DELIVERED,PICKUP,
9000009381,1000009381,545.0,548.0,1485,1,,2653,DELIVERED,Correo Argentino,TRK-FR9JWOELG1
9000009382,1000009382,374.0,375.0,1405,2,3.0,3,READY,PICKUP,
9000009383,1000009383,46.0,50.0,652,1,,1888,DELIVERED,Correo Argentino,TRK-3QKUM3G0L9
9000009384,1000009384,249.0,254.0,979,1,,2070,DELIVERED,Correo Argentino,TRK-F2MNZ5I2OB
9000009385,1000009385,485.0,488.0,275,1,,1366,DELIVERED,Correo Argentino,TRK-9KYZQKDHLD
9000009386,1000009386,546.0,547.0,1131,2,3.0,3,DELIVERED,PICKUP,
9000009387,1000009387,554.0,557.0,1108,1,,2551,DELIVERED,Correo Argentino,TRK-DXEZMVWWOH
9000009388,1000009388,142.0,144.0,1176,1,,1713,SHIPPED,Correo Argentino,TRK-3U6C73QY9S
9000009389,1000009389,58.0,63.0,1435,1,,3197,DELIVERED,Correo Argentino,TRK-VMMVHJORZJ
9000009390,1000009390,305.0,310.0,872,1,,2452,DELIVERED,Correo Argentino,TRK-OL88YQETQD
9000009391,1000009391,437.0,442.0,1098,1,,928,DELIVERED,Correo Argentino,TRK-0VU6INAY4Q
9000009392,1000009392,3.0,8.0,287,1,,1586,DELIVERED,Correo Argentino,TRK-8KLJ50N3CB
9000009393,1000009393,610.0,611.0,1496,2,1.0,1,DELIVERED,PICKUP,
9000009394,1000009394,409.0,410.0,712,2,3.0,3,DELIVERED,PICKUP,
9000009395,1000009395,237.0,238.0,607,2,2.0,2,DELIVERED,PICKUP,
9000009396,1000009396,251.0,258.0,25,1,,293,DELIVERED,Correo Argentino,TRK-FM6VD2UFAR
9000009397,1000009397,92.0,93.0,571,2,2.0,2,DELIVERED,PICKUP,
9000009398,1000009398,597.0,598.0,1444,2,4.0,4,SHIPPED,PICKUP,
9000009399,1000009399,385.0,390.0,461,1,,1082,DELIVERED,Correo Argentino,TRK-XOVE40IO57
9000009400,1000009400,453.0,455.0,1346,1,,2343,SHIPPED,Correo Argentino,TRK-DNUIIZJ23K
9000009401,1000009401,570.0,571.0,226,2,3.0,3,DELIVERED,PICKUP,
9000009402,1000009402,631.0,634.0,931,1,,226,DELIVERED,Correo Argentino,TRK-Z2HWEBN84G
9000009403,1000009403,531.0,535.0,523,1,,933,DELIVERED,Correo Argentino,TRK-6W2U4QS86Q
9000009404,1000009404,20.0,25.0,330,1,,1855,DELIVERED,Correo Argentino,TRK-28NK5DEQTB
9000009405,1000009405,373.0,376.0,261,1,,2653,DELIVERED,Correo Argentino,TRK-VQCXT20LQY
9000009406,1000009406,42.0,43.0,325,2,4.0,4,DELIVERED,PICKUP,
9000009407,1000009407,64.0,65.0,751,2,1.0,1,DELIVERED,PICKUP,
9000009408,1000009408,524.0,525.0,1156,2,1.0,1,READY,PICKUP,
9000009409,1000009409,434.0,435.0,393,2,3.0,3,DELIVERED,PICKUP,
9000009410,1000009410,525.0,529.0,3,1,,446,DELIVERED,Correo Argentino,TRK-G2FWPT55V7
9000009411,1000009411,420.0,421.0,801,2,4.0,4,DELIVERED,PICKUP,
9000009412,1000009412,,,85,1,,942,CANCELLED,Correo Argentino,
9000009413,1000009413,424.0,427.0,808,1,,1248,DELIVERED,Correo Argentino,TRK-MYZMMXYMIA
9000009414,1000009414,274.0,275.0,251,2,3.0,3,DELIVERED,PICKUP,
9000009415,1000009415,487.0,488.0,233,2,2.0,2,DELIVERED,PICKUP,
9000009416,1000009416,568.0,572.0,937,1,,362,DELIVERED,Correo Argentino,TRK-STR5UYJK3T
9000009417,1000009417,501.0,505.0,1094,1,,772,SHIPPED,Correo Argentino,TRK-EVUH3IHQCO
9000009418,1000009418,636.0,641.0,47,1,,490,SHIPPED,Correo Argentino,TRK-T1BLFKKWLZ
9000009419,1000009419,412.0,417.0,667,1,,256,DELIVERED,Correo Argentino,TRK-LFVSKZXCNT
9000009420,1000009420,455.0,459.0,827,1,,321,DELIVERED,Correo Argentino,TRK-TEX50TH4X8
9000009421,1000009421,85.0,91.0,143,1,,185,SHIPPED,Correo Argentino,TRK-9FD3LKQRN3
9000009422,1000009422,384.0,387.0,797,1,,2583,SHIPPED,Correo Argentino,TRK-8CU98KWFT1
9000009423,1000009423,395.0,396.0,85,2,2.0,2,DELIVERED,PICKUP,
9000009424,1000009424,87.0,91.0,183,1,,1834,READY,Correo Argentino,TRK-N3OBUOP6EN
9000009425,1000009425,216.0,217.0,980,2,3.0,3,SHIPPED,PICKUP,
9000009426,1000009426,,,576,2,3.0,3,CANCELLED,PICKUP,
9000009427,1000009427,466.0,469.0,1319,1,,2573,DELIVERED,Correo Argentino,TRK-4ZIQIC8OXQ
9000009428,1000009428,624.0,625.0,474,2,1.0,1,DELIVERED,PICKUP,
9000009429,1000009429,414.0,416.0,809,1,,1693,DELIVERED,Correo Argentino,TRK-5MTG57T525
9000009430,1000009430,396.0,398.0,528,1,,2657,DELIVERED,Correo Argentino,TRK-XTHRM2CGIY
9000009431,1000009431,537.0,541.0,1268,1,,1333,DELIVERED,Correo Argentino,TRK-L0G6XZH7KX
9000009432,1000009432,333.0,336.0,1028,1,,1261,DELIVERED,Correo Argentino,TRK-3BKK8GHVNU
9000009433,1000009433,120.0,121.0,1223,2,3.0,3,DELIVERED,PICKUP,
9000009434,1000009434,601.0,606.0,138,1,,282,SHIPPED,Correo Argentino,TRK-EWN8NRQ54E
9000009435,1000009435,394.0,395.0,634,2,1.0,1,DELIVERED,PICKUP,
9000009436,1000009436,277.0,278.0,1461,2,4.0,4,DELIVERED,PICKUP,
9000009437,1000009437,353.0,354.0,621,2,4.0,4,DELIVERED,PICKUP,
9000009438,1000009438,497.0,500.0,375,1,,2884,DELIVERED,Correo Argentino,TRK-9G7AN4CR0W
9000009439,1000009439,457.0,464.0,147,1,,3098,DELIVERED,Correo Argentino,TRK-YDNF2ZV26S
9000009440,1000009440,610.0,614.0,305,1,,705,SHIPPED,Correo Argentino,TRK-ZAX2K9836V
9000009441,1000009441,,,562,1,,2360,CANCELLED,Correo Argentino,
9000009442,1000009442,270.0,271.0,1484,2,2.0,2,SHIPPED,PICKUP,
9000009443,1000009443,381.0,384.0,1022,1,,1490,DELIVERED,Correo Argentino,TRK-12CUW5YM2J
9000009444,1000009444,29.0,30.0,1082,2,4.0,4,DELIVERED,PICKUP,
9000009445,1000009445,41.0,46.0,1475,1,,1059,DELIVERED,Correo Argentino,TRK-M7JIL0073M
9000009446,1000009446,309.0,312.0,670,1,,1928,DELIVERED,Correo Argentino,TRK-9TJZCX3SLT
9000009447,1000009447,501.0,502.0,836,2,1.0,1,DELIVERED,PICKUP,
9000009448,1000009448,37.0,41.0,1344,1,,2780,SHIPPED,Correo Argentino,TRK-839S0HWXR1
9000009449,1000009449,339.0,340.0,524,2,2.0,2,DELIVERED,PICKUP,
9000009450,1000009450,443.0,444.0,1207,2,4.0,4,DELIVERED,PICKUP,
9000009451,1000009451,247.0,248.0,985,2,4.0,4,DELIVERED,PICKUP,
9000009452,1000009452,399.0,400.0,90,2,1.0,1,DELIVERED,PICKUP,
9000009453,1000009453,,,1200,1,,1605,CANCELLED,Correo Argentino,
9000009454,1000009454,350.0,352.0,1376,1,,777,DELIVERED,Correo Argentino,TRK-GS16REFPYM
9000009455,1000009455,567.0,572.0,752,1,,1049,DELIVERED,Correo Argentino,TRK-WBXKWI6MRI
9000009456,1000009456,385.0,386.0,1084,2,3.0,3,DELIVERED,PICKUP,
9000009457,1000009457,368.0,373.0,439,1,,1212,DELIVERED,Correo Argentino,TRK-WVY1QIM3BT
9000009458,1000009458,535.0,539.0,1228,1,,1540,DELIVERED,Correo Argentino,TRK-55QJOBD784
9000009459,1000009459,236.0,241.0,1289,1,,2407,SHIPPED,Correo Argentino,TRK-LY9YVIJ1ZT
9000009460,1000009460,111.0,112.0,523,2,4.0,4,DELIVERED,PICKUP,
9000009461,1000009461,430.0,431.0,1377,2,1.0,1,DELIVERED,PICKUP,
9000009462,1000009462,,,184,2,3.0,3,CANCELLED,PICKUP,
9000009463,1000009463,501.0,502.0,1168,2,1.0,1,DELIVERED,PICKUP,
9000009464,1000009464,170.0,171.0,1332,2,1.0,1,DELIVERED,PICKUP,
9000009465,1000009465,148.0,149.0,254,2,1.0,1,SHIPPED,PICKUP,
9000009466,1000009466,265.0,269.0,826,1,,1420,DELIVERED,Correo Argentino,TRK-BOJLY61OQZ
9000009467,1000009467,519.0,520.0,166,2,2.0,2,SHIPPED,PICKUP,
9000009468,1000009468,157.0,159.0,397,1,,2592,DELIVERED,Correo Argentino,TRK-141D86BYL1
9000009469,1000009469,210.0,212.0,152,1,,2509,SHIPPED,Correo Argentino,TRK-036KCC4TVV
9000009470,1000009470,91.0,92.0,1374,2,3.0,3,DELIVERED,PICKUP,
9000009471,1000009471,618.0,619.0,521,2,3.0,3,DELIVERED,PICKUP,
9000009472,1000009472,475.0,477.0,1117,1,,2371,DELIVERED,Correo Argentino,TRK-I1TE54GYCQ
9000009473,1000009473,422.0,423.0,849,2,4.0,4,DELIVERED,PICKUP,
9000009474,1000009474,613.0,615.0,1182,1,,2587,DELIVERED,Correo Argentino,TRK-XRD2M1EH3J
9000009475,1000009475,385.0,386.0,121,2,4.0,4,SHIPPED,PICKUP,
9000009476,1000009476,485.0,489.0,71,1,,575,DELIVERED,Correo Argentino,TRK-F979NX6CFH
9000009477,1000009477,259.0,260.0,841,2,2.0,2,DELIVERED,PICKUP,
9000009478,1000009478,82.0,87.0,1224,1,,1044,DELIVERED,Correo Argentino,TRK-7HV3KBJE7H
9000009479,1000009479,447.0,452.0,719,1,,514,DELIVERED,Correo Argentino,TRK-0UIV527DSX
9000009480,1000009480,608.0,609.0,663,2,2.0,2,SHIPPED,PICKUP,
9000009481,1000009481,,,351,2,4.0,4,CANCELLED,PICKUP,
9000009482,1000009482,577.0,580.0,856,1,,2872,DELIVERED,Correo Argentino,TRK-77BN2EZ1ID
9000009483,1000009483,430.0,433.0,158,1,,3074,DELIVERED,Correo Argentino,TRK-CS2S3JJDOS
9000009484,1000009484,606.0,610.0,321,1,,828,DELIVERED,Correo Argentino,TRK-7ASAZBUWNP
9000009485,1000009485,311.0,314.0,1033,1,,1395,DELIVERED,Correo Argentino,TRK-BUUWF5A2NT
9000009486,1000009486,225.0,226.0,570,2,3.0,3,DELIVERED,PICKUP,
9000009487,1000009487,15.0,16.0,1496,2,2.0,2,DELIVERED,PICKUP,
9000009488,1000009488,543.0,544.0,1464,2,1.0,1,DELIVERED,PICKUP,
9000009489,1000009489,24.0,25.0,300,2,2.0,2,DELIVERED,PICKUP,
9000009490,1000009490,511.0,512.0,238,2,4.0,4,DELIVERED,PICKUP,
9000009491,1000009491,441.0,445.0,659,1,,945,DELIVERED,Correo Argentino,TRK-0H8XX51ZNF
9000009492,1000009492,244.0,245.0,1170,2,4.0,4,SHIPPED,PICKUP,
9000009493,1000009493,15.0,16.0,874,2,4.0,4,DELIVERED,PICKUP,
9000009494,1000009494,324.0,325.0,1202,2,3.0,3,SHIPPED,PICKUP,
9000009495,1000009495,,,12,2,2.0,2,CANCELLED,PICKUP,
9000009496,1000009496,466.0,467.0,220,2,4.0,4,DELIVERED,PICKUP,
9000009497,1000009497,114.0,118.0,535,1,,2637,SHIPPED,Correo Argentino,TRK-ZNOXS1VEG3
9000009498,1000009498,249.0,250.0,1224,2,1.0,1,DELIVERED,PICKUP,
9000009499,1000009499,599.0,602.0,391,1,,547,SHIPPED,Correo Argentino,TRK-61Y9J6WQRH
9000009500,1000009500,262.0,267.0,22,1,,166,DELIVERED,Correo Argentino,TRK-AFQU7UPTS9
9000009501,1000009501,313.0,318.0,679,1,,1873,DELIVERED,Correo Argentino,TRK-VEPZDK986Q
9000009502,1000009502,309.0,312.0,906,1,,2113,DELIVERED,Correo Argentino,TRK-6PT8YDWJ3T
9000009503,1000009503,78.0,82.0,705,1,,2560,DELIVERED,Correo Argentino,TRK-PR7RT0FC22
9000009504,1000009504,240.0,241.0,281,2,3.0,3,DELIVERED,PICKUP,
9000009505,1000009505,449.0,454.0,672,1,,653,DELIVERED,Correo Argentino,TRK-WJQZ5O3J0Z
9000009506,1000009506,608.0,611.0,1239,1,,1821,SHIPPED,Correo Argentino,TRK-KEVNI6BXUI
9000009507,1000009507,569.0,570.0,1058,2,1.0,1,SHIPPED,PICKUP,
9000009508,1000009508,160.0,162.0,371,1,,2542,DELIVERED,Correo Argentino,TRK-CQTLIQQYMD
9000009509,1000009509,117.0,122.0,1297,1,,2625,DELIVERED,Correo Argentino,TRK-2NP0RMXD5C
9000009510,1000009510,329.0,330.0,528,2,3.0,3,DELIVERED,PICKUP,
9000009511,1000009511,355.0,360.0,1432,1,,3111,DELIVERED,Correo Argentino,TRK-AW6PFCXM1B
9000009512,1000009512,545.0,546.0,1293,2,2.0,2,DELIVERED,PICKUP,
9000009513,1000009513,310.0,316.0,985,1,,2389,SHIPPED,Correo Argentino,TRK-KBRQP769JT
9000009514,1000009514,32.0,34.0,478,1,,775,DELIVERED,Correo Argentino,TRK-58SMBKIYK9
9000009515,1000009515,7.0,13.0,752,1,,658,SHIPPED,Correo Argentino,TRK-4IQDL6R7N9
9000009516,1000009516,585.0,588.0,892,1,,2662,READY,Correo Argentino,TRK-AMOP6OVPSL
9000009517,1000009517,280.0,284.0,1308,1,,1381,DELIVERED,Correo Argentino,TRK-9Z662NRUOJ
9000009518,1000009518,479.0,480.0,59,2,3.0,3,DELIVERED,PICKUP,
9000009519,1000009519,64.0,68.0,643,1,,2777,DELIVERED,Correo Argentino,TRK-UJG23T95XE
9000009520,1000009520,558.0,561.0,994,1,,404,DELIVERED,Correo Argentino,TRK-A9DF9M52GL
9000009521,1000009521,89.0,90.0,165,2,1.0,1,DELIVERED,PICKUP,
9000009522,1000009522,585.0,587.0,1275,1,,389,SHIPPED,Correo Argentino,TRK-VCT61YDPC1
9000009523,1000009523,625.0,627.0,987,1,,397,DELIVERED,Correo Argentino,TRK-4V1NG3IYXC
9000009524,1000009524,217.0,220.0,117,1,,1730,DELIVERED,Correo Argentino,TRK-BHUT8UZKNC
9000009525,1000009525,144.0,145.0,1315,2,3.0,3,SHIPPED,PICKUP,
9000009526,1000009526,461.0,465.0,517,1,,279,DELIVERED,Correo Argentino,TRK-PHFIOVIWVO
9000009527,1000009527,147.0,148.0,1256,2,3.0,3,DELIVERED,PICKUP,
9000009528,1000009528,439.0,440.0,486,2,1.0,1,SHIPPED,PICKUP,
9000009529,1000009529,,,1132,1,,625,CANCELLED,Correo Argentino,
9000009530,1000009530,491.0,492.0,139,2,1.0,1,READY,PICKUP,
9000009531,1000009531,600.0,604.0,1330,1,,1537,SHIPPED,Correo Argentino,TRK-MK7K811KUE
9000009532,1000009532,616.0,619.0,1495,1,,2590,DELIVERED,Correo Argentino,TRK-3XXTC7UDGC
9000009533,1000009533,581.0,585.0,825,1,,2113,DELIVERED,Correo Argentino,TRK-9LVLXSKABO
9000009534,1000009534,,,538,2,1.0,1,CANCELLED,PICKUP,
9000009535,1000009535,97.0,98.0,264,2,1.0,1,DELIVERED,PICKUP,
9000009536,1000009536,589.0,591.0,216,1,,3068,DELIVERED,Correo Argentino,TRK-JX3KMCIMXN
9000009537,1000009537,,,314,1,,1369,CANCELLED,Correo Argentino,
9000009538,1000009538,238.0,239.0,552,2,3.0,3,DELIVERED,PICKUP,
9000009539,1000009539,270.0,274.0,1111,1,,177,SHIPPED,Correo Argentino,TRK-HVR51NGQHF
9000009540,1000009540,357.0,361.0,11,1,,2114,DELIVERED,Correo Argentino,TRK-PSCGNR0MYS
9000009541,1000009541,383.0,384.0,857,2,1.0,1,SHIPPED,PICKUP,
9000009542,1000009542,556.0,559.0,359,1,,1822,DELIVERED,Correo Argentino,TRK-QKWNZWPXQM
9000009543,1000009543,102.0,103.0,1207,2,3.0,3,DELIVERED,PICKUP,
9000009544,1000009544,161.0,166.0,1341,1,,1936,SHIPPED,Correo Argentino,TRK-DJLH1PR5CW
9000009545,1000009545,,,1297,1,,676,CANCELLED,Correo Argentino,
9000009546,1000009546,553.0,556.0,1343,1,,695,DELIVERED,Correo Argentino,TRK-X6UD6ZEJYT
9000009547,1000009547,455.0,457.0,1391,1,,2475,DELIVERED,Correo Argentino,TRK-1X0MDI29P1
9000009548,1000009548,256.0,257.0,1491,2,4.0,4,DELIVERED,PICKUP,
9000009549,1000009549,18.0,21.0,1173,1,,2897,DELIVERED,Correo Argentino,TRK-YY8XSIRYU4
9000009550,1000009550,22.0,24.0,299,1,,2714,DELIVERED,Correo Argentino,TRK-JHN66X7VWJ
9000009551,1000009551,369.0,373.0,561,1,,2098,DELIVERED,Correo Argentino,TRK-UCAW0RG3Q6
9000009552,1000009552,197.0,200.0,786,1,,2501,DELIVERED,Correo Argentino,TRK-GVDQDLXZXE
9000009553,1000009553,553.0,557.0,1,1,,2668,DELIVERED,Correo Argentino,TRK-0S9TBIWHS2
9000009554,1000009554,560.0,565.0,712,1,,2739,DELIVERED,Correo Argentino,TRK-KWS8TZGKJ8
9000009555,1000009555,435.0,437.0,1172,1,,557,DELIVERED,Correo Argentino,TRK-43703UZQHR
9000009556,1000009556,489.0,490.0,687,2,1.0,1,DELIVERED,PICKUP,
9000009557,1000009557,6.0,8.0,162,1,,2087,READY,Correo Argentino,TRK-RJCB8VN15Y
9000009558,1000009558,567.0,570.0,493,1,,447,SHIPPED,Correo Argentino,TRK-COA8D25PEP
9000009559,1000009559,343.0,344.0,1118,2,3.0,3,DELIVERED,PICKUP,
9000009560,1000009560,,,795,1,,2780,CANCELLED,Correo Argentino,
9000009561,1000009561,355.0,357.0,1074,1,,2021,DELIVERED,Correo Argentino,TRK-8J086QCPCZ
9000009562,1000009562,312.0,317.0,476,1,,2053,SHIPPED,Correo Argentino,TRK-Z1DN69ULV4
9000009563,1000009563,,,1450,2,3.0,3,CANCELLED,PICKUP,
9000009564,1000009564,393.0,399.0,104,1,,1108,SHIPPED,Correo Argentino,TRK-XP1K4MVM9E
9000009565,1000009565,221.0,225.0,284,1,,3175,DELIVERED,Correo Argentino,TRK-IZ3CDTK5X1
9000009566,1000009566,638.0,642.0,1322,1,,2516,DELIVERED,Correo Argentino,TRK-5A62BW4WGQ
9000009567,1000009567,156.0,157.0,445,2,4.0,4,READY,PICKUP,
9000009568,1000009568,,,1380,1,,1014,CANCELLED,Correo Argentino,
9000009569,1000009569,325.0,329.0,750,1,,1866,SHIPPED,Correo Argentino,TRK-GVN8C3ZJFW
9000009570,1000009570,634.0,637.0,241,1,,147,DELIVERED,Correo Argentino,TRK-GY6QCAQ19K
9000009571,1000009571,631.0,632.0,513,2,1.0,1,DELIVERED,PICKUP,
9000009572,1000009572,96.0,102.0,1425,1,,1143,DELIVERED,Correo Argentino,TRK-X1F80OUU3N
9000009573,1000009573,,,1107,1,,626,CANCELLED,Correo Argentino,
9000009574,1000009574,214.0,218.0,423,1,,9,DELIVERED,Correo Argentino,TRK-I6GVXS6WIZ
9000009575,1000009575,248.0,249.0,1465,2,1.0,1,DELIVERED,PICKUP,
9000009576,1000009576,552.0,553.0,674,2,1.0,1,DELIVERED,PICKUP,
9000009577,1000009577,536.0,537.0,128,2,3.0,3,DELIVERED,PICKUP,
9000009578,1000009578,103.0,106.0,78,1,,2464,DELIVERED,Correo Argentino,TRK-1G7XQYNCAF
9000009579,1000009579,187.0,192.0,216,1,,2967,DELIVERED,Correo Argentino,TRK-QKHR0ZR2CQ
9000009580,1000009580,579.0,581.0,666,1,,2504,DELIVERED,Correo Argentino,TRK-T82T1JEVPW
9000009581,1000009581,191.0,197.0,842,1,,1143,DELIVERED,Correo Argentino,TRK-OWMSJPLRM3
9000009582,1000009582,466.0,467.0,1154,2,1.0,1,DELIVERED,PICKUP,
9000009583,1000009583,16.0,17.0,548,2,2.0,2,DELIVERED,PICKUP,
9000009584,1000009584,128.0,132.0,1287,1,,1309,DELIVERED,Correo Argentino,TRK-BNVAPJ2V97
9000009585,1000009585,86.0,90.0,1322,1,,1564,DELIVERED,Correo Argentino,TRK-BQ5ZAYOA26
9000009586,1000009586,231.0,232.0,487,2,4.0,4,DELIVERED,PICKUP,
9000009587,1000009587,108.0,113.0,1003,1,,273,DELIVERED,Correo Argentino,TRK-Y03VOO4ES3
9000009588,1000009588,577.0,580.0,445,1,,413,DELIVERED,Correo Argentino,TRK-A5TTBAX7MK
9000009589,1000009589,126.0,129.0,402,1,,3106,DELIVERED,Correo Argentino,TRK-M5EHOLHW4U
9000009590,1000009590,158.0,159.0,925,2,2.0,2,DELIVERED,PICKUP,
9000009591,1000009591,557.0,558.0,1308,2,4.0,4,DELIVERED,PICKUP,
9000009592,1000009592,549.0,550.0,995,2,2.0,2,DELIVERED,PICKUP,
9000009593,1000009593,564.0,565.0,539,2,4.0,4,DELIVERED,PICKUP,
9000009594,1000009594,598.0,601.0,1340,1,,173,DELIVERED,Correo Argentino,TRK-PAPLBI4SNA
9000009595,1000009595,,,1072,1,,2568,CANCELLED,Correo Argentino,
9000009596,1000009596,100.0,101.0,942,2,3.0,3,DELIVERED,PICKUP,
9000009597,1000009597,,,1270,1,,1689,CANCELLED,Correo Argentino,
9000009598,1000009598,369.0,373.0,929,1,,2311,DELIVERED,Correo Argentino,TRK-61GNPVN1DY
9000009599,1000009599,431.0,432.0,1487,2,1.0,1,SHIPPED,PICKUP,
9000009600,1000009600,80.0,81.0,437,2,1.0,1,SHIPPED,PICKUP,
9000009601,1000009601,352.0,354.0,554,1,,2825,DELIVERED,Correo Argentino,TRK-819NB20TWF
9000009602,1000009602,3.0,5.0,948,1,,762,DELIVERED,Correo Argentino,TRK-TA0IB24K7Z
9000009603,1000009603,200.0,204.0,397,1,,817,DELIVERED,Correo Argentino,TRK-YEJQEJEMHQ
9000009604,1000009604,105.0,106.0,988,2,4.0,4,SHIPPED,PICKUP,
9000009605,1000009605,541.0,545.0,1216,1,,1285,DELIVERED,Correo Argentino,TRK-CNHXB2MPJZ
9000009606,1000009606,632.0,633.0,503,2,3.0,3,DELIVERED,PICKUP,
9000009607,1000009607,112.0,117.0,687,1,,988,DELIVERED,Correo Argentino,TRK-MBT347Y1ZU
9000009608,1000009608,149.0,151.0,1278,1,,1525,SHIPPED,Correo Argentino,TRK-QBUVLMTZE1
9000009609,1000009609,227.0,228.0,114,2,2.0,2,SHIPPED,PICKUP,
9000009610,1000009610,241.0,242.0,1315,2,3.0,3,SHIPPED,PICKUP,
9000009611,1000009611,195.0,198.0,436,1,,2842,SHIPPED,Correo Argentino,TRK-4RCQJWCB4R
9000009612,1000009612,,,54,1,,2412,CANCELLED,Correo Argentino,
9000009613,1000009613,528.0,533.0,887,1,,2563,DELIVERED,Correo Argentino,TRK-846JBEE9Q4
9000009614,1000009614,599.0,600.0,852,2,1.0,1,DELIVERED,PICKUP,
9000009615,1000009615,154.0,158.0,176,1,,2740,READY,Correo Argentino,TRK-KN3N4F35VG
9000009616,1000009616,360.0,361.0,996,2,1.0,1,DELIVERED,PICKUP,
9000009617,1000009617,261.0,265.0,942,1,,2300,SHIPPED,Correo Argentino,TRK-UYO6D1KSIE
9000009618,1000009618,,,909,2,1.0,1,CANCELLED,PICKUP,
9000009619,1000009619,494.0,499.0,610,1,,1698,SHIPPED,Correo Argentino,TRK-EVM0QAKRK5
9000009620,1000009620,529.0,530.0,79,2,2.0,2,DELIVERED,PICKUP,
9000009621,1000009621,281.0,285.0,1003,1,,3001,DELIVERED,Correo Argentino,TRK-KG21AQWB67
9000009622,1000009622,,,1140,2,1.0,1,CANCELLED,PICKUP,
9000009623,1000009623,3.0,5.0,887,1,,151,SHIPPED,Correo Argentino,TRK-J0U0YOA4H1
9000009624,1000009624,466.0,467.0,396,2,1.0,1,DELIVERED,PICKUP,
9000009625,1000009625,286.0,289.0,1193,1,,1882,SHIPPED,Correo Argentino,TRK-FSNBNPR9SG
9000009626,1000009626,618.0,620.0,1010,1,,269,DELIVERED,Correo Argentino,TRK-DLY7I6CECS
9000009627,1000009627,70.0,74.0,327,1,,1433,SHIPPED,Correo Argentino,TRK-JS27G40SO1
9000009628,1000009628,194.0,195.0,368,2,2.0,2,SHIPPED,PICKUP,
9000009629,1000009629,203.0,204.0,961,2,2.0,2,SHIPPED,PICKUP,
9000009630,1000009630,394.0,396.0,52,1,,1945,DELIVERED,Correo Argentino,TRK-XKQQL91QIG
9000009631,1000009631,350.0,351.0,1300,2,2.0,2,SHIPPED,PICKUP,
9000009632,1000009632,295.0,299.0,1079,1,,1339,DELIVERED,Correo Argentino,TRK-XWAAKLYEDD
9000009633,1000009633,82.0,83.0,1168,2,1.0,1,DELIVERED,PICKUP,
9000009634,1000009634,544.0,547.0,1254,1,,978,DELIVERED,Correo Argentino,TRK-G3M0NRD1FG
9000009635,1000009635,86.0,89.0,277,1,,793,READY,Correo Argentino,TRK-8RVM6B9M0U
9000009636,1000009636,593.0,594.0,1252,2,2.0,2,SHIPPED,PICKUP,
9000009637,1000009637,84.0,88.0,999,1,,931,SHIPPED,Correo Argentino,TRK-F6U3YRSIS4
9000009638,1000009638,575.0,580.0,907,1,,1117,DELIVERED,Correo Argentino,TRK-NYTPIPGTT7
9000009639,1000009639,361.0,364.0,812,1,,2559,SHIPPED,Correo Argentino,TRK-J6PGAHSBCF
9000009640,1000009640,358.0,361.0,240,1,,1557,DELIVERED,Correo Argentino,TRK-U9PCYEOW3P
9000009641,1000009641,55.0,60.0,1146,1,,459,DELIVERED,Correo Argentino,TRK-SMCAI1KEH7
9000009642,1000009642,481.0,485.0,1009,1,,2954,DELIVERED,Correo Argentino,TRK-VI1HRRN72X
9000009643,1000009643,392.0,393.0,1059,2,3.0,3,DELIVERED,PICKUP,
9000009644,1000009644,100.0,101.0,1176,2,1.0,1,DELIVERED,PICKUP,
9000009645,1000009645,191.0,196.0,637,1,,1547,DELIVERED,Correo Argentino,TRK-GMX980ATGC
9000009646,1000009646,,,1455,1,,153,CANCELLED,Correo Argentino,
9000009647,1000009647,117.0,121.0,696,1,,3049,SHIPPED,Correo Argentino,TRK-DM6VJOVTTK
9000009648,1000009648,431.0,434.0,224,1,,3197,DELIVERED,Correo Argentino,TRK-3JX102YLS1
9000009649,1000009649,440.0,442.0,1494,1,,172,DELIVERED,Correo Argentino,TRK-GBAGM682WB
9000009650,1000009650,616.0,619.0,1022,1,,3059,SHIPPED,Correo Argentino,TRK-QKN1K61G07
9000009651,1000009651,571.0,576.0,1463,1,,1970,DELIVERED,Correo Argentino,TRK-OHEKZT3V12
9000009652,1000009652,317.0,322.0,714,1,,439,DELIVERED,Correo Argentino,TRK-8RADMQ1V97
9000009653,1000009653,353.0,357.0,714,1,,1200,DELIVERED,Correo Argentino,TRK-PNJAO5W6E4
9000009654,1000009654,630.0,631.0,1458,2,2.0,2,DELIVERED,PICKUP,
9000009655,1000009655,428.0,429.0,239,2,2.0,2,SHIPPED,PICKUP,
9000009656,1000009656,636.0,638.0,525,1,,1054,DELIVERED,Correo Argentino,TRK-RCOOPLDDX4
9000009657,1000009657,143.0,147.0,647,1,,1245,SHIPPED,Correo Argentino,TRK-S801KJNSQ7
9000009658,1000009658,417.0,419.0,195,1,,118,DELIVERED,Correo Argentino,TRK-BYW52HU3IM
9000009659,1000009659,187.0,188.0,558,2,4.0,4,DELIVERED,PICKUP,
9000009660,1000009660,533.0,534.0,1248,2,2.0,2,SHIPPED,PICKUP,
9000009661,1000009661,342.0,344.0,409,1,,2135,DELIVERED,Correo Argentino,TRK-QCPB1VXB00
9000009662,1000009662,,,973,1,,328,CANCELLED,Correo Argentino,
9000009663,1000009663,137.0,142.0,642,1,,1951,DELIVERED,Correo Argentino,TRK-U1BIY09UBD
9000009664,1000009664,315.0,317.0,533,1,,617,DELIVERED,Correo Argentino,TRK-UQWVZ3DJAP
9000009665,1000009665,594.0,597.0,591,1,,2601,DELIVERED,Correo Argentino,TRK-B5KC92EGS2
9000009666,1000009666,165.0,168.0,919,1,,2531,DELIVERED,Correo Argentino,TRK-N1XPGKX1GJ
9000009667,1000009667,183.0,188.0,578,1,,1646,SHIPPED,Correo Argentino,TRK-DYP7MO76JH
9000009668,1000009668,334.0,335.0,1238,2,3.0,3,DELIVERED,PICKUP,
9000009669,1000009669,362.0,365.0,614,1,,532,SHIPPED,Correo Argentino,TRK-Y9RYKZ93Q3
9000009670,1000009670,263.0,264.0,142,2,1.0,1,SHIPPED,PICKUP,
9000009671,1000009671,489.0,490.0,1046,2,4.0,4,DELIVERED,PICKUP,
9000009672,1000009672,210.0,215.0,127,1,,1684,DELIVERED,Correo Argentino,TRK-MGYV3XSBAS
9000009673,1000009673,243.0,247.0,1372,1,,2104,DELIVERED,Correo Argentino,TRK-2YQP14DSO9
9000009674,1000009674,570.0,573.0,238,1,,2429,DELIVERED,Correo Argentino,TRK-4W3JZTT0NF
9000009675,1000009675,535.0,536.0,1389,2,4.0,4,DELIVERED,PICKUP,
9000009676,1000009676,,,118,1,,3003,CANCELLED,Correo Argentino,
9000009677,1000009677,,,1047,2,3.0,3,CANCELLED,PICKUP,
9000009678,1000009678,205.0,208.0,565,1,,3012,DELIVERED,Correo Argentino,TRK-COHFI83KHK
9000009679,1000009679,479.0,484.0,499,1,,1578,DELIVERED,Correo Argentino,TRK-ZWIITJ4L26
9000009680,1000009680,195.0,198.0,252,1,,1099,DELIVERED,Correo Argentino,TRK-CQNOHQ6G4U
9000009681,1000009681,577.0,581.0,1272,1,,265,DELIVERED,Correo Argentino,TRK-A72BRQA1F8
9000009682,1000009682,282.0,283.0,1402,2,3.0,3,DELIVERED,PICKUP,
9000009683,1000009683,352.0,353.0,410,2,4.0,4,DELIVERED,PICKUP,
9000009684,1000009684,129.0,132.0,165,1,,1963,DELIVERED,Correo Argentino,TRK-B5BB8X58HF
9000009685,1000009685,124.0,125.0,1065,2,4.0,4,DELIVERED,PICKUP,
9000009686,1000009686,176.0,177.0,1296,2,2.0,2,DELIVERED,PICKUP,
9000009687,1000009687,384.0,387.0,855,1,,82,DELIVERED,Correo Argentino,TRK-EVPCBQFPUY
9000009688,1000009688,206.0,212.0,1238,1,,2283,SHIPPED,Correo Argentino,TRK-62Z9X9MW4L
9000009689,1000009689,,,912,1,,2112,CANCELLED,Correo Argentino,
9000009690,1000009690,352.0,353.0,1104,2,4.0,4,DELIVERED,PICKUP,
9000009691,1000009691,422.0,424.0,659,1,,1320,DELIVERED,Correo Argentino,TRK-YL8DKDKLOL
9000009692,1000009692,121.0,122.0,220,2,3.0,3,SHIPPED,PICKUP,
9000009693,1000009693,,,1198,1,,2372,CANCELLED,Correo Argentino,
9000009694,1000009694,20.0,21.0,409,2,4.0,4,DELIVERED,PICKUP,
9000009695,1000009695,177.0,181.0,839,1,,818,DELIVERED,Correo Argentino,TRK-SZX0SSECMN
9000009696,1000009696,295.0,299.0,80,1,,1628,DELIVERED,Correo Argentino,TRK-0F5G3O4683
9000009697,1000009697,100.0,105.0,1330,1,,1029,DELIVERED,Correo Argentino,TRK-TJX5BHKL9T
9000009698,1000009698,66.0,68.0,1104,1,,800,DELIVERED,Correo Argentino,TRK-XGYBQZFN0E
9000009699,1000009699,374.0,378.0,749,1,,2171,SHIPPED,Correo Argentino,TRK-9X63OKGOBI
9000009700,1000009700,539.0,542.0,719,1,,2851,DELIVERED,Correo Argentino,TRK-ZNGQCEKGTP
9000009701,1000009701,504.0,509.0,809,1,,1955,DELIVERED,Correo Argentino,TRK-JTCVEVR9CK
9000009702,1000009702,570.0,574.0,1284,1,,2419,DELIVERED,Correo Argentino,TRK-25T299RLE7
9000009703,1000009703,259.0,266.0,1354,1,,355,DELIVERED,Correo Argentino,TRK-M9DCKAUXKJ
9000009704,1000009704,276.0,283.0,653,1,,1779,DELIVERED,Correo Argentino,TRK-4LBA8U1FXE
9000009705,1000009705,589.0,594.0,351,1,,2666,DELIVERED,Correo Argentino,TRK-8AR2ZTDOLP
9000009706,1000009706,,,199,1,,1542,CANCELLED,Correo Argentino,
9000009707,1000009707,132.0,137.0,619,1,,1919,SHIPPED,Correo Argentino,TRK-BI7BQTMRUR
9000009708,1000009708,259.0,260.0,1413,2,1.0,1,DELIVERED,PICKUP,
9000009709,1000009709,131.0,132.0,467,2,4.0,4,DELIVERED,PICKUP,
9000009710,1000009710,246.0,247.0,338,2,4.0,4,DELIVERED,PICKUP,
9000009711,1000009711,525.0,526.0,415,2,1.0,1,DELIVERED,PICKUP,
9000009712,1000009712,140.0,141.0,1337,2,2.0,2,DELIVERED,PICKUP,
9000009713,1000009713,74.0,76.0,444,1,,661,DELIVERED,Correo Argentino,TRK-YUSE816YG8
9000009714,1000009714,616.0,619.0,812,1,,181,DELIVERED,Correo Argentino,TRK-9B2VGHD2S5
9000009715,1000009715,460.0,465.0,265,1,,732,DELIVERED,Correo Argentino,TRK-SB2OZKPSO6
9000009716,1000009716,,,748,2,1.0,1,CANCELLED,PICKUP,
9000009717,1000009717,51.0,56.0,945,1,,960,DELIVERED,Correo Argentino,TRK-JD88MON0JI
9000009718,1000009718,61.0,62.0,1347,2,2.0,2,DELIVERED,PICKUP,
9000009719,1000009719,87.0,92.0,744,1,,1939,SHIPPED,Correo Argentino,TRK-2H5XXZ06VO
9000009720,1000009720,220.0,225.0,1274,1,,2724,SHIPPED,Correo Argentino,TRK-BUKRFK28U3
9000009721,1000009721,399.0,402.0,758,1,,1892,DELIVERED,Correo Argentino,TRK-ALKK2TLMO4
9000009722,1000009722,218.0,221.0,851,1,,1262,DELIVERED,Correo Argentino,TRK-4TSBSL9R5B
9000009723,1000009723,214.0,215.0,1026,2,4.0,4,DELIVERED,PICKUP,
9000009724,1000009724,304.0,308.0,1185,1,,1229,DELIVERED,Correo Argentino,TRK-9XHUO3FLCP
9000009725,1000009725,342.0,345.0,193,1,,798,DELIVERED,Correo Argentino,TRK-TEGE1L0S3O
9000009726,1000009726,,,1322,1,,126,CANCELLED,Correo Argentino,
9000009727,1000009727,558.0,560.0,1405,1,,686,DELIVERED,Correo Argentino,TRK-CBTS98NUAS
9000009728,1000009728,4.0,7.0,757,1,,1078,READY,Correo Argentino,TRK-1PKY90KN3R
9000009729,1000009729,631.0,632.0,1146,2,2.0,2,DELIVERED,PICKUP,
9000009730,1000009730,182.0,183.0,404,2,2.0,2,SHIPPED,PICKUP,
9000009731,1000009731,336.0,341.0,888,1,,39,DELIVERED,Correo Argentino,TRK-FPHTFSHP6Y
9000009732,1000009732,520.0,521.0,841,2,4.0,4,DELIVERED,PICKUP,
9000009733,1000009733,457.0,464.0,159,1,,450,DELIVERED,Correo Argentino,TRK-R9M48QYC5G
9000009734,1000009734,153.0,154.0,1376,2,1.0,1,DELIVERED,PICKUP,
9000009735,1000009735,492.0,493.0,1105,2,1.0,1,DELIVERED,PICKUP,
9000009736,1000009736,57.0,58.0,165,2,1.0,1,DELIVERED,PICKUP,
9000009737,1000009737,520.0,522.0,1356,1,,2611,DELIVERED,Correo Argentino,TRK-PVDTIQJD77
9000009738,1000009738,249.0,250.0,692,2,1.0,1,DELIVERED,PICKUP,
9000009739,1000009739,237.0,241.0,661,1,,2636,SHIPPED,Correo Argentino,TRK-MMRHAEZOXS
9000009740,1000009740,260.0,261.0,1170,2,2.0,2,DELIVERED,PICKUP,
9000009741,1000009741,150.0,151.0,195,2,2.0,2,SHIPPED,PICKUP,
9000009742,1000009742,629.0,634.0,430,1,,766,SHIPPED,Correo Argentino,TRK-0229KSTUCI
9000009743,1000009743,395.0,396.0,1087,2,4.0,4,DELIVERED,PICKUP,
9000009744,1000009744,452.0,453.0,759,2,2.0,2,DELIVERED,PICKUP,
9000009745,1000009745,21.0,24.0,1419,1,,817,DELIVERED,Correo Argentino,TRK-8KI0P4E0TN
9000009746,1000009746,13.0,18.0,423,1,,2217,DELIVERED,Correo Argentino,TRK-YE7JSQ1E42
9000009747,1000009747,203.0,208.0,1181,1,,2330,DELIVERED,Correo Argentino,TRK-0O4Z707C47
9000009748,1000009748,169.0,174.0,1457,1,,1011,SHIPPED,Correo Argentino,TRK-P3Y94272FV
9000009749,1000009749,212.0,213.0,647,2,1.0,1,DELIVERED,PICKUP,
9000009750,1000009750,506.0,511.0,1451,1,,532,DELIVERED,Correo Argentino,TRK-SPIDB4D418
9000009751,1000009751,316.0,317.0,809,2,1.0,1,SHIPPED,PICKUP,
9000009752,1000009752,,,978,2,1.0,1,CANCELLED,PICKUP,
9000009753,1000009753,477.0,480.0,1199,1,,2384,SHIPPED,Correo Argentino,TRK-YU6K6TFRDC
9000009754,1000009754,122.0,127.0,1053,1,,299,SHIPPED,Correo Argentino,TRK-SROTFXJI3R
9000009755,1000009755,54.0,55.0,1348,2,3.0,3,DELIVERED,PICKUP,
9000009756,1000009756,443.0,444.0,717,2,3.0,3,DELIVERED,PICKUP,
9000009757,1000009757,2.0,7.0,88,1,,1377,DELIVERED,Correo Argentino,TRK-665T9QMKF3
9000009758,1000009758,304.0,305.0,938,2,4.0,4,DELIVERED,PICKUP,
9000009759,1000009759,251.0,252.0,1148,2,4.0,4,DELIVERED,PICKUP,
9000009760,1000009760,327.0,328.0,63,2,2.0,2,DELIVERED,PICKUP,
9000009761,1000009761,525.0,528.0,835,1,,2485,DELIVERED,Correo Argentino,TRK-3DPKR83MVF
9000009762,1000009762,324.0,329.0,921,1,,970,DELIVERED,Correo Argentino,TRK-OBUDKBD0E5
9000009763,1000009763,66.0,68.0,658,1,,1132,SHIPPED,Correo Argentino,TRK-2HP5EKA78O
9000009764,1000009764,135.0,136.0,901,2,3.0,3,DELIVERED,PICKUP,
9000009765,1000009765,461.0,465.0,1193,1,,1834,DELIVERED,Correo Argentino,TRK-3WRZE7EC0Y
9000009766,1000009766,389.0,390.0,324,2,4.0,4,DELIVERED,PICKUP,
9000009767,1000009767,245.0,249.0,17,1,,1214,DELIVERED,Correo Argentino,TRK-R7WBYHL411
9000009768,1000009768,335.0,339.0,239,1,,124,DELIVERED,Correo Argentino,TRK-T5NCCIHW6I
9000009769,1000009769,119.0,121.0,490,1,,2053,SHIPPED,Correo Argentino,TRK-1OWXW5T9J6
9000009770,1000009770,299.0,303.0,1265,1,,808,DELIVERED,Correo Argentino,TRK-XPVTRCCDBR
9000009771,1000009771,418.0,419.0,509,2,3.0,3,DELIVERED,PICKUP,
9000009772,1000009772,342.0,347.0,1037,1,,283,DELIVERED,Correo Argentino,TRK-0LX4RYCMQT
9000009773,1000009773,93.0,97.0,547,1,,986,DELIVERED,Correo Argentino,TRK-APGZY75Z3B
9000009774,1000009774,233.0,234.0,634,2,1.0,1,DELIVERED,PICKUP,
9000009775,1000009775,372.0,374.0,1422,1,,1121,DELIVERED,Correo Argentino,TRK-MHOW2D7GND
9000009776,1000009776,158.0,160.0,70,1,,2838,DELIVERED,Correo Argentino,TRK-CA7T7N3UHU
9000009777,1000009777,100.0,101.0,729,2,2.0,2,DELIVERED,PICKUP,
9000009778,1000009778,617.0,621.0,890,1,,348,SHIPPED,Correo Argentino,TRK-1IQNOC4G7O
9000009779,1000009779,254.0,258.0,955,1,,2001,DELIVERED,Correo Argentino,TRK-7VESD28YJM
9000009780,1000009780,324.0,325.0,1004,2,3.0,3,DELIVERED,PICKUP,
9000009781,1000009781,54.0,57.0,727,1,,1150,DELIVERED,Correo Argentino,TRK-MY9IP1YGSY
9000009782,1000009782,179.0,184.0,1231,1,,1471,DELIVERED,Correo Argentino,TRK-V8QRCIQMNB
9000009783,1000009783,219.0,224.0,861,1,,1666,DELIVERED,Correo Argentino,TRK-12TDJTT0BQ
9000009784,1000009784,,,665,1,,1795,CANCELLED,Correo Argentino,
9000009785,1000009785,,,893,2,3.0,3,CANCELLED,PICKUP,
9000009786,1000009786,,,501,1,,1246,CANCELLED,Correo Argentino,
9000009787,1000009787,29.0,32.0,205,1,,1771,DELIVERED,Correo Argentino,TRK-WBY2R417PE
9000009788,1000009788,399.0,402.0,1213,1,,2020,DELIVERED,Correo Argentino,TRK-K1BGF1S6CP
9000009789,1000009789,626.0,627.0,572,2,2.0,2,SHIPPED,PICKUP,
9000009790,1000009790,22.0,26.0,215,1,,2381,DELIVERED,Correo Argentino,TRK-L12L7GJAAK
9000009791,1000009791,93.0,98.0,968,1,,216,DELIVERED,Correo Argentino,TRK-BFMY7DKM85
9000009792,1000009792,,,1489,2,2.0,2,CANCELLED,PICKUP,
9000009793,1000009793,533.0,535.0,1413,1,,1833,SHIPPED,Correo Argentino,TRK-7FRYO48LFD
9000009794,1000009794,44.0,46.0,1124,1,,1796,DELIVERED,Correo Argentino,TRK-HYARY8S9EJ
9000009795,1000009795,272.0,275.0,830,1,,2301,DELIVERED,Correo Argentino,TRK-101TNAD01P
9000009796,1000009796,250.0,251.0,210,2,1.0,1,DELIVERED,PICKUP,
9000009797,1000009797,262.0,265.0,427,1,,213,DELIVERED,Correo Argentino,TRK-SLABXEC6WX
9000009798,1000009798,154.0,155.0,31,2,4.0,4,DELIVERED,PICKUP,
9000009799,1000009799,265.0,266.0,280,2,1.0,1,DELIVERED,PICKUP,
9000009800,1000009800,297.0,298.0,867,2,3.0,3,DELIVERED,PICKUP,
9000009801,1000009801,515.0,517.0,176,1,,1356,DELIVERED,Correo Argentino,TRK-Z8WD3ABOSY
9000009802,1000009802,141.0,142.0,761,2,3.0,3,DELIVERED,PICKUP,
9000009803,1000009803,244.0,245.0,897,2,2.0,2,READY,PICKUP,
9000009804,1000009804,246.0,249.0,1315,1,,698,DELIVERED,Correo Argentino,TRK-6DW0YFCMMR
9000009805,1000009805,163.0,170.0,606,1,,1810,DELIVERED,Correo Argentino,TRK-ZPAWHVOZ6A
9000009806,1000009806,439.0,443.0,1444,1,,2433,DELIVERED,Correo Argentino,TRK-4W8HLKUW9J
9000009807,1000009807,315.0,316.0,1320,2,3.0,3,SHIPPED,PICKUP,
9000009808,1000009808,70.0,74.0,348,1,,847,DELIVERED,Correo Argentino,TRK-94VPLW1WX4
9000009809,1000009809,219.0,220.0,1226,2,2.0,2,SHIPPED,PICKUP,
9000009810,1000009810,151.0,158.0,1489,1,,727,DELIVERED,Correo Argentino,TRK-JLUGUNTDOR
9000009811,1000009811,397.0,398.0,293,2,4.0,4,DELIVERED,PICKUP,
9000009812,1000009812,83.0,84.0,232,2,4.0,4,DELIVERED,PICKUP,
9000009813,1000009813,254.0,255.0,553,2,2.0,2,DELIVERED,PICKUP,
9000009814,1000009814,375.0,377.0,434,1,,84,DELIVERED,Correo Argentino,TRK-8J6IAKMTEL
9000009815,1000009815,42.0,43.0,184,2,4.0,4,DELIVERED,PICKUP,
9000009816,1000009816,178.0,183.0,1384,1,,2360,SHIPPED,Correo Argentino,TRK-OTCMM1MIN1
9000009817,1000009817,282.0,283.0,428,2,2.0,2,DELIVERED,PICKUP,
9000009818,1000009818,270.0,276.0,1174,1,,1441,DELIVERED,Correo Argentino,TRK-RB0K8GWDFA
9000009819,1000009819,607.0,608.0,1383,2,4.0,4,DELIVERED,PICKUP,
9000009820,1000009820,119.0,120.0,315,2,3.0,3,DELIVERED,PICKUP,
9000009821,1000009821,,,1468,1,,1383,CANCELLED,Correo Argentino,
9000009822,1000009822,423.0,424.0,725,2,2.0,2,READY,PICKUP,
9000009823,1000009823,189.0,194.0,893,1,,3153,SHIPPED,Correo Argentino,TRK-UCEMPOTD06
9000009824,1000009824,201.0,204.0,945,1,,2266,DELIVERED,Correo Argentino,TRK-45V273ELT4
9000009825,1000009825,167.0,169.0,1029,1,,876,DELIVERED,Correo Argentino,TRK-8D113EMFNA
9000009826,1000009826,148.0,149.0,897,2,1.0,1,DELIVERED,PICKUP,
9000009827,1000009827,278.0,284.0,459,1,,1837,DELIVERED,Correo Argentino,TRK-G82PPP5IQ8
9000009828,1000009828,37.0,41.0,1409,1,,1376,DELIVERED,Correo Argentino,TRK-HLHRNGY2J7
9000009829,1000009829,486.0,489.0,1062,1,,92,DELIVERED,Correo Argentino,TRK-MWFOZFC9HF
9000009830,1000009830,526.0,527.0,632,2,3.0,3,DELIVERED,PICKUP,
9000009831,1000009831,5.0,6.0,644,2,2.0,2,DELIVERED,PICKUP,
9000009832,1000009832,161.0,162.0,150,2,4.0,4,DELIVERED,PICKUP,
9000009833,1000009833,305.0,309.0,769,1,,924,DELIVERED,Correo Argentino,TRK-NJD9ANDZVH
9000009834,1000009834,31.0,32.0,415,2,3.0,3,DELIVERED,PICKUP,
9000009835,1000009835,486.0,487.0,1003,2,1.0,1,DELIVERED,PICKUP,
9000009836,1000009836,135.0,136.0,1420,2,1.0,1,DELIVERED,PICKUP,
9000009837,1000009837,254.0,259.0,609,1,,2924,DELIVERED,Correo Argentino,TRK-JS6NA8APBP
9000009838,1000009838,452.0,453.0,434,2,4.0,4,DELIVERED,PICKUP,
9000009839,1000009839,118.0,122.0,203,1,,2984,DELIVERED,Correo Argentino,TRK-44VZM5BKSN
9000009840,1000009840,,,871,2,2.0,2,CANCELLED,PICKUP,
9000009841,1000009841,399.0,404.0,895,1,,2574,DELIVERED,Correo Argentino,TRK-KRZRDF60HX
9000009842,1000009842,41.0,42.0,1427,2,4.0,4,DELIVERED,PICKUP,
9000009843,1000009843,283.0,286.0,318,1,,1477,DELIVERED,Correo Argentino,TRK-BLJVG14EV5
9000009844,1000009844,442.0,444.0,143,1,,2829,DELIVERED,Correo Argentino,TRK-UQ1CFZ64FB
9000009845,1000009845,,,824,2,3.0,3,CANCELLED,PICKUP,
9000009846,1000009846,309.0,313.0,828,1,,2545,DELIVERED,Correo Argentino,TRK-6TFR2BON2N
9000009847,1000009847,227.0,231.0,534,1,,1251,SHIPPED,Correo Argentino,TRK-H2V77O5X7I
9000009848,1000009848,145.0,150.0,958,1,,857,DELIVERED,Correo Argentino,TRK-0P4TF7IURW
9000009849,1000009849,261.0,262.0,541,2,4.0,4,DELIVERED,PICKUP,
9000009850,1000009850,467.0,468.0,884,2,4.0,4,READY,PICKUP,
9000009851,1000009851,562.0,563.0,1020,2,4.0,4,DELIVERED,PICKUP,
9000009852,1000009852,167.0,171.0,603,1,,95,DELIVERED,Correo Argentino,TRK-HXUCV4HZSG
9000009853,1000009853,113.0,117.0,1325,1,,580,DELIVERED,Correo Argentino,TRK-Z9NQDIV787
9000009854,1000009854,3.0,8.0,1287,1,,3155,DELIVERED,Correo Argentino,TRK-VRF7ZICRLB
9000009855,1000009855,342.0,346.0,1246,1,,1167,SHIPPED,Correo Argentino,TRK-3IJ588HR1Q
9000009856,1000009856,324.0,328.0,918,1,,1009,DELIVERED,Correo Argentino,TRK-FMB9Q5RH3N
9000009857,1000009857,491.0,492.0,137,2,3.0,3,DELIVERED,PICKUP,
9000009858,1000009858,483.0,485.0,1029,1,,3067,SHIPPED,Correo Argentino,TRK-WDY7L739MA
9000009859,1000009859,522.0,523.0,233,2,4.0,4,DELIVERED,PICKUP,
9000009860,1000009860,369.0,373.0,1379,1,,948,DELIVERED,Correo Argentino,TRK-C09F6BK1R1
9000009861,1000009861,507.0,508.0,218,2,4.0,4,DELIVERED,PICKUP,
9000009862,1000009862,575.0,577.0,1027,1,,1575,DELIVERED,Correo Argentino,TRK-PSB0YYY12O
9000009863,1000009863,327.0,328.0,1372,2,1.0,1,DELIVERED,PICKUP,
9000009864,1000009864,35.0,40.0,1214,1,,2112,DELIVERED,Correo Argentino,TRK-UJB3D3V1S8
9000009865,1000009865,197.0,198.0,1405,2,4.0,4,DELIVERED,PICKUP,
9000009866,1000009866,128.0,129.0,1218,2,2.0,2,DELIVERED,PICKUP,
9000009867,1000009867,551.0,553.0,788,1,,1729,SHIPPED,Correo Argentino,TRK-ZPRPSC8U84
9000009868,1000009868,153.0,154.0,1274,2,2.0,2,DELIVERED,PICKUP,
9000009869,1000009869,318.0,321.0,553,1,,2513,DELIVERED,Correo Argentino,TRK-SQQKFASB8X
9000009870,1000009870,,,1075,2,4.0,4,CANCELLED,PICKUP,
9000009871,1000009871,494.0,497.0,538,1,,2305,DELIVERED,Correo Argentino,TRK-X0PT6W29EP
9000009872,1000009872,429.0,431.0,160,1,,1310,DELIVERED,Correo Argentino,TRK-Z016OZ1TN6
9000009873,1000009873,121.0,125.0,908,1,,2181,DELIVERED,Correo Argentino,TRK-5XZZ9V2O4W
9000009874,1000009874,529.0,534.0,750,1,,1136,DELIVERED,Correo Argentino,TRK-HH8I8H1OAS
9000009875,1000009875,258.0,261.0,486,1,,2436,DELIVERED,Correo Argentino,TRK-XP2QYH5WIX
9000009876,1000009876,555.0,556.0,171,2,2.0,2,DELIVERED,PICKUP,
9000009877,1000009877,198.0,200.0,22,1,,1785,SHIPPED,Correo Argentino,TRK-0GXHY8TAVX
9000009878,1000009878,444.0,449.0,610,1,,539,DELIVERED,Correo Argentino,TRK-H1WTW5XMBW
9000009879,1000009879,164.0,166.0,1465,1,,2097,DELIVERED,Correo Argentino,TRK-Q0RRECNHLW
9000009880,1000009880,69.0,70.0,1288,2,4.0,4,DELIVERED,PICKUP,
9000009881,1000009881,,,613,1,,769,CANCELLED,Correo Argentino,
9000009882,1000009882,541.0,542.0,342,2,2.0,2,DELIVERED,PICKUP,
9000009883,1000009883,167.0,168.0,743,2,2.0,2,DELIVERED,PICKUP,
9000009884,1000009884,457.0,458.0,14,2,2.0,2,DELIVERED,PICKUP,
9000009885,1000009885,75.0,76.0,1047,2,4.0,4,DELIVERED,PICKUP,
9000009886,1000009886,439.0,443.0,1464,1,,2425,DELIVERED,Correo Argentino,TRK-Z59V4ZRUD7
9000009887,1000009887,113.0,115.0,1263,1,,846,DELIVERED,Correo Argentino,TRK-RCD018WLTV
9000009888,1000009888,491.0,496.0,1384,1,,3151,READY,Correo Argentino,TRK-XJ7CXP8I31
9000009889,1000009889,448.0,450.0,564,1,,651,SHIPPED,Correo Argentino,TRK-EH37O0JE8O
9000009890,1000009890,340.0,342.0,1405,1,,2736,DELIVERED,Correo Argentino,TRK-HFQ5DJUP8D
9000009891,1000009891,409.0,411.0,188,1,,413,SHIPPED,Correo Argentino,TRK-2P97R2MG62
9000009892,1000009892,298.0,299.0,1496,2,3.0,3,DELIVERED,PICKUP,
9000009893,1000009893,280.0,281.0,1360,2,1.0,1,DELIVERED,PICKUP,
9000009894,1000009894,19.0,20.0,622,2,4.0,4,DELIVERED,PICKUP,
9000009895,1000009895,240.0,243.0,386,1,,485,DELIVERED,Correo Argentino,TRK-BWELP5RU3Q
9000009896,1000009896,398.0,399.0,214,2,3.0,3,DELIVERED,PICKUP,
9000009897,1000009897,26.0,32.0,895,1,,1446,DELIVERED,Correo Argentino,TRK-0EPG1WNHAW
9000009898,1000009898,,,837,2,3.0,3,CANCELLED,PICKUP,
9000009899,1000009899,621.0,622.0,829,2,1.0,1,DELIVERED,PICKUP,
9000009900,1000009900,508.0,511.0,1037,1,,3131,SHIPPED,Correo Argentino,TRK-0TNJYP1Z4W
9000009901,1000009901,441.0,442.0,1059,2,1.0,1,SHIPPED,PICKUP,
9000009902,1000009902,412.0,417.0,66,1,,256,DELIVERED,Correo Argentino,TRK-FJ3DY71GUF
9000009903,1000009903,158.0,159.0,939,2,2.0,2,SHIPPED,PICKUP,
9000009904,1000009904,500.0,501.0,489,2,3.0,3,DELIVERED,PICKUP,
9000009905,1000009905,15.0,16.0,1208,2,1.0,1,DELIVERED,PICKUP,
9000009906,1000009906,544.0,545.0,1172,2,4.0,4,SHIPPED,PICKUP,
9000009907,1000009907,17.0,18.0,75,2,4.0,4,DELIVERED,PICKUP,
9000009908,1000009908,572.0,573.0,573,2,4.0,4,DELIVERED,PICKUP,
9000009909,1000009909,265.0,267.0,612,1,,2716,DELIVERED,Correo Argentino,TRK-ULRA7ZJH6M
9000009910,1000009910,301.0,302.0,1184,2,4.0,4,DELIVERED,PICKUP,
9000009911,1000009911,356.0,357.0,119,2,4.0,4,DELIVERED,PICKUP,
9000009912,1000009912,149.0,150.0,21,2,4.0,4,DELIVERED,PICKUP,
9000009913,1000009913,313.0,314.0,1179,2,2.0,2,DELIVERED,PICKUP,
9000009914,1000009914,223.0,226.0,1259,1,,2453,DELIVERED,Correo Argentino,TRK-L84ZCZGJ4X
9000009915,1000009915,248.0,249.0,234,2,3.0,3,DELIVERED,PICKUP,
9000009916,1000009916,576.0,579.0,354,1,,1657,DELIVERED,Correo Argentino,TRK-YZ7QXBEB04
9000009917,1000009917,31.0,34.0,1395,1,,288,DELIVERED,Correo Argentino,TRK-S5CU31RMR8
9000009918,1000009918,27.0,28.0,368,2,1.0,1,READY,PICKUP,
9000009919,1000009919,477.0,480.0,1436,1,,849,DELIVERED,Correo Argentino,TRK-AK4IASKZGC
9000009920,1000009920,98.0,99.0,224,2,2.0,2,DELIVERED,PICKUP,
9000009921,1000009921,382.0,383.0,447,2,1.0,1,SHIPPED,PICKUP,
9000009922,1000009922,,,1116,1,,1546,CANCELLED,Correo Argentino,
9000009923,1000009923,581.0,583.0,2,1,,2867,DELIVERED,Correo Argentino,TRK-IOAR1HOC9L
9000009924,1000009924,498.0,499.0,1070,2,4.0,4,DELIVERED,PICKUP,
9000009925,1000009925,29.0,33.0,540,1,,1128,DELIVERED,Correo Argentino,TRK-YBL8C3ZIAY
9000009926,1000009926,357.0,361.0,296,1,,390,DELIVERED,Correo Argentino,TRK-QK3KEC3MCX
9000009927,1000009927,124.0,125.0,1258,2,4.0,4,DELIVERED,PICKUP,
9000009928,1000009928,377.0,378.0,694,2,3.0,3,DELIVERED,PICKUP,
9000009929,1000009929,536.0,539.0,548,1,,737,DELIVERED,Correo Argentino,TRK-OHDF0WNV9F
9000009930,1000009930,183.0,187.0,725,1,,2997,SHIPPED,Correo Argentino,TRK-NEEAYIVY7S
9000009931,1000009931,581.0,582.0,843,2,4.0,4,SHIPPED,PICKUP,
9000009932,1000009932,310.0,313.0,181,1,,414,DELIVERED,Correo Argentino,TRK-VDSEYOA05Q
9000009933,1000009933,456.0,457.0,881,2,1.0,1,DELIVERED,PICKUP,
9000009934,1000009934,337.0,341.0,813,1,,2211,DELIVERED,Correo Argentino,TRK-GF566I2BS1
9000009935,1000009935,288.0,293.0,1245,1,,431,DELIVERED,Correo Argentino,TRK-1PBAKVSCZW
9000009936,1000009936,601.0,605.0,183,1,,2387,DELIVERED,Correo Argentino,TRK-1HHJPZCGY9
9000009937,1000009937,176.0,179.0,1266,1,,1236,DELIVERED,Correo Argentino,TRK-Y9A1IVS31E
9000009938,1000009938,75.0,78.0,1287,1,,2096,SHIPPED,Correo Argentino,TRK-XJICWMI6W2
9000009939,1000009939,288.0,291.0,773,1,,2791,SHIPPED,Correo Argentino,TRK-888RFKYFJZ
9000009940,1000009940,577.0,578.0,829,2,2.0,2,DELIVERED,PICKUP,
9000009941,1000009941,384.0,385.0,666,2,4.0,4,DELIVERED,PICKUP,
9000009942,1000009942,327.0,329.0,331,1,,1095,SHIPPED,Correo Argentino,TRK-H58O6C2QHX
9000009943,1000009943,81.0,82.0,1457,2,2.0,2,DELIVERED,PICKUP,
9000009944,1000009944,369.0,371.0,763,1,,3172,READY,Correo Argentino,TRK-7IT2D8PZX2
9000009945,1000009945,601.0,602.0,149,2,3.0,3,DELIVERED,PICKUP,
9000009946,1000009946,638.0,640.0,1003,1,,184,DELIVERED,Correo Argentino,TRK-27UIFMGX52
9000009947,1000009947,515.0,516.0,1039,2,1.0,1,DELIVERED,PICKUP,
9000009948,1000009948,8.0,10.0,1415,1,,474,DELIVERED,Correo Argentino,TRK-O9AVSDJ46X
9000009949,1000009949,157.0,161.0,292,1,,820,DELIVERED,Correo Argentino,TRK-SEIIOPJJ5C
9000009950,1000009950,375.0,379.0,405,1,,3033,SHIPPED,Correo Argentino,TRK-K08K02MAXI
9000009951,1000009951,318.0,319.0,157,2,1.0,1,SHIPPED,PICKUP,
9000009952,1000009952,510.0,512.0,236,1,,773,DELIVERED,Correo Argentino,TRK-R1UMYMG116
9000009953,1000009953,94.0,95.0,1178,2,4.0,4,DELIVERED,PICKUP,
9000009954,1000009954,441.0,442.0,819,2,3.0,3,DELIVERED,PICKUP,
9000009955,1000009955,260.0,265.0,550,1,,3063,DELIVERED,Correo Argentino,TRK-F20Y5BEC87
9000009956,1000009956,509.0,513.0,1430,1,,2414,DELIVERED,Correo Argentino,TRK-F6854H7G63
9000009957,1000009957,444.0,446.0,1356,1,,2140,DELIVERED,Correo Argentino,TRK-7LSIIDFN6V
9000009958,1000009958,379.0,383.0,868,1,,1267,DELIVERED,Correo Argentino,TRK-5OFU1HI1G4
9000009959,1000009959,512.0,517.0,586,1,,3074,DELIVERED,Correo Argentino,TRK-RERQ0S9GH5
9000009960,1000009960,69.0,74.0,401,1,,2326,DELIVERED,Correo Argentino,TRK-3T9EM7HJTZ
9000009961,1000009961,561.0,563.0,1161,1,,1255,DELIVERED,Correo Argentino,TRK-TWYKHK82AV
9000009962,1000009962,167.0,170.0,1077,1,,3177,DELIVERED,Correo Argentino,TRK-QTV78IGNET
9000009963,1000009963,256.0,257.0,1145,2,4.0,4,DELIVERED,PICKUP,
9000009964,1000009964,590.0,591.0,971,2,4.0,4,SHIPPED,PICKUP,
9000009965,1000009965,15.0,17.0,473,1,,2408,SHIPPED,Correo Argentino,TRK-1D15IX3FZI
9000009966,1000009966,283.0,286.0,749,1,,1747,SHIPPED,Correo Argentino,TRK-KUUCU8Z9JO
9000009967,1000009967,479.0,480.0,1261,2,2.0,2,SHIPPED,PICKUP,
9000009968,1000009968,397.0,402.0,1074,1,,861,DELIVERED,Correo Argentino,TRK-IRXTB62NP0
9000009969,1000009969,245.0,248.0,998,1,,2210,SHIPPED,Correo Argentino,TRK-SD15QOWVUJ
9000009970,1000009970,125.0,128.0,861,1,,180,DELIVERED,Correo Argentino,TRK-V41ECHJ9XR
9000009971,1000009971,233.0,238.0,597,1,,876,DELIVERED,Correo Argentino,TRK-U7ZKXCZA2O
9000009972,1000009972,480.0,483.0,558,1,,131,SHIPPED,Correo Argentino,TRK-ZWLGFUSVPA
9000009973,1000009973,70.0,73.0,651,1,,777,SHIPPED,Correo Argentino,TRK-9IUYLKTU1D
9000009974,1000009974,255.0,256.0,839,2,4.0,4,DELIVERED,PICKUP,
9000009975,1000009975,347.0,348.0,1361,2,2.0,2,DELIVERED,PICKUP,
9000009976,1000009976,189.0,194.0,1048,1,,822,DELIVERED,Correo Argentino,TRK-DQ4ROSNFDL
9000009977,1000009977,115.0,119.0,420,1,,1593,SHIPPED,Correo Argentino,TRK-E4NE2SVDUF
9000009978,1000009978,29.0,30.0,1136,2,1.0,1,DELIVERED,PICKUP,
9000009979,1000009979,30.0,31.0,665,2,1.0,1,DELIVERED,PICKUP,
9000009980,1000009980,292.0,295.0,1244,1,,1228,DELIVERED,Correo Argentino,TRK-9M9CI751YK
9000009981,1000009981,,,413,1,,949,CANCELLED,Correo Argentino,
9000009982,1000009982,380.0,384.0,61,1,,3054,DELIVERED,Correo Argentino,TRK-CGCWE8TTPY
9000009983,1000009983,614.0,619.0,995,1,,1033,SHIPPED,Correo Argentino,TRK-DU5V003O6W
9000009984,1000009984,337.0,338.0,566,2,3.0,3,DELIVERED,PICKUP,
9000009985,1000009985,243.0,246.0,739,1,,1844,DELIVERED,Correo Argentino,TRK-0QG84C3Z66
9000009986,1000009986,281.0,282.0,400,2,3.0,3,DELIVERED,PICKUP,
9000009987,1000009987,82.0,83.0,613,2,1.0,1,DELIVERED,PICKUP,
9000009988,1000009988,170.0,172.0,632,1,,2613,DELIVERED,Correo Argentino,TRK-R1UOQRDODO
9000009989,1000009989,45.0,47.0,233,1,,1701,DELIVERED,Correo Argentino,TRK-QZC8BB28NQ
9000009990,1000009990,53.0,57.0,1104,1,,1745,DELIVERED,Correo Argentino,TRK-224T73R2DD
9000009991,1000009991,546.0,551.0,101,1,,2955,DELIVERED,Correo Argentino,TRK-U1FYK60H26
9000009992,1000009992,158.0,160.0,1025,1,,1002,SHIPPED,Correo Argentino,TRK-0U1CF2VD2L
9000009993,1000009993,453.0,455.0,1467,1,,1679,DELIVERED,Correo Argentino,TRK-BI8LPVBSTP
9000009994,1000009994,160.0,162.0,946,1,,605,DELIVERED,Correo Argentino,TRK-3GXQFEU4AP
9000009995,1000009995,375.0,376.0,1229,2,3.0,3,DELIVERED,PICKUP,
9000009996,1000009996,438.0,439.0,1477,2,4.0,4,DELIVERED,PICKUP,
9000009997,1000009997,504.0,506.0,341,1,,2904,DELIVERED,Correo Argentino,TRK-CGGSXPTAQ5
9000009998,1000009998,429.0,431.0,1392,1,,2586,DELIVERED,Correo Argentino,TRK-CLUKZBMGFT
9000009999,1000009999,157.0,159.0,1500,1,,125,DELIVERED,Correo Argentino,TRK-TV4BFVR5OL
9000010000,1000010000,408.0,409.0,564,2,4.0,4,DELIVERED,PICKUP,
9000010001,1000010001,51.0,56.0,595,1,,2132,DELIVERED,Correo Argentino,TRK-GNFMMXJOZE
9000010002,1000010002,279.0,284.0,893,1,,2354,SHIPPED,Correo Argentino,TRK-WF4RT1NID5
9000010003,1000010003,80.0,81.0,760,2,2.0,2,DELIVERED,PICKUP,
9000010004,1000010004,156.0,159.0,1223,1,,987,SHIPPED,Correo Argentino,TRK-PXK3PU7NMR
9000010005,1000010005,222.0,223.0,981,2,1.0,1,DELIVERED,PICKUP,
9000010006,1000010006,330.0,331.0,392,2,3.0,3,DELIVERED,PICKUP,
9000010007,1000010007,197.0,200.0,624,1,,3031,SHIPPED,Correo Argentino,TRK-OHXVITNUCH
9000010008,1000010008,402.0,405.0,375,1,,2204,DELIVERED,Correo Argentino,TRK-BLHDAYO1BC
9000010009,1000010009,45.0,48.0,514,1,,1626,DELIVERED,Correo Argentino,TRK-BFZMA5GNRG
9000010010,1000010010,184.0,185.0,295,2,3.0,3,DELIVERED,PICKUP,
9000010011,1000010011,,,1173,1,,3101,CANCELLED,Correo Argentino,
9000010012,1000010012,161.0,162.0,1493,2,3.0,3,READY,PICKUP,
9000010013,1000010013,428.0,430.0,712,1,,1121,DELIVERED,Correo Argentino,TRK-XP80KF0KX6
9000010014,1000010014,254.0,258.0,1455,1,,2200,SHIPPED,Correo Argentino,TRK-EIMA6X2QPM
9000010015,1000010015,399.0,401.0,691,1,,305,DELIVERED,Correo Argentino,TRK-9IFVJQE5SU
9000010016,1000010016,241.0,242.0,1445,2,2.0,2,DELIVERED,PICKUP,
9000010017,1000010017,181.0,182.0,1451,2,3.0,3,DELIVERED,PICKUP,
9000010018,1000010018,449.0,451.0,236,1,,2514,DELIVERED,Correo Argentino,TRK-Y4QZSHK64U
9000010019,1000010019,564.0,569.0,49,1,,2642,SHIPPED,Correo Argentino,TRK-20N1XUOVCX
9000010020,1000010020,226.0,232.0,935,1,,1650,DELIVERED,Correo Argentino,TRK-FW2UBBCDHV
9000010021,1000010021,64.0,69.0,1364,1,,2685,SHIPPED,Correo Argentino,TRK-URUSH1Y74X
9000010022,1000010022,197.0,199.0,903,1,,2127,DELIVERED,Correo Argentino,TRK-NP4BFUM86A
9000010023,1000010023,462.0,464.0,966,1,,2588,DELIVERED,Correo Argentino,TRK-GN65WYA1GD
9000010024,1000010024,367.0,369.0,433,1,,3106,DELIVERED,Correo Argentino,TRK-1R27OI5AUF
9000010025,1000010025,620.0,621.0,1248,2,3.0,3,SHIPPED,PICKUP,
9000010026,1000010026,494.0,495.0,519,2,3.0,3,DELIVERED,PICKUP,
9000010027,1000010027,50.0,51.0,286,2,4.0,4,SHIPPED,PICKUP,
9000010028,1000010028,,,391,2,2.0,2,CANCELLED,PICKUP,
9000010029,1000010029,106.0,107.0,1445,2,2.0,2,DELIVERED,PICKUP,
9000010030,1000010030,162.0,169.0,547,1,,3098,DELIVERED,Correo Argentino,TRK-AGRSF2LQQG
9000010031,1000010031,552.0,553.0,1093,2,3.0,3,DELIVERED,PICKUP,
9000010032,1000010032,597.0,602.0,1482,1,,958,DELIVERED,Correo Argentino,TRK-4XXWT7TY1B
9000010033,1000010033,352.0,354.0,1395,1,,128,DELIVERED,Correo Argentino,TRK-FZAOXULHE2
9000010034,1000010034,630.0,631.0,912,2,2.0,2,DELIVERED,PICKUP,
9000010035,1000010035,107.0,110.0,311,1,,1205,DELIVERED,Correo Argentino,TRK-LP2XKQW5UB
9000010036,1000010036,623.0,625.0,516,1,,1304,DELIVERED,Correo Argentino,TRK-YS5QNUBUS3
9000010037,1000010037,183.0,187.0,164,1,,1154,SHIPPED,Correo Argentino,TRK-L6JT9LBSA2
9000010038,1000010038,12.0,13.0,918,2,3.0,3,DELIVERED,PICKUP,
9000010039,1000010039,349.0,350.0,893,2,2.0,2,DELIVERED,PICKUP,
9000010040,1000010040,516.0,521.0,797,1,,411,READY,Correo Argentino,TRK-SCKEAKKZU8
9000010041,1000010041,441.0,442.0,1046,2,4.0,4,DELIVERED,PICKUP,
9000010042,1000010042,513.0,515.0,618,1,,267,DELIVERED,Correo Argentino,TRK-ZHZLCXENRH
9000010043,1000010043,183.0,184.0,995,2,4.0,4,DELIVERED,PICKUP,
9000010044,1000010044,476.0,480.0,400,1,,43,DELIVERED,Correo Argentino,TRK-1YAUZ86V7F
9000010045,1000010045,456.0,460.0,920,1,,1067,DELIVERED,Correo Argentino,TRK-L8C2TB02T1
9000010046,1000010046,570.0,571.0,58,2,1.0,1,DELIVERED,PICKUP,
9000010047,1000010047,15.0,18.0,1275,1,,1593,DELIVERED,Correo Argentino,TRK-6SZBU40F3A
9000010048,1000010048,374.0,376.0,1362,1,,3091,DELIVERED,Correo Argentino,TRK-ALLMFSM2BB
9000010049,1000010049,40.0,42.0,1,1,,2281,DELIVERED,Correo Argentino,TRK-2QG2YUT2TW
9000010050,1000010050,250.0,252.0,795,1,,649,DELIVERED,Correo Argentino,TRK-C85QKWSGPS
9000010051,1000010051,,,1306,2,3.0,3,CANCELLED,PICKUP,
9000010052,1000010052,486.0,488.0,681,1,,2230,DELIVERED,Correo Argentino,TRK-K8O9INPH33
9000010053,1000010053,583.0,584.0,1162,2,2.0,2,DELIVERED,PICKUP,
9000010054,1000010054,188.0,189.0,1204,2,4.0,4,DELIVERED,PICKUP,
9000010055,1000010055,113.0,114.0,1442,2,1.0,1,SHIPPED,PICKUP,
9000010056,1000010056,434.0,435.0,1216,2,3.0,3,DELIVERED,PICKUP,
9000010057,1000010057,,,1400,2,1.0,1,CANCELLED,PICKUP,
9000010058,1000010058,472.0,476.0,61,1,,979,SHIPPED,Correo Argentino,TRK-VK3KKKFOKO
9000010059,1000010059,533.0,537.0,298,1,,2256,DELIVERED,Correo Argentino,TRK-RWR7C761M9
9000010060,1000010060,391.0,392.0,903,2,1.0,1,DELIVERED,PICKUP,
9000010061,1000010061,571.0,573.0,739,1,,2196,DELIVERED,Correo Argentino,TRK-GOWBRDSBWI
9000010062,1000010062,424.0,425.0,1339,2,2.0,2,DELIVERED,PICKUP,
9000010063,1000010063,216.0,219.0,615,1,,1870,DELIVERED,Correo Argentino,TRK-B7QPCBQ03X
9000010064,1000010064,,,1192,1,,1191,CANCELLED,Correo Argentino,
9000010065,1000010065,37.0,42.0,1291,1,,2507,DELIVERED,Correo Argentino,TRK-UAXBITUB7E
9000010066,1000010066,437.0,441.0,1459,1,,6,DELIVERED,Correo Argentino,TRK-CIBQ83KZ7T
9000010067,1000010067,334.0,339.0,541,1,,1749,DELIVERED,Correo Argentino,TRK-X0JVXWMCK4
9000010068,1000010068,363.0,367.0,797,1,,2439,DELIVERED,Correo Argentino,TRK-DC31UWQPWM
9000010069,1000010069,51.0,52.0,537,2,2.0,2,DELIVERED,PICKUP,
9000010070,1000010070,412.0,417.0,1396,1,,2047,DELIVERED,Correo Argentino,TRK-6GGJKITRGU
9000010071,1000010071,421.0,426.0,1160,1,,1334,DELIVERED,Correo Argentino,TRK-VOMPG8OHLZ
9000010072,1000010072,503.0,508.0,884,1,,97,DELIVERED,Correo Argentino,TRK-TII0QBJT9T
9000010073,1000010073,475.0,476.0,1209,2,4.0,4,DELIVERED,PICKUP,
9000010074,1000010074,140.0,145.0,1174,1,,1286,DELIVERED,Correo Argentino,TRK-YYVBA32J98
9000010075,1000010075,,,1159,2,1.0,1,CANCELLED,PICKUP,
9000010076,1000010076,195.0,199.0,889,1,,589,DELIVERED,Correo Argentino,TRK-IOILVIDPU0
9000010077,1000010077,340.0,343.0,667,1,,1186,SHIPPED,Correo Argentino,TRK-4QJIPBDF2M
9000010078,1000010078,469.0,470.0,1314,2,2.0,2,DELIVERED,PICKUP,
9000010079,1000010079,373.0,377.0,1133,1,,1112,SHIPPED,Correo Argentino,TRK-6YSSFK8Z5E
9000010080,1000010080,243.0,245.0,1348,1,,157,DELIVERED,Correo Argentino,TRK-6QCOQ8DZ7C
9000010081,1000010081,54.0,59.0,1016,1,,1717,DELIVERED,Correo Argentino,TRK-VTBBRUSZ5H
9000010082,1000010082,480.0,481.0,53,2,3.0,3,DELIVERED,PICKUP,
9000010083,1000010083,335.0,339.0,229,1,,2780,SHIPPED,Correo Argentino,TRK-JFE67B9OW1
9000010084,1000010084,80.0,84.0,794,1,,607,DELIVERED,Correo Argentino,TRK-LM5E1JI5TD
9000010085,1000010085,5.0,6.0,462,2,1.0,1,DELIVERED,PICKUP,
9000010086,1000010086,51.0,53.0,1240,1,,2050,DELIVERED,Correo Argentino,TRK-UEFHWP1VPT
9000010087,1000010087,618.0,619.0,681,2,1.0,1,DELIVERED,PICKUP,
9000010088,1000010088,214.0,216.0,522,1,,1249,DELIVERED,Correo Argentino,TRK-UAB687A47J
9000010089,1000010089,605.0,607.0,262,1,,980,DELIVERED,Correo Argentino,TRK-CSB0JS62Y5
9000010090,1000010090,,,543,1,,2817,CANCELLED,Correo Argentino,
9000010091,1000010091,,,451,1,,709,CANCELLED,Correo Argentino,
9000010092,1000010092,270.0,272.0,905,1,,3080,DELIVERED,Correo Argentino,TRK-KEYRLT2IHG
9000010093,1000010093,,,360,1,,1143,CANCELLED,Correo Argentino,
9000010094,1000010094,596.0,597.0,956,2,2.0,2,DELIVERED,PICKUP,
9000010095,1000010095,456.0,459.0,295,1,,2357,DELIVERED,Correo Argentino,TRK-DIGRYIM039
9000010096,1000010096,429.0,434.0,129,1,,362,SHIPPED,Correo Argentino,TRK-VROPHMJ6O0
9000010097,1000010097,,,412,2,4.0,4,CANCELLED,PICKUP,
9000010098,1000010098,432.0,435.0,5,1,,346,DELIVERED,Correo Argentino,TRK-PWCOXR7WSX
9000010099,1000010099,471.0,472.0,1252,2,4.0,4,SHIPPED,PICKUP,
9000010100,1000010100,294.0,295.0,968,2,1.0,1,DELIVERED,PICKUP,
9000010101,1000010101,,,313,1,,2524,CANCELLED,Correo Argentino,
9000010102,1000010102,377.0,383.0,967,1,,739,DELIVERED,Correo Argentino,TRK-8CJJ69EAEN
9000010103,1000010103,394.0,395.0,805,2,1.0,1,DELIVERED,PICKUP,
9000010104,1000010104,267.0,271.0,1271,1,,553,DELIVERED,Correo Argentino,TRK-25440KXMYL
9000010105,1000010105,,,1040,2,1.0,1,CANCELLED,PICKUP,
9000010106,1000010106,97.0,98.0,1118,2,3.0,3,DELIVERED,PICKUP,
9000010107,1000010107,299.0,300.0,135,2,1.0,1,DELIVERED,PICKUP,
9000010108,1000010108,608.0,613.0,138,1,,3058,DELIVERED,Correo Argentino,TRK-G519DTFRZG
9000010109,1000010109,462.0,466.0,1163,1,,1108,DELIVERED,Correo Argentino,TRK-CKHE2LQBMI
9000010110,1000010110,196.0,198.0,1318,1,,3113,DELIVERED,Correo Argentino,TRK-RDIQDASBQ7
9000010111,1000010111,455.0,457.0,1332,1,,691,DELIVERED,Correo Argentino,TRK-HA5OR6NIAP
9000010112,1000010112,614.0,616.0,424,1,,478,DELIVERED,Correo Argentino,TRK-8ZFPB5FTKZ
9000010113,1000010113,601.0,602.0,350,2,3.0,3,DELIVERED,PICKUP,
9000010114,1000010114,613.0,617.0,731,1,,1465,DELIVERED,Correo Argentino,TRK-4KZNQI67KB
9000010115,1000010115,155.0,156.0,557,2,2.0,2,DELIVERED,PICKUP,
9000010116,1000010116,473.0,474.0,1174,2,1.0,1,READY,PICKUP,
9000010117,1000010117,371.0,373.0,745,1,,304,DELIVERED,Correo Argentino,TRK-97BMOETTAQ
9000010118,1000010118,534.0,538.0,492,1,,2960,DELIVERED,Correo Argentino,TRK-ZAVR4DKMRC
9000010119,1000010119,134.0,135.0,835,2,4.0,4,DELIVERED,PICKUP,
9000010120,1000010120,191.0,193.0,196,1,,2488,DELIVERED,Correo Argentino,TRK-UPH0SEZ4OT
9000010121,1000010121,175.0,176.0,1468,2,2.0,2,SHIPPED,PICKUP,
9000010122,1000010122,134.0,135.0,19,2,2.0,2,DELIVERED,PICKUP,
9000010123,1000010123,404.0,408.0,1042,1,,289,DELIVERED,Correo Argentino,TRK-SBVK3M4WWF
9000010124,1000010124,383.0,390.0,495,1,,1751,DELIVERED,Correo Argentino,TRK-6466C93H1Y
9000010125,1000010125,387.0,388.0,743,2,1.0,1,SHIPPED,PICKUP,
9000010126,1000010126,7.0,8.0,505,2,2.0,2,DELIVERED,PICKUP,
9000010127,1000010127,124.0,126.0,474,1,,1897,DELIVERED,Correo Argentino,TRK-LRL4OZVORN
9000010128,1000010128,230.0,233.0,51,1,,1260,SHIPPED,Correo Argentino,TRK-OKIIWYBP95
9000010129,1000010129,279.0,282.0,882,1,,2820,SHIPPED,Correo Argentino,TRK-GOHM921RAV
9000010130,1000010130,389.0,390.0,77,2,1.0,1,DELIVERED,PICKUP,
9000010131,1000010131,241.0,242.0,348,2,4.0,4,DELIVERED,PICKUP,
9000010132,1000010132,154.0,156.0,1381,1,,218,DELIVERED,Correo Argentino,TRK-K1GG9AOMTP
9000010133,1000010133,,,552,1,,2700,CANCELLED,Correo Argentino,
9000010134,1000010134,592.0,596.0,1184,1,,1200,DELIVERED,Correo Argentino,TRK-U3KX993SSI
9000010135,1000010135,126.0,129.0,873,1,,356,SHIPPED,Correo Argentino,TRK-W16U559JG2
9000010136,1000010136,99.0,102.0,744,1,,2220,DELIVERED,Correo Argentino,TRK-DHG4UM4HC9
9000010137,1000010137,212.0,213.0,284,2,4.0,4,DELIVERED,PICKUP,
9000010138,1000010138,200.0,201.0,858,2,4.0,4,DELIVERED,PICKUP,
9000010139,1000010139,458.0,461.0,462,1,,2672,SHIPPED,Correo Argentino,TRK-0QIAV211XK
9000010140,1000010140,448.0,449.0,1489,2,4.0,4,DELIVERED,PICKUP,
9000010141,1000010141,123.0,124.0,954,2,4.0,4,DELIVERED,PICKUP,
9000010142,1000010142,331.0,332.0,897,2,2.0,2,DELIVERED,PICKUP,
9000010143,1000010143,88.0,92.0,715,1,,1856,DELIVERED,Correo Argentino,TRK-20W58WTDDO
9000010144,1000010144,103.0,108.0,498,1,,889,SHIPPED,Correo Argentino,TRK-BNAUTWH1LA
9000010145,1000010145,,,971,1,,656,CANCELLED,Correo Argentino,
9000010146,1000010146,183.0,184.0,878,2,4.0,4,DELIVERED,PICKUP,
9000010147,1000010147,491.0,492.0,16,2,3.0,3,DELIVERED,PICKUP,
9000010148,1000010148,,,1491,2,2.0,2,CANCELLED,PICKUP,
9000010149,1000010149,493.0,494.0,404,2,1.0,1,DELIVERED,PICKUP,
9000010150,1000010150,558.0,563.0,177,1,,631,DELIVERED,Correo Argentino,TRK-JY62QI9T6A
9000010151,1000010151,241.0,243.0,1445,1,,2863,DELIVERED,Correo Argentino,TRK-4FZ2CM8ZQ0
9000010152,1000010152,92.0,96.0,409,1,,1969,DELIVERED,Correo Argentino,TRK-QFBD1R5NTF
9000010153,1000010153,89.0,90.0,1073,2,4.0,4,DELIVERED,PICKUP,
9000010154,1000010154,155.0,156.0,692,2,4.0,4,SHIPPED,PICKUP,
9000010155,1000010155,158.0,161.0,1230,1,,1612,DELIVERED,Correo Argentino,TRK-QERBNQZRJ6
9000010156,1000010156,276.0,280.0,1488,1,,175,DELIVERED,Correo Argentino,TRK-STETHXOO17
9000010157,1000010157,420.0,426.0,1203,1,,1524,DELIVERED,Correo Argentino,TRK-E34CUL1OUJ
9000010158,1000010158,496.0,498.0,46,1,,20,DELIVERED,Correo Argentino,TRK-I50NQ2CQSK
9000010159,1000010159,623.0,626.0,757,1,,2053,DELIVERED,Correo Argentino,TRK-M1E0AJEFZR
9000010160,1000010160,34.0,39.0,248,1,,3078,DELIVERED,Correo Argentino,TRK-4LLRQWS35G
9000010161,1000010161,419.0,420.0,1107,2,3.0,3,DELIVERED,PICKUP,
9000010162,1000010162,223.0,224.0,1158,2,3.0,3,DELIVERED,PICKUP,
9000010163,1000010163,415.0,420.0,102,1,,2806,SHIPPED,Correo Argentino,TRK-Y86X7EH8XK
9000010164,1000010164,523.0,526.0,1250,1,,1987,SHIPPED,Correo Argentino,TRK-EGTB3LPILR
9000010165,1000010165,3.0,4.0,100,2,4.0,4,DELIVERED,PICKUP,
9000010166,1000010166,107.0,112.0,40,1,,2477,DELIVERED,Correo Argentino,TRK-DBAJR6X2JO
9000010167,1000010167,446.0,448.0,956,1,,2563,DELIVERED,Correo Argentino,TRK-PG8VTV9VYV
9000010168,1000010168,410.0,412.0,1463,1,,502,DELIVERED,Correo Argentino,TRK-81YMEHRUBS
9000010169,1000010169,451.0,452.0,1247,2,2.0,2,DELIVERED,PICKUP,
9000010170,1000010170,536.0,540.0,356,1,,2777,DELIVERED,Correo Argentino,TRK-UCM6IZ2FMJ
9000010171,1000010171,127.0,130.0,69,1,,1454,DELIVERED,Correo Argentino,TRK-7VL8YTMFI3
9000010172,1000010172,228.0,229.0,1428,2,2.0,2,DELIVERED,PICKUP,
9000010173,1000010173,91.0,93.0,1015,1,,1932,DELIVERED,Correo Argentino,TRK-ENND3VKHKA
9000010174,1000010174,412.0,415.0,57,1,,2854,DELIVERED,Correo Argentino,TRK-H5TTQIWU67
9000010175,1000010175,609.0,612.0,864,1,,166,DELIVERED,Correo Argentino,TRK-LU4J6P720N
9000010176,1000010176,49.0,54.0,1175,1,,2518,DELIVERED,Correo Argentino,TRK-6OO4Q4ZTZL
9000010177,1000010177,584.0,589.0,981,1,,1880,DELIVERED,Correo Argentino,TRK-WSGJS56I22
9000010178,1000010178,119.0,123.0,585,1,,1887,DELIVERED,Correo Argentino,TRK-FTEI3SKZU4
9000010179,1000010179,175.0,179.0,1317,1,,1290,DELIVERED,Correo Argentino,TRK-Z4UO7MSW2E
9000010180,1000010180,233.0,234.0,798,2,4.0,4,READY,PICKUP,
9000010181,1000010181,234.0,237.0,149,1,,1200,DELIVERED,Correo Argentino,TRK-FT1MO3X8H5
9000010182,1000010182,528.0,530.0,690,1,,45,DELIVERED,Correo Argentino,TRK-DGAZ7C67GY
9000010183,1000010183,207.0,211.0,1384,1,,168,DELIVERED,Correo Argentino,TRK-GCUONZ7KNX
9000010184,1000010184,341.0,342.0,750,2,1.0,1,DELIVERED,PICKUP,
9000010185,1000010185,522.0,523.0,874,2,3.0,3,DELIVERED,PICKUP,
9000010186,1000010186,426.0,428.0,282,1,,3156,DELIVERED,Correo Argentino,TRK-LPDYFQMC9B
9000010187,1000010187,561.0,562.0,75,2,1.0,1,DELIVERED,PICKUP,
9000010188,1000010188,63.0,66.0,994,1,,3145,DELIVERED,Correo Argentino,TRK-7F6BQIHCP1
9000010189,1000010189,90.0,95.0,634,1,,404,SHIPPED,Correo Argentino,TRK-JHHIN4G1DR
9000010190,1000010190,478.0,480.0,748,1,,2345,DELIVERED,Correo Argentino,TRK-VR287GPVGJ
9000010191,1000010191,68.0,69.0,835,2,2.0,2,DELIVERED,PICKUP,
9000010192,1000010192,308.0,310.0,11,1,,3177,SHIPPED,Correo Argentino,TRK-OK1D1YOU3L
9000010193,1000010193,132.0,136.0,688,1,,349,DELIVERED,Correo Argentino,TRK-GTMJOXDJBC
9000010194,1000010194,638.0,643.0,1460,1,,1066,DELIVERED,Correo Argentino,TRK-DQ8WQLGM4C
9000010195,1000010195,613.0,618.0,1406,1,,1604,DELIVERED,Correo Argentino,TRK-9FM9VGDQ49
9000010196,1000010196,,,334,2,1.0,1,CANCELLED,PICKUP,
9000010197,1000010197,262.0,269.0,880,1,,2136,DELIVERED,Correo Argentino,TRK-DHK1L21LAK
9000010198,1000010198,15.0,16.0,814,2,4.0,4,DELIVERED,PICKUP,
9000010199,1000010199,94.0,99.0,1162,1,,2522,DELIVERED,Correo Argentino,TRK-LG15MM88NC
9000010200,1000010200,388.0,389.0,867,2,3.0,3,DELIVERED,PICKUP,
9000010201,1000010201,37.0,38.0,682,2,1.0,1,DELIVERED,PICKUP,
9000010202,1000010202,86.0,90.0,294,1,,1751,DELIVERED,Correo Argentino,TRK-3GB9FDEJRT
9000010203,1000010203,493.0,494.0,1061,2,4.0,4,DELIVERED,PICKUP,
9000010204,1000010204,614.0,615.0,601,2,4.0,4,DELIVERED,PICKUP,
9000010205,1000010205,99.0,103.0,676,1,,2424,DELIVERED,Correo Argentino,TRK-6DQUD9U6FM
9000010206,1000010206,251.0,253.0,232,1,,1017,SHIPPED,Correo Argentino,TRK-RUH2ZH8NTW
9000010207,1000010207,9.0,11.0,417,1,,3184,DELIVERED,Correo Argentino,TRK-JEBVMXSWTS
9000010208,1000010208,307.0,312.0,393,1,,1854,SHIPPED,Correo Argentino,TRK-LE5QNTCFHP
9000010209,1000010209,374.0,375.0,556,2,4.0,4,SHIPPED,PICKUP,
9000010210,1000010210,278.0,279.0,1029,2,4.0,4,DELIVERED,PICKUP,
9000010211,1000010211,560.0,563.0,588,1,,558,DELIVERED,Correo Argentino,TRK-RMOADEJFA3
9000010212,1000010212,210.0,211.0,980,2,2.0,2,SHIPPED,PICKUP,
9000010213,1000010213,334.0,340.0,118,1,,1275,DELIVERED,Correo Argentino,TRK-3RDMGSDUTV
9000010214,1000010214,415.0,419.0,677,1,,2684,DELIVERED,Correo Argentino,TRK-47D81A4Q04
9000010215,1000010215,416.0,418.0,26,1,,1985,DELIVERED,Correo Argentino,TRK-1R7BMGC6XE
9000010216,1000010216,597.0,600.0,315,1,,1720,SHIPPED,Correo Argentino,TRK-YYN9JYKXOZ
9000010217,1000010217,548.0,550.0,867,1,,2351,DELIVERED,Correo Argentino,TRK-D3AZHMR2V3
9000010218,1000010218,446.0,447.0,147,2,1.0,1,DELIVERED,PICKUP,
9000010219,1000010219,419.0,420.0,169,2,3.0,3,DELIVERED,PICKUP,
9000010220,1000010220,473.0,474.0,148,2,3.0,3,DELIVERED,PICKUP,
9000010221,1000010221,245.0,247.0,1485,1,,382,DELIVERED,Correo Argentino,TRK-F8O5O2R1KR
9000010222,1000010222,554.0,557.0,986,1,,2368,SHIPPED,Correo Argentino,TRK-06SCIUMI22
9000010223,1000010223,202.0,203.0,1300,2,2.0,2,DELIVERED,PICKUP,
9000010224,1000010224,460.0,463.0,904,1,,1033,DELIVERED,Correo Argentino,TRK-86KGRZ2C3X
9000010225,1000010225,409.0,413.0,714,1,,1727,SHIPPED,Correo Argentino,TRK-O7BWF6VLFZ
9000010226,1000010226,191.0,194.0,864,1,,165,SHIPPED,Correo Argentino,TRK-YZEQKURHLX
9000010227,1000010227,431.0,433.0,1413,1,,1084,SHIPPED,Correo Argentino,TRK-762RBLI28I
9000010228,1000010228,626.0,630.0,496,1,,2803,DELIVERED,Correo Argentino,TRK-A5XC03O7CX
9000010229,1000010229,215.0,220.0,1175,1,,1283,SHIPPED,Correo Argentino,TRK-3JH20NX7HN
9000010230,1000010230,537.0,538.0,1353,2,4.0,4,DELIVERED,PICKUP,
9000010231,1000010231,620.0,623.0,1207,1,,2864,SHIPPED,Correo Argentino,TRK-Q64QKRRNMQ
9000010232,1000010232,506.0,508.0,76,1,,2489,DELIVERED,Correo Argentino,TRK-RUE88B6N4N
9000010233,1000010233,40.0,44.0,1245,1,,1921,DELIVERED,Correo Argentino,TRK-R7EQS3AN7Z
9000010234,1000010234,63.0,66.0,1446,1,,1445,DELIVERED,Correo Argentino,TRK-LGRKZYND69
9000010235,1000010235,107.0,108.0,389,2,2.0,2,DELIVERED,PICKUP,
9000010236,1000010236,256.0,257.0,480,2,3.0,3,DELIVERED,PICKUP,
9000010237,1000010237,334.0,335.0,1096,2,3.0,3,DELIVERED,PICKUP,
9000010238,1000010238,150.0,155.0,46,1,,2070,SHIPPED,Correo Argentino,TRK-L878HJBHTG
9000010239,1000010239,450.0,451.0,924,2,3.0,3,DELIVERED,PICKUP,
9000010240,1000010240,420.0,423.0,168,1,,471,SHIPPED,Correo Argentino,TRK-EPJ7HUM9QP
9000010241,1000010241,51.0,52.0,1117,2,3.0,3,DELIVERED,PICKUP,
9000010242,1000010242,282.0,285.0,658,1,,876,DELIVERED,Correo Argentino,TRK-NAIH28CKVO
9000010243,1000010243,128.0,133.0,98,1,,2425,DELIVERED,Correo Argentino,TRK-74B4Y9ADML
9000010244,1000010244,,,942,1,,2592,CANCELLED,Correo Argentino,
9000010245,1000010245,,,376,1,,1481,CANCELLED,Correo Argentino,
9000010246,1000010246,265.0,270.0,401,1,,583,DELIVERED,Correo Argentino,TRK-DMMXUXC1G7
9000010247,1000010247,330.0,333.0,1477,1,,3122,DELIVERED,Correo Argentino,TRK-42OEIL19CI
9000010248,1000010248,162.0,165.0,1124,1,,2302,DELIVERED,Correo Argentino,TRK-GRUQSFK9ZH
9000010249,1000010249,408.0,412.0,446,1,,2457,DELIVERED,Correo Argentino,TRK-56YEQJ1WSS
9000010250,1000010250,113.0,114.0,1106,2,2.0,2,DELIVERED,PICKUP,
9000010251,1000010251,77.0,78.0,1182,2,3.0,3,DELIVERED,PICKUP,
9000010252,1000010252,375.0,380.0,1433,1,,2294,DELIVERED,Correo Argentino,TRK-FTM8L0JCC1
9000010253,1000010253,168.0,169.0,298,2,3.0,3,DELIVERED,PICKUP,
9000010254,1000010254,546.0,547.0,580,2,2.0,2,DELIVERED,PICKUP,
9000010255,1000010255,266.0,267.0,878,2,2.0,2,DELIVERED,PICKUP,
9000010256,1000010256,59.0,62.0,671,1,,2289,DELIVERED,Correo Argentino,TRK-CNLP1Z7LSU
9000010257,1000010257,544.0,545.0,542,2,3.0,3,DELIVERED,PICKUP,
9000010258,1000010258,100.0,102.0,215,1,,494,DELIVERED,Correo Argentino,TRK-COZFM4EK48
9000010259,1000010259,55.0,59.0,69,1,,2902,READY,Correo Argentino,TRK-8QAVXQTZU8
9000010260,1000010260,457.0,458.0,1414,2,3.0,3,DELIVERED,PICKUP,
9000010261,1000010261,141.0,146.0,335,1,,3159,DELIVERED,Correo Argentino,TRK-H3GCT5I8M3
9000010262,1000010262,437.0,438.0,436,2,4.0,4,DELIVERED,PICKUP,
9000010263,1000010263,68.0,70.0,1309,1,,2422,DELIVERED,Correo Argentino,TRK-ZAN40YEH5Z
9000010264,1000010264,,,1085,2,4.0,4,CANCELLED,PICKUP,
9000010265,1000010265,336.0,341.0,504,1,,2201,SHIPPED,Correo Argentino,TRK-EXLZ9FTLV2
9000010266,1000010266,443.0,446.0,12,1,,928,DELIVERED,Correo Argentino,TRK-RQTPIXK71W
9000010267,1000010267,636.0,637.0,545,2,1.0,1,SHIPPED,PICKUP,
9000010268,1000010268,155.0,157.0,162,1,,3135,DELIVERED,Correo Argentino,TRK-3IX4EHHRES
9000010269,1000010269,437.0,441.0,1399,1,,203,DELIVERED,Correo Argentino,TRK-2W8V346LJQ
9000010270,1000010270,307.0,310.0,1309,1,,480,SHIPPED,Correo Argentino,TRK-MEB8CKZ0YO
9000010271,1000010271,239.0,245.0,1381,1,,2012,SHIPPED,Correo Argentino,TRK-Z9K4VDHQKZ
9000010272,1000010272,121.0,123.0,662,1,,622,SHIPPED,Correo Argentino,TRK-MHFWETA8U3
9000010273,1000010273,106.0,110.0,799,1,,2812,DELIVERED,Correo Argentino,TRK-CMUV9W1P5S
9000010274,1000010274,381.0,383.0,737,1,,2910,DELIVERED,Correo Argentino,TRK-AMHO9HTQY0
9000010275,1000010275,208.0,213.0,1124,1,,1034,DELIVERED,Correo Argentino,TRK-SNMTKRIYRP
9000010276,1000010276,498.0,502.0,452,1,,1565,DELIVERED,Correo Argentino,TRK-BGDFDF7YI4
9000010277,1000010277,614.0,618.0,599,1,,445,SHIPPED,Correo Argentino,TRK-L0E7DRWRXV
9000010278,1000010278,14.0,19.0,1122,1,,951,DELIVERED,Correo Argentino,TRK-ONNTB5BHPN
9000010279,1000010279,22.0,23.0,94,2,3.0,3,DELIVERED,PICKUP,
9000010280,1000010280,418.0,419.0,1368,2,3.0,3,DELIVERED,PICKUP,
9000010281,1000010281,,,1247,1,,2116,CANCELLED,Correo Argentino,
9000010282,1000010282,465.0,466.0,65,2,4.0,4,DELIVERED,PICKUP,
9000010283,1000010283,315.0,316.0,1182,2,1.0,1,DELIVERED,PICKUP,
9000010284,1000010284,531.0,533.0,833,1,,1340,DELIVERED,Correo Argentino,TRK-8ENCHM3DC5
9000010285,1000010285,,,41,1,,2962,CANCELLED,Correo Argentino,
9000010286,1000010286,15.0,16.0,217,2,3.0,3,SHIPPED,PICKUP,
9000010287,1000010287,26.0,27.0,479,2,3.0,3,DELIVERED,PICKUP,
9000010288,1000010288,484.0,485.0,1295,2,1.0,1,DELIVERED,PICKUP,
9000010289,1000010289,286.0,287.0,644,2,4.0,4,DELIVERED,PICKUP,
9000010290,1000010290,91.0,96.0,1355,1,,2702,DELIVERED,Correo Argentino,TRK-Y2XPEOJCSM
9000010291,1000010291,82.0,83.0,1193,2,4.0,4,DELIVERED,PICKUP,
9000010292,1000010292,28.0,31.0,324,1,,1393,DELIVERED,Correo Argentino,TRK-VCJXCWYR53
9000010293,1000010293,331.0,334.0,503,1,,2425,DELIVERED,Correo Argentino,TRK-6LHG34V45E
9000010294,1000010294,,,455,1,,2271,CANCELLED,Correo Argentino,
9000010295,1000010295,,,1072,1,,2401,CANCELLED,Correo Argentino,
9000010296,1000010296,331.0,336.0,351,1,,648,DELIVERED,Correo Argentino,TRK-6T9I94P9TW
9000010297,1000010297,539.0,541.0,175,1,,2315,DELIVERED,Correo Argentino,TRK-V7M8VDE3OJ
9000010298,1000010298,352.0,354.0,1174,1,,2693,DELIVERED,Correo Argentino,TRK-67RS5N5VCD
9000010299,1000010299,548.0,550.0,1182,1,,1608,DELIVERED,Correo Argentino,TRK-SAQB6CTZXU
9000010300,1000010300,3.0,4.0,75,2,3.0,3,DELIVERED,PICKUP,
9000010301,1000010301,258.0,259.0,846,2,4.0,4,SHIPPED,PICKUP,
9000010302,1000010302,629.0,630.0,855,2,1.0,1,DELIVERED,PICKUP,
9000010303,1000010303,418.0,422.0,1424,1,,1056,DELIVERED,Correo Argentino,TRK-330PT942RD
9000010304,1000010304,133.0,134.0,18,2,4.0,4,DELIVERED,PICKUP,
9000010305,1000010305,90.0,95.0,797,1,,1169,DELIVERED,Correo Argentino,TRK-L1NBPRRR0K
9000010306,1000010306,377.0,383.0,234,1,,1591,SHIPPED,Correo Argentino,TRK-VSMHJBQQRN
9000010307,1000010307,614.0,615.0,921,2,4.0,4,DELIVERED,PICKUP,
9000010308,1000010308,309.0,311.0,1293,1,,2568,DELIVERED,Correo Argentino,TRK-RW0JY2FDEO
9000010309,1000010309,489.0,493.0,78,1,,2719,DELIVERED,Correo Argentino,TRK-EHJN0AORBV
9000010310,1000010310,348.0,349.0,970,2,2.0,2,DELIVERED,PICKUP,
9000010311,1000010311,349.0,350.0,27,2,1.0,1,DELIVERED,PICKUP,
9000010312,1000010312,505.0,508.0,965,1,,2964,DELIVERED,Correo Argentino,TRK-DIY8XEDP8S
9000010313,1000010313,78.0,80.0,1463,1,,1188,DELIVERED,Correo Argentino,TRK-O0PSB0ZLZT
9000010314,1000010314,389.0,393.0,330,1,,2302,DELIVERED,Correo Argentino,TRK-ON3239WJ1V
9000010315,1000010315,448.0,449.0,57,2,4.0,4,SHIPPED,PICKUP,
9000010316,1000010316,582.0,586.0,538,1,,79,DELIVERED,Correo Argentino,TRK-SM4GWDJ4SA
9000010317,1000010317,35.0,36.0,695,2,1.0,1,SHIPPED,PICKUP,
9000010318,1000010318,,,948,1,,1649,CANCELLED,Correo Argentino,
9000010319,1000010319,214.0,215.0,39,2,3.0,3,DELIVERED,PICKUP,
9000010320,1000010320,84.0,89.0,472,1,,1279,DELIVERED,Correo Argentino,TRK-FXRED9IAD4
9000010321,1000010321,108.0,109.0,1347,2,3.0,3,DELIVERED,PICKUP,
9000010322,1000010322,632.0,633.0,582,2,2.0,2,SHIPPED,PICKUP,
9000010323,1000010323,293.0,296.0,271,1,,1500,DELIVERED,Correo Argentino,TRK-XIQPC5JRJT
9000010324,1000010324,43.0,46.0,87,1,,1888,DELIVERED,Correo Argentino,TRK-LXIWRG9GOF
9000010325,1000010325,574.0,577.0,1150,1,,462,DELIVERED,Correo Argentino,TRK-BXSPTX2S2D
9000010326,1000010326,346.0,347.0,1298,2,1.0,1,DELIVERED,PICKUP,
9000010327,1000010327,200.0,202.0,115,1,,2700,DELIVERED,Correo Argentino,TRK-8537R3U591
9000010328,1000010328,487.0,492.0,672,1,,40,DELIVERED,Correo Argentino,TRK-WEMV6RO6X9
9000010329,1000010329,548.0,553.0,1379,1,,2213,DELIVERED,Correo Argentino,TRK-VQUH0F1FUB
9000010330,1000010330,453.0,455.0,956,1,,2639,DELIVERED,Correo Argentino,TRK-KW5M480W4P
9000010331,1000010331,135.0,136.0,1177,2,1.0,1,DELIVERED,PICKUP,
9000010332,1000010332,618.0,619.0,476,2,4.0,4,SHIPPED,PICKUP,
9000010333,1000010333,300.0,302.0,1393,1,,45,DELIVERED,Correo Argentino,TRK-S66V5Y3SEZ
9000010334,1000010334,157.0,158.0,311,2,1.0,1,DELIVERED,PICKUP,
9000010335,1000010335,533.0,534.0,546,2,1.0,1,DELIVERED,PICKUP,
9000010336,1000010336,186.0,188.0,187,1,,664,DELIVERED,Correo Argentino,TRK-NELXNDFLBQ
9000010337,1000010337,420.0,421.0,515,2,4.0,4,DELIVERED,PICKUP,
9000010338,1000010338,576.0,577.0,641,2,4.0,4,DELIVERED,PICKUP,
9000010339,1000010339,512.0,514.0,1169,1,,2880,DELIVERED,Correo Argentino,TRK-1J5WIGVC7N
9000010340,1000010340,115.0,116.0,459,2,4.0,4,DELIVERED,PICKUP,
9000010341,1000010341,498.0,500.0,190,1,,1408,SHIPPED,Correo Argentino,TRK-A4NMG3A7UR
9000010342,1000010342,530.0,533.0,781,1,,1414,DELIVERED,Correo Argentino,TRK-NPSZ4X5B1G
9000010343,1000010343,591.0,592.0,581,2,1.0,1,DELIVERED,PICKUP,
9000010344,1000010344,296.0,299.0,1105,1,,1496,DELIVERED,Correo Argentino,TRK-O1XULT7FY3
9000010345,1000010345,475.0,478.0,1144,1,,2533,DELIVERED,Correo Argentino,TRK-3XEMZJOJGT
9000010346,1000010346,263.0,267.0,359,1,,831,SHIPPED,Correo Argentino,TRK-LATQFF0TZF
9000010347,1000010347,81.0,85.0,517,1,,2059,SHIPPED,Correo Argentino,TRK-Z01OY3TFDK
9000010348,1000010348,150.0,155.0,589,1,,1743,DELIVERED,Correo Argentino,TRK-VF73RUIM0K
9000010349,1000010349,289.0,290.0,777,2,3.0,3,SHIPPED,PICKUP,
9000010350,1000010350,,,67,1,,8,CANCELLED,Correo Argentino,
9000010351,1000010351,,,1268,2,1.0,1,CANCELLED,PICKUP,
9000010352,1000010352,164.0,165.0,121,2,4.0,4,DELIVERED,PICKUP,
9000010353,1000010353,440.0,442.0,140,1,,3119,DELIVERED,Correo Argentino,TRK-1B68PNUT2Q
9000010354,1000010354,87.0,89.0,1453,1,,1376,DELIVERED,Correo Argentino,TRK-XI7ESDILCP
9000010355,1000010355,109.0,110.0,1337,2,1.0,1,DELIVERED,PICKUP,
9000010356,1000010356,117.0,118.0,1223,2,4.0,4,DELIVERED,PICKUP,
9000010357,1000010357,,,897,1,,3023,CANCELLED,Correo Argentino,
9000010358,1000010358,,,1098,1,,1206,CANCELLED,Correo Argentino,
9000010359,1000010359,439.0,440.0,1134,2,3.0,3,DELIVERED,PICKUP,
9000010360,1000010360,504.0,505.0,679,2,4.0,4,DELIVERED,PICKUP,
9000010361,1000010361,618.0,620.0,672,1,,894,DELIVERED,Correo Argentino,TRK-V9WX720W9I
9000010362,1000010362,632.0,634.0,1405,1,,145,DELIVERED,Correo Argentino,TRK-IPECC00AM4
9000010363,1000010363,32.0,33.0,922,2,3.0,3,SHIPPED,PICKUP,
9000010364,1000010364,168.0,171.0,33,1,,1000,DELIVERED,Correo Argentino,TRK-FLF1H4K2YU
9000010365,1000010365,410.0,411.0,109,2,4.0,4,DELIVERED,PICKUP,
9000010366,1000010366,561.0,565.0,423,1,,3104,DELIVERED,Correo Argentino,TRK-JPIWLZDSXL
9000010367,1000010367,,,1254,1,,1140,CANCELLED,Correo Argentino,
9000010368,1000010368,633.0,637.0,895,1,,809,DELIVERED,Correo Argentino,TRK-GS4HI3351D
9000010369,1000010369,64.0,65.0,745,2,4.0,4,DELIVERED,PICKUP,
9000010370,1000010370,134.0,135.0,363,2,4.0,4,DELIVERED,PICKUP,
9000010371,1000010371,145.0,146.0,700,2,1.0,1,DELIVERED,PICKUP,
9000010372,1000010372,,,126,1,,2936,CANCELLED,Correo Argentino,
9000010373,1000010373,,,296,2,4.0,4,CANCELLED,PICKUP,
9000010374,1000010374,,,185,2,3.0,3,CANCELLED,PICKUP,
9000010375,1000010375,550.0,554.0,492,1,,426,DELIVERED,Correo Argentino,TRK-OGYBHOB824
9000010376,1000010376,363.0,368.0,745,1,,1283,DELIVERED,Correo Argentino,TRK-S2FL6BTQMD
9000010377,1000010377,523.0,524.0,581,2,3.0,3,DELIVERED,PICKUP,
9000010378,1000010378,544.0,545.0,553,2,3.0,3,DELIVERED,PICKUP,
9000010379,1000010379,116.0,117.0,386,2,4.0,4,DELIVERED,PICKUP,
9000010380,1000010380,390.0,392.0,838,1,,815,DELIVERED,Correo Argentino,TRK-QQYHKBZ12C
9000010381,1000010381,157.0,158.0,126,2,2.0,2,DELIVERED,PICKUP,
9000010382,1000010382,341.0,345.0,866,1,,1700,SHIPPED,Correo Argentino,TRK-D1159RCXNQ
9000010383,1000010383,446.0,450.0,1010,1,,2145,DELIVERED,Correo Argentino,TRK-NC43EBWWY7
9000010384,1000010384,300.0,303.0,224,1,,3174,DELIVERED,Correo Argentino,TRK-HMQFD25SZF
9000010385,1000010385,320.0,321.0,1263,2,3.0,3,DELIVERED,PICKUP,
9000010386,1000010386,422.0,427.0,570,1,,136,DELIVERED,Correo Argentino,TRK-MSHVSX7EKF
9000010387,1000010387,,,650,2,4.0,4,CANCELLED,PICKUP,
9000010388,1000010388,415.0,419.0,1348,1,,2384,DELIVERED,Correo Argentino,TRK-Q8O5PRUVOB
9000010389,1000010389,383.0,384.0,72,2,2.0,2,DELIVERED,PICKUP,
9000010390,1000010390,443.0,447.0,238,1,,813,DELIVERED,Correo Argentino,TRK-H3OUYNVWIH
9000010391,1000010391,64.0,70.0,809,1,,2903,DELIVERED,Correo Argentino,TRK-RZQ3A2KPRJ
9000010392,1000010392,600.0,604.0,542,1,,2398,DELIVERED,Correo Argentino,TRK-Z4U2H0PRVA
9000010393,1000010393,591.0,592.0,1471,2,1.0,1,DELIVERED,PICKUP,
9000010394,1000010394,475.0,476.0,18,2,4.0,4,DELIVERED,PICKUP,
9000010395,1000010395,353.0,356.0,93,1,,2881,DELIVERED,Correo Argentino,TRK-WXAU5NJVZJ
9000010396,1000010396,583.0,586.0,666,1,,657,DELIVERED,Correo Argentino,TRK-6AZS207CVB
9000010397,1000010397,40.0,41.0,147,2,2.0,2,DELIVERED,PICKUP,
9000010398,1000010398,,,168,1,,1968,CANCELLED,Correo Argentino,
9000010399,1000010399,569.0,573.0,305,1,,2846,READY,Correo Argentino,TRK-X3VUAVXIUH
9000010400,1000010400,141.0,143.0,816,1,,3167,DELIVERED,Correo Argentino,TRK-5L1HSPUEZM
9000010401,1000010401,313.0,314.0,1173,2,4.0,4,DELIVERED,PICKUP,
9000010402,1000010402,261.0,262.0,524,2,2.0,2,DELIVERED,PICKUP,
9000010403,1000010403,545.0,547.0,688,1,,1691,SHIPPED,Correo Argentino,TRK-LLKOLF2KK7
9000010404,1000010404,605.0,607.0,245,1,,173,SHIPPED,Correo Argentino,TRK-LZH7RSM523
9000010405,1000010405,218.0,219.0,422,2,1.0,1,DELIVERED,PICKUP,
9000010406,1000010406,637.0,638.0,716,2,4.0,4,DELIVERED,PICKUP,
9000010407,1000010407,544.0,545.0,744,2,3.0,3,SHIPPED,PICKUP,
9000010408,1000010408,264.0,265.0,614,2,1.0,1,DELIVERED,PICKUP,
9000010409,1000010409,323.0,328.0,716,1,,3135,DELIVERED,Correo Argentino,TRK-Z9O2S1QVYS
9000010410,1000010410,524.0,525.0,258,2,4.0,4,DELIVERED,PICKUP,
9000010411,1000010411,85.0,86.0,1139,2,4.0,4,DELIVERED,PICKUP,
9000010412,1000010412,,,171,1,,1867,CANCELLED,Correo Argentino,
9000010413,1000010413,400.0,402.0,896,1,,1876,DELIVERED,Correo Argentino,TRK-OHEMDXP54U
9000010414,1000010414,569.0,573.0,1332,1,,2201,DELIVERED,Correo Argentino,TRK-Q2SHZN9CJ6
9000010415,1000010415,292.0,296.0,682,1,,700,DELIVERED,Correo Argentino,TRK-LJTD8DJWDR
9000010416,1000010416,633.0,634.0,1265,2,1.0,1,DELIVERED,PICKUP,
9000010417,1000010417,49.0,56.0,234,1,,2176,DELIVERED,Correo Argentino,TRK-VAH2LQUIJ7
9000010418,1000010418,41.0,45.0,1145,1,,1103,SHIPPED,Correo Argentino,TRK-TNF2FDBBTM
9000010419,1000010419,453.0,455.0,965,1,,3034,SHIPPED,Correo Argentino,TRK-LSCVXOX0WT
9000010420,1000010420,491.0,493.0,47,1,,3010,DELIVERED,Correo Argentino,TRK-OBC70GLTOZ
9000010421,1000010421,511.0,514.0,501,1,,1228,DELIVERED,Correo Argentino,TRK-XV3C4LQVMC
9000010422,1000010422,501.0,503.0,716,1,,2762,DELIVERED,Correo Argentino,TRK-QJ719X2JD3
9000010423,1000010423,,,848,1,,2273,CANCELLED,Correo Argentino,
9000010424,1000010424,484.0,485.0,574,2,2.0,2,DELIVERED,PICKUP,
9000010425,1000010425,629.0,634.0,361,1,,2960,SHIPPED,Correo Argentino,TRK-RIM14S9CZM
9000010426,1000010426,10.0,11.0,565,2,2.0,2,SHIPPED,PICKUP,
9000010427,1000010427,259.0,265.0,1233,1,,1532,DELIVERED,Correo Argentino,TRK-EIZHX2BSE9
9000010428,1000010428,242.0,243.0,433,2,2.0,2,DELIVERED,PICKUP,
9000010429,1000010429,395.0,398.0,66,1,,911,DELIVERED,Correo Argentino,TRK-UF8VX1WV34
9000010430,1000010430,427.0,428.0,898,2,1.0,1,SHIPPED,PICKUP,
9000010431,1000010431,597.0,599.0,1130,1,,438,DELIVERED,Correo Argentino,TRK-V1C0CB4FUS
9000010432,1000010432,175.0,178.0,892,1,,1182,DELIVERED,Correo Argentino,TRK-1DGI9I2NKA
9000010433,1000010433,79.0,80.0,972,2,1.0,1,DELIVERED,PICKUP,
9000010434,1000010434,245.0,250.0,486,1,,854,DELIVERED,Correo Argentino,TRK-8BYSL1TOO9
9000010435,1000010435,599.0,602.0,173,1,,1062,DELIVERED,Correo Argentino,TRK-N94E995AXM
9000010436,1000010436,170.0,171.0,238,2,4.0,4,DELIVERED,PICKUP,
9000010437,1000010437,628.0,630.0,992,1,,2205,SHIPPED,Correo Argentino,TRK-DI20J0W4HU
9000010438,1000010438,395.0,398.0,341,1,,2928,DELIVERED,Correo Argentino,TRK-YIA1WU0333
9000010439,1000010439,480.0,481.0,1321,2,3.0,3,DELIVERED,PICKUP,
9000010440,1000010440,247.0,248.0,1334,2,2.0,2,DELIVERED,PICKUP,
9000010441,1000010441,,,315,2,1.0,1,CANCELLED,PICKUP,
9000010442,1000010442,118.0,120.0,839,1,,1900,DELIVERED,Correo Argentino,TRK-XEHIOZ3XO4
9000010443,1000010443,103.0,106.0,643,1,,214,DELIVERED,Correo Argentino,TRK-4Y5DFXUWFV
9000010444,1000010444,141.0,142.0,196,2,2.0,2,DELIVERED,PICKUP,
9000010445,1000010445,85.0,86.0,1194,2,2.0,2,DELIVERED,PICKUP,
9000010446,1000010446,269.0,270.0,1331,2,2.0,2,DELIVERED,PICKUP,
9000010447,1000010447,288.0,289.0,1253,2,1.0,1,DELIVERED,PICKUP,
9000010448,1000010448,236.0,238.0,878,1,,259,DELIVERED,Correo Argentino,TRK-UB7KYDNADW
9000010449,1000010449,417.0,422.0,862,1,,2229,DELIVERED,Correo Argentino,TRK-KZ3RQ043KI
9000010450,1000010450,199.0,200.0,714,2,4.0,4,DELIVERED,PICKUP,
9000010451,1000010451,187.0,188.0,534,2,4.0,4,SHIPPED,PICKUP,
9000010452,1000010452,135.0,136.0,1062,2,3.0,3,DELIVERED,PICKUP,
9000010453,1000010453,455.0,456.0,1234,2,2.0,2,SHIPPED,PICKUP,
9000010454,1000010454,234.0,237.0,947,1,,766,DELIVERED,Correo Argentino,TRK-RTLNNATQD5
9000010455,1000010455,478.0,479.0,880,2,4.0,4,SHIPPED,PICKUP,
9000010456,1000010456,383.0,388.0,1195,1,,1101,SHIPPED,Correo Argentino,TRK-KCUGHK940P
9000010457,1000010457,310.0,314.0,862,1,,1926,DELIVERED,Correo Argentino,TRK-FO1C0I2HR1
9000010458,1000010458,622.0,626.0,897,1,,352,DELIVERED,Correo Argentino,TRK-EDVQBFHGO9
9000010459,1000010459,98.0,101.0,594,1,,2595,DELIVERED,Correo Argentino,TRK-QUM5VSAOQZ
9000010460,1000010460,32.0,35.0,1234,1,,2815,DELIVERED,Correo Argentino,TRK-JI05ITHAOO
9000010461,1000010461,335.0,336.0,952,2,1.0,1,SHIPPED,PICKUP,
9000010462,1000010462,587.0,588.0,410,2,3.0,3,DELIVERED,PICKUP,
9000010463,1000010463,480.0,481.0,951,2,2.0,2,DELIVERED,PICKUP,
9000010464,1000010464,573.0,574.0,71,2,2.0,2,DELIVERED,PICKUP,
9000010465,1000010465,,,1245,1,,673,CANCELLED,Correo Argentino,
9000010466,1000010466,99.0,100.0,244,2,3.0,3,DELIVERED,PICKUP,
9000010467,1000010467,96.0,97.0,776,2,1.0,1,SHIPPED,PICKUP,
9000010468,1000010468,519.0,520.0,1245,2,3.0,3,DELIVERED,PICKUP,
9000010469,1000010469,,,822,2,4.0,4,CANCELLED,PICKUP,
9000010470,1000010470,36.0,37.0,602,2,4.0,4,DELIVERED,PICKUP,
9000010471,1000010471,398.0,402.0,803,1,,508,DELIVERED,Correo Argentino,TRK-515UD7IWLK
9000010472,1000010472,432.0,433.0,1309,2,1.0,1,DELIVERED,PICKUP,
9000010473,1000010473,619.0,621.0,204,1,,1958,DELIVERED,Correo Argentino,TRK-UJBYNCRQXN
9000010474,1000010474,175.0,177.0,1489,1,,2812,DELIVERED,Correo Argentino,TRK-HV020SICWZ
9000010475,1000010475,556.0,560.0,8,1,,924,DELIVERED,Correo Argentino,TRK-BSMUJNQKYS
9000010476,1000010476,575.0,579.0,196,1,,2602,DELIVERED,Correo Argentino,TRK-QUG3OUAY5N
9000010477,1000010477,138.0,144.0,479,1,,989,DELIVERED,Correo Argentino,TRK-HC63GP1WEC
9000010478,1000010478,256.0,258.0,1107,1,,1174,DELIVERED,Correo Argentino,TRK-TGNRI5I3MM
9000010479,1000010479,359.0,360.0,384,2,4.0,4,DELIVERED,PICKUP,
9000010480,1000010480,,,206,1,,1502,CANCELLED,Correo Argentino,
9000010481,1000010481,46.0,47.0,928,2,1.0,1,DELIVERED,PICKUP,
9000010482,1000010482,629.0,631.0,672,1,,1953,DELIVERED,Correo Argentino,TRK-O78138JO2U
9000010483,1000010483,195.0,196.0,876,2,2.0,2,DELIVERED,PICKUP,
9000010484,1000010484,345.0,349.0,980,1,,1089,DELIVERED,Correo Argentino,TRK-TB6KKSCDTM
9000010485,1000010485,337.0,339.0,471,1,,1411,DELIVERED,Correo Argentino,TRK-3XRJMZNRL1
9000010486,1000010486,22.0,23.0,32,2,4.0,4,DELIVERED,PICKUP,
9000010487,1000010487,256.0,261.0,714,1,,1733,DELIVERED,Correo Argentino,TRK-CKHF8V3BFS
9000010488,1000010488,301.0,302.0,53,2,2.0,2,DELIVERED,PICKUP,
9000010489,1000010489,229.0,230.0,140,2,1.0,1,DELIVERED,PICKUP,
9000010490,1000010490,152.0,156.0,986,1,,268,DELIVERED,Correo Argentino,TRK-N1MH6Z2HVK
9000010491,1000010491,,,1103,1,,1391,CANCELLED,Correo Argentino,
9000010492,1000010492,591.0,592.0,1034,2,2.0,2,SHIPPED,PICKUP,
9000010493,1000010493,371.0,372.0,275,2,4.0,4,DELIVERED,PICKUP,
9000010494,1000010494,418.0,419.0,263,2,4.0,4,DELIVERED,PICKUP,
9000010495,1000010495,479.0,480.0,922,2,4.0,4,DELIVERED,PICKUP,
9000010496,1000010496,282.0,283.0,1068,2,3.0,3,DELIVERED,PICKUP,
9000010497,1000010497,456.0,460.0,1316,1,,2357,SHIPPED,Correo Argentino,TRK-Z9M4Y8ZADJ
9000010498,1000010498,90.0,92.0,506,1,,2213,DELIVERED,Correo Argentino,TRK-46AXEW2MLU
9000010499,1000010499,554.0,560.0,1258,1,,519,DELIVERED,Correo Argentino,TRK-DF5V8B3XZG
9000010500,1000010500,439.0,443.0,349,1,,1862,DELIVERED,Correo Argentino,TRK-WPDOQ4H3K9
9000010501,1000010501,116.0,117.0,476,2,2.0,2,DELIVERED,PICKUP,
9000010502,1000010502,583.0,585.0,1468,1,,430,SHIPPED,Correo Argentino,TRK-90IPGL54NL
9000010503,1000010503,640.0,644.0,885,1,,1451,DELIVERED,Correo Argentino,TRK-ORKPLLTVL7
9000010504,1000010504,,,1288,2,1.0,1,CANCELLED,PICKUP,
9000010505,1000010505,316.0,317.0,1439,2,4.0,4,DELIVERED,PICKUP,
9000010506,1000010506,208.0,209.0,730,2,2.0,2,DELIVERED,PICKUP,
9000010507,1000010507,58.0,59.0,194,2,4.0,4,DELIVERED,PICKUP,
9000010508,1000010508,530.0,534.0,163,1,,2025,DELIVERED,Correo Argentino,TRK-7TK7F74H6C
9000010509,1000010509,550.0,551.0,286,2,2.0,2,SHIPPED,PICKUP,
9000010510,1000010510,48.0,50.0,107,1,,2953,READY,Correo Argentino,TRK-4OQBBK7W7K
9000010511,1000010511,515.0,519.0,1039,1,,2286,DELIVERED,Correo Argentino,TRK-VVKBOWX35B
9000010512,1000010512,574.0,576.0,411,1,,327,DELIVERED,Correo Argentino,TRK-I5QU4D939S
9000010513,1000010513,226.0,231.0,385,1,,2404,DELIVERED,Correo Argentino,TRK-724304SA4Z
9000010514,1000010514,,,713,1,,2588,CANCELLED,Correo Argentino,
9000010515,1000010515,285.0,290.0,819,1,,3118,SHIPPED,Correo Argentino,TRK-JAUBBAJ6DV
9000010516,1000010516,436.0,437.0,315,2,2.0,2,SHIPPED,PICKUP,
9000010517,1000010517,542.0,544.0,130,1,,1281,DELIVERED,Correo Argentino,TRK-EGCDQ10LH0
9000010518,1000010518,191.0,192.0,895,2,1.0,1,DELIVERED,PICKUP,
9000010519,1000010519,202.0,207.0,1337,1,,2048,DELIVERED,Correo Argentino,TRK-418FTR52MO
9000010520,1000010520,594.0,595.0,919,2,2.0,2,SHIPPED,PICKUP,
9000010521,1000010521,549.0,550.0,318,2,4.0,4,DELIVERED,PICKUP,
9000010522,1000010522,178.0,181.0,354,1,,1817,SHIPPED,Correo Argentino,TRK-GGL5E41MHO
9000010523,1000010523,41.0,42.0,906,2,3.0,3,DELIVERED,PICKUP,
9000010524,1000010524,126.0,127.0,963,2,2.0,2,DELIVERED,PICKUP,
9000010525,1000010525,607.0,612.0,913,1,,365,DELIVERED,Correo Argentino,TRK-PA4E7CS1AN
9000010526,1000010526,328.0,329.0,1382,2,2.0,2,DELIVERED,PICKUP,
9000010527,1000010527,20.0,24.0,1044,1,,2236,DELIVERED,Correo Argentino,TRK-2P5IC0M3PD
9000010528,1000010528,385.0,389.0,431,1,,2349,SHIPPED,Correo Argentino,TRK-3RAUN9JQE7
9000010529,1000010529,555.0,560.0,2,1,,1488,DELIVERED,Correo Argentino,TRK-XOXYBSRRY7
9000010530,1000010530,273.0,274.0,983,2,1.0,1,DELIVERED,PICKUP,
9000010531,1000010531,181.0,185.0,669,1,,2089,DELIVERED,Correo Argentino,TRK-J8HP0KJB0W
9000010532,1000010532,624.0,625.0,436,2,2.0,2,DELIVERED,PICKUP,
9000010533,1000010533,170.0,174.0,27,1,,1522,DELIVERED,Correo Argentino,TRK-YGJGTOAZH2
9000010534,1000010534,211.0,216.0,96,1,,907,SHIPPED,Correo Argentino,TRK-0XK6ZE1JVV
9000010535,1000010535,,,827,2,3.0,3,CANCELLED,PICKUP,
9000010536,1000010536,155.0,156.0,375,2,1.0,1,DELIVERED,PICKUP,
9000010537,1000010537,138.0,145.0,1236,1,,2008,DELIVERED,Correo Argentino,TRK-FBS2BN5TOR
9000010538,1000010538,192.0,193.0,1232,2,3.0,3,DELIVERED,PICKUP,
9000010539,1000010539,26.0,29.0,731,1,,1450,DELIVERED,Correo Argentino,TRK-XD50TTARGX
9000010540,1000010540,287.0,291.0,898,1,,1102,DELIVERED,Correo Argentino,TRK-3WMD2NQ37R
9000010541,1000010541,180.0,181.0,1169,2,4.0,4,DELIVERED,PICKUP,
9000010542,1000010542,118.0,121.0,826,1,,338,DELIVERED,Correo Argentino,TRK-TZL5IJD2H7
9000010543,1000010543,573.0,577.0,593,1,,609,SHIPPED,Correo Argentino,TRK-KZJ4IU2DYO
9000010544,1000010544,259.0,263.0,751,1,,731,READY,Correo Argentino,TRK-89NA6SGL0B
9000010545,1000010545,,,1316,2,2.0,2,CANCELLED,PICKUP,
9000010546,1000010546,188.0,189.0,907,2,3.0,3,DELIVERED,PICKUP,
9000010547,1000010547,364.0,368.0,1110,1,,425,DELIVERED,Correo Argentino,TRK-O05BO0CBB6
9000010548,1000010548,16.0,17.0,855,2,4.0,4,SHIPPED,PICKUP,
9000010549,1000010549,317.0,319.0,1244,1,,1840,DELIVERED,Correo Argentino,TRK-FDR5BUFJM3
9000010550,1000010550,384.0,387.0,722,1,,2807,DELIVERED,Correo Argentino,TRK-174GTIKML2
9000010551,1000010551,42.0,46.0,119,1,,1674,DELIVERED,Correo Argentino,TRK-WULLQ3R5A0
9000010552,1000010552,479.0,484.0,228,1,,1102,DELIVERED,Correo Argentino,TRK-B0WG8VJDAY
9000010553,1000010553,417.0,418.0,166,2,2.0,2,DELIVERED,PICKUP,
9000010554,1000010554,632.0,633.0,460,2,1.0,1,SHIPPED,PICKUP,
9000010555,1000010555,518.0,523.0,1371,1,,1478,DELIVERED,Correo Argentino,TRK-GNUV949W5Y
9000010556,1000010556,69.0,70.0,301,2,4.0,4,DELIVERED,PICKUP,
9000010557,1000010557,189.0,196.0,1280,1,,183,DELIVERED,Correo Argentino,TRK-CLVO5YS4P3
9000010558,1000010558,508.0,515.0,793,1,,2787,DELIVERED,Correo Argentino,TRK-J2IGSCPSM0
9000010559,1000010559,283.0,287.0,906,1,,3020,DELIVERED,Correo Argentino,TRK-O5USHRHKOZ
9000010560,1000010560,618.0,622.0,68,1,,2479,DELIVERED,Correo Argentino,TRK-QHATT774N3
9000010561,1000010561,594.0,599.0,585,1,,2371,DELIVERED,Correo Argentino,TRK-TPF5TMKUSK
9000010562,1000010562,305.0,307.0,367,1,,872,SHIPPED,Correo Argentino,TRK-NJGEXRD9BO
9000010563,1000010563,89.0,94.0,624,1,,3145,SHIPPED,Correo Argentino,TRK-YERE7AXUNC
9000010564,1000010564,382.0,384.0,1411,1,,2613,DELIVERED,Correo Argentino,TRK-XCR6PV70JN
9000010565,1000010565,177.0,182.0,1102,1,,674,DELIVERED,Correo Argentino,TRK-ZD0IG1PJ92
9000010566,1000010566,492.0,494.0,1345,1,,1358,DELIVERED,Correo Argentino,TRK-PHL1VB0ECN
9000010567,1000010567,468.0,469.0,302,2,4.0,4,DELIVERED,PICKUP,
9000010568,1000010568,150.0,151.0,792,2,1.0,1,DELIVERED,PICKUP,
9000010569,1000010569,161.0,162.0,1375,2,1.0,1,DELIVERED,PICKUP,
9000010570,1000010570,22.0,23.0,1012,2,3.0,3,DELIVERED,PICKUP,
9000010571,1000010571,75.0,80.0,620,1,,1347,DELIVERED,Correo Argentino,TRK-VVV4SKNH01
9000010572,1000010572,477.0,481.0,414,1,,2316,DELIVERED,Correo Argentino,TRK-240O7157Q2
9000010573,1000010573,614.0,615.0,905,2,3.0,3,DELIVERED,PICKUP,
9000010574,1000010574,43.0,47.0,1104,1,,105,DELIVERED,Correo Argentino,TRK-K1FXJJN4OM
9000010575,1000010575,42.0,43.0,213,2,4.0,4,SHIPPED,PICKUP,
9000010576,1000010576,130.0,135.0,669,1,,1599,DELIVERED,Correo Argentino,TRK-GUIDCDPNT8
9000010577,1000010577,157.0,164.0,1201,1,,2787,SHIPPED,Correo Argentino,TRK-XQONWINDXN
9000010578,1000010578,245.0,246.0,1177,2,4.0,4,DELIVERED,PICKUP,
9000010579,1000010579,452.0,457.0,584,1,,1451,DELIVERED,Correo Argentino,TRK-RC86QA3DKL
9000010580,1000010580,322.0,326.0,929,1,,1967,DELIVERED,Correo Argentino,TRK-KQOPUTP5TW
9000010581,1000010581,102.0,109.0,554,1,,1338,DELIVERED,Correo Argentino,TRK-ISI4C9Q0GT
9000010582,1000010582,247.0,248.0,1093,2,4.0,4,DELIVERED,PICKUP,
9000010583,1000010583,524.0,529.0,1326,1,,2313,DELIVERED,Correo Argentino,TRK-JFMX2YCKO9
9000010584,1000010584,639.0,641.0,612,1,,196,DELIVERED,Correo Argentino,TRK-SEKM2IZPYP
9000010585,1000010585,143.0,145.0,271,1,,3138,DELIVERED,Correo Argentino,TRK-MHMHIPIDVJ
9000010586,1000010586,488.0,490.0,832,1,,511,DELIVERED,Correo Argentino,TRK-SBSS6FP8AZ
9000010587,1000010587,,,609,1,,754,CANCELLED,Correo Argentino,
9000010588,1000010588,166.0,167.0,331,2,4.0,4,DELIVERED,PICKUP,
9000010589,1000010589,128.0,130.0,405,1,,2972,SHIPPED,Correo Argentino,TRK-P705XISM3Q
9000010590,1000010590,108.0,111.0,987,1,,3185,DELIVERED,Correo Argentino,TRK-UQCTG902Q6
9000010591,1000010591,97.0,101.0,262,1,,1728,DELIVERED,Correo Argentino,TRK-XLK8KZQ5I5
9000010592,1000010592,348.0,351.0,148,1,,1414,DELIVERED,Correo Argentino,TRK-248SP39TKJ
9000010593,1000010593,570.0,571.0,839,2,4.0,4,DELIVERED,PICKUP,
9000010594,1000010594,211.0,212.0,1281,2,2.0,2,DELIVERED,PICKUP,
9000010595,1000010595,325.0,329.0,1042,1,,159,SHIPPED,Correo Argentino,TRK-0ETIILB4Z4
9000010596,1000010596,80.0,85.0,924,1,,2951,DELIVERED,Correo Argentino,TRK-OV4F3C2KQW
9000010597,1000010597,80.0,81.0,583,2,1.0,1,DELIVERED,PICKUP,
9000010598,1000010598,232.0,236.0,1086,1,,1791,DELIVERED,Correo Argentino,TRK-0ZATEEHHFL
9000010599,1000010599,,,779,1,,1,CANCELLED,Correo Argentino,
9000010600,1000010600,430.0,433.0,85,1,,417,DELIVERED,Correo Argentino,TRK-15QAKIPK6T
9000010601,1000010601,317.0,322.0,18,1,,657,DELIVERED,Correo Argentino,TRK-TUAB7TQOB1
9000010602,1000010602,226.0,227.0,310,2,3.0,3,DELIVERED,PICKUP,
9000010603,1000010603,315.0,318.0,477,1,,860,DELIVERED,Correo Argentino,TRK-MZN6K44PBT
9000010604,1000010604,104.0,106.0,1266,1,,2609,DELIVERED,Correo Argentino,TRK-5UAI2GV7AK
9000010605,1000010605,481.0,483.0,1173,1,,2330,DELIVERED,Correo Argentino,TRK-LFQL0LQHG1
9000010606,1000010606,285.0,286.0,13,2,1.0,1,SHIPPED,PICKUP,
9000010607,1000010607,478.0,481.0,1193,1,,2555,DELIVERED,Correo Argentino,TRK-A3Y1UAORV9
9000010608,1000010608,280.0,282.0,1231,1,,367,DELIVERED,Correo Argentino,TRK-4VENOAUUL0
9000010609,1000010609,,,467,2,3.0,3,CANCELLED,PICKUP,
9000010610,1000010610,152.0,156.0,995,1,,491,DELIVERED,Correo Argentino,TRK-EY8KWE35NA
9000010611,1000010611,252.0,256.0,1108,1,,2210,DELIVERED,Correo Argentino,TRK-542YP6C7GT
9000010612,1000010612,548.0,550.0,268,1,,945,DELIVERED,Correo Argentino,TRK-UNLFNBAN3H
9000010613,1000010613,487.0,492.0,1496,1,,2254,DELIVERED,Correo Argentino,TRK-OIKPUE4ICZ
9000010614,1000010614,10.0,11.0,1022,2,3.0,3,SHIPPED,PICKUP,
9000010615,1000010615,567.0,569.0,1479,1,,1748,DELIVERED,Correo Argentino,TRK-JYHS57EYVQ
9000010616,1000010616,385.0,388.0,20,1,,1298,DELIVERED,Correo Argentino,TRK-94XZCBRTZY
9000010617,1000010617,401.0,402.0,335,2,1.0,1,SHIPPED,PICKUP,
9000010618,1000010618,524.0,529.0,1310,1,,2191,DELIVERED,Correo Argentino,TRK-XULKLKZAN6
9000010619,1000010619,448.0,449.0,289,2,2.0,2,DELIVERED,PICKUP,
9000010620,1000010620,91.0,95.0,926,1,,2592,DELIVERED,Correo Argentino,TRK-JO8WT10JLT
9000010621,1000010621,559.0,561.0,126,1,,3146,SHIPPED,Correo Argentino,TRK-LY56TS6SLO
9000010622,1000010622,374.0,375.0,252,2,1.0,1,SHIPPED,PICKUP,
9000010623,1000010623,610.0,614.0,1070,1,,1341,DELIVERED,Correo Argentino,TRK-E1UJ9Z3QPG
9000010624,1000010624,384.0,389.0,971,1,,2694,DELIVERED,Correo Argentino,TRK-XFHF1NJYPU
9000010625,1000010625,636.0,638.0,1178,1,,1332,SHIPPED,Correo Argentino,TRK-O2B0EVQ3EZ
9000010626,1000010626,471.0,472.0,717,2,1.0,1,DELIVERED,PICKUP,
9000010627,1000010627,348.0,353.0,1217,1,,2832,DELIVERED,Correo Argentino,TRK-WRATLQVWTO
9000010628,1000010628,576.0,580.0,513,1,,808,DELIVERED,Correo Argentino,TRK-UJKWVEJ1BB
9000010629,1000010629,300.0,302.0,512,1,,1596,DELIVERED,Correo Argentino,TRK-L6L7TNRKB5
9000010630,1000010630,293.0,298.0,316,1,,2683,DELIVERED,Correo Argentino,TRK-BFL1QRVST7
9000010631,1000010631,202.0,203.0,1141,2,4.0,4,DELIVERED,PICKUP,
9000010632,1000010632,500.0,503.0,1062,1,,2504,DELIVERED,Correo Argentino,TRK-MON8AB0I7A
9000010633,1000010633,323.0,326.0,216,1,,3186,DELIVERED,Correo Argentino,TRK-ZATZ5GXFA0
9000010634,1000010634,241.0,243.0,1452,1,,1707,DELIVERED,Correo Argentino,TRK-H0JASMI90R
9000010635,1000010635,17.0,21.0,981,1,,1420,SHIPPED,Correo Argentino,TRK-7MF4HTAP7S
9000010636,1000010636,,,193,2,2.0,2,CANCELLED,PICKUP,
9000010637,1000010637,183.0,184.0,529,2,4.0,4,DELIVERED,PICKUP,
9000010638,1000010638,494.0,499.0,1418,1,,331,SHIPPED,Correo Argentino,TRK-7HHI20AQG1
9000010639,1000010639,406.0,408.0,1343,1,,1688,DELIVERED,Correo Argentino,TRK-OWK1MUOCER
9000010640,1000010640,234.0,237.0,703,1,,980,DELIVERED,Correo Argentino,TRK-AU7WCTI1VJ
9000010641,1000010641,144.0,145.0,76,2,1.0,1,SHIPPED,PICKUP,
9000010642,1000010642,553.0,554.0,357,2,2.0,2,SHIPPED,PICKUP,
9000010643,1000010643,450.0,451.0,1007,2,1.0,1,DELIVERED,PICKUP,
9000010644,1000010644,522.0,526.0,1439,1,,2868,DELIVERED,Correo Argentino,TRK-BE6UJMFLFB
9000010645,1000010645,215.0,216.0,470,2,4.0,4,DELIVERED,PICKUP,
9000010646,1000010646,,,890,1,,166,CANCELLED,Correo Argentino,
9000010647,1000010647,520.0,521.0,276,2,4.0,4,DELIVERED,PICKUP,
9000010648,1000010648,14.0,16.0,145,1,,2104,DELIVERED,Correo Argentino,TRK-P2KVV3AEND
9000010649,1000010649,431.0,432.0,1063,2,4.0,4,DELIVERED,PICKUP,
9000010650,1000010650,60.0,62.0,594,1,,1838,DELIVERED,Correo Argentino,TRK-IJT4M1SNIT
9000010651,1000010651,88.0,91.0,1420,1,,3003,DELIVERED,Correo Argentino,TRK-JZ1AV4B0P1
9000010652,1000010652,609.0,612.0,812,1,,1875,SHIPPED,Correo Argentino,TRK-KO7C22G85Y
9000010653,1000010653,154.0,155.0,1394,2,3.0,3,DELIVERED,PICKUP,
9000010654,1000010654,337.0,342.0,196,1,,2743,DELIVERED,Correo Argentino,TRK-DNSM0X8CEY
9000010655,1000010655,241.0,242.0,145,2,2.0,2,DELIVERED,PICKUP,
9000010656,1000010656,571.0,573.0,832,1,,2716,DELIVERED,Correo Argentino,TRK-GRCZIQ8FKA
9000010657,1000010657,280.0,281.0,1239,2,3.0,3,DELIVERED,PICKUP,
9000010658,1000010658,402.0,403.0,805,2,3.0,3,SHIPPED,PICKUP,
9000010659,1000010659,568.0,572.0,889,1,,2094,SHIPPED,Correo Argentino,TRK-1RWPDDB9MP
9000010660,1000010660,245.0,246.0,944,2,2.0,2,DELIVERED,PICKUP,
9000010661,1000010661,81.0,82.0,1233,2,3.0,3,DELIVERED,PICKUP,
9000010662,1000010662,132.0,136.0,142,1,,2431,READY,Correo Argentino,TRK-NRREWJ0IWO
9000010663,1000010663,,,932,1,,2957,CANCELLED,Correo Argentino,
9000010664,1000010664,497.0,498.0,46,2,2.0,2,DELIVERED,PICKUP,
9000010665,1000010665,357.0,364.0,518,1,,1749,DELIVERED,Correo Argentino,TRK-PGR17GYRZT
9000010666,1000010666,143.0,148.0,442,1,,642,DELIVERED,Correo Argentino,TRK-155H1IMGM1
9000010667,1000010667,216.0,218.0,366,1,,886,DELIVERED,Correo Argentino,TRK-A69FLALX8O
9000010668,1000010668,562.0,563.0,908,2,2.0,2,DELIVERED,PICKUP,
9000010669,1000010669,124.0,127.0,1157,1,,475,DELIVERED,Correo Argentino,TRK-CA5WBZW3N3
9000010670,1000010670,588.0,590.0,763,1,,2435,DELIVERED,Correo Argentino,TRK-XTC6YRLQJ5
9000010671,1000010671,,,1057,1,,1530,CANCELLED,Correo Argentino,
9000010672,1000010672,62.0,63.0,1474,2,4.0,4,DELIVERED,PICKUP,
9000010673,1000010673,390.0,395.0,332,1,,1057,SHIPPED,Correo Argentino,TRK-MBF3X1IS9F
9000010674,1000010674,216.0,217.0,1439,2,2.0,2,DELIVERED,PICKUP,
9000010675,1000010675,203.0,204.0,1004,2,4.0,4,SHIPPED,PICKUP,
9000010676,1000010676,592.0,596.0,538,1,,676,DELIVERED,Correo Argentino,TRK-FEVUD2XJST
9000010677,1000010677,340.0,341.0,1039,2,1.0,1,DELIVERED,PICKUP,
9000010678,1000010678,128.0,133.0,1145,1,,2983,DELIVERED,Correo Argentino,TRK-910FK38OQI
9000010679,1000010679,353.0,354.0,943,2,4.0,4,DELIVERED,PICKUP,
9000010680,1000010680,27.0,28.0,1170,2,4.0,4,DELIVERED,PICKUP,
9000010681,1000010681,532.0,537.0,1020,1,,2673,DELIVERED,Correo Argentino,TRK-9CFFH03FVV
9000010682,1000010682,612.0,613.0,1400,2,1.0,1,DELIVERED,PICKUP,
9000010683,1000010683,330.0,331.0,506,2,2.0,2,DELIVERED,PICKUP,
9000010684,1000010684,519.0,521.0,261,1,,801,DELIVERED,Correo Argentino,TRK-3A05LA29TY
9000010685,1000010685,181.0,184.0,1437,1,,2048,DELIVERED,Correo Argentino,TRK-J5LTUH4I0F
9000010686,1000010686,238.0,239.0,612,2,3.0,3,DELIVERED,PICKUP,
9000010687,1000010687,138.0,143.0,558,1,,2990,DELIVERED,Correo Argentino,TRK-EZEWX62C6Y
9000010688,1000010688,362.0,363.0,1040,2,2.0,2,DELIVERED,PICKUP,
9000010689,1000010689,285.0,292.0,487,1,,727,DELIVERED,Correo Argentino,TRK-IB9CWTOB87
9000010690,1000010690,,,834,1,,525,CANCELLED,Correo Argentino,
9000010691,1000010691,617.0,618.0,1188,2,3.0,3,DELIVERED,PICKUP,
9000010692,1000010692,256.0,263.0,1291,1,,2967,READY,Correo Argentino,TRK-YXMJSUJ8PE
9000010693,1000010693,542.0,546.0,310,1,,2347,DELIVERED,Correo Argentino,TRK-2TSQWKHIF5
9000010694,1000010694,418.0,421.0,982,1,,2969,DELIVERED,Correo Argentino,TRK-LAHHL094BV
9000010695,1000010695,181.0,182.0,743,2,4.0,4,DELIVERED,PICKUP,
9000010696,1000010696,599.0,600.0,224,2,3.0,3,DELIVERED,PICKUP,
9000010697,1000010697,597.0,600.0,1068,1,,1701,DELIVERED,Correo Argentino,TRK-D5II4SLC7D
9000010698,1000010698,345.0,348.0,113,1,,738,DELIVERED,Correo Argentino,TRK-JDPDYH5DSA
9000010699,1000010699,273.0,275.0,1090,1,,1752,DELIVERED,Correo Argentino,TRK-PUQFU0F4Y9
9000010700,1000010700,266.0,270.0,1033,1,,2356,SHIPPED,Correo Argentino,TRK-RORQR8CTE7
9000010701,1000010701,357.0,359.0,1132,1,,2,DELIVERED,Correo Argentino,TRK-FI4L2QT6UR
9000010702,1000010702,635.0,636.0,292,2,3.0,3,DELIVERED,PICKUP,
9000010703,1000010703,112.0,113.0,556,2,4.0,4,DELIVERED,PICKUP,
9000010704,1000010704,481.0,486.0,519,1,,2148,DELIVERED,Correo Argentino,TRK-QKJSUDSHHD
9000010705,1000010705,508.0,509.0,491,2,1.0,1,DELIVERED,PICKUP,
9000010706,1000010706,517.0,522.0,811,1,,1476,DELIVERED,Correo Argentino,TRK-SU13SEZD5R
9000010707,1000010707,347.0,348.0,687,2,1.0,1,DELIVERED,PICKUP,
9000010708,1000010708,565.0,566.0,921,2,1.0,1,DELIVERED,PICKUP,
9000010709,1000010709,369.0,370.0,622,2,4.0,4,SHIPPED,PICKUP,
9000010710,1000010710,353.0,354.0,789,2,1.0,1,DELIVERED,PICKUP,
9000010711,1000010711,390.0,391.0,126,2,1.0,1,DELIVERED,PICKUP,
9000010712,1000010712,510.0,511.0,1176,2,2.0,2,DELIVERED,PICKUP,
9000010713,1000010713,176.0,179.0,282,1,,3163,DELIVERED,Correo Argentino,TRK-2QARZA2CNW
9000010714,1000010714,36.0,39.0,1132,1,,2461,DELIVERED,Correo Argentino,TRK-74C77G2NLG
9000010715,1000010715,372.0,373.0,284,2,1.0,1,DELIVERED,PICKUP,
9000010716,1000010716,6.0,8.0,174,1,,2287,DELIVERED,Correo Argentino,TRK-B4X6YF11SI
9000010717,1000010717,594.0,595.0,1331,2,3.0,3,DELIVERED,PICKUP,
9000010718,1000010718,,,1216,1,,462,CANCELLED,Correo Argentino,
9000010719,1000010719,,,1194,2,1.0,1,CANCELLED,PICKUP,
9000010720,1000010720,226.0,231.0,982,1,,412,DELIVERED,Correo Argentino,TRK-IZTMYRDDSB
9000010721,1000010721,541.0,544.0,545,1,,2519,DELIVERED,Correo Argentino,TRK-J1S05B69AE
9000010722,1000010722,270.0,273.0,325,1,,2683,DELIVERED,Correo Argentino,TRK-UJMS5CXMAT
9000010723,1000010723,587.0,590.0,867,1,,2326,DELIVERED,Correo Argentino,TRK-B33N89ACVZ
9000010724,1000010724,618.0,622.0,1059,1,,848,DELIVERED,Correo Argentino,TRK-R8A1VU4P76
9000010725,1000010725,353.0,355.0,775,1,,1034,SHIPPED,Correo Argentino,TRK-LCX7I1UFTM
9000010726,1000010726,9.0,10.0,354,2,2.0,2,DELIVERED,PICKUP,
9000010727,1000010727,538.0,543.0,168,1,,1181,DELIVERED,Correo Argentino,TRK-KCHOP5UVN2
9000010728,1000010728,,,638,2,2.0,2,CANCELLED,PICKUP,
9000010729,1000010729,275.0,276.0,710,2,2.0,2,DELIVERED,PICKUP,
9000010730,1000010730,34.0,36.0,963,1,,2309,DELIVERED,Correo Argentino,TRK-REXHY23L62
9000010731,1000010731,617.0,618.0,1415,2,3.0,3,READY,PICKUP,
9000010732,1000010732,440.0,441.0,599,2,1.0,1,DELIVERED,PICKUP,
9000010733,1000010733,373.0,378.0,200,1,,2892,DELIVERED,Correo Argentino,TRK-D4P2JGU17P
9000010734,1000010734,154.0,155.0,1122,2,3.0,3,DELIVERED,PICKUP,
9000010735,1000010735,,,317,2,2.0,2,CANCELLED,PICKUP,
9000010736,1000010736,61.0,62.0,1158,2,2.0,2,DELIVERED,PICKUP,
9000010737,1000010737,455.0,459.0,723,1,,214,DELIVERED,Correo Argentino,TRK-Q3C6CQPWD0
9000010738,1000010738,294.0,298.0,1083,1,,60,SHIPPED,Correo Argentino,TRK-P6DX7NT2QM
9000010739,1000010739,332.0,337.0,352,1,,1573,DELIVERED,Correo Argentino,TRK-5W2TQAY76E
9000010740,1000010740,172.0,176.0,394,1,,1482,DELIVERED,Correo Argentino,TRK-W1G0Z7I3LW
9000010741,1000010741,,,740,1,,1713,CANCELLED,Correo Argentino,
9000010742,1000010742,158.0,159.0,1418,2,1.0,1,DELIVERED,PICKUP,
9000010743,1000010743,221.0,224.0,530,1,,2914,SHIPPED,Correo Argentino,TRK-7Z7ZWPKQQU
9000010744,1000010744,480.0,486.0,239,1,,957,DELIVERED,Correo Argentino,TRK-R29JT7O0PA
9000010745,1000010745,284.0,289.0,296,1,,1441,SHIPPED,Correo Argentino,TRK-1CMH6DX85H
9000010746,1000010746,9.0,10.0,854,2,2.0,2,READY,PICKUP,
9000010747,1000010747,,,1221,2,3.0,3,CANCELLED,PICKUP,
9000010748,1000010748,380.0,382.0,229,1,,109,DELIVERED,Correo Argentino,TRK-HAQ7JU7JUL
9000010749,1000010749,449.0,454.0,1048,1,,2851,SHIPPED,Correo Argentino,TRK-D4GHZYYW18
9000010750,1000010750,431.0,436.0,698,1,,2934,READY,Correo Argentino,TRK-B8IK2RPMGV
9000010751,1000010751,,,869,2,4.0,4,CANCELLED,PICKUP,
9000010752,1000010752,179.0,181.0,463,1,,2147,SHIPPED,Correo Argentino,TRK-Y40EF2HUZM
9000010753,1000010753,,,268,1,,2260,CANCELLED,Correo Argentino,
9000010754,1000010754,388.0,391.0,62,1,,69,DELIVERED,Correo Argentino,TRK-H2PI1U0MGL
9000010755,1000010755,112.0,116.0,1242,1,,2274,SHIPPED,Correo Argentino,TRK-CLDROTH9KK
9000010756,1000010756,402.0,408.0,181,1,,1917,DELIVERED,Correo Argentino,TRK-8YGAYWEV5V
9000010757,1000010757,150.0,151.0,1484,2,2.0,2,DELIVERED,PICKUP,
9000010758,1000010758,487.0,490.0,41,1,,2747,DELIVERED,Correo Argentino,TRK-HAZGZVXH5U
9000010759,1000010759,402.0,404.0,497,1,,2693,DELIVERED,Correo Argentino,TRK-KCA2G0WOO8
9000010760,1000010760,405.0,409.0,389,1,,1721,DELIVERED,Correo Argentino,TRK-H51ADUYEW3
9000010761,1000010761,412.0,417.0,150,1,,1226,DELIVERED,Correo Argentino,TRK-7W4Y1R7U1O
9000010762,1000010762,560.0,563.0,1170,1,,1059,DELIVERED,Correo Argentino,TRK-CZC0WQMGSN
9000010763,1000010763,114.0,115.0,1462,2,1.0,1,DELIVERED,PICKUP,
9000010764,1000010764,,,1296,2,2.0,2,CANCELLED,PICKUP,
9000010765,1000010765,215.0,219.0,830,1,,2275,DELIVERED,Correo Argentino,TRK-F60GF1W9VD
9000010766,1000010766,166.0,171.0,847,1,,1671,DELIVERED,Correo Argentino,TRK-RJ637TK86B
9000010767,1000010767,66.0,67.0,981,2,3.0,3,DELIVERED,PICKUP,
9000010768,1000010768,372.0,373.0,771,2,1.0,1,DELIVERED,PICKUP,
9000010769,1000010769,457.0,458.0,91,2,4.0,4,DELIVERED,PICKUP,
9000010770,1000010770,390.0,393.0,1173,1,,151,DELIVERED,Correo Argentino,TRK-WFP0Y105GB
9000010771,1000010771,394.0,395.0,1317,2,2.0,2,SHIPPED,PICKUP,
9000010772,1000010772,225.0,229.0,1202,1,,383,SHIPPED,Correo Argentino,TRK-HE10VTYZ3K
9000010773,1000010773,33.0,34.0,422,2,2.0,2,DELIVERED,PICKUP,
9000010774,1000010774,121.0,122.0,847,2,3.0,3,READY,PICKUP,
9000010775,1000010775,47.0,53.0,573,1,,2136,DELIVERED,Correo Argentino,TRK-OOMORFM2A9
9000010776,1000010776,,,1285,2,4.0,4,CANCELLED,PICKUP,
9000010777,1000010777,638.0,642.0,183,1,,2316,READY,Correo Argentino,TRK-UD2EEJIYXC
9000010778,1000010778,48.0,51.0,663,1,,1795,DELIVERED,Correo Argentino,TRK-NCU7ET9X3N
9000010779,1000010779,267.0,271.0,675,1,,1500,DELIVERED,Correo Argentino,TRK-841PLGEKC1
9000010780,1000010780,257.0,262.0,306,1,,1255,DELIVERED,Correo Argentino,TRK-5YKBRGNI5I
9000010781,1000010781,609.0,610.0,476,2,1.0,1,DELIVERED,PICKUP,
9000010782,1000010782,356.0,359.0,77,1,,1273,DELIVERED,Correo Argentino,TRK-9SW5AFRADL
9000010783,1000010783,483.0,485.0,956,1,,1869,DELIVERED,Correo Argentino,TRK-H9BIDQADF1
9000010784,1000010784,427.0,428.0,668,2,3.0,3,SHIPPED,PICKUP,
9000010785,1000010785,579.0,582.0,439,1,,2716,DELIVERED,Correo Argentino,TRK-PXT1JIKQ9Z
9000010786,1000010786,291.0,294.0,1457,1,,2287,DELIVERED,Correo Argentino,TRK-554704KVAP
9000010787,1000010787,242.0,243.0,725,2,4.0,4,DELIVERED,PICKUP,
9000010788,1000010788,537.0,541.0,1457,1,,2504,DELIVERED,Correo Argentino,TRK-WRR188XZ6N
9000010789,1000010789,266.0,267.0,507,2,4.0,4,DELIVERED,PICKUP,
9000010790,1000010790,426.0,427.0,129,2,4.0,4,SHIPPED,PICKUP,
9000010791,1000010791,294.0,298.0,1407,1,,1743,SHIPPED,Correo Argentino,TRK-U66H99DPK7
9000010792,1000010792,535.0,536.0,775,2,2.0,2,DELIVERED,PICKUP,
9000010793,1000010793,96.0,99.0,661,1,,2444,DELIVERED,Correo Argentino,TRK-UWM4T5A62A
9000010794,1000010794,589.0,590.0,1084,2,3.0,3,DELIVERED,PICKUP,
9000010795,1000010795,305.0,307.0,711,1,,2375,DELIVERED,Correo Argentino,TRK-JHOJZ17JZT
9000010796,1000010796,421.0,424.0,658,1,,102,SHIPPED,Correo Argentino,TRK-2V3KGF5G5J
9000010797,1000010797,205.0,208.0,820,1,,2014,DELIVERED,Correo Argentino,TRK-V2HSDRCBVV
9000010798,1000010798,144.0,149.0,1139,1,,1580,DELIVERED,Correo Argentino,TRK-Q0U8QYII91
9000010799,1000010799,149.0,150.0,1020,2,4.0,4,DELIVERED,PICKUP,
9000010800,1000010800,,,650,2,4.0,4,CANCELLED,PICKUP,
9000010801,1000010801,54.0,59.0,1067,1,,497,DELIVERED,Correo Argentino,TRK-8NCY0BPNO5
9000010802,1000010802,,,676,1,,1066,CANCELLED,Correo Argentino,
9000010803,1000010803,234.0,239.0,1416,1,,1344,DELIVERED,Correo Argentino,TRK-K9OZGKZESU
9000010804,1000010804,29.0,34.0,908,1,,2250,SHIPPED,Correo Argentino,TRK-V4P77GETMV
9000010805,1000010805,170.0,176.0,1486,1,,3014,DELIVERED,Correo Argentino,TRK-JCDW4J6J93
9000010806,1000010806,152.0,156.0,1064,1,,3043,DELIVERED,Correo Argentino,TRK-XODWUMCAAW
9000010807,1000010807,155.0,157.0,529,1,,723,DELIVERED,Correo Argentino,TRK-MKSKVRAA96
9000010808,1000010808,311.0,314.0,805,1,,2208,DELIVERED,Correo Argentino,TRK-6BMWSMR7IL
9000010809,1000010809,27.0,30.0,927,1,,1485,DELIVERED,Correo Argentino,TRK-J6T2GQCQB5
9000010810,1000010810,561.0,562.0,1062,2,4.0,4,DELIVERED,PICKUP,
9000010811,1000010811,76.0,81.0,288,1,,1941,DELIVERED,Correo Argentino,TRK-DY5V44BVD3
9000010812,1000010812,369.0,370.0,412,2,4.0,4,DELIVERED,PICKUP,
9000010813,1000010813,178.0,182.0,4,1,,1717,DELIVERED,Correo Argentino,TRK-I9IBIE0D28
9000010814,1000010814,362.0,363.0,595,2,2.0,2,DELIVERED,PICKUP,
9000010815,1000010815,496.0,497.0,992,2,4.0,4,DELIVERED,PICKUP,
9000010816,1000010816,468.0,469.0,1202,2,1.0,1,SHIPPED,PICKUP,
9000010817,1000010817,473.0,474.0,278,2,3.0,3,DELIVERED,PICKUP,
9000010818,1000010818,413.0,414.0,767,2,4.0,4,DELIVERED,PICKUP,
9000010819,1000010819,494.0,495.0,672,2,4.0,4,DELIVERED,PICKUP,
9000010820,1000010820,383.0,384.0,425,2,1.0,1,DELIVERED,PICKUP,
9000010821,1000010821,633.0,639.0,673,1,,2543,DELIVERED,Correo Argentino,TRK-F6GIQFHPGH
9000010822,1000010822,93.0,98.0,491,1,,2199,DELIVERED,Correo Argentino,TRK-YM139XBTBJ
9000010823,1000010823,,,1114,2,2.0,2,CANCELLED,PICKUP,
9000010824,1000010824,614.0,619.0,712,1,,2580,SHIPPED,Correo Argentino,TRK-OW1UGPWW13
9000010825,1000010825,466.0,469.0,472,1,,1690,DELIVERED,Correo Argentino,TRK-HG2DN365OM
9000010826,1000010826,502.0,503.0,440,2,3.0,3,DELIVERED,PICKUP,
9000010827,1000010827,59.0,60.0,844,2,3.0,3,DELIVERED,PICKUP,
9000010828,1000010828,459.0,462.0,1041,1,,958,DELIVERED,Correo Argentino,TRK-ZE80XMRM6O
9000010829,1000010829,350.0,351.0,58,2,1.0,1,DELIVERED,PICKUP,
9000010830,1000010830,60.0,64.0,129,1,,1842,DELIVERED,Correo Argentino,TRK-Q3X2NAKM9G
9000010831,1000010831,446.0,447.0,1359,2,3.0,3,DELIVERED,PICKUP,
9000010832,1000010832,12.0,15.0,584,1,,2637,DELIVERED,Correo Argentino,TRK-NRZODPCMQ1
9000010833,1000010833,479.0,480.0,672,2,1.0,1,DELIVERED,PICKUP,
9000010834,1000010834,395.0,399.0,942,1,,367,DELIVERED,Correo Argentino,TRK-JE1I3L3J6Z
9000010835,1000010835,577.0,578.0,577,2,2.0,2,DELIVERED,PICKUP,
9000010836,1000010836,,,227,1,,480,CANCELLED,Correo Argentino,
9000010837,1000010837,414.0,415.0,242,2,1.0,1,DELIVERED,PICKUP,
9000010838,1000010838,340.0,341.0,1468,2,3.0,3,SHIPPED,PICKUP,
9000010839,1000010839,517.0,519.0,1092,1,,3097,DELIVERED,Correo Argentino,TRK-BS6K7XGH7I
9000010840,1000010840,47.0,50.0,1096,1,,847,DELIVERED,Correo Argentino,TRK-7XI4Q15S3G
9000010841,1000010841,148.0,149.0,871,2,2.0,2,DELIVERED,PICKUP,
9000010842,1000010842,432.0,433.0,200,2,1.0,1,DELIVERED,PICKUP,
9000010843,1000010843,,,1056,1,,10,CANCELLED,Correo Argentino,
9000010844,1000010844,79.0,83.0,341,1,,3074,DELIVERED,Correo Argentino,TRK-ZAUV5C7PO0
9000010845,1000010845,534.0,536.0,905,1,,2513,DELIVERED,Correo Argentino,TRK-5O7IPZNRVO
9000010846,1000010846,598.0,602.0,124,1,,2939,DELIVERED,Correo Argentino,TRK-8WD1781O15
9000010847,1000010847,58.0,62.0,420,1,,2831,DELIVERED,Correo Argentino,TRK-VCN8058DVW
9000010848,1000010848,272.0,273.0,698,2,1.0,1,DELIVERED,PICKUP,
9000010849,1000010849,212.0,216.0,27,1,,2633,DELIVERED,Correo Argentino,TRK-4IEH3FN8YB
9000010850,1000010850,281.0,286.0,989,1,,1956,DELIVERED,Correo Argentino,TRK-52G6S7R6I9
9000010851,1000010851,3.0,7.0,361,1,,1781,SHIPPED,Correo Argentino,TRK-BQFUYSUHDO
9000010852,1000010852,635.0,640.0,1355,1,,321,SHIPPED,Correo Argentino,TRK-H3G7LWBNCR
9000010853,1000010853,337.0,342.0,250,1,,167,SHIPPED,Correo Argentino,TRK-63FXOIDHCN
9000010854,1000010854,24.0,28.0,298,1,,2329,DELIVERED,Correo Argentino,TRK-T4UER78KGL
9000010855,1000010855,601.0,602.0,365,2,4.0,4,DELIVERED,PICKUP,
9000010856,1000010856,508.0,513.0,427,1,,1028,DELIVERED,Correo Argentino,TRK-OPJK1UK4CU
9000010857,1000010857,508.0,511.0,876,1,,406,SHIPPED,Correo Argentino,TRK-3HZC44KU6U
9000010858,1000010858,541.0,542.0,509,2,2.0,2,DELIVERED,PICKUP,
9000010859,1000010859,563.0,564.0,959,2,2.0,2,SHIPPED,PICKUP,
9000010860,1000010860,147.0,148.0,1450,2,1.0,1,SHIPPED,PICKUP,
9000010861,1000010861,386.0,390.0,261,1,,2106,DELIVERED,Correo Argentino,TRK-6ULWX1VPDF
9000010862,1000010862,184.0,189.0,541,1,,2302,DELIVERED,Correo Argentino,TRK-QBDVKPAVUN
9000010863,1000010863,561.0,564.0,398,1,,2512,DELIVERED,Correo Argentino,TRK-JV81D3E8XW
9000010864,1000010864,491.0,495.0,1286,1,,1943,DELIVERED,Correo Argentino,TRK-6908I94R8G
9000010865,1000010865,215.0,216.0,826,2,1.0,1,SHIPPED,PICKUP,
9000010866,1000010866,539.0,544.0,395,1,,593,SHIPPED,Correo Argentino,TRK-ZAI2ZH9Z1Z
9000010867,1000010867,438.0,439.0,752,2,1.0,1,DELIVERED,PICKUP,
9000010868,1000010868,270.0,272.0,975,1,,2537,DELIVERED,Correo Argentino,TRK-59E7B92TN8
9000010869,1000010869,348.0,353.0,899,1,,2770,DELIVERED,Correo Argentino,TRK-40MF82650F
9000010870,1000010870,552.0,554.0,28,1,,1637,DELIVERED,Correo Argentino,TRK-XR0N9AIYUQ
9000010871,1000010871,191.0,192.0,208,2,1.0,1,DELIVERED,PICKUP,
9000010872,1000010872,385.0,386.0,1165,2,2.0,2,DELIVERED,PICKUP,
9000010873,1000010873,385.0,389.0,1212,1,,383,SHIPPED,Correo Argentino,TRK-D0N0M5EN7B
9000010874,1000010874,624.0,629.0,1124,1,,2317,DELIVERED,Correo Argentino,TRK-7JEKP8DTT5
9000010875,1000010875,549.0,550.0,1422,2,3.0,3,DELIVERED,PICKUP,
9000010876,1000010876,324.0,327.0,489,1,,952,SHIPPED,Correo Argentino,TRK-460KUG4U4X
9000010877,1000010877,,,109,1,,116,CANCELLED,Correo Argentino,
9000010878,1000010878,573.0,574.0,361,2,2.0,2,SHIPPED,PICKUP,
9000010879,1000010879,618.0,622.0,578,1,,2815,DELIVERED,Correo Argentino,TRK-H423EQULAG
9000010880,1000010880,162.0,166.0,1067,1,,547,DELIVERED,Correo Argentino,TRK-IYK7TVAK8Q
9000010881,1000010881,542.0,543.0,212,2,3.0,3,DELIVERED,PICKUP,
9000010882,1000010882,330.0,331.0,1100,2,3.0,3,READY,PICKUP,
9000010883,1000010883,553.0,556.0,24,1,,2957,DELIVERED,Correo Argentino,TRK-X62FZITX52
9000010884,1000010884,468.0,472.0,1226,1,,401,DELIVERED,Correo Argentino,TRK-TR1RTZEI39
9000010885,1000010885,640.0,643.0,341,1,,1712,DELIVERED,Correo Argentino,TRK-8CTSE32S6G
9000010886,1000010886,389.0,392.0,928,1,,1628,DELIVERED,Correo Argentino,TRK-7GTZQW2NHR
9000010887,1000010887,375.0,376.0,12,2,2.0,2,DELIVERED,PICKUP,
9000010888,1000010888,167.0,168.0,45,2,4.0,4,DELIVERED,PICKUP,
9000010889,1000010889,61.0,65.0,1211,1,,1170,DELIVERED,Correo Argentino,TRK-GI9LKJ85F1
9000010890,1000010890,472.0,478.0,501,1,,2751,DELIVERED,Correo Argentino,TRK-3A8NM2JVNY
9000010891,1000010891,348.0,349.0,504,2,4.0,4,DELIVERED,PICKUP,
9000010892,1000010892,103.0,106.0,708,1,,638,DELIVERED,Correo Argentino,TRK-664Q7UR040
9000010893,1000010893,540.0,541.0,1295,2,3.0,3,DELIVERED,PICKUP,
9000010894,1000010894,,,1144,2,2.0,2,CANCELLED,PICKUP,
9000010895,1000010895,3.0,7.0,6,1,,2940,SHIPPED,Correo Argentino,TRK-GPPMH9EQSJ
9000010896,1000010896,415.0,417.0,851,1,,3029,SHIPPED,Correo Argentino,TRK-ITMCEOXIDW
9000010897,1000010897,96.0,100.0,256,1,,2496,DELIVERED,Correo Argentino,TRK-IXGV2ZD2NQ
9000010898,1000010898,588.0,589.0,322,2,3.0,3,DELIVERED,PICKUP,
9000010899,1000010899,473.0,478.0,952,1,,1883,DELIVERED,Correo Argentino,TRK-Q093YHLVG6
9000010900,1000010900,385.0,386.0,409,2,3.0,3,SHIPPED,PICKUP,
9000010901,1000010901,125.0,127.0,723,1,,465,DELIVERED,Correo Argentino,TRK-L7TOO9LNJ2
9000010902,1000010902,18.0,20.0,797,1,,287,DELIVERED,Correo Argentino,TRK-45CHIVLOEW
9000010903,1000010903,42.0,43.0,645,2,3.0,3,DELIVERED,PICKUP,
9000010904,1000010904,551.0,556.0,812,1,,2795,READY,Correo Argentino,TRK-WSBRYGHM9G
9000010905,1000010905,2.0,5.0,1290,1,,674,SHIPPED,Correo Argentino,TRK-M9R2MC0FCC
9000010906,1000010906,188.0,189.0,1404,2,2.0,2,DELIVERED,PICKUP,
9000010907,1000010907,400.0,405.0,657,1,,7,DELIVERED,Correo Argentino,TRK-RWT9R94PZH
9000010908,1000010908,130.0,131.0,858,2,1.0,1,SHIPPED,PICKUP,
9000010909,1000010909,363.0,364.0,866,2,1.0,1,DELIVERED,PICKUP,
9000010910,1000010910,535.0,537.0,300,1,,1933,DELIVERED,Correo Argentino,TRK-NPAYAWVZCE
9000010911,1000010911,550.0,551.0,386,2,1.0,1,DELIVERED,PICKUP,
9000010912,1000010912,163.0,167.0,450,1,,2693,SHIPPED,Correo Argentino,TRK-JCO3J7HW3R
9000010913,1000010913,177.0,179.0,128,1,,166,DELIVERED,Correo Argentino,TRK-IA2YE2F7D4
9000010914,1000010914,240.0,241.0,1298,2,3.0,3,SHIPPED,PICKUP,
9000010915,1000010915,,,1288,1,,1209,CANCELLED,Correo Argentino,
9000010916,1000010916,144.0,150.0,681,1,,727,DELIVERED,Correo Argentino,TRK-I1T61EAEXH
9000010917,1000010917,28.0,30.0,689,1,,2994,DELIVERED,Correo Argentino,TRK-42G96B0MOB
9000010918,1000010918,153.0,158.0,40,1,,201,SHIPPED,Correo Argentino,TRK-LHP3X7OYE7
9000010919,1000010919,160.0,162.0,780,1,,1435,DELIVERED,Correo Argentino,TRK-WYAHYCX5EF
9000010920,1000010920,162.0,166.0,1498,1,,1675,DELIVERED,Correo Argentino,TRK-1ANP582D0N
9000010921,1000010921,502.0,505.0,1398,1,,2129,DELIVERED,Correo Argentino,TRK-JQ6I9W46HT
9000010922,1000010922,613.0,614.0,1164,2,2.0,2,DELIVERED,PICKUP,
9000010923,1000010923,240.0,243.0,394,1,,70,DELIVERED,Correo Argentino,TRK-5220EFWO5B
9000010924,1000010924,112.0,113.0,1077,2,2.0,2,DELIVERED,PICKUP,
9000010925,1000010925,137.0,141.0,1339,1,,2994,DELIVERED,Correo Argentino,TRK-QUUEAZ64AY
9000010926,1000010926,424.0,425.0,983,2,2.0,2,DELIVERED,PICKUP,
9000010927,1000010927,73.0,74.0,541,2,3.0,3,DELIVERED,PICKUP,
9000010928,1000010928,303.0,308.0,967,1,,42,DELIVERED,Correo Argentino,TRK-HI5UXDPIRS
9000010929,1000010929,508.0,509.0,1405,2,2.0,2,DELIVERED,PICKUP,
9000010930,1000010930,628.0,632.0,147,1,,2023,DELIVERED,Correo Argentino,TRK-I80CPLIQ4I
9000010931,1000010931,599.0,600.0,1093,2,3.0,3,DELIVERED,PICKUP,
9000010932,1000010932,355.0,360.0,1452,1,,1647,DELIVERED,Correo Argentino,TRK-Z76OOTZK4F
9000010933,1000010933,11.0,12.0,1409,2,2.0,2,DELIVERED,PICKUP,
9000010934,1000010934,454.0,459.0,900,1,,903,DELIVERED,Correo Argentino,TRK-0HQ9DALSKH
9000010935,1000010935,,,948,1,,778,CANCELLED,Correo Argentino,
9000010936,1000010936,386.0,389.0,1160,1,,436,DELIVERED,Correo Argentino,TRK-NVDZ6E3ZVZ
9000010937,1000010937,295.0,296.0,330,2,4.0,4,DELIVERED,PICKUP,
9000010938,1000010938,,,1194,2,4.0,4,CANCELLED,PICKUP,
9000010939,1000010939,58.0,63.0,428,1,,16,DELIVERED,Correo Argentino,TRK-QCNIA5B1E7
9000010940,1000010940,,,445,1,,1057,CANCELLED,Correo Argentino,
9000010941,1000010941,,,1264,1,,2599,CANCELLED,Correo Argentino,
9000010942,1000010942,300.0,304.0,801,1,,2887,DELIVERED,Correo Argentino,TRK-ZF1TY558K7
9000010943,1000010943,204.0,205.0,1032,2,4.0,4,DELIVERED,PICKUP,
9000010944,1000010944,441.0,442.0,274,2,4.0,4,SHIPPED,PICKUP,
9000010945,1000010945,504.0,508.0,1151,1,,56,DELIVERED,Correo Argentino,TRK-3HNQXUVW83
9000010946,1000010946,318.0,321.0,1125,1,,1956,DELIVERED,Correo Argentino,TRK-OIDZIZZJVF
9000010947,1000010947,120.0,121.0,989,2,3.0,3,DELIVERED,PICKUP,
9000010948,1000010948,,,1130,2,1.0,1,CANCELLED,PICKUP,
9000010949,1000010949,339.0,340.0,1466,2,1.0,1,DELIVERED,PICKUP,
9000010950,1000010950,629.0,632.0,662,1,,2712,DELIVERED,Correo Argentino,TRK-1C1B7RCFIG
9000010951,1000010951,453.0,455.0,1166,1,,3147,SHIPPED,Correo Argentino,TRK-4N6Q7U20WS
9000010952,1000010952,621.0,626.0,847,1,,425,DELIVERED,Correo Argentino,TRK-I203BNZ38K
9000010953,1000010953,547.0,548.0,503,2,1.0,1,DELIVERED,PICKUP,
9000010954,1000010954,,,732,2,1.0,1,CANCELLED,PICKUP,
9000010955,1000010955,622.0,625.0,1107,1,,300,DELIVERED,Correo Argentino,TRK-FX9YJLSTHP
9000010956,1000010956,452.0,454.0,308,1,,910,DELIVERED,Correo Argentino,TRK-FPUOS9JZRT
9000010957,1000010957,75.0,76.0,438,2,4.0,4,DELIVERED,PICKUP,
9000010958,1000010958,289.0,290.0,503,2,2.0,2,DELIVERED,PICKUP,
9000010959,1000010959,302.0,306.0,1453,1,,215,DELIVERED,Correo Argentino,TRK-4MU8HPLBJ9
9000010960,1000010960,,,751,1,,2270,CANCELLED,Correo Argentino,
9000010961,1000010961,385.0,386.0,1000,2,4.0,4,DELIVERED,PICKUP,
9000010962,1000010962,561.0,564.0,354,1,,3107,SHIPPED,Correo Argentino,TRK-LPIGVO6OJJ
9000010963,1000010963,571.0,574.0,885,1,,1864,DELIVERED,Correo Argentino,TRK-3XSW0Q5VAA
9000010964,1000010964,531.0,536.0,1233,1,,3196,DELIVERED,Correo Argentino,TRK-8M92H6KRCE
9000010965,1000010965,373.0,374.0,325,2,1.0,1,DELIVERED,PICKUP,
9000010966,1000010966,576.0,580.0,412,1,,3156,DELIVERED,Correo Argentino,TRK-L8A9YDDWZ0
9000010967,1000010967,236.0,237.0,1236,2,1.0,1,DELIVERED,PICKUP,
9000010968,1000010968,347.0,348.0,61,2,1.0,1,DELIVERED,PICKUP,
9000010969,1000010969,210.0,211.0,747,2,3.0,3,SHIPPED,PICKUP,
9000010970,1000010970,515.0,516.0,843,2,1.0,1,READY,PICKUP,
9000010971,1000010971,359.0,360.0,335,2,1.0,1,DELIVERED,PICKUP,
9000010972,1000010972,45.0,46.0,285,2,2.0,2,DELIVERED,PICKUP,
9000010973,1000010973,415.0,420.0,928,1,,1082,DELIVERED,Correo Argentino,TRK-48AFUID2SC
9000010974,1000010974,128.0,130.0,790,1,,1632,SHIPPED,Correo Argentino,TRK-5VA77SSU92
9000010975,1000010975,395.0,399.0,1398,1,,861,DELIVERED,Correo Argentino,TRK-I2KLMCH8D2
9000010976,1000010976,458.0,459.0,782,2,3.0,3,DELIVERED,PICKUP,
9000010977,1000010977,198.0,202.0,1088,1,,2573,SHIPPED,Correo Argentino,TRK-K9UO5QM4OU
9000010978,1000010978,93.0,94.0,1171,2,1.0,1,DELIVERED,PICKUP,
9000010979,1000010979,192.0,195.0,1178,1,,1311,SHIPPED,Correo Argentino,TRK-T9KKT52A4M
9000010980,1000010980,399.0,400.0,1103,2,2.0,2,DELIVERED,PICKUP,
9000010981,1000010981,402.0,405.0,28,1,,1358,DELIVERED,Correo Argentino,TRK-U8F6AUFKC5
9000010982,1000010982,527.0,528.0,1148,2,4.0,4,SHIPPED,PICKUP,
9000010983,1000010983,319.0,321.0,1381,1,,337,SHIPPED,Correo Argentino,TRK-UQY971QF44
9000010984,1000010984,69.0,72.0,1132,1,,1763,DELIVERED,Correo Argentino,TRK-K4S4RBSWYA
9000010985,1000010985,20.0,21.0,99,2,3.0,3,SHIPPED,PICKUP,
9000010986,1000010986,450.0,455.0,380,1,,2225,DELIVERED,Correo Argentino,TRK-P0O3QRCC53
9000010987,1000010987,178.0,182.0,441,1,,1898,SHIPPED,Correo Argentino,TRK-4VW74S6OUY
9000010988,1000010988,,,1341,2,2.0,2,CANCELLED,PICKUP,
9000010989,1000010989,185.0,186.0,1095,2,2.0,2,SHIPPED,PICKUP,
9000010990,1000010990,481.0,486.0,1139,1,,2635,DELIVERED,Correo Argentino,TRK-05N0XUXX00
9000010991,1000010991,337.0,342.0,775,1,,1368,DELIVERED,Correo Argentino,TRK-TTXJZNR66F
9000010992,1000010992,149.0,150.0,783,2,1.0,1,DELIVERED,PICKUP,
9000010993,1000010993,414.0,417.0,115,1,,2893,DELIVERED,Correo Argentino,TRK-DWWZB30CAT
9000010994,1000010994,608.0,613.0,45,1,,2556,DELIVERED,Correo Argentino,TRK-2AWROXFPWX
9000010995,1000010995,284.0,285.0,691,2,2.0,2,DELIVERED,PICKUP,
9000010996,1000010996,5.0,9.0,353,1,,1788,DELIVERED,Correo Argentino,TRK-T4VCG6DYO6
9000010997,1000010997,138.0,142.0,1332,1,,2207,DELIVERED,Correo Argentino,TRK-KAO77WODO8
9000010998,1000010998,619.0,621.0,86,1,,2633,DELIVERED,Correo Argentino,TRK-7OCSGW7441
9000010999,1000010999,276.0,278.0,1214,1,,758,DELIVERED,Correo Argentino,TRK-GRSGI8LQ2J
9000011000,1000011000,542.0,547.0,487,1,,2066,DELIVERED,Correo Argentino,TRK-BHM8AFHEHZ
9000011001,1000011001,313.0,314.0,1048,2,2.0,2,SHIPPED,PICKUP,
9000011002,1000011002,423.0,424.0,1472,2,3.0,3,DELIVERED,PICKUP,
9000011003,1000011003,611.0,612.0,693,2,4.0,4,DELIVERED,PICKUP,
9000011004,1000011004,,,1264,1,,2902,CANCELLED,Correo Argentino,
9000011005,1000011005,442.0,446.0,1219,1,,2683,SHIPPED,Correo Argentino,TRK-WKROUGM51Z
9000011006,1000011006,146.0,147.0,18,2,2.0,2,DELIVERED,PICKUP,
9000011007,1000011007,481.0,484.0,11,1,,2589,DELIVERED,Correo Argentino,TRK-TU0EEULDNF
9000011008,1000011008,52.0,57.0,1054,1,,2773,SHIPPED,Correo Argentino,TRK-3IE5OJ4VDK
9000011009,1000011009,575.0,576.0,650,2,2.0,2,DELIVERED,PICKUP,
9000011010,1000011010,38.0,39.0,1169,2,2.0,2,DELIVERED,PICKUP,
9000011011,1000011011,162.0,165.0,811,1,,2091,DELIVERED,Correo Argentino,TRK-D8EI0C3DJU
9000011012,1000011012,590.0,594.0,844,1,,1504,DELIVERED,Correo Argentino,TRK-M8PEYIEU45
9000011013,1000011013,101.0,102.0,62,2,3.0,3,DELIVERED,PICKUP,
9000011014,1000011014,342.0,346.0,1099,1,,462,SHIPPED,Correo Argentino,TRK-1VZGOSVVH4
9000011015,1000011015,560.0,563.0,254,1,,3189,DELIVERED,Correo Argentino,TRK-SVM4J1I7PP
9000011016,1000011016,379.0,383.0,1467,1,,1937,DELIVERED,Correo Argentino,TRK-I8MHHU8WW1
9000011017,1000011017,599.0,600.0,326,2,4.0,4,DELIVERED,PICKUP,
9000011018,1000011018,506.0,507.0,1087,2,3.0,3,DELIVERED,PICKUP,
9000011019,1000011019,395.0,399.0,695,1,,3076,SHIPPED,Correo Argentino,TRK-9WSTSL9GPQ
9000011020,1000011020,518.0,519.0,791,2,4.0,4,DELIVERED,PICKUP,
9000011021,1000011021,247.0,250.0,16,1,,2925,DELIVERED,Correo Argentino,TRK-T5VJAY1AET
9000011022,1000011022,284.0,285.0,919,2,1.0,1,DELIVERED,PICKUP,
9000011023,1000011023,,,512,1,,2117,CANCELLED,Correo Argentino,
9000011024,1000011024,76.0,77.0,798,2,3.0,3,DELIVERED,PICKUP,
9000011025,1000011025,570.0,571.0,878,2,1.0,1,DELIVERED,PICKUP,
9000011026,1000011026,175.0,176.0,6,2,3.0,3,DELIVERED,PICKUP,
9000011027,1000011027,411.0,414.0,611,1,,2265,READY,Correo Argentino,TRK-PYK93BZ9T7
9000011028,1000011028,41.0,46.0,644,1,,2601,DELIVERED,Correo Argentino,TRK-RRM9SJUBTT
9000011029,1000011029,248.0,251.0,967,1,,60,DELIVERED,Correo Argentino,TRK-G4LK23LNY7
9000011030,1000011030,,,987,1,,2493,CANCELLED,Correo Argentino,
9000011031,1000011031,609.0,614.0,1146,1,,83,DELIVERED,Correo Argentino,TRK-QE84O91YJX
9000011032,1000011032,7.0,11.0,227,1,,2447,DELIVERED,Correo Argentino,TRK-XFILOS50VP
9000011033,1000011033,297.0,300.0,1378,1,,535,DELIVERED,Correo Argentino,TRK-12NMXXD7DE
9000011034,1000011034,,,112,1,,1750,CANCELLED,Correo Argentino,
9000011035,1000011035,206.0,210.0,393,1,,2825,DELIVERED,Correo Argentino,TRK-0B6XYHY16O
9000011036,1000011036,595.0,596.0,489,2,2.0,2,DELIVERED,PICKUP,
9000011037,1000011037,617.0,618.0,831,2,2.0,2,SHIPPED,PICKUP,
9000011038,1000011038,250.0,254.0,951,1,,840,DELIVERED,Correo Argentino,TRK-GMMUKAX5F9
9000011039,1000011039,238.0,242.0,150,1,,3180,DELIVERED,Correo Argentino,TRK-5CBWC0Z9LW
9000011040,1000011040,305.0,306.0,1306,2,3.0,3,DELIVERED,PICKUP,
9000011041,1000011041,338.0,339.0,849,2,3.0,3,DELIVERED,PICKUP,
9000011042,1000011042,269.0,273.0,165,1,,2909,DELIVERED,Correo Argentino,TRK-30JBE93SRU
9000011043,1000011043,386.0,387.0,1090,2,1.0,1,SHIPPED,PICKUP,
9000011044,1000011044,139.0,144.0,63,1,,1820,DELIVERED,Correo Argentino,TRK-78L0TVL3S8
9000011045,1000011045,23.0,24.0,47,2,1.0,1,DELIVERED,PICKUP,
9000011046,1000011046,94.0,96.0,197,1,,786,DELIVERED,Correo Argentino,TRK-E32ZPIRU9G
9000011047,1000011047,408.0,410.0,951,1,,476,DELIVERED,Correo Argentino,TRK-Y8KISVWET8
9000011048,1000011048,331.0,335.0,384,1,,2881,DELIVERED,Correo Argentino,TRK-SM018XDE2H
9000011049,1000011049,281.0,283.0,359,1,,2820,DELIVERED,Correo Argentino,TRK-0WFSNI7WAS
9000011050,1000011050,232.0,233.0,505,2,1.0,1,DELIVERED,PICKUP,
9000011051,1000011051,372.0,377.0,296,1,,888,DELIVERED,Correo Argentino,TRK-L8NWVX0E7E
9000011052,1000011052,600.0,604.0,32,1,,2525,DELIVERED,Correo Argentino,TRK-7XEEPR4EBK
9000011053,1000011053,367.0,368.0,459,2,2.0,2,DELIVERED,PICKUP,
9000011054,1000011054,35.0,39.0,468,1,,309,SHIPPED,Correo Argentino,TRK-MCRTDBNAGY
9000011055,1000011055,152.0,153.0,1204,2,2.0,2,DELIVERED,PICKUP,
9000011056,1000011056,,,1329,1,,1231,CANCELLED,Correo Argentino,
9000011057,1000011057,109.0,111.0,835,1,,2570,DELIVERED,Correo Argentino,TRK-II1MSJOUBG
9000011058,1000011058,562.0,563.0,828,2,4.0,4,DELIVERED,PICKUP,
9000011059,1000011059,367.0,370.0,1175,1,,2246,DELIVERED,Correo Argentino,TRK-DKB4QPTWNO
9000011060,1000011060,13.0,19.0,1486,1,,2262,DELIVERED,Correo Argentino,TRK-21IS2IUITZ
9000011061,1000011061,215.0,216.0,1319,2,3.0,3,DELIVERED,PICKUP,
9000011062,1000011062,562.0,563.0,78,2,2.0,2,DELIVERED,PICKUP,
9000011063,1000011063,204.0,206.0,1439,1,,1150,DELIVERED,Correo Argentino,TRK-L6SWY2EQF9
9000011064,1000011064,184.0,186.0,1405,1,,2444,DELIVERED,Correo Argentino,TRK-D1YEHPLDZ0
9000011065,1000011065,398.0,400.0,255,1,,2111,DELIVERED,Correo Argentino,TRK-EPP12Y0AG1
9000011066,1000011066,583.0,588.0,251,1,,1889,DELIVERED,Correo Argentino,TRK-N5RJLNW9FB
9000011067,1000011067,351.0,356.0,849,1,,2079,SHIPPED,Correo Argentino,TRK-F7LWVRC1GW
9000011068,1000011068,519.0,524.0,1380,1,,529,DELIVERED,Correo Argentino,TRK-SEM76FND19
9000011069,1000011069,,,393,2,4.0,4,CANCELLED,PICKUP,
9000011070,1000011070,66.0,70.0,1129,1,,2032,DELIVERED,Correo Argentino,TRK-Q63HVINYXT
9000011071,1000011071,635.0,636.0,27,2,1.0,1,DELIVERED,PICKUP,
9000011072,1000011072,,,1324,1,,2490,CANCELLED,Correo Argentino,
9000011073,1000011073,434.0,435.0,965,2,4.0,4,DELIVERED,PICKUP,
9000011074,1000011074,241.0,245.0,804,1,,2414,DELIVERED,Correo Argentino,TRK-WIGF9VIQKI
9000011075,1000011075,202.0,203.0,1107,2,4.0,4,DELIVERED,PICKUP,
9000011076,1000011076,138.0,142.0,1186,1,,2799,DELIVERED,Correo Argentino,TRK-1SVQBX0EQ5
9000011077,1000011077,92.0,93.0,186,2,3.0,3,SHIPPED,PICKUP,
9000011078,1000011078,444.0,446.0,778,1,,2465,DELIVERED,Correo Argentino,TRK-OB12NFZSI8
9000011079,1000011079,64.0,69.0,31,1,,1539,DELIVERED,Correo Argentino,TRK-02YHQWXU3M
9000011080,1000011080,536.0,539.0,207,1,,2517,DELIVERED,Correo Argentino,TRK-IJFYOIGABI
9000011081,1000011081,410.0,414.0,1010,1,,1836,DELIVERED,Correo Argentino,TRK-YOP6DORWR1
9000011082,1000011082,172.0,177.0,1178,1,,2765,SHIPPED,Correo Argentino,TRK-PUPO01P1V4
9000011083,1000011083,,,1419,1,,1005,CANCELLED,Correo Argentino,
9000011084,1000011084,468.0,474.0,1202,1,,1908,DELIVERED,Correo Argentino,TRK-G4SFCY1K7X
9000011085,1000011085,,,1462,1,,1644,CANCELLED,Correo Argentino,
9000011086,1000011086,368.0,371.0,299,1,,272,DELIVERED,Correo Argentino,TRK-B4RAEXYMBQ
9000011087,1000011087,,,896,1,,1562,CANCELLED,Correo Argentino,
9000011088,1000011088,312.0,313.0,800,2,2.0,2,DELIVERED,PICKUP,
9000011089,1000011089,91.0,92.0,304,2,2.0,2,DELIVERED,PICKUP,
9000011090,1000011090,4.0,5.0,1268,2,2.0,2,DELIVERED,PICKUP,
9000011091,1000011091,601.0,602.0,1135,2,1.0,1,DELIVERED,PICKUP,
9000011092,1000011092,58.0,61.0,915,1,,412,SHIPPED,Correo Argentino,TRK-ETNW0DGXV3
9000011093,1000011093,346.0,347.0,1400,2,2.0,2,DELIVERED,PICKUP,
9000011094,1000011094,361.0,362.0,1342,2,4.0,4,DELIVERED,PICKUP,
9000011095,1000011095,603.0,610.0,464,1,,281,DELIVERED,Correo Argentino,TRK-DJU05K2396
9000011096,1000011096,284.0,286.0,556,1,,2916,DELIVERED,Correo Argentino,TRK-UL30IRKYSP
9000011097,1000011097,601.0,602.0,999,2,3.0,3,DELIVERED,PICKUP,
9000011098,1000011098,32.0,36.0,1011,1,,210,DELIVERED,Correo Argentino,TRK-R3EANZDY8Y
9000011099,1000011099,482.0,483.0,1314,2,3.0,3,SHIPPED,PICKUP,
9000011100,1000011100,319.0,322.0,1387,1,,2754,DELIVERED,Correo Argentino,TRK-FR2MUAENWK
9000011101,1000011101,511.0,516.0,849,1,,453,DELIVERED,Correo Argentino,TRK-7QL29FGCZR
9000011102,1000011102,360.0,362.0,183,1,,1741,SHIPPED,Correo Argentino,TRK-5VN0QXPPY1
9000011103,1000011103,83.0,84.0,589,2,3.0,3,DELIVERED,PICKUP,
9000011104,1000011104,,,675,1,,2791,CANCELLED,Correo Argentino,
9000011105,1000011105,351.0,358.0,1051,1,,2190,DELIVERED,Correo Argentino,TRK-C6RESFQ8HT
9000011106,1000011106,233.0,236.0,1093,1,,1673,DELIVERED,Correo Argentino,TRK-JJOWTQB7T3
9000011107,1000011107,150.0,151.0,687,2,3.0,3,DELIVERED,PICKUP,
9000011108,1000011108,309.0,316.0,1456,1,,1387,DELIVERED,Correo Argentino,TRK-HA2UD420FX
9000011109,1000011109,516.0,519.0,862,1,,1170,DELIVERED,Correo Argentino,TRK-VQU6KJZFK4
9000011110,1000011110,183.0,184.0,1127,2,1.0,1,SHIPPED,PICKUP,
9000011111,1000011111,,,80,1,,283,CANCELLED,Correo Argentino,
9000011112,1000011112,385.0,389.0,855,1,,1790,DELIVERED,Correo Argentino,TRK-C1KAIHL2LR
9000011113,1000011113,520.0,521.0,252,2,2.0,2,DELIVERED,PICKUP,
9000011114,1000011114,257.0,262.0,465,1,,2594,DELIVERED,Correo Argentino,TRK-499ZX1GAEH
9000011115,1000011115,601.0,602.0,1073,2,1.0,1,SHIPPED,PICKUP,
9000011116,1000011116,353.0,354.0,865,2,1.0,1,DELIVERED,PICKUP,
9000011117,1000011117,455.0,456.0,482,2,4.0,4,DELIVERED,PICKUP,
9000011118,1000011118,,,405,1,,1741,CANCELLED,Correo Argentino,
9000011119,1000011119,173.0,175.0,353,1,,3180,DELIVERED,Correo Argentino,TRK-M0IAD7WOGU
9000011120,1000011120,422.0,427.0,171,1,,313,SHIPPED,Correo Argentino,TRK-TZGX48E1CM
9000011121,1000011121,585.0,586.0,281,2,3.0,3,DELIVERED,PICKUP,
9000011122,1000011122,588.0,590.0,1067,1,,2467,DELIVERED,Correo Argentino,TRK-9CVLG1HGDY
9000011123,1000011123,133.0,138.0,1376,1,,1508,DELIVERED,Correo Argentino,TRK-60EMEM0L0O
9000011124,1000011124,93.0,95.0,231,1,,2624,DELIVERED,Correo Argentino,TRK-9DZ4CFJYB3
9000011125,1000011125,266.0,270.0,17,1,,3175,DELIVERED,Correo Argentino,TRK-4PH7X3V0T3
9000011126,1000011126,,,939,2,1.0,1,CANCELLED,PICKUP,
9000011127,1000011127,56.0,57.0,486,2,2.0,2,DELIVERED,PICKUP,
9000011128,1000011128,468.0,472.0,1184,1,,3127,DELIVERED,Correo Argentino,TRK-LWUDTU8HY0
9000011129,1000011129,353.0,358.0,843,1,,1002,DELIVERED,Correo Argentino,TRK-AJXZ2FE2Y7
9000011130,1000011130,124.0,128.0,1383,1,,2206,DELIVERED,Correo Argentino,TRK-MZPPUOG4LC
9000011131,1000011131,,,1412,1,,443,CANCELLED,Correo Argentino,
9000011132,1000011132,68.0,70.0,1346,1,,65,DELIVERED,Correo Argentino,TRK-S09EDJMC6H
9000011133,1000011133,468.0,469.0,652,2,1.0,1,DELIVERED,PICKUP,
9000011134,1000011134,490.0,492.0,294,1,,3037,SHIPPED,Correo Argentino,TRK-S7ZVKU703L
9000011135,1000011135,31.0,34.0,1187,1,,920,DELIVERED,Correo Argentino,TRK-S9ENS1D4N2
9000011136,1000011136,404.0,405.0,1487,2,2.0,2,DELIVERED,PICKUP,
9000011137,1000011137,364.0,367.0,512,1,,1156,DELIVERED,Correo Argentino,TRK-I1A0JA1YX8
9000011138,1000011138,616.0,621.0,897,1,,1300,DELIVERED,Correo Argentino,TRK-380PF3PG2E
9000011139,1000011139,543.0,546.0,700,1,,2836,DELIVERED,Correo Argentino,TRK-FM037FMO8N
9000011140,1000011140,575.0,577.0,552,1,,2744,DELIVERED,Correo Argentino,TRK-BSQ9PWCPU7
9000011141,1000011141,500.0,505.0,984,1,,1096,DELIVERED,Correo Argentino,TRK-1LNOWKHETW
9000011142,1000011142,543.0,544.0,684,2,4.0,4,DELIVERED,PICKUP,
9000011143,1000011143,332.0,333.0,874,2,3.0,3,DELIVERED,PICKUP,
9000011144,1000011144,628.0,629.0,1459,2,4.0,4,DELIVERED,PICKUP,
9000011145,1000011145,,,349,2,4.0,4,CANCELLED,PICKUP,
9000011146,1000011146,,,54,1,,1438,CANCELLED,Correo Argentino,
9000011147,1000011147,295.0,300.0,554,1,,1380,DELIVERED,Correo Argentino,TRK-JEK0U1N0OH
9000011148,1000011148,220.0,221.0,558,2,4.0,4,DELIVERED,PICKUP,
9000011149,1000011149,227.0,229.0,134,1,,3000,DELIVERED,Correo Argentino,TRK-HC6A98253E
9000011150,1000011150,439.0,443.0,1239,1,,151,DELIVERED,Correo Argentino,TRK-BH3GSS11K6
9000011151,1000011151,326.0,330.0,538,1,,3026,DELIVERED,Correo Argentino,TRK-87SMVZGYDD
9000011152,1000011152,621.0,622.0,783,2,3.0,3,DELIVERED,PICKUP,
9000011153,1000011153,25.0,26.0,280,2,3.0,3,DELIVERED,PICKUP,
9000011154,1000011154,215.0,216.0,590,2,2.0,2,DELIVERED,PICKUP,
9000011155,1000011155,593.0,594.0,895,2,3.0,3,DELIVERED,PICKUP,
9000011156,1000011156,283.0,286.0,104,1,,842,SHIPPED,Correo Argentino,TRK-DL6RRUPQVH
9000011157,1000011157,10.0,12.0,358,1,,998,DELIVERED,Correo Argentino,TRK-8MKPR3SLF0
9000011158,1000011158,300.0,302.0,564,1,,921,DELIVERED,Correo Argentino,TRK-ZXPMDIV82K
9000011159,1000011159,492.0,493.0,1025,2,1.0,1,DELIVERED,PICKUP,
9000011160,1000011160,217.0,218.0,789,2,1.0,1,DELIVERED,PICKUP,
9000011161,1000011161,487.0,492.0,1150,1,,328,READY,Correo Argentino,TRK-BDIMYVX78O
9000011162,1000011162,37.0,41.0,222,1,,1397,DELIVERED,Correo Argentino,TRK-BEOINVCFCO
9000011163,1000011163,78.0,83.0,1366,1,,2841,DELIVERED,Correo Argentino,TRK-3GO0EDUM8E
9000011164,1000011164,418.0,422.0,1026,1,,712,DELIVERED,Correo Argentino,TRK-YN7CAQ1ZGJ
9000011165,1000011165,,,955,1,,2883,CANCELLED,Correo Argentino,
9000011166,1000011166,277.0,281.0,5,1,,1547,DELIVERED,Correo Argentino,TRK-FWQ7XC6UKA
9000011167,1000011167,147.0,148.0,1321,2,1.0,1,DELIVERED,PICKUP,
9000011168,1000011168,236.0,237.0,178,2,2.0,2,DELIVERED,PICKUP,
9000011169,1000011169,222.0,223.0,1137,2,4.0,4,SHIPPED,PICKUP,
9000011170,1000011170,586.0,587.0,494,2,2.0,2,DELIVERED,PICKUP,
9000011171,1000011171,598.0,603.0,939,1,,577,DELIVERED,Correo Argentino,TRK-NEXSL5SJY5
9000011172,1000011172,348.0,352.0,385,1,,540,DELIVERED,Correo Argentino,TRK-W5GBQWHGT4
9000011173,1000011173,284.0,288.0,634,1,,2208,DELIVERED,Correo Argentino,TRK-42VGE193CZ
9000011174,1000011174,252.0,253.0,406,2,4.0,4,DELIVERED,PICKUP,
9000011175,1000011175,418.0,421.0,774,1,,25,DELIVERED,Correo Argentino,TRK-ZPH8F9KHIM
9000011176,1000011176,,,273,1,,2055,CANCELLED,Correo Argentino,
9000011177,1000011177,301.0,308.0,507,1,,579,SHIPPED,Correo Argentino,TRK-89RA2BFHS4
9000011178,1000011178,,,937,2,2.0,2,CANCELLED,PICKUP,
9000011179,1000011179,243.0,246.0,194,1,,470,DELIVERED,Correo Argentino,TRK-QF8JVSM6M0
9000011180,1000011180,439.0,443.0,700,1,,2394,DELIVERED,Correo Argentino,TRK-G5B5ZUU2G0
9000011181,1000011181,,,890,2,4.0,4,CANCELLED,PICKUP,
9000011182,1000011182,461.0,464.0,760,1,,898,DELIVERED,Correo Argentino,TRK-NTWHIDJT66
9000011183,1000011183,286.0,289.0,1398,1,,684,DELIVERED,Correo Argentino,TRK-M7WE4DLHJU
9000011184,1000011184,,,995,2,1.0,1,CANCELLED,PICKUP,
9000011185,1000011185,388.0,389.0,897,2,4.0,4,DELIVERED,PICKUP,
9000011186,1000011186,594.0,597.0,1326,1,,758,DELIVERED,Correo Argentino,TRK-RUSFPG8U67
9000011187,1000011187,28.0,31.0,1043,1,,71,DELIVERED,Correo Argentino,TRK-R0UWRT25MP
9000011188,1000011188,347.0,348.0,713,2,2.0,2,DELIVERED,PICKUP,
9000011189,1000011189,490.0,492.0,1337,1,,166,SHIPPED,Correo Argentino,TRK-D3SD90JSK5
9000011190,1000011190,214.0,215.0,1129,2,3.0,3,DELIVERED,PICKUP,
9000011191,1000011191,544.0,551.0,212,1,,2454,DELIVERED,Correo Argentino,TRK-SA57FQ9X4I
9000011192,1000011192,,,29,1,,1816,CANCELLED,Correo Argentino,
9000011193,1000011193,369.0,370.0,248,2,4.0,4,DELIVERED,PICKUP,
9000011194,1000011194,84.0,86.0,82,1,,1790,DELIVERED,Correo Argentino,TRK-LVUABETMMM
9000011195,1000011195,482.0,484.0,110,1,,1672,SHIPPED,Correo Argentino,TRK-H04GXKBZRA
9000011196,1000011196,,,304,2,2.0,2,CANCELLED,PICKUP,
9000011197,1000011197,161.0,164.0,1105,1,,621,DELIVERED,Correo Argentino,TRK-OUQM83FGMR
9000011198,1000011198,294.0,295.0,829,2,1.0,1,DELIVERED,PICKUP,
9000011199,1000011199,413.0,417.0,1060,1,,2263,DELIVERED,Correo Argentino,TRK-XA2J22719L
9000011200,1000011200,206.0,211.0,1063,1,,2414,DELIVERED,Correo Argentino,TRK-SERUGPE4SV
9000011201,1000011201,404.0,405.0,453,2,4.0,4,DELIVERED,PICKUP,
9000011202,1000011202,339.0,340.0,259,2,4.0,4,DELIVERED,PICKUP,
9000011203,1000011203,253.0,254.0,132,2,2.0,2,DELIVERED,PICKUP,
9000011204,1000011204,479.0,484.0,1141,1,,1454,DELIVERED,Correo Argentino,TRK-2RV691E76J
9000011205,1000011205,411.0,412.0,72,2,4.0,4,SHIPPED,PICKUP,
9000011206,1000011206,285.0,288.0,1195,1,,2794,DELIVERED,Correo Argentino,TRK-1Q9N3LFODJ
9000011207,1000011207,385.0,386.0,1166,2,2.0,2,SHIPPED,PICKUP,
9000011208,1000011208,452.0,453.0,170,2,2.0,2,SHIPPED,PICKUP,
9000011209,1000011209,574.0,578.0,9,1,,2571,DELIVERED,Correo Argentino,TRK-D8MWKNLHO1
9000011210,1000011210,450.0,455.0,1210,1,,1081,DELIVERED,Correo Argentino,TRK-WVTI7O2IXT
9000011211,1000011211,509.0,514.0,1182,1,,1708,DELIVERED,Correo Argentino,TRK-T2SDHW8W6J
9000011212,1000011212,26.0,27.0,236,2,2.0,2,DELIVERED,PICKUP,
9000011213,1000011213,545.0,548.0,1315,1,,776,DELIVERED,Correo Argentino,TRK-HEO76N1V55
9000011214,1000011214,257.0,261.0,822,1,,93,DELIVERED,Correo Argentino,TRK-G7ZMG5XUV0
9000011215,1000011215,351.0,356.0,1312,1,,667,SHIPPED,Correo Argentino,TRK-NHCG17IH20
9000011216,1000011216,509.0,513.0,473,1,,2066,DELIVERED,Correo Argentino,TRK-415RLLOM7W
9000011217,1000011217,441.0,442.0,817,2,2.0,2,DELIVERED,PICKUP,
9000011218,1000011218,38.0,41.0,790,1,,1755,DELIVERED,Correo Argentino,TRK-AV9CPL3WPG
9000011219,1000011219,,,661,2,2.0,2,CANCELLED,PICKUP,
9000011220,1000011220,273.0,278.0,1168,1,,2677,SHIPPED,Correo Argentino,TRK-PCYFL3AVOZ
9000011221,1000011221,315.0,320.0,713,1,,100,DELIVERED,Correo Argentino,TRK-QZW87L3KXQ
9000011222,1000011222,384.0,385.0,265,2,3.0,3,DELIVERED,PICKUP,
9000011223,1000011223,60.0,63.0,1243,1,,2517,DELIVERED,Correo Argentino,TRK-LRTY2SJZY5
9000011224,1000011224,401.0,404.0,1053,1,,1652,DELIVERED,Correo Argentino,TRK-8NX6OKLR71
9000011225,1000011225,379.0,384.0,1364,1,,2401,DELIVERED,Correo Argentino,TRK-FWVHLR34OZ
9000011226,1000011226,511.0,516.0,1436,1,,2547,SHIPPED,Correo Argentino,TRK-DL2CV9OHRP
9000011227,1000011227,160.0,161.0,34,2,4.0,4,DELIVERED,PICKUP,
9000011228,1000011228,502.0,503.0,353,2,4.0,4,DELIVERED,PICKUP,
9000011229,1000011229,518.0,519.0,1009,2,3.0,3,DELIVERED,PICKUP,
9000011230,1000011230,173.0,174.0,295,2,3.0,3,DELIVERED,PICKUP,
9000011231,1000011231,574.0,575.0,1354,2,4.0,4,DELIVERED,PICKUP,
9000011232,1000011232,,,514,2,2.0,2,CANCELLED,PICKUP,
9000011233,1000011233,594.0,595.0,1453,2,1.0,1,DELIVERED,PICKUP,
9000011234,1000011234,27.0,29.0,879,1,,2469,DELIVERED,Correo Argentino,TRK-8QD1APHM2W
9000011235,1000011235,591.0,592.0,304,2,3.0,3,DELIVERED,PICKUP,
9000011236,1000011236,,,191,1,,2689,CANCELLED,Correo Argentino,
9000011237,1000011237,187.0,188.0,735,2,1.0,1,DELIVERED,PICKUP,
9000011238,1000011238,583.0,586.0,1425,1,,2949,DELIVERED,Correo Argentino,TRK-IDVKK9YZJ2
9000011239,1000011239,234.0,235.0,433,2,2.0,2,DELIVERED,PICKUP,
9000011240,1000011240,,,58,2,3.0,3,CANCELLED,PICKUP,
9000011241,1000011241,529.0,530.0,624,2,4.0,4,DELIVERED,PICKUP,
9000011242,1000011242,13.0,14.0,1309,2,4.0,4,DELIVERED,PICKUP,
9000011243,1000011243,,,868,2,3.0,3,CANCELLED,PICKUP,
9000011244,1000011244,553.0,554.0,1187,2,2.0,2,DELIVERED,PICKUP,
9000011245,1000011245,583.0,587.0,357,1,,60,DELIVERED,Correo Argentino,TRK-E1CHVAYRSG
9000011246,1000011246,156.0,158.0,1131,1,,2975,DELIVERED,Correo Argentino,TRK-GJ03A0WVEI
9000011247,1000011247,40.0,47.0,478,1,,3192,DELIVERED,Correo Argentino,TRK-OTIOKYBTIQ
9000011248,1000011248,61.0,63.0,10,1,,2173,SHIPPED,Correo Argentino,TRK-TX5HT5SBU6
9000011249,1000011249,606.0,608.0,804,1,,869,DELIVERED,Correo Argentino,TRK-W8UL7T11VR
9000011250,1000011250,430.0,433.0,1074,1,,432,DELIVERED,Correo Argentino,TRK-X4C1X11JSJ
9000011251,1000011251,446.0,448.0,776,1,,2738,DELIVERED,Correo Argentino,TRK-681L0T3RVY
9000011252,1000011252,509.0,510.0,1118,2,2.0,2,SHIPPED,PICKUP,
9000011253,1000011253,512.0,515.0,218,1,,1613,SHIPPED,Correo Argentino,TRK-IWZDLA0N91
9000011254,1000011254,630.0,631.0,498,2,3.0,3,DELIVERED,PICKUP,
9000011255,1000011255,560.0,561.0,989,2,4.0,4,SHIPPED,PICKUP,
9000011256,1000011256,473.0,474.0,542,2,2.0,2,DELIVERED,PICKUP,
9000011257,1000011257,546.0,547.0,1024,2,4.0,4,DELIVERED,PICKUP,
9000011258,1000011258,370.0,371.0,1210,2,2.0,2,DELIVERED,PICKUP,
9000011259,1000011259,153.0,158.0,68,1,,290,DELIVERED,Correo Argentino,TRK-EJ9PS4MMOV
9000011260,1000011260,52.0,56.0,605,1,,1642,DELIVERED,Correo Argentino,TRK-ZNJO9UAYFC
9000011261,1000011261,106.0,107.0,599,2,4.0,4,DELIVERED,PICKUP,
9000011262,1000011262,531.0,532.0,1193,2,3.0,3,DELIVERED,PICKUP,
9000011263,1000011263,480.0,482.0,558,1,,1432,DELIVERED,Correo Argentino,TRK-644XCPY1B0
9000011264,1000011264,429.0,430.0,332,2,2.0,2,DELIVERED,PICKUP,
9000011265,1000011265,221.0,226.0,860,1,,2927,DELIVERED,Correo Argentino,TRK-1NC6H4M79V
9000011266,1000011266,381.0,382.0,1028,2,3.0,3,DELIVERED,PICKUP,
9000011267,1000011267,437.0,441.0,677,1,,521,DELIVERED,Correo Argentino,TRK-45HZM7IIJ1
9000011268,1000011268,100.0,101.0,804,2,2.0,2,DELIVERED,PICKUP,
9000011269,1000011269,457.0,458.0,1101,2,1.0,1,DELIVERED,PICKUP,
9000011270,1000011270,174.0,177.0,1085,1,,3184,DELIVERED,Correo Argentino,TRK-LPUGY4VCRI
9000011271,1000011271,501.0,503.0,625,1,,1174,DELIVERED,Correo Argentino,TRK-BC8WMUOT6K
9000011272,1000011272,365.0,369.0,88,1,,493,SHIPPED,Correo Argentino,TRK-AKVDKQDEDB
9000011273,1000011273,615.0,618.0,509,1,,2307,DELIVERED,Correo Argentino,TRK-C8Q9EXLUVP
9000011274,1000011274,255.0,256.0,1065,2,3.0,3,DELIVERED,PICKUP,
9000011275,1000011275,120.0,121.0,1073,2,4.0,4,DELIVERED,PICKUP,
9000011276,1000011276,156.0,157.0,945,2,1.0,1,DELIVERED,PICKUP,
9000011277,1000011277,373.0,374.0,601,2,4.0,4,SHIPPED,PICKUP,
9000011278,1000011278,465.0,468.0,1237,1,,193,DELIVERED,Correo Argentino,TRK-0ODUDH5LT3
9000011279,1000011279,,,1131,1,,2530,CANCELLED,Correo Argentino,
9000011280,1000011280,447.0,448.0,1016,2,4.0,4,DELIVERED,PICKUP,
9000011281,1000011281,70.0,71.0,338,2,1.0,1,SHIPPED,PICKUP,
9000011282,1000011282,521.0,522.0,1011,2,3.0,3,DELIVERED,PICKUP,
9000011283,1000011283,460.0,465.0,440,1,,2883,DELIVERED,Correo Argentino,TRK-NV4PHRPPLQ
9000011284,1000011284,457.0,462.0,176,1,,2931,DELIVERED,Correo Argentino,TRK-SINO060EQI
9000011285,1000011285,,,60,1,,615,CANCELLED,Correo Argentino,
9000011286,1000011286,467.0,468.0,986,2,3.0,3,SHIPPED,PICKUP,
9000011287,1000011287,178.0,181.0,538,1,,2489,READY,Correo Argentino,TRK-8HKL0HO8N0
9000011288,1000011288,156.0,161.0,1204,1,,406,DELIVERED,Correo Argentino,TRK-F9YE5SGJQM
9000011289,1000011289,377.0,378.0,1388,2,2.0,2,DELIVERED,PICKUP,
9000011290,1000011290,262.0,266.0,778,1,,77,SHIPPED,Correo Argentino,TRK-5RGULY8Q4F
9000011291,1000011291,31.0,32.0,715,2,3.0,3,SHIPPED,PICKUP,
9000011292,1000011292,12.0,13.0,203,2,1.0,1,DELIVERED,PICKUP,
9000011293,1000011293,200.0,201.0,928,2,2.0,2,DELIVERED,PICKUP,
9000011294,1000011294,415.0,417.0,750,1,,2583,DELIVERED,Correo Argentino,TRK-43D9C03JB1
9000011295,1000011295,359.0,363.0,253,1,,2105,DELIVERED,Correo Argentino,TRK-6FKCIZ9G54
9000011296,1000011296,125.0,126.0,441,2,2.0,2,DELIVERED,PICKUP,
9000011297,1000011297,211.0,214.0,1401,1,,2339,DELIVERED,Correo Argentino,TRK-GDFRE5F7H3
9000011298,1000011298,78.0,80.0,45,1,,2754,READY,Correo Argentino,TRK-DHAK6EXIUN
9000011299,1000011299,596.0,600.0,56,1,,2927,DELIVERED,Correo Argentino,TRK-ILM07ISA6B
9000011300,1000011300,135.0,139.0,517,1,,1954,DELIVERED,Correo Argentino,TRK-XDIVMZX3D5
9000011301,1000011301,500.0,501.0,385,2,1.0,1,DELIVERED,PICKUP,
9000011302,1000011302,,,1268,1,,45,CANCELLED,Correo Argentino,
9000011303,1000011303,,,1260,2,3.0,3,CANCELLED,PICKUP,
9000011304,1000011304,151.0,155.0,744,1,,800,SHIPPED,Correo Argentino,TRK-TZSAS6XXH1
9000011305,1000011305,113.0,117.0,625,1,,1414,DELIVERED,Correo Argentino,TRK-JY08RQOFXC
9000011306,1000011306,424.0,428.0,1177,1,,2392,DELIVERED,Correo Argentino,TRK-P4ENRR1W8W
9000011307,1000011307,468.0,469.0,590,2,3.0,3,DELIVERED,PICKUP,
9000011308,1000011308,2.0,7.0,1200,1,,454,DELIVERED,Correo Argentino,TRK-MD41S0AGQP
9000011309,1000011309,173.0,175.0,554,1,,1211,DELIVERED,Correo Argentino,TRK-SAEQ8SIV90
9000011310,1000011310,329.0,333.0,546,1,,1623,DELIVERED,Correo Argentino,TRK-IYS5BUUQFJ
9000011311,1000011311,224.0,225.0,895,2,3.0,3,DELIVERED,PICKUP,
9000011312,1000011312,415.0,417.0,850,1,,2391,READY,Correo Argentino,TRK-KTYUYEJIPN
9000011313,1000011313,620.0,622.0,960,1,,2273,DELIVERED,Correo Argentino,TRK-FCP7Z84MXJ
9000011314,1000011314,556.0,559.0,46,1,,685,DELIVERED,Correo Argentino,TRK-V9YO4YMJZP
9000011315,1000011315,410.0,412.0,519,1,,2680,DELIVERED,Correo Argentino,TRK-1WZ9D7MKDE
9000011316,1000011316,239.0,241.0,1232,1,,476,READY,Correo Argentino,TRK-8P8BHKO25Q
9000011317,1000011317,320.0,321.0,452,2,3.0,3,DELIVERED,PICKUP,
9000011318,1000011318,,,754,1,,1991,CANCELLED,Correo Argentino,
9000011319,1000011319,,,1069,2,3.0,3,CANCELLED,PICKUP,
9000011320,1000011320,34.0,38.0,184,1,,1789,DELIVERED,Correo Argentino,TRK-0LBBM6GZI3
9000011321,1000011321,391.0,395.0,661,1,,709,DELIVERED,Correo Argentino,TRK-XDRR4Z7XFQ
9000011322,1000011322,631.0,634.0,296,1,,356,DELIVERED,Correo Argentino,TRK-637IGIA9OR
9000011323,1000011323,162.0,167.0,1411,1,,1301,READY,Correo Argentino,TRK-X6MS8AG6XA
9000011324,1000011324,460.0,463.0,264,1,,316,DELIVERED,Correo Argentino,TRK-NECDRKAEUD
9000011325,1000011325,182.0,183.0,394,2,1.0,1,DELIVERED,PICKUP,
9000011326,1000011326,559.0,564.0,1339,1,,3147,DELIVERED,Correo Argentino,TRK-8FKIBQT8BB
9000011327,1000011327,66.0,67.0,1351,2,1.0,1,DELIVERED,PICKUP,
9000011328,1000011328,262.0,263.0,288,2,4.0,4,DELIVERED,PICKUP,
9000011329,1000011329,557.0,559.0,438,1,,1747,SHIPPED,Correo Argentino,TRK-R31RELT2TQ
9000011330,1000011330,33.0,34.0,890,2,3.0,3,DELIVERED,PICKUP,
9000011331,1000011331,141.0,146.0,1257,1,,1146,DELIVERED,Correo Argentino,TRK-ZC4NTH357L
9000011332,1000011332,530.0,531.0,1210,2,2.0,2,DELIVERED,PICKUP,
9000011333,1000011333,549.0,554.0,1037,1,,437,DELIVERED,Correo Argentino,TRK-KL1XU3N94H
9000011334,1000011334,54.0,55.0,90,2,1.0,1,DELIVERED,PICKUP,
9000011335,1000011335,582.0,585.0,214,1,,1040,SHIPPED,Correo Argentino,TRK-KU9AXG6OYD
9000011336,1000011336,66.0,69.0,866,1,,1273,DELIVERED,Correo Argentino,TRK-QHFGPLHFOJ
9000011337,1000011337,368.0,369.0,1215,2,4.0,4,DELIVERED,PICKUP,
9000011338,1000011338,202.0,203.0,181,2,2.0,2,DELIVERED,PICKUP,
9000011339,1000011339,343.0,346.0,1416,1,,1496,DELIVERED,Correo Argentino,TRK-S7J1ICC7J6
9000011340,1000011340,49.0,51.0,1460,1,,1095,DELIVERED,Correo Argentino,TRK-FYYW0H8NZJ
9000011341,1000011341,247.0,249.0,176,1,,2855,SHIPPED,Correo Argentino,TRK-K3OBNQGX2X
9000011342,1000011342,299.0,303.0,299,1,,1237,DELIVERED,Correo Argentino,TRK-AVKBDCB6OW
9000011343,1000011343,47.0,51.0,211,1,,349,SHIPPED,Correo Argentino,TRK-3WVGJY4LTF
9000011344,1000011344,468.0,469.0,1116,2,2.0,2,DELIVERED,PICKUP,
9000011345,1000011345,260.0,264.0,93,1,,2572,DELIVERED,Correo Argentino,TRK-PNFQLY59KX
9000011346,1000011346,428.0,429.0,9,2,4.0,4,DELIVERED,PICKUP,
9000011347,1000011347,375.0,376.0,423,2,1.0,1,DELIVERED,PICKUP,
9000011348,1000011348,421.0,422.0,686,2,2.0,2,DELIVERED,PICKUP,
9000011349,1000011349,103.0,104.0,732,2,3.0,3,DELIVERED,PICKUP,
9000011350,1000011350,361.0,362.0,882,2,4.0,4,DELIVERED,PICKUP,
9000011351,1000011351,37.0,40.0,412,1,,922,DELIVERED,Correo Argentino,TRK-4APZ3KWO4C
9000011352,1000011352,116.0,120.0,253,1,,467,DELIVERED,Correo Argentino,TRK-KPNBICAURV
9000011353,1000011353,435.0,437.0,1018,1,,1031,DELIVERED,Correo Argentino,TRK-UYXYK9WT62
9000011354,1000011354,468.0,470.0,11,1,,60,SHIPPED,Correo Argentino,TRK-DPVSN2ZCSS
9000011355,1000011355,268.0,272.0,1385,1,,1447,DELIVERED,Correo Argentino,TRK-5Z3REQNXD3
9000011356,1000011356,496.0,497.0,1460,2,2.0,2,DELIVERED,PICKUP,
9000011357,1000011357,481.0,483.0,576,1,,176,DELIVERED,Correo Argentino,TRK-FNFWDFF1CF
9000011358,1000011358,252.0,253.0,34,2,3.0,3,DELIVERED,PICKUP,
9000011359,1000011359,191.0,195.0,737,1,,211,DELIVERED,Correo Argentino,TRK-I1NEDC5IGA
9000011360,1000011360,411.0,412.0,637,2,3.0,3,DELIVERED,PICKUP,
9000011361,1000011361,126.0,127.0,1248,2,1.0,1,DELIVERED,PICKUP,
9000011362,1000011362,4.0,8.0,874,1,,1134,DELIVERED,Correo Argentino,TRK-W0B5YJFJ8G
9000011363,1000011363,213.0,214.0,1375,2,1.0,1,DELIVERED,PICKUP,
9000011364,1000011364,72.0,73.0,922,2,4.0,4,DELIVERED,PICKUP,
9000011365,1000011365,326.0,330.0,921,1,,1420,DELIVERED,Correo Argentino,TRK-EQPXZTUMEJ
9000011366,1000011366,264.0,265.0,1439,2,1.0,1,SHIPPED,PICKUP,
9000011367,1000011367,157.0,159.0,327,1,,2623,DELIVERED,Correo Argentino,TRK-6283V3KT9X
9000011368,1000011368,50.0,51.0,475,2,2.0,2,DELIVERED,PICKUP,
9000011369,1000011369,358.0,364.0,900,1,,1139,DELIVERED,Correo Argentino,TRK-GI882CS8BX
9000011370,1000011370,360.0,361.0,1009,2,2.0,2,DELIVERED,PICKUP,
9000011371,1000011371,512.0,513.0,862,2,1.0,1,DELIVERED,PICKUP,
9000011372,1000011372,,,1461,1,,3134,CANCELLED,Correo Argentino,
9000011373,1000011373,383.0,384.0,497,2,2.0,2,DELIVERED,PICKUP,
9000011374,1000011374,540.0,543.0,854,1,,659,DELIVERED,Correo Argentino,TRK-YT20BA33MP
9000011375,1000011375,211.0,216.0,1350,1,,3131,DELIVERED,Correo Argentino,TRK-RYJJLV35QX
9000011376,1000011376,231.0,232.0,400,2,3.0,3,SHIPPED,PICKUP,
9000011377,1000011377,349.0,350.0,528,2,1.0,1,DELIVERED,PICKUP,
9000011378,1000011378,261.0,265.0,628,1,,96,DELIVERED,Correo Argentino,TRK-AS84TUUS9E
9000011379,1000011379,632.0,633.0,1237,2,2.0,2,DELIVERED,PICKUP,
9000011380,1000011380,501.0,505.0,1164,1,,665,SHIPPED,Correo Argentino,TRK-YQ7820XWA2
9000011381,1000011381,480.0,485.0,256,1,,767,SHIPPED,Correo Argentino,TRK-3XMN9WYSVM
9000011382,1000011382,212.0,214.0,63,1,,624,DELIVERED,Correo Argentino,TRK-YXNCHWS5V4
9000011383,1000011383,347.0,348.0,2,2,4.0,4,DELIVERED,PICKUP,
9000011384,1000011384,,,796,2,3.0,3,CANCELLED,PICKUP,
9000011385,1000011385,,,247,1,,385,CANCELLED,Correo Argentino,
9000011386,1000011386,,,775,1,,903,CANCELLED,Correo Argentino,
9000011387,1000011387,39.0,40.0,224,2,1.0,1,DELIVERED,PICKUP,
9000011388,1000011388,,,664,1,,1629,CANCELLED,Correo Argentino,
9000011389,1000011389,257.0,262.0,1027,1,,2414,DELIVERED,Correo Argentino,TRK-YBMBAW5DBE
9000011390,1000011390,139.0,140.0,673,2,3.0,3,DELIVERED,PICKUP,
9000011391,1000011391,279.0,283.0,1017,1,,100,SHIPPED,Correo Argentino,TRK-ECXC3IEQ7T
9000011392,1000011392,49.0,54.0,1459,1,,1185,DELIVERED,Correo Argentino,TRK-HYNMP6RM9H
9000011393,1000011393,339.0,344.0,860,1,,2875,SHIPPED,Correo Argentino,TRK-5RWY7949D3
9000011394,1000011394,608.0,609.0,8,2,2.0,2,DELIVERED,PICKUP,
9000011395,1000011395,593.0,594.0,158,2,4.0,4,DELIVERED,PICKUP,
9000011396,1000011396,404.0,405.0,547,2,2.0,2,DELIVERED,PICKUP,
9000011397,1000011397,,,1192,1,,187,CANCELLED,Correo Argentino,
9000011398,1000011398,637.0,638.0,383,2,4.0,4,DELIVERED,PICKUP,
9000011399,1000011399,82.0,85.0,87,1,,1738,DELIVERED,Correo Argentino,TRK-U802E6HISP
9000011400,1000011400,260.0,262.0,972,1,,1370,DELIVERED,Correo Argentino,TRK-SDSLZ3B4X1
9000011401,1000011401,388.0,389.0,10,2,1.0,1,DELIVERED,PICKUP,
9000011402,1000011402,212.0,213.0,833,2,2.0,2,SHIPPED,PICKUP,
9000011403,1000011403,137.0,138.0,66,2,3.0,3,SHIPPED,PICKUP,
9000011404,1000011404,51.0,55.0,982,1,,279,SHIPPED,Correo Argentino,TRK-YDNITUU5WM
9000011405,1000011405,575.0,580.0,876,1,,2227,DELIVERED,Correo Argentino,TRK-VNV3F176YK
9000011406,1000011406,233.0,234.0,904,2,3.0,3,DELIVERED,PICKUP,
9000011407,1000011407,585.0,587.0,1010,1,,3175,DELIVERED,Correo Argentino,TRK-JN9WEEPOR7
9000011408,1000011408,593.0,598.0,755,1,,939,DELIVERED,Correo Argentino,TRK-0L9HYPUGU3
9000011409,1000011409,102.0,103.0,1256,2,4.0,4,SHIPPED,PICKUP,
9000011410,1000011410,583.0,584.0,593,2,3.0,3,DELIVERED,PICKUP,
9000011411,1000011411,222.0,227.0,1457,1,,470,DELIVERED,Correo Argentino,TRK-WX10036SYT
9000011412,1000011412,94.0,96.0,1334,1,,7,DELIVERED,Correo Argentino,TRK-6UBIQSDMZN
9000011413,1000011413,502.0,506.0,526,1,,672,SHIPPED,Correo Argentino,TRK-75XD1X7IFL
9000011414,1000011414,503.0,505.0,317,1,,2115,DELIVERED,Correo Argentino,TRK-XQ5IZVML4P
9000011415,1000011415,446.0,448.0,1190,1,,883,SHIPPED,Correo Argentino,TRK-3VJB005N0C
9000011416,1000011416,406.0,410.0,589,1,,363,DELIVERED,Correo Argentino,TRK-J7SGLKNO8X
9000011417,1000011417,463.0,464.0,481,2,3.0,3,SHIPPED,PICKUP,
9000011418,1000011418,49.0,50.0,652,2,4.0,4,DELIVERED,PICKUP,
9000011419,1000011419,282.0,287.0,23,1,,1247,DELIVERED,Correo Argentino,TRK-5XAKT9G53J
9000011420,1000011420,290.0,295.0,1369,1,,2637,DELIVERED,Correo Argentino,TRK-5TEQNUSBGY
9000011421,1000011421,145.0,150.0,534,1,,397,DELIVERED,Correo Argentino,TRK-3ZZY4D8EOB
9000011422,1000011422,544.0,547.0,603,1,,3054,DELIVERED,Correo Argentino,TRK-3EG2DTZSTX
9000011423,1000011423,271.0,276.0,1279,1,,1168,DELIVERED,Correo Argentino,TRK-8KL323I1P4
9000011424,1000011424,401.0,405.0,1451,1,,3082,DELIVERED,Correo Argentino,TRK-KW9XOD4V5K
9000011425,1000011425,517.0,519.0,847,1,,210,SHIPPED,Correo Argentino,TRK-Z0SY5BT9N8
9000011426,1000011426,485.0,489.0,972,1,,1446,DELIVERED,Correo Argentino,TRK-T1X3274ESM
9000011427,1000011427,354.0,357.0,349,1,,943,DELIVERED,Correo Argentino,TRK-BXIRXOXRQ3
9000011428,1000011428,338.0,339.0,1254,2,2.0,2,DELIVERED,PICKUP,
9000011429,1000011429,286.0,290.0,893,1,,230,SHIPPED,Correo Argentino,TRK-ZSU5K7C9TE
9000011430,1000011430,331.0,333.0,1407,1,,1539,READY,Correo Argentino,TRK-UMHE21JHHO
9000011431,1000011431,160.0,161.0,378,2,1.0,1,DELIVERED,PICKUP,
9000011432,1000011432,607.0,610.0,615,1,,1298,DELIVERED,Correo Argentino,TRK-MYWRTR89UU
9000011433,1000011433,259.0,260.0,346,2,3.0,3,DELIVERED,PICKUP,
9000011434,1000011434,612.0,615.0,807,1,,1188,DELIVERED,Correo Argentino,TRK-NM3UHUBTQD
9000011435,1000011435,600.0,605.0,14,1,,644,DELIVERED,Correo Argentino,TRK-WVDH7WGX62
9000011436,1000011436,258.0,261.0,1294,1,,1009,DELIVERED,Correo Argentino,TRK-N966TIOPEX
9000011437,1000011437,620.0,623.0,1462,1,,2490,DELIVERED,Correo Argentino,TRK-5FUBU1R0TO
9000011438,1000011438,344.0,345.0,669,2,3.0,3,DELIVERED,PICKUP,
9000011439,1000011439,254.0,255.0,420,2,2.0,2,DELIVERED,PICKUP,
9000011440,1000011440,,,1297,1,,3085,CANCELLED,Correo Argentino,
9000011441,1000011441,466.0,467.0,1235,2,4.0,4,DELIVERED,PICKUP,
9000011442,1000011442,267.0,270.0,1244,1,,571,DELIVERED,Correo Argentino,TRK-D5I59TQ9MY
9000011443,1000011443,570.0,573.0,320,1,,2981,DELIVERED,Correo Argentino,TRK-NCZA7R0U7L
9000011444,1000011444,,,1240,1,,1575,CANCELLED,Correo Argentino,
9000011445,1000011445,440.0,443.0,486,1,,2286,DELIVERED,Correo Argentino,TRK-HQ8RS10RSF
9000011446,1000011446,208.0,212.0,789,1,,3006,SHIPPED,Correo Argentino,TRK-7CR8SFV63T
9000011447,1000011447,512.0,513.0,147,2,4.0,4,DELIVERED,PICKUP,
9000011448,1000011448,591.0,592.0,82,2,4.0,4,DELIVERED,PICKUP,
9000011449,1000011449,89.0,90.0,566,2,4.0,4,SHIPPED,PICKUP,
9000011450,1000011450,5.0,6.0,1471,2,4.0,4,DELIVERED,PICKUP,
9000011451,1000011451,478.0,482.0,336,1,,1228,READY,Correo Argentino,TRK-GJIPOEP8JU
9000011452,1000011452,495.0,498.0,792,1,,1019,DELIVERED,Correo Argentino,TRK-GDHG2BHUZM
9000011453,1000011453,135.0,140.0,1447,1,,3127,DELIVERED,Correo Argentino,TRK-IX7PIMQ29X
9000011454,1000011454,259.0,260.0,1214,2,3.0,3,DELIVERED,PICKUP,
9000011455,1000011455,545.0,546.0,973,2,3.0,3,DELIVERED,PICKUP,
9000011456,1000011456,568.0,569.0,1169,2,1.0,1,DELIVERED,PICKUP,
9000011457,1000011457,69.0,73.0,843,1,,213,DELIVERED,Correo Argentino,TRK-N86FSIN1X5
9000011458,1000011458,618.0,622.0,1393,1,,1849,SHIPPED,Correo Argentino,TRK-C7RD60W26C
9000011459,1000011459,20.0,21.0,800,2,2.0,2,DELIVERED,PICKUP,
9000011460,1000011460,527.0,528.0,1084,2,4.0,4,DELIVERED,PICKUP,
9000011461,1000011461,268.0,269.0,793,2,2.0,2,DELIVERED,PICKUP,
9000011462,1000011462,,,1242,2,2.0,2,CANCELLED,PICKUP,
9000011463,1000011463,536.0,538.0,525,1,,2527,DELIVERED,Correo Argentino,TRK-VJLLKKZA1Q
9000011464,1000011464,338.0,339.0,1004,2,3.0,3,DELIVERED,PICKUP,
9000011465,1000011465,122.0,127.0,1138,1,,709,DELIVERED,Correo Argentino,TRK-DCL8AROVIW
9000011466,1000011466,491.0,494.0,1420,1,,1900,DELIVERED,Correo Argentino,TRK-9WHCWO1BMS
9000011467,1000011467,217.0,221.0,603,1,,2133,DELIVERED,Correo Argentino,TRK-LPXHTB4VEO
9000011468,1000011468,253.0,254.0,170,2,4.0,4,DELIVERED,PICKUP,
9000011469,1000011469,,,850,1,,1927,CANCELLED,Correo Argentino,
9000011470,1000011470,623.0,626.0,1128,1,,712,DELIVERED,Correo Argentino,TRK-4SXPA5U7J9
9000011471,1000011471,288.0,293.0,561,1,,3057,SHIPPED,Correo Argentino,TRK-RKXXFCQRGQ
9000011472,1000011472,369.0,372.0,1179,1,,1539,DELIVERED,Correo Argentino,TRK-LM0RHMIRXV
9000011473,1000011473,275.0,279.0,461,1,,2871,SHIPPED,Correo Argentino,TRK-SWQDE2HCMD
9000011474,1000011474,40.0,42.0,1276,1,,1604,DELIVERED,Correo Argentino,TRK-MOXRUQBX2I
9000011475,1000011475,233.0,234.0,1306,2,2.0,2,DELIVERED,PICKUP,
9000011476,1000011476,241.0,246.0,94,1,,2161,DELIVERED,Correo Argentino,TRK-IPBIR82I6Q
9000011477,1000011477,149.0,154.0,331,1,,2483,DELIVERED,Correo Argentino,TRK-ACRBJR2MRM
9000011478,1000011478,215.0,218.0,667,1,,1090,DELIVERED,Correo Argentino,TRK-2URA30MDP3
9000011479,1000011479,314.0,315.0,353,2,4.0,4,DELIVERED,PICKUP,
9000011480,1000011480,627.0,630.0,501,1,,1477,DELIVERED,Correo Argentino,TRK-Z5ITNKPNVO
9000011481,1000011481,125.0,130.0,1475,1,,618,DELIVERED,Correo Argentino,TRK-O67KOVHKHI
9000011482,1000011482,,,1262,1,,1481,CANCELLED,Correo Argentino,
9000011483,1000011483,154.0,158.0,726,1,,1804,DELIVERED,Correo Argentino,TRK-6TP2SQYKPB
9000011484,1000011484,396.0,400.0,92,1,,1946,DELIVERED,Correo Argentino,TRK-ZWI6HKP2OH
9000011485,1000011485,259.0,260.0,157,2,4.0,4,DELIVERED,PICKUP,
9000011486,1000011486,131.0,132.0,498,2,2.0,2,DELIVERED,PICKUP,
9000011487,1000011487,175.0,178.0,508,1,,151,DELIVERED,Correo Argentino,TRK-1KKC8RU9AH
9000011488,1000011488,141.0,142.0,254,2,4.0,4,SHIPPED,PICKUP,
9000011489,1000011489,258.0,259.0,659,2,2.0,2,SHIPPED,PICKUP,
9000011490,1000011490,87.0,92.0,947,1,,2451,DELIVERED,Correo Argentino,TRK-CSTUFLNN38
9000011491,1000011491,618.0,623.0,430,1,,362,DELIVERED,Correo Argentino,TRK-38S30ZCTCS
9000011492,1000011492,305.0,307.0,837,1,,1215,SHIPPED,Correo Argentino,TRK-LVMVX3MN7A
9000011493,1000011493,25.0,26.0,425,2,1.0,1,DELIVERED,PICKUP,
9000011494,1000011494,324.0,329.0,1033,1,,2830,SHIPPED,Correo Argentino,TRK-ZFUYMFWE51
9000011495,1000011495,349.0,353.0,893,1,,100,DELIVERED,Correo Argentino,TRK-ZU743L4R1Z
9000011496,1000011496,598.0,602.0,863,1,,1300,DELIVERED,Correo Argentino,TRK-Y64F11RD06
9000011497,1000011497,,,444,1,,896,CANCELLED,Correo Argentino,
9000011498,1000011498,77.0,81.0,230,1,,1816,DELIVERED,Correo Argentino,TRK-A3N8NF18ST
9000011499,1000011499,17.0,19.0,928,1,,542,SHIPPED,Correo Argentino,TRK-A26F9WQQ8V
9000011500,1000011500,431.0,436.0,42,1,,218,DELIVERED,Correo Argentino,TRK-RGCQUJKI9H
9000011501,1000011501,149.0,150.0,14,2,1.0,1,DELIVERED,PICKUP,
9000011502,1000011502,246.0,247.0,294,2,3.0,3,DELIVERED,PICKUP,
9000011503,1000011503,360.0,363.0,24,1,,1569,DELIVERED,Correo Argentino,TRK-JPTADWKLR0
9000011504,1000011504,,,1292,1,,389,CANCELLED,Correo Argentino,
9000011505,1000011505,283.0,287.0,837,1,,1786,DELIVERED,Correo Argentino,TRK-X0HHVGVP6K
9000011506,1000011506,,,1151,1,,245,CANCELLED,Correo Argentino,
9000011507,1000011507,459.0,461.0,150,1,,2840,DELIVERED,Correo Argentino,TRK-4B6XFOI63C
9000011508,1000011508,138.0,141.0,909,1,,1262,DELIVERED,Correo Argentino,TRK-FZUZ58TO4B
9000011509,1000011509,400.0,403.0,966,1,,654,DELIVERED,Correo Argentino,TRK-TOKW7WARXE
9000011510,1000011510,222.0,225.0,199,1,,2287,DELIVERED,Correo Argentino,TRK-WX8AGD8FYB
9000011511,1000011511,433.0,436.0,177,1,,1427,SHIPPED,Correo Argentino,TRK-1NUL1D2CA2
9000011512,1000011512,191.0,195.0,82,1,,35,DELIVERED,Correo Argentino,TRK-WAG94BY782
9000011513,1000011513,384.0,385.0,141,2,2.0,2,DELIVERED,PICKUP,
9000011514,1000011514,223.0,228.0,916,1,,1013,DELIVERED,Correo Argentino,TRK-25QYR0OXUG
9000011515,1000011515,561.0,562.0,1357,2,1.0,1,DELIVERED,PICKUP,
9000011516,1000011516,456.0,461.0,658,1,,467,SHIPPED,Correo Argentino,TRK-IZEEMUYQQ1
9000011517,1000011517,384.0,385.0,234,2,1.0,1,DELIVERED,PICKUP,
9000011518,1000011518,421.0,425.0,162,1,,569,DELIVERED,Correo Argentino,TRK-V1LW3GH09G
9000011519,1000011519,406.0,409.0,647,1,,2533,SHIPPED,Correo Argentino,TRK-GY8VT3ETZG
9000011520,1000011520,139.0,141.0,284,1,,113,DELIVERED,Correo Argentino,TRK-FWXCLQC2TY
9000011521,1000011521,523.0,526.0,8,1,,815,DELIVERED,Correo Argentino,TRK-A8ZSDSIT64
9000011522,1000011522,400.0,405.0,1260,1,,2289,DELIVERED,Correo Argentino,TRK-4QJJ74XTXE
9000011523,1000011523,154.0,155.0,1435,2,2.0,2,DELIVERED,PICKUP,
9000011524,1000011524,424.0,429.0,131,1,,2930,SHIPPED,Correo Argentino,TRK-771ZXVPANK
9000011525,1000011525,81.0,88.0,10,1,,314,DELIVERED,Correo Argentino,TRK-7PROTKFOVZ
9000011526,1000011526,300.0,302.0,736,1,,2343,DELIVERED,Correo Argentino,TRK-XGZVN85N7N
9000011527,1000011527,295.0,296.0,915,2,3.0,3,DELIVERED,PICKUP,
9000011528,1000011528,205.0,208.0,75,1,,1765,DELIVERED,Correo Argentino,TRK-ZTCDCCA5DE
9000011529,1000011529,157.0,158.0,69,2,1.0,1,DELIVERED,PICKUP,
9000011530,1000011530,285.0,286.0,325,2,3.0,3,DELIVERED,PICKUP,
9000011531,1000011531,100.0,101.0,610,2,2.0,2,DELIVERED,PICKUP,
9000011532,1000011532,363.0,368.0,321,1,,2243,SHIPPED,Correo Argentino,TRK-WOHH5FV0ZX
9000011533,1000011533,4.0,6.0,1016,1,,1818,DELIVERED,Correo Argentino,TRK-78ZLNIMRQ1
9000011534,1000011534,,,1399,2,2.0,2,CANCELLED,PICKUP,
9000011535,1000011535,216.0,218.0,1426,1,,2973,DELIVERED,Correo Argentino,TRK-NHSTYJ1KPN
9000011536,1000011536,137.0,138.0,972,2,2.0,2,DELIVERED,PICKUP,
9000011537,1000011537,299.0,304.0,577,1,,619,DELIVERED,Correo Argentino,TRK-LYTR29OFAW
9000011538,1000011538,56.0,57.0,311,2,3.0,3,SHIPPED,PICKUP,
9000011539,1000011539,403.0,404.0,619,2,1.0,1,DELIVERED,PICKUP,
9000011540,1000011540,361.0,367.0,301,1,,529,DELIVERED,Correo Argentino,TRK-4RXT46JGWE
9000011541,1000011541,223.0,227.0,1178,1,,901,DELIVERED,Correo Argentino,TRK-I1X4PL7V44
9000011542,1000011542,30.0,31.0,854,2,4.0,4,DELIVERED,PICKUP,
9000011543,1000011543,276.0,277.0,622,2,3.0,3,DELIVERED,PICKUP,
9000011544,1000011544,106.0,110.0,768,1,,3140,DELIVERED,Correo Argentino,TRK-Q40LW9YZFP
9000011545,1000011545,53.0,55.0,719,1,,527,DELIVERED,Correo Argentino,TRK-MXLYEILXYG
9000011546,1000011546,80.0,81.0,651,2,4.0,4,DELIVERED,PICKUP,
9000011547,1000011547,326.0,327.0,476,2,1.0,1,DELIVERED,PICKUP,
9000011548,1000011548,412.0,414.0,340,1,,2441,READY,Correo Argentino,TRK-K9QKUQGRBU
9000011549,1000011549,572.0,573.0,1250,2,4.0,4,DELIVERED,PICKUP,
9000011550,1000011550,627.0,630.0,760,1,,2194,READY,Correo Argentino,TRK-VL6QOYJ53S
9000011551,1000011551,382.0,385.0,580,1,,2630,DELIVERED,Correo Argentino,TRK-VKU07CH4WH
9000011552,1000011552,257.0,262.0,581,1,,2482,DELIVERED,Correo Argentino,TRK-IYV00N5LGM
9000011553,1000011553,351.0,356.0,1406,1,,1686,DELIVERED,Correo Argentino,TRK-M3U0KO7TY6
9000011554,1000011554,362.0,363.0,476,2,1.0,1,DELIVERED,PICKUP,
9000011555,1000011555,323.0,324.0,1476,2,4.0,4,DELIVERED,PICKUP,
9000011556,1000011556,128.0,132.0,53,1,,2230,DELIVERED,Correo Argentino,TRK-WLVN8TMF1G
9000011557,1000011557,382.0,383.0,86,2,2.0,2,DELIVERED,PICKUP,
9000011558,1000011558,434.0,441.0,201,1,,1669,DELIVERED,Correo Argentino,TRK-OV4M1J2Q10
9000011559,1000011559,470.0,473.0,1016,1,,2244,DELIVERED,Correo Argentino,TRK-1AEXQ5O8DZ
9000011560,1000011560,310.0,315.0,514,1,,750,SHIPPED,Correo Argentino,TRK-Q1LA0GJTTT
9000011561,1000011561,472.0,475.0,272,1,,3134,SHIPPED,Correo Argentino,TRK-3C9O46J6FM
9000011562,1000011562,,,1027,1,,3039,CANCELLED,Correo Argentino,
9000011563,1000011563,402.0,406.0,485,1,,2431,SHIPPED,Correo Argentino,TRK-B1BNPRBTTE
9000011564,1000011564,230.0,231.0,447,2,2.0,2,DELIVERED,PICKUP,
9000011565,1000011565,,,1088,2,2.0,2,CANCELLED,PICKUP,
9000011566,1000011566,622.0,624.0,1092,1,,2240,SHIPPED,Correo Argentino,TRK-4CQILS8ULH
9000011567,1000011567,583.0,587.0,819,1,,3062,DELIVERED,Correo Argentino,TRK-KC63MWAQD1
9000011568,1000011568,331.0,332.0,1449,2,4.0,4,DELIVERED,PICKUP,
9000011569,1000011569,58.0,62.0,806,1,,1965,DELIVERED,Correo Argentino,TRK-B5OLB3W32Q
9000011570,1000011570,4.0,5.0,1478,2,2.0,2,SHIPPED,PICKUP,
9000011571,1000011571,540.0,541.0,527,2,4.0,4,DELIVERED,PICKUP,
9000011572,1000011572,,,1497,2,3.0,3,CANCELLED,PICKUP,
9000011573,1000011573,444.0,445.0,36,2,2.0,2,DELIVERED,PICKUP,
9000011574,1000011574,313.0,315.0,169,1,,233,DELIVERED,Correo Argentino,TRK-HW7257WFAR
9000011575,1000011575,380.0,386.0,915,1,,512,DELIVERED,Correo Argentino,TRK-1G567YBQSA
9000011576,1000011576,,,1166,1,,1694,CANCELLED,Correo Argentino,
9000011577,1000011577,432.0,433.0,626,2,4.0,4,DELIVERED,PICKUP,
9000011578,1000011578,215.0,216.0,1250,2,2.0,2,DELIVERED,PICKUP,
9000011579,1000011579,560.0,563.0,44,1,,1310,DELIVERED,Correo Argentino,TRK-JN1TMXB8N8
9000011580,1000011580,221.0,224.0,112,1,,2029,DELIVERED,Correo Argentino,TRK-H8782FDXCC
9000011581,1000011581,356.0,358.0,141,1,,517,SHIPPED,Correo Argentino,TRK-W2BS4WWB5K
9000011582,1000011582,375.0,376.0,330,2,2.0,2,DELIVERED,PICKUP,
9000011583,1000011583,468.0,472.0,1384,1,,2344,SHIPPED,Correo Argentino,TRK-Q3TQV1GZ4I
9000011584,1000011584,258.0,262.0,1086,1,,1611,DELIVERED,Correo Argentino,TRK-J536JJG2XL
9000011585,1000011585,508.0,510.0,581,1,,1961,DELIVERED,Correo Argentino,TRK-IJF7VCDKPZ
9000011586,1000011586,400.0,405.0,1033,1,,1684,DELIVERED,Correo Argentino,TRK-95WVCD9SC5
9000011587,1000011587,211.0,213.0,1384,1,,2673,DELIVERED,Correo Argentino,TRK-XZSBIVUJIU
9000011588,1000011588,128.0,129.0,910,2,4.0,4,DELIVERED,PICKUP,
9000011589,1000011589,175.0,181.0,548,1,,2008,SHIPPED,Correo Argentino,TRK-23UJ4KX2OE
9000011590,1000011590,576.0,577.0,57,2,2.0,2,DELIVERED,PICKUP,
9000011591,1000011591,35.0,38.0,483,1,,464,DELIVERED,Correo Argentino,TRK-XTPWSI4QFX
9000011592,1000011592,549.0,552.0,1267,1,,2594,DELIVERED,Correo Argentino,TRK-5US89MTBYA
9000011593,1000011593,571.0,575.0,1214,1,,2896,DELIVERED,Correo Argentino,TRK-LPM636JVN9
9000011594,1000011594,571.0,573.0,508,1,,2215,DELIVERED,Correo Argentino,TRK-0YB4101NXO
9000011595,1000011595,98.0,99.0,151,2,2.0,2,SHIPPED,PICKUP,
9000011596,1000011596,401.0,402.0,1110,2,3.0,3,DELIVERED,PICKUP,
9000011597,1000011597,307.0,308.0,915,2,1.0,1,READY,PICKUP,
9000011598,1000011598,56.0,60.0,1422,1,,1714,DELIVERED,Correo Argentino,TRK-XOAC0IHSX6
9000011599,1000011599,453.0,458.0,959,1,,2492,DELIVERED,Correo Argentino,TRK-XUMTFAZSXE
9000011600,1000011600,23.0,28.0,1184,1,,736,SHIPPED,Correo Argentino,TRK-LWKX6N3370
9000011601,1000011601,247.0,248.0,1204,2,4.0,4,DELIVERED,PICKUP,
9000011602,1000011602,549.0,554.0,1296,1,,2436,DELIVERED,Correo Argentino,TRK-5KIRANP8MX
9000011603,1000011603,637.0,642.0,160,1,,1833,DELIVERED,Correo Argentino,TRK-HYBREY2IKN
9000011604,1000011604,340.0,346.0,795,1,,2235,DELIVERED,Correo Argentino,TRK-75WAS3FRBX
9000011605,1000011605,11.0,12.0,366,2,3.0,3,SHIPPED,PICKUP,
9000011606,1000011606,555.0,559.0,707,1,,3083,DELIVERED,Correo Argentino,TRK-QXZRYH3MDX
9000011607,1000011607,561.0,562.0,326,2,3.0,3,DELIVERED,PICKUP,
9000011608,1000011608,146.0,152.0,976,1,,1658,DELIVERED,Correo Argentino,TRK-DLY1VVCGBW
9000011609,1000011609,31.0,35.0,1276,1,,246,DELIVERED,Correo Argentino,TRK-WMUGG100KX
9000011610,1000011610,139.0,145.0,172,1,,1749,DELIVERED,Correo Argentino,TRK-4A490KVJQG
9000011611,1000011611,630.0,631.0,928,2,1.0,1,DELIVERED,PICKUP,
9000011612,1000011612,14.0,16.0,334,1,,1297,DELIVERED,Correo Argentino,TRK-QYYEQFBIOU
9000011613,1000011613,442.0,448.0,1095,1,,236,DELIVERED,Correo Argentino,TRK-E9YRT3DT77
9000011614,1000011614,,,923,2,2.0,2,CANCELLED,PICKUP,
9000011615,1000011615,406.0,407.0,1141,2,2.0,2,DELIVERED,PICKUP,
9000011616,1000011616,,,318,2,2.0,2,CANCELLED,PICKUP,
9000011617,1000011617,171.0,175.0,148,1,,438,SHIPPED,Correo Argentino,TRK-7ZUO7FEQUB
9000011618,1000011618,622.0,629.0,592,1,,2363,SHIPPED,Correo Argentino,TRK-1U8APRTM4K
9000011619,1000011619,552.0,553.0,944,2,3.0,3,DELIVERED,PICKUP,
9000011620,1000011620,123.0,124.0,435,2,1.0,1,DELIVERED,PICKUP,
9000011621,1000011621,191.0,192.0,319,2,4.0,4,READY,PICKUP,
9000011622,1000011622,590.0,592.0,1121,1,,2135,DELIVERED,Correo Argentino,TRK-JH7NP2BHVJ
9000011623,1000011623,73.0,75.0,536,1,,2990,DELIVERED,Correo Argentino,TRK-KBENLAL7OI
9000011624,1000011624,12.0,19.0,770,1,,2796,DELIVERED,Correo Argentino,TRK-GPBNIZ0TUO
9000011625,1000011625,276.0,277.0,325,2,1.0,1,DELIVERED,PICKUP,
9000011626,1000011626,266.0,268.0,1496,1,,2081,DELIVERED,Correo Argentino,TRK-1AV3N2FT34
9000011627,1000011627,295.0,297.0,1127,1,,270,DELIVERED,Correo Argentino,TRK-XU9UWP04XJ
9000011628,1000011628,64.0,68.0,356,1,,470,DELIVERED,Correo Argentino,TRK-P2H3CIQYY1
9000011629,1000011629,559.0,560.0,1429,2,3.0,3,DELIVERED,PICKUP,
9000011630,1000011630,171.0,173.0,158,1,,1453,DELIVERED,Correo Argentino,TRK-BW2OV5SH4Q
9000011631,1000011631,534.0,536.0,984,1,,1234,DELIVERED,Correo Argentino,TRK-7IX9DDCBGH
9000011632,1000011632,381.0,382.0,330,2,2.0,2,SHIPPED,PICKUP,
9000011633,1000011633,419.0,420.0,67,2,1.0,1,SHIPPED,PICKUP,
9000011634,1000011634,284.0,288.0,808,1,,3019,DELIVERED,Correo Argentino,TRK-LL8NAMJO6A
9000011635,1000011635,,,58,2,1.0,1,CANCELLED,PICKUP,
9000011636,1000011636,,,95,1,,990,CANCELLED,Correo Argentino,
9000011637,1000011637,6.0,10.0,1234,1,,1427,DELIVERED,Correo Argentino,TRK-3RJWCIMBBX
9000011638,1000011638,278.0,280.0,1161,1,,1097,SHIPPED,Correo Argentino,TRK-AJKX57QP13
9000011639,1000011639,598.0,599.0,1061,2,2.0,2,DELIVERED,PICKUP,
9000011640,1000011640,28.0,29.0,993,2,4.0,4,DELIVERED,PICKUP,
9000011641,1000011641,74.0,75.0,1470,2,4.0,4,SHIPPED,PICKUP,
9000011642,1000011642,632.0,637.0,848,1,,469,DELIVERED,Correo Argentino,TRK-VVMYBXBTJ0
9000011643,1000011643,,,804,1,,778,CANCELLED,Correo Argentino,
9000011644,1000011644,289.0,290.0,980,2,4.0,4,DELIVERED,PICKUP,
9000011645,1000011645,424.0,427.0,1032,1,,1468,DELIVERED,Correo Argentino,TRK-N5SFB0D21D
9000011646,1000011646,161.0,162.0,160,2,3.0,3,DELIVERED,PICKUP,
9000011647,1000011647,343.0,348.0,327,1,,2542,DELIVERED,Correo Argentino,TRK-EGOY3I8LT6
9000011648,1000011648,47.0,51.0,1002,1,,1251,DELIVERED,Correo Argentino,TRK-2550D06FHU
9000011649,1000011649,557.0,560.0,1198,1,,26,DELIVERED,Correo Argentino,TRK-FSG1QSDVK6
9000011650,1000011650,483.0,490.0,221,1,,1339,DELIVERED,Correo Argentino,TRK-9TDNDNI4KD
9000011651,1000011651,260.0,264.0,1373,1,,1071,SHIPPED,Correo Argentino,TRK-C3C0HDNA2M
9000011652,1000011652,158.0,161.0,952,1,,2988,READY,Correo Argentino,TRK-NWT4JXM3DX
9000011653,1000011653,28.0,31.0,237,1,,2372,DELIVERED,Correo Argentino,TRK-XZZ6TPY4S4
9000011654,1000011654,46.0,47.0,744,2,4.0,4,SHIPPED,PICKUP,
9000011655,1000011655,572.0,575.0,311,1,,2144,DELIVERED,Correo Argentino,TRK-6OPZ16GEDW
9000011656,1000011656,529.0,532.0,214,1,,2916,DELIVERED,Correo Argentino,TRK-D7FKQFWQYE
9000011657,1000011657,106.0,111.0,137,1,,291,DELIVERED,Correo Argentino,TRK-LQIP60GX78
9000011658,1000011658,4.0,6.0,437,1,,1886,SHIPPED,Correo Argentino,TRK-7IQKOYCYKS
9000011659,1000011659,171.0,172.0,362,2,4.0,4,DELIVERED,PICKUP,
9000011660,1000011660,226.0,229.0,604,1,,744,DELIVERED,Correo Argentino,TRK-EOSOZZJMOT
9000011661,1000011661,198.0,200.0,1165,1,,1500,DELIVERED,Correo Argentino,TRK-U1H60BEKKX
9000011662,1000011662,174.0,175.0,856,2,2.0,2,DELIVERED,PICKUP,
9000011663,1000011663,449.0,450.0,256,2,4.0,4,SHIPPED,PICKUP,
9000011664,1000011664,109.0,113.0,493,1,,2937,DELIVERED,Correo Argentino,TRK-2MKWGPUERB
9000011665,1000011665,218.0,219.0,121,2,3.0,3,SHIPPED,PICKUP,
9000011666,1000011666,234.0,240.0,86,1,,2918,DELIVERED,Correo Argentino,TRK-K70OD0UUGD
9000011667,1000011667,470.0,473.0,236,1,,1220,DELIVERED,Correo Argentino,TRK-33S6VN2UHT
9000011668,1000011668,,,1035,1,,93,CANCELLED,Correo Argentino,
9000011669,1000011669,285.0,287.0,1397,1,,2037,SHIPPED,Correo Argentino,TRK-564PHUH8PT
9000011670,1000011670,24.0,29.0,7,1,,1017,DELIVERED,Correo Argentino,TRK-IOCCTNFJ60
9000011671,1000011671,153.0,154.0,1258,2,1.0,1,DELIVERED,PICKUP,
9000011672,1000011672,155.0,156.0,1430,2,3.0,3,DELIVERED,PICKUP,
9000011673,1000011673,334.0,338.0,970,1,,1199,DELIVERED,Correo Argentino,TRK-NALB41TNRG
9000011674,1000011674,569.0,570.0,134,2,3.0,3,DELIVERED,PICKUP,
9000011675,1000011675,493.0,494.0,1245,2,4.0,4,DELIVERED,PICKUP,
9000011676,1000011676,577.0,578.0,646,2,2.0,2,DELIVERED,PICKUP,
9000011677,1000011677,355.0,356.0,1285,2,1.0,1,SHIPPED,PICKUP,
9000011678,1000011678,37.0,40.0,1124,1,,429,DELIVERED,Correo Argentino,TRK-VWGGA0R4UZ
9000011679,1000011679,159.0,164.0,854,1,,3186,DELIVERED,Correo Argentino,TRK-SHGYCVDR28
9000011680,1000011680,466.0,467.0,223,2,3.0,3,DELIVERED,PICKUP,
9000011681,1000011681,112.0,116.0,460,1,,2449,DELIVERED,Correo Argentino,TRK-TPU724JWJ9
9000011682,1000011682,530.0,531.0,1122,2,2.0,2,SHIPPED,PICKUP,
9000011683,1000011683,605.0,606.0,1201,2,3.0,3,DELIVERED,PICKUP,
9000011684,1000011684,483.0,487.0,1425,1,,2578,DELIVERED,Correo Argentino,TRK-9B8UGHHKPY
9000011685,1000011685,4.0,5.0,1129,2,3.0,3,DELIVERED,PICKUP,
9000011686,1000011686,620.0,622.0,889,1,,2047,DELIVERED,Correo Argentino,TRK-Y1ZLJ2A5GB
9000011687,1000011687,41.0,45.0,1400,1,,318,SHIPPED,Correo Argentino,TRK-JLK5CJVNPT
9000011688,1000011688,184.0,186.0,719,1,,2765,DELIVERED,Correo Argentino,TRK-9KQQYMM399
9000011689,1000011689,16.0,17.0,598,2,4.0,4,DELIVERED,PICKUP,
9000011690,1000011690,310.0,313.0,575,1,,2517,DELIVERED,Correo Argentino,TRK-96X17LYJFS
9000011691,1000011691,610.0,611.0,1429,2,4.0,4,DELIVERED,PICKUP,
9000011692,1000011692,616.0,618.0,693,1,,2320,DELIVERED,Correo Argentino,TRK-E2HR2F5CU4
9000011693,1000011693,429.0,433.0,151,1,,2396,READY,Correo Argentino,TRK-6T54B5NBWW
9000011694,1000011694,601.0,605.0,800,1,,184,DELIVERED,Correo Argentino,TRK-YLOCFAWKWQ
9000011695,1000011695,528.0,532.0,61,1,,1524,DELIVERED,Correo Argentino,TRK-YRMUKURER7
9000011696,1000011696,168.0,171.0,428,1,,3126,DELIVERED,Correo Argentino,TRK-CASJIWO2PQ
9000011697,1000011697,162.0,165.0,921,1,,1083,DELIVERED,Correo Argentino,TRK-UKQXJOOQ3Z
9000011698,1000011698,290.0,295.0,1244,1,,1118,DELIVERED,Correo Argentino,TRK-02DCAHMQVU
9000011699,1000011699,409.0,411.0,1434,1,,1390,DELIVERED,Correo Argentino,TRK-9XZUCTG4D8
9000011700,1000011700,222.0,228.0,1327,1,,2359,DELIVERED,Correo Argentino,TRK-HMCJF30S6L
9000011701,1000011701,246.0,249.0,912,1,,1891,DELIVERED,Correo Argentino,TRK-Q6SZQ1G6X8
9000011702,1000011702,282.0,288.0,723,1,,878,DELIVERED,Correo Argentino,TRK-MBCNXC8NYT
9000011703,1000011703,141.0,142.0,1435,2,2.0,2,SHIPPED,PICKUP,
9000011704,1000011704,254.0,255.0,691,2,1.0,1,DELIVERED,PICKUP,
9000011705,1000011705,86.0,87.0,369,2,3.0,3,SHIPPED,PICKUP,
9000011706,1000011706,316.0,320.0,1028,1,,1640,DELIVERED,Correo Argentino,TRK-DEDZWL3Q92
9000011707,1000011707,23.0,26.0,1001,1,,2034,SHIPPED,Correo Argentino,TRK-9QLU4DBO4A
9000011708,1000011708,228.0,229.0,1040,2,2.0,2,DELIVERED,PICKUP,
9000011709,1000011709,266.0,270.0,1067,1,,1280,SHIPPED,Correo Argentino,TRK-YUZ9JMRI2V
9000011710,1000011710,103.0,105.0,311,1,,1391,DELIVERED,Correo Argentino,TRK-3W1YNAKQ8V
9000011711,1000011711,409.0,413.0,627,1,,1910,DELIVERED,Correo Argentino,TRK-QNQN2AW07X
9000011712,1000011712,571.0,572.0,639,2,4.0,4,DELIVERED,PICKUP,
9000011713,1000011713,627.0,628.0,655,2,3.0,3,READY,PICKUP,
9000011714,1000011714,176.0,182.0,1252,1,,314,DELIVERED,Correo Argentino,TRK-CFVNIYOELB
9000011715,1000011715,404.0,405.0,314,2,3.0,3,DELIVERED,PICKUP,
9000011716,1000011716,107.0,111.0,1180,1,,2088,DELIVERED,Correo Argentino,TRK-2H07S78FCC
9000011717,1000011717,,,365,2,1.0,1,CANCELLED,PICKUP,
9000011718,1000011718,372.0,373.0,1310,2,4.0,4,DELIVERED,PICKUP,
9000011719,1000011719,609.0,612.0,367,1,,2458,SHIPPED,Correo Argentino,TRK-O7U40FIQJW
9000011720,1000011720,471.0,473.0,1252,1,,1709,DELIVERED,Correo Argentino,TRK-5WLC7FUN53
9000011721,1000011721,42.0,47.0,607,1,,154,DELIVERED,Correo Argentino,TRK-5B3BHV10D6
9000011722,1000011722,,,1122,1,,343,CANCELLED,Correo Argentino,
9000011723,1000011723,35.0,36.0,842,2,2.0,2,SHIPPED,PICKUP,
9000011724,1000011724,512.0,514.0,1461,1,,1621,DELIVERED,Correo Argentino,TRK-Q3H2GCGFUS
9000011725,1000011725,64.0,69.0,208,1,,522,DELIVERED,Correo Argentino,TRK-M2MPSF20MV
9000011726,1000011726,163.0,164.0,1268,2,3.0,3,DELIVERED,PICKUP,
9000011727,1000011727,128.0,129.0,234,2,3.0,3,DELIVERED,PICKUP,
9000011728,1000011728,231.0,233.0,427,1,,918,DELIVERED,Correo Argentino,TRK-8LESWPI9XY
9000011729,1000011729,345.0,348.0,964,1,,600,SHIPPED,Correo Argentino,TRK-MS8WMBSXKR
9000011730,1000011730,274.0,277.0,802,1,,3119,DELIVERED,Correo Argentino,TRK-RJJSR32NDA
9000011731,1000011731,282.0,287.0,38,1,,2528,READY,Correo Argentino,TRK-FTNIZBPNKL
9000011732,1000011732,343.0,344.0,204,2,3.0,3,DELIVERED,PICKUP,
9000011733,1000011733,355.0,362.0,524,1,,2393,SHIPPED,Correo Argentino,TRK-OZL6EO2J0H
9000011734,1000011734,420.0,425.0,31,1,,2249,DELIVERED,Correo Argentino,TRK-GZZS2G8EFM
9000011735,1000011735,271.0,272.0,834,2,1.0,1,DELIVERED,PICKUP,
9000011736,1000011736,351.0,355.0,994,1,,1364,DELIVERED,Correo Argentino,TRK-4YN2UPCXFZ
9000011737,1000011737,314.0,315.0,439,2,4.0,4,DELIVERED,PICKUP,
9000011738,1000011738,180.0,181.0,1279,2,1.0,1,DELIVERED,PICKUP,
9000011739,1000011739,263.0,268.0,1268,1,,1263,DELIVERED,Correo Argentino,TRK-M7GG64TT2A
9000011740,1000011740,77.0,81.0,775,1,,1835,DELIVERED,Correo Argentino,TRK-UQQDTU6SGE
9000011741,1000011741,144.0,145.0,172,2,4.0,4,DELIVERED,PICKUP,
9000011742,1000011742,437.0,438.0,834,2,2.0,2,DELIVERED,PICKUP,
9000011743,1000011743,203.0,204.0,1094,2,4.0,4,DELIVERED,PICKUP,
9000011744,1000011744,393.0,397.0,1091,1,,906,DELIVERED,Correo Argentino,TRK-AH2X3T2PJ9
9000011745,1000011745,91.0,92.0,1086,2,4.0,4,DELIVERED,PICKUP,
9000011746,1000011746,68.0,73.0,1352,1,,720,DELIVERED,Correo Argentino,TRK-JQCYEZTFWG
9000011747,1000011747,171.0,175.0,554,1,,1502,DELIVERED,Correo Argentino,TRK-NCEZOPSRUJ
9000011748,1000011748,207.0,209.0,1424,1,,2426,DELIVERED,Correo Argentino,TRK-4EK5ISDSAV
9000011749,1000011749,138.0,143.0,304,1,,2337,SHIPPED,Correo Argentino,TRK-3ZNIAN9AQY
9000011750,1000011750,348.0,350.0,1071,1,,691,DELIVERED,Correo Argentino,TRK-8TQBW4X54E
9000011751,1000011751,634.0,639.0,1092,1,,589,DELIVERED,Correo Argentino,TRK-ZNNEWB09U7
9000011752,1000011752,223.0,227.0,153,1,,2763,DELIVERED,Correo Argentino,TRK-3H3N25T09K
9000011753,1000011753,579.0,583.0,1231,1,,502,READY,Correo Argentino,TRK-6YZDAYL7KB
9000011754,1000011754,590.0,595.0,540,1,,1575,DELIVERED,Correo Argentino,TRK-JYXA1A0U35
9000011755,1000011755,279.0,284.0,654,1,,3197,SHIPPED,Correo Argentino,TRK-REL633EUFH
9000011756,1000011756,328.0,329.0,774,2,4.0,4,DELIVERED,PICKUP,
9000011757,1000011757,75.0,78.0,302,1,,2654,DELIVERED,Correo Argentino,TRK-2YI38HV41L
9000011758,1000011758,568.0,570.0,1071,1,,84,DELIVERED,Correo Argentino,TRK-FP74A9PNMH
9000011759,1000011759,215.0,218.0,6,1,,980,DELIVERED,Correo Argentino,TRK-7PUKBMDRSJ
9000011760,1000011760,211.0,215.0,1443,1,,2499,DELIVERED,Correo Argentino,TRK-PNHYF3CB90
9000011761,1000011761,233.0,234.0,49,2,1.0,1,DELIVERED,PICKUP,
9000011762,1000011762,288.0,291.0,1039,1,,263,DELIVERED,Correo Argentino,TRK-9NF8RPEYP6
9000011763,1000011763,104.0,109.0,1090,1,,870,DELIVERED,Correo Argentino,TRK-A398PMRRFX
9000011764,1000011764,454.0,461.0,353,1,,1154,DELIVERED,Correo Argentino,TRK-5IIETCW67K
9000011765,1000011765,159.0,160.0,1295,2,2.0,2,DELIVERED,PICKUP,
9000011766,1000011766,564.0,565.0,239,2,1.0,1,DELIVERED,PICKUP,
9000011767,1000011767,316.0,317.0,269,2,1.0,1,DELIVERED,PICKUP,
9000011768,1000011768,257.0,261.0,872,1,,1508,SHIPPED,Correo Argentino,TRK-U1P3T2Q7UA
9000011769,1000011769,24.0,25.0,522,2,1.0,1,DELIVERED,PICKUP,
9000011770,1000011770,344.0,345.0,127,2,1.0,1,SHIPPED,PICKUP,
9000011771,1000011771,163.0,164.0,1315,2,2.0,2,DELIVERED,PICKUP,
9000011772,1000011772,,,788,2,1.0,1,CANCELLED,PICKUP,
9000011773,1000011773,490.0,494.0,838,1,,730,DELIVERED,Correo Argentino,TRK-908QL7GUX3
9000011774,1000011774,396.0,397.0,92,2,1.0,1,DELIVERED,PICKUP,
9000011775,1000011775,273.0,274.0,556,2,2.0,2,DELIVERED,PICKUP,
9000011776,1000011776,252.0,256.0,1316,1,,1721,DELIVERED,Correo Argentino,TRK-6DI8C8LW0S
9000011777,1000011777,117.0,121.0,524,1,,561,DELIVERED,Correo Argentino,TRK-S51CMVEKY5
9000011778,1000011778,370.0,373.0,389,1,,1892,DELIVERED,Correo Argentino,TRK-YKUPJ2SJY4
9000011779,1000011779,330.0,336.0,419,1,,2482,DELIVERED,Correo Argentino,TRK-VS1B6CCZZ6
9000011780,1000011780,4.0,7.0,1323,1,,1511,DELIVERED,Correo Argentino,TRK-X7HAAVFD61
9000011781,1000011781,271.0,273.0,274,1,,1691,DELIVERED,Correo Argentino,TRK-GFONIX6V2V
9000011782,1000011782,5.0,9.0,124,1,,1416,DELIVERED,Correo Argentino,TRK-CX4OZTXYNG
9000011783,1000011783,10.0,12.0,918,1,,2049,DELIVERED,Correo Argentino,TRK-MSI9WY540M
9000011784,1000011784,498.0,503.0,638,1,,1314,DELIVERED,Correo Argentino,TRK-B3WWWGNCOH
9000011785,1000011785,407.0,411.0,896,1,,2728,DELIVERED,Correo Argentino,TRK-81ZAH1E1U9
9000011786,1000011786,247.0,252.0,1035,1,,627,DELIVERED,Correo Argentino,TRK-M0EBBWICQU
9000011787,1000011787,623.0,624.0,99,2,1.0,1,DELIVERED,PICKUP,
9000011788,1000011788,286.0,287.0,227,2,3.0,3,DELIVERED,PICKUP,
9000011789,1000011789,154.0,156.0,4,1,,2835,DELIVERED,Correo Argentino,TRK-JJ9C2C9HOE
9000011790,1000011790,564.0,567.0,405,1,,1909,SHIPPED,Correo Argentino,TRK-YOOZ8W56HL
9000011791,1000011791,493.0,499.0,661,1,,1778,DELIVERED,Correo Argentino,TRK-53LS66GGB0
9000011792,1000011792,441.0,443.0,144,1,,1558,SHIPPED,Correo Argentino,TRK-Y4KD0E3S83
9000011793,1000011793,586.0,587.0,1053,2,1.0,1,DELIVERED,PICKUP,
9000011794,1000011794,284.0,285.0,415,2,3.0,3,SHIPPED,PICKUP,
9000011795,1000011795,372.0,373.0,960,2,1.0,1,DELIVERED,PICKUP,
9000011796,1000011796,61.0,62.0,67,2,4.0,4,DELIVERED,PICKUP,
9000011797,1000011797,126.0,129.0,267,1,,2249,DELIVERED,Correo Argentino,TRK-5COF4SHNJU
9000011798,1000011798,25.0,26.0,666,2,1.0,1,DELIVERED,PICKUP,
9000011799,1000011799,356.0,357.0,360,2,4.0,4,DELIVERED,PICKUP,
9000011800,1000011800,522.0,523.0,393,2,3.0,3,DELIVERED,PICKUP,
9000011801,1000011801,552.0,554.0,786,1,,1384,SHIPPED,Correo Argentino,TRK-UYHPU5T16Q
9000011802,1000011802,117.0,118.0,22,2,4.0,4,DELIVERED,PICKUP,
9000011803,1000011803,509.0,510.0,1297,2,1.0,1,DELIVERED,PICKUP,
9000011804,1000011804,18.0,22.0,29,1,,971,DELIVERED,Correo Argentino,TRK-AT1NQWJHPO
9000011805,1000011805,106.0,107.0,1112,2,1.0,1,DELIVERED,PICKUP,
9000011806,1000011806,169.0,170.0,990,2,2.0,2,DELIVERED,PICKUP,
9000011807,1000011807,173.0,175.0,42,1,,1827,SHIPPED,Correo Argentino,TRK-JQ2DSOCWNA
9000011808,1000011808,516.0,521.0,1413,1,,2895,DELIVERED,Correo Argentino,TRK-NQZ28ZOFMK
9000011809,1000011809,248.0,251.0,1186,1,,1385,DELIVERED,Correo Argentino,TRK-NH2NH1RJID
9000011810,1000011810,621.0,624.0,1396,1,,1030,DELIVERED,Correo Argentino,TRK-RRAHW9FX4C
9000011811,1000011811,217.0,221.0,1147,1,,245,READY,Correo Argentino,TRK-L448BEURU0
9000011812,1000011812,404.0,409.0,323,1,,737,DELIVERED,Correo Argentino,TRK-Y7U5OGIXYO
9000011813,1000011813,639.0,640.0,176,2,1.0,1,DELIVERED,PICKUP,
9000011814,1000011814,234.0,235.0,543,2,4.0,4,DELIVERED,PICKUP,
9000011815,1000011815,11.0,15.0,1156,1,,1870,DELIVERED,Correo Argentino,TRK-URMGPZ69J5
9000011816,1000011816,74.0,75.0,708,2,4.0,4,DELIVERED,PICKUP,
9000011817,1000011817,328.0,333.0,757,1,,642,SHIPPED,Correo Argentino,TRK-JRAI37PROC
9000011818,1000011818,493.0,496.0,136,1,,376,DELIVERED,Correo Argentino,TRK-KAJW7VNY5B
9000011819,1000011819,92.0,94.0,287,1,,2737,DELIVERED,Correo Argentino,TRK-9EMYZ0H3V1
9000011820,1000011820,,,945,2,2.0,2,CANCELLED,PICKUP,
9000011821,1000011821,290.0,295.0,973,1,,147,DELIVERED,Correo Argentino,TRK-D8CEYN6CKE
9000011822,1000011822,257.0,261.0,768,1,,2541,DELIVERED,Correo Argentino,TRK-XWD3OECWKW
9000011823,1000011823,414.0,416.0,539,1,,1312,DELIVERED,Correo Argentino,TRK-JUDVY5HSGG
9000011824,1000011824,172.0,173.0,627,2,2.0,2,DELIVERED,PICKUP,
9000011825,1000011825,,,1455,1,,594,CANCELLED,Correo Argentino,
9000011826,1000011826,546.0,547.0,1130,2,4.0,4,DELIVERED,PICKUP,
9000011827,1000011827,,,1465,1,,1287,CANCELLED,Correo Argentino,
9000011828,1000011828,71.0,76.0,666,1,,1731,DELIVERED,Correo Argentino,TRK-8KB15NC7I9
9000011829,1000011829,188.0,191.0,820,1,,1121,SHIPPED,Correo Argentino,TRK-9KO6VZ01HY
9000011830,1000011830,527.0,529.0,932,1,,2092,DELIVERED,Correo Argentino,TRK-M2N2VQ7RNS
9000011831,1000011831,583.0,587.0,753,1,,1777,DELIVERED,Correo Argentino,TRK-4O0HDS99WX
9000011832,1000011832,250.0,255.0,459,1,,2881,SHIPPED,Correo Argentino,TRK-5VAJARGJXX
9000011833,1000011833,324.0,326.0,1467,1,,101,DELIVERED,Correo Argentino,TRK-M9SG4KTQ0K
9000011834,1000011834,106.0,107.0,1096,2,2.0,2,DELIVERED,PICKUP,
9000011835,1000011835,,,1486,2,3.0,3,CANCELLED,PICKUP,
9000011836,1000011836,59.0,64.0,113,1,,1880,DELIVERED,Correo Argentino,TRK-ZRES6P2Y24
9000011837,1000011837,526.0,527.0,3,2,2.0,2,DELIVERED,PICKUP,
9000011838,1000011838,399.0,400.0,850,2,4.0,4,DELIVERED,PICKUP,
9000011839,1000011839,337.0,338.0,1304,2,1.0,1,DELIVERED,PICKUP,
9000011840,1000011840,587.0,588.0,220,2,2.0,2,DELIVERED,PICKUP,
9000011841,1000011841,97.0,99.0,784,1,,294,READY,Correo Argentino,TRK-5XK28RNOXL
9000011842,1000011842,591.0,593.0,227,1,,1036,SHIPPED,Correo Argentino,TRK-VUKWWSFOOC
9000011843,1000011843,472.0,475.0,837,1,,2058,DELIVERED,Correo Argentino,TRK-F81UIPJD9U
9000011844,1000011844,87.0,90.0,994,1,,3073,DELIVERED,Correo Argentino,TRK-PY091LYUOP
9000011845,1000011845,346.0,347.0,934,2,4.0,4,DELIVERED,PICKUP,
9000011846,1000011846,437.0,440.0,587,1,,2811,DELIVERED,Correo Argentino,TRK-XWLUUZZ8AC
9000011847,1000011847,612.0,613.0,954,2,3.0,3,DELIVERED,PICKUP,
9000011848,1000011848,242.0,244.0,1169,1,,686,DELIVERED,Correo Argentino,TRK-JS1Q5DVJEI
9000011849,1000011849,66.0,71.0,303,1,,1889,SHIPPED,Correo Argentino,TRK-8L1NUEWZ2X
9000011850,1000011850,315.0,319.0,783,1,,2717,DELIVERED,Correo Argentino,TRK-I3C98OG2WL
9000011851,1000011851,40.0,42.0,949,1,,1851,DELIVERED,Correo Argentino,TRK-JEAWR8G2LW
9000011852,1000011852,581.0,586.0,1377,1,,1645,DELIVERED,Correo Argentino,TRK-OAWQFU77E0
9000011853,1000011853,357.0,362.0,871,1,,372,DELIVERED,Correo Argentino,TRK-SLF0Y42B3T
9000011854,1000011854,153.0,154.0,628,2,4.0,4,SHIPPED,PICKUP,
9000011855,1000011855,62.0,63.0,352,2,1.0,1,DELIVERED,PICKUP,
9000011856,1000011856,190.0,191.0,357,2,3.0,3,DELIVERED,PICKUP,
9000011857,1000011857,394.0,397.0,185,1,,1366,DELIVERED,Correo Argentino,TRK-RGPK5LHAD8
9000011858,1000011858,178.0,179.0,51,2,2.0,2,DELIVERED,PICKUP,
9000011859,1000011859,87.0,91.0,848,1,,1513,DELIVERED,Correo Argentino,TRK-OQ97DPJZEV
9000011860,1000011860,93.0,94.0,875,2,1.0,1,DELIVERED,PICKUP,
9000011861,1000011861,188.0,189.0,247,2,3.0,3,DELIVERED,PICKUP,
9000011862,1000011862,375.0,380.0,813,1,,1775,SHIPPED,Correo Argentino,TRK-CLC3JA8C9U
9000011863,1000011863,434.0,438.0,1484,1,,1434,DELIVERED,Correo Argentino,TRK-HLDDRCX2CS
9000011864,1000011864,19.0,21.0,383,1,,2707,DELIVERED,Correo Argentino,TRK-KE05EB4OJO
9000011865,1000011865,336.0,341.0,630,1,,305,DELIVERED,Correo Argentino,TRK-K7C5LJNN67
9000011866,1000011866,,,1168,1,,690,CANCELLED,Correo Argentino,
9000011867,1000011867,414.0,415.0,3,2,4.0,4,DELIVERED,PICKUP,
9000011868,1000011868,513.0,518.0,441,1,,1305,DELIVERED,Correo Argentino,TRK-B45Y7Y73NK
9000011869,1000011869,6.0,10.0,1091,1,,1403,SHIPPED,Correo Argentino,TRK-8ORBPHALCE
9000011870,1000011870,608.0,609.0,412,2,2.0,2,SHIPPED,PICKUP,
9000011871,1000011871,614.0,617.0,574,1,,1436,DELIVERED,Correo Argentino,TRK-APD06ZACP2
9000011872,1000011872,514.0,517.0,243,1,,2683,DELIVERED,Correo Argentino,TRK-IR124D9ZVQ
9000011873,1000011873,607.0,608.0,95,2,1.0,1,DELIVERED,PICKUP,
9000011874,1000011874,450.0,454.0,545,1,,2273,SHIPPED,Correo Argentino,TRK-RJ8TLLQ9H7
9000011875,1000011875,488.0,489.0,940,2,2.0,2,DELIVERED,PICKUP,
9000011876,1000011876,351.0,352.0,1318,2,3.0,3,SHIPPED,PICKUP,
9000011877,1000011877,111.0,116.0,922,1,,1623,DELIVERED,Correo Argentino,TRK-N4AM45MRKK
9000011878,1000011878,344.0,345.0,649,2,1.0,1,DELIVERED,PICKUP,
9000011879,1000011879,617.0,621.0,283,1,,2451,DELIVERED,Correo Argentino,TRK-ETNRO8VX7P
9000011880,1000011880,508.0,510.0,878,1,,3001,DELIVERED,Correo Argentino,TRK-YKF7J6OYWQ
9000011881,1000011881,144.0,145.0,109,2,2.0,2,DELIVERED,PICKUP,
9000011882,1000011882,51.0,56.0,1490,1,,1502,DELIVERED,Correo Argentino,TRK-X29TEFBXV3
9000011883,1000011883,439.0,440.0,673,2,1.0,1,DELIVERED,PICKUP,
9000011884,1000011884,126.0,127.0,570,2,1.0,1,DELIVERED,PICKUP,
9000011885,1000011885,410.0,415.0,366,1,,1228,DELIVERED,Correo Argentino,TRK-0F1CT8K9HR
9000011886,1000011886,192.0,193.0,530,2,2.0,2,DELIVERED,PICKUP,
9000011887,1000011887,188.0,192.0,1336,1,,2602,DELIVERED,Correo Argentino,TRK-78JZ9CALFP
9000011888,1000011888,381.0,385.0,19,1,,2877,SHIPPED,Correo Argentino,TRK-E8ZU9GA155
9000011889,1000011889,618.0,622.0,152,1,,1014,DELIVERED,Correo Argentino,TRK-4TYKGVE1NJ
9000011890,1000011890,515.0,517.0,358,1,,2772,DELIVERED,Correo Argentino,TRK-XFKNPG4OMX
9000011891,1000011891,604.0,605.0,1133,2,4.0,4,DELIVERED,PICKUP,
9000011892,1000011892,426.0,428.0,1079,1,,2836,DELIVERED,Correo Argentino,TRK-H7G5W2H6UE
9000011893,1000011893,92.0,94.0,779,1,,113,SHIPPED,Correo Argentino,TRK-CR505ZU19Z
9000011894,1000011894,579.0,583.0,840,1,,2307,SHIPPED,Correo Argentino,TRK-HAGR6OJA83
9000011895,1000011895,434.0,435.0,971,2,4.0,4,DELIVERED,PICKUP,
9000011896,1000011896,157.0,162.0,137,1,,1159,DELIVERED,Correo Argentino,TRK-Z9RPKDHDZW
9000011897,1000011897,310.0,311.0,1031,2,3.0,3,DELIVERED,PICKUP,
9000011898,1000011898,,,650,1,,2983,CANCELLED,Correo Argentino,
9000011899,1000011899,25.0,30.0,820,1,,517,DELIVERED,Correo Argentino,TRK-VKP0HUE8D0
9000011900,1000011900,363.0,365.0,714,1,,911,DELIVERED,Correo Argentino,TRK-GNW6PPEXS6
9000011901,1000011901,223.0,224.0,682,2,1.0,1,DELIVERED,PICKUP,
9000011902,1000011902,489.0,490.0,478,2,1.0,1,DELIVERED,PICKUP,
9000011903,1000011903,8.0,12.0,808,1,,699,DELIVERED,Correo Argentino,TRK-2WFMTMY4MK
9000011904,1000011904,67.0,72.0,779,1,,3104,DELIVERED,Correo Argentino,TRK-T7XEIW2613
9000011905,1000011905,213.0,216.0,217,1,,913,DELIVERED,Correo Argentino,TRK-WSY4G4HWEW
9000011906,1000011906,583.0,586.0,629,1,,1681,DELIVERED,Correo Argentino,TRK-EB5BCQORLQ
9000011907,1000011907,468.0,475.0,999,1,,2450,DELIVERED,Correo Argentino,TRK-VAYDW0YCMB
9000011908,1000011908,299.0,302.0,660,1,,969,DELIVERED,Correo Argentino,TRK-7SC7PM2D24
9000011909,1000011909,337.0,341.0,1468,1,,3028,DELIVERED,Correo Argentino,TRK-IGLCZM4WVM
9000011910,1000011910,569.0,570.0,1118,2,4.0,4,DELIVERED,PICKUP,
9000011911,1000011911,412.0,416.0,652,1,,1494,DELIVERED,Correo Argentino,TRK-L9AV865DRM
9000011912,1000011912,512.0,517.0,970,1,,284,DELIVERED,Correo Argentino,TRK-CUW79WHLLC
9000011913,1000011913,451.0,456.0,810,1,,2489,DELIVERED,Correo Argentino,TRK-7QF5TUM153
9000011914,1000011914,379.0,383.0,663,1,,664,DELIVERED,Correo Argentino,TRK-AMFNJ1GPJZ
9000011915,1000011915,103.0,105.0,150,1,,2802,DELIVERED,Correo Argentino,TRK-O49TGSYTVI
9000011916,1000011916,140.0,142.0,1347,1,,2898,DELIVERED,Correo Argentino,TRK-GTR3PD75A1
9000011917,1000011917,610.0,614.0,643,1,,1722,DELIVERED,Correo Argentino,TRK-7YTBIFQO3N
9000011918,1000011918,253.0,256.0,645,1,,2610,DELIVERED,Correo Argentino,TRK-1KHDAL46ZB
9000011919,1000011919,474.0,475.0,72,2,4.0,4,DELIVERED,PICKUP,
9000011920,1000011920,272.0,273.0,1412,2,1.0,1,DELIVERED,PICKUP,
9000011921,1000011921,211.0,214.0,1305,1,,2193,SHIPPED,Correo Argentino,TRK-MNCRD7CWEB
9000011922,1000011922,476.0,477.0,413,2,2.0,2,DELIVERED,PICKUP,
9000011923,1000011923,376.0,379.0,473,1,,2113,SHIPPED,Correo Argentino,TRK-YSYFRE8VCU
9000011924,1000011924,66.0,70.0,333,1,,220,DELIVERED,Correo Argentino,TRK-MBT46AOQU0
9000011925,1000011925,431.0,434.0,868,1,,263,SHIPPED,Correo Argentino,TRK-QJEX8N0W05
9000011926,1000011926,83.0,87.0,298,1,,698,DELIVERED,Correo Argentino,TRK-J5KB76Y51V
9000011927,1000011927,51.0,52.0,13,2,1.0,1,DELIVERED,PICKUP,
9000011928,1000011928,352.0,356.0,362,1,,2864,DELIVERED,Correo Argentino,TRK-QGFMCOCK5U
9000011929,1000011929,137.0,141.0,993,1,,3147,SHIPPED,Correo Argentino,TRK-JHPJPP8SSJ
9000011930,1000011930,83.0,84.0,442,2,4.0,4,DELIVERED,PICKUP,
9000011931,1000011931,354.0,360.0,550,1,,2233,READY,Correo Argentino,TRK-NPSM1QH93O
9000011932,1000011932,,,100,1,,1464,CANCELLED,Correo Argentino,
9000011933,1000011933,119.0,122.0,263,1,,2448,DELIVERED,Correo Argentino,TRK-F59XX4DSDN
9000011934,1000011934,564.0,565.0,614,2,4.0,4,DELIVERED,PICKUP,
9000011935,1000011935,144.0,145.0,732,2,3.0,3,SHIPPED,PICKUP,
9000011936,1000011936,282.0,285.0,1125,1,,995,SHIPPED,Correo Argentino,TRK-HZEDOYWTQX
9000011937,1000011937,130.0,133.0,444,1,,343,DELIVERED,Correo Argentino,TRK-ZBS0B756V4
9000011938,1000011938,139.0,140.0,949,2,1.0,1,DELIVERED,PICKUP,
9000011939,1000011939,535.0,539.0,1305,1,,3169,DELIVERED,Correo Argentino,TRK-J4YUOO5LSF
9000011940,1000011940,605.0,609.0,322,1,,1343,READY,Correo Argentino,TRK-YB9VFB535Z
9000011941,1000011941,586.0,591.0,518,1,,1815,DELIVERED,Correo Argentino,TRK-32K9QT3V01
9000011942,1000011942,191.0,195.0,476,1,,1156,SHIPPED,Correo Argentino,TRK-YIVFZ2NOJ8
9000011943,1000011943,323.0,324.0,1344,2,2.0,2,SHIPPED,PICKUP,
9000011944,1000011944,498.0,503.0,248,1,,1314,DELIVERED,Correo Argentino,TRK-PNVFANUVAW
9000011945,1000011945,444.0,445.0,1433,2,4.0,4,DELIVERED,PICKUP,
9000011946,1000011946,,,1192,1,,2209,CANCELLED,Correo Argentino,
9000011947,1000011947,240.0,241.0,355,2,3.0,3,DELIVERED,PICKUP,
9000011948,1000011948,13.0,14.0,1465,2,1.0,1,SHIPPED,PICKUP,
9000011949,1000011949,586.0,587.0,91,2,4.0,4,DELIVERED,PICKUP,
9000011950,1000011950,317.0,318.0,10,2,2.0,2,DELIVERED,PICKUP,
9000011951,1000011951,290.0,292.0,368,1,,671,SHIPPED,Correo Argentino,TRK-TKOJUAOOWA
9000011952,1000011952,570.0,572.0,599,1,,599,SHIPPED,Correo Argentino,TRK-KG0OOQHQEY
9000011953,1000011953,578.0,579.0,308,2,3.0,3,DELIVERED,PICKUP,
9000011954,1000011954,64.0,66.0,848,1,,3160,DELIVERED,Correo Argentino,TRK-O1HZXG8AHJ
9000011955,1000011955,246.0,249.0,1207,1,,2588,DELIVERED,Correo Argentino,TRK-CF1Y3Q9D17
9000011956,1000011956,410.0,415.0,272,1,,560,DELIVERED,Correo Argentino,TRK-EYMSSR3XFU
9000011957,1000011957,223.0,224.0,123,2,4.0,4,DELIVERED,PICKUP,
9000011958,1000011958,407.0,412.0,580,1,,512,DELIVERED,Correo Argentino,TRK-WL2N0E1D2K
9000011959,1000011959,395.0,396.0,222,2,2.0,2,DELIVERED,PICKUP,
9000011960,1000011960,346.0,347.0,1045,2,1.0,1,READY,PICKUP,
9000011961,1000011961,575.0,576.0,1477,2,2.0,2,SHIPPED,PICKUP,
9000011962,1000011962,151.0,158.0,27,1,,1809,DELIVERED,Correo Argentino,TRK-TO8HSPSQFQ
9000011963,1000011963,2.0,3.0,607,2,1.0,1,DELIVERED,PICKUP,
9000011964,1000011964,500.0,501.0,994,2,1.0,1,DELIVERED,PICKUP,
9000011965,1000011965,371.0,373.0,1272,1,,1103,DELIVERED,Correo Argentino,TRK-FBID11HFAD
9000011966,1000011966,423.0,424.0,371,2,2.0,2,DELIVERED,PICKUP,
9000011967,1000011967,297.0,299.0,690,1,,1337,DELIVERED,Correo Argentino,TRK-490YVNYP0H
9000011968,1000011968,501.0,505.0,256,1,,808,DELIVERED,Correo Argentino,TRK-RA06I6EOXT
9000011969,1000011969,506.0,508.0,1110,1,,835,DELIVERED,Correo Argentino,TRK-FQ0BNFC9Z6
9000011970,1000011970,628.0,630.0,951,1,,2353,DELIVERED,Correo Argentino,TRK-YYKY2MWAZ1
9000011971,1000011971,561.0,565.0,631,1,,45,SHIPPED,Correo Argentino,TRK-4GF5O0PYAZ
9000011972,1000011972,569.0,570.0,1217,2,1.0,1,DELIVERED,PICKUP,
9000011973,1000011973,590.0,593.0,520,1,,608,DELIVERED,Correo Argentino,TRK-833LYD3ZBT
9000011974,1000011974,482.0,485.0,1230,1,,1912,DELIVERED,Correo Argentino,TRK-JUG1OFD52Z
9000011975,1000011975,309.0,312.0,732,1,,2961,READY,Correo Argentino,TRK-C6WFS00MBZ
9000011976,1000011976,455.0,456.0,397,2,3.0,3,DELIVERED,PICKUP,
9000011977,1000011977,381.0,384.0,626,1,,2383,DELIVERED,Correo Argentino,TRK-J9S86JRX2L
9000011978,1000011978,290.0,291.0,440,2,4.0,4,DELIVERED,PICKUP,
9000011979,1000011979,4.0,5.0,741,2,1.0,1,DELIVERED,PICKUP,
9000011980,1000011980,268.0,273.0,972,1,,2138,DELIVERED,Correo Argentino,TRK-SAHDABN049
9000011981,1000011981,,,213,1,,2854,CANCELLED,Correo Argentino,
9000011982,1000011982,51.0,55.0,760,1,,1205,SHIPPED,Correo Argentino,TRK-VFY7AALJA4
9000011983,1000011983,115.0,118.0,35,1,,253,DELIVERED,Correo Argentino,TRK-9P8UFIOI7X
9000011984,1000011984,150.0,151.0,1308,2,1.0,1,DELIVERED,PICKUP,
9000011985,1000011985,250.0,255.0,1174,1,,2565,DELIVERED,Correo Argentino,TRK-UQ6HH4HXT3
9000011986,1000011986,445.0,446.0,1269,2,4.0,4,DELIVERED,PICKUP,
9000011987,1000011987,201.0,202.0,1147,2,4.0,4,DELIVERED,PICKUP,
9000011988,1000011988,,,943,1,,2075,CANCELLED,Correo Argentino,
9000011989,1000011989,,,1334,2,2.0,2,CANCELLED,PICKUP,
9000011990,1000011990,74.0,76.0,1270,1,,1816,DELIVERED,Correo Argentino,TRK-V3E64V4JX3
9000011991,1000011991,397.0,398.0,1055,2,4.0,4,DELIVERED,PICKUP,
9000011992,1000011992,420.0,423.0,1288,1,,2560,DELIVERED,Correo Argentino,TRK-A0BH728YU2
9000011993,1000011993,272.0,276.0,765,1,,475,DELIVERED,Correo Argentino,TRK-IEZN4L1O74
9000011994,1000011994,203.0,204.0,1392,2,1.0,1,SHIPPED,PICKUP,
9000011995,1000011995,528.0,529.0,1341,2,4.0,4,DELIVERED,PICKUP,
9000011996,1000011996,248.0,250.0,425,1,,3169,DELIVERED,Correo Argentino,TRK-RVM62R8PT9
9000011997,1000011997,491.0,493.0,1095,1,,2822,DELIVERED,Correo Argentino,TRK-E75FYR6IF3
9000011998,1000011998,567.0,568.0,75,2,3.0,3,SHIPPED,PICKUP,
9000011999,1000011999,599.0,603.0,1423,1,,1140,DELIVERED,Correo Argentino,TRK-3KONXXNFK1
